0 0 0 0 0 0 0
0.02 0.00925531 0.0092257 0.0092786 0.231383 0.230642 0.231965
0.04 0.032309 0.0322012 0.0327199 0.576343 0.574388 0.586032
0.06 0.0583531 0.0581448 0.0601189 0.651101 0.648589 0.684974
0.08 0.0773384 0.0770377 0.0816713 0.474633 0.472322 0.538811
0.1 0.0849974 0.0846363 0.0926373 0.191474 0.189967 0.274149
0.12 0.0836117 0.083235 0.0941706 -0.034642 -0.035034 0.0383335
0.14 0.0792675 0.0789186 0.0909988 -0.108604 -0.10791 -0.0792964
0.16 0.0778114 0.0775191 0.0880506 -0.0364034 -0.0349865 -0.073705
0.18 0.0819134 0.0816839 0.0880912 0.102549 0.10412 0.00101495
0.2 0.0906441 0.0904614 0.0913354 0.218269 0.219437 0.0811073
0.22 0.101177 0.10101 0.0965672 0.263321 0.263717 0.130795
0.24 0.110964 0.11078 0.102498 0.244685 0.244246 0.148265
0.26 0.118923 0.118701 0.108406 0.198966 0.198031 0.147707
0.28 0.125282 0.12503 0.113983 0.15897 0.158211 0.139418
0.3 0.130717 0.130468 0.118926 0.135871 0.135968 0.123578
0.32 0.13563 0.135433 0.12282 0.122828 0.124107 0.0973506
0.34 0.14002 0.139914 0.125387 0.109757 0.112043 0.0641708
0.36 0.143795 0.143797 0.126785 0.0943671 0.0970724 0.0349656
0.38 0.147074 0.147168 0.127595 0.0819708 0.0842764 0.0202489
0.4 0.150177 0.150318 0.128424 0.0775797 0.078734 0.02071
0.42 0.15335 0.153479 0.129433 0.0793194 0.0790392 0.0252273
0.44 0.156517 0.156595 0.130181 0.0791793 0.0778852 0.0187026
0.46 0.159306 0.159331 0.129924 0.069732 0.0684113 -0.00641439
0.48 0.161328 0.161343 0.128162 0.0505431 0.0503025 -0.0440675
0.5 0.162487 0.162563 0.125026 0.0289874 0.0304886 -0.0783855
0.52 0.163091 0.163289 0.121264 0.0150931 0.0181696 -0.0940601
0.54 0.163673 0.16402 0.117834 0.0145563 0.0182621 -0.0857421
0.56 0.164673 0.165145 0.115418 0.0250042 0.0281207 -0.0603932
0.58 0.166187 0.166727 0.114139 0.0378517 0.0395647 -0.0319865
0.6 0.167948 0.168499 0.113615 0.0440129 0.0442864 -0.0131035
0.62 0.169518 0.170045 0.113248 0.0392402 0.0386652 -0.00916051
0.64 0.170545 0.171047 0.112531 0.0256927 0.0250407 -0.0179233
0.66 0.170927 0.171422 0.111216 0.00954845 0.00937943 -0.0328764
0.68 0.17081 0.171326 0.109328 -0.00291761 -0.00239947 -0.0472036
0.7 0.170482 0.171043 0.107084 -0.00821666 -0.00706793 -0.0561047
0.72 0.170224 0.170851 0.104794 -0.00644663 -0.00481776 -0.0572553
0.74 0.170207 0.170911 0.102775 -0.000419315 0.00149376 -0.0504735
0.76 0.170444 0.171223 0.101276 0.00591565 0.00781287 -0.0374794
0.78 0.170804 0.171642 0.100409 0.00900059 0.0104787 -0.0216785
0.8 0.171078 0.171944 0.100115 0.00685501 0.00754634 -0.00734998
0.82 0.171069 0.171926 0.100193 -0.000222782 -0.000447557 0.00196537
0.84 0.17068 0.171501 0.100399 -0.00972228 -0.0106346 0.00514581
0.86 0.169962 0.170737 0.100562 -0.0179526 -0.0190899 0.0040704
0.88 0.169092 0.169826 0.100664 -0.0217503 -0.022787 0.00254161
0.9 0.168288 0.16898 0.100829 -0.0200918 -0.0211464 0.00413655
0.92 0.167701 0.168331 0.101242 -0.0146808 -0.0162295 0.0103277
0.94 0.167339 0.167871 0.102041 -0.00905774 -0.0114965 0.0199761
0.96 0.167073 0.167476 0.103256 -0.0066456 -0.00987714 0.0303593
0.98 0.166718 0.166985 0.104812 -0.00888219 -0.0122688 0.0389182
1 0.166132 0.16629 0.106592 -0.0146326 -0.0173618 0.0445021
1.02 0.165284 0.165377 0.108489 -0.0212159 -0.0228294 0.047409
1.04 0.164235 0.1643 0.110431 -0.0262126 -0.0269302 0.0485646
1.06 0.163084 0.163125 0.11238 -0.0287734 -0.0293775 0.0487108
1.08 0.161897 0.161883 0.114306 -0.0296896 -0.0310542 0.0481528
1.1 0.160679 0.160562 0.116185 -0.0304555 -0.0330255 0.0469899
1.12 0.159392 0.159134 0.118001 -0.0321541 -0.0357044 0.0453942
1.14 0.157995 0.157584 0.119745 -0.034937 -0.0387437 0.043587
1.16 0.156462 0.155922 0.121407 -0.0383111 -0.0415489 0.0415557
1.18 0.154792 0.154167 0.122963 -0.0417573 -0.0438639 0.0389019
1.2 0.15299 0.15233 0.124366 -0.0450552 -0.0459358 0.0350728
1.22 0.151064 0.150403 0.125559 -0.0481383 -0.0481641 0.0298151
1.24 0.149034 0.148381 0.126497 -0.0507563 -0.050565 0.0234559
1.26 0.146941 0.146279 0.127169 -0.0523339 -0.0525415 0.0168019
1.28 0.144852 0.144151 0.127599 -0.052229 -0.0531967 0.0107458
1.3 0.142843 0.142073 0.12783 -0.050224 -0.05196 0.0057871
1.32 0.14097 0.140112 0.127899 -0.0468206 -0.049027 0.00172375
1.34 0.139248 0.138301 0.127811 -0.0430364 -0.045261 -0.00220224
1.36 0.137657 0.136638 0.127542 -0.0397885 -0.0415863 -0.00673102
1.38 0.136166 0.135105 0.127063 -0.0372797 -0.0383269 -0.0119751
1.4 0.13477 0.133703 0.126372 -0.0348862 -0.035039 -0.017257
1.42 0.133505 0.132466 0.125511 -0.0316334 -0.0309382 -0.0215247
1.44 0.13243 0.131444 0.124551 -0.0268662 -0.0255403 -0.0240055
1.46 0.131603 0.130682 0.123566 -0.02068 -0.0190577 -0.0246211
1.48 0.131047 0.13019 0.122609 -0.0139122 -0.0123022 -0.0239325
1.5 0.130738 0.129942 0.1217 -0.00770807 -0.00619386 -0.022722
1.52 0.130623 0.129892 0.12084 -0.00287016 -0.00124351 -0.0215007
1.54 0.130648 0.129999 0.120029 0.000604428 0.00266472 -0.0202734
1.56 0.130785 0.130242 0.119281 0.00344258 0.00607041 -0.0186996
1.58 0.131047 0.130621 0.118622 0.00653735 0.00947964 -0.0164788
1.6 0.131461 0.131142 0.118077 0.0103588 0.0130377 -0.0136321
1.62 0.132051 0.131805 0.117658 0.0147439 0.016579 -0.0104771
1.64 0.132816 0.132601 0.117362 0.0191167 0.0198901 -0.00738602
1.66 0.13373 0.133516 0.117181 0.0228641 0.0228827 -0.00454358
1.68 0.134754 0.134539 0.117105 0.0256055 0.0255588 -0.00189525
1.7 0.135846 0.135654 0.117133 0.0272852 0.027877 0.000698088
1.72 0.136971 0.136842 0.117263 0.0281406 0.0297084 0.00326884
1.74 0.138115 0.138079 0.117492 0.0285958 0.0309238 0.00570715
1.76 0.139279 0.139342 0.117808 0.0290974 0.0315637 0.00790134
1.78 0.140478 0.140619 0.118203 0.0299729 0.0319333 0.00987843
1.8 0.141733 0.141918 0.118675 0.0313647 0.0324874 0.0118003
1.82 0.143061 0.143261 0.119228 0.0332144 0.0335695 0.0138179
1.84 0.144474 0.144669 0.119864 0.0353084 0.0351975 0.0159167
1.86 0.145968 0.146151 0.12058 0.0373617 0.0370513 0.0178978
1.88 0.147531 0.147697 0.121361 0.0390854 0.03865 0.0195084
1.9 0.149141 0.149282 0.122184 0.0402381 0.0396156 0.020583
1.92 0.150769 0.150877 0.123027 0.0407033 0.0398692 0.0210793
1.94 0.152392 0.152462 0.123869 0.04057 0.0396364 0.0210594
1.96 0.153998 0.154033 0.124697 0.0401457 0.0392785 0.0206835
1.98 0.155592 0.155597 0.125504 0.039846 0.0391044 0.0201768
2 0.157191 0.157168 0.126294 0.0399904 0.0392562 0.0197434
2.02 0.158816 0.158753 0.127072 0.0406238 0.0396392 0.019465
2.04 0.160473 0.160351 0.127843 0.0414325 0.0399447 0.0192754
2.06 0.162146 0.161942 0.128605 0.0418036 0.0397803 0.0190431
2.08 0.16379 0.163494 0.129352 0.0411057 0.0387961 0.0186759
2.1 0.165353 0.164966 0.130079 0.0390797 0.0368036 0.0181664
2.12 0.166794 0.166323 0.130781 0.0360309 0.0339282 0.0175618
2.14 0.1681 0.167549 0.131458 0.0326454 0.0306442 0.0169172
2.16 0.169283 0.168651 0.132108 0.0295775 0.0275544 0.0162589
2.18 0.170367 0.169653 0.132731 0.0270997 0.0250515 0.0155622
2.2 0.171367 0.170577 0.13332 0.0249966 0.0230937 0.0147287
2.22 0.172278 0.171425 0.133862 0.022763 0.021211 0.013566
2.24 0.173076 0.172176 0.134336 0.0199603 0.0187628 0.0118466
2.26 0.173735 0.17279 0.134714 0.0164645 0.0153607 0.00945142
2.28 0.174233 0.173238 0.134975 0.0124711 0.0111892 0.00652105
2.3 0.174567 0.173515 0.135114 0.0083423 0.00692823 0.00347355
2.32 0.174745 0.173647 0.135147 0.0044505 0.00329738 0.00081941
2.34 0.174788 0.173671 0.135103 0.00107899 0.000588411 -0.00110951
2.36 0.174723 0.173613 0.135009 -0.00164035 -0.00144448 -0.00234532
2.38 0.174572 0.17348 0.134877 -0.00377138 -0.00331354 -0.00328112
2.4 0.174349 0.173265 0.1347 -0.00555928 -0.0053878 -0.00444378
2.42 0.174056 0.172959 0.134454 -0.00732577 -0.00764575 -0.00614983
2.44 0.173685 0.172569 0.134122 -0.00928008 -0.00973771 -0.00828794
2.46 0.17323 0.172117 0.133706 -0.0113703 -0.0113055 -0.0104074
2.48 0.172698 0.171625 0.133225 -0.0133118 -0.0122975 -0.0120281
2.5 0.172107 0.171106 0.132709 -0.014764 -0.0129831 -0.0129055
2.52 0.171486 0.170558 0.132186 -0.0155208 -0.0137018 -0.0130575
2.54 0.170862 0.169974 0.131682 -0.0156042 -0.0146093 -0.0126073
2.56 0.170253 0.169351 0.131216 -0.0152255 -0.0155628 -0.0116528
2.58 0.169666 0.168704 0.130805 -0.0146846 -0.0161867 -0.010263
2.6 0.169095 0.168058 0.130464 -0.0142729 -0.0161429 -0.00853482
2.62 0.168528 0.167441 0.130199 -0.0141782 -0.0154275 -0.00661692
2.64 0.167951 0.166865 0.130013 -0.0144202 -0.0144004 -0.00465443
2.66 0.167356 0.166323 0.129906 -0.0148665 -0.0135345 -0.00268528
2.68 0.166746 0.165798 0.129882 -0.0152672 -0.0131379 -0.00058744
2.7 0.166135 0.16527 0.129955 -0.0152761 -0.0132057 0.00183051
2.72 0.165551 0.164732 0.130141 -0.0145856 -0.0134278 0.00464166
2.74 0.165025 0.164198 0.130448 -0.0131588 -0.0133714 0.00766885
2.76 0.164572 0.163687 0.130868 -0.0113319 -0.0127604 0.010516
2.78 0.164186 0.163222 0.131378 -0.00964996 -0.0116421 0.0127507
2.8 0.163844 0.162809 0.131945 -0.00853468 -0.0103162 0.0141667
2.82 0.163524 0.162446 0.132543 -0.00800653 -0.00907386 0.0149514
2.84 0.163217 0.162128 0.133167 -0.00767747 -0.00795435 0.0155936
2.86 0.162936 0.161857 0.133829 -0.00703158 -0.00676836 0.0165527
2.88 0.162703 0.161643 0.134546 -0.00581911 -0.00536023 0.0179354
2.9 0.162533 0.16149 0.135324 -0.00423929 -0.00382541 0.0194289
2.92 0.162424 0.161391 0.136145 -0.00272136 -0.00246329 0.02053
2.94 0.162363 0.16133 0.136981 -0.00153953 -0.00152008 0.020895
2.96 0.162337 0.16129 0.137802 -0.000642982 -0.00100987 0.0205384
2.98 0.162346 0.161261 0.138593 0.000220414 -0.000730321 0.0197701
3 0.162396 0.161246 0.139351 0.00125423 -0.000359749 0.0189411
3.02 0.162493 0.161263 0.140078 0.00242423 0.000409656 0.0181845
3.04 0.162632 0.16133 0.140772 0.00347377 0.00168882 0.0173507
3.06 0.162798 0.161461 0.14142 0.00415175 0.00327667 0.016196
3.08 0.162975 0.161652 0.142005 0.00442967 0.00476641 0.0146332
3.1 0.163156 0.161885 0.142517 0.00451387 0.00581615 0.0127996
3.12 0.163343 0.162138 0.142954 0.00468663 0.00633337 0.0109133
3.14 0.163549 0.162396 0.143316 0.00513163 0.00645536 0.00906195
3.16 0.163782 0.162652 0.143601 0.0058251 0.00640667 0.00712984
3.18 0.164043 0.162906 0.143799 0.00654172 0.00634801 0.00494433
3.2 0.164323 0.163159 0.1439 0.00699336 0.00632958 0.00253216
3.22 0.164604 0.163414 0.14391 0.00701955 0.00635997 0.000232269
3.24 0.164871 0.163672 0.14385 0.00666906 0.00646324 -0.00150237
3.26 0.165116 0.163938 0.143751 0.00612781 0.00664241 -0.00246353
3.28 0.16534 0.164211 0.143636 0.0056089 0.0068341 -0.00286676
3.3 0.165552 0.16449 0.143509 0.00530618 0.00696488 -0.0031777
3.32 0.165766 0.164771 0.143358 0.00534803 0.00702694 -0.00377759
3.34 0.165995 0.165054 0.143169 0.00572952 0.00706038 -0.00473105
3.36 0.166248 0.165338 0.142937 0.00632887 0.00710934 -0.00579979
3.38 0.166527 0.165627 0.14267 0.00697416 0.00722455 -0.00666363
3.4 0.166826 0.165925 0.142385 0.00747231 0.00746209 -0.00713335
3.42 0.167133 0.166239 0.142097 0.00765418 0.00784613 -0.00719521
3.44 0.167433 0.166573 0.14182 0.00750725 0.00834697 -0.00692701
3.46 0.167722 0.166928 0.141564 0.00724192 0.00888457 -0.00640906
3.48 0.168009 0.167304 0.141337 0.00715381 0.00938092 -0.00568167
3.5 0.168306 0.167697 0.141146 0.00743695 0.00982923 -0.00475593
3.52 0.168632 0.168109 0.141 0.00813703 0.0103087 -0.00366152
3.54 0.168999 0.168545 0.1409 0.0091946 0.0109037 -0.00249252
3.56 0.169419 0.16901 0.140846 0.0104877 0.0116049 -0.00134562
3.58 0.169894 0.169503 0.140839 0.0118859 0.0123253 -0.000187057
3.6 0.170426 0.170023 0.140886 0.0132926 0.0130209 0.0011748
3.62 0.17101 0.170573 0.141003 0.0145932 0.0137368 0.00293717
3.64 0.171633 0.171154 0.141207 0.0155929 0.0145272 0.00508288
3.66 0.172277 0.171769 0.141498 0.0160875 0.0153806 0.00729153
3.68 0.172918 0.172418 0.141862 0.016019 0.0162134 0.00909593
3.7 0.17354 0.173094 0.14227 0.0155622 0.0168965 0.0101857
3.72 0.174144 0.173786 0.142696 0.0150914 0.0173202 0.0106512
3.74 0.174745 0.174485 0.143134 0.0150191 0.0174554 0.0109651
3.76 0.175367 0.17518 0.143602 0.0155472 0.0173851 0.011686
3.78 0.176027 0.175871 0.144125 0.0165007 0.0172694 0.0130906
3.8 0.176723 0.17656 0.144726 0.0174205 0.0172253 0.0150102
3.82 0.177438 0.177248 0.145404 0.0178655 0.017212 0.0169632
3.84 0.178145 0.177929 0.146141 0.0176669 0.017026 0.0184212
3.86 0.178821 0.178586 0.146902 0.0169205 0.0164216 0.0190297
3.88 0.179454 0.179197 0.147651 0.0158105 0.0152817 0.0187276
3.9 0.180033 0.179746 0.148361 0.014485 0.0137224 0.0177363
3.92 0.180555 0.180228 0.149018 0.0130309 0.0120517 0.0164177
3.94 0.181016 0.180652 0.149621 0.0115311 0.0105821 0.0150925
3.96 0.181421 0.18103 0.150178 0.0101258 0.00944454 0.0139199
3.98 0.181778 0.181371 0.150693 0.0089382 0.008542 0.01288
4 0.182095 0.181676 0.151167 0.00791381 0.00762207 0.0118348
4.02 0.182367 0.181933 0.151592 0.00679864 0.00641641 0.010634
4.04 0.182579 0.182125 0.15196 0.00530647 0.00481391 0.00920842
4.06 0.182711 0.182243 0.152265 0.0033072 0.00293901 0.00761179
4.08 0.182748 0.182285 0.152505 0.00091597 0.00105162 0.00599929
4.1 0.182687 0.182259 0.152686 -0.00152727 -0.000658886 0.00453183
4.12 0.182543 0.182171 0.152816 -0.003597 -0.00219733 0.00325658
4.14 0.182342 0.182023 0.152898 -0.00502774 -0.00369839 0.00204067
4.16 0.182105 0.181813 0.152924 -0.00591314 -0.00525304 0.000643249
4.18 0.18184 0.181541 0.152881 -0.0066466 -0.00677997 -0.00106822
4.2 0.181535 0.181219 0.152763 -0.00760327 -0.00804784 -0.0029549
4.22 0.181183 0.180866 0.152576 -0.00880389 -0.00882836 -0.00467105
4.24 0.180789 0.180504 0.152341 -0.00984713 -0.00905648 -0.00587759
4.26 0.180381 0.180149 0.152084 -0.0102173 -0.0088723 -0.00642672
4.28 0.179992 0.179808 0.151827 -0.00971344 -0.00853725 -0.00641278
4.3 0.179647 0.179476 0.151584 -0.00863976 -0.00829114 -0.00607664
4.32 0.179342 0.179148 0.15136 -0.0076206 -0.00820663 -0.00560166
4.34 0.179054 0.178822 0.151162 -0.00718143 -0.00813697 -0.004961
4.36 0.178759 0.17851 0.151002 -0.00737981 -0.00782004 -0.00399033
4.38 0.17845 0.178227 0.150897 -0.00774036 -0.00705953 -0.00263709
4.4 0.178147 0.177994 0.150852 -0.00755894 -0.00583077 -0.00110369
4.42 0.177893 0.177823 0.150864 -0.00635968 -0.00426257 0.000290617
4.44 0.177726 0.177721 0.150919 -0.004172 -0.00255573 0.00138448
4.46 0.177667 0.177685 0.151013 -0.00148099 -0.000905064 0.00232933
4.48 0.177708 0.177707 0.151152 0.00103251 0.000546268 0.00347999
4.5 0.17782 0.177776 0.151356 0.00279253 0.00174071 0.00510598
4.52 0.177963 0.177886 0.151642 0.00358761 0.00272676 0.00714019
4.54 0.17811 0.17803 0.152008 0.0036629 0.00361678 0.0091597
4.56 0.178252 0.17821 0.152434 0.00355162 0.00449667 0.0106413
4.58 0.178402 0.178425 0.152886 0.00375312 0.00537585 0.0113118
4.6 0.178582 0.178674 0.153339 0.00449941 0.00621368 0.011332
4.62 0.17881 0.178952 0.153786 0.00570623 0.00695923 0.0111523
4.64 0.179092 0.179255 0.154232 0.00704209 0.00758574 0.0111618
4.66 0.179415 0.179579 0.154689 0.00808675 0.00809731 0.011434
4.68 0.179758 0.179919 0.155159 0.00855736 0.00849483 0.0117481
4.7 0.180097 0.180269 0.155632 0.00847253 0.00875137 0.0118195
4.72 0.180421 0.180622 0.156094 0.00812046 0.00882892 0.0115474
4.74 0.180736 0.180971 0.156537 0.00785503 0.00871757 0.0110858
4.76 0.181051 0.18131 0.156964 0.00788747 0.0084735 0.0106718
4.78 0.181379 0.181639 0.157379 0.00819672 0.00821885 0.0103735
4.8 0.181722 0.181961 0.15778 0.00857878 0.0080661 0.0100251
4.82 0.182074 0.182282 0.158156 0.00878489 0.00801829 0.00939877
4.84 0.182419 0.1826 0.158492 0.00863215 0.00795398 0.00840015
4.86 0.182741 0.182909 0.158778 0.00805259 0.00772433 0.00713851
4.88 0.183027 0.1832 0.159014 0.00714821 0.00727723 0.00590094
4.9 0.183277 0.183469 0.159216 0.00624312 0.00670716 0.00506253
4.92 0.183507 0.183717 0.159412 0.00576128 0.00619738 0.00489177
4.94 0.183745 0.183952 0.159625 0.00593931 0.00589137 0.00533052
4.96 0.18401 0.184184 0.159863 0.00663321 0.00578417 0.00595434
4.98 0.184305 0.184413 0.160112 0.00737243 0.00573004 0.00620545
5 0.184609 0.184635 0.160341 0.00760997 0.00556859 0.00573186
5.02 0.184891 0.184846 0.160524 0.00704688 0.00526685 0.00459228
5.04 0.185124 0.185044 0.160653 0.00582787 0.00495327 0.0032087
5.06 0.185302 0.185236 0.160737 0.00444127 0.00480093 0.00210956
5.08 0.185439 0.185431 0.160802 0.00341918 0.00486167 0.00161598
5.1 0.185562 0.185631 0.160869 0.00307256 0.00500105 0.00167084
5.12 0.185696 0.185831 0.160946 0.00336998 0.00499982 0.00194321
5.14 0.185855 0.186021 0.161031 0.00396657 0.00474724 0.00211631
5.16 0.186031 0.186195 0.161115 0.00441197 0.0043649 0.00208928
5.18 0.186209 0.186361 0.161193 0.00444799 0.00414034 0.00195299
5.2 0.186376 0.186534 0.161266 0.00416281 0.00431928 0.00182705
5.22 0.186531 0.186731 0.161336 0.00387618 0.00492824 0.00174783
5.24 0.186685 0.186961 0.161403 0.00385745 0.0057534 0.00167836
5.26 0.186851 0.18722 0.161466 0.00413366 0.00647686 0.00158618
5.28 0.187033 0.187495 0.161527 0.0045598 0.00687143 0.00151057
5.3 0.187234 0.187772 0.161589 0.00501978 0.00691977 0.0015482
5.32 0.187453 0.188042 0.161659 0.00548747 0.00675741 0.00175368
5.34 0.187691 0.188303 0.161742 0.00593132 0.00651646 0.00207074
5.36 0.187941 0.188553 0.161837 0.00625136 0.00624653 0.00237238
5.38 0.188193 0.18879 0.161939 0.00632085 0.00594663 0.00255039
5.4 0.188436 0.189017 0.162042 0.00607339 0.00565568 0.00257714
5.42 0.18866 0.189237 0.162144 0.00559408 0.00550636 0.0025479
5.44 0.188866 0.189463 0.16225 0.0051518 0.00565341 0.00266789
5.46 0.189069 0.189709 0.162376 0.00506933 0.0061379 0.00313594
5.48 0.189289 0.189982 0.162536 0.00549079 0.0068266 0.0040046
5.5 0.189539 0.19028 0.162742 0.00625285 0.00746187 0.0051441
5.52 0.189817 0.190591 0.162994 0.00695644 0.00777646 0.00630101
5.54 0.190105 0.190897 0.163281 0.00719657 0.00763704 0.00719105
5.56 0.190377 0.191182 0.163586 0.00680968 0.00712548 0.00761345
5.58 0.190616 0.19144 0.163888 0.00597409 0.00646214 0.00756478
5.6 0.19082 0.191673 0.16418 0.00509676 0.00583401 0.00729495
5.62 0.191002 0.191885 0.164467 0.00454569 0.00529133 0.00717827
5.64 0.191178 0.192077 0.164765 0.0044146 0.00480698 0.00743953
5.66 0.191357 0.192253 0.165086 0.00446996 0.00438058 0.00801271
5.68 0.19153 0.192414 0.165432 0.00432895 0.00404384 0.00866577
5.7 0.191681 0.192565 0.165799 0.00377196 0.00377523 0.00918101
5.72 0.191799 0.192704 0.166176 0.00294647 0.00346934 0.00942373
5.74 0.19189 0.192826 0.16655 0.00226459 0.00305656 0.00935149
5.76 0.191974 0.192931 0.16691 0.00209803 0.00262488 0.00899589
5.78 0.192075 0.193026 0.167247 0.00252869 0.00237602 0.00841782
5.8 0.192206 0.193126 0.167555 0.00328083 0.00247834 0.00771098
5.82 0.192361 0.193243 0.167837 0.00387557 0.00294757 0.00704714
5.84 0.192519 0.193386 0.168102 0.00394068 0.00357386 0.00661536
5.86 0.192656 0.193544 0.16836 0.00344309 0.00394415 0.00644203
5.88 0.192763 0.19369 0.168612 0.00267702 0.00365468 0.00630682
5.9 0.192845 0.193795 0.168849 0.00204369 0.0026139 0.00592588
5.92 0.192916 0.193842 0.16906 0.00178005 0.00117869 0.00526686
5.94 0.19299 0.193842 0.169246 0.0018371 9.20201e-06 0.00467126
5.96 0.193069 0.193831 0.16943 0.00197022 -0.000281017 0.00458962
5.98 0.193147 0.193851 0.169635 0.00194768 0.000501502 0.00512842
6 0.193216 0.19393 0.16987 0.00172271 0.00197346 0.00586679
6.02 0.193274 0.194065 0.170116 0.00145601 0.00336724 0.00614351
6.04 0.193329 0.194224 0.170337 0.0013698 0.00397742 0.00554922
6.06 0.19339 0.194367 0.170506 0.00154681 0.00358588 0.00421821
6.08 0.193465 0.19447 0.170615 0.00185491 0.00255248 0.00272539
6.1 0.193547 0.194529 0.170682 0.0020646 0.00149772 0.00167513
6.12 0.193628 0.194565 0.170734 0.00203074 0.000899052 0.00130435
6.14 0.1937 0.194602 0.17079 0.00178156 0.000921129 0.0014017
6.16 0.193759 0.194662 0.170853 0.00148429 0.00148633 0.00157499
6.18 0.193813 0.194757 0.170918 0.00135602 0.00238958 0.00161783
6.2 0.193875 0.194891 0.170984 0.00154839 0.00335059 0.0016471
6.22 0.193957 0.195055 0.171061 0.00203333 0.00408447 0.00192934
6.24 0.194061 0.195231 0.171164 0.00260126 0.00441133 0.00257961
6.26 0.194181 0.195404 0.1713 0.00300978 0.00431754 0.00339176
6.28 0.194307 0.195562 0.171458 0.00315147 0.00394967 0.0039391
6.3 0.194432 0.195705 0.171612 0.00311142 0.00357008 0.00385428
6.32 0.194555 0.195843 0.171735 0.0030966 0.0034656 0.00309044
6.34 0.194687 0.195996 0.171816 0.00330108 0.00380711 0.00200219
6.36 0.194839 0.196178 0.171862 0.003793 0.00455268 0.00117084
6.38 0.195018 0.196396 0.171904 0.00447526 0.00546966 0.00104854
6.4 0.195223 0.196647 0.171971 0.00512435 0.00625938 0.00167853
6.42 0.195444 0.196914 0.172081 0.00551645 0.00667151 0.00273935
6.44 0.195669 0.197177 0.172234 0.0056169 0.00659341 0.00382178
6.46 0.195895 0.197422 0.172421 0.00565024 0.00612609 0.00467992
6.48 0.196131 0.197645 0.172633 0.00591037 0.0055632 0.00530645
6.5 0.19639 0.197855 0.172867 0.00646919 0.00524858 0.00583845
6.52 0.196673 0.198071 0.173123 0.0070816 0.00539177 0.00641228
6.54 0.196968 0.198309 0.173406 0.00737575 0.00596425 0.00706379
6.56 0.197254 0.198578 0.173714 0.00713839 0.00672609 0.00769373
6.58 0.197512 0.198872 0.174039 0.00646884 0.0073396 0.00812827
6.6 0.197741 0.199172 0.174368 0.00572448 0.00750427 0.00823741
6.62 0.197954 0.199456 0.17469 0.00531105 0.00709312 0.00803849
6.64 0.198171 0.199706 0.174998 0.0054382 0.00625828 0.00770291
6.66 0.198411 0.199921 0.175296 0.00599376 0.00538531 0.00744358
6.68 0.198676 0.200116 0.175591 0.00663574 0.0048684 0.00738398
6.7 0.198956 0.200311 0.175891 0.00698997 0.0048728 0.00750631
6.72 0.199229 0.200522 0.176199 0.0068347 0.00526542 0.00769229
6.74 0.199479 0.200751 0.176511 0.00623609 0.00572564 0.00779873
6.76 0.1997 0.200988 0.17682 0.00553014 0.0059305 0.00773331
6.78 0.199903 0.201216 0.17712 0.00507303 0.00569261 0.00749036
6.8 0.200102 0.201417 0.177405 0.00496375 0.00503257 0.00712259
6.82 0.200301 0.201585 0.177673 0.00498643 0.00419727 0.00669863
6.84 0.200493 0.201727 0.177924 0.00478838 0.00354711 0.00627904
6.86 0.200659 0.20186 0.17816 0.00416016 0.00333127 0.00589838
6.88 0.200788 0.202002 0.178381 0.00321944 0.00353984 0.00553905
6.9 0.200881 0.202159 0.178586 0.00234495 0.00393646 0.00511506
6.92 0.200958 0.202327 0.178766 0.00192308 0.00421087 0.004502
6.94 0.201042 0.202494 0.178912 0.00209741 0.00417022 0.00364125
6.96 0.201149 0.202649 0.179017 0.00266832 0.00386056 0.00262693
6.98 0.201277 0.202789 0.179083 0.00320901 0.0035128 0.00166342
7 0.20141 0.202924 0.179122 0.00331812 0.0033659 0.000954601
7.02 0.201524 0.203064 0.179146 0.00284484 0.00349837 0.000614114
7.04 0.201603 0.203216 0.179171 0.00197785 0.00380328 0.000619125
7.06 0.201649 0.203381 0.179204 0.00115343 0.00412123 0.000834717
7.08 0.201682 0.203556 0.17925 0.000815683 0.00437195 0.00113083
7.1 0.201728 0.203739 0.17931 0.00116431 0.00458538 0.00151891
7.12 0.201809 0.203933 0.179395 0.0020159 0.00483862 0.00213017
7.14 0.201924 0.204139 0.179515 0.00287406 0.00515217 0.00300049
7.16 0.202053 0.204356 0.179672 0.00321632 0.00542455 0.00390644
7.18 0.202167 0.204575 0.17985 0.0028601 0.00547949 0.00446561
7.2 0.202251 0.204784 0.180026 0.00211056 0.00521861 0.00440065
7.22 0.202312 0.204974 0.180176 0.00152548 0.00476946 0.00373653
7.24 0.202374 0.205153 0.180288 0.00153231 0.00446478 0.00279598
7.26 0.202462 0.205337 0.180369 0.00219443 0.0046045 0.00202036
7.28 0.20259 0.205545 0.18044 0.00320669 0.00520295 0.00177821
7.3 0.202753 0.205783 0.18053 0.00409149 0.00593773 0.00225284
7.32 0.202934 0.206036 0.180666 0.00451255 0.00634168 0.00340156
7.34 0.203113 0.206282 0.180865 0.00447389 0.00613158 0.00497552
7.36 0.203282 0.2065 0.18113 0.00423736 0.00544845 0.00661747
7.38 0.203445 0.206691 0.181449 0.00406115 0.00478027 0.00798624
7.4 0.203606 0.206875 0.181802 0.0040209 0.0045917 0.00881344
7.42 0.203769 0.207073 0.182159 0.00407375 0.00496903 0.00893754
7.44 0.203937 0.207296 0.182494 0.0042187 0.00556318 0.00836574
7.46 0.204119 0.207531 0.182786 0.00452732 0.00586828 0.00731089
7.48 0.20432 0.207755 0.183031 0.00502757 0.00561506 0.00612629
7.5 0.204543 0.207952 0.183237 0.00559605 0.00493025 0.00515615
7.52 0.204783 0.208119 0.183422 0.00599789 0.00416113 0.00462159
7.54 0.205025 0.208264 0.183606 0.00605321 0.00361799 0.00458774
7.56 0.205256 0.208402 0.183805 0.0057627 0.00345435 0.0049812
7.58 0.205468 0.208548 0.184029 0.00528778 0.00365551 0.00560246
7.6 0.205661 0.20871 0.184276 0.0048387 0.0040567 0.00617018
7.62 0.205844 0.208887 0.184534 0.00456531 0.00441803 0.00645231
7.64 0.206023 0.209069 0.184789 0.00448728 0.00454596 0.00637679
7.66 0.206205 0.209243 0.18503 0.00453501 0.00436609 0.00601067
7.68 0.206391 0.209399 0.185249 0.00465977 0.00390154 0.00547603
7.7 0.206586 0.209528 0.185445 0.00486421 0.00322309 0.0049196
7.72 0.20679 0.209627 0.185625 0.00512318 0.00247098 0.004499
7.74 0.207004 0.209703 0.185798 0.00533796 0.00188638 0.00431581
7.76 0.20722 0.209772 0.185972 0.00538875 0.00173245 0.00435241
7.78 0.207428 0.209856 0.186152 0.00520834 0.00210403 0.00450536
7.8 0.207621 0.209968 0.186339 0.00483314 0.00279131 0.0046695
7.82 0.207797 0.210103 0.186529 0.00440191 0.00338962 0.00475326
7.84 0.207959 0.210246 0.186716 0.00405117 0.00355653 0.00466021
7.86 0.208111 0.210373 0.186889 0.00379476 0.00318045 0.00434022
7.88 0.208254 0.210469 0.187045 0.00356432 0.00241365 0.00389039
7.9 0.208388 0.210534 0.187187 0.00337014 0.0016066 0.00355147
7.92 0.208522 0.21058 0.187329 0.00333713 0.00114907 0.00354856
7.94 0.208664 0.21063 0.187485 0.00355211 0.00126285 0.00390626
7.96 0.208822 0.210704 0.187661 0.00394686 0.00185312 0.00440449
7.98 0.208996 0.210807 0.187849 0.00436111 0.00256574 0.00470393
8 0.209183 0.210929 0.188032 0.00465541 0.00305034 0.0045551
8.02 0.209373 0.211056 0.188189 0.00474907 0.00318563 0.00392527
8.04 0.209558 0.21118 0.188308 0.00462853 0.00309531 0.00299056
8.06 0.209732 0.211301 0.188391 0.00435871 0.00301062 0.00206286
8.08 0.209895 0.211425 0.18845 0.00407231 0.00309912 0.00148782
8.1 0.210052 0.21156 0.188511 0.00393447 0.00338115 0.00151224
8.12 0.210215 0.21171 0.188597 0.00406729 0.00375363 0.00215404
8.14 0.210392 0.211872 0.188723 0.00443422 0.00404058 0.00316435
8.16 0.210585 0.212035 0.188889 0.0048077 0.00408779 0.00413472
8.18 0.210782 0.212192 0.189077 0.00493297 0.00391257 0.00470668
8.2 0.210972 0.212341 0.189267 0.00475946 0.00373997 0.00475281
8.22 0.211152 0.212495 0.189444 0.00449508 0.00383752 0.00441881
8.24 0.211329 0.212666 0.189604 0.00441701 0.00427523 0.00401308
8.26 0.211514 0.212859 0.189757 0.00462177 0.00484127 0.00382499
8.28 0.211711 0.213067 0.189917 0.00492446 0.00519457 0.00399926
8.3 0.21191 0.213272 0.190097 0.00499185 0.00512573 0.00449998
8.32 0.212095 0.21346 0.190303 0.00461569 0.00469417 0.00514494
8.34 0.212252 0.213627 0.190531 0.00392632 0.00418019 0.00570294
8.36 0.212388 0.213784 0.190772 0.00339082 0.00392294 0.00601101
8.38 0.212528 0.213948 0.191013 0.00350091 0.00411085 0.00604079
8.4 0.212701 0.214135 0.191249 0.00433076 0.00467078 0.00589549
8.42 0.212917 0.214348 0.19148 0.00540122 0.00533042 0.00576539
8.44 0.213158 0.214579 0.191713 0.00602657 0.00577204 0.00583088
8.46 0.213391 0.214811 0.191958 0.00581738 0.00578969 0.00613331
8.48 0.213586 0.215027 0.192219 0.00489219 0.00540219 0.00652505
8.5 0.213736 0.215221 0.19249 0.00373377 0.0048527 0.00676728
8.52 0.213852 0.2154 0.192758 0.00289615 0.00446972 0.00668717
8.54 0.21396 0.215578 0.193008 0.0026994 0.00446143 0.00626869
8.56 0.214082 0.215769 0.193233 0.00305534 0.00477213 0.00562442
8.58 0.214225 0.215974 0.19343 0.00358961 0.00511279 0.0049081
8.6 0.214384 0.21618 0.193601 0.00395423 0.00515099 0.00427103
8.62 0.214546 0.216369 0.193755 0.004048 0.00472583 0.0038559
8.64 0.214705 0.216527 0.193905 0.00398279 0.00396266 0.00374983
8.66 0.21486 0.216656 0.194061 0.00388065 0.00321922 0.00391059
8.68 0.215009 0.216772 0.194227 0.00372676 0.00288774 0.00415514
8.7 0.215145 0.216898 0.194398 0.00339436 0.00315921 0.0042534
8.72 0.215258 0.217053 0.19456 0.00281691 0.00387594 0.00406176
8.74 0.215344 0.217237 0.194703 0.00215085 0.00459043 0.00358508
8.76 0.215413 0.21743 0.194822 0.00172992 0.0048392 0.0029601
8.78 0.215486 0.217608 0.194918 0.0018311 0.00444996 0.00240657
8.8 0.215585 0.217754 0.195004 0.00246539 0.003653 0.00214039
8.82 0.215719 0.217872 0.195095 0.00334934 0.00293865 0.00228517
8.84 0.215881 0.217983 0.195209 0.00406698 0.0027727 0.00284112
8.86 0.216054 0.218116 0.195356 0.00432385 0.00331798 0.00367475
8.88 0.216219 0.218288 0.195536 0.00411756 0.00430591 0.0045144
8.9 0.216368 0.218495 0.195737 0.00372517 0.00518645 0.00502945
8.92 0.216508 0.218715 0.195938 0.00349871 0.0054929 0.00500591
8.94 0.216652 0.218921 0.196118 0.00359231 0.00514642 0.00449651
8.96 0.216806 0.219099 0.196271 0.00387166 0.00446624 0.00382538
8.98 0.21697 0.219256 0.196407 0.00407638 0.00392472 0.00339975
9 0.217132 0.219411 0.196545 0.00405199 0.00387263 0.00346087
9.02 0.217285 0.219586 0.196703 0.00382667 0.00437728 0.00395813
9.04 0.217426 0.219794 0.196887 0.00354387 0.00519715 0.00460314
9.06 0.217562 0.220031 0.197089 0.00338148 0.00591624 0.0050476
9.08 0.217701 0.220279 0.197292 0.00347407 0.00619668 0.00506256
9.1 0.217853 0.220517 0.197478 0.00381925 0.00596213 0.00466108
9.12 0.218022 0.220733 0.197642 0.00422595 0.00540135 0.00410041
9.14 0.218199 0.220926 0.197791 0.00442244 0.00481513 0.003726
9.16 0.218371 0.221103 0.197942 0.00428187 0.00443294 0.00376403
9.18 0.218529 0.221276 0.19811 0.0039506 0.00431298 0.00420084
9.2 0.218679 0.221451 0.198303 0.00374936 0.00436911 0.00481435
9.22 0.218836 0.221631 0.198516 0.00392669 0.00450883 0.00532494
9.24 0.219013 0.22182 0.198737 0.00442357 0.00473043 0.00554053
9.26 0.219208 0.222023 0.198953 0.00487657 0.00506246 0.00539975
9.28 0.219405 0.22224 0.199152 0.00492664 0.00543182 0.00497279
9.3 0.219587 0.222465 0.19933 0.00454877 0.0056184 0.00445164
9.32 0.219749 0.222679 0.199493 0.00406251 0.00535752 0.0040667
9.34 0.219904 0.222861 0.199652 0.00385867 0.00455886 0.00396836
9.36 0.220068 0.223 0.199819 0.00411973 0.00347344 0.00417731
9.38 0.220257 0.223105 0.200003 0.0047131 0.00262159 0.0046219
9.4 0.220469 0.223204 0.20021 0.00529699 0.00248264 0.00517352
9.42 0.220691 0.22333 0.200437 0.00554949 0.00314891 0.00565679
9.44 0.220905 0.223499 0.200672 0.00535503 0.00421655 0.00588862
9.46 0.221098 0.223699 0.200902 0.00483501 0.00500888 0.00574225
9.48 0.221269 0.223899 0.201111 0.00425786 0.00500058 0.00521972
9.5 0.221424 0.224065 0.20129 0.00388838 0.00414064 0.00449163
9.52 0.221578 0.224179 0.201445 0.00384564 0.00284492 0.00386434
9.54 0.22174 0.224247 0.201591 0.00405234 0.00170072 0.00364719
9.56 0.221913 0.224292 0.201749 0.00431978 0.0011217 0.0039659
9.58 0.222093 0.224339 0.201936 0.00450889 0.00118854 0.00466061
9.6 0.222277 0.224407 0.202151 0.00459551 0.00168636 0.00536766
9.62 0.22246 0.224498 0.20238 0.00457829 0.00227539 0.00573619
9.64 0.222636 0.224605 0.202604 0.00440692 0.00267925 0.005607
9.66 0.222798 0.224716 0.202807 0.00404972 0.0027718 0.005054
9.68 0.222942 0.224818 0.202979 0.00359418 0.00256607 0.00431172
9.7 0.223072 0.224905 0.203125 0.00324677 0.00217542 0.00364177
9.72 0.223202 0.224978 0.203253 0.00324673 0.00180453 0.00321922
9.74 0.223351 0.225046 0.203376 0.00372602 0.00170118 0.00306349
9.76 0.223533 0.225126 0.203498 0.0045464 0.00201949 0.00304336
9.78 0.223744 0.225235 0.203617 0.00526975 0.00271456 0.00297054
9.8 0.22396 0.225377 0.203726 0.00540627 0.00355973 0.0027316
9.82 0.224151 0.225547 0.203821 0.00478167 0.00423548 0.00238193
9.84 0.224299 0.225725 0.203906 0.0036924 0.0044552 0.00213004
9.86 0.224407 0.225889 0.203994 0.00270694 0.0041035 0.00220282
9.88 0.224499 0.226022 0.204102 0.00229744 0.00332101 0.00268087
9.9 0.224602 0.226122 0.204239 0.00258086 0.00250201 0.00342742
9.92 0.224735 0.226209 0.204405 0.00330975 0.00216074 0.00415268
9.94 0.224897 0.226315 0.204587 0.00406574 0.00265246 0.00456298
9.96 0.225078 0.226471 0.204767 0.00450815 0.00391518 0.00449335
9.98 0.225259 0.226689 0.204926 0.00452765 0.00545326 0.00397338
10 0.225428 0.226953 0.205055 0.00422214 0.00659726 0.00323388
10.02 0.225578 0.227229 0.205161 0.00376722 0.00688672 0.00263692
10.04 0.225711 0.227481 0.205261 0.00332536 0.00631721 0.00251121
10.06 0.225832 0.227693 0.20538 0.00302154 0.0052889 0.0029766
10.08 0.225949 0.227867 0.205536 0.00292678 0.00434441 0.00388127
10.1 0.226071 0.228022 0.205731 0.00303208 0.00387984 0.00488406
10.12 0.226201 0.22818 0.205956 0.00325096 0.00395215 0.00562806
10.14 0.22634 0.228352 0.206193 0.00348664 0.00428932 0.00591715
10.16 0.226487 0.228533 0.206425 0.00367813 0.00452724 0.00581071
10.18 0.226639 0.228712 0.206648 0.00378489 0.00449379 0.00557586
10.2 0.22679 0.228884 0.206869 0.00378245 0.00428275 0.00550699
10.22 0.226937 0.229047 0.207096 0.00367827 0.00409024 0.00569218
10.24 0.227077 0.229208 0.207333 0.00350006 0.00402722 0.00591337
10.26 0.227208 0.229371 0.207566 0.00328014 0.00407131 0.00582731
10.28 0.227332 0.229536 0.207777 0.00309797 0.00411982 0.00527869
10.3 0.227455 0.229698 0.207954 0.00308316 0.00405357 0.00443736
10.32 0.227588 0.229851 0.208101 0.00330474 0.00382994 0.00366186
10.34 0.227735 0.229993 0.208232 0.00369443 0.00354956 0.00327668
10.36 0.227899 0.230129 0.20837 0.00409087 0.00337964 0.00344038
10.38 0.228071 0.230265 0.208533 0.0043016 0.00339903 0.00409434
10.4 0.228238 0.230406 0.208732 0.00416146 0.00354655 0.00495853
10.42 0.228384 0.230555 0.208957 0.00364821 0.00370691 0.00563374
10.44 0.228503 0.230707 0.20919 0.00297535 0.00381502 0.00581242
10.46 0.228602 0.230862 0.209408 0.0024966 0.0038783 0.00545046
10.48 0.228701 0.231019 0.209598 0.00246146 0.00391676 0.00475499
10.5 0.228815 0.231175 0.209758 0.00284608 0.00388561 0.00400817
10.52 0.22895 0.231322 0.209894 0.00338261 0.00368571 0.0034004
10.54 0.229099 0.231453 0.210014 0.00372343 0.00328586 0.00300061
10.56 0.229245 0.231567 0.210127 0.0036556 0.00283712 0.00281697
10.58 0.229376 0.231673 0.210241 0.00327737 0.00264435 0.00286071
10.6 0.229494 0.231791 0.210368 0.00295413 0.00297013 0.00316151
10.62 0.229616 0.231943 0.210516 0.00303053 0.00379996 0.00370788
10.64 0.229758 0.232134 0.21069 0.00356588 0.00475658 0.00435428
10.66 0.22993 0.232345 0.210883 0.00428664 0.00528529 0.00481967
10.68 0.230121 0.232546 0.211077 0.00476926 0.00502489 0.00485553
10.7 0.230311 0.232709 0.211255 0.00476286 0.00407437 0.00443328
10.72 0.230487 0.232827 0.211405 0.00440105 0.0029561 0.0037671
10.74 0.23065 0.23292 0.211532 0.00408514 0.00231491 0.00316878
10.76 0.230816 0.233021 0.211646 0.00412593 0.00252862 0.00286016
10.78 0.230995 0.23316 0.211761 0.00448663 0.00347703 0.00287052
10.8 0.23119 0.233345 0.211884 0.00486753 0.00462568 0.00308063
10.82 0.23139 0.23356 0.212018 0.00501974 0.00537412 0.00334832
10.84 0.231589 0.233777 0.212161 0.00496408 0.00543104 0.00356865
10.86 0.231787 0.233976 0.212308 0.00495796 0.00495832 0.00367059
10.88 0.231998 0.234152 0.212454 0.00526469 0.00441175 0.00364663
10.9 0.232234 0.23432 0.212597 0.00590472 0.00419503 0.00357697
10.92 0.232498 0.234495 0.21274 0.00659048 0.00437312 0.00357708
10.94 0.232774 0.234683 0.212889 0.00689503 0.00469253 0.00372326
10.96 0.233035 0.234876 0.21305 0.00653552 0.00483903 0.00402528
10.98 0.233259 0.235063 0.213227 0.0056016 0.00467001 0.00443705
11 0.233442 0.235235 0.213423 0.00457346 0.00429431 0.00487832
11.02 0.233604 0.235395 0.213633 0.00404893 0.00400201 0.00526343
11.04 0.233777 0.235557 0.213854 0.00433701 0.00406427 0.00552541
11.06 0.233988 0.235738 0.214078 0.00526067 0.00450485 0.00559639
11.08 0.234239 0.235939 0.214294 0.00629028 0.00503621 0.00541112
11.1 0.234513 0.236149 0.214494 0.00684498 0.00525165 0.00498934
11.12 0.234778 0.236347 0.214675 0.00661634 0.00493956 0.00451488
11.14 0.235008 0.236516 0.214846 0.0057477 0.00423844 0.00427586
11.16 0.235197 0.236657 0.215024 0.0047239 0.00353018 0.00445654
11.18 0.235358 0.236785 0.215222 0.00403133 0.00319043 0.00496467
11.2 0.235512 0.236919 0.21544 0.00385394 0.00334952 0.00544751
11.22 0.235673 0.237072 0.215661 0.00400938 0.00383396 0.0055239
11.24 0.235837 0.237246 0.215865 0.00411865 0.00433455 0.00508087
11.26 0.235993 0.237431 0.21604 0.00389177 0.00463197 0.00438296
11.28 0.236128 0.237619 0.216196 0.00336697 0.00470788 0.00390261
11.3 0.236244 0.237807 0.216356 0.00289922 0.00469652 0.00399957
11.32 0.236358 0.237995 0.216543 0.00285716 0.00470065 0.00467899
11.34 0.23649 0.238181 0.216766 0.00329814 0.0046452 0.00556593
11.36 0.236647 0.238355 0.21701 0.00392012 0.00434682 0.00609612
11.38 0.236818 0.238504 0.217243 0.00428873 0.00373481 0.00583892
11.4 0.236984 0.238624 0.217434 0.00413434 0.0029817 0.00477219
11.42 0.237124 0.238721 0.217567 0.00351222 0.00244267 0.00331579
11.44 0.237233 0.23882 0.21765 0.00273135 0.00245632 0.00207481
11.46 0.237319 0.238944 0.217708 0.0021398 0.00310246 0.00146739
11.48 0.237396 0.239107 0.217769 0.00193781 0.00407421 0.00151643
11.5 0.237481 0.2393 0.217847 0.00210659 0.004827 0.00195089
11.52 0.237579 0.239497 0.217947 0.00246421 0.00493675 0.00248773
11.54 0.237691 0.239671 0.218066 0.00280107 0.00435382 0.00299887
11.56 0.237811 0.239807 0.218205 0.00300249 0.00337955 0.00345889
11.58 0.237934 0.239905 0.218358 0.00307728 0.00245951 0.00382439
11.6 0.238059 0.239983 0.218518 0.00311162 0.00195175 0.00400303
11.62 0.238186 0.240061 0.218674 0.00317108 0.00195976 0.00390956
11.64 0.238314 0.240154 0.218817 0.00320704 0.00230746 0.00355492
11.66 0.238438 0.240261 0.218941 0.00309764 0.00268499 0.00311189
11.68 0.23855 0.240376 0.219055 0.00279923 0.00286741 0.00285645
11.7 0.238648 0.240489 0.219175 0.00244324 0.0028368 0.00299616
11.72 0.238739 0.240599 0.219316 0.00228431 0.0027343 0.00350985
11.74 0.23884 0.240708 0.21948 0.00253593 0.00273122 0.00411883
11.76 0.238969 0.240825 0.219658 0.00320115 0.00292353 0.00444424
11.78 0.239129 0.240955 0.219829 0.00401585 0.00326262 0.00428331
11.8 0.239312 0.241098 0.219981 0.00457066 0.0035562 0.0037888
11.82 0.239493 0.24124 0.220115 0.00453634 0.00356949 0.00336371
11.84 0.239648 0.241368 0.22025 0.00386691 0.00318952 0.00335672
11.86 0.239763 0.241469 0.220403 0.00286596 0.00252588 0.00384011
11.88 0.239844 0.241543 0.220588 0.00203104 0.00185797 0.0046195
11.9 0.239915 0.241604 0.220804 0.0017827 0.00150917 0.00538778
11.92 0.240005 0.241672 0.221038 0.00223274 0.00170584 0.00586857
11.94 0.240129 0.241769 0.221274 0.0031177 0.00243579 0.00589896
11.96 0.240288 0.241906 0.221494 0.00396928 0.00340965 0.0054847
11.98 0.240463 0.242073 0.221686 0.00438459 0.00419403 0.00480513
12 0.240632 0.24225 0.221852 0.00422128 0.00441955 0.00414298
12.02 0.240779 0.242408 0.222003 0.00366566 0.00394796 0.00378029
12.04 0.240905 0.242526 0.222157 0.00314116 0.00294529 0.0038658
12.06 0.241027 0.242598 0.22233 0.00304905 0.0018126 0.00431191
12.08 0.241165 0.242638 0.222523 0.00346614 0.00100041 0.00482685
12.1 0.241327 0.242672 0.222727 0.00405742 0.000837547 0.00509804
12.12 0.241501 0.24273 0.222928 0.00432662 0.00144416 0.00501993
12.14 0.241661 0.242837 0.223118 0.00400304 0.00268498 0.00475912
12.16 0.24179 0.243004 0.223301 0.00324065 0.00417256 0.00456631
12.18 0.24189 0.243219 0.223482 0.00249889 0.0053803 0.00453718
12.2 0.241981 0.243454 0.223665 0.00225798 0.00586549 0.00456949
12.22 0.24209 0.243673 0.223845 0.00274173 0.00548498 0.00449981
12.24 0.24224 0.243852 0.224015 0.00374817 0.00446271 0.00424081
12.26 0.24243 0.243984 0.224169 0.00473417 0.00329366 0.00386385
12.28 0.242636 0.244085 0.224313 0.00515187 0.0025393 0.00359405
12.3 0.242828 0.244188 0.224459 0.00481635 0.00257755 0.00364244
12.32 0.24299 0.244325 0.224619 0.00404704 0.00342623 0.00400097
12.34 0.243128 0.244515 0.224795 0.00344137 0.00474073 0.00440677
12.36 0.243266 0.244755 0.224975 0.00344809 0.00601294 0.00451143
12.38 0.243429 0.245029 0.22514 0.00407487 0.00684541 0.00411021
12.4 0.243626 0.245313 0.225272 0.00493553 0.00709452 0.00329924
12.42 0.243848 0.245587 0.22537 0.00555663 0.00683785 0.00245991
12.44 0.244076 0.245837 0.225452 0.0056976 0.00627126 0.00203583
12.46 0.244295 0.246062 0.225542 0.005461 0.00561953 0.00224962
12.48 0.2445 0.246265 0.22566 0.00512463 0.00506687 0.0029648
12.5 0.244695 0.246453 0.225812 0.00488609 0.00471305 0.00380151
12.52 0.244885 0.246637 0.225988 0.00474231 0.00459659 0.0043941
12.54 0.245068 0.246827 0.226171 0.00458531 0.00475055 0.00458005
12.56 0.245244 0.247035 0.226348 0.00440353 0.00520435 0.00442821
12.58 0.245418 0.247272 0.226513 0.00434903 0.00591277 0.00411811
12.6 0.245602 0.24754 0.226665 0.00459887 0.00670671 0.0037932
12.62 0.245809 0.247833 0.226806 0.00517445 0.00731714 0.00352409
12.64 0.246045 0.248131 0.226941 0.0059038 0.0074656 0.00338002
12.66 0.246306 0.248411 0.227079 0.00652373 0.00699621 0.00345984
12.68 0.246579 0.24865 0.227232 0.00680415 0.00597244 0.00380341
12.7 0.246844 0.248838 0.227403 0.00664134 0.00469457 0.00429342
12.72 0.247088 0.248983 0.227591 0.00610447 0.00362119 0.00469296
12.74 0.247305 0.24911 0.227783 0.00540565 0.00317557 0.0048056
12.76 0.247496 0.24925 0.227968 0.00478326 0.00350462 0.00461175
12.78 0.247671 0.249424 0.228139 0.00437273 0.00435875 0.00428539
12.8 0.247839 0.249634 0.228303 0.00419331 0.00522982 0.00409384
12.82 0.248008 0.24986 0.228472 0.00423443 0.00566292 0.00423845
12.84 0.248188 0.250081 0.228661 0.00449423 0.00551036 0.00472737
12.86 0.248385 0.250279 0.228875 0.00492149 0.00496484 0.00534176
12.88 0.248599 0.250455 0.229104 0.00536512 0.00439502 0.0057337
12.9 0.248824 0.250619 0.22933 0.00561966 0.00410279 0.00563246
12.92 0.249045 0.250785 0.229531 0.00551874 0.00414304 0.00503584
12.94 0.249244 0.250956 0.229699 0.00498368 0.00429231 0.00420516
12.96 0.249406 0.251125 0.229838 0.00405509 0.00421566 0.00346488
12.98 0.249524 0.251274 0.229959 0.0029316 0.00372923 0.00302117
13 0.249601 0.251393 0.230077 0.00194299 0.00296143 0.00294886
13.02 0.249658 0.251485 0.230207 0.00141664 0.00230084 0.00326293
13.04 0.249719 0.251571 0.230364 0.00151444 0.00215152 0.00391047
13.06 0.249804 0.251676 0.230552 0.0021413 0.00262988 0.0047158
13.08 0.249923 0.251813 0.230769 0.00297379 0.00341785 0.00540316
13.1 0.250068 0.251971 0.230997 0.00361325 0.00394591 0.00570756
13.12 0.250219 0.252123 0.231216 0.00377103 0.00380433 0.00549175
13.14 0.250354 0.252244 0.231408 0.00338233 0.00302191 0.00478044
13.16 0.250458 0.252324 0.231557 0.00261627 0.00200231 0.00373252
13.18 0.25053 0.252372 0.231662 0.00179895 0.00121918 0.00261431
13.2 0.250581 0.252409 0.231732 0.00127015 0.000923373 0.0017569
13.22 0.25063 0.252452 0.23179 0.00122746 0.00106166 0.00145201
13.24 0.250695 0.252508 0.231862 0.0016076 0.00139852 0.00179742
13.26 0.250778 0.252576 0.231966 0.00208853 0.00170962 0.00260632
13.28 0.250871 0.252652 0.232106 0.00231405 0.00190354 0.00350457
13.3 0.250958 0.252732 0.232273 0.00218582 0.00200109 0.00415794
13.32 0.251035 0.252815 0.23245 0.00190961 0.00205816 0.00443723
13.34 0.251106 0.2529 0.232627 0.00179296 0.00212217 0.00441977
13.36 0.251187 0.252987 0.232798 0.00202242 0.00219427 0.00428398
13.38 0.251289 0.253076 0.232966 0.00255802 0.00221576 0.00419282
13.4 0.251416 0.253162 0.233134 0.00316594 0.00214555 0.0042135
13.42 0.251558 0.253245 0.233307 0.00355553 0.00208654 0.00430118
13.44 0.251701 0.253336 0.233482 0.00355983 0.00227677 0.00437685
13.46 0.251831 0.253451 0.233659 0.00324734 0.00286999 0.00442335
13.48 0.251946 0.2536 0.233838 0.00288227 0.00371385 0.0044778
13.5 0.252056 0.253776 0.234019 0.0027528 0.00439548 0.00452833
13.52 0.252175 0.253957 0.234197 0.00297939 0.0045265 0.0044609
13.54 0.252314 0.254117 0.234363 0.00346999 0.00401524 0.00415677
13.56 0.252475 0.254243 0.234509 0.00403324 0.00314674 0.00363926
13.58 0.252655 0.25434 0.234633 0.00449938 0.00243376 0.00311008
13.6 0.252846 0.254433 0.234747 0.00477368 0.00231147 0.00284455
13.62 0.25304 0.254547 0.234868 0.00484532 0.0028653 0.00302982
13.64 0.25323 0.254698 0.235015 0.00475823 0.00377297 0.00366239
13.66 0.253413 0.254878 0.235197 0.00455924 0.00448387 0.0045399
13.68 0.253584 0.255059 0.235409 0.00428319 0.00451948 0.0053065
13.7 0.253743 0.255208 0.235632 0.00398418 0.00373841 0.00557104
13.72 0.253893 0.255306 0.235836 0.00372921 0.00245189 0.00511105
13.74 0.254035 0.255358 0.235997 0.0035477 0.00129598 0.00403083
13.76 0.254171 0.255394 0.236106 0.00341278 0.000894968 0.00272267
13.78 0.254302 0.255454 0.236173 0.0032729 0.00150408 0.00165726
13.8 0.254426 0.255568 0.236219 0.00310326 0.00284228 0.00117192
13.82 0.254544 0.255737 0.236275 0.00295036 0.00422737 0.00138569
13.84 0.254661 0.255935 0.236363 0.00293072 0.00495793 0.00220681
13.86 0.254788 0.256125 0.236498 0.0031546 0.00474227 0.0033702
13.88 0.254932 0.25628 0.236679 0.00361641 0.00388656 0.00451674
13.9 0.255098 0.256404 0.236891 0.00414668 0.00309858 0.00530628
13.92 0.255277 0.256525 0.237112 0.00448362 0.00302146 0.0055324
13.94 0.255455 0.256677 0.237321 0.00444341 0.00379836 0.00521867
13.96 0.255617 0.256877 0.237506 0.00405437 0.00499548 0.00464096
13.98 0.255759 0.257115 0.237675 0.00354993 0.00596177 0.00421888
14 0.255888 0.257367 0.237847 0.00322016 0.00629155 0.00429339
14.02 0.256017 0.257607 0.238043 0.00323215 0.00600606 0.00490548
14.04 0.25616 0.257824 0.238272 0.00356425 0.00542078 0.00572843
14.06 0.256322 0.258019 0.238522 0.00404552 0.0048823 0.0062476
14.08 0.256499 0.258202 0.238766 0.00443504 0.00457547 0.00609441
14.1 0.256681 0.258382 0.238978 0.00453938 0.00449146 0.00529073
14.12 0.256855 0.258564 0.239147 0.00435245 0.00455104 0.00424082
14.14 0.257018 0.258754 0.239287 0.00409051 0.00474641 0.0034959
14.16 0.25718 0.258959 0.239425 0.00402895 0.00513034 0.00344918
14.18 0.257351 0.259186 0.23959 0.00428639 0.00567582 0.00411332
14.2 0.257541 0.259433 0.239793 0.00474075 0.00618009 0.00508124
14.22 0.257747 0.259687 0.240023 0.00514483 0.00634867 0.00575637
14.24 0.25796 0.259929 0.240252 0.00533061 0.00603917 0.00572929
14.26 0.258172 0.260146 0.240452 0.00530899 0.00543834 0.00500114
14.28 0.258381 0.260345 0.240609 0.00521637 0.00496646 0.00392083
14.3 0.258588 0.260543 0.240727 0.00517443 0.00495368 0.00293932
14.32 0.258795 0.260758 0.240821 0.00517527 0.00537897 0.00235785
14.34 0.258999 0.260994 0.24091 0.00510034 0.0058905 0.00221574
14.36 0.259193 0.261236 0.241004 0.0048607 0.00604189 0.00235513
14.38 0.259373 0.261459 0.241107 0.00450122 0.00558203 0.00257931
14.4 0.25954 0.261645 0.241218 0.00417751 0.00465333 0.00277385
14.42 0.259702 0.261795 0.241335 0.00404049 0.0037524 0.00291476
14.44 0.259867 0.261932 0.241455 0.00411605 0.00343469 0.00300731
14.46 0.260038 0.26209 0.241577 0.004288 0.00393325 0.00304594
14.48 0.260215 0.262288 0.241697 0.00441617 0.00496183 0.00301237
14.5 0.260393 0.262524 0.241814 0.00446053 0.00590259 0.00291434
14.52 0.260573 0.262774 0.241927 0.00449202 0.0062405 0.00283303
14.54 0.260757 0.263009 0.242043 0.00460492 0.00588162 0.00290827
14.56 0.260949 0.263215 0.242173 0.00480966 0.00513935 0.00323731
14.58 0.261148 0.263394 0.242324 0.00497369 0.00447248 0.00376566
14.6 0.261343 0.263561 0.242496 0.00487603 0.00419134 0.00430009
14.62 0.261519 0.263733 0.242681 0.00438383 0.00428547 0.00464422
14.64 0.261663 0.263911 0.242869 0.00360448 0.0044502 0.00470058
14.66 0.261777 0.264084 0.243048 0.00285902 0.00432448 0.00446741
14.68 0.261877 0.264236 0.243209 0.00249888 0.00380666 0.00401782
14.7 0.261986 0.264362 0.24335 0.00271301 0.0031595 0.00352691
14.72 0.262123 0.264474 0.243481 0.00342355 0.00279715 0.00326656
14.74 0.262296 0.264593 0.24362 0.00433881 0.00296836 0.00348089
14.76 0.262501 0.264737 0.243787 0.005115 0.00359375 0.00418715
14.78 0.26272 0.26491 0.243991 0.00547794 0.00432591 0.00509017
14.8 0.262931 0.2651 0.244222 0.00528572 0.00474919 0.00577311
14.82 0.263115 0.265284 0.244463 0.00458934 0.00461415 0.00602031
14.84 0.263262 0.265444 0.244701 0.0036722 0.00399148 0.00595176
14.86 0.263381 0.265573 0.244935 0.00297371 0.00322177 0.00584771
14.88 0.263495 0.26568 0.245169 0.00286485 0.00268449 0.00586103
14.9 0.263633 0.265783 0.245404 0.00342844 0.00257174 0.00586778
14.92 0.263809 0.265896 0.245627 0.0044206 0.0028158 0.00557326
14.94 0.264026 0.266023 0.245818 0.00541718 0.00319072 0.00479276
14.96 0.264266 0.266163 0.245965 0.00600613 0.00347956 0.00367851
14.98 0.264504 0.266305 0.246073 0.00593959 0.00356153 0.00267996
15 0.264714 0.266441 0.246163 0.00524192 0.0034101 0.00225145
15.02 0.264882 0.266565 0.246264 0.00421234 0.00308788 0.00253886
15.04 0.265013 0.266674 0.246396 0.00327288 0.00272555 0.00329441
15.06 0.265123 0.266772 0.246559 0.00274405 0.0024523 0.00408078
15.08 0.265232 0.266865 0.246742 0.00273208 0.00232273 0.00456451
15.1 0.265359 0.266957 0.246929 0.00316559 0.00230263 0.00467806
15.12 0.265512 0.267049 0.247112 0.00384147 0.00229849 0.00458042
15.14 0.265691 0.267138 0.247291 0.00445984 0.00221657 0.00447713
15.16 0.26588 0.267219 0.247469 0.00472679 0.00202356 0.00443149
15.18 0.266059 0.26729 0.247642 0.00448133 0.00178469 0.00432343
15.2 0.266209 0.267356 0.247801 0.00374981 0.00163768 0.00397964
15.22 0.266318 0.267423 0.247934 0.00272892 0.00169198 0.00334449
15.24 0.266388 0.2675 0.248036 0.00173751 0.00191979 0.00254707
15.26 0.266433 0.267585 0.248109 0.0011234 0.00213344 0.00182609
15.28 0.266478 0.26767 0.248166 0.00112157 0.0021271 0.00140533
15.3 0.266546 0.267745 0.248222 0.00172076 0.00186508 0.00140608
15.32 0.266652 0.267807 0.248295 0.00263693 0.00153752 0.00181944
15.34 0.266789 0.267864 0.248396 0.00343863 0.00143846 0.00253242
15.36 0.266939 0.267934 0.248531 0.00374459 0.00174346 0.00336845
15.38 0.267075 0.268028 0.248695 0.0034062 0.00234366 0.00411075
15.4 0.26718 0.268144 0.248877 0.00260762 0.00289804 0.00454562
15.42 0.267252 0.268268 0.249059 0.00179875 0.00310208 0.00456409
15.44 0.267309 0.268384 0.24923 0.00144382 0.00291996 0.00426466
15.46 0.267378 0.268487 0.249387 0.001722 0.00256815 0.00392999
15.48 0.267475 0.268581 0.24954 0.00241298 0.00233676 0.00382624
15.5 0.267598 0.268677 0.2497 0.00307227 0.00242141 0.00400236
15.52 0.267732 0.26879 0.249872 0.00335723 0.00280578 0.0042829
15.54 0.267862 0.26892 0.250049 0.00324322 0.00326253 0.00443203
15.56 0.267981 0.269062 0.250223 0.00297652 0.0035562 0.00434049
15.58 0.268093 0.269209 0.250387 0.00281199 0.00366657 0.00411369
15.6 0.268205 0.26936 0.250547 0.00279788 0.00377699 0.0039964
15.62 0.268318 0.269522 0.250714 0.00282207 0.00403723 0.00418142
15.64 0.268431 0.269697 0.250901 0.00281321 0.00438658 0.0046615
15.66 0.268544 0.269881 0.25111 0.00284656 0.00460922 0.00523971
15.68 0.268667 0.270063 0.251337 0.00307516 0.00452725 0.00566905
15.7 0.268811 0.270229 0.251569 0.00358133 0.00416006 0.00578669
15.72 0.268982 0.270378 0.251791 0.00427665 0.00373672 0.00555655
15.74 0.269178 0.270519 0.251993 0.00491448 0.00351965 0.0050483
15.76 0.269387 0.270662 0.252169 0.00521404 0.00357787 0.00441612
15.78 0.269588 0.270812 0.252324 0.00502886 0.00375218 0.00386327
15.8 0.269766 0.270966 0.252466 0.00445585 0.0038348 0.00355512
15.82 0.269919 0.271117 0.252608 0.00382241 0.00378578 0.003546
15.84 0.27006 0.271269 0.252758 0.00351978 0.0038019 0.00375087
15.86 0.270211 0.271436 0.252917 0.00377577 0.0041669 0.00398528
15.88 0.270391 0.271636 0.253081 0.00450988 0.00498942 0.00408642
15.9 0.270606 0.271878 0.253242 0.00536145 0.00605956 0.00402224
15.92 0.270842 0.272155 0.253396 0.00589624 0.00692528 0.00386266
15.94 0.271076 0.272441 0.253544 0.00585376 0.0071465 0.00368538
15.96 0.271288 0.272705 0.253687 0.00529124 0.00660518 0.00357739
15.98 0.27147 0.272932 0.253834 0.00456343 0.00566264 0.00367196
16 0.271635 0.27313 0.253997 0.00412088 0.00496096 0.00407295
16.02 0.271804 0.273328 0.254185 0.00423363 0.00495975 0.00470467
16.04 0.271998 0.273553 0.254396 0.00484022 0.00560449 0.00527908
16.06 0.272223 0.273809 0.254615 0.00563447 0.00642202 0.0054644
16.08 0.272474 0.274086 0.254819 0.00625751 0.00692145 0.00511412
16.1 0.272731 0.274364 0.254994 0.0064393 0.00694142 0.00437446
16.12 0.272974 0.274631 0.255138 0.00607822 0.00668682 0.00358664
16.14 0.273186 0.274891 0.25526 0.00529274 0.00648449 0.00306794
16.16 0.273362 0.275151 0.255378 0.00439824 0.00649659 0.00294257
16.18 0.273513 0.275415 0.255502 0.00377016 0.0065968 0.00311221
16.2 0.273659 0.275674 0.255637 0.00366764 0.00649238 0.00335382
16.22 0.273824 0.275914 0.255776 0.0041085 0.00599818 0.00349006
16.24 0.274018 0.276122 0.255916 0.00485386 0.00519751 0.00350569
16.26 0.274239 0.276297 0.256057 0.00552357 0.00438028 0.00350704
16.28 0.27447 0.276451 0.256201 0.00577964 0.00383932 0.00360346
16.3 0.274689 0.276597 0.256354 0.00547901 0.00365587 0.00383322
16.32 0.274879 0.276744 0.25652 0.00473952 0.00366123 0.00415374
16.34 0.275035 0.276889 0.256699 0.00390568 0.0036257 0.00447431
16.36 0.275172 0.277028 0.256887 0.00341505 0.00348294 0.00469119
16.38 0.275314 0.277163 0.257075 0.00355332 0.00337118 0.0047102
16.4 0.275483 0.277302 0.257254 0.00422789 0.00348369 0.00446869
16.42 0.275683 0.277457 0.257412 0.00499963 0.00387478 0.00395106
16.44 0.275899 0.277633 0.25754 0.00540909 0.0043944 0.00319401
16.46 0.276111 0.277824 0.257632 0.00529715 0.00476654 0.00230732
16.48 0.276305 0.278013 0.257692 0.00484723 0.00474567 0.00150189
16.5 0.27648 0.278184 0.257734 0.00438382 0.00427442 0.00104688
16.52 0.276645 0.278325 0.25778 0.00412322 0.00352268 0.00114024
16.54 0.276808 0.278436 0.257851 0.00406279 0.0027586 0.00178117
16.56 0.27697 0.278523 0.257961 0.00405966 0.00218046 0.00275438
16.58 0.27713 0.278598 0.258111 0.00400022 0.00187129 0.00375121
16.6 0.277287 0.278673 0.258292 0.00391288 0.00187535 0.0045292
16.62 0.277443 0.278762 0.258492 0.00392024 0.00222909 0.00498665
16.64 0.277607 0.278877 0.258697 0.0040899 0.00287828 0.0051164
16.66 0.27778 0.279021 0.258894 0.00432889 0.00361245 0.00492621
16.68 0.277958 0.279187 0.259072 0.00443771 0.0041306 0.00445964
16.7 0.27813 0.279355 0.259227 0.00430355 0.00419583 0.0038823
16.72 0.278291 0.279505 0.259365 0.00401753 0.00377436 0.00344939
16.74 0.278442 0.279628 0.259499 0.00378654 0.00306577 0.00335122
16.76 0.278592 0.279724 0.259643 0.00374156 0.00239967 0.00359225
16.78 0.278745 0.279806 0.259804 0.00382873 0.00205994 0.00401483
16.8 0.2789 0.279892 0.259981 0.00388726 0.00214416 0.00443355
16.82 0.279053 0.279994 0.260171 0.00381237 0.0025386 0.00476351
16.84 0.279198 0.280113 0.260372 0.00362052 0.00298982 0.00502144
16.86 0.279332 0.280243 0.260582 0.00337045 0.00323206 0.00523092
16.88 0.279456 0.280368 0.260796 0.00308913 0.00314174 0.00535355
16.9 0.279568 0.280482 0.261009 0.00280167 0.0028501 0.0053276
16.92 0.279671 0.28059 0.261215 0.00258255 0.00268296 0.00515529
16.94 0.279773 0.280707 0.261412 0.0025471 0.00292979 0.00492217
16.96 0.279884 0.280852 0.261601 0.0027597 0.00362912 0.00472264
16.98 0.280009 0.281033 0.261784 0.00313394 0.00451375 0.00457068
17 0.280147 0.281238 0.261959 0.00344833 0.00514539 0.00438979
17.02 0.280286 0.281445 0.262123 0.00348338 0.00517503 0.00409154
17.04 0.280413 0.281629 0.262271 0.00316628 0.00458553 0.00370306
17.06 0.280517 0.281777 0.262408 0.00261336 0.00371137 0.00342048
17.08 0.2806 0.281897 0.262547 0.00206857 0.00300384 0.00347882
17.1 0.280672 0.282007 0.262704 0.0017944 0.00274866 0.00393072
17.12 0.280749 0.282125 0.262886 0.00193232 0.00294002 0.00454586
17.14 0.280845 0.282259 0.263084 0.00239876 0.00333963 0.0049422
17.16 0.280963 0.282404 0.263278 0.00294275 0.00363117 0.00485402
17.18 0.281096 0.282547 0.263451 0.0033327 0.00358682 0.00433904
17.2 0.281235 0.282675 0.263602 0.00347958 0.00318103 0.00375735
17.22 0.281372 0.282778 0.263742 0.00340214 0.00259819 0.00350347
17.24 0.281498 0.282863 0.26389 0.0031564 0.00212403 0.00369334
17.26 0.28161 0.282942 0.264053 0.00281533 0.00196767 0.00407757
17.28 0.281709 0.283028 0.264222 0.00245289 0.00215142 0.00424084
17.3 0.281794 0.283131 0.264378 0.00213784 0.00256404 0.00389793
17.32 0.281872 0.283254 0.264501 0.00194601 0.00307454 0.00307381
17.34 0.28195 0.283397 0.264586 0.00196334 0.00357387 0.00212013
17.36 0.28204 0.283556 0.264649 0.00223424 0.00398768 0.00156805
17.38 0.282148 0.283727 0.264722 0.00270595 0.00427787 0.00182126
17.4 0.282277 0.283903 0.264836 0.00323682 0.00439183 0.00285156
17.42 0.282423 0.284072 0.265002 0.00362829 0.0042254 0.00415837
17.44 0.282571 0.284221 0.265204 0.00369814 0.00372607 0.00505472
17.46 0.282707 0.284344 0.265408 0.00342132 0.00306497 0.00508778
17.48 0.282828 0.284449 0.26558 0.00301258 0.00263966 0.00430213
17.5 0.28294 0.284561 0.265707 0.00280565 0.00280174 0.00317162
17.52 0.283061 0.284703 0.265798 0.00301255 0.00354279 0.0022807
17.54 0.283203 0.28488 0.265877 0.0035557 0.00442927 0.00197495
17.56 0.283367 0.285075 0.265965 0.00411071 0.0048755 0.0021995
17.58 0.28354 0.285257 0.266069 0.00432568 0.00455387 0.00259617
17.6 0.283702 0.285402 0.26618 0.00405462 0.0036232 0.00278116
17.62 0.283841 0.285508 0.266285 0.00345966 0.00265574 0.00263596
17.64 0.283958 0.285601 0.266382 0.00293529 0.00230302 0.00241744
17.66 0.284074 0.285715 0.266485 0.0028839 0.00286495 0.00258546
17.68 0.284212 0.285879 0.266623 0.00345923 0.00408596 0.00342969
17.7 0.284391 0.286093 0.266813 0.00446425 0.00535901 0.00476818
17.72 0.28461 0.286338 0.267053 0.00548609 0.00613666 0.0059992
17.74 0.284857 0.286586 0.267313 0.00617495 0.00618162 0.00648237
17.76 0.285115 0.28681 0.267552 0.0064566 0.00560155 0.00597423
17.78 0.285375 0.287001 0.267744 0.00648305 0.00477027 0.00480994
17.8 0.28563 0.287166 0.267892 0.00638956 0.00413555 0.0036903
17.82 0.285877 0.287325 0.268021 0.00615827 0.00397015 0.00322212
17.84 0.286105 0.287495 0.268163 0.00571661 0.00424577 0.0035546
17.86 0.28631 0.287684 0.268338 0.00513037 0.00472895 0.00436997
17.88 0.286497 0.287891 0.268545 0.00466639 0.00518213 0.00517925
17.9 0.286682 0.288111 0.26877 0.00462584 0.00550803 0.00563439
17.92 0.286886 0.288341 0.268996 0.0050909 0.00574824 0.00565527
17.94 0.287119 0.28858 0.269211 0.00582698 0.00597208 0.00537012
17.96 0.287375 0.288828 0.26941 0.0064134 0.00619363 0.00496778
17.98 0.287634 0.289082 0.269593 0.00647502 0.00635562 0.00457492
18 0.28787 0.289336 0.269762 0.00590311 0.00633332 0.00423412
18.02 0.288068 0.289575 0.269921 0.00494748 0.00597793 0.00396187
18.04 0.288232 0.289785 0.270072 0.00409206 0.00525445 0.00377771
18.06 0.288383 0.28996 0.270218 0.00378027 0.00437621 0.00366264
18.08 0.288549 0.290109 0.27036 0.00414518 0.00372307 0.00353895
18.1 0.288745 0.290251 0.270493 0.00489319 0.00355836 0.00332484
18.12 0.288963 0.290404 0.270612 0.00544754 0.00381578 0.00299182
18.14 0.289176 0.29057 0.270714 0.00532236 0.00416709 0.00255045
18.16 0.289355 0.290741 0.270796 0.00448824 0.0042746 0.00202839
18.18 0.289493 0.290902 0.270857 0.00344227 0.00400608 0.00152955
18.2 0.289609 0.291042 0.270909 0.00290001 0.00351586 0.00129751
18.22 0.289741 0.291168 0.270973 0.00329838 0.00315194 0.00161833
18.24 0.289919 0.291296 0.271076 0.00445175 0.0031972 0.00256311
18.26 0.290143 0.291441 0.271228 0.00560669 0.00362177 0.00379612
18.28 0.290379 0.291604 0.271415 0.00589643 0.00406882 0.00468296
18.3 0.290577 0.291769 0.271603 0.00494427 0.00412439 0.00468701
18.32 0.290704 0.291915 0.271753 0.00317967 0.00365905 0.00376926
18.34 0.290768 0.292034 0.271852 0.00160573 0.00296031 0.00246486
18.36 0.290814 0.292135 0.271914 0.00114563 0.00253946 0.00154181
18.38 0.290895 0.292245 0.271974 0.00202677 0.00274346 0.00151337
18.4 0.291041 0.292384 0.272069 0.00366038 0.00347014 0.00237533
18.42 0.291244 0.292554 0.272217 0.00506927 0.00424474 0.0036883
18.44 0.291465 0.292737 0.272411 0.00552485 0.00458006 0.00486769
18.46 0.291664 0.292909 0.272631 0.00497708 0.0042986 0.00548428
18.48 0.291824 0.293053 0.272848 0.00400088 0.00360278 0.00543576
18.5 0.291956 0.293168 0.273045 0.00330241 0.0028875 0.00492576
18.52 0.292084 0.293267 0.273217 0.00318372 0.00247851 0.00428638
18.54 0.29222 0.293369 0.273368 0.00341014 0.00252699 0.00377616
18.56 0.292361 0.29349 0.273507 0.00352587 0.00302729 0.00348213
18.58 0.292493 0.293642 0.273641 0.00328971 0.00380939 0.00335495
18.6 0.292608 0.293824 0.273774 0.00287817 0.00455728 0.00331762
18.62 0.292716 0.294022 0.273909 0.00270795 0.00493689 0.00336742
18.64 0.292838 0.294212 0.274052 0.00303963 0.00474984 0.00359415
18.66 0.292986 0.294372 0.274215 0.00370921 0.00399441 0.00406206
18.68 0.293155 0.294486 0.274402 0.00423228 0.00287184 0.00467007
18.7 0.293323 0.294557 0.274608 0.00418165 0.00176091 0.00514587
18.72 0.293463 0.2946 0.274815 0.00351628 0.00108553 0.00519944
18.74 0.293568 0.294644 0.275005 0.00261221 0.00108991 0.00473012
18.76 0.293647 0.294712 0.275161 0.00198671 0.001713 0.00391577
18.78 0.293726 0.29482 0.275287 0.0019592 0.00268566 0.00313283
18.8 0.293826 0.294968 0.275397 0.00250108 0.00371639 0.00275358
18.82 0.293958 0.295151 0.275513 0.00329865 0.00457002 0.00290689
18.84 0.294116 0.295354 0.275649 0.00395288 0.00505706 0.00339838
18.86 0.294284 0.295556 0.275804 0.00420745 0.00504917 0.0038802
18.88 0.294446 0.295737 0.275968 0.00405718 0.00454625 0.00410317
18.9 0.294593 0.295887 0.27613 0.00367635 0.00372821 0.00404577
18.92 0.294724 0.296004 0.276285 0.00325438 0.00294169 0.00386515
18.94 0.29484 0.296108 0.276435 0.00289967 0.00258504 0.00375472
18.96 0.294947 0.296223 0.276588 0.00267766 0.00289318 0.00381794
18.98 0.295054 0.296374 0.276748 0.00268077 0.00376057 0.00402024
19 0.295174 0.296564 0.276918 0.00298883 0.0047679 0.00423491
19.02 0.295315 0.296782 0.277091 0.00353831 0.00544116 0.0043383
19.04 0.295478 0.297004 0.277263 0.00408266 0.00555888 0.00427742
19.06 0.295651 0.297214 0.277425 0.0043275 0.00523844 0.00407166
19.08 0.295816 0.297405 0.277576 0.00411218 0.00476735 0.00375821
19.1 0.295956 0.29758 0.277709 0.00348902 0.00438698 0.00333337
19.12 0.296064 0.297748 0.27782 0.00272266 0.00418545 0.00277979
19.14 0.296154 0.297912 0.277908 0.00222921 0.00410193 0.00218175
19.16 0.296248 0.298072 0.277979 0.00236699 0.00401931 0.00177881
19.18 0.296375 0.298228 0.278053 0.00315905 0.00388771 0.00185414
19.2 0.296544 0.29838 0.278154 0.00422279 0.00379028 0.00253005
19.22 0.296744 0.298535 0.278299 0.0050129 0.00388753 0.00362904
19.24 0.296951 0.298704 0.278488 0.00518416 0.00423504 0.00472036
19.26 0.297143 0.29889 0.278701 0.00478527 0.00464499 0.00533657
19.28 0.297309 0.299082 0.27891 0.00414808 0.00479358 0.00522007
19.3 0.297454 0.299262 0.279089 0.00361887 0.00450602 0.00446093
19.32 0.297587 0.299419 0.279227 0.00333836 0.00392703 0.00345759
19.34 0.297716 0.299556 0.279335 0.00321241 0.00342365 0.00271203
19.36 0.29784 0.29969 0.279438 0.00311893 0.00333282 0.00256044
19.38 0.297966 0.299839 0.279558 0.00313386 0.00373382 0.00299411
19.4 0.298105 0.300014 0.279706 0.00349002 0.00438077 0.00370407
19.42 0.298277 0.300209 0.279878 0.00429397 0.00486403 0.00430867
19.44 0.29849 0.300406 0.280061 0.00532023 0.00492801 0.00456855
19.46 0.298734 0.300593 0.280239 0.00610259 0.00468713 0.00444213
19.48 0.298983 0.300772 0.2804 0.00622891 0.00447841 0.00402654
19.5 0.299208 0.300953 0.280539 0.0056238 0.00451532 0.00348451
19.52 0.299394 0.301142 0.280659 0.00464914 0.00471643 0.00300677
19.54 0.29955 0.301334 0.280771 0.00390141 0.00480912 0.00279179
19.56 0.299703 0.301517 0.28089 0.00383405 0.00457451 0.00298686
19.58 0.299882 0.301679 0.281033 0.00447293 0.00403933 0.00357347
19.6 0.300098 0.301818 0.281206 0.00539597 0.00348556 0.00430399
19.62 0.300338 0.301948 0.281398 0.0060065 0.00323716 0.00481031
19.64 0.300576 0.302082 0.281591 0.00594159 0.00336954 0.00483211
19.66 0.300789 0.302229 0.281766 0.00532357 0.00365676 0.00437269
19.68 0.300975 0.302381 0.281913 0.00464441 0.00381048 0.00367396
19.7 0.301149 0.30253 0.282036 0.00435683 0.00372466 0.00306555
19.72 0.30133 0.302671 0.282147 0.00453093 0.00352685 0.00277796
19.74 0.301525 0.30281 0.282259 0.00486762 0.00346587 0.00280524
19.76 0.301725 0.302958 0.282377 0.00499817 0.00371516 0.0029379
19.78 0.301916 0.303127 0.282496 0.00478336 0.00421103 0.0029753
19.8 0.302092 0.303314 0.282612 0.00438207 0.0046748 0.00289886
19.82 0.302255 0.303507 0.282725 0.00407614 0.00482445 0.00284754
19.84 0.302417 0.303691 0.282845 0.00406609 0.00460242 0.0029887
19.86 0.302591 0.30386 0.282981 0.00434718 0.00421746 0.00339387
19.88 0.302778 0.304018 0.28314 0.00467824 0.00396137 0.00397075
19.9 0.302967 0.304177 0.283319 0.00472101 0.00397304 0.00448093
19.92 0.303139 0.304343 0.283505 0.00429147 0.00415899 0.00466413
19.94 0.303279 0.304515 0.283682 0.00350401 0.00430155 0.00442129
19.96 0.303386 0.304684 0.283839 0.00268601 0.00422553 0.00391288
19.98 0.303473 0.304841 0.283977 0.00216126 0.00391643 0.00345015
20 0.303557 0.304982 0.284107 0.00210477 0.00353132 0.00326152
20.02 0.303657 0.305113 0.284241 0.0025091 0.00327819 0.00334002
20.04 0.303785 0.305243 0.284381 0.00318721 0.00324418 0.00349341
20.06 0.303938 0.305377 0.284522 0.00383917 0.00333348 0.00353101
20.08 0.304106 0.305511 0.284659 0.00418253 0.00336555 0.0034238
20.1 0.304268 0.30564 0.284792 0.00406295 0.00322064 0.0033375
20.12 0.304409 0.305757 0.284933 0.00351796 0.0029265 0.00351384
20.14 0.304519 0.305863 0.285095 0.0027619 0.00264289 0.00405559
20.16 0.304603 0.305965 0.285286 0.00207751 0.0025526 0.0047825
20.18 0.30467 0.306074 0.285498 0.00168377 0.00273071 0.00529295
20.2 0.304736 0.306197 0.285707 0.00165359 0.00307413 0.00522788
20.22 0.304812 0.306331 0.285889 0.00189934 0.00335881 0.00454679
20.24 0.304901 0.306468 0.286032 0.00223299 0.00342436 0.00358623
20.26 0.305 0.306601 0.286146 0.00247412 0.0033054 0.00283693
20.28 0.305103 0.306727 0.28625 0.00255952 0.00316691 0.00260249
20.3 0.305205 0.306853 0.286363 0.00256816 0.00313373 0.00283103
20.32 0.30531 0.30698 0.286492 0.00260802 0.00319211 0.00322848
20.34 0.305418 0.307109 0.286633 0.00269656 0.00322604 0.00350543
20.36 0.305528 0.307234 0.286775 0.00276559 0.0031286 0.00356153
20.38 0.305638 0.307351 0.286915 0.00273923 0.00292029 0.00350031
20.4 0.305741 0.307462 0.287055 0.00259069 0.00277613 0.00348871
20.42 0.305837 0.307579 0.287198 0.0023974 0.0029083 0.00358609
20.44 0.305931 0.307714 0.287346 0.00235086 0.00338807 0.00370291
20.46 0.306037 0.307876 0.287495 0.00265095 0.00403424 0.00371838
20.48 0.306171 0.308054 0.287639 0.00335004 0.00446291 0.00360419
20.5 0.306341 0.308227 0.287776 0.00424503 0.00433436 0.00342625
20.52 0.306538 0.308374 0.287907 0.00491321 0.00365355 0.00326878
20.54 0.306736 0.308487 0.288034 0.00495852 0.002824 0.00317436
20.56 0.306909 0.308581 0.288159 0.00432086 0.00236175 0.00311858
20.58 0.307044 0.308684 0.28828 0.00337648 0.0025641 0.00303212
20.6 0.307153 0.308819 0.288395 0.00273811 0.00337345 0.0028765
20.62 0.307269 0.308995 0.288503 0.0028891 0.00442414 0.00270594
20.64 0.307423 0.309204 0.288609 0.00384962 0.00522009 0.00264086
20.66 0.307627 0.30942 0.28872 0.00509765 0.00538122 0.00277852
20.68 0.307862 0.309613 0.288845 0.00587396 0.00483886 0.0031243
20.7 0.30809 0.309768 0.288988 0.00570804 0.00386052 0.00358412
20.72 0.308281 0.309884 0.289149 0.00477596 0.00291083 0.00402142
20.74 0.308433 0.309981 0.289323 0.00380466 0.0024335 0.00433987
20.76 0.308576 0.310087 0.289503 0.00356866 0.00265486 0.00451083
20.78 0.30875 0.310228 0.289685 0.00435275 0.00351164 0.00453731
20.8 0.308981 0.310417 0.289862 0.00576616 0.00471422 0.0044379
20.82 0.309261 0.310652 0.290033 0.00700989 0.00587665 0.00427318
20.84 0.309557 0.310917 0.290199 0.00739346 0.00664414 0.00414153
20.86 0.309827 0.311189 0.290363 0.00674601 0.00679864 0.00409609
20.88 0.310046 0.311443 0.290526 0.00546535 0.00633818 0.00407451
20.9 0.310214 0.311662 0.290683 0.00420167 0.00548521 0.00392984
20.92 0.310351 0.311847 0.290825 0.00344531 0.00462066 0.00356234
20.94 0.310485 0.312013 0.290947 0.00333859 0.00415381 0.00303635
20.96 0.310635 0.312186 0.29105 0.00374868 0.00432996 0.00258422
20.98 0.310812 0.312389 0.29115 0.00442483 0.00507338 0.00249171
21 0.311016 0.31263 0.291266 0.00511254 0.00600838 0.00291283
21.02 0.311241 0.312896 0.291415 0.00560622 0.00666949 0.00371693
21.04 0.311471 0.313167 0.291595 0.00574835 0.00676572 0.00450413
21.06 0.311688 0.31342 0.291788 0.00543309 0.00632643 0.00482586
21.08 0.311875 0.313646 0.291967 0.00468948 0.00564081 0.00446724
21.1 0.312026 0.313848 0.29211 0.00377536 0.00505023 0.00358698
21.12 0.312151 0.314038 0.292214 0.00310555 0.00475744 0.00259886
21.14 0.31227 0.314229 0.29229 0.00299351 0.00477398 0.0019001
21.16 0.312407 0.314429 0.292357 0.00342543 0.00499774 0.00167815
21.18 0.31257 0.314641 0.292434 0.0040636 0.00529831 0.00191713
21.2 0.312749 0.314863 0.292534 0.00446498 0.00554057 0.00249707
21.22 0.312924 0.315086 0.292663 0.0043794 0.00559546 0.00322993
21.24 0.31308 0.315301 0.292819 0.00390748 0.00535519 0.00388166
21.26 0.313216 0.315492 0.292988 0.00340675 0.00477803 0.00423762
21.28 0.313346 0.315651 0.293155 0.00324516 0.00397597 0.00418092
21.3 0.313489 0.31578 0.293306 0.0035661 0.00324315 0.00377203
21.32 0.313657 0.315898 0.293437 0.00419262 0.00294141 0.00326901
21.34 0.313847 0.316029 0.293557 0.0047594 0.00328385 0.00300731
21.36 0.314046 0.316196 0.293683 0.00497098 0.00416019 0.00315663
21.38 0.314237 0.316401 0.293825 0.00477057 0.00512405 0.00354789
21.4 0.314408 0.316624 0.293977 0.00429761 0.00557147 0.00377823
21.42 0.314557 0.316827 0.294119 0.00372424 0.00507892 0.00355505
21.44 0.314684 0.316975 0.294237 0.00317677 0.00370636 0.00296722
21.46 0.314796 0.317055 0.294334 0.00278557 0.00199015 0.00242432
21.48 0.314905 0.31708 0.294427 0.00273171 0.000630712 0.00232361
21.5 0.315031 0.317084 0.294538 0.0031356 0.000107797 0.00275602
21.52 0.315186 0.317102 0.294676 0.00388229 0.000456693 0.00346829
21.54 0.31537 0.317155 0.294838 0.00459844 0.00130551 0.00404449
21.56 0.315563 0.31724 0.295005 0.00483103 0.00212774 0.00417648
21.58 0.315735 0.317341 0.295159 0.00430347 0.00253455 0.00385103
21.6 0.31586 0.317438 0.295292 0.00312118 0.00241608 0.0033287
21.62 0.315932 0.317514 0.29541 0.00180535 0.0018955 0.00294072
21.64 0.315974 0.317562 0.295524 0.00104437 0.00120995 0.00286274
21.66 0.316024 0.317586 0.295645 0.00125354 0.000605152 0.00301606
21.68 0.316115 0.317597 0.295772 0.002278 0.00026545 0.00316059
21.7 0.316255 0.317609 0.295896 0.00349797 0.000303607 0.00312098
21.72 0.316424 0.317641 0.296016 0.00422619 0.00079565 0.00298703
21.74 0.316589 0.31771 0.296139 0.00410822 0.00173298 0.00308361
21.76 0.316721 0.317826 0.296286 0.00330841 0.00290399 0.00367615
21.78 0.316815 0.317983 0.296473 0.00234828 0.00390721 0.00466275
21.8 0.316883 0.318157 0.296695 0.00169552 0.00435135 0.00556019
21.82 0.316941 0.318321 0.296928 0.00145044 0.00410112 0.00582805
21.84 0.316997 0.318456 0.297139 0.00139896 0.00338532 0.00526321
21.86 0.31705 0.318563 0.297304 0.00132703 0.00266732 0.00413697
21.88 0.3171 0.318657 0.297425 0.00124985 0.00235925 0.00300664
21.9 0.317155 0.318762 0.29752 0.00137458 0.00261111 0.00239575
21.92 0.31723 0.318893 0.297622 0.0018874 0.00329201 0.00253641
21.94 0.317339 0.319057 0.297753 0.00273035 0.00409667 0.0032711
21.96 0.317481 0.319246 0.297918 0.00354127 0.00471621 0.00413467
21.98 0.317636 0.319446 0.298102 0.0038687 0.00500632 0.00460226
22 0.317777 0.319647 0.298278 0.00354025 0.00501263 0.00439801
22.02 0.317892 0.31984 0.298424 0.00286681 0.00483213 0.00365146
22.04 0.31799 0.320019 0.298536 0.0024436 0.00446932 0.00279549
22.06 0.318098 0.320174 0.298627 0.00269205 0.00387314 0.00228723
22.08 0.318238 0.320299 0.298721 0.00350657 0.00312752 0.00232694
22.1 0.31841 0.320401 0.298831 0.00431311 0.00257053 0.0027633
22.12 0.318591 0.320506 0.298961 0.00452103 0.00261954 0.00323695
22.14 0.318751 0.320643 0.299097 0.00400774 0.0034197 0.00342403
22.16 0.318881 0.320829 0.299226 0.00322963 0.00464945 0.00321723
22.18 0.318996 0.321055 0.299336 0.00287893 0.00565142 0.00275261
22.2 0.31913 0.321288 0.299428 0.00336398 0.0058336 0.00229765
22.22 0.31931 0.321492 0.299512 0.00449142 0.00509936 0.00209398
22.24 0.319534 0.321651 0.299601 0.00559161 0.00397004 0.00223831
22.26 0.319774 0.321781 0.299708 0.00601304 0.00325553 0.00265659
22.28 0.319997 0.321921 0.299835 0.00558112 0.00348631 0.00317686
22.3 0.320184 0.322103 0.299979 0.00465185 0.00454728 0.0036149
22.32 0.320335 0.322335 0.300134 0.00379755 0.0058033 0.00385289
22.34 0.320473 0.322597 0.300289 0.00342866 0.00655665 0.00389858
22.36 0.320617 0.322856 0.300445 0.00360283 0.00647914 0.0038779
22.38 0.32078 0.323086 0.300602 0.00407359 0.00574797 0.00392772
22.4 0.320959 0.32328 0.300765 0.0044911 0.00485506 0.00408593
22.42 0.321144 0.323452 0.300937 0.00461158 0.00427697 0.00429906
22.44 0.32132 0.32362 0.301116 0.00439342 0.00422002 0.00447489
22.46 0.321479 0.323803 0.301296 0.00398096 0.00457405 0.00448714
22.48 0.321623 0.324006 0.301463 0.00361391 0.00506624 0.00418806
22.5 0.321763 0.324225 0.301603 0.00349301 0.00547839 0.00350458
22.52 0.321909 0.324455 0.301705 0.00364897 0.00574362 0.00255013
22.54 0.322066 0.324689 0.30177 0.00392449 0.00586221 0.00162459
22.56 0.32223 0.324921 0.301813 0.00411029 0.00579332 0.00107849
22.58 0.322394 0.32514 0.301859 0.00408897 0.00548286 0.00113948
22.6 0.322549 0.325339 0.301932 0.00388005 0.00496368 0.00182422
22.62 0.322693 0.325514 0.30205 0.00360788 0.00438729 0.00295766
22.64 0.322831 0.325674 0.30222 0.00344185 0.00398739 0.00425564
22.66 0.322972 0.325833 0.302437 0.00352883 0.00398358 0.0054238
22.68 0.323129 0.32601 0.302686 0.0039137 0.00441013 0.00620736
22.7 0.323308 0.32621 0.302941 0.00447415 0.00500969 0.00638114
22.72 0.323506 0.326424 0.303172 0.00495846 0.00535122 0.00577847
22.74 0.323712 0.32663 0.303349 0.00514469 0.00515368 0.00442547
22.76 0.323911 0.326811 0.303456 0.00498577 0.0045262 0.00266321
22.78 0.324097 0.326966 0.303499 0.00463484 0.00386121 0.00109252
22.8 0.324272 0.327107 0.303513 0.00436951 0.00353592 0.000347391
22.82 0.324449 0.327255 0.303545 0.00442751 0.00369723 0.000796418
22.84 0.324641 0.327424 0.303638 0.00480374 0.0042211 0.00231657
22.86 0.32485 0.327616 0.303809 0.00522397 0.0048116 0.00428154
22.88 0.325065 0.327823 0.304043 0.00538789 0.00517744 0.00584786
22.9 0.325274 0.328031 0.3043 0.00521924 0.00519273 0.00641401
22.92 0.325469 0.328229 0.304536 0.00486929 0.00495007 0.00592155
22.94 0.325651 0.328415 0.304728 0.00455242 0.00465473 0.00479215
22.96 0.325828 0.328592 0.304872 0.00443421 0.00440545 0.00360805
22.98 0.326012 0.328756 0.304985 0.00458304 0.0041124 0.00280845
23 0.326208 0.328903 0.305087 0.00490441 0.00366359 0.00256618
23.02 0.326414 0.329027 0.3052 0.00515449 0.00311694 0.0028179
23.04 0.326618 0.329134 0.305334 0.00510992 0.00267571 0.00334043
23.06 0.326807 0.329234 0.305487 0.00471669 0.00250158 0.00382908
23.08 0.32697 0.329337 0.305647 0.00407856 0.00257338 0.00399436
23.1 0.327105 0.329445 0.305793 0.00338317 0.00268465 0.00366657
23.12 0.32722 0.329549 0.305907 0.00287037 0.00259523 0.00284691
23.14 0.327331 0.329638 0.305976 0.00275917 0.00223398 0.00171042
23.16 0.327454 0.329709 0.306 0.00309227 0.00178469 0.000609348
23.18 0.327601 0.329772 0.306 0.00367711 0.00156697 -8.51735e-06
23.2 0.327769 0.329843 0.306007 0.00419589 0.00178408 0.000175703
23.22 0.327945 0.329938 0.306052 0.00438182 0.00235667 0.00114276
23.24 0.32811 0.330057 0.306154 0.00414797 0.0029906 0.00253594
23.26 0.328254 0.330193 0.306308 0.00360113 0.00338839 0.00385877
23.28 0.328373 0.330329 0.306497 0.00296927 0.00341741 0.00471378
23.3 0.328474 0.330455 0.306695 0.00251185 0.00313452 0.00494773
23.32 0.328571 0.330562 0.30688 0.00242301 0.00267673 0.00464136
23.34 0.32868 0.330649 0.30704 0.00273904 0.00217183 0.00399523
23.36 0.328811 0.330719 0.30717 0.00328103 0.00175104 0.00324845
23.38 0.328959 0.330781 0.307277 0.00369968 0.00156378 0.00266594
23.4 0.329106 0.33085 0.307376 0.00366989 0.00171925 0.00248966
23.42 0.329231 0.330939 0.307489 0.00312987 0.00222246 0.00281696
23.44 0.329326 0.331057 0.30763 0.0023631 0.00294926 0.00351833
23.46 0.329399 0.331203 0.307801 0.00182287 0.00365007 0.00429462
23.48 0.329471 0.331364 0.307995 0.00181525 0.00402857 0.00483176
23.5 0.329563 0.33152 0.308193 0.00229963 0.00389589 0.00495467
23.52 0.329681 0.331652 0.30838 0.00294991 0.00329095 0.004686
23.54 0.329818 0.331751 0.308549 0.00341272 0.00247988 0.00420708
23.56 0.329959 0.331824 0.308699 0.00351405 0.00182501 0.0037586
23.58 0.33009 0.331889 0.30884 0.00329412 0.00162121 0.00351951
23.6 0.330207 0.331968 0.308981 0.00290708 0.00198845 0.00352258
23.62 0.330306 0.332081 0.309128 0.00249126 0.00282314 0.00367924
23.64 0.330392 0.332234 0.309283 0.00213413 0.00381119 0.00388829
23.66 0.330468 0.332415 0.309447 0.00192046 0.00453962 0.0040996
23.68 0.330546 0.332603 0.309619 0.00194419 0.00468588 0.00429415
23.7 0.330636 0.33277 0.309798 0.00224258 0.00419446 0.00446592
23.72 0.330746 0.332904 0.309982 0.00275346 0.00334218 0.00460499
23.74 0.33088 0.333008 0.310167 0.00335443 0.00260546 0.00463708
23.76 0.331036 0.333104 0.310344 0.00390093 0.00240461 0.00441818
23.78 0.331205 0.333219 0.310498 0.00422674 0.00286005 0.00385521
23.8 0.331374 0.333367 0.31062 0.00421429 0.00370017 0.00304576
23.82 0.33153 0.333544 0.310711 0.00389864 0.00443126 0.00227395
23.84 0.331668 0.333732 0.310784 0.00346163 0.00468586 0.00182001
23.86 0.331793 0.33391 0.310856 0.00312955 0.00447293 0.00179803
23.88 0.331917 0.334077 0.310942 0.00307942 0.00415355 0.00214777
23.9 0.332052 0.334243 0.31105 0.00337393 0.00416471 0.00270764
23.92 0.332208 0.334429 0.311181 0.00389895 0.00465712 0.003268
23.94 0.332383 0.334643 0.311325 0.0043842 0.00533454 0.00361712
23.96 0.332565 0.334869 0.31147 0.00454447 0.00566488 0.00362272
23.98 0.332736 0.335082 0.311604 0.0042737 0.00531451 0.00332808
24 0.332886 0.335259 0.311722 0.00377022 0.00441886 0.00295543
24.02 0.333024 0.335399 0.311832 0.00344709 0.00350086 0.00276458
24.04 0.333168 0.335524 0.311946 0.00359488 0.00313821 0.00284683
24.06 0.333331 0.335667 0.312067 0.0040828 0.00356524 0.00300901
24.08 0.333509 0.335847 0.312182 0.00442864 0.00449659 0.00287941
24.1 0.333677 0.336061 0.312271 0.0042181 0.00535048 0.00222054
24.12 0.333816 0.336288 0.312318 0.00346528 0.00567105 0.00119855
24.14 0.333919 0.336504 0.312332 0.00258853 0.00540103 0.000343741
24.16 0.334003 0.336697 0.312341 0.00208106 0.00482071 0.000212643
24.18 0.33409 0.336868 0.312382 0.00217275 0.00427948 0.00102353
24.2 0.334198 0.337027 0.312482 0.0027066 0.00398905 0.00251653
24.22 0.334329 0.337186 0.312647 0.00327663 0.00397546 0.00411678
24.24 0.33447 0.337352 0.312857 0.00351451 0.00413612 0.00525709
24.26 0.334602 0.337525 0.313081 0.00332271 0.00432629 0.00558857
24.28 0.334719 0.337702 0.313282 0.00290593 0.0044382 0.00502634
24.3 0.334822 0.33788 0.313433 0.00258736 0.00444596 0.00377121
24.32 0.334925 0.338056 0.313525 0.00257314 0.00440715 0.0023048
24.34 0.33504 0.338234 0.313574 0.00286513 0.0044308 0.00123507
24.36 0.335173 0.338418 0.313615 0.00332402 0.00461485 0.00100518
24.38 0.335324 0.338617 0.313682 0.00377842 0.00497863 0.00167445
24.4 0.335487 0.338834 0.313799 0.00406845 0.005419 0.00293088
24.42 0.335648 0.339063 0.313971 0.00404694 0.00573136 0.00430075
24.44 0.335795 0.339292 0.314186 0.00367091 0.00572517 0.0053829
24.46 0.335921 0.339507 0.314425 0.00313403 0.00537497 0.00596498
24.48 0.336034 0.339702 0.314666 0.00282391 0.00486693 0.00602229
24.5 0.336157 0.339881 0.314892 0.00308032 0.00448398 0.00566138
24.52 0.336314 0.340057 0.315094 0.00393734 0.00439871 0.00505315
24.54 0.336516 0.340239 0.315269 0.00503508 0.00452966 0.0043631
24.56 0.336748 0.340424 0.315417 0.00580449 0.00462209 0.00369505
24.58 0.336981 0.340604 0.315541 0.0058337 0.00450708 0.00310867
24.6 0.337188 0.340774 0.315648 0.00516224 0.00425963 0.00268833
24.62 0.337358 0.340938 0.315751 0.00426129 0.00409111 0.00255388
24.64 0.337507 0.341103 0.315861 0.00370854 0.00412867 0.00275584
24.66 0.337658 0.341275 0.315988 0.00379196 0.00429131 0.00317124
24.68 0.337832 0.341448 0.316129 0.00435461 0.00434247 0.00353774
24.7 0.338031 0.341612 0.316274 0.00497435 0.00408972 0.00361291
24.72 0.338242 0.341756 0.316407 0.00527315 0.00359138 0.00334481
24.74 0.338448 0.341882 0.316524 0.00514347 0.00316619 0.00292139
24.76 0.33864 0.34201 0.31663 0.00479631 0.00319534 0.00263581
24.78 0.338823 0.342164 0.316736 0.00457331 0.00384352 0.00266749
24.8 0.339009 0.342358 0.316855 0.00465015 0.00486704 0.00295306
24.82 0.339204 0.342586 0.316983 0.0048876 0.00568951 0.00322107
24.84 0.339403 0.342816 0.31711 0.00497648 0.00575573 0.00317283
24.86 0.339594 0.343013 0.31722 0.00476672 0.00492581 0.00273214
24.88 0.339771 0.343157 0.317306 0.00442852 0.00358807 0.002158
24.9 0.339941 0.343254 0.317381 0.00425601 0.00242045 0.00186967
24.92 0.340116 0.343334 0.317465 0.00437362 0.00200474 0.00211846
24.94 0.340302 0.343434 0.317578 0.00464741 0.00250253 0.00280154
24.96 0.340494 0.343577 0.317719 0.00479105 0.0035713 0.00354723
24.98 0.340676 0.343761 0.317879 0.00454597 0.00459952 0.00398957
25 0.34083 0.343964 0.31804 0.00385944 0.00507775 0.004021
25.02 0.340948 0.344157 0.318192 0.00295197 0.00482299 0.00380696
25.04 0.341036 0.344316 0.318334 0.00219537 0.00396908 0.00355966
25.06 0.341111 0.344429 0.318467 0.00187866 0.00284868 0.00332178
25.08 0.341193 0.344505 0.318586 0.0020374 0.0018752 0.00296662
25.1 0.341291 0.344559 0.318682 0.00245926 0.00136377 0.00238978
25.12 0.341405 0.344614 0.318749 0.00284164 0.00136315 0.00169703
25.14 0.341523 0.344682 0.318797 0.00296835 0.00170069 0.00119835
25.16 0.341635 0.344768 0.318846 0.00278764 0.00216335 0.00120985
25.18 0.34173 0.344871 0.318919 0.00238229 0.00257631 0.00183334
25.2 0.341806 0.344983 0.319034 0.0018965 0.0027919 0.00286891
25.22 0.341865 0.345092 0.31919 0.00148544 0.00274045 0.00390325
25.24 0.341916 0.345191 0.31937 0.00127235 0.00247429 0.00450753
25.26 0.341969 0.345276 0.319548 0.00132068 0.00210395 0.00444386
25.28 0.342036 0.345344 0.3197 0.00165947 0.00170788 0.00379004
25.3 0.342127 0.345398 0.319816 0.00228713 0.0013504 0.00291475
25.32 0.342251 0.345444 0.319908 0.00310591 0.00115966 0.00229229
25.34 0.342407 0.345496 0.319998 0.00389497 0.00128312 0.00224357
25.36 0.342584 0.345565 0.320108 0.00441345 0.00174428 0.0027616
25.38 0.342765 0.345661 0.32025 0.00453041 0.00239352 0.00354392
25.4 0.342936 0.345781 0.320417 0.00427081 0.00299362 0.00418795
25.42 0.343088 0.345915 0.320594 0.00381662 0.00334123 0.00442155
25.44 0.343226 0.346048 0.320764 0.00344954 0.00334682 0.00423945
25.46 0.343362 0.346171 0.320918 0.00339977 0.00305162 0.00385488
25.48 0.34351 0.346275 0.321058 0.00369741 0.00261423 0.00350977
25.5 0.343676 0.346365 0.321191 0.0041363 0.00225671 0.00331094
25.52 0.343851 0.346452 0.32132 0.0043808 0.00217073 0.00322112
25.54 0.344018 0.34655 0.321447 0.00416778 0.00245589 0.0031831
25.56 0.344157 0.346674 0.321576 0.00348746 0.00309585 0.00321759
25.58 0.344262 0.346832 0.321712 0.00262201 0.00394184 0.00340623
25.6 0.344342 0.347021 0.321864 0.00199145 0.00472713 0.00380089
25.62 0.344418 0.347228 0.322037 0.00191667 0.00516797 0.00432734
25.64 0.344517 0.347433 0.322227 0.00245541 0.00512577 0.00475666
25.66 0.344651 0.34762 0.32242 0.00336011 0.00468823 0.00480898
25.68 0.344818 0.347785 0.322594 0.00418548 0.00411037 0.00434409
25.7 0.344999 0.347932 0.322733 0.00451488 0.00368764 0.00348809
25.72 0.345166 0.348077 0.322837 0.00416816 0.00362404 0.00258751
25.74 0.345297 0.348234 0.322917 0.00327724 0.00392803 0.00200781
25.76 0.345387 0.34841 0.322995 0.00224416 0.0043935 0.00194149
25.78 0.34545 0.3486 0.323089 0.00158029 0.00474532 0.00235623
25.8 0.345516 0.348795 0.323211 0.00164988 0.0048836 0.00304899
25.82 0.345614 0.348993 0.32336 0.00245139 0.00494537 0.00372889
25.84 0.345757 0.349197 0.323524 0.00358723 0.0051083 0.00410627
25.86 0.345936 0.349413 0.323685 0.00446477 0.00539846 0.00401085
25.88 0.346122 0.349641 0.323825 0.00464544 0.00568125 0.00350839
25.9 0.346286 0.349871 0.323942 0.00411347 0.00575604 0.00291436
25.92 0.346418 0.35009 0.324046 0.00328987 0.00548383 0.00261545
25.94 0.34653 0.350287 0.324158 0.00280125 0.00492153 0.00278441
25.96 0.346654 0.35046 0.324287 0.00310132 0.00433263 0.0032356
25.98 0.34682 0.350621 0.32443 0.00416319 0.00402308 0.00357111
26 0.347039 0.350787 0.324569 0.00545739 0.00415034 0.0034898
26.02 0.34729 0.350973 0.32469 0.00626915 0.0046548 0.00300899
26.04 0.347537 0.351186 0.324787 0.00619217 0.00530513 0.00243604
26.06 0.347754 0.351418 0.324872 0.00541443 0.005811 0.00211836
26.08 0.347935 0.351657 0.32496 0.0045401 0.00597316 0.00220393
26.1 0.3481 0.351889 0.325064 0.00411676 0.00579324 0.00258805
26.12 0.348271 0.352107 0.325185 0.00427523 0.00545872 0.00303084
26.14 0.348461 0.352315 0.325318 0.00474129 0.00521008 0.00333573
26.16 0.348665 0.352523 0.325457 0.00511821 0.00519421 0.00346897
26.18 0.348872 0.352739 0.325598 0.00515772 0.0053874 0.00353656
26.2 0.349066 0.352965 0.325745 0.00485628 0.00564533 0.00366332
26.22 0.349243 0.353197 0.3259 0.00441671 0.00581544 0.00387519
26.24 0.349408 0.353429 0.326063 0.00412394 0.00579397 0.00406883
26.26 0.349574 0.353651 0.326227 0.00417029 0.00554098 0.00409642
26.28 0.349755 0.353854 0.326383 0.00452044 0.00507946 0.00389977
26.3 0.349953 0.354034 0.326526 0.00493552 0.00450134 0.00357897
26.32 0.350159 0.354193 0.326659 0.00516472 0.00397398 0.00334094
26.34 0.350365 0.354341 0.326794 0.00514134 0.00369459 0.00336965
26.36 0.350564 0.354492 0.326942 0.00498821 0.00378832 0.0037031
26.38 0.350759 0.354661 0.32711 0.0048665 0.00421574 0.00419975
26.4 0.350952 0.354851 0.327295 0.0048279 0.00475526 0.00460842
26.42 0.351144 0.355055 0.327484 0.00478711 0.00509638 0.00472357
26.44 0.351329 0.355256 0.327664 0.00463017 0.00503548 0.00451385
26.46 0.351503 0.355442 0.327829 0.00436154 0.00464437 0.00411728
26.48 0.351669 0.35561 0.327978 0.00414583 0.00420957 0.00372817
26.5 0.351836 0.35577 0.328117 0.00417137 0.00398407 0.00346948
26.52 0.352014 0.35593 0.328251 0.00446019 0.00401336 0.00336269
26.54 0.352208 0.356096 0.328386 0.00482749 0.00414328 0.00337573
26.56 0.352409 0.356262 0.328524 0.00503355 0.0041434 0.00344738
26.58 0.352608 0.356417 0.328664 0.00496759 0.00387543 0.00350653
26.6 0.352795 0.356554 0.328805 0.0046833 0.00343988 0.00352341
26.62 0.352967 0.356681 0.328946 0.00429077 0.00316184 0.00351678
26.64 0.35312 0.356814 0.329085 0.00384096 0.00332657 0.00347712
26.66 0.353253 0.35697 0.329218 0.00332336 0.00389179 0.00333418
26.68 0.353364 0.357149 0.32934 0.00276872 0.00447575 0.00304428
26.7 0.353457 0.357334 0.329448 0.00231868 0.00462922 0.00268174
26.72 0.353544 0.3575 0.329544 0.00217116 0.00415974 0.0024085
26.74 0.353641 0.357631 0.329638 0.0024354 0.003284 0.00235914
26.76 0.353762 0.357732 0.32974 0.00303923 0.00250195 0.00254603
26.78 0.353912 0.357821 0.329853 0.00373945 0.00224231 0.00282793
26.8 0.35408 0.357923 0.329972 0.00418714 0.00255466 0.00297638
26.82 0.354242 0.358048 0.330086 0.00407236 0.00312067 0.00284141
26.84 0.354376 0.358189 0.330186 0.00333838 0.00351105 0.00249937
26.86 0.354468 0.358327 0.330275 0.00231097 0.00345557 0.00223332
26.88 0.35453 0.358446 0.330368 0.00154563 0.00297779 0.0023177
26.9 0.35459 0.35854 0.330479 0.00148379 0.00235318 0.00277605
26.92 0.354677 0.358616 0.330612 0.00218193 0.00190375 0.00331995
26.94 0.354808 0.358688 0.330753 0.00326942 0.00178656 0.00352964
26.96 0.354974 0.358767 0.330879 0.00415442 0.00196847 0.00315097
26.98 0.355149 0.35886 0.330971 0.00438324 0.0023264 0.00229919
27 0.355305 0.358968 0.331028 0.00390605 0.00271875 0.00142294
27.02 0.355428 0.359088 0.331069 0.00307227 0.00300435 0.00102802
27.04 0.355524 0.359212 0.331124 0.00238614 0.00309256 0.0013779
27.06 0.355611 0.359332 0.331219 0.00216997 0.00300596 0.00236286
27.08 0.355706 0.359447 0.331361 0.00238771 0.00285621 0.00355566
27.1 0.355818 0.359558 0.331538 0.00278721 0.00278182 0.00442074
27.12 0.355945 0.359674 0.331722 0.00317711 0.00289916 0.00459749
27.14 0.356086 0.359804 0.331884 0.00352586 0.0032469 0.00407288
27.16 0.356239 0.359953 0.33201 0.00384405 0.00371906 0.00314777
27.18 0.356402 0.360116 0.332101 0.00406496 0.00408814 0.00226673
27.2 0.356564 0.360283 0.332173 0.00404921 0.00416335 0.00180153
27.22 0.356711 0.360441 0.332249 0.00368621 0.00394958 0.00188622
27.24 0.356832 0.360586 0.332345 0.00302628 0.00364068 0.00240159
27.26 0.356926 0.360725 0.332469 0.0023421 0.00347197 0.00309765
27.28 0.357006 0.360868 0.332618 0.0020011 0.00357319 0.00374391
27.3 0.357094 0.361025 0.332787 0.00219697 0.00391217 0.00422081
27.32 0.357207 0.361199 0.332968 0.00281135 0.00435154 0.00451214
27.34 0.357347 0.361389 0.333153 0.00352323 0.0047693 0.00463544
27.36 0.357509 0.361595 0.333336 0.00403146 0.00513661 0.0045854
27.38 0.357679 0.361814 0.33351 0.00424569 0.00548011 0.00433751
27.4 0.357851 0.362045 0.333666 0.00431259 0.00577257 0.00391296
27.42 0.358029 0.36228 0.333804 0.00444437 0.00588728 0.0034405
27.44 0.358216 0.362508 0.333929 0.00467505 0.00569659 0.0031198
27.46 0.358408 0.362716 0.334053 0.00479267 0.00520466 0.00309196
27.48 0.358588 0.362899 0.334185 0.00451705 0.00457462 0.0033228
27.5 0.358739 0.363062 0.33433 0.00376814 0.0040656 0.00362305
27.52 0.358851 0.363219 0.334483 0.00279316 0.00392405 0.00381407
27.54 0.358932 0.363388 0.334638 0.00203165 0.0042355 0.00386862
27.56 0.359006 0.363581 0.334793 0.00184052 0.00481747 0.00388673
27.58 0.359097 0.363792 0.334952 0.00228792 0.00528081 0.0039771
27.6 0.359222 0.364003 0.335119 0.00312642 0.0052556 0.00416683
27.62 0.35938 0.364188 0.335294 0.00393554 0.0046404 0.00437872
27.64 0.359553 0.364337 0.335473 0.00432936 0.00372045 0.00446705
27.66 0.359718 0.364458 0.335644 0.00413106 0.0030354 0.00429289
27.68 0.359857 0.36458 0.335798 0.00347779 0.00302754 0.00383697
27.7 0.359967 0.364729 0.335929 0.00274623 0.00372368 0.00326971
27.72 0.36006 0.364917 0.336043 0.00232026 0.00471925 0.00285124
27.74 0.360155 0.365136 0.336152 0.00237494 0.00547772 0.00272226
27.76 0.360268 0.365363 0.336264 0.00282725 0.00566996 0.00280675
27.78 0.360405 0.365576 0.33638 0.00341981 0.00531274 0.00290072
27.8 0.360558 0.365763 0.336493 0.00384498 0.00468174 0.00283222
27.82 0.360715 0.365928 0.336596 0.00391245 0.0041137 0.00257744
27.84 0.360862 0.36608 0.336687 0.00367918 0.00381988 0.00226525
27.86 0.360998 0.366232 0.336771 0.00340868 0.00379918 0.00208845
27.88 0.361133 0.366388 0.336858 0.00335143 0.00388991 0.00217574
27.9 0.361274 0.366545 0.336957 0.00353239 0.0039217 0.00247527
27.92 0.361424 0.366699 0.337067 0.00375645 0.00385033 0.00274925
27.94 0.361577 0.366849 0.337176 0.00381761 0.00374594 0.00272985
27.96 0.361725 0.366996 0.337269 0.00369754 0.00367421 0.00233142
27.98 0.361867 0.367141 0.337339 0.00356328 0.00362512 0.00174562
28 0.362012 0.367283 0.337392 0.00361818 0.00356378 0.00132868
28.02 0.36217 0.367424 0.337447 0.00394635 0.00352599 0.00137102
28.04 0.362347 0.367568 0.337524 0.00442679 0.00360599 0.00193247
28.06 0.362537 0.367721 0.337637 0.004764 0.00382388 0.00282869
28.08 0.362724 0.367883 0.337786 0.00465746 0.0040515 0.00372888
28.1 0.362885 0.368047 0.337958 0.00402548 0.00409633 0.00429724
28.12 0.363009 0.368201 0.338131 0.00310101 0.00384553 0.0043281
28.14 0.363102 0.368336 0.338285 0.00232635 0.0033626 0.00382966
28.16 0.363186 0.368451 0.338406 0.00211472 0.00288607 0.00302443
28.18 0.36329 0.368558 0.338496 0.00259098 0.00268482 0.00225756
28.2 0.363429 0.368673 0.33857 0.0034861 0.00286746 0.00185396
28.22 0.363601 0.368805 0.338648 0.00428691 0.00329994 0.00195723
28.24 0.363783 0.368954 0.338746 0.00455282 0.00372238 0.00245202
28.26 0.36395 0.369112 0.338868 0.00418113 0.00394376 0.00303401
28.28 0.36409 0.369269 0.339004 0.00348343 0.00393644 0.00339491
28.3 0.364209 0.36942 0.33914 0.00299234 0.00376619 0.00340371
28.32 0.364333 0.369558 0.339266 0.00309198 0.00345582 0.00315692
28.34 0.364484 0.369677 0.339381 0.00376287 0.00298067 0.00288156
28.36 0.364669 0.369773 0.339493 0.00463529 0.00238995 0.00278201
28.38 0.364879 0.369847 0.339609 0.00524744 0.00186288 0.0029241
28.4 0.365091 0.369913 0.339738 0.0053063 0.00164088 0.00321712
28.42 0.365285 0.36999 0.339879 0.00484143 0.00191764 0.00350948
28.44 0.365452 0.370099 0.340026 0.00419159 0.00271938 0.00369809
28.46 0.365605 0.370251 0.340177 0.00380388 0.00381418 0.00375189
28.48 0.365763 0.370442 0.340324 0.00394933 0.00476455 0.00368552
28.5 0.365945 0.370648 0.340466 0.00455938 0.00514602 0.0035551
28.52 0.366156 0.370839 0.340604 0.00528679 0.00478361 0.00345372
28.54 0.366385 0.370993 0.340743 0.00572034 0.00384781 0.00345843
28.56 0.366611 0.371103 0.340886 0.00563971 0.00275442 0.00357391
28.58 0.366817 0.371181 0.341035 0.00516131 0.00195239 0.00373759
28.6 0.367003 0.37125 0.34119 0.00463935 0.00172061 0.00386768
28.62 0.367179 0.371334 0.341346 0.00439251 0.00210126 0.00389193
28.64 0.367359 0.371452 0.341495 0.00450177 0.00294728 0.0037449
28.66 0.367553 0.371612 0.341631 0.00485597 0.00400934 0.00339323
28.68 0.367766 0.371813 0.341747 0.00532009 0.00502818 0.00290539
28.7 0.367997 0.372045 0.341846 0.00579029 0.00580347 0.00246618
28.72 0.368242 0.372294 0.341937 0.00611373 0.00620982 0.00227012
28.74 0.368484 0.372542 0.342031 0.00605632 0.00620463 0.00236035
28.76 0.368701 0.372776 0.342134 0.0054294 0.00585565 0.002567
28.78 0.368873 0.372989 0.342239 0.00428276 0.00532629 0.00262046
28.8 0.368992 0.373182 0.342334 0.0029919 0.00481202 0.00237437
28.82 0.369076 0.373361 0.342412 0.00209829 0.00449208 0.00195364
28.84 0.369155 0.373541 0.342479 0.00198122 0.00448682 0.00167211
28.86 0.369259 0.373733 0.34255 0.00260188 0.00481003 0.00177397
28.88 0.369399 0.373947 0.342639 0.00349718 0.00532945 0.00222408
28.9 0.369561 0.374178 0.342748 0.0040507 0.00578094 0.00272846
28.92 0.369717 0.374414 0.342866 0.00389272 0.00590895 0.00295809
28.94 0.369842 0.37464 0.342978 0.00313207 0.00564981 0.0028012
28.96 0.369932 0.374847 0.343076 0.00225051 0.0051681 0.00243932
28.98 0.370003 0.375036 0.343163 0.00175424 0.00472288 0.00218328
29 0.370076 0.375216 0.343251 0.00184071 0.00450543 0.00221074
29.02 0.370169 0.375397 0.343349 0.00231502 0.00452291 0.0024433
29.04 0.37028 0.37558 0.343455 0.00277327 0.00457556 0.00265858
29.06 0.370396 0.375756 0.343564 0.00289433 0.00440836 0.00270328
29.08 0.370501 0.375915 0.343668 0.00263536 0.00397863 0.00261093
29.1 0.37059 0.376059 0.34377 0.0022257 0.00357944 0.00254289
29.12 0.370669 0.376204 0.343876 0.00198813 0.00364496 0.00265586
29.14 0.370755 0.376379 0.343997 0.00212693 0.00436913 0.00302748
29.16 0.37086 0.376598 0.344142 0.00264442 0.00546067 0.00363065
29.18 0.370997 0.376849 0.344315 0.00340909 0.0062751 0.00431693
29.2 0.371167 0.377099 0.34451 0.00425202 0.00626186 0.00487233
29.22 0.371367 0.377314 0.344716 0.0050014 0.00536631 0.00515275
29.24 0.371586 0.377477 0.344922 0.00548492 0.00409437 0.0051573
29.26 0.371808 0.377606 0.345121 0.00554223 0.00320164 0.0049571
29.28 0.372011 0.377734 0.345305 0.00508096 0.00320358 0.00460353
29.3 0.372179 0.377895 0.34547 0.00419426 0.00404 0.00414017
29.32 0.372308 0.378101 0.345617 0.003237 0.00514559 0.00366626
29.34 0.372416 0.378335 0.34575 0.00268301 0.00585345 0.00332423
29.36 0.372528 0.378567 0.345879 0.00280352 0.00579749 0.00321492
29.38 0.372667 0.37877 0.346012 0.00347112 0.00506887 0.00333466
29.4 0.372837 0.378934 0.346155 0.00426742 0.00410407 0.00358317
29.42 0.373028 0.379069 0.346307 0.00476558 0.00338455 0.00379191
29.44 0.373217 0.379193 0.346457 0.00473349 0.00309256 0.00374448
29.46 0.373385 0.379315 0.346587 0.00419239 0.0030388 0.00326889
29.48 0.37352 0.379433 0.346683 0.00338448 0.00294538 0.00239428
29.5 0.373626 0.379543 0.346739 0.00264821 0.00275352 0.00140515
29.52 0.373715 0.379648 0.346767 0.00222144 0.00264398 0.000701316
29.54 0.3738 0.37976 0.34679 0.00212272 0.00280002 0.000570128
29.56 0.373889 0.379887 0.346832 0.00222098 0.00316442 0.00103226
29.58 0.373985 0.380024 0.346905 0.00240247 0.00343446 0.00184568
29.6 0.374091 0.380157 0.347011 0.00263881 0.00331958 0.00264024
29.62 0.374206 0.38027 0.347135 0.00288899 0.00281482 0.00310778
29.64 0.374326 0.380359 0.347261 0.00299655 0.00222414 0.00313872
29.66 0.374437 0.380435 0.347375 0.00276333 0.00191802 0.00285218
29.68 0.374522 0.380518 0.347476 0.00214452 0.00205898 0.00252645
29.7 0.374575 0.380618 0.347574 0.00132639 0.00251228 0.00245474
29.72 0.3746 0.380737 0.347686 0.000617244 0.00295644 0.00278393
29.74 0.374612 0.38086 0.347822 0.000308546 0.00308751 0.0034217
29.76 0.374636 0.380972 0.347986 0.000582099 0.00280428 0.00407778
29.78 0.374692 0.381064 0.348163 0.00141732 0.00228764 0.00442762
29.8 0.374795 0.38114 0.348334 0.00257054 0.00190586 0.00429219
29.82 0.374943 0.381219 0.348483 0.00370538 0.00198595 0.00372428
29.84 0.375126 0.381324 0.348602 0.0045641 0.00261035 0.00296519
29.86 0.375327 0.381466 0.348694 0.00501624 0.00356474 0.0023065
29.88 0.375529 0.381644 0.348772 0.00504682 0.00443456 0.00194793
29.9 0.37572 0.381836 0.348849 0.00477883 0.0047991 0.0019271
29.92 0.375897 0.382015 0.348935 0.00443747 0.00447346 0.00214912
29.94 0.376066 0.38216 0.349034 0.00422556 0.00363941 0.00247929
29.96 0.376236 0.38227 0.349147 0.00423483 0.00273316 0.00282892
29.98 0.376413 0.382357 0.349274 0.00444082 0.00218907 0.00317549
30 0.376602 0.382445 0.349414 0.00472988 0.00219668 0.00349307
30.02 0.376802 0.38255 0.349561 0.00498762 0.0026166 0.00367506
30.04 0.37701 0.382675 0.349703 0.00521271 0.00314085 0.00355261
30.06 0.377231 0.382818 0.349824 0.00551006 0.00356197 0.00302277
30.08 0.377468 0.382973 0.349912 0.00593802 0.00389168 0.00218747
30.1 0.377724 0.383144 0.349967 0.00638658 0.00426438 0.00138724
30.12 0.377989 0.383334 0.35001 0.00663094 0.00475297 0.00106194
30.14 0.37825 0.383544 0.35007 0.00651427 0.00523495 0.00150535
30.16 0.378493 0.383761 0.350176 0.00608304 0.00543738 0.00265908
30.18 0.378716 0.383968 0.35034 0.00556716 0.00516649 0.00408398
30.2 0.378925 0.384149 0.350546 0.00522656 0.00453509 0.00515405
30.22 0.379132 0.384308 0.350761 0.00517465 0.00397182 0.00537222
30.24 0.379344 0.384466 0.350947 0.00530365 0.0039569 0.00465402
30.26 0.379559 0.384654 0.351082 0.00537038 0.00468253 0.00338727
30.28 0.379766 0.38489 0.351172 0.00519539 0.00591696 0.002235
30.3 0.379959 0.385177 0.351244 0.00481866 0.00715984 0.00179652
30.32 0.380138 0.385494 0.351335 0.00446119 0.00792257 0.0022777
30.34 0.38031 0.385811 0.35147 0.0043171 0.00793558 0.00337749
30.36 0.380485 0.386101 0.351648 0.00436088 0.00724061 0.00446453
30.38 0.380659 0.386347 0.351846 0.00434924 0.00616425 0.00492842
30.4 0.38082 0.386553 0.352026 0.00403999 0.00515641 0.00452305
30.42 0.380957 0.386736 0.352166 0.00341157 0.00456183 0.00350065
30.44 0.381064 0.386916 0.352264 0.00267096 0.00449026 0.00243821
30.46 0.381148 0.387109 0.352339 0.00210082 0.00483214 0.00187546
30.48 0.381224 0.387322 0.352419 0.00190021 0.00533112 0.00200367
30.5 0.381308 0.387549 0.352522 0.00210873 0.0056756 0.00258182
30.52 0.381412 0.387774 0.352647 0.00260879 0.00561893 0.00311733
30.54 0.38154 0.387979 0.352775 0.0031874 0.00511865 0.00319815
30.56 0.381685 0.388155 0.352885 0.00363357 0.00440277 0.00274218
30.58 0.381838 0.388309 0.352965 0.00382036 0.00385773 0.00199537
30.6 0.381987 0.38846 0.353018 0.00372503 0.00376948 0.00133327
30.62 0.382123 0.388624 0.35306 0.00340236 0.00411365 0.00106381
30.64 0.382242 0.388807 0.353114 0.00296353 0.00456568 0.00133198
30.66 0.382345 0.388997 0.353197 0.00257553 0.00474524 0.00208973
30.68 0.382442 0.389177 0.353322 0.00242848 0.0045179 0.00311597
30.7 0.382548 0.389341 0.353486 0.0026578 0.00408755 0.00410922
30.72 0.382678 0.389492 0.353678 0.00325242 0.00376641 0.00479541
30.74 0.382839 0.389638 0.353879 0.00402155 0.0036658 0.00502484
30.76 0.383027 0.389784 0.354072 0.00469487 0.0036447 0.00483247
30.78 0.383231 0.389925 0.354249 0.00509785 0.00351376 0.00440519
30.8 0.38344 0.390054 0.354407 0.00523132 0.0032434 0.00394945
30.82 0.383647 0.390174 0.35455 0.00518187 0.00299066 0.00358721
30.84 0.383847 0.390291 0.354685 0.00498881 0.00293744 0.00338057
30.86 0.384032 0.390415 0.35482 0.00462462 0.00309993 0.00336343
30.88 0.384195 0.390547 0.35496 0.0040884 0.00328766 0.00350127
30.9 0.384336 0.390677 0.355108 0.00350644 0.00323956 0.00369803
30.92 0.38446 0.39079 0.355263 0.00311566 0.0028491 0.00387695
30.94 0.384584 0.390883 0.355423 0.00310066 0.00230408 0.00399957
30.96 0.384721 0.390962 0.355583 0.0034201 0.00198791 0.00400226
30.98 0.384873 0.391049 0.355735 0.00379883 0.00218284 0.00379518
31 0.385029 0.391161 0.355869 0.00389452 0.00279864 0.00335877
31.02 0.385169 0.391296 0.355981 0.00351172 0.00337239 0.00280651
31.04 0.385278 0.391432 0.356074 0.00271762 0.003402 0.00231405
31.06 0.385351 0.391542 0.356153 0.001812 0.00274713 0.00198752
31.08 0.385398 0.391613 0.356227 0.00119029 0.00175983 0.00182965
31.1 0.385444 0.391655 0.356298 0.00114032 0.00104763 0.00178788
31.12 0.38551 0.391698 0.35637 0.00165771 0.00108308 0.00180682
31.14 0.385607 0.391775 0.356445 0.002433 0.00191895 0.00186287
31.16 0.385729 0.3919 0.356524 0.00304082 0.00314334 0.00196469
31.18 0.385856 0.392064 0.356608 0.0031704 0.00409918 0.00211524
31.2 0.385967 0.392236 0.3567 0.00278809 0.00429527 0.00229367
31.22 0.386055 0.392386 0.356799 0.00218324 0.00373577 0.00246592
31.24 0.386128 0.392501 0.356902 0.00182054 0.00287644 0.00258589
31.26 0.386209 0.392591 0.357007 0.00202714 0.00226179 0.00261742
31.28 0.386319 0.392679 0.357109 0.00275117 0.00219504 0.0025706
31.3 0.386463 0.392786 0.357209 0.00360969 0.00266567 0.00249123
31.32 0.38663 0.392924 0.357306 0.00416865 0.00345829 0.0024226
31.34 0.386798 0.393096 0.357402 0.00421544 0.00429663 0.00240973
31.36 0.386952 0.393293 0.357503 0.0038459 0.00493722 0.00252291
31.38 0.387086 0.393502 0.357616 0.00333235 0.0052298 0.00282269
31.4 0.387201 0.393707 0.357748 0.00289457 0.00511614 0.00328245
31.42 0.387305 0.393891 0.357898 0.00259754 0.00460602 0.00377282
31.44 0.387403 0.394045 0.358064 0.00244508 0.00382972 0.00414892
31.46 0.387503 0.394168 0.358238 0.00248888 0.00308032 0.00433727
31.48 0.387615 0.394276 0.358411 0.00281101 0.00271822 0.00431864
31.5 0.387752 0.394395 0.358574 0.00341922 0.00296744 0.0040745
31.52 0.387918 0.394545 0.358718 0.0041543 0.00374678 0.00361785
31.54 0.388107 0.394733 0.35884 0.00471544 0.0046939 0.00304565
31.56 0.388301 0.394948 0.358941 0.00484953 0.00538174 0.0025149
31.58 0.388482 0.39517 0.359027 0.00454288 0.00555479 0.00215137
31.6 0.388643 0.39538 0.359106 0.00402649 0.00523221 0.00198954
31.62 0.388788 0.395567 0.359186 0.00362052 0.00467598 0.0019853
31.64 0.388931 0.395736 0.359269 0.00357485 0.00423752 0.00207056
31.66 0.389089 0.395901 0.359357 0.00395608 0.00412863 0.00221535
31.68 0.389273 0.396073 0.359455 0.00459431 0.00429984 0.00244085
31.7 0.389479 0.396255 0.359566 0.00515125 0.004539 0.00276496
31.72 0.389692 0.396442 0.359691 0.00532822 0.0046761 0.00314534
31.74 0.389895 0.39663 0.359831 0.00505442 0.00469198 0.00348478
31.76 0.390074 0.396817 0.359978 0.00449329 0.00469162 0.00367901
31.78 0.39023 0.39701 0.360124 0.00389977 0.0048149 0.00365962
31.8 0.390369 0.397215 0.360262 0.00347902 0.00512963 0.00344231
31.82 0.390503 0.397437 0.360388 0.00333636 0.00554371 0.00315794
31.84 0.390642 0.39767 0.360507 0.00348561 0.00584002 0.00298067
31.86 0.390796 0.397904 0.360626 0.00384073 0.00585243 0.00296276
31.88 0.390964 0.398127 0.360744 0.00421009 0.00556191 0.00295929
31.9 0.391139 0.398329 0.360855 0.00436898 0.00505028 0.00276669
31.92 0.391307 0.398508 0.360949 0.00420708 0.00446565 0.00234169
31.94 0.39146 0.398668 0.361024 0.00381016 0.00400651 0.00187421
31.96 0.391596 0.398821 0.36109 0.00340261 0.00382805 0.0016475
31.98 0.391726 0.398978 0.361163 0.00324763 0.00392062 0.00183696
32 0.391867 0.399142 0.361259 0.00351928 0.00410806 0.00239393
32.02 0.392032 0.399309 0.361381 0.00413493 0.00418491 0.00305574
32.04 0.392221 0.399472 0.36152 0.00472257 0.00407198 0.00348076
32.06 0.392415 0.399627 0.361659 0.00486007 0.0038612 0.00346988
32.08 0.392592 0.399775 0.361784 0.00440999 0.00371707 0.00313227
32.1 0.392738 0.399924 0.361897 0.00364861 0.00372366 0.00281419
32.12 0.392861 0.400078 0.362009 0.00308744 0.00383835 0.00281185
32.14 0.392986 0.400237 0.362135 0.00311817 0.00396464 0.00312836
32.16 0.393136 0.400398 0.362273 0.00376162 0.00403605 0.0034621
32.18 0.393324 0.40056 0.36241 0.00470079 0.00405016 0.00341594
32.2 0.393544 0.400722 0.362521 0.00549356 0.00404403 0.00278833
32.22 0.393777 0.400883 0.362591 0.00581647 0.00404107 0.00175734
32.24 0.394001 0.401044 0.362624 0.00560071 0.00402462 0.000801171
32.26 0.394201 0.401202 0.362639 0.00499982 0.0039508 0.000392782
32.28 0.394371 0.401354 0.362667 0.00426738 0.00379429 0.000695807
32.3 0.394516 0.401498 0.362727 0.00362594 0.00359738 0.0015089
32.32 0.394645 0.401637 0.362826 0.00320271 0.00347342 0.00246271
32.34 0.394767 0.401779 0.362956 0.00304971 0.00353845 0.00324781
32.36 0.394893 0.40193 0.363105 0.00316916 0.00378894 0.00372051
32.38 0.395032 0.402092 0.36326 0.00347716 0.00404261 0.00389429
32.4 0.395183 0.402254 0.363415 0.00376763 0.00404663 0.00385838
32.42 0.395334 0.402401 0.363562 0.0037775 0.00368605 0.00367852
32.44 0.395469 0.402526 0.363697 0.00336132 0.00312189 0.00338235
32.46 0.395574 0.402635 0.363819 0.00262695 0.00273163 0.00303393
32.48 0.39565 0.402749 0.36393 0.00191605 0.00284995 0.00277708
32.5 0.395715 0.402888 0.36404 0.0016148 0.00347762 0.0027594
32.52 0.39579 0.403057 0.364161 0.00187305 0.00422804 0.00301457
32.54 0.395888 0.403241 0.364298 0.0024424 0.0045783 0.00343243
32.56 0.396002 0.403411 0.364451 0.00286213 0.00425002 0.00383389
32.58 0.396116 0.403548 0.364614 0.00285218 0.00344182 0.00407504
32.6 0.396216 0.403657 0.364778 0.00248919 0.00270954 0.00408338
32.62 0.396298 0.403759 0.364931 0.00206857 0.00255243 0.00382707
32.64 0.396373 0.403881 0.365063 0.00187381 0.00305658 0.00331374
32.66 0.396454 0.404036 0.36517 0.00201464 0.00387871 0.00265772
32.68 0.396549 0.404217 0.365254 0.00238432 0.00451308 0.00210232
32.7 0.396659 0.404402 0.365331 0.00275079 0.00464248 0.00192866
32.72 0.396777 0.404576 0.365423 0.00292948 0.00433304 0.00229423
32.74 0.396893 0.404732 0.365546 0.00290438 0.00391868 0.00309572
32.76 0.397004 0.404881 0.365705 0.00278781 0.00370578 0.00396997
32.78 0.397111 0.405031 0.365884 0.00267258 0.00376592 0.00446504
32.8 0.397214 0.405189 0.366055 0.00255838 0.00394173 0.00428066
32.82 0.39731 0.405349 0.366193 0.00241679 0.00401184 0.00344395
32.84 0.397403 0.405504 0.366286 0.00232106 0.00385739 0.00231996
32.86 0.397502 0.405644 0.366342 0.00248044 0.00351556 0.0014045
32.88 0.397625 0.405769 0.366383 0.00306936 0.00312563 0.00102393
32.9 0.397785 0.405883 0.366429 0.00399156 0.00283856 0.00116983
32.92 0.397978 0.405992 0.366492 0.00483115 0.00273859 0.00156898
32.94 0.39818 0.406105 0.366569 0.00505814 0.00280274 0.00190864
32.96 0.398355 0.406222 0.366651 0.00436246 0.00292744 0.00205107
32.98 0.398472 0.406342 0.366735 0.0029224 0.00299651 0.00209742
33 0.398528 0.406459 0.366824 0.00142011 0.00292489 0.00224512
33.02 0.398557 0.406566 0.366928 0.000723052 0.00268896 0.0025881
33.04 0.398612 0.406661 0.36705 0.00136255 0.00236555 0.00305073
33.06 0.398738 0.406746 0.367188 0.00314162 0.00212425 0.00346388
33.08 0.398944 0.406831 0.367335 0.00516632 0.00212163 0.00365669
33.1 0.399198 0.406927 0.367475 0.0063568 0.00240291 0.0035026
33.12 0.399443 0.407042 0.367593 0.00612074 0.00288141 0.00294295
33.14 0.399631 0.407176 0.367675 0.00469751 0.00336192 0.0020545
33.16 0.39975 0.407321 0.36772 0.00296468 0.0036219 0.00112335
33.18 0.399825 0.407464 0.367742 0.0018912 0.00356522 0.000569497
33.2 0.399905 0.407598 0.367771 0.00197853 0.00334433 0.000705081
33.22 0.400025 0.407729 0.367832 0.00299816 0.00328499 0.00153025
33.24 0.400192 0.407874 0.367941 0.00419845 0.0036163 0.00273268
33.26 0.400386 0.408044 0.368095 0.00484516 0.00424853 0.00385862
33.28 0.400574 0.408237 0.368277 0.00468221 0.00483839 0.00454783
33.3 0.400732 0.408439 0.368465 0.00397104 0.00504967 0.00470107
33.32 0.400861 0.408631 0.368645 0.00321878 0.0048053 0.00448038
33.34 0.400976 0.408806 0.36881 0.00287224 0.00435355 0.00413109
33.36 0.401101 0.408969 0.368961 0.0031148 0.0040868 0.00378317
33.38 0.401254 0.409139 0.369097 0.00382608 0.00424297 0.00340591
33.4 0.401442 0.409328 0.369215 0.00470107 0.00473203 0.00293561
33.42 0.401659 0.409537 0.369312 0.00542049 0.00522874 0.00241937
33.44 0.401889 0.409753 0.369393 0.00575337 0.00540088 0.00202909
33.46 0.402112 0.409958 0.369471 0.00558388 0.00511714 0.0019562
33.48 0.402309 0.41014 0.369563 0.00491695 0.00454476 0.00229876
33.5 0.402465 0.410302 0.369683 0.00391364 0.00404785 0.003011
33.52 0.402581 0.410459 0.36984 0.00289874 0.0039408 0.00390842
33.54 0.402671 0.41063 0.370029 0.00223279 0.00427357 0.00472803
33.56 0.402755 0.410822 0.370238 0.00212023 0.00479451 0.00523176
33.58 0.402857 0.411026 0.37045 0.00253103 0.00511142 0.00529775
33.6 0.402987 0.411224 0.370648 0.00325104 0.00493419 0.00494637
33.62 0.403145 0.411395 0.37082 0.00396824 0.00427268 0.00430566
33.64 0.403321 0.411533 0.370962 0.00438506 0.00345073 0.0035408
33.66 0.403494 0.411648 0.371073 0.00434109 0.0028852 0.00278833
33.68 0.403649 0.41176 0.371159 0.00386545 0.00280773 0.00214858
33.7 0.403775 0.411887 0.371229 0.00316082 0.00316935 0.00173404
33.72 0.403878 0.412038 0.371295 0.00255376 0.00375831 0.00165184
33.74 0.403972 0.412211 0.37137 0.00237082 0.00434549 0.00189385
33.76 0.404083 0.412401 0.371462 0.00275357 0.00473211 0.00228786
33.78 0.404224 0.412591 0.371566 0.00352667 0.00476821 0.00260421
33.8 0.404394 0.412767 0.371674 0.00425375 0.00440266 0.00270098
33.82 0.404574 0.412917 0.371777 0.00451265 0.00374195 0.0025581
33.84 0.404742 0.413039 0.371865 0.00419648 0.00304965 0.0022037
33.86 0.404886 0.413145 0.371931 0.00359815 0.00264191 0.0016694
33.88 0.405013 0.413255 0.371974 0.00317872 0.00274412 0.00106407
33.9 0.405142 0.413389 0.371999 0.00322941 0.00335589 0.000623605
33.92 0.405291 0.413556 0.372023 0.00370682 0.00418419 0.000592805
33.94 0.405462 0.413747 0.372064 0.00428529 0.00477994 0.00104346
33.96 0.405645 0.413942 0.372137 0.00457046 0.00485534 0.00180807
33.98 0.40582 0.414122 0.372239 0.00438 0.00452008 0.00255311
34 0.405977 0.41429 0.372357 0.00391565 0.00420123 0.00295747
34.02 0.406122 0.414463 0.372474 0.00363384 0.00431496 0.00291368
34.04 0.406277 0.414662 0.372578 0.00388159 0.00497278 0.00261025
34.06 0.406461 0.414898 0.372674 0.00460284 0.0059007 0.00238637
34.08 0.406676 0.415163 0.372773 0.005372 0.00661574 0.00248102
34.1 0.406904 0.415433 0.372889 0.00569135 0.00675319 0.00289822
34.12 0.407116 0.415685 0.373027 0.00530114 0.0063177 0.00344637
34.14 0.40729 0.415912 0.373181 0.00434023 0.00565891 0.00385337
34.16 0.40742 0.416119 0.373336 0.00327061 0.00518479 0.0038819
34.18 0.407525 0.416322 0.373474 0.00260777 0.00505999 0.00344853
34.2 0.40763 0.416527 0.373582 0.00261828 0.0051335 0.00270253
34.22 0.407757 0.416732 0.373661 0.00318852 0.00513525 0.00196827
34.24 0.407914 0.41693 0.373724 0.00393075 0.00492971 0.00157264
34.26 0.408091 0.417114 0.373791 0.00442041 0.00462316 0.00169171
34.28 0.408268 0.417293 0.373883 0.0044259 0.00446486 0.00229155
34.3 0.408429 0.417478 0.374009 0.00402158 0.00462267 0.00315289
34.32 0.408569 0.417679 0.374168 0.00348796 0.00502297 0.00397738
34.34 0.408692 0.417894 0.37435 0.00307477 0.00536758 0.00453284
34.36 0.408805 0.418106 0.374539 0.00284216 0.00530958 0.00473934
34.38 0.408913 0.418293 0.374725 0.00270367 0.0046834 0.00463703
34.4 0.409017 0.418438 0.374896 0.00258094 0.00361121 0.00429294
34.42 0.409117 0.418535 0.375047 0.0025115 0.00243669 0.00377718
34.44 0.409222 0.418598 0.375176 0.00262628 0.00156767 0.00321125
34.46 0.409343 0.418649 0.375286 0.00301998 0.0012826 0.00275891
34.48 0.409487 0.418713 0.375388 0.00361459 0.00159929 0.00254006
34.5 0.409653 0.418804 0.375491 0.00412767 0.00227829 0.00257593
34.52 0.40982 0.418921 0.375603 0.00419469 0.00292907 0.0027915
34.54 0.409965 0.419049 0.375724 0.00361649 0.0031994 0.0030478
34.56 0.410068 0.419168 0.375853 0.00257377 0.00295707 0.00321252
34.58 0.410133 0.419262 0.375983 0.00161336 0.00235598 0.00325209
34.6 0.410186 0.419333 0.376113 0.00133106 0.00176524 0.00326095
34.62 0.410263 0.419394 0.376249 0.0019414 0.00154676 0.00337721
34.64 0.410387 0.419466 0.376395 0.00309616 0.001776 0.00366477
34.66 0.410552 0.419552 0.376557 0.00410758 0.00216007 0.00404761
34.68 0.410727 0.419644 0.37673 0.00438071 0.00230154 0.00432645
34.7 0.410878 0.419726 0.376901 0.00377959 0.00204162 0.00427455
34.72 0.410986 0.419787 0.377052 0.00269552 0.00152693 0.00376276
34.74 0.411057 0.419828 0.377165 0.0017823 0.00103632 0.00282962
34.76 0.41112 0.419861 0.377232 0.00156606 0.000820126 0.00168001
34.78 0.411205 0.419902 0.377257 0.00213479 0.00102983 0.000628123
34.8 0.411328 0.419968 0.377256 0.00306496 0.00165612 -2.75059e-05
34.82 0.411475 0.420069 0.377251 0.00368322 0.0025261 -0.000134904
34.84 0.411617 0.420205 0.377262 0.00354552 0.00340079 0.000285334
34.86 0.411728 0.420369 0.377306 0.00276736 0.00408184 0.00109399
34.88 0.411806 0.420547 0.377389 0.00195442 0.00444661 0.00207115
34.9 0.411877 0.420724 0.377506 0.00177437 0.00443917 0.0029357
34.92 0.411975 0.420888 0.377643 0.00246881 0.00410405 0.00341581
34.94 0.412122 0.421033 0.377777 0.00366982 0.00362725 0.00336234
34.96 0.412309 0.421164 0.37789 0.00465697 0.0032674 0.00281654
34.98 0.412503 0.421293 0.37797 0.00485241 0.00321652 0.00199509
35 0.412671 0.421435 0.378019 0.00420281 0.00355038 0.00122607
35.02 0.412798 0.421604 0.378052 0.00318796 0.00422304 0.000833046
35.04 0.412897 0.421805 0.378091 0.00245655 0.00503686 0.000969089
35.06 0.412991 0.422032 0.378152 0.00236241 0.00568154 0.00153578
35.08 0.413101 0.422268 0.378243 0.0027534 0.00589197 0.00226958
35.1 0.413228 0.422493 0.378359 0.00317364 0.00560935 0.00288817
35.12 0.413359 0.422693 0.378487 0.00326811 0.00501677 0.00320556
35.14 0.413481 0.422871 0.378614 0.00304401 0.00443338 0.0031789
35.16 0.413593 0.423037 0.37873 0.00282273 0.00415291 0.00290872
35.18 0.413711 0.42321 0.378834 0.00293948 0.00432504 0.00260225
35.2 0.413849 0.423406 0.378933 0.00345647 0.00491116 0.00247828
35.22 0.414014 0.423634 0.379039 0.00411516 0.0057036 0.00264813
35.24 0.414196 0.423891 0.379162 0.00454076 0.0064164 0.00306034
35.26 0.414376 0.424163 0.379303 0.00452214 0.0067959 0.00354178
35.28 0.414543 0.42443 0.379458 0.00416123 0.006687 0.00386994
35.3 0.414694 0.424673 0.379612 0.0037801 0.00607039 0.00385461
35.32 0.414841 0.424877 0.379751 0.00366988 0.00510989 0.0034695
35.34 0.414996 0.425043 0.379869 0.00387991 0.00414364 0.00294248
35.36 0.415165 0.425186 0.379975 0.00422541 0.00357945 0.00265556
35.38 0.415344 0.425335 0.380091 0.00448051 0.00371764 0.0028897
35.4 0.415526 0.425518 0.380235 0.00455174 0.00456383 0.00361795
35.42 0.415707 0.425748 0.380415 0.00450295 0.00576833 0.00449783
35.44 0.415886 0.42602 0.380618 0.00448426 0.00678064 0.00507113
35.46 0.416071 0.426304 0.38082 0.00461808 0.00712285 0.00503481
35.48 0.416266 0.426569 0.380996 0.00488757 0.00661952 0.0044068
35.5 0.416471 0.426789 0.381134 0.00512296 0.00548331 0.0034656
35.52 0.416676 0.426958 0.381236 0.00513482 0.00423827 0.00254683
35.54 0.416872 0.427097 0.381311 0.00489178 0.00347393 0.00185793
35.56 0.417055 0.427238 0.381368 0.00456979 0.00351242 0.00143177
35.58 0.417232 0.427406 0.381417 0.00441687 0.00421108 0.0012326
35.6 0.417414 0.427608 0.381467 0.00455355 0.00504445 0.00124992
35.62 0.417608 0.427824 0.381526 0.00486732 0.00541733 0.00147386
35.64 0.417812 0.428026 0.3816 0.00507937 0.00503282 0.00184435
35.66 0.41801 0.428188 0.38169 0.00495143 0.00405645 0.00225082
35.68 0.418189 0.428307 0.381792 0.00449493 0.00297076 0.00254524
35.7 0.418349 0.428398 0.381895 0.0039876 0.00227082 0.00257434
35.72 0.418498 0.428486 0.381986 0.00373165 0.00221787 0.0022901
35.74 0.41865 0.428596 0.38206 0.00380066 0.0027284 0.00183769
35.76 0.418811 0.428733 0.382119 0.00402862 0.003431 0.0014769
35.78 0.418979 0.428888 0.382175 0.00417955 0.00388006 0.00139726
35.8 0.419143 0.429041 0.382239 0.00410445 0.00381284 0.0016092
35.82 0.419295 0.429172 0.382319 0.00381363 0.00328798 0.00198144
35.84 0.419433 0.429277 0.382412 0.00345227 0.00263305 0.00233713
35.86 0.419559 0.429367 0.382513 0.00314626 0.0022367 0.00252937
35.88 0.419674 0.42946 0.382613 0.00286855 0.00231865 0.00250202
35.9 0.419774 0.429572 0.382706 0.0025127 0.00280223 0.00232893
35.92 0.419858 0.429706 0.382794 0.00208298 0.00336089 0.0021847
35.94 0.419927 0.429851 0.382883 0.00174066 0.00361721 0.00223105
35.96 0.419993 0.429985 0.382984 0.00164404 0.00335416 0.00251789
35.98 0.420066 0.43009 0.383103 0.00181869 0.00263759 0.00297516
36 0.420153 0.430162 0.38324 0.00217738 0.00179257 0.00343608
36.02 0.420257 0.430212 0.383388 0.00258725 0.00123901 0.00370428
36.04 0.420372 0.430263 0.383535 0.00289676 0.00127717 0.00366722
36.06 0.420492 0.43034 0.38367 0.00298501 0.0019289 0.00336817
36.08 0.420606 0.430456 0.383789 0.00285281 0.00290504 0.00297717
36.1 0.420711 0.430605 0.383897 0.00262113 0.00371403 0.00269953
36.12 0.420808 0.43076 0.384005 0.00243611 0.00388845 0.00269834
36.14 0.420904 0.430891 0.384127 0.00240682 0.00326122 0.00305662
36.16 0.421008 0.430975 0.384276 0.00258976 0.0021069 0.00373302
36.18 0.421127 0.431015 0.384458 0.00296321 0.00100528 0.00453122
36.2 0.421263 0.431035 0.384665 0.00342116 0.000484736 0.00517224
36.22 0.421416 0.431062 0.384882 0.0038131 0.000690824 0.00543388
36.24 0.421576 0.431116 0.385092 0.00399037 0.00133751 0.00524325
36.26 0.42173 0.431193 0.385278 0.00385516 0.00193199 0.0046708
36.28 0.421867 0.431277 0.385433 0.00343349 0.00209983 0.00385878
36.3 0.421984 0.43135 0.385552 0.00291678 0.00183385 0.00296823
36.32 0.422087 0.43141 0.385638 0.00259246 0.00149488 0.00216223
36.34 0.422195 0.431472 0.385701 0.00268614 0.00155079 0.00158141
36.36 0.422324 0.431561 0.385753 0.00323026 0.00220999 0.00130224
36.38 0.422486 0.43169 0.385806 0.00404027 0.00323395 0.00131966
36.4 0.422677 0.431855 0.385868 0.00479317 0.00411776 0.00155764
36.42 0.422885 0.432034 0.385944 0.00518158 0.0044772 0.00188415
36.44 0.423088 0.432206 0.386029 0.00508184 0.0043008 0.00212708
36.46 0.423272 0.432361 0.386114 0.00460345 0.00389274 0.00212226
36.48 0.42343 0.432505 0.386187 0.00395883 0.00358748 0.00182144
36.5 0.423564 0.432645 0.386241 0.00334287 0.0035095 0.00136575
36.52 0.423681 0.432788 0.386282 0.00291799 0.00356426 0.00100699
36.54 0.423794 0.432932 0.386318 0.00281725 0.00361389 0.000917285
36.56 0.423917 0.433079 0.386361 0.00308574 0.00365088 0.0010769
36.58 0.424062 0.433231 0.386415 0.00361277 0.0038029 0.00135393
36.6 0.424228 0.433399 0.386481 0.00416325 0.00419788 0.00162757
36.62 0.424408 0.433592 0.386554 0.00449445 0.00483399 0.00183498
36.64 0.424586 0.433814 0.386632 0.00446396 0.00554662 0.00195508
36.66 0.42475 0.434057 0.386711 0.00410117 0.00608165 0.00197321
36.68 0.424895 0.434307 0.386786 0.00362309 0.00623826 0.0018794
36.7 0.425028 0.434546 0.386855 0.00332041 0.0059807 0.0017061
36.72 0.425162 0.434764 0.386916 0.00333552 0.00546023 0.00154883
36.74 0.425304 0.434962 0.386978 0.00355849 0.00495621 0.00153455
36.76 0.425455 0.435152 0.387049 0.00377175 0.0047446 0.00177169
36.78 0.425609 0.435351 0.387142 0.00386207 0.00497067 0.00231994
36.8 0.425764 0.435575 0.387267 0.00387147 0.00559712 0.00314676
36.82 0.42592 0.435832 0.38743 0.00389915 0.00642572 0.00407028
36.84 0.42608 0.436119 0.387621 0.00399456 0.00717674 0.00478151
36.86 0.426244 0.436422 0.387821 0.00410972 0.00758032 0.00498982
36.88 0.42641 0.436721 0.388005 0.00414064 0.00747123 0.00460949
36.9 0.426571 0.436997 0.388159 0.00402113 0.00690646 0.00383876
36.92 0.426723 0.437245 0.388282 0.00379867 0.00619242 0.00306921
36.94 0.426868 0.437474 0.388389 0.00363087 0.00571886 0.00267345
36.96 0.427015 0.437702 0.3885 0.00367871 0.00569977 0.00278624
36.98 0.427174 0.437943 0.38863 0.00397512 0.00603268 0.00324138
37 0.42735 0.438199 0.388779 0.00438556 0.00639649 0.00372123
37.02 0.427537 0.438458 0.388938 0.00468717 0.00648641 0.00397437
37.04 0.427726 0.438706 0.389096 0.00472953 0.0061868 0.00395923
37.06 0.427909 0.43893 0.38925 0.00455827 0.00560381 0.00385075
37.08 0.428083 0.43913 0.389405 0.00435784 0.00499103 0.00386378
37.1 0.428253 0.439314 0.389565 0.00425823 0.00459551 0.00401284
37.12 0.428422 0.439493 0.389727 0.00421064 0.00447831 0.00404356
37.14 0.428584 0.439671 0.389872 0.00404721 0.00446412 0.0036264
37.16 0.42873 0.439843 0.389978 0.00365974 0.00429636 0.00265361
37.18 0.428855 0.439997 0.390034 0.0031179 0.00384642 0.00139732
37.2 0.428959 0.440126 0.39005 0.00261313 0.0032173 0.000404734
37.22 0.429052 0.440234 0.390057 0.00232621 0.00270109 0.000182257
37.24 0.429146 0.440337 0.390092 0.002354 0.00257689 0.000870105
37.26 0.429255 0.440452 0.390178 0.0027064 0.00287933 0.00213766
37.28 0.429386 0.440585 0.390312 0.00329224 0.00332871 0.00335853
37.3 0.429542 0.440726 0.39047 0.00389159 0.00351977 0.00395556
37.32 0.42971 0.440854 0.390618 0.00420843 0.00320502 0.00369392
37.34 0.429872 0.440952 0.390729 0.00405309 0.00244011 0.0027646
37.36 0.430013 0.441014 0.390794 0.00350481 0.00155912 0.0016331
37.38 0.430126 0.441054 0.390825 0.00284091 0.00100367 0.000776591
37.4 0.430219 0.441096 0.390844 0.00231667 0.00104561 0.00048742
37.42 0.430301 0.441159 0.390876 0.00205691 0.00158554 0.000798938
37.44 0.430385 0.441247 0.390937 0.00210261 0.00219723 0.00151016
37.46 0.430484 0.441344 0.391028 0.00246254 0.00240923 0.00228417
37.48 0.430607 0.441425 0.391141 0.00308117 0.00203465 0.0028137
37.5 0.430759 0.441478 0.39126 0.00379287 0.00132353 0.00298428
37.52 0.430933 0.441511 0.391376 0.00436467 0.000816368 0.0028954
37.54 0.431118 0.441549 0.391485 0.00461343 0.000959871 0.00272395
37.56 0.431298 0.441619 0.391588 0.00449853 0.00175411 0.00258285
37.58 0.431463 0.441728 0.391688 0.00412154 0.00272061 0.0024886
37.6 0.43161 0.441858 0.391785 0.00368236 0.00324188 0.0024211
37.62 0.431747 0.441979 0.39188 0.00341796 0.00302922 0.00239508
37.64 0.431886 0.442073 0.391979 0.00348593 0.00234147 0.00247255
37.66 0.432039 0.442144 0.392087 0.00382592 0.00178291 0.00269334
37.68 0.432205 0.442218 0.392207 0.004154 0.00184806 0.00298734
37.7 0.432372 0.442321 0.392334 0.00417537 0.00257282 0.0031792
37.72 0.432525 0.442462 0.392458 0.00381852 0.00353626 0.00311483
37.74 0.432657 0.44263 0.392571 0.00328764 0.00419005 0.00281138
37.76 0.432773 0.4428 0.392669 0.00290469 0.00424734 0.00245488
37.78 0.432888 0.442953 0.392758 0.00288074 0.00382477 0.00223154
37.8 0.433016 0.443083 0.392845 0.00320992 0.00326451 0.00217564
37.82 0.433165 0.443198 0.392933 0.00370681 0.00285947 0.00218331
37.84 0.433329 0.443306 0.393018 0.00411267 0.00271464 0.00214686
37.86 0.433499 0.443417 0.393101 0.00423406 0.00278057 0.00206479
37.88 0.433661 0.443536 0.393183 0.00406044 0.0029737 0.00204578
37.9 0.433812 0.443667 0.393272 0.00376956 0.00326041 0.00221882
37.92 0.433955 0.443812 0.393377 0.00357691 0.00364166 0.00263551
37.94 0.434097 0.443976 0.393506 0.00356098 0.00408884 0.00322407
37.96 0.434243 0.444156 0.393658 0.00364091 0.00449759 0.00380969
37.98 0.43439 0.444345 0.393826 0.00368636 0.00472546 0.00419188
38 0.434536 0.444534 0.393996 0.0036513 0.00473326 0.00424767
38.02 0.434681 0.444721 0.394155 0.00362064 0.00466546 0.00398344
38.04 0.43483 0.44491 0.394295 0.00371436 0.00473549 0.00350308
38.06 0.434987 0.44511 0.394413 0.00392976 0.00498993 0.00293853
38.08 0.435151 0.445318 0.394509 0.00409477 0.00521261 0.00240397
38.1 0.435312 0.445523 0.394589 0.00402172 0.00511457 0.00199958
38.12 0.435459 0.445708 0.394662 0.00369482 0.00462632 0.00182388
38.14 0.435592 0.445869 0.39474 0.00330257 0.00401203 0.00195601
38.16 0.435716 0.446017 0.394836 0.00311139 0.00371157 0.00239978
38.18 0.435846 0.446179 0.394957 0.00326194 0.00404455 0.0030262
38.2 0.435992 0.446377 0.3951 0.00364038 0.00494975 0.00357677
38.22 0.43615 0.446614 0.395252 0.0039474 0.00593948 0.00378562
38.24 0.436307 0.44687 0.395394 0.00392894 0.00640132 0.00354681
38.26 0.43645 0.447112 0.395513 0.00356173 0.00604643 0.00297435
38.28 0.436571 0.447317 0.395606 0.00303482 0.00511011 0.00232904
38.3 0.436675 0.447483 0.39568 0.00260834 0.00415531 0.00186026
38.32 0.436775 0.447631 0.395747 0.00249185 0.0037066 0.00165564
38.34 0.436885 0.44779 0.39581 0.00274871 0.00398427 0.00159422
38.36 0.437014 0.447984 0.395869 0.00323476 0.00483076 0.00145626
38.38 0.437161 0.448217 0.395914 0.00366713 0.0058282 0.00113233
38.4 0.437313 0.448478 0.395943 0.00381087 0.0065393 0.000740063
38.42 0.437458 0.448748 0.395965 0.00361321 0.00674325 0.000540689
38.44 0.437586 0.449009 0.395994 0.00320415 0.00652391 0.000731852
38.46 0.437697 0.449255 0.396046 0.00278313 0.00614826 0.00130169
38.48 0.437798 0.449489 0.396128 0.00251913 0.00585161 0.00204079
38.5 0.437899 0.449718 0.396234 0.00251851 0.00571416 0.00266152
38.52 0.438011 0.449946 0.396353 0.00281118 0.00570307 0.00296385
38.54 0.438145 0.450177 0.39647 0.00332869 0.00577896 0.00292964
38.56 0.4383 0.450414 0.396578 0.00389744 0.00591903 0.00268777
38.58 0.438472 0.450656 0.396674 0.00427555 0.00605896 0.00241466
38.6 0.438641 0.450898 0.396763 0.00424008 0.00605532 0.00222456
38.62 0.43879 0.451127 0.396847 0.00372087 0.0057123 0.00209957
38.64 0.438906 0.451323 0.396924 0.00290361 0.00491801 0.00191843
38.66 0.438993 0.451477 0.396988 0.00216607 0.0038416 0.0015875
38.68 0.439066 0.451595 0.397034 0.00183972 0.00295419 0.00116678
38.7 0.439146 0.451706 0.397069 0.00199566 0.00276366 0.000879359
38.72 0.439244 0.451844 0.397109 0.00243891 0.00346207 0.000981861
38.74 0.439359 0.452034 0.397172 0.00288378 0.00475169 0.00158129
38.76 0.439485 0.452273 0.397274 0.00313836 0.00596787 0.00254605
38.78 0.439611 0.452531 0.397417 0.00316704 0.00644642 0.00357752
38.8 0.439733 0.452767 0.397592 0.00304851 0.00589882 0.00437439
38.82 0.439849 0.452949 0.397783 0.00289745 0.0045537 0.00477918
38.84 0.439961 0.45307 0.397976 0.0028095 0.00301642 0.0048207
38.86 0.440075 0.453148 0.398161 0.00284381 0.00194776 0.00461909
38.88 0.440196 0.453217 0.398331 0.003021 0.00172492 0.00425289
38.9 0.440329 0.453307 0.39848 0.00332127 0.00226909 0.00373596
38.92 0.440477 0.453433 0.398604 0.00369999 0.00313458 0.00309181
38.94 0.440641 0.453584 0.398701 0.00410802 0.00378541 0.00242191
38.96 0.440821 0.45374 0.398777 0.00449376 0.00388339 0.00191951
38.98 0.441014 0.453877 0.39885 0.00481788 0.0034289 0.00180694
39 0.441215 0.453984 0.398938 0.00504425 0.00268824 0.00219464
39.02 0.44142 0.454064 0.399055 0.00511532 0.00199881 0.0029461
39.04 0.44162 0.454128 0.399203 0.00500531 0.0015963 0.00368836
39.06 0.441812 0.454189 0.399364 0.00480127 0.00153522 0.00402197
39.08 0.442 0.454257 0.399515 0.00468335 0.00169028 0.00377619
39.1 0.442191 0.454331 0.399638 0.00479429 0.00184292 0.00308401
39.12 0.442396 0.454403 0.399728 0.0051061 0.00181778 0.00224573
39.14 0.442612 0.454467 0.39979 0.00539903 0.00159221 0.00154488
39.16 0.442827 0.454519 0.399835 0.00538165 0.0013018 0.00113781
39.18 0.443023 0.454565 0.399877 0.00490059 0.00114209 0.00103078
39.2 0.443187 0.454614 0.399922 0.00410724 0.00123086 0.00112508
39.22 0.443324 0.454677 0.399974 0.00341889 0.0015601 0.00130836
39.24 0.443454 0.454759 0.400035 0.00325859 0.00205293 0.00151556
39.26 0.443604 0.454863 0.400104 0.0037517 0.00260711 0.00172733
39.28 0.443788 0.454986 0.400181 0.00460114 0.00308108 0.00193836
39.3 0.443998 0.455119 0.400266 0.00524465 0.0033111 0.00213012
39.32 0.444206 0.455247 0.400358 0.00520377 0.00319675 0.00228035
39.34 0.444382 0.455358 0.400453 0.0043854 0.00277448 0.00238615
39.36 0.444507 0.455446 0.40055 0.00313896 0.00220393 0.0024372
39.38 0.44459 0.455514 0.400646 0.0020695 0.00170679 0.00237698
39.4 0.444659 0.455574 0.400732 0.00171608 0.00150116 0.0021576
39.42 0.444749 0.455643 0.400806 0.00224746 0.00173581 0.00184968
39.44 0.444883 0.45574 0.400871 0.00336948 0.00241259 0.00164021
39.46 0.445064 0.455874 0.400939 0.00451267 0.00334811 0.00169621
39.48 0.445271 0.456043 0.40102 0.00516565 0.00423477 0.00202743
39.5 0.445475 0.456234 0.401119 0.00511422 0.00476627 0.0024605
39.52 0.445654 0.456426 0.401229 0.00448196 0.00479472 0.00275442
39.54 0.445799 0.456603 0.401339 0.00360303 0.00442072 0.00275109
39.56 0.445912 0.456761 0.401437 0.00283446 0.00395382 0.0024483
39.58 0.446009 0.456911 0.401517 0.00243308 0.00376029 0.00201103
39.6 0.44611 0.457073 0.401587 0.00251042 0.00404989 0.00173307
39.62 0.44623 0.457262 0.401663 0.0030116 0.00473041 0.00189909
39.64 0.446378 0.457481 0.401766 0.00369486 0.00546984 0.00258332
39.66 0.446545 0.457717 0.401908 0.00418379 0.0058936 0.00353891
39.68 0.446713 0.457948 0.40208 0.00418334 0.00579046 0.0042978
39.7 0.446861 0.458158 0.402257 0.00370522 0.00524455 0.00443668
39.72 0.446983 0.458343 0.402411 0.00305975 0.00462611 0.00385958
39.74 0.447088 0.458519 0.402526 0.00263088 0.0043908 0.00287793
39.76 0.447194 0.45871 0.402607 0.00264621 0.00477387 0.00201248
39.78 0.447317 0.458934 0.402674 0.00306915 0.00560306 0.00168443
39.8 0.447462 0.459189 0.402754 0.00362838 0.00638228 0.00199294
39.82 0.44762 0.459454 0.402862 0.00394269 0.00661932 0.00269982
39.84 0.447769 0.459701 0.402999 0.00373414 0.00617076 0.00342347
39.86 0.447892 0.459914 0.403155 0.00306649 0.00532534 0.00389748
39.88 0.447987 0.460096 0.403317 0.00237068 0.00455741 0.00406408
39.9 0.448073 0.460264 0.403475 0.00215556 0.004193 0.00394975
39.92 0.448178 0.460435 0.403617 0.00262267 0.00428027 0.00355049
39.94 0.448318 0.460622 0.403733 0.00351163 0.00467957 0.00287894
39.96 0.44849 0.460829 0.403815 0.00428146 0.00517748 0.00205531
39.98 0.448669 0.461052 0.403867 0.00448104 0.0055577 0.00129284
40 0.44883 0.461279 0.403899 0.00403644 0.00567961 0.00080435
40.02 0.44896 0.4615 0.403928 0.00324748 0.00553116 0.000719253
40.04 0.449063 0.461708 0.403969 0.0025604 0.00519578 0.00104072
40.06 0.449155 0.461899 0.404035 0.00230882 0.00478645 0.00163471
40.08 0.449257 0.462076 0.404125 0.00255682 0.00440927 0.00227122
40.1 0.449381 0.462242 0.404234 0.00308179 0.00415013 0.00271107
40.12 0.449521 0.462405 0.404345 0.00351483 0.00407732 0.00278047
40.14 0.449665 0.462574 0.404443 0.0035903 0.0042271 0.00243771
40.16 0.449798 0.462757 0.404516 0.00332642 0.00458555 0.00184773
40.18 0.449917 0.462961 0.40457 0.00297532 0.00508716 0.00134345
40.2 0.450029 0.463185 0.404619 0.00281094 0.005611 0.00123059
40.22 0.450147 0.463425 0.404683 0.00294405 0.0059825 0.00158729
40.24 0.450278 0.463666 0.404771 0.00327816 0.00604462 0.00221111
40.26 0.450422 0.463898 0.404881 0.00360403 0.00578533 0.00274622
40.28 0.450572 0.464112 0.404997 0.00374564 0.00536478 0.0028995
40.3 0.450719 0.464313 0.405101 0.00366809 0.00500692 0.00260143
40.32 0.450858 0.464508 0.405184 0.00348904 0.00487574 0.00205905
40.34 0.450993 0.464708 0.405251 0.00336667 0.00499945 0.00168275
40.36 0.451127 0.464919 0.405325 0.00335754 0.00527513 0.00185618
40.38 0.451263 0.465141 0.405432 0.00340109 0.00555492 0.00267123
40.4 0.451401 0.46537 0.405585 0.00342695 0.00572549 0.00381771
40.42 0.451539 0.465599 0.405774 0.00346873 0.00573647 0.00472957
40.44 0.451685 0.465823 0.40597 0.0036467 0.00560298 0.00491335
40.46 0.451846 0.466039 0.40614 0.00401992 0.00539102 0.00425093
40.48 0.452025 0.466246 0.406264 0.00447597 0.00517593 0.00308529
40.5 0.452216 0.466446 0.406344 0.00476718 0.00498911 0.00199543
40.52 0.452402 0.466637 0.406401 0.00466728 0.00478439 0.00142649
40.54 0.452569 0.466816 0.40646 0.00416079 0.00446862 0.00147923
40.56 0.45271 0.466975 0.406539 0.00352482 0.00398456 0.0019722
40.58 0.452837 0.467109 0.406644 0.00318764 0.00334624 0.00262578
40.6 0.452974 0.467214 0.406772 0.00342932 0.00261162 0.00319221
40.62 0.45314 0.467288 0.406912 0.00414465 0.00187112 0.00350869
40.64 0.453336 0.46734 0.407053 0.00489522 0.00128947 0.00352168
40.66 0.453544 0.467383 0.407184 0.00521089 0.00107729 0.00327572
40.68 0.453741 0.467436 0.407298 0.00490768 0.00133169 0.0028445
40.7 0.453909 0.467513 0.407389 0.00421204 0.00190642 0.00228274
40.72 0.454054 0.467611 0.407455 0.00360754 0.00245516 0.00164279
40.74 0.454194 0.467717 0.407495 0.00351466 0.00265108 0.00101448
40.76 0.454354 0.467813 0.407517 0.00400355 0.00240504 0.000542928
40.78 0.454544 0.467889 0.407533 0.00473653 0.00189303 0.00039928
40.8 0.454753 0.467944 0.407561 0.00522484 0.00138282 0.000705946
40.82 0.454961 0.467985 0.407619 0.00519706 0.00102869 0.00143684
40.84 0.455152 0.468018 0.407713 0.00477436 0.000822903 0.00236958
40.86 0.455325 0.468045 0.40784 0.00432712 0.000683136 0.00315799
40.88 0.45549 0.468068 0.40798 0.00414464 0.000558734 0.00351268
40.9 0.45566 0.468088 0.408115 0.00423473 0.000497108 0.00337015
40.92 0.455836 0.468113 0.408231 0.00439473 0.000634127 0.00290661
40.94 0.456012 0.468156 0.408327 0.00441378 0.00107884 0.00240637
40.96 0.456182 0.468227 0.408412 0.00423538 0.00176674 0.00211011
40.98 0.456341 0.468325 0.408496 0.00399485 0.00246164 0.00210565
41 0.456498 0.468442 0.408588 0.00392324 0.00291036 0.00229366
41.02 0.456666 0.468561 0.408687 0.00418105 0.00298702 0.00247371
41.04 0.456854 0.468671 0.408786 0.00471461 0.00275376 0.00248583
41.06 0.457064 0.468769 0.408878 0.00525301 0.0024307 0.00229414
41.08 0.457283 0.468859 0.408957 0.00547219 0.0022553 0.00198016
41.1 0.457492 0.468953 0.409025 0.00520809 0.00236406 0.00169656
41.12 0.457674 0.469065 0.40909 0.00456825 0.00279099 0.00162833
41.14 0.457829 0.469204 0.409167 0.0038677 0.00346403 0.0019198
41.16 0.457967 0.469371 0.409269 0.00344735 0.00417612 0.00254471
41.18 0.458105 0.469557 0.409398 0.00345525 0.00465838 0.00324128
41.2 0.458254 0.469748 0.409544 0.00372214 0.00476826 0.00364856
41.22 0.45841 0.469932 0.409687 0.00390307 0.00460978 0.00355516
41.24 0.458561 0.470111 0.409808 0.00378311 0.0044617 0.00304684
41.26 0.458698 0.470294 0.409907 0.00341361 0.0045795 0.00245115
41.28 0.458818 0.470495 0.409992 0.00298974 0.00502467 0.00213014
41.3 0.458925 0.47072 0.410082 0.00267575 0.00562871 0.00226358
41.32 0.459025 0.470965 0.410192 0.00251849 0.00612781 0.00274442
41.34 0.459123 0.471219 0.410322 0.00245371 0.00634082 0.00325356
41.36 0.459219 0.471469 0.410462 0.0023803 0.00625375 0.00348683
41.38 0.45931 0.471709 0.410596 0.00228021 0.00600107 0.00335422
41.4 0.459401 0.471941 0.410716 0.00226776 0.00579527 0.00301303
41.42 0.4595 0.472173 0.410826 0.0024938 0.00581924 0.00274988
41.44 0.45962 0.472417 0.410938 0.00298844 0.00610014 0.00279208
41.46 0.459764 0.472677 0.411064 0.00359131 0.00648238 0.00314968
41.48 0.459925 0.472946 0.411207 0.00403254 0.00674094 0.00357901
41.5 0.460089 0.473216 0.411357 0.00410512 0.00673859 0.0037442
41.52 0.460242 0.473477 0.411496 0.00381558 0.00653507 0.0034818
41.54 0.460377 0.473732 0.411614 0.00339204 0.00636857 0.00293816
41.56 0.460504 0.473992 0.411712 0.00316405 0.0064962 0.00245564
41.58 0.460639 0.474271 0.411804 0.00337073 0.00697545 0.00229775
41.6 0.460798 0.474573 0.411902 0.00398295 0.00755137 0.00244768
41.62 0.460986 0.474884 0.412007 0.00469223 0.0077841 0.00264094
41.64 0.46119 0.475178 0.412111 0.00511106 0.0073457 0.00258869
41.66 0.461392 0.475429 0.4122 0.00504432 0.00627988 0.00222482
41.68 0.461576 0.47563 0.412271 0.00460007 0.00500987 0.00176804
41.7 0.461738 0.475792 0.412332 0.00405991 0.0040533 0.0015422
41.72 0.461886 0.47594 0.412401 0.00368042 0.00370601 0.00170673
41.74 0.46203 0.476098 0.412486 0.00360169 0.00395739 0.00212385
41.76 0.462183 0.476282 0.412584 0.00382884 0.00458028 0.00245768
41.78 0.462352 0.476492 0.412681 0.00422715 0.00525921 0.00242527
41.8 0.462536 0.47672 0.412761 0.00459375 0.00568996 0.00200587
41.82 0.462727 0.476947 0.412819 0.00479469 0.00567502 0.00143853
41.84 0.462921 0.477154 0.41286 0.00482981 0.00519498 0.00104439
41.86 0.463112 0.477331 0.412902 0.00478619 0.00441076 0.00104336
41.88 0.463302 0.477475 0.412961 0.00475613 0.00361366 0.00147295
41.9 0.463493 0.4776 0.413049 0.00477549 0.00312082 0.00220918
41.92 0.463685 0.477725 0.41317 0.00479961 0.00311212 0.0030201
41.94 0.463874 0.477865 0.413315 0.00471111 0.00350465 0.00361906
41.96 0.464048 0.478025 0.413466 0.00435814 0.00399582 0.00377083
41.98 0.464195 0.478194 0.413603 0.00367506 0.00424432 0.00341703
42 0.46431 0.478358 0.413712 0.00286798 0.00407751 0.00272958
42.02 0.464406 0.478502 0.413794 0.00241566 0.00362186 0.00206824
42.04 0.464515 0.478631 0.413868 0.00272554 0.00321458 0.00183068
42.06 0.464664 0.478755 0.413956 0.00371257 0.00310748 0.00221241
42.08 0.464853 0.478886 0.414078 0.00473211 0.00326858 0.00303801
42.1 0.465054 0.479025 0.414232 0.00501727 0.00346406 0.00384762
42.12 0.465225 0.479164 0.4144 0.00427797 0.00349209 0.00420656
42.14 0.465342 0.479298 0.414559 0.00292783 0.00334626 0.00397791
42.16 0.465413 0.479426 0.414692 0.00176769 0.00319944 0.00333461
42.18 0.46547 0.479555 0.414795 0.00143979 0.00322906 0.00256412
42.2 0.465553 0.479691 0.41487 0.00205461 0.00339912 0.00188527
42.22 0.465679 0.479829 0.414927 0.00316588 0.00344176 0.00141637
42.24 0.465842 0.479953 0.414976 0.00406554 0.00310794 0.00122936
42.26 0.466012 0.480051 0.415032 0.00426441 0.0024335 0.00138815
42.28 0.466165 0.480122 0.415109 0.00380864 0.00177453 0.00192003
42.3 0.466291 0.480185 0.415218 0.00315588 0.0015872 0.00274181
42.32 0.466401 0.480268 0.415363 0.00274633 0.00208497 0.00362754
42.34 0.466508 0.480389 0.415534 0.00268593 0.00302377 0.00427166
42.36 0.46662 0.480542 0.415711 0.00279789 0.00381352 0.00441566
42.38 0.466735 0.480698 0.41587 0.00287825 0.00390756 0.00397238
42.4 0.466851 0.480826 0.415993 0.00287954 0.00319063 0.00308831
42.42 0.466967 0.480909 0.416076 0.00291872 0.00207435 0.00208166
42.44 0.467093 0.480957 0.416128 0.00313682 0.00121472 0.00127617
42.46 0.467234 0.480999 0.416162 0.00353515 0.00104666 0.000861
42.48 0.467392 0.481059 0.416197 0.00394079 0.00150024 0.000865064
42.5 0.467557 0.481143 0.416244 0.00412034 0.00209798 0.0011929
42.52 0.467714 0.481237 0.416311 0.00393975 0.00233894 0.00167813
42.54 0.467853 0.481319 0.416397 0.00347661 0.00206646 0.0021478
42.56 0.467974 0.481381 0.416497 0.00302806 0.00154155 0.00248063
42.58 0.468092 0.481429 0.416602 0.00294832 0.00120846 0.00263482
42.6 0.468227 0.481484 0.416707 0.00337867 0.00136778 0.00261952
42.62 0.468392 0.481563 0.416805 0.00412496 0.00197062 0.00244475
42.64 0.468585 0.481669 0.416889 0.00481598 0.00264458 0.00211507
42.66 0.468791 0.481787 0.416956 0.00515535 0.00295294 0.00167279
42.68 0.468993 0.481895 0.417006 0.00505416 0.0027148 0.00124834
42.7 0.469179 0.481981 0.417048 0.00463551 0.00214398 0.00105345
42.72 0.469345 0.482049 0.417099 0.00414753 0.00168809 0.00126342
42.74 0.469496 0.482117 0.417173 0.00378715 0.00170546 0.00185704
42.76 0.469639 0.482208 0.417276 0.00355708 0.00226559 0.00257811
42.78 0.469773 0.482335 0.4174 0.00336459 0.00317277 0.00309153
42.8 0.469903 0.482499 0.417528 0.00323651 0.004113 0.00319578
42.82 0.470036 0.482691 0.417644 0.00334448 0.00480967 0.0029065
42.84 0.470188 0.482896 0.417739 0.00379014 0.00512131 0.00238359
42.86 0.470364 0.483099 0.417812 0.00438958 0.00505642 0.00181352
42.88 0.470554 0.483289 0.417866 0.00475083 0.00475178 0.00136915
42.9 0.470737 0.483467 0.417916 0.00459221 0.00444879 0.0012306
42.92 0.470897 0.483644 0.417978 0.003991 0.00443435 0.00155039
42.94 0.471031 0.483839 0.418072 0.00335048 0.00488252 0.00234691
42.96 0.471156 0.484067 0.418209 0.0031256 0.00569656 0.00343567
42.98 0.471296 0.484329 0.418388 0.00350225 0.00655655 0.00446772
43 0.471465 0.484615 0.41859 0.00422679 0.00713765 0.00506652
43.02 0.471655 0.484906 0.418791 0.00474902 0.00728354 0.00500621
43.04 0.471841 0.485188 0.418964 0.00465186 0.00704306 0.00433537
43.06 0.472002 0.485452 0.419098 0.00400939 0.00659219 0.00334802
43.08 0.472135 0.485697 0.419195 0.0033233 0.00612878 0.0024279
43.1 0.472259 0.485929 0.419271 0.00311411 0.00580409 0.00189163
43.12 0.472401 0.486157 0.419347 0.00354816 0.00569645 0.00189666
43.14 0.472576 0.486388 0.419442 0.00436494 0.005788 0.00239563
43.16 0.47278 0.486627 0.419568 0.00510011 0.00597217 0.00314689
43.18 0.472996 0.486872 0.41972 0.00539757 0.00611652 0.00379751
43.2 0.473204 0.487117 0.419882 0.00520257 0.00612441 0.0040411
43.22 0.473393 0.487355 0.420032 0.00472245 0.00595287 0.00376088
43.24 0.473561 0.48758 0.420155 0.0042063 0.00562726 0.00306327
43.26 0.473711 0.48779 0.420242 0.00376423 0.00525148 0.002192
43.28 0.473847 0.487989 0.420299 0.00338511 0.00497034 0.00140555
43.3 0.47397 0.488185 0.420334 0.00309087 0.00491394 0.000892023
43.32 0.474092 0.488391 0.420364 0.00303315 0.00514347 0.000729774
43.34 0.474227 0.488615 0.420399 0.00338719 0.00559439 0.000894263
43.36 0.474392 0.488857 0.420451 0.00413287 0.00605489 0.00129468
43.38 0.474591 0.489106 0.420523 0.00496246 0.00622814 0.00179162
43.4 0.474808 0.489342 0.420611 0.0054207 0.00590383 0.00221414
43.42 0.475015 0.489547 0.420708 0.00517493 0.0051103 0.00241237
43.44 0.475186 0.489712 0.420801 0.00426701 0.00413121 0.00232515
43.46 0.475312 0.489847 0.420881 0.00316909 0.00337962 0.0020133
43.48 0.475413 0.489975 0.420947 0.00252022 0.00318514 0.00163239
43.5 0.475521 0.490119 0.421001 0.00270161 0.00360734 0.00135166
43.52 0.475665 0.490295 0.421051 0.00358421 0.00439572 0.00125941
43.54 0.47585 0.4905 0.421105 0.00463997 0.00513224 0.00135051
43.56 0.476062 0.490719 0.42117 0.00530153 0.00546494 0.00161339
43.58 0.476274 0.49093 0.421253 0.00530648 0.00528031 0.0020787
43.6 0.476467 0.491119 0.421362 0.00480907 0.00473335 0.00272644
43.62 0.476635 0.491284 0.421497 0.00420794 0.00412591 0.0033757
43.64 0.476789 0.491433 0.421646 0.00384448 0.00371724 0.00371994
43.66 0.47694 0.491576 0.421787 0.00377746 0.00358393 0.00352468
43.68 0.477092 0.491721 0.421901 0.00380903 0.00362249 0.00286485
43.7 0.477242 0.491868 0.421987 0.00373904 0.00367807 0.0021484
43.72 0.477385 0.492015 0.42206 0.00357155 0.00365976 0.00182101
43.74 0.477524 0.492157 0.42214 0.00346901 0.00355903 0.00199722
43.76 0.477665 0.492293 0.422235 0.00354157 0.00339387 0.00238298
43.78 0.477814 0.492418 0.422337 0.00371034 0.00313808 0.00254279
43.8 0.477964 0.492528 0.422427 0.00375896 0.002746 0.00225133
43.82 0.478104 0.492619 0.422494 0.00350667 0.00226506 0.00167406
43.84 0.478223 0.492694 0.422544 0.00296716 0.00187862 0.00125575
43.86 0.478318 0.492766 0.4226 0.00237198 0.0017918 0.00139114
43.88 0.478399 0.492847 0.422683 0.00203173 0.00203244 0.00208832
43.9 0.478483 0.492942 0.422801 0.00209954 0.00238592 0.00292692
43.92 0.47858 0.493045 0.422936 0.00241851 0.00255333 0.00337598
43.94 0.478686 0.49314 0.423063 0.00265735 0.00238406 0.00318753
43.96 0.478791 0.49322 0.423165 0.00261625 0.00200063 0.00254445
43.98 0.478886 0.493289 0.423241 0.00237331 0.00171702 0.00189939
44 0.478972 0.49336 0.423307 0.0021666 0.00179757 0.0016592
44.02 0.47906 0.49345 0.423384 0.00218343 0.00222848 0.00191429
44.04 0.479157 0.493558 0.42348 0.00244418 0.00271663 0.00241121
44.06 0.47927 0.493676 0.423592 0.00282095 0.00294823 0.00280524
44.08 0.479396 0.493791 0.423711 0.003154 0.00286547 0.00295926
44.1 0.479531 0.493899 0.423831 0.00337082 0.00271428 0.00300884
44.12 0.479671 0.494013 0.423958 0.00349491 0.00283876 0.00316466
44.14 0.479813 0.494148 0.424097 0.00355758 0.00338689 0.00348661
44.16 0.479955 0.494315 0.424251 0.00354591 0.00417022 0.00384946
44.18 0.480092 0.494506 0.424414 0.00342674 0.00477685 0.00406956
44.2 0.48022 0.494701 0.424576 0.00319675 0.00487897 0.00404706
44.22 0.480338 0.494882 0.424729 0.00295178 0.0045093 0.00382596
44.24 0.480455 0.495044 0.424871 0.00291136 0.00405748 0.00354569
44.26 0.480587 0.495203 0.425003 0.00330895 0.00395863 0.00331991
44.28 0.480754 0.495376 0.425128 0.00417938 0.00433487 0.00312066
44.3 0.480964 0.495573 0.42524 0.0052398 0.00491548 0.00280051
44.32 0.481204 0.495784 0.425331 0.00599842 0.00528755 0.00226781
44.34 0.481446 0.495992 0.425397 0.00605571 0.00519908 0.00165467
44.36 0.481662 0.496179 0.425449 0.00539399 0.00467778 0.00129133
44.38 0.481837 0.496338 0.425508 0.00438822 0.00396566 0.00146642
44.4 0.48198 0.496472 0.425595 0.003571 0.00335987 0.00217616
44.42 0.482115 0.496595 0.425719 0.00336683 0.00306707 0.00309871
44.44 0.482271 0.49672 0.42587 0.00391456 0.0031408 0.00378263
44.46 0.482471 0.496861 0.426025 0.00498721 0.00350793 0.00387972
44.48 0.482713 0.497022 0.426157 0.00606171 0.00403161 0.00330628
44.5 0.482978 0.497205 0.426249 0.00661089 0.00456437 0.0022924
44.52 0.483233 0.497403 0.4263 0.0063917 0.00497068 0.0012814
44.54 0.483454 0.497609 0.426328 0.00552348 0.00514007 0.000696722
44.56 0.483631 0.49781 0.426357 0.00440674 0.00501769 0.000724703
44.58 0.483773 0.497996 0.426407 0.00356063 0.0046517 0.00125677
44.6 0.483908 0.498164 0.426487 0.00338106 0.00420063 0.00198288
44.62 0.484065 0.498318 0.426589 0.00392691 0.00386262 0.00254972
44.64 0.484261 0.49847 0.426698 0.00488396 0.0037815 0.00272815
44.66 0.48449 0.498629 0.426799 0.00573407 0.00397355 0.00252572
44.68 0.484731 0.498802 0.426885 0.00601891 0.0043351 0.00215949
44.7 0.484954 0.498992 0.426961 0.00557196 0.00474384 0.0018849
44.72 0.485138 0.499196 0.427032 0.00460964 0.00511952 0.00179095
44.74 0.485282 0.499412 0.427104 0.0035865 0.0053861 0.00178215
44.76 0.485398 0.49963 0.427173 0.00290074 0.00544997 0.00174501
44.78 0.485506 0.49984 0.427241 0.00271549 0.00526339 0.00168268
44.8 0.485625 0.500036 0.427309 0.00296665 0.0048823 0.00171071
44.82 0.485762 0.500213 0.427388 0.00343649 0.00443217 0.00197198
44.84 0.485916 0.500374 0.427489 0.00384498 0.00403568 0.00252603
44.86 0.486075 0.500526 0.427619 0.00397138 0.00378859 0.00323986
44.88 0.486225 0.500677 0.427771 0.00374119 0.00378401 0.00380477
44.9 0.486354 0.500841 0.427928 0.00323631 0.00408329 0.00393866
44.92 0.48646 0.501025 0.428073 0.00265943 0.00461565 0.00361108
44.94 0.486551 0.501231 0.428195 0.00226153 0.0051501 0.00305595
44.96 0.48664 0.501448 0.428298 0.00222655 0.00542002 0.00257084
44.98 0.486743 0.501659 0.42839 0.00258322 0.00527648 0.0023074
45 0.486871 0.50185 0.428479 0.00319368 0.00476479 0.00221256
45.02 0.487023 0.502015 0.428564 0.00379661 0.00412345 0.00213934
45.04 0.487188 0.502162 0.428645 0.00411976 0.00368541 0.00202331
45.06 0.487349 0.502309 0.428723 0.00403906 0.0036838 0.00194826
45.08 0.487496 0.502473 0.428805 0.00367546 0.00408495 0.00204999
45.1 0.487629 0.502657 0.4289 0.00331261 0.00459696 0.00237524
45.12 0.487756 0.502852 0.429013 0.00318761 0.00486993 0.00283032
45.14 0.48789 0.50304 0.429142 0.00333891 0.004723 0.00322309
45.16 0.488035 0.50321 0.429276 0.00362301 0.00425027 0.00335189
45.18 0.488189 0.50336 0.429401 0.00384748 0.00374561 0.00312891
45.2 0.488345 0.5035 0.429508 0.00391558 0.00349086 0.00266058
45.22 0.4885 0.503643 0.429595 0.00386686 0.00356718 0.00217101
45.24 0.488652 0.503797 0.429668 0.00379834 0.00385326 0.00184306
45.26 0.488802 0.503963 0.429737 0.00376213 0.00416253 0.00172376
45.28 0.488952 0.504137 0.429807 0.00372799 0.00433961 0.00173288
45.3 0.489096 0.504308 0.429876 0.00362451 0.00427286 0.00174421
45.32 0.489234 0.504464 0.429944 0.00344007 0.00389577 0.00168274
45.34 0.489366 0.504592 0.430006 0.00329292 0.0032054 0.00156538
45.36 0.489499 0.504684 0.430066 0.00332952 0.00230069 0.00147838
45.38 0.489641 0.504741 0.430126 0.00354009 0.00142471 0.0015199
45.4 0.48979 0.504778 0.430196 0.00372711 0.000938778 0.0017369
45.42 0.489936 0.504824 0.430279 0.00366084 0.00113682 0.00208628
45.44 0.490067 0.504904 0.430378 0.00327408 0.00201014 0.00247245
45.46 0.490177 0.505031 0.430491 0.00275605 0.00317801 0.00283209
45.48 0.490275 0.505194 0.430618 0.00244253 0.00407122 0.00315503
45.5 0.490377 0.505365 0.430754 0.00256102 0.00427661 0.00340219
45.52 0.4905 0.505518 0.430891 0.0030686 0.00380617 0.00343548
45.54 0.490648 0.50564 0.431014 0.00370405 0.00307044 0.00307415
45.56 0.490815 0.505744 0.431104 0.00415542 0.00258623 0.00225308
45.58 0.490983 0.50585 0.431151 0.0042143 0.00264792 0.00116783
45.6 0.491138 0.505976 0.431162 0.00387305 0.00316857 0.000273833
45.62 0.491272 0.506128 0.431166 0.00334905 0.00377839 0.000102611
45.64 0.491391 0.506292 0.431205 0.00297459 0.00411251 0.000966822
45.66 0.49151 0.506454 0.431313 0.00297479 0.00405217 0.00270908
45.68 0.491642 0.506603 0.4315 0.003309 0.00372046 0.00466919
45.7 0.491791 0.506736 0.431738 0.00372209 0.00332149 0.00595673
45.72 0.491948 0.506857 0.431976 0.00392833 0.00303021 0.00593767
45.74 0.492099 0.506974 0.432161 0.003767 0.00293561 0.00462591
45.76 0.49223 0.507095 0.432269 0.00326878 0.00302117 0.00270644
45.78 0.492335 0.507225 0.432315 0.00263042 0.00322945 0.00114287
45.8 0.49242 0.507366 0.432339 0.00211654 0.00354168 0.000612624
45.82 0.492497 0.507524 0.432386 0.00192994 0.00394129 0.00116722
45.84 0.492582 0.507697 0.432478 0.00212535 0.00432629 0.00231838
45.86 0.492686 0.507877 0.432615 0.0026118 0.00450902 0.00340455
45.88 0.492815 0.50805 0.432773 0.00322202 0.00430817 0.00395688
45.9 0.492967 0.508197 0.432928 0.00378101 0.00367781 0.00388738
45.92 0.493132 0.508309 0.433066 0.00412514 0.00280506 0.00344344
45.94 0.493296 0.508392 0.433185 0.00412053 0.00208385 0.00298004
45.96 0.493446 0.50847 0.433295 0.00375099 0.00193844 0.00273475
45.98 0.493574 0.508573 0.433405 0.00319239 0.00257258 0.00275879
46 0.493683 0.508725 0.433524 0.00272452 0.00381554 0.00296333
46.02 0.493786 0.508932 0.433651 0.00257822 0.00517617 0.00317472
46.04 0.493901 0.509175 0.433779 0.00286302 0.00606444 0.00320886
46.06 0.494043 0.509418 0.433897 0.00354501 0.00607128 0.00295878
46.08 0.49422 0.509626 0.433995 0.00444241 0.00519954 0.00243471
46.1 0.49443 0.509782 0.434064 0.00525262 0.00390134 0.00172999
46.12 0.494657 0.509897 0.434104 0.00565636 0.00287373 0.000998546
46.14 0.494876 0.510004 0.434123 0.00548804 0.00268933 0.000467895
46.16 0.495071 0.510143 0.434138 0.00487017 0.00345906 0.000393003
46.18 0.495239 0.510334 0.434175 0.0041916 0.00477954 0.000927812
46.2 0.495395 0.510573 0.434255 0.0039193 0.00597527 0.00198519
46.22 0.495569 0.510831 0.434383 0.00433313 0.00646056 0.00320357
46.24 0.495782 0.511072 0.434547 0.00532967 0.00601978 0.00409882
46.26 0.496039 0.511268 0.434719 0.00643385 0.00489525 0.0043058
46.28 0.496321 0.511414 0.434869 0.00705542 0.0036607 0.00374978
46.3 0.496596 0.511531 0.434976 0.00685572 0.00291256 0.00266763
46.32 0.496834 0.511648 0.435036 0.0059711 0.00292641 0.00150352
46.34 0.497032 0.511788 0.435065 0.00492846 0.00350324 0.000727051
46.36 0.497204 0.511954 0.43509 0.00432187 0.00414492 0.00062868
46.38 0.497382 0.512132 0.435137 0.00444665 0.00445232 0.00116084
46.4 0.497587 0.512308 0.435215 0.00511221 0.00439761 0.00194819
46.42 0.497818 0.512477 0.435316 0.00578601 0.00423093 0.0025227
46.44 0.498057 0.512644 0.435421 0.00597932 0.0041756 0.00262678
46.46 0.49828 0.512814 0.435515 0.00555315 0.00424699 0.00236752
46.48 0.498469 0.512986 0.4356 0.00473498 0.00429744 0.00211289
46.5 0.498626 0.513153 0.435688 0.00392996 0.00416829 0.00221041
46.52 0.498765 0.513305 0.435798 0.00347834 0.00381365 0.00273537
46.54 0.498904 0.513439 0.435935 0.00347614 0.00335571 0.00344039
46.56 0.499055 0.513562 0.436092 0.00376155 0.00307131 0.00392193
46.58 0.499217 0.513692 0.436247 0.00406165 0.00325279 0.00387058
46.6 0.499383 0.513851 0.436377 0.00414972 0.0039746 0.00324296
46.62 0.49954 0.51405 0.436468 0.00392965 0.00497851 0.00228857
46.64 0.499678 0.514283 0.436525 0.00344511 0.00581516 0.00143168
46.66 0.499791 0.514528 0.436567 0.00281551 0.00611475 0.00104332
46.68 0.499878 0.514759 0.436616 0.00216559 0.00577561 0.00121636
46.7 0.499943 0.514958 0.436685 0.00164451 0.00498122 0.00173064
46.72 0.500001 0.515121 0.436776 0.00144192 0.0040882 0.00226552
46.74 0.500068 0.51526 0.436882 0.00166539 0.00347207 0.0026548
46.76 0.500156 0.515394 0.436999 0.00219845 0.00334472 0.00293364
46.78 0.500264 0.515539 0.437126 0.00271762 0.003626 0.00317185
46.8 0.50038 0.5157 0.437259 0.00289716 0.00401082 0.0033328
46.82 0.500486 0.515868 0.437393 0.00265958 0.00420856 0.00332873
46.84 0.500577 0.516033 0.437519 0.00226108 0.00413617 0.00315186
46.86 0.500662 0.51619 0.437635 0.00211561 0.00391808 0.00291019
46.88 0.500761 0.51634 0.437746 0.00247555 0.00375751 0.00276163
46.9 0.500889 0.516492 0.437858 0.00322149 0.00379779 0.00281775
46.92 0.501046 0.516653 0.437981 0.00392006 0.004026 0.00306547
46.94 0.501212 0.516825 0.438116 0.00413242 0.00428715 0.00337015
46.96 0.501361 0.517002 0.438259 0.00373834 0.00441939 0.00357473
46.98 0.501482 0.517177 0.438403 0.00302364 0.0043831 0.00360922
47 0.501582 0.517348 0.438543 0.00249401 0.00427968 0.00350877
47.02 0.501683 0.517519 0.438676 0.00253785 0.00427059 0.00332041
47.04 0.50181 0.517697 0.438798 0.00316266 0.00445046 0.00303906
47.06 0.50197 0.517887 0.438904 0.00399533 0.00474903 0.00266407
47.08 0.502152 0.518085 0.438995 0.00456665 0.00494014 0.0022585
47.1 0.502339 0.518276 0.439071 0.00466279 0.00479055 0.00190674
47.12 0.502517 0.518446 0.439136 0.00444663 0.00425156 0.00163854
47.14 0.502687 0.518588 0.439194 0.00425191 0.00355154 0.00142818
47.16 0.502857 0.518712 0.439244 0.00425303 0.00309217 0.00126703
47.18 0.503031 0.518839 0.439293 0.00435695 0.00316739 0.00122407
47.2 0.503206 0.518987 0.43935 0.00437224 0.00370265 0.00141119
47.22 0.503375 0.519158 0.439424 0.00421786 0.00427971 0.00186438
47.24 0.503534 0.519336 0.439522 0.0039899 0.0044541 0.00243688
47.26 0.503689 0.5195 0.439635 0.00386875 0.0040858 0.00282368
47.28 0.503848 0.519636 0.439744 0.00397127 0.00341922 0.00273773
47.3 0.504019 0.519752 0.439829 0.00427133 0.00288435 0.00211479
47.32 0.504203 0.519863 0.439877 0.00461566 0.00278829 0.00119378
47.34 0.504396 0.519988 0.439893 0.00481667 0.00311355 0.000414071
47.36 0.504586 0.520129 0.4399 0.00475752 0.00354162 0.000177118
47.38 0.504763 0.520277 0.439925 0.00442693 0.00368463 0.000611258
47.4 0.50492 0.520411 0.439984 0.00390453 0.00336153 0.00149477
47.42 0.505053 0.52052 0.44008 0.0033456 0.00272494 0.00239361
47.44 0.505171 0.520606 0.440197 0.00293996 0.00214884 0.0029196
47.46 0.505284 0.520685 0.440314 0.00283064 0.00196322 0.00293392
47.48 0.505406 0.520774 0.440418 0.00303621 0.00223952 0.00258436
47.5 0.505543 0.520885 0.440505 0.00342479 0.00277192 0.00219007
47.52 0.505693 0.521015 0.440587 0.00376477 0.00324912 0.00204321
47.54 0.505847 0.521154 0.440677 0.00384666 0.00347349 0.00223864
47.56 0.505993 0.521293 0.440783 0.00363358 0.00346737 0.00265051
47.58 0.506125 0.521429 0.440904 0.00331215 0.00340689 0.0030479
47.6 0.506251 0.521567 0.441033 0.00316047 0.00345186 0.00322516
47.62 0.506384 0.521712 0.441157 0.00332619 0.00362246 0.00309522
47.64 0.506532 0.521865 0.441266 0.00370001 0.00382546 0.00272125
47.66 0.506693 0.522024 0.441358 0.00401057 0.00398061 0.00229321
47.68 0.506854 0.522188 0.44144 0.00403953 0.00409603 0.0020639
47.7 0.507005 0.522357 0.441529 0.00375955 0.00421901 0.00221631
47.72 0.507138 0.52253 0.441638 0.00333668 0.00432231 0.00271137
47.74 0.50726 0.522701 0.441768 0.00303803 0.00426791 0.00326994
47.76 0.507384 0.522859 0.441911 0.00309123 0.00394937 0.00355922
47.78 0.507524 0.522997 0.442048 0.00352173 0.00347492 0.0034425
47.8 0.507688 0.523124 0.442171 0.00410019 0.00317334 0.00307202
47.82 0.507868 0.523259 0.442281 0.00449147 0.00336401 0.00275175
47.84 0.508048 0.523422 0.442389 0.00450318 0.0040701 0.00268917
47.86 0.508217 0.523619 0.442503 0.00422772 0.00493173 0.00284461
47.88 0.508376 0.523836 0.442623 0.00397529 0.00541776 0.00299539
47.9 0.508538 0.524044 0.44274 0.00404751 0.00519333 0.00294034
47.92 0.508717 0.524218 0.442846 0.00448261 0.0043699 0.0026503
47.94 0.508918 0.524356 0.442936 0.00500524 0.00343668 0.00225801
47.96 0.509128 0.524472 0.443014 0.00526055 0.00290949 0.00194893
47.98 0.509332 0.524591 0.443089 0.00510682 0.00297231 0.00186561
48 0.509521 0.524727 0.443171 0.00471961 0.00340371 0.00205949
48.02 0.5097 0.524881 0.44327 0.00446515 0.00383347 0.00247255
48.04 0.509885 0.525043 0.443389 0.00463766 0.00405411 0.00295817
48.06 0.510095 0.525207 0.443523 0.00524823 0.00410299 0.00335975
48.08 0.510336 0.525372 0.443667 0.00601596 0.00413436 0.00358937
48.1 0.510598 0.525543 0.443812 0.00655548 0.0042654 0.0036397
48.12 0.510863 0.525722 0.443953 0.00662413 0.00448932 0.00352288
48.14 0.511113 0.525909 0.444082 0.00625216 0.00466504 0.00322061
48.16 0.511341 0.526093 0.444191 0.00568461 0.00460677 0.00272506
48.18 0.511549 0.526263 0.444275 0.00521227 0.00424473 0.00210404
48.2 0.511749 0.526413 0.444335 0.00499502 0.00374614 0.00149786
48.22 0.511947 0.52655 0.444378 0.00495888 0.00343309 0.00106888
48.24 0.512142 0.526691 0.444416 0.00487245 0.00352974 0.00096392
48.26 0.512325 0.526851 0.444466 0.00456216 0.00397989 0.00122992
48.28 0.512487 0.527031 0.444534 0.00405487 0.00449927 0.00171327
48.3 0.512628 0.527221 0.444618 0.00352638 0.0047726 0.00210907
48.32 0.512754 0.527407 0.444706 0.00316097 0.00462691 0.00219069
48.34 0.512877 0.527571 0.444786 0.00306907 0.00410308 0.0019882
48.36 0.513008 0.527708 0.444855 0.00326934 0.00343556 0.00174164
48.38 0.513155 0.527825 0.444923 0.00367752 0.00292839 0.00169914
48.4 0.513319 0.527936 0.445 0.00411044 0.00276611 0.0019221
48.42 0.513492 0.528053 0.44509 0.00431304 0.00291801 0.0022411
48.44 0.513653 0.528181 0.445186 0.00404083 0.00321452 0.00240333
48.46 0.513782 0.52832 0.445277 0.00320215 0.00348131 0.00228559
48.48 0.513861 0.528466 0.445357 0.00199728 0.00363704 0.00198954
48.5 0.513898 0.528615 0.445428 0.000911849 0.00371939 0.00177896
48.52 0.513916 0.528768 0.445505 0.000463752 0.00382292 0.00192315
48.54 0.513952 0.528928 0.445606 0.000881205 0.0040094 0.00251543
48.56 0.51403 0.529098 0.445741 0.00196782 0.00425687 0.0033869
48.58 0.514159 0.529276 0.445909 0.0032154 0.00445218 0.00418925
48.6 0.514322 0.529455 0.446092 0.00407995 0.00446336 0.00459618
48.62 0.514492 0.529625 0.446271 0.00425622 0.00425167 0.00447099
48.64 0.514644 0.529782 0.446427 0.00379794 0.0039234 0.0039028
48.66 0.514766 0.529928 0.446553 0.00304631 0.00366213 0.00313729
48.68 0.514863 0.530071 0.446651 0.00242834 0.00357496 0.00244793
48.7 0.514954 0.530216 0.446732 0.0022609 0.00362097 0.00201789
48.72 0.515059 0.530364 0.446808 0.00262987 0.0036961 0.00190782
48.74 0.515193 0.530514 0.446892 0.00334317 0.00374374 0.00209134
48.76 0.515354 0.530665 0.44699 0.00403329 0.0037796 0.00247324
48.78 0.51553 0.530819 0.447106 0.00439451 0.00385423 0.00289632
48.8 0.515704 0.530979 0.447234 0.00435625 0.00399412 0.0031934
48.82 0.515867 0.531146 0.447365 0.00407982 0.00417079 0.00327209
48.84 0.516021 0.531318 0.447492 0.00383764 0.00430243 0.00316434
48.86 0.516176 0.531489 0.447611 0.00386832 0.00427069 0.00299236
48.88 0.516345 0.531648 0.447726 0.00424667 0.00398304 0.00287469
48.9 0.516538 0.531787 0.44784 0.0048243 0.00347244 0.00285584
48.92 0.516751 0.531904 0.447956 0.00530339 0.00293069 0.00290126
48.94 0.516968 0.532009 0.448074 0.00543173 0.00262 0.00292706
48.96 0.517174 0.532117 0.448187 0.00515951 0.00271284 0.00284431
48.98 0.51736 0.532244 0.448292 0.00463827 0.00316055 0.00261293
49 0.517524 0.532392 0.448383 0.00409943 0.0036976 0.0022795
49.02 0.517672 0.532553 0.448462 0.00371369 0.00402007 0.0019723
49.04 0.517813 0.532713 0.448536 0.00352875 0.00400054 0.00185202
49.06 0.517953 0.532862 0.448617 0.00350142 0.00373952 0.00202643
49.08 0.518096 0.533 0.448717 0.00356476 0.00344025 0.00249128
49.1 0.518242 0.53313 0.448842 0.00366076 0.00325473 0.00314471
49.12 0.518392 0.533259 0.448995 0.0037513 0.00323627 0.00381676
49.14 0.518544 0.533394 0.449166 0.00379471 0.00335973 0.00426672
49.16 0.518693 0.533535 0.449335 0.00371011 0.00352921 0.00423824
49.18 0.518828 0.533678 0.44948 0.00339054 0.00358594 0.00360734
49.2 0.51894 0.533814 0.449579 0.00278668 0.00339264 0.00249467
49.22 0.51902 0.533932 0.449629 0.00201705 0.00295965 0.0012423
49.24 0.519076 0.534032 0.44964 0.00138521 0.00247998 0.000282412
49.26 0.519124 0.534121 0.449639 0.00121456 0.00223268 -3.73985e-05
49.28 0.519189 0.534219 0.449655 0.00160567 0.00243861 0.000394842
49.3 0.519283 0.534343 0.449711 0.00234723 0.00311771 0.00141766
49.32 0.519404 0.534504 0.449818 0.00304063 0.00401899 0.00265633
49.34 0.519538 0.534693 0.449964 0.00333577 0.00471455 0.00365087
49.36 0.519663 0.534886 0.450125 0.00314037 0.0048395 0.00403013
49.38 0.51977 0.53506 0.450272 0.00267172 0.00433571 0.00368472
49.4 0.519862 0.5352 0.450386 0.00229116 0.00352077 0.00284296
49.42 0.519952 0.535317 0.450465 0.0022623 0.00291678 0.00196778
49.44 0.520056 0.535434 0.450525 0.00260184 0.00291973 0.00150794
49.46 0.520179 0.535575 0.450591 0.00307833 0.00353861 0.00165174
49.48 0.520314 0.535752 0.45068 0.00335354 0.004414 0.00222131
49.5 0.520441 0.535955 0.450792 0.00319449 0.00508574 0.00278968
49.52 0.520548 0.536166 0.450911 0.00265604 0.00527562 0.00297417
49.54 0.520632 0.536367 0.451019 0.00210371 0.00501569 0.00270127
49.56 0.520711 0.536551 0.451109 0.00199133 0.0045892 0.00225995
49.58 0.520813 0.536723 0.451193 0.00253819 0.004306 0.0020964
49.6 0.520956 0.536894 0.451292 0.00356915 0.00427115 0.00248392
49.62 0.521141 0.537068 0.451424 0.00462284 0.00435477 0.00330345
49.64 0.52135 0.537242 0.451589 0.00524136 0.00435933 0.00411326
49.66 0.52156 0.537411 0.451767 0.00525308 0.00421109 0.00445037
49.68 0.521754 0.537571 0.451931 0.00483954 0.00401538 0.00409898
49.7 0.521928 0.53773 0.452057 0.00435411 0.0039699 0.00316089
49.72 0.522091 0.537898 0.452137 0.00407418 0.00420145 0.0019901
49.74 0.522255 0.538084 0.45218 0.00409613 0.00464961 0.00107467
49.76 0.52243 0.538288 0.452214 0.00438303 0.00509462 0.000855756
49.78 0.522625 0.5385 0.452274 0.00485861 0.00529646 0.00150219
49.8 0.522842 0.538706 0.452385 0.00544564 0.00514745 0.00275947
49.82 0.523083 0.538895 0.452546 0.00601943 0.00473781 0.00402702
49.84 0.523338 0.539066 0.452733 0.00637446 0.00428025 0.00467754
49.86 0.523591 0.539225 0.452909 0.00631924 0.00396633 0.00440743
49.88 0.523824 0.539381 0.453045 0.00583635 0.00390048 0.00339142
49.9 0.524031 0.539545 0.453131 0.0051576 0.00409873 0.00216822
49.92 0.524218 0.539724 0.453185 0.00468959 0.00446816 0.00133591
49.94 0.52441 0.539917 0.453234 0.00479128 0.00481997 0.00123113
49.96 0.52463 0.540115 0.453304 0.00550053 0.00495481 0.00175692
49.98 0.524888 0.540305 0.453404 0.00644359 0.00475511 0.00249392
50 0.52517 0.540475 0.453525 0.00706299 0.00425941 0.00301108
50.02 0.52545 0.540623 0.45365 0.00700309 0.00368107 0.00313067
50.04 0.525705 0.540754 0.453769 0.00635908 0.00329207 0.00297873
50.06 0.525928 0.540883 0.453882 0.0055843 0.00321362 0.00282018
50.08 0.526133 0.541016 0.453995 0.00513448 0.00332253 0.00283897
50.1 0.526339 0.541151 0.454116 0.00514273 0.00337193 0.00301644
50.12 0.526554 0.541278 0.454243 0.00537202 0.00318747 0.00317256
50.14 0.526773 0.54139 0.454369 0.00547726 0.0027887 0.00314968
50.16 0.526986 0.541486 0.454488 0.00532674 0.00239754 0.00297276
50.18 0.52719 0.541578 0.4546 0.00509414 0.0022993 0.00279717
50.2 0.527393 0.541682 0.454708 0.00507019 0.00262207 0.00271731
50.22 0.527607 0.541811 0.454815 0.00536579 0.00321081 0.00267446
50.24 0.527839 0.54196 0.454917 0.0057907 0.00371716 0.00253869
50.26 0.528079 0.542113 0.455008 0.00600289 0.00382705 0.00226951
50.28 0.52831 0.54225 0.455087 0.0057754 0.00343165 0.00198618
50.3 0.528517 0.542357 0.455163 0.00517929 0.00268016 0.00188467
50.32 0.528698 0.542434 0.455246 0.00452819 0.00191119 0.00209911
50.34 0.528863 0.542493 0.455351 0.00412483 0.00148042 0.00261871
50.36 0.529025 0.542556 0.455482 0.00403951 0.00158825 0.00327585
50.38 0.529189 0.542645 0.455634 0.00409848 0.00221565 0.00378308
50.4 0.529351 0.54277 0.455788 0.00404481 0.00313477 0.00385918
50.42 0.529501 0.542928 0.455925 0.00374752 0.00395178 0.00342511
50.44 0.529634 0.543099 0.456033 0.0033237 0.0042685 0.00269665
50.46 0.529755 0.543257 0.456115 0.00303487 0.00393764 0.00204425
50.48 0.529875 0.543383 0.456184 0.00301029 0.00317065 0.00172472
50.5 0.529999 0.543479 0.456253 0.00309649 0.00238968 0.00172695
50.52 0.530119 0.543559 0.456326 0.00300344 0.00198756 0.00184422
50.54 0.530223 0.543645 0.456401 0.00258583 0.00216775 0.00187567
50.56 0.530303 0.54376 0.456473 0.00200738 0.00287062 0.00178707
50.58 0.530369 0.543911 0.456543 0.00164849 0.00378307 0.001741
50.6 0.530441 0.544091 0.456621 0.00180094 0.0044969 0.00197224
50.62 0.530538 0.544281 0.456724 0.00240902 0.00475208 0.00256374
50.64 0.53066 0.544464 0.456856 0.00306612 0.0045586 0.00331028
50.66 0.530791 0.544629 0.457009 0.00328166 0.00414335 0.00382409
50.68 0.530906 0.544782 0.457161 0.00285953 0.0038064 0.00380145
50.7 0.530989 0.544932 0.457291 0.00208546 0.00375591 0.00324826
50.72 0.53105 0.545091 0.457391 0.00152016 0.00398606 0.00248755
50.74 0.531112 0.545263 0.457469 0.00156115 0.00428834 0.00195225
50.76 0.531199 0.54544 0.457546 0.00216633 0.00441713 0.00191667
50.78 0.531317 0.545611 0.457639 0.00293622 0.00427627 0.00234623
50.8 0.531453 0.545769 0.457758 0.00341599 0.00396954 0.00296592
50.82 0.531589 0.545917 0.457897 0.00338888 0.00370058 0.00346603
50.84 0.531708 0.546063 0.458044 0.00298647 0.00363708 0.00367314
50.86 0.53181 0.546216 0.458188 0.00254143 0.00382164 0.00360906
50.88 0.531902 0.546382 0.458326 0.00231415 0.00415704 0.00343931
50.9 0.531997 0.546561 0.458459 0.00235135 0.00447031 0.00332585
50.92 0.532098 0.546746 0.45859 0.00253605 0.00462868 0.00328518
50.94 0.532206 0.546931 0.458718 0.00269832 0.00461656 0.00319399
50.96 0.532315 0.547111 0.458835 0.00272393 0.00451501 0.00294051
50.98 0.532421 0.547289 0.458937 0.00264505 0.00443269 0.00254912
51 0.532526 0.547466 0.459024 0.00262685 0.00443877 0.00216495
51.02 0.532637 0.547647 0.459102 0.00278823 0.00452978 0.00193827
51.04 0.532759 0.547834 0.459178 0.00303303 0.00465802 0.00191291
51.06 0.532884 0.548025 0.459258 0.00313819 0.00477808 0.00200632
51.08 0.533004 0.548219 0.459342 0.00300148 0.00486104 0.00209675
51.1 0.533114 0.548414 0.459427 0.00274172 0.00487502 0.00213035
51.12 0.533217 0.548606 0.459513 0.00258807 0.00480638 0.00215072
51.14 0.533326 0.548794 0.459603 0.00271115 0.00469204 0.00223491
51.16 0.533451 0.548977 0.459699 0.00313413 0.00457667 0.00241313
51.18 0.533601 0.549155 0.459805 0.00373649 0.00445394 0.00264755
51.2 0.533773 0.549326 0.459919 0.00430341 0.0042699 0.00285289
51.22 0.533957 0.549486 0.460037 0.00460466 0.00400132 0.00293233
51.24 0.534136 0.549635 0.46015 0.00448668 0.00373044 0.00283121
51.26 0.534295 0.549781 0.460253 0.00396571 0.00363293 0.00256712
51.28 0.534426 0.549936 0.460341 0.00326699 0.00387528 0.00221392
51.3 0.534536 0.550115 0.460416 0.00275937 0.00449103 0.00187365
51.32 0.534647 0.550328 0.460483 0.00276867 0.00530649 0.00166253
51.34 0.534781 0.550566 0.46055 0.0033445 0.00595714 0.00169081
51.36 0.534948 0.550808 0.46063 0.0041941 0.00604472 0.00200103
51.38 0.535144 0.551024 0.460731 0.00488927 0.00539985 0.00251508
51.4 0.535351 0.551194 0.460853 0.00517098 0.00425862 0.00305485
51.42 0.535553 0.551321 0.46099 0.00506606 0.00316589 0.00341845
51.44 0.535745 0.551426 0.461128 0.00478593 0.00263599 0.00346404
51.46 0.535927 0.551539 0.461256 0.00456121 0.0028304 0.00319236
51.48 0.536109 0.551679 0.461367 0.00453032 0.00350219 0.0027813
51.5 0.536298 0.551848 0.461467 0.00473671 0.00420088 0.00249503
51.52 0.536505 0.552029 0.461568 0.00517987 0.00454271 0.00252017
51.54 0.536737 0.552205 0.461682 0.005787 0.00438842 0.00284835
51.56 0.536991 0.55236 0.461813 0.00635753 0.00386882 0.003278
51.58 0.537256 0.552489 0.461953 0.00662829 0.00324034 0.00351056
51.6 0.537514 0.552597 0.462086 0.00644309 0.00270796 0.00332691
51.62 0.53775 0.552692 0.462198 0.00589187 0.00236431 0.00278576
51.64 0.537962 0.55278 0.462287 0.00530291 0.00220832 0.0022357
51.66 0.538165 0.552867 0.46237 0.0050796 0.00216726 0.0020582
51.68 0.538383 0.552953 0.462464 0.00546436 0.00214677 0.00236113
51.7 0.538638 0.553037 0.46258 0.00637158 0.00209364 0.00289382
51.72 0.538935 0.553116 0.46271 0.00741323 0.00198125 0.0032426
51.74 0.539259 0.553186 0.462835 0.00810808 0.00174545 0.00312952
51.76 0.539585 0.553239 0.462939 0.00815967 0.0013281 0.00259648
51.78 0.53989 0.553271 0.463017 0.00761157 0.000796378 0.00195675
51.8 0.540161 0.553284 0.46308 0.00676692 0.000337346 0.00158886
51.82 0.5404 0.553289 0.463149 0.00597608 0.000117824 0.0017202
51.84 0.540618 0.553297 0.463241 0.00545561 0.000202926 0.00229876
51.86 0.540826 0.55332 0.463361 0.00520949 0.000585786 0.00299149
51.88 0.54103 0.553369 0.463495 0.00508144 0.00121749 0.0033613
51.9 0.541226 0.553448 0.463622 0.00490465 0.00197969 0.00316281
51.92 0.541411 0.553555 0.463723 0.00462861 0.00265614 0.00253596
51.94 0.541584 0.553675 0.4638 0.00432228 0.00300879 0.00191862
51.96 0.541747 0.553793 0.46387 0.00407843 0.00294347 0.00173991
51.98 0.541903 0.553897 0.463954 0.00390808 0.00259634 0.00211994
52 0.542052 0.553987 0.464066 0.00370971 0.00227356 0.00279264
52.02 0.542185 0.55408 0.464198 0.00332729 0.0023039 0.00330776
52.04 0.542292 0.554193 0.464333 0.00267337 0.00284171 0.00337212
52.06 0.542366 0.554342 0.464457 0.00186085 0.00372835 0.0030813
52.08 0.542414 0.554525 0.464569 0.00119462 0.00455776 0.00282173
52.1 0.542453 0.554722 0.464686 0.000977588 0.00493858 0.00290529
52.12 0.542505 0.554913 0.464817 0.00129254 0.0047553 0.00328747
52.14 0.542582 0.555082 0.464961 0.00192883 0.00424055 0.00360951
52.16 0.542681 0.555236 0.465101 0.00248291 0.00384653 0.00347597
52.18 0.542785 0.555395 0.46521 0.00258649 0.00397592 0.00273903
52.2 0.542871 0.555583 0.465275 0.00216384 0.00470807 0.001624
52.22 0.542931 0.555812 0.4653 0.0014919 0.00571507 0.000629293
52.24 0.542969 0.55607 0.46531 0.000965466 0.00646285 0.000235725
52.26 0.543002 0.556333 0.465333 0.000803394 0.00656355 0.000595976
52.28 0.543039 0.556574 0.465391 0.000948191 0.0060146 0.00144806
52.3 0.543087 0.556781 0.465484 0.00118813 0.00518555 0.00231783
52.32 0.543142 0.556965 0.465597 0.00137815 0.00459324 0.00282679
52.34 0.543204 0.557149 0.465712 0.00155506 0.00460307 0.00287675
52.36 0.543278 0.557358 0.465817 0.00184637 0.00521744 0.00261606
52.38 0.54337 0.557601 0.465908 0.00229231 0.00608667 0.00227243
52.4 0.54348 0.557871 0.465988 0.00275703 0.00675309 0.00201663
52.42 0.5436 0.558149 0.466065 0.0030012 0.00694013 0.00192031
52.44 0.543715 0.558416 0.466144 0.00285741 0.00667635 0.00197641
52.46 0.543809 0.558665 0.46623 0.00236606 0.00621767 0.00214206
52.48 0.54388 0.558899 0.466325 0.00177144 0.00585865 0.00237322
52.5 0.543936 0.559129 0.46643 0.00140473 0.00576196 0.00263766
52.52 0.543997 0.559365 0.466547 0.00152159 0.00589619 0.00291872
52.54 0.544083 0.55961 0.466675 0.00214684 0.00611117 0.00320376
52.56 0.544205 0.559861 0.466813 0.00304809 0.00628128 0.00344775
52.58 0.544361 0.560116 0.466956 0.00389595 0.00637993 0.00356151
52.6 0.54454 0.560374 0.467095 0.0044757 0.00645398 0.00347672
52.62 0.54473 0.560636 0.467223 0.00476033 0.00654458 0.00321564
52.64 0.544923 0.560901 0.467339 0.00482439 0.00661313 0.00288394
52.66 0.545112 0.561162 0.467443 0.00472306 0.00652548 0.00261316
52.68 0.545291 0.561407 0.467544 0.0044793 0.00613464 0.0025109
52.7 0.545458 0.561623 0.467649 0.00416816 0.00540561 0.00264088
52.72 0.545616 0.561802 0.467769 0.00395514 0.00447523 0.00299479
52.74 0.545777 0.561947 0.467907 0.00402942 0.00361143 0.00344719
52.76 0.545956 0.562071 0.468058 0.00446414 0.00310658 0.00377646
52.78 0.54616 0.562197 0.46821 0.00511025 0.00315026 0.00379593
52.8 0.546388 0.562346 0.468349 0.0056829 0.0037196 0.00347219
52.82 0.546627 0.562527 0.468465 0.00597722 0.00453937 0.00291568
52.84 0.546865 0.562734 0.468557 0.00596323 0.00515891 0.00229238
52.86 0.547095 0.56294 0.468628 0.00573582 0.00516135 0.00177493
52.88 0.547313 0.563116 0.468689 0.00545455 0.00438668 0.00153114
52.9 0.547524 0.563237 0.468756 0.00527355 0.00304422 0.00165577
52.92 0.547733 0.563303 0.468839 0.00523727 0.00164073 0.00207567
52.94 0.547943 0.563332 0.468941 0.00524281 0.000718636 0.002559
52.96 0.548149 0.563354 0.469056 0.00515431 0.000556501 0.00287064
52.98 0.548347 0.563396 0.469173 0.00494687 0.00104154 0.00293153
53 0.548536 0.563466 0.469287 0.00473573 0.00176736 0.0028411
53.02 0.548725 0.563557 0.469397 0.00471317 0.00226306 0.0027659
53.04 0.548927 0.563646 0.469509 0.00504343 0.0022408 0.00279562
53.06 0.549155 0.563716 0.469624 0.00571767 0.00173383 0.00288035
53.08 0.549414 0.563757 0.46974 0.00646481 0.00103951 0.00287823
53.1 0.549687 0.563778 0.469846 0.00682526 0.000503432 0.00265902
53.12 0.549943 0.56379 0.469934 0.00640979 0.000313082 0.00220199
53.14 0.550152 0.563808 0.469999 0.00521691 0.000450131 0.00163177
53.16 0.550302 0.563839 0.470046 0.00375901 0.000760827 0.00116041
53.18 0.550415 0.56388 0.470084 0.00281555 0.00104423 0.000963879
53.2 0.550533 0.563926 0.470128 0.00295068 0.00114717 0.0010974
53.22 0.5507 0.563967 0.470187 0.00415956 0.0010179 0.00148401
53.24 0.550935 0.563995 0.470265 0.0058801 0.000696966 0.00193805
53.26 0.551228 0.564006 0.470354 0.0073212 0.000289131 0.00222869
53.28 0.551543 0.564004 0.470443 0.00788261 -5.23571e-05 0.00222512
53.3 0.55184 0.563998 0.470523 0.0074198 -0.000155705 0.00200456
53.32 0.552088 0.564002 0.470594 0.00620976 0.000104579 0.0017779
53.34 0.552277 0.564032 0.470663 0.00472514 0.000746651 0.00171749
53.36 0.552415 0.564098 0.470737 0.0034368 0.00165802 0.00185603
53.38 0.552523 0.564202 0.470822 0.00271807 0.00259293 0.00210536
53.4 0.552635 0.564332 0.470916 0.00278257 0.0032445 0.00235165
53.42 0.552778 0.564469 0.471018 0.00359479 0.00342094 0.00256124
53.44 0.552971 0.564597 0.47113 0.00481549 0.00320048 0.00279155
53.46 0.553207 0.564713 0.471254 0.00589057 0.0028994 0.00310591
53.48 0.553459 0.564827 0.471395 0.00631604 0.00285632 0.0035232
53.5 0.553696 0.564956 0.471556 0.00592914 0.00323161 0.00401373
53.52 0.553896 0.565114 0.471735 0.00499319 0.00393755 0.00447881
53.54 0.554056 0.565301 0.471925 0.00399937 0.00468878 0.00474765
53.56 0.55419 0.565508 0.472111 0.00334837 0.00516262 0.00466295
53.58 0.554316 0.565715 0.472279 0.00313953 0.00517175 0.00419504
53.6 0.554443 0.565903 0.472418 0.00318622 0.00471867 0.00348422
53.62 0.554571 0.566063 0.47253 0.00320991 0.00398286 0.00279752
53.64 0.554694 0.566195 0.472627 0.00306623 0.00330002 0.00240853
53.66 0.554807 0.566317 0.472725 0.00282853 0.0030509 0.00245554
53.68 0.554914 0.566454 0.47284 0.00268015 0.0034387 0.00287753
53.7 0.555024 0.566627 0.472978 0.00272812 0.00432286 0.00345869
53.72 0.55514 0.566838 0.473135 0.00290971 0.00527957 0.00392499
53.74 0.555262 0.567073 0.473297 0.0030434 0.00587241 0.00403972
53.76 0.555379 0.56731 0.473444 0.0029376 0.00591436 0.00368897
53.78 0.55548 0.567532 0.473562 0.00251974 0.00554507 0.00293763
53.8 0.555557 0.567736 0.473642 0.00191892 0.00510788 0.00200362
53.82 0.555612 0.567933 0.47369 0.00139166 0.00491677 0.00119052
53.84 0.555658 0.568135 0.473722 0.00113679 0.0050466 0.000808909
53.86 0.555704 0.568347 0.473763 0.00116254 0.0053021 0.0010301
53.88 0.555757 0.568563 0.473833 0.00131207 0.00541778 0.00174519
53.9 0.555813 0.568776 0.473936 0.00140659 0.00530581 0.00258574
53.92 0.555869 0.56898 0.474062 0.00139395 0.0051122 0.00313258
53.94 0.555923 0.569183 0.474188 0.00134384 0.00507038 0.00314655
53.96 0.555976 0.569394 0.474294 0.00132367 0.00528212 0.0026528
53.98 0.55603 0.569618 0.474368 0.00134889 0.00559276 0.00187084
54 0.556086 0.569846 0.474412 0.00141531 0.0057024 0.00108123
54.02 0.556146 0.570064 0.474433 0.0015034 0.00545042 0.000533834
54.04 0.556209 0.570265 0.47445 0.00156582 0.00501462 0.00041436
54.06 0.556273 0.570458 0.474481 0.00159917 0.00482502 0.000789895
54.08 0.556341 0.570667 0.474543 0.00170455 0.00522988 0.00153518
54.1 0.55642 0.570914 0.474637 0.00197426 0.00617491 0.00235857
54.12 0.556513 0.571201 0.474755 0.00232953 0.00717109 0.00294045
54.14 0.556616 0.571503 0.474878 0.00257378 0.00757251 0.00308458
54.16 0.556721 0.571783 0.47499 0.0026198 0.00699147 0.00280668
54.18 0.556825 0.572007 0.475083 0.00259312 0.00559363 0.00232061
54.2 0.556933 0.572169 0.475161 0.00270691 0.00406265 0.00193635
54.22 0.557055 0.572298 0.475237 0.00306179 0.00322195 0.00190852
54.24 0.557198 0.57244 0.475329 0.00355497 0.00353343 0.00231081
54.26 0.557356 0.572631 0.475449 0.00396052 0.00479213 0.00300265
54.28 0.55752 0.572881 0.475597 0.00409794 0.00624526 0.00369735
54.3 0.557679 0.573163 0.475761 0.0039746 0.00705138 0.00408826
54.32 0.557831 0.573434 0.47592 0.00379887 0.00676823 0.00398586
54.34 0.557984 0.573657 0.476057 0.0038285 0.00557784 0.00342127
54.36 0.558151 0.573822 0.476163 0.00416854 0.00412961 0.00263923
54.38 0.558338 0.573947 0.476241 0.00468087 0.00311676 0.00195004
54.4 0.558542 0.574062 0.476304 0.00510283 0.00286854 0.00157609
54.42 0.558752 0.57419 0.476368 0.00524979 0.00321449 0.00160638
54.44 0.558957 0.574337 0.476448 0.00511399 0.00367494 0.00200208
54.46 0.559151 0.574489 0.476552 0.00485253 0.00380669 0.00259632
54.48 0.559339 0.574628 0.476678 0.00470988 0.00347648 0.00315527
54.5 0.559534 0.574744 0.476819 0.00487949 0.00289935 0.00351176
54.52 0.559749 0.574841 0.476964 0.00536699 0.00242455 0.00363316
54.54 0.559988 0.574931 0.477106 0.00596958 0.00224574 0.00353968
54.56 0.560244 0.575023 0.477234 0.00640608 0.00228606 0.0032203
54.58 0.560503 0.575116 0.477342 0.00648484 0.00233041 0.00270253
54.6 0.560752 0.575205 0.477429 0.00621567 0.00222259 0.00216584
54.62 0.560985 0.575283 0.477505 0.00581306 0.00196207 0.00189937
54.64 0.561207 0.57535 0.477589 0.00557093 0.00167393 0.00209483
54.66 0.561435 0.575411 0.477695 0.00568814 0.00150959 0.00265522
54.68 0.561681 0.575471 0.477823 0.00616063 0.00151849 0.00320725
54.7 0.561953 0.575535 0.477957 0.00678714 0.00159881 0.00333868
54.72 0.562244 0.575599 0.478072 0.00727078 0.00159888 0.00287031
54.74 0.562539 0.575657 0.47815 0.00737658 0.00145298 0.0019541
54.76 0.562821 0.575706 0.478189 0.00704992 0.00122136 0.000980923
54.78 0.563078 0.575747 0.478205 0.00642733 0.00102708 0.000387252
54.8 0.563309 0.575786 0.478223 0.00577046 0.00096751 0.000466045
54.82 0.563522 0.575829 0.478273 0.00534134 0.00106796 0.00124982
54.84 0.563732 0.57588 0.478373 0.00524794 0.00129176 0.00249936
54.86 0.563947 0.575943 0.478525 0.00537729 0.00156315 0.00378382
54.88 0.564166 0.576014 0.47871 0.00547681 0.00178597 0.0046236
54.9 0.56438 0.576091 0.478896 0.00533296 0.001905 0.00467013
54.92 0.564577 0.576169 0.479052 0.00494246 0.00197165 0.00388593
54.94 0.564759 0.576254 0.479156 0.00453653 0.00211442 0.00261389
54.96 0.564935 0.576351 0.479213 0.00440522 0.00242309 0.00141924
54.98 0.56512 0.576465 0.479244 0.00463159 0.0028577 0.000778499
55 0.565319 0.576596 0.479278 0.0049765 0.00325997 0.000845524
55.02 0.565521 0.576733 0.479335 0.00503296 0.00343547 0.00142855
55.04 0.565702 0.576864 0.479421 0.00452262 0.0032709 0.00214636
55.06 0.565841 0.576977 0.479526 0.00349169 0.00283076 0.00261193
55.08 0.565934 0.577071 0.479629 0.00231373 0.00233786 0.00259319
55.1 0.565995 0.577153 0.479716 0.00151939 0.0020677 0.00216225
55.12 0.566054 0.577243 0.479784 0.00147793 0.0022316 0.00169888
55.14 0.566139 0.577356 0.479849 0.00212892 0.00283975 0.00163826
55.16 0.56626 0.577502 0.479935 0.00303189 0.00363264 0.00213537
55.18 0.566407 0.57767 0.480053 0.00367474 0.00421174 0.00295299
55.2 0.566558 0.577842 0.480198 0.00375766 0.00429099 0.00363387
55.22 0.56669 0.577998 0.480351 0.00330742 0.00390105 0.0038099
55.24 0.566795 0.578133 0.480488 0.00263165 0.0033852 0.00343878
55.26 0.566881 0.57826 0.4806 0.00214303 0.00316037 0.00279675
55.28 0.566965 0.578396 0.48069 0.00209683 0.0034193 0.00226076
55.3 0.567061 0.578556 0.480772 0.00239641 0.00399811 0.00204088
55.32 0.567166 0.578736 0.480854 0.00264145 0.0044988 0.00205572
55.34 0.567264 0.57892 0.480937 0.00245131 0.00459244 0.00206556
55.36 0.567336 0.579091 0.481014 0.00179426 0.0042855 0.00194077
55.38 0.567377 0.579248 0.481087 0.00102919 0.00391246 0.00182537
55.4 0.567403 0.579401 0.481169 0.000646652 0.0038389 0.00204075
55.42 0.56744 0.579567 0.481281 0.000929057 0.00413935 0.00279131
55.44 0.567511 0.57975 0.481438 0.00176527 0.00456847 0.00393217
55.46 0.567619 0.579942 0.481638 0.00269204 0.00481656 0.00499456
55.48 0.567745 0.580133 0.481856 0.00317314 0.00477275 0.0054421
55.5 0.567864 0.580316 0.482054 0.00295754 0.00457446 0.00495804
55.52 0.567953 0.580494 0.482198 0.00223613 0.00444658 0.00360448
55.54 0.568012 0.580674 0.482271 0.00147779 0.00449805 0.00182891
55.56 0.568057 0.580859 0.482284 0.00111658 0.00463423 0.000323721
55.58 0.56811 0.581045 0.482273 0.0013289 0.00464301 -0.000286377
55.6 0.568189 0.581221 0.482281 0.00196463 0.00440325 0.000210421
55.62 0.568294 0.581383 0.482341 0.00263041 0.00404653 0.00149298
55.64 0.568411 0.581539 0.482457 0.00292507 0.0038937 0.00290473
55.66 0.568518 0.581707 0.48261 0.00268819 0.00419816 0.00383098
55.68 0.568601 0.581904 0.482771 0.00207191 0.00493891 0.00400929
55.7 0.568658 0.582137 0.482915 0.00142863 0.00582546 0.00360393
55.72 0.568704 0.582395 0.483036 0.00113576 0.00645221 0.00303808
55.74 0.568761 0.582655 0.483145 0.00142053 0.00648284 0.00271716
55.76 0.56885 0.582888 0.483257 0.0022344 0.00583389 0.00280198
55.78 0.56898 0.58308 0.483382 0.0032548 0.00479578 0.00313148
55.8 0.569142 0.583238 0.483516 0.00404466 0.00394535 0.00333792
55.82 0.569314 0.583389 0.48364 0.00430012 0.00379185 0.00310826
55.84 0.569475 0.583566 0.483737 0.0040232 0.00441287 0.00240926
55.86 0.569614 0.583782 0.483797 0.0034862 0.00540739 0.00150684
55.88 0.569736 0.584029 0.483829 0.00303677 0.00616972 0.00080758
55.9 0.569852 0.584279 0.483855 0.00290984 0.00623987 0.000651776
55.92 0.569978 0.5845 0.483901 0.00314731 0.00554517 0.00115265
55.94 0.570125 0.584679 0.483987 0.00366476 0.00445594 0.00215199
55.96 0.570299 0.584822 0.484119 0.00436613 0.00357547 0.00328829
55.98 0.570506 0.584955 0.484284 0.00515185 0.00333414 0.00411912
56 0.570739 0.585103 0.484455 0.00584916 0.00369564 0.00427401
56.02 0.570988 0.585272 0.4846 0.00621468 0.00423055 0.00363104
56.04 0.57123 0.58545 0.484698 0.00605599 0.0044525 0.00244088
56.06 0.571445 0.585615 0.484748 0.00537737 0.00413113 0.00126219
56.08 0.571623 0.585751 0.484775 0.00444371 0.0033911 0.000683256
56.1 0.57177 0.585854 0.484814 0.00368142 0.00258285 0.000968101
56.12 0.571909 0.585936 0.484888 0.00346251 0.00203352 0.00185782
56.14 0.572066 0.58601 0.484998 0.00391788 0.00185613 0.00274859
56.16 0.572261 0.586088 0.485124 0.00487557 0.00194455 0.00313193
56.18 0.572499 0.586173 0.48524 0.00594666 0.00211947 0.00291002
56.2 0.572767 0.586263 0.485335 0.00672461 0.00227319 0.00236498
56.22 0.573046 0.586359 0.485411 0.00695935 0.00239274 0.0018993
56.24 0.573311 0.586459 0.485482 0.0066391 0.0024994 0.00177677
56.26 0.573551 0.586563 0.485561 0.0059819 0.00260247 0.00199498
56.28 0.573763 0.586671 0.485654 0.00530794 0.00269464 0.00232369
56.3 0.573958 0.586781 0.485754 0.00487047 0.00273878 0.00249646
56.32 0.57415 0.586887 0.485852 0.00479799 0.00267008 0.00244887
56.34 0.574355 0.586987 0.485948 0.00513783 0.00247976 0.00240524
56.36 0.574589 0.587078 0.486056 0.00584088 0.00229034 0.00269767
56.38 0.574856 0.587169 0.486194 0.00668591 0.0022794 0.00344756
56.4 0.575148 0.58727 0.486371 0.00730128 0.00252433 0.00440966
56.42 0.575443 0.587388 0.486575 0.00735667 0.0029473 0.00511211
56.44 0.575714 0.587522 0.486781 0.00679227 0.00335052 0.00515803
56.46 0.575949 0.587661 0.486961 0.00586982 0.00347282 0.00449012
56.48 0.57615 0.587785 0.487099 0.0050286 0.00310704 0.00344246
56.5 0.576337 0.587876 0.4872 0.00466007 0.00226431 0.00251998
56.52 0.576531 0.587926 0.487281 0.00486076 0.0012496 0.00204869
56.54 0.576744 0.587949 0.487361 0.00531993 0.000579172 0.00199042
56.56 0.576965 0.587978 0.487444 0.00553214 0.000729926 0.00206463
56.58 0.577173 0.588052 0.487525 0.00518935 0.00184653 0.00203939
56.6 0.577349 0.588195 0.487602 0.00440362 0.00357836 0.00192562
56.62 0.577493 0.588403 0.487679 0.00359691 0.0051816 0.00191192
56.64 0.57762 0.588639 0.487764 0.00317746 0.00590461 0.00213963
56.66 0.577749 0.588858 0.487866 0.00323231 0.00546802 0.00253826
56.68 0.577889 0.589028 0.48798 0.00348858 0.00427027 0.00284894
56.7 0.578031 0.589152 0.488093 0.00356722 0.00310126 0.00282027
56.72 0.578162 0.589256 0.488189 0.00326714 0.00259193 0.00241018
56.74 0.578269 0.58937 0.488262 0.00267119 0.00285232 0.00182087
56.76 0.578352 0.589511 0.488316 0.00206594 0.00352187 0.00135744
56.78 0.578421 0.589675 0.488364 0.00173563 0.00409584 0.00120412
56.8 0.578492 0.589847 0.488417 0.00177193 0.00429856 0.00131184
56.82 0.578574 0.590018 0.488477 0.00204042 0.0042805 0.00150128
56.84 0.578667 0.590196 0.488543 0.00232639 0.00445978 0.0016443
56.86 0.578767 0.590401 0.488613 0.00251739 0.0051098 0.0017626
56.88 0.578874 0.590642 0.488692 0.00265707 0.00602158 0.00197434
56.9 0.578986 0.590904 0.488786 0.00281978 0.00656826 0.00234376
56.92 0.579105 0.591152 0.488897 0.00297007 0.00617879 0.00278074
56.94 0.579224 0.591345 0.489021 0.00296799 0.0048314 0.00309085
56.96 0.579331 0.59147 0.489146 0.00267226 0.00313869 0.00312969
56.98 0.579413 0.591548 0.489263 0.00206093 0.00195003 0.00291792
57 0.579466 0.591621 0.489368 0.00133016 0.00181406 0.00263443
57.02 0.5795 0.591728 0.489467 0.000836245 0.00268738 0.00247498
57.04 0.579534 0.591888 0.489566 0.000859082 0.00400084 0.00248196
57.06 0.57959 0.592089 0.489667 0.00140585 0.00500805 0.00250642
57.08 0.579679 0.592297 0.489759 0.0022154 0.00520993 0.00232374
57.1 0.579796 0.59248 0.489832 0.00291486 0.00457448 0.00181119
57.12 0.579924 0.592618 0.489875 0.00321156 0.00345024 0.00108077
57.14 0.580045 0.592712 0.489893 0.00302665 0.00235015 0.000449954
57.16 0.580145 0.592782 0.489904 0.00250106 0.00175025 0.000268172
57.18 0.580222 0.59286 0.489934 0.00191789 0.00193492 0.00075676
57.2 0.580286 0.592975 0.490011 0.00159868 0.00289328 0.00192006
57.22 0.580357 0.593147 0.490151 0.0017819 0.00428274 0.00349191
57.24 0.580456 0.593367 0.490349 0.00246925 0.00551085 0.00495522
57.26 0.58059 0.593606 0.490578 0.0033556 0.00597876 0.00573304
57.28 0.580751 0.593823 0.490798 0.0040113 0.00542843 0.00549054
57.3 0.580918 0.593989 0.49097 0.00417584 0.00414918 0.00430996
57.32 0.581074 0.594103 0.491076 0.00391518 0.0028423 0.00263431
57.34 0.581216 0.594192 0.491118 0.00354008 0.00221264 0.00107305
57.36 0.581351 0.594293 0.491125 0.00336917 0.00254751 0.000168481
57.38 0.581492 0.594436 0.491133 0.00352325 0.00356146 0.000192951
57.4 0.581647 0.59462 0.491175 0.00388693 0.00460574 0.0010445
57.42 0.581816 0.594823 0.491268 0.00423317 0.00508109 0.00232408
57.44 0.581992 0.595015 0.49141 0.00438728 0.00478637 0.00355806
57.46 0.582165 0.595176 0.491585 0.00433058 0.0040177 0.00437833
57.48 0.582334 0.59531 0.491769 0.00421209 0.00336983 0.00458889
57.5 0.582503 0.595443 0.491936 0.00424158 0.0033275 0.00419452
57.52 0.582684 0.5956 0.492073 0.0045268 0.00391716 0.00340134
57.54 0.582884 0.595788 0.492174 0.00499156 0.00469956 0.00253387
57.56 0.5831 0.595992 0.49225 0.00539764 0.00510244 0.00190747
57.58 0.583319 0.596185 0.492319 0.00547961 0.00481986 0.00173277
57.6 0.583524 0.596345 0.492402 0.00512916 0.00399706 0.00205637
57.62 0.583704 0.596469 0.49251 0.00450681 0.00311241 0.0027124
57.64 0.583864 0.596576 0.492644 0.00397575 0.00266203 0.0033481
57.66 0.584019 0.59669 0.492788 0.0038762 0.00285182 0.00360522
57.68 0.58419 0.596829 0.492923 0.00429329 0.00347326 0.00335788
57.7 0.58439 0.596991 0.493035 0.00499634 0.0040444 0.00279912
57.72 0.584614 0.597156 0.493126 0.00559404 0.00413367 0.00229432
57.74 0.584844 0.597302 0.493212 0.00576239 0.00364421 0.00212941
57.76 0.58506 0.597417 0.493306 0.00540113 0.00287162 0.00234894
57.78 0.585248 0.597508 0.493417 0.00468509 0.0022962 0.00277734
57.8 0.585408 0.597598 0.493542 0.00399132 0.00224752 0.00314299
57.82 0.585555 0.597706 0.49367 0.00369828 0.00268679 0.00319518
57.84 0.585713 0.597837 0.493782 0.00393489 0.0032895 0.00279538
57.86 0.585891 0.597986 0.493861 0.00446333 0.00371812 0.00197716
57.88 0.586086 0.598139 0.493898 0.00485737 0.00381011 0.000930733
57.9 0.586279 0.598283 0.493895 0.00484379 0.00362051 -7.00408e-05
57.92 0.586459 0.598418 0.493866 0.00448634 0.00336303 -0.000740692
57.94 0.586622 0.598548 0.493832 0.00408278 0.00325054 -0.000854829
57.96 0.586779 0.59868 0.493818 0.00391903 0.00331468 -0.000336982
57.98 0.586942 0.598816 0.493844 0.00406754 0.00339356 0.000645117
58 0.587116 0.598949 0.493912 0.0043467 0.0033145 0.00170861
58.02 0.587294 0.599072 0.494011 0.00447259 0.00307449 0.00246299
58.04 0.587465 0.599186 0.49412 0.00427149 0.00286472 0.00273981
58.06 0.587616 0.599304 0.494226 0.00377606 0.00292954 0.00264169
58.08 0.587744 0.599438 0.494323 0.00318819 0.00336291 0.00241443
58.1 0.587854 0.599598 0.494413 0.00275438 0.00399873 0.00226198
58.12 0.587958 0.599778 0.494502 0.00259763 0.00450829 0.00221525
58.14 0.588064 0.599964 0.494588 0.00265697 0.00464063 0.00216376
58.16 0.588177 0.60014 0.49467 0.00282023 0.00440375 0.00203494
58.18 0.5883 0.600302 0.494747 0.00308494 0.00404705 0.00193941
58.2 0.588443 0.600458 0.494833 0.00355438 0.00389231 0.0021406
58.22 0.588614 0.600622 0.494947 0.00428537 0.00411715 0.00284189
58.24 0.58882 0.600807 0.495105 0.00515783 0.0046154 0.0039509
58.26 0.589055 0.601009 0.495306 0.00586447 0.00505859 0.00503246
58.28 0.589297 0.601215 0.495528 0.00604114 0.00514574 0.00554647
58.3 0.589516 0.601408 0.495736 0.0054879 0.00481714 0.00520724
58.32 0.58969 0.601578 0.495903 0.00434582 0.0042639 0.00416602
58.34 0.589813 0.601731 0.496019 0.0030709 0.00381514 0.00291015
58.36 0.589901 0.601883 0.4961 0.00219971 0.00379611 0.00201022
58.38 0.589984 0.602056 0.496174 0.00209015 0.00433422 0.00185695
58.4 0.590095 0.602263 0.496273 0.00277159 0.00518011 0.00247263
58.42 0.590252 0.602496 0.496413 0.00392094 0.00580461 0.00350802
58.44 0.590451 0.602726 0.496591 0.00496222 0.00576219 0.00443919
58.46 0.590664 0.602926 0.496785 0.0053429 0.004995 0.00486545
58.48 0.590858 0.603079 0.496974 0.00485572 0.00383286 0.00471017
58.5 0.59101 0.60319 0.497142 0.0037767 0.00277325 0.00420467
58.52 0.591118 0.603279 0.49729 0.00271275 0.00222472 0.00370462
58.54 0.591207 0.603372 0.497429 0.00222214 0.00232819 0.00346655
58.56 0.591304 0.603488 0.497569 0.00243479 0.00290579 0.0035021
58.58 0.591423 0.603631 0.497712 0.00297523 0.00356756 0.00358395
58.6 0.591554 0.603789 0.497848 0.00327348 0.00394615 0.00340217
58.62 0.591674 0.603946 0.49796 0.00298911 0.00392759 0.00279078
58.64 0.591762 0.604093 0.498034 0.00220466 0.0036644 0.00185523
58.66 0.591815 0.604226 0.49807 0.00131701 0.00333967 0.000898712
58.68 0.591846 0.604345 0.498079 0.000785248 0.00297184 0.000223427
58.7 0.591881 0.604445 0.498078 0.000875196 0.00248352 -2.93238e-05
58.72 0.591941 0.604521 0.498081 0.00150757 0.00190477 9.1689e-05
58.74 0.592034 0.604578 0.498098 0.00231244 0.00143913 0.000423879
58.76 0.592149 0.604631 0.49813 0.00288622 0.00132688 0.0007807
58.78 0.592271 0.604698 0.49817 0.00304278 0.00165448 0.000998995
58.8 0.592385 0.604789 0.498209 0.00285791 0.00227571 0.000983682
58.82 0.592487 0.604905 0.49824 0.00253221 0.00290136 0.000771844
58.84 0.592576 0.605036 0.498261 0.00224565 0.00328117 0.000529558
58.86 0.592661 0.605169 0.498278 0.00210858 0.00333472 0.000430197
58.88 0.592748 0.605295 0.4983 0.00217889 0.00314324 0.000539495
58.9 0.592847 0.605409 0.498333 0.00247183 0.00286157 0.000818774
58.92 0.592965 0.605516 0.498381 0.00295037 0.00265735 0.00120968
58.94 0.593105 0.605623 0.498447 0.00350702 0.00268383 0.00164726
58.96 0.593266 0.605744 0.498527 0.00400934 0.00303326 0.00201118
58.98 0.593441 0.605891 0.498614 0.00439257 0.00366318 0.00217189
59 0.593627 0.606066 0.498698 0.0046484 0.00436911 0.00210858
59.02 0.593817 0.60626 0.498776 0.00474822 0.00485543 0.00195062
59.04 0.594004 0.606456 0.498853 0.00468241 0.0049078 0.00190088
59.06 0.594188 0.606639 0.498937 0.00458367 0.00457104 0.00211531
59.08 0.594376 0.606805 0.499041 0.00471159 0.00415666 0.00260765
59.1 0.594587 0.606968 0.499171 0.00525735 0.00405442 0.00322648
59.12 0.594832 0.607147 0.49932 0.00614401 0.0044746 0.00374175
59.14 0.595113 0.607358 0.49948 0.00701585 0.00528665 0.00399615
59.16 0.59541 0.607601 0.499639 0.00742808 0.00608343 0.00398644
59.18 0.595694 0.607858 0.499792 0.00710767 0.00642962 0.00380863
59.2 0.59594 0.608103 0.499934 0.00613976 0.00611389 0.0035627
59.22 0.596139 0.608313 0.500067 0.00496476 0.00525248 0.00332696
59.24 0.596305 0.608483 0.500195 0.00414983 0.00423557 0.00317899
59.26 0.596467 0.608625 0.500322 0.00406794 0.00356574 0.00318794
59.28 0.596655 0.608769 0.500457 0.00468399 0.00359025 0.00336842
59.3 0.596878 0.608939 0.500602 0.0055741 0.00424972 0.00363994
59.32 0.597124 0.609142 0.500756 0.00617137 0.00507576 0.00384226
59.34 0.597369 0.609362 0.500909 0.00611113 0.00550759 0.00383344
59.36 0.597586 0.609573 0.501053 0.00543135 0.00527454 0.0035961
59.38 0.597765 0.609754 0.501184 0.00447857 0.00453303 0.00325558
59.4 0.597911 0.609903 0.501303 0.00365618 0.00370766 0.00299406
59.42 0.598041 0.61003 0.501421 0.00322583 0.00319171 0.00293851
59.44 0.59817 0.610156 0.501544 0.00323841 0.00313403 0.00308294
59.46 0.598312 0.610292 0.501675 0.00355271 0.00341691 0.00326885
59.48 0.598469 0.610444 0.501805 0.00391987 0.00377907 0.00325463
59.5 0.598633 0.610603 0.501919 0.00410227 0.00398083 0.00285546
59.52 0.598792 0.61076 0.502002 0.00396799 0.00392075 0.00207391
59.54 0.598934 0.610906 0.502047 0.00355295 0.00366883 0.0011216
59.56 0.599057 0.611041 0.502059 0.00307561 0.00336884 0.000302447
59.58 0.59917 0.611165 0.502053 0.00283587 0.00309226 -0.000147066
59.6 0.59929 0.611277 0.502047 0.00299404 0.002814 -0.00014846
59.62 0.599428 0.61138 0.502056 0.00344965 0.00255247 0.000223377
59.64 0.599586 0.611478 0.502088 0.00394902 0.00247122 0.000799889
59.66 0.599757 0.611589 0.502144 0.00426628 0.00275564 0.00139634
59.68 0.599929 0.611725 0.50222 0.00431374 0.00340173 0.00189024
59.7 0.600095 0.611891 0.502309 0.0041455 0.0041642 0.00223746
59.72 0.60025 0.612079 0.502406 0.00386281 0.00468665 0.00241941
59.74 0.60039 0.612266 0.502503 0.00350751 0.00469099 0.002413
59.76 0.600512 0.612432 0.502591 0.00305854 0.0041307 0.00222151
59.78 0.600614 0.612561 0.502668 0.00255669 0.00323944 0.00190755
59.8 0.600702 0.612658 0.502731 0.00219889 0.00243232 0.00158228
59.82 0.600792 0.612742 0.502786 0.00224396 0.00209626 0.00137212
59.84 0.600904 0.612838 0.502841 0.00280536 0.00238565 0.00138305
59.86 0.601052 0.612964 0.502907 0.00369224 0.00315998 0.0016472
59.88 0.60123 0.613127 0.50299 0.00443922 0.00407171 0.00208227
59.9 0.601413 0.613316 0.503091 0.00458534 0.00471826 0.00252661
59.92 0.601574 0.613508 0.503205 0.00402219 0.00481312 0.00283627
59.94 0.601698 0.613681 0.503323 0.00308875 0.00431301 0.00296214
59.96 0.601791 0.613817 0.503441 0.00232526 0.00341593 0.00294412
59.98 0.601876 0.613916 0.503556 0.00212914 0.0024577 0.00287437
60 0.601978 0.613987 0.503671 0.00255401 0.0017893 0.00287911
60.02 0.60211 0.614053 0.503795 0.0033121 0.0016518 0.00308193
60.04 0.602269 0.614137 0.503935 0.00397651 0.00209654 0.00351344
60.06 0.602441 0.614257 0.504097 0.00427844 0.00298825 0.00404559
60.08 0.602611 0.614419 0.504274 0.00427105 0.00405495 0.00442641
60.1 0.602779 0.614616 0.504449 0.0041877 0.00492531 0.00437982
60.12 0.602946 0.614823 0.504598 0.00416623 0.00518647 0.00373123
60.14 0.603111 0.615005 0.504701 0.00412497 0.00454968 0.00255368
60.16 0.603267 0.615129 0.504751 0.00390281 0.00307856 0.0012526
60.18 0.603407 0.61518 0.504768 0.00350563 0.00127921 0.00043868
60.2 0.603534 0.615176 0.504792 0.00316798 -9.99306e-05 0.000593323
60.22 0.60366 0.615158 0.504861 0.00317073 -0.000455253 0.00172994
60.24 0.603805 0.615172 0.504994 0.00362062 0.000364365 0.00331176
60.26 0.60398 0.615252 0.505175 0.00436553 0.00199208 0.00452717
60.28 0.604182 0.6154 0.505365 0.00505841 0.0037174 0.00476331
60.3 0.604396 0.615593 0.505523 0.00534614 0.00482437 0.00395176
60.32 0.604599 0.615791 0.505626 0.00507598 0.00494839 0.00255851
60.34 0.604774 0.615961 0.505677 0.00437469 0.00424083 0.00128436
60.36 0.604917 0.61609 0.505705 0.00356623 0.00323632 0.000697013
60.38 0.605036 0.61619 0.505743 0.00298078 0.00249821 0.000958035
60.4 0.605147 0.616282 0.505814 0.00276677 0.00230104 0.00177325
60.42 0.60526 0.616385 0.505918 0.0028327 0.00256438 0.00258964
60.44 0.605378 0.616506 0.506035 0.00294214 0.00302522 0.00292858
60.46 0.605495 0.616645 0.506142 0.00293179 0.00346415 0.00266806
60.48 0.60561 0.616796 0.506225 0.00287335 0.0037892 0.00208151
60.5 0.605729 0.616955 0.506289 0.00296689 0.00397071 0.00160216
60.52 0.605859 0.617113 0.506349 0.00326684 0.00395945 0.00149892
60.54 0.606002 0.617261 0.506418 0.00358252 0.00370163 0.0017331
60.56 0.60615 0.617392 0.506501 0.00368456 0.00326994 0.00207383
60.58 0.606291 0.617509 0.506593 0.00353303 0.00291449 0.00230623
60.6 0.606422 0.617625 0.506688 0.00326459 0.00291058 0.00235165
60.62 0.606543 0.61776 0.506778 0.00304243 0.00338113 0.00226093
60.64 0.606661 0.617929 0.506864 0.00294006 0.00421904 0.00214915
60.66 0.606778 0.618133 0.506949 0.00291855 0.00509878 0.00212275
60.68 0.606895 0.618358 0.507037 0.00292201 0.00563214 0.00221378
60.7 0.607014 0.618584 0.507132 0.0029861 0.00564192 0.00237008
60.72 0.607144 0.618795 0.507232 0.00324779 0.00528369 0.00250602
60.74 0.607298 0.618989 0.507335 0.00384024 0.00484696 0.00256649
60.76 0.607487 0.619169 0.507437 0.00472733 0.00448602 0.00254731
60.78 0.607711 0.619336 0.507536 0.0056142 0.00419188 0.00246437
60.8 0.607954 0.619495 0.507629 0.00606676 0.00395836 0.00233884
60.82 0.608187 0.61965 0.507718 0.00582235 0.00387797 0.00221966
60.84 0.608388 0.619812 0.507806 0.00503562 0.00405604 0.00219286
60.86 0.608556 0.619991 0.5079 0.0041985 0.00447604 0.00235322
60.88 0.608707 0.620189 0.50801 0.00377356 0.00495722 0.00274508
60.9 0.608862 0.620398 0.508141 0.00388022 0.00522296 0.00328759
60.92 0.609035 0.620601 0.508291 0.00431653 0.00507608 0.00375348
60.94 0.609227 0.620785 0.508447 0.00479559 0.00458288 0.00388628
60.96 0.609432 0.620947 0.50859 0.00513046 0.004068 0.003584
60.98 0.609643 0.621102 0.508709 0.0052824 0.00386685 0.00296352
61 0.609856 0.621264 0.508799 0.00531246 0.00405667 0.0022606
61.02 0.610067 0.62144 0.508867 0.00528178 0.00439208 0.00169935
61.04 0.610274 0.621619 0.508924 0.00516894 0.00448095 0.00141815
61.06 0.61047 0.621782 0.508982 0.00490692 0.00406649 0.00146148
61.08 0.61065 0.621911 0.509054 0.00449614 0.00322278 0.00180477
61.1 0.610812 0.622005 0.509149 0.00404032 0.00234943 0.0023585
61.12 0.610959 0.622082 0.509267 0.00368204 0.00193382 0.00294878
61.14 0.6111 0.622171 0.509401 0.00352614 0.00222033 0.00336089
61.16 0.611244 0.622293 0.509539 0.00359972 0.00304892 0.00345725
61.18 0.611397 0.622452 0.509669 0.00383082 0.0039792 0.00324942
61.2 0.61156 0.622635 0.509784 0.00406704 0.00457553 0.00286015
61.22 0.611726 0.622821 0.509881 0.00416307 0.00463376 0.00242827
61.24 0.611889 0.62299 0.509963 0.00405275 0.00422724 0.00204431
61.26 0.612038 0.623134 0.510032 0.00374661 0.00359964 0.00173584
61.28 0.612171 0.623253 0.510092 0.00331172 0.00297452 0.00148988
61.3 0.612286 0.623351 0.510143 0.00286678 0.00244835 0.00129141
61.32 0.612388 0.623434 0.510189 0.00254939 0.00208581 0.00115321
61.34 0.612485 0.623515 0.510234 0.00243773 0.0020339 0.00111924
61.36 0.612585 0.623613 0.510284 0.00250829 0.00243283 0.00123909
61.38 0.612693 0.623742 0.510345 0.0026894 0.0032402 0.00154047
61.4 0.61281 0.623909 0.510425 0.0029193 0.00417743 0.00199684
61.42 0.612935 0.624103 0.510525 0.00312375 0.00483485 0.00249984
61.44 0.613063 0.624298 0.51064 0.00320472 0.00487256 0.00287968
61.46 0.613188 0.624467 0.51076 0.0031294 0.00423846 0.00299561
61.48 0.613308 0.624598 0.510874 0.00300965 0.00327139 0.00284205
61.5 0.61343 0.6247 0.510976 0.00303703 0.00254041 0.00254621
61.52 0.613563 0.624799 0.511066 0.00332453 0.00247425 0.00226109
61.54 0.613716 0.624922 0.511149 0.00382474 0.00307763 0.00208066
61.56 0.613892 0.625079 0.511231 0.00439222 0.00393574 0.00204067
61.58 0.614087 0.625258 0.511318 0.00489464 0.00446515 0.00216208
61.6 0.614298 0.625428 0.511416 0.00526126 0.00426652 0.00245279
61.62 0.614517 0.625565 0.51153 0.00547431 0.00340737 0.00286215
61.64 0.614739 0.625662 0.511661 0.00555161 0.00243322 0.00326006
61.66 0.61496 0.625743 0.5118 0.00552992 0.00202832 0.00347931
61.68 0.615178 0.625846 0.511936 0.0054523 0.00257226 0.00341019
61.7 0.615392 0.626002 0.51206 0.00535166 0.00389719 0.00309349
61.72 0.615602 0.626217 0.512169 0.00523499 0.00536417 0.00272137
61.74 0.615805 0.626463 0.512269 0.00508482 0.00617184 0.00250844
61.76 0.616001 0.626694 0.51237 0.004894 0.00575795 0.0025298
61.78 0.616189 0.62686 0.512477 0.00471406 0.00415784 0.00267724
61.8 0.616375 0.626943 0.512587 0.00463076 0.00208085 0.00274811
61.82 0.616562 0.626966 0.512691 0.00469047 0.000563632 0.00258133
61.84 0.616758 0.626981 0.512777 0.00488552 0.000390468 0.00215187
61.86 0.616965 0.627048 0.51284 0.0051892 0.00165981 0.0015811
61.88 0.617186 0.627197 0.512883 0.00552817 0.00373806 0.00108856
61.9 0.617416 0.627421 0.51292 0.00574147 0.00559907 0.000920297
61.92 0.617642 0.627676 0.51297 0.00564564 0.00637647 0.00123679
61.94 0.617849 0.627909 0.513049 0.00517235 0.00582612 0.00199297
61.96 0.618026 0.628086 0.513166 0.00443628 0.0044216 0.00291492
61.98 0.618173 0.628207 0.513311 0.00366257 0.00302169 0.00361729
62 0.618295 0.628301 0.513462 0.00305082 0.00235168 0.00379203
62.02 0.618402 0.628406 0.513598 0.00269303 0.00262987 0.00337848
62.04 0.618506 0.628548 0.513702 0.00260401 0.00353038 0.0026223
62.06 0.618619 0.628726 0.513781 0.00280091 0.00446787 0.0019554
62.08 0.61875 0.628926 0.51385 0.00329796 0.00498754 0.00174118
62.1 0.618911 0.629125 0.513932 0.00401128 0.00497636 0.00204774
62.12 0.619099 0.62931 0.514036 0.00470564 0.0046315 0.00260558
62.14 0.619301 0.629481 0.514156 0.00505693 0.00427251 0.00298357
62.16 0.619495 0.629646 0.51427 0.00483713 0.00411849 0.00286427
62.18 0.619659 0.629812 0.51436 0.00410024 0.00416355 0.00223485
62.2 0.619787 0.629983 0.514415 0.00320191 0.00425553 0.00138585
62.22 0.619891 0.630153 0.514444 0.00260031 0.00427314 0.00073076
62.24 0.619994 0.630322 0.514468 0.00256513 0.0042088 0.00057988
62.26 0.620114 0.630487 0.514508 0.0030107 0.00412998 0.00101111
62.28 0.620257 0.630651 0.514582 0.00357664 0.00410862 0.00186126
62.3 0.620412 0.630818 0.514694 0.00386482 0.00416901 0.00279912
62.32 0.620559 0.630988 0.514833 0.00368261 0.00425354 0.00345825
62.34 0.620685 0.631157 0.514977 0.00315438 0.00422457 0.00359655
62.36 0.62079 0.631315 0.515104 0.00262294 0.00393211 0.00318466
62.38 0.620887 0.631447 0.515199 0.00243133 0.00331676 0.00238301
62.4 0.620997 0.631547 0.515257 0.00273747 0.00248721 0.00145364
62.42 0.621135 0.631616 0.515283 0.00344178 0.00172922 0.000643507
62.44 0.621303 0.631671 0.515287 0.00421662 0.00138694 8.59789e-05
62.46 0.62149 0.631738 0.515279 0.00466266 0.00166334 -0.000202004
62.48 0.621672 0.631837 0.515269 0.00454745 0.00248158 -0.000245482
62.5 0.621829 0.631977 0.515267 0.00394211 0.00349575 -4.42351e-05
62.52 0.621956 0.632147 0.515285 0.00316162 0.00424059 0.000442941
62.54 0.622059 0.632321 0.515335 0.00258909 0.0043674 0.00126819
62.56 0.622158 0.632476 0.515432 0.00247715 0.00386015 0.00241231
62.58 0.622272 0.632598 0.515579 0.00283016 0.00306298 0.00367743
62.6 0.622409 0.632698 0.515766 0.00344741 0.00248322 0.00468587
62.62 0.622572 0.632797 0.515968 0.00405661 0.00248913 0.00503155
62.64 0.622748 0.632921 0.516149 0.00440403 0.00309445 0.00452152
62.66 0.622921 0.633081 0.516283 0.0043268 0.00399394 0.0033708
62.68 0.623075 0.633272 0.516369 0.00386166 0.00478962 0.00214576
62.7 0.623207 0.63348 0.516427 0.00329139 0.00520494 0.00144411
62.72 0.623327 0.633687 0.516489 0.00300123 0.00517193 0.00155702
62.74 0.623456 0.633879 0.516582 0.0032206 0.00479865 0.00232619
62.76 0.623611 0.63405 0.516713 0.00387886 0.00426541 0.00326074
62.78 0.623797 0.634199 0.516865 0.0046485 0.00373359 0.00381596
62.8 0.624002 0.634332 0.517013 0.00511422 0.00332172 0.00369493
62.82 0.624201 0.634457 0.517135 0.00499263 0.00313449 0.00303843
62.84 0.624375 0.634588 0.517229 0.00432956 0.00326742 0.0023582
62.86 0.624515 0.634738 0.517317 0.00350978 0.00374252 0.00220072
62.88 0.624635 0.634916 0.517427 0.00300351 0.0044489 0.00275733
62.9 0.624757 0.635121 0.517576 0.00304664 0.00513817 0.00370822
62.92 0.624898 0.635342 0.517753 0.00351572 0.00551088 0.00443561
62.94 0.62506 0.635558 0.517931 0.00406185 0.00539579 0.00445227
62.96 0.625235 0.635753 0.51808 0.00436564 0.00488487 0.00372067
62.98 0.625408 0.635925 0.518186 0.0043339 0.00429039 0.0026462
63 0.625572 0.636082 0.518257 0.00411154 0.00393552 0.00177227
63.02 0.625728 0.636241 0.518313 0.00389308 0.00396193 0.00141685
63.04 0.625877 0.636412 0.518373 0.00371919 0.00428445 0.00149714
63.06 0.626017 0.636598 0.518439 0.00349883 0.00466232 0.00163589
63.08 0.626145 0.636791 0.518498 0.00320055 0.00482066 0.00147231
63.1 0.626263 0.636976 0.518536 0.00294886 0.00461365 0.000966211
63.12 0.62638 0.637142 0.518554 0.00293322 0.0041439 0.000440381
63.14 0.62651 0.63729 0.518567 0.00323431 0.00370343 0.00032122
63.16 0.626658 0.637432 0.518599 0.00371499 0.00354617 0.000808541
63.18 0.626821 0.637579 0.518668 0.00407456 0.00369788 0.00172465
63.2 0.626984 0.637739 0.518774 0.00405931 0.00397902 0.00263949
63.22 0.62713 0.637905 0.5189 0.00365524 0.00416876 0.00316606
63.24 0.627254 0.638071 0.519028 0.00311111 0.00414576 0.00318546
63.26 0.627365 0.638228 0.519142 0.00276722 0.00392138 0.00284748
63.28 0.627477 0.638372 0.519238 0.00280964 0.00359759 0.00241382
63.3 0.627604 0.638503 0.519322 0.00315782 0.00328819 0.00208267
63.32 0.627746 0.638624 0.519397 0.00356538 0.00300703 0.00189374
63.34 0.627899 0.638729 0.519468 0.00382193 0.00263971 0.00175584
63.36 0.628053 0.638813 0.519531 0.00384842 0.00208757 0.00158146
63.38 0.6282 0.638871 0.519587 0.00367648 0.00145108 0.00140886
63.4 0.628336 0.638912 0.519642 0.00339507 0.00103354 0.0013622
63.42 0.628461 0.638957 0.519703 0.00312817 0.00111468 0.00153387
63.44 0.628582 0.639025 0.51978 0.00301785 0.00169847 0.00191566
63.46 0.628708 0.639124 0.519876 0.00315785 0.00248773 0.00239802
63.48 0.628849 0.639247 0.519988 0.00352555 0.00307213 0.00281421
63.5 0.629008 0.639373 0.520109 0.00398116 0.00315675 0.00301533
63.52 0.629182 0.639482 0.520226 0.0043449 0.00272331 0.00294395
63.54 0.629361 0.639564 0.520334 0.00448333 0.00204054 0.00267607
63.56 0.629537 0.639625 0.520429 0.00438701 0.00151481 0.002388
63.58 0.629704 0.639683 0.520519 0.00418948 0.00147272 0.00224382
63.6 0.629868 0.639763 0.52061 0.00407806 0.0019843 0.00227793
63.62 0.630035 0.639875 0.520705 0.0041754 0.00280357 0.00238484
63.64 0.630214 0.640014 0.520803 0.00447823 0.00348595 0.00243201
63.66 0.630409 0.640161 0.520898 0.00487114 0.00366195 0.00238203
63.68 0.630616 0.640293 0.520991 0.0051907 0.00329956 0.00233
63.7 0.630829 0.640401 0.521089 0.0053121 0.00270419 0.00244161
63.72 0.631038 0.640493 0.521202 0.0052225 0.00228867 0.00282089
63.74 0.631239 0.640586 0.521337 0.00503892 0.0023415 0.00338749
63.76 0.631436 0.640703 0.521493 0.00492746 0.00291456 0.00389086
63.78 0.631635 0.640855 0.521657 0.0049665 0.00380685 0.0041047
63.8 0.631838 0.64104 0.521818 0.00507697 0.0046303 0.00402678
63.82 0.632042 0.64124 0.521973 0.00509727 0.00498929 0.00387006
63.84 0.632239 0.641428 0.522127 0.00492588 0.00470083 0.00384909
63.86 0.632423 0.641584 0.522285 0.00459298 0.00391204 0.00395302
63.88 0.632591 0.641705 0.522441 0.00421792 0.00302323 0.0039133
63.9 0.632748 0.641804 0.522578 0.00392227 0.00245606 0.00341092
63.92 0.632898 0.641901 0.522673 0.00375105 0.00243508 0.00237297
63.94 0.633045 0.642018 0.522717 0.00365731 0.00293187 0.00111826
63.96 0.633188 0.642167 0.522725 0.00359302 0.00372765 0.000192772
63.98 0.633332 0.642347 0.522726 0.00360059 0.0044945 9.40339e-06
64 0.633483 0.642543 0.522749 0.00377798 0.00490477 0.000581109
64.02 0.63365 0.642735 0.52281 0.00415565 0.00477926 0.00153176
64.04 0.633834 0.642903 0.522903 0.00461877 0.00421713 0.0023356
64.06 0.634032 0.643047 0.523007 0.00494458 0.0036017 0.00259734
64.08 0.634231 0.643182 0.523097 0.00495979 0.00337911 0.00224839
64.1 0.634418 0.643332 0.52316 0.00467255 0.00374479 0.00156003
64.12 0.634587 0.643512 0.523197 0.00423606 0.00450639 0.000935761
64.14 0.634739 0.643721 0.523223 0.00379968 0.0052231 0.000653665
64.16 0.634877 0.643941 0.523254 0.00344619 0.00548636 0.0007611
64.18 0.635007 0.644147 0.523299 0.00324319 0.00516052 0.0011349
64.2 0.635137 0.644327 0.523363 0.00326171 0.004499 0.00160897
64.22 0.635279 0.644488 0.523447 0.00354216 0.00401413 0.00207782
64.24 0.63544 0.644651 0.523547 0.00402985 0.00407956 0.00250226
64.26 0.635622 0.644836 0.52366 0.00455273 0.00462601 0.00283479
64.28 0.635817 0.645046 0.523778 0.00487742 0.00524469 0.00295929
64.3 0.63601 0.645268 0.523889 0.004827 0.00555506 0.00275627
64.32 0.636186 0.645487 0.523979 0.0044085 0.00548069 0.00226589
64.34 0.63634 0.645698 0.524049 0.00383641 0.00525762 0.00175352
64.36 0.636477 0.645905 0.524111 0.00343165 0.00519503 0.00154434
64.38 0.636615 0.646121 0.524182 0.00343247 0.00539012 0.00176952
64.4 0.636767 0.646348 0.524273 0.0038137 0.00566795 0.0022793
64.42 0.636939 0.646578 0.524384 0.00428756 0.0057502 0.00276216
64.44 0.63712 0.646796 0.524502 0.00452648 0.00546902 0.00295099
64.46 0.637296 0.646992 0.524613 0.00442036 0.00490075 0.00278252
64.48 0.637461 0.647165 0.52471 0.00412602 0.00431614 0.00242276
64.5 0.637617 0.647324 0.524796 0.00389015 0.00397362 0.002154
64.52 0.637771 0.647483 0.524883 0.00385709 0.00396686 0.00217858
64.54 0.637931 0.647652 0.524982 0.0039962 0.00423008 0.00247986
64.56 0.638097 0.647836 0.525097 0.00415085 0.00460267 0.00286342
64.58 0.638265 0.648032 0.525222 0.00418369 0.00489619 0.00312752
64.6 0.638428 0.648231 0.52535 0.00408537 0.0049888 0.00319268
64.62 0.638585 0.648428 0.525474 0.00393052 0.00490819 0.00310262
64.64 0.638736 0.648619 0.525592 0.00377706 0.0047768 0.00295939
64.66 0.638881 0.648804 0.525707 0.00362207 0.00464008 0.00286086
64.68 0.639018 0.648981 0.525821 0.00341457 0.00440145 0.00285745
64.7 0.639142 0.649139 0.525939 0.00309763 0.00395147 0.00295181
64.72 0.639248 0.649271 0.526065 0.00266192 0.00331895 0.00314068
64.74 0.639335 0.649378 0.526202 0.00217605 0.00267193 0.00342171
64.76 0.639406 0.649466 0.526351 0.00178259 0.00220507 0.00373811
64.78 0.639473 0.649548 0.526508 0.00165098 0.00203481 0.00393218
64.8 0.639548 0.649634 0.52666 0.00188008 0.00216647 0.00380312
64.82 0.639644 0.649734 0.526791 0.00241354 0.00249302 0.00325603
64.84 0.639766 0.649847 0.526887 0.00303924 0.00280981 0.00240527
64.86 0.639905 0.649962 0.526949 0.00348063 0.00289439 0.00154608
64.88 0.640046 0.650068 0.526989 0.00353489 0.00264514 0.00100106
64.9 0.640173 0.650155 0.527027 0.00316678 0.00216531 0.000949128
64.92 0.640274 0.650223 0.527081 0.00252419 0.0017028 0.00134782
64.94 0.64035 0.650282 0.527159 0.00188867 0.00148978 0.00196806
64.96 0.640413 0.650346 0.527259 0.00157189 0.00158592 0.0024973
64.98 0.640484 0.650419 0.527366 0.00179011 0.00182373 0.00267757
65 0.640586 0.650496 0.527464 0.00254839 0.00192338 0.00242979
65.02 0.64073 0.650565 0.527539 0.00359826 0.00172418 0.00188495
65.04 0.640912 0.650619 0.52759 0.00455551 0.00135353 0.00128427
65.06 0.641118 0.650666 0.527623 0.00513384 0.00117206 0.000826236
65.08 0.641328 0.650726 0.527647 0.00526852 0.00150282 0.000597256
65.1 0.641531 0.650819 0.527671 0.00505574 0.00233717 0.000592985
65.12 0.641717 0.65095 0.527701 0.00465447 0.00326001 0.000739977
65.14 0.641886 0.651098 0.527738 0.00423713 0.0037144 0.000927833
65.16 0.642044 0.651235 0.527781 0.00395437 0.00341779 0.0010842
65.18 0.6422 0.651338 0.52783 0.00388725 0.00257671 0.00123372
65.2 0.64236 0.651408 0.527889 0.00400016 0.00175037 0.00145843
65.22 0.642527 0.651468 0.527961 0.0041748 0.00148729 0.00179535
65.24 0.6427 0.651547 0.528048 0.00432741 0.00199528 0.0021952
65.26 0.64288 0.651669 0.528151 0.00449261 0.00304258 0.00256535
65.28 0.643071 0.651834 0.528265 0.00478981 0.00411575 0.00283916
65.3 0.643282 0.652022 0.528386 0.00527759 0.0047034 0.00302347
65.32 0.643517 0.652205 0.528513 0.00585775 0.00456885 0.00318607
65.34 0.643769 0.652359 0.528648 0.00630881 0.00386906 0.00337723
65.36 0.644025 0.652481 0.52879 0.00639071 0.00304835 0.00354824
65.38 0.644264 0.652585 0.528934 0.00598649 0.00258807 0.00358905
65.4 0.644473 0.652695 0.529072 0.00522277 0.00275999 0.00346502
65.42 0.64465 0.652835 0.529203 0.00442642 0.00348609 0.00327211
65.44 0.644806 0.653009 0.529329 0.00389844 0.00436602 0.0031398
65.46 0.644955 0.653206 0.529453 0.00373134 0.00491305 0.00311383
65.48 0.645108 0.653401 0.52958 0.00382637 0.00488851 0.00315836
65.5 0.645269 0.65358 0.529709 0.00401746 0.00445542 0.00322586
65.52 0.645436 0.65374 0.529841 0.00418093 0.00400894 0.00330162
65.54 0.645608 0.653894 0.529977 0.00430011 0.00385486 0.00339832
65.56 0.645787 0.654055 0.530117 0.00446136 0.00401881 0.00351391
65.58 0.645976 0.654227 0.53026 0.00473162 0.00429098 0.00358011
65.6 0.646176 0.654403 0.530399 0.00499884 0.0044219 0.00346924
65.62 0.646376 0.654577 0.530523 0.005003 0.00433253 0.00309544
65.64 0.646559 0.654744 0.530624 0.00458556 0.00419136 0.0025167
65.66 0.646714 0.654915 0.5307 0.00386457 0.00426056 0.0019128
65.68 0.64684 0.6551 0.530758 0.00314193 0.00462645 0.00145874
65.7 0.646948 0.655303 0.530807 0.00269866 0.00507121 0.0012164
65.72 0.647054 0.655512 0.530853 0.0026578 0.00522 0.00113792
65.74 0.647172 0.655706 0.530898 0.00295192 0.00485606 0.00113761
65.76 0.647308 0.655871 0.530945 0.00338586 0.00411912 0.00116846
65.78 0.647458 0.656008 0.530995 0.00375987 0.00342902 0.00125727
65.8 0.647617 0.656136 0.531053 0.00396732 0.00319718 0.00145444
65.82 0.647776 0.656278 0.531123 0.00399305 0.00356195 0.00173911
65.84 0.64793 0.656451 0.531202 0.00384523 0.00432262 0.00197508
65.86 0.648071 0.656654 0.531281 0.00352773 0.00507005 0.00198363
65.88 0.648195 0.656871 0.531348 0.00309303 0.00542765 0.00166864
65.9 0.648303 0.657081 0.531392 0.00270361 0.00526362 0.00108925
65.92 0.648407 0.657272 0.531409 0.00260375 0.004757 0.000441372
65.94 0.648525 0.657443 0.531408 0.00293334 0.0042709 -2.87551e-05
65.96 0.648667 0.657607 0.531403 0.00356264 0.00411876 -0.000120968
65.98 0.648834 0.657782 0.531413 0.0041676 0.00437257 0.0002359
66 0.649013 0.657976 0.531451 0.0044686 0.00484248 0.000953954
66.02 0.649189 0.658185 0.531524 0.00440884 0.00523741 0.00182316
66.04 0.649355 0.6584 0.531627 0.0041532 0.00536976 0.00258167
66.06 0.649512 0.658611 0.531747 0.00392653 0.00526139 0.00299476
66.08 0.649665 0.658813 0.531865 0.00381748 0.00505544 0.00296353
66.1 0.649813 0.659007 0.53197 0.00371264 0.00484504 0.0026115
66.12 0.649951 0.659192 0.532059 0.00343442 0.00464532 0.00223562
66.14 0.650069 0.659371 0.532144 0.00296582 0.00447181 0.00212544
66.16 0.65017 0.659545 0.53224 0.00252788 0.00433381 0.00238615
66.18 0.650267 0.659712 0.532356 0.00241474 0.00418136 0.00289519
66.2 0.650377 0.659871 0.532492 0.00274894 0.00396432 0.00340278
66.22 0.650512 0.660019 0.53264 0.0033811 0.00371829 0.00369989
66.24 0.650672 0.660161 0.532789 0.0039945 0.00353872 0.00374232
66.26 0.650844 0.6603 0.532934 0.00430342 0.00348325 0.00362614
66.28 0.651012 0.660441 0.533073 0.00420795 0.00351533 0.00347351
66.3 0.651166 0.660582 0.533208 0.00384571 0.00351881 0.0033659
66.32 0.651307 0.660717 0.533342 0.00352898 0.00337571 0.00334406
66.34 0.65145 0.660839 0.533478 0.00355331 0.00306075 0.00339557
66.36 0.651608 0.660946 0.533615 0.00394997 0.00267443 0.00342784
66.38 0.651784 0.661041 0.533747 0.0044083 0.00237285 0.00331563
66.4 0.651964 0.661131 0.533868 0.00451042 0.00224986 0.00301616
66.42 0.652128 0.661222 0.533973 0.00408754 0.00227873 0.00262975
66.44 0.652263 0.661315 0.534067 0.00337894 0.00233608 0.00233625
66.46 0.652378 0.661407 0.534158 0.00287818 0.00228072 0.00228849
66.48 0.652498 0.661489 0.534259 0.00299333 0.00205642 0.0025176
66.5 0.652648 0.661558 0.534374 0.00375293 0.00172797 0.00287009
66.52 0.652837 0.661615 0.534495 0.00472625 0.00142168 0.00303779
66.54 0.653047 0.661664 0.534604 0.00524428 0.00123781 0.00272311
66.56 0.653242 0.661712 0.534679 0.00487149 0.00120016 0.00187968
66.58 0.653393 0.661763 0.534712 0.00377308 0.00126771 0.000815145
66.6 0.653497 0.661819 0.534713 0.00261598 0.00138568 2.55167e-05
66.62 0.653581 0.66188 0.534708 0.00208274 0.00152645 -0.000113529
66.64 0.653677 0.661947 0.534725 0.00239982 0.00167953 0.000411794
66.66 0.653806 0.662019 0.534774 0.00323074 0.00181013 0.00123792
66.68 0.653965 0.662095 0.534849 0.00398179 0.00188853 0.00186148
66.7 0.654135 0.662173 0.534927 0.0042443 0.00195032 0.00195531
66.72 0.654296 0.662255 0.534989 0.00402598 0.0020633 0.00154218
66.74 0.654442 0.662346 0.535025 0.00364368 0.00225687 0.00090081
66.76 0.654578 0.662445 0.535038 0.00340321 0.00249672 0.000332476
66.78 0.654712 0.662554 0.535039 0.00336525 0.0027144 1.48923e-05
66.8 0.654849 0.662668 0.535038 0.00340541 0.00285963 -1.45375e-05
66.82 0.654986 0.662786 0.535046 0.00343269 0.00294319 0.000201614
66.84 0.655126 0.662908 0.535071 0.00349545 0.00305295 0.000629509
66.86 0.655274 0.663041 0.535122 0.00371069 0.00332877 0.00126896
66.88 0.655439 0.663196 0.535205 0.0041312 0.00386725 0.00206629
66.9 0.655626 0.663379 0.535318 0.00466601 0.00458255 0.00284084
66.92 0.65583 0.663588 0.535452 0.00509455 0.00520515 0.00334198
66.94 0.656037 0.663807 0.535588 0.00517848 0.00547669 0.00339732
66.96 0.65623 0.664021 0.53571 0.00482733 0.00534673 0.00305393
66.98 0.656398 0.66422 0.535815 0.00420089 0.00499317 0.00261461
67 0.656544 0.664407 0.535914 0.00365901 0.00467913 0.00248797
67.02 0.656687 0.66459 0.536029 0.00355723 0.00457424 0.00288141
67.04 0.656847 0.664777 0.536173 0.004006 0.00467363 0.00360057
67.06 0.657038 0.664972 0.536341 0.00477722 0.00486455 0.00417856
67.08 0.657256 0.665173 0.53651 0.0054548 0.00503441 0.00423164
67.1 0.657484 0.665379 0.536659 0.00568538 0.00514069 0.00372888
67.12 0.657697 0.665587 0.536778 0.00534352 0.00520357 0.00297494
67.14 0.65788 0.665797 0.536872 0.0045715 0.00524487 0.00236068
67.16 0.658028 0.666007 0.536957 0.00370592 0.00524311 0.00212423
67.18 0.658153 0.666213 0.537049 0.00311088 0.00515147 0.00228918
67.2 0.658273 0.666411 0.537158 0.00299395 0.00496273 0.00272335
67.22 0.658406 0.6666 0.537287 0.00332447 0.00472443 0.00323171
67.24 0.658562 0.66678 0.537432 0.00390194 0.00449613 0.00363269
67.26 0.658741 0.666953 0.537585 0.00448286 0.00431362 0.00380218
67.28 0.658935 0.66712 0.537731 0.00485245 0.00418367 0.00367382
67.3 0.65913 0.667284 0.537861 0.0048675 0.00409768 0.00323155
67.32 0.65931 0.667446 0.537962 0.00449555 0.00405481 0.0025406
67.34 0.659464 0.667609 0.538033 0.00384836 0.00407016 0.00177797
67.36 0.65959 0.667776 0.538081 0.00316308 0.00417129 0.00117972
67.38 0.659697 0.667951 0.538118 0.00267426 0.00437398 0.000942494
67.4 0.659796 0.668137 0.538164 0.00247863 0.00465526 0.00114942
67.42 0.659898 0.668334 0.538232 0.00253434 0.00491745 0.00169992
67.44 0.660008 0.668533 0.538324 0.00277235 0.0049792 0.00228256
67.46 0.660136 0.668719 0.538423 0.00317896 0.00465567 0.00248691
67.48 0.660285 0.668875 0.538506 0.00373994 0.00389492 0.00206516
67.5 0.660458 0.668989 0.538552 0.00431768 0.00286572 0.00114986
67.52 0.660643 0.669066 0.53856 0.00463758 0.00190708 0.000202578
67.54 0.660821 0.66912 0.538548 0.00443549 0.00136786 -0.000287248
67.56 0.660967 0.669178 0.538544 0.00365988 0.00143227 -0.000114353
67.58 0.66107 0.669258 0.538565 0.00256599 0.00201982 0.000541875
67.6 0.661136 0.669372 0.538617 0.00165789 0.00284015 0.00129973
67.62 0.661195 0.669515 0.538692 0.00147572 0.00356953 0.00187136
67.64 0.661286 0.669674 0.53878 0.0022669 0.00397791 0.00220432
67.66 0.661435 0.669832 0.538876 0.00373589 0.00395733 0.00238269
67.68 0.66164 0.669973 0.538973 0.00511213 0.00352931 0.00242079
67.7 0.661863 0.670086 0.539059 0.00557682 0.00282483 0.00216798
67.72 0.662055 0.670169 0.539118 0.00479672 0.00206171 0.00147646
67.74 0.662183 0.670231 0.539138 0.00319407 0.00155532 0.000481537
67.76 0.662252 0.670297 0.539125 0.00174386 0.00164898 -0.000320238
67.78 0.662307 0.670396 0.539112 0.00138011 0.00248651 -0.000326476
67.8 0.662402 0.670549 0.539142 0.00235683 0.00381679 0.000746082
67.82 0.662563 0.670752 0.539245 0.00402145 0.00507863 0.00259555
67.84 0.662773 0.670981 0.539423 0.00524757 0.00572164 0.00444702
67.86 0.662982 0.671201 0.539642 0.00522698 0.00550522 0.00547716
67.88 0.663143 0.671387 0.539854 0.00402647 0.00463685 0.00528123
67.9 0.663244 0.671534 0.540017 0.00252753 0.00366996 0.00407229
67.92 0.663316 0.671661 0.540117 0.00179905 0.00317371 0.00250576
67.94 0.66341 0.671796 0.540168 0.00235685 0.00337632 0.0012792
67.96 0.663562 0.671957 0.540199 0.00380875 0.00404208 0.000765312
67.98 0.663768 0.672144 0.540235 0.00513501 0.00466104 0.000907591
68 0.663986 0.672335 0.54029 0.005448 0.00477967 0.00138004
68.02 0.664172 0.672506 0.540363 0.00464874 0.00426488 0.00183464
68.04 0.664309 0.67264 0.540448 0.00343441 0.00336764 0.00210459
68.06 0.664417 0.672743 0.540538 0.00270764 0.00257475 0.00226222
68.08 0.664534 0.672836 0.540637 0.00292804 0.00232737 0.0024772
68.1 0.664689 0.672946 0.54075 0.00386504 0.00274553 0.00280826
68.12 0.664882 0.673088 0.540875 0.00482846 0.00353421 0.00314273
68.14 0.66509 0.673254 0.541008 0.00519473 0.00416284 0.00333056
68.16 0.665284 0.673423 0.541141 0.00486241 0.00421914 0.00332325
68.18 0.665456 0.67357 0.541269 0.00428899 0.00367529 0.00318437
68.2 0.665619 0.673684 0.541389 0.00406572 0.00284602 0.00300464
68.22 0.665795 0.673769 0.541501 0.00440159 0.00213286 0.00280706
68.24 0.665993 0.673841 0.541602 0.00496955 0.00180888 0.0025278
68.26 0.666203 0.673919 0.541687 0.00522738 0.00194584 0.00210728
68.28 0.666398 0.674016 0.541751 0.00489443 0.00242975 0.00160081
68.3 0.666566 0.674138 0.541798 0.00420265 0.00304047 0.00118903
68.32 0.666715 0.67428 0.541841 0.00372246 0.00354054 0.00106512
68.34 0.66687 0.674428 0.541893 0.00387301 0.00371229 0.00129511
68.36 0.667052 0.674565 0.541963 0.00454288 0.00343273 0.00175375
68.38 0.667259 0.674678 0.542051 0.00517262 0.00280381 0.00220974
68.4 0.667468 0.674765 0.542152 0.00521718 0.00218951 0.00250855
68.42 0.66765 0.674846 0.542258 0.00456595 0.00201217 0.00266731
68.44 0.667794 0.674944 0.54237 0.00360297 0.00245349 0.00279571
68.46 0.667911 0.675076 0.542487 0.00291047 0.00331515 0.00293216
68.48 0.668026 0.675241 0.542606 0.00288151 0.00411884 0.00296005
68.5 0.668166 0.675417 0.542714 0.00350505 0.00439073 0.00269501
68.52 0.668342 0.675576 0.542796 0.00438963 0.0039763 0.00206283
68.54 0.668542 0.675702 0.542844 0.00499686 0.00314453 0.00120304
68.56 0.668741 0.675798 0.542861 0.00497821 0.00240924 0.00042994
68.58 0.668916 0.675887 0.542865 0.004391 0.00222285 8.16789e-05
68.6 0.669061 0.675995 0.542878 0.0036073 0.00270887 0.000323732
68.62 0.669182 0.676138 0.542919 0.00304048 0.00357115 0.00103425
68.64 0.6693 0.676309 0.542994 0.00295279 0.00427768 0.00186418
68.66 0.669436 0.676486 0.543091 0.00338956 0.00442815 0.00243232
68.68 0.669602 0.676647 0.543192 0.00416032 0.00402783 0.00253443
68.7 0.669799 0.676785 0.543281 0.00490513 0.00343089 0.00222469
68.72 0.67001 0.676906 0.543351 0.00529153 0.00303647 0.00174535
68.74 0.670218 0.677026 0.543406 0.00518244 0.00300294 0.00138175
68.76 0.670404 0.677153 0.543459 0.00465624 0.0031733 0.0013305
68.78 0.670562 0.677283 0.543524 0.00394991 0.00323734 0.00161149
68.8 0.670696 0.677402 0.543606 0.00336514 0.00299254 0.00205398
68.82 0.670821 0.677504 0.543702 0.0031008 0.00253001 0.00241018
68.84 0.670947 0.677593 0.543803 0.00314989 0.00222821 0.00252495
68.86 0.671081 0.677693 0.543901 0.00337306 0.00250364 0.00243115
68.88 0.671227 0.67783 0.543993 0.00363828 0.00343292 0.00231818
68.9 0.671382 0.678013 0.544089 0.00386591 0.00456767 0.00237632
68.92 0.671543 0.67822 0.544194 0.00402286 0.00518312 0.0026434
68.94 0.671708 0.678412 0.544314 0.00412796 0.0047899 0.00299977
68.96 0.671876 0.678551 0.544445 0.00421648 0.00349225 0.00327557
68.98 0.672047 0.67863 0.544579 0.00427597 0.00195422 0.00334095
69 0.672216 0.67867 0.544704 0.0042102 0.00101756 0.00312931
69.02 0.672371 0.678719 0.54481 0.00388124 0.00121414 0.00264735
69.04 0.672501 0.678817 0.54489 0.00324022 0.0024492 0.00200135
69.06 0.672598 0.678979 0.544946 0.00244362 0.00404453 0.00140683
69.08 0.672672 0.679184 0.544992 0.00183518 0.00513795 0.00114015
69.1 0.672742 0.679391 0.545048 0.00175367 0.00517684 0.00140619
69.12 0.672834 0.67956 0.545135 0.0022978 0.00421437 0.00217662
69.14 0.672964 0.679674 0.54526 0.00324517 0.0028607 0.00311967
69.16 0.673131 0.679751 0.545409 0.00418891 0.00191913 0.00372824
69.18 0.673322 0.679827 0.545554 0.00477677 0.0019095 0.0036192
69.2 0.673517 0.679939 0.545667 0.00486609 0.00278798 0.00281749
69.22 0.673698 0.680101 0.545738 0.00452187 0.00404044 0.00179726
69.24 0.673855 0.680302 0.545786 0.00393603 0.00502746 0.00119862
69.26 0.673989 0.680515 0.545842 0.00334701 0.00533357 0.00139706
69.28 0.674107 0.680713 0.545932 0.00294818 0.00495416 0.00224168
69.3 0.67422 0.680883 0.546059 0.0028209 0.00423985 0.00317588
69.32 0.674338 0.681029 0.546205 0.00294468 0.00366647 0.00363891
69.34 0.674466 0.681173 0.546341 0.00321986 0.00359579 0.00341554
69.36 0.674605 0.681338 0.54645 0.00346642 0.00412178 0.00270943
69.38 0.674745 0.68154 0.546527 0.00348985 0.00505112 0.00194669
69.4 0.674873 0.68178 0.546586 0.00320022 0.00600152 0.00146597
69.42 0.674981 0.682043 0.546639 0.00269637 0.0065644 0.00131923
69.44 0.675071 0.682303 0.546691 0.00225991 0.00649728 0.00131431
69.46 0.67516 0.682537 0.54674 0.00223586 0.00585489 0.00122148
69.48 0.675274 0.682734 0.546779 0.00283717 0.00493588 0.00096783
69.5 0.675432 0.682898 0.546807 0.00395921 0.00408978 0.000697988
69.52 0.675639 0.68304 0.546834 0.00516402 0.00355457 0.000665704
69.54 0.675876 0.683177 0.546874 0.0059221 0.00341903 0.00102045
69.56 0.676112 0.683323 0.546941 0.0059155 0.00364534 0.00165746
69.58 0.676319 0.683487 0.547032 0.00516864 0.00409815 0.00227352
69.6 0.67648 0.683671 0.547135 0.00401914 0.00461356 0.00259517
69.62 0.676599 0.683874 0.547238 0.00298636 0.00506158 0.00256238
69.64 0.676701 0.684087 0.547331 0.0025328 0.00533631 0.00231626
69.66 0.676813 0.6843 0.547413 0.00281526 0.00532656 0.00205123
69.68 0.676958 0.684498 0.547488 0.00363228 0.00495434 0.00188255
69.7 0.677141 0.684669 0.547561 0.00457283 0.00427808 0.00182052
69.72 0.67735 0.684811 0.547634 0.00522124 0.00354392 0.00182803
69.74 0.677564 0.684935 0.54771 0.00534231 0.00309094 0.00189797
69.76 0.677763 0.685061 0.547793 0.00496519 0.00314706 0.00206905
69.78 0.677935 0.685208 0.547886 0.0043233 0.00368746 0.00234202
69.8 0.678083 0.685386 0.54799 0.00369492 0.00443531 0.00260396
69.82 0.678214 0.685586 0.548098 0.00326647 0.00500083 0.00268975
69.84 0.678338 0.68579 0.548199 0.00310098 0.00510495 0.00253269
69.86 0.678464 0.68598 0.548289 0.00315081 0.00474965 0.00224505
69.88 0.678596 0.686148 0.548371 0.00328864 0.00420066 0.0020399
69.9 0.678731 0.686299 0.548454 0.00338361 0.00378911 0.00207461
69.92 0.678866 0.686447 0.548548 0.00338127 0.00368478 0.00235383
69.94 0.678999 0.686599 0.548657 0.00331337 0.00380328 0.00273944
69.96 0.679128 0.686754 0.548779 0.00323034 0.00387846 0.00302935
69.98 0.679254 0.686902 0.548901 0.0031589 0.00368978 0.00306339
70 0.67938 0.687034 0.549014 0.00313467 0.00330933 0.00282158
70.02 0.679509 0.687157 0.549112 0.00322832 0.00308424 0.00244361
70.04 0.679648 0.687289 0.549196 0.00348132 0.00328967 0.00211174
70.06 0.679801 0.687441 0.549272 0.00383336 0.00381011 0.00188863
70.08 0.679968 0.687609 0.549339 0.00416495 0.00419961 0.00167704
70.1 0.680143 0.68777 0.549392 0.00437979 0.00402044 0.00133181
70.12 0.68032 0.687896 0.549425 0.00441611 0.00314899 0.000816844
70.14 0.680489 0.68797 0.549435 0.00423213 0.00184815 0.000265632
70.16 0.680643 0.687995 0.549432 0.00385899 0.000627651 -8.55001e-05
70.18 0.680781 0.687995 0.549431 0.00344476 -8.22109e-06 -3.08824e-05
70.2 0.680909 0.688002 0.549449 0.00318518 0.000173293 0.000467676
70.22 0.681037 0.688042 0.549499 0.00321328 0.00100587 0.00123694
70.24 0.681179 0.688123 0.549579 0.00355138 0.00202324 0.00200033
70.26 0.681344 0.688232 0.54968 0.00411528 0.00272328 0.00253136
70.28 0.681534 0.688346 0.54979 0.00475542 0.00284455 0.00274188
70.3 0.681746 0.688446 0.549897 0.00528915 0.00249755 0.00268484
70.32 0.681966 0.688527 0.549997 0.00551233 0.00203795 0.00248756
70.34 0.682177 0.688598 0.550087 0.00527842 0.0017801 0.00224549
70.36 0.682362 0.68867 0.550165 0.00461904 0.00180332 0.0019565
70.38 0.682513 0.688749 0.550228 0.00376897 0.00196269 0.00157172
70.4 0.682635 0.688831 0.550273 0.00306876 0.00204241 0.00113717
70.42 0.682747 0.688909 0.550308 0.00279945 0.00195571 0.00086786
70.44 0.682869 0.688983 0.550349 0.00302785 0.00184932 0.00102789
70.46 0.683012 0.689063 0.550417 0.00358256 0.00200047 0.00171067
70.48 0.683178 0.689166 0.550526 0.00415919 0.00257171 0.00271458
70.5 0.683357 0.689303 0.55067 0.00446801 0.00343503 0.00361109
70.52 0.683532 0.689472 0.55083 0.004381 0.00423146 0.00398444
70.54 0.683693 0.689657 0.550977 0.00402598 0.00462142 0.0036826
70.56 0.683842 0.689837 0.551092 0.00371867 0.00449395 0.0028835
70.58 0.683991 0.689997 0.551171 0.00372618 0.00400729 0.00196907
70.6 0.684153 0.690136 0.551224 0.004054 0.00346918 0.00133047
70.62 0.684332 0.690261 0.551272 0.00445989 0.00312778 0.00117775
70.64 0.684517 0.690382 0.551329 0.00464413 0.00301987 0.00143072
70.66 0.684695 0.690503 0.551401 0.00443217 0.0030212 0.00179643
70.68 0.68485 0.690625 0.55148 0.00388971 0.00304712 0.001987
70.7 0.684983 0.690752 0.551556 0.00332764 0.00318229 0.00189508
70.72 0.685108 0.690896 0.551621 0.00311896 0.00359108 0.00162368
70.74 0.685245 0.691068 0.551677 0.00341633 0.0043212 0.0013915
70.76 0.685407 0.691276 0.551732 0.00406169 0.00519902 0.00138838
70.78 0.685597 0.691511 0.551799 0.00473528 0.005875 0.00167214
70.8 0.685802 0.691751 0.551886 0.00512877 0.00599377 0.00217605
70.82 0.686004 0.691968 0.551997 0.00505193 0.00543016 0.00277335
70.84 0.686185 0.692147 0.552129 0.00452325 0.00445778 0.00330732
70.86 0.686336 0.692293 0.552273 0.00379174 0.00364954 0.00359029
70.88 0.686465 0.692433 0.552411 0.00321951 0.00350166 0.00345047
70.9 0.686588 0.692597 0.552524 0.00307536 0.00409757 0.00283779
70.92 0.686725 0.692801 0.552601 0.00341103 0.00509836 0.00191337
70.94 0.686888 0.69304 0.552642 0.0040944 0.00599525 0.00102741
70.96 0.687084 0.693296 0.552664 0.00488958 0.00639367 0.000552373
70.98 0.687306 0.693543 0.552691 0.00554087 0.00618047 0.000673707
71 0.68754 0.693764 0.552743 0.00585327 0.00551761 0.00128803
71.02 0.68777 0.693952 0.552826 0.00575345 0.0046925 0.0020793
71.04 0.687983 0.69411 0.552934 0.00532328 0.00395498 0.00271234
71.06 0.688174 0.694248 0.553055 0.00477772 0.0034448 0.00301218
71.08 0.688349 0.694377 0.553175 0.00436404 0.00322475 0.00300203
71.1 0.688517 0.694509 0.553286 0.00420987 0.00329724 0.0027887
71.12 0.688687 0.694651 0.553383 0.00423976 0.00357217 0.00242587
71.14 0.688858 0.694807 0.553459 0.00428944 0.00388517 0.00188724
71.16 0.68903 0.69497 0.553506 0.00429527 0.00406795 0.00117347
71.18 0.689202 0.69513 0.553522 0.0042926 0.00401991 0.000413659
71.2 0.689372 0.695281 0.553516 0.00426582 0.00376708 -0.000162278
71.22 0.689538 0.695419 0.553502 0.00414445 0.00343592 -0.000351795
71.24 0.689696 0.695544 0.553497 0.00394701 0.00314643 -0.000126304
71.26 0.689849 0.695662 0.55351 0.00381589 0.00294651 0.000328171
71.28 0.690003 0.695776 0.55354 0.00385626 0.00284502 0.000746667
71.3 0.690162 0.69589 0.553579 0.00397897 0.0028496 0.000981195
71.32 0.690319 0.696008 0.553621 0.00392954 0.00295233 0.0010596
71.34 0.690458 0.696133 0.553666 0.00347377 0.00312796 0.00110909
71.36 0.690562 0.696268 0.553716 0.00260365 0.0033762 0.00125778
71.38 0.690627 0.696417 0.553779 0.00161767 0.00372513 0.00156299
71.4 0.690666 0.696583 0.553859 0.000974823 0.00414871 0.0020023
71.42 0.690706 0.696764 0.553959 0.00100849 0.00451755 0.00251191
71.44 0.690774 0.69695 0.554079 0.00170219 0.00465851 0.00298969
71.46 0.690882 0.697128 0.55421 0.00267896 0.00445331 0.00327133
71.48 0.691019 0.697285 0.554338 0.0034358 0.00392307 0.00320662
71.5 0.691165 0.697416 0.55445 0.00365032 0.0032727 0.00279793
71.52 0.691298 0.697529 0.554539 0.00333218 0.00283041 0.00223309
71.54 0.691408 0.697644 0.554611 0.00275193 0.00286666 0.00178594
71.56 0.691498 0.697781 0.554678 0.00224864 0.00342769 0.00168845
71.58 0.691579 0.697953 0.554759 0.00202399 0.0042919 0.00201995
71.6 0.691661 0.698155 0.554864 0.00204399 0.00505693 0.00263316
71.62 0.691747 0.698368 0.554992 0.00214119 0.00531191 0.0031949
71.64 0.691835 0.698561 0.555127 0.00219875 0.00483422 0.00337694
71.66 0.691924 0.698711 0.55525 0.0022376 0.00375038 0.00307634
71.68 0.692019 0.698813 0.55535 0.00238071 0.00254239 0.00248768
71.7 0.69213 0.698884 0.555428 0.00275442 0.00177436 0.00196031
71.72 0.692264 0.698952 0.555498 0.00336835 0.00171705 0.00175229
71.74 0.692426 0.699041 0.555573 0.00403579 0.00221761 0.00187635
71.76 0.692604 0.699156 0.555658 0.00444761 0.0028801 0.00213088
71.78 0.69278 0.69929 0.555749 0.00441163 0.003344 0.00226222
71.8 0.692941 0.699429 0.555834 0.00402471 0.00348035 0.00213427
71.82 0.693085 0.699565 0.555906 0.00359225 0.00340526 0.00179859
71.84 0.69322 0.699698 0.555964 0.00338191 0.00331327 0.00144082
71.86 0.693358 0.69983 0.556014 0.00346165 0.0033006 0.00124226
71.88 0.693508 0.699963 0.556064 0.00373655 0.00331784 0.00125313
71.9 0.693671 0.700092 0.556119 0.00408586 0.00323171 0.0013902
71.92 0.693849 0.700211 0.556181 0.00445057 0.00296292 0.00154408
71.94 0.694042 0.700314 0.556247 0.00481573 0.00259624 0.00165853
71.96 0.694247 0.700408 0.556316 0.00512731 0.00233546 0.00172038
71.98 0.694457 0.700501 0.556385 0.00524211 0.00233669 0.00171508
72 0.694657 0.700604 0.556449 0.0050053 0.00257575 0.00160713
72.02 0.694834 0.700719 0.556503 0.00443056 0.00286967 0.00135418
72.04 0.694986 0.700839 0.556541 0.00379315 0.00300382 0.000946384
72.06 0.695126 0.700954 0.556559 0.00349144 0.00286894 0.000450676
72.08 0.695276 0.701056 0.55656 0.00375885 0.00254961 2.07839e-05
72.1 0.695455 0.701147 0.556554 0.0044708 0.00227245 -0.000159807
72.12 0.695663 0.701235 0.556555 0.0052065 0.00221323 2.40764e-05
72.14 0.695884 0.70133 0.556576 0.00552007 0.00236893 0.000541968
72.16 0.696094 0.701434 0.556624 0.00524375 0.00259731 0.00119406
72.18 0.696277 0.701544 0.556691 0.00458293 0.00273801 0.00168502
72.2 0.696435 0.701651 0.556763 0.00393905 0.00269549 0.00179095
72.22 0.69658 0.701751 0.556823 0.00363081 0.00249255 0.0015111
72.24 0.696728 0.701843 0.556866 0.00369627 0.00229307 0.00106966
72.26 0.696884 0.701936 0.556896 0.00390449 0.00233033 0.000751872
72.28 0.697043 0.702047 0.556926 0.00399024 0.00276837 0.000741786
72.3 0.6972 0.70219 0.556969 0.00391863 0.00357787 0.00107431
72.32 0.697357 0.70237 0.557035 0.00391661 0.00450298 0.00165463
72.34 0.697526 0.702577 0.557128 0.0042245 0.00517582 0.00230959
72.36 0.697719 0.702791 0.557242 0.00483092 0.00534539 0.00284998
72.38 0.697936 0.702993 0.557366 0.0054357 0.00504838 0.00311955
72.4 0.698162 0.703176 0.557488 0.00565095 0.00457141 0.00303979
72.42 0.698374 0.703345 0.557594 0.00528991 0.00423585 0.00265042
72.44 0.698555 0.703513 0.557679 0.00453426 0.00419091 0.00212675
72.46 0.69871 0.703687 0.557749 0.00385406 0.0043654 0.00174754
72.48 0.698858 0.703869 0.557819 0.00371467 0.00454742 0.00176115
72.5 0.699028 0.70405 0.557908 0.00425414 0.00453054 0.00221062
72.52 0.699235 0.704221 0.558023 0.00516418 0.00426974 0.00288327
72.54 0.69947 0.704379 0.558161 0.00588624 0.00395026 0.0034586
72.56 0.69971 0.704534 0.558311 0.00599129 0.00387208 0.00372754
72.58 0.699929 0.704702 0.558458 0.00547513 0.00419404 0.00368125
72.6 0.700118 0.704893 0.558595 0.00473287 0.00478479 0.00343452
72.62 0.700287 0.705105 0.55872 0.00421263 0.00529764 0.00310982
72.64 0.70045 0.705321 0.55883 0.00407282 0.00540418 0.00275363
72.66 0.700615 0.705523 0.558923 0.00413573 0.00503829 0.00233837
72.68 0.70078 0.7057 0.558998 0.00411114 0.00442872 0.00186653
72.7 0.700934 0.705856 0.559056 0.00384729 0.00390022 0.00145225
72.72 0.70107 0.706002 0.559106 0.00340739 0.00366065 0.0012475
72.74 0.701189 0.706151 0.559157 0.00297962 0.00372053 0.00128365
72.76 0.701298 0.706309 0.559214 0.00271747 0.00394103 0.00142636
72.78 0.701403 0.706474 0.559274 0.00262128 0.00413861 0.00149346
72.8 0.701505 0.706642 0.55933 0.00256338 0.00417731 0.00140037
72.82 0.701602 0.706802 0.559378 0.00243334 0.00402051 0.00120356
72.84 0.701692 0.706952 0.55942 0.00224539 0.00373441 0.00103713
72.86 0.701777 0.70709 0.559461 0.00211079 0.00345737 0.00102189
72.88 0.701862 0.707224 0.559508 0.00213433 0.00335094 0.00119174
72.9 0.701955 0.707364 0.559565 0.00231412 0.00350857 0.00142987
72.92 0.702055 0.707519 0.559625 0.00250865 0.00386421 0.00148031
72.94 0.702156 0.707688 0.559668 0.00253353 0.0042315 0.00109511
72.96 0.70225 0.707867 0.55968 0.00233408 0.00446879 0.000278785
72.98 0.702332 0.70805 0.559656 0.00205448 0.00457107 -0.000592582
73 0.702409 0.708233 0.559618 0.00192049 0.00458598 -0.000954026
73.02 0.702491 0.708414 0.559601 0.00205693 0.00452021 -0.000424058
73.04 0.702587 0.708588 0.559637 0.00240049 0.00435444 0.000897912
73.06 0.702698 0.708752 0.559734 0.00277278 0.00408949 0.00242344
73.08 0.702819 0.708902 0.559869 0.00303529 0.00375533 0.00338504
73.1 0.702947 0.709039 0.560001 0.00318699 0.00342237 0.00328982
73.12 0.703079 0.709167 0.560089 0.00331436 0.00320107 0.00221876
73.14 0.703218 0.709294 0.56012 0.0034695 0.00317809 0.000773505
73.16 0.703363 0.709426 0.560109 0.00362796 0.00330217 -0.000282678
73.18 0.703512 0.709562 0.560091 0.00371017 0.00338429 -0.000446401
73.2 0.703656 0.709692 0.560103 0.00361326 0.00326712 0.000298035
73.22 0.703788 0.709813 0.560164 0.00329973 0.00301596 0.00152204
73.24 0.703903 0.709929 0.560268 0.00286877 0.00289429 0.00261423
73.26 0.704004 0.710052 0.560393 0.00252437 0.0030899 0.00310906
73.28 0.704103 0.710192 0.560508 0.00247685 0.00349619 0.00288538
73.3 0.704216 0.710344 0.560594 0.00282433 0.00378868 0.00214444
73.32 0.704354 0.710491 0.560644 0.00345394 0.00368632 0.00125475
73.34 0.704517 0.710617 0.560668 0.00406319 0.00315013 0.000605066
73.36 0.704691 0.710715 0.560688 0.00435555 0.00245094 0.000499887
73.38 0.704861 0.710797 0.56073 0.00424515 0.00203889 0.00104076
73.4 0.705015 0.710885 0.560811 0.00386443 0.0022141 0.00203469
73.42 0.705152 0.711 0.560933 0.0034141 0.00287338 0.00304707
73.44 0.705274 0.711144 0.561078 0.00305113 0.00360291 0.00362178
73.46 0.705389 0.711305 0.561219 0.00289052 0.00401347 0.00352726
73.48 0.70551 0.711464 0.561334 0.00300334 0.00397927 0.00286973
73.5 0.705644 0.71161 0.561415 0.00337078 0.00364642 0.00203126
73.52 0.705798 0.711741 0.561474 0.00384098 0.00327421 0.00145456
73.54 0.705965 0.711863 0.561529 0.00417509 0.00304486 0.00139558
73.56 0.706133 0.711982 0.561602 0.00419027 0.00297346 0.0018076
73.58 0.706288 0.7121 0.561698 0.00387518 0.0029603 0.00240868
73.6 0.706424 0.712217 0.561813 0.0034036 0.0029227 0.00286749
73.62 0.706547 0.712332 0.561933 0.00307715 0.00287024 0.00299821
73.64 0.706675 0.712446 0.562046 0.0031929 0.00284974 0.00282495
73.66 0.706828 0.71256 0.562145 0.00383178 0.00286688 0.00249376
73.68 0.707018 0.712676 0.562231 0.00474854 0.00289532 0.00215158
73.7 0.707239 0.712794 0.562307 0.00553049 0.00293864 0.00188553
73.72 0.707474 0.712916 0.562376 0.00587808 0.00304438 0.00172277
73.74 0.707705 0.713047 0.562442 0.00577291 0.00328673 0.00165337
73.76 0.707923 0.713196 0.562508 0.00544903 0.00371567 0.00165595
73.78 0.708132 0.713365 0.562576 0.00521389 0.00424274 0.00170478
73.8 0.708342 0.713549 0.562646 0.0052489 0.00460061 0.0017369
73.82 0.708561 0.71373 0.562712 0.00549783 0.0045097 0.00164607
73.84 0.70879 0.713886 0.562766 0.00570972 0.00391352 0.00136068
73.86 0.709015 0.714009 0.562804 0.0056307 0.0030626 0.000935708
73.88 0.709224 0.714104 0.562825 0.00523102 0.00237692 0.000538855
73.9 0.709415 0.714191 0.562839 0.00477274 0.00217738 0.000342402
73.92 0.7096 0.714291 0.562856 0.00462624 0.00250328 0.000425645
73.94 0.709799 0.714417 0.562885 0.00497528 0.00314659 0.00072737
73.96 0.710026 0.71457 0.562928 0.00566702 0.00382544 0.00107438
73.98 0.710279 0.714743 0.562979 0.00632093 0.00431768 0.00128681
74 0.710541 0.714922 0.563031 0.00655485 0.00448246 0.00128601
74.02 0.710787 0.715092 0.563076 0.00615888 0.00425265 0.00112355
74.04 0.710994 0.715239 0.563112 0.0051648 0.00366032 0.000909727
74.06 0.711148 0.715353 0.56314 0.00385014 0.00285458 0.0007029
74.08 0.711254 0.715436 0.563159 0.00265059 0.00207906 0.000475058
74.1 0.711333 0.715501 0.563168 0.00196612 0.00161957 0.000215036
74.12 0.711412 0.715568 0.563169 0.00197769 0.00169252 3.24817e-05
74.14 0.711515 0.715661 0.563175 0.00259348 0.00231393 0.000138522
74.16 0.711657 0.715792 0.563203 0.00352627 0.00327918 0.000700582
74.18 0.711833 0.715963 0.56327 0.00440975 0.0042704 0.00167922
74.2 0.712029 0.716163 0.563382 0.00490151 0.00500469 0.00279566
74.22 0.712221 0.716376 0.563529 0.00479446 0.00533168 0.003683
74.24 0.712386 0.716586 0.563692 0.00412432 0.00524204 0.00407672
74.26 0.712513 0.716779 0.563848 0.0031839 0.0048357 0.0039068
74.28 0.712609 0.716951 0.56398 0.00240144 0.00429957 0.00329859
74.3 0.712694 0.717106 0.564081 0.00212692 0.00385603 0.00252411
74.32 0.712791 0.717253 0.564158 0.00242955 0.00367383 0.00190856
74.34 0.712914 0.717404 0.564226 0.00305273 0.00378125 0.00170452
74.36 0.713057 0.717567 0.564304 0.00358561 0.00407917 0.00196257
74.38 0.713205 0.717744 0.564404 0.00370865 0.00443026 0.00249209
74.4 0.713339 0.717933 0.564523 0.00334651 0.00472136 0.00297766
74.42 0.713447 0.718129 0.564651 0.002692 0.00489693 0.00318712
74.44 0.713531 0.718328 0.564775 0.00209765 0.00497126 0.00311137
74.46 0.713605 0.718528 0.564892 0.00186315 0.00499666 0.00292749
74.48 0.713689 0.718728 0.565006 0.00208143 0.00500488 0.00283748
74.5 0.713794 0.718926 0.565121 0.00263281 0.00495014 0.00289506
74.52 0.713924 0.719114 0.565238 0.00325686 0.00471192 0.00292239
74.54 0.714069 0.719282 0.565343 0.0036272 0.00419016 0.00262434
74.56 0.714208 0.71942 0.565418 0.00346347 0.00345206 0.00186142
74.58 0.714316 0.71953 0.565452 0.00271771 0.00274547 0.000856734
74.6 0.714384 0.719622 0.565456 0.00169616 0.00230842 0.000101119
74.62 0.714421 0.71971 0.565456 0.000926568 0.00220507 -2.48471e-06
74.64 0.714455 0.719804 0.565478 0.000836799 0.00233138 0.000552618
74.66 0.714514 0.719904 0.565532 0.00148522 0.00251543 0.00135663
74.68 0.714615 0.720008 0.565607 0.0025202 0.00259513 0.00186075
74.7 0.714751 0.720108 0.565677 0.00338956 0.00249533 0.00175216
74.72 0.714897 0.7202 0.565722 0.00365994 0.00229456 0.00113908
74.74 0.715027 0.720286 0.56574 0.00324632 0.00215966 0.000445713
74.76 0.715124 0.720373 0.565745 0.00241726 0.00218019 0.00012319
74.78 0.715188 0.720465 0.565759 0.00161636 0.0023017 0.000352756
74.8 0.715238 0.720562 0.565798 0.00123371 0.00240738 0.000957221
74.82 0.715295 0.720658 0.56586 0.00142505 0.0024058 0.00157253
74.84 0.715377 0.72075 0.565937 0.00206845 0.00229228 0.00191235
74.86 0.715492 0.720837 0.566014 0.00286752 0.00218194 0.00191991
74.88 0.715633 0.720926 0.566083 0.00351583 0.00223724 0.00173341
74.9 0.715786 0.721027 0.566145 0.00382423 0.00251121 0.00153585
74.92 0.715936 0.721142 0.566201 0.00377172 0.00287486 0.00140964
74.94 0.716075 0.721266 0.566252 0.00345724 0.00309562 0.00128496
74.96 0.716195 0.721385 0.566293 0.00301813 0.00298881 0.00102833
74.98 0.7163 0.721488 0.566318 0.00262419 0.00255917 0.000621871
75 0.7164 0.721569 0.566328 0.00249269 0.00204231 0.000254499
75.02 0.716511 0.721641 0.566338 0.00277626 0.00178144 0.000231195
75.04 0.716647 0.72172 0.566367 0.00340321 0.00198909 0.000732265
75.06 0.716812 0.721823 0.566432 0.00410511 0.00258491 0.00162995
75.08 0.716995 0.721954 0.566534 0.00458635 0.00325422 0.00253255
75.1 0.717182 0.722099 0.566654 0.0046649 0.00364554 0.00301581
75.12 0.717356 0.722242 0.566769 0.00435626 0.00357327 0.00287082
75.14 0.717512 0.722367 0.566858 0.00391195 0.00312425 0.00221817
75.16 0.717661 0.722472 0.566916 0.00371826 0.00262256 0.00146208
75.18 0.717822 0.72257 0.566959 0.00403015 0.00243444 0.00106437
75.2 0.718012 0.722679 0.567008 0.00474142 0.00272178 0.00123904
75.22 0.718229 0.722813 0.567081 0.00543324 0.00335068 0.0018127
75.24 0.718457 0.722973 0.567176 0.00569848 0.00402318 0.00237593
75.26 0.718675 0.723152 0.567279 0.00543309 0.00446011 0.00258584
75.28 0.718869 0.723333 0.567375 0.0048544 0.00452399 0.00239805
75.3 0.719041 0.723503 0.567459 0.00431325 0.0042536 0.00208542
75.32 0.719205 0.723655 0.56754 0.00408539 0.00380771 0.00202135
75.34 0.719374 0.723791 0.567634 0.00422889 0.00338947 0.00236963
75.36 0.719556 0.723918 0.567752 0.0045652 0.00318248 0.00295152
75.38 0.71975 0.724049 0.567889 0.00484576 0.00327266 0.00341479
75.4 0.71995 0.724193 0.568029 0.00499063 0.00360468 0.00350851
75.42 0.720155 0.724355 0.568158 0.00513347 0.00403809 0.00322298
75.44 0.720372 0.724533 0.568268 0.00543177 0.00444828 0.00274398
75.46 0.720607 0.724723 0.56836 0.00586107 0.00474849 0.00230762
75.48 0.720854 0.724918 0.568442 0.00617054 0.0048765 0.00204688
75.5 0.721095 0.725111 0.568519 0.0060438 0.00482221 0.00191073
75.52 0.721311 0.725296 0.568588 0.00538134 0.00463748 0.00174296
75.54 0.72149 0.725472 0.568647 0.00446945 0.00439059 0.00146996
75.56 0.721643 0.725637 0.568695 0.00383233 0.00412683 0.00120208
75.58 0.721798 0.725792 0.56874 0.00387577 0.00388759 0.00112738
75.6 0.721982 0.725941 0.568793 0.00460958 0.00371692 0.00130855
75.62 0.722208 0.726087 0.568856 0.00564713 0.00363977 0.00159526
75.64 0.722466 0.726233 0.568926 0.00644677 0.00365892 0.00173051
75.66 0.72273 0.726383 0.568988 0.00660422 0.00376425 0.00155441
75.68 0.722972 0.72654 0.569033 0.00604913 0.0039223 0.00113228
75.7 0.723175 0.726703 0.569062 0.00507501 0.00406097 0.000711345
75.72 0.723341 0.726867 0.569084 0.0041591 0.00409246 0.000548729
75.74 0.723488 0.727026 0.569113 0.00366618 0.00397897 0.000742991
75.76 0.723634 0.727177 0.56916 0.00365754 0.00378851 0.00116728
75.78 0.723791 0.727324 0.569223 0.003922 0.00367202 0.00156905
75.8 0.723958 0.727475 0.569293 0.00416328 0.00377368 0.00176919
75.82 0.724126 0.727641 0.569365 0.0042015 0.00414723 0.00178213
75.84 0.724288 0.727829 0.569435 0.004048 0.0046975 0.00175412
75.86 0.72444 0.728036 0.569507 0.00381205 0.00517583 0.0017933
75.88 0.724583 0.728247 0.569582 0.00356493 0.00528035 0.00187375
75.9 0.724714 0.72844 0.569657 0.00328702 0.00482973 0.0018747
75.92 0.724832 0.728597 0.569724 0.00293507 0.00391129 0.00168392
75.94 0.724935 0.728713 0.569776 0.00257653 0.00290628 0.00130194
75.96 0.725032 0.728806 0.569812 0.00241761 0.00233681 0.00089231
75.98 0.725138 0.728909 0.56984 0.00265027 0.00257031 0.000705349
76 0.725267 0.729051 0.569875 0.00324605 0.00353745 0.000879777
76.02 0.725423 0.729238 0.569928 0.00388409 0.00468441 0.00132053
76.04 0.725588 0.72945 0.57 0.00412491 0.00528889 0.00181186
76.06 0.725737 0.729648 0.570089 0.00372679 0.00495604 0.00220872
76.08 0.725851 0.729804 0.570189 0.00286253 0.00389655 0.00249528
76.1 0.725934 0.729914 0.570297 0.00206314 0.00276065 0.00270595
76.12 0.726009 0.730001 0.570409 0.00186975 0.00218149 0.00279833
76.14 0.726106 0.730097 0.570512 0.00243071 0.00239353 0.00258458
76.16 0.726242 0.730224 0.570586 0.00340043 0.00316041 0.0018414
76.18 0.72641 0.730383 0.570609 0.00421197 0.00397673 0.00058071
76.2 0.726588 0.730558 0.570579 0.00444485 0.00437966 -0.000760271
76.22 0.72675 0.730726 0.570521 0.0040382 0.00420205 -0.00145216
76.24 0.726881 0.730871 0.570484 0.00329315 0.00362734 -0.000919084
76.26 0.726989 0.730991 0.570517 0.00268443 0.0029987 0.000819199
76.28 0.727092 0.731093 0.57064 0.0025751 0.00255829 0.00307602
76.3 0.727213 0.731187 0.570834 0.0030408 0.00235007 0.00486449
76.32 0.727369 0.731279 0.571052 0.00387882 0.00229651 0.00544448
76.34 0.727557 0.731372 0.57124 0.00471352 0.00232877 0.00470768
76.36 0.727763 0.731471 0.571367 0.00515315 0.00245953 0.00317493
76.38 0.727962 0.731579 0.571433 0.00496751 0.00271008 0.00165217
76.4 0.728129 0.7317 0.571465 0.00418621 0.00300917 0.000783844
76.42 0.728252 0.731828 0.571495 0.00307144 0.00321283 0.000751125
76.44 0.728332 0.731957 0.571545 0.00199565 0.0032145 0.00126997
76.46 0.728385 0.732077 0.57162 0.00131427 0.00302088 0.00185637
76.48 0.728435 0.732186 0.571705 0.0012533 0.00271659 0.00214272
76.5 0.728507 0.732282 0.571787 0.00179891 0.00240894 0.00204252
76.52 0.728614 0.732371 0.571856 0.00266913 0.00222015 0.00172057
76.54 0.728751 0.732461 0.571914 0.00343664 0.00225234 0.00145512
76.56 0.728901 0.732562 0.571973 0.00374236 0.00250869 0.00147443
76.58 0.729039 0.732677 0.572046 0.00346834 0.00288248 0.00182207
76.6 0.729152 0.732806 0.572138 0.00280857 0.0032345 0.00230186
76.62 0.729239 0.732945 0.57224 0.00217525 0.00346594 0.00255484
76.64 0.729316 0.733087 0.57233 0.00193261 0.00355331 0.00225197
76.66 0.729402 0.733229 0.572383 0.00214895 0.00353645 0.00130454
76.68 0.729506 0.733367 0.572382 0.00259435 0.00345433 -2.02022e-05
76.7 0.729624 0.733499 0.572335 0.00296405 0.00330859 -0.00117101
76.72 0.729747 0.733624 0.572272 0.0030781 0.00311929 -0.00158166
76.74 0.729865 0.733742 0.572231 0.00292564 0.00296161 -0.00101972
76.76 0.729971 0.733858 0.572241 0.00265025 0.00290297 0.000244979
76.78 0.73007 0.733976 0.572305 0.00247553 0.00293963 0.00161202
76.8 0.730172 0.734097 0.572406 0.00256829 0.00302529 0.00252523
76.82 0.730291 0.734223 0.572517 0.00297052 0.0031385 0.00277754
76.84 0.730435 0.734354 0.572619 0.00359756 0.00327578 0.00253582
76.86 0.730605 0.73449 0.572704 0.00425354 0.00341574 0.00212353
76.88 0.730793 0.734632 0.572775 0.00470552 0.00353195 0.00178032
76.9 0.730985 0.734776 0.572837 0.00480283 0.00361509 0.00156618
76.92 0.731168 0.734923 0.572894 0.00456181 0.00365853 0.00140629
76.94 0.731335 0.735069 0.572943 0.0041696 0.00366684 0.00122213
76.96 0.73149 0.735217 0.572985 0.00388802 0.00370104 0.0010627
76.98 0.731645 0.735372 0.573029 0.00387513 0.00385969 0.00110826
77 0.731808 0.735539 0.57309 0.00407475 0.00417706 0.00152102
77.02 0.731981 0.73572 0.573181 0.00431185 0.00454019 0.00226468
77.04 0.73216 0.735909 0.573303 0.00447154 0.00471248 0.00305451
77.06 0.732341 0.736088 0.573444 0.00454219 0.00447885 0.00351882
77.08 0.732522 0.736241 0.573581 0.00452013 0.00382953 0.00343209
77.1 0.732698 0.736362 0.573695 0.00439024 0.00302004 0.00284578
77.12 0.732866 0.736459 0.573778 0.00421254 0.00243705 0.00206662
77.14 0.73303 0.736555 0.573837 0.00409238 0.00238851 0.00148224
77.16 0.733191 0.736673 0.573889 0.00403844 0.00294612 0.00131395
77.18 0.733349 0.736829 0.573949 0.0039402 0.00391462 0.00149498
77.2 0.733497 0.737027 0.574021 0.00370561 0.00493323 0.00179653
77.22 0.733632 0.737254 0.574104 0.00337014 0.00567431 0.00206469
77.24 0.733755 0.737494 0.574197 0.003082 0.00601024 0.00232361
77.26 0.733875 0.737734 0.574303 0.00300284 0.00599899 0.00265003
77.28 0.734004 0.737963 0.574422 0.00320147 0.00572504 0.0029744
77.3 0.734148 0.738171 0.574544 0.00361416 0.00520333 0.00305628
77.32 0.734311 0.738349 0.574651 0.0040761 0.00443826 0.0026706
77.34 0.734487 0.73849 0.574724 0.00439991 0.00353336 0.00182381
77.36 0.734666 0.738599 0.574756 0.00446665 0.00273492 0.000816086
77.38 0.734837 0.738694 0.57476 0.00427373 0.00235117 8.66713e-05
77.4 0.734994 0.738796 0.574758 0.00393669 0.00257266 -4.1971e-05
77.42 0.73514 0.738929 0.574776 0.00364179 0.00331176 0.00045195
77.44 0.735281 0.739096 0.574827 0.00352598 0.00418826 0.00128303
77.46 0.735424 0.739285 0.574909 0.00357859 0.00472279 0.00202617
77.48 0.735571 0.73947 0.575002 0.00366831 0.00461843 0.00233804
77.5 0.735718 0.739627 0.575087 0.00369208 0.00393 0.00213361
77.52 0.735866 0.739748 0.575153 0.00369218 0.00302828 0.00164046
77.54 0.736018 0.739844 0.575203 0.00379679 0.00238566 0.00124356
77.56 0.736181 0.739935 0.57525 0.0040832 0.00228475 0.00118616
77.58 0.736361 0.74004 0.575306 0.00449463 0.00262582 0.00140596
77.6 0.736555 0.74016 0.575372 0.0048375 0.00300319 0.00163952
77.62 0.736749 0.740281 0.575438 0.00486847 0.00301797 0.00164499
77.64 0.736928 0.740384 0.575493 0.00447 0.00257168 0.00137858
77.66 0.737081 0.740461 0.575534 0.00381813 0.00193326 0.00101529
77.68 0.737215 0.740523 0.575566 0.0033464 0.00153204 0.000810717
77.7 0.737352 0.740587 0.575603 0.00342553 0.00161623 0.000918341
77.72 0.737512 0.74067 0.575654 0.00401552 0.0020683 0.00128367
77.74 0.737699 0.740772 0.575721 0.00465829 0.00254292 0.00167917
77.76 0.737892 0.740882 0.575795 0.00483427 0.00275615 0.00185274
77.78 0.738067 0.740989 0.575863 0.00436439 0.0026802 0.00170043
77.8 0.738209 0.741092 0.575918 0.00356675 0.00256268 0.00135702
77.82 0.738331 0.741201 0.575962 0.00303867 0.00274477 0.0011084
77.84 0.738458 0.741336 0.576009 0.00318997 0.00335364 0.00116735
77.86 0.738615 0.741501 0.576069 0.00390183 0.00414244 0.00150346
77.88 0.738798 0.741689 0.576144 0.00459304 0.00468863 0.0018833
77.9 0.738984 0.741879 0.576227 0.00464241 0.00476232 0.00207787
77.92 0.739138 0.742059 0.576309 0.00386297 0.0044887 0.00204862
77.94 0.739246 0.742227 0.576387 0.00269527 0.00421429 0.00195564
77.96 0.739325 0.742398 0.576468 0.00195984 0.00425762 0.00200583
77.98 0.739415 0.742586 0.576559 0.00226969 0.00469612 0.00228296
78 0.739557 0.742797 0.576667 0.00352657 0.00529434 0.0026898
78.02 0.739754 0.743024 0.576787 0.00494715 0.00565414 0.00302213
78.04 0.73998 0.743245 0.576912 0.00563359 0.0055347 0.00310536
78.06 0.740189 0.743448 0.577027 0.00522265 0.0050826 0.00289382
78.08 0.740353 0.743638 0.577126 0.00410563 0.00473714 0.00247363
78.1 0.740478 0.743834 0.577206 0.00311484 0.00489567 0.00199153
78.12 0.740595 0.744059 0.57727 0.0029419 0.00562496 0.00158744
78.14 0.740742 0.744322 0.577324 0.00366921 0.00659709 0.00136447
78.16 0.740932 0.744613 0.577379 0.00474601 0.00726766 0.00136907
78.18 0.741148 0.7449 0.577442 0.00541606 0.00718438 0.00157636
78.2 0.741358 0.74515 0.577518 0.00523899 0.00624422 0.00190809
78.22 0.741531 0.745341 0.577609 0.00433662 0.00475818 0.00226381
78.24 0.741662 0.745472 0.57771 0.00325215 0.00329376 0.00253094
78.26 0.741764 0.745568 0.577814 0.00256629 0.002398 0.00260408
78.28 0.741866 0.745661 0.577911 0.00254291 0.0023092 0.00243183
78.3 0.741987 0.745774 0.577994 0.00303364 0.00283258 0.00206021
78.32 0.742133 0.745914 0.57806 0.00364846 0.00351066 0.00164808
78.34 0.742294 0.746071 0.578117 0.00402093 0.00392699 0.00142352
78.36 0.742454 0.746227 0.578178 0.00400559 0.00388314 0.00154152
78.38 0.742602 0.746363 0.578256 0.00369955 0.00341065 0.00194828
78.4 0.742734 0.746471 0.578352 0.00329823 0.00270794 0.00239011
78.42 0.742853 0.746553 0.578454 0.00297104 0.00204936 0.00254163
78.44 0.742966 0.74662 0.578541 0.00281899 0.0016673 0.00217791
78.46 0.74308 0.746687 0.578593 0.00286159 0.00166246 0.00131445
78.48 0.743202 0.746766 0.578603 0.00304928 0.00198979 0.000249472
78.5 0.743335 0.746867 0.578582 0.00330839 0.00251565 -0.000530669
78.52 0.743478 0.74699 0.578558 0.00358024 0.00306788 -0.000596909
78.54 0.743631 0.747129 0.578564 0.0038273 0.00348102 0.000156903
78.56 0.743791 0.747276 0.578622 0.00400306 0.00367888 0.00143648
78.58 0.743952 0.747424 0.57873 0.00403708 0.00371055 0.00271256
78.6 0.744108 0.747571 0.57887 0.00389601 0.00367468 0.00349184
78.62 0.744255 0.747716 0.579011 0.00366368 0.00362398 0.00352144
78.64 0.744395 0.747858 0.579125 0.00350728 0.00354468 0.00286253
78.66 0.744538 0.747995 0.5792 0.00356037 0.00343134 0.00187332
78.68 0.744691 0.748129 0.579243 0.00383594 0.00333994 0.00107096
78.7 0.74486 0.748263 0.579277 0.00421615 0.0033511 0.00085148
78.72 0.74504 0.748403 0.579327 0.00450754 0.00349707 0.00123827
78.74 0.745221 0.748552 0.579402 0.004534 0.00372109 0.00188028
78.76 0.745391 0.748708 0.579495 0.00425084 0.00390483 0.00231861
78.78 0.745543 0.748866 0.579586 0.00378342 0.00395242 0.00228922
78.8 0.745676 0.749021 0.579661 0.00333721 0.00386234 0.00185722
78.82 0.745798 0.749169 0.579714 0.00305565 0.00372049 0.0013282
78.84 0.745916 0.749315 0.579754 0.00295217 0.00364171 0.00101595
78.86 0.746035 0.749464 0.579796 0.00296222 0.00371366 0.00103089
78.88 0.746156 0.749621 0.579846 0.00301866 0.00394303 0.00125537
78.9 0.746279 0.74979 0.579906 0.00308142 0.00420707 0.00150134
78.92 0.746404 0.749962 0.579973 0.00312949 0.00430163 0.00167099
78.94 0.74653 0.750126 0.580044 0.00315676 0.00409739 0.001778
78.96 0.746658 0.750271 0.580118 0.00318813 0.00364019 0.0018515
78.98 0.746788 0.750395 0.580192 0.00326157 0.0031002 0.0018485
79 0.746922 0.750501 0.580259 0.00334615 0.00265562 0.00166747
79.02 0.747054 0.750598 0.580309 0.00328514 0.0024255 0.0012535
79.04 0.74717 0.750697 0.580337 0.00290658 0.00245371 0.00070677
79.06 0.74726 0.750805 0.580349 0.00224079 0.00270382 0.000290089
79.08 0.747323 0.750928 0.580361 0.00159685 0.003079 0.000314615
79.1 0.747378 0.751066 0.580399 0.00137538 0.00345608 0.000948588
79.12 0.747451 0.751214 0.580481 0.00180216 0.00370875 0.00205555
79.14 0.747562 0.751362 0.580609 0.00278458 0.00369945 0.00319033
79.16 0.747719 0.751496 0.580762 0.00393445 0.00333078 0.00383019
79.18 0.747909 0.751602 0.580911 0.00474344 0.00266999 0.00370948
79.2 0.748103 0.751681 0.581029 0.00484304 0.00196307 0.00296977
79.22 0.74827 0.751742 0.581111 0.0041867 0.00152654 0.00204062
79.24 0.748392 0.751807 0.581167 0.0030491 0.00161616 0.00139729
79.26 0.748468 0.751897 0.58122 0.00190611 0.00226861 0.00133323
79.28 0.748518 0.752025 0.581293 0.00123678 0.00319167 0.00183234
79.3 0.748571 0.752181 0.581397 0.00131792 0.00388969 0.00259064
79.32 0.748655 0.752341 0.581525 0.00211796 0.00399616 0.00320666
79.34 0.748788 0.752482 0.581662 0.00330909 0.00354495 0.00342761
79.36 0.748963 0.7526 0.581793 0.00438582 0.00294049 0.00326711
79.38 0.749159 0.752706 0.58191 0.00488602 0.0026443 0.00293244
79.4 0.749345 0.752819 0.582016 0.00466428 0.00284377 0.00264069
79.42 0.749505 0.752954 0.582115 0.004 0.00337261 0.00247017
79.44 0.749641 0.753111 0.582209 0.0033978 0.0039239 0.00236021
79.46 0.749771 0.753283 0.582299 0.00324406 0.00429587 0.00223403
79.48 0.749914 0.753461 0.582383 0.00358715 0.00445156 0.00210262
79.5 0.750081 0.753639 0.582464 0.00415615 0.00443958 0.00203371
79.52 0.750264 0.753811 0.582545 0.00458477 0.00429892 0.00202333
79.54 0.750451 0.753972 0.582622 0.00468403 0.00402182 0.00192774
79.56 0.750633 0.754116 0.582684 0.00454417 0.00360393 0.00154467
79.58 0.750809 0.754242 0.582716 0.00440066 0.0031558 0.00080728
79.6 0.750985 0.754359 0.582713 0.00439717 0.00292381 -7.10183e-05
79.62 0.751164 0.754484 0.582687 0.00447288 0.0031348 -0.000671015
79.64 0.751342 0.754636 0.58266 0.00445541 0.0037816 -0.00065312
79.66 0.751512 0.754818 0.58266 0.00424693 0.00456444 -2.13852e-05
79.68 0.75167 0.755021 0.582694 0.00394405 0.00506595 0.000850551
79.7 0.751821 0.755223 0.582752 0.00378434 0.00504787 0.00146204
79.72 0.751979 0.755408 0.582813 0.00395738 0.0046193 0.00152753
79.74 0.752158 0.755573 0.58286 0.00446153 0.00413375 0.00116184
79.76 0.752362 0.75573 0.58289 0.00510125 0.00393803 0.000760508
79.78 0.752586 0.755897 0.582917 0.00559017 0.00417581 0.000662761
79.8 0.752813 0.756085 0.582951 0.00568605 0.00469712 0.000870923
79.82 0.753025 0.75629 0.582995 0.00530176 0.00512733 0.0010978
79.84 0.753207 0.756497 0.583039 0.00455549 0.00516336 0.00110119
79.86 0.753358 0.756692 0.583077 0.00375963 0.00487246 0.000945046
79.88 0.75349 0.756878 0.583115 0.00331017 0.00465105 0.000949599
79.9 0.753629 0.757072 0.583171 0.00347832 0.00486479 0.00140802
79.92 0.753798 0.757293 0.583264 0.00423212 0.00552282 0.00230799
79.94 0.754008 0.757543 0.583395 0.00523342 0.00625064 0.00327963
79.96 0.754248 0.757806 0.583547 0.00601244 0.00656656 0.0038035
79.98 0.754497 0.758056 0.583688 0.00621907 0.00624631 0.00352864
80 0.754729 0.758275 0.583789 0.00580713 0.00547788 0.00251159
80.02 0.754931 0.758463 0.583838 0.00504437 0.00470228 0.00123582
80.04 0.755104 0.758635 0.583852 0.0043311 0.00429049 0.000356543
80.06 0.755263 0.758808 0.583865 0.00396369 0.00432312 0.000311406
80.08 0.755423 0.758991 0.583908 0.00400695 0.00458589 0.00108177
80.1 0.755596 0.75918 0.583999 0.00431509 0.00471157 0.00227631
80.12 0.755781 0.759357 0.584136 0.00464022 0.00443123 0.00341879
80.14 0.755972 0.759509 0.584303 0.00476199 0.00380805 0.00416794
80.16 0.756155 0.759637 0.584477 0.00457072 0.00319543 0.0043518
80.18 0.756318 0.759754 0.584634 0.00408051 0.00291942 0.00392807
80.2 0.756455 0.759875 0.584754 0.00341646 0.00303939 0.00300056
80.22 0.756566 0.760011 0.584828 0.00278395 0.00338235 0.00184946
80.24 0.756663 0.760159 0.584862 0.00243661 0.00370218 0.00085851
80.26 0.756766 0.760311 0.584876 0.00256232 0.00381067 0.00033574
80.28 0.756891 0.760456 0.58489 0.0031153 0.00363313 0.000360523
80.3 0.757042 0.760585 0.58492 0.00377542 0.00321318 0.000756915
80.32 0.757206 0.760692 0.584969 0.00410792 0.00266797 0.00120518
80.34 0.757359 0.760777 0.585027 0.00383197 0.00213648 0.00145876
80.36 0.75748 0.760848 0.585087 0.00302921 0.00178146 0.00151023
80.38 0.757566 0.760919 0.58515 0.00213178 0.00176089 0.0015579
80.4 0.757632 0.761004 0.585222 0.00167224 0.00211848 0.00180235
80.42 0.75771 0.761111 0.585311 0.00193787 0.00269475 0.00223027
80.44 0.757822 0.761238 0.585414 0.00279869 0.00316396 0.00256543
80.46 0.757976 0.761366 0.585512 0.00384211 0.00320846 0.00246887
80.48 0.758162 0.761476 0.585586 0.0046547 0.00275146 0.00184278
80.5 0.758362 0.761559 0.585624 0.00499287 0.0020579 0.000959315
80.52 0.758554 0.761621 0.585636 0.00480446 0.00156495 0.000296166
80.54 0.758722 0.761684 0.585645 0.0042102 0.0015666 0.000207165
80.56 0.758861 0.761765 0.585671 0.00347312 0.00201708 0.000673682
80.58 0.758977 0.761868 0.585724 0.00290754 0.00259106 0.00131993
80.6 0.759087 0.761985 0.585792 0.0027423 0.00292928 0.00169617
80.62 0.759207 0.7621 0.585857 0.00301161 0.00287309 0.00161353
80.64 0.759349 0.762202 0.585908 0.00353312 0.00253945 0.0012768
80.66 0.759509 0.762291 0.585953 0.00400697 0.00222984 0.00113696
80.68 0.759677 0.76238 0.586016 0.00419313 0.00222387 0.00156028
80.7 0.759838 0.762484 0.586117 0.00403763 0.00261042 0.002532
80.72 0.759984 0.762615 0.586261 0.0036352 0.00326224 0.00359769
80.74 0.760108 0.762771 0.586425 0.00309878 0.00389241 0.0041113
80.76 0.760208 0.762938 0.586572 0.00250343 0.00417173 0.00366197
80.78 0.760285 0.763093 0.586666 0.00192171 0.00388359 0.00235565
80.8 0.760342 0.763215 0.586696 0.00143645 0.00304531 0.000741218
80.82 0.760387 0.763292 0.586675 0.00111019 0.00192823 -0.000511515
80.84 0.760427 0.76333 0.586639 0.00100007 0.00094863 -0.000910634
80.86 0.760473 0.76335 0.586626 0.00116852 0.000496463 -0.000308335
80.88 0.760537 0.763381 0.586668 0.00160116 0.000793396 0.00104577
80.9 0.760623 0.763453 0.586772 0.00215311 0.00178975 0.00259279
80.92 0.760728 0.763577 0.58692 0.00261129 0.00310593 0.00371112
80.94 0.760841 0.763743 0.587081 0.00281755 0.00414828 0.00401307
80.96 0.76095 0.763921 0.587221 0.00274372 0.00445713 0.00350586
80.98 0.76105 0.764081 0.587323 0.00249541 0.00399568 0.00254679
81 0.761141 0.764205 0.587389 0.0022726 0.00310554 0.00164971
81.02 0.761231 0.764295 0.587439 0.00224405 0.00224608 0.00123852
81.04 0.761327 0.764366 0.587497 0.00240832 0.00176154 0.00145329
81.06 0.761432 0.764437 0.587581 0.00261542 0.00177356 0.00212055
81.08 0.761541 0.764523 0.587697 0.00273381 0.00216635 0.00288117
81.1 0.761652 0.76463 0.587831 0.00277871 0.00265838 0.00336604
81.12 0.761768 0.764749 0.587965 0.00288664 0.00298145 0.0033394
81.14 0.761894 0.764871 0.588076 0.00316544 0.0030582 0.00277235
81.16 0.762037 0.764992 0.588148 0.00355455 0.00301636 0.00181643
81.18 0.762191 0.765115 0.588178 0.00385293 0.00306669 0.000727247
81.2 0.762347 0.765249 0.588169 0.00391651 0.00336743 -0.000207238
81.22 0.762501 0.765407 0.58814 0.00383525 0.0039348 -0.000736441
81.24 0.762656 0.765591 0.588111 0.00388617 0.00459882 -0.000722835
81.26 0.762827 0.765793 0.588103 0.00426752 0.00506974 -0.000204854
81.28 0.763022 0.765999 0.588127 0.00487032 0.00514712 0.000615683
81.3 0.763235 0.766195 0.588187 0.00533847 0.00488227 0.00148412
81.32 0.76345 0.766375 0.588274 0.00536342 0.0045198 0.00218057
81.34 0.763647 0.766548 0.588376 0.0049354 0.00432512 0.00254263
81.36 0.763822 0.766727 0.588476 0.00436807 0.00445363 0.00250061
81.38 0.763985 0.766922 0.58856 0.00408457 0.00488034 0.00211201
81.4 0.764158 0.767137 0.588621 0.00430861 0.00537101 0.00152366
81.42 0.764353 0.76736 0.588657 0.00487171 0.00559055 0.000909235
81.44 0.764566 0.767574 0.588675 0.00532474 0.00535599 0.000434254
81.46 0.764778 0.767767 0.588684 0.00530491 0.00482455 0.000233483
81.48 0.764971 0.767943 0.5887 0.00483424 0.00438666 0.000386472
81.5 0.765143 0.768118 0.588735 0.00429417 0.00436666 0.000883714
81.52 0.765308 0.768309 0.588798 0.00412128 0.00478955 0.00158592
81.54 0.765486 0.768523 0.588888 0.00446956 0.00535386 0.00223944
81.56 0.765689 0.768748 0.588992 0.00507539 0.00562795 0.00259134
81.58 0.765907 0.768962 0.589093 0.00543548 0.00533867 0.00253166
81.6 0.766114 0.769145 0.589179 0.00518443 0.00456724 0.00214555
81.62 0.76629 0.769293 0.589245 0.00439291 0.00371027 0.00165389
81.64 0.766432 0.769422 0.589296 0.00354247 0.00323066 0.00127717
81.66 0.766559 0.769558 0.58934 0.00317802 0.00338578 0.0011038
81.68 0.766699 0.769721 0.589383 0.00350503 0.00407432 0.00107758
81.7 0.766869 0.769915 0.589427 0.00425053 0.0048669 0.00110351
81.72 0.767065 0.770125 0.589475 0.0048868 0.00524569 0.00117941
81.74 0.767265 0.770322 0.589531 0.00501735 0.00492244 0.00141561
81.76 0.76745 0.770482 0.589607 0.00463012 0.00400587 0.00189285
81.78 0.767613 0.770599 0.589707 0.00405334 0.0029158 0.00250476
81.8 0.76776 0.770685 0.589826 0.00369312 0.00213922 0.00297722
81.82 0.767911 0.770764 0.589949 0.00376758 0.00199333 0.003064
81.84 0.768079 0.770864 0.590058 0.00419321 0.00249251 0.00274223
81.86 0.768266 0.770998 0.590148 0.00467862 0.00336174 0.00222983
81.88 0.768464 0.771166 0.590219 0.00494835 0.00417796 0.00179453
81.9 0.768661 0.771349 0.590281 0.00493423 0.00458245 0.00155161
81.92 0.768853 0.771528 0.590339 0.00479048 0.00448029 0.00143209
81.94 0.769041 0.771692 0.59039 0.00471268 0.00409227 0.00128462
81.96 0.769232 0.771843 0.590431 0.00476019 0.00378149 0.00100978
81.98 0.769425 0.771994 0.590457 0.00483834 0.00377357 0.00065902
82 0.769617 0.772155 0.590474 0.00479631 0.00402824 0.00043416
82.02 0.769799 0.772329 0.590497 0.0045409 0.00433524 0.000577956
82.04 0.769962 0.772507 0.590545 0.00408097 0.0044638 0.00119901
82.06 0.770103 0.772678 0.590632 0.00352603 0.00426143 0.00215904
82.08 0.770225 0.772827 0.590757 0.00305426 0.00374427 0.00313695
82.1 0.770338 0.772953 0.590909 0.00282599 0.00314529 0.00380047
82.12 0.770454 0.773065 0.591067 0.00289364 0.00278596 0.00395679
82.14 0.770581 0.773178 0.591212 0.00317527 0.00282472 0.00362154
82.16 0.770721 0.773305 0.591331 0.0034975 0.00317626 0.00297134
82.18 0.770867 0.773451 0.591419 0.00365781 0.00364968 0.0022025
82.2 0.771008 0.773613 0.591476 0.00352232 0.00407105 0.00142707
82.22 0.771134 0.773785 0.591505 0.00314713 0.00429487 0.000711043
82.24 0.771245 0.773954 0.591511 0.00276518 0.00422572 0.000154788
82.26 0.771348 0.77411 0.591506 0.00259458 0.00389936 -0.000124139
82.28 0.771454 0.774249 0.591503 0.00264504 0.00346608 -7.39319e-05
82.3 0.771563 0.774371 0.591513 0.00271648 0.00306083 0.000241613
82.32 0.771666 0.774481 0.591539 0.00257774 0.0027431 0.000666438
82.34 0.771752 0.774584 0.59158 0.00215885 0.00256947 0.00102098
82.36 0.771817 0.774689 0.591627 0.0016145 0.00263517 0.00117664
82.38 0.771866 0.774809 0.591673 0.00123157 0.00298932 0.00113373
82.4 0.771916 0.77495 0.591714 0.00125555 0.00352581 0.0010368
82.42 0.771985 0.77511 0.591757 0.00172361 0.00399541 0.00107438
82.44 0.772082 0.775276 0.591811 0.00241587 0.00415185 0.00134913
82.46 0.772201 0.775431 0.591883 0.00298038 0.00389328 0.00180207
82.48 0.772328 0.775564 0.591971 0.00316741 0.00331128 0.00219773
82.5 0.772447 0.77567 0.592059 0.00297947 0.00265137 0.00220128
82.52 0.772553 0.775758 0.592122 0.00264249 0.00219909 0.0015773
82.54 0.77265 0.775843 0.592139 0.00242485 0.00212987 0.000417642
82.56 0.772748 0.775939 0.592108 0.00244824 0.00240724 -0.000780581
82.58 0.772854 0.776052 0.592055 0.00266308 0.00280862 -0.00131014
82.6 0.772972 0.776175 0.592029 0.0029556 0.00308769 -0.000646639
82.62 0.773102 0.776301 0.592077 0.00324202 0.00314348 0.00119562
82.64 0.773242 0.776422 0.592221 0.00350255 0.00303575 0.00359498
82.66 0.773391 0.776538 0.592445 0.00373241 0.00288399 0.00559533
82.68 0.773546 0.77665 0.592699 0.00386677 0.00279389 0.00635304
82.7 0.773697 0.776763 0.592921 0.00377878 0.00283424 0.00554657
82.72 0.773833 0.776884 0.593063 0.00339428 0.00302515 0.00355753
82.74 0.773947 0.777017 0.593115 0.00285249 0.00333171 0.00130754
82.76 0.774048 0.777164 0.593107 0.00251445 0.00366885 -0.00020658
82.78 0.774156 0.777321 0.59309 0.00269832 0.00391536 -0.00042495
82.8 0.774291 0.777479 0.593111 0.00338245 0.00397309 0.000533324
82.82 0.77446 0.777634 0.593191 0.00421806 0.00385162 0.00199534
82.84 0.774652 0.777781 0.593316 0.00480903 0.00369844 0.00312945
82.86 0.77485 0.77793 0.593453 0.00494007 0.00372399 0.00341036
82.88 0.775035 0.778093 0.593568 0.00462609 0.00405222 0.00288903
82.9 0.775198 0.778276 0.593651 0.00407221 0.00459341 0.0020737
82.92 0.775342 0.778478 0.593713 0.00360196 0.00505145 0.00152959
82.94 0.775482 0.778682 0.593773 0.00350701 0.00510253 0.0015168
82.96 0.775635 0.778868 0.593849 0.00383698 0.00462742 0.00188489
82.98 0.775809 0.77902 0.593939 0.00433917 0.00380742 0.00226421
83 0.775996 0.779141 0.594035 0.00467254 0.00302426 0.00238812
83.02 0.776183 0.779247 0.594125 0.00468809 0.00266045 0.00226382
83.04 0.776364 0.779363 0.594208 0.00452232 0.00290624 0.0020631
83.06 0.776543 0.77951 0.594284 0.0044627 0.00365806 0.00190131
83.08 0.77673 0.779692 0.594353 0.00467262 0.00455397 0.00173387
83.1 0.77693 0.779897 0.594411 0.00501794 0.00513343 0.00144449
83.12 0.777138 0.780101 0.594451 0.00520029 0.00508386 0.000996011
83.14 0.777341 0.780278 0.59447 0.0050701 0.00443458 0.000483698
83.16 0.777532 0.780419 0.594474 0.00476928 0.00353683 8.61002e-05
83.18 0.777715 0.780533 0.594473 0.00458171 0.00283797 -1.35936e-05
83.2 0.777903 0.780638 0.594484 0.00468619 0.00262737 0.000284737
83.22 0.778104 0.780755 0.59452 0.00503907 0.00291688 0.000896874
83.24 0.778321 0.780893 0.594581 0.00541975 0.00346764 0.00152496
83.26 0.778543 0.781051 0.594653 0.00556026 0.00394143 0.00179829
83.28 0.778756 0.781215 0.594714 0.00531023 0.00410786 0.00151145
83.3 0.778946 0.781374 0.594745 0.00475161 0.00396065 0.000777304
83.32 0.779111 0.78152 0.594744 0.00413578 0.00366103 -2.68424e-05
83.34 0.77926 0.781656 0.594725 0.00370923 0.00340407 -0.000479691
83.36 0.779404 0.78179 0.594711 0.00360091 0.00332898 -0.000342709
83.38 0.779555 0.781928 0.594724 0.00378881 0.00346803 0.000339585
83.4 0.77972 0.782077 0.594776 0.00411411 0.00372692 0.00128528
83.42 0.779894 0.782236 0.594861 0.00435736 0.00395613 0.00212747
83.44 0.780068 0.782397 0.594964 0.00434867 0.00403952 0.00257271
83.46 0.780231 0.782554 0.595063 0.00407144 0.003918 0.00248866
83.48 0.780378 0.782698 0.595141 0.00368705 0.00358921 0.0019429
83.5 0.780515 0.782823 0.595189 0.00341939 0.00313615 0.00119559
83.52 0.78065 0.782933 0.595213 0.00337611 0.00275256 0.000612001
83.54 0.78079 0.783041 0.595235 0.00349112 0.00268547 0.000529079
83.56 0.780935 0.783164 0.59528 0.00362733 0.00307777 0.00112444
83.58 0.781083 0.783317 0.595372 0.00370418 0.0038279 0.00231067
83.6 0.781232 0.783501 0.595521 0.00371329 0.00460707 0.00372045
83.62 0.781378 0.783702 0.595715 0.00364712 0.00503593 0.00485373
83.64 0.781517 0.783899 0.595928 0.00347851 0.0049092 0.00532985
83.66 0.781646 0.784072 0.59613 0.00322328 0.00432116 0.00503667
83.68 0.781766 0.784216 0.596294 0.00299643 0.00360127 0.00411329
83.7 0.781884 0.784339 0.596409 0.00296462 0.00308177 0.00286948
83.72 0.782013 0.784455 0.596476 0.00321281 0.00289917 0.00168403
83.74 0.782159 0.784575 0.596511 0.00364783 0.00299003 0.000868113
83.76 0.78232 0.784703 0.596533 0.00403587 0.00320343 0.000557427
83.78 0.782486 0.784839 0.596563 0.00415558 0.00341616 0.000735325
83.8 0.782645 0.784984 0.596616 0.00396003 0.00360655 0.00132137
83.82 0.782789 0.785137 0.596702 0.00360996 0.00382628 0.00217173
83.84 0.782922 0.7853 0.596823 0.00332762 0.00407893 0.00300607
83.86 0.78305 0.78547 0.59696 0.00319911 0.0042444 0.00343754
83.88 0.783175 0.785636 0.597087 0.00312707 0.00415353 0.00317272
83.9 0.783293 0.785785 0.597176 0.00294866 0.00374015 0.00221677
83.92 0.783397 0.785912 0.597213 0.00260948 0.00315647 0.000924323
83.94 0.783488 0.786021 0.597206 0.00225041 0.00272323 -0.000174147
83.96 0.783572 0.786128 0.597178 0.00210323 0.00269843 -0.000697314
83.98 0.783662 0.786251 0.597152 0.00226207 0.00306575 -0.000638099
84 0.783764 0.786393 0.59714 0.00255546 0.00354045 -0.000297741
84.02 0.783871 0.786543 0.59714 0.00267145 0.00376838 -1.35751e-05
84.04 0.783968 0.786686 0.597143 0.00240866 0.00357369 7.36197e-05
84.06 0.784042 0.78681 0.597145 0.00185054 0.00307925 5.42854e-05
84.08 0.784095 0.786914 0.597149 0.0013259 0.00260956 9.8918e-05
84.1 0.784142 0.787012 0.59716 0.00117761 0.00244162 0.000277197
84.12 0.784203 0.787117 0.597181 0.00153396 0.00262908 0.000521825
84.14 0.784291 0.787238 0.597211 0.00220506 0.00302741 0.000739917
84.16 0.784402 0.787374 0.597247 0.00276931 0.00340805 0.000907377
84.18 0.784517 0.787517 0.597289 0.00288298 0.00357562 0.00105669
84.2 0.78462 0.787656 0.597337 0.00256415 0.0034715 0.00119646
84.22 0.784707 0.787784 0.597388 0.00217142 0.00320294 0.00127912
84.24 0.78479 0.787903 0.597438 0.00209116 0.00297723 0.00124458
84.26 0.784888 0.788023 0.597482 0.00245103 0.00300388 0.00109208
84.28 0.785012 0.788159 0.597519 0.00308897 0.00338891 0.000924311
84.3 0.78516 0.788321 0.597555 0.00369351 0.00404982 0.000903821
84.32 0.785319 0.78851 0.5976 0.00396816 0.00473671 0.00113815
84.34 0.78547 0.788717 0.597663 0.00377776 0.0051752 0.00157664
84.36 0.7856 0.788926 0.597744 0.00325377 0.00521344 0.0020158
84.38 0.78571 0.789121 0.597834 0.0027597 0.00487702 0.00225869
84.4 0.785818 0.789295 0.597926 0.00268787 0.00433826 0.00230237
84.42 0.785947 0.789449 0.598021 0.00322627 0.00386287 0.00236892
84.44 0.786117 0.789597 0.59813 0.004248 0.00370292 0.00271344
84.46 0.786331 0.789753 0.598264 0.00536581 0.00390249 0.00336637
84.48 0.786576 0.789922 0.598428 0.00611621 0.00422569 0.00408258
84.5 0.786823 0.790096 0.598609 0.00618542 0.00434207 0.00452578
84.52 0.787047 0.79026 0.598788 0.0055812 0.00409947 0.00449505
84.54 0.787233 0.790405 0.59895 0.00466108 0.00361775 0.00402863
84.56 0.787392 0.790532 0.599083 0.00397708 0.00318504 0.00333939
84.58 0.787551 0.790656 0.599189 0.00396257 0.00308811 0.00265167
84.6 0.787736 0.790793 0.599273 0.00464047 0.00343281 0.00208559
84.62 0.78796 0.790955 0.59934 0.00560515 0.00405202 0.00167319
84.64 0.788213 0.791139 0.599397 0.0063188 0.00460721 0.00144104
84.66 0.788472 0.791331 0.599455 0.00647149 0.00479601 0.00143805
84.68 0.788717 0.791512 0.599523 0.00612771 0.00451059 0.00170263
84.7 0.788941 0.791667 0.599611 0.00560326 0.00389024 0.00220126
84.72 0.78915 0.791797 0.599722 0.00522671 0.00324314 0.00276966
84.74 0.789356 0.791912 0.599847 0.00513956 0.00286534 0.00313519
84.76 0.789566 0.792026 0.599969 0.00523919 0.00286355 0.00305496
84.78 0.789778 0.792151 0.600068 0.00531197 0.00312316 0.00246658
84.8 0.789988 0.792288 0.600129 0.00525324 0.00343596 0.00153484
84.82 0.790194 0.792434 0.600151 0.00514115 0.00362854 0.000548455
84.84 0.790398 0.792578 0.600142 0.00511758 0.00362155 -0.000238363
84.86 0.790608 0.792717 0.600114 0.00524113 0.00346212 -0.000683976
84.88 0.790824 0.79285 0.600084 0.00540746 0.00332379 -0.000762867
84.9 0.79104 0.792986 0.600062 0.00538885 0.00341035 -0.00055435
84.92 0.79124 0.793138 0.600053 0.00499275 0.00380317 -0.000215278
84.94 0.791409 0.793314 0.600056 0.00422353 0.0043871 7.99579e-05
84.96 0.791542 0.79351 0.600065 0.00333425 0.00489893 0.000217348
84.98 0.791651 0.793713 0.600073 0.00272642 0.00507535 0.000197943
85 0.79176 0.793905 0.600078 0.00272123 0.00480445 0.000131584
85.02 0.791893 0.794073 0.600086 0.00332819 0.00419072 0.000188204
85.04 0.792061 0.794213 0.600107 0.00419871 0.0035083 0.000534507
85.06 0.792254 0.794335 0.600156 0.00482878 0.00305331 0.00123179
85.08 0.792448 0.794454 0.600242 0.00485408 0.00297925 0.00213392
85.1 0.792618 0.794583 0.600358 0.00424518 0.00322135 0.00289495
85.12 0.792751 0.794726 0.600483 0.00331747 0.00357212 0.00313167
85.14 0.792853 0.79488 0.600589 0.00254819 0.0038486 0.00265407
85.16 0.792944 0.79504 0.600653 0.00229332 0.00399394 0.00159131
85.18 0.793048 0.795202 0.600667 0.00259668 0.00404821 0.000347598
85.2 0.793177 0.795364 0.600644 0.00321755 0.00406253 -0.000555845
85.22 0.79333 0.795526 0.600616 0.00382316 0.00405246 -0.00069817
85.24 0.793497 0.795686 0.600618 0.00416455 0.00399999 2.94795e-05
85.26 0.793662 0.795841 0.600672 0.00413784 0.00386988 0.00135506
85.28 0.793813 0.795987 0.600782 0.00377358 0.00365845 0.00275439
85.3 0.793941 0.796125 0.60093 0.00320791 0.00344705 0.00369387
85.32 0.794046 0.79626 0.601085 0.00262775 0.00336722 0.00388928
85.34 0.794135 0.796399 0.601224 0.00220603 0.00348435 0.00346713
85.36 0.794218 0.796548 0.601339 0.00208434 0.00372601 0.00288823
85.38 0.794313 0.796707 0.601445 0.0023755 0.00396272 0.00264017
85.4 0.794436 0.796871 0.601561 0.00308035 0.00411269 0.0029101
85.42 0.794595 0.797037 0.6017 0.00397127 0.00413503 0.00347388
85.44 0.794781 0.797197 0.601854 0.00463498 0.00399905 0.00385013
85.46 0.794968 0.797345 0.602 0.00468557 0.0037073 0.00363827
85.48 0.795128 0.797478 0.602114 0.004013 0.00331915 0.00283824
85.5 0.795246 0.797596 0.602189 0.00293207 0.00295243 0.00189236
85.52 0.795327 0.797706 0.602245 0.00203376 0.00275331 0.00139067
85.54 0.7954 0.797819 0.602312 0.0018156 0.00282662 0.00167569
85.56 0.795494 0.797945 0.602416 0.00236093 0.00314936 0.00261384
85.58 0.795626 0.798087 0.602562 0.00329519 0.00355165 0.00364641
85.6 0.795787 0.79824 0.602727 0.00403631 0.00381894 0.00411523
85.62 0.795954 0.798393 0.602874 0.00417383 0.00382711 0.00368483
85.64 0.796103 0.798538 0.602976 0.00371877 0.00361315 0.00254192
85.66 0.796224 0.798671 0.603025 0.00302456 0.00333182 0.00121984
85.68 0.796324 0.798797 0.603034 0.00249016 0.00315781 0.000239308
85.7 0.796416 0.798924 0.603028 0.00231225 0.00316785 -0.00015853
85.72 0.796514 0.799055 0.603027 0.0024366 0.00327171 -3.60854e-05
85.74 0.796621 0.799187 0.603043 0.00267681 0.00330031 0.000406056
85.76 0.796736 0.799314 0.603082 0.00287951 0.00318101 0.000992183
85.78 0.796857 0.799435 0.603147 0.0030202 0.0030155 0.00161709
85.8 0.796983 0.799553 0.603234 0.00315333 0.00295789 0.00217425
85.82 0.797114 0.799674 0.603333 0.00329076 0.00301862 0.00246559
85.84 0.797249 0.799795 0.603422 0.00336734 0.00302251 0.0022373
85.86 0.797382 0.799907 0.603477 0.00331628 0.00280316 0.00136717
85.88 0.797507 0.800004 0.60348 0.00313883 0.00242292 6.46946e-05
85.9 0.797624 0.800089 0.603435 0.00290375 0.00214476 -0.00111934
85.92 0.797732 0.800177 0.603372 0.00271356 0.00220027 -0.00157496
85.94 0.797838 0.800282 0.60333 0.00264432 0.00260593 -0.00105221
85.96 0.797947 0.800408 0.603335 0.00272196 0.00316404 0.000135923
85.98 0.798064 0.800552 0.603388 0.00294006 0.00358868 0.0013115
86 0.798194 0.800699 0.603463 0.00324778 0.00366913 0.00188364
86.02 0.798336 0.800835 0.603531 0.0035475 0.00341469 0.00170838
86.04 0.798486 0.800958 0.603576 0.00375676 0.00308431 0.00110789
86.06 0.79864 0.801079 0.603599 0.00384697 0.00302121 0.000583806
86.08 0.798794 0.801214 0.603618 0.00383405 0.00337031 0.000486515
86.1 0.798944 0.801372 0.603652 0.00375893 0.00393897 0.000850379
86.12 0.799091 0.801546 0.60371 0.00366928 0.00435302 0.00144767
86.14 0.799235 0.80172 0.60379 0.00359771 0.00434193 0.00199685
86.16 0.799377 0.801877 0.603884 0.00356131 0.00393842 0.00234332
86.18 0.799521 0.802016 0.603983 0.00360686 0.00347648 0.00248975
86.2 0.799674 0.802151 0.604083 0.00380668 0.0033777 0.00248935
86.22 0.799841 0.802306 0.604177 0.00417589 0.00386132 0.00233868
86.24 0.800025 0.802497 0.604257 0.0046141 0.00477656 0.00200984
86.26 0.800223 0.802724 0.60432 0.00493841 0.00568931 0.00156793
86.28 0.800421 0.802969 0.604368 0.00496159 0.00611862 0.00121512
86.3 0.800605 0.8032 0.604416 0.00460287 0.00577379 0.00120461
86.32 0.800764 0.80339 0.604483 0.00397759 0.00473782 0.00167106
86.34 0.800899 0.80353 0.604583 0.00336158 0.00350096 0.002497
86.36 0.80102 0.803638 0.604716 0.00302648 0.00271494 0.00332366
86.38 0.801143 0.803749 0.604865 0.00307856 0.00277772 0.00372843
86.4 0.80128 0.803892 0.605004 0.00343125 0.00357437 0.00347549
86.42 0.801436 0.804076 0.605112 0.00387884 0.00459479 0.00269085
86.44 0.801604 0.804288 0.605185 0.00421508 0.00529468 0.00182267
86.46 0.801778 0.804504 0.60524 0.0043377 0.00539297 0.00136655
86.48 0.801948 0.804701 0.605301 0.00426461 0.00493652 0.00154414
86.5 0.802111 0.804869 0.605388 0.00407494 0.00419481 0.00217568
86.52 0.802266 0.805008 0.6055 0.00387273 0.00347044 0.00279905
86.54 0.802418 0.805125 0.605618 0.00379411 0.0029414 0.00295281
86.56 0.802575 0.805232 0.605718 0.00393695 0.00266717 0.00248135
86.58 0.802745 0.805339 0.605783 0.00424087 0.00268768 0.00163606
86.6 0.802926 0.80546 0.605818 0.00452245 0.0030218 0.000880194
86.62 0.803112 0.805604 0.605841 0.00465283 0.00358224 0.000571271
86.64 0.803298 0.80577 0.605872 0.00464686 0.00415275 0.000771447
86.66 0.803482 0.805948 0.605924 0.00459856 0.00446529 0.00129036
86.68 0.803666 0.806122 0.605997 0.00460468 0.00433865 0.00183768
86.7 0.803855 0.806274 0.606083 0.00472821 0.00380672 0.00215297
86.72 0.804053 0.8064 0.606167 0.00493968 0.00314296 0.00208668
86.74 0.804257 0.806509 0.606234 0.0051084 0.00272063 0.00167613
86.76 0.804462 0.806619 0.606279 0.00511018 0.00276484 0.00113824
86.78 0.804659 0.806746 0.606308 0.00493097 0.00317919 0.000717058
86.8 0.804845 0.80689 0.606329 0.00465161 0.00359321 0.000517282
86.82 0.80502 0.807035 0.606347 0.00437318 0.00362998 0.000470399
86.84 0.805187 0.807163 0.606365 0.00418523 0.00319744 0.00043528
86.86 0.805354 0.807266 0.606378 0.004163 0.00257341 0.000318103
86.88 0.805526 0.807355 0.606383 0.00431493 0.00221196 0.000138488
86.9 0.805708 0.807452 0.606384 0.00453155 0.00242165 2.80604e-05
86.92 0.805893 0.807576 0.606391 0.00462698 0.0031224 0.000173749
86.94 0.806071 0.807731 0.60642 0.00445638 0.00385411 0.000707938
86.96 0.806232 0.807895 0.606482 0.00403588 0.00410436 0.00157358
86.98 0.806375 0.808044 0.606582 0.00357681 0.00373693 0.00249357
87 0.806511 0.808169 0.606707 0.00338716 0.00312791 0.00312123
87.02 0.806658 0.808284 0.606837 0.00366866 0.00286416 0.00324539
87.04 0.806831 0.808414 0.606953 0.00434076 0.00326277 0.00289486
87.06 0.807033 0.808578 0.607045 0.00504693 0.00408917 0.00230956
87.08 0.807247 0.808766 0.607117 0.00535851 0.00469993 0.00180001
87.1 0.807448 0.808948 0.60718 0.0050178 0.00454441 0.00156271
87.12 0.807611 0.809092 0.607244 0.00407395 0.00361555 0.00160564
87.14 0.807726 0.809192 0.607317 0.00288429 0.00248847 0.00183099
87.16 0.807807 0.809269 0.607403 0.00200323 0.00193728 0.002155
87.18 0.807884 0.809366 0.607505 0.00193897 0.0024108 0.00254349
87.2 0.807998 0.809515 0.607624 0.00283596 0.00371956 0.00297237
87.22 0.80817 0.809721 0.60776 0.00431773 0.00515101 0.0033917
87.24 0.808396 0.809958 0.607908 0.00563785 0.00593182 0.0037044
87.26 0.808639 0.810186 0.608059 0.00608101 0.00570984 0.0037811
87.28 0.808854 0.810376 0.6082 0.00536183 0.00474098 0.00352977
87.3 0.809004 0.810523 0.608319 0.00375582 0.00367334 0.00296073
87.32 0.809081 0.810648 0.608406 0.00192975 0.00311561 0.00219351
87.34 0.809106 0.810779 0.608463 0.000633302 0.00328187 0.00142247
87.36 0.809121 0.810936 0.608497 0.000356085 0.0039326 0.000853909
87.38 0.809164 0.811119 0.608523 0.00107679 0.00458366 0.000633567
87.4 0.809254 0.811312 0.608554 0.00225889 0.00480795 0.000785873
87.42 0.809381 0.811491 0.608602 0.00317291 0.00446928 0.00118406
87.44 0.809516 0.811641 0.608665 0.00337289 0.00375837 0.00159902
87.46 0.809634 0.811762 0.608738 0.00295735 0.00303078 0.00181502
87.48 0.80973 0.811865 0.608807 0.00239917 0.00257792 0.00172558
87.5 0.809815 0.811966 0.608862 0.00212945 0.0025084 0.00136995
87.52 0.809905 0.812076 0.608898 0.00224199 0.00276589 0.000899161
87.54 0.810007 0.812204 0.608917 0.00254698 0.00319697 0.000487421
87.56 0.81012 0.812348 0.608928 0.00282812 0.00360892 0.000267016
87.58 0.810241 0.812501 0.60894 0.00303173 0.00382012 0.00030889
87.6 0.810372 0.81265 0.608964 0.00326273 0.00371223 0.000600886
87.62 0.810515 0.812782 0.609006 0.00358954 0.00330678 0.00103231
87.64 0.810669 0.812894 0.609062 0.0038395 0.00280391 0.0014175
87.66 0.810816 0.812993 0.609125 0.00368734 0.00247664 0.00155823
87.68 0.810937 0.813092 0.609179 0.00301138 0.00247005 0.00134859
87.7 0.81102 0.8132 0.609213 0.00209145 0.00269282 0.000869364
87.72 0.811079 0.813318 0.609229 0.00146178 0.00295006 0.000394245
87.74 0.811142 0.813444 0.60924 0.00157943 0.00315737 0.000273262
87.76 0.811243 0.813579 0.609269 0.00250989 0.00336995 0.000720801
87.78 0.811395 0.813725 0.609334 0.00381713 0.00365993 0.00162368
87.8 0.811587 0.813886 0.609435 0.00480065 0.00400999 0.0025227
87.82 0.811785 0.814058 0.609549 0.00495219 0.00430219 0.00286321
87.84 0.811957 0.814234 0.609646 0.00429694 0.00439789 0.00241055
87.86 0.812091 0.814404 0.609705 0.00334911 0.00425986 0.00148302
87.88 0.8122 0.814565 0.609734 0.00272716 0.00401944 0.00073214
87.9 0.81231 0.81472 0.609761 0.00274488 0.00387857 0.000662334
87.92 0.812441 0.814877 0.609814 0.00326562 0.00392537 0.00132803
87.94 0.812596 0.81504 0.609909 0.00387484 0.00406298 0.0023771
87.96 0.812764 0.815204 0.610042 0.00419897 0.00410045 0.00331271
87.98 0.81293 0.815359 0.610192 0.00414957 0.00388602 0.00376855
88 0.813087 0.815495 0.610339 0.00393231 0.00340692 0.00367653
88.02 0.81324 0.815608 0.61047 0.00383533 0.00282719 0.00325539
88.04 0.8134 0.815706 0.610581 0.00399775 0.00242971 0.00278425
88.06 0.813574 0.815804 0.610676 0.00435146 0.00246265 0.0023719
88.08 0.813763 0.815923 0.610754 0.0047125 0.00296857 0.00196435
88.1 0.813959 0.816072 0.610816 0.00490984 0.00371881 0.00153795
88.12 0.814154 0.816244 0.610865 0.00485862 0.00432378 0.00122148
88.14 0.814336 0.816423 0.610914 0.00456115 0.00447143 0.00123066
88.16 0.8145 0.816588 0.610982 0.00410739 0.00411083 0.00169366
88.18 0.814647 0.816725 0.611081 0.00365736 0.00344325 0.00248175
88.2 0.814781 0.816837 0.611209 0.00337239 0.00278798 0.0031897
88.22 0.814916 0.816934 0.611343 0.00336388 0.00243643 0.00336409
88.24 0.815063 0.817035 0.611457 0.00368267 0.00250518 0.00284442
88.26 0.815234 0.817149 0.611533 0.00426066 0.00284794 0.00190264
88.28 0.815427 0.817275 0.611575 0.004835 0.00315373 0.00105387
88.3 0.815628 0.817402 0.611603 0.00503346 0.00319222 0.000702607
88.32 0.815814 0.817523 0.611638 0.00464347 0.0030087 0.000871708
88.34 0.815968 0.817639 0.611687 0.00383773 0.0028984 0.00121546
88.36 0.816091 0.817764 0.611739 0.00308798 0.00313958 0.00130835
88.38 0.816204 0.817913 0.611778 0.00280845 0.00371166 0.000978674
88.4 0.816327 0.818085 0.611796 0.00308415 0.00429425 0.000433882
88.42 0.816474 0.818265 0.611799 0.00367829 0.00452309 8.39694e-05
88.44 0.816644 0.818436 0.611808 0.00423885 0.00426703 0.000222547
88.46 0.816825 0.818585 0.611842 0.00452915 0.00371426 0.000839374
88.48 0.817006 0.818714 0.611908 0.00453488 0.00323492 0.00166903
88.5 0.817184 0.81884 0.612003 0.00443297 0.00314416 0.00235548
88.52 0.817362 0.81898 0.612107 0.00446396 0.00351105 0.00260002
88.54 0.817551 0.819145 0.612198 0.00473522 0.00412387 0.00229167
88.56 0.817755 0.819331 0.612262 0.00509378 0.00464993 0.00159187
88.58 0.817964 0.819526 0.612297 0.00522891 0.00485793 0.000870746
88.6 0.818161 0.819715 0.612316 0.00492427 0.00472879 0.000493418
88.62 0.818331 0.819892 0.61234 0.00422902 0.00443224 0.000594615
88.64 0.818468 0.820061 0.612381 0.00344348 0.00421532 0.00101384
88.66 0.818587 0.820231 0.612439 0.00297193 0.00425772 0.00145736
88.68 0.818711 0.820414 0.612509 0.00308977 0.00457796 0.00175054
88.7 0.81886 0.820615 0.612587 0.0037275 0.0050124 0.00194968
88.72 0.819039 0.820826 0.612676 0.00447665 0.00529371 0.0022131
88.74 0.819232 0.821035 0.612779 0.00483914 0.00521171 0.00257369
88.76 0.819414 0.821224 0.612894 0.00454526 0.00474276 0.00287407
88.78 0.819564 0.821389 0.613011 0.0037358 0.00410168 0.00294692
88.8 0.819678 0.821534 0.613123 0.0028499 0.00363942 0.0027871
88.82 0.819771 0.821677 0.613224 0.00232476 0.00356794 0.00252226
88.84 0.819864 0.821827 0.613316 0.00233593 0.00376318 0.00230417
88.86 0.819973 0.821983 0.613406 0.00272475 0.00388303 0.00224999
88.88 0.820099 0.82213 0.613502 0.00314301 0.00368386 0.00239879
88.9 0.820231 0.822258 0.613609 0.003305 0.00320943 0.00267687
88.92 0.820357 0.822367 0.613726 0.00315843 0.00272541 0.00291864
88.94 0.820473 0.822469 0.613844 0.00288696 0.00252798 0.00295631
88.96 0.820583 0.822578 0.613953 0.00275002 0.0027473 0.00271875
88.98 0.820698 0.822709 0.614044 0.00286663 0.00325792 0.00227718
89 0.820822 0.822859 0.614116 0.00310993 0.00376198 0.00180879
89.02 0.82095 0.823019 0.614176 0.00319601 0.00398443 0.00148852
89.04 0.821066 0.823172 0.614231 0.00289563 0.00383409 0.00138253
89.06 0.821154 0.82331 0.614289 0.00220843 0.00344555 0.00144189
89.08 0.82121 0.823433 0.614352 0.00139001 0.00307995 0.00157757
89.1 0.821243 0.823551 0.614421 0.000837152 0.0029393 0.00173022
89.12 0.821277 0.823672 0.614495 0.000861463 0.0030355 0.00186044
89.14 0.821336 0.823801 0.614571 0.00146971 0.00322506 0.00188574
89.16 0.82143 0.823936 0.614639 0.00233829 0.0033773 0.00169238
89.18 0.821551 0.824076 0.614689 0.00301885 0.00348963 0.00125422
89.2 0.821679 0.824221 0.614718 0.00320908 0.00364437 0.000744286
89.22 0.821795 0.824377 0.614738 0.00290055 0.00389682 0.000496824
89.24 0.821889 0.824546 0.614771 0.00235939 0.00420664 0.000808124
89.26 0.821968 0.824724 0.614839 0.00197484 0.00445732 0.00172141
89.28 0.82205 0.824905 0.614956 0.00203161 0.00453926 0.00292226
89.3 0.822151 0.825082 0.615109 0.00252412 0.00440406 0.00380764
89.32 0.822277 0.825244 0.61526 0.00317047 0.0040587 0.00377041
89.34 0.822423 0.825387 0.615364 0.00363814 0.00356981 0.00260781
89.36 0.822574 0.82551 0.615394 0.00377456 0.00308072 0.000755227
89.38 0.822719 0.82562 0.615358 0.00363875 0.00275791 -0.000893674
89.4 0.822855 0.825728 0.615298 0.00338337 0.00269012 -0.0015006
89.42 0.822981 0.825842 0.615267 0.00316441 0.0028482 -0.00078311
89.44 0.823106 0.825967 0.615301 0.00312287 0.00312772 0.000847347
89.46 0.82324 0.826103 0.615405 0.00335356 0.00341089 0.00259408
89.48 0.823395 0.826248 0.615555 0.0038685 0.00362526 0.00375109
89.5 0.823579 0.826399 0.615715 0.00459885 0.00376604 0.00400911
89.52 0.823795 0.826552 0.615855 0.00538734 0.00383229 0.00349026
89.54 0.824033 0.826703 0.615958 0.0059729 0.00375962 0.00257388
89.56 0.824275 0.826841 0.616024 0.00604798 0.00345774 0.00165137
89.58 0.824493 0.826958 0.616062 0.00544936 0.00291782 0.000969073
89.6 0.824668 0.82705 0.616087 0.00435464 0.00231722 0.000620829
89.62 0.824798 0.82713 0.616111 0.00325228 0.00198122 0.000589737
89.64 0.824905 0.827216 0.616142 0.00267556 0.00216446 0.000773439
89.66 0.825021 0.827329 0.616183 0.00291185 0.00281057 0.00103088
89.68 0.825175 0.827469 0.616234 0.00385553 0.00351801 0.00128096
89.7 0.825378 0.827621 0.616297 0.00505907 0.00378877 0.00155989
89.72 0.825616 0.827756 0.616374 0.00595425 0.00338649 0.00193363
89.74 0.825862 0.827858 0.616468 0.00614621 0.00254399 0.002351
89.76 0.826086 0.827932 0.616572 0.0056015 0.00184014 0.00260867
89.78 0.82627 0.828004 0.616673 0.00461291 0.00181441 0.00250989
89.8 0.826415 0.828108 0.616755 0.0036075 0.00259888 0.00206053
89.82 0.826533 0.828261 0.616814 0.00295655 0.0038141 0.00147339
89.84 0.826647 0.828453 0.616854 0.00285133 0.00480479 0.000997797
89.86 0.826776 0.828655 0.616884 0.00323683 0.00505109 0.000758664
89.88 0.826931 0.828834 0.616914 0.00385651 0.00447458 0.000733956
89.9 0.827107 0.828972 0.616947 0.00441962 0.00345505 0.000840645
89.92 0.827298 0.829075 0.616989 0.0047574 0.002578 0.00103232
89.94 0.827491 0.829168 0.617043 0.00484035 0.0023034 0.00135047
89.96 0.82768 0.829278 0.617118 0.00470592 0.00275034 0.00187876
89.98 0.827856 0.829424 0.617222 0.00441156 0.00366 0.00259642
90 0.828018 0.829606 0.617353 0.00405349 0.00455126 0.00328471
90.02 0.828168 0.829806 0.617499 0.00375309 0.00498903 0.00364686
90.04 0.828312 0.829997 0.61764 0.00359556 0.00479086 0.00353881
90.06 0.828457 0.830161 0.617763 0.00362588 0.00410086 0.0030627
90.08 0.828612 0.830292 0.617861 0.00387521 0.00328067 0.00245576
90.1 0.828786 0.830399 0.617939 0.00433724 0.00267366 0.00193257
90.12 0.828982 0.830497 0.618002 0.0049032 0.00243554 0.00159134
90.14 0.829197 0.830599 0.618058 0.00538908 0.00255872 0.00139598
90.16 0.829423 0.830718 0.618108 0.00564053 0.00297169 0.00123874
90.18 0.829647 0.83086 0.61815 0.00558817 0.00355661 0.00105947
90.2 0.829856 0.831026 0.618187 0.00522642 0.00415017 0.000916888
90.22 0.830039 0.831211 0.618225 0.0045918 0.00460746 0.00094774
90.24 0.830191 0.831405 0.618275 0.00379921 0.00485031 0.00125968
90.26 0.830314 0.831599 0.618349 0.00307384 0.0048658 0.00184523
90.28 0.830422 0.831788 0.618451 0.00269736 0.00470676 0.00256604
90.3 0.830537 0.831966 0.618579 0.00286361 0.0044656 0.00319161
90.32 0.830678 0.832134 0.618719 0.00353494 0.00419702 0.00349344
90.34 0.830855 0.83229 0.618854 0.00442729 0.0038959 0.00336856
90.36 0.831062 0.832433 0.61897 0.00516348 0.0035824 0.00290588
90.38 0.831281 0.832568 0.619063 0.00547834 0.00337457 0.00232306
90.4 0.831493 0.832705 0.619135 0.00531643 0.00342679 0.00182065
90.42 0.831685 0.832858 0.619195 0.00479263 0.0038154 0.00149578
90.44 0.831849 0.833036 0.61925 0.00409267 0.0044617 0.00135472
90.46 0.831984 0.833241 0.619303 0.00338318 0.00512316 0.00134204
90.48 0.832095 0.833461 0.619358 0.00277192 0.00550093 0.00136313
90.5 0.832188 0.833679 0.61941 0.002318 0.00543094 0.0013193
90.52 0.83227 0.833878 0.619458 0.00204727 0.00498187 0.00117808
90.54 0.832348 0.834053 0.619498 0.00196867 0.0043761 0.00101228
90.56 0.832432 0.834208 0.619536 0.00208238 0.00387931 0.00094827
90.58 0.832526 0.834358 0.619579 0.00235958 0.00376007 0.00108506
90.6 0.832635 0.834526 0.619637 0.00272154 0.00419936 0.00143672
90.62 0.832757 0.83473 0.619712 0.00304487 0.0050993 0.00188379
90.64 0.832885 0.834972 0.619799 0.00320133 0.00602872 0.00217889
90.66 0.833009 0.83523 0.619882 0.00310931 0.00646148 0.00206985
90.68 0.833121 0.835474 0.619942 0.00278847 0.00611194 0.00149544
90.7 0.833217 0.835679 0.619969 0.00240503 0.00511083 0.000668622
90.72 0.833305 0.835836 0.619967 0.00219026 0.00393099 -5.5719e-05
90.74 0.833395 0.835961 0.61995 0.00225553 0.00312287 -0.000401444
90.76 0.833495 0.83608 0.619939 0.00250752 0.00298597 -0.000291808
90.78 0.833605 0.836216 0.619947 0.00275862 0.0033782 0.000208938
90.8 0.833721 0.836369 0.619987 0.00289462 0.00382507 0.000989438
90.82 0.833837 0.836523 0.620062 0.0028917 0.00386637 0.00188731
90.84 0.833947 0.836659 0.620168 0.00275057 0.00339199 0.00264557
90.86 0.834047 0.836767 0.620287 0.00249751 0.00271218 0.00298314
90.88 0.834136 0.836859 0.620399 0.00223608 0.00228013 0.00278397
90.9 0.834222 0.83695 0.620488 0.00215678 0.00229506 0.00223008
90.92 0.834319 0.837052 0.620557 0.00242204 0.00254571 0.00172571
90.94 0.83444 0.837157 0.620623 0.00300776 0.00261772 0.00164568
90.96 0.834587 0.837247 0.620707 0.00367853 0.00224694 0.00209338
90.98 0.834752 0.837308 0.620821 0.00412146 0.00152924 0.00285755
91 0.834917 0.837343 0.620964 0.00413745 0.000863885 0.00357973
91.02 0.835068 0.837371 0.621122 0.00377414 0.000699413 0.00395927
91.04 0.8352 0.837419 0.621277 0.00330788 0.0012219 0.00386406
91.06 0.835323 0.837507 0.621411 0.00306083 0.002186 0.00335207
91.08 0.835451 0.837628 0.621517 0.00320529 0.00303204 0.00264689
91.1 0.835599 0.837758 0.621599 0.00368729 0.00324892 0.00204982
91.12 0.835769 0.837868 0.621671 0.00425571 0.00273861 0.00179741
91.14 0.835952 0.837943 0.621749 0.00458263 0.00187529 0.00194781
91.16 0.836131 0.837992 0.621843 0.0044647 0.00123181 0.00234645
91.18 0.83629 0.83804 0.62195 0.00398438 0.00120231 0.0026863
91.2 0.83643 0.838111 0.622057 0.00348899 0.00178331 0.00268647
91.22 0.836564 0.838216 0.622149 0.0033665 0.00262193 0.00229774
91.24 0.836715 0.838347 0.622219 0.00376174 0.00325703 0.00173907
91.26 0.836893 0.838483 0.622272 0.00446804 0.00341453 0.00131741
91.28 0.837097 0.83861 0.62232 0.0050778 0.00316729 0.00119892
91.3 0.837306 0.838723 0.622373 0.00522476 0.00283618 0.0013302
91.32 0.837497 0.838832 0.622433 0.00478851 0.00271675 0.0015094
91.34 0.837656 0.838948 0.622494 0.0039665 0.00289752 0.00151039
91.36 0.837781 0.83908 0.622542 0.00313922 0.00330118 0.00121147
91.38 0.837886 0.839232 0.62257 0.00260616 0.00381063 0.000688547
91.4 0.837982 0.839406 0.622577 0.00241811 0.00433594 0.00018629
91.42 0.83808 0.839598 0.622576 0.0024342 0.00481284 -3.90536e-05
91.44 0.838179 0.839805 0.62258 0.00249172 0.00518059 0.000110506
91.46 0.838281 0.84002 0.622602 0.00254081 0.00537228 0.000543069
91.48 0.838387 0.840232 0.622644 0.00266129 0.00529964 0.0010605
91.5 0.838505 0.840428 0.622702 0.00294323 0.00489661 0.00146058
91.52 0.838639 0.840598 0.622768 0.00335602 0.00424698 0.00162804
91.54 0.838789 0.840743 0.622831 0.00375029 0.00362433 0.00158237
91.56 0.838948 0.840877 0.622889 0.00396126 0.00334609 0.00146339
91.58 0.839104 0.841019 0.622948 0.00390546 0.00355952 0.00146348
91.6 0.83925 0.841186 0.623017 0.0036596 0.00417489 0.00172292
91.62 0.839389 0.841384 0.623106 0.00345823 0.00495124 0.00222263
91.64 0.83953 0.841607 0.623216 0.00353187 0.00557815 0.00275128
91.66 0.839687 0.841838 0.623337 0.00391313 0.00577504 0.00301879
91.68 0.839862 0.842057 0.623452 0.00438832 0.00545763 0.00287683
91.7 0.840048 0.842249 0.62355 0.00465754 0.0047996 0.00246531
91.72 0.840231 0.842413 0.623635 0.00457563 0.00410917 0.00211157
91.74 0.840402 0.842559 0.623716 0.0042751 0.00365111 0.00204178
91.76 0.840565 0.842701 0.623804 0.00405861 0.00353833 0.00219226
91.78 0.84073 0.842849 0.623897 0.00412297 0.00370805 0.00231221
91.8 0.840905 0.843008 0.623985 0.00437804 0.00397043 0.00221427
91.82 0.841086 0.843173 0.624062 0.0045365 0.00411982 0.00192601
91.84 0.841262 0.843335 0.624129 0.00438319 0.00405687 0.00167521
91.86 0.841421 0.843489 0.624199 0.00398992 0.00384445 0.00175142
91.88 0.841569 0.843634 0.624291 0.00368644 0.00363049 0.0022814
91.9 0.84172 0.843775 0.624413 0.00377199 0.00352993 0.00305695
91.92 0.841888 0.843918 0.624557 0.00420966 0.00357286 0.00360482
91.94 0.842073 0.844066 0.624697 0.00461413 0.00370446 0.003508
91.96 0.842255 0.844218 0.624806 0.00455796 0.00380145 0.00271413
91.98 0.842412 0.844367 0.624869 0.00393521 0.00372698 0.00156553
92 0.842536 0.844505 0.624891 0.00308695 0.00344108 0.000560654
92.02 0.842639 0.844628 0.624893 0.00259181 0.0030726 5.64015e-05
92.04 0.842754 0.844741 0.624898 0.00287156 0.00282569 0.000121487
92.06 0.84291 0.844853 0.624921 0.0038906 0.00281203 0.000574954
92.08 0.843116 0.844974 0.624967 0.00515641 0.00301906 0.00113865
92.1 0.843357 0.845109 0.62503 0.0060162 0.00336188 0.00159008
92.12 0.843599 0.845258 0.625104 0.00605975 0.00372285 0.00184666
92.14 0.843813 0.845416 0.625183 0.00534496 0.00396267 0.00197283
92.16 0.843986 0.845574 0.625266 0.00431628 0.00394798 0.0020761
92.18 0.844126 0.845719 0.625352 0.00351436 0.00362935 0.00214646
92.2 0.844257 0.845843 0.625433 0.00327274 0.00310068 0.00202607
92.22 0.844401 0.845946 0.625497 0.00359928 0.00257016 0.00159477
92.24 0.844571 0.846036 0.625536 0.00424445 0.00225629 0.000979331
92.26 0.844765 0.846127 0.625557 0.00484169 0.00227195 0.000531055
92.28 0.844967 0.846229 0.62558 0.00505092 0.00254051 0.000563316
92.3 0.845154 0.846343 0.625624 0.00469515 0.00285475 0.00109773
92.32 0.845309 0.846465 0.625697 0.00386694 0.00306033 0.00184567
92.34 0.845425 0.846591 0.625794 0.00290754 0.00314352 0.00242324
92.36 0.845514 0.846718 0.625898 0.00221706 0.00316639 0.00259907
92.38 0.845595 0.846845 0.625994 0.00203243 0.00318074 0.00239095
92.4 0.845688 0.846972 0.626074 0.00232793 0.00318332 0.00199064
92.42 0.845803 0.847097 0.626138 0.00287053 0.00312954 0.00162157
92.44 0.845939 0.847217 0.626196 0.00338626 0.0029953 0.00143076
92.46 0.846088 0.84733 0.626254 0.00374417 0.00282565 0.00144691
92.48 0.846248 0.847439 0.626317 0.00399273 0.00271153 0.00159164
92.5 0.846417 0.847547 0.626387 0.00422561 0.00271813 0.00175405
92.52 0.846595 0.847661 0.626462 0.00443944 0.00282851 0.0018762
92.54 0.846777 0.847779 0.626541 0.00454629 0.00296946 0.00196263
92.56 0.846956 0.847903 0.626622 0.00449324 0.00308775 0.00203386
92.58 0.84713 0.848031 0.626707 0.00433432 0.003199 0.00210643
92.6 0.847297 0.848166 0.626794 0.00418819 0.00337692 0.00219753
92.62 0.847463 0.848313 0.626887 0.00414228 0.00367305 0.00231024
92.64 0.847631 0.848473 0.626983 0.00421128 0.00401232 0.0024145
92.66 0.847806 0.84864 0.627082 0.0043525 0.00417255 0.00246619
92.68 0.847985 0.848798 0.62718 0.00448512 0.00394148 0.00243929
92.7 0.848165 0.848933 0.627273 0.00450453 0.00336647 0.00234038
92.72 0.848339 0.849046 0.627361 0.00435477 0.00282797 0.00220173
92.74 0.848503 0.849157 0.627443 0.00409129 0.00278957 0.00203895
92.76 0.848655 0.849295 0.627516 0.00381126 0.00345385 0.00182147
92.78 0.848798 0.849479 0.627576 0.00355689 0.0045927 0.0014996
92.8 0.84893 0.849705 0.627619 0.00330347 0.00564612 0.00107126
92.82 0.849051 0.849947 0.627645 0.00302245 0.00605934 0.000659505
92.84 0.849162 0.850173 0.627666 0.00278806 0.0056313 0.000514019
92.86 0.849274 0.850358 0.6277 0.00278488 0.00462659 0.000866184
92.88 0.849398 0.850502 0.627769 0.00312031 0.00360589 0.00173263
92.9 0.849545 0.850626 0.627884 0.00366815 0.00310982 0.00285274
92.92 0.849711 0.850761 0.628036 0.00413304 0.00335771 0.003805
92.94 0.849879 0.850926 0.628204 0.00422307 0.00412685 0.00419448
92.96 0.850033 0.851122 0.628357 0.00383807 0.00491846 0.00383523
92.98 0.85016 0.851334 0.628472 0.00317041 0.00530126 0.00286489
93 0.850263 0.851541 0.628539 0.0025703 0.00517538 0.00169278
93.02 0.850353 0.851732 0.62857 0.00226867 0.00477229 0.000777367
93.04 0.850443 0.851909 0.628585 0.00223832 0.0044196 0.000370999
93.06 0.850535 0.85208 0.628602 0.00230816 0.0042829 0.000424754
93.08 0.85063 0.852252 0.62863 0.0023627 0.00428245 0.000699212
93.1 0.850727 0.85242 0.628669 0.00243901 0.00421082 0.00096458
93.12 0.850835 0.852577 0.628714 0.00268159 0.00393059 0.00113917
93.14 0.850961 0.852716 0.628765 0.00316009 0.00347577 0.00127484
93.16 0.851109 0.852837 0.628823 0.00370952 0.00302229 0.00143419
93.18 0.851269 0.852949 0.628885 0.00398806 0.00278934 0.00155909
93.2 0.851419 0.853066 0.628945 0.00375292 0.00293193 0.00150296
93.22 0.851543 0.853203 0.628995 0.00309519 0.00340806 0.00124377
93.24 0.851639 0.85336 0.629035 0.00239853 0.00394649 0.00100602
93.26 0.851722 0.85353 0.629079 0.0020775 0.00423653 0.00109184
93.28 0.851814 0.853697 0.629142 0.00230325 0.00417854 0.00158501
93.3 0.851929 0.853855 0.629232 0.00288366 0.00394291 0.00223247
93.32 0.852064 0.854006 0.629336 0.00338042 0.00378995 0.00260986
93.34 0.852202 0.854159 0.629433 0.00343005 0.00381103 0.00242527
93.36 0.852324 0.854313 0.629502 0.00305102 0.00384515 0.00172923
93.38 0.852429 0.854459 0.629538 0.00263983 0.00365073 0.000895749
93.4 0.852534 0.854585 0.629553 0.0026273 0.00315359 0.000389293
93.42 0.852659 0.854687 0.629572 0.00311967 0.00254692 0.000464964
93.44 0.852813 0.854773 0.629613 0.00383502 0.00216087 0.00102117
93.46 0.852986 0.854863 0.629682 0.00434299 0.00225774 0.00171697
93.48 0.853162 0.854979 0.629771 0.00438549 0.00288314 0.00224006
93.5 0.853324 0.855131 0.629871 0.00405091 0.00381283 0.00249811
93.52 0.853471 0.855317 0.629975 0.00368192 0.0046551 0.00260691
93.54 0.853614 0.855521 0.630084 0.00358356 0.00508966 0.00272666
93.56 0.853766 0.855723 0.630201 0.0037923 0.00504371 0.00292374
93.58 0.85393 0.855909 0.630327 0.00409113 0.00465394 0.00313981
93.6 0.854099 0.856072 0.630457 0.00422558 0.00408227 0.00324604
93.62 0.854263 0.85621 0.630583 0.00411133 0.00343611 0.00315712
93.64 0.854417 0.856324 0.6307 0.00385186 0.00286044 0.00292656
93.66 0.854562 0.856427 0.630809 0.00362503 0.00256723 0.00272483
93.68 0.854705 0.856534 0.630918 0.00357453 0.00269453 0.00270767
93.7 0.854855 0.856661 0.631034 0.00374226 0.00316531 0.00290471
93.72 0.855017 0.85681 0.631162 0.00406113 0.00372079 0.00320864
93.74 0.855194 0.856974 0.6313 0.00441512 0.004094 0.00343661
93.76 0.855381 0.857141 0.631438 0.00468303 0.00417165 0.00345273
93.78 0.855571 0.857301 0.631567 0.00474401 0.00402229 0.00323826
93.8 0.855752 0.857454 0.63168 0.00452036 0.00381574 0.00281583
93.82 0.855914 0.857603 0.631767 0.00406013 0.00371839 0.00217486
93.84 0.856057 0.857754 0.63182 0.00356415 0.00378578 0.00132492
93.86 0.856188 0.857912 0.631836 0.00327148 0.00393495 0.000397833
93.88 0.85632 0.858073 0.631822 0.00329844 0.00403355 -0.000349833
93.9 0.856463 0.858233 0.631795 0.00357506 0.00400929 -0.000659378
93.92 0.856618 0.858389 0.631779 0.0038899 0.00388016 -0.000414985
93.94 0.85678 0.858537 0.63179 0.00404479 0.00371798 0.000280514
93.96 0.856941 0.858681 0.631836 0.00403454 0.00360052 0.00114217
93.98 0.857104 0.858824 0.631909 0.00407492 0.0035625 0.00184184
94 0.857281 0.858967 0.631996 0.00441223 0.00357759 0.00216684
94.02 0.857484 0.859111 0.632079 0.00506849 0.00360451 0.00207849
94.04 0.857713 0.859256 0.632145 0.0057282 0.00363369 0.00165537
94.06 0.857949 0.859403 0.632186 0.00590045 0.00366728 0.00100694
94.08 0.85816 0.85955 0.632195 0.00528594 0.00367545 0.00024173
94.1 0.858323 0.859695 0.632176 0.00405855 0.00363028 -0.000491193
94.12 0.858434 0.859838 0.632137 0.00279223 0.00356649 -0.000965336
94.14 0.858518 0.859981 0.632099 0.00210453 0.0035715 -0.00094083
94.16 0.85861 0.860129 0.632086 0.00229954 0.00370795 -0.000343263
94.18 0.85874 0.860288 0.63211 0.00323265 0.00395778 0.000620852
94.2 0.858917 0.860456 0.632173 0.00441962 0.00421715 0.00157145
94.22 0.859128 0.86063 0.632261 0.00529192 0.00433873 0.0021976
94.24 0.859347 0.860799 0.632359 0.00546493 0.00423592 0.0024326
94.26 0.859543 0.860958 0.632456 0.0049116 0.00395928 0.00244052
94.28 0.859702 0.861104 0.632554 0.0039721 0.0036696 0.00244071
94.3 0.859829 0.861246 0.632655 0.00315962 0.0035359 0.00252946
94.32 0.859943 0.861391 0.632761 0.00285385 0.00362896 0.00264401
94.34 0.860067 0.861546 0.632868 0.00311055 0.00388569 0.00267454
94.36 0.860215 0.861712 0.632971 0.0036972 0.00414744 0.00258966
94.38 0.860386 0.861882 0.63307 0.00428159 0.00424808 0.00247419
94.4 0.860571 0.862047 0.633169 0.00461655 0.0041211 0.00246308
94.42 0.860756 0.862201 0.633274 0.00462627 0.0038528 0.0026263
94.44 0.860932 0.862346 0.63339 0.0043944 0.00363109 0.00290561
94.46 0.861095 0.862491 0.633516 0.00407062 0.00360331 0.00315785
94.48 0.861245 0.862641 0.633647 0.00375962 0.00376325 0.00326292
94.5 0.861384 0.862799 0.633775 0.00348417 0.00393891 0.00321385
94.52 0.861514 0.862955 0.633901 0.00323061 0.00390136 0.00313518
94.54 0.861634 0.863097 0.634028 0.00300131 0.00355217 0.00317579
94.56 0.861747 0.863219 0.634161 0.00283407 0.00306378 0.00333468
94.58 0.861858 0.863331 0.634298 0.00278414 0.00278619 0.00340868
94.6 0.861974 0.863449 0.634424 0.00290406 0.00296194 0.00315525
94.62 0.862103 0.863589 0.634524 0.00321238 0.00350105 0.00251269
94.64 0.862248 0.863751 0.634591 0.00363444 0.00403596 0.0016741
94.66 0.862407 0.863919 0.63463 0.00397419 0.0042045 0.000956699
94.68 0.862567 0.864075 0.634653 0.00399215 0.00391124 0.000589437
94.7 0.862711 0.864211 0.634677 0.00358826 0.00338534 0.000594599
94.72 0.862827 0.864332 0.634709 0.00292073 0.0030369 0.000813675
94.74 0.86292 0.864459 0.634751 0.00232699 0.00316919 0.00103145
94.76 0.863005 0.864607 0.634796 0.00212147 0.00369791 0.00112572
94.78 0.863102 0.864774 0.634841 0.00241814 0.00417158 0.00113891
94.8 0.863224 0.864939 0.63489 0.00304286 0.00413511 0.00122649
94.82 0.863368 0.86508 0.634951 0.00359362 0.00352351 0.00151263
94.84 0.863515 0.865188 0.635029 0.00369372 0.00270216 0.00194614
94.86 0.863647 0.865274 0.63512 0.00329674 0.00213741 0.00228442
94.88 0.863758 0.865356 0.63521 0.00276038 0.00205686 0.00224881
94.9 0.86386 0.865451 0.63528 0.00256633 0.00238106 0.00174969
94.92 0.863977 0.865567 0.635319 0.00292553 0.0028913 0.000977338
94.94 0.864122 0.865704 0.63533 0.00362409 0.00342307 0.000281255
94.96 0.864291 0.865861 0.635329 0.00422019 0.00392431 -4.49216e-05
94.98 0.864465 0.866036 0.635331 0.00435294 0.00438472 6.4342e-05
95 0.864623 0.866226 0.635348 0.00394177 0.00474553 0.000417751
95.02 0.864752 0.866422 0.635378 0.00322621 0.0049046 0.000750529
95.04 0.864857 0.866614 0.635417 0.00262492 0.00478772 0.000981655
95.06 0.864957 0.866789 0.635468 0.00250617 0.0043959 0.00125879
95.08 0.865076 0.866943 0.635537 0.00296983 0.00383322 0.00173184
95.1 0.865227 0.867075 0.63563 0.00377073 0.00329682 0.00234048
95.12 0.865405 0.867194 0.635744 0.0044471 0.00298081 0.00283093
95.14 0.865588 0.867313 0.635862 0.00459396 0.00297807 0.00296774
95.16 0.865754 0.867444 0.635971 0.00413445 0.0032703 0.00271371
95.18 0.865889 0.867595 0.63606 0.00337251 0.00376962 0.00223356
95.2 0.865999 0.867769 0.63613 0.00277088 0.00435302 0.00175093
95.22 0.866105 0.867964 0.636186 0.00264499 0.00489223 0.00139517
95.24 0.866225 0.868175 0.636233 0.00299423 0.00527114 0.00116517
95.26 0.866367 0.868391 0.636273 0.00355707 0.00538455 0.00100714
95.28 0.866528 0.868597 0.636309 0.00401978 0.00516283 0.000907554
95.3 0.866697 0.868782 0.636346 0.0042307 0.00463135 0.000917077
95.32 0.866867 0.868941 0.63639 0.00424803 0.00395555 0.00109804
95.34 0.867035 0.869077 0.636448 0.00419221 0.00340009 0.00145127
95.36 0.867198 0.869204 0.636524 0.00408216 0.00319427 0.00190885
95.38 0.867352 0.869341 0.63662 0.00383503 0.00341602 0.00238236
95.4 0.867488 0.869501 0.636731 0.00340701 0.00398639 0.00279658
95.42 0.867606 0.869689 0.636855 0.00294055 0.00472056 0.00308852
95.44 0.867716 0.869903 0.636983 0.00277381 0.00534971 0.00320347
95.46 0.867847 0.870127 0.637108 0.00325237 0.00559192 0.00311982
95.48 0.868023 0.87034 0.637223 0.00442189 0.00531888 0.00288342
95.5 0.868256 0.870526 0.637328 0.0058217 0.00466399 0.00261251
95.52 0.868523 0.870684 0.637425 0.00666843 0.00394054 0.00241826
95.54 0.868779 0.870822 0.637517 0.00638859 0.00343921 0.0022999
95.56 0.868981 0.870953 0.637602 0.00505209 0.00327938 0.00214922
95.58 0.869115 0.871089 0.637677 0.00335411 0.00340117 0.00187478
95.6 0.869203 0.871234 0.637737 0.00221117 0.0036389 0.00148612
95.62 0.869292 0.871387 0.63778 0.00222848 0.00382485 0.00106824
95.64 0.869425 0.871543 0.637809 0.00331583 0.00388416 0.000730537
95.66 0.869614 0.871697 0.637832 0.00472588 0.00385382 0.000586179
95.68 0.869837 0.871849 0.637861 0.00557823 0.0037999 0.000722819
95.7 0.870056 0.871999 0.637907 0.00547749 0.00375005 0.00113688
95.72 0.870245 0.872148 0.637975 0.00471371 0.00371905 0.00170027
95.74 0.870403 0.872298 0.638063 0.0039597 0.00375945 0.00221366
95.76 0.870553 0.872455 0.638163 0.0037528 0.00392662 0.00249576
95.78 0.870718 0.872622 0.63826 0.00412482 0.00418308 0.00243458
95.8 0.870904 0.872798 0.638341 0.00463466 0.00437869 0.00200423
95.82 0.871095 0.872971 0.638393 0.00477561 0.0043388 0.00130206
95.84 0.871271 0.873131 0.638416 0.00440354 0.00399924 0.000577449
95.86 0.871424 0.87327 0.638422 0.00382957 0.00347962 0.000160784
95.88 0.871565 0.873391 0.638432 0.00351029 0.00302189 0.000254775
95.9 0.87171 0.873505 0.638463 0.00363102 0.00283853 0.000761009
95.92 0.871869 0.873624 0.638517 0.00397206 0.0029766 0.00135765
95.94 0.872035 0.873756 0.638588 0.00415347 0.0033062 0.00177004
95.96 0.872194 0.873901 0.638667 0.00397779 0.00362136 0.00196654
95.98 0.872336 0.874051 0.63875 0.00354165 0.00376023 0.00209025
96 0.87246 0.874198 0.638839 0.00311012 0.00366858 0.00221741
96.02 0.872577 0.874333 0.638928 0.00292977 0.00336852 0.00223546
96.04 0.8727 0.874449 0.639008 0.00308003 0.00290299 0.00199354
96.06 0.872837 0.874543 0.639069 0.00341917 0.00235467 0.00153285
96.08 0.872984 0.874618 0.639114 0.00366449 0.00186493 0.00110973
96.1 0.873128 0.874681 0.639155 0.00359689 0.00157442 0.0010192
96.12 0.873257 0.874742 0.639211 0.00323135 0.00153825 0.00140491
96.14 0.87337 0.874811 0.639297 0.00282359 0.00172485 0.00215379
96.16 0.873479 0.874893 0.639413 0.00271946 0.00205574 0.00291282
96.18 0.873604 0.874989 0.639545 0.00313516 0.00239521 0.00328671
96.2 0.873763 0.875091 0.639669 0.00398446 0.00255146 0.0031079
96.22 0.873959 0.875187 0.639771 0.00489386 0.00239195 0.00253177
96.24 0.874176 0.875267 0.639846 0.00541292 0.00200184 0.00188191
96.26 0.874386 0.875334 0.639903 0.00526241 0.00167752 0.00142315
96.28 0.874565 0.875402 0.639953 0.00448314 0.00170831 0.00125282
96.3 0.874703 0.875488 0.640006 0.00342828 0.00214761 0.00132194
96.32 0.874806 0.8756 0.640066 0.00257657 0.00278768 0.00150453
96.34 0.874896 0.875733 0.640133 0.00226838 0.00334126 0.00166593
96.36 0.874998 0.875879 0.640201 0.00253641 0.00364851 0.00171545
96.38 0.875122 0.876029 0.640267 0.00309885 0.00375231 0.00163489
96.4 0.875263 0.876182 0.640326 0.0035371 0.00381234 0.00148498
96.42 0.875407 0.876339 0.640381 0.00359564 0.00392587 0.00138193
96.44 0.875542 0.8765 0.64044 0.00337975 0.0040348 0.00146298
96.46 0.875672 0.87666 0.640512 0.00324912 0.00400038 0.00180888
96.48 0.875811 0.876811 0.640606 0.00347499 0.00376539 0.00234294
96.5 0.875972 0.876949 0.64072 0.0040164 0.00345262 0.00284336
96.52 0.876156 0.877082 0.640843 0.00459804 0.00331036 0.00307873
96.54 0.876352 0.877224 0.640961 0.00489535 0.00354984 0.00295074
96.56 0.87654 0.877391 0.641063 0.00470213 0.00419179 0.0025509
96.58 0.876703 0.877591 0.641147 0.00407316 0.00499294 0.00210366
96.6 0.876835 0.877813 0.64122 0.00331764 0.00554472 0.00183643
96.62 0.876946 0.878034 0.641294 0.00277178 0.00553622 0.00184422
96.64 0.877049 0.878234 0.641376 0.00257154 0.00498708 0.00204442
96.66 0.877155 0.878403 0.641467 0.00264062 0.00422209 0.00226682
96.68 0.877267 0.878548 0.641563 0.00281484 0.00364601 0.00241159
96.7 0.877385 0.87869 0.641663 0.00294649 0.00354374 0.00249299
96.72 0.877503 0.878849 0.641762 0.00294985 0.0039713 0.00249022
96.74 0.877616 0.879038 0.641852 0.00282126 0.00473207 0.00224587
96.76 0.877721 0.879257 0.641917 0.00263495 0.00546718 0.0016183
96.78 0.877821 0.87949 0.641945 0.00248075 0.00582737 0.000707742
96.8 0.877916 0.879716 0.641939 0.00239609 0.00564079 -0.00015317
96.82 0.878012 0.879916 0.641914 0.00238143 0.00501824 -0.000626961
96.84 0.878109 0.880089 0.641891 0.0024382 0.00430454 -0.000574187
96.86 0.878211 0.880243 0.641887 0.00253496 0.00384857 -9.92073e-05
96.88 0.878314 0.880394 0.641909 0.00258291 0.00378249 0.000552686
96.9 0.878414 0.880554 0.641955 0.00250732 0.00399546 0.0011438
96.92 0.878509 0.880724 0.642016 0.00236142 0.00426918 0.00153592
96.94 0.878601 0.880901 0.642085 0.00231963 0.00442095 0.00171001
96.96 0.878703 0.881076 0.642154 0.00253356 0.0043798 0.00172335
96.98 0.878824 0.881245 0.64222 0.00301984 0.00421384 0.00165379
97 0.87897 0.881408 0.642283 0.00365741 0.00407079 0.00156674
97.02 0.879139 0.881569 0.642342 0.00421544 0.00403878 0.00148948
97.04 0.879316 0.881732 0.642399 0.00442979 0.00407249 0.00141289
97.06 0.879483 0.881894 0.642452 0.00417887 0.00405219 0.00132963
97.08 0.879627 0.882051 0.642502 0.00361435 0.00390507 0.00125515
97.1 0.879751 0.882197 0.642551 0.00309596 0.0036605 0.00121848
97.12 0.87987 0.882333 0.642601 0.00297299 0.00340951 0.00126194
97.14 0.880005 0.882463 0.642659 0.00337811 0.00323884 0.00143327
97.16 0.880171 0.88259 0.642728 0.00414084 0.00318399 0.00173381
97.18 0.880366 0.882718 0.642811 0.00487532 0.0032022 0.00207901
97.2 0.880576 0.882846 0.642905 0.00523794 0.00318883 0.00233721
97.22 0.880782 0.882968 0.643001 0.00515773 0.00305667 0.00241254
97.24 0.880976 0.883081 0.643093 0.00485411 0.00283141 0.00228651
97.26 0.881162 0.883188 0.643174 0.00465822 0.00265282 0.0020293
97.28 0.881353 0.883294 0.643246 0.00476364 0.00267023 0.00180687
97.3 0.881557 0.883412 0.643319 0.00509367 0.0029314 0.00181447
97.32 0.881773 0.883546 0.643404 0.00540404 0.00336791 0.00212713
97.34 0.881993 0.883699 0.643508 0.00551826 0.00382841 0.00260142
97.36 0.882212 0.883865 0.643626 0.00546562 0.00414998 0.00295429
97.38 0.882429 0.884035 0.643744 0.00541653 0.00424784 0.00296534
97.4 0.88265 0.884201 0.643849 0.00552206 0.00413449 0.00261928
97.42 0.882881 0.884355 0.643933 0.00577103 0.0038676 0.00208896
97.44 0.883118 0.884497 0.643997 0.00593624 0.00352597 0.00159887
97.46 0.883346 0.884625 0.644048 0.00570209 0.00321549 0.00128234
97.48 0.883542 0.884747 0.644094 0.00490498 0.00303679 0.00114637
97.5 0.88369 0.884868 0.64414 0.00369642 0.00304023 0.0011581
97.52 0.88379 0.884997 0.644194 0.00250752 0.0032222 0.00133916
97.54 0.883864 0.885139 0.644263 0.00182888 0.0035407 0.00173015
97.56 0.883941 0.885295 0.644353 0.00194719 0.00391348 0.00225769
97.58 0.884052 0.885464 0.644461 0.00277436 0.00421957 0.0026976
97.6 0.884207 0.885638 0.644573 0.00387534 0.00435119 0.0028037
97.62 0.884395 0.88581 0.644672 0.0046801 0.00428612 0.00246081
97.64 0.884585 0.885974 0.644741 0.00475832 0.00411573 0.00172946
97.66 0.884747 0.886133 0.644773 0.00404135 0.00398073 0.000804571
97.68 0.884863 0.886292 0.644772 0.0028995 0.003959 -3.66799e-05
97.7 0.884943 0.886453 0.644751 0.00200147 0.00404232 -0.000518747
97.72 0.885019 0.886622 0.644731 0.0019111 0.00420354 -0.000489235
97.74 0.885127 0.886798 0.644731 0.00269085 0.00441627 -9.41422e-07
97.76 0.885281 0.886982 0.64476 0.00385794 0.00459543 0.00071376
97.78 0.885469 0.887165 0.644814 0.00470407 0.00458155 0.0013491
97.8 0.885658 0.887336 0.64488 0.00473157 0.00427019 0.00164194
97.82 0.885816 0.887487 0.644938 0.00392869 0.00376271 0.00146708
97.84 0.885925 0.88762 0.644974 0.00274231 0.00333652 0.000890055
97.86 0.885999 0.88775 0.64498 0.00183406 0.00325701 0.000164197
97.88 0.886069 0.887893 0.644966 0.00175465 0.00357267 -0.000349632
97.9 0.886175 0.888055 0.644953 0.00264537 0.0040416 -0.00034393
97.92 0.88634 0.888226 0.644964 0.00412089 0.00428176 0.000275451
97.94 0.886558 0.888388 0.645016 0.00545938 0.00404114 0.0013199
97.96 0.886799 0.888524 0.645113 0.00601815 0.0034011 0.00240721
97.98 0.887022 0.888634 0.64524 0.00558481 0.00274465 0.00316941
98 0.8872 0.888734 0.645377 0.00444597 0.00250877 0.00342462
98.02 0.887327 0.888851 0.645505 0.00318806 0.00291796 0.00320575
98.04 0.887422 0.889004 0.645611 0.00237715 0.00384023 0.00266458
98.06 0.887514 0.889197 0.645691 0.0023004 0.00482603 0.00198235
98.08 0.887629 0.889412 0.645745 0.00287391 0.00535919 0.00136587
98.1 0.88778 0.889619 0.645787 0.00375538 0.00517573 0.00104927
98.12 0.887963 0.889796 0.645836 0.00457705 0.00443063 0.00121848
98.14 0.888168 0.88994 0.645912 0.00512221 0.00359243 0.00190316
98.16 0.888381 0.890065 0.646029 0.00533897 0.00313708 0.00291852
98.18 0.888591 0.890195 0.646185 0.00524589 0.00325506 0.00389661
98.2 0.888785 0.890346 0.646361 0.00484405 0.00375661 0.00439896
98.22 0.88895 0.890515 0.646526 0.00412359 0.00424414 0.00412573
98.24 0.889076 0.890692 0.646651 0.00314832 0.00441907 0.0031331
98.26 0.88916 0.890863 0.646726 0.00211842 0.00427064 0.0018683
98.28 0.889214 0.891024 0.646763 0.00132818 0.00403439 0.000925113
98.3 0.889256 0.891184 0.646789 0.00105635 0.00399341 0.000659613
98.32 0.889314 0.891354 0.646828 0.0014618 0.00425836 0.000978796
98.34 0.889413 0.891541 0.646888 0.00246992 0.00466747 0.00148925
98.36 0.88956 0.891736 0.646962 0.00368538 0.00487741 0.00184677
98.38 0.88974 0.891921 0.64704 0.00449823 0.0046098 0.00196078
98.4 0.889917 0.892076 0.647117 0.00441162 0.00387196 0.0019251
98.42 0.890051 0.892194 0.647191 0.00335587 0.00295672 0.00184424
98.44 0.890122 0.892284 0.64726 0.00177223 0.00225643 0.00173518
98.46 0.890138 0.892366 0.647322 0.000391435 0.00205899 0.00155024
98.48 0.89013 0.892463 0.647373 -0.000188429 0.00241336 0.00125606
98.5 0.890138 0.892588 0.647408 0.000187777 0.00311682 0.000889591
98.52 0.890188 0.89274 0.64743 0.00124957 0.00381172 0.000556817
98.54 0.890288 0.892906 0.647445 0.00251116 0.00415182 0.00037278
98.56 0.890428 0.893065 0.647461 0.00350049 0.00397273 0.000385486
98.58 0.890586 0.893199 0.647483 0.00395329 0.00334688 0.000550374
98.6 0.890742 0.8933 0.647514 0.00389875 0.00252736 0.000776734
98.62 0.890884 0.893373 0.647554 0.00355406 0.00182461 0.00100562
98.64 0.89101 0.893431 0.647604 0.00313784 0.00145549 0.00125752
98.66 0.891121 0.89349 0.647668 0.00278038 0.00145849 0.0015836
98.68 0.891223 0.893559 0.647746 0.00254435 0.00172735 0.00195938
98.7 0.891322 0.893644 0.647836 0.00248105 0.0021402 0.00224953
98.72 0.891428 0.89375 0.647928 0.00265801 0.00264749 0.0022855
98.74 0.891553 0.89388 0.648007 0.0031274 0.00323562 0.00198993
98.76 0.891708 0.894033 0.648065 0.00385326 0.00384171 0.00144189
98.78 0.891893 0.894206 0.648099 0.00464564 0.0043294 0.000844716
98.8 0.892101 0.894388 0.648115 0.00518205 0.0045351 0.000415611
98.82 0.892308 0.894563 0.648126 0.00517739 0.00436826 0.000263934
98.84 0.892492 0.894719 0.64814 0.0046048 0.00391963 0.00034681
98.86 0.892642 0.894858 0.648162 0.0037562 0.00346193 0.000549203
98.88 0.892765 0.894989 0.648194 0.00307726 0.00328265 0.000803184
98.9 0.892882 0.89513 0.648239 0.00291845 0.00351517 0.00113014
98.92 0.893016 0.895293 0.648302 0.00335705 0.00408263 0.0015723
98.94 0.893182 0.895483 0.648385 0.00414126 0.00473709 0.00209196
98.96 0.893375 0.895689 0.648487 0.00482958 0.00516323 0.00254547
98.98 0.893578 0.895894 0.648598 0.00506614 0.00512554 0.00276403
99 0.89377 0.896078 0.648705 0.00480422 0.00460631 0.00268746
99.02 0.893943 0.896232 0.648803 0.00432651 0.00382863 0.00243671
99.04 0.894105 0.896357 0.648893 0.00405127 0.00313863 0.00225774
99.06 0.894274 0.89647 0.648987 0.00423261 0.0028251 0.00233843
99.08 0.894465 0.896589 0.649092 0.0047769 0.00297751 0.00263623
99.1 0.894677 0.896727 0.649207 0.00529973 0.0034582 0.00287842
99.12 0.894893 0.896888 0.649318 0.00537868 0.0040218 0.00275937
99.14 0.895088 0.897066 0.649405 0.00488303 0.0044523 0.00219517
99.16 0.895253 0.897251 0.649462 0.004139 0.00461579 0.00140946
99.18 0.895403 0.89743 0.649493 0.00372725 0.00447338 0.000783697
99.2 0.895565 0.897594 0.649518 0.00405073 0.00409531 0.000625713
99.22 0.895766 0.89774 0.649559 0.00503764 0.00364152 0.00101909
99.24 0.896013 0.897871 0.649631 0.00618267 0.00327697 0.00179151
99.26 0.896287 0.897995 0.649734 0.00685077 0.0031174 0.00259449
99.28 0.896553 0.898124 0.649858 0.00663956 0.00322911 0.00307712
99.3 0.896777 0.898268 0.649979 0.00561099 0.00358476 0.00304919
99.32 0.896949 0.898429 0.650082 0.00427745 0.00403806 0.00255119
99.34 0.897081 0.898605 0.650154 0.00331584 0.00440024 0.00181411
99.36 0.897207 0.898786 0.650199 0.00314848 0.00451409 0.00111959
99.38 0.897354 0.898957 0.650225 0.00367211 0.00428911 0.00064279
99.4 0.897528 0.899109 0.650241 0.00434794 0.003787 0.00040926
99.42 0.897712 0.899241 0.650256 0.00459829 0.0032955 0.000381796
99.44 0.897881 0.899368 0.650278 0.00421754 0.00319045 0.000545709
99.46 0.898019 0.899513 0.650313 0.003464 0.00362289 0.000880311
99.48 0.898131 0.899687 0.650364 0.00279792 0.00434653 0.00127322
99.5 0.898233 0.899882 0.650425 0.00255106 0.00488069 0.00152094
99.52 0.898343 0.900077 0.650483 0.00275624 0.00486486 0.00144235
99.54 0.898471 0.90025 0.650524 0.00318118 0.0043233 0.00101992
99.56 0.89861 0.900396 0.650542 0.00349698 0.00366131 0.00045134
99.58 0.89875 0.900532 0.650544 0.00347917 0.00338624 6.88791e-05
99.6 0.898875 0.900681 0.650551 0.00313263 0.00372521 0.000161514
99.62 0.898981 0.900858 0.650582 0.0026406 0.00442147 0.000787074
99.64 0.899069 0.901055 0.65065 0.00219948 0.0049231 0.0017021
99.66 0.899147 0.901249 0.650749 0.00194946 0.00484782 0.00245748
99.68 0.899226 0.901421 0.650853 0.00198575 0.00430521 0.00261137
99.7 0.899319 0.901573 0.650932 0.00231606 0.0038031 0.00198361
99.72 0.899432 0.901726 0.650965 0.0028277 0.00382839 0.000819456
99.74 0.899565 0.901904 0.650954 0.0033444 0.00444317 -0.000289433
99.76 0.899714 0.902113 0.650925 0.00371411 0.00523331 -0.000722825
99.78 0.899869 0.902339 0.650917 0.00387097 0.00563678 -0.000184005
99.8 0.900023 0.902553 0.650963 0.00385624 0.00536276 0.00114278
99.82 0.900174 0.902737 0.651071 0.00376663 0.00459444 0.00270067
99.84 0.90032 0.90289 0.651225 0.00366102 0.00383796 0.00385073
99.86 0.900461 0.903032 0.651392 0.00352095 0.00353137 0.00417596
99.88 0.900593 0.903181 0.651539 0.00330324 0.00373036 0.00365882
99.9 0.900714 0.903346 0.651645 0.00302806 0.00411741 0.00267367
99.92 0.900826 0.903517 0.651717 0.00279065 0.004291 0.00178357
99.94 0.900934 0.903681 0.651774 0.00269282 0.00408416 0.00142298
99.96 0.901045 0.903827 0.65184 0.00278692 0.00365204 0.00165324
99.98 0.901167 0.903959 0.651926 0.00305861 0.00330202 0.00216427
100 0.901304 0.904088 0.652027 0.00341953 0.00323847 0.00250281
100.02 0.901454 0.904224 0.652121 0.00374119 0.00340123 0.00235778
100.04 0.90161 0.904365 0.652191 0.00390689 0.00352437 0.00174811
100.06 0.901764 0.904501 0.652231 0.00384591 0.00338415 0.00101338
100.08 0.901906 0.904622 0.652255 0.00355859 0.00302606 0.000595287
100.1 0.902032 0.904732 0.652285 0.00313958 0.00274758 0.000757832
100.12 0.902142 0.904845 0.652343 0.00274757 0.00284172 0.00143445
100.14 0.902242 0.904979 0.652433 0.00251327 0.0033349 0.00226589
100.16 0.902342 0.905136 0.652545 0.00248121 0.00393766 0.00279429
100.18 0.902446 0.905306 0.652655 0.00260677 0.00424511 0.00274124
100.2 0.902558 0.905467 0.652743 0.00280674 0.00403884 0.00220285
100.22 0.902679 0.905605 0.652805 0.00301762 0.00342733 0.00155503
100.24 0.902807 0.905714 0.652851 0.00321003 0.00273961 0.00114935
100.26 0.902942 0.905806 0.652894 0.00337213 0.00230569 0.00107021
100.28 0.903082 0.905898 0.652939 0.00349703 0.00228284 0.00112631
100.3 0.903225 0.906002 0.652981 0.00356506 0.00260806 0.00104632
100.32 0.903366 0.906124 0.653008 0.00352599 0.00304865 0.000684323
100.34 0.903498 0.906257 0.653013 0.0033175 0.00333239 0.000119397
100.36 0.903616 0.906391 0.652999 0.00292895 0.00333555 -0.000344234
100.38 0.903715 0.906517 0.652986 0.00249188 0.0031633 -0.000325839
100.4 0.903805 0.906639 0.653001 0.00223677 0.00304965 0.000361919
100.42 0.903897 0.906765 0.653062 0.00231218 0.00314504 0.00152562
100.44 0.904004 0.906898 0.653169 0.00267781 0.00333676 0.00267311
100.46 0.90413 0.907031 0.6533 0.00314728 0.00330212 0.00328507
100.48 0.904271 0.907144 0.653423 0.00351148 0.00282397 0.00307123
100.5 0.904418 0.907226 0.653507 0.00367641 0.00206099 0.0021077
100.52 0.904567 0.907285 0.65354 0.00372725 0.00147701 0.000821019
100.54 0.90472 0.907346 0.653532 0.00383646 0.00151383 -0.00020151
100.56 0.904883 0.907436 0.653512 0.00408022 0.00225723 -0.000509998
100.58 0.905058 0.907569 0.653511 0.00436988 0.00334 -1.55049e-05
100.6 0.905241 0.907737 0.653551 0.00456209 0.00418268 0.000993216
100.62 0.905425 0.907913 0.653632 0.0046013 0.00440043 0.00204181
100.64 0.905607 0.908076 0.653742 0.00455898 0.00407326 0.00272862
100.66 0.90579 0.908222 0.653857 0.00457851 0.0036457 0.00288604
100.68 0.905982 0.908363 0.653961 0.00478751 0.00354581 0.00259076
100.7 0.906189 0.908518 0.654044 0.00519074 0.00387366 0.00207956
100.72 0.906415 0.908693 0.65411 0.00562959 0.00437424 0.00164327
100.74 0.90665 0.90888 0.654169 0.00588804 0.00466603 0.00148981
100.76 0.906885 0.909062 0.654235 0.00586301 0.00455736 0.00165036
100.78 0.907109 0.90923 0.654316 0.00561606 0.00419503 0.0020326
100.8 0.907321 0.909387 0.654417 0.00529312 0.00391385 0.00251514
100.82 0.907522 0.909545 0.654535 0.00503209 0.00396885 0.00294457
100.84 0.907719 0.90972 0.654659 0.00491603 0.00436798 0.00310618
100.86 0.907918 0.909915 0.654772 0.00496487 0.00488178 0.00281641
100.88 0.908123 0.910125 0.654855 0.00513517 0.00523189 0.00208491
100.9 0.908336 0.910337 0.654903 0.00532146 0.00530089 0.00119023
100.92 0.908551 0.910543 0.654926 0.00538379 0.0051658 0.000576986
100.94 0.90876 0.910742 0.654951 0.0052167 0.00496091 0.000620109
100.96 0.908953 0.910931 0.655006 0.00483071 0.00473522 0.00139719
100.98 0.909128 0.911109 0.65511 0.00436557 0.00445718 0.00259934
101 0.909288 0.911275 0.655256 0.0039973 0.0041347 0.00363381
101.02 0.90944 0.91143 0.655413 0.00380762 0.00387662 0.00392141
101.04 0.90959 0.911583 0.655543 0.00374098 0.00381934 0.0032517
101.06 0.909737 0.911743 0.655619 0.00368949 0.00401825 0.00191493
101.08 0.909881 0.911919 0.655639 0.00358585 0.00439888 0.000487077
101.1 0.910016 0.91211 0.655618 0.00339913 0.00476738 -0.000522355
101.12 0.910141 0.912306 0.655583 0.00310141 0.00489386 -0.000869264
101.14 0.910249 0.912492 0.655561 0.00270579 0.00465656 -0.000549826
101.16 0.910341 0.912658 0.655573 0.00231599 0.00414125 0.000299449
101.18 0.910424 0.912802 0.655631 0.00206961 0.00359622 0.0014423
101.2 0.910506 0.912933 0.655733 0.00203551 0.00328806 0.00255228
101.22 0.910593 0.913067 0.655864 0.00218974 0.00335138 0.00327053
101.24 0.910692 0.913215 0.655997 0.00246052 0.00370918 0.00333652
101.26 0.910802 0.91338 0.656106 0.00275987 0.0041221 0.00271982
101.28 0.910921 0.913554 0.656173 0.00297867 0.00434148 0.00166282
101.3 0.911041 0.913724 0.656196 0.00298836 0.00425363 0.000598273
101.32 0.91115 0.913882 0.656195 0.00274042 0.00393507 -3.86769e-05
101.34 0.911245 0.914025 0.656194 0.00237783 0.00358058 -1.00828e-05
101.36 0.911332 0.914158 0.656219 0.00216027 0.00333991 0.000609722
101.38 0.911422 0.914287 0.656278 0.00226474 0.00320423 0.0014738
101.4 0.911529 0.914408 0.656363 0.00267382 0.00304198 0.00213742
101.42 0.911658 0.914519 0.656454 0.00321395 0.00277035 0.00227309
101.44 0.911804 0.914619 0.656528 0.00364792 0.00250683 0.00184958
101.46 0.911954 0.914719 0.656575 0.00376059 0.00249854 0.00116841
101.48 0.912093 0.914835 0.656602 0.00347494 0.0028823 0.000683539
101.5 0.912211 0.914975 0.656631 0.00293434 0.00351968 0.000712143
101.52 0.912309 0.915137 0.65668 0.00244774 0.00404106 0.00123728
101.54 0.912401 0.915301 0.656758 0.00231906 0.00410285 0.00194291
101.56 0.912508 0.915448 0.656857 0.00266665 0.00366589 0.00246245
101.58 0.912643 0.915569 0.656962 0.0033637 0.00302901 0.00263289
101.6 0.912808 0.915672 0.657064 0.00413766 0.00257912 0.00254783
101.62 0.912997 0.915772 0.65716 0.00471134 0.00249717 0.00240251
101.64 0.913192 0.91588 0.657252 0.00489734 0.00268871 0.00229385
101.66 0.913378 0.915998 0.657338 0.00465063 0.00295603 0.00215547
101.68 0.913541 0.916125 0.657413 0.00405271 0.00317757 0.00186803
101.7 0.913672 0.91626 0.65747 0.00328378 0.00336909 0.00143402
101.72 0.913775 0.916405 0.657512 0.00257847 0.00364367 0.00104168
101.74 0.91386 0.916569 0.657549 0.00211884 0.00410175 0.000941244
101.76 0.913938 0.916758 0.657599 0.00195409 0.00471125 0.00125458
101.78 0.914019 0.916968 0.657674 0.00202155 0.00524578 0.00186185
101.8 0.914108 0.917183 0.657772 0.00222702 0.00539188 0.00244698
101.82 0.914208 0.917383 0.657879 0.00249629 0.00498427 0.00267773
101.84 0.914319 0.917549 0.657974 0.00278668 0.00415638 0.00238917
101.86 0.914441 0.917682 0.658042 0.00305488 0.00331248 0.00169149
101.88 0.91457 0.917799 0.65808 0.00320808 0.00293399 0.000948885
101.9 0.914695 0.91793 0.658104 0.00313306 0.00327983 0.000596354
101.92 0.914808 0.918096 0.658138 0.00283138 0.00414655 0.000851845
101.94 0.914908 0.918293 0.658199 0.00249963 0.00493859 0.00153287
101.96 0.915004 0.918497 0.658286 0.00239751 0.00508522 0.00216331
101.98 0.915109 0.918676 0.658378 0.00262532 0.00448408 0.00231536
102 0.915231 0.918819 0.658455 0.00304424 0.00357611 0.00191217
102.02 0.915367 0.918939 0.658505 0.00339097 0.00300221 0.001255
102.04 0.915505 0.919065 0.658536 0.00346773 0.00313765 0.000774282
102.06 0.915636 0.919219 0.658565 0.00327189 0.0038461 0.000727339
102.08 0.915756 0.919403 0.658608 0.00299639 0.00460844 0.00107476
102.1 0.915872 0.9196 0.658671 0.00290149 0.00492707 0.00155935
102.12 0.915997 0.919788 0.658747 0.0031256 0.00470526 0.00190103
102.14 0.916141 0.91996 0.658825 0.00359309 0.00428738 0.00196582
102.16 0.916304 0.920123 0.658896 0.0040818 0.00407419 0.00177221
102.18 0.916478 0.920286 0.658952 0.00435824 0.00408299 0.00138653
102.2 0.91665 0.920444 0.658986 0.00428447 0.00394719 0.000861091
102.22 0.916805 0.920578 0.658997 0.00388285 0.0033504 0.000266659
102.24 0.916939 0.920675 0.658987 0.00334916 0.00242386 -0.0002417
102.26 0.917059 0.920743 0.65897 0.00298718 0.00171159 -0.000433933
102.28 0.917181 0.920814 0.658965 0.00305741 0.00176817 -0.000122149
102.3 0.917326 0.920922 0.658992 0.00362309 0.0026916 0.000691527
102.32 0.917506 0.92108 0.659063 0.00450328 0.00394225 0.00176333
102.34 0.91772 0.921267 0.659172 0.00534639 0.00468773 0.00271502
102.36 0.917951 0.921446 0.6593 0.00577875 0.00446462 0.00321478
102.38 0.918174 0.921588 0.659425 0.00558563 0.00356162 0.00312558
102.4 0.918369 0.921699 0.659528 0.0048708 0.00276516 0.00256548
102.42 0.918532 0.921807 0.659601 0.00405887 0.00270175 0.00183401
102.44 0.918678 0.92194 0.65965 0.00365836 0.00333552 0.0012219
102.46 0.918836 0.922102 0.659684 0.00394044 0.00403932 0.000858377
102.48 0.919026 0.922269 0.659714 0.00477023 0.00417806 0.000737947
102.5 0.919255 0.922415 0.659748 0.00572382 0.00365577 0.000842616
102.52 0.919511 0.922533 0.659795 0.00638063 0.00295586 0.00118206
102.54 0.919772 0.922643 0.659863 0.00654427 0.0027395 0.00171318
102.56 0.920023 0.922777 0.659954 0.0062786 0.00334209 0.00226463
102.58 0.920256 0.922956 0.660058 0.0058075 0.00449085 0.00259411
102.6 0.92047 0.923176 0.660159 0.00535993 0.00548713 0.00252369
102.62 0.920673 0.923406 0.660241 0.00506688 0.00574734 0.00204618
102.64 0.92087 0.923615 0.660294 0.00493968 0.00523343 0.00133387
102.66 0.921066 0.923792 0.66032 0.00489286 0.00441548 0.000652587
102.68 0.921258 0.923946 0.660329 0.00480484 0.00386931 0.00022989
102.7 0.921443 0.924101 0.660335 0.00462478 0.00386119 0.000157444
102.72 0.92162 0.92427 0.660351 0.00443004 0.00423803 0.000382848
102.74 0.921794 0.924456 0.660382 0.00433636 0.00464952 0.000779056
102.76 0.921969 0.92465 0.660431 0.00438527 0.00484552 0.00122657
102.78 0.92215 0.924842 0.660497 0.00451675 0.00479846 0.00165374
102.8 0.922334 0.925026 0.660577 0.00459507 0.00460127 0.00200338
102.82 0.922513 0.925199 0.660664 0.00446994 0.0043104 0.0021624
102.84 0.922676 0.925355 0.660742 0.004074 0.00390173 0.00196148
102.86 0.922816 0.925489 0.660795 0.0035027 0.00336841 0.00132464
102.88 0.922934 0.925602 0.660813 0.00296767 0.00282458 0.00043225
102.9 0.92304 0.925701 0.6608 0.00264475 0.00247056 -0.000308173
102.92 0.923143 0.9258 0.660781 0.00257008 0.00246589 -0.000489165
102.94 0.92325 0.925912 0.660782 0.00266877 0.00281647 3.40323e-05
102.96 0.923365 0.926047 0.660824 0.00287039 0.00336047 0.00104441
102.98 0.923491 0.926203 0.660908 0.00316651 0.00389115 0.00209879
103 0.923633 0.926374 0.661019 0.00354789 0.00429642 0.00278951
103.02 0.92379 0.926557 0.661137 0.00392252 0.00457092 0.00293915
103.04 0.923955 0.926747 0.661242 0.00412759 0.00474198 0.00263474
103.06 0.924116 0.926939 0.661328 0.00401572 0.00480865 0.00214118
103.08 0.924258 0.927128 0.661398 0.00354516 0.00473147 0.00175143
103.1 0.92437 0.927308 0.661464 0.00281887 0.00448465 0.00164725
103.12 0.924452 0.927474 0.661538 0.00205305 0.00414139 0.00185012
103.14 0.924512 0.92763 0.661629 0.00149444 0.00390323 0.00226805
103.16 0.924565 0.927788 0.661738 0.00130786 0.00396301 0.00274461
103.18 0.924625 0.92796 0.661861 0.00151544 0.00430657 0.00306799
103.2 0.924706 0.928148 0.661982 0.0020235 0.00468314 0.00301835
103.22 0.924813 0.92834 0.662082 0.0026797 0.00480524 0.0025154
103.24 0.924946 0.928523 0.662151 0.00330684 0.00458308 0.00171081
103.26 0.925094 0.928691 0.662187 0.0037015 0.00420289 0.000908824
103.28 0.925241 0.928851 0.662203 0.00368055 0.00399898 0.000401826
103.3 0.925369 0.92902 0.662216 0.00320547 0.00420594 0.000328537
103.32 0.925468 0.929211 0.662241 0.00247339 0.00477746 0.000617483
103.34 0.925541 0.929427 0.662283 0.00182511 0.00541058 0.00104061
103.36 0.925603 0.929657 0.662337 0.00154608 0.0057561 0.00135875
103.38 0.925672 0.929882 0.662396 0.00171713 0.00562662 0.00146257
103.4 0.925759 0.930085 0.66245 0.00218152 0.00505378 0.00136128
103.42 0.925865 0.930254 0.662493 0.00264462 0.00423909 0.00107166
103.44 0.925979 0.930393 0.662517 0.00286006 0.00346636 0.000600622
103.46 0.926091 0.930512 0.662519 0.00281111 0.00298952 4.19903e-05
103.48 0.9262 0.93063 0.662503 0.00271918 0.00292749 -0.00038971
103.5 0.926314 0.930758 0.662484 0.00283479 0.00322004 -0.000485211
103.52 0.926442 0.930906 0.662475 0.00319879 0.00368923 -0.000211433
103.54 0.926585 0.931072 0.662486 0.00359852 0.00414437 0.000257804
103.56 0.926736 0.931249 0.662512 0.00375601 0.00444186 0.000672706
103.58 0.926879 0.93143 0.662546 0.00357194 0.00451189 0.000842814
103.6 0.927006 0.931604 0.662574 0.0031976 0.00435117 0.00070031
103.62 0.927122 0.931762 0.662588 0.00288767 0.00395358 0.00033998
103.64 0.927234 0.931895 0.662588 0.00279864 0.00332229 1.60152e-05
103.66 0.92735 0.931999 0.662588 0.00289596 0.00260234 -4.26728e-06
103.68 0.927471 0.932082 0.662602 0.00302661 0.00208629 0.000340467
103.7 0.927594 0.932163 0.662636 0.00307042 0.00202266 0.000858203
103.72 0.927715 0.932262 0.662687 0.00302242 0.00246149 0.00126591
103.74 0.927834 0.932392 0.662743 0.00298481 0.00325885 0.00139395
103.76 0.927958 0.932558 0.662794 0.00309957 0.00414225 0.00128966
103.78 0.928095 0.93275 0.662841 0.00342655 0.00479509 0.00117051
103.8 0.928249 0.932948 0.662891 0.0038622 0.00496636 0.00125065
103.82 0.928417 0.933132 0.662954 0.00417805 0.00459836 0.00157198
103.84 0.928583 0.933287 0.663033 0.00416904 0.00388107 0.00198429
103.86 0.928736 0.933413 0.663124 0.00381855 0.00314423 0.00225795
103.88 0.928869 0.933521 0.663213 0.00333225 0.0026819 0.00224094
103.9 0.92899 0.933626 0.663292 0.00300678 0.0026488 0.00197149
103.92 0.929111 0.933748 0.663359 0.00303401 0.0030407 0.0016723
103.94 0.929247 0.933897 0.663423 0.00339926 0.00371869 0.00159886
103.96 0.929404 0.934075 0.663497 0.00392035 0.00445709 0.00186023
103.98 0.929579 0.934276 0.663592 0.00439175 0.00502079 0.0023572
104 0.929768 0.934486 0.663706 0.00470833 0.00525873 0.00285188
104.02 0.929962 0.934693 0.663831 0.00486454 0.00515893 0.00312921
104.04 0.930158 0.934886 0.663956 0.00490041 0.00482652 0.00313589
104.06 0.930353 0.935062 0.664075 0.00486537 0.00439953 0.00297933
104.08 0.930544 0.93522 0.664188 0.00477214 0.00396823 0.00280928
104.1 0.930727 0.935364 0.664296 0.00458624 0.00359426 0.00269796
104.12 0.9309 0.935499 0.6644 0.00430558 0.00337381 0.00261743
104.14 0.931062 0.935635 0.664501 0.00405283 0.00340686 0.00250258
104.16 0.931222 0.935783 0.664593 0.00400738 0.00368638 0.00230878
104.18 0.931391 0.935945 0.664673 0.00422425 0.0040553 0.00201392
104.2 0.931574 0.936117 0.664738 0.00458177 0.00430235 0.0016035
104.22 0.93177 0.936289 0.664781 0.00489302 0.00428435 0.00109055
104.24 0.931971 0.936448 0.664803 0.00502326 0.00398835 0.000547929
104.26 0.932169 0.93659 0.664808 0.00494207 0.00355664 0.000120517
104.28 0.932358 0.93672 0.664808 0.0047307 0.00323102 -4.18182e-06
104.3 0.932539 0.936848 0.664819 0.00452957 0.00320795 0.000290191
104.32 0.932716 0.936989 0.664856 0.00441992 0.00352 0.000903132
104.34 0.93289 0.93715 0.664916 0.00434483 0.00403395 0.00150452
104.36 0.933056 0.937331 0.664985 0.00416746 0.00451842 0.0017221
104.38 0.93321 0.93752 0.66504 0.00383244 0.00474193 0.00139151
104.4 0.933348 0.937705 0.665066 0.00346516 0.00461908 0.000655218
104.42 0.933479 0.937878 0.66506 0.00326776 0.00431453 -0.000152822
104.44 0.933612 0.938043 0.665031 0.00331816 0.00412556 -0.000740376
104.46 0.933752 0.938212 0.664989 0.00350183 0.00422466 -0.00103683
104.48 0.933896 0.938393 0.664943 0.00360202 0.00453771 -0.001155
104.5 0.934034 0.938587 0.664896 0.0034602 0.00482955 -0.00118276
104.52 0.934158 0.938784 0.664854 0.00310694 0.00492639 -0.00104808
104.54 0.934269 0.938979 0.66483 0.00276386 0.00488142 -0.000593435
104.56 0.934377 0.939174 0.66484 0.00270043 0.00487675 0.000238324
104.58 0.934498 0.939374 0.66489 0.00301222 0.00500096 0.00125895
104.6 0.934638 0.939581 0.664972 0.00351224 0.00517848 0.00204815
104.62 0.934792 0.939793 0.665059 0.00385806 0.00529305 0.00217955
104.64 0.934946 0.940007 0.665121 0.0038416 0.0053568 0.00154497
104.66 0.935088 0.940227 0.66514 0.00356161 0.005504 0.000478824
104.68 0.93522 0.940459 0.665122 0.00328038 0.00580233 -0.000455741
104.7 0.935346 0.940704 0.66509 0.00315878 0.00610881 -0.000795736
104.72 0.935473 0.940949 0.665074 0.00316542 0.00612539 -0.000404678
104.74 0.9356 0.941174 0.665093 0.00318287 0.00563785 0.000482424
104.76 0.935725 0.941364 0.665149 0.00312754 0.00474239 0.00140199
104.78 0.935846 0.941518 0.665226 0.00301475 0.00384515 0.00193262
104.8 0.935964 0.941654 0.665304 0.00295813 0.00341307 0.00194531
104.82 0.936087 0.9418 0.665371 0.00306993 0.00364893 0.00166336
104.84 0.93622 0.941973 0.66543 0.00333751 0.00431217 0.00148137
104.86 0.936365 0.942166 0.665496 0.00360842 0.00484478 0.0016583
104.88 0.936513 0.942357 0.665582 0.00371395 0.00476521 0.00213111
104.9 0.936658 0.942518 0.665685 0.00361028 0.00402768 0.00259394
104.92 0.936793 0.94264 0.665796 0.00339802 0.00304657 0.00275835
104.94 0.936922 0.942736 0.665899 0.00322127 0.00239712 0.00257986
104.96 0.937048 0.942833 0.66599 0.00313893 0.00241403 0.00226496
104.98 0.937171 0.942952 0.666072 0.00308873 0.00298306 0.00207343
105 0.93729 0.943098 0.666155 0.0029626 0.00365221 0.00207389
105.02 0.937398 0.943256 0.666239 0.00271042 0.00396075 0.00208092
105.04 0.937494 0.943405 0.666314 0.00239349 0.00372282 0.00187871
105.06 0.937581 0.943529 0.666374 0.00217392 0.00308675 0.0015162
105.08 0.937671 0.943625 0.666427 0.00224751 0.00240374 0.00132347
105.1 0.93778 0.943706 0.666492 0.0027249 0.00202784 0.00160762
105.12 0.93792 0.943792 0.666585 0.00350932 0.00214444 0.00233056
105.14 0.938092 0.943899 0.666709 0.00428971 0.00268821 0.00309181
105.16 0.938281 0.944034 0.666845 0.00472504 0.00336822 0.00340697
105.18 0.938468 0.944187 0.666966 0.00467925 0.00382302 0.00303281
105.2 0.938639 0.94434 0.66705 0.00427131 0.00382712 0.00210351
105.22 0.938788 0.944476 0.667091 0.00373727 0.00340735 0.0010084
105.24 0.93892 0.944588 0.667096 0.00329409 0.00279786 0.00012797
105.26 0.939044 0.944679 0.667081 0.00309031 0.00225846 -0.000362879
105.28 0.939172 0.944757 0.667062 0.00319307 0.00195165 -0.000490835
105.3 0.939315 0.944836 0.667048 0.00357708 0.00198158 -0.000351824
105.32 0.939479 0.944932 0.667046 0.00410071 0.00239632 -3.21806e-05
105.34 0.939658 0.945056 0.66706 0.00449004 0.00309987 0.000354943
105.36 0.939835 0.945209 0.667086 0.00442945 0.00383749 0.000642325
105.38 0.939987 0.945383 0.667114 0.00379376 0.00433104 0.000697708
105.4 0.9401 0.94556 0.667135 0.00281974 0.00443736 0.000534273
105.42 0.94018 0.945728 0.667148 0.00199263 0.00419586 0.000307437
105.44 0.940248 0.94588 0.667156 0.00170621 0.00379426 0.000195592
105.46 0.940328 0.946019 0.667166 0.0019894 0.00349503 0.000263648
105.48 0.940429 0.94616 0.667183 0.0025303 0.00351206 0.000421975
105.5 0.940546 0.946315 0.667204 0.00294111 0.00388543 0.000514114
105.52 0.940668 0.946493 0.667222 0.00303088 0.00444679 0.00045047
105.54 0.940783 0.946689 0.667232 0.00288707 0.00489302 0.000257934
105.56 0.940892 0.946888 0.667233 0.00273263 0.00496965 3.3148e-05
105.58 0.941001 0.947074 0.667229 0.00271832 0.00467015 -0.000114978
105.6 0.941114 0.947245 0.667225 0.00282184 0.00425072 -8.12649e-05
105.62 0.94123 0.947405 0.667234 0.00290165 0.00401269 0.000225277
105.64 0.941345 0.947568 0.667267 0.00286136 0.00408529 0.000820348
105.66 0.941456 0.947744 0.66733 0.0027779 0.00439691 0.00157668
105.68 0.94157 0.947935 0.66742 0.00286406 0.00475989 0.00225509
105.7 0.941701 0.948133 0.667527 0.00326812 0.00495915 0.00266282
105.72 0.941857 0.948328 0.667638 0.00389623 0.00487144 0.0027873
105.74 0.942034 0.94851 0.667748 0.00444194 0.00454447 0.00274264
105.76 0.942219 0.948675 0.667853 0.00462239 0.00412831 0.00261615
105.78 0.942396 0.948824 0.667949 0.00441272 0.00372874 0.00241249
105.8 0.942559 0.948958 0.668034 0.00406734 0.00336129 0.00211363
105.82 0.942715 0.94908 0.668105 0.00392202 0.00304222 0.00177052
105.84 0.942882 0.949194 0.668167 0.00415765 0.0028582 0.00154786
105.86 0.94307 0.949311 0.668232 0.00469598 0.00292426 0.00164055
105.88 0.943281 0.949443 0.668316 0.00527685 0.00329202 0.00210126
105.9 0.943507 0.949598 0.668426 0.00564878 0.00388376 0.00275061
105.92 0.943736 0.949778 0.668557 0.00572838 0.00447958 0.00327356
105.94 0.94396 0.94997 0.668694 0.00561048 0.00479815 0.00342556
105.96 0.944178 0.950156 0.66882 0.00544153 0.00466611 0.00314581
105.98 0.944389 0.950323 0.668921 0.00527898 0.00416475 0.00252616
106 0.944592 0.950467 0.668992 0.00507817 0.00360184 0.00176129
106.02 0.944784 0.950598 0.669036 0.00479057 0.00328935 0.00111547
106.04 0.944962 0.950731 0.66907 0.00446237 0.00331282 0.000836177
106.06 0.945132 0.950871 0.66911 0.00423319 0.00350314 0.00100648
106.08 0.9453 0.951017 0.669169 0.00421636 0.00365788 0.00146494
106.1 0.945475 0.951168 0.669243 0.00438096 0.00376577 0.00187313
106.12 0.945659 0.951328 0.66932 0.00457871 0.00400972 0.00191635
106.14 0.945845 0.951511 0.669381 0.00465821 0.00456861 0.00151683
106.16 0.946027 0.951726 0.669416 0.00456281 0.0053821 0.000886912
106.18 0.946203 0.95197 0.669431 0.00438069 0.00609004 0.000368761
106.2 0.946374 0.952219 0.669438 0.00428469 0.00623521 0.000182682
106.22 0.946548 0.952444 0.66945 0.00435828 0.00561788 0.000285442
106.24 0.946727 0.952624 0.669467 0.00446742 0.00449027 0.000427484
106.26 0.9469 0.95276 0.66948 0.00433135 0.00339419 0.000317841
106.28 0.947051 0.952872 0.669471 0.00377857 0.00282193 -0.000214069
106.3 0.947169 0.952991 0.669427 0.00294861 0.00297467 -0.00110148
106.32 0.947258 0.95314 0.669347 0.00221276 0.00370606 -0.00200718
106.34 0.947335 0.953325 0.669249 0.00192492 0.00464499 -0.00244257
106.36 0.947423 0.953542 0.669167 0.00220548 0.00540956 -0.00205962
106.38 0.947538 0.953773 0.66913 0.00285953 0.00578601 -0.000925515
106.4 0.947677 0.954004 0.669148 0.00347813 0.00576499 0.000456244
106.42 0.947824 0.954222 0.669205 0.00367308 0.0054433 0.00142836
106.44 0.947954 0.954418 0.669268 0.00327252 0.00490151 0.00158179
106.46 0.94805 0.954585 0.669307 0.00239419 0.00418393 0.000976454
106.48 0.948107 0.95472 0.669309 0.0014103 0.00338363 5.59978e-05
106.5 0.948138 0.954828 0.669284 0.000794171 0.00269988 -0.000632088
106.52 0.948173 0.954923 0.669255 0.000859795 0.00237128 -0.00072065
106.54 0.948235 0.955025 0.669248 0.00154757 0.00254406 -0.000195378
106.56 0.948334 0.955152 0.669272 0.00247171 0.00318131 0.000618911
106.58 0.948461 0.955314 0.669323 0.00319077 0.00403754 0.00127508
106.6 0.948599 0.955503 0.669383 0.00344434 0.00472154 0.00148607
106.62 0.948728 0.955698 0.669434 0.00322782 0.00487832 0.00128202
106.64 0.948837 0.955874 0.669472 0.00272817 0.00440204 0.000959695
106.66 0.948926 0.956015 0.669509 0.00221146 0.00352552 0.000915292
106.68 0.949003 0.956123 0.669567 0.00192918 0.00270471 0.00143762
106.7 0.949084 0.956218 0.669666 0.00203032 0.00236848 0.00249014
106.72 0.949183 0.956325 0.669812 0.00248027 0.00268144 0.00364743
106.74 0.949305 0.956463 0.669985 0.00303363 0.00346162 0.0043338
106.76 0.949439 0.956636 0.670154 0.00335891 0.00431089 0.00420327
106.78 0.949571 0.95683 0.670288 0.00329146 0.00484747 0.00335126
106.8 0.949689 0.957025 0.670376 0.00296838 0.00488215 0.00222009
106.82 0.949797 0.957204 0.670429 0.0026833 0.00447118 0.00132108
106.84 0.949902 0.957358 0.670468 0.00264324 0.00384409 0.000979403
106.86 0.950017 0.957489 0.670517 0.00287351 0.00328272 0.00121905
106.88 0.950147 0.95761 0.67059 0.00324899 0.00303164 0.0018112
106.9 0.95029 0.957739 0.670687 0.00356231 0.00322481 0.00242418
106.92 0.950436 0.957891 0.670798 0.00364412 0.00379955 0.00278959
106.94 0.950575 0.95807 0.67091 0.0034898 0.00447855 0.00280681
106.96 0.950706 0.958267 0.671012 0.00326619 0.00490435 0.00253074
106.98 0.950832 0.95846 0.671096 0.00316215 0.00484725 0.00209939
107 0.950961 0.958634 0.671163 0.00321594 0.00434094 0.00167233
107.02 0.951092 0.958781 0.671217 0.00328877 0.00366167 0.00135503
107.04 0.951221 0.958908 0.671262 0.00320902 0.00318444 0.00112628
107.06 0.951339 0.959035 0.671297 0.00294424 0.00317709 0.000870845
107.08 0.951445 0.95918 0.671317 0.00264931 0.00363466 0.000507526
107.1 0.951548 0.959352 0.671319 0.00257924 0.0042809 6.14611e-05
107.12 0.951664 0.959541 0.671304 0.00289984 0.00474583 -0.000381538
107.14 0.951804 0.959733 0.671274 0.00349423 0.00479273 -0.000754576
107.16 0.951963 0.959912 0.671233 0.00398969 0.00445737 -0.00103247
107.18 0.952125 0.960072 0.671184 0.00405045 0.0040119 -0.00121902
107.2 0.952272 0.960223 0.671131 0.00366803 0.00376405 -0.00132353
107.22 0.952398 0.960376 0.671077 0.00316546 0.00383872 -0.00134262
107.24 0.952515 0.960541 0.671027 0.00291669 0.00412008 -0.00125904
107.26 0.952637 0.960716 0.670985 0.00304896 0.00437135 -0.00104497
107.28 0.952772 0.960891 0.670958 0.00336117 0.00439242 -0.000677318
107.3 0.952912 0.961057 0.670949 0.00351116 0.00413663 -0.000216068
107.32 0.953044 0.961207 0.670955 0.00331206 0.00375356 0.000144034
107.34 0.953161 0.961347 0.670963 0.00290235 0.00350637 0.000189719
107.36 0.953266 0.961491 0.670959 0.00264341 0.00358567 -9.65876e-05
107.38 0.953379 0.961649 0.67094 0.00282659 0.00396388 -0.000467409
107.4 0.953517 0.961826 0.670917 0.00344219 0.00441964 -0.000587569
107.42 0.953684 0.962014 0.670905 0.00416456 0.00470762 -0.000290043
107.44 0.953866 0.962203 0.670918 0.00457107 0.00471863 0.000329083
107.46 0.954046 0.962384 0.670959 0.00447594 0.00451568 0.00101619
107.48 0.954209 0.962554 0.67102 0.0040875 0.00424607 0.00153756
107.5 0.954362 0.962715 0.671092 0.00381254 0.00403589 0.00179489
107.52 0.954517 0.962873 0.671165 0.00389 0.00394835 0.00182512
107.54 0.954686 0.963032 0.671235 0.00423158 0.00396868 0.00173663
107.56 0.95487 0.963193 0.6713 0.0045889 0.0040343 0.00164317
107.58 0.955062 0.963357 0.671365 0.00479665 0.0041008 0.00161248
107.6 0.955258 0.963524 0.671431 0.00489556 0.00417603 0.0016576
107.62 0.955461 0.963696 0.671503 0.0050944 0.00430573 0.00179568
107.64 0.955684 0.963878 0.671586 0.00557356 0.0045302 0.00207816
107.66 0.955934 0.96407 0.671686 0.00625188 0.00481985 0.00251074
107.68 0.956205 0.964272 0.671805 0.00676038 0.0050449 0.00296782
107.7 0.956474 0.964474 0.671934 0.00671936 0.00503481 0.00322914
107.72 0.956716 0.964661 0.67206 0.00607107 0.00468893 0.00313089
107.74 0.956923 0.964824 0.672168 0.00517113 0.00406828 0.00269864
107.76 0.957107 0.964961 0.672253 0.00458199 0.00342701 0.00214217
107.78 0.957294 0.965086 0.672322 0.00469628 0.00311914 0.00171595
107.8 0.957513 0.96522 0.672384 0.00545675 0.00335846 0.00155561
107.82 0.957769 0.96538 0.672448 0.00639584 0.00400395 0.00160568
107.84 0.958047 0.965564 0.672516 0.00696014 0.00460226 0.00168746
107.86 0.958321 0.965752 0.672582 0.00685617 0.00468792 0.0016521
107.88 0.958568 0.965917 0.672641 0.00617526 0.00412757 0.00148367
107.9 0.958779 0.966046 0.672692 0.00526447 0.0032378 0.00125984
107.92 0.958957 0.966149 0.672733 0.00446695 0.00256046 0.0010225
107.94 0.959115 0.966248 0.672761 0.00393773 0.00248341 0.000704671
107.96 0.959261 0.966368 0.672769 0.00365283 0.00299316 0.000215689
107.98 0.959403 0.966517 0.672754 0.00353618 0.00373241 -0.000395199
108 0.959544 0.966688 0.672717 0.00354204 0.00427252 -0.000904982
108.02 0.95969 0.966863 0.672675 0.00363866 0.00437002 -0.00107004
108.04 0.95984 0.967025 0.672642 0.00376213 0.004064 -0.000823184
108.06 0.959993 0.96717 0.672628 0.0038195 0.00360537 -0.00033009
108.08 0.960143 0.967301 0.672634 0.00374375 0.003285 0.000139542
108.1 0.960284 0.967432 0.67265 0.00353835 0.00327449 0.000393617
108.12 0.960415 0.967575 0.672666 0.00327507 0.00357556 0.0003952
108.14 0.960538 0.967738 0.672674 0.00306407 0.00407774 0.000217587
108.16 0.960657 0.967923 0.672673 0.00297606 0.00463177 -3.56014e-05
108.18 0.960775 0.968127 0.672662 0.00296439 0.00508915 -0.000269474
108.2 0.960892 0.968341 0.672646 0.00290431 0.00533839 -0.000404389
108.22 0.961 0.968554 0.67263 0.00270944 0.00534533 -0.000392709
108.24 0.961096 0.96876 0.672621 0.00238929 0.00514241 -0.000219704
108.26 0.961178 0.968951 0.672626 0.00205468 0.00477994 0.000113183
108.28 0.961254 0.969124 0.672649 0.00190529 0.00432211 0.000567455
108.3 0.961338 0.969279 0.67269 0.00210298 0.00386751 0.00102889
108.32 0.961441 0.96942 0.672742 0.00256435 0.00352241 0.00131518
108.34 0.961559 0.969555 0.672793 0.00295585 0.00337926 0.00127652
108.36 0.961677 0.969695 0.672831 0.00295985 0.00349673 0.000937897
108.38 0.961778 0.969848 0.672852 0.00251913 0.00382452 0.00052146
108.4 0.961852 0.970015 0.672865 0.00184393 0.00417775 0.00031717
108.42 0.961902 0.970188 0.672885 0.00126362 0.00432861 0.000519336
108.44 0.961945 0.970352 0.67293 0.00106514 0.00410032 0.00111331
108.46 0.961999 0.97049 0.673004 0.00135142 0.00344624 0.00186553
108.48 0.962078 0.970591 0.673102 0.00196856 0.00253795 0.00244903
108.5 0.962181 0.97066 0.673208 0.00259144 0.00172613 0.00264261
108.52 0.962299 0.970714 0.673306 0.00292773 0.00134517 0.00245628
108.54 0.962413 0.970776 0.67339 0.00287277 0.00153644 0.00210117
108.56 0.962515 0.970863 0.673464 0.00252866 0.00219267 0.00185155
108.58 0.9626 0.970983 0.673539 0.00213617 0.00299399 0.00187395
108.6 0.962678 0.971125 0.673624 0.00194887 0.00354893 0.00211623
108.62 0.962762 0.971271 0.673718 0.00209379 0.00365176 0.00235567
108.64 0.962863 0.971409 0.673813 0.00252579 0.00343482 0.00236752
108.66 0.962986 0.971537 0.673895 0.00308199 0.00321719 0.00206259
108.68 0.963129 0.971666 0.673956 0.0035707 0.00321916 0.00151073
108.7 0.963282 0.971804 0.673991 0.00383272 0.0034459 0.000887696
108.72 0.963433 0.971955 0.674008 0.00378202 0.00376663 0.000406317
108.74 0.963572 0.972116 0.674017 0.00345276 0.00403371 0.000243413
108.76 0.963692 0.972282 0.674036 0.00302026 0.00416286 0.000456395
108.78 0.963802 0.97245 0.674073 0.00273734 0.00417712 0.000929879
108.8 0.963913 0.972617 0.674129 0.00278551 0.00419312 0.00141013
108.82 0.96404 0.972791 0.674195 0.00316316 0.0043342 0.00163471
108.84 0.964188 0.972976 0.674254 0.00371478 0.00464667 0.00148717
108.86 0.964358 0.97318 0.674297 0.00424338 0.00507588 0.00106631
108.88 0.964542 0.973399 0.674322 0.00459603 0.00549895 0.000617581
108.9 0.96473 0.973631 0.674337 0.00469812 0.00578623 0.000379793
108.92 0.964913 0.973865 0.674354 0.00457638 0.0058521 0.000432254
108.94 0.965087 0.974092 0.674379 0.00434296 0.00567821 0.000636603
108.96 0.965252 0.974305 0.674409 0.00413444 0.0053132 0.000737417
108.98 0.965415 0.974499 0.674432 0.0040718 0.00486684 0.000577883
109 0.965585 0.97468 0.674442 0.00425514 0.00450751 0.000260207
109.02 0.965773 0.974856 0.674445 0.00470349 0.00441182 5.89579e-05
109.04 0.965984 0.975042 0.674451 0.00527591 0.00464781 0.000145836
109.06 0.966213 0.975247 0.674468 0.00571662 0.00511606 0.000430757
109.08 0.966446 0.975472 0.674495 0.00581232 0.005622 0.000670827
109.1 0.966667 0.975711 0.674522 0.00552644 0.00598604 0.000686679
109.12 0.966867 0.975955 0.674541 0.00502141 0.0061075 0.000480976
109.14 0.96705 0.976194 0.67455 0.00457417 0.00597626 0.0002108
109.16 0.967229 0.97642 0.674552 0.00445748 0.00564082 6.19758e-05
109.18 0.967421 0.976627 0.674556 0.00480445 0.00518181 9.98697e-05
109.2 0.96764 0.976816 0.674565 0.00548499 0.00470825 0.000206963
109.22 0.967886 0.97699 0.674572 0.00613245 0.00435108 0.000176911
109.24 0.96814 0.977159 0.674567 0.00636432 0.00423651 -0.000113398
109.26 0.968381 0.977336 0.674543 0.00601429 0.00443494 -0.000607378
109.28 0.96859 0.977532 0.674499 0.00522076 0.00489431 -0.00109927
109.3 0.968764 0.977749 0.674447 0.00436505 0.00541927 -0.00130818
109.32 0.968919 0.977979 0.674407 0.00386334 0.0057383 -0.00098976
109.34 0.969074 0.978203 0.674402 0.00387349 0.00562164 -0.000114453
109.36 0.969241 0.978404 0.674444 0.00418081 0.00501426 0.00102935
109.38 0.969418 0.978569 0.674523 0.00442118 0.00411581 0.00198339
109.4 0.969595 0.978701 0.674619 0.00442154 0.00330947 0.00241083
109.42 0.969767 0.978819 0.674709 0.00430118 0.00294614 0.00225203
109.44 0.969938 0.978944 0.674775 0.00428197 0.00312289 0.00165049
109.46 0.970116 0.979089 0.674808 0.00444792 0.0036242 0.000820297
109.48 0.970302 0.979251 0.674809 0.004667 0.00406397 1.49345e-05
109.5 0.970491 0.979417 0.67479 0.00470542 0.00414236 -0.00047168
109.52 0.970667 0.979571 0.674774 0.00440137 0.00384605 -0.000393976
109.54 0.970818 0.979708 0.674786 0.00378136 0.00342968 0.000305822
109.56 0.970941 0.979836 0.674844 0.00307684 0.00319227 0.0014441
109.58 0.971045 0.979966 0.674951 0.00260805 0.00325661 0.00267207
109.6 0.971149 0.980107 0.675095 0.00257852 0.00351398 0.00360393
109.62 0.971267 0.980256 0.675253 0.00295706 0.00373308 0.00394725
109.64 0.971408 0.980405 0.675398 0.00352233 0.00371883 0.00362159
109.66 0.971567 0.980542 0.675511 0.00399257 0.0034362 0.00281462
109.68 0.971734 0.980664 0.675587 0.00415471 0.00303744 0.00190813
109.7 0.971892 0.980774 0.675638 0.00396363 0.00276921 0.00127551
109.72 0.972034 0.980886 0.67568 0.00354721 0.00280483 0.00106011
109.74 0.972158 0.981011 0.675724 0.0031018 0.00311843 0.00109727
109.76 0.972269 0.981151 0.675767 0.00277449 0.00350062 0.00106679
109.78 0.972373 0.9813 0.675797 0.0026067 0.00372482 0.000762338
109.8 0.972475 0.98145 0.675807 0.00254577 0.0037352 0.000237892
109.82 0.972575 0.981596 0.675795 0.00250132 0.00365461 -0.000286556
109.84 0.972672 0.98174 0.675771 0.00241646 0.00361342 -0.000613864
109.86 0.972764 0.981885 0.675744 0.00230193 0.00360822 -0.000666926
109.88 0.972852 0.982027 0.675726 0.00220341 0.00354884 -0.000456583
109.9 0.972938 0.982163 0.675725 0.00213682 0.00339919 -1.76562e-05
109.92 0.973021 0.982292 0.67575 0.00207878 0.00323518 0.000613769
109.94 0.973101 0.982419 0.675804 0.0020151 0.00316952 0.0013513
109.96 0.97318 0.982548 0.675883 0.00195809 0.00323576 0.00197331
109.98 0.973256 0.982683 0.675969 0.00190703 0.00336836 0.00214468
110 0.973328 0.982823 0.676033 0.00180924 0.00350703 0.00161382
110.02 0.973392 0.98297 0.676051 0.00159305 0.00367287 0.000452379
110.04 0.973442 0.983127 0.676014 0.00125601 0.00392332 -0.00093854
110.06 0.97348 0.983298 0.675931 0.000931624 0.00427566 -0.00205661
110.08 0.973514 0.983484 0.67583 0.00086592 0.0046569 -0.00254404
110.1 0.973564 0.98368 0.675736 0.00123476 0.00489077 -0.00233094
110.12 0.97364 0.983871 0.675672 0.00192015 0.00478184 -0.00161962
110.14 0.973741 0.984043 0.675643 0.00251026 0.004293 -0.000704053
110.16 0.973845 0.984188 0.675652 0.0025963 0.00361663 0.000216963
110.18 0.973928 0.984309 0.675695 0.00209471 0.00303684 0.00106543
110.2 0.973981 0.984419 0.675766 0.0013103 0.00274507 0.00178081
110.22 0.974011 0.98453 0.675856 0.000752038 0.0027798 0.0022394
110.24 0.974045 0.984653 0.675947 0.000854995 0.00307394 0.00228692
110.26 0.974114 0.984794 0.676021 0.00172399 0.00352596 0.00183852
110.28 0.974235 0.984957 0.676059 0.00303299 0.00406839 0.000961975
110.3 0.974404 0.985143 0.676056 0.00421559 0.00465826 -6.53426e-05
110.32 0.974598 0.98535 0.676025 0.00484081 0.00517345 -0.000796204
110.34 0.974791 0.985566 0.675991 0.00484523 0.00538486 -0.00083415
110.36 0.97497 0.98577 0.675987 0.00445798 0.00510997 -0.000101877
110.38 0.975128 0.985946 0.67603 0.00396529 0.00440469 0.00107872
110.4 0.975271 0.98609 0.676117 0.00356371 0.00360591 0.00217196
110.42 0.975406 0.986218 0.676227 0.00338499 0.0031906 0.0027371
110.44 0.975548 0.986359 0.676333 0.00354568 0.00351275 0.0026522
110.46 0.975712 0.98654 0.676418 0.00408689 0.0045327 0.00213404
110.48 0.975906 0.98677 0.67648 0.00487109 0.0057545 0.0015508
110.5 0.97613 0.98703 0.676527 0.00557985 0.00650112 0.00115872
110.52 0.976365 0.987284 0.676566 0.00587204 0.00635819 0.000990086
110.54 0.976589 0.987503 0.676604 0.00561175 0.00546979 0.000952617
110.56 0.976788 0.987682 0.676644 0.00498455 0.00446239 0.00100029
110.58 0.976964 0.987843 0.676691 0.00438223 0.00402715 0.00117285
110.6 0.977129 0.988021 0.67675 0.00413976 0.00444816 0.00148317
110.62 0.977302 0.988237 0.676822 0.00432736 0.00541704 0.00179744
110.64 0.977492 0.988488 0.676897 0.00475005 0.00626347 0.00186598
110.66 0.977697 0.988745 0.676957 0.0051249 0.00642483 0.00151072
110.68 0.977909 0.988977 0.67699 0.00529085 0.00579949 0.000807452
110.7 0.978119 0.989168 0.676993 0.0052614 0.00477749 8.50915e-05
110.72 0.978323 0.989328 0.676982 0.00509633 0.00400535 -0.000272245
110.74 0.978515 0.989488 0.676979 0.00479735 0.00400288 -7.07341e-05
110.76 0.978689 0.98968 0.677002 0.00434664 0.00479035 0.000557543
110.78 0.978842 0.989912 0.67705 0.00381771 0.00581032 0.00121517
110.8 0.978979 0.990163 0.677109 0.00343539 0.00627927 0.00146243
110.82 0.979119 0.990392 0.677152 0.00348652 0.00572245 0.0010825
110.84 0.979282 0.990565 0.677161 0.00407367 0.00430898 0.000229331
110.86 0.97948 0.990676 0.677135 0.00494902 0.00278067 -0.000663964
110.88 0.979704 0.990756 0.677088 0.00560397 0.00201076 -0.00115775
110.9 0.979926 0.990855 0.677046 0.00555863 0.00246036 -0.0010526
110.92 0.980115 0.991011 0.677028 0.00472223 0.00390271 -0.000467611
110.94 0.980257 0.991233 0.677038 0.00354376 0.00556378 0.000260042
110.96 0.980366 0.991495 0.677069 0.0027397 0.00654669 0.000769834
110.98 0.980478 0.991748 0.677103 0.00279158 0.00632445 0.000850276
111 0.980624 0.99195 0.677123 0.00364151 0.00503838 0.000509707
111.02 0.980815 0.992086 0.677121 0.00478179 0.00339245 -4.97782e-05
111.04 0.981039 0.992173 0.677101 0.00560155 0.00218656 -0.000506366
111.06 0.981269 0.992247 0.677079 0.00574706 0.00183903 -0.0005439
111.08 0.98148 0.992336 0.677078 0.00528151 0.00223766 -2.22999e-05
111.1 0.981663 0.992454 0.677114 0.00456526 0.00295615 0.000902124
111.12 0.981822 0.992598 0.677186 0.00399279 0.00360267 0.00180207
111.14 0.981974 0.99276 0.677274 0.00378856 0.00403845 0.00217929
111.16 0.982132 0.992934 0.677345 0.00394668 0.00434364 0.00177599
111.18 0.982304 0.993118 0.677376 0.00429121 0.00460352 0.000792084
111.2 0.982487 0.993307 0.677368 0.00459717 0.00471673 -0.000205369
111.22 0.982676 0.993484 0.677342 0.00471117 0.00444517 -0.000644746
111.24 0.98286 0.993632 0.677329 0.00459224 0.00369457 -0.000322682
111.26 0.98303 0.99374 0.677349 0.0042722 0.00270689 0.000500109
111.28 0.983183 0.993819 0.677403 0.00381628 0.00196162 0.00133388
111.3 0.983315 0.993894 0.677475 0.00329722 0.00188042 0.00179524
111.32 0.983426 0.993996 0.677547 0.0027858 0.00254002 0.00179972
111.34 0.98352 0.994139 0.677608 0.00234798 0.00359333 0.00152407
111.36 0.983603 0.994318 0.677656 0.00206392 0.00446473 0.0012013
111.38 0.983683 0.994505 0.677693 0.00200068 0.00468172 0.000925983
111.4 0.983768 0.994671 0.677718 0.00212552 0.00415094 0.000634307
111.42 0.983859 0.994799 0.677728 0.00228836 0.00319331 0.000247222
111.44 0.983952 0.994892 0.677721 0.00231673 0.0023237 -0.000175895
111.46 0.984038 0.994971 0.677705 0.00214872 0.00196416 -0.000409588
111.48 0.984115 0.995061 0.677697 0.00191965 0.00226254 -0.0001935
111.5 0.984191 0.995183 0.677719 0.00190517 0.00305726 0.000551664
111.52 0.984281 0.995342 0.677782 0.00225946 0.00395912 0.00158434
111.54 0.984393 0.995524 0.677879 0.00279828 0.00456092 0.00242439
111.56 0.984518 0.995711 0.677984 0.00310791 0.00466388 0.00262913
111.58 0.984633 0.995885 0.678067 0.00288712 0.00435822 0.00205601
111.6 0.984722 0.996043 0.678104 0.00221414 0.00394267 0.000939261
111.62 0.984783 0.996192 0.678095 0.00152071 0.00374175 -0.000222872
111.64 0.984834 0.996349 0.678058 0.00127814 0.00391025 -0.000924287
111.66 0.984899 0.996523 0.678021 0.00163362 0.00435282 -0.00094382
111.68 0.984991 0.996716 0.678003 0.00230573 0.00481579 -0.000440754
111.7 0.985103 0.996918 0.678012 0.00280386 0.00506565 0.000233573
111.72 0.985214 0.99712 0.678044 0.00277636 0.00504087 0.000804467
111.74 0.985303 0.997314 0.678092 0.00221958 0.00486012 0.00118512
111.76 0.985361 0.997502 0.678148 0.00145018 0.0047016 0.00140603
111.78 0.985398 0.99769 0.678208 0.000906087 0.00468243 0.00149131
111.8 0.985434 0.997882 0.678264 0.000910896 0.00480494 0.00140067
111.82 0.985493 0.998081 0.678307 0.00148495 0.004986 0.00109065
111.84 0.985586 0.998286 0.678332 0.00232813 0.00511424 0.000625418
111.86 0.985708 0.99849 0.67834 0.00303286 0.00509957 0.000194063
111.88 0.98584 0.998687 0.67834 0.00330904 0.00493576 -3.59057e-06
111.9 0.985962 0.998876 0.678344 0.00305808 0.00471796 9.7232e-05
111.92 0.986058 0.999059 0.678359 0.00239914 0.00456505 0.000386861
111.94 0.986125 0.99924 0.678386 0.00166313 0.00452856 0.000675502
111.96 0.986175 0.999424 0.678419 0.00125457 0.0046038 0.000813203
111.98 0.986232 0.999615 0.678449 0.00142506 0.00477542 0.000748782
112 0.986318 0.999814 0.678469 0.00214973 0.00497688 0.000508544
112.02 0.986445 1.00002 0.678475 0.00317823 0.00503619 0.000155352
112.04 0.986611 1.00021 0.678467 0.00415519 0.00475396 -0.000204162
112.06 0.986802 1.00037 0.678451 0.00477257 0.00409363 -0.000395884
112.08 0.986999 1.0005 0.678443 0.00491906 0.00332031 -0.00021914
112.1 0.987188 1.00062 0.678459 0.00472892 0.00290695 0.000419669
112.12 0.987367 1.00075 0.678514 0.004459 0.00321406 0.00136429
112.14 0.987539 1.00091 0.678603 0.00430115 0.00419028 0.00223223
112.16 0.987711 1.00113 0.678709 0.00430651 0.00533746 0.00263899
112.18 0.987889 1.00137 0.678806 0.0044504 0.00600031 0.00243726
112.2 0.988076 1.0016 0.678878 0.00468117 0.00577605 0.00178246
112.22 0.988274 1.00179 0.678918 0.00494319 0.00477807 0.00102042
112.24 0.988482 1.00193 0.678938 0.00519804 0.00356805 0.000496419
112.26 0.988699 1.00204 0.678954 0.00543167 0.0027763 0.000394751
112.28 0.988925 1.00215 0.678981 0.00565101 0.00269551 0.000678395
112.3 0.98916 1.00228 0.679026 0.00587587 0.00318245 0.00112992
112.32 0.989405 1.00243 0.679085 0.00611166 0.00388569 0.0014542
112.34 0.989658 1.00261 0.679141 0.00632856 0.004488 0.00140615
112.36 0.989917 1.00281 0.679177 0.00647694 0.00479797 0.000903039
112.38 0.990178 1.003 0.679181 0.00651838 0.00476847 9.15013e-05
112.4 0.990435 1.00318 0.679153 0.00642817 0.00449138 -0.000680764
112.42 0.990683 1.00334 0.679113 0.00619933 0.00413906 -0.000999871
112.44 0.990918 1.0035 0.67909 0.0058798 0.00388524 -0.000595617
112.46 0.991141 1.00365 0.679108 0.00558374 0.00384497 0.000461858
112.48 0.991358 1.00381 0.679177 0.00542334 0.00403322 0.00172736
112.5 0.991576 1.00399 0.679281 0.00543392 0.00436611 0.00259509
112.52 0.991798 1.00418 0.679387 0.00555108 0.00472605 0.00265314
112.54 0.992024 1.00438 0.679463 0.00565533 0.00501372 0.00190399
112.56 0.99225 1.00458 0.679491 0.0056564 0.00515591 0.000702566
112.58 0.992472 1.00479 0.679473 0.00553664 0.00513937 -0.000462196
112.6 0.992684 1.00499 0.679426 0.00530241 0.0050299 -0.00117487
112.62 0.99288 1.00519 0.679376 0.00491409 0.00493062 -0.00123688
112.64 0.993053 1.00538 0.679348 0.00431845 0.00491145 -0.000709227
112.66 0.993195 1.00558 0.679355 0.00355181 0.0049679 0.000174255
112.68 0.993307 1.00578 0.679401 0.00278746 0.00503047 0.00113968
112.7 0.993398 1.00598 0.679478 0.0022926 0.00501985 0.00194511
112.72 0.99349 1.00618 0.679574 0.0022825 0.00491747 0.00238901
112.74 0.993598 1.00637 0.679667 0.00272342 0.00477216 0.00233353
112.76 0.99373 1.00656 0.679738 0.00328714 0.00464385 0.00176594
112.78 0.993872 1.00674 0.679772 0.00356186 0.00455889 0.000845211
112.8 0.994006 1.00692 0.679766 0.00332966 0.00451229 -0.000131986
112.82 0.994113 1.0071 0.679732 0.00267846 0.00448107 -0.000871852
112.84 0.99419 1.00728 0.679683 0.00193854 0.00441684 -0.00121232
112.86 0.99425 1.00745 0.679638 0.00149542 0.00423602 -0.0011351
112.88 0.994312 1.0076 0.679609 0.00154167 0.00387284 -0.000718311
112.9 0.99439 1.00774 0.679606 0.00195436 0.00337848 -8.57196e-05
112.92 0.994487 1.00785 0.679631 0.00241956 0.00294776 0.00063373
112.94 0.994593 1.00796 0.679683 0.00266283 0.00277865 0.00130691
112.96 0.994697 1.00808 0.679755 0.00260552 0.00291307 0.00178617
112.98 0.994793 1.00821 0.679833 0.00239588 0.00325066 0.00194898
113 0.994885 1.00836 0.679903 0.00229553 0.00365159 0.00176609
113.02 0.994983 1.00852 0.679956 0.00243923 0.00397545 0.00131705
113.04 0.995091 1.00868 0.679986 0.00270409 0.00407817 0.000747842
113.06 0.995205 1.00883 0.679994 0.00285221 0.0038705 0.000212315
113.08 0.995317 1.00897 0.679988 0.00279344 0.00341739 -0.000159087
113.1 0.995424 1.00909 0.679977 0.0026802 0.00295404 -0.000265746
113.12 0.995534 1.0092 0.679975 0.00274102 0.00275245 -4.87425e-05
113.14 0.995656 1.00932 0.679994 0.00305433 0.00293086 0.000476892
113.16 0.995795 1.00945 0.680042 0.00347855 0.00336539 0.00118774
113.18 0.995944 1.0096 0.680117 0.00373587 0.00379179 0.00187677
113.2 0.996088 1.00976 0.680211 0.00358419 0.00400096 0.00234958
113.22 0.996209 1.00992 0.680312 0.00303633 0.0039477 0.00251545
113.24 0.996306 1.01007 0.680408 0.00242383 0.00370274 0.00241037
113.26 0.996393 1.0102 0.680494 0.00216862 0.00336438 0.00215578
113.28 0.996491 1.01033 0.680569 0.00246301 0.00304953 0.00187657
113.3 0.996616 1.01044 0.680634 0.00310832 0.0029059 0.00160694
113.32 0.996761 1.01056 0.680685 0.00363384 0.00307188 0.00127642
113.34 0.996907 1.01071 0.680717 0.00364145 0.00359727 0.000809657
113.36 0.997031 1.01088 0.680727 0.00310895 0.00436719 0.000236761
113.38 0.997127 1.01109 0.680715 0.00239856 0.00508626 -0.000297001
113.4 0.997207 1.0113 0.68069 0.00199776 0.00541147 -0.000607993
113.42 0.997294 1.01151 0.680669 0.00217062 0.00518569 -0.000535135
113.44 0.997405 1.01169 0.680669 0.00277344 0.00456821 9.39526e-06
113.46 0.99754 1.01185 0.680707 0.00338696 0.00396686 0.00093842
113.48 0.997685 1.012 0.680783 0.0036244 0.00379604 0.00190409
113.5 0.99782 1.01217 0.680878 0.00337041 0.00420083 0.00238629
113.52 0.997932 1.01237 0.680958 0.00280974 0.0049393 0.00197852
113.54 0.998024 1.01259 0.680985 0.0022931 0.00553491 0.000678288
113.56 0.998109 1.01282 0.680943 0.0021316 0.00561137 -0.00103808
113.58 0.998206 1.01302 0.680846 0.00241101 0.00516851 -0.00243162
113.6 0.998322 1.0132 0.680731 0.00291548 0.00456744 -0.00288222
113.62 0.998452 1.01337 0.680642 0.00324315 0.00422712 -0.00221324
113.64 0.998576 1.01355 0.68061 0.00309482 0.00430579 -0.000792969
113.66 0.998677 1.01373 0.680637 0.00252808 0.00462471 0.000671408
113.68 0.998754 1.01392 0.6807 0.00193795 0.00484566 0.00155847
113.7 0.998824 1.01411 0.680767 0.00174984 0.00471935 0.00168247
113.72 0.998909 1.01428 0.68082 0.00211872 0.00424018 0.00132251
113.74 0.999025 1.01443 0.680858 0.00288448 0.0036377 0.000947016
113.76 0.999173 1.01456 0.680892 0.00370245 0.00320006 0.000865811
113.78 0.999341 1.01468 0.680934 0.00420839 0.00305581 0.0010463
113.8 0.99951 1.0148 0.680982 0.00423568 0.00311435 0.00119935
113.82 0.999668 1.01493 0.681024 0.00393704 0.00320082 0.00104848
113.84 0.999813 1.01506 0.681047 0.00363489 0.00320309 0.000566952
113.86 0.999956 1.01518 0.681047 0.00356814 0.00311782 1.19348e-05
113.88 1.00011 1.0153 0.681036 0.00376746 0.00301062 -0.000274194
113.9 1.00027 1.01542 0.681032 0.00410811 0.00292659 -0.000110376
113.92 1.00045 1.01553 0.681049 0.00441977 0.00281899 0.000437902
113.94 1.00063 1.01564 0.681095 0.00457327 0.00260386 0.00113152
113.96 1.00081 1.01573 0.681162 0.00454634 0.00232349 0.00169212
113.98 1.00099 1.01582 0.681241 0.00443715 0.0022291 0.00196196
114 1.00117 1.01593 0.681321 0.00439018 0.0026295 0.00201344
114.02 1.00135 1.01607 0.681404 0.0044956 0.00356128 0.00206595
114.04 1.00154 1.01625 0.681494 0.00474657 0.00464095 0.00224486
114.06 1.00174 1.01647 0.68159 0.0050452 0.00532655 0.00241397
114.08 1.00195 1.01668 0.681681 0.00525952 0.00532848 0.00226387
114.1 1.00216 1.01687 0.681744 0.00530422 0.00477466 0.001589
114.12 1.00237 1.01703 0.681765 0.00520185 0.00407055 0.000520196
114.14 1.00257 1.01718 0.681745 0.0050766 0.00362965 -0.00049402
114.16 1.00277 1.01733 0.681707 0.00505199 0.00364482 -0.000953433
114.18 1.00298 1.01749 0.681682 0.00515537 0.0040222 -0.000623455
114.2 1.00319 1.01767 0.681695 0.00529596 0.00448601 0.00031288
114.22 1.0034 1.01786 0.681749 0.00528057 0.00476648 0.00135116
114.24 1.0036 1.01805 0.681826 0.00490408 0.00476777 0.00193513
114.26 1.00376 1.01823 0.681897 0.00414653 0.00461736 0.00176861
114.28 1.0039 1.01841 0.681937 0.00329328 0.00454457 0.000995579
114.3 1.00401 1.0186 0.68194 0.0028091 0.00467266 7.70669e-05
114.32 1.00413 1.0188 0.681919 0.0030403 0.00492556 -0.000535311
114.34 1.00429 1.019 0.681893 0.00393571 0.00512799 -0.000637347
114.36 1.00449 1.01921 0.681881 0.00500249 0.00515269 -0.000298473
114.38 1.00471 1.01941 0.68189 0.00559033 0.00499374 0.000232129
114.4 1.00492 1.0196 0.681917 0.00531358 0.00476666 0.000666987
114.42 1.00509 1.01978 0.68195 0.00428155 0.00463626 0.000811492
114.44 1.00521 1.01997 0.681975 0.002978 0.00466499 0.000623311
114.46 1.00529 1.02016 0.681983 0.00195009 0.00473736 0.000207814
114.48 1.00535 1.02035 0.681974 0.00155394 0.00470336 -0.000218942
114.5 1.00543 1.02053 0.681958 0.00181361 0.00457018 -0.000403611
114.52 1.00552 1.02071 0.681951 0.00242095 0.00450849 -0.000162762
114.54 1.00564 1.0209 0.681972 0.0029555 0.00470424 0.000506071
114.56 1.00577 1.02111 0.682026 0.00318523 0.00521769 0.0013467
114.58 1.0059 1.02135 0.682102 0.00315817 0.00592953 0.00190686
114.6 1.00602 1.02161 0.682174 0.00308001 0.00657274 0.00180308
114.62 1.00614 1.02188 0.682214 0.00315274 0.0068347 0.00101245
114.64 1.00628 1.02214 0.682211 0.00344951 0.00652205 -7.61623e-05
114.66 1.00644 1.02237 0.682175 0.00385126 0.00569939 -0.000916425
114.68 1.0066 1.02256 0.682129 0.0041033 0.00469132 -0.00114633
114.7 1.00676 1.02272 0.682098 0.00399569 0.00393512 -0.000770906
114.72 1.0069 1.02287 0.682095 0.00353576 0.00375595 -7.51991e-05
114.74 1.00702 1.02303 0.68212 0.00296739 0.00420681 0.000614986
114.76 1.00713 1.02324 0.682164 0.0026055 0.00505365 0.00109979
114.78 1.00723 1.02347 0.682217 0.00261743 0.0058502 0.00133113
114.8 1.00735 1.02371 0.682272 0.00294732 0.0060992 0.00136622
114.82 1.00749 1.02394 0.682324 0.00343046 0.00554994 0.00130101
114.84 1.00764 1.02411 0.682372 0.00394002 0.00441918 0.001206
114.86 1.00782 1.02424 0.682416 0.00441365 0.00327377 0.00110941
114.88 1.00801 1.02435 0.682458 0.00477425 0.00265704 0.00103784
114.9 1.00821 1.02446 0.6825 0.0048949 0.00276194 0.00105618
114.92 1.00839 1.02459 0.68255 0.00467454 0.00334932 0.00126188
114.94 1.00856 1.02475 0.682619 0.00410991 0.00392746 0.00170757
114.96 1.00869 1.02492 0.682711 0.00333417 0.00409849 0.00230884
114.98 1.0088 1.02507 0.682824 0.00263458 0.00384464 0.00282767
115 1.00889 1.02521 0.682943 0.00233895 0.00348779 0.00296948
115.02 1.00899 1.02534 0.683045 0.00259439 0.00334877 0.0025613
115.04 1.00912 1.02548 0.683114 0.00324123 0.00346008 0.00170408
115.06 1.00928 1.02562 0.683144 0.00389337 0.00358138 0.000763868
115.08 1.00945 1.02576 0.683151 0.00415667 0.00344744 0.000161135
115.1 1.0096 1.02588 0.683155 0.00386143 0.00301889 0.000105209
115.12 1.00973 1.02599 0.683174 0.00318275 0.00254639 0.000479286
115.14 1.00983 1.02608 0.683211 0.00252134 0.00240289 0.000932544
115.16 1.00992 1.02619 0.683255 0.00221677 0.0027888 0.00110309
115.18 1.01001 1.02634 0.683289 0.0023575 0.00355064 0.000842476
115.2 1.01012 1.02651 0.6833 0.00281016 0.00428241 0.000276037
115.22 1.01026 1.02669 0.683288 0.00335097 0.00460629 -0.000311163
115.24 1.01041 1.02687 0.683262 0.00375681 0.00438548 -0.000647269
115.26 1.01056 1.02702 0.683237 0.00381306 0.00373098 -0.000616206
115.28 1.0107 1.02713 0.683225 0.00338622 0.00290228 -0.000296733
115.3 1.0108 1.02722 0.68323 0.00257405 0.00219654 0.00012036
115.32 1.01087 1.02729 0.683249 0.00172699 0.00183221 0.000469148
115.34 1.01092 1.02737 0.683276 0.0012541 0.00188498 0.000668134
115.36 1.01097 1.02746 0.683303 0.00138849 0.00231004 0.000684183
115.38 1.01106 1.02758 0.683323 0.00211915 0.00296162 0.000511772
115.4 1.01119 1.02772 0.683331 0.00325567 0.00360524 0.000198066
115.42 1.01137 1.02788 0.683326 0.00446821 0.00402758 -0.000141671
115.44 1.01158 1.02805 0.683311 0.00531442 0.00416495 -0.000358947
115.46 1.0118 1.02821 0.683298 0.00539341 0.00410579 -0.00033254
115.48 1.01198 1.02837 0.683298 0.00459983 0.00397918 -9.72037e-06
115.5 1.01211 1.02853 0.68332 0.00325496 0.00383935 0.000570501
115.52 1.01219 1.02867 0.683372 0.00197668 0.00363684 0.00127874
115.54 1.01224 1.02881 0.683449 0.00139872 0.00329853 0.00193768
115.56 1.01232 1.02892 0.683545 0.00187276 0.00285233 0.00238561
115.58 1.01245 1.02902 0.683645 0.00325759 0.00247567 0.00250647
115.6 1.01265 1.02911 0.683734 0.00493856 0.00240451 0.00223749
115.62 1.01289 1.02923 0.683799 0.00615483 0.00277346 0.00161683
115.64 1.01315 1.02937 0.683832 0.00643092 0.00351277 0.000822383
115.66 1.01338 1.02954 0.683837 0.00578295 0.00436579 0.000130871
115.68 1.01357 1.02974 0.68383 0.00462011 0.00498511 -0.00018892
115.7 1.01371 1.02994 0.683829 0.00349436 0.005072 -1.4918e-06
115.72 1.01382 1.03012 0.683854 0.00286322 0.00452261 0.000623206
115.74 1.01394 1.03026 0.683912 0.00293663 0.00349204 0.0014433
115.76 1.01408 1.03036 0.683997 0.00364026 0.00236016 0.00212568
115.78 1.01427 1.03042 0.684091 0.00468223 0.00159903 0.00234053
115.8 1.0145 1.03048 0.684168 0.00566593 0.00154037 0.00194329
115.82 1.01475 1.03057 0.684214 0.00620487 0.0021671 0.00113389
115.84 1.01499 1.03069 0.684229 0.00604288 0.00312099 0.000367289
115.86 1.0152 1.03085 0.684229 0.0051961 0.0039391 2.15795e-05
115.88 1.01536 1.03103 0.684235 0.00403483 0.0043427 0.00013366
115.9 1.01548 1.0312 0.684253 0.00313062 0.00439496 0.000454172
115.92 1.0156 1.03138 0.684281 0.00291632 0.00440997 0.00070012
115.94 1.01574 1.03157 0.684312 0.00346374 0.00469814 0.000770916
115.96 1.01592 1.03178 0.684343 0.00448816 0.0053281 0.000774346
115.98 1.01614 1.03202 0.684377 0.00546978 0.00606215 0.000861217
116 1.01637 1.03228 0.684419 0.00587982 0.00649402 0.001055
116.02 1.01659 1.03253 0.684469 0.00549586 0.00631595 0.00123043
116.04 1.01677 1.03276 0.684518 0.00457986 0.00556654 0.00123997
116.06 1.01692 1.03294 0.684561 0.0037206 0.00467617 0.00107229
116.08 1.01706 1.03311 0.684596 0.00344626 0.00423115 0.000876866
116.1 1.01722 1.0333 0.684629 0.00390138 0.00460729 0.000812937
116.12 1.01741 1.03353 0.684663 0.00476791 0.0057223 0.000862945
116.14 1.01763 1.03381 0.684696 0.00544192 0.0070445 0.000827038
116.16 1.01784 1.03412 0.684717 0.00540457 0.007892 0.00052687
116.18 1.01802 1.03444 0.684717 0.00458182 0.00785631 8.37808e-07
116.2 1.01816 1.03472 0.684698 0.00342202 0.00705851 -0.000472493
116.22 1.01827 1.03496 0.684677 0.0026088 0.00605219 -0.000525825
116.24 1.01837 1.03518 0.684679 0.0026071 0.00542554 4.57454e-05
116.26 1.0185 1.0354 0.684722 0.00336541 0.00541843 0.00107061
116.28 1.01868 1.03563 0.684803 0.00433522 0.00583157 0.00202159
116.3 1.01887 1.03588 0.684897 0.00479896 0.00622612 0.00234126
116.32 1.01904 1.03613 0.68497 0.00435029 0.00623726 0.00182724
116.34 1.01917 1.03636 0.685 0.00319597 0.00580246 0.000762155
116.36 1.01925 1.03657 0.684989 0.00202039 0.00517128 -0.000286301
116.38 1.01931 1.03675 0.684956 0.00150922 0.00468409 -0.000815572
116.4 1.01939 1.03693 0.68493 0.00187758 0.00450555 -0.000655616
116.42 1.0195 1.03712 0.68493 0.0027449 0.00454629 1.02032e-05
116.44 1.01964 1.0373 0.684965 0.00347337 0.00459823 0.000859154
116.46 1.01978 1.03748 0.685031 0.00369094 0.00451988 0.00165347
116.48 1.01993 1.03765 0.685123 0.00352057 0.0043078 0.00229988
116.5 1.02006 1.03782 0.685233 0.00336889 0.0040423 0.00275991
116.52 1.0202 1.03797 0.685351 0.00353274 0.0037996 0.00293809
116.54 1.02036 1.03811 0.685459 0.0039393 0.00360982 0.0026977
116.56 1.02053 1.03825 0.685539 0.00422419 0.00345744 0.00200666
116.58 1.02069 1.03838 0.685581 0.00407562 0.00328471 0.00104581
116.6 1.02083 1.0385 0.685587 0.00353819 0.00305566 0.000169035
116.62 1.02095 1.03862 0.685577 0.00300964 0.00284632 -0.000274629
116.64 1.02107 1.03873 0.685571 0.0029355 0.00281749 -0.000147614
116.66 1.02121 1.03885 0.685586 0.00345224 0.00305497 0.00037788
116.68 1.02138 1.03899 0.685622 0.00427586 0.00344242 0.000912584
116.7 1.02158 1.03914 0.685666 0.00491376 0.00370826 0.00109425
116.72 1.02178 1.03928 0.685699 0.0050254 0.0036147 0.000820078
116.74 1.02196 1.03941 0.68571 0.00464731 0.00315877 0.000288877
116.76 1.02213 1.03951 0.685704 0.00412198 0.00260811 -0.000149965
116.78 1.02228 1.03961 0.685695 0.00380764 0.00229489 -0.000235471
116.8 1.02243 1.0397 0.685696 0.00382273 0.00235922 3.6769e-05
116.82 1.02259 1.03981 0.685714 0.00402035 0.00266439 0.000438317
116.84 1.02276 1.03992 0.685741 0.0041263 0.00293793 0.00066803
116.86 1.02292 1.04004 0.685762 0.00392521 0.00298971 0.000522386
116.88 1.02305 1.04016 0.685763 0.00343155 0.00282457 3.1671e-05
116.9 1.02317 1.04026 0.685742 0.0028973 0.00259194 -0.000520831
116.92 1.02327 1.04036 0.68571 0.00260119 0.00243433 -0.000788882
116.94 1.02338 1.04045 0.685685 0.00260987 0.00238988 -0.000636709
116.96 1.02349 1.04055 0.685676 0.00275564 0.00244725 -0.000223441
116.98 1.0236 1.04066 0.685683 0.00283119 0.00262495 0.000172271
117 1.02371 1.04077 0.685699 0.00276854 0.00294292 0.000390545
117.02 1.02382 1.04091 0.685718 0.00266062 0.00332549 0.000490339
117.04 1.02393 1.04105 0.685746 0.00267514 0.00357008 0.000694841
117.06 1.02404 1.04119 0.685795 0.00292819 0.00346407 0.001219
117.08 1.02418 1.04131 0.685877 0.0033649 0.00297622 0.00205106
117.1 1.02433 1.0414 0.685991 0.00375176 0.00235902 0.00286092
117.12 1.02448 1.04148 0.686119 0.00382804 0.00203395 0.00319331
117.14 1.02462 1.04157 0.686233 0.00347414 0.00228326 0.00284
117.16 1.02473 1.0417 0.686314 0.00280366 0.0030273 0.00203856
117.18 1.02482 1.04185 0.686365 0.00213719 0.00387466 0.00127502
117.2 1.02489 1.04203 0.686401 0.00181628 0.00437631 0.000892955
117.22 1.02497 1.0422 0.686436 0.00197442 0.00427503 0.00087639
117.24 1.02507 1.04234 0.686474 0.00245862 0.00362356 0.000964819
117.26 1.02519 1.04245 0.686512 0.00296417 0.00277107 0.000950567
117.28 1.02531 1.04254 0.686546 0.00322855 0.00217873 0.000838235
117.3 1.02544 1.04262 0.686576 0.00314624 0.00213927 0.000761462
117.32 1.02555 1.04273 0.686609 0.00280699 0.00261029 0.00081183
117.34 1.02565 1.04286 0.686647 0.00247035 0.0032927 0.000957756
117.36 1.02575 1.04302 0.686691 0.00242633 0.00386414 0.00109616
117.38 1.02586 1.04318 0.686737 0.00278315 0.00416273 0.00114633
117.4 1.02599 1.04335 0.686781 0.00337411 0.00420796 0.00110002
117.42 1.02615 1.04351 0.686822 0.00391022 0.00410197 0.00102475
117.44 1.02632 1.04367 0.686863 0.00420384 0.00395207 0.00103087
117.46 1.02649 1.04383 0.686911 0.00423406 0.0038563 0.00119671
117.48 1.02665 1.04398 0.68697 0.00409142 0.00389366 0.00148331
117.5 1.02681 1.04415 0.687039 0.00391132 0.00408551 0.00170409
117.52 1.02696 1.04432 0.687104 0.00381044 0.00436492 0.001627
117.54 1.02711 1.0445 0.68715 0.00382895 0.00460176 0.0011711
117.56 1.02727 1.04469 0.68717 0.00392962 0.0046652 0.000492296
117.58 1.02743 1.04487 0.687165 0.0040531 0.00448907 -0.00012867
117.6 1.0276 1.04504 0.687147 0.00415584 0.00411097 -0.000452576
117.62 1.02777 1.04518 0.687132 0.0042072 0.00366836 -0.000375082
117.64 1.02794 1.04532 0.687133 0.00417868 0.00335861 3.468e-05
117.66 1.0281 1.04545 0.687155 0.00405175 0.00337168 0.00053755
117.68 1.02825 1.0456 0.687188 0.00386259 0.00377591 0.000842603
117.7 1.0284 1.04578 0.687221 0.00373528 0.00440718 0.000813505
117.72 1.02855 1.04598 0.687244 0.00381045 0.00491809 0.000576593
117.74 1.02872 1.04618 0.68726 0.00411546 0.00501621 0.000402962
117.76 1.0289 1.04636 0.687279 0.00452531 0.00468494 0.000458627
117.78 1.02909 1.04653 0.687305 0.00481959 0.00419403 0.000660797
117.8 1.02928 1.04669 0.687336 0.00479639 0.00390471 0.000766939
117.82 1.02946 1.04685 0.687359 0.00440172 0.00400437 0.000590635
117.84 1.02961 1.04702 0.687365 0.00380881 0.00441536 0.000151076
117.86 1.02975 1.04722 0.687352 0.00337142 0.00491967 -0.000336272
117.88 1.02988 1.04743 0.687328 0.00342342 0.00529824 -0.000593022
117.9 1.03005 1.04765 0.687309 0.00404178 0.00542439 -0.00046771
117.92 1.03024 1.04786 0.687307 0.00495043 0.00535733 -6.30678e-05
117.94 1.03047 1.04808 0.68732 0.00566449 0.00532041 0.000337167
117.96 1.0307 1.0483 0.68734 0.00579239 0.00551255 0.000494906
117.98 1.03091 1.04853 0.687356 0.00526057 0.00593689 0.00039981
118 1.03109 1.04879 0.687367 0.00435259 0.00642383 0.000273713
118.02 1.03123 1.04906 0.687383 0.00358794 0.00678718 0.000403405
118.04 1.03137 1.04934 0.68742 0.00343777 0.0069552 0.00091696
118.06 1.03153 1.04962 0.687487 0.00398851 0.00696886 0.0016742
118.08 1.03172 1.0499 0.68758 0.00483371 0.00687696 0.00233217
118.1 1.03193 1.05016 0.687682 0.00535465 0.00669405 0.00254116
118.12 1.03214 1.05042 0.687768 0.00517142 0.00646728 0.00215634
118.14 1.03232 1.05067 0.687822 0.00438874 0.00631634 0.00133656
118.16 1.03246 1.05093 0.687841 0.00350051 0.00633748 0.000485705
118.18 1.03258 1.05119 0.687843 0.00301599 0.00649611 4.92956e-05
118.2 1.0327 1.05145 0.687853 0.00308723 0.00662861 0.000246282
118.22 1.03284 1.05171 0.68789 0.00345177 0.00652452 0.000934944
118.24 1.03299 1.05196 0.68796 0.00369806 0.00604309 0.00174281
118.26 1.03313 1.05217 0.688053 0.00358348 0.00523989 0.0023314
118.28 1.03326 1.05234 0.688156 0.00317974 0.00443346 0.0025712
118.3 1.03337 1.0525 0.688256 0.00280795 0.00404254 0.00250927
118.32 1.03348 1.05267 0.688344 0.00279458 0.00422738 0.0021922
118.34 1.03361 1.05286 0.688407 0.00317513 0.00468673 0.00157114
118.36 1.03375 1.05306 0.688432 0.00362662 0.00486761 0.000636602
118.38 1.0339 1.05323 0.688416 0.00375067 0.00440977 -0.000397436
118.4 1.03404 1.05337 0.688371 0.00342551 0.00341629 -0.00113939
118.42 1.03416 1.05346 0.68832 0.00288191 0.00233678 -0.00126392
118.44 1.03426 1.05353 0.688291 0.00248629 0.00161287 -0.000723994
118.46 1.03435 1.05358 0.6883 0.00247683 0.00140998 0.000209063
118.48 1.03447 1.05365 0.688343 0.00284227 0.00162256 0.00109005
118.5 1.0346 1.05373 0.688405 0.00337276 0.00203586 0.00154894
118.52 1.03476 1.05383 0.688465 0.00381959 0.00243829 0.0014861
118.54 1.03492 1.05393 0.688507 0.00405319 0.00266005 0.00106078
118.56 1.03508 1.05404 0.688528 0.00409974 0.00258705 0.000524124
118.58 1.03524 1.05412 0.688531 0.00405329 0.00216271 8.0894e-05
118.6 1.0354 1.05418 0.688526 0.00398623 0.00144995 -0.000139688
118.62 1.03556 1.05421 0.688523 0.00392506 0.000717776 -6.51284e-05
118.64 1.03572 1.05422 0.688535 0.0038572 0.000373039 0.000301464
118.66 1.03587 1.05425 0.688569 0.00375529 0.00069269 0.000842441
118.68 1.03601 1.05432 0.688623 0.00362969 0.00158087 0.00133909
118.7 1.03615 1.05442 0.688685 0.00356611 0.002595 0.00155392
118.72 1.0363 1.05455 0.688739 0.00367366 0.00325474 0.00135372
118.74 1.03646 1.05468 0.688772 0.00398397 0.00335758 0.00082031
118.76 1.03664 1.05481 0.688782 0.00440293 0.0030429 0.000260869
118.78 1.03683 1.05491 0.688784 0.00476183 0.00264404 5.60132e-05
118.8 1.03702 1.05501 0.688801 0.00491205 0.00246243 0.000409382
118.82 1.03721 1.05511 0.688848 0.00477005 0.00257132 0.00117693
118.84 1.03739 1.05522 0.688925 0.00432911 0.00279545 0.00193508
118.86 1.03753 1.05534 0.689016 0.00368259 0.00291338 0.00226451
118.88 1.03765 1.05546 0.689097 0.00300457 0.00288015 0.00202333
118.9 1.03775 1.05557 0.689153 0.00248834 0.00283349 0.00139745
118.92 1.03785 1.05569 0.689183 0.00231193 0.00292846 0.000748483
118.94 1.03795 1.05581 0.689199 0.00260192 0.00320186 0.000414863
118.96 1.03808 1.05596 0.68922 0.00334519 0.0035561 0.00053122
118.98 1.03826 1.05611 0.689258 0.0043267 0.00384315 0.000939637
119 1.03846 1.05627 0.689309 0.00517106 0.003962 0.00127806
119.02 1.03868 1.05643 0.689358 0.00549657 0.00393088 0.00122903
119.04 1.03889 1.05658 0.689388 0.00511237 0.0039128 0.00073532
119.06 1.03905 1.05675 0.689389 0.00414348 0.00408763 2.42981e-05
119.08 1.03917 1.05692 0.689367 0.00302 0.00445231 -0.000537406
119.1 1.03927 1.05712 0.689341 0.00227736 0.00479389 -0.000656105
119.12 1.03936 1.05731 0.689329 0.00223538 0.0048714 -0.000287269
119.14 1.03947 1.0575 0.689343 0.00282807 0.00460763 0.000339041
119.16 1.03962 1.05766 0.689378 0.003708 0.0041408 0.000883283
119.18 1.0398 1.05781 0.689423 0.00445676 0.00373566 0.00112708
119.2 1.03998 1.05796 0.689467 0.00474484 0.00360911 0.00108337
119.22 1.04016 1.05811 0.689504 0.00443889 0.00379992 0.000922013
119.24 1.04031 1.05827 0.689535 0.00366984 0.00419113 0.000787458
119.26 1.04042 1.05846 0.689563 0.00281197 0.00463997 0.000694694
119.28 1.04051 1.05866 0.689586 0.00231115 0.00504948 0.00058765
119.3 1.04061 1.05887 0.689603 0.00243506 0.00531084 0.000425442
119.32 1.04074 1.05909 0.689612 0.00311864 0.00526073 0.000204001
119.34 1.0409 1.05928 0.68961 0.0040159 0.00479483 -2.79785e-05
119.36 1.04109 1.05944 0.689604 0.00470746 0.00403991 -0.000153594
119.38 1.04128 1.05957 0.689603 0.00491637 0.00336239 -3.98601e-05
119.4 1.04147 1.0597 0.689617 0.00462823 0.00317191 0.000356217
119.42 1.04163 1.05985 0.689654 0.00405167 0.00366792 0.000934573
119.44 1.04177 1.06003 0.689715 0.00348153 0.00470785 0.0015056
119.46 1.0419 1.06027 0.68979 0.00316743 0.00586819 0.00188177
119.48 1.04202 1.06054 0.689868 0.0032264 0.00665096 0.00194943
119.5 1.04217 1.06081 0.689936 0.00362573 0.00673706 0.00171577
119.52 1.04234 1.06105 0.689989 0.00423326 0.00616033 0.00131833
119.54 1.04253 1.06126 0.690027 0.0048563 0.00528609 0.000952025
119.56 1.04274 1.06145 0.690057 0.00525623 0.00458237 0.000740948
119.58 1.04295 1.06162 0.690084 0.00523742 0.00433294 0.000673691
119.6 1.04314 1.0618 0.69011 0.00479064 0.00452701 0.000643493
119.62 1.04331 1.062 0.690132 0.00414627 0.00498256 0.000553433
119.64 1.04346 1.06222 0.690148 0.00363193 0.00551574 0.00041251
119.66 1.04359 1.06246 0.690161 0.00343592 0.00598547 0.000313848
119.68 1.04373 1.06271 0.690174 0.00350571 0.00626583 0.0003338
119.7 1.04388 1.06296 0.690194 0.00365628 0.00628005 0.000497123
119.72 1.04403 1.0632 0.690226 0.00372195 0.00605809 0.000793855
119.74 1.04417 1.06343 0.690272 0.00363293 0.0057211 0.00116664
119.76 1.04431 1.06365 0.690333 0.00345548 0.00541974 0.0015206
119.78 1.04445 1.06386 0.690404 0.00334853 0.00527756 0.00176434
119.8 1.04458 1.06407 0.690477 0.00342823 0.00534996 0.00183245
119.82 1.04473 1.0643 0.690544 0.00368162 0.00558436 0.00168002
119.84 1.04489 1.06453 0.690596 0.00398585 0.00582479 0.00130438
119.86 1.04506 1.06477 0.690628 0.0041689 0.00589404 0.000793814
119.88 1.04522 1.06499 0.690641 0.00409349 0.00568698 0.000322202
119.9 1.04537 1.0652 0.690644 0.00374656 0.00525621 5.98124e-05
119.92 1.0455 1.0654 0.690646 0.00328359 0.0048304 6.65386e-05
119.94 1.04562 1.06558 0.690656 0.00295283 0.00467349 0.000254106
119.96 1.04574 1.06578 0.690674 0.00291159 0.00488805 0.000449833
119.98 1.04586 1.06599 0.690696 0.00310157 0.0053367 0.000531111
120 1.04599 1.06622 0.690716 0.00331348 0.00571676 0.00050144
120.02 1.04613 1.06645 0.690732 0.0033911 0.00570968 0.000420802
120.04 1.04626 1.06666 0.690745 0.00336458 0.00514408 0.000301603
120.06 1.0464 1.06682 0.690749 0.00337352 0.00412092 0.000109067
120.08 1.04654 1.06694 0.690742 0.00351157 0.00300097 -0.000160313
120.1 1.04669 1.06703 0.690726 0.0037761 0.00223009 -0.000417078
120.12 1.04685 1.06711 0.690705 0.00409515 0.00208439 -0.0005112
120.14 1.04703 1.06722 0.690691 0.00435125 0.00252323 -0.000352958
120.16 1.0472 1.06734 0.69069 0.0044052 0.00323102 -3.0037e-05
120.18 1.04737 1.0675 0.690698 0.0041773 0.00380435 0.00020454
120.2 1.04752 1.06766 0.690703 0.00374511 0.00396948 0.000111615
120.22 1.04765 1.0678 0.690691 0.00334115 0.00369862 -0.000297576
120.24 1.04778 1.06793 0.690663 0.00322819 0.003157 -0.000696237
120.26 1.04792 1.06803 0.690636 0.00352947 0.00256058 -0.000664194
120.28 1.04809 1.06812 0.690635 0.00413117 0.00209567 -2.43646e-05
120.3 1.04828 1.06819 0.690676 0.00474239 0.00189197 0.00101029
120.32 1.04848 1.06827 0.690756 0.00505832 0.00195469 0.00199672
120.34 1.04868 1.06836 0.690858 0.00492959 0.00214743 0.00254595
120.36 1.04886 1.06845 0.690958 0.00443802 0.00231315 0.00252062
120.38 1.04901 1.06854 0.691042 0.00384592 0.00241677 0.00208339
120.4 1.04915 1.06865 0.691105 0.00346978 0.00256513 0.00158578
120.42 1.04929 1.06876 0.691158 0.0035477 0.00287814 0.00133385
120.44 1.04945 1.0689 0.691213 0.00411166 0.00334918 0.00136619
120.46 1.04965 1.06905 0.691271 0.00492498 0.00383546 0.00144044
120.48 1.04987 1.06922 0.691321 0.00557314 0.00414544 0.00126017
120.5 1.0501 1.06938 0.691351 0.00569615 0.0041443 0.000736144
120.52 1.05031 1.06954 0.691353 0.00521487 0.00386552 6.90301e-05
120.54 1.05049 1.06968 0.691339 0.00439107 0.00355444 -0.000368514
120.56 1.05063 1.06982 0.691329 0.00368621 0.00355944 -0.000249209
120.58 1.05077 1.06999 0.691349 0.00350085 0.00410957 0.000500474
120.6 1.05093 1.07019 0.691413 0.00389767 0.00510161 0.00161457
120.62 1.05111 1.07043 0.691516 0.00451154 0.00606349 0.00258003
120.64 1.0513 1.07069 0.691632 0.00481394 0.00640872 0.00288291
120.66 1.05149 1.07092 0.691724 0.00454787 0.00585418 0.00230226
120.68 1.05164 1.07111 0.691767 0.00394761 0.00466619 0.00107441
120.7 1.05178 1.07125 0.691758 0.00354981 0.0035293 -0.000219413
120.72 1.05194 1.07137 0.691718 0.00375489 0.00311775 -0.00100026
120.74 1.05211 1.07152 0.691677 0.00449375 0.00365917 -0.00101578
120.76 1.05232 1.07171 0.691661 0.00524723 0.00479837 -0.000420372
120.78 1.05254 1.07195 0.691676 0.00541003 0.00584657 0.000396635
120.8 1.05273 1.0722 0.69172 0.00473629 0.00620636 0.00108331
120.82 1.05287 1.07242 0.69178 0.00353031 0.00571312 0.00150396
120.84 1.05297 1.07261 0.691848 0.00241723 0.00470668 0.0017058
120.86 1.05304 1.07276 0.691919 0.0018866 0.00377781 0.00177231
120.88 1.05312 1.0729 0.691988 0.00199809 0.00335277 0.00172774
120.9 1.05322 1.07304 0.69205 0.00244055 0.00345061 0.00153432
120.92 1.05334 1.07319 0.692096 0.00284485 0.00381132 0.00116764
120.94 1.05346 1.07336 0.692124 0.0030654 0.00419469 0.000699962
120.96 1.05359 1.07354 0.692136 0.00320374 0.00452162 0.000292278
120.98 1.05372 1.07373 0.69214 0.00340656 0.00480093 9.55755e-05
121 1.05387 1.07393 0.692146 0.00365052 0.00500648 0.000157687
121.02 1.05402 1.07413 0.692162 0.00371701 0.00503237 0.000397719
121.04 1.05415 1.07432 0.692188 0.00338137 0.00473649 0.000653724
121.06 1.05426 1.07448 0.69222 0.00266629 0.00406574 0.000787847
121.08 1.05434 1.07461 0.692251 0.00191603 0.00319939 0.000790012
121.1 1.0544 1.07471 0.692282 0.00158632 0.00253545 0.000775906
121.12 1.05448 1.07481 0.692317 0.00190753 0.00243537 0.00086801
121.14 1.05458 1.07493 0.69236 0.0026989 0.00294428 0.00108363
121.16 1.05472 1.07508 0.692412 0.00347574 0.00375071 0.00129084
121.18 1.05487 1.07525 0.692462 0.00376289 0.00438481 0.00126241
121.2 1.05501 1.07543 0.692496 0.00336989 0.00449828 0.000840935
121.22 1.05511 1.07559 0.6925 0.00248519 0.00407256 9.20088e-05
121.24 1.05517 1.07573 0.692473 0.00157733 0.00342423 -0.000665717
121.26 1.05522 1.07585 0.692433 0.00114869 0.00297715 -0.000996364
121.28 1.05527 1.07597 0.692409 0.00144006 0.00295711 -0.00061296
121.3 1.05536 1.0761 0.692425 0.00227296 0.00324462 0.000396667
121.32 1.05549 1.07624 0.692487 0.0031736 0.00349246 0.00156103
121.34 1.05564 1.07637 0.692577 0.00367149 0.00339823 0.00225764
121.36 1.05578 1.07649 0.69266 0.00355359 0.00293557 0.00206871
121.38 1.0559 1.07659 0.692702 0.00296619 0.00238449 0.00105483
121.4 1.05599 1.07667 0.692692 0.00232172 0.00213683 -0.000246331
121.42 1.05607 1.07677 0.692648 0.00204619 0.0024354 -0.00112265
121.44 1.05617 1.0769 0.692603 0.00233577 0.00321222 -0.00110419
121.46 1.05629 1.07706 0.692594 0.00307384 0.00412215 -0.000243981
121.48 1.05645 1.07725 0.69263 0.00391085 0.00477396 0.000903333
121.5 1.05663 1.07745 0.692695 0.004468 0.00499506 0.0016244
121.52 1.05681 1.07765 0.692755 0.00453903 0.00489644 0.00150793
121.54 1.05697 1.07784 0.692784 0.00416745 0.0047411 0.000713033
121.56 1.05712 1.07803 0.692777 0.00358733 0.00473513 -0.000172992
121.58 1.05724 1.07822 0.692754 0.00307852 0.00487749 -0.000569519
121.6 1.05735 1.07842 0.692744 0.0028617 0.00500271 -0.000257256
121.62 1.05748 1.07862 0.692766 0.00305495 0.004965 0.00056413
121.64 1.05762 1.07881 0.692825 0.00363933 0.00478595 0.00145909
121.66 1.0578 1.079 0.692905 0.00444588 0.00464113 0.00202349
121.68 1.05801 1.07919 0.692989 0.00520803 0.00470991 0.00208418
121.7 1.05824 1.07939 0.693058 0.00570758 0.00503883 0.00172362
121.72 1.05847 1.07961 0.693104 0.0058878 0.00550308 0.00116366
121.74 1.05871 1.07985 0.693129 0.00582545 0.00587402 0.000622489
121.76 1.05893 1.08008 0.693139 0.00562697 0.00595792 0.000239568
121.78 1.05915 1.08031 0.693142 0.00539788 0.00573566 7.34931e-05
121.8 1.05936 1.08053 0.693147 0.00525768 0.00539205 0.000118369
121.82 1.05957 1.08074 0.693159 0.00529325 0.0051871 0.000320538
121.84 1.05979 1.08095 0.693183 0.00550883 0.00526428 0.000599862
121.86 1.06002 1.08117 0.693219 0.0058312 0.00557661 0.000888373
121.88 1.06027 1.08141 0.693266 0.00613592 0.00598132 0.00117248
121.9 1.06052 1.08166 0.693325 0.00628009 0.0063354 0.00148941
121.92 1.06077 1.08192 0.693399 0.00617812 0.00654224 0.00184962
121.94 1.061 1.08219 0.693485 0.00584335 0.00659411 0.00215465
121.96 1.06121 1.08245 0.693574 0.00535794 0.00653553 0.00220163
121.98 1.06141 1.0827 0.693646 0.00487759 0.0063864 0.00180931
122 1.06159 1.08295 0.693686 0.00464478 0.00613413 0.000990143
122.02 1.06179 1.08318 0.693686 0.00488544 0.00578685 1.9784e-05
122.04 1.06201 1.0834 0.693659 0.0056038 0.00540121 -0.00067778
122.06 1.06227 1.0836 0.693629 0.00644552 0.00505633 -0.000763747
122.08 1.06254 1.08379 0.693621 0.00681356 0.00479985 -0.000180408
122.1 1.0628 1.08398 0.693654 0.00627163 0.0045928 0.00081474
122.12 1.06299 1.08415 0.693726 0.00492274 0.00432175 0.00178935
122.14 1.06313 1.0843 0.693819 0.00337448 0.00390169 0.00234668
122.16 1.06322 1.08444 0.693912 0.00233 0.00339771 0.00231328
122.18 1.06331 1.08456 0.693984 0.00216846 0.00301995 0.00180552
122.2 1.06342 1.08468 0.694028 0.00278408 0.00294944 0.00110648
122.22 1.06357 1.08481 0.694047 0.00372683 0.00315663 0.000453368
122.24 1.06375 1.08494 0.694044 0.004491 0.00341717 -6.81181e-05
122.26 1.06394 1.08508 0.694025 0.00475138 0.0035057 -0.00047853
122.28 1.06412 1.08522 0.693993 0.00448338 0.00334828 -0.000805953
122.3 1.06427 1.08534 0.693951 0.00394167 0.00303401 -0.00102616
122.32 1.06441 1.08545 0.693908 0.00347389 0.00277245 -0.00107811
122.34 1.06454 1.08556 0.693871 0.00326274 0.0027985 -0.000944984
122.36 1.06467 1.08569 0.693844 0.00321736 0.00319107 -0.00066845
122.38 1.0648 1.08584 0.693832 0.00310331 0.00375841 -0.000289955
122.4 1.06491 1.08601 0.693839 0.00277606 0.00418494 0.000169837
122.42 1.065 1.08618 0.693866 0.00232901 0.00430689 0.000670958
122.44 1.06508 1.08635 0.693911 0.0020298 0.00420776 0.00112392
122.46 1.06517 1.08651 0.693967 0.00208328 0.00407329 0.00140854
122.48 1.06526 1.08667 0.694024 0.00243919 0.00403811 0.00141996
122.5 1.06538 1.08684 0.694069 0.00284338 0.00414812 0.0011266
122.52 1.0655 1.08701 0.694094 0.00305365 0.00436968 0.000613598
122.54 1.06562 1.0872 0.694096 0.00298964 0.00459416 7.17244e-05
122.56 1.06573 1.08738 0.694085 0.00273967 0.00468178 -0.000283368
122.58 1.06583 1.08757 0.694072 0.0024928 0.00458273 -0.000328121
122.6 1.06592 1.08774 0.694069 0.00242088 0.00439872 -8.23754e-05
122.62 1.06603 1.08791 0.694082 0.00253915 0.00426702 0.00034265
122.64 1.06613 1.08808 0.694115 0.00266123 0.00422107 0.000813161
122.66 1.06623 1.08825 0.694163 0.00252736 0.00418084 0.00120198
122.68 1.06631 1.08841 0.69422 0.00201572 0.00403816 0.00143215
122.7 1.06636 1.08856 0.694282 0.0012582 0.00375736 0.00153137
122.72 1.06639 1.0887 0.694345 0.000592955 0.00344681 0.00159641
122.74 1.0664 1.08883 0.694413 0.000405177 0.00330505 0.00169804
122.76 1.06644 1.08897 0.694486 0.000897153 0.00343956 0.00181409
122.78 1.06652 1.08912 0.69456 0.00187941 0.00372735 0.00184291
122.8 1.06663 1.08927 0.694628 0.00278795 0.00389769 0.00170051
122.82 1.06675 1.08942 0.694684 0.00303783 0.00375018 0.0014169
122.84 1.06685 1.08956 0.69473 0.00248718 0.00332452 0.00113301
122.86 1.06691 1.08967 0.69477 0.00156464 0.00288979 0.00100145
122.88 1.06695 1.08978 0.694813 0.000912688 0.00273619 0.00107791
122.9 1.06698 1.0899 0.694864 0.000919322 0.00294894 0.00128437
122.92 1.06704 1.09003 0.694922 0.00151341 0.00336292 0.00145189
122.94 1.06714 1.09018 0.694979 0.00230296 0.00369996 0.00141113
122.96 1.06725 1.09033 0.695022 0.00288024 0.00375323 0.00109348
122.98 1.06737 1.09047 0.695045 0.0030554 0.00353432 0.000563367
123 1.06749 1.0906 0.695044 0.00290438 0.0032816 -2.58261e-05
123.02 1.0676 1.09074 0.695023 0.00265861 0.00327945 -0.000516917
123.04 1.0677 1.09088 0.69499 0.00254764 0.00364684 -0.00082623
123.06 1.06781 1.09105 0.694953 0.00269101 0.00426633 -0.000940263
123.08 1.06793 1.09125 0.694918 0.00307019 0.00485175 -0.000853739
123.1 1.06807 1.09145 0.694896 0.00355791 0.00507959 -0.000557335
123.12 1.06823 1.09164 0.694893 0.00398787 0.00474581 -9.02036e-05
123.14 1.0684 1.0918 0.694909 0.00423781 0.0039043 0.000421468
123.16 1.06857 1.09191 0.694942 0.00427561 0.00290308 0.000803982
123.18 1.06874 1.092 0.694979 0.00416703 0.00224224 0.000935127
123.2 1.0689 1.09209 0.695011 0.00403801 0.00228255 0.0008088
123.22 1.06906 1.09221 0.695032 0.00402225 0.00301501 0.000516414
123.24 1.06923 1.09238 0.695039 0.00422879 0.00407279 0.000170468
123.26 1.06942 1.09257 0.695033 0.00469977 0.00494712 -0.000151142
123.28 1.06963 1.09278 0.695017 0.00536231 0.00527387 -0.000385991
123.3 1.06987 1.09299 0.694998 0.00600476 0.00502399 -0.000475788
123.32 1.07013 1.09317 0.694982 0.0063809 0.00448001 -0.000414878
123.34 1.07038 1.09333 0.694971 0.00640229 0.00404464 -0.000274901
123.36 1.07063 1.09349 0.694966 0.00619836 0.00403026 -0.000128801
123.38 1.07087 1.09367 0.694967 0.00597459 0.00452009 3.29058e-05
123.4 1.0711 1.09388 0.694978 0.00584072 0.005295 0.00027175
123.42 1.07134 1.09412 0.695001 0.00578806 0.00589957 0.000593511
123.44 1.07157 1.09435 0.695037 0.0057721 0.00594209 0.000896024
123.46 1.0718 1.09457 0.695079 0.00580879 0.00543066 0.00104407
123.48 1.07204 1.09476 0.695118 0.00597717 0.00477488 0.000968602
123.5 1.07229 1.09494 0.695146 0.00631703 0.00445484 0.000693224
123.52 1.07256 1.09513 0.695158 0.00672502 0.00469989 0.000302487
123.54 1.07284 1.09535 0.695154 0.00695008 0.00541339 -8.58225e-05
123.56 1.07311 1.0956 0.695142 0.00675174 0.00627058 -0.000315571
123.58 1.07335 1.09587 0.695133 0.00609945 0.00687751 -0.00021925
123.6 1.07356 1.09615 0.695145 0.00524003 0.0069485 0.00029938
123.62 1.07375 1.09641 0.695192 0.00459378 0.00644849 0.00117119
123.64 1.07393 1.09663 0.695277 0.00450813 0.00560289 0.00213141
123.66 1.07413 1.09682 0.695389 0.00499734 0.00475358 0.00280781
123.68 1.07435 1.09699 0.695506 0.00570852 0.00419371 0.00291656
123.7 1.0746 1.09715 0.695603 0.00617077 0.00408024 0.00244036
123.72 1.07484 1.09733 0.695669 0.00610458 0.00442829 0.00163386
123.74 1.07507 1.09753 0.695703 0.00554323 0.00512163 0.000857308
123.76 1.07526 1.09777 0.695719 0.00473611 0.0059214 0.000394347
123.78 1.07542 1.09803 0.695734 0.00397253 0.00651222 0.000369257
123.8 1.07555 1.0983 0.695763 0.00344498 0.00660862 0.000738615
123.82 1.07568 1.09854 0.695816 0.00320837 0.00612924 0.00132347
123.84 1.07581 1.09875 0.695891 0.0032123 0.00529577 0.00187334
123.86 1.07594 1.09893 0.695976 0.00334343 0.00450158 0.00212284
123.88 1.07608 1.09909 0.69605 0.00344421 0.0040487 0.00186061
123.9 1.07622 1.09925 0.696092 0.00335974 0.00398248 0.00104059
123.92 1.07634 1.09942 0.696087 0.00301317 0.00416182 -0.000116039
123.94 1.07643 1.0996 0.696042 0.00244451 0.00442018 -0.00113555
123.96 1.07651 1.09978 0.695982 0.00178592 0.00463559 -0.00150206
123.98 1.07655 1.09997 0.695943 0.00121029 0.00471317 -0.000964161
124 1.07659 1.10016 0.695954 0.000885013 0.00459272 0.000262688
124.02 1.07663 1.10033 0.696016 0.000933545 0.00431269 0.00155625
124.04 1.07668 1.10049 0.696105 0.0013481 0.00399738 0.00222272
124.06 1.07676 1.10064 0.696181 0.00192765 0.00373857 0.00191239
124.08 1.07685 1.10078 0.696214 0.00236532 0.00352617 0.000822501
124.1 1.07695 1.10091 0.696195 0.00241877 0.0032983 -0.000485099
124.12 1.07703 1.10103 0.696136 0.00206879 0.00303146 -0.00148041
124.14 1.07709 1.10114 0.696059 0.00155925 0.00275985 -0.00191096
124.16 1.07714 1.10124 0.695988 0.00124167 0.00252694 -0.00177302
124.18 1.0772 1.10134 0.695941 0.00132008 0.0023239 -0.00117832
124.2 1.07726 1.10142 0.69593 0.00170626 0.002079 -0.00028201
124.22 1.07735 1.10149 0.695958 0.00212764 0.00172343 0.000709791
124.24 1.07744 1.10154 0.696019 0.0023399 0.00125152 0.00152206
124.26 1.07753 1.10157 0.696094 0.00227014 0.000744033 0.00188016
124.28 1.07762 1.10158 0.696161 0.00204625 0.000364409 0.0016684
124.3 1.07769 1.10159 0.696203 0.00192133 0.000311238 0.00103841
124.32 1.07778 1.10162 0.696217 0.00214233 0.000729733 0.000360323
124.34 1.07789 1.10169 0.696218 0.00276269 0.00160125 2.21738e-05
124.36 1.07803 1.1018 0.696226 0.00354201 0.00269587 0.000204533
124.38 1.07819 1.10194 0.696257 0.00409381 0.0036444 0.000781047
124.4 1.07836 1.10211 0.696314 0.00416118 0.00409481 0.00141865
124.42 1.07851 1.10226 0.696386 0.0037849 0.00391808 0.00180128
124.44 1.07864 1.1024 0.696458 0.00325898 0.00335578 0.00178867
124.46 1.07876 1.10251 0.696515 0.00292874 0.00291918 0.00143352
124.48 1.07888 1.10264 0.696551 0.00297379 0.0030513 0.000904495
124.5 1.07901 1.10279 0.696567 0.00331271 0.0037997 0.0003877
124.52 1.07916 1.10298 0.696568 0.00370393 0.00477414 3.56033e-05
124.54 1.07932 1.1032 0.696567 0.00396768 0.00542717 -2.25107e-05
124.56 1.07948 1.10341 0.69658 0.00411466 0.00542229 0.000304439
124.58 1.07965 1.10361 0.696618 0.00423134 0.00483908 0.000969167
124.6 1.07982 1.10377 0.696687 0.00430696 0.0041002 0.00171032
124.62 1.07999 1.10392 0.696773 0.00426052 0.00366513 0.0021525
124.64 1.08016 1.10406 0.696854 0.00408877 0.00371031 0.00203888
124.66 1.08031 1.10423 0.69691 0.00389992 0.00405895 0.00138354
124.68 1.08047 1.1044 0.696928 0.00381181 0.0043872 0.000448072
124.7 1.08062 1.10458 0.696911 0.00386086 0.00449924 -0.000414499
124.72 1.08078 1.10476 0.696874 0.00399707 0.0044303 -0.000922829
124.74 1.08095 1.10493 0.696836 0.00411858 0.00432295 -0.000956876
124.76 1.08111 1.1051 0.696812 0.00413511 0.00425658 -0.000586467
124.78 1.08127 1.10527 0.696811 0.00405397 0.00419147 -4.72186e-05
124.8 1.08143 1.10543 0.696826 0.00401879 0.00404008 0.000375721
124.82 1.0816 1.10558 0.696846 0.00421602 0.00378227 0.000519864
124.84 1.08179 1.10572 0.696863 0.00467976 0.00351017 0.000412974
124.86 1.082 1.10586 0.696871 0.00520574 0.00337085 0.000191438
124.88 1.08222 1.106 0.696871 0.00548941 0.0034492 1.63761e-06
124.9 1.08243 1.10614 0.696869 0.00534407 0.00368403 -3.09654e-05
124.92 1.08262 1.1063 0.696876 0.00481143 0.00392751 0.000167085
124.94 1.08279 1.10646 0.696899 0.00414565 0.00409527 0.000574087
124.96 1.08294 1.10663 0.696942 0.0036946 0.00423452 0.00106702
124.98 1.08309 1.10681 0.697 0.00372911 0.00444674 0.00145752
125 1.08326 1.107 0.697063 0.00428565 0.00478193 0.00156557
125.02 1.08346 1.10721 0.697116 0.00512887 0.00519936 0.00132484
125.04 1.0837 1.10743 0.69715 0.00589773 0.00558072 0.000856214
125.06 1.08395 1.10767 0.697167 0.00629829 0.00578752 0.000435092
125.08 1.0842 1.1079 0.697181 0.00620319 0.0057582 0.000332381
125.1 1.08443 1.10812 0.697205 0.00566693 0.00555728 0.000623845
125.12 1.08462 1.10833 0.69725 0.00489244 0.00531337 0.00111902
125.14 1.08479 1.10854 0.697309 0.00415969 0.00512291 0.00145674
125.16 1.08494 1.10874 0.697363 0.00374545 0.00502721 0.00135709
125.18 1.08509 1.10894 0.697397 0.00384022 0.00503082 0.000854553
125.2 1.08527 1.10914 0.697408 0.00444833 0.00510441 0.000280844
125.22 1.08548 1.10935 0.697409 0.00532456 0.00521235 2.18344e-05
125.24 1.08572 1.10956 0.697419 0.00602817 0.0053442 0.000258327
125.26 1.08597 1.10978 0.697454 0.0061326 0.00548868 0.000857992
125.28 1.08619 1.11001 0.697512 0.00550702 0.00561468 0.00146716
125.3 1.08637 1.11024 0.697582 0.0044523 0.00570861 0.00173748
125.32 1.08651 1.11047 0.697643 0.00351769 0.00577935 0.001536
125.34 1.08663 1.1107 0.697684 0.00314415 0.00580714 0.00100421
125.36 1.08677 1.11093 0.697703 0.00344074 0.00573733 0.000477205
125.38 1.08694 1.11115 0.697716 0.00418563 0.00554177 0.000325095
125.4 1.08714 1.11136 0.697746 0.00494266 0.00526934 0.000754359
125.42 1.08735 1.11156 0.697811 0.00526216 0.00502366 0.0016421
125.44 1.08754 1.11176 0.697914 0.00493571 0.00488185 0.00255603
125.46 1.08771 1.11195 0.698034 0.00410034 0.00483772 0.00299677
125.48 1.08783 1.11215 0.698142 0.00311005 0.00481547 0.00269887
125.5 1.08793 1.11233 0.698213 0.0023086 0.00470773 0.00177408
125.52 1.088 1.11251 0.698237 0.00187484 0.00443986 0.000603018
125.54 1.08807 1.11267 0.698221 0.00179414 0.00403039 -0.000403501
125.56 1.08815 1.11282 0.698181 0.00192586 0.0036246 -0.000998718
125.58 1.08823 1.11296 0.698135 0.00211437 0.00344669 -0.00114758
125.6 1.08832 1.1131 0.698097 0.00228181 0.00364839 -0.000941141
125.62 1.08842 1.11327 0.698077 0.00243707 0.00415112 -0.000505169
125.64 1.08853 1.11345 0.698077 0.00260085 0.00463203 1.35917e-05
125.66 1.08864 1.11364 0.698094 0.00272558 0.00470612 0.000428271
125.68 1.08874 1.11381 0.698117 0.002686 0.00418928 0.000556428
125.7 1.08884 1.11394 0.69813 0.0023536 0.00325418 0.000326792
125.72 1.08891 1.11403 0.698124 0.00173313 0.00234668 -0.000136857
125.74 1.08895 1.11411 0.698102 0.0010433 0.00190992 -0.000546659
125.76 1.08897 1.11419 0.698077 0.000638796 0.00212805 -0.000628298
125.78 1.08901 1.11431 0.698064 0.000799741 0.00283339 -0.00033007
125.8 1.08907 1.11445 0.69807 0.0015389 0.00359663 0.000147823
125.82 1.08917 1.11461 0.698091 0.00255289 0.00396485 0.000534815
125.84 1.0893 1.11476 0.698119 0.00335244 0.00374009 0.000688393
125.86 1.08944 1.11488 0.698145 0.00353854 0.00309397 0.000654697
125.88 1.08957 1.11498 0.698168 0.00306734 0.0024423 0.000577149
125.9 1.08966 1.11507 0.698191 0.00229439 0.00217139 0.000577583
125.92 1.08973 1.11516 0.698219 0.00174619 0.00239932 0.000699473
125.94 1.0898 1.11528 0.698256 0.00177924 0.0029161 0.000910739
125.96 1.08989 1.11541 0.698301 0.00236134 0.00333534 0.00113937
125.98 1.09002 1.11555 0.698355 0.00315337 0.00336217 0.00133843
126 1.09017 1.11567 0.698415 0.00378597 0.00297294 0.00149996
126.02 1.09034 1.11576 0.698478 0.00408167 0.00238607 0.00159041
126.04 1.0905 1.11584 0.698539 0.00409526 0.00189732 0.00152042
126.06 1.09066 1.11591 0.698588 0.00400797 0.00172542 0.00122108
126.08 1.09082 1.11598 0.698617 0.00396686 0.0019387 0.000733114
126.1 1.09098 1.11608 0.698626 0.00398579 0.00243596 0.000214041
126.12 1.09114 1.1162 0.698621 0.00397968 0.00297487 -0.000124531
126.14 1.09129 1.11633 0.698616 0.0038816 0.00328124 -0.00013606
126.16 1.09144 1.11646 0.698622 0.00371595 0.00323208 0.000158082
126.18 1.09158 1.11658 0.698645 0.00355334 0.00291514 0.000585453
126.2 1.09172 1.11668 0.698684 0.0034453 0.00251228 0.000954611
126.22 1.09186 1.11677 0.69873 0.00342835 0.00218937 0.00115776
126.24 1.092 1.11685 0.698777 0.00354695 0.00205964 0.00118561
126.26 1.09215 1.11693 0.698821 0.00381393 0.00214793 0.00109924
126.28 1.09232 1.11703 0.69886 0.00415613 0.00239424 0.000978928
126.3 1.0925 1.11714 0.698895 0.00443431 0.00271405 0.000869051
126.32 1.09268 1.11726 0.698926 0.00452732 0.00305482 0.00076895
126.34 1.09285 1.1174 0.698953 0.0044209 0.00341701 0.000681551
126.36 1.09302 1.11755 0.698979 0.00422039 0.00383146 0.000643405
126.38 1.09319 1.11772 0.699006 0.00407842 0.00429365 0.00066745
126.4 1.09335 1.11791 0.699033 0.00409861 0.00468888 0.000696999
126.42 1.09352 1.1181 0.69906 0.00428218 0.00480015 0.0006569
126.44 1.0937 1.11828 0.699081 0.00456523 0.00447233 0.00054011
126.46 1.0939 1.11843 0.699099 0.0048707 0.00381324 0.000432794
126.48 1.0941 1.11856 0.699117 0.00511182 0.00321784 0.000459984
126.5 1.09431 1.11869 0.699145 0.00521728 0.0031529 0.000702574
126.52 1.09452 1.11884 0.69919 0.00517835 0.00382579 0.00111968
126.54 1.09472 1.11904 0.699251 0.00503811 0.00496766 0.00153457
126.56 1.09491 1.11928 0.69932 0.00486079 0.00595276 0.00172158
126.58 1.0951 1.11953 0.699382 0.00472889 0.00623087 0.0015353
126.6 1.09529 1.11976 0.699421 0.00470209 0.00573763 0.000985866
126.62 1.09548 1.11996 0.69943 0.00473325 0.00493991 0.00021679
126.64 1.09567 1.12013 0.699406 0.00468802 0.00449312 -0.000582916
126.66 1.09585 1.12033 0.699357 0.00449502 0.0047653 -0.00123751
126.68 1.09602 1.12055 0.699293 0.0042388 0.00553877 -0.00158977
126.7 1.09618 1.12079 0.699233 0.00408345 0.00614238 -0.00151259
126.72 1.09635 1.12103 0.699195 0.00412875 0.0059882 -0.00095514
126.74 1.09652 1.12124 0.699195 0.00433281 0.00508747 -7.98528e-07
126.76 1.0967 1.1214 0.699239 0.00450665 0.00409225 0.00110793
126.78 1.09688 1.12155 0.69932 0.00442399 0.00381418 0.0020187
126.8 1.09704 1.12174 0.699416 0.00401543 0.00459947 0.0023972
126.82 1.09718 1.12198 0.699499 0.00344865 0.00605022 0.00209544
126.84 1.0973 1.12227 0.699549 0.00299602 0.00727875 0.00125126
126.86 1.09741 1.12257 0.699558 0.00282342 0.0074925 0.000226995
126.88 1.09753 1.12283 0.699536 0.00290941 0.00652891 -0.000567743
126.9 1.09765 1.12303 0.699502 0.00313495 0.00495716 -0.000848061
126.92 1.09779 1.12317 0.69948 0.00340084 0.00366635 -0.000538439
126.94 1.09793 1.12331 0.699489 0.00364578 0.00326094 0.000212032
126.96 1.09808 1.12345 0.699532 0.00380564 0.00370415 0.00107622
126.98 1.09824 1.12363 0.699599 0.00381523 0.00443524 0.00168534
127 1.09838 1.12383 0.699672 0.00365485 0.00485773 0.00181792
127.02 1.09852 1.12402 0.699733 0.00337851 0.0047856 0.00151642
127.04 1.09864 1.1242 0.699775 0.00312491 0.00449647 0.00106462
127.06 1.09877 1.12437 0.699808 0.0030977 0.0044101 0.000815287
127.08 1.09891 1.12456 0.699845 0.00345201 0.00471123 0.000933651
127.1 1.09907 1.12477 0.699896 0.00410511 0.00523009 0.00126728
127.12 1.09926 1.12499 0.699956 0.00468879 0.00561265 0.00149693
127.14 1.09945 1.12522 0.700013 0.00479033 0.0055839 0.00142536
127.16 1.09962 1.12542 0.700057 0.00427416 0.00509357 0.00111589
127.18 1.09976 1.12559 0.700089 0.0033895 0.00432025 0.000792894
127.2 1.09986 1.12574 0.700115 0.00261829 0.00358492 0.000640666
127.22 1.09996 1.12587 0.700141 0.00239475 0.00317206 0.00066451
127.24 1.10007 1.12599 0.700169 0.00284868 0.00315252 0.000700523
127.26 1.10022 1.12613 0.700192 0.0037209 0.00338796 0.000558017
127.28 1.1004 1.12627 0.700199 0.00453124 0.00369146 0.000187861
127.3 1.10059 1.12643 0.700188 0.0048689 0.00395647 -0.000269753
127.32 1.10078 1.1266 0.700165 0.00461494 0.00417416 -0.000587147
127.34 1.10094 1.12677 0.700141 0.00399437 0.00432671 -0.000605366
127.36 1.10108 1.12694 0.700127 0.00340864 0.00429044 -0.00034191
127.38 1.1012 1.1271 0.700127 0.00314959 0.00392392 8.44515e-06
127.4 1.10133 1.12723 0.700135 0.00322555 0.00328449 0.000201607
127.42 1.10147 1.12734 0.700141 0.00341913 0.00269747 0.000130254
127.44 1.10161 1.12744 0.700137 0.00348758 0.00252403 -0.000102356
127.46 1.10174 1.12756 0.700125 0.00333053 0.00286099 -0.000296083
127.48 1.10186 1.1277 0.700112 0.00306271 0.0034867 -0.000315472
127.5 1.10198 1.12786 0.700106 0.00294109 0.00403918 -0.000150679
127.52 1.10211 1.12803 0.70011 0.0031815 0.00422028 0.000105428
127.54 1.10226 1.12818 0.700123 0.00377484 0.00394944 0.000319829
127.56 1.10244 1.12832 0.700139 0.00444289 0.00343552 0.000389465
127.58 1.10263 1.12844 0.700149 0.00479392 0.00304577 0.000270858
127.6 1.10281 1.12856 0.700149 0.0045654 0.00302375 -2.00259e-05
127.62 1.10296 1.1287 0.700133 0.00378316 0.00329058 -0.000399914
127.64 1.10307 1.12884 0.700103 0.00276085 0.00349926 -0.000729415
127.66 1.10315 1.12897 0.700069 0.00195401 0.0033236 -0.00086855
127.68 1.10322 1.12908 0.70004 0.00173418 0.00273946 -0.000720737
127.7 1.10331 1.12916 0.70003 0.0021801 0.00206296 -0.000244294
127.72 1.10343 1.12923 0.700051 0.00303577 0.00172534 0.000522883
127.74 1.10358 1.12931 0.700108 0.00386146 0.00195982 0.00141383
127.76 1.10375 1.12941 0.700193 0.00426428 0.00264094 0.00214636
127.78 1.10392 1.12955 0.700293 0.00407423 0.00339641 0.0024798
127.8 1.10405 1.1297 0.700388 0.00341704 0.00388435 0.00238162
127.82 1.10416 1.12986 0.700468 0.00265551 0.0039826 0.00201375
127.84 1.10425 1.13002 0.700531 0.00218575 0.0037727 0.00157182
127.86 1.10434 1.13015 0.700579 0.00220865 0.00340316 0.00118533
127.88 1.10444 1.13027 0.700616 0.00266123 0.00295132 0.000921666
127.9 1.10457 1.13036 0.700647 0.00331813 0.00239111 0.00077941
127.92 1.10473 1.13043 0.700674 0.00395356 0.00174952 0.000685889
127.94 1.10491 1.13049 0.700697 0.00443774 0.0012818 0.000574798
127.96 1.1051 1.13054 0.700716 0.00473509 0.0013962 0.000481127
127.98 1.10529 1.13064 0.700737 0.00483695 0.00233641 0.00052567
128 1.10548 1.13079 0.700769 0.00469972 0.00388853 0.000794868
128.02 1.10565 1.13101 0.700818 0.00426877 0.00539183 0.00122605
128.04 1.1058 1.13125 0.700882 0.0035911 0.00610119 0.00159268
128.06 1.10591 1.13148 0.700948 0.0029099 0.00566402 0.00164137
128.08 1.10602 1.13165 0.700999 0.00260083 0.00438671 0.00128653
128.1 1.10613 1.13178 0.701026 0.00294659 0.00305806 0.000682506
128.12 1.10629 1.13187 0.701031 0.0039032 0.00243739 0.000112196
128.14 1.10649 1.13198 0.701023 0.00504382 0.00280124 -0.00020938
128.16 1.10672 1.13214 0.701012 0.00576495 0.00387649 -0.000276235
128.18 1.10695 1.13234 0.701001 0.00563269 0.00511285 -0.000271527
128.2 1.10713 1.13259 0.700985 0.00465088 0.00602613 -0.000395265
128.22 1.10726 1.13284 0.700957 0.00328719 0.00641096 -0.000690324
128.24 1.10735 1.13309 0.700917 0.00222728 0.00632845 -0.00100561
128.26 1.10743 1.13333 0.700872 0.00198077 0.00593357 -0.00112282
128.28 1.10754 1.13355 0.700834 0.00255954 0.00533987 -0.000944881
128.3 1.10767 1.13373 0.700811 0.00346731 0.00463116 -0.000579696
128.32 1.10784 1.13389 0.700801 0.00403643 0.00394931 -0.000253768
128.34 1.10799 1.13403 0.700795 0.0038871 0.00350259 -0.000158784
128.36 1.10812 1.13417 0.700781 0.00315653 0.00346505 -0.000346676
128.38 1.10821 1.13432 0.700753 0.00231774 0.00384082 -0.00069824
128.4 1.10828 1.1345 0.700714 0.00181899 0.00442116 -0.000968424
128.42 1.10836 1.13469 0.700678 0.00187034 0.00491515 -0.000914493
128.44 1.10845 1.1349 0.70066 0.002401 0.00512931 -0.000447515
128.46 1.10858 1.1351 0.700672 0.00311908 0.00503277 0.000302294
128.48 1.10873 1.13529 0.700715 0.0036788 0.00470664 0.00107185
128.5 1.10888 1.13546 0.700778 0.00387216 0.00428638 0.00158805
128.52 1.10903 1.13562 0.700844 0.00370135 0.0039461 0.00165149
128.54 1.10916 1.13577 0.700894 0.00332139 0.00385446 0.00124949
128.56 1.10928 1.13594 0.70092 0.00294259 0.00406992 0.00064271
128.58 1.10939 1.13611 0.70093 0.00273872 0.0044746 0.000253729
128.6 1.1095 1.13631 0.700945 0.00279562 0.00482805 0.000381295
128.62 1.10962 1.1365 0.700985 0.00309727 0.00489085 0.000993429
128.64 1.10976 1.13668 0.701056 0.00350507 0.00453046 0.00177052
128.66 1.10992 1.13684 0.701149 0.0038113 0.00380285 0.00234083
128.68 1.11007 1.13696 0.70125 0.00388634 0.00300174 0.00251189
128.7 1.11022 1.13706 0.701344 0.00378176 0.00255612 0.00234144
128.72 1.11037 1.13717 0.701424 0.00368557 0.0027633 0.00201739
128.74 1.11052 1.13731 0.701492 0.00376051 0.00356137 0.00168171
128.76 1.11068 1.13749 0.701546 0.0040132 0.00452065 0.00135678
128.78 1.11085 1.1377 0.701586 0.00429886 0.0050864 0.00100545
128.8 1.11103 1.13789 0.701612 0.00442862 0.00492863 0.000648566
128.82 1.1112 1.13806 0.701629 0.00429996 0.00414644 0.000414371
128.84 1.11136 1.13819 0.701646 0.00398863 0.00319355 0.000441358
128.86 1.11151 1.13829 0.701675 0.00373361 0.00257261 0.000712424
128.88 1.11166 1.13839 0.701715 0.00379062 0.00250979 0.001003
128.9 1.11183 1.1385 0.701756 0.00423035 0.00283692 0.0010225
128.92 1.11203 1.13863 0.70178 0.00484201 0.00317034 0.000610006
128.94 1.11224 1.13876 0.701773 0.00526289 0.00324768 -0.000166523
128.96 1.11245 1.13889 0.701733 0.00523561 0.00313762 -0.00102234
128.98 1.11264 1.13901 0.701669 0.00480031 0.00315537 -0.00158146
129 1.11281 1.13916 0.701606 0.00429849 0.00357474 -0.00157613
129.02 1.11298 1.13933 0.701565 0.00413003 0.00434868 -0.00102368
129.04 1.11315 1.13953 0.701556 0.0044245 0.00510442 -0.000237045
129.06 1.11335 1.13975 0.70157 0.00492133 0.00543601 0.000363873
129.08 1.11356 1.13996 0.701591 0.00518321 0.00519092 0.000514445
129.1 1.11375 1.14014 0.701601 0.00495001 0.00455379 0.000250638
129.12 1.11393 1.1403 0.701595 0.00432834 0.00392538 -0.000155886
129.14 1.11408 1.14045 0.701578 0.0036832 0.0036809 -0.000414767
129.16 1.11421 1.1406 0.701561 0.00337117 0.00394019 -0.000422774
129.18 1.11435 1.14078 0.701548 0.0035138 0.00450037 -0.000332017
129.2 1.11451 1.14098 0.701531 0.0039277 0.00500119 -0.000421645
129.22 1.11468 1.14119 0.701499 0.00425244 0.00514922 -0.00080776
129.24 1.11485 1.14138 0.701449 0.00420972 0.00482497 -0.00124582
129.26 1.115 1.14155 0.701398 0.00380013 0.0041065 -0.00127665
129.28 1.11513 1.14168 0.701374 0.00328651 0.0032615 -0.000596246
129.3 1.11525 1.14178 0.701401 0.00297585 0.00267268 0.000670633
129.32 1.11537 1.14189 0.70148 0.00297018 0.00269003 0.00198084
129.34 1.11549 1.14203 0.701587 0.00309972 0.00342983 0.00266345
129.36 1.11562 1.14221 0.70168 0.00310457 0.00461961 0.00233696
129.38 1.11573 1.14244 0.701727 0.00290465 0.00565863 0.00117276
129.4 1.11584 1.14268 0.701719 0.00266407 0.00591961 -0.00021251
129.42 1.11594 1.14288 0.701673 0.00258377 0.00516005 -0.0011469
129.44 1.11605 1.14303 0.701622 0.00267714 0.00375661 -0.00127477
129.46 1.11616 1.14313 0.701595 0.0027833 0.00249734 -0.000668747
129.48 1.11627 1.14322 0.701607 0.00275555 0.00206728 0.000313021
129.5 1.11637 1.14332 0.701658 0.00260456 0.00266295 0.00125509
129.52 1.11647 1.14348 0.701732 0.00250188 0.00393402 0.0018522
129.54 1.11658 1.14369 0.701811 0.00263541 0.00518654 0.0019769
129.56 1.1167 1.14392 0.701877 0.00303764 0.00574087 0.00166352
129.58 1.11684 1.14413 0.701919 0.00354458 0.00530447 0.00105217
129.6 1.117 1.14429 0.701933 0.00392328 0.00411429 0.000349294
129.62 1.11716 1.1444 0.701926 0.00407108 0.00275331 -0.000180916
129.64 1.11733 1.14448 0.701916 0.00410355 0.00182321 -0.000259557
129.66 1.1175 1.14454 0.701926 0.00420553 0.00168973 0.000265956
129.68 1.11767 1.14464 0.701977 0.00439532 0.00234986 0.00125726
129.7 1.11785 1.14477 0.702067 0.00446054 0.0034042 0.00225726
129.72 1.11802 1.14494 0.702175 0.00415038 0.00421452 0.002699
129.74 1.11815 1.14511 0.702265 0.00345971 0.00424949 0.00225446
129.76 1.11826 1.14525 0.702308 0.00274691 0.00342033 0.00107556
129.78 1.11837 1.14534 0.702298 0.00254489 0.00215029 -0.00026457
129.8 1.11849 1.14538 0.702253 0.00315046 0.00112692 -0.00110773
129.82 1.11866 1.14542 0.702209 0.00431687 0.000892724 -0.00110546
129.84 1.11888 1.14548 0.702193 0.00535377 0.00150994 -0.00039942
129.86 1.1191 1.14558 0.702213 0.00558394 0.00252926 0.000508495
129.88 1.11929 1.14571 0.702256 0.00480874 0.00329473 0.00107303
129.9 1.11943 1.14584 0.702297 0.00345031 0.00336217 0.00100562
129.92 1.11952 1.14595 0.702312 0.00224798 0.00276163 0.000381682
129.94 1.11959 1.14603 0.702293 0.00175766 0.001936 -0.000480894
129.96 1.11968 1.14609 0.702242 0.00207662 0.00142384 -0.0012526
129.98 1.11979 1.14615 0.702174 0.00290889 0.00151733 -0.00172417
130 1.11995 1.14623 0.702102 0.00383429 0.00210196 -0.00179444
130.02 1.12013 1.14634 0.702044 0.00456436 0.00278726 -0.00143214
130.04 1.12033 1.14648 0.702017 0.00498446 0.00325244 -0.000687587
130.06 1.12053 1.14661 0.702028 0.00502137 0.00349054 0.000271504
130.08 1.12071 1.14676 0.702074 0.00458688 0.00371104 0.0011479
130.1 1.12086 1.14693 0.702137 0.00368415 0.004077 0.00158222
130.12 1.12096 1.14711 0.702191 0.0025435 0.00455869 0.00133918
130.14 1.12103 1.14731 0.702211 0.00162135 0.00495284 0.000506262
130.16 1.12108 1.14751 0.702191 0.00140995 0.00503387 -0.000496368
130.18 1.12117 1.1477 0.702145 0.0021358 0.00473369 -0.00115709
130.2 1.12131 1.14787 0.702097 0.00352796 0.00425862 -0.00118396
130.22 1.1215 1.14803 0.702071 0.00487257 0.00402663 -0.000653312
130.24 1.12172 1.1482 0.702075 0.00540555 0.00437274 8.86421e-05
130.26 1.12191 1.14841 0.702101 0.00477889 0.00523701 0.000656727
130.28 1.12204 1.14866 0.702135 0.00328287 0.00614109 0.000855287
130.3 1.12211 1.14892 0.702167 0.00168624 0.00651809 0.000795111
130.32 1.12214 1.14916 0.702199 0.000799036 0.00612513 0.000789627
130.34 1.12218 1.14937 0.702242 0.00101021 0.00521192 0.00108974
130.36 1.12226 1.14955 0.702309 0.00206805 0.00434724 0.00167658
130.38 1.1224 1.14971 0.702399 0.00325817 0.00402528 0.00225316
130.4 1.12255 1.14988 0.702497 0.00388941 0.00435489 0.00243003
130.42 1.1227 1.15008 0.702576 0.00371053 0.00502067 0.00198889
130.44 1.12282 1.1503 0.702618 0.00297774 0.00549637 0.00105045
130.46 1.12291 1.15052 0.702619 0.00225805 0.00538557 2.93362e-05
130.48 1.12299 1.15071 0.702594 0.00210245 0.00469107 -0.000625397
130.5 1.1231 1.15086 0.702566 0.00271037 0.00380069 -0.000708978
130.52 1.12325 1.15099 0.702552 0.00377916 0.00319729 -0.000340792
130.54 1.12344 1.15111 0.702559 0.00470843 0.00315054 0.000177735
130.56 1.12364 1.15126 0.702582 0.00502785 0.00359488 0.000574879
130.58 1.12383 1.15143 0.702612 0.00469376 0.00424075 0.000737152
130.6 1.12399 1.15162 0.70264 0.00404988 0.00478698 0.000699884
130.62 1.12413 1.15182 0.702662 0.00355775 0.00506819 0.000556746
130.64 1.12427 1.15202 0.702677 0.00350981 0.00506998 0.000380933
130.66 1.12443 1.15222 0.702686 0.00388832 0.00483125 0.000201949
130.68 1.12461 1.15239 0.702686 0.00443831 0.0043676 2.34264e-05
130.7 1.1248 1.15254 0.702681 0.00486717 0.00375673 -0.000148121
130.72 1.125 1.15267 0.702669 0.00500217 0.00325366 -0.00028153
130.74 1.12519 1.1528 0.702656 0.00480406 0.00319857 -0.000330044
130.76 1.12537 1.15295 0.702644 0.00431075 0.00372359 -0.000296862
130.78 1.12551 1.15313 0.702633 0.00363156 0.00457015 -0.000289452
130.8 1.12563 1.15334 0.702615 0.00298685 0.00523181 -0.000435485
130.82 1.12574 1.15355 0.702587 0.00266178 0.00530327 -0.000709151
130.84 1.12585 1.15374 0.702551 0.00283804 0.00478123 -0.000885376
130.86 1.12599 1.15391 0.702524 0.00344447 0.00408563 -0.000689398
130.88 1.12616 1.15406 0.702523 0.00416129 0.0037543 -8.88394e-06
130.9 1.12634 1.15422 0.702563 0.00459629 0.00402901 0.000976308
130.92 1.12652 1.15441 0.702636 0.00453174 0.00468928 0.00184615
130.94 1.12668 1.15462 0.702722 0.00405851 0.0052544 0.00213846
130.96 1.12682 1.15483 0.702786 0.00348808 0.00533254 0.00159913
130.98 1.12695 1.15502 0.7028 0.00314705 0.00485258 0.000350239
131 1.12708 1.15519 0.702754 0.00319955 0.00407963 -0.00114533
131.02 1.12722 1.15532 0.702663 0.00357546 0.00342283 -0.00227989
131.04 1.12738 1.15545 0.702561 0.00402882 0.00318771 -0.00255756
131.06 1.12755 1.15559 0.702487 0.004331 0.00341672 -0.00183709
131.08 1.12773 1.15574 0.70247 0.00445113 0.00389761 -0.000432442
131.1 1.12791 1.15592 0.702512 0.00450577 0.00434186 0.00104702
131.12 1.12809 1.1561 0.702593 0.00456008 0.0045784 0.00202911
131.14 1.12828 1.15628 0.702682 0.00456563 0.00461325 0.00223706
131.16 1.12846 1.15647 0.702752 0.00445018 0.00452965 0.00173582
131.18 1.12862 1.15664 0.702785 0.00419345 0.00436402 0.000839532
131.2 1.12878 1.1568 0.702784 0.00381827 0.00410257 -3.3322e-05
131.22 1.12891 1.15695 0.702763 0.00341148 0.00373987 -0.000532183
131.24 1.12904 1.15709 0.702742 0.00315322 0.00332216 -0.000518174
131.26 1.12917 1.15721 0.702738 0.00322957 0.00296093 -9.42394e-05
131.28 1.12931 1.15732 0.702757 0.00364233 0.00280625 0.000482177
131.3 1.12948 1.15744 0.702795 0.00414039 0.00296722 0.000949941
131.32 1.12965 1.15757 0.702842 0.00437144 0.00343038 0.00117063
131.34 1.12982 1.15773 0.702889 0.00410985 0.00402299 0.00116752
131.36 1.12996 1.15791 0.702932 0.00342886 0.00447273 0.00107663
131.38 1.13006 1.1581 0.702973 0.00267635 0.00455143 0.00103461
131.4 1.13015 1.15826 0.703017 0.00226117 0.0042103 0.00109807
131.42 1.13025 1.15841 0.703068 0.00240978 0.00362954 0.00126858
131.44 1.13037 1.15853 0.70313 0.00301374 0.0031261 0.00154133
131.46 1.13052 1.15865 0.703205 0.00364619 0.00298112 0.00186989
131.48 1.13067 1.15878 0.703289 0.00380007 0.00327085 0.0020992
131.5 1.1308 1.15894 0.703369 0.00326385 0.00379366 0.00200277
131.52 1.13089 1.1591 0.703426 0.00233282 0.0041891 0.00143728
131.54 1.13096 1.15927 0.703445 0.00163131 0.0042196 0.000482581
131.56 1.13102 1.15943 0.703424 0.00167362 0.00398949 -0.000533068
131.58 1.13112 1.15959 0.703378 0.00250554 0.0038654 -0.00114901
131.6 1.13127 1.15975 0.703337 0.00369415 0.0041629 -0.00102088
131.62 1.13146 1.15995 0.70333 0.0046276 0.00487257 -0.000178724
131.64 1.13165 1.16017 0.703367 0.00488232 0.00561041 0.000922014
131.66 1.13183 1.16041 0.703433 0.0044401 0.00584066 0.00166049
131.68 1.13198 1.16062 0.703498 0.00364176 0.00525968 0.00161884
131.7 1.13209 1.16078 0.703531 0.00294673 0.00407225 0.000811913
131.72 1.1322 1.1609 0.703517 0.0026588 0.00294818 -0.000331878
131.74 1.13231 1.161 0.703468 0.00276827 0.0026151 -0.00124129
131.76 1.13243 1.16113 0.703406 0.00302275 0.00333469 -0.00154086
131.78 1.13256 1.16132 0.703357 0.00317803 0.00466596 -0.00121959
131.8 1.13269 1.16155 0.703335 0.00319815 0.00574223 -0.000557497
131.82 1.13281 1.16179 0.703338 0.00322391 0.00587841 8.08442e-05
131.84 1.13295 1.16199 0.703356 0.00339477 0.00504756 0.000432745
131.86 1.1331 1.16214 0.703373 0.00371429 0.00387418 0.000429376
131.88 1.13326 1.16227 0.70338 0.00402899 0.0031729 0.000188138
131.9 1.13343 1.16241 0.703377 0.0041561 0.00337729 -8.20244e-05
131.92 1.13359 1.16258 0.703369 0.0040632 0.00429179 -0.000193486
131.94 1.13374 1.16279 0.703367 0.00388464 0.00528843 -4.93549e-05
131.96 1.1339 1.16302 0.70338 0.00377568 0.00570546 0.000313202
131.98 1.13405 1.16323 0.703409 0.00378511 0.0052271 0.000726801
132 1.1342 1.16339 0.703449 0.00383716 0.00409654 0.00100909
132.02 1.13435 1.16351 0.703494 0.00383498 0.00298503 0.00111758
132.04 1.13451 1.16361 0.70354 0.00380293 0.00252871 0.00115153
132.06 1.13466 1.16373 0.703588 0.00389407 0.0029023 0.00120106
132.08 1.13483 1.16388 0.703637 0.00421383 0.00374647 0.00123243
132.1 1.13502 1.16405 0.703682 0.00465981 0.00446846 0.00111071
132.12 1.13522 1.16424 0.70371 0.00497492 0.00466309 0.000715761
132.14 1.13541 1.16442 0.703714 0.00495551 0.00435379 7.9598e-05
132.16 1.1356 1.16457 0.703692 0.00459735 0.00388107 -0.000553439
132.18 1.13576 1.16471 0.703658 0.00410394 0.0035986 -0.000843841
132.2 1.13591 1.16486 0.703633 0.00378148 0.0036418 -0.000615117
132.22 1.13607 1.16502 0.703633 0.00382569 0.00387352 -2.50965e-06
132.24 1.13623 1.16518 0.703659 0.00415333 0.00400078 0.000649782
132.26 1.13641 1.16533 0.7037 0.00446092 0.00382645 0.00101289
132.28 1.13659 1.16547 0.703738 0.00445812 0.00345178 0.000949062
132.3 1.13675 1.16559 0.70376 0.00404093 0.00321363 0.000567335
132.32 1.13688 1.16573 0.703766 0.00331834 0.00340716 0.000152984
132.34 1.13699 1.16589 0.703765 0.00256171 0.00402487 -2.57369e-05
132.36 1.13707 1.16608 0.703769 0.002082 0.0047166 8.64045e-05
132.38 1.13715 1.16628 0.703781 0.00206848 0.0050049 0.000317135
132.4 1.13725 1.16647 0.703799 0.00250867 0.00461423 0.000437689
132.42 1.13738 1.16661 0.703814 0.00324058 0.00369034 0.000373013
132.44 1.13754 1.16672 0.703825 0.00402432 0.00275641 0.000267452
132.46 1.13773 1.16682 0.703838 0.00459367 0.0023918 0.000348241
132.48 1.13792 1.16693 0.703866 0.00472436 0.00280996 0.000692026
132.5 1.13809 1.16708 0.703911 0.00432369 0.00365145 0.00111191
132.52 1.13823 1.16724 0.703961 0.00350321 0.00418167 0.00126992
132.54 1.13833 1.1674 0.703999 0.00257685 0.00382672 0.000947392
132.56 1.13841 1.1675 0.70401 0.0019453 0.00264469 0.000270186
132.58 1.13849 1.16756 0.703996 0.00192171 0.00132915 -0.000349386
132.6 1.13859 1.16759 0.703974 0.00256071 0.000746728 -0.000549423
132.62 1.13873 1.16764 0.703961 0.00357752 0.00136257 -0.000324767
132.64 1.13891 1.16776 0.703961 0.00449136 0.00290743 1.16887e-06
132.66 1.13911 1.16794 0.703965 0.00492088 0.00449092 0.000102316
132.68 1.1393 1.16814 0.703963 0.00479989 0.00517932 -6.83972e-05
132.7 1.13947 1.16833 0.703951 0.00433387 0.00466976 -0.000283183
132.72 1.13962 1.16847 0.703941 0.00377059 0.00348925 -0.000263433
132.74 1.13976 1.16857 0.703944 0.0032635 0.00257567 8.67571e-05
132.76 1.13987 1.16868 0.703968 0.00289757 0.0026299 0.000596524
132.78 1.13998 1.16883 0.704006 0.00273952 0.00370806 0.000951687
132.8 1.14009 1.16904 0.704043 0.00280854 0.00522628 0.000927026
132.82 1.14021 1.16929 0.704064 0.00302447 0.00632352 0.000526562
132.84 1.14034 1.16955 0.704062 0.00325584 0.00640627 -4.94089e-05
132.86 1.14048 1.16977 0.70404 0.00342982 0.00555482 -0.000550818
132.88 1.14062 1.16995 0.704007 0.00358331 0.00444872 -0.000824036
132.9 1.14078 1.1701 0.703973 0.0037913 0.00383986 -0.000855137
132.92 1.14094 1.17026 0.703946 0.00403936 0.00404584 -0.000687285
132.94 1.14111 1.17045 0.703933 0.00419784 0.00484085 -0.000325231
132.96 1.14127 1.17068 0.703942 0.00412834 0.00569882 0.000241459
132.98 1.14142 1.17093 0.70398 0.00381793 0.00615348 0.000943015
133 1.14156 1.17117 0.704044 0.00339374 0.00604999 0.00159223
133.02 1.14168 1.17139 0.704122 0.00303623 0.00556364 0.00195991
133.04 1.1418 1.17159 0.704198 0.0028801 0.0050222 0.00190887
133.06 1.14191 1.17178 0.704258 0.00293509 0.00467359 0.00148726
133.08 1.14204 1.17196 0.704294 0.00307639 0.00454264 0.000902
133.1 1.14216 1.17214 0.70431 0.0031479 0.00447042 0.000405771
133.12 1.14229 1.17231 0.704317 0.00312585 0.00431012 0.000177117
133.14 1.14241 1.17248 0.704326 0.00315678 0.00407494 0.00022952
133.16 1.14255 1.17263 0.704342 0.0033982 0.00390203 0.00039891
133.18 1.1427 1.17279 0.70436 0.00383825 0.00392031 0.000443677
133.2 1.14287 1.17296 0.704369 0.00428211 0.00415681 0.000217211
133.22 1.14305 1.17314 0.70436 0.00450223 0.00450222 -0.000211489
133.24 1.14323 1.17333 0.704337 0.00440985 0.00476246 -0.00058915
133.26 1.1434 1.17352 0.704311 0.00410458 0.00480115 -0.000641116
133.28 1.14355 1.1737 0.704301 0.00378698 0.00463197 -0.000256186
133.3 1.14369 1.17388 0.704318 0.00360928 0.00437258 0.000417336
133.32 1.14383 1.17404 0.704359 0.003573 0.00411746 0.00103724
133.34 1.14398 1.1742 0.704409 0.0035689 0.00385499 0.00125233
133.36 1.14412 1.17434 0.704445 0.0035255 0.0035236 0.000891515
133.38 1.14426 1.17446 0.704448 0.00350874 0.00313979 6.71125e-05
133.4 1.14441 1.17458 0.704413 0.00367906 0.00284285 -0.00087011
133.42 1.14457 1.17469 0.704352 0.00416043 0.00281204 -0.0015288
133.44 1.14477 1.17482 0.704284 0.00492479 0.00316393 -0.00168025
133.46 1.145 1.17497 0.704231 0.00576934 0.00388658 -0.00133563
133.48 1.14526 1.17516 0.704204 0.00639875 0.0047981 -0.000671872
133.5 1.14552 1.17539 0.704208 0.00655765 0.00556849 0.000105926
133.52 1.14576 1.17562 0.704242 0.00616754 0.00587491 0.000841681
133.54 1.14598 1.17585 0.704299 0.00540251 0.00561965 0.00142102
133.56 1.14617 1.17605 0.704369 0.00463336 0.00500104 0.00175047
133.58 1.14634 1.17622 0.70444 0.00423398 0.00436751 0.00177279
133.6 1.14651 1.17638 0.7045 0.00437026 0.00399443 0.00149646
133.62 1.14671 1.17654 0.70454 0.00491038 0.00394911 0.00101088
133.64 1.14693 1.1767 0.704559 0.00548115 0.00411817 0.000470156
133.66 1.14715 1.17688 0.704561 0.00567465 0.00431859 4.36324e-05
133.68 1.14737 1.17705 0.704555 0.00534173 0.00439554 -0.000140424
133.7 1.14756 1.17723 0.704552 0.00472149 0.00430318 -6.4843e-05
133.72 1.14773 1.17739 0.704558 0.00426136 0.00417883 0.000133919
133.74 1.1479 1.17756 0.704568 0.00428511 0.004281 0.000247918
133.76 1.14809 1.17775 0.704575 0.00476737 0.00475968 0.000185306
133.78 1.1483 1.17797 0.704578 0.0053547 0.00546619 6.64896e-05
133.8 1.14853 1.17821 0.704582 0.00560981 0.00598238 9.77003e-05
133.82 1.14874 1.17845 0.704596 0.00529358 0.00587883 0.000354022
133.84 1.14892 1.17865 0.704624 0.0044942 0.00502881 0.000695646
133.86 1.14906 1.1788 0.704658 0.00355036 0.00371523 0.000861516
133.88 1.14917 1.1789 0.704685 0.00285034 0.00247196 0.000663277
133.9 1.14928 1.17897 0.704691 0.00262706 0.00181776 0.00014785
133.92 1.14939 1.17905 0.704675 0.00285446 0.00200318 -0.000400258
133.94 1.14952 1.17916 0.704649 0.00328661 0.0028634 -0.000641459
133.96 1.14967 1.17932 0.704633 0.00361914 0.00389772 -0.000407159
133.98 1.14982 1.1795 0.70464 0.00365542 0.0045665 0.000193938
134 1.14995 1.17969 0.704674 0.00338752 0.00460429 0.00084214
134.02 1.15007 1.17985 0.704722 0.00297378 0.00411129 0.00119248
134.04 1.15017 1.17999 0.704765 0.00261524 0.00339654 0.00108349
134.06 1.15027 1.1801 0.70479 0.00242264 0.00278796 0.000630703
134.08 1.15037 1.1802 0.704795 0.00237024 0.00251832 0.000119136
134.1 1.15046 1.1803 0.704787 0.00236258 0.00263549 -0.000192445
134.12 1.15055 1.18042 0.70478 0.00231837 0.0029692 -0.000190362
134.14 1.15064 1.18055 0.704784 0.00221268 0.00327684 0.00011256
134.16 1.15073 1.18069 0.704811 0.00211618 0.00346066 0.000657559
134.18 1.15081 1.18084 0.704865 0.00214769 0.00360717 0.00135788
134.2 1.15091 1.18099 0.704946 0.00235405 0.00380859 0.00203835
134.22 1.15101 1.18115 0.705043 0.00265831 0.00400968 0.00242017
134.24 1.15113 1.18131 0.705132 0.00290048 0.00408797 0.00222473
134.26 1.15125 1.18147 0.705186 0.00293221 0.00402528 0.00134185
134.28 1.15136 1.18163 0.705184 0.0027313 0.0039162 -3.56577e-05
134.3 1.15145 1.18178 0.705128 0.00244523 0.00386632 -0.00140237
134.32 1.15155 1.18194 0.705043 0.00230063 0.00395862 -0.00213903
134.34 1.15164 1.18211 0.704968 0.00244981 0.00423464 -0.00188059
134.36 1.15176 1.1823 0.704936 0.00288774 0.00464134 -0.00078901
134.38 1.1519 1.1825 0.704957 0.00348594 0.00503537 0.000535796
134.4 1.15206 1.18271 0.705016 0.00406592 0.00527551 0.00145397
134.42 1.15224 1.18292 0.705082 0.00446622 0.0053031 0.00165598
134.44 1.15242 1.18313 0.705132 0.00460645 0.00513879 0.00125248
134.46 1.15261 1.18332 0.705156 0.00452496 0.00484781 0.000613021
134.48 1.15278 1.1835 0.705161 0.00433867 0.00453402 0.000120988
134.5 1.15294 1.18368 0.705161 0.00415319 0.00432112 -6.15817e-06
134.52 1.1531 1.18385 0.70517 0.00399821 0.00428114 0.000233564
134.54 1.15326 1.18402 0.705198 0.00384107 0.00439717 0.000692473
134.56 1.1534 1.18421 0.705245 0.00366514 0.00461343 0.00117653
134.58 1.15355 1.1844 0.705305 0.00350374 0.00486567 0.00149807
134.6 1.15368 1.1846 0.705365 0.00341592 0.0050478 0.00148975
134.62 1.15382 1.18481 0.705407 0.00347117 0.00501914 0.00106199
134.64 1.15397 1.18499 0.705419 0.00373378 0.0046928 0.000295293
134.66 1.15414 1.18516 0.705398 0.0042034 0.00413027 -0.000522714
134.68 1.15433 1.1853 0.705359 0.0047436 0.00355183 -0.000985549
134.7 1.15453 1.18543 0.705326 0.0050935 0.00321657 -0.000811677
134.72 1.15473 1.18556 0.705321 0.00501893 0.00323944 -0.000124551
134.74 1.15491 1.1857 0.705343 0.00451462 0.00352573 0.000553673
134.76 1.15507 1.18586 0.705372 0.00384423 0.00388566 0.000706549
134.78 1.1552 1.18602 0.705383 0.00335951 0.00416345 0.000273804
134.8 1.15533 1.18619 0.705371 0.0032624 0.00426708 -0.000296517
134.82 1.15547 1.18636 0.705353 0.00349696 0.00415074 -0.000450053
134.84 1.15562 1.18651 0.705353 0.00380985 0.00383698 5.54876e-06
134.86 1.15578 1.18665 0.705383 0.0039114 0.00344947 0.000756345
134.88 1.15593 1.18678 0.705432 0.00368843 0.00319413 0.00122063
134.9 1.15606 1.18691 0.705471 0.00333656 0.00325685 0.000981748
134.92 1.15619 1.18706 0.705476 0.003236 0.00367996 0.00010628
134.94 1.15634 1.18723 0.705439 0.00360971 0.00430531 -0.000907862
134.96 1.15651 1.18742 0.70538 0.00428771 0.00479063 -0.00148753
134.98 1.1567 1.18761 0.705326 0.00481132 0.00476126 -0.00133855
135 1.15689 1.18777 0.705303 0.00479732 0.00408902 -0.000568333
135.02 1.15706 1.18789 0.70532 0.00423478 0.00304648 0.000413924
135.04 1.1572 1.18798 0.705366 0.0034698 0.0021585 0.0011392
135.06 1.15732 1.18805 0.705419 0.00295516 0.00183576 0.00133805
135.08 1.15744 1.18814 0.705461 0.00296631 0.00210445 0.00105352
135.1 1.15757 1.18824 0.705484 0.00343852 0.00264496 0.000573245
135.12 1.15773 1.18837 0.705494 0.00403252 0.00306042 0.000255156
135.14 1.15791 1.18849 0.705508 0.00436941 0.00315404 0.000332739
135.16 1.15808 1.18861 0.705539 0.00426569 0.00300835 0.000792859
135.18 1.15823 1.18873 0.705595 0.00383898 0.00283937 0.00139892
135.2 1.15837 1.18884 0.705669 0.00342367 0.00280602 0.00183809
135.22 1.1585 1.18896 0.705744 0.0033243 0.00293917 0.00188106
135.24 1.15865 1.18908 0.705804 0.00360161 0.00317207 0.00149175
135.26 1.15881 1.18922 0.705838 0.00408277 0.00339128 0.000846644
135.28 1.15899 1.18936 0.705847 0.00453654 0.00349035 0.00023549
135.3 1.15918 1.1895 0.705843 0.0048044 0.00341538 -0.000110011
135.32 1.15938 1.18962 0.705836 0.00481726 0.00315758 -0.000163154
135.34 1.15956 1.18973 0.705832 0.00459613 0.00272132 -0.000110595
135.36 1.15973 1.18982 0.705825 0.00425592 0.00214899 -0.000178918
135.38 1.15989 1.18988 0.705808 0.00391577 0.00159241 -0.000407671
135.4 1.16003 1.18993 0.705784 0.00360143 0.00130088 -0.000604208
135.42 1.16016 1.18999 0.705763 0.00327207 0.00152168 -0.000532382
135.44 1.16028 1.19009 0.705758 0.0029315 0.00235037 -0.000115861
135.46 1.16039 1.19023 0.705779 0.00269197 0.00356163 0.000527087
135.48 1.1605 1.19041 0.705826 0.00275031 0.00461968 0.00116964
135.5 1.16063 1.19061 0.705889 0.00326872 0.00496739 0.00158569
135.52 1.1608 1.19079 0.705956 0.00419564 0.00439334 0.00165565
135.54 1.161 1.19092 0.706013 0.00518228 0.00319093 0.00142542
135.56 1.16123 1.191 0.706055 0.00574292 0.00198175 0.00106392
135.58 1.16146 1.19105 0.706085 0.0055548 0.00135816 0.000747193
135.6 1.16164 1.19111 0.706108 0.00467573 0.00160228 0.000566841
135.62 1.16178 1.19122 0.706129 0.00354473 0.00258813 0.000524196
135.64 1.16189 1.19137 0.706152 0.00274469 0.00387111 0.000585268
135.66 1.162 1.19157 0.70618 0.00265713 0.00493495 0.000695564
135.68 1.16213 1.19179 0.70621 0.00322787 0.00544491 0.000740654
135.7 1.16229 1.192 0.706233 0.00399438 0.00534547 0.000573168
135.72 1.16246 1.19219 0.706238 0.00437898 0.00483031 0.000146252
135.74 1.16263 1.19237 0.706223 0.00408526 0.00427019 -0.000394013
135.76 1.16276 1.19253 0.706192 0.00331173 0.00406313 -0.000773616
135.78 1.16286 1.1927 0.706161 0.0025947 0.00439971 -0.000759828
135.8 1.16296 1.19291 0.706149 0.00242606 0.00513003 -0.000310286
135.82 1.16308 1.19315 0.706164 0.00292913 0.00589238 0.000384556
135.84 1.16323 1.1934 0.706204 0.00379269 0.0064018 0.000983656
135.86 1.16341 1.19367 0.706251 0.00450417 0.00660878 0.00118817
135.88 1.1636 1.19393 0.706289 0.00469737 0.00661205 0.000943269
135.9 1.16377 1.19419 0.706308 0.00436426 0.00649864 0.000489525
135.92 1.16393 1.19444 0.706316 0.00381587 0.00628814 0.000176427
135.94 1.16406 1.19468 0.706323 0.00345073 0.00599551 0.000174235
135.96 1.1642 1.19491 0.706337 0.00349204 0.00572631 0.000363482
135.98 1.16436 1.19514 0.706356 0.00386184 0.00567174 0.000477092
136 1.16453 1.19538 0.706369 0.00426594 0.00596536 0.000321672
136.02 1.16471 1.19564 0.706365 0.00443723 0.00652226 -9.72508e-05
136.04 1.16488 1.19592 0.706341 0.00434575 0.00701404 -0.00059814
136.06 1.16505 1.1962 0.706304 0.00416679 0.00704838 -0.000935021
136.08 1.16521 1.19646 0.706266 0.00407242 0.00647926 -0.000934495
136.1 1.16537 1.19668 0.706243 0.00411424 0.00560311 -0.000579922
136.12 1.16554 1.19688 0.706243 0.00421956 0.00497846 -1.09137e-05
136.14 1.16571 1.19708 0.706264 0.00424407 0.00499949 0.000541755
136.16 1.16588 1.1973 0.706298 0.00409495 0.0055712 0.00084374
136.18 1.16603 1.19755 0.706328 0.00383546 0.00617477 0.00074949
136.2 1.16618 1.1978 0.70634 0.00366578 0.00627844 0.000299749
136.22 1.16633 1.19803 0.70633 0.00377627 0.00571738 -0.000265653
136.24 1.16649 1.19822 0.706304 0.00417559 0.00474998 -0.000633211
136.26 1.16668 1.19837 0.706279 0.00464198 0.00383949 -0.000618066
136.28 1.16687 1.19851 0.706267 0.00483521 0.00334655 -0.000304555
136.3 1.16705 1.19864 0.706268 0.00452729 0.00330004 1.64781e-05
136.32 1.16721 1.19878 0.706272 0.00384524 0.00341321 0.000100189
136.34 1.16734 1.19891 0.70627 0.00326118 0.00335364 -5.45903e-05
136.36 1.16747 1.19903 0.706259 0.00325367 0.0030439 -0.000258319
136.38 1.16763 1.19914 0.706246 0.00394652 0.00271623 -0.000329072
136.4 1.16783 1.19925 0.706237 0.00501564 0.00268375 -0.000220947
136.42 1.16806 1.19937 0.706237 0.00588824 0.00306213 -1.31278e-05
136.44 1.16831 1.19952 0.706244 0.00607063 0.00363391 0.000180777
136.46 1.16852 1.19967 0.706257 0.00541925 0.00393413 0.000315203
136.48 1.16869 1.19982 0.706275 0.00423347 0.00356068 0.00045136
136.5 1.16882 1.19992 0.706302 0.00310549 0.00249682 0.000678448
136.52 1.16892 1.19996 0.706342 0.00257231 0.00114713 0.00098883
136.54 1.16903 1.19997 0.706392 0.00277952 6.26036e-05 0.00126178
136.56 1.16917 1.19995 0.706446 0.00341867 -0.000336651 0.00135654
136.58 1.16933 1.19996 0.706494 0.0039806 0.000109732 0.00119532
136.6 1.16949 1.20001 0.706526 0.0041121 0.00122822 0.00079986
136.62 1.16964 1.20011 0.706538 0.00380951 0.00254594 0.000292923
136.64 1.16978 1.20025 0.706533 0.00338659 0.00352799 -0.000131071
136.66 1.16991 1.2004 0.706522 0.00326168 0.00385797 -0.000266355
136.68 1.17006 1.20054 0.706522 0.003661 0.00352971 3.6773e-06
136.7 1.17023 1.20065 0.706546 0.00441112 0.00276729 0.000593881
136.72 1.17043 1.20073 0.706593 0.00499001 0.0019199 0.00119262
136.74 1.17063 1.20078 0.70665 0.00486045 0.00134188 0.00140488
136.76 1.17078 1.20083 0.706689 0.00386826 0.00123383 0.000995096
136.78 1.17088 1.2009 0.706692 0.00239263 0.00154833 6.03315e-05
136.8 1.17092 1.20098 0.706653 0.00116697 0.00208375 -0.000975882
136.82 1.17096 1.20108 0.70659 0.000887149 0.00263665 -0.00157475
136.84 1.17103 1.20121 0.706534 0.00177072 0.00305093 -0.00139306
136.86 1.17116 1.20134 0.706515 0.00335238 0.00321858 -0.000487106
136.88 1.17135 1.20146 0.706543 0.00473336 0.00312627 0.000717248
136.9 1.17156 1.20158 0.706609 0.00515742 0.00290411 0.00164767
136.92 1.17174 1.20169 0.706684 0.00444733 0.0027836 0.00186465
136.94 1.17186 1.20181 0.706735 0.00301521 0.00294597 0.00126665
136.96 1.17192 1.20194 0.70674 0.00159004 0.0033755 0.000129794
136.98 1.17196 1.20209 0.706697 0.000856053 0.00383942 -0.0010647
137 1.172 1.20226 0.706622 0.00109927 0.00402643 -0.00188682
137.02 1.17208 1.20241 0.706537 0.00206045 0.00376 -0.00211394
137.04 1.17221 1.20253 0.706467 0.0031308 0.00313769 -0.00176367
137.06 1.17236 1.20263 0.706425 0.00375503 0.00248426 -0.00104489
137.08 1.17251 1.20272 0.706416 0.00378138 0.00212257 -0.000224943
137.1 1.17265 1.2028 0.706436 0.00351115 0.00217873 0.000501712
137.12 1.17278 1.20291 0.706476 0.00338505 0.00258273 0.00101448
137.14 1.17293 1.20303 0.706524 0.00359479 0.00318003 0.00118059
137.16 1.17309 1.20319 0.706559 0.00395832 0.00382301 0.000880929
137.18 1.17325 1.20336 0.706565 0.00410083 0.00439397 0.000159528
137.2 1.1734 1.20355 0.706537 0.00377188 0.00479464 -0.000697613
137.22 1.17352 1.20375 0.706487 0.00307141 0.0049699 -0.0012611
137.24 1.17362 1.20395 0.70644 0.0024179 0.00494784 -0.00117783
137.26 1.17371 1.20414 0.706424 0.00227431 0.00481804 -0.000390141
137.28 1.17383 1.20433 0.706455 0.00283224 0.00466203 0.000780572
137.3 1.17398 1.20451 0.706527 0.00389068 0.00453726 0.00178236
137.32 1.17418 1.20469 0.706612 0.00497338 0.00450811 0.0021388
137.34 1.1744 1.20488 0.706681 0.0055689 0.00464085 0.00171442
137.36 1.17462 1.20508 0.706712 0.005407 0.00495478 0.000788568
137.38 1.1748 1.20529 0.706708 0.00463709 0.00535617 -9.91713e-05
137.4 1.17495 1.20552 0.706691 0.00374075 0.00565368 -0.000446157
137.42 1.17508 1.20574 0.706688 0.003217 0.0056837 -6.66716e-05
137.44 1.17521 1.20596 0.70672 0.00326785 0.00542529 0.000810488
137.46 1.17536 1.20616 0.706789 0.00370912 0.00502366 0.00170991
137.48 1.17553 1.20635 0.706877 0.00413149 0.00473032 0.0021999
137.5 1.1757 1.20654 0.706961 0.00421555 0.00478581 0.00210551
137.52 1.17585 1.20675 0.707022 0.00396894 0.00522863 0.00153258
137.54 1.176 1.20698 0.707051 0.00366185 0.00577246 0.000730884
137.56 1.17614 1.20722 0.707049 0.00358276 0.00596368 -5.75079e-05
137.58 1.1763 1.20744 0.707022 0.00385 0.00552919 -0.000666442
137.6 1.17647 1.20763 0.706982 0.00434005 0.00460686 -0.00101867
137.62 1.17666 1.20777 0.706938 0.0047519 0.00368976 -0.00110283
137.64 1.17685 1.20791 0.7069 0.00480234 0.00334776 -0.000935315
137.66 1.17703 1.20806 0.706877 0.00444625 0.00390326 -0.000578143
137.68 1.17719 1.20827 0.70687 0.00394159 0.00520095 -0.000179441
137.7 1.17734 1.20854 0.706873 0.00366258 0.00663793 7.77424e-05
137.72 1.17749 1.20884 0.706877 0.00379577 0.00750597 0.000107099
137.74 1.17766 1.20913 0.706877 0.00420055 0.00739726 -8.13458e-06
137.76 1.17784 1.20939 0.706873 0.00454068 0.00638583 -8.68963e-05
137.78 1.17802 1.20959 0.706873 0.00455166 0.00492657 -1.45737e-05
137.8 1.17819 1.20973 0.706879 0.00421524 0.00359443 0.000161224
137.82 1.17834 1.20984 0.706891 0.00374816 0.00283563 0.000297436
137.84 1.17848 1.20996 0.706903 0.00347226 0.00282177 0.000303309
137.86 1.17862 1.21009 0.706912 0.00361328 0.00340784 0.000214927
137.88 1.17879 1.21026 0.706917 0.0041217 0.00422591 0.000127077
137.9 1.17897 1.21046 0.706921 0.00468925 0.00488784 8.86916e-05
137.92 1.17917 1.21066 0.706923 0.00497097 0.00515797 6.34912e-05
137.94 1.17937 1.21086 0.706922 0.00481192 0.00502027 -1.76749e-05
137.96 1.17954 1.21105 0.706916 0.00430367 0.00461285 -0.000165386
137.98 1.17968 1.21121 0.706904 0.00368343 0.00408196 -0.000296733
138 1.17981 1.21135 0.706893 0.00319372 0.0035205 -0.000279138
138.02 1.17993 1.21147 0.706892 0.00297673 0.00301262 -1.26741e-05
138.04 1.18005 1.21158 0.706912 0.00304235 0.00268792 0.000495401
138.06 1.18019 1.21169 0.706955 0.0033066 0.00268565 0.0010806
138.08 1.18033 1.21181 0.707014 0.0036578 0.00302796 0.00146498
138.1 1.18049 1.21195 0.707071 0.0039992 0.00353174 0.00141681
138.12 1.18066 1.2121 0.707107 0.00423546 0.00386345 0.000915881
138.14 1.18083 1.21225 0.707115 0.00427363 0.00374499 0.000203429
138.16 1.181 1.21238 0.707102 0.00409148 0.00315666 -0.000332693
138.18 1.18115 1.21248 0.707087 0.00378207 0.00238526 -0.000382096
138.2 1.18129 1.21255 0.707091 0.00350762 0.00187314 0.000101715
138.22 1.18142 1.21263 0.707126 0.00341682 0.0019447 0.000885048
138.24 1.18157 1.21273 0.707191 0.00355096 0.00259147 0.00160711
138.26 1.18172 1.21287 0.70727 0.00379328 0.00345588 0.00197775
138.28 1.18188 1.21303 0.707346 0.00395197 0.00403189 0.00190117
138.3 1.18203 1.21319 0.707405 0.00392242 0.00396358 0.00147875
138.32 1.18218 1.21332 0.707442 0.003772 0.00327234 0.000920649
138.34 1.18233 1.21342 0.707459 0.00366995 0.00234736 0.000426382
138.36 1.18248 1.21348 0.707463 0.0037142 0.0017016 0.000103023
138.38 1.18263 1.21355 0.707462 0.0038471 0.00167338 -3.09616e-05
138.4 1.18279 1.21364 0.707462 0.0039168 0.00223226 1.13851e-05
138.42 1.18294 1.21376 0.70747 0.00378852 0.00298917 0.000194857
138.44 1.18308 1.2139 0.707487 0.00343562 0.00346577 0.000423208
138.46 1.1832 1.21404 0.707509 0.00297311 0.00343691 0.000554251
138.48 1.1833 1.21416 0.707528 0.0026183 0.00305508 0.000482482
138.5 1.1834 1.21427 0.707537 0.00256145 0.00270549 0.000219607
138.52 1.18352 1.21438 0.707534 0.00283047 0.00272839 -8.0747e-05
138.54 1.18365 1.2145 0.707526 0.00328985 0.00320066 -0.000186553
138.56 1.1838 1.21466 0.707528 0.00373261 0.00390548 3.92928e-05
138.58 1.18396 1.21484 0.707547 0.00396145 0.00448877 0.000483251
138.6 1.18411 1.21503 0.707581 0.00384791 0.0046746 0.000835318
138.62 1.18425 1.2152 0.707614 0.0034049 0.00439791 0.000836659
138.64 1.18436 1.21536 0.707634 0.00282739 0.00383918 0.000506866
138.66 1.18446 1.21549 0.70764 0.00240971 0.00335987 0.000129407
138.68 1.18455 1.21562 0.70764 0.00234793 0.00331408 5.68947e-07
138.7 1.18465 1.21577 0.707647 0.0026057 0.0038105 0.00017761
138.72 1.18477 1.21596 0.707665 0.0029801 0.00461855 0.000457511
138.74 1.18491 1.21617 0.707688 0.00328561 0.00529555 0.000580664
138.76 1.18504 1.21639 0.707706 0.00347577 0.0054466 0.000437756
138.78 1.18519 1.21659 0.707711 0.00362251 0.00498232 0.000129736
138.8 1.18534 1.21676 0.707707 0.00380974 0.00421629 -0.000107927
138.82 1.1855 1.2169 0.707704 0.00402459 0.00367935 -6.99039e-05
138.84 1.18567 1.21705 0.707714 0.00414973 0.00375969 0.000249354
138.86 1.18583 1.21723 0.707738 0.00408594 0.00443988 0.00061458
138.88 1.18599 1.21745 0.707767 0.00391018 0.0053268 0.000713408
138.9 1.18614 1.21768 0.707783 0.00386449 0.00590189 0.000404389
138.92 1.18631 1.21791 0.707777 0.00413433 0.00579647 -0.000158365
138.94 1.18649 1.21811 0.707752 0.00463769 0.00498597 -0.000624027
138.96 1.1867 1.21827 0.707724 0.00507636 0.00381849 -0.000691229
138.98 1.18691 1.21838 0.707712 0.00519677 0.00280147 -0.000292064
139 1.1871 1.21847 0.707729 0.00499734 0.00227954 0.000422581
139.02 1.18729 1.21856 0.707777 0.00472832 0.00230336 0.00120293
139.04 1.18748 1.21867 0.707849 0.00471169 0.00273595 0.00179343
139.06 1.18769 1.21881 0.70793 0.00509498 0.00337596 0.0020077
139.08 1.18791 1.21897 0.708002 0.00568511 0.00401895 0.00180335
139.1 1.18816 1.21915 0.708054 0.00603181 0.00449928 0.00130257
139.12 1.18839 1.21934 0.708083 0.00577006 0.00472763 0.000732895
139.14 1.18858 1.21952 0.708096 0.00491556 0.00469412 0.000322631
139.16 1.18874 1.2197 0.708105 0.00384208 0.00443865 0.000214792
139.18 1.18886 1.21986 0.708122 0.00304238 0.00403898 0.000423405
139.2 1.18897 1.22001 0.708154 0.00288756 0.00361301 0.000809863
139.22 1.18911 1.22014 0.708198 0.0034146 0.00329639 0.00110332
139.24 1.18928 1.22027 0.70824 0.00425804 0.00321826 0.00103965
139.26 1.18948 1.22041 0.708261 0.00487585 0.00345653 0.000546563
139.28 1.18967 1.22056 0.708254 0.00492879 0.00395253 -0.000192842
139.3 1.18985 1.22074 0.70822 0.00446968 0.00450399 -0.000838344
139.32 1.19 1.22094 0.708176 0.00380675 0.00488885 -0.00109549
139.34 1.19013 1.22114 0.708141 0.00325588 0.00500525 -0.000886156
139.36 1.19025 1.22133 0.708127 0.00299433 0.00488904 -0.000359922
139.38 1.19037 1.22152 0.708135 0.00301987 0.00463885 0.000215649
139.4 1.1905 1.2217 0.708159 0.00319398 0.00437951 0.000598777
139.42 1.19064 1.22187 0.708187 0.0033642 0.00424026 0.00069184
139.44 1.19078 1.22204 0.70821 0.00347541 0.00430044 0.000575238
139.46 1.19092 1.22222 0.708227 0.00357232 0.00453875 0.000417548
139.48 1.19107 1.22241 0.70824 0.00370819 0.00482174 0.000339445
139.5 1.19122 1.22261 0.708254 0.00387158 0.00496545 0.000341493
139.52 1.19138 1.2228 0.708266 0.00397486 0.00486084 0.000316854
139.54 1.19154 1.22299 0.708272 0.00389332 0.00455961 0.000142226
139.56 1.19168 1.22316 0.708265 0.00358374 0.00425073 -0.00018785
139.58 1.19181 1.22332 0.708245 0.00321296 0.00413535 -0.000495338
139.6 1.19193 1.22349 0.708224 0.00311693 0.00427031 -0.000528727
139.62 1.19207 1.22367 0.708217 0.00354872 0.0045205 -0.000155274
139.64 1.19225 1.22386 0.708239 0.00442659 0.00469137 0.000525979
139.66 1.19247 1.22405 0.708287 0.00532984 0.00471573 0.00121907
139.68 1.1927 1.22424 0.708351 0.00575127 0.0047051 0.00159626
139.7 1.19291 1.22443 0.708411 0.00541687 0.00481155 0.00148721
139.72 1.19309 1.22463 0.70845 0.00447947 0.00506306 0.000980442
139.74 1.19323 1.22485 0.708466 0.00346794 0.00532598 0.000399045
139.76 1.19335 1.22506 0.708472 0.00296629 0.00541483 0.000149077
139.78 1.19348 1.22527 0.70849 0.00322277 0.00526118 0.000458371
139.8 1.19364 1.22547 0.708537 0.00401556 0.00498202 0.00117443
139.82 1.19383 1.22566 0.70861 0.00483913 0.00477303 0.00182623
139.84 1.19404 1.22585 0.708687 0.00521108 0.00475967 0.00193011
139.86 1.19424 1.22605 0.70874 0.00493878 0.00490814 0.00132493
139.88 1.19441 1.22625 0.708753 0.00422799 0.00501722 0.00030504
139.9 1.19455 1.22645 0.70873 0.00353286 0.00484469 -0.000570927
139.92 1.19468 1.22662 0.708695 0.00321856 0.00432472 -0.000878833
139.94 1.19481 1.22676 0.70867 0.00332481 0.00366628 -0.000616974
139.96 1.19495 1.22689 0.708664 0.00362323 0.00320333 -0.000157504
139.98 1.19511 1.22702 0.708666 0.00384354 0.00315283 5.81947e-05
140 1.19526 1.22716 0.708659 0.00386033 0.00347914 -0.000169206
140.02 1.19541 1.22732 0.708633 0.00373826 0.00392238 -0.000659443
140.04 1.19556 1.22748 0.708594 0.00361499 0.00416115 -0.000980386
140.06 1.1957 1.22764 0.708563 0.00353661 0.00402826 -0.000771567
140.08 1.19583 1.22779 0.708562 0.00341268 0.00362051 -2.19724e-05
140.1 1.19596 1.22792 0.708598 0.00313476 0.00319729 0.0008956
140.12 1.19607 1.22804 0.708656 0.00269769 0.00299182 0.00145906
140.14 1.19616 1.22816 0.70871 0.00223693 0.00307955 0.00134757
140.16 1.19624 1.22829 0.708736 0.00199765 0.00332138 0.00066283
140.18 1.19632 1.22843 0.70873 0.00216818 0.00344334 -0.000157188
140.2 1.19643 1.22856 0.708704 0.00265155 0.00325793 -0.000658556
140.22 1.19655 1.22867 0.708678 0.00305715 0.00285271 -0.000652359
140.24 1.19667 1.22878 0.708667 0.00301997 0.00256155 -0.000278128
140.26 1.19678 1.22888 0.708673 0.0025441 0.00271775 0.000151601
140.28 1.19685 1.22902 0.708688 0.00198848 0.00335823 0.000386101
140.3 1.19693 1.22918 0.708704 0.00177147 0.00413467 0.000393187
140.32 1.19701 1.22937 0.708717 0.00210375 0.00455981 0.000339496
140.34 1.19713 1.22954 0.708734 0.00288613 0.00437918 0.000411187
140.36 1.19728 1.22969 0.708759 0.00375758 0.00371942 0.000628796
140.38 1.19745 1.22981 0.708791 0.00427718 0.00293772 0.000796555
140.4 1.19761 1.2299 0.708816 0.00419014 0.00237988 0.000632068
140.42 1.19776 1.22999 0.708816 0.00360858 0.00221024 8.79105e-06
140.44 1.19788 1.23009 0.708781 0.00293867 0.00238293 -0.000876326
140.46 1.19798 1.2302 0.708718 0.00260848 0.00273745 -0.00158167
140.48 1.19809 1.23032 0.70865 0.00283025 0.00313909 -0.0017008
140.5 1.19823 1.23046 0.708605 0.00351593 0.00354322 -0.00113799
140.52 1.19841 1.23062 0.708598 0.00432611 0.00393915 -0.000175172
140.54 1.1986 1.23079 0.708626 0.00483725 0.00425033 0.000720478
140.56 1.19879 1.23096 0.708674 0.00479045 0.00432798 0.00118769
140.58 1.19896 1.23113 0.708719 0.00427519 0.00405445 0.00113104
140.6 1.19911 1.23127 0.708746 0.00368275 0.00347508 0.000678082
140.62 1.19925 1.23138 0.708749 0.00341174 0.00287593 7.00963e-05
140.64 1.19939 1.23149 0.708733 0.00358285 0.00266699 -0.000410962
140.66 1.19955 1.23161 0.708712 0.00402267 0.00305011 -0.00051969
140.68 1.19973 1.23176 0.708705 0.00446555 0.00378619 -0.000158031
140.7 1.19992 1.23194 0.708727 0.00474477 0.00436694 0.000538055
140.72 1.20011 1.23211 0.708777 0.00482723 0.00444475 0.00124035
140.74 1.2003 1.23228 0.708841 0.00474895 0.00409605 0.00160923
140.76 1.20049 1.23243 0.7089 0.00455548 0.00370885 0.00147278
140.78 1.20066 1.23257 0.708937 0.00432683 0.00364386 0.000917707
140.8 1.20083 1.23273 0.708947 0.00418888 0.00393503 0.000252419
140.82 1.201 1.2329 0.70894 0.00424151 0.00424931 -0.000159031
140.84 1.20117 1.23307 0.708936 0.0044695 0.00420138 -0.000109618
140.86 1.20136 1.23322 0.708949 0.00471703 0.00374965 0.000324073
140.88 1.20155 1.23335 0.708983 0.0047614 0.00324372 0.000858661
140.9 1.20173 1.23347 0.709032 0.00446856 0.00309965 0.00120969
140.92 1.20189 1.23361 0.709082 0.00392535 0.00344368 0.00125818
140.94 1.20203 1.23377 0.709125 0.00343393 0.00400294 0.00108366
140.96 1.20216 1.23394 0.709161 0.00332443 0.00431175 0.000880543
140.98 1.20231 1.2341 0.709194 0.00371363 0.00409837 0.000843614
141 1.20248 1.23425 0.709237 0.0044039 0.00353683 0.00106239
141.02 1.20268 1.23437 0.709295 0.00499999 0.00312802 0.00144976
141.04 1.20289 1.2345 0.709366 0.00518241 0.00332895 0.0017789
141.06 1.20309 1.23467 0.709439 0.00492927 0.00421907 0.00182173
141.08 1.20327 1.23489 0.709498 0.00450249 0.00537923 0.00148832
141.1 1.20344 1.23513 0.709534 0.00422606 0.00609431 0.000884563
141.12 1.20361 1.23537 0.709545 0.00425431 0.00585771 0.000273217
141.14 1.20379 1.23556 0.709542 0.00448047 0.00481601 -7.33458e-05
141.16 1.20397 1.23571 0.709539 0.00461953 0.00370096 -5.71758e-05
141.18 1.20415 1.23584 0.709547 0.0044333 0.00330554 0.000194759
141.2 1.20431 1.236 0.709566 0.0039292 0.00394475 0.000460073
141.22 1.20444 1.23621 0.709589 0.00336186 0.00527467 0.000590817
141.24 1.20456 1.23647 0.709612 0.00305776 0.00654711 0.000579528
141.26 1.20469 1.23675 0.709633 0.00318667 0.00707802 0.000521387
141.28 1.20484 1.23702 0.709655 0.00365561 0.00664854 0.000543328
141.3 1.205 1.23724 0.709683 0.00417946 0.00562475 0.000700123
141.32 1.20518 1.23743 0.709719 0.00444877 0.00471023 0.000892054
141.34 1.20535 1.23761 0.709756 0.00429197 0.00447558 0.000924716
141.36 1.2055 1.23781 0.709783 0.00375822 0.0049947 0.000683945
141.38 1.20563 1.23804 0.709792 0.00307918 0.00583925 0.000231002
141.4 1.20573 1.2383 0.709781 0.00251442 0.00640801 -0.000273437
141.42 1.20582 1.23855 0.709754 0.00219367 0.00632401 -0.00067204
141.44 1.2059 1.23878 0.70972 0.00210246 0.00562713 -0.000864527
141.46 1.20599 1.23897 0.709687 0.00218412 0.00471788 -0.000812598
141.48 1.20608 1.23913 0.709666 0.00240854 0.00410481 -0.000534399
141.5 1.20619 1.2393 0.709661 0.00274959 0.00409559 -0.000116734
141.52 1.20632 1.23948 0.709673 0.00311994 0.00462914 0.000293692
141.54 1.20645 1.23969 0.709695 0.00335935 0.00532957 0.000548999
141.56 1.20658 1.23992 0.709718 0.00329983 0.0057468 0.000575097
141.58 1.2067 1.24015 0.709734 0.00288121 0.00565244 0.000409919
141.6 1.20679 1.24036 0.709741 0.00225942 0.00516131 0.000165684
141.62 1.20686 1.24054 0.709739 0.00177106 0.00456928 -4.68593e-05
141.64 1.20693 1.2407 0.709733 0.00173944 0.00411077 -0.000154161
141.66 1.20702 1.24086 0.709728 0.00223949 0.0038463 -0.000132616
141.68 1.20714 1.241 0.709728 0.00298765 0.00367093 -4.04364e-06
141.7 1.20728 1.24114 0.709735 0.00349291 0.00337305 0.00018513
141.72 1.20741 1.24125 0.70975 0.00338549 0.00280828 0.000373333
141.74 1.20752 1.24134 0.70977 0.00268174 0.00213172 0.000499706
141.76 1.20759 1.24141 0.709792 0.00179687 0.00178477 0.000544374
141.78 1.20765 1.24149 0.709814 0.00128297 0.00209981 0.000565323
141.8 1.2077 1.24161 0.709841 0.00146402 0.00293074 0.000677705
141.82 1.20779 1.24176 0.70988 0.00221054 0.00373723 0.000975783
141.84 1.20791 1.24192 0.709939 0.00305126 0.0039979 0.00145934
141.86 1.20806 1.24206 0.710019 0.00355378 0.00354017 0.00201006
141.88 1.2082 1.24216 0.710117 0.00362723 0.00260046 0.00243562
141.9 1.20834 1.24223 0.710219 0.00348876 0.00165645 0.00254659
141.92 1.20848 1.24228 0.710308 0.00341147 0.00116292 0.00224607
141.94 1.20862 1.24233 0.710373 0.0035182 0.00132747 0.00162274
141.96 1.20877 1.24241 0.710412 0.00373328 0.00202169 0.000968574
141.98 1.20892 1.24253 0.710437 0.00387748 0.002858 0.000631976
142 1.20908 1.24266 0.710469 0.00383197 0.00340637 0.000781283
142.02 1.20922 1.2428 0.71052 0.00366177 0.00340625 0.0012748
142.04 1.20937 1.24291 0.710589 0.0036135 0.00287681 0.00174146
142.06 1.20953 1.243 0.710662 0.00395952 0.00212358 0.00182116
142.08 1.20972 1.24306 0.710718 0.0047441 0.00161309 0.00140918
142.1 1.20994 1.24313 0.710747 0.00562718 0.00172039 0.000715615
142.12 1.21018 1.24323 0.710751 0.00606267 0.00248664 0.000105697
142.14 1.21041 1.24337 0.710745 0.0057189 0.00355816 -0.000151332
142.16 1.2106 1.24355 0.710744 0.00474827 0.0043558 -3.40075e-05
142.18 1.21075 1.24372 0.710755 0.00366038 0.00439363 0.000267646
142.2 1.21087 1.24387 0.710775 0.00297061 0.00359109 0.000501722
142.22 1.21098 1.24396 0.710794 0.00294733 0.00239287 0.000496471
142.24 1.21113 1.24402 0.710803 0.00352404 0.00151915 0.000217144
142.26 1.2113 1.24408 0.710792 0.00437283 0.00148478 -0.000266592
142.28 1.2115 1.24417 0.710759 0.00510164 0.00229405 -0.0008311
142.3 1.21172 1.24431 0.710706 0.00544769 0.00346526 -0.00132444
142.32 1.21194 1.24449 0.710643 0.00534832 0.00431671 -0.00159225
142.34 1.21213 1.24466 0.71058 0.00489152 0.00437508 -0.0015661
142.36 1.2123 1.24481 0.710527 0.00425366 0.00368593 -0.00133228
142.38 1.21245 1.24492 0.710484 0.00364986 0.00281741 -0.00105854
142.4 1.21258 1.24502 0.71045 0.00328233 0.00248176 -0.000848372
142.42 1.21271 1.24514 0.710423 0.00329008 0.00302025 -0.000675632
142.44 1.21286 1.24531 0.710406 0.00368121 0.00418661 -0.000436193
142.46 1.21303 1.24552 0.710404 0.00430263 0.00539334 -3.85721e-05
142.48 1.21323 1.24577 0.710426 0.00490381 0.00614391 0.000531369
142.5 1.21344 1.24602 0.710474 0.00528074 0.00628965 0.00120979
142.52 1.21365 1.24626 0.710549 0.00538123 0.00600603 0.00187057
142.54 1.21386 1.24649 0.710642 0.00528668 0.00557979 0.00233039
142.56 1.21407 1.24669 0.710738 0.00512843 0.00517213 0.00239696
142.58 1.21427 1.24688 0.710816 0.00500636 0.00474841 0.00196217
142.6 1.21447 1.24705 0.71086 0.00492647 0.00424354 0.00109394
142.62 1.21466 1.2472 0.710863 0.00482496 0.00378567 7.5227e-05
142.64 1.21485 1.24735 0.710835 0.00469576 0.0037072 -0.000694246
142.66 1.21503 1.24752 0.710799 0.00463101 0.00429391 -0.000915298
142.68 1.21522 1.24774 0.710776 0.00468566 0.00548726 -0.00056559
142.7 1.21541 1.24801 0.710781 0.0047601 0.00678121 0.000126962
142.72 1.2156 1.24831 0.710816 0.00465232 0.00746463 0.000878866
142.74 1.21577 1.2486 0.710878 0.00423044 0.0071153 0.00153181
142.76 1.21591 1.24884 0.710961 0.00359324 0.00596299 0.00208965
142.78 1.21603 1.24903 0.711065 0.00307745 0.00477532 0.0025872
142.8 1.21615 1.2492 0.711182 0.00303511 0.00432607 0.00293065
142.82 1.21629 1.24939 0.711299 0.00349498 0.00487861 0.00291432
142.84 1.21646 1.24964 0.711395 0.00405738 0.00604182 0.00241927
142.86 1.21662 1.24992 0.711459 0.00418273 0.00705374 0.00158652
142.88 1.21677 1.25021 0.71149 0.00362237 0.00730162 0.000773692
142.9 1.21687 1.25048 0.711502 0.00262779 0.00667704 0.000303556
142.92 1.21695 1.2507 0.711511 0.00179357 0.00557368 0.000234728
142.94 1.21701 1.25089 0.711526 0.00164875 0.00462488 0.000358911
142.96 1.2171 1.25106 0.711541 0.00225686 0.00433459 0.00039556
142.98 1.21723 1.25125 0.71155 0.00313061 0.00478098 0.000203586
143 1.21737 1.25147 0.711544 0.00359827 0.00558341 -0.000137879
143.02 1.2175 1.25172 0.711528 0.00331259 0.00619392 -0.000402713
143.04 1.2176 1.25197 0.711513 0.00245439 0.006268 -0.00038551
143.06 1.21766 1.2522 0.71151 0.00153316 0.00578833 -6.02038e-05
143.08 1.2177 1.2524 0.711526 0.000998024 0.00495256 0.000392374
143.1 1.21774 1.25256 0.711554 0.000966809 0.00403232 0.000701145
143.12 1.21779 1.25269 0.711581 0.00126585 0.00329372 0.000679229
143.14 1.21786 1.25281 0.711595 0.00165871 0.00291079 0.000345267
143.16 1.21794 1.25293 0.71159 0.00199918 0.00289515 -0.000112718
143.18 1.21803 1.25305 0.711571 0.00224637 0.00313157 -0.000494377
143.2 1.21812 1.25319 0.711542 0.00241658 0.00346431 -0.000702945
143.22 1.21823 1.25334 0.711513 0.00253826 0.00374634 -0.000740778
143.24 1.21833 1.2535 0.711487 0.00261447 0.00386651 -0.000639663
143.26 1.21844 1.25365 0.71147 0.00262346 0.00379084 -0.000422773
143.28 1.21854 1.25379 0.711466 0.00257834 0.00355841 -0.000111058
143.3 1.21864 1.25392 0.711477 0.00255492 0.00321628 0.000269186
143.32 1.21875 1.25403 0.711504 0.0026425 0.00278397 0.000673188
143.34 1.21886 1.25412 0.711544 0.00287746 0.00228433 0.00102033
143.36 1.21899 1.25419 0.711593 0.00322725 0.00177724 0.001217
143.38 1.21914 1.25425 0.711642 0.00361367 0.00136534 0.0012315
143.4 1.21929 1.25429 0.711688 0.00394422 0.00117785 0.00114027
143.42 1.21946 1.25435 0.711731 0.00415324 0.00132609 0.00107902
143.44 1.21963 1.25442 0.711777 0.00423067 0.0018046 0.00113834
143.46 1.2198 1.25452 0.711829 0.00420621 0.0024158 0.00130134
143.48 1.21996 1.25463 0.711887 0.00411674 0.00285376 0.00146044
143.5 1.22012 1.25475 0.711947 0.00400363 0.00290548 0.00149509
143.52 1.22028 1.25485 0.712002 0.0039152 0.00259307 0.00137001
143.54 1.22043 1.25494 0.712048 0.00386882 0.00215428 0.00116698
143.56 1.22059 1.25501 0.712089 0.00385394 0.00188247 0.00100916
143.58 1.22074 1.25509 0.712127 0.00386321 0.00192148 0.000947169
143.6 1.2209 1.25517 0.712164 0.00390137 0.00217011 0.000926751
143.62 1.22106 1.25527 0.712198 0.00397497 0.00239161 0.000868309
143.64 1.22122 1.25537 0.71223 0.00408115 0.00241841 0.000789615
143.66 1.22139 1.25546 0.712263 0.00420196 0.00228417 0.000824585
143.68 1.22156 1.25555 0.712306 0.00431617 0.00219772 0.00108088
143.7 1.22174 1.25564 0.712366 0.00442305 0.00238317 0.00149379
143.72 1.22192 1.25576 0.712438 0.00454034 0.00290151 0.00179869
143.74 1.22211 1.2559 0.712504 0.00466642 0.00358107 0.00165022
143.76 1.2223 1.25607 0.712539 0.00478528 0.00410654 0.000877378
143.78 1.22249 1.25623 0.712527 0.00489453 0.00422636 -0.000296484
143.8 1.22269 1.25639 0.712474 0.00495534 0.00392009 -0.00132682
143.82 1.22289 1.25653 0.712406 0.00485647 0.00337702 -0.00170914
143.84 1.22307 1.25664 0.712352 0.00452524 0.0028637 -0.00133202
143.86 1.22323 1.25675 0.712332 0.00408613 0.00260844 -0.000511841
143.88 1.22338 1.25685 0.712343 0.00383542 0.00272572 0.000282226
143.9 1.22355 1.25698 0.712373 0.00403345 0.00320428 0.000744249
143.92 1.22373 1.25714 0.712408 0.00470911 0.00393507 0.000870547
143.94 1.22396 1.25733 0.712442 0.00562995 0.00474444 0.000848896
143.96 1.22422 1.25755 0.712474 0.00642037 0.00541052 0.000808458
143.98 1.22449 1.25777 0.712502 0.00674387 0.00570631 0.000684964
144 1.22474 1.25799 0.712516 0.00648782 0.0055005 0.000349849
144.02 1.22498 1.25819 0.712509 0.00583531 0.00486732 -0.000161224
144.04 1.22518 1.25835 0.712485 0.00513069 0.00411661 -0.000601154
144.06 1.22537 1.2585 0.712457 0.00467791 0.00365063 -0.00070133
144.08 1.22555 1.25865 0.712442 0.00461245 0.00370336 -0.000387643
144.1 1.22575 1.25882 0.712449 0.00486442 0.00419967 0.000180715
144.12 1.22596 1.25901 0.712478 0.00520107 0.00485369 0.000730491
144.14 1.22617 1.25923 0.712519 0.00535371 0.00539287 0.00102759
144.16 1.22638 1.25945 0.712558 0.00517484 0.00570406 0.000982049
144.18 1.22657 1.25969 0.712585 0.00470683 0.00583752 0.000667916
144.2 1.22673 1.25992 0.712596 0.00413098 0.00590811 0.000270851
144.22 1.22688 1.26016 0.712596 0.00367223 0.00597143 3.42102e-06
144.24 1.22702 1.2604 0.712597 0.00349378 0.00595529 1.23028e-05
144.26 1.22716 1.26063 0.712609 0.00360259 0.00572417 0.000315537
144.28 1.22732 1.26084 0.712641 0.00385749 0.00523588 0.000788904
144.3 1.22748 1.26102 0.712689 0.00406747 0.00464556 0.00119559
144.32 1.22764 1.2612 0.712741 0.00408919 0.00427715 0.00130417
144.34 1.2278 1.26137 0.712783 0.00385416 0.00446165 0.00105865
144.36 1.22793 1.26159 0.712809 0.00337773 0.00528586 0.000660414
144.38 1.22804 1.26184 0.712827 0.00274236 0.00641253 0.000429711
144.4 1.22813 1.26213 0.712849 0.00207295 0.00721327 0.000553654
144.42 1.22819 1.26242 0.712887 0.00155876 0.00717651 0.000955715
144.44 1.22824 1.26267 0.712942 0.00142628 0.00623589 0.0013808
144.46 1.22832 1.26286 0.713005 0.00176767 0.0047905 0.00157359
144.48 1.22841 1.263 0.713061 0.00238906 0.00352202 0.00140757
144.5 1.22853 1.26312 0.713099 0.00289492 0.00309972 0.00094273
144.52 1.22864 1.26328 0.713115 0.00294698 0.00378676 0.000399547
144.54 1.22874 1.26348 0.713117 0.00249411 0.00520636 4.5832e-05
144.56 1.22882 1.26375 0.713119 0.0017826 0.00656735 5.16104e-05
144.58 1.22886 1.26403 0.713135 0.0011626 0.00717669 0.000402237
144.6 1.2289 1.26431 0.713172 0.000876562 0.00680245 0.000928308
144.62 1.22894 1.26453 0.713229 0.000966029 0.00570775 0.00141843
144.64 1.22899 1.26471 0.713298 0.00134008 0.00444825 0.00171618
144.66 1.22907 1.26485 0.713368 0.00188574 0.00357401 0.00174733
144.68 1.22916 1.26499 0.713427 0.00248417 0.00335505 0.00148894
144.7 1.22928 1.26514 0.713466 0.0029761 0.00366901 0.000961724
144.72 1.22941 1.2653 0.713476 0.00318734 0.00412343 0.000267407
144.74 1.22953 1.26547 0.71346 0.00302884 0.00434314 -0.000396596
144.76 1.22964 1.26564 0.713428 0.00258326 0.00422466 -0.000817285
144.78 1.22972 1.2658 0.713392 0.00207896 0.00395173 -0.000886929
144.8 1.22979 1.26595 0.713367 0.00177706 0.00377563 -0.000640234
144.82 1.22986 1.2661 0.713359 0.00184245 0.00379486 -0.000194527
144.84 1.22995 1.26626 0.713372 0.00227572 0.00393463 0.000330841
144.86 1.23007 1.26642 0.713405 0.00292501 0.00408189 0.000834518
144.88 1.23021 1.26659 0.713454 0.00352749 0.00418065 0.0012057
144.9 1.23037 1.26676 0.713506 0.0038211 0.00421761 0.00131901
144.92 1.23051 1.26693 0.71355 0.00373202 0.00418714 0.00109419
144.94 1.23065 1.26709 0.713573 0.00345495 0.00405866 0.000570017
144.96 1.23078 1.26724 0.71357 0.00330327 0.00377218 -7.92726e-05
144.98 1.23092 1.26737 0.713545 0.00346085 0.00331817 -0.000614683
145 1.23108 1.26749 0.713511 0.00385103 0.00282944 -0.000867636
145.02 1.23125 1.26759 0.713477 0.0041917 0.0025379 -0.000850532
145.04 1.23141 1.26769 0.713447 0.00419459 0.00261591 -0.000731931
145.06 1.23157 1.26782 0.71342 0.00380643 0.00304098 -0.000673513
145.08 1.2317 1.26796 0.713393 0.00329357 0.00358633 -0.000675369
145.1 1.23182 1.26812 0.71337 0.00305062 0.00393426 -0.00059045
145.12 1.23195 1.26827 0.713358 0.00329086 0.00385771 -0.000287512
145.14 1.23211 1.2684 0.713366 0.00390396 0.00336711 0.000203636
145.16 1.23229 1.26851 0.713394 0.00454743 0.0027161 0.000678509
145.18 1.23248 1.2686 0.713429 0.00485572 0.00222144 0.000885816
145.2 1.23267 1.26868 0.713458 0.00467402 0.00204782 0.000722218
145.22 1.23284 1.26877 0.713472 0.00417293 0.00217513 0.000345947
145.24 1.23299 1.26887 0.713475 0.00372591 0.00251663 8.15016e-05
145.26 1.23313 1.26899 0.713482 0.00364333 0.00300279 0.000168799
145.28 1.23329 1.26913 0.713506 0.0039577 0.00356386 0.000606018
145.3 1.23347 1.2693 0.713553 0.00439371 0.00407626 0.00118447
145.32 1.23365 1.26947 0.713618 0.00459642 0.0043777 0.00162896
145.34 1.23383 1.26965 0.713687 0.00442558 0.00435842 0.00171891
145.36 1.23399 1.26981 0.713743 0.00406685 0.00405733 0.0013884
145.38 1.23414 1.26996 0.713774 0.00388028 0.00364969 0.000793822
145.4 1.23431 1.27009 0.713785 0.00410309 0.00334906 0.000256283
145.42 1.23449 1.27022 0.713788 0.00465386 0.00327773 7.64698e-05
145.44 1.2347 1.27036 0.713802 0.00517421 0.00338328 0.000349812
145.46 1.23491 1.2705 0.713838 0.00528185 0.00350688 0.000901763
145.48 1.23511 1.27064 0.713894 0.00484296 0.0035308 0.00139649
145.5 1.23527 1.27078 0.713956 0.004043 0.00344959 0.00156389
145.52 1.2354 1.27091 0.714011 0.00324872 0.00333927 0.00136346
145.54 1.23551 1.27104 0.714048 0.0028137 0.00328921 0.000939442
145.56 1.23563 1.27118 0.714067 0.00292578 0.0033706 0.000465974
145.58 1.23577 1.27132 0.71407 0.00353087 0.00360694 6.49152e-05
145.6 1.23594 1.27148 0.714063 0.00438168 0.00393773 -0.000176426
145.62 1.23615 1.27165 0.714056 0.00516792 0.00422846 -0.000175662
145.64 1.23638 1.27182 0.714061 0.00563864 0.00435505 0.000126108
145.66 1.2366 1.27199 0.714089 0.00564126 0.00428958 0.000708065
145.68 1.23681 1.27216 0.714146 0.0051219 0.00409808 0.00142256
145.7 1.23698 1.27231 0.714226 0.00420212 0.00389321 0.0019987
145.72 1.2371 1.27246 0.714312 0.00323602 0.00381558 0.00215543
145.74 1.23721 1.27262 0.714384 0.00270658 0.0039812 0.00179053
145.76 1.23733 1.2728 0.714426 0.00296091 0.00435397 0.00106039
145.78 1.23749 1.27299 0.714436 0.00396208 0.00470576 0.000259004
145.8 1.2377 1.27318 0.714421 0.00525002 0.00477079 -0.000378156
145.82 1.23795 1.27336 0.71439 0.006176 0.00447061 -0.000771381
145.84 1.2382 1.27352 0.714353 0.00627565 0.00398852 -0.00094062
145.86 1.23842 1.27366 0.714317 0.00551725 0.00364472 -0.000900325
145.88 1.23859 1.27381 0.714292 0.00428752 0.00371654 -0.000628099
145.9 1.23872 1.27398 0.714287 0.00316095 0.00426078 -0.000123485
145.92 1.23882 1.27418 0.714307 0.00261465 0.00501925 0.000501672
145.94 1.23893 1.2744 0.714347 0.00282097 0.00557003 0.00100973
145.96 1.23908 1.27463 0.714394 0.00357927 0.00565054 0.00116434
145.98 1.23925 1.27484 0.71443 0.00442868 0.00533717 0.000906558
146 1.23945 1.27504 0.714446 0.00488923 0.00491015 0.000393148
146.02 1.23964 1.27522 0.714441 0.00471211 0.00460057 -0.000112803
146.04 1.2398 1.2754 0.714426 0.0040021 0.00448841 -0.000373619
146.06 1.23992 1.27558 0.714415 0.00313658 0.0045371 -0.000281271
146.08 1.24002 1.27577 0.714418 0.00252707 0.0046701 6.54396e-05
146.1 1.24012 1.27597 0.714433 0.00238896 0.0048615 0.000391559
146.12 1.24023 1.27617 0.714451 0.0026671 0.0051505 0.000452428
146.14 1.24035 1.27639 0.714462 0.00314275 0.00556581 0.000262451
146.16 1.2405 1.27664 0.714466 0.00357164 0.00604088 9.5447e-05
146.18 1.24065 1.27689 0.714475 0.00376123 0.00640463 0.000243557
146.2 1.24079 1.27715 0.714506 0.00360611 0.00647394 0.00075714
146.22 1.24091 1.2774 0.714561 0.00310175 0.00618003 0.00138138
146.24 1.24101 1.27762 0.714631 0.00239036 0.00565612 0.00175641
146.26 1.24108 1.27783 0.714699 0.00178553 0.00519679 0.0017022
146.28 1.24115 1.27803 0.714753 0.0016163 0.00505852 0.00132943
146.3 1.24123 1.27825 0.714789 0.00197996 0.00526189 0.000913204
146.32 1.24133 1.27847 0.714815 0.00266788 0.00556148 0.000660921
146.34 1.24147 1.27869 0.714838 0.00333221 0.00560502 0.00056469
146.36 1.24161 1.2789 0.714856 0.0036835 0.00517294 0.00045829
146.38 1.24176 1.27907 0.714865 0.00360713 0.00433954 0.000216033
146.4 1.24188 1.27921 0.714861 0.00317723 0.00345122 -9.79661e-05
146.42 1.24199 1.27933 0.714851 0.00258902 0.00292973 -0.000259031
146.44 1.24207 1.27945 0.714848 0.00207244 0.00298652 -6.69305e-05
146.46 1.24214 1.27959 0.714867 0.00183889 0.00346648 0.000461858
146.48 1.24222 1.27974 0.714909 0.00202173 0.00395126 0.00104962
146.5 1.24233 1.2799 0.714961 0.00258204 0.00402619 0.00131825
146.52 1.24246 1.28005 0.715003 0.00327656 0.0035415 0.00104513
146.54 1.24261 1.28016 0.715016 0.0037814 0.00271135 0.000325777
146.56 1.24277 1.28023 0.714996 0.00390228 0.00197342 -0.000491218
146.58 1.24291 1.2803 0.714955 0.00369465 0.00171188 -0.00103854
146.6 1.24305 1.28038 0.71491 0.00339757 0.00205647 -0.00112351
146.62 1.24318 1.2805 0.714879 0.00327961 0.00285179 -0.000777008
146.64 1.24332 1.28065 0.714871 0.00350728 0.00372571 -0.000195493
146.66 1.24348 1.28082 0.714885 0.00407341 0.00426961 0.000343518
146.68 1.24368 1.28099 0.714908 0.00479399 0.00428989 0.000574226
146.7 1.24389 1.28115 0.714923 0.0054035 0.00393049 0.000368817
146.72 1.24412 1.28129 0.714917 0.00570532 0.00353047 -0.000147151
146.74 1.24435 1.28142 0.714892 0.00566061 0.00337216 -0.000607013
146.76 1.24456 1.28156 0.714868 0.00537716 0.00353075 -0.000600701
146.78 1.24476 1.28172 0.71487 0.00503948 0.00386474 4.21381e-05
146.8 1.24496 1.28189 0.714914 0.00481062 0.00415012 0.00110654
146.82 1.24515 1.28206 0.714999 0.00474492 0.00425823 0.00211261
146.84 1.24534 1.28222 0.715103 0.00477051 0.00421663 0.00261152
146.86 1.24553 1.28239 0.715201 0.00477915 0.00414212 0.00243715
146.88 1.24572 1.28256 0.715271 0.00471917 0.00415026 0.00174684
146.9 1.2459 1.28273 0.715305 0.00462458 0.00430279 0.000858722
146.92 1.24609 1.28291 0.715307 0.00457813 0.00458694 4.57879e-05
146.94 1.24627 1.28311 0.715285 0.00465668 0.00492263 -0.000546456
146.96 1.24647 1.28332 0.715251 0.00489604 0.00520315 -0.000838372
146.98 1.24668 1.28353 0.715222 0.00524728 0.00533733 -0.000729889
147 1.2469 1.28374 0.715217 0.00555293 0.00527474 -0.000122997
147.02 1.24712 1.28394 0.715255 0.00562087 0.0050181 0.000931756
147.04 1.24734 1.28413 0.71534 0.00534141 0.00462758 0.00212663
147.06 1.24753 1.2843 0.71546 0.00476954 0.00422206 0.00299926
147.08 1.24769 1.28445 0.715587 0.00408902 0.00394161 0.00317406
147.1 1.24783 1.28461 0.715688 0.00351084 0.00387609 0.00254379
147.12 1.24796 1.28477 0.715741 0.0031545 0.00401949 0.00132234
147.14 1.24808 1.28494 0.71574 0.00301543 0.00424524 -2.88288e-05
147.16 1.2482 1.28511 0.715701 0.00307354 0.00435849 -0.000985286
147.18 1.24834 1.28528 0.715653 0.00336494 0.00424859 -0.00120213
147.2 1.24849 1.28545 0.715626 0.00389243 0.00404939 -0.000673239
147.22 1.24867 1.28561 0.715637 0.00448399 0.00407971 0.000294574
147.24 1.24886 1.28579 0.715688 0.00480626 0.0045276 0.00125781
147.26 1.24905 1.286 0.715762 0.00459971 0.00522478 0.00185297
147.28 1.2492 1.28623 0.715839 0.00389524 0.00572509 0.0019283
147.3 1.24932 1.28645 0.7159 0.00298708 0.00560151 0.00153275
147.32 1.24941 1.28664 0.715933 0.00225208 0.00474274 0.000830373
147.34 1.24949 1.28678 0.715935 0.00197398 0.00346174 3.46725e-05
147.36 1.24958 1.28687 0.715911 0.00219354 0.00236511 -0.000608752
147.38 1.24969 1.28696 0.715875 0.00265095 0.00201745 -0.000886218
147.4 1.2498 1.28706 0.715846 0.00296532 0.00260116 -0.000729974
147.42 1.24992 1.28721 0.715835 0.00294179 0.00381306 -0.000280225
147.44 1.25003 1.28741 0.715842 0.00270593 0.0050592 0.000180825
147.46 1.25013 1.28765 0.715857 0.00253891 0.00579274 0.000377759
147.48 1.25024 1.28788 0.715864 0.0025938 0.00575444 0.000183488
147.5 1.25035 1.28808 0.715853 0.00276356 0.00504732 -0.000284878
147.52 1.25046 1.28824 0.715825 0.00279341 0.00405459 -0.000693204
147.54 1.25056 1.28837 0.715798 0.00252678 0.00321709 -0.000672193
147.56 1.25064 1.28848 0.715796 0.00209779 0.00283467 -6.26196e-05
147.58 1.25072 1.2886 0.715834 0.00186181 0.00300237 0.00094532
147.6 1.2508 1.28875 0.715909 0.00210813 0.0036001 0.00188738
147.62 1.25092 1.28892 0.716 0.00283751 0.00431776 0.00227149
147.64 1.25107 1.28911 0.716074 0.00376071 0.00480797 0.00186147
147.66 1.25125 1.28931 0.716108 0.00447594 0.00489696 0.000832436
147.68 1.25143 1.28949 0.716094 0.00470094 0.00465072 -0.000333965
147.7 1.25161 1.28966 0.716048 0.00442229 0.00426498 -0.001166
147.72 1.25177 1.28982 0.715989 0.00390709 0.00391373 -0.0014653
147.74 1.25191 1.28997 0.715937 0.00353597 0.00366402 -0.00129639
147.76 1.25205 1.29011 0.715906 0.00353892 0.00348923 -0.000781133
147.78 1.2522 1.29024 0.715907 0.00384405 0.00333707 2.49958e-05
147.8 1.25237 1.29037 0.715949 0.00415663 0.00320456 0.00105754
147.82 1.25254 1.29049 0.716034 0.00419013 0.00315146 0.00210448
147.84 1.25269 1.29062 0.716146 0.00386271 0.00326265 0.00280925
147.86 1.25282 1.29077 0.716261 0.00333769 0.00356836 0.00286573
147.88 1.25294 1.29093 0.71635 0.00290091 0.00395335 0.00223982
147.9 1.25305 1.29109 0.7164 0.00280146 0.00419599 0.00124351
147.92 1.25318 1.29126 0.716416 0.0031421 0.00414702 0.000402144
147.94 1.25333 1.29141 0.716422 0.00383602 0.00383715 0.000148614
147.96 1.25352 1.29155 0.716443 0.00465421 0.00341719 0.000526177
147.98 1.25373 1.29167 0.71649 0.00532892 0.00304935 0.00117268
148 1.25396 1.29178 0.716554 0.00562233 0.00283431 0.00161085
148.02 1.25417 1.2919 0.716617 0.0053931 0.00277327 0.00157118
148.04 1.25436 1.29201 0.716662 0.00470858 0.00279794 0.00111101
148.06 1.25452 1.29212 0.716683 0.00388072 0.00284835 0.000529604
148.08 1.25465 1.29224 0.71669 0.0033077 0.00289893 0.000172537
148.1 1.25478 1.29236 0.716699 0.00322422 0.00293595 0.000225582
148.12 1.25492 1.29247 0.716723 0.00357118 0.00295833 0.000597351
148.14 1.25508 1.29259 0.716762 0.00406727 0.00300426 0.00098551
148.16 1.25526 1.29272 0.716805 0.0044041 0.00312501 0.00108492
148.18 1.25544 1.29285 0.716836 0.00442758 0.00332055 0.000759609
148.2 1.2556 1.29299 0.716839 0.00421074 0.00350761 8.23228e-05
148.22 1.25576 1.29314 0.716811 0.00396853 0.0035882 -0.000708921
148.24 1.25592 1.29328 0.716759 0.00385543 0.00357153 -0.00130424
148.26 1.25607 1.29342 0.7167 0.00383234 0.00359527 -0.00146684
148.28 1.25622 1.29357 0.716654 0.00373509 0.00381798 -0.00113451
148.3 1.25636 1.29375 0.716638 0.00345056 0.00427306 -0.000416417
148.32 1.25648 1.29394 0.716657 0.00305077 0.00478055 0.000470949
148.34 1.25659 1.29414 0.716708 0.0027874 0.00504748 0.00128554
148.36 1.25671 1.29434 0.716782 0.002924 0.00491029 0.00183758
148.38 1.25685 1.29451 0.716863 0.00352263 0.00449519 0.00202957
148.4 1.25702 1.29468 0.716937 0.00436712 0.00412338 0.00185964
148.42 1.25723 1.29484 0.716993 0.00507856 0.00407157 0.00140829
148.44 1.25744 1.29502 0.717026 0.00533077 0.00442335 0.000820863
148.46 1.25764 1.29522 0.717038 0.00503736 0.00502945 0.000280698
148.48 1.25782 1.29544 0.717036 0.00437827 0.00555844 -3.99534e-05
148.5 1.25796 1.29567 0.717034 0.00366486 0.00569919 -4.28771e-05
148.52 1.25809 1.29589 0.717044 0.00318055 0.00539453 0.000237559
148.54 1.25821 1.29608 0.717069 0.00308435 0.00487561 0.000636455
148.56 1.25835 1.29626 0.717107 0.00336823 0.00445942 0.00095586
148.58 1.2585 1.29643 0.71715 0.00385109 0.0043061 0.00106719
148.6 1.25867 1.29661 0.717188 0.00427066 0.00435198 0.000947331
148.62 1.25885 1.29679 0.717216 0.00446746 0.00445963 0.000696041
148.64 1.25903 1.29697 0.717237 0.00447814 0.00460218 0.0005164
148.66 1.25921 1.29716 0.71726 0.00443113 0.00488258 0.000588667
148.68 1.25938 1.29738 0.717296 0.00437021 0.00537607 0.000902164
148.7 1.25955 1.29762 0.717345 0.00420029 0.00598403 0.00121962
148.72 1.2597 1.29788 0.717395 0.00380272 0.00645856 0.00124483
148.74 1.25983 1.29814 0.717429 0.00322498 0.00656207 0.00084535
148.76 1.25994 1.29839 0.717433 0.00275377 0.0062401 0.000122266
148.78 1.26005 1.29862 0.717406 0.00274723 0.00569415 -0.000683287
148.8 1.26019 1.29883 0.717353 0.00332024 0.00527183 -0.0013194
148.82 1.26035 1.29904 0.717288 0.00417418 0.00521272 -0.00162201
148.84 1.26054 1.29926 0.717226 0.0047704 0.00547845 -0.00155042
148.86 1.26073 1.29949 0.717181 0.00472759 0.00583242 -0.0011393
148.88 1.2609 1.29973 0.717163 0.00410797 0.00603609 -0.000457311
148.9 1.26103 1.29997 0.717177 0.0033802 0.00596504 0.000356707
148.92 1.26115 1.30019 0.71722 0.00305359 0.00561603 0.00106894
148.94 1.26128 1.3004 0.717277 0.00327156 0.00507932 0.00143682
148.96 1.26143 1.30058 0.717331 0.00374118 0.00450164 0.00135392
148.98 1.2616 1.30074 0.717368 0.00403937 0.00404931 0.000923246
149 1.26175 1.30089 0.717384 0.00396495 0.00387767 0.000402665
149.02 1.2619 1.30106 0.717386 0.003624 0.00407244 4.8668e-05
149.04 1.26203 1.30124 0.717385 0.00328074 0.00454832 -2.87565e-05
149.06 1.26216 1.30144 0.717389 0.00315593 0.00499838 9.70348e-05
149.08 1.26229 1.30164 0.717399 0.00329579 0.00504125 0.000257104
149.1 1.26243 1.30182 0.717411 0.0035876 0.00446407 0.000303575
149.12 1.26259 1.30195 0.717419 0.00386775 0.00338521 0.000194912
149.14 1.26275 1.30205 0.717421 0.00400987 0.00227176 3.71493e-05
149.16 1.26291 1.30211 0.717422 0.00398576 0.00172723 2.86086e-05
149.18 1.26306 1.3022 0.717434 0.00389688 0.00208392 0.000299396
149.2 1.26322 1.30232 0.717466 0.0039001 0.00311856 0.000797105
149.22 1.26338 1.30249 0.717518 0.0040693 0.00416543 0.00131575
149.24 1.26355 1.30267 0.717583 0.00431004 0.00456968 0.00161792
149.26 1.26373 1.30284 0.717646 0.00439848 0.00412207 0.00156674
149.28 1.2639 1.30296 0.717693 0.00414965 0.00315785 0.00118782
149.3 1.26404 1.30305 0.717719 0.00361229 0.00230275 0.000642808
149.32 1.26416 1.30314 0.717725 0.00306515 0.00208061 0.000146146
149.34 1.26427 1.30324 0.717719 0.00279216 0.00259427 -0.000150281
149.36 1.26439 1.30338 0.71771 0.0028616 0.00345063 -0.000218386
149.38 1.26451 1.30354 0.717705 0.00308639 0.00403669 -0.000113162
149.4 1.26464 1.3037 0.717709 0.00320358 0.0039717 0.000100772
149.42 1.26477 1.30383 0.717725 0.00310388 0.00335335 0.000375331
149.44 1.26488 1.30394 0.717752 0.00290099 0.00262112 0.00067624
149.46 1.26499 1.30403 0.717791 0.00276874 0.00219767 0.000976332
149.48 1.2651 1.30412 0.71784 0.00274465 0.00223529 0.00124158
149.5 1.26521 1.30422 0.717897 0.00271745 0.00258872 0.00141656
149.52 1.26531 1.30434 0.717955 0.00257098 0.00296149 0.00144737
149.54 1.26541 1.30446 0.718008 0.00232802 0.00312559 0.00132063
149.56 1.26549 1.30459 0.718051 0.00218976 0.00307162 0.00107564
149.58 1.26559 1.3047 0.718083 0.00241057 0.00295682 0.000809822
149.6 1.26571 1.30482 0.718108 0.00306425 0.00291158 0.000631124
149.62 1.26587 1.30494 0.718132 0.00391962 0.00291753 0.000586597
149.64 1.26605 1.30505 0.718158 0.00456 0.00286296 0.000667514
149.66 1.26624 1.30516 0.718193 0.00464933 0.00271575 0.000854604
149.68 1.2664 1.30527 0.718238 0.00414226 0.00261901 0.00112095
149.7 1.26654 1.30538 0.718293 0.00330252 0.00278903 0.00138234
149.72 1.26664 1.30551 0.718351 0.00252999 0.00328528 0.00145979
149.74 1.26672 1.30566 0.718397 0.00215792 0.00387093 0.00115745
149.76 1.26682 1.30583 0.718415 0.00230759 0.00413373 0.000449968
149.78 1.26693 1.30598 0.718399 0.00285373 0.00378348 -0.000407582
149.8 1.26707 1.3061 0.718359 0.00352304 0.0028992 -0.0010025
149.82 1.26723 1.30617 0.718318 0.00404662 0.00193619 -0.00103732
149.84 1.2674 1.30623 0.718296 0.00428469 0.00147694 -0.000529217
149.86 1.26757 1.30631 0.718304 0.00425681 0.00188098 0.000196725
149.88 1.26774 1.30643 0.718333 0.00407495 0.00301079 0.000713041
149.9 1.26789 1.3066 0.718363 0.00386597 0.00426249 0.000757793
149.92 1.26804 1.3068 0.718378 0.00373126 0.0049644 0.000361209
149.94 1.26819 1.30699 0.718368 0.00373084 0.00484857 -0.000236882
149.96 1.26835 1.30716 0.718338 0.00386626 0.00418558 -0.000743972
149.98 1.26851 1.3073 0.718301 0.00408085 0.00351099 -0.000944418
150 1.26868 1.30743 0.718268 0.00429181 0.00322224 -0.000805177
150.02 1.26886 1.30756 0.718249 0.00443666 0.00335916 -0.000474306
150.04 1.26904 1.30771 0.718244 0.00451025 0.00371486 -0.000136857
150.06 1.26922 1.30787 0.71825 0.00457051 0.00408644 0.000142985
150.08 1.26941 1.30805 0.718267 0.00470812 0.00443079 0.000443875
150.1 1.26961 1.30825 0.718301 0.00498152 0.00483689 0.000851078
150.12 1.26982 1.30846 0.718354 0.00534521 0.00536464 0.00130747
150.14 1.27005 1.3087 0.718418 0.00562799 0.00590509 0.00161123
150.16 1.27027 1.30894 0.71848 0.00563539 0.00621711 0.00155441
150.18 1.27049 1.30919 0.718524 0.00533104 0.00613874 0.00109493
150.2 1.27068 1.30942 0.718542 0.00490561 0.00578017 0.0004391
150.22 1.27087 1.30964 0.71854 0.004644 0.00548184 -5.19866e-05
150.24 1.27106 1.30986 0.718536 0.00472619 0.00553395 -9.78868e-05
150.26 1.27126 1.3101 0.718548 0.00511177 0.0059168 0.000296594
150.28 1.27148 1.31035 0.718581 0.00556169 0.00634054 0.000839124
150.3 1.27171 1.31061 0.718627 0.00577093 0.00650097 0.00115768
150.32 1.27194 1.31086 0.71867 0.00553539 0.00627945 0.00105608
150.34 1.27213 1.3111 0.718695 0.00487662 0.00578156 0.000625481
150.36 1.27229 1.3113 0.7187 0.00405885 0.00523445 0.000142226
150.38 1.27243 1.3115 0.718695 0.00345743 0.0048276 -0.000131648
150.4 1.27256 1.31168 0.718691 0.00331208 0.00461722 -0.000101781
150.42 1.27271 1.31186 0.718697 0.00357457 0.00455925 0.000140389
150.44 1.27287 1.31205 0.718714 0.00395704 0.00458094 0.000435317
150.46 1.27303 1.31223 0.718741 0.00414037 0.00461015 0.000665576
150.48 1.27319 1.31242 0.718771 0.00398319 0.00458308 0.000751241
150.5 1.27333 1.31259 0.718796 0.00359019 0.00446332 0.000627974
150.52 1.27346 1.31276 0.718808 0.00324784 0.00426182 0.000296724
150.54 1.27359 1.31293 0.718802 0.00323946 0.00402987 -0.000143351
150.56 1.27374 1.31308 0.71878 0.00359187 0.00380904 -0.000546424
150.58 1.2739 1.31322 0.718749 0.00400002 0.00359831 -0.00077615
150.6 1.27406 1.31336 0.718721 0.0040759 0.00338042 -0.000711093
150.62 1.27421 1.31348 0.71871 0.00371102 0.00318136 -0.000264478
150.64 1.27434 1.31361 0.718732 0.00318621 0.00310443 0.000558582
150.66 1.27445 1.31374 0.718797 0.00292595 0.00330009 0.00160659
150.68 1.27458 1.3139 0.718899 0.00314766 0.00386063 0.00256731
150.7 1.27473 1.31408 0.719021 0.00370375 0.00465232 0.00304706
150.72 1.2749 1.31429 0.719132 0.00420597 0.00526533 0.00276481
150.74 1.27507 1.3145 0.719202 0.00430916 0.00525123 0.00176397
150.76 1.27523 1.31468 0.719221 0.00396624 0.0044807 0.000456806
150.78 1.27536 1.31481 0.719197 0.00345664 0.00330516 -0.000604721
150.8 1.27549 1.31491 0.719154 0.00314516 0.00236471 -0.00106239
150.82 1.27562 1.315 0.719118 0.00317348 0.00219392 -0.000896677
150.84 1.27575 1.31511 0.719106 0.00336636 0.00290223 -0.000313832
150.86 1.27589 1.31528 0.719123 0.00346157 0.00412229 0.0004395
150.88 1.27603 1.31549 0.719169 0.00339305 0.00522925 0.00114819
150.9 1.27616 1.31571 0.719234 0.0033444 0.00569909 0.00162243
150.92 1.2763 1.31593 0.719303 0.00357263 0.00542154 0.00173638
150.94 1.27647 1.31612 0.719364 0.00417558 0.00472571 0.0015021
150.96 1.27667 1.31628 0.719406 0.00495218 0.00409799 0.00107309
150.98 1.27689 1.31644 0.719433 0.0054824 0.00384352 0.000654657
151 1.2771 1.3166 0.719448 0.00541108 0.00394822 0.00039563
151.02 1.27729 1.31676 0.719462 0.0047358 0.00419496 0.000331519
151.04 1.27745 1.31694 0.719478 0.00382481 0.00440109 0.000403905
151.06 1.27757 1.31712 0.719498 0.00314043 0.00456165 0.000510281
151.08 1.27769 1.31731 0.719522 0.00292857 0.00476369 0.000583046
151.1 1.27781 1.31751 0.719548 0.00311849 0.00499415 0.000658416
151.12 1.27795 1.31771 0.719582 0.00344768 0.00507693 0.000840072
151.14 1.2781 1.31791 0.719628 0.00368279 0.00478859 0.0011653
151.16 1.27825 1.31807 0.719689 0.0037891 0.00407551 0.00152102
151.18 1.27841 1.3182 0.719757 0.00387843 0.00318199 0.00168786
151.2 1.27857 1.3183 0.719816 0.0039872 0.00254385 0.00147872
151.22 1.27872 1.3184 0.719852 0.00398104 0.00251632 0.000900466
151.24 1.27887 1.31852 0.719859 0.00371906 0.00313013 0.000194389
151.26 1.279 1.31869 0.719848 0.00325533 0.00401832 -0.000287326
151.28 1.27912 1.31887 0.719836 0.00280658 0.00460016 -0.000289541
151.3 1.27922 1.31905 0.719843 0.00254385 0.00445511 0.000174859
151.32 1.27932 1.31919 0.719876 0.00246134 0.00361711 0.000807333
151.34 1.27941 1.31929 0.719924 0.00241325 0.00256716 0.00119836
151.36 1.2795 1.31937 0.719967 0.00226551 0.00190959 0.00108862
151.38 1.27958 1.31945 0.719988 0.0020454 0.00197347 0.000524739
151.4 1.27966 1.31955 0.719981 0.00194002 0.00262296 -0.000171413
151.42 1.27975 1.31969 0.719958 0.00213541 0.00339612 -0.000571895
151.44 1.27985 1.31985 0.719943 0.00263293 0.00386526 -0.000390694
151.46 1.27998 1.32 0.719955 0.00320508 0.00390227 0.000298205
151.48 1.28012 1.32015 0.719996 0.00356387 0.00368008 0.00104083
151.5 1.28027 1.32029 0.720047 0.00358449 0.00350657 0.00127648
151.52 1.2804 1.32043 0.720077 0.00339998 0.00361107 0.000734199
151.54 1.28054 1.32059 0.720062 0.00330294 0.00397124 -0.000363752
151.56 1.28068 1.32077 0.720005 0.00351094 0.00432584 -0.00143848
151.58 1.28084 1.32094 0.719928 0.00397941 0.00439433 -0.00191748
151.6 1.28101 1.32111 0.719865 0.00444251 0.0041259 -0.00157407
151.62 1.2812 1.32126 0.71984 0.00464894 0.00376893 -0.000625797
151.64 1.28138 1.3214 0.719858 0.00456497 0.00366797 0.000454381
151.66 1.28156 1.32156 0.719908 0.0043669 0.00396701 0.00124743
151.68 1.28173 1.32174 0.719972 0.00429046 0.0044969 0.00159877
151.7 1.28191 1.32194 0.720036 0.00447754 0.00491897 0.00160896
151.72 1.2821 1.32214 0.720095 0.00487875 0.00497408 0.00147348
151.74 1.28231 1.32232 0.720148 0.00528457 0.00464478 0.00132867
151.76 1.28253 1.32249 0.720197 0.00550702 0.00413903 0.00120685
151.78 1.28276 1.32264 0.720241 0.00553796 0.00372857 0.00110941
151.8 1.28298 1.32278 0.720285 0.00551008 0.00359685 0.00108497
151.82 1.2832 1.32293 0.720332 0.00552649 0.00380351 0.00119044
151.84 1.28342 1.32311 0.720388 0.00556955 0.0042864 0.00138827
151.86 1.28364 1.3233 0.72045 0.0055345 0.00486478 0.00155705
151.88 1.28385 1.32351 0.720514 0.00530287 0.00529547 0.00160049
151.9 1.28405 1.32373 0.720574 0.00483266 0.00538956 0.00149931
151.92 1.28422 1.32393 0.720626 0.00423924 0.00510654 0.00128915
151.94 1.28437 1.32411 0.720667 0.00377617 0.00454991 0.00102679
151.96 1.28451 1.32427 0.720698 0.00369099 0.0039437 0.000792391
151.98 1.28468 1.32442 0.720726 0.00406175 0.0035824 0.000695314
152 1.28487 1.32456 0.720759 0.00471397 0.00367774 0.000817339
152.02 1.28508 1.32473 0.720804 0.00529222 0.004191 0.00112812
152.04 1.2853 1.32492 0.720863 0.00548226 0.00483556 0.00147916
152.06 1.2855 1.32513 0.720931 0.00520618 0.00526439 0.00170171
152.08 1.28569 1.32535 0.721 0.00461317 0.00530302 0.0017107
152.1 1.28585 1.32555 0.72106 0.00396065 0.00503838 0.00151663
152.12 1.28599 1.32574 0.721107 0.00349153 0.00472504 0.00117141
152.14 1.28612 1.32592 0.721136 0.00330667 0.0045829 0.000725947
152.16 1.28625 1.3261 0.721145 0.00331533 0.00462444 0.000227852
152.18 1.28638 1.32629 0.721135 0.00332221 0.00465918 -0.000255167
152.2 1.28651 1.32647 0.72111 0.00319069 0.00448553 -0.000614034
152.22 1.28663 1.32663 0.721083 0.00293634 0.00409104 -0.000691019
152.24 1.28674 1.32678 0.721068 0.00269236 0.00366628 -0.000377308
152.26 1.28684 1.32692 0.721077 0.00260186 0.00343794 0.000243872
152.28 1.28695 1.32706 0.721113 0.00268481 0.00349983 0.000876029
152.3 1.28706 1.32721 0.72116 0.00280388 0.00377795 0.00118012
152.32 1.28717 1.32738 0.7212 0.00280699 0.0041383 0.00101737
152.34 1.28728 1.32755 0.721222 0.00269012 0.00447566 0.000544491
152.36 1.28738 1.32774 0.721226 0.00258828 0.00470835 9.71565e-05
152.38 1.28749 1.32793 0.721224 0.00262054 0.00477344 -4.49371e-05
152.4 1.2876 1.32812 0.721231 0.00278955 0.00465277 0.000154963
152.42 1.28772 1.32829 0.72125 0.00300244 0.00437324 0.000486814
152.44 1.28785 1.32845 0.721277 0.00314601 0.00398889 0.00066678
152.46 1.28797 1.3286 0.721299 0.00316976 0.00359026 0.000560989
152.48 1.2881 1.32873 0.72131 0.00314073 0.0033089 0.000281602
152.5 1.28823 1.32886 0.721313 0.00319194 0.00327665 7.81607e-05
152.52 1.28836 1.329 0.721318 0.00339259 0.00353605 0.000122924
152.54 1.28851 1.32916 0.721334 0.0036769 0.00397325 0.000379448
152.56 1.28867 1.32934 0.72136 0.00389935 0.00434783 0.000662091
152.58 1.28882 1.32951 0.721391 0.00392795 0.00442772 0.000784985
152.6 1.28897 1.32968 0.721418 0.00369938 0.00413576 0.000662253
152.62 1.2891 1.32982 0.721432 0.00327454 0.00358672 0.000344772
152.64 1.28922 1.32994 0.721432 0.00287738 0.00302448 -5.35526e-06
152.66 1.28933 1.33005 0.721423 0.00278099 0.00272107 -0.00021556
152.68 1.28945 1.33016 0.721414 0.00308279 0.00284489 -0.000210215
152.7 1.2896 1.3303 0.721413 0.00360765 0.00335375 -2.57404e-05
152.72 1.28976 1.33046 0.721423 0.00404342 0.00402111 0.000240642
152.74 1.28992 1.33064 0.721442 0.00417249 0.00457313 0.000479368
152.76 1.29009 1.33084 0.721467 0.00400967 0.00480934 0.00061263
152.78 1.29023 1.33102 0.721492 0.00374109 0.00465763 0.000629325
152.8 1.29038 1.33119 0.721516 0.00352804 0.00419995 0.000605013
152.82 1.29051 1.33134 0.721543 0.00339181 0.00364861 0.000674063
152.84 1.29064 1.33147 0.721581 0.00328814 0.00328108 0.000954847
152.86 1.29077 1.3316 0.72164 0.00321227 0.00333952 0.00145671
152.88 1.2909 1.33176 0.721721 0.00320734 0.00388409 0.00202807
152.9 1.29103 1.33194 0.721817 0.00328798 0.00468121 0.00240901
152.92 1.29117 1.33215 0.721913 0.00336061 0.00529763 0.0023875
152.94 1.2913 1.33237 0.72199 0.00325366 0.00538809 0.00194142
152.96 1.29141 1.33257 0.72204 0.00289337 0.0049345 0.0012473
152.98 1.29151 1.33274 0.722063 0.00246046 0.00424663 0.000577302
153 1.2916 1.33289 0.722071 0.0023043 0.00378079 0.000184447
153.02 1.29171 1.33304 0.72208 0.00265531 0.0038797 0.000233373
153.04 1.29184 1.33323 0.722109 0.00340334 0.00453523 0.000731598
153.06 1.29201 1.33344 0.722168 0.00413199 0.00534719 0.00147165
153.08 1.29219 1.33367 0.722252 0.00438375 0.00576334 0.00208732
153.1 1.29234 1.33389 0.722342 0.00398773 0.00544244 0.0022508
153.12 1.29247 1.33407 0.722416 0.0031898 0.00448002 0.00185239
153.14 1.29257 1.3342 0.722457 0.00247242 0.00335879 0.00102907
153.16 1.29266 1.33431 0.722461 0.00221963 0.00265976 9.85026e-05
153.18 1.29276 1.33442 0.722439 0.00250137 0.00274047 -0.000546852
153.2 1.29288 1.33456 0.722414 0.00312111 0.00356728 -0.000624055
153.22 1.29304 1.33475 0.722408 0.00383359 0.00474948 -0.000153568
153.24 1.29322 1.33498 0.722429 0.0045072 0.00573684 0.000536602
153.26 1.29342 1.33522 0.722471 0.00510103 0.00608386 0.0010337
153.28 1.29364 1.33545 0.722515 0.00553116 0.00566005 0.00110907
153.3 1.29387 1.33564 0.722549 0.00563703 0.00470814 0.000840079
153.32 1.29408 1.33579 0.722569 0.00532348 0.00370063 0.000516425
153.34 1.29427 1.33591 0.722585 0.004667 0.00306085 0.000395929
153.36 1.29442 1.33603 0.722606 0.00389186 0.00293962 0.000518953
153.38 1.29456 1.33615 0.722635 0.00328445 0.0031783 0.000726504
153.4 1.29468 1.33629 0.722667 0.00310714 0.00345926 0.000800225
153.42 1.29482 1.33643 0.722692 0.00351059 0.003533 0.00061698
153.44 1.295 1.33657 0.722701 0.00444085 0.00336517 0.000238974
153.46 1.29522 1.33669 0.722696 0.00562232 0.00313741 -0.000119466
153.48 1.29549 1.33682 0.722686 0.00664479 0.0030984 -0.000246238
153.5 1.29577 1.33695 0.722683 0.00712567 0.00334878 -7.85217e-05
153.52 1.29605 1.3371 0.722695 0.00686184 0.00374217 0.000282223
153.54 1.29628 1.33726 0.722721 0.00591363 0.00399085 0.00066946
153.56 1.29647 1.33741 0.72276 0.00463506 0.00386818 0.000972529
153.58 1.29661 1.33755 0.722807 0.00359623 0.00336146 0.00116621
153.6 1.29675 1.33766 0.722857 0.00330912 0.00269469 0.00125801
153.62 1.2969 1.33774 0.722907 0.00390024 0.00219567 0.00123683
153.64 1.2971 1.33783 0.72295 0.00500183 0.00209843 0.00107697
153.66 1.29734 1.33792 0.722981 0.00596688 0.00240938 0.000775358
153.68 1.29759 1.33804 0.722996 0.00627485 0.00292163 0.000387862
153.7 1.29783 1.33818 0.722998 0.00583217 0.00335449 4.93216e-05
153.72 1.29802 1.33832 0.722996 0.00497865 0.0035367 -6.71777e-05
153.74 1.29819 1.33846 0.723001 0.00421259 0.00350248 0.000125923
153.76 1.29835 1.33859 0.723023 0.00385208 0.00341945 0.00055168
153.78 1.2985 1.33873 0.723065 0.00386755 0.00344192 0.00104835
153.8 1.29866 1.33888 0.723125 0.00398651 0.00359668 0.00150532
153.82 1.29882 1.33903 0.7232 0.00395793 0.00377941 0.00187817
153.84 1.29897 1.33918 0.723285 0.00372512 0.00385519 0.00212036
153.86 1.29911 1.33933 0.723372 0.00341445 0.00379599 0.00218092
153.88 1.29923 1.33948 0.723455 0.00320687 0.0037342 0.00206361
153.9 1.29936 1.33964 0.723527 0.00318598 0.0038611 0.00181782
153.92 1.29949 1.33981 0.723587 0.00327846 0.0042729 0.00148171
153.94 1.29963 1.34 0.723629 0.00335282 0.00489531 0.00107086
153.96 1.29976 1.34022 0.723653 0.00336983 0.00550855 0.000599037
153.98 1.2999 1.34046 0.723658 0.00340055 0.00586732 0.000110329
154 1.30004 1.34069 0.723647 0.00349532 0.00585741 -0.00027356
154.02 1.30018 1.34091 0.723632 0.00358374 0.00554706 -0.000366597
154.04 1.30032 1.34112 0.72363 0.00353966 0.00511191 -5.22586e-05
154.06 1.30045 1.34131 0.723653 0.00331802 0.00474409 0.000583702
154.08 1.30057 1.34149 0.723703 0.00300091 0.00458602 0.00124999
154.1 1.30068 1.34168 0.723767 0.00273716 0.00467311 0.00158128
154.12 1.30079 1.34188 0.723821 0.00265194 0.00495099 0.00136302
154.14 1.3009 1.34209 0.723849 0.00276445 0.00535518 0.000696148
154.16 1.30102 1.34232 0.723847 0.0029769 0.00582886 -6.03312e-05
154.18 1.30115 1.34257 0.723826 0.00316476 0.00625753 -0.000526696
154.2 1.30128 1.34283 0.723804 0.0032523 0.00645663 -0.000538805
154.22 1.30141 1.34308 0.723795 0.0032128 0.00628753 -0.000220649
154.24 1.30153 1.34332 0.723801 0.00307638 0.00577736 0.000150687
154.26 1.30165 1.34352 0.723816 0.00293564 0.00511489 0.000361577
154.28 1.30176 1.3437 0.723832 0.00291509 0.00452666 0.000395279
154.3 1.30189 1.34387 0.723848 0.00311937 0.00415298 0.00040685
154.32 1.30203 1.34403 0.723871 0.00359239 0.00401345 0.000576703
154.34 1.3022 1.34419 0.723908 0.00426941 0.00404412 0.000930201
154.36 1.3024 1.34436 0.723958 0.00491655 0.00415236 0.00125693
154.38 1.3026 1.34453 0.724009 0.00516434 0.00425287 0.00126404
154.4 1.3028 1.3447 0.724044 0.00476105 0.00429396 0.000871378
154.42 1.30295 1.34487 0.724058 0.00386162 0.00427668 0.000359257
154.44 1.30307 1.34504 0.724066 0.00299309 0.00425376 0.000184224
154.46 1.30318 1.34521 0.72409 0.0026919 0.00429604 0.000600117
154.48 1.3033 1.34539 0.724146 0.00312607 0.00440508 0.0014135
154.5 1.30346 1.34557 0.72423 0.00397366 0.00447562 0.00209147
154.52 1.30365 1.34574 0.724316 0.00463475 0.00437962 0.00214631
154.54 1.30383 1.3459 0.724375 0.00462796 0.00406057 0.00148373
154.56 1.30399 1.34605 0.724394 0.00392178 0.00355729 0.000483977
154.58 1.30411 1.34617 0.724385 0.00295119 0.00300229 -0.00022595
154.6 1.3042 1.34627 0.724378 0.00230387 0.00262467 -0.000174929
154.62 1.30429 1.34638 0.724404 0.00233697 0.0026556 0.000640766
154.64 1.30441 1.3465 0.724474 0.00297773 0.00313458 0.00175621
154.66 1.30456 1.34665 0.724576 0.00379189 0.00379627 0.00253582
154.68 1.30473 1.34682 0.724678 0.00426424 0.00422651 0.00256541
154.7 1.3049 1.34699 0.724753 0.00412765 0.00416102 0.00186822
154.72 1.30504 1.34714 0.724786 0.00349899 0.00364015 0.000831189
154.74 1.30515 1.34725 0.724784 0.00272033 0.00294568 -5.75428e-05
154.76 1.30523 1.34735 0.724765 0.00208916 0.00242324 -0.000478313
154.78 1.3053 1.34744 0.724749 0.00172385 0.00229851 -0.000399504
154.8 1.30536 1.34754 0.724748 0.00159116 0.00256482 -1.35062e-05
154.82 1.30543 1.34767 0.724765 0.00162578 0.00301692 0.000411475
154.84 1.3055 1.3478 0.724791 0.00184011 0.0034138 0.000651058
154.86 1.30559 1.34795 0.724815 0.00230506 0.00361941 0.000595958
154.88 1.30571 1.34809 0.724826 0.00301549 0.00361286 0.0002924
154.9 1.30587 1.34823 0.724823 0.00377505 0.00343904 -8.13558e-05
154.92 1.30604 1.34836 0.72481 0.00423639 0.00318882 -0.000318362
154.94 1.3062 1.34848 0.724798 0.00409365 0.00298003 -0.000307098
154.96 1.30633 1.34859 0.724794 0.0033159 0.00289657 -8.64673e-05
154.98 1.30642 1.34871 0.724802 0.00226326 0.00293326 0.000197307
155 1.30649 1.34883 0.724819 0.00157854 0.00301832 0.000408192
155.02 1.30656 1.34895 0.724839 0.00181005 0.00307721 0.000503302
155.04 1.30668 1.34908 0.724859 0.00299712 0.00309466 0.000511701
155.06 1.30686 1.3492 0.724878 0.00459385 0.00313225 0.000469112
155.08 1.30709 1.34933 0.724894 0.00579421 0.00328489 0.000398441
155.1 1.30733 1.34948 0.724907 0.00601649 0.00360592 0.000333459
155.12 1.30754 1.34964 0.72492 0.00525141 0.00404431 0.000315187
155.14 1.30771 1.34982 0.724934 0.00407524 0.00446981 0.000351446
155.16 1.30784 1.35001 0.72495 0.00330466 0.00475845 0.000399131
155.18 1.30798 1.3502 0.724966 0.00347994 0.0048379 0.000407554
155.2 1.30816 1.35039 0.724981 0.0045355 0.00469497 0.000372985
155.22 1.3084 1.35056 0.724995 0.00588675 0.00438248 0.000338212
155.24 1.30867 1.35073 0.725009 0.00681928 0.00401674 0.00036832
155.26 1.30894 1.35088 0.725031 0.00690032 0.00375596 0.000526542
155.28 1.30919 1.35103 0.725063 0.00619351 0.00374018 0.000813488
155.3 1.3094 1.35118 0.725107 0.00518283 0.00398809 0.00110117
155.32 1.30958 1.35136 0.725154 0.00444357 0.00435704 0.00117581
155.34 1.30975 1.35155 0.72519 0.00427717 0.0046573 0.000907911
155.36 1.30993 1.35174 0.725206 0.00457594 0.00480112 0.000400247
155.38 1.31013 1.35193 0.725204 0.00498066 0.00484705 -5.19104e-05
155.4 1.31034 1.35213 0.725198 0.00516992 0.0049565 -0.00016688
155.42 1.31054 1.35234 0.725203 0.00505884 0.0052824 0.000134169
155.44 1.31073 1.35257 0.725231 0.00479757 0.00581763 0.000705359
155.46 1.31092 1.35283 0.725284 0.00461141 0.00635068 0.00130844
155.48 1.3111 1.35309 0.725355 0.00463069 0.00660904 0.00177785
155.5 1.31129 1.35335 0.725438 0.00483085 0.00646087 0.00207865
155.52 1.3115 1.35359 0.725527 0.00506133 0.00599321 0.00223364
155.54 1.3117 1.35381 0.725617 0.00513284 0.00544437 0.00223315
155.56 1.3119 1.35401 0.725697 0.00493109 0.00508197 0.00202193
155.58 1.31208 1.35421 0.72576 0.004482 0.00507863 0.00155316
155.6 1.31223 1.35443 0.725793 0.0039081 0.0054151 0.000847341
155.62 1.31237 1.35467 0.725795 0.00336869 0.00587109 3.14003e-05
155.64 1.31249 1.35491 0.725768 0.00304881 0.00613171 -0.000663794
155.66 1.31262 1.35515 0.725729 0.00311233 0.00599345 -0.000984591
155.68 1.31276 1.35537 0.725696 0.00358499 0.00553041 -0.000811159
155.7 1.31293 1.35557 0.725686 0.00428746 0.00505435 -0.000246675
155.72 1.31313 1.35577 0.725705 0.00490504 0.00488285 0.00045909
155.74 1.31333 1.35597 0.725747 0.00511711 0.00509974 0.00106497
155.76 1.31352 1.35619 0.725804 0.00471248 0.00545401 0.00141402
155.78 1.31367 1.35641 0.725862 0.00370457 0.00550249 0.00144271
155.8 1.31377 1.35661 0.72591 0.00241655 0.00494785 0.00121098
155.82 1.31382 1.35677 0.725946 0.00141412 0.00391234 0.000908758
155.84 1.31387 1.35688 0.725977 0.00119499 0.00291611 0.00075645
155.86 1.31394 1.35698 0.726011 0.00185309 0.00253003 0.000845388
155.88 1.31406 1.3571 0.726052 0.00300028 0.00295483 0.00104729
155.9 1.31422 1.35726 0.726096 0.00401029 0.00386856 0.00108074
155.92 1.3144 1.35744 0.726125 0.00438865 0.00463003 0.000725663
155.94 1.31456 1.35763 0.726125 0.0040157 0.00468463 1.56595e-05
155.96 1.31469 1.35779 0.726095 0.00317832 0.00391094 -0.000760446
155.98 1.31478 1.35789 0.726046 0.0023894 0.00269406 -0.00121764
156 1.31487 1.35796 0.726003 0.00206529 0.00169166 -0.00108015
156.02 1.31496 1.35802 0.725989 0.00228006 0.00142217 -0.000353325
156.04 1.31507 1.35809 0.726014 0.00279724 0.0019126 0.000638648
156.06 1.3152 1.3582 0.726071 0.0033114 0.00267689 0.00140986
156.08 1.31535 1.35833 0.726135 0.00365093 0.00309868 0.00160713
156.1 1.3155 1.35844 0.726184 0.00379283 0.00288335 0.00122764
156.12 1.31565 1.35853 0.726208 0.00377164 0.00218563 0.000592269
156.14 1.31579 1.35859 0.726213 0.00360904 0.00141993 0.000125836
156.16 1.31593 1.35862 0.726217 0.00332478 0.000977266 0.000108281
156.18 1.31605 1.35866 0.726239 0.00298853 0.000987084 0.000531821
156.2 1.31616 1.35871 0.726284 0.00273256 0.00125406 0.00114279
156.22 1.31626 1.35877 0.726349 0.0027275 0.00147801 0.00162528
156.24 1.31639 1.35884 0.726421 0.00309057 0.00155097 0.0017824
156.26 1.31654 1.3589 0.726484 0.00374818 0.00160422 0.00159183
156.28 1.31672 1.35897 0.726531 0.00443442 0.00180447 0.00117415
156.3 1.31691 1.35906 0.726561 0.0048524 0.00216504 0.000751565
156.32 1.3171 1.35916 0.726584 0.0048238 0.00252693 0.000565938
156.34 1.31728 1.35927 0.726613 0.00434243 0.00266369 0.000734142
156.36 1.31742 1.35936 0.72666 0.00358752 0.00246481 0.00116192
156.38 1.31754 1.35945 0.726725 0.00287339 0.00208693 0.00162688
156.4 1.31763 1.35952 0.726802 0.00249053 0.00187307 0.00192109
156.42 1.31774 1.35961 0.726878 0.00257913 0.00206865 0.00191248
156.44 1.31786 1.35971 0.726941 0.0031054 0.00264014 0.00157576
156.46 1.31802 1.35985 0.726983 0.00388443 0.00335994 0.00104201
156.48 1.3182 1.36001 0.727005 0.00465211 0.0040113 0.000558582
156.5 1.31841 1.36019 0.727019 0.00517313 0.0045073 0.000336532
156.52 1.31862 1.36038 0.727035 0.00531063 0.00485088 0.000416184
156.54 1.31882 1.36058 0.727062 0.00502022 0.00502047 0.000664027
156.56 1.319 1.36078 0.727097 0.00435729 0.00493942 0.000881729
156.58 1.31914 1.36096 0.727134 0.0035473 0.00456295 0.000924915
156.6 1.31926 1.36112 0.727165 0.00297783 0.00398585 0.000780135
156.62 1.31938 1.36126 0.727188 0.0029898 0.00346803 0.000573771
156.64 1.31952 1.36139 0.727207 0.00360501 0.0033223 0.000473741
156.66 1.3197 1.36154 0.727229 0.0044509 0.00373133 0.000552872
156.68 1.3199 1.36173 0.727259 0.00498289 0.00460885 0.000733184
156.7 1.32009 1.36195 0.727293 0.00484797 0.00560841 0.000858342
156.72 1.32026 1.3622 0.727326 0.00411202 0.00629925 0.000821883
156.74 1.32039 1.36246 0.727352 0.00320205 0.00640694 0.00064556
156.76 1.32049 1.3627 0.72737 0.00262975 0.00597433 0.000459911
156.78 1.3206 1.36291 0.727386 0.00267475 0.00534943 0.000402362
156.8 1.32073 1.36311 0.727406 0.00321504 0.00495923 0.000504512
156.82 1.32088 1.36331 0.727433 0.00383056 0.00501108 0.00066109
156.84 1.32105 1.36353 0.72746 0.00412441 0.00537761 0.000688403
156.86 1.32121 1.36376 0.727478 0.00400694 0.00575801 0.000437717
156.88 1.32135 1.36399 0.727475 0.0037105 0.0059273 -7.94715e-05
156.9 1.3215 1.36423 0.727449 0.00357358 0.00585492 -0.000631329
156.92 1.32165 1.36445 0.727415 0.00380199 0.00569037 -0.000859898
156.94 1.32182 1.36468 0.727395 0.00433784 0.00565921 -0.000512306
156.96 1.32202 1.36492 0.727409 0.00488446 0.00586709 0.000350613
156.98 1.32222 1.36516 0.727462 0.00510918 0.00617308 0.0013394
157 1.32242 1.36542 0.72754 0.00490468 0.00631294 0.00195498
157.02 1.3226 1.36566 0.727616 0.00447384 0.00616077 0.00189659
157.04 1.32276 1.3659 0.727665 0.00417781 0.00584203 0.00122325
157.06 1.32294 1.36612 0.727677 0.00427747 0.00560621 0.000286353
157.08 1.32312 1.36634 0.727657 0.00472346 0.00561147 -0.000482814
157.1 1.32333 1.36658 0.727625 0.0051526 0.00580599 -0.000800092
157.12 1.32354 1.36682 0.7276 0.0051537 0.00599244 -0.000636372
157.14 1.32372 1.36706 0.727594 0.00459395 0.0059928 -0.000156678
157.16 1.32387 1.36729 0.727611 0.00375576 0.00574624 0.000436197
157.18 1.324 1.3675 0.727652 0.00316735 0.0053133 0.00101465
157.2 1.32413 1.36769 0.727713 0.00323037 0.00484809 0.00152708
157.22 1.32428 1.36787 0.727789 0.00391726 0.00450992 0.00191775
157.24 1.32447 1.36805 0.727872 0.00476108 0.00435589 0.00207032
157.26 1.32468 1.36822 0.727947 0.00517013 0.00433429 0.00187092
157.28 1.32488 1.36839 0.728001 0.00486504 0.00432818 0.00134395
157.3 1.32504 1.36856 0.728029 0.00408297 0.00420182 0.000706038
157.32 1.32517 1.36872 0.728039 0.00339307 0.00390145 0.000250967
157.34 1.32531 1.36886 0.728046 0.00326227 0.00353353 0.000180934
157.36 1.32545 1.36899 0.728067 0.00372087 0.00329979 0.000515657
157.38 1.32563 1.36912 0.728111 0.00438714 0.00332711 0.00111239
157.4 1.32582 1.36927 0.728181 0.00477627 0.00356679 0.0017333
157.42 1.32601 1.36942 0.728266 0.0046333 0.00384694 0.00212759
157.44 1.32617 1.36958 0.728351 0.00405286 0.00397502 0.00213504
157.46 1.3263 1.36973 0.728422 0.00337613 0.00383061 0.00175869
157.48 1.32642 1.36987 0.728468 0.00296673 0.00342625 0.00117023
157.5 1.32654 1.36999 0.728494 0.00298775 0.00291581 0.000648346
157.52 1.32667 1.37009 0.728512 0.00331157 0.00252513 0.000450219
157.54 1.32682 1.37018 0.728539 0.00363694 0.00241118 0.000671285
157.56 1.32697 1.37029 0.728587 0.00372478 0.002564 0.00118459
157.58 1.32711 1.3704 0.728654 0.00354598 0.0028703 0.00168126
157.6 1.32724 1.37053 0.728727 0.00324026 0.00324933 0.00182502
157.62 1.32736 1.37068 0.728786 0.00295556 0.00366668 0.00147317
157.64 1.32747 1.37084 0.728818 0.00272516 0.00402801 0.000793938
157.66 1.32757 1.371 0.728825 0.00248171 0.00412409 0.000175419
157.68 1.32765 1.37115 0.728823 0.00218324 0.00375224 -3.5595e-05
157.7 1.32773 1.37127 0.728832 0.00192466 0.00291251 0.000213381
157.72 1.32781 1.37135 0.728858 0.0018894 0.00188905 0.000669898
157.74 1.32789 1.37139 0.728899 0.00214984 0.00116039 0.00100182
157.76 1.32799 1.37144 0.728939 0.00252809 0.00112287 0.00101149
157.78 1.3281 1.37151 0.728967 0.00270227 0.00179582 0.0007031
157.8 1.3282 1.37162 0.728976 0.00249853 0.00278256 0.000224095
157.82 1.32828 1.37176 0.728967 0.00207745 0.0035197 -0.00023614
157.84 1.32836 1.37191 0.728946 0.00182821 0.00361084 -0.000507597
157.86 1.32844 1.37203 0.728928 0.00206829 0.00307126 -0.000466727
157.88 1.32855 1.37212 0.728925 0.00276754 0.00233516 -7.24452e-05
157.9 1.32869 1.3722 0.728948 0.00349215 0.00195957 0.000570382
157.92 1.32884 1.37229 0.728995 0.00368114 0.00219315 0.00119485
157.94 1.32896 1.3724 0.729054 0.00309827 0.00279088 0.00147565
157.96 1.32904 1.37253 0.729103 0.00207085 0.0032545 0.00121776
157.98 1.3291 1.37266 0.729123 0.00130923 0.00326384 0.000491541
158 1.32915 1.37278 0.729107 0.0014295 0.00292914 -0.000389631
158.02 1.32925 1.37288 0.729066 0.00249326 0.00265781 -0.00103706
158.04 1.32941 1.37299 0.729018 0.00392391 0.00277694 -0.00119217
158.06 1.32961 1.37313 0.728985 0.0049107 0.00327636 -0.000823229
158.08 1.32981 1.37328 0.728982 0.00503064 0.00388793 -7.35954e-05
158.1 1.32999 1.37345 0.729016 0.0045687 0.00433733 0.00084476
158.12 1.33016 1.37364 0.729085 0.00420821 0.00451279 0.00171599
158.14 1.33033 1.37382 0.729178 0.00438654 0.00449644 0.00232911
158.16 1.33053 1.37399 0.729278 0.00492728 0.00446282 0.00250018
158.18 1.33074 1.37417 0.729364 0.0052897 0.00451291 0.00214521
158.2 1.33095 1.37436 0.729418 0.00512902 0.00459876 0.00136611
158.22 1.33113 1.37454 0.729437 0.00462524 0.00463637 0.000479976
158.24 1.33131 1.37473 0.729434 0.00432526 0.00468208 -8.42228e-05
158.26 1.33149 1.37493 0.729434 0.00465573 0.0049014 -6.08539e-06
158.28 1.33172 1.37514 0.729463 0.00555689 0.00536166 0.00073025
158.3 1.33198 1.37538 0.729535 0.00651042 0.00592423 0.00180094
158.32 1.33225 1.37563 0.729642 0.00689353 0.00631582 0.00268201
158.34 1.33251 1.37588 0.729758 0.00642401 0.00627489 0.00289581
158.36 1.33272 1.37611 0.72985 0.00537342 0.00574118 0.00229634
158.38 1.3329 1.37631 0.729898 0.00435039 0.00496598 0.00121113
158.4 1.33305 1.37649 0.729908 0.00384699 0.00441857 0.000240759
158.42 1.33321 1.37667 0.729902 0.00394578 0.00448396 -0.000160568
158.44 1.33338 1.37687 0.729903 0.00438586 0.00517536 3.03487e-05
158.46 1.33358 1.37712 0.729921 0.00482903 0.006117 0.000444614
158.48 1.33378 1.37739 0.729945 0.00508407 0.00678787 0.000619071
158.5 1.33399 1.37766 0.729959 0.00515541 0.00684057 0.000340848
158.52 1.33419 1.37792 0.72995 0.00512526 0.00630224 -0.000214918
158.54 1.33439 1.37814 0.729925 0.00502441 0.00553035 -0.000645812
158.56 1.33459 1.37833 0.729899 0.00480445 0.00494164 -0.000642009
158.58 1.33476 1.37852 0.729891 0.00440099 0.00474597 -0.000206539
158.6 1.33491 1.37872 0.729905 0.00383023 0.00488862 0.000369199
158.62 1.33505 1.37893 0.729935 0.00327973 0.00518025 0.000728071
158.64 1.33517 1.37914 0.729962 0.00307393 0.00544058 0.000676316
158.66 1.33531 1.37937 0.729973 0.00343272 0.00554646 0.00027931
158.68 1.33547 1.37958 0.729965 0.00421078 0.00545195 -0.000199977
158.7 1.33567 1.37979 0.729946 0.00491676 0.00520493 -0.000475695
158.72 1.33587 1.37999 0.729929 0.00507766 0.00494492 -0.000417182
158.74 1.33606 1.38019 0.729925 0.0045872 0.00486777 -0.000113106
158.76 1.33621 1.38039 0.729933 0.00375234 0.00510497 0.000216013
158.78 1.33633 1.38061 0.729948 0.00308431 0.00556663 0.000373459
158.8 1.33645 1.38085 0.72996 0.00297769 0.00593859 0.000302373
158.82 1.33659 1.38108 0.729965 0.00348071 0.00588569 0.000124443
158.84 1.33676 1.3813 0.729969 0.00430898 0.00531081 9.85906e-05
158.86 1.33696 1.38148 0.729988 0.00503665 0.00445537 0.000480792
158.88 1.33718 1.38163 0.730042 0.00531851 0.00377869 0.0013332
158.9 1.33738 1.38177 0.730138 0.00503115 0.00369346 0.00241087
158.92 1.33755 1.38194 0.730268 0.00430853 0.00425406 0.0032434
158.94 1.33769 1.38215 0.730403 0.00348483 0.00504117 0.00338643
158.96 1.33781 1.38236 0.730511 0.00293534 0.00543973 0.00269956
158.98 1.33792 1.38257 0.73057 0.00288374 0.00511078 0.00145766
159 1.33805 1.38274 0.730577 0.00330351 0.00423146 0.000187792
159.02 1.33821 1.38287 0.730552 0.00394636 0.00332821 -0.000631675
159.04 1.33839 1.38299 0.73052 0.00444411 0.00289803 -0.000796644
159.06 1.33857 1.38311 0.730503 0.00445352 0.00310519 -0.000421695
159.08 1.33872 1.38326 0.73051 0.00382106 0.00371224 0.00018221
159.1 1.33883 1.38343 0.730538 0.0027248 0.00428041 0.000700286
159.12 1.3389 1.38361 0.730577 0.0016411 0.00447251 0.000968368
159.14 1.33894 1.38378 0.730618 0.00109422 0.00422031 0.00100972
159.16 1.33899 1.38393 0.730656 0.0013332 0.00369381 0.000949268
159.18 1.33908 1.38405 0.730691 0.00219049 0.00315331 0.000892613
159.2 1.33921 1.38416 0.730726 0.00320185 0.00280505 0.000880103
159.22 1.33936 1.38427 0.730763 0.00384661 0.00274836 0.00090801
159.24 1.33951 1.38439 0.7308 0.00379489 0.00296357 0.00094075
159.26 1.33964 1.38453 0.730837 0.00308913 0.00331641 0.000926665
159.28 1.33972 1.38467 0.730871 0.0021325 0.00361793 0.000832871
159.3 1.33978 1.38482 0.730898 0.00144247 0.00372634 0.000679157
159.32 1.33983 1.38496 0.730919 0.00135529 0.00359795 0.000537727
159.34 1.33991 1.38509 0.730938 0.00187865 0.00325605 0.000460491
159.36 1.34002 1.3852 0.730954 0.00276487 0.00276861 0.000404696
159.38 1.34017 1.38529 0.730965 0.00365169 0.0022615 0.000270225
159.4 1.34033 1.38537 0.730966 0.00415394 0.00187602 3.89546e-05
159.42 1.34049 1.38544 0.73096 0.00399237 0.00167617 -0.000154602
159.44 1.34062 1.3855 0.730956 0.00317069 0.0015993 -0.000108986
159.46 1.3407 1.38556 0.730968 0.00203989 0.00151305 0.000295071
159.48 1.34075 1.38562 0.731006 0.00116131 0.0013723 0.000964654
159.5 1.34079 1.38567 0.73107 0.00105141 0.00134788 0.00158904
159.52 1.34087 1.38574 0.731143 0.00193109 0.00173605 0.00182659
159.54 1.34101 1.38585 0.731205 0.00354228 0.00266207 0.00155792
159.56 1.34121 1.386 0.731243 0.00517621 0.00385629 0.000951913
159.58 1.34146 1.38619 0.731256 0.00605739 0.00475288 0.000320784
159.6 1.34169 1.38638 0.731253 0.00582936 0.00486098 -6.92138e-05
159.62 1.34188 1.38655 0.731248 0.00474624 0.00410803 -0.000123693
159.64 1.34202 1.38667 0.731251 0.00344452 0.00291612 6.29596e-05
159.66 1.34212 1.38674 0.731263 0.00252555 0.00195877 0.000293564
159.68 1.34221 1.38681 0.731279 0.00227755 0.00172777 0.000407358
159.7 1.34232 1.3869 0.731294 0.00265776 0.0022208 0.000368867
159.72 1.34245 1.38702 0.731304 0.00344615 0.0030158 0.000249236
159.74 1.34263 1.38717 0.731311 0.00442161 0.00364182 0.000173846
159.76 1.34285 1.38732 0.731322 0.0054361 0.00391383 0.000295588
159.78 1.3431 1.38749 0.731351 0.00632977 0.00402275 0.000723003
159.8 1.34338 1.38766 0.731407 0.00683948 0.00434389 0.00139336
159.82 1.34364 1.38786 0.731487 0.00669304 0.00507229 0.00200903
159.84 1.34388 1.3881 0.731573 0.00582763 0.00597936 0.0021377
159.86 1.34406 1.38836 0.731633 0.00452469 0.00652257 0.00149085
159.88 1.34419 1.38861 0.731641 0.00334553 0.00623408 0.000201627
159.9 1.34431 1.38882 0.731594 0.00287064 0.00509389 -0.00117573
159.92 1.34444 1.38896 0.731514 0.00335383 0.00362764 -0.00198099
159.94 1.34462 1.38907 0.731442 0.00450266 0.00262588 -0.00181794
159.96 1.34485 1.38917 0.731413 0.005631 0.00268204 -0.00072266
159.98 1.34509 1.38933 0.731448 0.0061256 0.00385116 0.000889788
160 1.34532 1.38955 0.731545 0.00584096 0.00561334 0.00241068
160.02 1.34553 1.38984 0.731677 0.00513645 0.00714835 0.00329445
160.04 1.34571 1.39015 0.731807 0.00457515 0.00777385 0.00326435
160.06 1.34589 1.39044 0.731903 0.0045115 0.00729926 0.00238678
160.08 1.34609 1.39068 0.731944 0.0048398 0.0060887 0.00102301
160.1 1.34629 1.39088 0.731931 0.005133 0.00481919 -0.000315615
160.12 1.34649 1.39104 0.731884 0.00506027 0.00408572 -0.00117541
160.14 1.34668 1.3912 0.731831 0.00469234 0.00409067 -0.00133296
160.16 1.34686 1.39139 0.731797 0.00441633 0.00460334 -0.000851915
160.18 1.34704 1.3916 0.731796 0.00457089 0.00518448 -1.00284e-05
160.2 1.34725 1.39181 0.73183 0.00516698 0.0054799 0.000853028
160.22 1.34748 1.39203 0.731889 0.005876 0.00539768 0.00146913
160.24 1.34773 1.39224 0.731958 0.00623056 0.00511516 0.00172478
160.26 1.34797 1.39243 0.732025 0.00591954 0.00491836 0.00167807
160.28 1.34817 1.39263 0.732085 0.00503161 0.00498311 0.00149721
160.3 1.34833 1.39284 0.732139 0.00406797 0.00527135 0.00134141
160.32 1.34848 1.39307 0.732188 0.00361303 0.00558037 0.00124354
160.34 1.34863 1.39329 0.732233 0.00387569 0.00568179 0.00111242
160.36 1.34881 1.39351 0.732268 0.00451039 0.00548809 0.00086803
160.38 1.34901 1.39372 0.73229 0.00487053 0.00512908 0.000561809
160.4 1.34919 1.39391 0.732304 0.00451414 0.00485519 0.00035103
160.42 1.34933 1.39411 0.732318 0.00355949 0.00484378 0.000355311
160.44 1.34943 1.39431 0.73234 0.00258209 0.0050807 0.000535874
160.46 1.34952 1.39452 0.732368 0.00212742 0.00538307 0.000717261
160.48 1.34961 1.39475 0.732397 0.00228506 0.00553851 0.000717993
160.5 1.34972 1.39496 0.732417 0.00268662 0.00547434 0.000482756
160.52 1.34983 1.39518 0.732422 0.00287081 0.00532141 0.000138247
160.54 1.34994 1.39539 0.732419 0.00266514 0.00530605 -7.844e-05
160.56 1.35003 1.39561 0.73242 0.00229061 0.00553099 1.7851e-05
160.58 1.35012 1.39584 0.732437 0.00214306 0.00584607 0.000433982
160.6 1.35021 1.39608 0.732477 0.00243206 0.00594624 0.000992895
160.62 1.35033 1.39631 0.732534 0.00298729 0.00560596 0.00142591
160.64 1.35047 1.3965 0.732595 0.00339557 0.00483899 0.00152363
160.66 1.3506 1.39666 0.732645 0.00332844 0.00388717 0.00126951
160.68 1.35071 1.39678 0.732679 0.00279147 0.00312919 0.000839503
160.7 1.3508 1.3969 0.732697 0.00211313 0.00292158 0.000459714
160.72 1.35087 1.39703 0.732708 0.0017066 0.00336578 0.000274464
160.74 1.35094 1.3972 0.73272 0.00178529 0.00418015 0.000296877
160.76 1.35103 1.39739 0.732737 0.00225056 0.00484225 0.000416657
160.78 1.35114 1.39759 0.732755 0.00280276 0.00491644 0.00046165
160.8 1.35127 1.39776 0.732767 0.00315822 0.00432872 0.000299262
160.82 1.3514 1.3979 0.732764 0.00321838 0.00342145 -7.37092e-05
160.84 1.35152 1.39801 0.732744 0.0030906 0.00274637 -0.00050687
160.86 1.35164 1.39812 0.732713 0.00298711 0.00272182 -0.000780421
160.88 1.35176 1.39825 0.732683 0.00309083 0.00336642 -0.000746324
160.9 1.3519 1.39842 0.732666 0.00342838 0.0042442 -0.000420976
160.92 1.35205 1.39861 0.732668 0.00382073 0.00473193 4.69625e-05
160.94 1.35221 1.39879 0.732688 0.00402123 0.00447148 0.000493143
160.96 1.35237 1.39894 0.732722 0.00396468 0.00362584 0.000849997
160.98 1.35253 1.39905 0.732769 0.00383041 0.00275541 0.00116619
161 1.35268 1.39914 0.732828 0.00386419 0.00246517 0.00149844
161.02 1.35285 1.39927 0.732901 0.00419134 0.00302973 0.00180737
161.04 1.35304 1.39943 0.73298 0.00474051 0.00419037 0.0019791
161.06 1.35325 1.39965 0.733056 0.0052469 0.00530443 0.00189453
161.08 1.35346 1.39988 0.733116 0.00536563 0.00578675 0.00149963
161.1 1.35366 1.4001 0.733151 0.00492194 0.00547745 0.000895177
161.12 1.35382 1.40028 0.733166 0.00408708 0.0046568 0.000361999
161.14 1.35395 1.40043 0.733175 0.0032937 0.00379473 0.000219036
161.16 1.35407 1.40056 0.733198 0.0029862 0.00326281 0.000575616
161.18 1.35421 1.40069 0.733246 0.00338417 0.00315111 0.00121005
161.2 1.35438 1.40082 0.733315 0.00433331 0.00329322 0.00171286
161.22 1.35459 1.40096 0.733386 0.00533004 0.00346819 0.00177297
161.24 1.35483 1.40111 0.73344 0.00579005 0.00360523 0.00136279
161.26 1.35504 1.40126 0.733469 0.00542726 0.00381663 0.000712572
161.28 1.35522 1.40143 0.733474 0.00445463 0.00422815 0.000134628
161.3 1.35536 1.40162 0.733467 0.00344819 0.00475915 -0.00016916
161.32 1.35548 1.40182 0.733459 0.00297476 0.00509044 -0.000206763
161.34 1.35561 1.40202 0.733452 0.00322255 0.00491554 -0.000170431
161.36 1.35576 1.40219 0.733441 0.00389983 0.00424457 -0.000276583
161.38 1.35594 1.40233 0.733419 0.00448812 0.00345764 -0.000560736
161.4 1.35613 1.40245 0.733385 0.00461366 0.00303557 -0.000847337
161.42 1.3563 1.40258 0.733348 0.00424501 0.0032189 -0.000930223
161.44 1.35644 1.40273 0.733317 0.0036584 0.0038622 -0.000757445
161.46 1.35657 1.40291 0.733298 0.00323943 0.00455679 -0.000472887
161.48 1.3567 1.40311 0.733286 0.00322633 0.00492029 -0.000315158
161.5 1.35685 1.4033 0.733268 0.00358631 0.00481844 -0.000443639
161.52 1.35701 1.40348 0.733235 0.00409985 0.0043938 -0.000811767
161.54 1.35719 1.40364 0.733188 0.00452947 0.00391556 -0.00117525
161.56 1.35738 1.40378 0.73314 0.00474852 0.00356509 -0.00120965
161.58 1.35757 1.40391 0.733112 0.00476543 0.0033568 -0.000703671
161.6 1.35776 1.40404 0.733123 0.00466303 0.00324576 0.000270949
161.62 1.35794 1.40417 0.733177 0.00452507 0.00324933 0.00136466
161.64 1.35812 1.40431 0.733264 0.004427 0.0034332 0.00216889
161.66 1.35829 1.40446 0.733362 0.00445289 0.00379747 0.00245564
161.68 1.35848 1.40463 0.733452 0.00466662 0.00418193 0.00224403
161.7 1.35868 1.4048 0.733521 0.00505507 0.00430507 0.001733
161.72 1.3589 1.40496 0.73357 0.0054716 0.00397109 0.00121252
161.74 1.35913 1.40509 0.733609 0.00568358 0.00330897 0.000967223
161.76 1.35935 1.4052 0.733654 0.00555425 0.0027499 0.00113906
161.78 1.35956 1.40531 0.733719 0.00515763 0.00270492 0.00161217
161.8 1.35975 1.40544 0.733801 0.00471242 0.00323876 0.0020615
161.82 1.35992 1.4056 0.733888 0.0044066 0.00399548 0.00216889
161.84 1.36009 1.40578 0.733961 0.00425735 0.00442121 0.00182224
161.86 1.36026 1.40594 0.734007 0.00413197 0.00414142 0.00116074
161.88 1.36041 1.40607 0.734027 0.00389599 0.00326287 0.000493929
161.9 1.36056 1.40617 0.734032 0.0035726 0.00234827 0.000134305
161.92 1.36069 1.40625 0.734041 0.00335245 0.00204176 0.000228252
161.94 1.36083 1.40635 0.734069 0.00342466 0.00264862 0.000681133
161.96 1.36098 1.40651 0.734118 0.00382624 0.00394806 0.00122428
161.98 1.36116 1.40673 0.734182 0.00441307 0.0053365 0.0016067
162 1.36135 1.40697 0.734252 0.00491148 0.00619258 0.0017443
162.02 1.36155 1.40722 0.734319 0.00500322 0.00621566 0.0016849
162.04 1.36173 1.40744 0.734378 0.00448009 0.00554685 0.0014723
162.06 1.36187 1.40763 0.734421 0.0034167 0.00462123 0.00107786
162.08 1.36196 1.40778 0.73444 0.00219273 0.00388063 0.000468612
162.1 1.36201 1.40793 0.734429 0.00131376 0.0035457 -0.000272819
162.12 1.36206 1.40807 0.734392 0.00114827 0.00356325 -0.00092202
162.14 1.36213 1.40822 0.734342 0.00171946 0.00373899 -0.00124809
162.16 1.36223 1.40837 0.734294 0.00268491 0.00393662 -0.00119561
162.18 1.36237 1.40854 0.734257 0.0035191 0.004159 -0.000930623
162.2 1.36252 1.40872 0.734229 0.00379436 0.00447298 -0.000706737
162.22 1.36266 1.40892 0.734203 0.00343103 0.00489404 -0.000656504
162.24 1.36277 1.40913 0.734176 0.00274856 0.00532655 -0.000654491
162.26 1.36286 1.40935 0.73416 0.00223883 0.00561531 -0.000404634
162.28 1.36295 1.40958 0.73417 0.0022343 0.00564998 0.000257023
162.3 1.36306 1.4098 0.734216 0.00270631 0.00540725 0.00113506
162.32 1.36319 1.40999 0.734287 0.00331062 0.00495234 0.00176912
162.34 1.36334 1.41017 0.734357 0.00363422 0.00444991 0.00176206
162.36 1.36348 1.41034 0.734399 0.0034793 0.00412129 0.00105629
162.38 1.3636 1.4105 0.734398 0.00299447 0.00411051 -4.59386e-05
162.4 1.3637 1.41068 0.734354 0.00255452 0.00437816 -0.00108105
162.42 1.3638 1.41087 0.734288 0.00248382 0.00472137 -0.00166966
162.44 1.36391 1.41106 0.734221 0.00284802 0.00490912 -0.00167244
162.46 1.36405 1.41126 0.734173 0.00346136 0.00485191 -0.00120132
162.48 1.36421 1.41144 0.734153 0.00404841 0.00471315 -0.000495097
162.5 1.36439 1.41164 0.734163 0.00441381 0.00479229 0.000252823
162.52 1.36457 1.41184 0.734202 0.00450461 0.00522759 0.000978494
162.54 1.36474 1.41208 0.734269 0.00436385 0.00584235 0.00166548
162.56 1.36491 1.41233 0.734357 0.00408004 0.00625987 0.00221325
162.58 1.36506 1.41258 0.734454 0.00378691 0.00616539 0.00242271
162.6 1.3652 1.4128 0.734539 0.00364866 0.0055394 0.00212837
162.62 1.36536 1.41299 0.734595 0.00380151 0.00469597 0.00138239
162.64 1.36553 1.41315 0.734616 0.00426039 0.00410604 0.000535686
162.66 1.36572 1.41331 0.73462 0.0048667 0.00410768 9.54511e-05
162.68 1.36593 1.4135 0.734636 0.00533946 0.00465122 0.000406509
162.7 1.36615 1.41371 0.734691 0.00544514 0.00529587 0.00138217
162.72 1.36636 1.41393 0.734792 0.00516228 0.005534 0.00251831
162.74 1.36655 1.41414 0.734919 0.00466599 0.00517035 0.00318238
162.76 1.36671 1.41432 0.735038 0.00416865 0.00443996 0.00296251
162.78 1.36686 1.41447 0.735114 0.0038075 0.00379428 0.00191298
162.8 1.36701 1.41461 0.735137 0.00363981 0.00352919 0.000566082
162.82 1.36716 1.41475 0.735122 0.00366268 0.00359745 -0.000367965
162.84 1.36731 1.4149 0.735104 0.00382399 0.00376656 -0.000455836
162.86 1.36747 1.41506 0.735111 0.00407914 0.00390342 0.000179941
162.88 1.36765 1.41522 0.73515 0.00441966 0.00410225 0.000976633
162.9 1.36784 1.41541 0.735204 0.00479816 0.00456164 0.0013364
162.92 1.36804 1.41562 0.735244 0.00507074 0.00532426 0.0010122
162.94 1.36825 1.41587 0.735254 0.00506349 0.00611691 0.000235892
162.96 1.36843 1.41612 0.735235 0.00468041 0.00643293 -0.000477792
162.98 1.36859 1.41636 0.735206 0.00397281 0.00583613 -0.000708403
163 1.36872 1.41653 0.735191 0.00313858 0.00430352 -0.000391359
163.02 1.36882 1.41662 0.7352 0.00247327 0.00237606 0.000226045
163.04 1.36891 1.41666 0.735232 0.00226068 0.000970768 0.000817912
163.06 1.36901 1.4167 0.735279 0.00261407 0.000883401 0.00116651
163.08 1.36915 1.41679 0.735328 0.00339281 0.00227299 0.00121357
163.1 1.36932 1.41697 0.735367 0.00427704 0.0045024 0.000989943
163.12 1.36952 1.41723 0.735388 0.00491297 0.00645249 0.000512246
163.14 1.36972 1.41751 0.735379 0.00503767 0.00713261 -0.000205723
163.16 1.3699 1.41776 0.735339 0.00456506 0.00623812 -0.00102088
163.18 1.37005 1.41793 0.735274 0.00362913 0.00433784 -0.00162228
163.2 1.37015 1.41804 0.735206 0.00255739 0.00252718 -0.00169676
163.22 1.37022 1.4181 0.735161 0.00176425 0.00172939 -0.00113006
163.24 1.37028 1.41819 0.735157 0.00158947 0.00215032 -8.66614e-05
163.26 1.37037 1.41832 0.735198 0.00212714 0.0032626 0.0010305
163.28 1.37049 1.41849 0.735269 0.00313954 0.00424096 0.00176282
163.3 1.37066 1.41867 0.735343 0.00415818 0.00449631 0.00185583
163.32 1.37085 1.41883 0.735399 0.00473136 0.00399275 0.00139668
163.34 1.37103 1.41896 0.735428 0.00464522 0.0031994 0.000721013
163.36 1.37119 1.41907 0.735434 0.00401216 0.00272693 0.000157892
163.38 1.37132 1.41918 0.735427 0.00322072 0.00287555 -0.00016619
163.4 1.37143 1.41932 0.735415 0.00275509 0.00343875 -0.000304105
163.42 1.37155 1.41948 0.735402 0.00293382 0.00393521 -0.00033696
163.44 1.3717 1.41964 0.73539 0.00370551 0.00402858 -0.000293193
163.46 1.37189 1.41979 0.735383 0.00467444 0.00376634 -0.00017577
163.48 1.3721 1.41993 0.735383 0.00533603 0.00347202 -2.15412e-06
163.5 1.37231 1.42007 0.735391 0.00536478 0.00342583 0.000206598
163.52 1.37251 1.42021 0.735409 0.00480042 0.0036427 0.000449787
163.54 1.37267 1.42037 0.735438 0.00403497 0.003908 0.00071518
163.56 1.37281 1.42053 0.735476 0.0035707 0.003975 0.000962508
163.58 1.37296 1.42068 0.735523 0.00370643 0.00376268 0.00115386
163.6 1.37313 1.42081 0.735573 0.00436845 0.00343919 0.00127389
163.62 1.37334 1.42095 0.735625 0.00517619 0.00330756 0.00129804
163.64 1.37357 1.42109 0.735672 0.00569118 0.00352321 0.00117556
163.66 1.37379 1.42124 0.735708 0.00568263 0.00391604 0.000894121
163.68 1.374 1.42141 0.73573 0.00524168 0.00414109 0.000538253
163.7 1.37419 1.42157 0.73574 0.00467341 0.00400744 0.000262
163.72 1.37436 1.42172 0.735749 0.00427284 0.00362905 0.000216734
163.74 1.37453 1.42185 0.735768 0.00418571 0.00329468 0.000481426
163.76 1.37471 1.42198 0.735809 0.00440753 0.00323792 0.001012
163.78 1.3749 1.42212 0.735874 0.0048541 0.00351477 0.00163881
163.8 1.37512 1.42228 0.73596 0.00539175 0.00402014 0.00213945
163.82 1.37535 1.42246 0.736054 0.00581041 0.0045643 0.00234826
163.84 1.37558 1.42266 0.736142 0.00585002 0.00495306 0.0022151
163.86 1.3758 1.42286 0.736214 0.00533978 0.00506609 0.00179048
163.88 1.37597 1.42306 0.736262 0.00432326 0.00492751 0.00119092
163.9 1.37609 1.42325 0.736284 0.00309084 0.00468946 0.000568447
163.92 1.37618 1.42343 0.736287 0.00209791 0.00453659 7.3008e-05
163.94 1.37625 1.42361 0.736281 0.00176339 0.00458505 -0.000159975
163.96 1.37634 1.4238 0.73628 0.00224605 0.00483599 -3.08016e-05
163.98 1.37647 1.42401 0.736296 0.00331946 0.00520409 0.000411675
164 1.37665 1.42424 0.736331 0.00442219 0.00556249 0.00087793
164.02 1.37684 1.42447 0.73637 0.00493322 0.0057942 0.000967025
164.04 1.37703 1.4247 0.736388 0.00453939 0.00584089 0.00044992
164.06 1.37716 1.42493 0.736366 0.00345324 0.00571957 -0.000538856
164.08 1.37726 1.42515 0.736303 0.00229327 0.00547604 -0.00156928
164.1 1.37732 1.42535 0.736215 0.00165539 0.00512785 -0.00220052
164.12 1.37739 1.42554 0.736126 0.00170269 0.00467723 -0.00223935
164.14 1.37747 1.42571 0.736054 0.00212486 0.00418257 -0.00180269
164.16 1.37757 1.42586 0.736006 0.00246744 0.00381033 -0.0012063
164.18 1.37767 1.42601 0.735975 0.00248631 0.00379101 -0.000757629
164.2 1.37776 1.42618 0.735952 0.00226719 0.00425948 -0.000577787
164.22 1.37785 1.42639 0.735929 0.00209788 0.00510665 -0.000580531
164.24 1.37794 1.42663 0.735905 0.00221944 0.00600089 -0.00059951
164.26 1.37804 1.42689 0.735883 0.00263026 0.00655303 -0.000536738
164.28 1.37817 1.42715 0.735866 0.00310568 0.00651145 -0.000427525
164.3 1.3783 1.42739 0.735851 0.00341657 0.00590538 -0.000387097
164.32 1.37844 1.42759 0.735832 0.00353839 0.00504263 -0.000471858
164.34 1.37859 1.42776 0.735809 0.00365584 0.00434132 -0.000565887
164.36 1.37875 1.42792 0.735792 0.00393945 0.00408066 -0.000437345
164.38 1.37892 1.42809 0.735795 0.00433319 0.00423741 7.00891e-05
164.4 1.3791 1.42828 0.73583 0.00457915 0.00455771 0.000882407
164.42 1.37928 1.42847 0.735898 0.00443687 0.00478919 0.00169111
164.44 1.37944 1.42866 0.735983 0.00389795 0.00484225 0.00213946
164.46 1.37957 1.42885 0.736066 0.00324888 0.00479733 0.00207561
164.48 1.37969 1.42904 0.736132 0.00294496 0.00479201 0.00164542
164.5 1.37982 1.42924 0.736179 0.00332912 0.00488389 0.00118606
164.52 1.37999 1.42944 0.73622 0.00434549 0.00501175 0.00101551
164.54 1.38021 1.42964 0.736269 0.00551681 0.00506464 0.00121508
164.56 1.38046 1.42984 0.736331 0.0062758 0.00498125 0.00156853
164.58 1.38072 1.43003 0.736401 0.00635276 0.00478841 0.00172922
164.6 1.38095 1.43022 0.736461 0.00588067 0.00458901 0.00150256
164.62 1.38116 1.4304 0.736501 0.00522669 0.00449509 0.00100928
164.64 1.38135 1.43058 0.736524 0.00473238 0.00452467 0.000570003
164.66 1.38153 1.43076 0.736541 0.0045043 0.00458046 0.000434911
164.68 1.38171 1.43094 0.736567 0.00438245 0.00455115 0.000631887
164.7 1.38187 1.43112 0.736607 0.00413019 0.0044317 0.00102238
164.72 1.38202 1.43129 0.736665 0.00369246 0.00432345 0.00143678
164.74 1.38215 1.43147 0.736735 0.0032744 0.00431807 0.00176495
164.76 1.38228 1.43164 0.736814 0.00316998 0.00439108 0.00195982
164.78 1.38242 1.43182 0.736893 0.00351479 0.00439353 0.00198645
164.8 1.38259 1.43198 0.736965 0.0041702 0.0041622 0.00178635
164.82 1.38278 1.43213 0.737017 0.00480999 0.0036714 0.00131371
164.84 1.38298 1.43226 0.737042 0.00511129 0.00311737 0.000611543
164.86 1.38318 1.43237 0.737035 0.00491565 0.00283409 -0.000163641
164.88 1.38335 1.43249 0.737004 0.00430422 0.00307406 -0.000791875
164.9 1.38349 1.43265 0.73696 0.00354352 0.00382693 -0.00109314
164.92 1.38361 1.43284 0.736919 0.00293642 0.0047741 -0.00102897
164.94 1.38372 1.43305 0.73689 0.00267681 0.00541509 -0.000715605
164.96 1.38383 1.43327 0.736877 0.00279119 0.0053428 -0.000337626
164.98 1.38396 1.43345 0.736875 0.00318048 0.00450644 -2.83054e-05
165 1.3841 1.43358 0.736883 0.00367834 0.00327424 0.00018065
165.02 1.38427 1.43367 0.736896 0.00410327 0.00225519 0.000324951
165.04 1.38444 1.43375 0.736915 0.0043178 0.00195254 0.000471278
165.06 1.38461 1.43384 0.736941 0.00429007 0.0024376 0.000661926
165.08 1.38477 1.43398 0.736974 0.00407917 0.00330225 0.000825454
165.1 1.38492 1.43413 0.737005 0.00374349 0.00395501 0.000775077
165.12 1.38506 1.43429 0.73702 0.00329957 0.00401598 0.000365152
165.14 1.38517 1.43443 0.737007 0.00279465 0.00349991 -0.000326023
165.16 1.38526 1.43454 0.736968 0.00240065 0.00272932 -0.000967896
165.18 1.38536 1.43463 0.736922 0.00236479 0.00211791 -0.00115776
165.2 1.38547 1.43471 0.736893 0.00282421 0.0019539 -0.000709655
165.22 1.38562 1.4348 0.7369 0.00364356 0.00226899 0.00016753
165.24 1.38579 1.43491 0.736939 0.00442209 0.00284355 0.000973981
165.26 1.38598 1.43504 0.736989 0.00473482 0.0033298 0.00125442
165.28 1.38616 1.43518 0.737025 0.00442938 0.00343468 0.000907298
165.3 1.38631 1.43531 0.737034 0.00372557 0.0030949 0.000225466
165.32 1.38643 1.43541 0.737021 0.00305364 0.00252877 -0.000334852
165.34 1.38654 1.43549 0.737003 0.00278386 0.00208023 -0.000446772
165.36 1.38666 1.43557 0.737001 0.00303508 0.00200656 -5.91465e-05
165.38 1.38681 1.43567 0.737027 0.00364124 0.00238009 0.000662865
165.4 1.38698 1.43579 0.737087 0.00428659 0.00306835 0.00149822
165.42 1.38717 1.43594 0.737178 0.00472453 0.00376821 0.00225949
165.44 1.38737 1.43611 0.737289 0.00492719 0.00417117 0.00277804
165.46 1.38757 1.43627 0.737405 0.00504002 0.00416891 0.00290097
165.48 1.38778 1.43643 0.737506 0.005177 0.00391174 0.00253268
165.5 1.38799 1.43658 0.737574 0.00527152 0.00368138 0.00169561
165.52 1.38819 1.43672 0.737598 0.00514412 0.00367736 0.000609484
165.54 1.38838 1.43688 0.737586 0.00471342 0.00388363 -0.00031423
165.56 1.38855 1.43704 0.73756 0.00411203 0.00412364 -0.000645801
165.58 1.38869 1.43721 0.737552 0.00363409 0.00422964 -0.000200415
165.6 1.38883 1.43738 0.737584 0.00357375 0.00417531 0.000802816
165.62 1.389 1.43754 0.737657 0.00402022 0.00407717 0.00182375
165.64 1.38919 1.43771 0.737749 0.00475767 0.00411562 0.00229224
165.66 1.3894 1.43788 0.737826 0.00537763 0.00442375 0.00193556
165.68 1.38962 1.43808 0.737863 0.00550217 0.00496829 0.000932406
165.7 1.38982 1.4383 0.737855 0.00495524 0.00550987 -0.000209849
165.72 1.38997 1.43853 0.737817 0.00384779 0.00573793 -0.000944941
165.74 1.39008 1.43875 0.737778 0.00256512 0.00552757 -0.000967692
165.76 1.39014 1.43896 0.737764 0.00159805 0.005076 -0.000361261
165.78 1.39019 1.43915 0.737782 0.00129211 0.00477232 0.000464998
165.8 1.39026 1.43935 0.737824 0.00170047 0.00493213 0.00102965
165.82 1.39036 1.43957 0.737866 0.00261276 0.00557506 0.0010478
165.84 1.39051 1.43982 0.737887 0.00368324 0.0063701 0.000546959
165.86 1.39069 1.4401 0.73788 0.00455361 0.00685713 -0.000188299
165.88 1.39089 1.44037 0.737849 0.00493825 0.00682945 -0.00076833
165.9 1.39108 1.44063 0.737814 0.00471039 0.00649777 -0.000879069
165.92 1.39124 1.44088 0.737796 0.0039952 0.00625929 -0.000453122
165.94 1.39137 1.44113 0.737807 0.00316003 0.00634241 0.000273979
165.96 1.39147 1.4414 0.737843 0.002626 0.00666333 0.000913947
165.98 1.39158 1.44168 0.73789 0.00261268 0.00692785 0.00116308
166 1.3917 1.44195 0.737928 0.00302159 0.00686038 0.000948076
166.02 1.39184 1.44221 0.737945 0.00354283 0.00640593 0.000424589
166.04 1.39199 1.44244 0.73794 0.00386895 0.00575474 -0.000116228
166.06 1.39215 1.44265 0.737924 0.00385409 0.00519245 -0.000398998
166.08 1.39229 1.44284 0.737911 0.00357227 0.00491256 -0.000328255
166.1 1.39242 1.44304 0.73791 0.00324696 0.0049222 -3.35144e-05
166.12 1.39254 1.44324 0.73792 0.00310548 0.00505463 0.000261189
166.14 1.39267 1.44345 0.737937 0.00326876 0.00508473 0.000425722
166.16 1.39282 1.44364 0.737957 0.00368727 0.00489745 0.000491878
166.18 1.39299 1.44382 0.73798 0.00414051 0.00457518 0.00056768
166.2 1.39316 1.444 0.738008 0.00435502 0.00430409 0.00071595
166.22 1.39333 1.44416 0.738044 0.00417427 0.00419545 0.00090338
166.24 1.39348 1.44433 0.738087 0.0036667 0.00422616 0.00105876
166.26 1.3936 1.44451 0.738134 0.00309096 0.00433735 0.00117717
166.28 1.39371 1.44469 0.738187 0.00274931 0.00450814 0.00133513
166.3 1.39382 1.44487 0.73825 0.00282782 0.00468814 0.00156883
166.32 1.39395 1.44506 0.73832 0.00331852 0.00471546 0.00176057
166.34 1.39412 1.44524 0.738388 0.00405999 0.00438843 0.00169941
166.36 1.39431 1.44539 0.73844 0.00482163 0.00366752 0.00127758
166.38 1.39452 1.4455 0.738465 0.00537038 0.00280743 0.000636192
166.4 1.39475 1.44559 0.73847 0.00556124 0.0022443 0.000135879
166.42 1.39496 1.44568 0.738476 0.00538217 0.0023189 0.00014584
166.44 1.39516 1.4458 0.738507 0.00489594 0.0030669 0.000767963
166.46 1.39533 1.44597 0.738574 0.0041954 0.00416806 0.00168704
166.48 1.39546 1.44617 0.738668 0.00346878 0.00506387 0.00234181
166.5 1.39559 1.44638 0.738762 0.00304527 0.00525256 0.00233881
166.52 1.39572 1.44657 0.73883 0.00323944 0.00460563 0.00172109
166.54 1.39588 1.4467 0.738865 0.0040732 0.00345338 0.000867726
166.56 1.39609 1.4468 0.738873 0.00516481 0.00238833 0.000192627
166.58 1.39632 1.44688 0.738868 0.00591297 0.00188987 -0.000117789
166.6 1.39656 1.44696 0.738861 0.00585304 0.00206461 -0.000176137
166.62 1.39675 1.44707 0.738851 0.00495764 0.00269771 -0.000248502
166.64 1.3969 1.4472 0.738831 0.00367131 0.0034475 -0.000505714
166.66 1.39701 1.44736 0.738797 0.00264592 0.00399979 -0.000859985
166.68 1.3971 1.44753 0.738756 0.00234812 0.00418355 -0.00102443
166.7 1.39721 1.44769 0.738725 0.00278711 0.00402959 -0.00076864
166.72 1.39735 1.44784 0.738719 0.00352836 0.00371278 -0.000144879
166.74 1.39751 1.44798 0.73874 0.00401485 0.00343989 0.000531621
166.76 1.39767 1.44811 0.738776 0.00397919 0.00338965 0.000899073
166.78 1.39782 1.44826 0.738807 0.00360865 0.00369641 0.000768708
166.8 1.39795 1.44844 0.738816 0.00333112 0.00438344 0.000226195
166.82 1.39809 1.44865 0.738799 0.00341658 0.00527857 -0.000422438
166.84 1.39824 1.44889 0.738765 0.0037387 0.00603168 -0.000842917
166.86 1.39839 1.44914 0.738731 0.00392053 0.0062859 -0.000870666
166.88 1.39854 1.44938 0.738708 0.00372389 0.00592874 -0.000569612
166.9 1.39868 1.44959 0.738702 0.00330729 0.00522287 -0.000144224
166.92 1.3988 1.44977 0.738711 0.00310292 0.00465349 0.000211353
166.94 1.39894 1.44996 0.738727 0.0034042 0.00460335 0.000415832
166.96 1.3991 1.45016 0.738747 0.00405752 0.00510019 0.000507554
166.98 1.39928 1.45039 0.73877 0.00454116 0.00577955 0.000574001
167 1.39945 1.45064 0.738797 0.00436702 0.00612135 0.000652758
167.02 1.39959 1.45087 0.738824 0.00350079 0.00578433 0.000688438
167.04 1.39969 1.45106 0.738848 0.00245177 0.00480383 0.000590091
167.06 1.39977 1.45121 0.738861 0.00192923 0.00359542 0.000340314
167.08 1.39986 1.45132 0.738864 0.00233263 0.00276093 6.17177e-05
167.1 1.4 1.45143 0.738863 0.00346927 0.0027357 -2.87191e-05
167.12 1.40019 1.45157 0.738872 0.00466794 0.00350697 0.000223009
167.14 1.4004 1.45175 0.738902 0.00520776 0.00464182 0.000758034
167.16 1.40059 1.45197 0.738954 0.00479647 0.00556292 0.00130682
167.18 1.40074 1.45221 0.739017 0.00375715 0.00585565 0.00156234
167.2 1.40085 1.45243 0.739072 0.00280486 0.00547116 0.00138771
167.22 1.40095 1.45262 0.739108 0.00258123 0.00471863 0.000905931
167.24 1.40108 1.45278 0.739126 0.00326038 0.00403035 0.000434519
167.26 1.40126 1.45292 0.739137 0.00446797 0.00367416 0.000293314
167.28 1.40149 1.45307 0.739162 0.0055381 0.00366367 0.000615324
167.3 1.40172 1.45323 0.739213 0.00591311 0.0038813 0.00128099
167.32 1.40194 1.45339 0.739293 0.00544187 0.00420589 0.00198911
167.34 1.40212 1.45358 0.739389 0.00442625 0.00456039 0.00239602
167.36 1.40225 1.45377 0.739479 0.00341112 0.00489372 0.00226261
167.38 1.40237 1.45398 0.739542 0.00287057 0.00510717 0.00157578
167.4 1.40249 1.45418 0.739565 0.0029707 0.00505494 0.000576235
167.42 1.40263 1.45437 0.739551 0.00351855 0.00469653 -0.00035475
167.44 1.40279 1.45453 0.739515 0.00412372 0.0042128 -0.000900184
167.46 1.40297 1.45469 0.739476 0.0044421 0.00389397 -0.000966232
167.48 1.40314 1.45485 0.739449 0.00434002 0.00390453 -0.000682049
167.5 1.4033 1.45501 0.739439 0.00391761 0.00419764 -0.000262455
167.52 1.40344 1.4552 0.739445 0.00340282 0.00460455 0.000158702
167.54 1.40356 1.4554 0.739469 0.00301851 0.00494736 0.000603758
167.56 1.40367 1.4556 0.739515 0.00293006 0.00512332 0.00114867
167.58 1.4038 1.45581 0.739585 0.00320175 0.00514547 0.00173566
167.6 1.40395 1.45601 0.739669 0.00372992 0.00509358 0.00210166
167.62 1.40412 1.45621 0.739746 0.00424138 0.00501131 0.00193712
167.64 1.4043 1.45641 0.739793 0.00442261 0.00487697 0.00117627
167.66 1.40446 1.45659 0.739799 0.00412396 0.00466787 0.000134779
167.68 1.4046 1.45677 0.739772 0.00347967 0.00443884 -0.000673636
167.7 1.40472 1.45694 0.739736 0.00285159 0.00431274 -0.000886126
167.72 1.40482 1.45712 0.739716 0.0025796 0.00434676 -0.000508873
167.74 1.40493 1.4573 0.739721 0.00273776 0.00445474 0.000133762
167.76 1.40505 1.45747 0.739746 0.00313498 0.00448386 0.000627982
167.78 1.4052 1.45765 0.739775 0.00352151 0.00434332 0.00070945
167.8 1.40535 1.45781 0.739791 0.00380446 0.00407342 0.000396185
167.82 1.40551 1.45796 0.739788 0.00410729 0.00380665 -5.95318e-05
167.84 1.40569 1.45811 0.739773 0.00457468 0.00366891 -0.000374535
167.86 1.4059 1.45826 0.739756 0.00509259 0.00369356 -0.000426838
167.88 1.40611 1.45841 0.739745 0.00529025 0.00382964 -0.000287876
167.9 1.4063 1.45857 0.739741 0.00486361 0.00400584 -9.10786e-05
167.92 1.40646 1.45874 0.739746 0.00386884 0.00417724 0.000126256
167.94 1.40657 1.45891 0.739763 0.00274221 0.00433519 0.000429514
167.96 1.40665 1.45909 0.739797 0.00207009 0.00446214 0.000835243
167.98 1.40674 1.45927 0.739845 0.00224944 0.00450461 0.00120349
168 1.40687 1.45945 0.739898 0.00322768 0.00438143 0.00132137
168.02 1.40705 1.45961 0.739942 0.0045254 0.00403438 0.0011044
168.04 1.40727 1.45975 0.73997 0.00553474 0.00353765 0.000702994
168.06 1.40751 1.45987 0.739986 0.00588836 0.00313895 0.000399173
168.08 1.40774 1.46 0.740002 0.00565453 0.00310186 0.000393004
168.1 1.40794 1.46014 0.740028 0.00521225 0.0034603 0.00066066
168.12 1.40814 1.4603 0.740067 0.00492804 0.00394819 0.000981465
168.14 1.40834 1.46046 0.740112 0.00492375 0.00420971 0.00111075
168.16 1.40854 1.46063 0.740151 0.00503876 0.00410269 0.000973793
168.18 1.40874 1.46078 0.740179 0.00497405 0.00380537 0.00070424
168.2 1.40892 1.46093 0.740199 0.00456046 0.00366001 0.000507155
168.22 1.40908 1.46108 0.740219 0.00394846 0.00389516 0.000508835
168.24 1.40922 1.46126 0.740248 0.00353936 0.0044228 0.000724429
168.26 1.40937 1.46145 0.740293 0.00368714 0.00488283 0.0011087
168.28 1.40954 1.46165 0.740357 0.00440401 0.00494535 0.00159742
168.3 1.40975 1.46184 0.740441 0.00528276 0.00457929 0.00211421
168.32 1.40998 1.462 0.740544 0.00573316 0.00405325 0.00256537
168.34 1.4102 1.46215 0.740656 0.00539099 0.00370657 0.00280776
168.36 1.41038 1.46229 0.740762 0.00439398 0.00369639 0.00264814
168.38 1.41051 1.46245 0.74084 0.00329863 0.00389572 0.0019495
168.4 1.41062 1.46261 0.740871 0.00270301 0.00403331 0.000785343
168.42 1.41073 1.46277 0.740852 0.00290593 0.00399881 -0.00049407
168.44 1.41088 1.46293 0.740796 0.00378582 0.00399855 -0.00138331
168.46 1.41108 1.4631 0.740737 0.00489248 0.00435669 -0.00147531
168.48 1.41131 1.46331 0.74071 0.00567063 0.00516405 -0.000690487
168.5 1.41153 1.46356 0.740735 0.00572029 0.00615976 0.000637715
168.52 1.41173 1.46383 0.740811 0.00497955 0.0069233 0.0018826
168.54 1.41188 1.46412 0.740908 0.00375864 0.00715151 0.00243582
168.56 1.41199 1.46439 0.740989 0.00258668 0.00681517 0.00203582
168.58 1.41206 1.46464 0.741025 0.00190162 0.00613332 0.000898631
168.6 1.41214 1.46486 0.741008 0.00181876 0.00542638 -0.000425912
168.62 1.41222 1.46505 0.740954 0.00217814 0.00497798 -0.00136451
168.64 1.41233 1.46525 0.74089 0.00274431 0.00495366 -0.00158854
168.66 1.41247 1.46547 0.740845 0.00332373 0.00537309 -0.00112015
168.68 1.41262 1.46571 0.740834 0.00378098 0.00611446 -0.000274969
168.7 1.41278 1.46599 0.740855 0.00407469 0.00691607 0.000513963
168.72 1.41295 1.46629 0.740891 0.00425298 0.00742894 0.000912157
168.74 1.41312 1.46658 0.740925 0.00431804 0.00736307 0.000837936
168.76 1.41329 1.46685 0.740943 0.00413188 0.00665403 0.00045669
168.78 1.41343 1.46707 0.740945 0.00353852 0.00555533 3.50436e-05
168.8 1.41353 1.46725 0.740936 0.00258374 0.00455541 -0.000227484
168.82 1.4136 1.46742 0.740924 0.00159048 0.00410827 -0.00027908
168.84 1.41364 1.46759 0.740917 0.00103859 0.00436446 -0.000183172
168.86 1.41369 1.46779 0.740916 0.00129301 0.00509517 -2.39904e-05
168.88 1.41378 1.46803 0.740923 0.00231596 0.00584286 0.000175609
168.9 1.41393 1.46827 0.740941 0.00362454 0.00617048 0.000453969
168.92 1.41411 1.46851 0.740975 0.00460502 0.00585637 0.000841141
168.94 1.41431 1.46871 0.741027 0.00490213 0.00499259 0.00129832
168.96 1.41449 1.46887 0.741095 0.00456187 0.00395481 0.00169981
168.98 1.41465 1.46899 0.74117 0.00390064 0.00318163 0.00187749
169 1.41478 1.46911 0.741239 0.00328131 0.00291847 0.00173272
169.02 1.4149 1.46924 0.741292 0.00292883 0.00314345 0.00131063
169.04 1.41501 1.46938 0.741323 0.00285122 0.00363007 0.00077154
169.06 1.41513 1.46954 0.741335 0.0029067 0.0040403 0.00031686
169.08 1.41524 1.46971 0.74134 0.00296296 0.00407878 0.000132109
169.1 1.41536 1.46985 0.741353 0.00301993 0.00367675 0.000321338
169.12 1.41549 1.46998 0.741386 0.00318026 0.00305144 0.000828619
169.14 1.41563 1.47008 0.741443 0.00352815 0.00255086 0.00141327
169.16 1.41579 1.47017 0.741513 0.00403395 0.00240528 0.00174651
169.18 1.41598 1.47028 0.741577 0.00456417 0.00261252 0.00160146
169.2 1.41617 1.4704 0.741617 0.00493804 0.00298518 0.00100287
169.22 1.41637 1.47053 0.741626 0.00500063 0.00328287 0.000234373
169.24 1.41656 1.47066 0.741614 0.00472205 0.00337936 -0.000316161
169.26 1.41673 1.4708 0.741598 0.00425565 0.00334454 -0.000382548
169.28 1.41689 1.47093 0.741601 0.00386538 0.00333719 5.36948e-05
169.3 1.41704 1.47107 0.741632 0.00375026 0.00340352 0.000788111
169.32 1.4172 1.4712 0.741692 0.00391495 0.00342574 0.00149031
169.34 1.41736 1.47134 0.741765 0.00418404 0.0033073 0.00183002
169.36 1.41754 1.47146 0.741831 0.00433713 0.00315084 0.0016414
169.38 1.41771 1.47159 0.741872 0.00425669 0.00318595 0.0010426
169.4 1.41787 1.47173 0.741886 0.00397611 0.0035463 0.000354616
169.42 1.41801 1.4719 0.741881 0.00361134 0.00414899 -0.000127148
169.44 1.41814 1.47209 0.74187 0.00327067 0.00473587 -0.00027473
169.46 1.41826 1.47229 0.741867 0.00304216 0.00502336 -9.63407e-05
169.48 1.41838 1.47248 0.74188 0.00301608 0.00488985 0.000327458
169.5 1.41851 1.47266 0.741914 0.00325804 0.00447201 0.000853409
169.52 1.41866 1.47283 0.741966 0.00373808 0.00408678 0.00129597
169.54 1.41883 1.47299 0.742025 0.00428244 0.00403915 0.00149467
169.56 1.41902 1.47317 0.74208 0.00461212 0.0044247 0.001365
169.58 1.4192 1.47337 0.742117 0.00451092 0.00503958 0.000915239
169.6 1.41936 1.47359 0.742128 0.00398952 0.00547355 0.000271726
169.62 1.41949 1.4738 0.742114 0.00327494 0.00534868 -0.000338516
169.64 1.4196 1.47398 0.742086 0.0026603 0.00458391 -0.00069424
169.66 1.41969 1.47412 0.742059 0.00238828 0.00352388 -0.000690434
169.68 1.4198 1.47424 0.742044 0.00261059 0.00278589 -0.000355604
169.7 1.41993 1.47435 0.742053 0.00333384 0.00286115 0.000217672
169.72 1.4201 1.4745 0.74209 0.00434513 0.00374355 0.000923178
169.74 1.42031 1.4747 0.742154 0.0052542 0.00491749 0.00160006
169.76 1.42054 1.47492 0.742234 0.0056661 0.00571069 0.00198773
169.78 1.42076 1.47515 0.742306 0.00538717 0.00569292 0.00181813
169.8 1.42094 1.47535 0.742348 0.00457793 0.00489575 0.00105098
169.82 1.42109 1.4755 0.742349 0.00371584 0.00378753 1.11711e-05
169.84 1.42122 1.47562 0.742317 0.00331646 0.00298766 -0.000787591
169.86 1.42136 1.47573 0.742277 0.00361134 0.0028699 -0.00101141
169.88 1.42154 1.47587 0.742249 0.00443577 0.00336032 -0.000705324
169.9 1.42176 1.47603 0.742242 0.00535318 0.00405326 -0.000174759
169.92 1.42199 1.47621 0.742253 0.00587894 0.00450258 0.000276856
169.94 1.42222 1.47639 0.742273 0.00570004 0.00448422 0.000520832
169.96 1.42241 1.47655 0.742298 0.0048634 0.00409451 0.000610062
169.98 1.42257 1.4767 0.742325 0.00379272 0.00365453 0.000667511
170 1.42269 1.47684 0.742355 0.0030474 0.00349714 0.000758527
170.02 1.42281 1.47699 0.742389 0.00296786 0.00377572 0.000856008
170.04 1.42294 1.47717 0.742425 0.00347048 0.00438999 0.000887537
170.06 1.42311 1.47737 0.742457 0.00414399 0.00504998 0.000803917
170.08 1.42329 1.47759 0.742482 0.00453221 0.0054231 0.000623636
170.1 1.42347 1.4778 0.7425 0.00441235 0.00528534 0.000447733
170.12 1.42363 1.47798 0.742517 0.00394248 0.00465811 0.000422137
170.14 1.42377 1.47814 0.742541 0.00356765 0.00384382 0.000615717
170.16 1.42391 1.47827 0.742578 0.00365613 0.00325013 0.000923839
170.18 1.42408 1.47839 0.742623 0.00415605 0.0031066 0.00112679
170.2 1.42427 1.47853 0.742666 0.00464234 0.00336399 0.00106985
170.22 1.42445 1.47868 0.742699 0.00470013 0.00384584 0.000816608
170.24 1.42462 1.47886 0.742724 0.00423626 0.00441045 0.000628811
170.26 1.42476 1.47905 0.742754 0.00347773 0.00495047 0.000756639
170.28 1.42487 1.47927 0.742803 0.00277283 0.00534498 0.00121553
170.3 1.42497 1.47949 0.742874 0.00238944 0.00550269 0.00178608
170.32 1.42507 1.47971 0.742963 0.00238348 0.00544533 0.00223065
170.34 1.42517 1.47992 0.743062 0.00264054 0.00530973 0.00247227
170.36 1.42529 1.48013 0.743165 0.00304107 0.00523723 0.00256123
170.38 1.42543 1.48034 0.743266 0.00352541 0.00522731 0.00252033
170.4 1.42559 1.48054 0.743356 0.00399474 0.00513607 0.00225054
170.42 1.42576 1.48074 0.74342 0.00424614 0.00487127 0.00162372
170.44 1.42593 1.48092 0.743449 0.00406021 0.00455985 0.000703031
170.46 1.42606 1.4811 0.743442 0.00335288 0.00447387 -0.000172025
170.48 1.42615 1.48129 0.743418 0.00228544 0.00479316 -0.000581236
170.5 1.4262 1.48151 0.743406 0.00126862 0.00546013 -0.000320519
170.52 1.42623 1.48176 0.743423 0.000793348 0.00617896 0.000432743
170.54 1.42628 1.48202 0.743471 0.00114771 0.00655461 0.00120761
170.56 1.42637 1.48227 0.743533 0.00218811 0.00634376 0.00153733
170.58 1.4265 1.4825 0.743583 0.0033792 0.00565867 0.00125538
170.6 1.42667 1.48269 0.743605 0.00411868 0.00492543 0.000562431
170.62 1.42683 1.48288 0.743598 0.00411822 0.00459061 -0.000174899
170.64 1.42697 1.48307 0.743571 0.00356984 0.00479823 -0.000697386
170.66 1.42709 1.48328 0.743531 0.00295641 0.00529693 -0.000982568
170.68 1.4272 1.48351 0.743485 0.00266885 0.00565464 -0.00114653
170.7 1.42731 1.48373 0.743435 0.00275101 0.00557174 -0.00125719
170.72 1.42743 1.48393 0.743384 0.00298612 0.00504427 -0.00127446
170.74 1.42756 1.48411 0.743339 0.00320207 0.00431392 -0.00113113
170.76 1.42769 1.48425 0.743306 0.003432 0.0036802 -0.000828802
170.78 1.42785 1.48439 0.743288 0.00382949 0.00332712 -0.000440237
170.8 1.42803 1.48452 0.743287 0.0044564 0.0032903 -2.25332e-05
170.82 1.42823 1.48466 0.743304 0.00515553 0.00351961 0.000419212
170.84 1.42846 1.48482 0.743338 0.0056389 0.00393999 0.000853751
170.86 1.42869 1.48499 0.743385 0.00571571 0.00446816 0.00116404
170.88 1.4289 1.48519 0.743433 0.00543431 0.00498935 0.00120907
170.9 1.42911 1.48541 0.743471 0.00504465 0.00531827 0.000952211
170.92 1.4293 1.48562 0.743492 0.00485623 0.00522501 0.000522822
170.94 1.4295 1.4858 0.743498 0.00504122 0.00456856 0.000140395
170.96 1.42972 1.48594 0.743496 0.00549117 0.00344945 -4.07833e-05
170.98 1.42996 1.48603 0.743496 0.00587954 0.00224632 5.24444e-06
171 1.43019 1.48609 0.743506 0.00588006 0.00148691 0.000246886
171.02 1.43041 1.48615 0.743533 0.00541094 0.00158722 0.000663205
171.04 1.4306 1.48625 0.743582 0.00473916 0.00255686 0.00123162
171.06 1.43077 1.48641 0.743658 0.00432133 0.00390213 0.00189429
171.08 1.43095 1.4866 0.74376 0.00447031 0.00489898 0.0025548
171.1 1.43115 1.48681 0.743882 0.00510116 0.00505354 0.00306081
171.12 1.43138 1.48698 0.744011 0.0057607 0.00438999 0.00320404
171.14 1.43162 1.48712 0.744123 0.00593632 0.00337416 0.00280543
171.16 1.43184 1.48722 0.744198 0.0054323 0.00259782 0.00187489
171.18 1.43202 1.48732 0.744227 0.00452416 0.00243098 0.000729776
171.2 1.43217 1.48743 0.744222 0.00378347 0.00283909 -0.000125267
171.22 1.43232 1.48757 0.744209 0.00366395 0.00348915 -0.000326147
171.24 1.43248 1.48773 0.744212 0.00415469 0.00404061 9.01371e-05
171.26 1.43268 1.48791 0.744241 0.00481278 0.00435209 0.000707174
171.28 1.43288 1.48809 0.744283 0.00512724 0.00446228 0.00105562
171.3 1.43308 1.48826 0.744322 0.0048726 0.00446874 0.000981812
171.32 1.43324 1.48844 0.744351 0.00420135 0.00443631 0.000715713
171.34 1.43338 1.48862 0.744375 0.00351855 0.00435696 0.000609404
171.36 1.43351 1.48878 0.744408 0.00321496 0.00416598 0.000821301
171.38 1.43365 1.48894 0.744457 0.00337239 0.00384288 0.00121607
171.4 1.4338 1.48908 0.744517 0.00371465 0.00353448 0.00151092
171.42 1.43395 1.48922 0.744577 0.00385489 0.00352954 0.00150055
171.44 1.43409 1.48938 0.744625 0.00360451 0.00403376 0.00118517
171.46 1.43422 1.48958 0.744654 0.00309012 0.00494332 0.000729597
171.48 1.43432 1.48981 0.744666 0.00261963 0.00586566 0.000299772
171.5 1.43442 1.49007 0.744663 0.00244879 0.00636177 -7.61466e-05
171.52 1.43453 1.49031 0.744644 0.00262612 0.00618446 -0.000457627
171.54 1.43465 1.49053 0.744612 0.00299261 0.00537493 -0.000798443
171.56 1.43478 1.4907 0.744578 0.00333031 0.00424453 -0.000866047
171.58 1.43492 1.49083 0.744561 0.00351613 0.00325024 -0.000416885
171.6 1.43506 1.49094 0.744583 0.00354698 0.0027778 0.000539945
171.62 1.4352 1.49106 0.744649 0.00347661 0.00293784 0.00165085
171.64 1.43533 1.4912 0.744744 0.00334391 0.00353839 0.00239167
171.66 1.43546 1.49137 0.74484 0.00313148 0.00423578 0.00238189
171.68 1.43557 1.49156 0.744905 0.00280169 0.004699 0.00162971
171.7 1.43567 1.49174 0.744926 0.0024174 0.00471143 0.000516991
171.72 1.43576 1.49191 0.744907 0.00218055 0.00422825 -0.00047453
171.74 1.43585 1.49205 0.744865 0.00229678 0.00341578 -0.00104039
171.76 1.43596 1.49215 0.74482 0.00279718 0.00259291 -0.00113794
171.78 1.4361 1.49224 0.744785 0.00349801 0.00208795 -0.000874608
171.8 1.43626 1.49232 0.74477 0.00409917 0.00211433 -0.000366446
171.82 1.43644 1.49243 0.744781 0.00431754 0.00269693 0.000287685
171.84 1.4366 1.49258 0.74482 0.00400347 0.00363875 0.000972352
171.86 1.43673 1.49276 0.744883 0.00324274 0.00456749 0.00155649
171.88 1.43682 1.49296 0.744959 0.00236589 0.00509116 0.00190132
171.9 1.43689 1.49316 0.745034 0.00179272 0.00501337 0.00188436
171.92 1.43696 1.49334 0.745093 0.00179445 0.00447113 0.00147919
171.94 1.43706 1.4935 0.745126 0.0023271 0.00385097 0.000822664
171.96 1.43718 1.49364 0.745133 0.00308524 0.00353337 0.000180503
171.98 1.43733 1.49378 0.745125 0.00372725 0.00367716 -0.000195274
172 1.43749 1.49395 0.745117 0.00406484 0.00418475 -0.000218957
172.02 1.43766 1.49414 0.745117 0.00410743 0.00482436 -1.74293e-06
172.04 1.43782 1.49436 0.745127 0.00398943 0.00536881 0.0002679
172.06 1.43797 1.49459 0.745146 0.00385475 0.0056801 0.000478032
172.08 1.43812 1.49482 0.745172 0.00379732 0.00574428 0.00064117
172.1 1.43828 1.49504 0.745205 0.00384506 0.00565295 0.000824274
172.12 1.43843 1.49526 0.745247 0.00394737 0.00554988 0.00105037
172.14 1.43859 1.49549 0.745298 0.00401548 0.00554484 0.00126153
172.16 1.43875 1.49571 0.745352 0.00400836 0.00566933 0.00137373
172.18 1.43891 1.49595 0.745407 0.00395473 0.00590289 0.00136507
172.2 1.43907 1.4962 0.745458 0.00389438 0.00621275 0.00128401
172.22 1.43922 1.49646 0.745505 0.00385404 0.00654332 0.00116323
172.24 1.43938 1.49673 0.745544 0.00388727 0.00680369 0.000964411
172.26 1.43954 1.49701 0.745569 0.00408143 0.00686619 0.000624837
172.28 1.43972 1.49727 0.745575 0.00448493 0.00659921 0.00016399
172.3 1.43992 1.49751 0.745564 0.00501621 0.0059668 -0.000265317
172.32 1.44014 1.49771 0.745546 0.00544779 0.00514121 -0.000450663
172.34 1.44036 1.49789 0.745536 0.00554588 0.00448796 -0.000251424
172.36 1.44057 1.49807 0.745549 0.00525714 0.00434062 0.000304319
172.38 1.44076 1.49826 0.745589 0.00477035 0.00476201 0.00100685
172.4 1.44094 1.49848 0.745652 0.0044062 0.00548411 0.00157101
172.42 1.44111 1.49872 0.745724 0.00439828 0.00606334 0.0018103
172.44 1.4413 1.49897 0.745793 0.00471215 0.00615896 0.00173231
172.46 1.44151 1.4992 0.745854 0.00511173 0.00572384 0.00150517
172.48 1.44172 1.49939 0.745908 0.00540286 0.004976 0.00134983
172.5 1.44195 1.49956 0.745963 0.00557678 0.00422301 0.0013964
172.52 1.44218 1.49971 0.746027 0.00570935 0.00369912 0.0015828
172.54 1.44241 1.49985 0.746094 0.00578242 0.00348046 0.00168838
172.56 1.44263 1.49999 0.746154 0.00566402 0.00348025 0.00148953
172.58 1.44284 1.50013 0.74619 0.00524964 0.00352019 0.000911804
172.6 1.44303 1.50027 0.746194 0.00460587 0.00345526 9.22819e-05
172.62 1.44319 1.5004 0.746167 0.00400361 0.00325602 -0.000666526
172.64 1.44334 1.50052 0.746127 0.00379515 0.00300531 -0.00100507
172.66 1.44351 1.50063 0.7461 0.00414726 0.00283269 -0.000667746
172.68 1.4437 1.50075 0.746114 0.00484536 0.00283171 0.000336703
172.7 1.44391 1.50087 0.746181 0.00539366 0.00299276 0.00167638
172.72 1.44413 1.50099 0.746293 0.00536263 0.00318282 0.00280123
172.74 1.44432 1.50112 0.74642 0.00468837 0.00323113 0.00318082
172.76 1.44447 1.50124 0.746523 0.00372092 0.0030713 0.00256468
172.78 1.44459 1.50136 0.746568 0.00299828 0.00280486 0.0011345
172.8 1.4447 1.50146 0.746546 0.00287621 0.00265815 -0.000553916
172.82 1.44483 1.50158 0.746473 0.00329013 0.00283772 -0.00183771
172.84 1.44499 1.50171 0.746382 0.0038353 0.00333616 -0.00227131
172.86 1.44515 1.50187 0.746309 0.00408922 0.00387696 -0.00181221
172.88 1.44531 1.50203 0.746278 0.00390624 0.00408106 -0.000785695
172.9 1.44544 1.50218 0.746291 0.00348093 0.00377011 0.000323265
172.92 1.44557 1.50231 0.746336 0.00317458 0.00315427 0.00112985
172.94 1.4457 1.50241 0.746397 0.00324379 0.00271235 0.00151746
172.96 1.44585 1.50253 0.746461 0.00366632 0.00285964 0.00160943
172.98 1.44601 1.50267 0.746524 0.00417084 0.00362561 0.00158678
173 1.44619 1.50286 0.746586 0.00441887 0.00459771 0.0015352
173.02 1.44636 1.50307 0.746643 0.00424243 0.00519625 0.00143787
173.04 1.44651 1.50327 0.746694 0.00378438 0.00509414 0.00125543
173.06 1.44665 1.50345 0.746733 0.00339329 0.0044974 0.000986297
173.08 1.44678 1.50361 0.746761 0.00333635 0.004029 0.000698401
173.1 1.44693 1.50378 0.746783 0.00358289 0.00424954 0.000539893
173.12 1.44708 1.50399 0.746809 0.0038609 0.00519825 0.000659148
173.14 1.44724 1.50424 0.746852 0.00392735 0.00633239 0.00106575
173.16 1.44739 1.50452 0.746915 0.00379485 0.00690473 0.00158581
173.18 1.44754 1.50478 0.746994 0.00369866 0.00648243 0.00196308
173.2 1.44769 1.50499 0.747074 0.00383464 0.00523146 0.00200188
173.22 1.44785 1.50514 0.74714 0.0041056 0.00380667 0.00166299
173.24 1.44802 1.50526 0.747183 0.00415084 0.00293233 0.00108276
173.26 1.44817 1.50537 0.747203 0.00368912 0.00294597 0.00049751
173.28 1.44828 1.50552 0.747208 0.0028465 0.00366078 0.000116028
173.3 1.44837 1.5057 0.747209 0.00212003 0.00461098 2.78759e-05
173.32 1.44845 1.50592 0.747217 0.00200703 0.0053903 0.000198995
173.34 1.44855 1.50615 0.747238 0.00259558 0.00579002 0.000518911
173.36 1.44869 1.50638 0.747271 0.00344274 0.00575558 0.000837005
173.38 1.44884 1.5066 0.747311 0.00387263 0.00535424 0.00100367
173.4 1.44898 1.50679 0.747349 0.00345392 0.00473679 0.000927068
173.42 1.44907 1.50695 0.747373 0.00233977 0.00405903 0.000610495
173.44 1.44912 1.50709 0.74738 0.0012269 0.00345882 0.000170918
173.46 1.44916 1.50721 0.747372 0.000900745 0.00307652 -0.000183015
173.48 1.44923 1.50733 0.747362 0.00168081 0.00300807 -0.000267875
173.5 1.44935 1.50746 0.747359 0.00319386 0.00324866 -5.94107e-05
173.52 1.44954 1.50761 0.747371 0.00464258 0.0037188 0.000293073
173.54 1.44975 1.50778 0.747394 0.00530483 0.00432591 0.000574063
173.56 1.44995 1.50798 0.74742 0.00489981 0.00495426 0.000639107
173.58 1.4501 1.5082 0.747439 0.00369759 0.00541252 0.000495581
173.6 1.45019 1.50841 0.74745 0.0023643 0.00546873 0.000266622
173.62 1.45025 1.50861 0.747454 0.00158876 0.00499374 8.47468e-05
173.64 1.45032 1.50878 0.747455 0.00170417 0.00413955 4.40728e-05
173.66 1.45043 1.50891 0.747464 0.00255797 0.00336093 0.000220611
173.68 1.45057 1.50904 0.747491 0.00370015 0.00317178 0.000678375
173.7 1.45076 1.50919 0.747548 0.00465325 0.00375054 0.00140672
173.72 1.45096 1.50938 0.747638 0.0050908 0.00474329 0.00225347
173.74 1.45116 1.5096 0.747755 0.00494275 0.00548607 0.0029391
173.76 1.45134 1.50982 0.747881 0.00440326 0.0054575 0.00315688
173.78 1.45149 1.51 0.74799 0.00379589 0.0046478 0.00271625
173.8 1.45162 1.51015 0.748058 0.00339032 0.00357216 0.00168969
173.82 1.45176 1.51026 0.748076 0.0032792 0.00289599 0.00046085
173.84 1.45189 1.51038 0.748059 0.00340294 0.00297223 -0.000426269
173.86 1.45204 1.51053 0.748037 0.0036618 0.00363513 -0.000557096
173.88 1.4522 1.5107 0.748041 0.00397201 0.0043602 0.000104974
173.9 1.45237 1.51089 0.748088 0.00426865 0.00464456 0.00118045
173.92 1.45255 1.51106 0.748172 0.00451997 0.00434745 0.0020814
173.94 1.45274 1.51121 0.748265 0.00472565 0.00374912 0.00232615
173.96 1.45293 1.51134 0.748336 0.00487777 0.00327098 0.00178164
173.98 1.45313 1.51147 0.748365 0.00494045 0.00313292 0.000728772
174 1.45333 1.5116 0.748353 0.00487576 0.00324784 -0.000302607
174.02 1.45351 1.51173 0.748319 0.00468348 0.0033825 -0.000840613
174.04 1.45369 1.51187 0.748291 0.00444286 0.0033983 -0.000714497
174.06 1.45386 1.512 0.748287 0.00431074 0.00334196 -8.83637e-05
174.08 1.45404 1.51214 0.748315 0.00444963 0.0033406 0.000696669
174.1 1.45424 1.51227 0.748368 0.00490268 0.00343152 0.00131352
174.12 1.45446 1.51241 0.74843 0.00548189 0.00351243 0.00156396
174.14 1.45469 1.51255 0.748487 0.00581505 0.00344539 0.00141902
174.16 1.45491 1.51268 0.748528 0.00559953 0.00319597 0.00101965
174.18 1.45511 1.51279 0.748552 0.00484943 0.00287929 0.00060473
174.2 1.45526 1.5129 0.748567 0.00390613 0.002683 0.000371301
174.22 1.45539 1.51301 0.748581 0.0032278 0.00273901 0.000362421
174.24 1.45552 1.51313 0.7486 0.00312384 0.0030505 0.000461045
174.26 1.45566 1.51328 0.74862 0.00358936 0.00353517 0.000501364
174.28 1.45583 1.51344 0.748636 0.00430826 0.00409715 0.000408381
174.3 1.45603 1.51362 0.748646 0.00482774 0.00462733 0.000245081
174.32 1.45622 1.51382 0.748651 0.00480253 0.00500034 0.000139552
174.34 1.45639 1.51403 0.748659 0.00419949 0.00513632 0.000180154
174.36 1.45652 1.51423 0.748673 0.0033435 0.00502562 0.000363153
174.38 1.45663 1.51442 0.748697 0.00269961 0.00469687 0.00059735
174.4 1.45673 1.51459 0.748726 0.00254 0.00421685 0.000736676
174.42 1.45684 1.51474 0.748752 0.00278808 0.00372216 0.000648695
174.44 1.45697 1.51487 0.748765 0.00315312 0.00339759 0.000304309
174.46 1.4571 1.51501 0.748757 0.00338665 0.00339499 -0.000186312
174.48 1.45724 1.51516 0.748732 0.00343831 0.00374341 -0.000623368
174.5 1.45738 1.51533 0.748699 0.00343379 0.00428862 -0.000819558
174.52 1.45752 1.51552 0.748671 0.00351497 0.00475026 -0.000702783
174.54 1.45767 1.51572 0.748658 0.00368627 0.00490443 -0.000331837
174.56 1.45782 1.5159 0.748665 0.00381903 0.00471188 0.000178543
174.58 1.45797 1.51608 0.748695 0.00379148 0.00429767 0.000735916
174.6 1.45811 1.51623 0.748746 0.00361755 0.00385901 0.00128586
174.62 1.45825 1.51637 0.748817 0.00346114 0.00357066 0.00177045
174.64 1.45839 1.51651 0.748902 0.00352232 0.00351165 0.00211971
174.66 1.45855 1.51666 0.748994 0.00389501 0.00365256 0.00231591
174.68 1.45873 1.51682 0.749091 0.00446909 0.0039083 0.00240528
174.7 1.45893 1.51698 0.749187 0.00494218 0.00420793 0.00240625
174.72 1.45913 1.51716 0.749277 0.00501651 0.00451617 0.00226635
174.74 1.45931 1.51736 0.749355 0.00463439 0.00479275 0.00193578
174.76 1.45947 1.51756 0.749413 0.00401039 0.00497279 0.00145136
174.78 1.45961 1.51775 0.749451 0.00346337 0.00498766 0.000954407
174.8 1.45974 1.51795 0.749477 0.0032315 0.00478069 0.000637552
174.82 1.45988 1.51812 0.749502 0.00337898 0.00435506 0.000638335
174.84 1.46003 1.51827 0.74954 0.00378349 0.00384904 0.000941244
174.86 1.46019 1.51841 0.749595 0.00419918 0.00350484 0.00137456
174.88 1.46037 1.51856 0.749664 0.00440228 0.00354522 0.00173108
174.9 1.46054 1.51872 0.74974 0.0043189 0.00404758 0.00189894
174.92 1.46071 1.51891 0.749815 0.00403602 0.00487612 0.00188246
174.94 1.46085 1.51914 0.749884 0.0037107 0.00571146 0.00171475
174.96 1.46099 1.51939 0.749939 0.00346846 0.00619763 0.00137266
174.98 1.46113 1.51964 0.749972 0.00337908 0.0061514 0.000819233
175 1.46127 1.51986 0.749977 0.00347531 0.00566554 0.000125017
175.02 1.46142 1.52006 0.749957 0.00373475 0.00502625 -0.000499793
175.04 1.46158 1.52024 0.749924 0.00405175 0.00453626 -0.000822308
175.06 1.46175 1.52042 0.749894 0.00425548 0.0043492 -0.000748639
175.08 1.46192 1.5206 0.749878 0.00418604 0.00441766 -0.000381798
175.1 1.46207 1.52078 0.749882 0.00379911 0.00458107 8.00393e-05
175.12 1.4622 1.52097 0.749901 0.00322561 0.00469535 0.000478814
175.14 1.46231 1.52115 0.749931 0.00270804 0.00471332 0.000755615
175.16 1.4624 1.52134 0.749969 0.00249496 0.00469456 0.000948948
175.18 1.46252 1.52153 0.750014 0.00276026 0.00472936 0.00113406
175.2 1.46266 1.52173 0.750067 0.00352959 0.00483667 0.00132103
175.22 1.46284 1.52192 0.750123 0.00460446 0.004929 0.00139784
175.24 1.46306 1.52212 0.750171 0.00554162 0.00488457 0.00118979
175.26 1.4633 1.52231 0.750195 0.00583696 0.00468431 0.000606728
175.28 1.46351 1.52248 0.750186 0.00524904 0.00444566 -0.00023391
175.3 1.46366 1.52266 0.750146 0.00397651 0.00433211 -0.000999824
175.32 1.46377 1.52283 0.750094 0.00255118 0.00442941 -0.00129519
175.34 1.46383 1.52302 0.750058 0.00156373 0.0046707 -0.000902483
175.36 1.46389 1.52321 0.75006 0.00140135 0.00486362 4.86335e-05
175.38 1.46397 1.52341 0.750105 0.00208057 0.00479051 0.00113237
175.4 1.4641 1.52358 0.75018 0.00325028 0.00433461 0.00187189
175.42 1.46427 1.52372 0.75026 0.0043849 0.00358558 0.0020012
175.44 1.46448 1.52384 0.750322 0.00504305 0.00285785 0.00156281
175.46 1.46468 1.52394 0.750355 0.00504611 0.00257493 0.000821562
175.48 1.46486 1.52406 0.750359 0.00451545 0.00299637 0.000100471
175.5 1.46501 1.52422 0.750345 0.0037835 0.00398766 -0.000348845
175.52 1.46514 1.52442 0.750329 0.00319813 0.0050483 -0.000400446
175.54 1.46526 1.52465 0.750327 0.00295319 0.00561028 -5.01688e-05
175.56 1.46538 1.52486 0.750352 0.00306419 0.00539372 0.000619737
175.58 1.46552 1.52504 0.750411 0.0034232 0.0045578 0.00146772
175.6 1.46567 1.52519 0.750502 0.0038393 0.00358745 0.00227583
175.62 1.46583 1.52531 0.750612 0.00410102 0.00301478 0.00276549
175.64 1.466 1.52543 0.750721 0.00407781 0.00311541 0.00271772
175.66 1.46615 1.52558 0.750806 0.00378466 0.00375729 0.00213157
175.68 1.46628 1.52576 0.750857 0.00338273 0.00451438 0.00127007
175.7 1.46641 1.52596 0.750878 0.00311144 0.00494392 0.000525716
175.72 1.46653 1.52616 0.750887 0.00312426 0.00485363 0.000207419
175.74 1.46667 1.52633 0.750902 0.00336023 0.00439258 0.000385659
175.76 1.46681 1.52649 0.750937 0.00361093 0.0038994 0.000879942
175.78 1.46696 1.52663 0.750993 0.00371971 0.00364779 0.00139572
175.8 1.46711 1.52678 0.751061 0.00370768 0.00369791 0.00169326
175.82 1.46726 1.52694 0.751128 0.00372172 0.00391404 0.00167138
175.84 1.46741 1.5271 0.751182 0.00389852 0.00408919 0.0013646
175.86 1.46758 1.52727 0.751219 0.00422409 0.00408802 0.000910834
175.88 1.46776 1.52742 0.751239 0.00449774 0.00396027 0.000502666
175.9 1.46794 1.52758 0.751251 0.00447729 0.00391208 0.000315488
175.92 1.4681 1.52774 0.751268 0.0040878 0.00410803 0.000418095
175.94 1.46824 1.52792 0.751298 0.00351447 0.0044814 0.00073969
175.96 1.46837 1.52811 0.751342 0.00311524 0.00473923 0.00111952
175.98 1.4685 1.5283 0.751397 0.00319232 0.0046005 0.00136269
176 1.46865 1.52846 0.751448 0.00373925 0.00405485 0.00127953
176.02 1.46882 1.5286 0.751479 0.00439501 0.00341091 0.000766935
176.04 1.46901 1.52872 0.751476 0.00469677 0.00305907 -7.71673e-05
176.06 1.46919 1.52884 0.751438 0.00445475 0.0031346 -0.000939204
176.08 1.46935 1.52898 0.75138 0.00391678 0.00340687 -0.0014582
176.1 1.46949 1.52912 0.751322 0.00355537 0.00351864 -0.001432
176.12 1.46964 1.52925 0.751287 0.00369319 0.0033381 -0.00088097
176.14 1.46981 1.52938 0.751288 0.00425992 0.00307957 9.10719e-06
176.16 1.47 1.5295 0.751326 0.00484647 0.00309943 0.000962216
176.18 1.4702 1.52964 0.751394 0.00503219 0.00357875 0.00168587
176.2 1.47039 1.52982 0.751472 0.00472127 0.00436192 0.00196804
176.22 1.47056 1.53002 0.751542 0.00421023 0.00502675 0.00174513
176.24 1.47072 1.53023 0.751586 0.00396242 0.00514891 0.0010873
176.26 1.47089 1.53041 0.751592 0.00427108 0.00462039 0.000157646
176.28 1.47109 1.53056 0.75156 0.00503785 0.00376406 -0.000788437
176.3 1.47132 1.53069 0.751504 0.00582564 0.00312648 -0.0014095
176.32 1.47157 1.53081 0.751448 0.00615854 0.00310088 -0.00138629
176.34 1.4718 1.53096 0.751424 0.00584911 0.00364634 -0.000623219
176.36 1.47201 1.53113 0.751449 0.00509866 0.00432459 0.000637807
176.38 1.47218 1.53132 0.751526 0.00432429 0.00466252 0.00191181
176.4 1.47234 1.5315 0.751635 0.00389933 0.00452664 0.00273372
176.42 1.47249 1.53166 0.751751 0.0039728 0.00414639 0.00290634
176.44 1.47267 1.53182 0.751853 0.00440472 0.00384819 0.00253855
176.46 1.47286 1.53197 0.751928 0.00482935 0.0038221 0.00189296
176.48 1.47306 1.53213 0.751977 0.00486506 0.0040463 0.00121205
176.5 1.47323 1.5323 0.752003 0.00437567 0.00434374 0.000647468
176.52 1.47338 1.53249 0.752014 0.00356497 0.00452498 0.000275784
176.54 1.47349 1.53267 0.75202 0.00283477 0.00452573 0.000145429
176.56 1.47359 1.53284 0.752031 0.00253761 0.00443663 0.000289324
176.58 1.4737 1.53302 0.752058 0.00279515 0.00439376 0.000669893
176.6 1.47384 1.5332 0.752103 0.00345755 0.0044565 0.00111647
176.62 1.47401 1.53338 0.752158 0.00421494 0.00457992 0.00137702
176.64 1.4742 1.53357 0.75221 0.0047887 0.00466581 0.00130839
176.66 1.4744 1.53375 0.752251 0.00506741 0.00464604 0.00101896
176.68 1.47461 1.53393 0.752282 0.00508166 0.00452074 0.000776002
176.7 1.4748 1.53411 0.752313 0.00487225 0.00433738 0.000769834
176.72 1.47498 1.53428 0.752352 0.00441426 0.00417771 0.000970871
176.74 1.47513 1.53444 0.752399 0.0037091 0.00415168 0.00118054
176.76 1.47524 1.53461 0.752446 0.00292898 0.00433407 0.00117544
176.78 1.47534 1.5348 0.75248 0.00238551 0.00469043 0.000847643
176.8 1.47543 1.53501 0.752491 0.00233264 0.00511929 0.000294316
176.82 1.47554 1.53523 0.752483 0.0028002 0.00554827 -0.000215882
176.84 1.47569 1.53547 0.752467 0.00360562 0.00593128 -0.000395896
176.86 1.47587 1.53571 0.752462 0.00447248 0.00615626 -0.000119132
176.88 1.47607 1.53595 0.752483 0.00511648 0.00604379 0.000509362
176.9 1.47628 1.53618 0.752531 0.00530352 0.00551226 0.00121341
176.92 1.47648 1.53636 0.752598 0.00494489 0.00472615 0.00166678
176.94 1.47665 1.53653 0.752663 0.00417935 0.00404735 0.00162442
176.96 1.47678 1.53668 0.752704 0.00331894 0.00383804 0.0010235
176.98 1.47689 1.53685 0.752705 0.0026712 0.00426428 3.50281e-05
177 1.47698 1.53706 0.752667 0.00238003 0.00519358 -0.000959539
177.02 1.47708 1.53731 0.752606 0.00237972 0.00623997 -0.00151187
177.04 1.47718 1.53759 0.752552 0.00246639 0.00694085 -0.00135092
177.06 1.47728 1.53786 0.752529 0.00243143 0.00696718 -0.00057217
177.08 1.47736 1.53811 0.752546 0.00219844 0.00626847 0.000414037
177.1 1.47744 1.53832 0.752592 0.00189335 0.00509924 0.00114561
177.12 1.47751 1.53847 0.752646 0.00174498 0.00391075 0.00136269
177.14 1.47758 1.5386 0.75269 0.00189309 0.00312768 0.00108596
177.16 1.47768 1.53872 0.752711 0.00226923 0.00294345 0.000545738
177.18 1.47778 1.53885 0.752714 0.00263455 0.0032654 6.36598e-05
177.2 1.47789 1.539 0.752711 0.00276402 0.00381925 -7.38954e-05
177.22 1.478 1.53917 0.752721 0.00264407 0.00431157 0.000244396
177.24 1.4781 1.53936 0.752756 0.00248038 0.00453844 0.000884814
177.26 1.4782 1.53953 0.752818 0.00249775 0.00442985 0.00155298
177.28 1.47831 1.53969 0.752897 0.00274384 0.00406063 0.00195973
177.3 1.47843 1.53984 0.752974 0.00306297 0.003602 0.0019398
177.32 1.47856 1.53997 0.753034 0.00322435 0.00322861 0.00149809
177.34 1.47868 1.54009 0.753068 0.00311046 0.00306307 0.000833126
177.36 1.47879 1.54022 0.753079 0.00282533 0.00314963 0.000295535
177.38 1.4789 1.54035 0.753089 0.00264131 0.00341343 0.00023006
177.4 1.47901 1.5405 0.753119 0.00280856 0.00369214 0.000772355
177.42 1.47915 1.54065 0.753188 0.00337277 0.0038552 0.0017195
177.44 1.47931 1.54081 0.753292 0.00412589 0.00389124 0.00259647
177.46 1.4795 1.54097 0.753409 0.00470339 0.00389476 0.00292378
177.48 1.47969 1.54113 0.753509 0.00478397 0.0039759 0.00250346
177.5 1.47986 1.54129 0.75357 0.00430155 0.00414587 0.00153133
177.52 1.48001 1.54146 0.75359 0.00353234 0.0043048 0.000478243
177.54 1.48012 1.54164 0.753582 0.00294833 0.00433025 -0.000191493
177.56 1.48024 1.5418 0.753571 0.00291555 0.00416848 -0.000279155
177.58 1.48038 1.54196 0.753574 0.0034835 0.00385604 9.27896e-05
177.6 1.48056 1.5421 0.7536 0.00439596 0.00348835 0.000634181
177.62 1.48076 1.54222 0.753644 0.00524204 0.00319343 0.00109337
177.64 1.48099 1.54235 0.753699 0.00567022 0.00311676 0.00138161
177.66 1.48122 1.54248 0.75376 0.00558404 0.00336145 0.0015357
177.68 1.48142 1.54264 0.753823 0.0051698 0.00389008 0.00157893
177.7 1.48161 1.54282 0.753881 0.00476734 0.00447327 0.00144732
177.72 1.4818 1.54301 0.753923 0.00470419 0.00478103 0.00104916
177.74 1.48201 1.54319 0.753939 0.00513622 0.00458357 0.000399034
177.76 1.48224 1.54335 0.753928 0.0059383 0.00390567 -0.000287348
177.78 1.48251 1.54347 0.753901 0.00672335 0.00301066 -0.000661437
177.8 1.48279 1.54356 0.753883 0.00705132 0.00223654 -0.000462693
177.82 1.48306 1.54363 0.753894 0.00671992 0.00181479 0.000280328
177.84 1.4833 1.5437 0.753944 0.00587641 0.0018001 0.00124387
177.86 1.48349 1.54379 0.754023 0.00487892 0.00211828 0.00198368
177.88 1.48366 1.54389 0.754109 0.00408362 0.00263038 0.00214677
177.9 1.48381 1.54402 0.754174 0.00372108 0.00316209 0.001623
177.92 1.48396 1.54416 0.754199 0.00384451 0.00352875 0.000618171
177.94 1.48413 1.54431 0.754183 0.00432355 0.00359735 -0.000395209
177.96 1.48433 1.54444 0.754146 0.00494593 0.00338871 -0.000922601
177.98 1.48455 1.54457 0.754116 0.00554895 0.00311003 -0.000753188
178 1.48479 1.54469 0.754113 0.00602664 0.00301934 -5.9586e-05
178.02 1.48504 1.54481 0.754143 0.00624025 0.00320733 0.000727588
178.04 1.48528 1.54495 0.754189 0.00599066 0.00351207 0.00116205
178.06 1.48549 1.5451 0.75423 0.00513734 0.00365458 0.00102955
178.08 1.48564 1.54524 0.754249 0.00379111 0.00347483 0.000476006
178.1 1.48574 1.54536 0.754246 0.00239741 0.00304777 -8.32734e-05
178.12 1.4858 1.54547 0.754237 0.00157604 0.00263723 -0.000226532
178.14 1.48587 1.54557 0.754245 0.00173411 0.00254819 0.000200769
178.16 1.48598 1.54569 0.754284 0.00274303 0.00293893 0.000986288
178.18 1.48614 1.54583 0.754352 0.00399922 0.00368585 0.00170282
178.2 1.48633 1.54601 0.754432 0.00480023 0.00445644 0.00199883
178.22 1.48652 1.54621 0.754504 0.004735 0.00494855 0.0018021
178.24 1.48668 1.54641 0.754557 0.00389783 0.00506078 0.00131877
178.26 1.48679 1.54661 0.754592 0.00281177 0.0048881 0.000880019
178.28 1.48687 1.54679 0.754622 0.00207336 0.00460308 0.000742938
178.3 1.48695 1.54697 0.75466 0.00197057 0.00432244 0.000958865
178.32 1.48704 1.54713 0.754716 0.00238516 0.00407866 0.00137665
178.34 1.48716 1.54728 0.754785 0.00298213 0.00388917 0.00174519
178.36 1.4873 1.54744 0.75486 0.0034545 0.00381911 0.00185432
178.38 1.48745 1.5476 0.754927 0.00364808 0.00400447 0.00167723
178.4 1.48759 1.54778 0.754983 0.00354711 0.00456208 0.0014056
178.42 1.48772 1.548 0.755034 0.00319891 0.00539965 0.00128577
178.44 1.48782 1.54824 0.75509 0.00266728 0.00615712 0.00139125
178.46 1.48791 1.5485 0.755153 0.00208127 0.00642446 0.00158023
178.48 1.48797 1.54874 0.75522 0.00167698 0.00605559 0.00167807
178.5 1.48804 1.54895 0.755286 0.00168952 0.00529144 0.00164997
178.52 1.48813 1.54914 0.75535 0.00217182 0.00460216 0.00159272
178.54 1.48825 1.54931 0.755415 0.00292237 0.00440778 0.00161927
178.56 1.48839 1.54951 0.755485 0.00355659 0.00482598 0.00176583
178.58 1.48854 1.54973 0.755564 0.00372661 0.00557413 0.00195957
178.6 1.48867 1.54998 0.755645 0.00335533 0.00614831 0.00202684
178.62 1.48878 1.55022 0.755716 0.00268613 0.0061872 0.0017673
178.64 1.48886 1.55045 0.75576 0.00212902 0.00570517 0.00111531
178.66 1.48894 1.55065 0.75577 0.00200208 0.00503005 0.000255895
178.68 1.48904 1.55083 0.755752 0.00233828 0.00456457 -0.000449642
178.7 1.48915 1.55102 0.755725 0.00291238 0.00457069 -0.000680338
178.72 1.48929 1.55122 0.755711 0.00344889 0.00505923 -0.000350855
178.74 1.48944 1.55145 0.755725 0.00379911 0.00578721 0.000350457
178.76 1.4896 1.55171 0.755769 0.00395502 0.00636747 0.00108974
178.78 1.48976 1.55197 0.755832 0.00396759 0.00647685 0.0015859
178.8 1.48992 1.55221 0.755902 0.0038667 0.00601346 0.00173975
178.82 1.49006 1.55241 0.755966 0.00362655 0.00513562 0.00161146
178.84 1.49019 1.55258 0.756018 0.00324012 0.00415318 0.00130671
178.86 1.4903 1.55271 0.756054 0.00282071 0.00337942 0.000878156
178.88 1.49041 1.55283 0.756067 0.00256648 0.00304672 0.000337218
178.9 1.49051 1.55296 0.756058 0.00262043 0.00325 -0.000226503
178.92 1.49063 1.55312 0.756036 0.00298942 0.00390262 -0.000559526
178.94 1.49077 1.55331 0.756021 0.0035349 0.00473783 -0.000358089
178.96 1.49093 1.55352 0.756041 0.00403751 0.00538065 0.000481155
178.98 1.49111 1.55375 0.756109 0.00433033 0.00552899 0.00171996
179 1.49128 1.55395 0.756224 0.00436895 0.00512316 0.00287066
179.02 1.49145 1.55413 0.756363 0.0041815 0.00435229 0.00346291
179.04 1.4916 1.55427 0.756495 0.00381311 0.00352577 0.00331001
179.06 1.49173 1.55438 0.756599 0.00333569 0.00292792 0.00260203
179.08 1.49185 1.55449 0.75667 0.00287859 0.00272477 0.00176098
179.1 1.49195 1.55461 0.756716 0.00261743 0.00293904 0.00115362
179.12 1.49206 1.55475 0.756751 0.00268897 0.00345511 0.000881404
179.14 1.49219 1.55491 0.756782 0.00308424 0.00403768 0.000781943
179.16 1.49233 1.55509 0.756807 0.00364899 0.00441067 0.000612904
179.18 1.4925 1.55526 0.756818 0.00416611 0.00439408 0.00027069
179.2 1.49268 1.55542 0.756813 0.00446076 0.00400628 -0.000107682
179.22 1.49286 1.55556 0.756804 0.00449803 0.00348165 -0.000243411
179.24 1.49303 1.55569 0.756806 0.00440222 0.00317485 5.56941e-05
179.26 1.49321 1.55582 0.756834 0.00433957 0.0033499 0.000715412
179.28 1.49338 1.55598 0.756892 0.00436632 0.00398125 0.00143555
179.3 1.49356 1.55617 0.756968 0.00437279 0.00471936 0.00191373
179.32 1.49372 1.55637 0.75705 0.0041881 0.00509158 0.00203712
179.34 1.49387 1.55657 0.757125 0.00376591 0.00482778 0.00188915
179.36 1.494 1.55673 0.75719 0.00326813 0.00402968 0.00160822
179.38 1.49412 1.55685 0.75724 0.0029764 0.0030666 0.00125456
179.4 1.49425 1.55695 0.757273 0.00312423 0.00235512 0.00081456
179.42 1.4944 1.55703 0.757285 0.00374792 0.00218504 0.000310146
179.44 1.49458 1.55714 0.75728 0.00464318 0.00262277 -0.000114811
179.46 1.4948 1.55728 0.757271 0.00543398 0.00348798 -0.000232079
179.48 1.49503 1.55745 0.757275 0.00574408 0.00441979 0.000101734
179.5 1.49525 1.55766 0.757306 0.00543532 0.00503529 0.000780504
179.52 1.49544 1.55786 0.757365 0.00469835 0.00508455 0.00145781
179.54 1.49559 1.55804 0.757435 0.00391925 0.00454935 0.00175991
179.56 1.49573 1.55819 0.757497 0.00345424 0.00369954 0.00154996
179.58 1.49587 1.55831 0.757538 0.0034696 0.00299907 0.00103413
179.6 1.49603 1.55842 0.757563 0.00389745 0.00281147 0.000606529
179.62 1.49621 1.55855 0.757585 0.00448291 0.0031286 0.000547015
179.64 1.4964 1.55869 0.757618 0.00490929 0.00360129 0.000827361
179.66 1.4966 1.55884 0.757665 0.00497292 0.00382805 0.00117731
179.68 1.49679 1.55899 0.757717 0.00467876 0.00364 0.0013084
179.7 1.49696 1.55912 0.757762 0.00420441 0.00318809 0.00111664
179.72 1.49711 1.55923 0.757792 0.00378958 0.00282226 0.00074618
179.74 1.49725 1.55934 0.757811 0.00360619 0.00284941 0.000473963
179.76 1.4974 1.55948 0.757831 0.00369619 0.00329708 0.000514571
179.78 1.49756 1.55963 0.757867 0.00396233 0.00386319 0.000884123
179.8 1.49773 1.55979 0.757923 0.0042237 0.00411996 0.00140461
179.82 1.4979 1.55995 0.757995 0.00431665 0.00381024 0.00180708
179.84 1.49807 1.56007 0.75807 0.00416797 0.00304297 0.0018704
179.86 1.49822 1.56016 0.758132 0.00381895 0.0022651 0.00155787
179.88 1.49836 1.56024 0.758174 0.00341672 0.00198973 0.00104338
179.9 1.49848 1.56034 0.758198 0.00315241 0.00246743 0.000591469
179.92 1.49861 1.56048 0.758214 0.00315658 0.00349669 0.000405746
179.94 1.49874 1.56066 0.758236 0.00339062 0.00452271 0.000547045
179.96 1.49889 1.56086 0.758273 0.0036447 0.0050215 0.000934267
179.98 1.49904 1.56105 0.758329 0.00371236 0.00485725 0.00139132
180 1.49918 1.56123 0.758398 0.00356281 0.00432084 0.0017277
180.02 1.49931 1.56138 0.758471 0.00332361 0.00389159 0.00183344
180.04 1.49944 1.56154 0.75854 0.00314164 0.00390492 0.00172719
180.06 1.49956 1.56171 0.758601 0.00307375 0.0043316 0.00152769
180.08 1.49968 1.56191 0.758656 0.0030511 0.00486509 0.00136444
180.1 1.4998 1.56211 0.758708 0.00294886 0.00518311 0.00130648
180.12 1.49991 1.56232 0.758763 0.00272441 0.00517044 0.0013683
180.14 1.50001 1.56252 0.758824 0.00249525 0.00497665 0.00152737
180.16 1.50011 1.56272 0.758892 0.00246607 0.00490053 0.00170316
180.18 1.50022 1.56292 0.758962 0.00271692 0.0051661 0.00175833
180.2 1.50034 1.56315 0.759026 0.00306042 0.00574797 0.00157863
180.22 1.50047 1.56341 0.759072 0.00315209 0.0063862 0.00117121
180.24 1.50058 1.56368 0.7591 0.00280063 0.00675143 0.000690895
180.26 1.50067 1.56394 0.759115 0.00217915 0.00663455 0.000382495
180.28 1.50074 1.56419 0.759134 0.00172039 0.00607601 0.00045486
180.3 1.50081 1.5644 0.75917 0.00176288 0.00534433 0.000914522
180.32 1.5009 1.56459 0.75923 0.00226799 0.00476794 0.00149087
180.34 1.50101 1.56477 0.759301 0.00286116 0.00454703 0.00179115
180.36 1.50114 1.56496 0.759366 0.00313085 0.00467658 0.00161123
180.38 1.50125 1.56516 0.759411 0.00296219 0.00500603 0.00112167
180.4 1.50136 1.56537 0.75944 0.00265662 0.00538159 0.000733867
180.42 1.50147 1.5656 0.759471 0.00270349 0.00575532 0.000763291
180.44 1.5016 1.56585 0.759517 0.00336307 0.00612772 0.00116665
180.46 1.50178 1.56611 0.75958 0.00440484 0.00641185 0.00155847
180.48 1.50199 1.56636 0.75964 0.00523996 0.00641971 0.00150969
180.5 1.5022 1.5666 0.759676 0.00532962 0.00602154 0.000904211
180.52 1.50238 1.56682 0.759679 0.00453758 0.00531258 7.39383e-05
180.54 1.50251 1.567 0.759662 0.00322153 0.00458223 -0.000422187
180.56 1.50259 1.56716 0.759654 0.0020427 0.00412815 -0.000218256
180.58 1.50266 1.56733 0.759678 0.00162858 0.00410024 0.000602373
180.6 1.50275 1.56751 0.759741 0.00225494 0.0044526 0.00158894
180.62 1.5029 1.56771 0.75983 0.00366842 0.00495766 0.00221205
180.64 1.5031 1.56792 0.759916 0.00517922 0.0053064 0.00215493
180.66 1.50335 1.56813 0.759975 0.00604972 0.0052955 0.0014727
180.68 1.50358 1.56833 0.759996 0.00592381 0.00494077 0.000539498
180.7 1.50378 1.5685 0.759989 0.0049866 0.00440031 -0.000185363
180.72 1.50394 1.56866 0.759972 0.00382479 0.00387037 -0.000423112
180.74 1.50406 1.5688 0.759964 0.00311711 0.00355602 -0.000212069
180.76 1.50419 1.56894 0.759971 0.00327971 0.00360099 0.000188639
180.78 1.50436 1.5691 0.759992 0.00424772 0.00398687 0.000532958
180.8 1.50458 1.56928 0.760022 0.00551153 0.00449444 0.000731815
180.82 1.50484 1.56948 0.760055 0.00640661 0.00483468 0.000837352
180.84 1.5051 1.56967 0.760093 0.00648041 0.00487614 0.000956702
180.86 1.50533 1.56986 0.76014 0.00572069 0.00472468 0.00117594
180.88 1.50551 1.57004 0.760201 0.00456711 0.00458019 0.001518
180.9 1.50566 1.57023 0.760278 0.00368095 0.00455158 0.00191537
180.92 1.5058 1.57041 0.760367 0.00356302 0.00459194 0.00222729
180.94 1.50597 1.57059 0.76046 0.0042646 0.00458147 0.00232697
180.96 1.50618 1.57077 0.760547 0.00538652 0.00445547 0.00217588
180.98 1.50644 1.57094 0.76062 0.00631554 0.00425673 0.0018226
181 1.5067 1.57111 0.760675 0.00656357 0.00409793 0.00137879
181.02 1.50694 1.57127 0.760715 0.00604799 0.00404197 0.000991701
181.04 1.50715 1.57143 0.760746 0.00510156 0.00398594 0.000775414
181.06 1.50731 1.57157 0.760776 0.00418546 0.00369519 0.000747249
181.08 1.50746 1.5717 0.76081 0.00356973 0.00301723 0.000855184
181.1 1.50759 1.57178 0.760852 0.00325369 0.00208725 0.00106554
181.12 1.50771 1.57183 0.760908 0.00309893 0.00131021 0.00140007
181.14 1.50783 1.57188 0.760983 0.00299129 0.00114204 0.00187409
181.16 1.50794 1.57195 0.76108 0.00288842 0.00179122 0.00240326
181.18 1.50806 1.57207 0.761192 0.00280369 0.00301159 0.00279888
181.2 1.50817 1.57224 0.761306 0.0027826 0.00417148 0.00287137
181.22 1.50828 1.57242 0.761408 0.00284879 0.00460818 0.00254157
181.24 1.5084 1.57258 0.761483 0.00294858 0.00405136 0.00188303
181.26 1.50852 1.57269 0.761527 0.00298824 0.00281374 0.00108537
181.28 1.50864 1.57276 0.761541 0.00292804 0.00159247 0.000361184
181.3 1.50875 1.5728 0.761535 0.00280891 0.0010441 -0.00015673
181.32 1.50886 1.57286 0.761517 0.00269866 0.00142837 -0.000457449
181.34 1.50896 1.57296 0.761493 0.00266243 0.00248139 -0.000591592
181.36 1.50907 1.5731 0.76147 0.00276839 0.00358814 -0.000566943
181.38 1.5092 1.57327 0.761457 0.00303647 0.00418881 -0.000332275
181.4 1.50933 1.57343 0.761462 0.00339971 0.00413312 0.000116394
181.42 1.50948 1.57358 0.761488 0.00372268 0.00371387 0.00066148
181.44 1.50963 1.57372 0.761533 0.00384676 0.00338621 0.00112417
181.46 1.50978 1.57385 0.761588 0.00367319 0.00344798 0.00137436
181.48 1.50991 1.57401 0.761642 0.003251 0.00388913 0.00136026
181.5 1.51002 1.57419 0.761687 0.00279402 0.00445261 0.00110227
181.52 1.51013 1.57438 0.761715 0.00256814 0.00483745 0.000714454
181.54 1.51023 1.57458 0.76173 0.00269647 0.00493276 0.0003744
181.56 1.51036 1.57477 0.761739 0.00308203 0.0048792 0.000225443
181.58 1.5105 1.57497 0.761751 0.00350404 0.00489164 0.000290163
181.6 1.51065 1.57517 0.76177 0.00375055 0.00501874 0.000473971
181.62 1.5108 1.57537 0.761796 0.00370055 0.00507356 0.000666391
181.64 1.51093 1.57557 0.76183 0.00337586 0.00481335 0.00083437
181.66 1.51105 1.57573 0.76187 0.00294106 0.00421432 0.00100637
181.68 1.51115 1.57588 0.761918 0.0026076 0.00357881 0.00119991
181.7 1.51125 1.57601 0.761973 0.00250052 0.00333528 0.00138182
181.72 1.51136 1.57616 0.762032 0.00261299 0.00368356 0.0014778
181.74 1.51147 1.57634 0.762089 0.00286971 0.00441565 0.00141588
181.76 1.5116 1.57654 0.762137 0.00319664 0.00507561 0.00119713
181.78 1.51174 1.57675 0.762174 0.00353783 0.00530721 0.000939657
181.8 1.5119 1.57695 0.762207 0.00386943 0.00509738 0.000810004
181.82 1.51206 1.57714 0.762243 0.00419973 0.0047367 0.000896052
181.84 1.51224 1.57733 0.762289 0.00450472 0.00457228 0.0011557
181.86 1.51243 1.57752 0.762347 0.00469587 0.00474278 0.00145115
181.88 1.51262 1.57772 0.762411 0.00468698 0.0050759 0.00161003
181.9 1.5128 1.57793 0.762472 0.00448034 0.00524388 0.00151556
181.92 1.51297 1.57813 0.76252 0.00417087 0.00502374 0.00119463
181.94 1.51312 1.57831 0.762553 0.00387429 0.00447755 0.000828984
181.96 1.51327 1.57847 0.762579 0.00365542 0.00395225 0.000656602
181.98 1.51341 1.57862 0.762612 0.00351267 0.0038579 0.00081216
182 1.51354 1.5788 0.762661 0.00341287 0.00433883 0.0012262
182.02 1.51368 1.579 0.762728 0.00336175 0.0051373 0.00167932
182.04 1.51382 1.57923 0.762806 0.00342631 0.00582485 0.00194931
182.06 1.51396 1.57948 0.762883 0.00368573 0.00614726 0.00192882
182.08 1.51413 1.57973 0.762949 0.00413689 0.00615577 0.00165746
182.1 1.51431 1.57997 0.763001 0.00461199 0.00607253 0.00128173
182.12 1.51451 1.58021 0.76304 0.0048236 0.00604701 0.000974393
182.14 1.51469 1.58045 0.763074 0.00457436 0.00603579 0.000850264
182.16 1.51485 1.58069 0.763111 0.00394243 0.00589486 0.00093228
182.18 1.51498 1.58091 0.763157 0.00325711 0.00556415 0.00116351
182.2 1.51509 1.58112 0.763215 0.00288661 0.00516076 0.00144563
182.22 1.51521 1.58131 0.763283 0.00301119 0.00490837 0.00168476
182.24 1.51535 1.58151 0.763355 0.00353711 0.00498766 0.00181381
182.26 1.51552 1.58173 0.763426 0.0041465 0.00539803 0.00176392
182.28 1.5157 1.58197 0.763484 0.0044932 0.00595253 0.00145583
182.3 1.51588 1.58222 0.763519 0.00445678 0.0064107 0.000870907
182.32 1.51605 1.58249 0.763525 0.00420972 0.00661999 0.000158104
182.34 1.51621 1.58275 0.76351 0.00400981 0.00656944 -0.000390058
182.36 1.51636 1.583 0.763489 0.00393044 0.00630591 -0.000524593
182.38 1.51652 1.58324 0.76348 0.00380364 0.00583938 -0.000204836
182.4 1.51665 1.58344 0.763496 0.00342981 0.00516735 0.000391795
182.42 1.51677 1.58362 0.763535 0.00284635 0.00441464 0.000984346
182.44 1.51686 1.58378 0.763588 0.00238531 0.0038837 0.00131129
182.46 1.51696 1.58393 0.763637 0.00243391 0.00383872 0.00122534
182.48 1.51708 1.5841 0.763668 0.00312738 0.00422708 0.000767437
182.5 1.51725 1.58428 0.763674 0.00422808 0.00464464 0.000158321
182.52 1.51746 1.58447 0.763661 0.00524995 0.00464952 -0.000314054
182.54 1.51769 1.58464 0.763644 0.00574289 0.00414875 -0.000432772
182.56 1.51792 1.58477 0.763639 0.00554452 0.0034784 -0.000125095
182.58 1.51811 1.5849 0.763661 0.00484443 0.00312855 0.000536378
182.6 1.51827 1.58503 0.763715 0.0040386 0.00334317 0.00135801
182.62 1.51841 1.58519 0.763797 0.00347156 0.00391323 0.00204571
182.64 1.51854 1.58536 0.763888 0.00325622 0.00434481 0.00228362
182.66 1.51867 1.58554 0.763965 0.00328607 0.00427868 0.00191443
182.68 1.51881 1.58569 0.764008 0.00341117 0.00378194 0.00109227
182.7 1.51895 1.58582 0.764018 0.00358315 0.00324549 0.000247356
182.72 1.5191 1.58594 0.764012 0.00384196 0.0030449 -0.000154933
182.74 1.51927 1.58607 0.764016 0.00420473 0.00328143 0.00010477
182.76 1.51946 1.58622 0.764051 0.00459322 0.00375848 0.000876329
182.78 1.51965 1.58638 0.764121 0.00486424 0.00412421 0.00173679
182.8 1.51985 1.58655 0.764211 0.00489973 0.00414783 0.00224888
182.82 1.52003 1.58671 0.764299 0.00469428 0.00394828 0.00221634
182.84 1.52021 1.58686 0.764369 0.00438371 0.00388365 0.00175029
182.86 1.52038 1.58703 0.764415 0.00416394 0.00416318 0.00113953
182.88 1.52054 1.58721 0.764441 0.00412207 0.0046145 0.000652963
182.9 1.52071 1.58741 0.764458 0.00413551 0.00484983 0.00041476
182.92 1.52087 1.58759 0.764474 0.00394843 0.00461617 0.000398226
182.94 1.521 1.58775 0.764494 0.00336658 0.00399001 0.000522169
182.96 1.5211 1.58789 0.764525 0.00246898 0.00329713 0.000767769
182.98 1.52116 1.588 0.764572 0.00164812 0.00288482 0.00117813
183 1.52122 1.58812 0.76464 0.00135471 0.00290249 0.00170442
183.02 1.52129 1.58825 0.764724 0.00173794 0.00323355 0.00209948
183.04 1.52139 1.58839 0.764806 0.00250772 0.00361578 0.00203981
183.06 1.52152 1.58854 0.764862 0.00317806 0.00384722 0.0014006
183.08 1.52165 1.5887 0.76488 0.00343069 0.00389695 0.000439076
183.1 1.52178 1.58885 0.764867 0.00326191 0.00384622 -0.000308882
183.12 1.5219 1.589 0.764852 0.00289848 0.0037399 -0.00038331
183.14 1.522 1.58914 0.764863 0.00260317 0.0034975 0.000265193
183.16 1.5221 1.58926 0.764912 0.00249585 0.00301136 0.00123755
183.18 1.5222 1.58936 0.764991 0.00253043 0.00232685 0.00197297
183.2 1.52231 1.58943 0.765076 0.00261825 0.00171787 0.00213293
183.22 1.52242 1.58949 0.765148 0.0027512 0.00155742 0.00178574
183.24 1.52254 1.58957 0.7652 0.00300739 0.00203751 0.00129583
183.26 1.52268 1.58969 0.765242 0.00344711 0.00295435 0.00105488
183.28 1.52284 1.58984 0.765291 0.00403067 0.00380303 0.00123612
183.3 1.52302 1.59 0.765359 0.00460977 0.00412212 0.00169617
183.32 1.52322 1.59016 0.765443 0.00496849 0.00380519 0.00209342
183.34 1.52342 1.59028 0.765528 0.00492866 0.00317017 0.00213381
183.36 1.5236 1.59039 0.765598 0.00447986 0.00275133 0.00175246
183.38 1.52375 1.59051 0.765644 0.00383471 0.00293512 0.00114006
183.4 1.52388 1.59066 0.765668 0.00332365 0.00370029 0.000597398
183.42 1.52401 1.59085 0.76568 0.00320018 0.00464309 0.000313057
183.44 1.52415 1.59106 0.765691 0.00351655 0.00525236 0.00027028
183.46 1.52432 1.59126 0.765704 0.00412492 0.00523678 0.000330244
183.48 1.52451 1.59145 0.765719 0.00474797 0.00468441 0.000374173
183.5 1.52471 1.59161 0.765734 0.00509446 0.00395686 0.00037807
183.52 1.52491 1.59175 0.765749 0.00500047 0.00344916 0.00037696
183.54 1.52509 1.59188 0.765765 0.00452231 0.00337345 0.000383192
183.56 1.52525 1.59203 0.76578 0.00392499 0.00373016 0.000376176
183.58 1.52539 1.59221 0.765794 0.00353405 0.00440314 0.000365119
183.6 1.52553 1.59242 0.765812 0.00353575 0.00520963 0.000439104
183.62 1.52569 1.59265 0.76584 0.00383075 0.00588662 0.000690216
183.64 1.52585 1.5929 0.765882 0.00407519 0.00615489 0.00106247
183.66 1.52601 1.59313 0.765935 0.0039452 0.00588024 0.00131763
183.68 1.52614 1.59334 0.765983 0.00341113 0.005201 0.00120077
183.7 1.52625 1.59352 0.76601 0.00279952 0.00444912 0.000675394
183.72 1.52636 1.59368 0.76601 0.00259041 0.00395735 1.26786e-05
183.74 1.52648 1.59384 0.765996 0.00307716 0.00393035 -0.000351158
183.76 1.52665 1.59401 0.765992 0.00409543 0.00438335 -0.000114827
183.78 1.52685 1.59422 0.766018 0.00507865 0.00514939 0.000658957
183.8 1.52707 1.59445 0.766082 0.00544409 0.00594165 0.00158819
183.82 1.52727 1.59471 0.766171 0.00499193 0.00643016 0.00222587
183.84 1.52743 1.59497 0.766263 0.00400915 0.00638537 0.00231825
183.86 1.52755 1.5952 0.76634 0.00302661 0.00584041 0.00190734
183.88 1.52765 1.5954 0.76639 0.00247736 0.00510204 0.00126524
183.9 1.52775 1.59559 0.76642 0.00250948 0.00455108 0.000742642
183.92 1.52787 1.59576 0.766444 0.00300801 0.00442544 0.000603909
183.94 1.52802 1.59595 0.76648 0.00371404 0.00474528 0.00090403
183.96 1.52819 1.59617 0.766539 0.00435504 0.00537587 0.00147843
183.98 1.52838 1.59641 0.766621 0.00474312 0.00611536 0.0020456
184 1.52857 1.59668 0.766715 0.00481694 0.00674457 0.00233347
184.02 1.52876 1.59697 0.766802 0.00463415 0.00708888 0.00217436
184.04 1.52893 1.59725 0.766864 0.00431421 0.0070545 0.00156759
184.06 1.52909 1.59751 0.766892 0.00397119 0.0066107 0.000700487
184.08 1.52924 1.59775 0.766888 0.00368392 0.00581958 -0.000115793
184.1 1.52938 1.59794 0.766864 0.00350183 0.00490872 -0.000587793
184.12 1.52951 1.59811 0.766842 0.00344522 0.00423217 -0.000557507
184.14 1.52966 1.59827 0.766841 0.00352115 0.00408306 -3.17674e-05
184.16 1.52981 1.59846 0.766875 0.00376178 0.00452424 0.000856043
184.18 1.52997 1.59867 0.76695 0.00416335 0.00535594 0.00187535
184.2 1.53016 1.59892 0.767059 0.00458901 0.00619452 0.00272822
184.22 1.53035 1.59918 0.767184 0.00480994 0.00664338 0.00312295
184.24 1.53054 1.59944 0.767299 0.00467233 0.00650789 0.00287039
184.26 1.5307 1.59968 0.767378 0.00421741 0.00591622 0.0019781
184.28 1.53085 1.59989 0.767407 0.00363876 0.00521748 0.000722501
184.3 1.53098 1.60008 0.767391 0.00315927 0.00472792 -0.000395807
184.32 1.53109 1.60026 0.767355 0.00293682 0.00452474 -0.000902335
184.34 1.53121 1.60044 0.76733 0.00301015 0.00444725 -0.000629338
184.36 1.53134 1.60061 0.767338 0.00325633 0.00428143 0.000217712
184.38 1.53148 1.60077 0.767387 0.00345949 0.003972 0.00121379
184.4 1.53162 1.60092 0.767465 0.00349635 0.00369915 0.00194493
184.42 1.53176 1.60106 0.767552 0.0034339 0.00370662 0.00219468
184.44 1.5319 1.60123 0.767632 0.00339556 0.00406542 0.00199417
184.46 1.53203 1.60141 0.767692 0.00337685 0.00460772 0.00150672
184.48 1.53216 1.60161 0.767728 0.00324489 0.00501151 0.000883775
184.5 1.53228 1.60181 0.767737 0.00291754 0.00496842 0.00023253
184.52 1.53238 1.60199 0.767724 0.00251762 0.00439252 -0.000325727
184.54 1.53247 1.60213 0.767699 0.00233636 0.00352774 -0.000633152
184.56 1.53258 1.60224 0.767676 0.00261146 0.00282956 -0.000571753
184.58 1.53271 1.60235 0.76767 0.00332491 0.00267968 -0.000150023
184.6 1.53288 1.60247 0.767689 0.00416637 0.00314452 0.000479618
184.62 1.53306 1.60263 0.767732 0.00469621 0.00394138 0.00107477
184.64 1.53325 1.60281 0.767789 0.0046279 0.0046049 0.00141723
184.66 1.53341 1.603 0.767846 0.00403754 0.00476109 0.00143628
184.68 1.53354 1.60318 0.767897 0.0033235 0.00435462 0.00126142
184.7 1.53366 1.60333 0.767943 0.00291681 0.003664 0.00115082
184.72 1.53378 1.60345 0.767996 0.00296843 0.00310616 0.00132059
184.74 1.53391 1.60357 0.768067 0.00329504 0.00299327 0.00177761
184.76 1.53405 1.6037 0.768157 0.00358888 0.00337435 0.00226835
184.78 1.5342 1.60387 0.768254 0.00363576 0.00403851 0.00241408
184.8 1.53433 1.60405 0.768333 0.00340256 0.00466543 0.00198009
184.82 1.53446 1.60425 0.768377 0.00303545 0.0050031 0.00108817
184.84 1.53457 1.60445 0.768384 0.002783 0.00495057 0.00018557
184.86 1.53468 1.60463 0.768374 0.00283611 0.00453355 -0.000255193
184.88 1.53481 1.60479 0.768371 0.00316483 0.00386756 -6.30779e-05
184.9 1.53495 1.60491 0.768393 0.00354183 0.0031648 0.000549611
184.92 1.5351 1.60502 0.768441 0.00373425 0.00269851 0.00118066
184.94 1.53525 1.60513 0.768502 0.00366562 0.00267188 0.00153079
184.96 1.53538 1.60525 0.768564 0.00344321 0.00307574 0.00156571
184.98 1.53551 1.6054 0.768623 0.00326512 0.00365645 0.00146341
185 1.53564 1.60556 0.76868 0.00328189 0.00406613 0.00141901
185.02 1.53578 1.60572 0.768738 0.00347958 0.00409575 0.00146576
185.04 1.53593 1.60588 0.768797 0.00370009 0.0037857 0.00146976
185.06 1.53608 1.60601 0.768849 0.00380375 0.00338171 0.00130616
185.08 1.53624 1.60614 0.76889 0.00381378 0.00318245 0.00102001
185.1 1.53639 1.60627 0.768922 0.00388487 0.00336106 0.000790031
185.12 1.53656 1.60643 0.768953 0.00414396 0.00383898 0.000775243
185.14 1.53674 1.6066 0.768993 0.00452383 0.00430295 0.0010134
185.16 1.53693 1.60678 0.769049 0.00475757 0.00442304 0.00138473
185.18 1.53711 1.60694 0.769115 0.00460281 0.00410051 0.00164602
185.2 1.53728 1.60708 0.769178 0.00408858 0.003564 0.00158439
185.22 1.53742 1.60721 0.769226 0.00354263 0.00321344 0.00119872
185.24 1.53755 1.60734 0.769255 0.00337831 0.00333766 0.000732722
185.26 1.53771 1.6075 0.769275 0.00380229 0.00392366 0.000499562
185.28 1.53789 1.60769 0.769301 0.00463289 0.00467976 0.000648414
185.3 1.53811 1.6079 0.769344 0.0053837 0.00524519 0.00107281
185.32 1.53833 1.60811 0.769405 0.00557026 0.00541807 0.00151748
185.34 1.53853 1.60832 0.769476 0.00500827 0.00521009 0.0017802
185.36 1.53869 1.60851 0.769549 0.00393863 0.00476205 0.00181859
185.38 1.5388 1.60868 0.769616 0.00290674 0.00428745 0.00168857
185.4 1.5389 1.60885 0.769673 0.0024366 0.00402927 0.0014229
185.42 1.53901 1.60901 0.769714 0.00270433 0.00414841 0.00101932
185.44 1.53915 1.6092 0.769736 0.00344686 0.00462961 0.000548822
185.46 1.53931 1.60941 0.769744 0.00419423 0.00529479 0.000203871
185.48 1.5395 1.60964 0.769751 0.00460718 0.00589449 0.000173164
185.5 1.53968 1.60989 0.76977 0.00462495 0.00618085 0.0004674
185.52 1.53986 1.61013 0.769805 0.00437218 0.00596921 0.000884327
185.54 1.54002 1.61034 0.769851 0.00398823 0.00525667 0.00114877
185.56 1.54016 1.61051 0.769895 0.00355543 0.00432557 0.00109598
185.58 1.54029 1.61066 0.769925 0.00314733 0.00367174 0.000753319
185.6 1.5404 1.61081 0.769937 0.00286468 0.00370782 0.000296336
185.62 1.54051 1.61099 0.769935 0.00278055 0.00444424 -5.41943e-05
185.64 1.54063 1.6112 0.769929 0.00288276 0.00544789 -0.000141277
185.66 1.54075 1.61145 0.769931 0.00308872 0.00611485 6.08717e-05
185.68 1.54088 1.61169 0.769949 0.00329652 0.00602213 0.000451974
185.7 1.54102 1.6119 0.769984 0.00343583 0.00514015 0.000870051
185.72 1.54116 1.61205 0.770031 0.00349141 0.00385112 0.00117773
185.74 1.5413 1.61216 0.770084 0.00349432 0.00279176 0.00131997
185.76 1.54144 1.61226 0.770137 0.00347226 0.00253381 0.00130939
185.78 1.54157 1.61239 0.770183 0.00337822 0.00323196 0.00117191
185.8 1.5417 1.61257 0.770221 0.0031221 0.00450965 0.000939768
185.82 1.54181 1.6128 0.770248 0.00270838 0.00568135 0.000683565
185.84 1.5419 1.61305 0.770269 0.00232075 0.00615554 0.000526824
185.86 1.54199 1.61328 0.770294 0.00224217 0.00576607 0.000604505
185.88 1.5421 1.61347 0.770333 0.00266544 0.00482055 0.000990447
185.9 1.54224 1.61362 0.770398 0.00350398 0.00386166 0.00162859
185.92 1.54241 1.61376 0.77049 0.0043807 0.00333496 0.00229506
185.94 1.54261 1.61389 0.770597 0.00484973 0.0033638 0.00267882
185.96 1.54279 1.61404 0.770702 0.00466043 0.00374331 0.00261922
185.98 1.54295 1.61421 0.770793 0.00389498 0.00412612 0.00227954
186 1.54306 1.61438 0.770873 0.00292313 0.00427378 0.00199727
186.02 1.54315 1.61455 0.770951 0.00217119 0.0041898 0.00195044
186.04 1.54323 1.61471 0.771031 0.00187684 0.00404726 0.00200454
186.06 1.54331 1.61487 0.771106 0.00202781 0.00401763 0.00186596
186.08 1.54341 1.61503 0.771161 0.00246553 0.00412732 0.0013764
186.1 1.54353 1.6152 0.771188 0.00300888 0.00423593 0.00068298
186.12 1.54367 1.61537 0.771194 0.00348976 0.00418529 0.000132558
186.14 1.54382 1.61553 0.771193 0.00374332 0.00395655 -5.93326e-06
186.16 1.54396 1.61567 0.771204 0.00365739 0.00363125 0.000259745
186.18 1.54409 1.6158 0.771231 0.00325958 0.00325061 0.000672742
186.2 1.5442 1.61592 0.771268 0.00273716 0.00280006 0.000928161
186.22 1.5443 1.61601 0.771303 0.00233881 0.00232635 0.000877532
186.24 1.54438 1.61609 0.771326 0.00220272 0.00200554 0.000567671
186.26 1.54447 1.61617 0.771331 0.00227607 0.00204904 0.000134917
186.28 1.54457 1.61627 0.77132 0.0024132 0.00252807 -0.000289538
186.3 1.54467 1.6164 0.771296 0.0025233 0.00327082 -0.000598846
186.32 1.54478 1.61656 0.771267 0.00261187 0.00391327 -0.000710344
186.34 1.54489 1.61672 0.771243 0.00271581 0.00409878 -0.000591717
186.36 1.545 1.61687 0.771232 0.00283809 0.00371599 -0.000288219
186.38 1.54512 1.61699 0.771236 0.00295125 0.00300719 0.000100223
186.4 1.54524 1.61709 0.771255 0.00305422 0.00244322 0.000476569
186.42 1.54537 1.61719 0.771286 0.0031795 0.00242747 0.000767199
186.44 1.5455 1.61731 0.771323 0.00333059 0.00303285 0.000926641
186.46 1.54564 1.61747 0.771361 0.00348279 0.00396924 0.000963049
186.48 1.54579 1.61766 0.771399 0.00366073 0.00480522 0.00094951
186.5 1.54594 1.61787 0.771439 0.0039436 0.00526086 0.000981689
186.52 1.54612 1.61808 0.771482 0.00435427 0.00534943 0.00109194
186.54 1.54631 1.6183 0.771531 0.00477964 0.00530101 0.00122449
186.56 1.54651 1.61851 0.771583 0.00503342 0.00535493 0.00130572
186.58 1.54671 1.61873 0.771635 0.00500608 0.00558209 0.00129799
186.6 1.5469 1.61897 0.771683 0.00477195 0.0058681 0.00119895
186.62 1.54708 1.61921 0.771725 0.00454008 0.00602576 0.00103496
186.64 1.54726 1.61945 0.771759 0.00449525 0.00596424 0.000866573
186.66 1.54745 1.61968 0.77179 0.00466953 0.00580463 0.000770031
186.68 1.54765 1.61991 0.771823 0.00491873 0.00579987 0.000816376
186.7 1.54785 1.62016 0.771866 0.00502541 0.006085 0.00106796
186.72 1.54804 1.62042 0.771927 0.0048915 0.00650622 0.00153789
186.74 1.54823 1.62068 0.772012 0.00464195 0.0067189 0.00212596
186.76 1.54841 1.62094 0.772118 0.00452791 0.0064796 0.00263552
186.78 1.5486 1.62118 0.772232 0.00471457 0.00585295 0.00286709
186.8 1.5488 1.62138 0.77234 0.00513142 0.00518881 0.00269769
186.82 1.54902 1.62158 0.772424 0.00549588 0.00488929 0.00210945
186.84 1.54924 1.62178 0.772472 0.00548665 0.00510969 0.00120064
186.86 1.54944 1.62201 0.77248 0.00497667 0.0056417 0.0001884
186.88 1.54961 1.62225 0.772455 0.00416572 0.00608925 -0.000635211
186.9 1.54975 1.6225 0.772414 0.00344882 0.00615057 -0.00100563
186.92 1.54987 1.62273 0.772383 0.00312883 0.00576135 -0.000795293
186.94 1.55 1.62293 0.772379 0.00323426 0.00507035 -8.32742e-05
186.96 1.55014 1.62311 0.772413 0.0035693 0.00433731 0.00084746
186.98 1.5503 1.62326 0.772477 0.00390169 0.00379423 0.00160727
187 1.55046 1.6234 0.772553 0.00409914 0.00351731 0.00188692
187.02 1.55063 1.62354 0.772618 0.00412754 0.00341845 0.00163412
187.04 1.55079 1.62367 0.772662 0.00400197 0.00335112 0.00108534
187.06 1.55094 1.6238 0.772686 0.00378894 0.00321598 0.00061974
187.08 1.55108 1.62392 0.772707 0.00360477 0.00298662 0.000521269
187.1 1.55123 1.62403 0.77274 0.0035542 0.00268989 0.000809177
187.12 1.55137 1.62412 0.772789 0.00367963 0.00240661 0.00124336
187.14 1.55153 1.62421 0.772848 0.00395825 0.0022662 0.00146648
187.16 1.5517 1.62431 0.772896 0.0042708 0.00239778 0.00120215
187.18 1.55188 1.62442 0.772913 0.00437417 0.00285671 0.000428485
187.2 1.55204 1.62457 0.772891 0.00403268 0.00356622 -0.000569496
187.22 1.55217 1.62474 0.772837 0.00326201 0.00429694 -0.00133875
187.24 1.55227 1.62493 0.772776 0.00239677 0.00472509 -0.00152767
187.26 1.55234 1.62511 0.772733 0.00189152 0.00462284 -0.00106965
187.28 1.55242 1.62527 0.772726 0.00200339 0.00405974 -0.000169766
187.3 1.55252 1.62541 0.77276 0.00258162 0.00339326 0.000830521
187.32 1.55265 1.62553 0.772824 0.00319844 0.00303061 0.00160912
187.34 1.55279 1.62566 0.772903 0.00351365 0.00314601 0.00197188
187.36 1.55293 1.6258 0.772978 0.0035025 0.00357827 0.00188397
187.38 1.55307 1.62596 0.773036 0.00340042 0.00399088 0.00144941
187.4 1.55321 1.62613 0.773071 0.00344868 0.00415944 0.000863481
187.42 1.55335 1.62629 0.773084 0.00365026 0.0041447 0.000344029
187.44 1.5535 1.62646 0.773087 0.00375572 0.00419296 6.30646e-05
187.46 1.55364 1.62664 0.773091 0.00348998 0.00446801 9.78991e-05
187.48 1.55376 1.62683 0.773107 0.00282921 0.00487877 0.000414241
187.5 1.55384 1.62704 0.773143 0.00207671 0.00517258 0.000896358
187.52 1.55391 1.62725 0.7732 0.00166748 0.00516457 0.00142546
187.54 1.55398 1.62744 0.773277 0.00186711 0.00486389 0.00192129
187.56 1.55408 1.62762 0.77337 0.00257901 0.00446361 0.00231931
187.58 1.55422 1.62779 0.773472 0.00337982 0.0042281 0.00255062
187.6 1.55437 1.62796 0.773574 0.00377182 0.00426872 0.0025598
187.62 1.55451 1.62814 0.773668 0.00349817 0.00440346 0.00233515
187.64 1.55462 1.62831 0.773744 0.00270002 0.00433169 0.00191406
187.66 1.55469 1.62847 0.7738 0.00182191 0.00396326 0.00138616
187.68 1.55474 1.62861 0.773836 0.0013436 0.00351163 0.000903096
187.7 1.55481 1.62874 0.773862 0.0015261 0.00326463 0.00064602
187.72 1.5549 1.62887 0.773891 0.00229382 0.00328543 0.000730633
187.74 1.55503 1.629 0.773935 0.00327084 0.00335978 0.0010957
187.76 1.55519 1.62913 0.773994 0.00397556 0.00325206 0.00149241
187.78 1.55535 1.62925 0.77406 0.00410649 0.00297146 0.001634
187.8 1.5555 1.62937 0.774116 0.00369959 0.00280341 0.00140267
187.82 1.55562 1.62949 0.774153 0.00303023 0.00309853 0.000933598
187.84 1.55572 1.62965 0.774173 0.00240018 0.00393738 0.000486226
187.86 1.5558 1.62985 0.774182 0.00200749 0.00496776 0.000241529
187.88 1.55587 1.63007 0.774191 0.00193876 0.00562407 0.000219394
187.9 1.55596 1.63029 0.774205 0.00218581 0.00554938 0.000354813
187.92 1.55607 1.63049 0.774228 0.00265774 0.00483995 0.000563112
187.94 1.5562 1.63064 0.774258 0.00322508 0.00392821 0.000741588
187.96 1.55635 1.63077 0.774288 0.0037683 0.00327221 0.000773189
187.98 1.55652 1.6309 0.774311 0.00419979 0.00311171 0.00057004
188 1.55669 1.63104 0.774317 0.00446886 0.00343043 0.000141523
188.02 1.55688 1.6312 0.774302 0.00457043 0.00405897 -0.000369794
188.04 1.55706 1.63139 0.774274 0.00456477 0.00480941 -0.000712582
188.06 1.55724 1.63161 0.774248 0.00455413 0.00553846 -0.000644261
188.08 1.55743 1.63186 0.774243 0.00459627 0.00612794 -0.000112729
188.1 1.55761 1.63212 0.77427 0.00466817 0.00646125 0.000655201
188.12 1.5578 1.63237 0.774321 0.00471383 0.00644125 0.0012894
188.14 1.55799 1.63262 0.774383 0.00472645 0.00606219 0.00154378
188.16 1.55818 1.63284 0.77444 0.00477238 0.00549211 0.00143405
188.18 1.55838 1.63304 0.774486 0.00492009 0.00503004 0.00115303
188.2 1.55858 1.63323 0.774523 0.00516155 0.00493494 0.000904648
188.22 1.5588 1.63344 0.774554 0.00538854 0.00526156 0.000786531
188.24 1.55902 1.63368 0.774584 0.00543704 0.00581208 0.000751873
188.26 1.55923 1.63393 0.77461 0.00522779 0.00626943 0.000657485
188.28 1.55942 1.63418 0.774627 0.00488321 0.00640111 0.000408635
188.3 1.55961 1.63443 0.774631 0.00465311 0.00619463 9.94211e-05
188.32 1.5598 1.63467 0.77463 0.00470784 0.00583891 -1.10677e-05
188.34 1.56 1.63489 0.774642 0.00499347 0.0055422 0.000301211
188.36 1.56021 1.6351 0.774683 0.00527726 0.00537688 0.00102524
188.38 1.56042 1.63531 0.774759 0.00531542 0.00531109 0.00188853
188.4 1.56062 1.63553 0.77486 0.00500577 0.00532524 0.00253121
188.42 1.5608 1.63574 0.774969 0.00445624 0.00541644 0.00273221
188.44 1.56096 1.63596 0.775069 0.00394128 0.00550462 0.00249233
188.46 1.56111 1.63618 0.775147 0.00373272 0.00544529 0.00194002
188.48 1.56126 1.63639 0.775195 0.00388088 0.00515285 0.00121163
188.5 1.56143 1.63658 0.775213 0.00416837 0.00470192 0.00044833
188.52 1.5616 1.63675 0.775207 0.00429483 0.00429147 -0.000153896
188.54 1.56176 1.63691 0.775192 0.00410283 0.00409815 -0.000385788
188.56 1.56191 1.63708 0.775185 0.00367625 0.00414334 -0.000155939
188.58 1.56204 1.63725 0.775203 0.00326307 0.00430175 0.00043795
188.6 1.56216 1.63743 0.775249 0.00308178 0.00443004 0.00116648
188.62 1.56229 1.6376 0.77532 0.00315251 0.00445426 0.00175744
188.64 1.56242 1.63778 0.775399 0.00328772 0.00435411 0.00197593
188.66 1.56255 1.63794 0.775469 0.00324019 0.00410992 0.00175488
188.68 1.56267 1.63809 0.775522 0.00289125 0.00370948 0.00131439
188.7 1.56276 1.63822 0.775564 0.00232356 0.00321309 0.00107053
188.72 1.56283 1.63833 0.775617 0.00174191 0.00278985 0.00131593
188.74 1.56288 1.63844 0.775695 0.00133889 0.00264665 0.00195294
188.76 1.56293 1.63855 0.775797 0.0012215 0.00288455 0.002536
188.78 1.56299 1.63869 0.7759 0.00145379 0.00338885 0.00258042
188.8 1.56307 1.63884 0.775975 0.00209013 0.00385544 0.00189171
188.82 1.5632 1.639 0.776004 0.00308517 0.00398631 0.000719989
188.84 1.56336 1.63915 0.77599 0.00415913 0.003702 -0.000358321
188.86 1.56356 1.63928 0.775958 0.00482017 0.00317543 -0.00079337
188.88 1.56374 1.63939 0.775941 0.00463372 0.00269633 -0.000423298
188.9 1.56388 1.63948 0.775958 0.00356094 0.00247042 0.000415418
188.92 1.56397 1.63958 0.776003 0.00208168 0.00249484 0.00111845
188.94 1.56401 1.63969 0.776051 0.000959441 0.00260704 0.00120465
188.96 1.56404 1.63979 0.776075 0.000767402 0.00263209 0.000594721
188.98 1.5641 1.63989 0.77606 0.00153452 0.00252674 -0.000376553
189 1.56421 1.63999 0.776012 0.00277483 0.00242823 -0.00119536
189.02 1.56436 1.64009 0.775953 0.00382246 0.0025298 -0.00146924
189.04 1.56453 1.64021 0.775908 0.00421379 0.00283248 -0.00112188
189.06 1.56469 1.64033 0.775892 0.00389945 0.00306697 -0.000411655
189.08 1.56481 1.64045 0.775901 0.00317354 0.00295635 0.000231683
189.1 1.56491 1.64055 0.775919 0.0024433 0.00250578 0.000458272
189.12 1.56499 1.64063 0.775927 0.00202744 0.00199196 0.00019237
189.14 1.56507 1.6407 0.775913 0.00202602 0.00175214 -0.000340473
189.16 1.56517 1.64078 0.775883 0.00232978 0.00200337 -0.000766569
189.18 1.56528 1.64089 0.775851 0.00277277 0.00272977 -0.000796484
189.2 1.56541 1.64103 0.775836 0.00328298 0.00366799 -0.000357627
189.22 1.56556 1.64121 0.775853 0.00386437 0.00444704 0.000420095
189.24 1.56574 1.6414 0.775905 0.00446366 0.00482288 0.00129122
189.26 1.56594 1.6416 0.775985 0.0049096 0.00483558 0.00199718
189.28 1.56614 1.64179 0.77608 0.00499345 0.00475994 0.00237021
189.3 1.56632 1.64198 0.776176 0.00460937 0.00490022 0.00240139
189.32 1.56648 1.6422 0.776264 0.00387364 0.00534958 0.00222056
189.34 1.5666 1.64243 0.776344 0.00312667 0.00588448 0.00199319
189.36 1.56671 1.64268 0.776417 0.00278042 0.00611378 0.00181493
189.38 1.56684 1.64291 0.776484 0.00307798 0.00578977 0.00166928
189.4 1.56699 1.64311 0.776542 0.00393066 0.00502281 0.00146717
189.42 1.56719 1.64328 0.776588 0.00495734 0.00424143 0.00115264
189.44 1.56742 1.64344 0.776621 0.00569289 0.0039557 0.000816247
189.46 1.56765 1.64362 0.776648 0.00581484 0.00443335 0.000679136
189.48 1.56786 1.64384 0.776685 0.00528772 0.00550101 0.000932381
189.5 1.56804 1.6441 0.776749 0.00437249 0.00665193 0.00157673
189.52 1.56818 1.6444 0.776845 0.00347747 0.00734063 0.00240111
189.54 1.5683 1.64469 0.776968 0.00295715 0.00726198 0.00309631
189.56 1.56841 1.64495 0.777104 0.00297391 0.00650446 0.00340123
189.58 1.56855 1.64517 0.777233 0.00344882 0.0054937 0.00322038
189.6 1.56872 1.64535 0.777339 0.00411816 0.00472568 0.00265469
189.62 1.56891 1.64553 0.777416 0.00469157 0.00447374 0.00191029
189.64 1.56911 1.64572 0.777463 0.00499942 0.00467651 0.00117662
189.66 1.56931 1.64592 0.777486 0.00504292 0.0050537 0.000581551
189.68 1.5695 1.64614 0.777494 0.00494091 0.00533404 0.000205632
189.7 1.5697 1.64635 0.777498 0.00480944 0.0054242 8.47089e-05
189.72 1.56988 1.64657 0.777506 0.00469047 0.00541522 0.000213563
189.74 1.57007 1.64679 0.777529 0.00457088 0.00544703 0.000553407
189.76 1.57024 1.64701 0.777568 0.00442357 0.00556549 0.000992242
189.78 1.57041 1.64724 0.777621 0.00425333 0.00567306 0.00131696
189.8 1.57058 1.64746 0.777674 0.00414576 0.00558119 0.00132658
189.82 1.57075 1.64767 0.777714 0.00423714 0.00519472 0.00100883
189.84 1.57093 1.64786 0.777736 0.00458658 0.00468604 0.000544597
189.86 1.57114 1.64803 0.777741 0.00506333 0.00442427 0.000113072
189.88 1.57135 1.64822 0.777731 0.00542145 0.0046633 -0.000241096
189.9 1.57157 1.64843 0.777709 0.00551078 0.00528523 -0.000551484
189.92 1.57179 1.64867 0.777677 0.00537084 0.00586598 -0.00080313
189.94 1.57199 1.64891 0.77764 0.00513046 0.00600321 -0.000909621
189.96 1.57219 1.64913 0.777608 0.00488753 0.00560622 -0.00081947
189.98 1.57238 1.64933 0.777584 0.00467354 0.00495481 -0.000598617
190 1.57255 1.64951 0.777568 0.00447455 0.00453754 -0.000383144
190.02 1.57273 1.6497 0.777558 0.00428045 0.0047196 -0.000257117
190.04 1.57289 1.64992 0.77755 0.00412638 0.00544118 -0.000194026
190.06 1.57305 1.65017 0.777546 0.00407133 0.00623243 -9.65105e-05
190.08 1.57322 1.65043 0.777551 0.00414858 0.0065975 0.000122539
190.1 1.57339 1.65068 0.77757 0.00431519 0.00639333 0.000473948
190.12 1.57357 1.65092 0.777605 0.00443599 0.00585138 0.000879008
190.14 1.57374 1.65113 0.777654 0.00434068 0.00531117 0.0012113
190.16 1.5739 1.65133 0.777708 0.00394125 0.00499806 0.00134629
190.18 1.57403 1.65153 0.777756 0.00333033 0.00498609 0.00120575
190.2 1.57414 1.65174 0.777789 0.00275695 0.0052281 0.000820776
190.22 1.57424 1.65196 0.777803 0.002485 0.00557827 0.00036645
190.24 1.57435 1.6522 0.777808 0.00259858 0.00584594 0.000106834
190.26 1.57446 1.65243 0.777818 0.00289067 0.00587625 0.000263163
190.28 1.57458 1.65266 0.777854 0.00299634 0.00558811 0.000882162
190.3 1.57469 1.65286 0.777925 0.00267282 0.00500782 0.00179763
190.32 1.57477 1.65303 0.778034 0.00200047 0.00430189 0.00270599
190.34 1.57483 1.65318 0.778166 0.00139271 0.00373817 0.00329657
190.36 1.57488 1.65332 0.778301 0.00134636 0.00353138 0.00337504
190.38 1.57496 1.65347 0.778418 0.00204213 0.00368628 0.00294029
190.4 1.57509 1.65363 0.778505 0.0031004 0.00399644 0.00217899
190.42 1.57524 1.65379 0.778561 0.00376026 0.0041837 0.00139091
190.44 1.57537 1.65396 0.778595 0.0034173 0.00405059 0.000854606
190.46 1.57546 1.6541 0.778623 0.00208029 0.00356698 0.000703595
190.48 1.57547 1.65421 0.778659 0.000371375 0.00288221 0.000894519
190.5 1.57544 1.6543 0.778708 -0.000853732 0.00224301 0.00123301
190.52 1.5754 1.65438 0.778767 -0.000975893 0.00183276 0.00145301
190.54 1.5754 1.65444 0.778821 4.14545e-05 0.00165814 0.00136448
190.56 1.57546 1.65451 0.77886 0.00163471 0.00157903 0.000975353
190.58 1.57558 1.65456 0.778879 0.00301063 0.00147713 0.000476722
190.6 1.57573 1.65462 0.778884 0.00362926 0.00139901 0.000120333
190.62 1.57587 1.65468 0.778887 0.00344616 0.00147245 6.59996e-05
190.64 1.57598 1.65475 0.778897 0.0028095 0.00168449 0.000265075
190.66 1.57607 1.65482 0.778916 0.00214755 0.00181576 0.00047477
190.68 1.57613 1.65489 0.778934 0.00169889 0.00164475 0.000441599
190.7 1.57619 1.65493 0.778939 0.0015029 0.00121774 0.000128356
190.72 1.57626 1.65497 0.778929 0.00156905 0.000884379 -0.00024457
190.74 1.57633 1.65501 0.778913 0.00194636 0.00103577 -0.000394535
190.76 1.57644 1.65508 0.778905 0.00265075 0.00177644 -0.00020567
190.78 1.57658 1.65519 0.778913 0.00359198 0.00278638 0.000191066
190.8 1.57677 1.65533 0.778934 0.0045721 0.00351744 0.00052194
190.82 1.57698 1.65548 0.778957 0.00533324 0.00359257 0.000568057
190.84 1.57721 1.6556 0.778969 0.00568118 0.00308084 0.000323087
190.86 1.57743 1.6557 0.778969 0.00561689 0.00244679 -6.65844e-06
190.88 1.57765 1.65579 0.778964 0.00534102 0.00222754 -0.000140677
190.9 1.57785 1.6559 0.778967 0.00511291 0.00269572 8.14299e-05
190.92 1.57805 1.65604 0.778989 0.00508211 0.00372426 0.000551383
190.94 1.57827 1.65624 0.779027 0.00527033 0.00490667 0.000945289
190.96 1.57849 1.65647 0.779066 0.00562854 0.00580448 0.00097557
190.98 1.57873 1.65672 0.779091 0.00606031 0.00616694 0.000635233
191 1.57899 1.65696 0.7791 0.00642531 0.00602141 0.000211654
191.02 1.57925 1.65719 0.779103 0.00659515 0.00563916 7.64439e-05
191.04 1.57952 1.6574 0.779119 0.00654098 0.0053714 0.000421706
191.06 1.57977 1.65762 0.779164 0.00634573 0.00543814 0.00111964
191.08 1.58001 1.65785 0.779236 0.00611745 0.00584598 0.001801
191.1 1.58025 1.65811 0.779322 0.00591651 0.00646655 0.00213018
191.12 1.58048 1.6584 0.779404 0.00576809 0.00713791 0.00205368
191.14 1.58071 1.6587 0.779476 0.00569691 0.00768319 0.00180224
191.16 1.58094 1.65902 0.779542 0.00569291 0.00792325 0.00166868
191.18 1.58116 1.65933 0.779614 0.00567818 0.00777602 0.00177848
191.2 1.58139 1.65963 0.779695 0.00554443 0.00736206 0.00202688
191.22 1.58159 1.6599 0.779782 0.00521472 0.00695401 0.00219002
191.24 1.58178 1.66018 0.779868 0.00473381 0.00677929 0.00213427
191.26 1.58196 1.66045 0.779946 0.0043102 0.0068745 0.00196784
191.28 1.58212 1.66073 0.780025 0.00419095 0.00709613 0.0019693
191.3 1.5823 1.66102 0.780117 0.00445744 0.00722263 0.00230137
191.32 1.5825 1.66131 0.780228 0.00493196 0.00710169 0.00277507
191.34 1.58271 1.66158 0.780346 0.00529251 0.00674934 0.00293193
191.36 1.58292 1.66183 0.780441 0.00528703 0.00630867 0.00238291
191.38 1.58312 1.66207 0.780486 0.00489146 0.00593493 0.00113554
191.4 1.58329 1.6623 0.780472 0.00432503 0.00571492 -0.000357971
191.42 1.58345 1.66252 0.780413 0.00386807 0.00564373 -0.0014653
191.44 1.58359 1.66275 0.780344 0.00363645 0.00562536 -0.00173543
191.46 1.58373 1.66297 0.780299 0.00354204 0.00550853 -0.00112426
191.48 1.58387 1.66317 0.780299 0.00345409 0.00519067 1.71729e-06
191.5 1.584 1.66336 0.780342 0.00335105 0.00471229 0.00106581
191.52 1.58414 1.66353 0.780406 0.00332774 0.00424292 0.00161999
191.54 1.58428 1.66369 0.780469 0.00346603 0.00396582 0.00156585
191.56 1.58443 1.66385 0.780513 0.00370925 0.00395923 0.00109031
191.58 1.58458 1.66402 0.780531 0.00386456 0.00416384 0.000458466
191.6 1.58473 1.66419 0.780526 0.00372185 0.0044128 -0.00012896
191.62 1.58486 1.66437 0.780504 0.00323482 0.00452369 -0.000551404
191.64 1.58496 1.66455 0.780474 0.00259722 0.00440982 -0.000744674
191.66 1.58505 1.66471 0.780447 0.00209024 0.00411633 -0.0006806
191.68 1.58512 1.66487 0.780432 0.00188149 0.00376895 -0.00036314
191.7 1.5852 1.66501 0.780437 0.00194814 0.00348944 0.000125143
191.72 1.58528 1.66514 0.780461 0.00214779 0.00332039 0.000601596
191.74 1.58538 1.66527 0.780496 0.00235059 0.0031902 0.000870578
191.76 1.58548 1.66539 0.78053 0.0025388 0.00298973 0.000856192
191.78 1.58559 1.66549 0.780556 0.00277645 0.00269283 0.000631223
191.8 1.58571 1.66559 0.780569 0.00304793 0.00239003 0.00033247
191.82 1.58584 1.66568 0.780573 0.0031912 0.00222021 9.14253e-05
191.84 1.58596 1.66577 0.780573 0.00300113 0.00229537 2.18604e-05
191.86 1.58606 1.66587 0.780582 0.00239438 0.00263254 0.000218828
191.88 1.58612 1.666 0.78061 0.00151522 0.00309724 0.000696258
191.9 1.58615 1.66614 0.780662 0.000701838 0.00341844 0.00129147
191.92 1.58616 1.66627 0.78073 0.00034721 0.00337405 0.00170724
191.94 1.58619 1.66639 0.780799 0.000679344 0.00301496 0.00171613
191.96 1.58625 1.6665 0.780852 0.00159416 0.00265116 0.00132962
191.98 1.58636 1.6666 0.780883 0.00267749 0.00257844 0.000783143
192 1.58649 1.66671 0.780899 0.00343997 0.00283058 0.000400887
192.02 1.58664 1.66684 0.780917 0.00362902 0.00318034 0.000450535
192.04 1.58677 1.66697 0.780957 0.00332849 0.00335999 0.00099915
192.06 1.58689 1.66711 0.781029 0.00281498 0.00326737 0.00180291
192.08 1.58698 1.66723 0.781125 0.00236708 0.00300849 0.0023898
192.1 1.58707 1.66734 0.781219 0.00215465 0.0028142 0.00235322
192.12 1.58716 1.66745 0.781284 0.00221256 0.00290924 0.00163383
192.14 1.58725 1.66759 0.781308 0.00247439 0.00334618 0.000577489
192.16 1.58737 1.66775 0.781298 0.00284101 0.00394259 -0.000249498
192.18 1.5875 1.66792 0.781282 0.00324275 0.00442345 -0.000386439
192.2 1.58764 1.66811 0.781292 0.00365659 0.00461013 0.000249815
192.22 1.58781 1.66829 0.781346 0.00406288 0.00452529 0.00134235
192.24 1.58798 1.66846 0.781441 0.00440035 0.00435603 0.00237761
192.26 1.58816 1.66864 0.781558 0.00457093 0.00431006 0.00292332
192.28 1.58834 1.66881 0.781671 0.00449524 0.00446535 0.00282426
192.3 1.58851 1.669 0.78176 0.00421597 0.00471971 0.0022273
192.32 1.58867 1.6692 0.781817 0.00393945 0.00490013 0.00143176
192.34 1.58883 1.6694 0.781845 0.00390136 0.00491884 0.000693999
192.36 1.58899 1.66959 0.78185 0.00417004 0.00484805 0.000133482
192.38 1.58918 1.66978 0.781841 0.00459922 0.00487349 -0.000222598
192.4 1.58938 1.66999 0.781827 0.00494121 0.0051393 -0.000354584
192.42 1.58958 1.67021 0.781818 0.00500393 0.0055991 -0.000226918
192.44 1.58977 1.67045 0.781825 0.00476243 0.00598258 0.000180367
192.46 1.58994 1.67069 0.781858 0.0043883 0.00592336 0.000815921
192.48 1.59011 1.6709 0.781918 0.00416888 0.00524279 0.00151283
192.5 1.59028 1.67107 0.781999 0.00431704 0.00418244 0.00201308
192.52 1.59047 1.6712 0.782082 0.00482756 0.00333225 0.00208562
192.54 1.59069 1.67133 0.782149 0.00551459 0.00327764 0.00166474
192.56 1.59094 1.6715 0.782185 0.00613887 0.00421234 0.000890353
192.58 1.5912 1.67173 0.782186 0.00649102 0.0057705 3.82673e-05
192.6 1.59146 1.67202 0.782162 0.00646349 0.00718185 -0.00059533
192.62 1.5917 1.67232 0.78213 0.00608777 0.00767115 -0.000809837
192.64 1.59192 1.6726 0.782107 0.00549948 0.00694172 -0.000571924
192.66 1.59212 1.67282 0.782106 0.00486891 0.0054222 -1.5664e-05
192.68 1.59229 1.67298 0.782132 0.00436969 0.00404786 0.000640484
192.7 1.59246 1.67313 0.78218 0.00418149 0.0036898 0.00121192
192.72 1.59264 1.67331 0.782245 0.0044185 0.00460203 0.00161838
192.74 1.59284 1.67356 0.78232 0.00499401 0.00626233 0.00187171
192.76 1.59306 1.67387 0.7824 0.00559123 0.00770144 0.00200563
192.78 1.59329 1.6742 0.78248 0.0058387 0.00810453 0.00198525
192.8 1.59352 1.67449 0.782548 0.00557315 0.00731341 0.00170862
192.82 1.59371 1.67472 0.782593 0.0049363 0.00584677 0.00111833
192.84 1.59388 1.6749 0.782605 0.00425001 0.00447509 0.000309593
192.86 1.59403 1.67505 0.782586 0.00380124 0.00376282 -0.000477184
192.88 1.59418 1.67521 0.782547 0.0036771 0.00385105 -0.000978158
192.9 1.59433 1.67538 0.782506 0.00375067 0.00447313 -0.00103684
192.92 1.59448 1.67559 0.78248 0.00379196 0.00510524 -0.000644045
192.94 1.59463 1.6758 0.782484 0.00365535 0.0052688 0.000110068
192.96 1.59477 1.67599 0.782528 0.00340947 0.00486368 0.0010949
192.98 1.5949 1.67616 0.782614 0.00326045 0.00421477 0.00214071
193 1.59503 1.67631 0.782734 0.00334296 0.00378751 0.003014
193.02 1.59517 1.67647 0.782872 0.00358468 0.00383584 0.00344957
193.04 1.59532 1.67664 0.783003 0.00376341 0.00424773 0.00327343
193.06 1.59547 1.67682 0.783105 0.00369807 0.0046632 0.00254162
193.08 1.59561 1.67701 0.783166 0.00339156 0.00475566 0.00153747
193.1 1.59573 1.67719 0.783191 0.00301306 0.00445501 0.000623404
193.12 1.59584 1.67735 0.783193 0.00273819 0.00393556 5.44967e-05
193.14 1.59594 1.67749 0.783188 0.00258477 0.00344833 -0.000129812
193.16 1.59604 1.67762 0.783185 0.00239188 0.00318817 -7.35442e-05
193.18 1.59612 1.67774 0.783187 0.00199235 0.00322422 4.19824e-05
193.2 1.59617 1.67788 0.783193 0.00143204 0.00346281 0.000144089
193.22 1.59621 1.67803 0.783204 0.00100339 0.00367729 0.000286186
193.24 1.59626 1.67818 0.783227 0.00102192 0.00367684 0.000563947
193.26 1.59632 1.67832 0.783267 0.00153556 0.00347039 0.00101731
193.28 1.59641 1.67845 0.78333 0.00225448 0.00324635 0.00157026
193.3 1.59652 1.67857 0.783412 0.00273025 0.00317702 0.00203699
193.32 1.59662 1.6787 0.7835 0.00265844 0.00324506 0.00221332
193.34 1.59671 1.67883 0.78358 0.00210743 0.00328574 0.00200366
193.36 1.59677 1.67896 0.783639 0.00147251 0.00318279 0.00147464
193.38 1.59681 1.67908 0.783672 0.00119308 0.00298109 0.00081634
193.4 1.59687 1.67919 0.783683 0.00145685 0.00282365 0.000264312
193.42 1.59695 1.67931 0.783683 0.00208695 0.00283573 7.3058e-07
193.44 1.59706 1.67943 0.783685 0.00267328 0.00306128 5.65038e-05
193.46 1.59718 1.67957 0.783696 0.00285814 0.00343662 0.000280579
193.48 1.59728 1.67972 0.783714 0.00258091 0.00377762 0.000443501
193.5 1.59736 1.67987 0.783731 0.0020996 0.00384186 0.000431626
193.52 1.59743 1.68001 0.783745 0.00178192 0.00349957 0.00034138
193.54 1.59751 1.68013 0.78376 0.00186008 0.00290636 0.000379706
193.56 1.5976 1.68023 0.783786 0.00229456 0.00245775 0.00065254
193.58 1.59771 1.68033 0.783827 0.0028157 0.0025235 0.00102905
193.6 1.59784 1.68045 0.783876 0.00314231 0.00318563 0.00122887
193.62 1.59797 1.68062 0.783919 0.00319265 0.00417998 0.00105854
193.64 1.59809 1.68082 0.783942 0.00309774 0.00507457 0.000573499
193.66 1.59821 1.68105 0.783943 0.00305957 0.00551953 2.78841e-05
193.68 1.59834 1.68126 0.78393 0.00320528 0.00539711 -0.000326758
193.7 1.59848 1.68146 0.783913 0.00352064 0.00484895 -0.000418575
193.72 1.59864 1.68162 0.783898 0.00385862 0.00421405 -0.000369868
193.74 1.5988 1.68178 0.783885 0.0040075 0.00385159 -0.000331064
193.76 1.59895 1.68193 0.783873 0.00384526 0.00392314 -0.000291737
193.78 1.59909 1.68211 0.783871 0.00348813 0.00430918 -5.6949e-05
193.8 1.59922 1.6823 0.783893 0.00322457 0.00472736 0.000541022
193.82 1.59935 1.68249 0.783948 0.00326484 0.00494531 0.00138246
193.84 1.59949 1.68269 0.78403 0.00357792 0.00492239 0.00204922
193.86 1.59965 1.68288 0.784114 0.00395009 0.0047947 0.0021122
193.88 1.59982 1.68307 0.784173 0.00416689 0.00477812 0.0014784
193.9 1.59998 1.68328 0.784193 0.00417189 0.00504326 0.000501497
193.92 1.60015 1.6835 0.784185 0.00409642 0.00558538 -0.000222921
193.94 1.60031 1.68375 0.784175 0.00412494 0.00619182 -0.000233509
193.96 1.60049 1.68401 0.784194 0.00432076 0.00657863 0.000480148
193.98 1.60067 1.68427 0.784253 0.00460232 0.00658343 0.00147513
194 1.60086 1.68452 0.784341 0.00485525 0.0062291 0.00219537
194.02 1.60107 1.68475 0.784436 0.00502223 0.00569675 0.00236885
194.04 1.60127 1.68496 0.784522 0.00513458 0.00526559 0.00214666
194.06 1.60148 1.68517 0.784599 0.00532077 0.00516133 0.00191627
194.08 1.60171 1.68538 0.784678 0.00573243 0.00540255 0.00199648
194.1 1.60197 1.68562 0.784775 0.00637854 0.00581259 0.00241705
194.12 1.60225 1.68586 0.78489 0.00702092 0.00617108 0.00286168
194.14 1.60254 1.68612 0.785004 0.00728384 0.00632955 0.00285005
194.16 1.60282 1.68636 0.785088 0.00692692 0.0062183 0.00210841
194.18 1.60306 1.6866 0.78512 0.00605581 0.0058415 0.000811151
194.2 1.60326 1.68681 0.785099 0.00507999 0.00528422 -0.000539682
194.22 1.60344 1.687 0.785041 0.00445297 0.0046916 -0.00143986
194.24 1.60362 1.68717 0.784976 0.00441662 0.00421355 -0.00163395
194.26 1.60381 1.68733 0.78493 0.0049104 0.00397366 -0.00114707
194.28 1.60404 1.68749 0.784923 0.00563059 0.00403982 -0.00017057
194.3 1.60429 1.68766 0.784964 0.00620378 0.00436151 0.00103046
194.32 1.60454 1.68785 0.78505 0.00637705 0.00473625 0.00213467
194.34 1.60479 1.68805 0.785161 0.00608122 0.00487994 0.00278578
194.36 1.605 1.68823 0.785269 0.00541956 0.00459839 0.00269716
194.38 1.60519 1.68839 0.785341 0.00460921 0.00392506 0.00180133
194.4 1.60534 1.68851 0.785355 0.00388428 0.00315242 0.000360027
194.42 1.60548 1.68862 0.785312 0.00340637 0.00269277 -0.00108024
194.44 1.60561 1.68873 0.785235 0.00322709 0.00280184 -0.00193698
194.46 1.60574 1.68887 0.785159 0.00331024 0.00338779 -0.0018948
194.48 1.60588 1.68903 0.785116 0.00357346 0.00406716 -0.00107214
194.5 1.60604 1.68921 0.785119 0.00391145 0.00440709 7.14081e-05
194.52 1.60621 1.68937 0.78516 0.00420179 0.00418753 0.00102004
194.54 1.60638 1.68952 0.785219 0.00433074 0.00352383 0.00147074
194.56 1.60655 1.68963 0.785276 0.00425822 0.00278154 0.00143474
194.58 1.60671 1.68972 0.785323 0.0040274 0.00234964 0.0011641
194.6 1.60686 1.68982 0.785361 0.00369893 0.00244597 0.000959267
194.62 1.60699 1.68994 0.7854 0.00333382 0.0030349 0.000977931
194.64 1.60712 1.69009 0.785447 0.00305278 0.00387288 0.00118573
194.66 1.60724 1.69028 0.785505 0.00301966 0.00463392 0.0014416
194.68 1.60737 1.69048 0.785569 0.00328241 0.00503138 0.00160448
194.7 1.60751 1.69068 0.785633 0.00366851 0.00493277 0.00159296
194.72 1.60767 1.69086 0.785689 0.0038641 0.00442374 0.00138812
194.74 1.60781 1.69101 0.785729 0.00362038 0.00375838 0.00101585
194.76 1.60793 1.69113 0.785751 0.00295938 0.00322132 0.000535474
194.78 1.60802 1.69126 0.785752 0.00220559 0.00302904 4.61657e-05
194.8 1.60809 1.69139 0.785741 0.00177827 0.0032856 -0.000286208
194.82 1.60817 1.69154 0.785731 0.00194211 0.00393371 -0.000247081
194.84 1.60827 1.69173 0.785744 0.00264873 0.00471536 0.000310618
194.86 1.60842 1.69194 0.785796 0.00351552 0.00527605 0.00130062
194.88 1.60858 1.69216 0.785889 0.00402687 0.00538971 0.00233177
194.9 1.60873 1.69236 0.786004 0.00385671 0.00510384 0.00288162
194.92 1.60885 1.69255 0.78611 0.00305509 0.00467675 0.0026358
194.94 1.60893 1.69273 0.786178 0.00200832 0.00439302 0.00170683
194.96 1.60898 1.6929 0.7862 0.00124963 0.00440341 0.000549575
194.98 1.60903 1.69309 0.786187 0.00118302 0.0046538 -0.000320639
195 1.6091 1.69329 0.786163 0.00183184 0.00489951 -0.0005973
195.02 1.60922 1.69348 0.786151 0.0027906 0.00482716 -0.000312903
195.04 1.60936 1.69365 0.78616 0.00349337 0.00431158 0.000245715
195.06 1.6095 1.69379 0.786191 0.0035889 0.00358502 0.000758408
195.08 1.60962 1.69392 0.786232 0.00311095 0.00308534 0.00104389
195.1 1.60972 1.69404 0.786276 0.00237087 0.00308349 0.0010973
195.12 1.60979 1.69418 0.786318 0.00171429 0.00345664 0.00104255
195.14 1.60984 1.69433 0.786359 0.00134362 0.003832 0.00102843
195.16 1.60989 1.69449 0.786404 0.00130985 0.00392183 0.00112189
195.18 1.60996 1.69464 0.786455 0.00159818 0.00373131 0.00128108
195.2 1.61004 1.69478 0.786511 0.00217933 0.00352009 0.00139125
195.22 1.61016 1.69492 0.786564 0.00297883 0.00359843 0.00132914
195.24 1.61032 1.69509 0.786606 0.00381839 0.00407016 0.0010543
195.26 1.61049 1.69527 0.786632 0.00443574 0.00471044 0.000640932
195.28 1.61068 1.69548 0.786639 0.00461131 0.00513373 0.000187802
195.3 1.61085 1.69568 0.786629 0.00430765 0.00511442 -0.000255525
195.32 1.611 1.69588 0.786604 0.00371035 0.00476145 -0.000636526
195.34 1.61112 1.69605 0.78657 0.00314366 0.00442565 -0.000833507
195.36 1.61124 1.69623 0.786541 0.00293456 0.00443771 -0.000726071
195.38 1.61137 1.69642 0.786529 0.00325918 0.00486805 -0.00032182
195.4 1.61153 1.69664 0.786538 0.00403196 0.00547061 0.000242332
195.42 1.61173 1.69688 0.78657 0.00493054 0.0058393 0.000793571
195.44 1.61195 1.6971 0.786617 0.00556549 0.00569036 0.00118646
195.46 1.61218 1.69731 0.786671 0.0056939 0.0050704 0.00133515
195.48 1.61239 1.69748 0.786721 0.00533904 0.00432094 0.00124996
195.5 1.61259 1.69763 0.786762 0.00477338 0.00381751 0.00102596
195.52 1.61276 1.69778 0.786793 0.00438976 0.00370254 0.000775365
195.54 1.61294 1.69793 0.786816 0.00449174 0.00385214 0.000575956
195.56 1.61314 1.6981 0.786834 0.00507837 0.004053 0.000443318
195.58 1.61338 1.69827 0.786847 0.00582368 0.00422466 0.000330225
195.6 1.61363 1.69845 0.786855 0.00628974 0.00448664 0.00019334
195.62 1.61388 1.69864 0.786858 0.00619417 0.00497302 7.98102e-05
195.64 1.6141 1.69887 0.786862 0.0055551 0.00557649 0.000104293
195.66 1.61429 1.6991 0.786875 0.00466856 0.00593372 0.000326019
195.68 1.61444 1.69933 0.786902 0.0039741 0.00572258 0.000686413
195.7 1.6146 1.69953 0.786945 0.00382656 0.00496989 0.00107321
195.72 1.61477 1.6997 0.787002 0.00429529 0.00409409 0.00140565
195.74 1.61497 1.69984 0.787067 0.0051379 0.00363475 0.00163651
195.76 1.61521 1.7 0.787136 0.00592743 0.00386083 0.00171647
195.78 1.61546 1.70018 0.7872 0.00625488 0.00457434 0.00161571
195.8 1.6157 1.70039 0.787255 0.00593688 0.00528703 0.00137275
195.82 1.6159 1.70061 0.787299 0.00511611 0.00560935 0.00109476
195.84 1.61607 1.70083 0.787335 0.00419821 0.00549891 0.00090403
195.86 1.61622 1.70104 0.78737 0.00364449 0.00520392 0.000863312
195.88 1.61637 1.70124 0.787406 0.00371641 0.00502987 0.000919215
195.9 1.61654 1.70145 0.787443 0.00434386 0.00511517 0.000921243
195.92 1.61675 1.70166 0.787473 0.00519679 0.00535165 0.000749245
195.94 1.61698 1.70188 0.787491 0.00589732 0.00550759 0.000440463
195.96 1.61723 1.7021 0.787498 0.00621169 0.0054224 0.00017921
195.98 1.61748 1.7023 0.787506 0.0061192 0.00510909 0.000188967
196 1.61771 1.70249 0.787529 0.00574899 0.00473107 0.000588331
196.02 1.61792 1.70267 0.78758 0.00526652 0.00449508 0.00128159
196.04 1.61811 1.70285 0.78766 0.00482799 0.00453158 0.00199816
196.06 1.61829 1.70305 0.787758 0.00454415 0.00480388 0.0024461
196.08 1.61847 1.70325 0.787856 0.00442901 0.00513944 0.0024553
196.1 1.61865 1.70347 0.787939 0.00440977 0.00536231 0.0020546
196.12 1.61882 1.70368 0.787997 0.00440031 0.00536537 0.001447
196.14 1.619 1.70388 0.788031 0.00433096 0.00507747 0.000872257
196.16 1.61916 1.70406 0.78805 0.00414384 0.00443592 0.000460046
196.18 1.61931 1.7042 0.788058 0.00383739 0.00346623 0.000206271
196.2 1.61945 1.7043 0.78806 0.00349492 0.00240504 5.88508e-05
196.22 1.61958 1.70436 0.78806 0.00320886 0.001676 -1.24413e-05
196.24 1.6197 1.70443 0.788059 0.0029937 0.00165499 -1.22978e-05
196.26 1.61982 1.70453 0.788062 0.0028381 0.00240819 7.06838e-05
196.28 1.61993 1.70467 0.788072 0.00277866 0.00358761 0.000251952
196.3 1.62004 1.70485 0.788094 0.00285611 0.00457002 0.000534853
196.32 1.62016 1.70505 0.78813 0.00302589 0.004832 0.000916983
196.34 1.62029 1.70522 0.788187 0.00317588 0.00432463 0.00140475
196.36 1.62042 1.70536 0.788265 0.0031892 0.00347807 0.00195653
196.38 1.62054 1.70547 0.78836 0.00298645 0.00286186 0.00237884
196.4 1.62064 1.70559 0.788455 0.00256812 0.0028373 0.00236513
196.42 1.62072 1.70572 0.788524 0.00207145 0.00340787 0.00172529
196.44 1.62079 1.70589 0.788547 0.00174729 0.00425962 0.000574207
196.46 1.62086 1.70609 0.788519 0.00178847 0.00495532 -0.000698467
196.48 1.62095 1.7063 0.788454 0.00214695 0.00519064 -0.00162559
196.5 1.62105 1.7065 0.788378 0.00253392 0.00494856 -0.00189226
196.52 1.62116 1.70667 0.788318 0.00264689 0.00444053 -0.00149311
196.54 1.62125 1.70683 0.788289 0.00240774 0.00391314 -0.000718622
196.56 1.62133 1.70697 0.788292 0.0020046 0.00354352 5.17377e-05
196.58 1.6214 1.70711 0.788315 0.00176547 0.00348196 0.000597127
196.6 1.62148 1.70727 0.788353 0.00195612 0.0038646 0.000949728
196.62 1.62159 1.70745 0.788404 0.00259709 0.00469681 0.00127506
196.64 1.62172 1.70768 0.78847 0.00341353 0.00574872 0.00164753
196.66 1.62188 1.70795 0.788548 0.00401017 0.00666409 0.00194674
196.68 1.62205 1.70824 0.788627 0.00416045 0.00718268 0.00195967
196.7 1.62221 1.70853 0.788689 0.00391939 0.00725006 0.00155522
196.72 1.62235 1.70881 0.788721 0.00350672 0.00697109 0.000805276
196.74 1.62247 1.70907 0.788721 0.00315642 0.00651587 -6.31143e-06
196.76 1.62259 1.70931 0.788701 0.00302544 0.00605296 -0.000501443
196.78 1.62272 1.70954 0.788685 0.0031481 0.00570039 -0.000382177
196.8 1.62286 1.70976 0.788703 0.00345227 0.0054869 0.000429615
196.82 1.62301 1.70997 0.788772 0.0038452 0.00534505 0.0017304
196.84 1.62318 1.71018 0.788895 0.00428007 0.0051814 0.00307835
196.86 1.62337 1.71038 0.789053 0.00471775 0.00495885 0.00395507
196.88 1.62357 1.71056 0.789213 0.00507049 0.00470051 0.00399046
196.9 1.62378 1.71074 0.789338 0.00523519 0.00445071 0.00312474
196.92 1.62399 1.71091 0.789403 0.00515578 0.00426243 0.00164163
196.94 1.62418 1.71108 0.789407 0.00484574 0.00422457 8.62687e-05
196.96 1.62436 1.71126 0.789369 0.00438103 0.00443378 -0.000944504
196.98 1.62451 1.71146 0.789326 0.00390005 0.00489159 -0.00108203
197 1.62466 1.71167 0.78931 0.00356675 0.00539946 -0.000391546
197.02 1.6248 1.71189 0.789336 0.00348721 0.00557803 0.000654391
197.04 1.62494 1.7121 0.789394 0.00366496 0.00508829 0.00144719
197.06 1.6251 1.71225 0.789458 0.00403072 0.00391439 0.00158917
197.08 1.62528 1.71235 0.789502 0.00447941 0.00247065 0.00110478
197.1 1.62548 1.71241 0.789518 0.00489069 0.0014038 0.000394993
197.12 1.62568 1.71246 0.789516 0.00512974 0.00121848 -4.85648e-05
197.14 1.62589 1.71254 0.789516 0.00507634 0.00198277 1.37074e-05
197.16 1.62608 1.71267 0.789533 0.00472887 0.003294 0.000423427
197.18 1.62625 1.71285 0.789565 0.0042967 0.0045355 0.000781583
197.2 1.62641 1.71306 0.789595 0.00412237 0.005236 0.000757577
197.22 1.62659 1.71327 0.789607 0.00444791 0.00528541 0.000304882
197.24 1.6268 1.71347 0.789593 0.00519343 0.00490404 -0.000352138
197.26 1.62704 1.71364 0.789557 0.00594024 0.00443035 -0.000901896
197.28 1.62728 1.71381 0.789511 0.00616543 0.0040891 -0.00113538
197.3 1.62751 1.71396 0.789471 0.00562799 0.00389301 -0.00102059
197.32 1.62769 1.71411 0.789445 0.00461008 0.00374338 -0.000646208
197.34 1.62784 1.71426 0.789441 0.00375602 0.00362731 -0.000105213
197.36 1.62799 1.71441 0.789463 0.00362074 0.0036964 0.00056917
197.38 1.62816 1.71457 0.789517 0.00428822 0.00412299 0.00134572
197.4 1.62837 1.71477 0.7896 0.00530882 0.00489464 0.00207062
197.42 1.62861 1.715 0.789698 0.00597847 0.00574682 0.00244819
197.44 1.62884 1.71525 0.789787 0.00581622 0.00627108 0.00223172
197.46 1.62904 1.71549 0.789846 0.00490814 0.00615497 0.0014735
197.48 1.62919 1.71571 0.789869 0.00382107 0.00541708 0.000559858
197.5 1.62932 1.71589 0.789868 0.00316223 0.00443123 -2.50242e-05
197.52 1.62945 1.71604 0.789868 0.00317007 0.00368459 5.21052e-06
197.54 1.62959 1.71617 0.789891 0.00362764 0.00347755 0.00058463
197.56 1.62976 1.71633 0.789945 0.00409986 0.00376938 0.00135166
197.58 1.62993 1.7165 0.79002 0.00428883 0.00427064 0.00188063
197.6 1.6301 1.71668 0.790099 0.00422019 0.00467844 0.00196001
197.62 1.63026 1.71688 0.790168 0.00413772 0.00484327 0.00171908
197.64 1.63043 1.71707 0.790227 0.00426932 0.00479611 0.00149096
197.66 1.63062 1.71725 0.790289 0.00464927 0.00463988 0.00153838
197.68 1.63082 1.71743 0.790363 0.00505783 0.00440471 0.00184423
197.7 1.63103 1.71759 0.790448 0.00514788 0.00405369 0.00212883
197.72 1.63121 1.71774 0.790531 0.00470926 0.00363179 0.00207435
197.74 1.63137 1.71787 0.790592 0.00387549 0.00334276 0.00154208
197.76 1.63149 1.71801 0.790617 0.00311727 0.00340686 0.000627291
197.78 1.63161 1.71816 0.790601 0.00296303 0.00381894 -0.00041445
197.8 1.63176 1.71833 0.79055 0.00360255 0.00429737 -0.00126748
197.82 1.63195 1.71851 0.790483 0.00470438 0.00447841 -0.00167291
197.84 1.63217 1.71868 0.790423 0.00563636 0.00418311 -0.00150951
197.86 1.63241 1.71882 0.790391 0.00591597 0.00357633 -0.000801001
197.88 1.63263 1.71895 0.790403 0.00552063 0.00308715 0.000293273
197.9 1.63282 1.71907 0.790462 0.00480171 0.00309391 0.00148508
197.92 1.63299 1.71921 0.790557 0.00414955 0.00363048 0.00238756
197.94 1.63314 1.71939 0.790662 0.00376394 0.00438844 0.00262511
197.96 1.63328 1.71959 0.790744 0.00364595 0.00497566 0.00203772
197.98 1.63343 1.7198 0.790778 0.00364903 0.00518702 0.000850248
198 1.63357 1.72 0.790764 0.00357705 0.00508607 -0.000360593
198.02 1.63371 1.7202 0.790725 0.00335826 0.00489332 -0.000951714
198.04 1.63383 1.72039 0.790702 0.00315119 0.00478833 -0.000599509
198.06 1.63396 1.72058 0.790721 0.00323161 0.00477865 0.00048297
198.08 1.63411 1.72077 0.790788 0.00369798 0.00474077 0.0016697
198.1 1.63428 1.72095 0.790879 0.00429835 0.00457112 0.00228268
198.12 1.63446 1.72112 0.790957 0.00459641 0.0042931 0.00195898
198.14 1.63464 1.72128 0.790991 0.00431702 0.00403534 0.000851494
198.16 1.63478 1.72144 0.790973 0.00357069 0.00391562 -0.000446374
198.18 1.63489 1.7216 0.790924 0.00278962 0.00393704 -0.00124638
198.2 1.63499 1.72176 0.790877 0.00241808 0.00400648 -0.0011642
198.22 1.63509 1.72192 0.790865 0.00261311 0.00406992 -0.000303115
198.24 1.63522 1.72209 0.790899 0.00317599 0.00418821 0.000845215
198.26 1.63537 1.72227 0.790966 0.00372818 0.00445929 0.00168869
198.28 1.63553 1.72246 0.791041 0.00397069 0.00490399 0.00186268
198.3 1.63568 1.72268 0.791097 0.00383806 0.00541872 0.0014032
198.32 1.63582 1.72291 0.791122 0.00348104 0.0057951 0.000631873
198.34 1.63595 1.72314 0.791118 0.00313443 0.00581543 -0.00010344
198.36 1.63606 1.72336 0.791095 0.00294813 0.00538768 -0.000570907
198.38 1.63618 1.72355 0.791069 0.00293311 0.00465023 -0.000649787
198.4 1.6363 1.7237 0.791057 0.00305965 0.00394811 -0.000314027
198.42 1.63644 1.72385 0.79107 0.00334904 0.0036519 0.000338716
198.44 1.63659 1.72401 0.791113 0.00381296 0.00394229 0.00108175
198.46 1.63676 1.7242 0.791179 0.00432726 0.00470753 0.00163827
198.48 1.63695 1.72442 0.791251 0.00464743 0.00560183 0.00180053
198.5 1.63713 1.72467 0.791312 0.0045708 0.00620789 0.00153607
198.52 1.6373 1.72492 0.791353 0.00408555 0.00623345 0.00101875
198.54 1.63743 1.72514 0.791375 0.00339867 0.00567306 0.000542421
198.56 1.63754 1.72534 0.79139 0.00283249 0.00484175 0.000365584
198.58 1.63765 1.72551 0.791413 0.00265329 0.00420986 0.000584951
198.6 1.63777 1.72567 0.791457 0.00292687 0.00410232 0.00109931
198.62 1.63791 1.72585 0.791525 0.00349748 0.00448559 0.00169013
198.64 1.63807 1.72605 0.791611 0.00410614 0.00502826 0.00216611
198.66 1.63825 1.72627 0.791709 0.00454199 0.005344 0.00244561
198.68 1.63844 1.72647 0.79181 0.00471709 0.00521359 0.00252839
198.7 1.63863 1.72666 0.791907 0.00464559 0.00469217 0.00243058
198.72 1.6388 1.72682 0.791995 0.00440453 0.00405006 0.00218003
198.74 1.63897 1.72697 0.792068 0.00411942 0.00358144 0.00184345
198.76 1.63913 1.7271 0.792129 0.00393314 0.00343385 0.00151732
198.78 1.63928 1.72725 0.79218 0.00393223 0.00356026 0.00127829
198.8 1.63945 1.7274 0.792225 0.00409531 0.00381647 0.00113237
198.82 1.63962 1.72756 0.792266 0.00432354 0.00408797 0.0010089
198.84 1.6398 1.72774 0.792297 0.00450344 0.00432819 0.000791864
198.86 1.63998 1.72792 0.792313 0.0045558 0.00453209 0.000386744
198.88 1.64016 1.7281 0.792306 0.0044631 0.00467489 -0.000174514
198.9 1.64033 1.72829 0.792278 0.00427363 0.00466292 -0.000703566
198.92 1.6405 1.72847 0.792239 0.00408366 0.00438133 -0.000978046
198.94 1.64066 1.72862 0.792203 0.00402109 0.00382181 -0.000881145
198.96 1.64082 1.72875 0.792186 0.00417601 0.003152 -0.000432736
198.98 1.641 1.72885 0.792196 0.00450882 0.00266174 0.000243225
199 1.6412 1.72896 0.792234 0.00481951 0.00261221 0.000947866
199.02 1.64139 1.72908 0.792292 0.0048607 0.00308485 0.00144505
199.04 1.64157 1.72924 0.792353 0.00455168 0.00392769 0.00152818
199.06 1.64174 1.72943 0.792397 0.00407285 0.00481052 0.00110886
199.08 1.64189 1.72964 0.792408 0.00372336 0.00536526 0.000268013
199.1 1.64203 1.72986 0.792377 0.00370197 0.00538087 -0.000771175
199.12 1.64219 1.73006 0.792309 0.00400149 0.00494726 -0.00169298
199.14 1.64237 1.73023 0.792224 0.00443829 0.00441481 -0.00213555
199.16 1.64256 1.7304 0.792151 0.00478841 0.00417164 -0.0018208
199.18 1.64276 1.73058 0.792121 0.00494285 0.00438662 -0.000756886
199.2 1.64296 1.73077 0.792147 0.0049553 0.00490731 0.000655654
199.22 1.64316 1.73099 0.792219 0.00495259 0.00541854 0.00179669
199.24 1.64336 1.73122 0.792307 0.00499289 0.00568636 0.00220038
199.26 1.64356 1.73144 0.79238 0.00499454 0.00567656 0.00183375
199.28 1.64375 1.73167 0.792423 0.00482481 0.00554873 0.00107496
199.3 1.64393 1.73189 0.792441 0.00447038 0.00555061 0.000438645
199.32 1.64409 1.73212 0.79245 0.0040744 0.00582504 0.00023409
199.34 1.64424 1.73237 0.792466 0.00382081 0.006277 0.000396936
199.36 1.6444 1.73264 0.79249 0.00380321 0.006632 0.000603367
199.38 1.64456 1.7329 0.792512 0.00399068 0.00663075 0.000554603
199.4 1.64473 1.73315 0.79252 0.00426323 0.00622359 0.000198528
199.42 1.64491 1.73337 0.79251 0.00448844 0.00560489 -0.000247304
199.44 1.64509 1.73358 0.792492 0.00457563 0.00507648 -0.000452984
199.46 1.64527 1.73377 0.792484 0.00450578 0.0048526 -0.000203413
199.48 1.64544 1.73397 0.792503 0.00431689 0.00495253 0.000478295
199.5 1.6456 1.73418 0.792559 0.00405754 0.00523454 0.00138419
199.52 1.64575 1.7344 0.792649 0.00377086 0.00550592 0.00225015
199.54 1.6459 1.73462 0.792762 0.00354316 0.00561698 0.00282763
199.56 1.64604 1.73485 0.792879 0.00352708 0.00552772 0.00292637
199.58 1.64619 1.73506 0.792979 0.00383866 0.00532071 0.0025085
199.6 1.64637 1.73526 0.793049 0.00439907 0.005095 0.00175958
199.62 1.64656 1.73546 0.79309 0.00491853 0.00485129 0.00101855
199.64 1.64677 1.73564 0.793114 0.00504875 0.00452287 0.000602077
199.66 1.64695 1.7358 0.79314 0.00461723 0.00409509 0.00063371
199.68 1.6471 1.73595 0.793178 0.00380787 0.00364037 0.000966336
199.7 1.64723 1.73608 0.793229 0.0031032 0.00328362 0.001272
199.72 1.64735 1.7362 0.79328 0.00296702 0.00316875 0.0012836
199.74 1.64749 1.73634 0.79332 0.00350334 0.00339431 0.000985063
199.76 1.64766 1.7365 0.793343 0.00433042 0.00391389 0.000577771
199.78 1.64785 1.73668 0.793355 0.00479529 0.00451816 0.000299407
199.8 1.64803 1.73688 0.793366 0.0044517 0.00495634 0.000278051
199.82 1.64817 1.73708 0.793386 0.0034456 0.00507106 0.000503991
199.84 1.64826 1.73727 0.79342 0.00240361 0.00484007 0.00084704
199.86 1.64834 1.73745 0.793464 0.00192666 0.00437469 0.00110851
199.88 1.64843 1.7376 0.793509 0.00219656 0.0038691 0.00111304
199.9 1.64855 1.73774 0.793541 0.0029704 0.00348763 0.000790933
199.92 1.6487 1.73787 0.793549 0.00379471 0.00332327 0.000201134
199.94 1.64887 1.73801 0.793529 0.00424637 0.00342794 -0.000480678
199.96 1.64903 1.73816 0.79349 0.00415162 0.00377527 -0.000977871
199.98 1.64918 1.73833 0.79345 0.00367117 0.0042181 -0.00102048
