0 0 0 0 0 0 0
0.02 0.00789844 0.00790461 0.00794178 0.197461 0.197615 0.198545
0.04 0.0275983 0.0276101 0.0280395 0.492496 0.492636 0.502444
0.06 0.0498659 0.0498531 0.0515758 0.556691 0.556077 0.588406
0.08 0.0660009 0.0659084 0.0700687 0.403374 0.401382 0.462323
0.1 0.0722274 0.071998 0.0793274 0.155663 0.15224 0.231469
0.12 0.0705136 0.0701131 0.0802927 -0.0428453 -0.0471217 0.0241327
0.14 0.0662645 0.0656915 0.077104 -0.106228 -0.11054 -0.0797178
0.16 0.0647349 0.0640101 0.0741501 -0.0382382 -0.0420359 -0.0738482
0.18 0.0683292 0.0674735 0.0739301 0.0898579 0.0865862 -0.0054991
0.2 0.0761501 0.075168 0.0766512 0.195522 0.192362 0.0680269
0.22 0.085537 0.0844139 0.0812037 0.234673 0.231148 0.113811
0.24 0.0941041 0.0928178 0.0863921 0.214177 0.210097 0.129712
0.26 0.100878 0.0994159 0.0915291 0.169359 0.164951 0.128423
0.28 0.106162 0.10453 0.0962979 0.132078 0.127844 0.119222
0.3 0.110679 0.108902 0.100391 0.112935 0.109315 0.102332
0.32 0.114853 0.112959 0.103424 0.104362 0.101419 0.075829
0.34 0.118665 0.116665 0.105196 0.095282 0.0926451 0.0443006
0.36 0.121968 0.119854 0.105969 0.0825702 0.0797169 0.0193125
0.38 0.124818 0.122571 0.106404 0.0712656 0.0679303 0.0108702
0.4 0.127487 0.125094 0.107119 0.0667233 0.0630912 0.0178862
0.42 0.130198 0.127668 0.108195 0.0677694 0.0643327 0.0268908
0.44 0.132882 0.130241 0.109041 0.0671018 0.064322 0.0211634
0.46 0.135194 0.132473 0.108774 0.0578129 0.0558138 -0.00668843
0.48 0.136786 0.134004 0.106828 0.0397972 0.0382734 -0.0486447
0.5 0.137609 0.134764 0.103384 0.0205769 0.0189864 -0.0861088
0.52 0.138011 0.135081 0.0993154 0.0100307 0.00794296 -0.101706
0.54 0.138539 0.135505 0.0957279 0.013219 0.010582 -0.0896894
0.56 0.139606 0.136457 0.0933904 0.0266539 0.0238218 -0.0584363
0.58 0.14123 0.137982 0.0924158 0.0406054 0.0381198 -0.0243641
0.6 0.14305 0.139733 0.0923268 0.0455156 0.0437653 -0.0022256
0.62 0.14456 0.141202 0.0923951 0.0377352 0.0367201 0.00170623
0.64 0.145394 0.142011 0.0920056 0.0208615 0.0202264 -0.00973555
0.66 0.145501 0.142089 0.0908598 0.00265923 0.00195756 -0.0286468
0.68 0.145117 0.141665 0.0889878 -0.00958467 -0.0106109 -0.0467999
0.7 0.144623 0.141118 0.086655 -0.0123624 -0.0136558 -0.0583196
0.72 0.144354 0.1408 0.0842474 -0.00671719 -0.00795909 -0.06019
0.74 0.144476 0.14089 0.0821674 0.00304045 0.00225265 -0.0519994
0.76 0.144936 0.141349 0.0807317 0.011518 0.0114733 -0.0358921
0.78 0.145511 0.141953 0.0800744 0.0143523 0.0151088 -0.0164341
0.8 0.145899 0.142397 0.080095 0.00971267 0.0110886 0.000515918
0.82 0.145856 0.14242 0.0805006 -0.00107769 0.000584971 0.0101395
0.84 0.145296 0.141925 0.0809439 -0.01401 -0.0123919 0.0110821
0.86 0.144335 0.14102 0.081194 -0.0240075 -0.0226231 0.0062529
0.88 0.143245 0.139975 0.0812417 -0.027249 -0.0261123 0.00119156
0.9 0.142319 0.139089 0.0812768 -0.0231453 -0.0221652 0.000878155
0.92 0.141729 0.138536 0.0815581 -0.0147565 -0.0138108 0.00703271
0.94 0.141443 0.138292 0.082264 -0.00715212 -0.00611291 0.0176477
0.96 0.141259 0.138159 0.0834175 -0.00459113 -0.00332037 0.0288371
0.98 0.140928 0.137893 0.0849149 -0.00829778 -0.00663387 0.0374351
1 0.140281 0.137336 0.0866139 -0.0161697 -0.0139374 0.0424763
1.02 0.139304 0.136475 0.0884073 -0.0244127 -0.0215161 0.0448347
1.04 0.138107 0.135416 0.0902391 -0.0299234 -0.0264791 0.0457941
1.06 0.136832 0.134285 0.092076 -0.0318745 -0.0282674 0.045922
1.08 0.135567 0.133148 0.0938768 -0.0316438 -0.0284289 0.0450213
1.1 0.134308 0.131984 0.0955917 -0.031459 -0.0291101 0.0428706
1.12 0.132992 0.130724 0.0971859 -0.0329096 -0.0315075 0.0398572
1.14 0.131541 0.129311 0.0986596 -0.0362789 -0.0353246 0.0368424
1.16 0.129907 0.127734 0.100035 -0.0408475 -0.0394021 0.0343785
1.18 0.128081 0.126022 0.101316 -0.045634 -0.0428009 0.0320405
1.2 0.126086 0.124208 0.10246 -0.0498763 -0.0453735 0.0286008
1.22 0.123965 0.122309 0.103381 -0.0530346 -0.0474692 0.0230067
1.24 0.121779 0.120339 0.103995 -0.0546438 -0.0492467 0.0153632
1.26 0.119604 0.118326 0.104279 -0.0543848 -0.0503214 0.00709152
1.28 0.117509 0.116324 0.104283 -0.0523665 -0.0500559 9.31122e-05
1.3 0.115537 0.114395 0.104103 -0.0493139 -0.0482153 -0.00449872
1.32 0.113682 0.11258 0.10382 -0.0463538 -0.0453697 -0.00706182
1.34 0.111907 0.110877 0.103454 -0.0443853 -0.0425966 -0.00914262
1.36 0.11017 0.109251 0.102964 -0.0434298 -0.040635 -0.0122693
1.38 0.10847 0.107684 0.10229 -0.0424854 -0.0391836 -0.0168446
1.4 0.106868 0.106204 0.101412 -0.040069 -0.037 -0.021944
1.42 0.105462 0.104893 0.100371 -0.0351378 -0.0327817 -0.0260382
1.44 0.10435 0.103846 0.0992504 -0.0278146 -0.026156 -0.0280052
1.46 0.103573 0.103124 0.0981417 -0.0194237 -0.0180627 -0.0277187
1.48 0.103102 0.102712 0.0971041 -0.0117682 -0.0103024 -0.0259392
1.5 0.102857 0.10253 0.0961556 -0.00611822 -0.00453419 -0.0237133
1.52 0.102754 0.102477 0.0952867 -0.00258964 -0.00133695 -0.0217218
1.54 0.102743 0.10248 0.0944867 -0.000258021 6.8478e-05 -0.0200001
1.56 0.10283 0.10253 0.093761 0.00215917 0.00126344 -0.018142
1.58 0.103051 0.102676 0.0931319 0.00553491 0.00364072 -0.0157292
1.6 0.103449 0.102981 0.0926262 0.00993639 0.00764328 -0.0126408
1.62 0.104039 0.103488 0.0922633 0.0147506 0.0126582 -0.00907431
1.64 0.104804 0.104189 0.0920487 0.0191379 0.0175216 -0.00536494
1.66 0.105704 0.105038 0.0919768 0.0224874 0.0212337 -0.00179662
1.68 0.10669 0.105975 0.0920356 0.0246508 0.0234269 0.00146937
1.7 0.107725 0.10695 0.0922103 0.0258848 0.0243778 0.00436821
1.72 0.10879 0.107938 0.0924864 0.0266185 0.0246906 0.0069018
1.74 0.109879 0.108936 0.0928515 0.0272404 0.0249517 0.00912841
1.76 0.110999 0.109959 0.0932971 0.028 0.0255688 0.0111388
1.78 0.112159 0.111028 0.0938177 0.0290003 0.0267411 0.0130164
1.8 0.113369 0.112166 0.0944098 0.0302383 0.0284343 0.0148023
1.82 0.114635 0.11338 0.0950685 0.0316627 0.0303683 0.0164685
1.84 0.115964 0.114665 0.0957847 0.0332037 0.0321176 0.0179028
1.86 0.117352 0.115999 0.0965423 0.0347244 0.0333391 0.0189423
1.88 0.118792 0.117357 0.0973212 0.0359907 0.0339596 0.0194707
1.9 0.120264 0.118724 0.0981016 0.0368008 0.0341803 0.0195101
1.92 0.121751 0.120098 0.0988701 0.0371639 0.0343408 0.0192142
1.94 0.123244 0.121488 0.0996216 0.0373279 0.0347534 0.0187865
1.96 0.124749 0.12291 0.100358 0.0376301 0.0355385 0.0184012
1.98 0.126279 0.12437 0.101083 0.0382604 0.0365231 0.0181423
2 0.127843 0.125863 0.101802 0.0390887 0.0373083 0.0179607
2.02 0.129431 0.127362 0.102509 0.0396922 0.0374819 0.0176904
2.04 0.131015 0.128835 0.103196 0.0395965 0.0368301 0.0171679
2.06 0.132557 0.130253 0.103851 0.0385737 0.0354383 0.0163724
2.08 0.134028 0.131597 0.104468 0.0367646 0.0336124 0.0154205
2.1 0.135409 0.132863 0.105045 0.0345329 0.0316544 0.0144252
2.12 0.136697 0.13405 0.105581 0.0321893 0.0296544 0.013407
2.14 0.13789 0.135149 0.106074 0.0298177 0.0274903 0.0123338
2.16 0.138982 0.13615 0.106522 0.0273076 0.0250275 0.011192
2.18 0.139963 0.137043 0.106922 0.0245248 0.0223031 0.0100044
2.2 0.140822 0.137823 0.107275 0.0214756 0.019509 0.00882508
2.22 0.141555 0.138495 0.107583 0.0183249 0.0168113 0.00769606
2.24 0.142166 0.139064 0.107845 0.0152659 0.0142092 0.00653696
2.26 0.14266 0.139526 0.108048 0.0123617 0.0115472 0.00509419
2.28 0.14304 0.139871 0.108172 0.00950324 0.00864272 0.00308323
2.3 0.143301 0.140089 0.108189 0.00652354 0.00545492 0.000426894
2.32 0.143436 0.140177 0.108084 0.0033597 0.00218887 -0.00263261
2.34 0.143441 0.140145 0.107858 0.000130639 -0.000791483 -0.00563913
2.36 0.143324 0.140017 0.107532 -0.00290887 -0.00321593 -0.00815092
2.38 0.143105 0.139813 0.107134 -0.00549625 -0.00509552 -0.00995669
2.4 0.142805 0.139546 0.106688 -0.00750141 -0.00667143 -0.0111523
2.42 0.142445 0.139218 0.106207 -0.00898382 -0.00820351 -0.0120162
2.44 0.142041 0.138827 0.105696 -0.0101115 -0.0097786 -0.0127813
2.46 0.141599 0.138377 0.105156 -0.0110311 -0.0112448 -0.0134824
2.48 0.141127 0.137884 0.104598 -0.0118027 -0.0123154 -0.0139632
2.5 0.14063 0.137373 0.104037 -0.0124338 -0.0127816 -0.0140251
2.52 0.140113 0.136866 0.103493 -0.0129367 -0.0126669 -0.0136071
2.54 0.139579 0.136378 0.10298 -0.0133349 -0.0122224 -0.012824
2.56 0.139034 0.135905 0.102507 -0.0136371 -0.0118025 -0.0118083
2.58 0.138481 0.135438 0.102086 -0.0138261 -0.0116863 -0.0105385
2.6 0.137925 0.134961 0.101731 -0.0138895 -0.0119325 -0.00886167
2.62 0.137371 0.134466 0.101464 -0.0138521 -0.0123642 -0.00667185
2.64 0.13682 0.133958 0.101302 -0.0137668 -0.0127027 -0.00405402
2.66 0.136273 0.133448 0.101252 -0.013676 -0.0127411 -0.00125837
2.68 0.13573 0.132951 0.10131 -0.0135883 -0.0124247 0.00145776
2.7 0.135191 0.132478 0.10147 -0.0134792 -0.01183 0.00398831
2.72 0.134659 0.132034 0.101727 -0.0132968 -0.0111145 0.006427
2.74 0.13414 0.131616 0.102086 -0.0129777 -0.0104474 0.00896978
2.76 0.13364 0.131218 0.102555 -0.0124821 -0.0099445 0.0117372
2.78 0.133167 0.130832 0.103141 -0.011824 -0.00965771 0.0146444
2.8 0.132724 0.130449 0.103837 -0.0110786 -0.00956093 0.0173957
2.82 0.13231 0.130069 0.104621 -0.0103458 -0.00949457 0.0196032
2.84 0.131923 0.129702 0.10546 -0.00967966 -0.00918475 0.0209713
2.86 0.131561 0.129365 0.106318 -0.009047 -0.00841441 0.0214469
2.88 0.131227 0.129077 0.107167 -0.00834933 -0.00721132 0.021239
2.9 0.130928 0.128843 0.107995 -0.00747841 -0.00584051 0.0207056
2.92 0.130673 0.128659 0.108802 -0.00637489 -0.00459964 0.020175
2.94 0.13047 0.128514 0.109594 -0.0050745 -0.00364393 0.0197812
2.96 0.130321 0.128395 0.11037 -0.0037228 -0.00296669 0.0194061
2.98 0.13022 0.128296 0.111121 -0.00253415 -0.00247138 0.0187696
3 0.130152 0.128214 0.111824 -0.00168762 -0.00204295 0.0175945
3.02 0.130104 0.128151 0.112454 -0.00121418 -0.00158051 0.0157453
3.04 0.130065 0.128111 0.112986 -0.00097283 -0.00101158 0.0132917
3.06 0.130035 0.128098 0.113406 -0.000742276 -0.000321544 0.0104941
3.08 0.130021 0.128115 0.113714 -0.000354085 0.000436888 0.00772006
3.1 0.13003 0.128163 0.113927 0.00023041 0.00118541 0.00531892
3.12 0.130067 0.128237 0.114067 0.000919421 0.00184999 0.00348888
3.14 0.130129 0.128331 0.114154 0.00155198 0.00234703 0.00218486
3.16 0.130208 0.128434 0.114199 0.00198362 0.00257691 0.00112582
3.18 0.130294 0.128533 0.114196 0.00213528 0.00247622 -7.39258e-05
3.2 0.130374 0.128617 0.114129 0.00199803 0.00209957 -0.00169105
3.22 0.13044 0.128682 0.11398 0.00164647 0.00163294 -0.00371401
3.24 0.13049 0.128735 0.113747 0.00126611 0.00131945 -0.00583159
3.26 0.130535 0.128788 0.113442 0.00111084 0.00133465 -0.00761803
3.28 0.13059 0.128855 0.113091 0.00137138 0.00168012 -0.00876824
3.3 0.130671 0.128942 0.112722 0.00203852 0.00216851 -0.00923571
3.32 0.130786 0.129043 0.112352 0.00287005 0.00251912 -0.00924132
3.34 0.130926 0.129144 0.111986 0.00350926 0.00251554 -0.00915644
3.36 0.131074 0.129229 0.111615 0.0036911 0.00214343 -0.00927643
3.38 0.131211 0.129295 0.111231 0.00341379 0.00164143 -0.00960601
3.4 0.13133 0.129351 0.110837 0.00298452 0.00140735 -0.00984211
3.42 0.131445 0.129422 0.110453 0.00288271 0.00176806 -0.0095886
3.44 0.131584 0.129532 0.110108 0.003479 0.00276264 -0.00862949
3.46 0.131776 0.129697 0.109826 0.00479589 0.00410313 -0.00706159
3.48 0.132036 0.129911 0.109617 0.0064997 0.00535077 -0.0052266
3.5 0.132361 0.130158 0.109477 0.00811852 0.0061883 -0.00348972
3.52 0.132733 0.130422 0.109397 0.00931453 0.00660414 -0.0020081
3.54 0.133135 0.130697 0.10937 0.0100348 0.00687419 -0.000675549
3.56 0.133554 0.130992 0.109399 0.0104775 0.00736684 0.000718779
3.58 0.133992 0.131325 0.109491 0.0109438 0.00832698 0.00230778
3.6 0.134458 0.131716 0.109655 0.0116672 0.00977265 0.00409568
3.62 0.134966 0.132176 0.109895 0.0126987 0.0114939 0.00600952
3.64 0.135522 0.132701 0.110213 0.0139008 0.0131443 0.00795209
3.66 0.136124 0.133278 0.110606 0.0150349 0.014407 0.00981552
3.68 0.13676 0.133884 0.111065 0.0159074 0.0151546 0.0114847
3.7 0.13742 0.134504 0.11158 0.0164885 0.0154975 0.0128592
3.72 0.138096 0.135132 0.112135 0.0169093 0.0157126 0.0138925
3.74 0.13879 0.135776 0.112721 0.0173398 0.0160893 0.0146352
3.76 0.139504 0.136446 0.11333 0.0178589 0.0167508 0.0152387
3.78 0.14024 0.137149 0.113965 0.0183951 0.0175714 0.0158705
3.8 0.140989 0.137879 0.114628 0.018726 0.0182542 0.0165792
3.82 0.141732 0.138619 0.115317 0.0185767 0.0185121 0.0172213
3.84 0.142445 0.139348 0.116018 0.0178227 0.0182123 0.0175237
3.86 0.14311 0.140044 0.116709 0.0166255 0.0173983 0.0172636
3.88 0.143723 0.140692 0.117366 0.0153292 0.0162099 0.0164256
3.9 0.144291 0.141283 0.117973 0.0142016 0.0147688 0.0151822
3.92 0.144821 0.141808 0.118522 0.0132423 0.0131323 0.0137384
3.94 0.145308 0.142262 0.11901 0.0121898 0.0113532 0.0121943
3.96 0.145738 0.142644 0.119431 0.0107301 0.00955094 0.0105169
3.98 0.146088 0.142959 0.119776 0.00876612 0.00787156 0.00862131
4 0.146349 0.143214 0.120035 0.00652233 0.00635848 0.00648906
4.02 0.146524 0.143409 0.120204 0.00437516 0.00488214 0.00422289
4.04 0.146626 0.143538 0.120284 0.00255493 0.00321755 0.0019879
4.06 0.146666 0.143586 0.12028 0.000992618 0.00119976 -0.000101836
4.08 0.146643 0.143539 0.120198 -0.000572469 -0.00117157 -0.00204765
4.1 0.146549 0.14339 0.120041 -0.0023556 -0.00371505 -0.00392581
4.12 0.146375 0.143145 0.11981 -0.00435381 -0.00612455 -0.00576467
4.14 0.146122 0.142821 0.119513 -0.00632499 -0.008092 -0.00743147
4.16 0.145805 0.142444 0.119166 -0.00791646 -0.00942717 -0.00866481
4.18 0.14545 0.14204 0.118795 -0.00888112 -0.0100992 -0.00927413
4.2 0.145081 0.141631 0.118422 -0.00922346 -0.0102287 -0.00932799
4.22 0.144714 0.141229 0.118057 -0.00917016 -0.0100501 -0.00913895
4.24 0.144354 0.140837 0.117695 -0.00900907 -0.0098104 -0.00903395
4.26 0.143997 0.140451 0.117331 -0.00892523 -0.00965466 -0.00910502
4.28 0.143639 0.140067 0.116965 -0.00893023 -0.00958197 -0.0091404
4.3 0.143284 0.139688 0.116614 -0.00889794 -0.00947548 -0.00878375
4.32 0.142937 0.139322 0.116303 -0.00866313 -0.00916365 -0.00778383
4.34 0.142613 0.138982 0.116057 -0.00808865 -0.0085029 -0.00613892
4.36 0.142331 0.138684 0.115896 -0.00706388 -0.00744233 -0.0040355
4.38 0.14211 0.138443 0.115829 -0.00552724 -0.00602398 -0.0016781
4.4 0.141968 0.13827 0.115861 -0.00354495 -0.0043311 0.000818943
4.42 0.141914 0.138172 0.115998 -0.00136036 -0.00244806 0.00340851
4.44 0.14194 0.138152 0.116238 0.000667712 -0.000487841 0.00600251
4.46 0.142029 0.138207 0.116573 0.00220967 0.00135737 0.0083722
4.48 0.142153 0.13832 0.11698 0.00310458 0.00284165 0.0101885
4.5 0.14229 0.138472 0.117429 0.00343228 0.00378512 0.0112296
4.52 0.142429 0.13864 0.117893 0.00348075 0.00420107 0.0115897
4.54 0.142574 0.138813 0.11836 0.00361874 0.00431799 0.0116852
4.56 0.14274 0.138992 0.118841 0.00413996 0.00447987 0.0120137
4.58 0.142944 0.139191 0.119354 0.00511836 0.00497442 0.0128358
4.6 0.143198 0.139425 0.119914 0.00633357 0.00584539 0.0139913
4.62 0.143492 0.139698 0.120513 0.00735278 0.00683355 0.0149676
4.64 0.143802 0.14 0.121121 0.00774688 0.00755272 0.0152042
4.66 0.144095 0.14031 0.121699 0.00732182 0.00774922 0.0144492
4.68 0.144344 0.140607 0.122215 0.00622674 0.00741629 0.0128917
4.7 0.144538 0.140876 0.122653 0.00486791 0.00672514 0.0109693
4.72 0.144686 0.141111 0.123016 0.00369559 0.00588895 0.00907673
4.74 0.144806 0.141314 0.123313 0.00298676 0.00506744 0.00742791
4.76 0.144915 0.141488 0.123557 0.00274125 0.00434346 0.00608288
4.78 0.145024 0.141637 0.123758 0.00272356 0.0037425 0.00503166
4.8 0.145128 0.141767 0.123928 0.00259681 0.00323841 0.00424099
4.82 0.145212 0.141877 0.124073 0.00208999 0.00275755 0.00363808
4.84 0.145257 0.141966 0.124197 0.00114101 0.00222119 0.00308253
4.86 0.145255 0.14203 0.124292 -5.29613e-05 0.00159642 0.00238683
4.88 0.145211 0.142067 0.124348 -0.00111837 0.000916933 0.00141056
4.9 0.145143 0.142079 0.124356 -0.00169983 0.000304276 0.00018178
4.92 0.145076 0.142077 0.124313 -0.00166044 -5.06223e-05 -0.00107096
4.94 0.14503 0.142076 0.124232 -0.00116104 -1.40428e-05 -0.00202701
4.96 0.145007 0.142089 0.124134 -0.000571932 0.000332535 -0.00243446
4.98 0.144996 0.142116 0.124045 -0.000264773 0.000653335 -0.00223416
5 0.14498 0.142136 0.123981 -0.000412297 0.000524241 -0.00159701
5.02 0.144943 0.142126 0.123947 -0.000916051 -0.000255507 -0.000856285
5.04 0.144884 0.142068 0.123932 -0.00146774 -0.00144988 -0.000370975
5.06 0.144816 0.141969 0.123918 -0.00170735 -0.00247798 -0.000355033
5.08 0.144759 0.141859 0.123887 -0.00144175 -0.00276232 -0.000765089
5.1 0.144728 0.141776 0.123834 -0.000766299 -0.00207415 -0.00132649
5.12 0.14473 0.141749 0.123767 4.41964e-05 -0.0006591 -0.00168006
5.14 0.14476 0.141786 0.123705 0.000764506 0.000922803 -0.00155599
5.16 0.144814 0.141872 0.123669 0.0013409 0.00213565 -0.000887035
5.18 0.144888 0.141981 0.123675 0.00184951 0.00274269 0.000151385
5.2 0.144983 0.142095 0.123723 0.00238885 0.00284728 0.00118874
5.22 0.145103 0.142205 0.123795 0.00299314 0.00274986 0.00180965
5.24 0.145247 0.142316 0.123867 0.00359696 0.00276017 0.0017839
5.26 0.145411 0.142438 0.123917 0.0041053 0.00306076 0.00126074
5.28 0.145593 0.142586 0.123947 0.00455501 0.00368898 0.00075229
5.3 0.145799 0.142769 0.123981 0.00514816 0.00458401 0.000845627
5.32 0.146041 0.142993 0.124054 0.00603605 0.00559833 0.00182177
5.34 0.146325 0.143253 0.124192 0.0071073 0.00648903 0.00345347
5.36 0.146647 0.143532 0.124397 0.00805465 0.00699536 0.00512052
5.38 0.146992 0.143814 0.124644 0.00862876 0.00703376 0.00618419
5.4 0.147344 0.144087 0.1249 0.00880041 0.0068248 0.00638353
5.42 0.147693 0.144357 0.125138 0.00872305 0.00676731 0.00596399
5.44 0.148037 0.144643 0.125357 0.00859666 0.00714302 0.00546146
5.46 0.148379 0.144959 0.125571 0.00855012 0.00790955 0.00535264
5.48 0.148723 0.145308 0.125804 0.00858599 0.00872214 0.00582762
5.5 0.149068 0.145675 0.126075 0.00862273 0.00915501 0.00678226
5.52 0.149412 0.146034 0.126393 0.0086052 0.00897575 0.00794046
5.54 0.149754 0.146364 0.126752 0.00855848 0.00826515 0.00897894
5.56 0.150094 0.146657 0.127136 0.00850343 0.00731106 0.00960942
5.58 0.150428 0.146913 0.127522 0.00835232 0.00640653 0.00964305
5.6 0.150746 0.147142 0.127884 0.00794085 0.0057153 0.00906384
5.62 0.151033 0.147352 0.128207 0.00717648 0.00525694 0.00805347
5.64 0.151279 0.147551 0.128483 0.00615623 0.0049716 0.0068994
5.66 0.151485 0.147743 0.128716 0.00515107 0.00479811 0.0058472
5.68 0.151663 0.14793 0.128917 0.00445213 0.00468516 0.00502091
5.7 0.15183 0.148112 0.129095 0.00416492 0.00455137 0.00443216
5.72 0.151994 0.148284 0.129256 0.0041094 0.00428819 0.00402397
5.74 0.152151 0.148436 0.129404 0.00392638 0.00381075 0.00371047
5.76 0.152286 0.148561 0.12954 0.00336017 0.00312063 0.00341221
5.78 0.152385 0.148654 0.129664 0.00248565 0.00233882 0.00309797
5.8 0.152452 0.148721 0.129776 0.00167528 0.00166427 0.00279286
5.82 0.152506 0.148771 0.129877 0.00133939 0.00125269 0.00251807
5.84 0.15257 0.148814 0.129965 0.00160762 0.0010829 0.00219923
5.86 0.152657 0.148852 0.130031 0.00217687 0.000942385 0.00166661
5.88 0.152756 0.148876 0.130063 0.00246649 0.000594405 0.000790319
5.9 0.152837 0.148876 0.130049 0.00202968 -6.59455e-06 -0.000361798
5.92 0.152874 0.148849 0.129989 0.000933029 -0.000659091 -0.00149628
5.94 0.152864 0.148807 0.129899 -0.00025032 -0.00106402 -0.00223644
5.96 0.15283 0.148765 0.129806 -0.000849092 -0.00103639 -0.00232214
5.98 0.152807 0.14874 0.129736 -0.000576012 -0.000620992 -0.00174812
6 0.152819 0.148738 0.129705 0.000285176 -7.07091e-05 -0.000786943
6.02 0.152864 0.148749 0.12971 0.00112797 0.0002882 0.000129085
6.04 0.152923 0.14876 0.129736 0.00148237 0.000265718 0.000657989
6.06 0.152975 0.148757 0.129767 0.00130122 -5.5035e-05 0.000759273
6.08 0.153011 0.148742 0.129795 0.000893975 -0.000384749 0.000696976
6.1 0.153036 0.148724 0.129827 0.000631401 -0.000455936 0.000818358
6.12 0.153063 0.148716 0.129879 0.000676472 -0.000203721 0.00127743
6.14 0.1531 0.148726 0.129956 0.000921612 0.000245459 0.00194135
6.16 0.153146 0.148754 0.130058 0.00114531 0.000711891 0.00254426
6.18 0.153196 0.148798 0.130175 0.00123962 0.00109317 0.00291891
6.2 0.153248 0.148854 0.130298 0.00130845 0.00141593 0.00308845
6.22 0.15331 0.148926 0.130426 0.00155669 0.00177982 0.00318201
6.24 0.153393 0.149015 0.130558 0.00208035 0.00223685 0.00330378
6.26 0.153504 0.149123 0.130697 0.00275905 0.00271088 0.00348059
6.28 0.153637 0.149246 0.130845 0.00333332 0.00305724 0.00369831
6.3 0.15378 0.149374 0.131003 0.00358378 0.00321749 0.00395332
6.32 0.15392 0.149506 0.131173 0.00347955 0.00328207 0.00426144
6.34 0.154047 0.149641 0.131359 0.00318169 0.00339031 0.00463441
6.36 0.154163 0.149785 0.131561 0.00289601 0.00359184 0.00504951
6.38 0.154271 0.149937 0.131778 0.00271843 0.00380669 0.00542602
6.4 0.154376 0.150093 0.132004 0.00261898 0.00388424 0.00565965
6.42 0.154478 0.150241 0.132233 0.00255261 0.00371228 0.00571511
6.44 0.15458 0.150375 0.132459 0.00253712 0.0033422 0.00566568
6.46 0.154685 0.150495 0.132684 0.0026194 0.00301039 0.00562426
6.48 0.154796 0.150614 0.13291 0.00277594 0.00295736 0.00565102
6.5 0.15491 0.150742 0.133139 0.00285274 0.00320445 0.00572341
6.52 0.155015 0.150883 0.133371 0.00264298 0.003533 0.00577877
6.54 0.155098 0.151029 0.133601 0.00205799 0.00365771 0.00576949
6.56 0.155147 0.151165 0.133829 0.00123093 0.00339699 0.00568414
6.58 0.155165 0.151275 0.13405 0.000457957 0.00275164 0.00553736
6.6 0.155166 0.151353 0.134265 2.08248e-05 0.00193322 0.00536162
6.62 0.155167 0.151405 0.134473 1.20335e-05 0.00130103 0.00520713
6.64 0.155179 0.151451 0.134678 0.000298652 0.00115701 0.00512277
6.66 0.155205 0.151512 0.134882 0.000659331 0.00153478 0.00511056
6.68 0.155244 0.151599 0.135086 0.000968186 0.00216223 0.00509815
6.7 0.155294 0.151703 0.135285 0.00124827 0.00261145 0.00497137
6.72 0.155355 0.151804 0.13547 0.00154287 0.00252921 0.00462866
6.74 0.155426 0.151878 0.135631 0.00175876 0.0018266 0.00402451
6.76 0.155493 0.151907 0.135759 0.00167906 0.000739247 0.00320777
6.78 0.155539 0.151896 0.135852 0.00115685 -0.000280207 0.00231146
6.8 0.155552 0.151864 0.135911 0.000310724 -0.000789913 0.00147583
6.82 0.155533 0.151841 0.135943 -0.000458994 -0.000581181 0.000797546
6.84 0.155507 0.15185 0.135956 -0.000659748 0.000225112 0.000335939
6.86 0.155507 0.1519 0.135961 1.70736e-05 0.0012563 0.000110689
6.88 0.155566 0.151984 0.135964 0.00145496 0.00209004 7.1308e-05
6.9 0.155688 0.152083 0.135967 0.0030673 0.00247006 9.21007e-05
6.92 0.155852 0.152178 0.135969 0.00409148 0.00238955 4.44262e-05
6.94 0.156015 0.152259 0.135965 0.00407626 0.00202844 -0.00010115
6.96 0.156143 0.152326 0.135955 0.00318789 0.00165617 -0.000244311
6.98 0.156227 0.152388 0.135946 0.00210106 0.0015485 -0.000231619
7 0.156289 0.152463 0.135946 0.00156124 0.00189347 6.1527e-06
7.02 0.156366 0.152571 0.135961 0.00192764 0.00268227 0.000375166
7.04 0.156486 0.152716 0.135988 0.00298728 0.00364549 0.000672891
7.06 0.156651 0.15289 0.136017 0.00414073 0.00435059 0.000728051
7.08 0.156845 0.153069 0.136038 0.00483681 0.00446652 0.000524452
7.1 0.157042 0.153229 0.136048 0.00492127 0.00399537 0.000241119
7.12 0.157228 0.153361 0.136055 0.00466055 0.00329118 0.000183398
7.14 0.157408 0.153475 0.136081 0.00449854 0.002864 0.000637742
7.16 0.157597 0.153599 0.136151 0.00473057 0.00309215 0.00174427
7.18 0.157809 0.153758 0.136287 0.00529383 0.00398901 0.0034201
7.2 0.158043 0.153965 0.136501 0.0058511 0.00516604 0.00534644
7.22 0.158287 0.154207 0.136784 0.00610603 0.00605586 0.0070749
7.24 0.158529 0.154457 0.137114 0.00603535 0.00625261 0.00823541
7.26 0.158763 0.154686 0.137461 0.00585198 0.00572759 0.0086778
7.28 0.158995 0.154879 0.1378 0.00579564 0.00480868 0.00848068
7.3 0.159233 0.155038 0.138115 0.00595353 0.00398521 0.00788607
7.32 0.159482 0.155185 0.138403 0.00622437 0.00365735 0.0071895
7.34 0.159738 0.155342 0.138668 0.00641478 0.00392879 0.00661403
7.36 0.159994 0.155525 0.138918 0.00639113 0.00457685 0.00625352
7.38 0.16024 0.155734 0.139162 0.00615727 0.00523441 0.00611168
7.4 0.160472 0.155959 0.139409 0.0057924 0.00562997 0.00616676
7.42 0.160686 0.156187 0.139664 0.00534322 0.00568335 0.00636947
7.44 0.160878 0.156404 0.139926 0.004808 0.0054213 0.00657204
7.46 0.161046 0.156599 0.140187 0.00419581 0.00487784 0.00651782
7.48 0.161188 0.156763 0.140426 0.0035583 0.00410742 0.00597735
7.5 0.161307 0.156893 0.140624 0.00298185 0.00324669 0.00493305
7.52 0.16141 0.156993 0.140769 0.00256345 0.00250419 0.00363942
7.54 0.161505 0.157075 0.140869 0.00236646 0.00204828 0.00248507
7.56 0.1616 0.15715 0.14094 0.00238699 0.00188381 0.00177653
7.58 0.161702 0.157224 0.141003 0.00255112 0.00184192 0.00159648
7.6 0.161811 0.157292 0.141074 0.00272049 0.00169981 0.00176313
7.62 0.161918 0.157345 0.14115 0.00268606 0.00132102 0.0019046
7.64 0.162007 0.157374 0.141217 0.00221373 0.000735917 0.00166109
7.66 0.162055 0.15738 0.141254 0.00120476 0.000137115 0.00092625
7.68 0.162049 0.15737 0.141252 -0.000148187 -0.000237016 -5.23281e-05
7.7 0.161994 0.157359 0.141219 -0.00137384 -0.000268251 -0.000802161
7.72 0.161917 0.157358 0.141183 -0.00193644 -4.47753e-05 -0.000911444
7.74 0.161855 0.157366 0.141171 -0.00155331 0.000211284 -0.000290025
7.76 0.161838 0.157379 0.141202 -0.000413852 0.000311715 0.000767763
7.78 0.161874 0.157388 0.141273 0.000893692 0.000222827 0.0017717
7.8 0.161943 0.157389 0.141366 0.00172692 3.7297e-05 0.0023334
7.82 0.162014 0.157383 0.141461 0.00177915 -0.000151035 0.00235701
7.84 0.162063 0.15737 0.141542 0.00122764 -0.000320301 0.0020268
7.86 0.162084 0.157351 0.141607 0.000530452 -0.000478742 0.00163978
7.88 0.162087 0.157328 0.141664 7.25241e-05 -0.000562991 0.00140991
7.9 0.162086 0.157312 0.141719 -4.56032e-05 -0.000421836 0.00139367
7.92 0.162088 0.157314 0.141782 6.10395e-05 7.10203e-05 0.00156783
7.94 0.162099 0.15735 0.141859 0.000286357 0.000881943 0.00192775
7.96 0.162127 0.157421 0.141959 0.00067961 0.00178829 0.00248341
7.98 0.162181 0.15752 0.142086 0.00137152 0.00247393 0.00318334
8 0.162276 0.157628 0.142241 0.00236357 0.00269563 0.00387945
8.02 0.162413 0.157725 0.142416 0.00341987 0.00243603 0.00437938
8.04 0.16258 0.157804 0.142599 0.00418026 0.00195146 0.00455758
8.06 0.162756 0.15787 0.142776 0.00438992 0.00165799 0.00444255
8.08 0.162918 0.157946 0.142944 0.0040683 0.00189417 0.00418328
8.1 0.163059 0.158054 0.143101 0.00350734 0.00272043 0.00394149
8.12 0.163182 0.158209 0.143254 0.0030873 0.00387146 0.00381507
8.14 0.163304 0.158405 0.143407 0.00303949 0.00488466 0.00382659
8.16 0.163436 0.158618 0.143565 0.0033155 0.00534485 0.00395955
8.18 0.163582 0.158823 0.143733 0.00365223 0.00510883 0.0041932
8.2 0.163734 0.158998 0.143913 0.00378277 0.00438555 0.00450961
8.22 0.16388 0.159143 0.144108 0.00366204 0.00362956 0.00487252
8.24 0.164021 0.159275 0.144317 0.00353013 0.00329691 0.00522539
8.26 0.16417 0.159419 0.144538 0.00372193 0.0035881 0.0055215
8.28 0.164344 0.159593 0.144768 0.00435039 0.00434878 0.00573824
8.3 0.16455 0.1598 0.145002 0.00514083 0.00518686 0.00586215
8.32 0.164773 0.160028 0.145237 0.0055832 0.00570033 0.00587705
8.34 0.164984 0.160255 0.145468 0.00527765 0.00567745 0.00577481
8.36 0.165153 0.160463 0.145691 0.0042184 0.00518571 0.00556608
8.38 0.165266 0.160643 0.145902 0.00283081 0.00451529 0.00526511
8.4 0.165335 0.160803 0.146096 0.00172717 0.00399379 0.0048606
8.42 0.165389 0.160955 0.146269 0.00132997 0.00379974 0.00432576
8.44 0.165454 0.161111 0.146416 0.0016379 0.00389026 0.00368058
8.46 0.165546 0.161273 0.146538 0.00228906 0.00404346 0.00303866
8.48 0.165659 0.161431 0.146641 0.00282656 0.00397425 0.00257754
8.5 0.165778 0.161572 0.146738 0.00297625 0.00350494 0.00241747
8.52 0.165889 0.16168 0.146838 0.00277353 0.00270423 0.00251018
8.54 0.165987 0.161754 0.146944 0.00246872 0.00185451 0.00264427
8.56 0.166079 0.161804 0.147047 0.00228678 0.00125387 0.00257507
8.58 0.166168 0.161845 0.147134 0.00223283 0.00102451 0.00218126
8.6 0.166253 0.161888 0.147196 0.00213 0.00106973 0.00154119
8.62 0.166327 0.161934 0.147231 0.00184581 0.00116125 0.000876913
8.64 0.166386 0.161978 0.147247 0.00146245 0.00110044 0.000413534
8.66 0.166436 0.162013 0.147257 0.00124813 0.000875734 0.000236169
8.68 0.166494 0.16204 0.147267 0.00146134 0.000669203 0.000247228
8.7 0.166579 0.162068 0.147278 0.00212921 0.000692055 0.000275818
8.72 0.166699 0.162108 0.147287 0.00299914 0.00099528 0.000242779
8.74 0.166848 0.162164 0.147297 0.0037242 0.00141858 0.000239151
8.76 0.167012 0.162233 0.147315 0.00410407 0.00171481 0.000452537
8.78 0.167179 0.162303 0.147356 0.00416278 0.00174102 0.0010177
8.8 0.167341 0.162365 0.147432 0.00403942 0.00155488 0.00191589
8.82 0.167494 0.162419 0.147551 0.00384223 0.00135964 0.0029678
8.84 0.167639 0.162474 0.147708 0.00360891 0.00137279 0.00391795
8.86 0.167773 0.162543 0.147891 0.00337042 0.00171607 0.00457164
8.88 0.167901 0.162637 0.148085 0.00318482 0.00234423 0.00486408
8.9 0.168024 0.162758 0.148278 0.00308941 0.00302723 0.00481282
8.92 0.168147 0.162896 0.148457 0.00305854 0.00344863 0.0044738
8.94 0.168268 0.163032 0.148616 0.00302935 0.00341287 0.00397539
8.96 0.168386 0.163152 0.148757 0.00295891 0.00300502 0.003542
8.98 0.168501 0.163254 0.148895 0.00286488 0.00253556 0.00343112
9 0.168614 0.163347 0.149047 0.00282329 0.00233348 0.00382142
9.02 0.16873 0.16345 0.149235 0.00291314 0.00256692 0.0046925
9.04 0.168855 0.163576 0.149465 0.00312148 0.00315734 0.00574452
9.06 0.168987 0.163728 0.149724 0.00330712 0.00380486 0.00647604
9.08 0.16912 0.163894 0.149983 0.00330176 0.00414173 0.0064662
9.1 0.169242 0.164052 0.150209 0.00306324 0.00394562 0.00564699
9.12 0.169351 0.164183 0.150382 0.00271854 0.00328458 0.00432721
9.14 0.169449 0.164283 0.150502 0.00246497 0.0024968 0.00300896
9.16 0.169547 0.164363 0.150588 0.00244242 0.00199352 0.00216178
9.18 0.169654 0.164443 0.150669 0.00266125 0.00201046 0.00202083
9.2 0.169773 0.164542 0.150768 0.00298806 0.00247794 0.0024711
9.22 0.169902 0.164665 0.150893 0.00321722 0.00307024 0.00312346
9.24 0.17003 0.164801 0.151036 0.00320555 0.0034076 0.00356847
9.26 0.170148 0.164933 0.151181 0.00296099 0.00328853 0.00362259
9.28 0.170253 0.165044 0.151317 0.00261508 0.00278421 0.0033958
9.3 0.170347 0.165131 0.151443 0.00235173 0.00216219 0.00315948
9.32 0.170441 0.1652 0.151568 0.00233827 0.00172252 0.0031303
9.34 0.170545 0.165265 0.151701 0.0026226 0.0016422 0.00331941
9.36 0.170668 0.165341 0.151843 0.00307439 0.00189804 0.00354509
9.38 0.170807 0.165433 0.151987 0.00346141 0.00230204 0.00359862
9.4 0.17095 0.165539 0.152123 0.00357144 0.00262964 0.00340546
9.42 0.171081 0.165648 0.152244 0.00329166 0.00272597 0.00303677
9.44 0.171188 0.165748 0.152349 0.00267242 0.00250905 0.00260908
9.46 0.171267 0.165827 0.152437 0.00197544 0.00196675 0.0022145
9.48 0.171331 0.165875 0.152514 0.00158587 0.0011994 0.00192756
9.5 0.171402 0.165893 0.152588 0.00177673 0.00045132 0.00183574
9.52 0.171502 0.165894 0.152669 0.00249679 3.70189e-05 0.00202613
9.54 0.171636 0.165901 0.152769 0.00334856 0.000161677 0.00251171
9.56 0.171788 0.165932 0.152896 0.00380484 0.000781412 0.00315752
9.58 0.17193 0.165997 0.153043 0.00354415 0.00162296 0.00368128
9.6 0.172038 0.16609 0.153195 0.00269996 0.00233008 0.00379464
9.62 0.172111 0.166195 0.153331 0.00183631 0.0026197 0.00339591
9.64 0.172174 0.166291 0.153436 0.00158439 0.0024061 0.00263765
9.66 0.172261 0.166365 0.153509 0.00216153 0.00184525 0.00183498
9.68 0.172388 0.166415 0.153562 0.00318549 0.00124567 0.00130561
9.7 0.172547 0.166451 0.153611 0.00396527 0.000903065 0.00122237
9.72 0.172707 0.16649 0.153673 0.00400145 0.000981205 0.00155031
9.74 0.172839 0.166549 0.153756 0.00330174 0.00147946 0.00208168
9.76 0.172932 0.166639 0.153857 0.00233125 0.00225358 0.00253452
9.78 0.172999 0.166763 0.153964 0.00167652 0.00308085 0.00268022
9.8 0.173066 0.166913 0.154063 0.00165742 0.00376323 0.00245499
9.82 0.173152 0.167081 0.154143 0.00216143 0.00420005 0.00202204
9.84 0.173264 0.167256 0.154213 0.00280268 0.00437922 0.00172957
9.86 0.173394 0.16743 0.154289 0.00325053 0.004334 0.00191364
9.88 0.173532 0.167595 0.154396 0.00344219 0.00412152 0.00267068
9.9 0.173673 0.167748 0.154548 0.00352325 0.00383445 0.00378775
9.92 0.173818 0.167892 0.154742 0.00362794 0.00360823 0.00486136
9.94 0.173968 0.168035 0.154962 0.00373919 0.00357267 0.00550565
9.96 0.174117 0.168186 0.155183 0.00373524 0.00377202 0.00552392
9.98 0.174258 0.168351 0.155383 0.00351576 0.0041143 0.00499169
10 0.174381 0.168526 0.155552 0.00308178 0.00438752 0.00423004
10.02 0.174483 0.168701 0.155698 0.00255696 0.00436905 0.00364955
10.04 0.174569 0.16886 0.155839 0.00215058 0.00398665 0.00352706
10.06 0.174651 0.168996 0.155993 0.00204731 0.00340363 0.00385177
10.08 0.174743 0.169114 0.156167 0.00229302 0.00294013 0.0043518
10.1 0.174853 0.169229 0.156355 0.00275974 0.00286177 0.00469464
10.12 0.174981 0.169356 0.156543 0.00320331 0.00319204 0.00470663
10.14 0.175116 0.169504 0.156721 0.0033729 0.0036917 0.00444573
10.16 0.175242 0.169664 0.156885 0.0031391 0.00399693 0.00409638
10.18 0.175345 0.169816 0.157037 0.00258697 0.00381078 0.00380016
10.2 0.175425 0.169939 0.157179 0.00198477 0.00307516 0.00355525
10.22 0.17549 0.170021 0.157309 0.00162429 0.0020455 0.00324617
10.24 0.175556 0.170068 0.15742 0.00164931 0.00117668 0.00278276
10.26 0.175635 0.170102 0.157509 0.00197609 0.000858045 0.00222195
10.28 0.175729 0.17015 0.15758 0.00234828 0.00119199 0.00176095
10.3 0.175829 0.170228 0.157644 0.00251565 0.00195742 0.00160848
10.32 0.175926 0.170339 0.157717 0.00242999 0.00276175 0.00183558
10.34 0.176018 0.170469 0.15781 0.00228016 0.00325877 0.00231378
10.36 0.17611 0.170601 0.157922 0.00230375 0.00329623 0.0028027
10.38 0.176212 0.170719 0.158046 0.00256327 0.00293757 0.00310543
10.4 0.176328 0.170814 0.158173 0.00289245 0.00238336 0.00315908
10.42 0.176449 0.170889 0.158293 0.00301929 0.00186593 0.00300172
10.44 0.176559 0.17095 0.1584 0.00275676 0.0015436 0.00268586
10.46 0.176645 0.171008 0.158491 0.00215574 0.00143777 0.00226457
10.48 0.176706 0.171067 0.158564 0.00152193 0.00147297 0.00183968
10.5 0.176756 0.17113 0.158627 0.0012531 0.00159002 0.001565
10.52 0.17682 0.171203 0.15869 0.00158063 0.00181228 0.00157201
10.54 0.176916 0.17129 0.158765 0.00240541 0.00219124 0.00187065
10.56 0.17705 0.171398 0.158858 0.00335234 0.00268788 0.00232427
10.58 0.17721 0.171523 0.158967 0.00399466 0.00312682 0.00273932
10.6 0.177373 0.171655 0.159087 0.00409572 0.0032896 0.0030012
10.62 0.177522 0.171777 0.159213 0.00372542 0.0030615 0.00315325
10.64 0.177649 0.171878 0.159347 0.00316924 0.00252708 0.00334405
10.66 0.177757 0.171956 0.159494 0.0027047 0.00194595 0.00367157
10.68 0.177856 0.17202 0.159656 0.00245318 0.00159137 0.00404697
10.7 0.177951 0.172082 0.159824 0.00239475 0.00156705 0.00420929
10.72 0.17805 0.172153 0.159981 0.00245567 0.00177022 0.00391803
10.74 0.178152 0.172233 0.160108 0.00257277 0.00200593 0.00318423
10.76 0.178261 0.172319 0.160202 0.00272295 0.00213946 0.00233192
10.78 0.178378 0.172406 0.160274 0.00292445 0.00217466 0.00180884
10.8 0.178506 0.172494 0.160349 0.00318848 0.00219116 0.00187271
10.82 0.178645 0.172583 0.160445 0.00347677 0.00222579 0.0024093
10.84 0.178794 0.172673 0.160566 0.00371602 0.00225464 0.00302788
10.86 0.178947 0.172763 0.1607 0.00382302 0.00226484 0.00334096
10.88 0.179095 0.172855 0.160828 0.00371153 0.00228133 0.00320723
10.9 0.179228 0.172948 0.160939 0.00331708 0.00233172 0.00277921
10.92 0.179334 0.173044 0.161034 0.00266537 0.00241085 0.00235373
10.94 0.179411 0.173143 0.161121 0.00192445 0.00245638 0.00217891
10.96 0.179466 0.173237 0.161215 0.00136977 0.00236079 0.00235732
10.98 0.179517 0.17332 0.161329 0.00126505 0.0020667 0.00284358
11 0.179586 0.173386 0.161468 0.00172932 0.00166223 0.00347937
11.02 0.179692 0.17344 0.16163 0.00264719 0.00134653 0.00405833
11.04 0.179839 0.173493 0.161807 0.00368279 0.00131683 0.00442043
11.06 0.180016 0.173559 0.161988 0.00442536 0.00165583 0.00451705
11.08 0.1802 0.173649 0.162164 0.00460126 0.00224754 0.00440332
11.1 0.180368 0.173761 0.162332 0.00419773 0.00279419 0.00419142
11.12 0.180505 0.17388 0.162492 0.00343348 0.00298364 0.00400586
11.14 0.180611 0.173989 0.162649 0.00263978 0.0027153 0.00391716
11.16 0.180696 0.174076 0.162803 0.0021144 0.00218124 0.00386922
11.18 0.180776 0.174144 0.162952 0.00201239 0.00171214 0.00370517
11.2 0.180869 0.174205 0.163085 0.00231816 0.00152736 0.00332834
11.22 0.180984 0.17427 0.163199 0.00288238 0.00162334 0.0028514
11.24 0.181123 0.174345 0.163301 0.0034858 0.00186613 0.0025491
11.26 0.181279 0.17443 0.163406 0.00389518 0.00212093 0.00263959
11.28 0.181436 0.174522 0.16353 0.0039133 0.00229433 0.00309874
11.3 0.181574 0.174616 0.163677 0.00345781 0.00235205 0.00366043
11.32 0.18168 0.174709 0.163836 0.00265437 0.00233241 0.00398379
11.34 0.181754 0.174801 0.16399 0.00183699 0.0022932 0.00384469
11.36 0.181809 0.17489 0.164119 0.0013691 0.00223966 0.00323997
11.38 0.181864 0.174975 0.164214 0.00139809 0.00212891 0.00236829
11.4 0.181935 0.175053 0.164275 0.00176979 0.00194553 0.00151731
11.42 0.182021 0.175123 0.164312 0.00215444 0.00175446 0.000924199
11.44 0.182112 0.175191 0.164339 0.00225214 0.00168338 0.000676939
11.46 0.18219 0.175265 0.164367 0.00197226 0.00186719 0.000707086
11.48 0.18225 0.17536 0.164402 0.00148867 0.00235255 0.00087902
11.5 0.182294 0.17548 0.164446 0.00109889 0.00300393 0.00109149
11.52 0.182333 0.175621 0.164498 0.000989005 0.00352355 0.00130623
11.54 0.182378 0.175765 0.164559 0.00112148 0.00361559 0.00152029
11.56 0.182431 0.175893 0.164629 0.00132533 0.00318602 0.00175197
11.58 0.18249 0.17599 0.164711 0.00146063 0.00243544 0.00205782
11.6 0.182551 0.176062 0.164812 0.0015224 0.00179382 0.0025236
11.62 0.182615 0.17613 0.164939 0.00161284 0.00169082 0.00316867
11.64 0.182688 0.17622 0.165093 0.00182595 0.00226551 0.00385452
11.66 0.182774 0.17635 0.165266 0.00214758 0.00324692 0.00432503
11.68 0.182872 0.176515 0.165441 0.00244378 0.00412652 0.00435893
11.7 0.182974 0.176695 0.165598 0.00255572 0.00449447 0.00392502
11.72 0.183072 0.176867 0.165727 0.00243703 0.00430616 0.00324566
11.74 0.18316 0.177023 0.165835 0.00220343 0.00388662 0.00269946
11.76 0.183242 0.177168 0.165939 0.00205827 0.00363093 0.00259694
11.78 0.183328 0.177314 0.166059 0.00214588 0.00365567 0.00298364
11.8 0.183425 0.177464 0.166203 0.0024386 0.00374277 0.00361921
11.82 0.183536 0.177608 0.16637 0.00276415 0.0036043 0.00415847
11.84 0.183654 0.177735 0.166546 0.00294156 0.00318452 0.00440222
11.86 0.18377 0.177844 0.166723 0.0029149 0.00272505 0.00441685
11.88 0.183882 0.177946 0.1669 0.00278687 0.00255183 0.00443168
11.9 0.183991 0.178057 0.167084 0.00273633 0.00277032 0.0046043
11.92 0.184106 0.178183 0.167277 0.00287721 0.00313714 0.00483644
11.94 0.184233 0.178313 0.16747 0.00315639 0.00324626 0.00482317
11.96 0.184367 0.178427 0.167643 0.00337353 0.0028643 0.00431453
11.98 0.184501 0.178512 0.167777 0.00332875 0.00213284 0.00334927
12 0.18462 0.178572 0.167868 0.00299597 0.00149214 0.00227218
12.02 0.184723 0.178626 0.167929 0.00256434 0.001359 0.0015405
12.04 0.184815 0.178698 0.167988 0.00229926 0.00178643 0.00146056
12.06 0.184908 0.178794 0.168068 0.0023333 0.00241021 0.00200573
12.08 0.185011 0.178904 0.168181 0.00256629 0.00273345 0.00282374
12.1 0.185121 0.179004 0.168319 0.00275309 0.00250428 0.00344424
12.12 0.185229 0.179079 0.168461 0.00269569 0.00188695 0.00355564
12.14 0.185325 0.179132 0.168587 0.0023981 0.00130598 0.00316079
12.16 0.185408 0.179177 0.168689 0.00208187 0.00112437 0.00253299
12.18 0.185489 0.179232 0.16877 0.00203061 0.00139706 0.00203274
12.2 0.185584 0.179307 0.168846 0.00237034 0.00186474 0.00190604
12.22 0.185703 0.179394 0.168933 0.00296897 0.00216786 0.00216768
12.24 0.185844 0.179478 0.169038 0.00353413 0.00211746 0.00261342
12.26 0.185997 0.179552 0.169155 0.00381245 0.00184927 0.00294533
12.28 0.186145 0.179622 0.169273 0.00371197 0.00172916 0.00294469
12.3 0.186277 0.179704 0.169376 0.00329683 0.00204903 0.00257916
12.32 0.186386 0.179814 0.169456 0.00272222 0.00276025 0.00198315
12.34 0.186473 0.179954 0.16951 0.00216693 0.00349034 0.00135999
12.36 0.186544 0.180107 0.169546 0.00179135 0.003833 0.000907258
12.38 0.186613 0.180252 0.169578 0.00171654 0.00363968 0.000792046
12.4 0.186693 0.180377 0.169623 0.00199165 0.00310264 0.00112571
12.42 0.186795 0.180481 0.169699 0.00254919 0.00260171 0.00190942
12.44 0.186923 0.180578 0.169819 0.00319752 0.00243078 0.00298615
12.46 0.18707 0.180682 0.169981 0.00369486 0.00261505 0.00404602
12.48 0.187225 0.1808 0.17017 0.0038686 0.00294658 0.0047255
12.5 0.187373 0.180927 0.170361 0.00369025 0.00316369 0.00478858
12.52 0.187504 0.181052 0.170531 0.00328672 0.00311568 0.00424797
12.54 0.18762 0.181164 0.170665 0.00290222 0.00281638 0.00334257
12.56 0.187732 0.18126 0.170762 0.00278418 0.00239399 0.00242797
12.58 0.187852 0.181341 0.170835 0.00300953 0.00201663 0.00183694
12.6 0.187988 0.181414 0.170905 0.0033968 0.00184157 0.00174972
12.62 0.188133 0.181493 0.17099 0.00363298 0.00196196 0.00212511
12.64 0.188275 0.181587 0.1711 0.00353413 0.00235196 0.00273768
12.66 0.188403 0.181701 0.171233 0.00320179 0.00285849 0.003318
12.68 0.188521 0.181831 0.171381 0.00294799 0.00325117 0.0037118
12.7 0.188643 0.181964 0.171539 0.00306461 0.00330846 0.00393593
12.72 0.188787 0.182081 0.171703 0.00359377 0.00293287 0.00410073
12.74 0.188957 0.182171 0.171874 0.00425005 0.00224953 0.00429095
12.76 0.18914 0.182234 0.172054 0.00458334 0.0015702 0.00450452
12.78 0.189312 0.182282 0.172241 0.0042994 0.00120545 0.00467536
12.8 0.189452 0.182333 0.172431 0.00349024 0.00127194 0.00473194
12.82 0.189555 0.182399 0.172616 0.00258546 0.00164514 0.00462351
12.84 0.189638 0.182481 0.172788 0.00207152 0.0020628 0.00430603
12.86 0.189725 0.182572 0.172938 0.00218355 0.00226921 0.00374522
12.88 0.189836 0.182658 0.173057 0.00276264 0.0021423 0.00296913
12.9 0.189971 0.182729 0.173142 0.00338065 0.00178089 0.00213422
12.92 0.190117 0.182787 0.173203 0.00365055 0.00145942 0.00153443
12.94 0.190255 0.182844 0.173262 0.00345133 0.00142628 0.00147136
12.96 0.190372 0.182913 0.173344 0.00291219 0.00170977 0.00203675
12.98 0.190463 0.182998 0.173463 0.00227821 0.00212344 0.00299219
13 0.190535 0.183094 0.173618 0.00180424 0.00240663 0.00386038
13.02 0.190602 0.183188 0.173785 0.00167878 0.00235226 0.00418918
13.04 0.19068 0.183264 0.173938 0.00194294 0.00190877 0.00381433
13.06 0.190779 0.183313 0.174055 0.00247348 0.00122855 0.00294021
13.08 0.190901 0.183338 0.174136 0.00304667 0.000607488 0.00200574
13.1 0.191037 0.183352 0.174193 0.00340991 0.000346486 0.00143773
13.12 0.191172 0.183376 0.17425 0.00337498 0.000617945 0.00141947
13.14 0.19129 0.183431 0.174322 0.00293651 0.00137784 0.00181282
13.16 0.191382 0.183525 0.174413 0.00230808 0.00235299 0.00227345
13.18 0.191454 0.183651 0.174512 0.001807 0.00314973 0.002477
13.2 0.19152 0.18379 0.174605 0.00165022 0.00345286 0.00231818
13.22 0.191592 0.183917 0.174683 0.00180568 0.0031812 0.00195284
13.24 0.191674 0.184017 0.17475 0.00203285 0.00250834 0.00166379
13.26 0.191757 0.184087 0.174816 0.00209134 0.00175132 0.00165876
13.28 0.191835 0.184136 0.174894 0.00194476 0.00122472 0.00194903
13.3 0.191906 0.184182 0.174989 0.00178192 0.00113587 0.00237089
13.32 0.19198 0.184243 0.175097 0.001851 0.00153152 0.00269495
13.34 0.192071 0.184335 0.175207 0.00226383 0.00229432 0.00275366
13.36 0.192187 0.184462 0.175308 0.00289498 0.00317216 0.00253754
13.38 0.192324 0.184616 0.175398 0.00343916 0.003851 0.0022331
13.4 0.192469 0.184779 0.175484 0.00360286 0.00409349 0.00214423
13.42 0.1926 0.184934 0.175583 0.00329692 0.00387428 0.00249341
13.44 0.192708 0.18507 0.175713 0.00268607 0.00338992 0.00324521
13.46 0.19279 0.185187 0.175877 0.00205804 0.00292772 0.00409351
13.48 0.192855 0.185296 0.176062 0.00162378 0.00271225 0.00463357
13.5 0.192912 0.185408 0.176246 0.00141626 0.00282405 0.00460581
13.52 0.192966 0.185536 0.176408 0.00136114 0.00319963 0.00404433
13.54 0.193022 0.185684 0.176537 0.00140731 0.00367688 0.00323177
13.56 0.193086 0.185846 0.176638 0.00157915 0.00407412 0.00250421
13.58 0.193163 0.186017 0.176721 0.00192613 0.00427027 0.00207335
13.6 0.19326 0.186187 0.1768 0.00243067 0.00423108 0.00198025
13.62 0.193378 0.186347 0.176886 0.00294895 0.00400677 0.00216469
13.64 0.193507 0.186496 0.176989 0.00323803 0.00372288 0.00257025
13.66 0.193632 0.186637 0.177116 0.00310591 0.00353863 0.00315979
13.68 0.193734 0.18678 0.177269 0.00256707 0.00357526 0.00382838
13.7 0.193808 0.186934 0.177443 0.00184877 0.0038415 0.0043656
13.72 0.193858 0.187102 0.177625 0.00124484 0.00419552 0.00453544
13.74 0.193896 0.187278 0.177793 0.000953402 0.00439773 0.00419615
13.76 0.193937 0.187448 0.177928 0.00102328 0.00425716 0.00339394
13.78 0.193993 0.187599 0.178024 0.00138711 0.00376601 0.00239966
13.8 0.194069 0.187722 0.17809 0.00191021 0.00309634 0.00163095
13.82 0.194166 0.187821 0.178148 0.00242583 0.00246856 0.00145185
13.84 0.194277 0.187902 0.178225 0.00277139 0.00202127 0.00194323
13.86 0.194391 0.187973 0.178339 0.00285259 0.00178401 0.00283392
13.88 0.194499 0.188043 0.178486 0.0026922 0.00173533 0.00368433
13.9 0.194595 0.188117 0.178653 0.0024183 0.00186488 0.00416024
13.92 0.194683 0.188204 0.178819 0.00219185 0.00216319 0.00416637
13.94 0.194767 0.188306 0.178971 0.00210058 0.00255194 0.00379375
13.96 0.194851 0.18842 0.179099 0.00210021 0.00284473 0.00321281
13.98 0.194934 0.188533 0.179204 0.00207549 0.00282299 0.00261653
14 0.195013 0.188629 0.179291 0.00196583 0.00239728 0.00218446
14.02 0.195086 0.188697 0.179372 0.00184154 0.00171218 0.00200125
14.04 0.19516 0.188741 0.179451 0.00184275 0.00108675 0.00199486
14.06 0.195241 0.188773 0.179532 0.00202971 0.000820381 0.00200597
14.08 0.195335 0.188815 0.179609 0.0023303 0.00102772 0.00193641
14.1 0.195439 0.188878 0.179682 0.00261698 0.0015973 0.00182308
14.12 0.19555 0.188968 0.179754 0.00276889 0.00225182 0.00180164
14.14 0.195658 0.189075 0.179834 0.0027032 0.00267333 0.00200913
14.16 0.195756 0.189182 0.179932 0.00244446 0.00266948 0.00245257
14.18 0.195842 0.189275 0.180051 0.00214488 0.0023128 0.00295355
14.2 0.195921 0.189351 0.180181 0.00197719 0.00191067 0.00326127
14.22 0.196001 0.189422 0.18031 0.00200396 0.00178 0.00322806
14.24 0.196087 0.189503 0.180426 0.00215849 0.0020203 0.0028962
14.26 0.196181 0.189602 0.180524 0.00233507 0.00248135 0.0024496
14.28 0.196279 0.189718 0.180607 0.00246838 0.00289198 0.00207121
14.3 0.196381 0.189839 0.18068 0.00254253 0.00301863 0.0018385
14.32 0.196484 0.18995 0.18075 0.00257565 0.00278961 0.00173734
14.34 0.196589 0.190044 0.18082 0.00262532 0.0023463 0.00174198
14.36 0.196701 0.190123 0.180895 0.00279179 0.00196522 0.00187968
14.38 0.196827 0.190197 0.180983 0.00314972 0.00185637 0.00220563
14.4 0.196972 0.190277 0.181091 0.00363503 0.00200298 0.00271058
14.42 0.197133 0.190365 0.181222 0.00402436 0.00218404 0.00325976
14.44 0.197297 0.19045 0.181367 0.00408455 0.00214226 0.00363598
14.46 0.197448 0.190521 0.181514 0.00378467 0.00177229 0.00367242
14.48 0.197583 0.19057 0.181649 0.00336885 0.00121889 0.0033728
14.5 0.197711 0.190603 0.181766 0.00320946 0.000817092 0.00291975
14.52 0.197853 0.190637 0.181869 0.00353791 0.000850312 0.00257781
14.54 0.198023 0.190688 0.181971 0.00425252 0.0012897 0.00255877
14.56 0.198221 0.190759 0.182088 0.00496887 0.00177895 0.0029088
14.58 0.198433 0.190835 0.182227 0.00527866 0.00190173 0.00347423
14.6 0.198633 0.190895 0.182386 0.00501806 0.00149021 0.00399094
14.62 0.198808 0.190925 0.182556 0.00436455 0.000748185 0.00424114
14.64 0.198957 0.19093 0.182723 0.00371895 0.00012395 0.00416651
14.66 0.199094 0.190931 0.182877 0.00344124 1.8924e-05 0.00386993
14.68 0.199239 0.190951 0.183018 0.00360526 0.000517612 0.00351949
14.7 0.199397 0.191004 0.183147 0.00395849 0.00131483 0.00322839
14.72 0.199562 0.19108 0.183267 0.00412503 0.001894 0.00300471
14.74 0.199717 0.191155 0.18338 0.00388678 0.00186986 0.00281967
14.76 0.199851 0.191206 0.183488 0.00332907 0.00129089 0.00270341
14.78 0.199961 0.191232 0.183598 0.00276284 0.00064876 0.00273383
14.8 0.200061 0.191252 0.183715 0.0025097 0.000490247 0.00292336
14.82 0.20017 0.191289 0.18384 0.00270246 0.00094312 0.00313795
14.84 0.200297 0.191354 0.183967 0.0031986 0.00161229 0.00316379
14.86 0.200443 0.191432 0.184082 0.00364946 0.00194198 0.00287587
14.88 0.200591 0.191499 0.184175 0.00369993 0.00168967 0.00233959
14.9 0.20072 0.191543 0.184246 0.00320922 0.0011038 0.00176666
14.92 0.200814 0.191572 0.184302 0.00235129 0.000718618 0.00139296
14.94 0.200875 0.191611 0.184356 0.00151776 0.000961987 0.00136756
14.96 0.200918 0.191684 0.184424 0.00108148 0.00184559 0.00167909
14.98 0.200965 0.191802 0.184509 0.00117092 0.00294091 0.0021364
15 0.20103 0.191949 0.184608 0.00162677 0.00366958 0.00247256
15.02 0.201115 0.192097 0.184709 0.00214196 0.00371477 0.00251522
15.04 0.201213 0.192227 0.184799 0.00243456 0.00323202 0.00225954
15.06 0.201308 0.192335 0.184872 0.00237782 0.00269961 0.00182579
15.08 0.201391 0.192437 0.184928 0.00206575 0.00256811 0.00139896
15.1 0.20146 0.192557 0.184975 0.00174387 0.00298651 0.00117086
15.12 0.201525 0.192708 0.185026 0.00161744 0.00376858 0.00127414
15.14 0.201593 0.192889 0.185096 0.00170045 0.00453749 0.00175007
15.16 0.201666 0.193087 0.185197 0.00183666 0.00493764 0.00253626
15.18 0.20174 0.19328 0.185334 0.0018281 0.00482797 0.00342896
15.2 0.201803 0.193454 0.185498 0.00157742 0.00435712 0.00409676
15.22 0.20185 0.193608 0.185667 0.00117468 0.00384791 0.00422986
15.24 0.201884 0.193751 0.185817 0.000847294 0.00356568 0.00374931
15.26 0.201915 0.193893 0.185933 0.000797244 0.00357257 0.00289665
15.28 0.201959 0.194044 0.186018 0.00108872 0.00376652 0.00212037
15.3 0.202025 0.194204 0.186091 0.0016445 0.00399984 0.00182299
15.32 0.202116 0.19437 0.186177 0.00228144 0.00415302 0.00214441
15.34 0.202227 0.194537 0.186294 0.00277041 0.00416518 0.00292374
15.36 0.202344 0.194699 0.186446 0.00293981 0.00405139 0.00381246
15.38 0.202455 0.194854 0.186624 0.002767 0.00387469 0.00443539
15.4 0.202551 0.195002 0.186805 0.00239205 0.00369707 0.00453653
15.42 0.202633 0.195144 0.186969 0.00204608 0.00356115 0.00408793
15.44 0.20271 0.195284 0.187102 0.00193506 0.00348226 0.00332237
15.46 0.202796 0.195421 0.187207 0.0021431 0.00343735 0.00263292
15.48 0.2029 0.195556 0.187301 0.0025966 0.00337137 0.00236408
15.5 0.203023 0.195685 0.187406 0.00308845 0.00323293 0.00262295
15.52 0.203158 0.195806 0.187536 0.0033581 0.00302486 0.003232
15.54 0.203286 0.195919 0.187689 0.00322163 0.00282488 0.00383537
15.56 0.203394 0.196029 0.187853 0.00269867 0.00275017 0.00410122
15.58 0.203476 0.196144 0.18801 0.00203819 0.00287477 0.00391187
15.6 0.20354 0.196271 0.188146 0.00159412 0.00316091 0.00341361
15.62 0.203604 0.19641 0.188262 0.00160868 0.00347718 0.00289748
15.64 0.203686 0.196557 0.188367 0.0020559 0.00369239 0.00261631
15.66 0.203792 0.196707 0.188473 0.00264717 0.00375004 0.00264744
15.68 0.203912 0.196854 0.188587 0.00300753 0.00366731 0.00286234
15.7 0.204029 0.196993 0.188708 0.00292377 0.0034846 0.003016
15.72 0.204128 0.197122 0.188824 0.00247025 0.00322569 0.00291749
15.74 0.204205 0.197239 0.188927 0.00193333 0.00290343 0.00256893
15.76 0.20427 0.197341 0.189013 0.00161963 0.00256212 0.00214792
15.78 0.204337 0.197432 0.189087 0.00167085 0.00228402 0.00185217
15.8 0.204416 0.197519 0.189157 0.00198195 0.00215314 0.00175794
15.82 0.204508 0.197607 0.18923 0.00229067 0.0022185 0.00181436
15.84 0.204603 0.197705 0.189308 0.00237964 0.00245253 0.0019439
15.86 0.204692 0.197815 0.189393 0.00223239 0.00272658 0.00212274
15.88 0.204773 0.197929 0.189487 0.00202034 0.00285108 0.00235875
15.9 0.204851 0.198036 0.189592 0.00193882 0.00267668 0.0026131
15.92 0.204933 0.198124 0.189703 0.00204916 0.00221178 0.00277532
15.94 0.205023 0.19819 0.189812 0.00224971 0.00165257 0.00273288
15.96 0.205118 0.198241 0.189911 0.00238883 0.00127596 0.0024709
15.98 0.205215 0.198292 0.189995 0.00241358 0.00127422 0.00209724
16 0.205311 0.198358 0.190066 0.00240954 0.00163377 0.00178229
16.02 0.205411 0.198442 0.190133 0.00250196 0.00211834 0.00166687
16.04 0.205521 0.198538 0.190204 0.00272908 0.00238073 0.00179745
16.06 0.20564 0.198624 0.190289 0.00299426 0.00217332 0.00211738
16.08 0.205766 0.198685 0.190389 0.00314522 0.00151899 0.00250677
16.1 0.205891 0.198714 0.190503 0.00312786 0.000717766 0.00284061
16.12 0.206014 0.198721 0.190624 0.00305883 0.000172706 0.00303411
16.14 0.206139 0.198726 0.190747 0.00312335 0.000136218 0.00305849
16.16 0.206274 0.198749 0.190864 0.00339528 0.000556823 0.00292973
16.18 0.206424 0.198794 0.190972 0.00373988 0.00113636 0.00270932
16.2 0.20658 0.198855 0.191074 0.00390345 0.00152305 0.00253711
16.22 0.20673 0.198915 0.191178 0.00374284 0.00150229 0.00261256
16.24 0.206865 0.198959 0.191301 0.00338966 0.00109728 0.00306419
16.26 0.206992 0.19898 0.191452 0.00315396 0.000520022 0.00379028
16.28 0.207121 0.19898 0.19163 0.00324736 3.5487e-06 0.00443484
16.3 0.207266 0.198966 0.191813 0.00360572 -0.000339127 0.00457004
16.32 0.207424 0.198946 0.191972 0.00395295 -0.000503229 0.00398045
16.34 0.207584 0.198927 0.192086 0.00401776 -0.000490748 0.00284838
16.36 0.207734 0.198916 0.192154 0.00373757 -0.000268228 0.00170167
16.38 0.207867 0.198923 0.192199 0.00331744 0.000176355 0.00113459
16.4 0.20799 0.198954 0.192258 0.00309185 0.000766923 0.00145889
16.42 0.208121 0.199007 0.192358 0.00325791 0.00133748 0.00250275
16.44 0.208268 0.199074 0.192506 0.00369379 0.0016773 0.00369774
16.46 0.208431 0.199139 0.192682 0.00406276 0.00162991 0.00441745
16.48 0.208595 0.199187 0.192856 0.00409281 0.00119574 0.00433957
16.5 0.208746 0.19921 0.193 0.00378879 0.000572864 0.00359484
16.52 0.208883 0.199214 0.193105 0.00341122 9.31026e-05 0.00262342
16.54 0.209013 0.199216 0.19318 0.0032584 5.29424e-05 0.00188296
16.56 0.209151 0.199238 0.193245 0.00344122 0.000540368 0.00162245
16.58 0.209303 0.199293 0.193317 0.00380416 0.00138971 0.00180698
16.6 0.209463 0.199384 0.193404 0.00401356 0.00227945 0.00217047
16.62 0.209614 0.1995 0.193499 0.00377408 0.00288737 0.00236583
16.64 0.209736 0.199621 0.193585 0.00304386 0.00302814 0.00216268
16.66 0.20982 0.19973 0.193649 0.00209613 0.00272849 0.0016078
16.68 0.209875 0.199817 0.19369 0.00137646 0.0021855 0.00102306
16.7 0.209924 0.199883 0.193723 0.00122416 0.00164309 0.00081432
16.72 0.20999 0.199935 0.193772 0.00164343 0.00130134 0.00121744
16.74 0.210081 0.199987 0.193857 0.00228804 0.00129348 0.002143
16.76 0.210188 0.200054 0.193986 0.0026803 0.00167368 0.00321995
16.78 0.210289 0.200149 0.194146 0.00251465 0.0023759 0.00399713
16.8 0.210362 0.200277 0.194313 0.00183312 0.0031991 0.00416794
16.82 0.210401 0.200432 0.194461 0.000965538 0.00387419 0.00371074
16.84 0.210413 0.200599 0.194577 0.000311252 0.00416906 0.00288435
16.86 0.210417 0.200758 0.194659 9.88093e-05 0.00397624 0.00207213
16.88 0.210428 0.200893 0.194722 0.000270592 0.00337631 0.00156922
16.9 0.210452 0.200999 0.194781 0.000588668 0.00265996 0.00146992
16.92 0.210486 0.201089 0.19485 0.000865416 0.00225456 0.00171362
16.94 0.210529 0.20119 0.194937 0.00107826 0.00250907 0.00218807
16.96 0.21058 0.201327 0.195049 0.00127238 0.00344075 0.0027858
16.98 0.210637 0.201514 0.195184 0.00140783 0.00467331 0.00339217
17 0.210691 0.20174 0.195339 0.0013492 0.0056518 0.00387272
17.02 0.210732 0.20198 0.195503 0.00102868 0.00598839 0.00410522
17.04 0.210755 0.202206 0.195665 0.000575021 0.00566483 0.00403422
17.06 0.210764 0.202406 0.195813 0.000243193 0.00498555 0.00371144
17.08 0.210773 0.202581 0.195945 0.000222011 0.00437816 0.00328536
17.1 0.210794 0.202748 0.196062 0.000516785 0.00417039 0.00293203
17.12 0.210833 0.202925 0.196172 0.000983681 0.00443549 0.00275532
17.14 0.210891 0.203124 0.196281 0.00144053 0.00497269 0.00273099
17.16 0.210961 0.203341 0.196391 0.00175652 0.00542936 0.00273796
17.18 0.211036 0.203561 0.196497 0.00186919 0.00547996 0.00265451
17.2 0.211107 0.203761 0.196596 0.00177912 0.00500003 0.00246384
17.22 0.21117 0.203927 0.196686 0.00156191 0.00415822 0.00227323
17.24 0.211224 0.204061 0.196775 0.00136339 0.00335403 0.00222326
17.26 0.211278 0.204182 0.19687 0.00135077 0.00302434 0.0023658
17.28 0.211344 0.204318 0.196974 0.00163977 0.00338773 0.0026046
17.3 0.211434 0.204488 0.197084 0.00224326 0.00426974 0.00275408
17.32 0.211555 0.204694 0.197192 0.00304402 0.00514379 0.00268148
17.34 0.211707 0.20491 0.197288 0.00378541 0.00540439 0.00241682
17.36 0.211873 0.2051 0.197374 0.00416003 0.00474803 0.00213929
17.38 0.212033 0.205236 0.197456 0.00399305 0.00339317 0.00204768
17.4 0.212169 0.205314 0.197545 0.00339601 0.00196329 0.00221815
17.42 0.212279 0.205359 0.197647 0.00274595 0.00111262 0.0025615
17.44 0.212377 0.205405 0.197763 0.00246511 0.00114949 0.0028995
17.46 0.212487 0.20548 0.197886 0.00275369 0.00188514 0.0030655
17.48 0.212626 0.205591 0.198004 0.00347897 0.00277022 0.00296668
17.5 0.212798 0.205721 0.19811 0.00428864 0.00323867 0.00264407
17.52 0.212992 0.205843 0.198202 0.0048376 0.00304719 0.00229109
17.54 0.21319 0.205937 0.198287 0.00495982 0.00236961 0.00214596
17.56 0.213377 0.206002 0.19838 0.00467684 0.00161507 0.0023068
17.58 0.213541 0.206048 0.198485 0.00410897 0.00114299 0.00263698
17.6 0.213678 0.20609 0.1986 0.00341848 0.00106 0.00286871
17.62 0.21379 0.206138 0.198713 0.00279438 0.00120905 0.00282821
17.64 0.213887 0.206192 0.198816 0.00242011 0.00134694 0.002575
17.66 0.213983 0.206247 0.19891 0.00241597 0.00136533 0.00234565
17.68 0.214095 0.2063 0.199005 0.00279301 0.00133823 0.00237817
17.7 0.214232 0.206355 0.199115 0.00342933 0.00137127 0.00274649
17.72 0.214395 0.206413 0.199247 0.00406885 0.00145309 0.00329506
17.74 0.214571 0.206471 0.199395 0.00439833 0.00144621 0.00370794
17.76 0.214739 0.20652 0.199543 0.00420279 0.00121171 0.00369935
17.78 0.21488 0.20655 0.199672 0.00351604 0.000765585 0.00321502
17.8 0.214986 0.206564 0.199771 0.00266674 0.000336109 0.00247596
17.82 0.215071 0.206574 0.199844 0.00211957 0.000246417 0.00183598
17.84 0.215157 0.2066 0.199907 0.00215355 0.000663328 0.00157474
17.86 0.215264 0.206657 0.199978 0.00265774 0.0014091 0.00176516
17.88 0.215394 0.206738 0.200069 0.00325848 0.00202861 0.00228172
17.9 0.215538 0.206821 0.200185 0.00361012 0.00209501 0.0029126
17.92 0.215682 0.206882 0.200325 0.00358363 0.00152403 0.00347972
17.94 0.215813 0.206909 0.20048 0.00327699 0.000660105 0.0038934
17.96 0.215929 0.206912 0.200646 0.0029165 6.80839e-05 0.00412873
17.98 0.216038 0.206919 0.200812 0.0027148 0.000174219 0.00416292
18 0.216147 0.206958 0.20097 0.00272576 0.00098152 0.00393964
18.02 0.21626 0.20704 0.201106 0.00281538 0.00206512 0.0034194
18.04 0.216371 0.207154 0.201214 0.00279004 0.00284438 0.00267837
18.06 0.216474 0.207271 0.201291 0.00255906 0.00293158 0.00194707
18.08 0.216561 0.207365 0.201352 0.00217677 0.00234151 0.00151903
18.1 0.216631 0.207423 0.201415 0.00177007 0.00145971 0.00157294
18.12 0.21669 0.207456 0.201497 0.00146769 0.000816846 0.00205217
18.14 0.216744 0.207488 0.201605 0.00135573 0.000801687 0.00270385
18.16 0.216802 0.207547 0.201735 0.00144132 0.0014645 0.00323775
18.18 0.216869 0.207647 0.201874 0.00167122 0.00251022 0.00348021
18.2 0.216949 0.207786 0.202011 0.00199218 0.00346851 0.00342024
18.22 0.217043 0.207943 0.202138 0.00236064 0.00393362 0.00316638
18.24 0.217151 0.208094 0.202253 0.0027064 0.00375663 0.00287416
18.26 0.217269 0.208218 0.202359 0.00293228 0.00310423 0.00266563
18.28 0.217387 0.208312 0.202462 0.00296086 0.00236341 0.00258233
18.3 0.217498 0.208389 0.202566 0.00276932 0.00192694 0.00258972
18.32 0.217594 0.208469 0.202671 0.00241576 0.00198863 0.00262638
18.34 0.217677 0.208568 0.202778 0.00205333 0.00247837 0.00266995
18.36 0.217751 0.208693 0.202888 0.00186643 0.00313512 0.00274952
18.38 0.217829 0.208839 0.203003 0.00194211 0.00364965 0.00288209
18.4 0.217916 0.208992 0.203123 0.00218784 0.00380586 0.00300791
18.42 0.218012 0.209134 0.203244 0.00238482 0.00355152 0.00300316
18.44 0.218105 0.209254 0.203355 0.00234135 0.00299841 0.00277859
18.46 0.218187 0.209349 0.203451 0.0020322 0.00239084 0.00240174
18.48 0.218252 0.20943 0.203536 0.00162525 0.00201546 0.00212619
18.5 0.218306 0.209512 0.203625 0.00135949 0.0020563 0.0022381
18.52 0.218361 0.209612 0.203737 0.0013624 0.00248397 0.00280281
18.54 0.218423 0.209735 0.20388 0.00155205 0.00307923 0.00355055
18.56 0.218491 0.209877 0.204041 0.00169811 0.00356549 0.00402573
18.58 0.218555 0.210027 0.204196 0.0016074 0.00374088 0.003893
18.6 0.218606 0.210169 0.204322 0.00127996 0.00355508 0.00315443
18.62 0.218642 0.210294 0.204407 0.000906121 0.00310883 0.00212543
18.64 0.218671 0.210397 0.204457 0.000725524 0.0025947 0.0012375
18.66 0.218706 0.210487 0.20449 0.000867831 0.00223216 0.000828961
18.68 0.218757 0.210574 0.204531 0.00126948 0.00219792 0.00101265
18.7 0.218825 0.210676 0.204597 0.00170852 0.00253348 0.00165009
18.72 0.218904 0.2108 0.204694 0.00196699 0.00309756 0.00244002
18.74 0.218984 0.210945 0.204817 0.00200572 0.00364342 0.00305979
18.76 0.219062 0.211104 0.204948 0.00195778 0.00396156 0.00328985
18.78 0.21914 0.211262 0.205072 0.00194532 0.00395746 0.00308773
18.8 0.219218 0.211408 0.205176 0.00195291 0.00364866 0.00259631
18.82 0.219294 0.211534 0.205259 0.00188541 0.00314363 0.00208001
18.84 0.219363 0.211639 0.205331 0.00172629 0.00263825 0.00181553
18.86 0.219427 0.211734 0.20541 0.00161233 0.00236951 0.0019583
18.88 0.219497 0.211834 0.205507 0.00174566 0.00248969 0.00243146
18.9 0.219587 0.211952 0.205625 0.00223765 0.00295466 0.00294408
18.92 0.219706 0.212093 0.205752 0.00299264 0.00352426 0.0031707
18.94 0.219854 0.212249 0.205871 0.00369974 0.00388998 0.00298165
18.96 0.220013 0.212403 0.205973 0.00397509 0.003849 0.00255446
18.98 0.220158 0.212538 0.206063 0.00360972 0.00339855 0.00225414
19 0.220268 0.212648 0.206158 0.00275978 0.00273352 0.00236089
19.02 0.220345 0.212735 0.206273 0.00191186 0.00218068 0.00288457
19.04 0.220409 0.212816 0.206417 0.00161376 0.00202956 0.00358948
19.06 0.220495 0.212909 0.206582 0.00215004 0.0023159 0.00414487
19.08 0.22063 0.21302 0.206754 0.00337481 0.00277507 0.00428799
19.1 0.220821 0.213142 0.206912 0.00477498 0.00304881 0.00394588
19.12 0.22105 0.21326 0.207043 0.00572282 0.00294509 0.00328073
19.14 0.221283 0.213361 0.207148 0.00581257 0.00252987 0.00262324
19.16 0.221486 0.213442 0.20724 0.00509889 0.00203437 0.00229851
19.18 0.221648 0.21351 0.207337 0.00404306 0.00170161 0.00242586
19.2 0.221777 0.213577 0.20745 0.00322625 0.00166424 0.00283219
19.22 0.221899 0.213652 0.207577 0.00304045 0.00188118 0.00317809
19.24 0.222039 0.213739 0.207706 0.00350209 0.00217329 0.00321085
19.26 0.22221 0.213833 0.207822 0.00427026 0.00235263 0.00291182
19.28 0.222405 0.213927 0.207919 0.00487347 0.00233813 0.002431
19.3 0.222604 0.214013 0.207997 0.0049947 0.00216342 0.00194545
19.32 0.222789 0.21409 0.208061 0.00460323 0.0019261 0.00160309
19.34 0.222945 0.214161 0.208123 0.00390025 0.00177132 0.00153884
19.36 0.223072 0.214236 0.208197 0.00318705 0.00186592 0.00185359
19.38 0.22318 0.214326 0.208298 0.00270589 0.00226933 0.00252465
19.4 0.223281 0.214438 0.208431 0.00251043 0.00279783 0.00333297
19.42 0.22338 0.214562 0.208588 0.00248224 0.00308647 0.0039086
19.44 0.223479 0.214676 0.208744 0.00247745 0.00286121 0.00390466
19.46 0.223576 0.214763 0.208872 0.00242964 0.00216667 0.00321216
19.48 0.22367 0.214818 0.208956 0.00233438 0.001369 0.00208708
19.5 0.223758 0.214856 0.208999 0.00220422 0.000957427 0.00107656
19.52 0.22384 0.214906 0.209028 0.00205714 0.00124685 0.000735948
19.54 0.223916 0.214991 0.20908 0.00190326 0.00212907 0.00128841
19.56 0.223986 0.215115 0.209178 0.0017453 0.00309351 0.00244994
19.58 0.224051 0.215257 0.209321 0.00161726 0.00355419 0.00357311
19.6 0.224115 0.215387 0.209483 0.00159807 0.00325616 0.00405615
19.62 0.224184 0.215485 0.209632 0.00173728 0.00244973 0.00372731
19.64 0.224263 0.215553 0.209749 0.00197049 0.00168814 0.00291727
19.66 0.224349 0.21561 0.209836 0.0021418 0.00143463 0.00218516
19.68 0.224433 0.215681 0.209913 0.00211708 0.00178117 0.00192817
19.7 0.224509 0.215779 0.21 0.00189815 0.00243561 0.00217012
19.72 0.224574 0.215897 0.210106 0.00162487 0.00294477 0.00264249
19.74 0.224633 0.216017 0.210227 0.00145603 0.00300316 0.00303183
19.76 0.224691 0.216123 0.210354 0.00145442 0.00265222 0.00317596
19.78 0.224754 0.216212 0.210478 0.00158079 0.00222676 0.00309152
19.8 0.224824 0.216295 0.210593 0.00175236 0.00206836 0.00287294
19.82 0.2249 0.216385 0.210697 0.00189683 0.00225674 0.0025956
19.84 0.224979 0.216488 0.210789 0.00198828 0.0025842 0.00230573
19.86 0.225061 0.216599 0.210872 0.0020505 0.00275685 0.00206711
19.88 0.225146 0.216704 0.210951 0.00211481 0.0026287 0.00199098
19.9 0.225233 0.216795 0.211039 0.00217575 0.002292 0.00218748
19.92 0.225321 0.216874 0.211145 0.00219097 0.00197647 0.00265164
19.94 0.225405 0.216948 0.211272 0.00211718 0.00185229 0.00319087
19.96 0.225483 0.217025 0.211412 0.00193183 0.00190498 0.00349265
19.98 0.225549 0.217103 0.211545 0.00165248 0.00197002 0.00332395
20 0.225604 0.217179 0.211654 0.00137587 0.00189745 0.00273091
20.02 0.225654 0.217248 0.211737 0.00126264 0.00170641 0.00205954
20.04 0.225711 0.217311 0.211806 0.00142702 0.0015729 0.00173783
20.06 0.225784 0.217377 0.211885 0.00182125 0.001649 0.00197088
20.08 0.225874 0.217452 0.211988 0.00223344 0.00189441 0.00258147
20.1 0.225971 0.217536 0.212113 0.0024241 0.00209614 0.00312914
20.12 0.226063 0.217618 0.212243 0.00230534 0.00204201 0.00322908
20.14 0.226144 0.217686 0.212356 0.00202832 0.00170567 0.00283001
20.16 0.226219 0.217738 0.212446 0.00188332 0.00129593 0.00225186
20.18 0.226302 0.217783 0.212524 0.00205903 0.0011192 0.00194999
20.2 0.2264 0.217837 0.212611 0.00245908 0.00135636 0.00218424
20.22 0.22651 0.217913 0.212725 0.00274728 0.00190679 0.00285661
20.24 0.226614 0.21801 0.21287 0.00261071 0.00242853 0.00360722
20.26 0.226696 0.218113 0.213031 0.00203666 0.00256637 0.00403968
20.28 0.226751 0.218201 0.213189 0.00137047 0.00219347 0.00393086
20.3 0.226794 0.218261 0.213322 0.0010756 0.00150385 0.00333624
20.32 0.226848 0.218297 0.213423 0.00136061 0.000907466 0.00253568
20.34 0.226928 0.218329 0.213498 0.00200546 0.000791128 0.00185529
20.36 0.22703 0.21838 0.213557 0.00254212 0.00127977 0.00147368
20.38 0.227136 0.218466 0.213611 0.00264054 0.00215328 0.00135964
20.4 0.22723 0.218586 0.213667 0.00236662 0.00298486 0.00139847
20.42 0.227315 0.218721 0.213729 0.00211739 0.00339864 0.00155986
20.44 0.227407 0.218853 0.213806 0.00229741 0.00327707 0.00192565
20.46 0.227526 0.218965 0.213909 0.00298188 0.00280829 0.00255409
20.48 0.227679 0.219059 0.214042 0.00382654 0.00235825 0.00332449
20.5 0.227852 0.219149 0.214199 0.00431029 0.00223879 0.0039286
20.52 0.228017 0.21925 0.214361 0.00413824 0.00253901 0.00406238
20.54 0.228156 0.219375 0.214509 0.00347268 0.00312314 0.00368788
20.56 0.228268 0.219525 0.214633 0.00280236 0.00374362 0.00311105
20.58 0.228371 0.219692 0.214743 0.00256795 0.00416538 0.00275099
20.6 0.228485 0.219862 0.214855 0.00285639 0.00425739 0.00278832
20.62 0.228621 0.220024 0.214975 0.00338705 0.00404936 0.00301979
20.64 0.228772 0.220172 0.215098 0.00377456 0.00371398 0.00306228
20.66 0.228925 0.22031 0.215206 0.00384814 0.0034482 0.00270147
20.68 0.229075 0.220445 0.215289 0.00374908 0.00336201 0.00208121
20.7 0.229225 0.220583 0.215353 0.00373006 0.003463 0.00160376
20.72 0.22938 0.220731 0.215419 0.00388431 0.00369457 0.00162818
20.74 0.229542 0.22089 0.215506 0.00405617 0.00397801 0.00219745
20.76 0.229702 0.22106 0.215627 0.00399009 0.00423074 0.00300512
20.78 0.229845 0.221235 0.215771 0.00358848 0.00437726 0.00361861
20.8 0.229967 0.22141 0.215922 0.00302788 0.00437583 0.00377331
20.82 0.230071 0.221578 0.216063 0.00260489 0.00422153 0.00350499
20.84 0.230169 0.221736 0.216184 0.00245832 0.00393019 0.00302921
20.86 0.230268 0.221878 0.216285 0.00246469 0.00354508 0.00252878
20.88 0.230363 0.222004 0.216368 0.00238108 0.003158 0.00207554
20.9 0.230445 0.22212 0.216436 0.00205189 0.00290547 0.00169735
20.92 0.230507 0.222237 0.216494 0.00155149 0.0029128 0.00144842
20.94 0.230554 0.222364 0.21655 0.0011871 0.00319103 0.00141189
20.96 0.230606 0.222507 0.216616 0.00128281 0.00356166 0.00165312
20.98 0.230681 0.222656 0.216702 0.00187049 0.00372344 0.0021349
21 0.230785 0.222793 0.216809 0.00261268 0.0034372 0.00267186
21.02 0.230907 0.222901 0.216929 0.00304991 0.00269801 0.00300095
21.04 0.231024 0.222972 0.217046 0.00292151 0.00178356 0.00293352
21.06 0.231116 0.223017 0.217145 0.0023024 0.00112664 0.00248734
21.08 0.231177 0.22306 0.217222 0.00152518 0.00105641 0.00190275
21.1 0.231216 0.223122 0.217282 0.000983587 0.00155751 0.00151534
21.12 0.231253 0.223212 0.217344 0.000913127 0.0022582 0.00155379
21.14 0.231304 0.223319 0.217424 0.00126639 0.00266356 0.00199345
21.16 0.231375 0.223417 0.217527 0.00178782 0.0024565 0.00258299
21.18 0.231464 0.223485 0.217648 0.00221047 0.00170162 0.00302243
21.2 0.231559 0.223519 0.217774 0.00239538 0.000833328 0.00314345
21.22 0.231652 0.223534 0.217893 0.00232553 0.000381843 0.0029677
21.24 0.231734 0.223558 0.217998 0.00203885 0.000606641 0.0026396
21.26 0.231798 0.223611 0.218091 0.00160103 0.00131859 0.00231975
21.28 0.231843 0.223692 0.218176 0.00112057 0.00202895 0.00211467
21.3 0.231873 0.223784 0.218258 0.000748535 0.00230751 0.00206497
21.32 0.231899 0.223868 0.218346 0.000650193 0.00208702 0.00218496
21.34 0.231937 0.223935 0.218446 0.000951238 0.00168003 0.00251453
21.36 0.232002 0.223994 0.21857 0.00162078 0.00147176 0.0030958
21.38 0.232097 0.224057 0.218724 0.00239337 0.00158627 0.0038571
21.4 0.232213 0.224131 0.218905 0.00288173 0.00183342 0.00452819
21.42 0.232325 0.224207 0.219095 0.00281604 0.00191499 0.00472877
21.44 0.232414 0.224275 0.219263 0.00222116 0.00169677 0.00421489
21.46 0.232471 0.224329 0.219387 0.0014126 0.00133826 0.00308829
21.48 0.232503 0.224376 0.219458 0.000801257 0.00117464 0.00178242
21.5 0.232529 0.224433 0.219491 0.000650903 0.00142994 0.000820685
21.52 0.232568 0.224513 0.219512 0.000972296 0.00200932 0.000538054
21.54 0.232631 0.224616 0.21955 0.00158614 0.00256567 0.000944764
21.56 0.232721 0.224726 0.219621 0.0022561 0.0027591 0.00177436
21.58 0.232833 0.224825 0.219727 0.00279718 0.00247799 0.00265611
21.6 0.232957 0.224901 0.219859 0.00310337 0.00188466 0.00329121
21.62 0.233083 0.224953 0.220001 0.00313228 0.00129983 0.00353597
21.64 0.233199 0.224992 0.220136 0.00290959 0.000991365 0.00339623
21.66 0.233301 0.225032 0.220256 0.00255443 0.00100274 0.00299602
21.68 0.233391 0.22508 0.220358 0.00225483 0.00118437 0.00253405
21.7 0.233478 0.225135 0.220446 0.00217206 0.00138419 0.00220187
21.72 0.233572 0.225198 0.220529 0.0023385 0.00157788 0.00209269
21.74 0.233677 0.225271 0.220616 0.00262108 0.00181281 0.0021709
21.76 0.233789 0.225354 0.220709 0.00280908 0.00207818 0.00232854
21.78 0.2339 0.225445 0.220808 0.00278559 0.00227989 0.00247323
21.8 0.234007 0.225539 0.220911 0.00265437 0.00233791 0.00258055
21.82 0.234114 0.22563 0.221019 0.00269174 0.00227995 0.00269137
21.84 0.234239 0.225719 0.221133 0.00311724 0.00223138 0.00285678
21.86 0.234394 0.225811 0.221256 0.00387336 0.00230554 0.00305368
21.88 0.234578 0.225911 0.221382 0.00460707 0.00248717 0.00315696
21.9 0.234773 0.226016 0.221503 0.00486782 0.00262875 0.00302774
21.92 0.234949 0.226119 0.221609 0.0044072 0.00257869 0.00266236
21.94 0.235085 0.226212 0.2217 0.00339256 0.00232354 0.00225717
21.96 0.235179 0.226293 0.221783 0.00235973 0.00203304 0.00208778
21.98 0.235255 0.226372 0.221875 0.00188286 0.0019643 0.00229455
22 0.235343 0.226463 0.221985 0.00220149 0.00228002 0.00275667
22.02 0.235466 0.22658 0.222111 0.00308472 0.00292238 0.00314803
22.04 0.235626 0.226725 0.222237 0.00399266 0.00363177 0.00315674
22.06 0.235803 0.226889 0.222346 0.00442184 0.0040816 0.00272558
22.08 0.235971 0.22705 0.222431 0.00420042 0.00403752 0.00210337
22.1 0.236113 0.227189 0.222497 0.00354931 0.00348169 0.00166004
22.12 0.236229 0.227295 0.222562 0.00289806 0.00264668 0.00163067
22.14 0.236332 0.227371 0.222642 0.00257921 0.00190483 0.00199395
22.16 0.236436 0.227434 0.222743 0.00261264 0.00156898 0.00253045
22.18 0.236546 0.227504 0.222862 0.00274663 0.00173554 0.00295957
22.2 0.236654 0.227594 0.222985 0.00269081 0.00227381 0.00307703
22.22 0.236747 0.227712 0.223099 0.00233435 0.00292806 0.00284821
22.24 0.236819 0.227849 0.223195 0.00180068 0.00343976 0.00241752
22.26 0.236873 0.227995 0.223276 0.00135327 0.00364983 0.00201986
22.28 0.236923 0.228138 0.223349 0.00124224 0.00355822 0.00183384
22.3 0.236985 0.22827 0.223425 0.00155755 0.00331246 0.00188181
22.32 0.237072 0.228394 0.223507 0.00216245 0.00309488 0.00205115
22.34 0.237183 0.228514 0.223595 0.00277273 0.00299699 0.00221327
22.36 0.237307 0.228634 0.223688 0.00312137 0.00300382 0.00231099
22.38 0.237431 0.228756 0.223782 0.00307946 0.00304542 0.00234852
22.4 0.237538 0.228878 0.223876 0.00269418 0.00304886 0.00235563
22.42 0.237624 0.228997 0.223971 0.00214784 0.00298972 0.00236583
22.44 0.237691 0.229115 0.224066 0.00165995 0.00293736 0.00239487
22.46 0.237747 0.229236 0.224164 0.00140804 0.00302273 0.00244838
22.48 0.237807 0.229369 0.224267 0.00149618 0.00332809 0.00256425
22.5 0.237884 0.229521 0.224379 0.00192928 0.00381814 0.00281363
22.52 0.237988 0.229696 0.224509 0.0025889 0.00435587 0.00323085
22.54 0.238118 0.229886 0.224658 0.00325031 0.00475545 0.00374135
22.56 0.238264 0.23008 0.224825 0.0036572 0.0048418 0.00416188
22.58 0.23841 0.230261 0.224996 0.00365086 0.00452395 0.00428102
22.6 0.238541 0.230415 0.225155 0.00327535 0.00386819 0.00396978
22.62 0.238651 0.230539 0.225286 0.00275686 0.00310308 0.00327879
22.64 0.238745 0.230639 0.225384 0.00234629 0.00250232 0.00245541
22.66 0.238832 0.230729 0.225457 0.00217387 0.00223275 0.00182237
22.68 0.238921 0.230821 0.22552 0.00222596 0.00230046 0.00158522
22.7 0.239017 0.230925 0.22559 0.00238948 0.00259244 0.00173083
22.72 0.239117 0.231042 0.225673 0.00251415 0.00294259 0.0020871
22.74 0.239218 0.23117 0.225772 0.00250712 0.00318791 0.00246546
22.76 0.239314 0.231298 0.225883 0.00240062 0.00321227 0.0027687
22.78 0.239405 0.231418 0.226003 0.00229764 0.00298828 0.00300938
22.8 0.239495 0.231521 0.226133 0.00224825 0.00257557 0.00325175
22.82 0.239584 0.231604 0.226273 0.00221393 0.00207204 0.00349834
22.84 0.239669 0.231667 0.226417 0.00213245 0.00157657 0.0036084
22.86 0.239748 0.231714 0.226552 0.00196277 0.0011703 0.00336698
22.88 0.239816 0.231749 0.226659 0.00170226 0.000894463 0.00267948
22.9 0.239872 0.23178 0.226728 0.00141137 0.000760335 0.00171424
22.92 0.23992 0.231811 0.226761 0.00120423 0.000772325 0.000841877
22.94 0.239968 0.231848 0.226778 0.00118684 0.000934557 0.000409926
22.96 0.240023 0.231897 0.226799 0.00137486 0.00123391 0.000528699
22.98 0.24009 0.231961 0.22684 0.00166834 0.00159804 0.00102706
23 0.240167 0.232037 0.226904 0.0019279 0.00189456 0.0015953
23.02 0.24025 0.232117 0.226984 0.00208039 0.00200384 0.00199714
23.04 0.240336 0.232192 0.227072 0.00214307 0.00187859 0.00220001
23.06 0.240422 0.232254 0.227165 0.00214763 0.00154445 0.00233806
23.08 0.240504 0.232297 0.227267 0.00205848 0.0010837 0.0025556
23.1 0.240576 0.232323 0.227383 0.00179954 0.000634628 0.00287729
23.12 0.240631 0.232338 0.22751 0.00137587 0.000385465 0.00318564
23.14 0.240669 0.232359 0.227642 0.000957853 0.000506853 0.00329851
23.16 0.240702 0.2324 0.227766 0.000826867 0.00103025 0.00311405
23.18 0.24075 0.23247 0.227875 0.0011856 0.00176567 0.00270676
23.2 0.240829 0.232565 0.227965 0.00197467 0.00237645 0.00226111
23.22 0.240943 0.232669 0.228042 0.00286069 0.00257605 0.00192203
23.24 0.24108 0.232761 0.228111 0.00343143 0.00230022 0.00172689
23.26 0.241219 0.232831 0.228177 0.00347021 0.00176145 0.00164458
23.28 0.241343 0.232885 0.228243 0.00309017 0.00134104 0.00166331
23.3 0.241448 0.232939 0.228317 0.00262828 0.00136584 0.00184824
23.32 0.241545 0.233016 0.228409 0.00242454 0.00191843 0.0023017
23.34 0.24165 0.233127 0.228531 0.00263281 0.00278223 0.00304341
23.36 0.241776 0.233268 0.228688 0.00313928 0.00352942 0.00392315
23.38 0.241921 0.233418 0.228874 0.00362906 0.00372708 0.00465724
23.4 0.242072 0.233546 0.229072 0.00378237 0.0032166 0.00495226
23.42 0.242212 0.233637 0.229258 0.00348785 0.0022597 0.00464582
23.44 0.242329 0.233692 0.229411 0.00292808 0.00138461 0.00382344
23.46 0.242428 0.233735 0.229525 0.00247157 0.00107039 0.00283163
23.48 0.242525 0.233795 0.229609 0.00244152 0.00149777 0.00212182
23.5 0.242642 0.233893 0.229689 0.00291756 0.00246167 0.0019929
23.52 0.24279 0.234032 0.229785 0.00369936 0.00347445 0.00240171
23.54 0.242967 0.234194 0.229904 0.00441839 0.00404142 0.00297001
23.56 0.243155 0.234352 0.230032 0.00469746 0.00394943 0.00320568
23.58 0.243327 0.234486 0.230145 0.0043147 0.00334888 0.00282028
23.6 0.243461 0.234588 0.230222 0.00334842 0.00256731 0.00193404
23.62 0.24355 0.234663 0.230263 0.00220945 0.00187236 0.0010211
23.64 0.243608 0.234719 0.230288 0.00144788 0.00138145 0.000625695
23.66 0.243664 0.234763 0.23033 0.00139967 0.00111358 0.00103172
23.68 0.243742 0.234807 0.230414 0.00195939 0.00108837 0.0021008
23.7 0.243849 0.234862 0.230548 0.00268062 0.00137919 0.00337036
23.72 0.243973 0.234944 0.23072 0.00309329 0.00205397 0.00429867
23.74 0.244092 0.235065 0.230901 0.00297482 0.00302184 0.00450611
23.76 0.244189 0.235223 0.231057 0.00243493 0.00394387 0.00392015
23.78 0.244262 0.235397 0.231168 0.00182232 0.00434994 0.00276508
23.8 0.244323 0.235554 0.231225 0.00150869 0.00392597 0.00142447
23.82 0.244389 0.235664 0.231237 0.00165505 0.00276152 0.000289434
23.84 0.244473 0.235719 0.231223 0.0021073 0.0013826 -0.000340931
23.86 0.244574 0.23574 0.23121 0.00251322 0.000525559 -0.00032347
23.88 0.244677 0.23577 0.231222 0.00257984 0.000732917 0.000290778
23.9 0.244768 0.23585 0.231273 0.00226895 0.00200925 0.00127445
23.92 0.24484 0.236001 0.231364 0.00180118 0.00376279 0.0022981
23.94 0.2449 0.236205 0.231486 0.00151531 0.00510857 0.00304936
23.96 0.244967 0.23642 0.231621 0.00166401 0.0053859 0.00336095
23.98 0.245056 0.236603 0.231752 0.00224146 0.00456669 0.00326494
24 0.245175 0.236733 0.231869 0.00295263 0.00325689 0.00294144
24.02 0.24531 0.236825 0.231973 0.0033842 0.00228071 0.00260071
24.04 0.245441 0.23691 0.232067 0.00327341 0.00214586 0.0023563
24.06 0.245547 0.237021 0.232155 0.00266194 0.00275597 0.00217923
24.08 0.245622 0.237163 0.232234 0.00186189 0.00356845 0.00197952
24.1 0.245674 0.237325 0.232304 0.00130235 0.00404036 0.00175014
24.12 0.245727 0.237485 0.232369 0.0013359 0.00401197 0.0016259
24.14 0.245809 0.237636 0.23244 0.00204302 0.00375242 0.00178284
24.16 0.245934 0.237782 0.232531 0.00313642 0.00365768 0.00226999
24.18 0.246098 0.237937 0.232648 0.00409524 0.00387762 0.00293549
24.2 0.246276 0.238104 0.232788 0.00443567 0.00417899 0.00350119
24.22 0.246434 0.23827 0.232937 0.00396949 0.00413996 0.00372582
24.24 0.246552 0.238411 0.23308 0.00293609 0.00352399 0.00355867
24.26 0.246628 0.238512 0.233207 0.00190665 0.00254111 0.00317522
24.28 0.246687 0.238582 0.233321 0.00146795 0.00175312 0.00284851
24.3 0.246762 0.238649 0.233431 0.00186875 0.00166127 0.00275222
24.32 0.246876 0.238742 0.233545 0.00286501 0.00232844 0.00285041
24.34 0.247031 0.238876 0.233663 0.00386908 0.00334088 0.00294973
24.36 0.247204 0.239039 0.233777 0.00431935 0.0040935 0.00286619
24.38 0.247365 0.239206 0.233881 0.00402121 0.0041545 0.00258039
24.4 0.247494 0.239346 0.233971 0.00322608 0.00349774 0.00226764
24.42 0.247591 0.239445 0.234059 0.00242948 0.00249031 0.00218154
24.44 0.247673 0.239511 0.234157 0.00204234 0.00165156 0.00247027
24.46 0.247758 0.239565 0.23428 0.00214288 0.00135082 0.00305148
24.48 0.247857 0.23963 0.234425 0.00247512 0.00162224 0.00363715
24.5 0.247964 0.239717 0.234581 0.00267664 0.00218367 0.0039063
24.52 0.248066 0.239822 0.234729 0.00254618 0.0026195 0.00370467
24.54 0.248153 0.239927 0.234855 0.00217828 0.00262002 0.0031428
24.56 0.248228 0.240013 0.234956 0.00187137 0.00214823 0.0025309
24.58 0.248304 0.24007 0.235044 0.00188797 0.00143633 0.00218758
24.6 0.248393 0.240103 0.235133 0.00224036 0.000822634 0.00223261
24.62 0.2485 0.240125 0.235234 0.00265681 0.000544048 0.00252254
24.64 0.24861 0.24015 0.235346 0.00276718 0.000624558 0.00278981
24.66 0.248705 0.240187 0.23546 0.00237727 0.000921024 0.00285285
24.68 0.24877 0.240238 0.235569 0.00160925 0.00126455 0.00272411
24.7 0.248803 0.2403 0.23567 0.000823838 0.00156002 0.00253744
24.72 0.248819 0.240371 0.235765 0.000404278 0.00177339 0.00237586
24.74 0.24884 0.240445 0.235852 0.000532848 0.00185536 0.00216263
24.76 0.248884 0.240513 0.235921 0.00110165 0.00170346 0.00172885
24.78 0.248957 0.240563 0.235962 0.00182798 0.00123774 0.0010168
24.8 0.249055 0.240585 0.235971 0.0024445 0.000561559 0.0002237
24.82 0.249167 0.240586 0.235959 0.00279218 3.17552e-05 -0.000286207
24.84 0.249279 0.240589 0.235949 0.00280567 6.9202e-05 -0.000244009
24.86 0.249379 0.240622 0.235963 0.00248957 0.000827986 0.000333653
24.88 0.249457 0.240703 0.23601 0.00195066 0.00202769 0.00117255
24.9 0.249513 0.240827 0.236086 0.00140505 0.00308082 0.0019159
24.92 0.249556 0.240964 0.236179 0.00108836 0.00342519 0.00232957
24.94 0.249601 0.241079 0.236277 0.00111261 0.00287591 0.00243099
24.96 0.249656 0.24115 0.236374 0.00137745 0.00178688 0.00243237
24.98 0.249722 0.241185 0.236476 0.0016395 0.000860843 0.00253863
25 0.24979 0.241212 0.236587 0.00171421 0.000694581 0.00279423
25.02 0.249856 0.241269 0.236711 0.00163679 0.00141186 0.00308975
25.04 0.249921 0.241375 0.236842 0.00162743 0.00265843 0.00327388
25.06 0.249997 0.241531 0.236973 0.00189586 0.00388861 0.00327345
25.08 0.250094 0.241717 0.237099 0.00244188 0.0046664 0.00314925
25.1 0.250215 0.24191 0.237221 0.00301229 0.00480659 0.00305067
25.12 0.250345 0.242084 0.237345 0.0032652 0.00435582 0.00309752
25.14 0.250467 0.242224 0.237476 0.00304666 0.00349525 0.00328426
25.16 0.250569 0.242322 0.237616 0.00253692 0.00246153 0.00349087
25.18 0.250653 0.242384 0.237759 0.00211236 0.00153337 0.0035803
25.2 0.250735 0.242425 0.237899 0.00205434 0.00102944 0.00350299
25.22 0.25083 0.242473 0.238033 0.00236228 0.00121118 0.00334113
25.24 0.250942 0.242557 0.238163 0.00279897 0.00209731 0.00325251
25.26 0.251066 0.242692 0.238296 0.00309532 0.00336699 0.00332922
25.28 0.251191 0.242871 0.238436 0.00312973 0.00447197 0.00349127
25.3 0.25131 0.243066 0.238577 0.00297071 0.00489035 0.00352853
25.32 0.251421 0.243242 0.238708 0.00278902 0.00440139 0.00327447
25.34 0.25153 0.243372 0.238818 0.00272372 0.00323363 0.00275601
25.36 0.251642 0.243451 0.238905 0.00280638 0.00197302 0.00218685
25.38 0.251761 0.243501 0.238978 0.00296327 0.00126646 0.00181499
25.4 0.251884 0.24356 0.239048 0.00307694 0.00147113 0.00175809
25.42 0.252007 0.243657 0.239126 0.00308386 0.00243392 0.0019501
25.44 0.252129 0.2438 0.239214 0.00303975 0.00357312 0.00220223
25.46 0.252252 0.24397 0.239307 0.00307143 0.00424413 0.00231525
25.48 0.252381 0.244135 0.239395 0.00322902 0.00412346 0.00219746
25.5 0.252517 0.244269 0.239472 0.00339293 0.00335001 0.00192484
25.52 0.252651 0.244364 0.239539 0.00336087 0.00238229 0.00167618
25.54 0.252773 0.244433 0.239603 0.00304531 0.00170539 0.00159188
25.56 0.252876 0.244495 0.23967 0.00258395 0.00157164 0.00168561
25.58 0.252967 0.244572 0.239744 0.0022561 0.00190719 0.00185737
25.6 0.253058 0.244668 0.239823 0.00227492 0.00240083 0.00196368
25.62 0.253162 0.244776 0.239899 0.00262126 0.00269887 0.00190592
25.64 0.253285 0.24488 0.239968 0.00306496 0.00260059 0.00171887
25.66 0.253419 0.244966 0.240032 0.00335703 0.002158 0.00159361
25.68 0.253556 0.245031 0.240102 0.00341291 0.00162258 0.00175578
25.7 0.253689 0.245082 0.240192 0.00333112 0.00127294 0.00225946
25.72 0.25382 0.245132 0.240308 0.0032626 0.00125185 0.00288985
25.74 0.25395 0.245193 0.24044 0.00326126 0.00152802 0.0033043
25.76 0.25408 0.245272 0.240572 0.00324376 0.00196844 0.00330279
25.78 0.254203 0.245369 0.240692 0.00309003 0.00243058 0.00298861
25.8 0.254315 0.245481 0.240798 0.00278097 0.00280675 0.00266764
25.82 0.254412 0.245603 0.240902 0.00243638 0.00303294 0.00258136
25.84 0.254501 0.245726 0.24101 0.00222263 0.0030874 0.00271475
25.86 0.25459 0.245846 0.241123 0.00222602 0.0029904 0.00282514
25.88 0.254686 0.245958 0.241229 0.00240333 0.00281805 0.00265559
25.9 0.254792 0.246067 0.241316 0.0026386 0.00270688 0.00216296
25.92 0.254904 0.246179 0.241379 0.0028189 0.00280153 0.00158324
25.94 0.255019 0.246305 0.241431 0.00285655 0.00315715 0.00128396
25.96 0.255126 0.246452 0.241491 0.00268368 0.0036674 0.00150216
25.98 0.255217 0.246615 0.241577 0.00227902 0.00409362 0.00216443
26 0.255285 0.246784 0.241695 0.0017054 0.00420349 0.00293352
26.02 0.25533 0.24694 0.241832 0.0011149 0.00392177 0.00342156
26.04 0.255358 0.247075 0.241968 0.000696493 0.00337342 0.00340327
26.06 0.255381 0.247187 0.242085 0.000578495 0.0027976 0.00292363
26.08 0.255411 0.247284 0.242175 0.000760181 0.00242665 0.00226552
26.1 0.255456 0.24738 0.242247 0.00112321 0.00239704 0.00178953
26.12 0.255517 0.247488 0.242315 0.00151476 0.00269093 0.00170536
26.14 0.25559 0.247613 0.242392 0.00182228 0.00313371 0.00193591
26.16 0.25567 0.247753 0.24248 0.00199342 0.00349233 0.00218897
26.18 0.255751 0.247897 0.242568 0.00203671 0.00360415 0.00219024
26.2 0.255831 0.248035 0.242643 0.00199491 0.00345103 0.00188974
26.22 0.255907 0.248161 0.242703 0.00190057 0.00314403 0.00148705
26.24 0.255977 0.248274 0.242754 0.00176611 0.0028273 0.00128332
26.26 0.256042 0.248377 0.242813 0.00162059 0.00258644 0.00147216
26.28 0.256104 0.248475 0.242893 0.00153996 0.00244679 0.00199614
26.3 0.256169 0.248573 0.242996 0.00162441 0.0024483 0.00258987
26.32 0.256246 0.24868 0.243116 0.0019269 0.00266186 0.00298678
26.34 0.256342 0.248804 0.24324 0.00239874 0.00309673 0.0030968
26.36 0.256458 0.248949 0.24336 0.00289232 0.00362306 0.00300612
26.38 0.256586 0.249109 0.243474 0.00321209 0.00400107 0.00284127
26.4 0.256715 0.249269 0.24358 0.00321474 0.00399986 0.00264762
26.42 0.256832 0.24941 0.243675 0.00293097 0.00354446 0.00239104
26.44 0.256936 0.249523 0.243758 0.00259141 0.0028151 0.00206639
26.46 0.257034 0.24961 0.243829 0.00245841 0.00218238 0.00178765
26.48 0.257138 0.249689 0.243899 0.00260879 0.00198062 0.00174748
26.5 0.257254 0.249781 0.243982 0.00288147 0.00229046 0.0020767
26.52 0.257374 0.249896 0.244091 0.00300091 0.00286979 0.00272825
26.54 0.257485 0.250028 0.244231 0.00277666 0.00329136 0.00348876
26.56 0.257575 0.250157 0.244395 0.00226959 0.00322896 0.00410364
26.58 0.257647 0.250264 0.244571 0.00178203 0.00268267 0.00439346
26.6 0.257712 0.250342 0.244742 0.00163006 0.00196207 0.00428132
26.62 0.257787 0.250401 0.244893 0.00187752 0.00145515 0.00376775
26.64 0.257877 0.250456 0.24501 0.00225139 0.00137941 0.00291942
26.66 0.257969 0.250522 0.245085 0.00230555 0.00165628 0.00188239
26.68 0.25804 0.250601 0.245121 0.00176376 0.00197643 0.000901702
26.7 0.258071 0.250683 0.245133 0.000788653 0.0020381 0.000295153
26.72 0.258068 0.250754 0.245146 -8.28687e-05 0.00177881 0.00031948
26.74 0.258056 0.25081 0.245185 -0.000303066 0.00140133 0.000984263
26.76 0.258068 0.250858 0.245264 0.00031123 0.00119987 0.00198244
26.78 0.258127 0.250912 0.245378 0.00145403 0.00135475 0.00285671
26.8 0.258227 0.250985 0.24551 0.00251141 0.00181874 0.00327748
26.82 0.258345 0.251079 0.245637 0.00295536 0.00235342 0.0031972
26.84 0.258452 0.251187 0.24575 0.00268094 0.00270658 0.00281665
26.86 0.258533 0.251299 0.245848 0.0020069 0.00280012 0.00243876
26.88 0.258588 0.251409 0.245939 0.00138575 0.0027518 0.00228345
26.9 0.258633 0.251519 0.246033 0.00112764 0.00273584 0.00235718
26.92 0.258686 0.251632 0.246132 0.00131453 0.00283065 0.0024634
26.94 0.258759 0.25175 0.246227 0.00183669 0.00295741 0.00236868
26.96 0.258858 0.251868 0.246307 0.00247754 0.00295445 0.00200744
26.98 0.258979 0.251978 0.246369 0.0030243 0.00273736 0.00155389
27 0.259113 0.252074 0.246421 0.00334415 0.00239807 0.00130704
27.02 0.259248 0.252159 0.246481 0.00338328 0.0021337 0.00148292
27.04 0.259375 0.252242 0.246563 0.00315241 0.00206457 0.00206284
27.06 0.259484 0.252327 0.246675 0.00274639 0.00213069 0.00279639
27.08 0.259578 0.252413 0.246809 0.00233195 0.00215995 0.00335244
27.1 0.259661 0.252495 0.24695 0.00207842 0.00204823 0.00351609
27.12 0.259745 0.252571 0.247082 0.00210429 0.00188331 0.0033045
27.14 0.259843 0.252645 0.247199 0.00244387 0.00185947 0.00292397
27.16 0.259963 0.252727 0.247303 0.00300634 0.00205471 0.00260298
27.18 0.260106 0.252819 0.247401 0.00357461 0.00230247 0.00244232
27.2 0.260262 0.252911 0.247496 0.00389912 0.00229426 0.00238703
27.22 0.260416 0.252985 0.247589 0.00385751 0.00183698 0.00232818
27.24 0.260558 0.253027 0.247678 0.00354676 0.0010541 0.00222769
27.26 0.260687 0.25304 0.247764 0.00321931 0.000342943 0.00213227
27.28 0.260811 0.253045 0.247847 0.00311428 0.000107573 0.00207327
27.3 0.260943 0.253065 0.247927 0.0032961 0.00049424 0.00200923
27.32 0.261089 0.253117 0.248003 0.00363134 0.00130224 0.00190256
27.34 0.261245 0.253201 0.248076 0.0039188 0.00211251 0.00181589
27.36 0.261406 0.253303 0.248151 0.00402762 0.002555 0.00187982
27.38 0.261564 0.253404 0.248238 0.00394971 0.00251636 0.00217229
27.4 0.261716 0.253489 0.248344 0.00377887 0.0021361 0.00264324
27.42 0.261862 0.253556 0.248468 0.00365784 0.00165578 0.00312323
27.44 0.26201 0.253607 0.248605 0.00369263 0.00128457 0.00340021
27.46 0.262164 0.253652 0.248738 0.00385762 0.00113496 0.00332702
27.48 0.262324 0.253701 0.248854 0.00399163 0.00122416 0.00291227
27.5 0.26248 0.253763 0.248947 0.00390131 0.00153671 0.0023353
27.52 0.262619 0.253845 0.249022 0.00349187 0.00205956 0.00185252
27.54 0.262733 0.253954 0.249087 0.00285492 0.00271909 0.00164474
27.56 0.262823 0.254087 0.249156 0.00224634 0.00331509 0.00172252
27.58 0.262901 0.25423 0.249235 0.00194468 0.00358737 0.00195919
27.6 0.262984 0.254365 0.249323 0.00207147 0.00338174 0.00221068
27.62 0.263084 0.254477 0.24942 0.00250592 0.00278948 0.00241928
27.64 0.263203 0.254563 0.249524 0.00295789 0.00214843 0.00261474
27.66 0.263328 0.254638 0.249637 0.00313441 0.0018663 0.00282458
27.68 0.263444 0.254725 0.249757 0.0028924 0.0021798 0.00299709
27.7 0.263536 0.254845 0.249878 0.00231566 0.00300895 0.0030147
27.72 0.263603 0.255004 0.24999 0.00167088 0.00396521 0.00279124
27.74 0.263654 0.255185 0.250085 0.00126521 0.00453916 0.00237717
27.76 0.263706 0.255362 0.250163 0.0013076 0.00440855 0.00196641
27.78 0.263779 0.255508 0.250234 0.00181784 0.00366217 0.00177076
27.8 0.263882 0.255618 0.250309 0.0025722 0.00274903 0.00186888
27.82 0.264008 0.255705 0.250395 0.00316441 0.00218486 0.00215401
27.84 0.264137 0.255795 0.250491 0.00321514 0.00224581 0.0024063
27.86 0.264241 0.255909 0.250589 0.00260235 0.00284173 0.00243603
27.88 0.264303 0.256054 0.250676 0.0015652 0.00362113 0.00219065
27.9 0.264328 0.256221 0.250747 0.000614349 0.00417956 0.00177687
27.92 0.264339 0.256391 0.250804 0.000266065 0.00423746 0.00142004
27.94 0.264368 0.256541 0.250858 0.000728825 0.00376098 0.00134597
27.96 0.264438 0.25666 0.250923 0.00175364 0.00297864 0.00161921
27.98 0.264549 0.256751 0.251007 0.00277421 0.00226269 0.00209207
28 0.264679 0.256829 0.251107 0.00325153 0.00195561 0.00252144
28.02 0.264798 0.256918 0.251217 0.00297635 0.00221785 0.00273517
28.04 0.264884 0.257035 0.251326 0.00214139 0.00293353 0.0027222
28.06 0.264931 0.257184 0.25143 0.00119095 0.00373605 0.0026077
28.08 0.264953 0.257351 0.251531 0.000548234 0.00417464 0.00253512
28.1 0.264968 0.25751 0.251633 0.000359766 0.00396068 0.00254797
28.12 0.264985 0.257636 0.251736 0.000440339 0.0031613 0.00257345
28.14 0.265005 0.257724 0.251837 0.000489939 0.00219511 0.00251239
28.16 0.26502 0.257787 0.25193 0.000384795 0.00158634 0.0023305
28.18 0.26503 0.257854 0.252013 0.000250991 0.00165188 0.00208693
28.2 0.265042 0.257947 0.25209 0.000288093 0.00232942 0.00190196
28.22 0.265065 0.258076 0.252165 0.000573868 0.003229 0.00189284
28.24 0.265105 0.258231 0.25225 0.00101509 0.00386812 0.00211277
28.26 0.265163 0.25839 0.252351 0.00143715 0.00397735 0.00252942
28.28 0.265231 0.258537 0.252473 0.00171142 0.00367095 0.00305405
28.3 0.265304 0.25867 0.252617 0.00180953 0.00333416 0.00358616
28.32 0.265375 0.258802 0.252777 0.00179129 0.00330599 0.00400715
28.34 0.265446 0.258947 0.252942 0.00177005 0.00361446 0.00413393
28.36 0.265521 0.259105 0.253093 0.0018697 0.00396112 0.00377272
28.38 0.265607 0.259263 0.253209 0.00216164 0.0039397 0.00290415
28.4 0.265711 0.259397 0.253282 0.00258587 0.00335129 0.00181434
28.42 0.265829 0.259493 0.253321 0.00294401 0.00241478 0.00099048
28.44 0.265949 0.25956 0.253354 0.00301803 0.00167051 0.000824397
28.46 0.266058 0.259624 0.253409 0.00272798 0.00159977 0.00135646
28.48 0.266147 0.259715 0.253499 0.00221048 0.00227476 0.00224656
28.5 0.266218 0.259848 0.253618 0.00178266 0.00331984 0.00298374
28.52 0.266289 0.260015 0.253745 0.00177422 0.00416655 0.00319019
28.54 0.266381 0.260191 0.253859 0.00230648 0.00439953 0.00283341
28.56 0.266509 0.26035 0.253948 0.00319978 0.00397846 0.0022269
28.58 0.266672 0.260478 0.254021 0.00406274 0.00321374 0.00182096
28.6 0.266852 0.260579 0.254097 0.00449621 0.00252073 0.00190684
28.62 0.267024 0.260665 0.254194 0.00430816 0.00213725 0.0024173
28.64 0.267169 0.260746 0.254312 0.00362742 0.00202951 0.00296819
28.66 0.267283 0.260826 0.254437 0.0028372 0.00201345 0.00311966
28.68 0.267377 0.260904 0.254544 0.00236205 0.00195144 0.00267136
28.7 0.267474 0.260979 0.254616 0.00243101 0.00187063 0.00179432
28.72 0.267592 0.261056 0.254653 0.00294633 0.00191001 0.000924936
28.74 0.267734 0.261141 0.254673 0.00355577 0.00214573 0.000509044
28.76 0.26789 0.26124 0.254703 0.00389772 0.00245565 0.000752839
28.78 0.268044 0.261343 0.254764 0.0038499 0.00257965 0.00151529
28.8 0.268188 0.261437 0.25486 0.0035922 0.00234492 0.00241269
28.82 0.268326 0.26151 0.254983 0.00344101 0.00182799 0.00306327
28.84 0.26847 0.261562 0.255114 0.00360204 0.00131041 0.00328336
28.86 0.268631 0.261606 0.255238 0.0040308 0.00108865 0.00310451
28.88 0.26881 0.261657 0.255346 0.00447602 0.00127237 0.00268319
28.9 0.268996 0.261725 0.255435 0.00465311 0.00171388 0.00222766
28.92 0.269173 0.26181 0.255513 0.00442289 0.00211665 0.00194925
28.94 0.269328 0.261899 0.255593 0.00387105 0.00223251 0.00200561
28.96 0.269458 0.26198 0.25569 0.00325571 0.00202772 0.00243479
28.98 0.269572 0.262048 0.255814 0.00284884 0.00169465 0.00309706
29 0.269683 0.262108 0.255962 0.00275991 0.00148781 0.00369465
29.02 0.269798 0.262169 0.256119 0.00288701 0.00153038 0.00392304
29.04 0.26992 0.262238 0.256266 0.00304514 0.00172563 0.00366288
29.06 0.270045 0.262312 0.256388 0.0031323 0.00184451 0.00304897
29.08 0.270171 0.262381 0.256482 0.00315946 0.00173977 0.00237053
29.1 0.270298 0.262441 0.256559 0.00315999 0.00148701 0.00190469
29.12 0.270422 0.262494 0.25663 0.00311204 0.00132279 0.00177671
29.14 0.27054 0.262552 0.256706 0.00294229 0.00145949 0.00190442
29.16 0.270644 0.262629 0.256789 0.00260434 0.00191534 0.00208081
29.18 0.270731 0.262728 0.256875 0.00217657 0.00248635 0.00216104
29.2 0.270806 0.262844 0.256963 0.00186739 0.00289277 0.00219005
29.22 0.27088 0.262963 0.257056 0.00185958 0.00297312 0.00232787
29.24 0.270965 0.263073 0.257162 0.002116 0.00275995 0.00263493
29.26 0.27106 0.26317 0.257279 0.00238538 0.00241677 0.00294694
29.28 0.271157 0.263255 0.257399 0.00240345 0.00213001 0.00299245
29.3 0.27124 0.263336 0.257506 0.00209508 0.0020319 0.00265852
29.32 0.271306 0.263423 0.25759 0.0016351 0.0021586 0.0021238
29.34 0.271359 0.26352 0.257659 0.00132013 0.00244188 0.00172508
29.36 0.271412 0.26363 0.257727 0.00133316 0.00274469 0.00169142
29.38 0.271476 0.263747 0.257807 0.00159833 0.0029234 0.00198599
29.4 0.27155 0.263862 0.257901 0.00185785 0.00287501 0.00236069
29.42 0.271626 0.263965 0.258003 0.00189133 0.00258382 0.00255154
29.44 0.271694 0.264052 0.258102 0.00169442 0.00215703 0.00247936
29.46 0.271752 0.264123 0.258194 0.00146593 0.00179178 0.00230554
29.48 0.271809 0.26419 0.258285 0.00141339 0.00167625 0.0022738
29.5 0.271871 0.264266 0.258384 0.00154695 0.00190154 0.00247288
29.52 0.271936 0.264363 0.258494 0.00164559 0.00241309 0.00274027
29.54 0.271994 0.264483 0.258606 0.00144255 0.00299385 0.00279796
29.56 0.27203 0.264617 0.258706 0.000893717 0.00336418 0.00250895
29.58 0.272041 0.264753 0.258787 0.000289381 0.00338978 0.00202575
29.6 0.272044 0.26488 0.258855 6.59067e-05 0.00317905 0.00168241
29.62 0.272062 0.264999 0.258924 0.00043782 0.00296785 0.00173843
29.64 0.272108 0.265117 0.259012 0.00116502 0.00294815 0.00218786
29.66 0.272175 0.265243 0.259122 0.00167689 0.00316978 0.00276016
29.68 0.272234 0.265384 0.259246 0.0014787 0.0035228 0.0030996
29.7 0.272256 0.265536 0.259366 0.000532866 0.00378636 0.00300371
29.72 0.272229 0.265685 0.259468 -0.000667735 0.00374225 0.00255231
29.74 0.272174 0.265818 0.25955 -0.00137844 0.00332369 0.00205483
29.76 0.272131 0.265927 0.259625 -0.0010717 0.00272476 0.00186688
29.78 0.272139 0.266021 0.259712 0.000201788 0.002347 0.00217207
29.8 0.272212 0.266123 0.259826 0.00183142 0.00254571 0.00284849
29.82 0.272334 0.266256 0.259966 0.00303261 0.00333104 0.00350736
29.84 0.272466 0.266428 0.260114 0.00329928 0.00428911 0.00370668
29.86 0.272571 0.266621 0.260243 0.00264549 0.00482735 0.00322233
29.88 0.272634 0.266804 0.260331 0.00155316 0.00457739 0.00220228
29.9 0.272661 0.26695 0.260375 0.00069441 0.00364535 0.00109766
29.92 0.272684 0.267052 0.260392 0.000572547 0.00254606 0.000409405
29.94 0.272735 0.267127 0.260409 0.00127232 0.0018826 0.000424141
29.96 0.272834 0.267207 0.260453 0.00247711 0.0019887 0.00111775
29.98 0.272982 0.267317 0.260543 0.00368884 0.00277001 0.00224435
30 0.273161 0.267469 0.260682 0.00448381 0.0037936 0.00346698
30.02 0.273349 0.26765 0.260859 0.00468904 0.00451263 0.0044265
30.04 0.273525 0.267831 0.261051 0.00440486 0.00454177 0.00480655
30.06 0.273681 0.267987 0.26123 0.00389357 0.00389008 0.0044684
30.08 0.273818 0.268106 0.261373 0.00344381 0.00296794 0.00356541
30.1 0.27395 0.268198 0.261472 0.00329849 0.00231241 0.00249143
30.12 0.274095 0.268288 0.26154 0.00360632 0.00223711 0.00168543
30.14 0.274269 0.268395 0.261597 0.00435232 0.0026758 0.00142923
30.16 0.274481 0.268527 0.261666 0.00531306 0.00329712 0.00171999
30.18 0.274726 0.268676 0.261756 0.00611926 0.00374809 0.00227145
30.2 0.274983 0.26883 0.261863 0.00643354 0.00384073 0.00267361
30.22 0.275229 0.268974 0.261969 0.00612992 0.00360897 0.00264236
30.24 0.275443 0.269104 0.262057 0.00536206 0.00324535 0.00220081
30.26 0.275622 0.269223 0.262123 0.00447556 0.00295644 0.0016547
30.28 0.275775 0.269336 0.262179 0.00381947 0.00282497 0.00138311
30.3 0.275918 0.269446 0.262242 0.00358543 0.00276712 0.00158656
30.32 0.276069 0.269551 0.262329 0.00376858 0.00262544 0.00216633
30.34 0.276238 0.269645 0.262441 0.00422242 0.0023457 0.00279891
30.36 0.276427 0.269728 0.262566 0.00472947 0.00206506 0.00313207
30.38 0.27663 0.269808 0.262686 0.00507716 0.00201513 0.00299189
30.4 0.276835 0.269902 0.262785 0.00512688 0.00234168 0.00248811
30.42 0.277029 0.270021 0.262863 0.00483913 0.0029737 0.00193465
30.44 0.277199 0.270166 0.262928 0.00426733 0.00364037 0.00162564
30.46 0.277342 0.270327 0.262993 0.00355754 0.0040103 0.00164665
30.48 0.277459 0.270481 0.263068 0.00292146 0.00386336 0.00185462
30.5 0.27756 0.27061 0.263149 0.00253902 0.00321761 0.0020308
30.52 0.277658 0.270704 0.263231 0.00245265 0.00235365 0.00205935
30.54 0.277761 0.270772 0.263311 0.00256811 0.0016856 0.00198415
30.56 0.277872 0.270832 0.263388 0.00276332 0.00150523 0.00193666
30.58 0.277991 0.270903 0.263469 0.00298109 0.00178901 0.00203434
30.6 0.278119 0.270993 0.263562 0.0032111 0.00223887 0.00232015
30.62 0.278256 0.271094 0.263672 0.00340678 0.00253004 0.00273649
30.64 0.278394 0.271196 0.263797 0.00345777 0.00253876 0.00313985
30.66 0.278524 0.27129 0.263932 0.00325311 0.00235787 0.00337762
30.68 0.278635 0.271377 0.264068 0.0027687 0.0021616 0.00338269
30.7 0.27872 0.27146 0.264196 0.00212047 0.00207965 0.00320847
30.72 0.278781 0.271545 0.264315 0.0015488 0.00213605 0.00297632
30.74 0.278834 0.271635 0.264426 0.00130394 0.00223537 0.0027772
30.76 0.278893 0.271724 0.264531 0.00149347 0.00222238 0.00261011
30.78 0.278973 0.271804 0.264626 0.00200133 0.00201139 0.00239601
30.8 0.279075 0.271871 0.264709 0.00253503 0.00167297 0.00206503
30.82 0.279187 0.271926 0.264776 0.00279371 0.00136883 0.00167003
30.84 0.279293 0.271974 0.264833 0.00265009 0.00120627 0.00141743
30.86 0.279381 0.272021 0.264895 0.00220158 0.00118758 0.00155042
30.88 0.279447 0.272072 0.264981 0.00165268 0.00125575 0.00215765
30.9 0.279493 0.272125 0.265103 0.00114966 0.00132976 0.00305884
30.92 0.279521 0.272178 0.265258 0.000716341 0.00133794 0.00386968
30.94 0.279534 0.272229 0.265426 0.000325534 0.00127644 0.00419965
30.96 0.279534 0.272278 0.26558 3.50129e-07 0.0012121 0.00385218
30.98 0.279529 0.272326 0.265697 -0.000148093 0.0012062 0.0029337
31 0.27953 0.272377 0.265771 2.65523e-05 0.00126225 0.00182901
31.02 0.279552 0.272431 0.265812 0.000555268 0.00135484 0.00102655
31.04 0.279601 0.272489 0.265846 0.00121839 0.00146043 0.000865549
31.06 0.279665 0.272551 0.265901 0.00160686 0.00153856 0.00135623
31.08 0.279721 0.272612 0.265988 0.00140191 0.0015357 0.00218784
31.1 0.279747 0.27267 0.266105 0.000652097 0.00145078 0.00292246
31.12 0.279739 0.272726 0.266235 -0.000209178 0.001388 0.00323978
31.14 0.279713 0.272786 0.266358 -0.000649976 0.00149671 0.00308143
31.16 0.279696 0.27286 0.266462 -0.000412741 0.00185143 0.00261364
31.18 0.279709 0.272955 0.266545 0.000318183 0.00237834 0.00207246
31.2 0.279751 0.273069 0.266611 0.0010425 0.00286511 0.00163354
31.22 0.2798 0.273192 0.266666 0.00124948 0.00307342 0.00137332
31.24 0.27983 0.273309 0.266717 0.00074469 0.00291456 0.00129504
31.26 0.279823 0.273411 0.266772 -0.000183709 0.00254279 0.00137172
31.28 0.279786 0.2735 0.266835 -0.00091549 0.00224518 0.00156951
31.3 0.27975 0.273589 0.266909 -0.000917623 0.00222336 0.001846
31.32 0.279745 0.273689 0.266994 -0.000122091 0.00248131 0.00213826
31.34 0.279786 0.273803 0.267089 0.00103964 0.00286967 0.00237373
31.36 0.279864 0.273931 0.267189 0.00195433 0.00319498 0.00250538
31.38 0.279953 0.274065 0.267291 0.00222091 0.00333757 0.00253625
31.4 0.280027 0.274198 0.267391 0.00185333 0.00332481 0.00251341
31.42 0.280077 0.27433 0.267491 0.00122966 0.00329922 0.00248868
31.44 0.28011 0.274465 0.26759 0.000839065 0.00338414 0.00248544
31.46 0.280149 0.274608 0.267691 0.000981137 0.0035794 0.00251715
31.48 0.280214 0.27476 0.267795 0.00160714 0.00379379 0.00260773
31.5 0.28031 0.274918 0.267906 0.00240514 0.00394378 0.00276802
31.52 0.280432 0.275078 0.268025 0.00304082 0.00400498 0.00296627
31.54 0.280566 0.275238 0.26815 0.00336112 0.00400205 0.00312988
31.56 0.280704 0.275397 0.268277 0.00343826 0.00397452 0.00317607
31.58 0.280843 0.275555 0.2684 0.00347438 0.00394426 0.00306689
31.6 0.280989 0.275711 0.268513 0.0036625 0.00390149 0.00283966
31.62 0.281152 0.275864 0.268616 0.0040787 0.003818 0.00257173
31.64 0.281338 0.276011 0.268709 0.0046463 0.00367732 0.00233137
31.66 0.281545 0.27615 0.268796 0.005176 0.00349283 0.00216031
31.68 0.281763 0.276283 0.268878 0.00546096 0.00331281 0.00206305
31.7 0.281979 0.276411 0.268958 0.0053915 0.00320234 0.00200308
31.72 0.28218 0.276539 0.269036 0.00502273 0.00320052 0.00193611
31.74 0.282361 0.27667 0.26911 0.00453575 0.00328513 0.00185964
31.76 0.282527 0.276806 0.269184 0.00413396 0.00337928 0.00182953
31.78 0.282686 0.276942 0.26926 0.00397276 0.00340344 0.00190919
31.8 0.282851 0.277075 0.269343 0.00413886 0.00332446 0.0020842
31.82 0.283035 0.277201 0.269433 0.00460155 0.00315514 0.00224371
31.84 0.283242 0.277319 0.269524 0.0051649 0.00294685 0.00226608
31.86 0.283464 0.277431 0.269609 0.0055535 0.00280287 0.00212718
31.88 0.283688 0.277545 0.269685 0.00558585 0.00285913 0.00191504
31.9 0.283898 0.277673 0.269755 0.00526663 0.00318586 0.00174133
31.92 0.284088 0.27782 0.269822 0.00475535 0.00368457 0.00166668
31.94 0.284259 0.277984 0.26989 0.00427169 0.00409654 0.00170046
31.96 0.284419 0.27815 0.269962 0.00400425 0.00414922 0.00180808
31.98 0.284581 0.2783 0.270039 0.00403676 0.00374188 0.00191532
32 0.284753 0.278421 0.270117 0.00429379 0.00302702 0.0019667
32.02 0.284935 0.278514 0.270197 0.0045656 0.00233861 0.00199312
32.04 0.28512 0.278595 0.27028 0.0046222 0.0020089 0.00207245
32.06 0.285295 0.278682 0.270369 0.00436186 0.00217564 0.0022325
32.08 0.28545 0.27879 0.270466 0.00388563 0.00270457 0.00243066
32.1 0.285587 0.278921 0.270571 0.00342894 0.00327604 0.00262176
32.12 0.285716 0.279064 0.270684 0.00322332 0.00357007 0.00282065
32.14 0.285851 0.279201 0.270807 0.00338201 0.00343746 0.00306824
32.16 0.286005 0.279319 0.270939 0.0038325 0.00296075 0.00331178
32.18 0.286177 0.279414 0.271074 0.00430798 0.00237256 0.00335735
32.2 0.286356 0.279491 0.271194 0.00446097 0.00191036 0.00301172
32.22 0.286519 0.279559 0.271286 0.00407738 0.00171209 0.00230086
32.24 0.286647 0.27963 0.271347 0.00321269 0.00177713 0.00152484
32.26 0.286733 0.27971 0.27139 0.00215314 0.00198575 0.00106193
32.28 0.286784 0.279797 0.271434 0.00126226 0.00216882 0.00111285
32.3 0.286816 0.279885 0.271498 0.000814362 0.00221917 0.00160661
32.32 0.286852 0.279972 0.27159 0.000884438 0.0021616 0.00228667
32.34 0.286905 0.280055 0.271704 0.00133508 0.00209197 0.00286525
32.36 0.286981 0.280138 0.271831 0.00190692 0.00206124 0.0031568
32.38 0.287075 0.280219 0.271957 0.00234639 0.00202801 0.00314809
32.4 0.287175 0.280295 0.272076 0.0024985 0.00189232 0.00299302
32.42 0.287269 0.280358 0.272193 0.00234536 0.00157524 0.00291391
32.44 0.287348 0.280402 0.272314 0.00198304 0.00111375 0.00302206
32.46 0.28741 0.28043 0.272442 0.00155087 0.000697008 0.00319961
32.48 0.287456 0.280453 0.272569 0.00114448 0.000564231 0.00318158
32.5 0.287487 0.280486 0.27268 0.000769076 0.000836126 0.00277821
32.52 0.287503 0.280543 0.272762 0.000394371 0.00140958 0.00204159
32.54 0.287505 0.280622 0.272812 6.47691e-05 0.00199189 0.00124631
32.56 0.287502 0.280712 0.27284 -8.87125e-05 0.00224966 0.000712918
32.58 0.287503 0.280792 0.272865 3.01258e-05 0.00200333 0.00062192
32.6 0.287517 0.280846 0.272902 0.000350886 0.00134461 0.000933217
32.62 0.287542 0.28087 0.27296 0.000637151 0.000590661 0.00143588
32.64 0.287569 0.280874 0.273036 0.000663539 0.000103601 0.00189652
32.66 0.287586 0.280877 0.273124 0.000425471 8.4641e-05 0.0022054
32.68 0.287592 0.280896 0.27322 0.00014638 0.000469449 0.00240408
32.7 0.287595 0.280936 0.273323 7.38131e-05 0.000991239 0.00258487
32.72 0.287606 0.28099 0.273434 0.000290133 0.00135786 0.0027554
32.74 0.287633 0.281047 0.273545 0.000665872 0.00142288 0.00278315
32.76 0.287671 0.281097 0.273645 0.000942819 0.00126044 0.00248724
32.78 0.287707 0.281141 0.273717 0.000903242 0.00110233 0.00182445
32.8 0.28773 0.281189 0.273758 0.000566364 0.00118535 0.0010131
32.82 0.287739 0.281253 0.273777 0.000235576 0.00160892 0.000475342
32.84 0.287749 0.281343 0.273801 0.000262096 0.00225307 0.000592252
32.86 0.287779 0.281456 0.273858 0.000732864 0.00282456 0.00142045
32.88 0.287835 0.281578 0.273962 0.00140361 0.00305282 0.00260333
32.9 0.287911 0.281694 0.274105 0.00190439 0.00289756 0.00358176
32.92 0.287991 0.281798 0.274263 0.00199232 0.00259689 0.00394966
32.94 0.288059 0.281899 0.27441 0.0016961 0.00252393 0.00368707
32.96 0.288111 0.282017 0.274535 0.00130457 0.00293996 0.00311689
32.98 0.288159 0.282169 0.274641 0.00119842 0.00379942 0.00265302
33 0.288223 0.282359 0.274743 0.00161076 0.0047452 0.00253462
33.02 0.288322 0.282571 0.274851 0.00247015 0.00531688 0.00271677
33.04 0.288459 0.282781 0.27497 0.00341751 0.00523607 0.00297126
33.06 0.288618 0.282964 0.275094 0.00398971 0.00458824 0.00309204
33.08 0.288774 0.283115 0.275215 0.00390437 0.00377958 0.00301998
33.1 0.288905 0.283246 0.275327 0.00325903 0.00327685 0.00281717
33.12 0.289003 0.283379 0.27543 0.00246771 0.00331313 0.00257724
33.14 0.289083 0.28353 0.275525 0.00198231 0.00378436 0.00237416
33.16 0.289164 0.283705 0.275615 0.00202197 0.00436888 0.00224939
33.18 0.289264 0.283894 0.275704 0.00250591 0.00472496 0.00221388
33.2 0.289391 0.28408 0.275794 0.00317195 0.00465748 0.00226078
33.22 0.28954 0.284249 0.275889 0.00371995 0.00420707 0.00237491
33.24 0.289698 0.284394 0.27599 0.00395387 0.00362717 0.00251941
33.26 0.289853 0.284523 0.276095 0.00388778 0.00324043 0.0026114
33.28 0.290001 0.284653 0.276196 0.00369821 0.0032435 0.00254754
33.3 0.290144 0.284797 0.276289 0.00356741 0.003586 0.00230373
33.32 0.290286 0.284956 0.276369 0.00356087 0.00399502 0.0020071
33.34 0.290431 0.285122 0.276443 0.00361766 0.00413378 0.00185519
33.36 0.290577 0.285275 0.276521 0.00363859 0.00383829 0.0019512
33.38 0.29072 0.285406 0.27661 0.00359185 0.00325798 0.00222603
33.4 0.290861 0.285516 0.27671 0.00351998 0.00275513 0.00249708
33.42 0.290999 0.285622 0.276814 0.00345785 0.00264403 0.00260648
33.44 0.291135 0.28574 0.276916 0.00339929 0.00296899 0.00253134
33.46 0.291269 0.285878 0.277011 0.00334294 0.00345237 0.00237801
33.48 0.291402 0.286025 0.277101 0.00332842 0.00366201 0.00227043
33.5 0.291539 0.286158 0.277192 0.00342759 0.00333605 0.00225645
33.52 0.291688 0.286263 0.277284 0.00371089 0.00261167 0.00230193
33.54 0.291854 0.28634 0.277377 0.00416662 0.0019361 0.00234171
33.56 0.292038 0.28641 0.27747 0.00460036 0.00173934 0.00232494
33.58 0.292225 0.286495 0.27756 0.00466698 0.0021226 0.00223451
33.6 0.29239 0.286606 0.277643 0.00411784 0.00277429 0.00208673
33.62 0.292512 0.286733 0.277719 0.00305868 0.00318497 0.00190176
33.64 0.29259 0.286853 0.277786 0.00195333 0.00300129 0.00166526
33.66 0.292645 0.286943 0.27784 0.00136683 0.00225789 0.00134373
33.68 0.29271 0.286997 0.277879 0.00162738 0.00135001 0.000970117
33.7 0.292814 0.287029 0.277907 0.00259632 0.000779305 0.000710415
33.72 0.292962 0.287062 0.277939 0.00369926 0.000835579 0.000798439
33.74 0.293133 0.287119 0.277993 0.00428756 0.00141365 0.00135275
33.76 0.293297 0.287202 0.278083 0.00409647 0.00209608 0.00224518
33.78 0.293433 0.2873 0.278209 0.00339027 0.00244169 0.00315029
33.8 0.29354 0.287391 0.278357 0.00268336 0.00226413 0.00371251
33.82 0.293634 0.287459 0.278506 0.0023432 0.00170487 0.00371601
33.84 0.29373 0.287503 0.278634 0.00240336 0.00109362 0.00319316
33.86 0.293835 0.287532 0.27873 0.00261686 0.000744569 0.00241183
33.88 0.293941 0.287565 0.2788 0.00265136 0.000825854 0.00173655
33.9 0.294035 0.287618 0.278859 0.00235403 0.00131858 0.00147342
33.92 0.294112 0.2877 0.278929 0.0019156 0.00204061 0.00176402
33.94 0.29418 0.287809 0.27903 0.00171977 0.00272327 0.00252783
33.96 0.29426 0.287933 0.279169 0.0020002 0.00311715 0.00347632
33.98 0.294366 0.288056 0.279339 0.00264316 0.00306764 0.0042314
34 0.294497 0.288159 0.279518 0.0032744 0.00257069 0.00449038
34.02 0.294637 0.288231 0.279684 0.00350519 0.00180529 0.00415323
34.04 0.294764 0.288274 0.279819 0.00315826 0.00107237 0.00337513
34.06 0.294859 0.2883 0.27992 0.00237326 0.000647714 0.00251265
34.08 0.294919 0.288326 0.279997 0.00151797 0.000654721 0.00193985
34.1 0.294957 0.288368 0.28007 0.000934282 0.00103591 0.00181927
34.12 0.294985 0.288432 0.280151 0.000710627 0.00159731 0.00201531
34.14 0.295012 0.288515 0.280239 0.000667131 0.00208588 0.00221296
34.16 0.295034 0.288607 0.280325 0.000564298 0.00230821 0.00215036
34.18 0.295048 0.288696 0.280397 0.000333665 0.00222512 0.00179888
34.2 0.295053 0.288774 0.280452 0.000141455 0.00193103 0.00137005
34.22 0.295063 0.288837 0.280498 0.00024834 0.00158216 0.0011552
34.24 0.295094 0.288891 0.280551 0.000773217 0.00135486 0.00132536
34.26 0.295156 0.288947 0.280624 0.00154601 0.00139463 0.00182586
34.28 0.295243 0.289015 0.280721 0.002178 0.00170721 0.00241673
34.3 0.295335 0.289099 0.280834 0.00230167 0.002098 0.00281645
34.32 0.295408 0.289191 0.280948 0.00182152 0.00229534 0.00285307
34.34 0.295449 0.289277 0.28105 0.00101869 0.00215887 0.0025472
34.36 0.295465 0.289348 0.281133 0.000416813 0.00177166 0.00207145
34.38 0.295484 0.289402 0.281196 0.00047127 0.00136052 0.00159376
34.4 0.295536 0.289448 0.281243 0.00128496 0.00114723 0.00116989
34.42 0.295637 0.289498 0.281275 0.00254213 0.00124646 0.000798785
34.44 0.295785 0.289563 0.281297 0.00369451 0.00163082 0.000550897
34.46 0.295956 0.28965 0.281321 0.00428107 0.00216033 0.00060414
34.48 0.296123 0.289756 0.281366 0.00417542 0.00265406 0.00112009
34.5 0.296268 0.289875 0.281449 0.00360647 0.00298631 0.0020732
34.52 0.296387 0.290001 0.281577 0.00298069 0.00314312 0.00318806
34.54 0.296492 0.290128 0.281738 0.00263658 0.00317831 0.00403027
34.56 0.296599 0.290254 0.281907 0.00267209 0.00314508 0.00422133
34.58 0.296717 0.290377 0.282053 0.00293439 0.00307351 0.00365301
34.6 0.296843 0.290496 0.282156 0.00316578 0.00297804 0.00257419
34.62 0.296972 0.290612 0.282215 0.00320669 0.00288534 0.0014848
34.64 0.297095 0.290726 0.28225 0.00309755 0.00285122 0.000864609
34.66 0.297215 0.290843 0.282286 0.00299899 0.00292669 0.000916128
34.68 0.297336 0.290967 0.282346 0.00301589 0.00310501 0.00149173
34.7 0.29746 0.291099 0.282435 0.00309381 0.00330703 0.00221453
34.72 0.297583 0.291237 0.282543 0.00307802 0.00344019 0.00270106
34.74 0.297698 0.291376 0.282653 0.00288123 0.00349057 0.00277216
34.76 0.297802 0.291519 0.282755 0.00258921 0.00355261 0.00253077
34.78 0.297897 0.291668 0.282845 0.00239294 0.00374564 0.00224922
34.8 0.297994 0.291832 0.282932 0.00241681 0.00408927 0.0021712
34.82 0.298098 0.29201 0.283027 0.00260368 0.00445697 0.00239878
34.84 0.298209 0.292196 0.283143 0.00277067 0.00463667 0.0028841
34.86 0.29832 0.292375 0.283281 0.00277867 0.00447806 0.00346263
34.88 0.298426 0.292537 0.283437 0.00264826 0.00405293 0.00389533
34.9 0.298527 0.292683 0.283595 0.0025179 0.00365741 0.00394623
34.92 0.298628 0.292826 0.283736 0.00252439 0.00357827 0.0035152
34.94 0.298736 0.292979 0.283845 0.00271402 0.0038239 0.0027411
34.96 0.298857 0.293144 0.283924 0.00300937 0.00410639 0.0019676
34.98 0.298986 0.293308 0.283987 0.00323609 0.00411559 0.00157997
35 0.299116 0.29346 0.284059 0.00323207 0.00378783 0.00180255
35.02 0.299236 0.293593 0.284162 0.00301254 0.00332843 0.00256407
35.04 0.299349 0.293714 0.284302 0.00281638 0.00303604 0.00351002
35.06 0.299465 0.293838 0.284469 0.00290386 0.00308604 0.00416513
35.08 0.299596 0.293974 0.284636 0.00327369 0.00340993 0.00416792
35.1 0.29974 0.294123 0.284774 0.00361537 0.00372084 0.00345649
35.12 0.299884 0.29427 0.284866 0.0035788 0.00368082 0.00231145
35.14 0.300007 0.294396 0.284915 0.00309439 0.003153 0.0012178
35.16 0.300105 0.29449 0.284939 0.00243472 0.00234944 0.000593282
35.18 0.300185 0.294558 0.28496 0.00201005 0.00169689 0.000544019
35.2 0.300269 0.294619 0.284994 0.00209321 0.00151999 0.000838685
35.22 0.300374 0.294692 0.28504 0.00264003 0.00182779 0.0011391
35.24 0.300506 0.294786 0.28509 0.00329638 0.00234231 0.00126831
35.26 0.30065 0.294893 0.285141 0.00360418 0.00268778 0.00127503
35.28 0.300783 0.294997 0.285194 0.0033254 0.00259854 0.00131663
35.3 0.30089 0.29508 0.285254 0.0026514 0.00206108 0.00150991
35.32 0.300972 0.295133 0.285328 0.0020643 0.00133033 0.00184226
35.34 0.30105 0.295165 0.285415 0.00194274 0.000800747 0.00216566
35.36 0.301141 0.295196 0.285506 0.00227206 0.000782486 0.00228967
35.38 0.301248 0.295248 0.285591 0.00267578 0.00130088 0.00212946
35.4 0.301357 0.295331 0.285663 0.00272676 0.00206141 0.00178248
35.42 0.301448 0.295436 0.285721 0.00228711 0.00262286 0.00145338
35.44 0.301512 0.295542 0.285773 0.00159037 0.00265781 0.00129117
35.46 0.301553 0.295626 0.285824 0.00103332 0.00211117 0.00129344
35.48 0.301589 0.295675 0.285879 0.000892909 0.00121651 0.0013696
35.5 0.301636 0.295692 0.285938 0.00117636 0.000416383 0.00147607
35.52 0.301703 0.295699 0.286004 0.00167059 0.000174436 0.00165943
35.54 0.301787 0.295727 0.286083 0.00209485 0.000697414 0.00197305
35.56 0.301876 0.295797 0.286179 0.00224457 0.00176016 0.00238678
35.58 0.30196 0.29591 0.28629 0.00208092 0.00283155 0.00278441
35.6 0.302029 0.296046 0.286412 0.0017267 0.0034073 0.00303728
35.62 0.302083 0.296178 0.286535 0.00135644 0.00327839 0.00308096
35.64 0.302126 0.296282 0.286652 0.00107521 0.00260158 0.0029362
35.66 0.302162 0.296353 0.286759 0.00089054 0.00178502 0.00266306
35.68 0.302193 0.296403 0.286852 0.000795506 0.00125639 0.00232331
35.7 0.302228 0.296453 0.286932 0.000852526 0.00122905 0.00200797
35.72 0.302274 0.296517 0.287007 0.00116635 0.0016029 0.00187019
35.74 0.302345 0.296599 0.28709 0.00176125 0.00206727 0.0020683
35.76 0.302444 0.296692 0.287195 0.00249529 0.00231501 0.00262949
35.78 0.302568 0.29678 0.28733 0.00309832 0.00221438 0.00336886
35.8 0.302701 0.296855 0.287488 0.00330412 0.00185468 0.00395058
35.82 0.302822 0.296915 0.287649 0.00303385 0.00149841 0.00404079
35.84 0.302923 0.296973 0.287789 0.00252087 0.00145587 0.00348596
35.86 0.303011 0.297048 0.287886 0.00220898 0.00188145 0.00242932
35.88 0.303108 0.297153 0.287937 0.00241903 0.0026145 0.00127214
35.9 0.303231 0.297283 0.287957 0.00307052 0.00325572 0.000496204
35.92 0.30338 0.297421 0.287974 0.00372719 0.00343955 0.000433342
35.94 0.303537 0.297543 0.288018 0.00392633 0.00307274 0.00109197
35.96 0.303678 0.297638 0.288103 0.00353586 0.0023686 0.00214434
35.98 0.303793 0.297706 0.288228 0.00285943 0.00169329 0.00310738
36 0.303888 0.29776 0.288372 0.00237737 0.00136229 0.00361171
36.02 0.303982 0.29782 0.288516 0.00235883 0.00150192 0.00359274
36.04 0.30409 0.297901 0.288647 0.00270446 0.00201733 0.00327107
36.06 0.304214 0.298008 0.288764 0.00308571 0.00268008 0.00291948
36.08 0.304342 0.298139 0.288869 0.00320833 0.00326632 0.00262945
36.1 0.304463 0.298284 0.288961 0.00303717 0.0036331 0.00231294
36.12 0.304577 0.298433 0.289037 0.00283091 0.00371208 0.00189738
36.14 0.304692 0.298572 0.289096 0.00288776 0.00348491 0.0014664
36.16 0.304821 0.298691 0.289144 0.00323041 0.00298186 0.00119707
36.18 0.304965 0.298784 0.289192 0.00358981 0.00231238 0.00119662
36.2 0.305112 0.298851 0.289249 0.003673 0.00167309 0.00143519
36.22 0.305248 0.298902 0.289321 0.0034022 0.00128094 0.00180022
36.24 0.305366 0.298953 0.289408 0.0029524 0.0012692 0.00218329
36.26 0.305471 0.299018 0.28951 0.00261849 0.00162356 0.00253958
36.28 0.305576 0.299105 0.289624 0.00262836 0.00217968 0.0028587
36.3 0.305697 0.299212 0.289747 0.00301288 0.00267632 0.00306512
36.32 0.30584 0.299327 0.289866 0.00359054 0.0028607 0.00297897
36.34 0.306003 0.299431 0.289963 0.00407011 0.00261572 0.00243812
36.36 0.306172 0.299513 0.290023 0.00422945 0.00205292 0.00149994
36.38 0.306334 0.299574 0.290044 0.00405498 0.00150791 0.000505392
36.4 0.306483 0.299628 0.290039 0.00371858 0.0013708 -0.000115419
36.42 0.306619 0.299701 0.290034 0.003403 0.00182455 -0.000128842
36.44 0.306745 0.29981 0.290049 0.00314676 0.00270733 0.000378179
36.46 0.30686 0.299954 0.290093 0.00287974 0.00362024 0.00109794
36.48 0.306964 0.300121 0.290161 0.00260035 0.00417295 0.00171257
36.5 0.307063 0.300288 0.290244 0.00245632 0.00417647 0.00206162
36.52 0.307168 0.300436 0.290332 0.00263254 0.00369839 0.00219467
36.54 0.307294 0.300556 0.290423 0.00316537 0.0030012 0.0022814
36.56 0.307449 0.300653 0.29052 0.00385253 0.00242392 0.00243208
36.58 0.307621 0.300743 0.290623 0.00432056 0.00224442 0.00257841
36.6 0.30779 0.300845 0.290725 0.00421623 0.00254676 0.00253138
36.62 0.307928 0.300972 0.290811 0.00344215 0.00316664 0.00216433
36.64 0.308019 0.301123 0.290874 0.00227448 0.00378122 0.00155893
36.66 0.308068 0.301287 0.290914 0.00122392 0.00411112 0.00100084
36.68 0.308097 0.301451 0.290946 0.000723855 0.00409976 0.000820093
36.7 0.308132 0.301608 0.290993 0.000876701 0.00392091 0.00117471
36.72 0.308189 0.30176 0.291071 0.00142353 0.00379115 0.00193508
36.74 0.308266 0.30191 0.291181 0.00194345 0.00375431 0.00275887
36.76 0.308352 0.302057 0.291313 0.0021456 0.00366339 0.00329558
36.78 0.308434 0.302191 0.291448 0.00204832 0.00334956 0.003375
36.8 0.30851 0.302302 0.291571 0.00190926 0.00279046 0.00307625
36.82 0.30859 0.302388 0.291678 0.00198578 0.00215213 0.00266781
36.84 0.308682 0.302456 0.291776 0.00230768 0.00169407 0.00246052
36.86 0.308787 0.302521 0.291881 0.002631 0.00161565 0.00261823
36.88 0.308892 0.302598 0.292002 0.00262498 0.00192242 0.00303719
36.9 0.308979 0.302694 0.29214 0.00215141 0.00240576 0.00343143
36.92 0.309035 0.302806 0.292283 0.00141541 0.00279456 0.00358433
36.94 0.309069 0.302922 0.292423 0.00083608 0.00291936 0.0035112
36.96 0.309098 0.303032 0.292558 0.00073278 0.00273291 0.00335957
36.98 0.309142 0.303121 0.292685 0.00109929 0.00223888 0.00318695
37 0.309208 0.30318 0.292801 0.00165017 0.00147362 0.00288175
37.02 0.30929 0.303203 0.292893 0.00206415 0.00057285 0.00230404
37.04 0.309379 0.303195 0.292952 0.00221764 -0.000198964 0.001489
37.06 0.309468 0.303173 0.292981 0.00223158 -0.000552066 0.000708959
37.08 0.309561 0.30316 0.292994 0.00231623 -0.00033394 0.000322968
37.1 0.309663 0.303175 0.293015 0.00255394 0.000373159 0.00053686
37.12 0.309775 0.303226 0.293066 0.00279698 0.00128052 0.00126937
37.14 0.309886 0.303307 0.293154 0.00277109 0.00203206 0.00220985
37.16 0.309978 0.303402 0.293274 0.00230324 0.00237836 0.0029999
37.18 0.310038 0.303493 0.29341 0.00149358 0.00227325 0.0033969
37.2 0.310066 0.303567 0.293544 0.000704423 0.00185782 0.0033351
37.22 0.310081 0.303623 0.29366 0.000368884 0.00138221 0.00290034
37.24 0.310109 0.303666 0.293751 0.000715933 0.00108375 0.00227963
37.26 0.310174 0.30371 0.293819 0.00160359 0.00109331 0.00171005
37.28 0.310278 0.303767 0.293875 0.00261867 0.00141586 0.00138893
37.3 0.310412 0.303845 0.293929 0.00335406 0.00195842 0.00136141
37.32 0.310558 0.303947 0.293989 0.0036349 0.0025664 0.00149865
37.34 0.310699 0.30407 0.294054 0.00353003 0.00306618 0.00161055
37.36 0.310827 0.304204 0.294117 0.00319898 0.00333635 0.00158093
37.38 0.310937 0.304338 0.294173 0.00275138 0.00334922 0.00140047
37.4 0.311027 0.304464 0.294218 0.00223903 0.0031548 0.00111998
37.42 0.311096 0.304578 0.29425 0.00174498 0.00285574 0.00080779
37.44 0.311153 0.304681 0.294272 0.00142298 0.00258371 0.000557684
37.46 0.311211 0.304781 0.294293 0.00144804 0.00249248 0.00051134
37.48 0.311288 0.304889 0.294324 0.00191117 0.00270208 0.000794749
37.5 0.311396 0.305016 0.29438 0.00271003 0.00316653 0.00139095
37.52 0.311537 0.305161 0.294464 0.00352246 0.00362436 0.00210489
37.54 0.311695 0.305311 0.294572 0.00395206 0.00374948 0.00268582
37.56 0.311846 0.305446 0.294691 0.00378308 0.00338149 0.00297179
37.58 0.311972 0.305552 0.294808 0.00314153 0.00263821 0.00293953
37.6 0.31207 0.305625 0.294915 0.00244162 0.00184793 0.00266729
37.62 0.312155 0.30568 0.295006 0.00214429 0.00136419 0.00226945
37.64 0.312254 0.305735 0.29508 0.00246775 0.00136627 0.00184948
37.66 0.312384 0.305805 0.295139 0.00324036 0.00175638 0.00149387
37.68 0.312545 0.305894 0.295191 0.00402172 0.00223229 0.00128729
37.7 0.31272 0.305994 0.295243 0.00439481 0.00248844 0.00130825
37.72 0.312888 0.30609 0.295307 0.00419904 0.00239795 0.00160685
37.74 0.313032 0.306172 0.295394 0.00358511 0.00206511 0.00216398
37.76 0.313148 0.306241 0.295508 0.00291075 0.00173082 0.00285835
37.78 0.31325 0.306306 0.295648 0.00254703 0.00160487 0.00349355
37.8 0.313357 0.306376 0.295803 0.00267451 0.0017526 0.00388438
37.82 0.313484 0.30646 0.295962 0.00317723 0.0020958 0.00395093
37.84 0.313634 0.306559 0.296112 0.0037332 0.00247662 0.00375408
37.86 0.313795 0.306668 0.29625 0.00404181 0.00274339 0.00345528
37.88 0.313955 0.306782 0.296379 0.00400437 0.002827 0.00322314
37.9 0.314105 0.306892 0.296504 0.00374918 0.00275593 0.0031237
37.92 0.314246 0.306996 0.296627 0.00351992 0.00260822 0.00308613
37.94 0.314387 0.307094 0.296747 0.003518 0.00246063 0.00298274
37.96 0.314537 0.307189 0.296855 0.00375645 0.00235714 0.0027194
37.98 0.314697 0.307281 0.296945 0.00400036 0.00231136 0.00224617
38 0.314854 0.307375 0.297008 0.00391031 0.00233332 0.00156011
38.02 0.314986 0.307472 0.297038 0.00331209 0.0024371 0.000767793
38.04 0.315081 0.307578 0.297043 0.0023832 0.00264221 0.000117384
38.06 0.315145 0.307696 0.297039 0.00159957 0.00296329 -0.000100573
38.08 0.315203 0.307831 0.29705 0.00144773 0.00336388 0.000275422
38.1 0.315286 0.307979 0.297096 0.00206719 0.00370325 0.00114369
38.12 0.315409 0.308129 0.29718 0.00308721 0.00374729 0.00211019
38.14 0.315562 0.308261 0.297285 0.00381721 0.00330669 0.00263338
38.16 0.31571 0.308359 0.297379 0.00368736 0.00243932 0.00233904
38.18 0.315816 0.308419 0.297432 0.00265262 0.00151127 0.00131882
38.2 0.315866 0.308459 0.297438 0.00125777 0.00100459 0.00015454
38.22 0.315878 0.308507 0.297422 0.000304141 0.0012026 -0.00040857
38.24 0.315892 0.308587 0.297423 0.000337019 0.00198292 3.68781e-05
38.26 0.315943 0.308701 0.297473 0.00129425 0.00285214 0.00125366
38.28 0.316045 0.30883 0.297573 0.00254605 0.00323869 0.00250314
38.3 0.316178 0.308946 0.297695 0.00330666 0.00289177 0.00305195
38.32 0.316304 0.30903 0.297802 0.00316509 0.00209067 0.00267208
38.34 0.316397 0.309089 0.297873 0.00232568 0.00148698 0.00175852
38.36 0.316452 0.309155 0.297913 0.00138144 0.00164457 0.00100424
38.38 0.316488 0.309258 0.297949 0.00088888 0.00257221 0.000911937
38.4 0.316531 0.309404 0.298009 0.00106801 0.00366596 0.00150139
38.42 0.3166 0.30957 0.298104 0.00173695 0.00414823 0.00237095
38.44 0.3167 0.309716 0.298225 0.00248515 0.00364663 0.00303224
38.46 0.316818 0.309815 0.298355 0.00295981 0.00247257 0.00324832
38.48 0.316939 0.309871 0.29848 0.00303733 0.001404 0.00311516
38.5 0.317051 0.309918 0.298596 0.0027907 0.00115518 0.00289952
38.52 0.317146 0.309994 0.298708 0.00236631 0.00190257 0.00280747
38.54 0.317222 0.310122 0.298822 0.00191507 0.00319717 0.00285338
38.56 0.317286 0.310293 0.298938 0.00158041 0.00429166 0.00289996
38.58 0.317345 0.310478 0.299051 0.00147767 0.00463264 0.00281358
38.6 0.317411 0.310646 0.299154 0.00165256 0.00418374 0.00258651
38.62 0.317492 0.31078 0.299247 0.00203886 0.00336086 0.00232369
38.64 0.31759 0.310887 0.299333 0.00243903 0.0026593 0.00213036
38.66 0.317693 0.310979 0.299414 0.00258854 0.00230148 0.00202539
38.68 0.317787 0.311065 0.299492 0.00232724 0.00216637 0.00196031
38.7 0.317856 0.311146 0.299568 0.00174536 0.00201076 0.00191044
38.72 0.317903 0.311216 0.299646 0.00115771 0.0017477 0.0019363
38.74 0.317939 0.311277 0.299731 0.000905732 0.00153681 0.00214006
38.76 0.317985 0.311342 0.299834 0.00115128 0.00163169 0.00255088
38.78 0.318057 0.311427 0.299955 0.00179319 0.00211856 0.00304093
38.8 0.318158 0.311538 0.30009 0.00253693 0.00278058 0.00336591
38.82 0.318281 0.311667 0.300223 0.00306194 0.00321997 0.00334248
38.84 0.318408 0.311793 0.300344 0.00319015 0.00314416 0.00300803
38.86 0.318526 0.311896 0.300447 0.00294731 0.00257337 0.00257954
38.88 0.318625 0.311968 0.300538 0.00247317 0.00181185 0.00227854
38.9 0.318701 0.312018 0.300626 0.00190736 0.00123239 0.00218462
38.92 0.318757 0.312059 0.300714 0.00137944 0.00104328 0.00220377
38.94 0.318799 0.312107 0.3008 0.00105017 0.00119642 0.00214944
38.96 0.318842 0.312167 0.300875 0.00109088 0.00148762 0.00187425
38.98 0.318905 0.312235 0.300929 0.00156467 0.00171623 0.00136695
39 0.318997 0.312306 0.30096 0.00230417 0.00176979 0.000763342
39.02 0.319115 0.312372 0.300971 0.00295056 0.00164294 0.000273247
39.04 0.319241 0.312429 0.300974 0.00316361 0.001428 8.00964e-05
39.06 0.319355 0.31248 0.300984 0.00283634 0.00126842 0.000262646
39.08 0.319442 0.312531 0.301014 0.00216606 0.00127928 0.000744505
39.1 0.319504 0.31259 0.301066 0.00155947 0.00148579 0.00129928
39.12 0.31956 0.312663 0.301132 0.00139922 0.00181107 0.00165655
39.14 0.319632 0.312746 0.301199 0.00179232 0.0020912 0.00166017
39.16 0.319731 0.312832 0.301253 0.00248084 0.00214597 0.00135858
39.18 0.319851 0.312909 0.301291 0.003007 0.00192483 0.000954256
39.2 0.319972 0.312974 0.301318 0.00302986 0.00161181 0.000660594
39.22 0.320075 0.313035 0.301341 0.00256193 0.00153987 0.000579271
39.24 0.320153 0.313113 0.301368 0.00196371 0.00193735 0.000682593
39.26 0.320222 0.313221 0.301404 0.00171683 0.00270605 0.000896453
39.28 0.320306 0.313359 0.301452 0.00211035 0.00344899 0.00118565
39.3 0.320428 0.313509 0.301514 0.00304435 0.00374006 0.00156457
39.32 0.320592 0.313645 0.301596 0.0041048 0.00340313 0.00204171
39.34 0.320786 0.31375 0.301698 0.00484083 0.00262535 0.00256082
39.36 0.320987 0.313825 0.301818 0.00502366 0.00187148 0.00300533
39.38 0.321176 0.313889 0.301949 0.00471902 0.00160695 0.00326055
39.4 0.321343 0.313968 0.302081 0.00418341 0.00198538 0.00329216
39.42 0.321491 0.314079 0.302208 0.00369512 0.00276815 0.00318148
39.44 0.321628 0.314219 0.302331 0.00343088 0.00350658 0.00308506
39.46 0.321765 0.314373 0.302457 0.00343403 0.00383017 0.00314186
39.48 0.321911 0.314519 0.302592 0.00364786 0.00366469 0.00336598
39.5 0.322071 0.314649 0.302736 0.00398411 0.00324123 0.00362282
39.52 0.322246 0.314764 0.302885 0.00437844 0.00288773 0.00372218
39.54 0.322436 0.314874 0.303027 0.00474859 0.00274368 0.00353995
39.56 0.322633 0.314981 0.30315 0.00493826 0.00267689 0.00308475
39.58 0.322824 0.31508 0.30325 0.00476813 0.00246883 0.00249548
39.6 0.32299 0.315162 0.30333 0.00415563 0.00205411 0.00199877
39.62 0.323119 0.315226 0.303402 0.00321071 0.00160081 0.00179531
39.64 0.323209 0.315282 0.303479 0.00224448 0.0013882 0.00192132
39.66 0.323274 0.315345 0.303568 0.00163846 0.00159006 0.0022333
39.68 0.323339 0.31543 0.303669 0.00162612 0.00211113 0.00253074
39.7 0.323425 0.315534 0.303777 0.00214577 0.00261861 0.00269166
39.72 0.323539 0.315645 0.303885 0.00284643 0.00275806 0.00270932
39.74 0.323669 0.315741 0.303991 0.00326049 0.00239789 0.00264903
39.76 0.323793 0.315809 0.304094 0.00308243 0.00172011 0.00257478
39.78 0.323887 0.315853 0.304194 0.00237386 0.00108065 0.00248523
39.8 0.323949 0.315884 0.304286 0.0015275 0.000775365 0.00230784
39.82 0.323989 0.315919 0.304365 0.00101156 0.000889399 0.00197841
39.84 0.324032 0.315971 0.304426 0.00107413 0.00129675 0.00151547
39.86 0.324096 0.316042 0.304466 0.00159622 0.00177712 0.00100536
39.88 0.324183 0.316129 0.304488 0.00218191 0.00216581 0.000561407
39.9 0.32428 0.316227 0.304501 0.00243076 0.00245255 0.000314858
39.92 0.324368 0.316336 0.304516 0.00219057 0.00272195 0.000374925
39.94 0.324433 0.316456 0.304546 0.00162777 0.00299241 0.00073875
39.96 0.324477 0.316581 0.304596 0.00110918 0.00314856 0.00125436
39.98 0.324516 0.316703 0.304664 0.000965736 0.00304246 0.00170364
40 0.324567 0.316809 0.304741 0.00127295 0.00264952 0.00192432
40.02 0.32464 0.316894 0.304816 0.00181701 0.0021325 0.00186867
40.04 0.32473 0.316965 0.304879 0.00226826 0.00175433 0.00159062
40.06 0.324826 0.317034 0.304928 0.00240044 0.001725 0.00120736
40.08 0.324914 0.317118 0.304962 0.0021935 0.00211415 0.000852058
40.1 0.324986 0.317232 0.304986 0.00178771 0.00285405 0.000614953
40.12 0.325041 0.317383 0.305007 0.0013723 0.00376524 0.000523147
40.14 0.325085 0.317566 0.30503 0.00109876 0.00458573 0.000568466
40.16 0.325126 0.317768 0.30506 0.00103379 0.0050317 0.000749337
40.18 0.325171 0.317964 0.305104 0.00113784 0.00491024 0.00109456
40.2 0.325223 0.318134 0.305169 0.00130141 0.00423929 0.00163505
40.22 0.325281 0.318265 0.305262 0.00143473 0.0032867 0.00232449
40.24 0.325342 0.318364 0.305381 0.00153638 0.00247733 0.00297791
40.26 0.325409 0.318451 0.305514 0.00166285 0.0021766 0.00332368
40.28 0.325482 0.31855 0.305641 0.00182541 0.00247745 0.00317726
40.3 0.325559 0.318677 0.305745 0.00192979 0.00315365 0.00258334
40.32 0.325633 0.318829 0.305817 0.00184207 0.00380946 0.00181237
40.34 0.325694 0.318993 0.305866 0.00152828 0.00411057 0.00123047
40.36 0.325739 0.319152 0.305911 0.0011205 0.0039581 0.00111328
40.38 0.325773 0.319292 0.305971 0.000852544 0.00351329 0.00150426
40.4 0.32581 0.319414 0.306059 0.000943563 0.00305188 0.00220617
40.42 0.32587 0.319525 0.306175 0.00148705 0.0027793 0.00290198
40.44 0.325965 0.319635 0.306308 0.00236309 0.00274687 0.00330848
40.46 0.326095 0.319749 0.306439 0.00326866 0.00285306 0.00329627
40.48 0.32625 0.319865 0.306557 0.00387417 0.00289091 0.00294737
40.5 0.32641 0.319972 0.306658 0.00399544 0.0026763 0.00251515
40.52 0.326557 0.32006 0.306749 0.00367485 0.00220278 0.0022721
40.54 0.326682 0.320127 0.306842 0.00313429 0.00167134 0.00233772
40.56 0.326788 0.320181 0.306947 0.00263958 0.00134093 0.00262001
40.58 0.326883 0.320234 0.307063 0.00237545 0.00133486 0.00290144
40.6 0.326978 0.320297 0.307183 0.002387 0.00156206 0.00298796
40.62 0.327083 0.320368 0.307296 0.00260998 0.00178928 0.00282827
40.64 0.327201 0.32044 0.307398 0.00295794 0.00180604 0.00255159
40.66 0.327336 0.320504 0.307493 0.00336688 0.00157934 0.00237299
40.68 0.327487 0.320554 0.307589 0.00377086 0.00126307 0.00240339
40.7 0.32765 0.320596 0.307691 0.00408286 0.00105018 0.00255108
40.72 0.327819 0.320636 0.307796 0.00422579 0.00100331 0.00261401
40.74 0.327986 0.320676 0.307894 0.00416941 0.00100397 0.00245857
40.76 0.328144 0.320712 0.307978 0.00394912 0.000879822 0.00211298
40.78 0.328291 0.320736 0.308047 0.00366891 0.000607772 0.00170645
40.8 0.328429 0.320752 0.308101 0.00346995 0.000395561 0.00134924
40.82 0.328567 0.320773 0.308144 0.00344954 0.000535244 0.00108158
40.84 0.328711 0.320819 0.308181 0.00359314 0.00115805 0.000915641
40.86 0.328862 0.320903 0.308215 0.00378534 0.00209281 0.000866888
40.88 0.329018 0.32102 0.308252 0.00389187 0.00292114 0.000913799
40.9 0.329172 0.321149 0.308291 0.00383742 0.0032298 0.00096989
40.92 0.329317 0.321266 0.308328 0.00363855 0.0029228 0.000942098
40.94 0.329453 0.321359 0.308361 0.00339303 0.00231393 0.000828674
40.96 0.329582 0.321434 0.308391 0.00322461 0.00189365 0.000749303
40.98 0.32971 0.321513 0.308426 0.00319312 0.00197556 0.000859128
41 0.329839 0.321613 0.308474 0.00324127 0.00249904 0.00121085
41.02 0.329969 0.321737 0.308541 0.00323717 0.00310147 0.00166774
41.04 0.330092 0.321872 0.30862 0.00308004 0.0033711 0.00196738
41.06 0.330203 0.321997 0.308697 0.00278353 0.00311557 0.00192305
41.08 0.330303 0.322097 0.30876 0.00248159 0.00249595 0.00159158
41.1 0.330396 0.322173 0.30881 0.00234541 0.00190548 0.00125683
41.12 0.330495 0.32224 0.30886 0.00245726 0.00168267 0.00124945
41.14 0.330604 0.322316 0.30893 0.00272297 0.00190444 0.00173107
41.16 0.330719 0.322412 0.309032 0.00289438 0.0023832 0.0025657
41.18 0.330829 0.322524 0.309167 0.00272993 0.00280729 0.00336985
41.2 0.330916 0.322641 0.309316 0.00217908 0.0029218 0.00372528
41.22 0.330974 0.322748 0.309453 0.00144928 0.00266852 0.00341956
41.24 0.33101 0.322835 0.309557 0.000902066 0.00219346 0.00259094
41.26 0.331043 0.322905 0.309624 0.000840107 0.00173245 0.00167474
41.28 0.331096 0.322964 0.30967 0.00131375 0.00149304 0.00115228
41.3 0.331178 0.323027 0.30972 0.00206169 0.00156946 0.00126458
41.32 0.331284 0.323103 0.309796 0.00263963 0.00188689 0.00188812
41.34 0.331391 0.323193 0.309902 0.00268107 0.00225401 0.00265519
41.36 0.331477 0.323294 0.31003 0.0021373 0.00251661 0.00320266
41.38 0.331529 0.323399 0.310165 0.00131101 0.00264505 0.0033726
41.4 0.331555 0.323507 0.310296 0.000639956 0.00268935 0.00327195
41.42 0.331571 0.323615 0.310422 0.00041746 0.00270291 0.00314734
41.44 0.331598 0.323723 0.310548 0.000665033 0.00269876 0.00314468
41.46 0.331646 0.323829 0.310674 0.00120067 0.00264134 0.00317125
41.48 0.331718 0.323928 0.310794 0.00179111 0.00248408 0.00299548
41.5 0.331809 0.324018 0.310893 0.00228102 0.00225088 0.00247821
41.52 0.331914 0.324101 0.310963 0.00262792 0.0020823 0.00173421
41.54 0.332027 0.324188 0.311007 0.00282406 0.00216069 0.00110067
41.56 0.332139 0.32429 0.311044 0.00279969 0.00254828 0.00093508
41.58 0.332237 0.324414 0.311099 0.00245383 0.00310246 0.00138298
41.6 0.33231 0.324556 0.31119 0.00182604 0.00355528 0.00226767
41.62 0.332358 0.324703 0.311317 0.00120155 0.00366431 0.00317152
41.64 0.332397 0.324836 0.311463 0.000977125 0.00333509 0.00365986
41.66 0.332452 0.324944 0.311603 0.00137665 0.00270438 0.00349374
41.68 0.332543 0.325029 0.311712 0.00225316 0.00212663 0.00271626
41.7 0.332667 0.325109 0.311775 0.00311583 0.00199752 0.00159112
41.72 0.332803 0.325209 0.311794 0.00339511 0.00249086 0.000464903
41.74 0.332916 0.325345 0.31178 0.00283284 0.00341458 -0.000344812
41.76 0.332985 0.325518 0.311756 0.001717 0.00431718 -0.000613679
41.78 0.333014 0.325707 0.311745 0.00072855 0.00473481 -0.000267498
41.8 0.333034 0.325884 0.311767 0.00049218 0.00442194 0.00056031
41.82 0.33308 0.326025 0.311829 0.00115702 0.00350768 0.00153782
41.84 0.333172 0.326124 0.311919 0.00230626 0.00247822 0.00226105
41.86 0.333302 0.3262 0.312017 0.00324866 0.00191955 0.00244483
41.88 0.333441 0.326287 0.3121 0.00346056 0.002155 0.00206686
41.9 0.333556 0.326408 0.312155 0.00288699 0.00303093 0.00137658
41.92 0.333634 0.326569 0.312185 0.00193522 0.00402615 0.000758615
41.94 0.333682 0.326753 0.312207 0.00120427 0.00460334 0.000535943
41.96 0.333726 0.326933 0.312239 0.00111422 0.0045084 0.000820301
41.98 0.333793 0.327087 0.312298 0.0016587 0.00383622 0.00146599
42 0.333892 0.327203 0.312385 0.00248003 0.00290561 0.00216633
42.02 0.334019 0.327286 0.31249 0.00317099 0.0020775 0.0026309
42.04 0.33416 0.32735 0.312599 0.00352929 0.00160512 0.00273071
42.06 0.334305 0.327412 0.312701 0.00361841 0.00154065 0.00255045
42.08 0.33445 0.327482 0.312794 0.00364161 0.0017478 0.00231943
42.1 0.3346 0.327563 0.312884 0.00373351 0.00203045 0.00225699
42.12 0.334754 0.327653 0.312982 0.00386509 0.00225696 0.0024341
42.14 0.334912 0.327749 0.313091 0.00393605 0.00238841 0.00273279
42.16 0.335068 0.327847 0.313209 0.00391738 0.00244038 0.00294867
42.18 0.335224 0.327945 0.313327 0.00389452 0.00245218 0.00296304
42.2 0.335384 0.328043 0.313441 0.00398893 0.00246254 0.00282903
42.22 0.335553 0.328142 0.313549 0.00422412 0.00246152 0.00271381
42.24 0.335731 0.328236 0.31366 0.00445939 0.00236934 0.00276452
42.26 0.33591 0.32832 0.313779 0.00447822 0.00210022 0.00298886
42.28 0.336077 0.328388 0.313908 0.00418203 0.00167992 0.00322364
42.3 0.336226 0.32844 0.314038 0.00371021 0.00130396 0.00324541
42.32 0.33636 0.32849 0.314156 0.00336197 0.00125104 0.00295621
42.34 0.336496 0.328558 0.314255 0.00338559 0.00169188 0.00246941
42.36 0.336647 0.328659 0.314336 0.00378456 0.00253122 0.00203271
42.38 0.336819 0.328796 0.314411 0.00428343 0.00342133 0.00186838
42.4 0.336999 0.328954 0.314492 0.00450538 0.00396482 0.00201877
42.42 0.337168 0.329112 0.314583 0.00422913 0.00395455 0.00228951
42.44 0.337309 0.329251 0.314678 0.00352568 0.00346154 0.00236134
42.46 0.337417 0.329361 0.314759 0.0026997 0.00274368 0.00202514
42.48 0.337501 0.329444 0.314814 0.00211456 0.00209075 0.00136442
42.5 0.337582 0.329512 0.314843 0.00200449 0.00168805 0.000728248
42.52 0.337676 0.329574 0.314863 0.00235784 0.00154439 0.000510919
42.54 0.337793 0.329635 0.314898 0.00293743 0.00154702 0.000885011
42.56 0.337931 0.3297 0.314965 0.00343007 0.00161308 0.00166388
42.58 0.338075 0.329771 0.315061 0.00361904 0.00177127 0.00239741
42.6 0.338214 0.329854 0.315167 0.00347251 0.00207771 0.00264026
42.62 0.338339 0.329953 0.315255 0.00312149 0.00248788 0.00222178
42.64 0.33845 0.330067 0.31531 0.00276038 0.00284528 0.00135541
42.66 0.338551 0.330186 0.31533 0.00252543 0.00297846 0.000519844
42.68 0.338648 0.330298 0.315338 0.00242403 0.00279911 0.000183169
42.7 0.338742 0.330392 0.315359 0.00235411 0.00234639 0.000530677
42.72 0.33883 0.330462 0.315413 0.00220081 0.0017544 0.00135756
42.74 0.338907 0.330509 0.315501 0.00194191 0.00116528 0.00219796
42.76 0.338974 0.330536 0.315606 0.0016693 0.000674547 0.0026234
42.78 0.339035 0.33055 0.315706 0.00150807 0.000353672 0.002508
42.8 0.339095 0.330562 0.315789 0.00150722 0.000298719 0.00205688
42.82 0.339158 0.330586 0.315852 0.0015801 0.000594382 0.0015915
42.84 0.339221 0.330634 0.315904 0.00157565 0.00121543 0.00130054
42.86 0.339278 0.330714 0.315951 0.0014293 0.0019941 0.00116858
42.88 0.339328 0.330822 0.315995 0.00123816 0.00269844 0.00109768
42.9 0.339375 0.330947 0.316038 0.00117533 0.00313009 0.00106984
42.92 0.339428 0.331075 0.316086 0.00133729 0.00318772 0.00119236
42.94 0.339494 0.331192 0.316149 0.00165365 0.00292098 0.00157528
42.96 0.339571 0.331292 0.316235 0.00191714 0.002518 0.00216571
42.98 0.339649 0.33138 0.316344 0.00194838 0.00219005 0.00272552
43 0.33972 0.331462 0.316463 0.00176867 0.00205623 0.00298174
43.02 0.339784 0.331548 0.316576 0.00159884 0.00213152 0.00281862
43.04 0.33985 0.331643 0.31667 0.00166215 0.00238864 0.00234965
43.06 0.33993 0.331755 0.316743 0.00198747 0.00279066 0.00182392
43.08 0.340025 0.331885 0.316802 0.00238908 0.0032623 0.00146352
43.1 0.340129 0.332031 0.316856 0.00260318 0.00365378 0.00135126
43.12 0.340229 0.332183 0.316913 0.00248099 0.00378767 0.00143934
43.14 0.340313 0.332326 0.316979 0.00210613 0.00358312 0.00163853
43.16 0.340382 0.332451 0.317055 0.00172888 0.0031236 0.00189723
43.18 0.340445 0.332555 0.317143 0.00157524 0.0026093 0.00221682
43.2 0.340513 0.332646 0.317248 0.00168898 0.00225735 0.00260318
43.22 0.34059 0.332734 0.317368 0.00192189 0.00221162 0.00300752
43.24 0.340673 0.332833 0.317501 0.00207478 0.00246954 0.00332124
43.26 0.340755 0.332948 0.317638 0.00206826 0.00287698 0.00344479
43.28 0.340835 0.333078 0.317773 0.00198927 0.00323898 0.00336333
43.3 0.340914 0.333215 0.317899 0.00196721 0.00344265 0.00315143
43.32 0.340994 0.333354 0.318015 0.00201436 0.0034662 0.00289308
43.34 0.341075 0.333487 0.318118 0.00201233 0.00331393 0.00258384
43.36 0.341149 0.333606 0.318203 0.00185096 0.00299579 0.00212464
43.38 0.341211 0.33371 0.31826 0.00155044 0.00257911 0.00143142
43.4 0.341261 0.333798 0.318283 0.0012562 0.00220799 0.000565128
43.42 0.341307 0.333879 0.318275 0.0011535 0.00203518 -0.000205818
43.44 0.341361 0.333965 0.318255 0.00135897 0.00214731 -0.000484407
43.46 0.341435 0.334066 0.318256 0.00183478 0.00252448 3.09712e-06
43.48 0.34153 0.334187 0.318301 0.00238657 0.00302951 0.00113635
43.5 0.341641 0.334326 0.318396 0.00276569 0.00345964 0.00238112
43.52 0.341754 0.334472 0.31852 0.00282057 0.00366384 0.00310387
43.54 0.341857 0.334618 0.31864 0.00258142 0.00363556 0.00298787
43.56 0.341946 0.334758 0.318729 0.00223032 0.00349702 0.00222429
43.58 0.342026 0.334893 0.318783 0.00198767 0.00339784 0.00134873
43.6 0.342105 0.33503 0.318817 0.00198849 0.00341261 0.000860437
43.62 0.342194 0.33517 0.318853 0.00222958 0.00349486 0.00089874
43.64 0.342299 0.335311 0.318902 0.0026158 0.00352188 0.00122517
43.66 0.34242 0.335448 0.318962 0.00302589 0.00342256 0.00149832
43.68 0.342554 0.335578 0.319025 0.00333886 0.00326545 0.00156918
43.7 0.342692 0.335706 0.319088 0.00347071 0.00318323 0.00156766
43.72 0.342829 0.335834 0.319158 0.00341964 0.00321796 0.00174956
43.74 0.342959 0.335965 0.319247 0.00325543 0.00326726 0.00223068
43.76 0.343082 0.336093 0.319361 0.0030713 0.00320068 0.00284378
43.78 0.3432 0.336213 0.31949 0.00294016 0.00300702 0.00323979
43.8 0.343316 0.336326 0.319617 0.00289302 0.00281162 0.00316136
43.82 0.343432 0.336436 0.319724 0.00291972 0.00276509 0.00267315
43.84 0.343552 0.336553 0.319809 0.00299384 0.00291328 0.00213957
43.86 0.343677 0.336679 0.319887 0.00311352 0.00314589 0.00194436
43.88 0.343808 0.336809 0.319974 0.0032941 0.00325277 0.00217222
43.9 0.343949 0.336931 0.320076 0.00351785 0.00306318 0.00254391
43.92 0.344098 0.337035 0.320183 0.00371395 0.00258728 0.00267548
43.94 0.344249 0.337117 0.320279 0.00378811 0.00204455 0.00240587
43.96 0.344396 0.337185 0.320355 0.00367655 0.00171178 0.00190721
43.98 0.344533 0.337253 0.320416 0.00340949 0.0016913 0.00153191
44 0.344659 0.337326 0.320478 0.00316282 0.00182874 0.0015439
44.02 0.344787 0.3374 0.320555 0.0031872 0.00186058 0.00193198
44.04 0.34493 0.337466 0.320653 0.00358437 0.00164432 0.00242913
44.06 0.345096 0.337517 0.320761 0.00414108 0.0012683 0.00270738
44.08 0.345273 0.337555 0.320864 0.0044335 0.000964485 0.00258537
44.1 0.345439 0.337592 0.320949 0.00414989 0.000912272 0.00211149
44.12 0.345573 0.337635 0.321008 0.00334831 0.00108491 0.00149179
44.14 0.345671 0.337686 0.321046 0.00244454 0.00126725 0.000939732
44.16 0.34575 0.337736 0.321069 0.00197063 0.0012432 0.000578455
44.18 0.34584 0.337775 0.321087 0.00224934 0.000986531 0.000449398
44.2 0.345966 0.337802 0.32111 0.00314967 0.000676914 0.000561942
44.22 0.34613 0.337824 0.321146 0.00411866 0.000543641 0.000902759
44.24 0.346312 0.337852 0.321202 0.00453022 0.000709849 0.00141464
44.26 0.346476 0.337898 0.321281 0.00410275 0.00114201 0.00197457
44.28 0.346598 0.337965 0.321377 0.00306683 0.00168143 0.00239142
44.3 0.346677 0.338051 0.321475 0.0019786 0.00213222 0.00246236
44.32 0.346731 0.338145 0.321559 0.00134765 0.00237018 0.00208066
44.34 0.346786 0.338241 0.321612 0.00135431 0.00240247 0.00133318
44.36 0.346859 0.338335 0.321633 0.00183706 0.00232928 0.000522112
44.38 0.346958 0.338424 0.321636 0.00248443 0.00223532 6.92371e-05
44.4 0.34708 0.338509 0.321648 0.00302939 0.00212736 0.000300246
44.42 0.347213 0.338588 0.321696 0.00334653 0.00197693 0.0012128
44.44 0.347351 0.33866 0.321793 0.00343625 0.00179077 0.00241228
44.46 0.347484 0.338725 0.321925 0.00331771 0.00163627 0.00330102
44.48 0.347602 0.33879 0.322061 0.0029586 0.00162545 0.00341497
44.5 0.347696 0.338865 0.322169 0.00235752 0.00186138 0.00269837
44.52 0.347763 0.338959 0.322232 0.00167172 0.00236273 0.00157218
44.54 0.347811 0.33908 0.322261 0.00119091 0.00302643 0.00071864
44.56 0.347857 0.339228 0.322288 0.00116453 0.00367956 0.000674714
44.58 0.347923 0.339394 0.322349 0.0016507 0.00416998 0.00151762
44.6 0.348022 0.339571 0.322462 0.00246372 0.00440966 0.00282961
44.62 0.348151 0.339745 0.322619 0.00322671 0.00435993 0.00393573
44.64 0.348293 0.339906 0.32279 0.00355823 0.00401491 0.00427573
44.66 0.348426 0.340043 0.322938 0.0033145 0.00343547 0.00370153
44.68 0.348534 0.340155 0.32304 0.00269721 0.00279335 0.00253968
44.7 0.348617 0.340248 0.323095 0.00209334 0.0023274 0.00138898
44.72 0.348688 0.340336 0.323127 0.00177212 0.0022104 0.000782707
44.74 0.348757 0.340434 0.323163 0.00172452 0.00244106 0.000919262
44.76 0.348828 0.340549 0.323228 0.00176697 0.00287316 0.00161429
44.78 0.348898 0.340682 0.323326 0.00174543 0.00333209 0.00245471
44.8 0.348964 0.34083 0.323448 0.00165757 0.00370129 0.00303771
44.82 0.34903 0.340987 0.323574 0.0016394 0.00392587 0.00316182
44.84 0.349103 0.341146 0.323689 0.00182686 0.00397901 0.0028764
44.86 0.34919 0.3413 0.323785 0.00218882 0.00384655 0.00239697
44.88 0.34929 0.341441 0.323864 0.00249431 0.0035217 0.00196629
44.9 0.349389 0.341562 0.323933 0.00248223 0.00302085 0.00173027
44.92 0.349473 0.34166 0.324001 0.00209144 0.00245007 0.00168786
44.94 0.349534 0.341742 0.32407 0.00152552 0.00204214 0.00173214
44.96 0.349579 0.341824 0.324139 0.00111718 0.00205668 0.00173707
44.98 0.349623 0.341927 0.324204 0.00111213 0.00256917 0.00162134
45 0.349684 0.34206 0.324259 0.00151805 0.00333868 0.00136202
45.02 0.349769 0.342217 0.324298 0.00211925 0.00391715 0.000987119
45.04 0.349874 0.342375 0.324322 0.002639 0.00393766 0.000588606
45.06 0.349991 0.34251 0.324335 0.00290717 0.00337544 0.000323207
45.08 0.350107 0.342613 0.324349 0.00292144 0.00259773 0.000355428
45.1 0.350219 0.342698 0.324379 0.00278694 0.0021211 0.000760361
45.12 0.350324 0.342788 0.324438 0.00261493 0.00223866 0.00146067
45.14 0.350423 0.342901 0.324528 0.00247713 0.00282931 0.00225609
45.16 0.350519 0.34304 0.324644 0.00242036 0.00347215 0.00290573
45.18 0.350619 0.34319 0.324772 0.00248111 0.00375471 0.00320954
45.2 0.350725 0.343331 0.324895 0.0026709 0.00352837 0.00306667
45.22 0.350844 0.343449 0.324995 0.00295429 0.00294217 0.00250237
45.24 0.350973 0.343541 0.325062 0.003244 0.00229566 0.00166891
45.26 0.351111 0.343616 0.325095 0.00342912 0.00187053 0.000822901
45.28 0.351248 0.343688 0.325105 0.00344007 0.0018219 0.000254131
45.3 0.351381 0.343774 0.325112 0.00332528 0.00212753 0.00018519
45.32 0.35151 0.343878 0.32514 0.00322616 0.00260173 0.000678114
45.34 0.351641 0.343997 0.325203 0.00325988 0.00298552 0.00158152
45.36 0.351778 0.34412 0.325306 0.0034275 0.00307947 0.00257085
45.38 0.351922 0.344234 0.325438 0.00359647 0.00284516 0.00329711
45.4 0.352064 0.344331 0.32558 0.00357193 0.00241455 0.00355942
45.42 0.352194 0.344411 0.325715 0.0032285 0.00201784 0.00337966
45.44 0.352299 0.344485 0.325833 0.00263315 0.00184307 0.0029394
45.46 0.352381 0.344561 0.325931 0.00203975 0.00190191 0.00245274
45.48 0.35245 0.344642 0.326014 0.00172407 0.0020278 0.00208662
45.5 0.352522 0.344723 0.326092 0.00181481 0.00201626 0.00193287
45.52 0.352612 0.344794 0.32617 0.00223811 0.00178787 0.00197069
45.54 0.352723 0.344852 0.326252 0.00277214 0.0014493 0.00205024
45.56 0.352848 0.344901 0.326331 0.00313783 0.00122813 0.00197011
45.58 0.352972 0.344955 0.326396 0.00308884 0.00133211 0.00162705
45.6 0.353073 0.345027 0.326441 0.00253434 0.00179572 0.001121
45.62 0.353139 0.345122 0.32647 0.0016388 0.00239013 0.000723294
45.64 0.35317 0.345231 0.326499 0.000789382 0.0027086 0.000720591
45.66 0.353187 0.345328 0.326548 0.00041775 0.00242506 0.00122591
45.68 0.353217 0.345389 0.326631 0.000748312 0.00154459 0.0020693
45.7 0.353282 0.345408 0.326745 0.0016372 0.000459092 0.00285749
45.72 0.353388 0.345397 0.326873 0.00264509 -0.000256797 0.00318725
45.74 0.353519 0.34539 0.326987 0.00327918 -0.000197038 0.00285856
45.76 0.353649 0.345414 0.327066 0.00323522 0.000620531 0.00197185
45.78 0.353751 0.345485 0.327101 0.00255444 0.00176178 0.000888024
45.8 0.353816 0.34559 0.327104 0.00163772 0.00262306 5.58544e-05
45.82 0.353858 0.345701 0.327096 0.00105351 0.00279286 -0.000185282
45.84 0.353906 0.345794 0.327107 0.00118473 0.00230621 0.000266585
45.86 0.353984 0.345858 0.327156 0.0019661 0.00159763 0.00123393
45.88 0.354102 0.345905 0.327249 0.00293761 0.00117381 0.00232304
45.9 0.354244 0.345955 0.327373 0.00355803 0.00127101 0.00309958
45.92 0.354386 0.346025 0.327505 0.00354218 0.00174161 0.00329051
45.94 0.354507 0.346113 0.327621 0.0030313 0.00219682 0.00291225
45.96 0.354607 0.346205 0.327711 0.00249935 0.00230815 0.00225459
45.98 0.354704 0.346287 0.327779 0.00242595 0.00204867 0.00169421
46 0.354822 0.346354 0.327837 0.00295156 0.0016717 0.00144908
46.02 0.354973 0.346413 0.327896 0.00375709 0.00146928 0.00146242
46.04 0.355143 0.346475 0.327955 0.0042708 0.00154924 0.00149773
46.06 0.355307 0.346547 0.32801 0.00409965 0.00179958 0.00136503
46.08 0.355441 0.346628 0.328054 0.00335197 0.00202293 0.00110647
46.1 0.355545 0.346712 0.328094 0.00257685 0.00211322 0.000980227
46.12 0.355639 0.346797 0.328143 0.0023657 0.00211015 0.00123226
46.14 0.355756 0.346881 0.328217 0.00291703 0.00210998 0.00185133
46.16 0.355911 0.346968 0.328319 0.00388801 0.00216722 0.00254722
46.18 0.356097 0.347059 0.328437 0.00463677 0.00228016 0.00296221
46.2 0.356284 0.347156 0.328553 0.00467617 0.00241789 0.00290417
46.22 0.356443 0.347257 0.328651 0.00398914 0.00253058 0.00243946
46.24 0.356563 0.34736 0.328725 0.0029926 0.0025802 0.00183881
46.26 0.356653 0.347464 0.328782 0.00224362 0.00260127 0.00142698
46.28 0.356736 0.347572 0.328837 0.0020884 0.00268695 0.00138989
46.3 0.356835 0.347687 0.328904 0.0024618 0.00288591 0.0016788
46.32 0.356953 0.347813 0.328987 0.00296437 0.00314861 0.00207457
46.34 0.357081 0.347948 0.329081 0.00319042 0.00338165 0.00233447
46.36 0.357202 0.348089 0.329173 0.00303412 0.00350867 0.00231591
46.38 0.357311 0.348228 0.329255 0.00270302 0.00349068 0.00203358
46.4 0.35741 0.348362 0.329321 0.00247545 0.00335257 0.00165445
46.42 0.357509 0.34849 0.329378 0.00248367 0.00319563 0.00143049
46.44 0.357617 0.348616 0.329441 0.00269405 0.00314591 0.00156877
46.46 0.357736 0.348747 0.329524 0.00299274 0.0032647 0.00209022
46.48 0.357867 0.348887 0.329635 0.00325341 0.0035104 0.0027527
46.5 0.358002 0.349038 0.32976 0.00338421 0.00377141 0.00312832
46.52 0.358137 0.349195 0.329874 0.00337318 0.00393999 0.00285121
46.54 0.358268 0.349355 0.32995 0.00328652 0.00399619 0.00189954
46.56 0.358396 0.349516 0.329977 0.0032003 0.00401503 0.000680437
46.58 0.358523 0.349678 0.32997 0.00315489 0.00406443 -0.000184627
46.6 0.358648 0.349843 0.32996 0.00314837 0.00410775 -0.000250193
46.62 0.358774 0.350003 0.329978 0.00314165 0.00401434 0.000470864
46.64 0.358899 0.35015 0.33004 0.00311808 0.00367259 0.00155163
46.66 0.359024 0.350276 0.330139 0.0031363 0.00313195 0.00246651
46.68 0.359155 0.350382 0.330256 0.00327062 0.00266223 0.00291998
46.7 0.359295 0.350487 0.330374 0.00350338 0.00263181 0.00295143
46.72 0.359443 0.350616 0.330485 0.00369777 0.00322855 0.00277819
46.74 0.35959 0.350786 0.330588 0.00367432 0.00422761 0.00256392
46.76 0.359723 0.350989 0.330681 0.00332777 0.0050788 0.00232847
46.78 0.359832 0.3512 0.330762 0.00271179 0.00527261 0.00202335
46.8 0.359914 0.351386 0.330828 0.00204653 0.00465882 0.00165351
46.82 0.359979 0.351526 0.330881 0.00163273 0.00350418 0.00133129
46.84 0.360045 0.351619 0.330929 0.0016574 0.00231466 0.0012004
46.86 0.360126 0.351682 0.330981 0.00202119 0.00157992 0.00129456
46.88 0.360222 0.351744 0.33104 0.00238704 0.00154217 0.00148532
46.9 0.360319 0.351827 0.331104 0.00243545 0.00208303 0.00158995
46.92 0.360403 0.35194 0.331166 0.00209732 0.00282777 0.00154229
46.94 0.360466 0.352076 0.331224 0.00158025 0.00338983 0.00145286
46.96 0.360514 0.352218 0.331284 0.00119482 0.0035647 0.0015055
46.98 0.360559 0.352353 0.331355 0.00112692 0.00337965 0.00177928
47 0.360611 0.352474 0.331441 0.00130544 0.00301011 0.00214619
47.02 0.360669 0.352579 0.331534 0.00145472 0.00262782 0.00233217
47.04 0.360721 0.352671 0.331619 0.0013002 0.00228981 0.00211272
47.06 0.360753 0.352748 0.331679 0.000785536 0.00193655 0.00149726
47.08 0.360758 0.352808 0.331709 0.000141614 0.00149587 0.000747704
47.1 0.360748 0.352848 0.331717 -0.000254903 0.000996401 0.000214294
47.12 0.360743 0.352872 0.331722 -0.000129371 0.000603501 0.000116442
47.14 0.360763 0.352894 0.331739 0.000501371 0.000543756 0.000430001
47.16 0.360817 0.352931 0.331777 0.00133523 0.000936537 0.000945059
47.18 0.360897 0.352997 0.331834 0.00200483 0.00164556 0.00142692
47.2 0.36099 0.353088 0.331904 0.00232014 0.00229011 0.00175461
47.22 0.361083 0.353187 0.331982 0.00233485 0.00247299 0.00195316
47.24 0.361172 0.353271 0.332067 0.00221521 0.00208066 0.00212003
47.26 0.361254 0.353326 0.33216 0.00207032 0.00139677 0.00231827
47.28 0.36133 0.353363 0.332261 0.00190045 0.00090287 0.00253333
47.3 0.361398 0.353399 0.332369 0.00168271 0.000914029 0.00271013
47.32 0.361457 0.353453 0.332481 0.00148134 0.00135593 0.00279862
47.34 0.361515 0.353527 0.332593 0.00146272 0.00185162 0.00278664
47.36 0.361587 0.353608 0.332701 0.00178079 0.00200547 0.0026965
47.38 0.361684 0.353675 0.332802 0.00243625 0.00168956 0.00253011
47.4 0.361814 0.353722 0.332892 0.00323904 0.00117347 0.00225353
47.42 0.361969 0.35376 0.332966 0.00389569 0.000939632 0.0018485
47.44 0.362137 0.353811 0.333021 0.00417889 0.00128285 0.00136703
47.46 0.362299 0.353894 0.333058 0.00406157 0.0020643 0.000932596
47.48 0.362447 0.354007 0.333086 0.00370261 0.00282568 0.000711713
47.5 0.36258 0.354131 0.333122 0.00330792 0.00311342 0.000876243
47.52 0.3627 0.354241 0.333182 0.00300238 0.00275429 0.00151381
47.54 0.362813 0.354319 0.333283 0.00282492 0.00195061 0.00251933
47.56 0.362924 0.354365 0.333426 0.00279296 0.00114946 0.00357204
47.58 0.363041 0.354395 0.333595 0.00291834 0.000744389 0.00423398
47.6 0.363168 0.354429 0.333761 0.00316615 0.000835518 0.00414566
47.62 0.363305 0.354478 0.33389 0.00342166 0.00124146 0.00323856
47.64 0.363446 0.354546 0.333964 0.00354074 0.00169473 0.00183744
47.66 0.363585 0.354627 0.333985 0.0034623 0.00203167 0.000538343
47.68 0.363715 0.354718 0.33398 0.00325235 0.00226345 -0.000125494
47.7 0.363836 0.354818 0.333981 0.00303533 0.00250781 1.75222e-06
47.72 0.363953 0.354932 0.334006 0.00291157 0.00284996 0.000647265
47.74 0.36407 0.355061 0.33406 0.00292203 0.003228 0.00132991
47.76 0.364191 0.355199 0.334126 0.00303503 0.00344088 0.00166386
47.78 0.364317 0.355331 0.334189 0.00316315 0.00331152 0.00156506
47.8 0.364446 0.355446 0.334239 0.00321605 0.00286375 0.00126042
47.82 0.364573 0.35554 0.334283 0.00316384 0.00234454 0.00109182
47.84 0.364695 0.355623 0.334334 0.00306431 0.00207993 0.00127119
47.86 0.364816 0.355714 0.334404 0.00302939 0.00227669 0.00175794
47.88 0.364942 0.35583 0.334496 0.00314622 0.00290653 0.0022914
47.9 0.365078 0.35598 0.334597 0.00339436 0.00373278 0.00253929
47.92 0.365223 0.356157 0.334689 0.00362338 0.00444034 0.00229231
47.94 0.365368 0.356347 0.334753 0.00361761 0.00475214 0.00160445
47.96 0.365497 0.356527 0.334784 0.00324073 0.00449316 0.000776531
47.98 0.3656 0.356674 0.334791 0.00257403 0.00367686 0.00017761
48 0.365677 0.356778 0.334792 0.00190793 0.00259031 2.11047e-05
48.02 0.365739 0.356846 0.334803 0.00156964 0.00171432 0.000269685
48.04 0.365808 0.356904 0.334832 0.0017235 0.00144859 0.000718614
48.06 0.365899 0.356979 0.334878 0.00227952 0.00186432 0.00114781
48.08 0.366017 0.357086 0.334934 0.00293489 0.00267628 0.00141836
48.1 0.36615 0.357223 0.334995 0.00333265 0.00341851 0.00150479
48.12 0.366281 0.35737 0.335053 0.00326822 0.00369395 0.00146673
48.14 0.366393 0.357506 0.335109 0.00280843 0.0033891 0.00140305
48.16 0.366483 0.357616 0.335167 0.00223847 0.00274718 0.00143134
48.18 0.366558 0.357705 0.335233 0.00189207 0.00222657 0.00165427
48.2 0.366637 0.357793 0.335317 0.00196276 0.00220419 0.00210018
48.22 0.366733 0.357902 0.335423 0.00240162 0.002714 0.00265378
48.24 0.366851 0.358038 0.335546 0.00295371 0.00341579 0.00306921
48.26 0.366984 0.358191 0.33567 0.00332022 0.0038278 0.00310703
48.28 0.367118 0.358338 0.335778 0.00334435 0.00365839 0.00270821
48.3 0.36724 0.358458 0.335861 0.00306453 0.00300109 0.00206613
48.32 0.367345 0.358548 0.335922 0.0026274 0.00226197 0.0015249
48.34 0.367433 0.358624 0.335976 0.00219483 0.00188791 0.00135927
48.36 0.36751 0.358707 0.33604 0.00191293 0.00209486 0.00159826
48.38 0.367585 0.358818 0.336121 0.00187001 0.00275543 0.00202795
48.4 0.367666 0.358958 0.336216 0.00202963 0.00350929 0.00236453
48.42 0.367755 0.359118 0.336314 0.0022287 0.00399593 0.00244998
48.44 0.367846 0.35928 0.336407 0.00228674 0.00404786 0.00233039
48.46 0.367931 0.359429 0.336494 0.00212534 0.00374011 0.00217428
48.48 0.368003 0.359561 0.336579 0.00179301 0.00330226 0.00211333
48.5 0.368061 0.35968 0.336664 0.00144515 0.00296479 0.0021456
48.52 0.368113 0.359793 0.336751 0.00129599 0.00281873 0.00217596
48.54 0.368172 0.359905 0.336837 0.00148358 0.00279884 0.00214695
48.56 0.36825 0.360017 0.336922 0.0019379 0.00280896 0.00212047
48.58 0.368346 0.360131 0.337011 0.00240608 0.00283827 0.00221404
48.6 0.368451 0.360248 0.337109 0.00263114 0.0029263 0.00245864
48.62 0.368552 0.360369 0.337217 0.00253111 0.00304052 0.00270682
48.64 0.368642 0.360491 0.337325 0.00223114 0.00304542 0.00269719
48.66 0.368719 0.360603 0.337416 0.00194696 0.00280799 0.00225859
48.68 0.368793 0.360697 0.337476 0.0018494 0.00235058 0.00150096
48.7 0.368873 0.360774 0.337508 0.00199461 0.00190099 0.000816952
48.72 0.368966 0.360844 0.337534 0.00233084 0.00176101 0.000638271
48.74 0.369076 0.360928 0.337578 0.00272873 0.0020905 0.00110849
48.76 0.369197 0.361038 0.337656 0.00302489 0.00277143 0.0019395
48.78 0.369321 0.361176 0.337759 0.00310182 0.00343802 0.00258063
48.8 0.369439 0.361323 0.337863 0.0029576 0.00367757 0.00259521
48.82 0.369547 0.361455 0.337942 0.00269718 0.00329873 0.0019725
48.84 0.369646 0.361554 0.337986 0.00247426 0.00247638 0.00111791
48.86 0.369743 0.361619 0.338008 0.00243498 0.00163491 0.000533612
48.88 0.369849 0.361666 0.338027 0.00265604 0.00116549 0.000469782
48.9 0.369973 0.361715 0.338059 0.00308564 0.00122463 0.000819392
48.92 0.370114 0.361784 0.33811 0.00352886 0.00171646 0.00127269
48.94 0.370263 0.361879 0.338172 0.00372091 0.00238466 0.00154871
48.96 0.370402 0.361997 0.338234 0.00347397 0.0029476 0.00154069
48.98 0.370515 0.362127 0.338286 0.00282098 0.0032385 0.00131084
49 0.370597 0.362257 0.338326 0.00205492 0.003261 0.000987684
49.02 0.37066 0.362382 0.338353 0.00158505 0.00311481 0.000681815
49.04 0.370727 0.362497 0.338372 0.00167712 0.00288386 0.00048552
49.06 0.370819 0.362602 0.338393 0.0022782 0.00261565 0.000501633
49.08 0.370941 0.362696 0.338425 0.00305096 0.00235889 0.000804802
49.1 0.371083 0.362782 0.338478 0.00356053 0.0021547 0.00134341
49.12 0.371223 0.362863 0.338555 0.00351033 0.00202353 0.00190559
49.14 0.371341 0.362943 0.338644 0.00293535 0.00200019 0.00222357
49.16 0.371429 0.363029 0.33873 0.00219972 0.00214964 0.00215587
49.18 0.371499 0.363129 0.338801 0.00174378 0.00250544 0.00178934
49.2 0.37157 0.36325 0.338857 0.00179228 0.00301046 0.00138926
49.22 0.371661 0.363391 0.338907 0.0022715 0.00352761 0.00125312
49.24 0.371778 0.363546 0.338969 0.00292649 0.00389069 0.00154302
49.26 0.371916 0.363706 0.339056 0.00345666 0.00397857 0.00217854
49.28 0.372061 0.363858 0.339171 0.00361263 0.00379918 0.00288499
49.3 0.372193 0.363997 0.339306 0.00329142 0.00348338 0.00337185
49.32 0.372297 0.364123 0.339446 0.00260539 0.00316083 0.00349305
49.34 0.372371 0.364238 0.339577 0.00184814 0.00287144 0.00327661
49.36 0.372425 0.364343 0.339691 0.00134903 0.00261394 0.00284966
49.38 0.372478 0.36444 0.339786 0.00132424 0.0024329 0.00237204
49.4 0.372549 0.364536 0.339867 0.00178038 0.00240665 0.00201673
49.42 0.372648 0.364639 0.339944 0.00249006 0.00256778 0.00193848
49.44 0.372772 0.364753 0.340032 0.00307982 0.00285535 0.00220347
49.46 0.372901 0.364879 0.340142 0.00322557 0.0031348 0.00273219
49.48 0.373014 0.365009 0.340274 0.00284058 0.00325152 0.00331082
49.5 0.3731 0.365132 0.340421 0.00213095 0.00309078 0.0036688
49.52 0.373159 0.365238 0.340564 0.00148532 0.0026493 0.00359124
49.54 0.373209 0.36532 0.340685 0.00125423 0.00204956 0.00301063
49.56 0.373271 0.365379 0.340766 0.00154308 0.00146511 0.00203893
49.58 0.373357 0.36542 0.340804 0.0021501 0.00103567 0.000928943
49.6 0.373465 0.365454 0.340803 0.00269232 0.000842683 -1.54271e-05
49.62 0.373578 0.36549 0.340781 0.00283106 0.000899991 -0.000542124
49.64 0.373676 0.365535 0.340759 0.00246036 0.0011192 -0.000548416
49.66 0.373746 0.365588 0.340754 0.00175676 0.00133665 -0.000129283
49.68 0.37379 0.365645 0.340774 0.00108701 0.00142029 0.000487707
49.7 0.373822 0.365699 0.340817 0.000807773 0.00135338 0.00108481
49.72 0.373865 0.365748 0.340878 0.00105906 0.00121813 0.00153525
49.74 0.373933 0.365794 0.34095 0.00169704 0.0011401 0.00178652
49.76 0.374029 0.365843 0.341023 0.00241652 0.00123366 0.00181707
49.78 0.374148 0.365904 0.341088 0.00296009 0.00153134 0.00163205
49.8 0.374277 0.365982 0.34114 0.00324488 0.00193753 0.0012943
49.82 0.37441 0.366072 0.341177 0.00330901 0.00226319 0.000928448
49.84 0.374536 0.366166 0.341203 0.00316249 0.00235782 0.00066598
49.86 0.374646 0.366254 0.341226 0.0027454 0.00219891 0.00056863
49.88 0.374728 0.36633 0.34125 0.00205742 0.00188181 0.00060582
49.9 0.37478 0.366392 0.341278 0.00127925 0.00156747 0.000691793
49.92 0.374809 0.366449 0.341308 0.000736794 0.00141787 0.000750171
49.94 0.374839 0.36651 0.341339 0.000748521 0.00153437 0.00076646
49.96 0.374896 0.366587 0.34137 0.0014316 0.00191947 0.000782918
49.98 0.374999 0.366687 0.341405 0.0025652 0.00249234 0.000872152
50 0.375145 0.366812 0.341449 0.00364506 0.00311885 0.0011036
50.02 0.37531 0.366957 0.341509 0.00414678 0.00362642 0.00150962
50.04 0.375464 0.367111 0.341592 0.00384961 0.003848 0.00206643
50.06 0.375584 0.367258 0.3417 0.00299455 0.00368785 0.00268937
50.08 0.37567 0.367385 0.34183 0.002145 0.00318253 0.00324879
50.1 0.375743 0.367487 0.341974 0.00182967 0.00252899 0.00360388
50.12 0.375832 0.367567 0.34212 0.00221338 0.00202039 0.00364968
50.14 0.375952 0.367643 0.342255 0.00301402 0.00188391 0.00337198
50.16 0.376101 0.367729 0.34237 0.00371797 0.00214221 0.00287882
50.18 0.376259 0.367834 0.342464 0.00393749 0.00263589 0.00235982
50.2 0.376404 0.367961 0.342544 0.00364821 0.00316993 0.00199899
50.22 0.376532 0.368106 0.34262 0.00317894 0.00362178 0.00189701
50.24 0.37665 0.368264 0.342701 0.0029687 0.00395287 0.00202765
50.26 0.37678 0.36843 0.342791 0.00324769 0.00416015 0.0022563
50.28 0.376936 0.368599 0.342889 0.00389491 0.00421342 0.0024378
50.3 0.377119 0.36876 0.34299 0.00456595 0.00404089 0.00252957
50.32 0.377317 0.368905 0.343095 0.00494539 0.00360869 0.00261222
50.34 0.377514 0.369026 0.343206 0.00493413 0.00302204 0.00279208
50.36 0.3777 0.369126 0.343329 0.00465179 0.00251542 0.00306629
50.38 0.377871 0.36922 0.34346 0.0042776 0.00233383 0.00327763
50.4 0.378027 0.369324 0.343589 0.00390176 0.00260865 0.00321962
50.42 0.378168 0.369455 0.343701 0.00351542 0.00327801 0.00280619
50.44 0.378293 0.369618 0.343787 0.00312078 0.00407279 0.00214342
50.46 0.378406 0.369802 0.343844 0.00282376 0.00461269 0.00144252
50.48 0.378517 0.369987 0.34388 0.00278654 0.00461003 0.000878113
50.5 0.37864 0.37015 0.3439 0.00307515 0.0040727 0.000505724
50.52 0.378783 0.370283 0.343911 0.00356722 0.0033267 0.000272851
50.54 0.378944 0.370395 0.343915 0.00403062 0.00279568 9.75228e-05
50.56 0.379114 0.370503 0.343913 0.00425882 0.0027039 -5.00332e-05
50.58 0.37928 0.370621 0.343909 0.00413641 0.00295654 -0.000103217
50.6 0.379426 0.370751 0.343912 0.00365935 0.00325427 7.8092e-05
50.62 0.379544 0.370884 0.343935 0.00294771 0.00331378 0.000595358
50.64 0.379633 0.371006 0.34399 0.00222044 0.00305964 0.00136156
50.66 0.379702 0.371113 0.344072 0.0017196 0.00268166 0.00206124
50.68 0.379766 0.371213 0.344165 0.00160582 0.00248889 0.00230478
50.7 0.37984 0.371319 0.34424 0.00185588 0.00265771 0.00187376
50.72 0.379931 0.371443 0.344275 0.00226515 0.00309229 0.000881036
50.74 0.380034 0.371583 0.344264 0.00257256 0.00350869 -0.000269771
50.76 0.380138 0.371729 0.344221 0.00260522 0.00365413 -0.00108367
50.78 0.380232 0.371868 0.344172 0.00235194 0.00346764 -0.00120537
50.8 0.38031 0.371992 0.344149 0.00195733 0.00308724 -0.000584792
50.82 0.380376 0.372102 0.344169 0.0016572 0.00274809 0.000511263
50.84 0.380443 0.372207 0.344236 0.00165428 0.00263997 0.00165738
50.86 0.380522 0.372319 0.344335 0.00197452 0.00279515 0.00249123
50.88 0.380617 0.372441 0.34445 0.0023948 0.00304815 0.00286536
50.9 0.380719 0.372566 0.344565 0.00255219 0.00313357 0.00286295
50.92 0.380808 0.372682 0.344673 0.00220187 0.00288681 0.00271081
50.94 0.380864 0.372776 0.344778 0.00141627 0.00235215 0.0026308
50.96 0.380888 0.372845 0.344886 0.000582743 0.00172223 0.00270744
50.98 0.380896 0.372893 0.345001 0.000200894 0.00120783 0.00286264
51 0.380918 0.372931 0.345118 0.000572888 0.00095833 0.00293107
51.02 0.380981 0.372972 0.34523 0.00157175 0.00102846 0.00278607
51.04 0.381089 0.373027 0.345328 0.00268097 0.0013697 0.00244849
51.06 0.381221 0.373102 0.345411 0.0033052 0.00185946 0.00209215
51.08 0.381346 0.373195 0.345489 0.00313316 0.00233126 0.00193324
51.1 0.381439 0.373299 0.345571 0.0023209 0.00260523 0.00207039
51.12 0.381494 0.373401 0.345667 0.00138268 0.00254173 0.00239129
51.14 0.381528 0.373485 0.345772 0.000845412 0.00210691 0.00263237
51.16 0.381564 0.373542 0.345875 0.000906743 0.00141762 0.00256447
51.18 0.381619 0.373571 0.345962 0.00136003 0.000722437 0.00217709
51.2 0.381691 0.373582 0.346031 0.00180997 0.000292818 0.00171762
51.22 0.38177 0.373594 0.346091 0.0019684 0.00029035 0.00151526
51.24 0.381842 0.373622 0.346159 0.00180673 0.000700372 0.0017026
51.26 0.381901 0.373677 0.346243 0.00147916 0.00136291 0.00209203
51.28 0.381946 0.373759 0.346336 0.00112543 0.00205756 0.00232977
51.3 0.381977 0.373862 0.346423 0.000773056 0.0025909 0.00216835
51.32 0.381993 0.373977 0.346489 0.000400931 0.00285726 0.00164194
51.34 0.381995 0.374091 0.346531 5.30643e-05 0.00286727 0.00105133
51.36 0.38199 0.374201 0.346561 -0.000138653 0.0027279 0.000764991
51.38 0.381988 0.374304 0.3466 -4.93319e-05 0.00257762 0.000959602
51.4 0.382001 0.374404 0.346659 0.000315831 0.00250887 0.00148322
51.42 0.382032 0.374505 0.346738 0.000784433 0.00252699 0.00196634
51.44 0.382077 0.374607 0.346821 0.00111541 0.00255399 0.00209187
51.46 0.382123 0.374706 0.346893 0.00115888 0.00246629 0.00180036
51.48 0.382162 0.374794 0.346945 0.000983928 0.00220021 0.00128216
51.5 0.382197 0.374868 0.346977 0.00087086 0.00186104 0.000810591
51.52 0.382241 0.374936 0.347 0.00109961 0.00168362 0.000565221
51.54 0.382307 0.37501 0.347022 0.00165788 0.00186737 0.000551898
51.56 0.382395 0.375108 0.347048 0.00218925 0.00243487 0.000660743
51.58 0.382487 0.375235 0.34708 0.00230914 0.00318605 0.000786745
51.6 0.382566 0.375386 0.347116 0.00196962 0.00376116 0.000896561
51.62 0.382626 0.375538 0.347156 0.00149677 0.00380382 0.000998213
51.64 0.382678 0.375665 0.347199 0.00130612 0.00317186 0.00107433
51.66 0.382742 0.375747 0.347241 0.00159698 0.00205356 0.00106485
51.68 0.382832 0.375782 0.347278 0.00225078 0.000880802 0.000931104
51.7 0.382951 0.375786 0.347308 0.00296867 9.77049e-05 0.000738299
51.72 0.383092 0.375784 0.347334 0.00351955 -5.55355e-05 0.00066254
51.74 0.383247 0.375799 0.34737 0.00388155 0.000391233 0.00089048
51.76 0.383414 0.375847 0.347429 0.00417758 0.00119986 0.00147307
51.78 0.383594 0.375929 0.347519 0.00449092 0.00204449 0.00224002
51.8 0.383783 0.376036 0.347633 0.00474338 0.00266578 0.00285539
51.82 0.383974 0.376156 0.347753 0.00477697 0.0029953 0.00301434
51.84 0.384157 0.376282 0.347859 0.00456096 0.00314903 0.0026436
51.86 0.384328 0.376413 0.347938 0.0042844 0.00328704 0.00196389
51.88 0.384498 0.376552 0.347993 0.00423619 0.0034624 0.00138574
51.9 0.384681 0.376696 0.348045 0.0045842 0.00361533 0.00130795
51.92 0.38489 0.376844 0.348122 0.00522232 0.0037043 0.00190442
51.94 0.385122 0.376995 0.348241 0.00579564 0.00377584 0.0029883
51.96 0.385358 0.377151 0.348403 0.00590493 0.00390287 0.00404975
51.98 0.385573 0.377316 0.348583 0.00538512 0.00410304 0.00450256
52 0.385753 0.377489 0.348744 0.00448426 0.0043283 0.00402258
52.02 0.385903 0.377668 0.348854 0.00375093 0.00449111 0.00275832
52.04 0.386049 0.377849 0.348906 0.00365122 0.00450543 0.00129313
52.06 0.386218 0.378023 0.34892 0.00423258 0.0043598 0.000356839
52.08 0.386422 0.37819 0.348937 0.00509123 0.00416254 0.000406794
52.1 0.386647 0.378353 0.34899 0.00562845 0.00407716 0.00133488
52.12 0.386864 0.37852 0.349092 0.00542532 0.00418889 0.00253873
52.14 0.387044 0.378698 0.349224 0.00449701 0.00443458 0.00330351
52.16 0.387174 0.378883 0.349352 0.00325394 0.00464729 0.00321076
52.18 0.387263 0.37907 0.349446 0.00223405 0.00465868 0.00233297
52.2 0.387336 0.379245 0.349491 0.00181737 0.00439176 0.0011334
52.22 0.387419 0.379401 0.349498 0.00207103 0.00390107 0.000171979
52.24 0.387529 0.379535 0.34949 0.00276161 0.00332682 -0.000193834
52.26 0.387669 0.379647 0.349493 0.00348972 0.00280242 6.44313e-05
52.28 0.387824 0.379744 0.349521 0.00388215 0.0024261 0.000719108
52.3 0.387974 0.379835 0.349579 0.00374377 0.00227313 0.0014341
52.32 0.388098 0.379929 0.349654 0.00310912 0.00236115 0.00189222
52.34 0.388187 0.380033 0.34973 0.00221459 0.00260776 0.00188874
52.36 0.388245 0.380148 0.349786 0.00143903 0.00286123 0.00141229
52.38 0.388291 0.380267 0.349813 0.00116495 0.00298514 0.00066262
52.4 0.388353 0.380384 0.349812 0.00154582 0.00293156 -3.2921e-05
52.42 0.388447 0.380494 0.349797 0.00235234 0.00274307 -0.000365461
52.44 0.38857 0.380594 0.349789 0.00308174 0.00249293 -0.000192673
52.46 0.388701 0.380683 0.349805 0.00327112 0.0022336 0.000384493
52.48 0.388812 0.380763 0.349848 0.00277782 0.00198223 0.00109069
52.5 0.388887 0.380832 0.349914 0.00186321 0.00173557 0.00165258
52.52 0.388928 0.380892 0.349992 0.00104034 0.0014944 0.00194618
52.54 0.388959 0.380943 0.350073 0.000768767 0.00127786 0.00201554
52.56 0.389006 0.380988 0.350152 0.00117784 0.00112435 0.00198368
52.58 0.389085 0.381031 0.35023 0.00197507 0.00108161 0.00194837
52.6 0.38919 0.381078 0.350308 0.00262628 0.00116832 0.00194577
52.62 0.389298 0.381132 0.350387 0.00270278 0.0013461 0.00197246
52.64 0.389384 0.381193 0.350467 0.00214325 0.00154043 0.00200842
52.66 0.389435 0.381261 0.350549 0.00125925 0.00168419 0.00204129
52.68 0.389455 0.38133 0.350633 0.000503297 0.00172939 0.00209286
52.7 0.389463 0.381396 0.350721 0.00019602 0.00164295 0.0022108
52.72 0.389478 0.381453 0.350818 0.000385858 0.00144137 0.00241775
52.74 0.389513 0.381502 0.350925 0.000876851 0.00122445 0.00267591
52.76 0.389568 0.381548 0.351041 0.00136909 0.00115023 0.0028976
52.78 0.389632 0.381602 0.35116 0.00160725 0.00134417 0.0029737
52.8 0.389691 0.381674 0.351272 0.00148125 0.00180562 0.00282051
52.82 0.389734 0.381769 0.35137 0.00106562 0.0023788 0.00243634
52.84 0.389757 0.381882 0.351446 0.000571189 0.00282417 0.00191394
52.86 0.389765 0.382001 0.351502 0.000203276 0.00295452 0.00138064
52.88 0.389766 0.38211 0.351539 3.12178e-05 0.00274817 0.000942459
52.9 0.389766 0.382205 0.351567 -5.11074e-06 0.00236018 0.000688898
52.92 0.389767 0.382286 0.351595 2.08968e-05 0.00201692 0.000699926
52.94 0.389771 0.38236 0.351635 0.00010107 0.00186637 0.00101427
52.96 0.389782 0.382436 0.351699 0.000269513 0.00190751 0.00159149
52.98 0.389803 0.382518 0.351791 0.000527255 0.0020442 0.00230621
53 0.389834 0.382605 0.35191 0.000788704 0.00218116 0.00296329
53.02 0.389871 0.382697 0.352044 0.000907012 0.002285 0.00333965
53.04 0.389902 0.382792 0.352174 0.00078399 0.00238828 0.00326952
53.06 0.389921 0.382894 0.352284 0.000481116 0.00253177 0.00274615
53.08 0.38993 0.383001 0.352362 0.000217072 0.00268534 0.00194729
53.1 0.389939 0.383111 0.352408 0.00022502 0.00274093 0.00116116
53.12 0.389962 0.383215 0.352435 0.000574392 0.00260917 0.000665603
53.14 0.390006 0.383308 0.352459 0.00111685 0.00232657 0.00060501
53.16 0.39007 0.383391 0.352496 0.00159872 0.00206137 0.000907381
53.18 0.390144 0.383471 0.352549 0.00184069 0.00200595 0.00132632
53.2 0.390218 0.38356 0.352614 0.00185011 0.00224051 0.00162314
53.22 0.390289 0.383667 0.352682 0.00178443 0.0026661 0.00171592
53.24 0.390362 0.38379 0.352749 0.00180928 0.00306236 0.00167547
53.26 0.39044 0.383918 0.352813 0.0019609 0.0032109 0.00160266
53.28 0.390526 0.384039 0.352874 0.0021325 0.00301947 0.00152042
53.3 0.390614 0.384143 0.352929 0.00220702 0.00260401 0.0013759
53.32 0.390702 0.384233 0.352974 0.00220873 0.00223833 0.00113183
53.34 0.390794 0.384319 0.353008 0.00228886 0.00216937 0.000833873
53.36 0.390896 0.384417 0.353031 0.00255072 0.00245317 0.000580149
53.38 0.391013 0.384534 0.353048 0.00293177 0.00291518 0.000435033
53.4 0.391144 0.384664 0.353064 0.00326529 0.00323846 0.000394819
53.42 0.39128 0.38479 0.353081 0.00341457 0.00314923 0.000426201
53.44 0.391415 0.384894 0.353102 0.00337615 0.00261018 0.000522501
53.46 0.391548 0.384969 0.353131 0.00330954 0.00188072 0.000721684
53.48 0.391685 0.385024 0.353174 0.00342556 0.00137218 0.00107958
53.5 0.391836 0.38508 0.353238 0.00378099 0.0013983 0.00159941
53.52 0.392004 0.38516 0.353324 0.00419456 0.00198957 0.00214229
53.54 0.39218 0.385275 0.353422 0.00440716 0.00287968 0.00245266
53.56 0.392353 0.385421 0.353516 0.00432237 0.00365728 0.00233851
53.58 0.392516 0.38558 0.35359 0.00406723 0.00397135 0.00185531
53.6 0.39267 0.385728 0.353643 0.00386164 0.00369487 0.00131933
53.62 0.392824 0.385847 0.353687 0.00385761 0.00297864 0.00112099
53.64 0.392987 0.385934 0.353747 0.00406294 0.00218365 0.00148081
53.66 0.393162 0.386003 0.353839 0.00437052 0.00172559 0.00231636
53.68 0.393348 0.386079 0.353971 0.00465733 0.00190662 0.00329149
53.7 0.393543 0.386191 0.354131 0.00488063 0.00279033 0.00400922
53.72 0.393747 0.386356 0.3543 0.00510522 0.00412484 0.00422862
53.74 0.393964 0.386571 0.354459 0.0054127 0.00537791 0.00395608
53.76 0.394194 0.386811 0.354594 0.00575322 0.00598739 0.0033844
53.78 0.394431 0.38704 0.354704 0.00592493 0.00572844 0.00275456
53.8 0.39466 0.387235 0.354794 0.0057287 0.00488573 0.00223714
53.82 0.394866 0.387397 0.35487 0.00514527 0.00404086 0.00191036
53.84 0.395041 0.387543 0.354942 0.00438727 0.00365571 0.00180637
53.86 0.395193 0.387694 0.35502 0.00378879 0.00377706 0.00193094
53.88 0.395337 0.387857 0.355108 0.00359557 0.00407632 0.00222216
53.9 0.395488 0.388023 0.35521 0.00378069 0.00414019 0.00253016
53.92 0.39565 0.388175 0.355317 0.00403657 0.00379231 0.00267405
53.94 0.395809 0.388304 0.355418 0.0039773 0.0032368 0.00253187
53.96 0.395946 0.38842 0.355502 0.0034268 0.00288969 0.00210467
53.98 0.396049 0.38854 0.355563 0.00258278 0.00301276 0.00152132
54 0.396126 0.38868 0.355602 0.00192697 0.00348919 0.000975756
54.02 0.396203 0.388837 0.355627 0.00190991 0.00392589 0.00062353
54.04 0.396306 0.388995 0.355646 0.00259584 0.00394919 0.000481151
54.06 0.396448 0.389132 0.355662 0.00353866 0.00343876 0.000406898
54.08 0.39661 0.389235 0.355672 0.00404994 0.00258072 0.00023248
54.1 0.396757 0.389305 0.35567 0.00367177 0.00173178 -5.07573e-05
54.12 0.396856 0.389352 0.355659 0.00247946 0.00117312 -0.000259104
54.14 0.396897 0.389391 0.355653 0.001031 0.000973504 -0.000168178
54.16 0.396898 0.389432 0.355664 2.20079e-05 0.00104498 0.00029527
54.18 0.396893 0.389483 0.355703 -0.000136018 0.00127321 0.000960799
54.2 0.396911 0.389547 0.355762 0.000462933 0.0015794 0.0014859
54.22 0.396965 0.389622 0.355825 0.0013559 0.00189641 0.00156047
54.24 0.397048 0.389708 0.355869 0.00207517 0.00212868 0.00111483
54.26 0.397145 0.389793 0.355885 0.00241565 0.00214492 0.000388675
54.28 0.397242 0.389867 0.355877 0.00242923 0.00183274 -0.000206402
54.3 0.397332 0.389915 0.355864 0.00224465 0.00120179 -0.000327648
54.32 0.397408 0.389933 0.355869 0.00191112 0.000447742 0.000127429
54.34 0.397464 0.389929 0.355909 0.00140139 -9.22946e-05 0.000997563
54.36 0.397494 0.389925 0.355987 0.000738845 -9.94068e-05 0.00195446
54.38 0.397498 0.389946 0.356094 0.000109336 0.000526288 0.00267009
54.4 0.397491 0.390008 0.356213 -0.000181214 0.00153719 0.00298222
54.42 0.397495 0.390104 0.356331 0.000105882 0.00242151 0.00296622
54.44 0.397533 0.390212 0.356445 0.00094145 0.00268889 0.00284273
54.46 0.397612 0.390298 0.356557 0.00196369 0.00215628 0.00278713
54.48 0.397717 0.39034 0.356669 0.00262807 0.00104079 0.00281101
54.5 0.397817 0.390333 0.356781 0.00251619 -0.000162624 0.00278585
54.52 0.397882 0.390298 0.356884 0.00161469 -0.000893991 0.00258983
54.54 0.397896 0.390268 0.356975 0.000349546 -0.000750624 0.00226364
54.56 0.397869 0.39028 0.357056 -0.000665475 0.000300263 0.00202983
54.58 0.39783 0.390353 0.357142 -0.000979871 0.00183945 0.00214333
54.6 0.397808 0.39048 0.357249 -0.000540663 0.00318083 0.00269287
54.62 0.397822 0.39063 0.357389 0.000331043 0.00374551 0.00350501
54.64 0.397869 0.390766 0.357558 0.00117122 0.00338593 0.0042248
54.66 0.397934 0.390864 0.357739 0.00163258 0.00245302 0.00451035
54.68 0.397999 0.390926 0.357908 0.00162836 0.00155862 0.00421837
54.7 0.398052 0.390974 0.358046 0.00131989 0.00119703 0.00346262
54.72 0.398091 0.391034 0.358147 0.000976695 0.00149617 0.00252093
54.74 0.398123 0.391123 0.358214 0.000803956 0.00222178 0.0016857
54.76 0.398156 0.391241 0.35826 0.000834989 0.00297018 0.00115047
54.78 0.398194 0.391378 0.358299 0.000946739 0.00341691 0.000968701
54.8 0.398234 0.391517 0.358342 0.000988414 0.00348387 0.00106196
54.82 0.39827 0.391651 0.358392 0.000913043 0.00333606 0.00125891
54.84 0.398303 0.39178 0.358447 0.000804215 0.00323221 0.00137114
54.86 0.398335 0.391914 0.358499 0.00080666 0.00334759 0.00129846
54.88 0.398376 0.392061 0.358542 0.00101964 0.00366955 0.00107662
54.9 0.398432 0.392221 0.358574 0.00140569 0.00400796 0.000806079
54.92 0.398504 0.392386 0.358596 0.00180593 0.00411837 0.000550767
54.94 0.398587 0.392541 0.358609 0.00206356 0.00387449 0.000313587
54.96 0.398672 0.392676 0.358612 0.00213049 0.00336929 7.76993e-05
54.98 0.398755 0.392791 0.358605 0.0020756 0.0028786 -0.000160891
55 0.398836 0.392898 0.35859 0.00202858 0.00268494 -0.00038295
55.02 0.39892 0.393013 0.358568 0.00208938 0.00287616 -0.000549776
55.04 0.399009 0.393145 0.358544 0.00224384 0.00328154 -0.000608916
55.06 0.399103 0.393288 0.358524 0.00235096 0.00358207 -0.000502858
55.08 0.399193 0.393429 0.358516 0.00224389 0.00352908 -0.000188319
55.1 0.399269 0.393553 0.35853 0.00189628 0.0031109 0.000341914
55.12 0.39933 0.393656 0.358571 0.00151419 0.00255842 0.00102063
55.14 0.399387 0.393743 0.358637 0.0014444 0.00217909 0.00166774
55.16 0.399464 0.393828 0.358718 0.00190868 0.00211536 0.00202929
55.18 0.399575 0.393917 0.358795 0.00279026 0.00224532 0.00191661
55.2 0.399722 0.39401 0.358849 0.00366699 0.00231686 0.00135967
55.22 0.399885 0.394097 0.358875 0.00406589 0.00217824 0.000644992
55.24 0.400035 0.394173 0.358884 0.00376523 0.00190517 0.000209775
55.26 0.400153 0.394243 0.358901 0.00295162 0.00173131 0.00042757
55.28 0.400239 0.394317 0.358955 0.00213528 0.00184793 0.00136254
55.3 0.400313 0.394406 0.359063 0.00185627 0.00223807 0.00268515
55.32 0.400407 0.394514 0.359217 0.00235628 0.00269536 0.00385922
55.34 0.400544 0.394634 0.359396 0.00343145 0.00299312 0.00446422
55.36 0.400728 0.394755 0.359572 0.00458497 0.00303977 0.00440202
55.38 0.400942 0.394871 0.359727 0.00534396 0.00290417 0.00387315
55.4 0.401161 0.39498 0.359855 0.00549286 0.00272557 0.00320501
55.42 0.401366 0.395084 0.359962 0.00512144 0.0025954 0.00267326
55.44 0.401547 0.395185 0.360058 0.00452936 0.00250746 0.00241605
55.46 0.401709 0.395281 0.360156 0.0040497 0.00240724 0.00244923
55.48 0.401865 0.395371 0.360265 0.00388131 0.00226647 0.00271523
55.5 0.402026 0.395456 0.360389 0.00403206 0.00212026 0.00309885
55.52 0.402201 0.395539 0.360526 0.00438297 0.00205917 0.00342357
55.54 0.402392 0.395625 0.360666 0.00477543 0.00216891 0.00351081
55.56 0.402594 0.395723 0.360798 0.0050495 0.00243843 0.00329114
55.58 0.402797 0.395832 0.360912 0.00508111 0.00273027 0.00284337
55.6 0.402991 0.395947 0.361004 0.00484151 0.00287088 0.0023076
55.62 0.403168 0.396058 0.361075 0.00442509 0.00277788 0.00177452
55.64 0.403329 0.396159 0.361125 0.00401682 0.00252635 0.00126301
55.66 0.403481 0.396252 0.361156 0.00379499 0.00231718 0.00077321
55.68 0.403634 0.396346 0.36117 0.00383083 0.00235799 0.000348302
55.7 0.403796 0.396454 0.361174 0.00405575 0.00269566 9.9942e-05
55.72 0.403968 0.39658 0.36118 0.00430591 0.00313973 0.000148388
55.74 0.404144 0.396716 0.3612 0.00439648 0.00340156 0.000498923
55.76 0.404312 0.396849 0.36124 0.00419351 0.00332571 0.000987592
55.78 0.404459 0.396969 0.361294 0.00368521 0.00300098 0.00136866
55.8 0.404579 0.397077 0.361353 0.00300007 0.00269988 0.00145842
55.82 0.404672 0.397184 0.361402 0.00231264 0.00267132 0.00122626
55.84 0.404741 0.397301 0.361434 0.00172851 0.00292924 0.000804822
55.86 0.404793 0.39743 0.361451 0.00129402 0.00322824 0.000431389
55.88 0.404836 0.39756 0.361464 0.00109319 0.00326292 0.000325101
55.9 0.404887 0.397677 0.361486 0.00125373 0.00291244 0.00054223
55.92 0.404959 0.39777 0.361523 0.0018033 0.00232402 0.000921853
55.94 0.40506 0.397842 0.36157 0.00254397 0.00180783 0.00118551
55.96 0.405185 0.397907 0.361615 0.00310851 0.00163277 0.00112631
55.98 0.405311 0.397981 0.361646 0.00316298 0.00183982 0.000775481
56 0.405416 0.398069 0.361663 0.00262666 0.00220594 0.000403465
56.02 0.405487 0.398166 0.361676 0.00177086 0.00240952 0.000348854
56.04 0.40553 0.398257 0.361709 0.00106906 0.00227542 0.000805965
56.06 0.405565 0.398333 0.361777 0.000866058 0.00190302 0.00169582
56.08 0.40561 0.398396 0.361884 0.00114146 0.00158288 0.00268601
56.1 0.405672 0.39846 0.362018 0.00154262 0.00158798 0.00334933
56.12 0.405738 0.398539 0.362154 0.00165251 0.00198194 0.00339001
56.14 0.40579 0.398641 0.362267 0.00129701 0.00256126 0.00282643
56.16 0.405816 0.39876 0.362346 0.000654748 0.00297525 0.00199383
56.18 0.405819 0.398879 0.3624 8.2922e-05 0.00296203 0.00134264
56.2 0.405812 0.39898 0.362448 -0.00017909 0.00253215 0.00118658
56.22 0.405807 0.399058 0.36251 -0.000129693 0.00195538 0.00156339
56.24 0.405811 0.399121 0.3626 0.000102563 0.00157427 0.00224714
56.26 0.405826 0.399185 0.362715 0.000380371 0.00159501 0.00288226
56.28 0.405851 0.399265 0.362843 0.000621067 0.00199672 0.00318515
56.3 0.405884 0.399369 0.362966 0.000828864 0.0025889 0.00309473
56.32 0.405926 0.399495 0.363077 0.0010499 0.0031523 0.00276635
56.34 0.405977 0.399636 0.363174 0.00125958 0.00354176 0.0024233
56.36 0.40603 0.399785 0.363262 0.00134277 0.00371064 0.00219459
56.38 0.406078 0.399932 0.363344 0.00119821 0.00368965 0.00205568
56.4 0.406112 0.400074 0.36342 0.000828417 0.00355052 0.00189655
56.42 0.406125 0.400209 0.363486 0.000341779 0.00337773 0.00164728
56.44 0.406121 0.400339 0.363541 -9.56641e-05 0.00324767 0.00137177
56.46 0.406109 0.400468 0.363591 -0.000318029 0.00320627 0.00124949
56.48 0.4061 0.400597 0.363647 -0.000229107 0.00324506 0.0014205
56.5 0.406105 0.400729 0.36372 0.000129392 0.00329665 0.00180549
56.52 0.406128 0.400861 0.363804 0.000588873 0.0032837 0.00209625
56.54 0.406167 0.400988 0.363882 0.00096536 0.0031772 0.00196667
56.56 0.406214 0.401108 0.363936 0.00117727 0.00301278 0.00133442
56.58 0.406265 0.401223 0.363954 0.00126709 0.00286037 0.000470196
56.6 0.406318 0.401333 0.363949 0.0013293 0.00276227 -0.000138614
56.62 0.406375 0.401441 0.363945 0.00142311 0.00268754 -0.000101021
56.64 0.406436 0.401543 0.363968 0.00152811 0.00255217 0.000572674
56.66 0.406499 0.401635 0.364025 0.00157278 0.00230503 0.00142706
56.68 0.406559 0.401715 0.3641 0.00151372 0.00201303 0.00187381
56.7 0.406615 0.401789 0.364165 0.00138432 0.00183804 0.00162016
56.72 0.406666 0.401864 0.364199 0.00127927 0.00187948 0.000871575
56.74 0.406718 0.401946 0.364206 0.00130875 0.00205706 0.000170108
56.76 0.40678 0.402034 0.364207 0.00153405 0.00218746 1.559e-05
56.78 0.406856 0.402119 0.364228 0.00190903 0.00213685 0.000532916
56.8 0.406949 0.402195 0.364285 0.00232236 0.00189613 0.00140947
56.82 0.407058 0.402258 0.364371 0.00271911 0.001581 0.00214949
56.84 0.407183 0.402314 0.364468 0.00313506 0.00139639 0.00243143
56.86 0.407327 0.402376 0.364559 0.00358985 0.00153738 0.00228324
56.88 0.407486 0.402457 0.364638 0.0039873 0.0020214 0.00198013
56.9 0.407652 0.402561 0.36471 0.00416076 0.00259598 0.00180033
56.92 0.407813 0.402675 0.364784 0.00400258 0.00285069 0.00183527
56.94 0.407954 0.402774 0.364862 0.00354585 0.0024792 0.00196542
56.96 0.408073 0.402835 0.364942 0.00295891 0.00152187 0.00199723
56.98 0.408172 0.402851 0.365016 0.00249259 0.000417789 0.00184892
57 0.408268 0.402843 0.365081 0.00237994 -0.000214795 0.00162482
57.02 0.408377 0.402844 0.365142 0.00272684 3.42316e-05 0.00152978
57.04 0.408514 0.402887 0.36521 0.00343131 0.00107694 0.00169969
57.06 0.408681 0.402981 0.365293 0.00417215 0.00235574 0.00206694
57.08 0.408863 0.403108 0.365388 0.00454534 0.00317229 0.00238016
57.1 0.409035 0.403233 0.365483 0.00431163 0.00310997 0.00237535
57.12 0.409178 0.403325 0.365562 0.00356919 0.00229835 0.0019661
57.14 0.409286 0.403378 0.365615 0.00270801 0.00134409 0.00131748
57.16 0.409374 0.403416 0.365645 0.0021906 0.000949865 0.000751894
57.18 0.409466 0.403475 0.365667 0.00229501 0.00147125 0.000551668
57.2 0.409584 0.403583 0.365698 0.00296284 0.00269795 0.000786825
57.22 0.409739 0.403743 0.365749 0.00385885 0.00399971 0.00127747
57.24 0.409922 0.403933 0.365819 0.0045785 0.00474809 0.00173052
57.26 0.410115 0.404121 0.365896 0.00483746 0.0047031 0.00193779
57.28 0.410297 0.404285 0.365971 0.00455039 0.00408526 0.001872
57.3 0.410451 0.404419 0.366037 0.00384515 0.00334948 0.00165047
57.32 0.410573 0.404534 0.366095 0.00304024 0.00288214 0.00143986
57.34 0.410674 0.404646 0.36615 0.00253013 0.00280036 0.00138012
57.36 0.410777 0.404764 0.366211 0.00258172 0.00296124 0.00153901
57.38 0.410904 0.404891 0.366287 0.00317398 0.00315766 0.00188335
57.4 0.411064 0.405023 0.366378 0.00400687 0.00331725 0.00228413
57.42 0.41125 0.405164 0.366481 0.00465238 0.00351887 0.00256746
57.44 0.411441 0.405317 0.366584 0.00477133 0.00382175 0.00259222
57.46 0.411614 0.405482 0.366677 0.00432653 0.00411544 0.00231119
57.48 0.411759 0.405648 0.366748 0.00361956 0.00415819 0.0017912
57.5 0.411882 0.405799 0.366797 0.00306502 0.00376909 0.00120401
57.52 0.411998 0.405919 0.366828 0.00289426 0.00299933 0.000778842
57.54 0.412119 0.406004 0.366856 0.00304115 0.00213233 0.000709745
57.56 0.412249 0.406064 0.366898 0.00324358 0.00150611 0.00104809
57.58 0.412378 0.406116 0.366964 0.00323149 0.00130586 0.00165123
57.6 0.412494 0.406176 0.367054 0.00289199 0.00148775 0.0022392
57.62 0.412588 0.40625 0.367155 0.00234495 0.00186105 0.00253336
57.64 0.412663 0.406339 0.367251 0.00187879 0.00222405 0.00240037
57.66 0.412733 0.406437 0.367328 0.00175042 0.00245035 0.00192864
57.68 0.412812 0.406538 0.367384 0.00199039 0.00251216 0.00138311
57.7 0.412908 0.406636 0.367425 0.00238676 0.00244879 0.00104551
57.72 0.413014 0.406727 0.367467 0.00264476 0.00228984 0.00103824
57.74 0.413117 0.406808 0.367517 0.00258058 0.00201496 0.00125516
57.76 0.413206 0.406873 0.367575 0.00221839 0.00163844 0.00145025
57.78 0.413276 0.406926 0.367632 0.00176827 0.00131892 0.0014182
57.8 0.413336 0.406978 0.367678 0.00149582 0.00129102 0.00114615
57.82 0.413398 0.407044 0.36771 0.00153407 0.00165775 0.000818208
57.84 0.413469 0.407136 0.367737 0.0017787 0.00228992 0.000664456
57.86 0.413547 0.407252 0.367769 0.00195817 0.0029094 0.000792862
57.88 0.41362 0.407382 0.367814 0.00182529 0.00324737 0.00113686
57.9 0.413674 0.40751 0.367875 0.00133869 0.0031933 0.00151985
57.92 0.413702 0.407625 0.367946 0.000722048 0.00288233 0.00177884
57.94 0.413717 0.40773 0.368021 0.000356445 0.00263447 0.00187924
57.96 0.413738 0.40784 0.368099 0.000535416 0.00273148 0.00194446
57.98 0.413787 0.407967 0.368184 0.0012332 0.0031728 0.00211991
58 0.41387 0.408112 0.368279 0.00207009 0.00363916 0.00236934
58.02 0.413972 0.408262 0.368377 0.00253643 0.00375553 0.00245977
58.04 0.414065 0.4084 0.368464 0.002324 0.00343295 0.0021804
58.06 0.414126 0.408519 0.368528 0.00152841 0.00297219 0.00158205
58.08 0.41415 0.408632 0.368567 0.000598988 0.00283432 0.000993961
58.1 0.414153 0.408763 0.368599 7.03929e-05 0.00327183 0.000787888
58.12 0.414162 0.408927 0.368643 0.000233095 0.00410391 0.00110028
58.14 0.4142 0.409119 0.368713 0.000950267 0.00480144 0.00174327
58.16 0.41427 0.409313 0.368807 0.00175358 0.00485305 0.00235128
58.18 0.414356 0.40948 0.368911 0.0021546 0.00416212 0.00260563
58.2 0.414434 0.409606 0.369007 0.00194283 0.00314788 0.00240348
58.22 0.414485 0.409704 0.369084 0.00127746 0.0024683 0.0019253
58.24 0.414508 0.409807 0.369145 0.000563276 0.00257509 0.00153487
58.26 0.414516 0.409944 0.369206 0.00021289 0.00341036 0.00151811
58.28 0.414533 0.410122 0.369281 0.000418116 0.00444682 0.00186831
58.3 0.414575 0.410323 0.369374 0.00105515 0.00502826 0.00232458
58.32 0.414646 0.410514 0.369478 0.0017769 0.00476999 0.00259717
58.34 0.414735 0.410665 0.36958 0.00223292 0.00378176 0.00254822
58.36 0.414827 0.410769 0.369668 0.00228386 0.00259376 0.00221838
58.38 0.414909 0.410841 0.369739 0.00206074 0.00181155 0.00177149
58.4 0.414982 0.41091 0.369796 0.00182499 0.00172787 0.00141999
58.42 0.415052 0.410997 0.369849 0.00173984 0.00217693 0.00131481
58.44 0.415121 0.411105 0.369906 0.00173802 0.00270346 0.00144253
58.46 0.415186 0.411221 0.369972 0.00161636 0.00289028 0.00163193
58.48 0.415238 0.411325 0.370039 0.0013034 0.00260177 0.00169081
58.5 0.415279 0.411406 0.370101 0.00102174 0.00201846 0.0015501
58.52 0.415324 0.411465 0.370153 0.00112451 0.00148464 0.00129643
58.54 0.415394 0.411516 0.370197 0.00174083 0.00128257 0.00109492
58.56 0.415498 0.411575 0.37024 0.00260442 0.00147127 0.00107931
58.58 0.415627 0.411651 0.370291 0.00322248 0.001889 0.00127679
58.6 0.415755 0.411742 0.370355 0.00320771 0.00228627 0.00159599
58.62 0.415857 0.411841 0.37043 0.00255329 0.00247813 0.0018846
58.64 0.415924 0.411939 0.370511 0.00167408 0.00243092 0.00201525
58.66 0.41597 0.412029 0.370589 0.00113902 0.00224504 0.00194809
58.68 0.416021 0.412111 0.370659 0.0012804 0.00206037 0.00174372
58.7 0.4161 0.412189 0.370719 0.00198948 0.00196285 0.001518
58.72 0.416213 0.412267 0.370774 0.00282051 0.00193789 0.00136754
58.74 0.416345 0.412342 0.370827 0.00329396 0.00188836 0.00131528
58.76 0.416473 0.412412 0.370879 0.00319361 0.00173303 0.00131063
58.78 0.41658 0.412472 0.37093 0.00269127 0.00150802 0.0012767
58.8 0.416669 0.412527 0.370977 0.00220661 0.0013638 0.00116391
58.82 0.416752 0.412584 0.371016 0.00209034 0.00143762 0.000980602
58.84 0.416848 0.412653 0.371048 0.0023916 0.00170777 0.000799714
58.86 0.416964 0.412732 0.371077 0.00290301 0.00198171 0.000735899
58.88 0.4171 0.412813 0.371113 0.0033895 0.00203272 0.0008913
58.9 0.41725 0.412884 0.371164 0.00374684 0.00176783 0.00128516
58.92 0.417409 0.412936 0.371236 0.00398653 0.00130901 0.00179486
58.94 0.417575 0.412973 0.371323 0.00414431 0.000921304 0.00217775
58.96 0.417743 0.413006 0.371412 0.00421222 0.000837124 0.0022182
58.98 0.417909 0.413051 0.371487 0.00413171 0.00110956 0.00188492
59 0.418063 0.413114 0.371541 0.00385251 0.00158957 0.00135077
59.02 0.418199 0.413196 0.371576 0.00341821 0.00202793 0.000858825
59.04 0.418319 0.413285 0.371599 0.00299118 0.00222332 0.00057602
59.06 0.41843 0.41337 0.371621 0.00277331 0.00213421 0.000561201
59.08 0.418545 0.413445 0.371654 0.00288231 0.00189008 0.000825689
59.1 0.418676 0.413513 0.37171 0.00327603 0.00168969 0.00137876
59.12 0.418827 0.413581 0.371797 0.0037637 0.00168909 0.0021963
59.14 0.418991 0.413659 0.371923 0.00409966 0.0019495 0.00314102
59.16 0.419156 0.413755 0.37208 0.00412132 0.00239758 0.0039297
59.18 0.41931 0.413868 0.372249 0.00385299 0.00282619 0.00422127
59.2 0.41945 0.413988 0.372401 0.00350271 0.00301457 0.00380952
59.22 0.419583 0.414104 0.372513 0.00332833 0.00290747 0.00279317
59.24 0.419721 0.414211 0.372576 0.00345219 0.00266925 0.001575
59.26 0.419872 0.414314 0.372603 0.00377829 0.00256262 0.000666469
59.28 0.420035 0.414424 0.372619 0.00406031 0.00276181 0.000414247
59.3 0.420196 0.414553 0.372652 0.00404198 0.00322119 0.000809995
59.32 0.42034 0.4147 0.372712 0.00358411 0.0036729 0.00151796
59.34 0.42045 0.414852 0.372797 0.00275268 0.00379808 0.00211072
59.36 0.420523 0.414991 0.37289 0.00183548 0.00347638 0.00232627
59.38 0.420573 0.415107 0.372977 0.00123261 0.00290258 0.00216974
59.4 0.420623 0.415206 0.37305 0.00125465 0.00246394 0.00183205
59.42 0.420701 0.415305 0.373111 0.00194835 0.00248329 0.00153045
59.44 0.420822 0.415425 0.373167 0.00303557 0.00301328 0.00138326
59.46 0.420982 0.415577 0.373221 0.00400839 0.00379275 0.00136719
59.48 0.421158 0.415753 0.373276 0.00438001 0.00440518 0.00137136
59.5 0.421316 0.415935 0.373328 0.00395992 0.00453882 0.00130323
59.52 0.421434 0.416101 0.373374 0.00294592 0.00416393 0.00114363
59.54 0.421505 0.416243 0.373411 0.00178306 0.0035385 0.000924999
59.56 0.421543 0.416365 0.373439 0.000935329 0.00304922 0.000691457
59.58 0.42157 0.416483 0.373458 0.000687067 0.00295136 0.000479521
59.6 0.421611 0.41661 0.373471 0.00102578 0.00318386 0.000327244
59.62 0.421677 0.416748 0.373483 0.00165124 0.0034428 0.000294472
59.64 0.421763 0.416886 0.373501 0.00214027 0.00343931 0.000459147
59.66 0.421851 0.41701 0.373536 0.00221459 0.00310301 0.000869928
59.68 0.421928 0.417114 0.373595 0.00190442 0.00260603 0.00147528
59.7 0.421987 0.417203 0.373678 0.00148479 0.00222777 0.0020849
59.72 0.422037 0.41729 0.373775 0.00126231 0.00216856 0.00242143
59.74 0.422092 0.417387 0.373866 0.00136033 0.00242544 0.00227586
59.76 0.422157 0.4175 0.373933 0.00163335 0.00281775 0.00165804
59.78 0.422229 0.417625 0.373965 0.00178802 0.0031327 0.000818269
59.8 0.422294 0.417755 0.373971 0.00162565 0.00324762 0.000138659
59.82 0.422341 0.417882 0.37397 0.00119032 0.00316908 -2.62989e-05
59.84 0.422369 0.418002 0.373989 0.000699749 0.00301045 0.00047968
59.86 0.422384 0.418118 0.374049 0.000374726 0.00291134 0.00150266
59.88 0.422397 0.418235 0.374154 0.000322482 0.00292341 0.00263007
59.9 0.422418 0.418354 0.374291 0.000524364 0.00297441 0.00340983
59.92 0.422454 0.418472 0.374434 0.000894478 0.00294807 0.00357857
59.94 0.422508 0.418584 0.37456 0.00134992 0.00279371 0.00315371
59.96 0.42258 0.418687 0.374655 0.00180907 0.00256796 0.00238058
59.98 0.422666 0.418782 0.37472 0.00214125 0.00238709 0.00161294
60 0.422754 0.418877 0.374767 0.00218876 0.00236162 0.00118139
60.02 0.422829 0.418978 0.374817 0.00188031 0.00253875 0.00125431
60.04 0.422882 0.419093 0.374888 0.00132048 0.00285774 0.00176063
60.06 0.422912 0.419219 0.374985 0.000749451 0.00316224 0.00244729
60.08 0.422928 0.419351 0.375106 0.000415647 0.00329808 0.00302233
60.1 0.422947 0.41948 0.375238 0.000468816 0.0032194 0.0032866
60.12 0.422983 0.4196 0.375366 0.000909713 0.00300574 0.00319787
60.14 0.423047 0.419712 0.37548 0.00158329 0.00279133 0.00285027
60.16 0.423136 0.419819 0.375575 0.00223062 0.00268795 0.0023867
60.18 0.42324 0.419929 0.375651 0.00260921 0.00273672 0.00190016
60.2 0.423346 0.420044 0.375708 0.0026327 0.00287922 0.00141733
60.22 0.423442 0.420163 0.375747 0.00241155 0.00296771 0.000972649
60.24 0.423527 0.420277 0.375773 0.00212995 0.00286231 0.000665922
60.26 0.423603 0.420378 0.375797 0.00188418 0.00252967 0.000599667
60.28 0.423669 0.42046 0.375828 0.00166243 0.00203815 0.000773532
60.3 0.423728 0.42052 0.375871 0.00146457 0.00150359 0.00107955
60.32 0.423783 0.420562 0.375927 0.00139494 0.00106255 0.00139231
60.34 0.423848 0.420596 0.375993 0.00160586 0.000844538 0.00163945
60.36 0.423933 0.420633 0.376065 0.00214231 0.000920211 0.00179793
60.38 0.424047 0.420684 0.376139 0.00284854 0.00126907 0.00184852
60.4 0.424184 0.420755 0.376208 0.00342792 0.00178453 0.00174404
60.42 0.424329 0.420847 0.376265 0.00360798 0.00230762 0.00142714
60.44 0.424462 0.420954 0.376302 0.00331996 0.0026629 0.000903415
60.46 0.424573 0.421062 0.376315 0.00279037 0.00269915 0.00032575
60.48 0.42467 0.421156 0.376314 0.00242635 0.00234719 -2.67844e-05
60.5 0.424771 0.421223 0.376316 0.00251688 0.00167105 6.59291e-05
60.52 0.424891 0.421258 0.376339 0.00299935 0.000884469 0.000562792
60.54 0.425031 0.421269 0.376385 0.00350552 0.000285551 0.00116829
60.56 0.425178 0.421274 0.376447 0.00366327 0.000120071 0.00154956
60.58 0.425314 0.421293 0.37651 0.00340762 0.00047261 0.00157008
60.6 0.425435 0.421343 0.376565 0.00301893 0.00123943 0.00136618
60.62 0.425549 0.421429 0.376614 0.00286788 0.00215145 0.00122565
60.64 0.425674 0.421544 0.376669 0.00312521 0.00286849 0.00137471
60.66 0.425821 0.421669 0.376742 0.00366546 0.00313702 0.00181727
60.68 0.425988 0.421785 0.376835 0.00417443 0.00290331 0.00232488
60.7 0.426162 0.421878 0.376938 0.00434646 0.00232931 0.00259257
60.72 0.426324 0.421948 0.377037 0.00405707 0.00174155 0.00246546
60.74 0.426462 0.422008 0.377119 0.00344033 0.00148902 0.00206083
60.76 0.426574 0.422077 0.377187 0.00281133 0.00173439 0.00168539
60.78 0.426673 0.42217 0.377251 0.00246136 0.00232572 0.00160954
60.8 0.426772 0.422285 0.377326 0.00247973 0.00288744 0.00186796
60.82 0.426881 0.422409 0.377415 0.00273359 0.00309344 0.00223142
60.84 0.427002 0.422526 0.37751 0.00301064 0.00291053 0.00237684
60.86 0.427129 0.42263 0.377596 0.0031787 0.00260963 0.00213506
60.88 0.427258 0.422731 0.377661 0.00322416 0.00253461 0.00162324
60.9 0.427386 0.422845 0.377707 0.00319657 0.00283815 0.00115896
60.92 0.427511 0.422981 0.377748 0.00313351 0.00339172 0.00102018
60.94 0.427632 0.423136 0.377798 0.00302017 0.00389887 0.00125604
60.96 0.427744 0.423301 0.377866 0.00281506 0.00410845 0.00170161
60.98 0.427845 0.42346 0.377952 0.00252369 0.00398895 0.00214519
61 0.427935 0.42361 0.378051 0.002242 0.0037517 0.00247693
61.02 0.428019 0.423758 0.378159 0.00209994 0.00369664 0.00269695
61.04 0.428105 0.423917 0.378271 0.00214411 0.00395654 0.00279939
61.06 0.428197 0.42409 0.378378 0.0023005 0.00434096 0.00269277
61.08 0.428295 0.424269 0.378469 0.00245477 0.0044633 0.00227212
61.1 0.428396 0.424432 0.378532 0.00252436 0.00407043 0.00156729
61.12 0.428495 0.424563 0.378565 0.00248118 0.00328162 0.000819111
61.14 0.428589 0.424664 0.378581 0.002355 0.00253347 0.00039934
61.16 0.428678 0.424755 0.378604 0.00222264 0.00227785 0.000592802
61.18 0.428765 0.424862 0.37866 0.00215799 0.00266543 0.00137831
61.2 0.428851 0.424999 0.378756 0.00216462 0.00343794 0.00240365
61.22 0.428938 0.425163 0.378883 0.00217762 0.00408842 0.0031845
61.24 0.429024 0.425331 0.379018 0.00214282 0.00419463 0.00336286
61.26 0.429107 0.425479 0.379132 0.00206819 0.00370122 0.00286502
61.28 0.429186 0.425595 0.379209 0.00199249 0.00290768 0.00190973
61.3 0.429264 0.425684 0.379243 0.00192816 0.00221194 0.000869835
61.32 0.429337 0.425758 0.379246 0.00184698 0.00186496 6.97175e-05
61.34 0.429406 0.425833 0.379233 0.00172483 0.0018798 -0.000336186
61.36 0.42947 0.425917 0.379219 0.00159166 0.00209187 -0.000354374
61.38 0.429531 0.426009 0.379216 0.00152501 0.00230377 -6.01291e-05
61.4 0.429594 0.426106 0.379235 0.00158541 0.00241493 0.000470516
61.42 0.429665 0.426203 0.379281 0.00175167 0.002426 0.00113933
61.44 0.429741 0.426297 0.379351 0.00192284 0.00236119 0.00176971
61.46 0.42982 0.426386 0.379436 0.00195956 0.00221577 0.00212816
61.48 0.42989 0.426465 0.379518 0.0017478 0.00198549 0.00204975
61.5 0.429941 0.426534 0.379581 0.00129272 0.00170582 0.00156195
61.52 0.429973 0.426592 0.379617 0.000777825 0.00145819 0.000904563
61.54 0.429992 0.426646 0.379634 0.000484769 0.00135268 0.000425267
61.56 0.430016 0.426705 0.37965 0.000602489 0.00147593 0.000406881
61.58 0.430059 0.426778 0.379686 0.00107831 0.00181678 0.000899916
61.6 0.430125 0.426867 0.379753 0.00164361 0.00224385 0.00166468
61.62 0.430204 0.42697 0.379844 0.00197849 0.00257353 0.00228381
61.64 0.430279 0.427078 0.379941 0.00187946 0.00268303 0.00240565
61.66 0.430335 0.427181 0.38002 0.00138518 0.00257437 0.00197578
61.68 0.430366 0.427275 0.380072 0.000793578 0.00234536 0.00130176
61.7 0.430386 0.427358 0.380107 0.000481079 0.00209721 0.000878573
61.72 0.430411 0.427432 0.380149 0.000632758 0.00185151 0.00106293
61.74 0.430456 0.427496 0.380223 0.00113746 0.00157801 0.00183065
61.76 0.430526 0.427548 0.380335 0.00172688 0.00131204 0.00280542
61.78 0.430613 0.427596 0.380475 0.00219542 0.00121081 0.00351179
61.8 0.430714 0.427655 0.380621 0.00251185 0.00145825 0.0036436
61.82 0.430824 0.427738 0.380748 0.00275223 0.00208359 0.00317775
61.84 0.430942 0.427852 0.380841 0.00295316 0.00284645 0.00231317
61.86 0.431064 0.427985 0.380894 0.00303922 0.00332208 0.00132829
61.88 0.431179 0.428112 0.380913 0.00288632 0.00318117 0.000490405
61.9 0.431278 0.428211 0.380916 0.00246644 0.00246389 5.88505e-05
61.92 0.431356 0.428275 0.380927 0.00194749 0.00160963 0.000277367
61.94 0.431421 0.428322 0.380976 0.00164579 0.00118433 0.00123803
61.96 0.431494 0.428382 0.381084 0.00182583 0.00148235 0.00269758
61.98 0.431594 0.428473 0.381247 0.00249684 0.00228402 0.00406486
62 0.431729 0.428592 0.381433 0.00337745 0.00298181 0.00465953
62.02 0.431891 0.428714 0.381597 0.00404512 0.00303922 0.00410639
62.04 0.432058 0.428811 0.381701 0.00417111 0.00243025 0.00258942
62.06 0.432207 0.428878 0.381732 0.00373068 0.00168028 0.000778881
62.08 0.432329 0.428937 0.381711 0.00304574 0.00146043 -0.000524481
62.1 0.432432 0.429019 0.381678 0.00257 0.00205455 -0.000824998
62.12 0.432535 0.429144 0.38167 0.00257621 0.00312153 -0.00019903
62.14 0.432656 0.429301 0.381702 0.00302271 0.00392197 0.00078727
62.16 0.432803 0.429454 0.38176 0.00366727 0.00382917 0.0014659
62.18 0.432973 0.429565 0.38182 0.00424958 0.00277697 0.00148798
62.2 0.433156 0.429618 0.381859 0.00459735 0.00132911 0.000987901
62.22 0.433342 0.42963 0.381876 0.0046481 0.000294026 0.000412387
62.24 0.433519 0.429636 0.381883 0.00440366 0.00015896 0.000172728
62.26 0.433674 0.429669 0.381899 0.00388235 0.000816341 0.000393541
62.28 0.4338 0.429739 0.381935 0.00315743 0.00175924 0.000908389
62.3 0.433898 0.429838 0.381992 0.00244779 0.00247214 0.00143761
62.32 0.433982 0.429947 0.382064 0.00209206 0.00271227 0.00177849
62.34 0.434076 0.430049 0.382139 0.00234847 0.00256539 0.00188316
62.36 0.434203 0.430141 0.382212 0.00317285 0.00229355 0.00181733
62.38 0.434369 0.430225 0.382278 0.00415816 0.00210513 0.00166591
62.4 0.434558 0.430307 0.382337 0.0047312 0.00205601 0.00147828
62.42 0.434739 0.430392 0.382389 0.00450908 0.00211689 0.001285
62.44 0.434881 0.430482 0.382433 0.00355747 0.00224948 0.00111832
62.46 0.434974 0.430579 0.382474 0.00233664 0.00242323 0.00100303
62.48 0.435032 0.430684 0.382512 0.00143046 0.00262704 0.000967054
62.5 0.435081 0.4308 0.382555 0.00124243 0.00288915 0.00106398
62.52 0.435152 0.430929 0.382608 0.00176234 0.00324046 0.00133201
62.54 0.435254 0.431075 0.382678 0.00254917 0.00363433 0.00173681
62.56 0.435374 0.431232 0.382765 0.00302004 0.00393005 0.00218577
62.58 0.435489 0.431392 0.382868 0.00286584 0.00400138 0.00258467
62.6 0.435579 0.431546 0.382983 0.00224443 0.00386168 0.00286364
62.62 0.435643 0.431693 0.383102 0.00160477 0.00366758 0.0029779
62.64 0.435696 0.431837 0.383219 0.00131743 0.00360136 0.00292378
62.66 0.435753 0.431987 0.383329 0.00142969 0.00375182 0.00275095
62.68 0.435822 0.43215 0.38343 0.00172086 0.00407839 0.00253426
62.7 0.4359 0.432328 0.383524 0.00194351 0.00444618 0.0023365
62.72 0.43598 0.432516 0.383612 0.00200365 0.00468257 0.00219094
62.74 0.436058 0.432701 0.383695 0.00196008 0.00463835 0.00209778
62.76 0.436134 0.432872 0.383776 0.00190211 0.00426263 0.00202411
62.78 0.436208 0.433018 0.383853 0.00183512 0.00366284 0.00190742
62.8 0.436275 0.433142 0.383921 0.00167596 0.00308886 0.00169692
62.82 0.436329 0.433254 0.383978 0.00134946 0.002808 0.00142518
62.84 0.436365 0.433372 0.384027 0.000914075 0.00295274 0.0012246
62.86 0.436389 0.43351 0.384076 0.000587684 0.00344497 0.00122798
62.88 0.436413 0.433671 0.384133 0.000597955 0.00402135 0.00143601
62.9 0.436451 0.433845 0.384201 0.000956209 0.00434589 0.00169632
62.92 0.436506 0.434012 0.384274 0.00139007 0.00417475 0.00181391
62.94 0.436569 0.434151 0.384341 0.00155578 0.00349101 0.00169472
62.96 0.436622 0.434252 0.384398 0.00133331 0.00252856 0.00140935
62.98 0.436659 0.434319 0.384443 0.000918255 0.00165663 0.00112901
63 0.436685 0.434366 0.384482 0.000662274 0.00119389 0.000974001
63.02 0.436718 0.434416 0.384517 0.000812441 0.00125382 0.000885372
63.04 0.436771 0.434485 0.384543 0.00133369 0.00170489 0.000643177
63.06 0.436848 0.434575 0.384545 0.00191648 0.00226032 5.62207e-05
63.08 0.436934 0.43468 0.384513 0.00215637 0.00263053 -0.000811176
63.1 0.437007 0.434787 0.38445 0.00183004 0.002671 -0.00158131
63.12 0.43705 0.434885 0.384379 0.00107998 0.0024414 -0.00177338
63.14 0.437064 0.43497 0.384333 0.000331222 0.00211795 -0.00113863
63.16 0.437064 0.435042 0.384339 4.07382e-06 0.00181987 0.000141553
63.18 0.437075 0.435103 0.3844 0.000269248 0.00151521 0.00153462
63.2 0.437114 0.435147 0.384499 0.000984816 0.00110534 0.00246156
63.22 0.437185 0.435171 0.384604 0.00178823 0.000605594 0.0026296
63.24 0.437277 0.43518 0.384691 0.00229248 0.000207173 0.00217493
63.26 0.43737 0.435186 0.384752 0.00232679 0.0001583 0.00152788
63.28 0.437452 0.435209 0.384796 0.00204457 0.000574476 0.00110615
63.3 0.437523 0.435262 0.384839 0.00178028 0.00132821 0.00107119
63.32 0.437595 0.435346 0.384891 0.00180385 0.00210178 0.00130849
63.34 0.437683 0.435449 0.384955 0.00218578 0.00257204 0.00159552
63.36 0.437795 0.435553 0.385027 0.00279853 0.00260682 0.00180188
63.38 0.43793 0.435646 0.385106 0.00338912 0.00232504 0.00196859
63.4 0.438079 0.435725 0.385195 0.00371056 0.00196287 0.00221984
63.42 0.438225 0.435792 0.385298 0.00365792 0.00169029 0.00259015
63.44 0.438357 0.435855 0.385416 0.00328852 0.00156675 0.00293682
63.46 0.438466 0.435919 0.385538 0.00274373 0.00160806 0.00304367
63.48 0.438554 0.435992 0.385651 0.00220279 0.00181464 0.00283815
63.5 0.43863 0.436078 0.385751 0.0018799 0.0021565 0.00249161
63.52 0.438708 0.436181 0.385842 0.00195221 0.00256606 0.00227836
63.54 0.438805 0.436298 0.385934 0.00242662 0.00293315 0.00231464
63.56 0.438929 0.436423 0.386031 0.00310571 0.00312483 0.00241749
63.58 0.439077 0.436546 0.386121 0.00370014 0.0030704 0.00223668
63.6 0.439236 0.43666 0.386183 0.0039778 0.0028376 0.00156035
63.62 0.43939 0.436763 0.386204 0.00383651 0.00258917 0.000519625
63.64 0.439522 0.436861 0.386185 0.00329862 0.00243665 -0.000463061
63.66 0.439621 0.436954 0.386149 0.00248687 0.00234312 -0.000917214
63.68 0.439686 0.437041 0.386125 0.00161848 0.0021753 -0.000588494
63.7 0.439725 0.437115 0.386142 0.00099007 0.00185054 0.000426892
63.72 0.439761 0.437174 0.386211 0.000885664 0.00145696 0.00172809
63.74 0.439818 0.437223 0.386323 0.00142137 0.00124267 0.00279221
63.76 0.439915 0.437281 0.386451 0.00243117 0.00145239 0.00320147
63.78 0.440055 0.437366 0.386564 0.00349171 0.00210986 0.00281635
63.8 0.440219 0.437483 0.386637 0.0041126 0.00292426 0.00182464
63.82 0.440379 0.43762 0.386662 0.00400416 0.00342512 0.000636422
63.84 0.44051 0.43775 0.38665 0.00326373 0.00325461 -0.000309753
63.86 0.440603 0.437847 0.386621 0.00234033 0.00242737 -0.00072169
63.88 0.440675 0.437902 0.386599 0.00179011 0.00136437 -0.000541555
63.9 0.440753 0.437928 0.386602 0.00194503 0.000657851 7.03833e-05
63.92 0.44086 0.437957 0.386635 0.00267694 0.000719235 0.000827426
63.94 0.440999 0.438018 0.386692 0.00346809 0.00153469 0.00143455
63.96 0.44115 0.438126 0.386761 0.0037843 0.00268754 0.00170546
63.98 0.441288 0.43827 0.386827 0.00345883 0.00362098 0.00165168
64 0.441399 0.438429 0.386885 0.00277088 0.00396022 0.00146583
64.02 0.441487 0.438577 0.386941 0.00219687 0.0036993 0.00138314
64.04 0.44157 0.438703 0.387001 0.00207942 0.00316177 0.00151757
64.06 0.441668 0.438814 0.387073 0.00243883 0.00277686 0.00178349
64.08 0.441787 0.438927 0.387151 0.00299121 0.00281577 0.00195127
64.1 0.441921 0.439058 0.387223 0.00334693 0.00326789 0.00179789
64.12 0.442052 0.439213 0.387273 0.00325761 0.0038831 0.00124764
64.14 0.442161 0.439385 0.387289 0.00273443 0.00430141 0.000413648
64.16 0.442241 0.439555 0.387271 0.00199975 0.00424274 -0.000451025
64.18 0.442295 0.439702 0.38723 0.0013528 0.00368201 -0.00102537
64.2 0.442336 0.439818 0.38719 0.00101939 0.00289067 -0.0010148
64.22 0.442378 0.43991 0.387178 0.00104993 0.00230012 -0.000298005
64.24 0.442431 0.44 0.387216 0.00131621 0.0022541 0.000958383
64.26 0.442495 0.440112 0.387309 0.00160694 0.00279962 0.00232527
64.28 0.442566 0.440258 0.38744 0.00176856 0.00365639 0.00328506
64.3 0.442637 0.440434 0.387579 0.00179476 0.00438838 0.00347229
64.32 0.442709 0.44062 0.387694 0.0018015 0.00465361 0.00286
64.34 0.442785 0.440794 0.387765 0.00189764 0.00435795 0.00179228
64.36 0.442868 0.44094 0.387797 0.0020589 0.00364251 0.000802915
64.38 0.442952 0.441051 0.38781 0.00211972 0.00278319 0.000320022
64.4 0.443029 0.441134 0.387829 0.0019042 0.00206787 0.000464068
64.42 0.443085 0.441202 0.387871 0.00141193 0.00169234 0.00105161
64.44 0.44312 0.44127 0.387941 0.000879217 0.0017144 0.00174787
64.46 0.443146 0.441353 0.388031 0.000637075 0.00206697 0.00225421
64.48 0.443181 0.441457 0.38813 0.000877591 0.00259866 0.00246323
64.5 0.44324 0.441581 0.388229 0.00149032 0.00311298 0.00248139
64.52 0.443324 0.441718 0.388328 0.00209561 0.00341452 0.00248077
64.54 0.443415 0.441852 0.388428 0.00226978 0.00335232 0.00249752
64.56 0.443488 0.441966 0.388523 0.00182719 0.00284915 0.0023855
64.58 0.443527 0.442045 0.388603 0.000965532 0.00196493 0.00200006
64.6 0.443533 0.442083 0.388659 0.000151072 0.000965023 0.00139779
64.62 0.443526 0.442094 0.388692 -0.000178494 0.000274386 0.000813208
64.64 0.44353 0.442105 0.388711 0.000118207 0.000278308 0.000478351
64.66 0.443563 0.442148 0.38873 0.000803252 0.00106398 0.000480335
64.68 0.443619 0.442239 0.388759 0.00141244 0.0022889 0.00073462
64.7 0.443681 0.442372 0.388801 0.00156035 0.00331525 0.00104415
64.72 0.443729 0.442514 0.388849 0.00119297 0.00355012 0.0011923
64.74 0.443754 0.442625 0.388891 0.000625484 0.00278658 0.0010466
64.76 0.443768 0.442679 0.388916 0.00033306 0.00134062 0.000637047
64.78 0.443792 0.442675 0.388923 0.00061864 -9.18401e-05 0.000169447
64.8 0.443849 0.442644 0.388922 0.0014118 -0.000772703 -3.93512e-05
64.82 0.443942 0.442632 0.388932 0.0023331 -0.000315423 0.000263776
64.84 0.44406 0.442675 0.388975 0.0029379 0.00107253 0.00106321
64.86 0.444179 0.442782 0.389056 0.00298269 0.0026886 0.00203902
64.88 0.444282 0.442932 0.389166 0.00256581 0.00374277 0.00274322
64.9 0.444364 0.443084 0.389281 0.00205802 0.00380188 0.00287342
64.92 0.444438 0.443203 0.389379 0.00185322 0.00297623 0.00244892
64.94 0.444522 0.443275 0.389449 0.00210158 0.00178941 0.00176659
64.96 0.444627 0.44331 0.389497 0.0026243 0.000886108 0.00118899
64.98 0.444749 0.443338 0.389534 0.00305927 0.00069824 0.000928344
65 0.444875 0.443387 0.389573 0.00314974 0.00123348 0.000971731
65.02 0.444993 0.443473 0.389619 0.00294239 0.00212853 0.00115452
65.04 0.445101 0.443589 0.389671 0.0027058 0.00290782 0.00128468
65.06 0.445208 0.443719 0.38972 0.00267232 0.00324632 0.00123962
65.08 0.445322 0.443842 0.389761 0.00285622 0.00308534 0.00101355
65.1 0.445445 0.443947 0.389789 0.00306346 0.00261927 0.000704312
65.12 0.445566 0.444034 0.389807 0.00303108 0.00218186 0.000465334
65.14 0.445671 0.444117 0.389825 0.00261728 0.00205863 0.000449865
65.16 0.445749 0.44421 0.389854 0.00195332 0.00233643 0.000725396
65.18 0.445806 0.444325 0.389903 0.00141415 0.00287813 0.0012124
65.2 0.445861 0.444462 0.389972 0.00137543 0.00341743 0.0017313
65.22 0.445938 0.44461 0.390056 0.00192297 0.00370404 0.00210618
65.24 0.446048 0.444755 0.390146 0.00275171 0.00362424 0.00222858
65.26 0.446182 0.444885 0.390228 0.00336432 0.00324572 0.00206518
65.28 0.446319 0.444995 0.390294 0.00341933 0.00276652 0.00165446
65.3 0.446437 0.445092 0.390339 0.00294714 0.00240359 0.00110939
65.32 0.446529 0.445184 0.390363 0.00230141 0.00230608 0.000593969
65.34 0.446606 0.445285 0.390373 0.00191765 0.00251652 0.000256931
65.36 0.446687 0.445402 0.39038 0.00203408 0.00294244 0.000181193
65.38 0.446788 0.445537 0.390395 0.00253244 0.00336595 0.000384179
65.4 0.446909 0.445679 0.390428 0.00301492 0.00356069 0.000825984
65.42 0.447032 0.445817 0.390485 0.00308831 0.00344154 0.00140182
65.44 0.447139 0.445941 0.390562 0.00266464 0.00310466 0.00194731
65.46 0.447221 0.446051 0.390654 0.00204932 0.00275678 0.00227724
65.48 0.44729 0.446156 0.390744 0.00173282 0.00260864 0.00225555
65.5 0.447372 0.446266 0.390818 0.00203352 0.00276232 0.00186602
65.52 0.447485 0.446392 0.390868 0.00284176 0.0031421 0.00124781
65.54 0.447632 0.446533 0.390894 0.00366585 0.00353545 0.000644172
65.56 0.447791 0.446682 0.390905 0.00397441 0.00371378 0.000275811
65.58 0.447934 0.446824 0.390915 0.00357145 0.00356151 0.000240305
65.6 0.448042 0.44695 0.390934 0.00271577 0.00313899 0.000487631
65.62 0.44812 0.447056 0.390968 0.00192883 0.00264274 0.000848006
65.64 0.448186 0.447147 0.391013 0.00165264 0.00229354 0.00110912
65.66 0.448265 0.447237 0.391057 0.00197741 0.00223193 0.00112439
65.68 0.448369 0.447335 0.391093 0.0026076 0.00246595 0.000897683
65.7 0.448492 0.44745 0.391116 0.00307021 0.00286122 0.00056821
65.72 0.448613 0.447578 0.391129 0.00302142 0.00320493 0.000313941
65.74 0.448711 0.447711 0.391139 0.00246893 0.00332629 0.000258672
65.76 0.448783 0.447838 0.391156 0.00179599 0.003175 0.000421609
65.78 0.448845 0.44795 0.391185 0.00153105 0.00280916 0.000718429
65.8 0.448923 0.448044 0.391225 0.00195883 0.00233888 0.00101645
65.82 0.449039 0.44812 0.391274 0.00289239 0.00190733 0.00122443
65.84 0.44919 0.448188 0.391328 0.00378143 0.00168776 0.00134836
65.86 0.449352 0.44826 0.391387 0.00405012 0.001801 0.00146311
65.88 0.44949 0.448348 0.391452 0.00345745 0.00220049 0.00163825
65.9 0.449581 0.448455 0.391527 0.00226558 0.00267798 0.0018805
65.92 0.449625 0.448575 0.391612 0.00109779 0.0030011 0.00211407
65.94 0.449647 0.448696 0.391701 0.000561106 0.00302205 0.00222563
65.96 0.449683 0.448805 0.391788 0.000891015 0.0027209 0.00216785
65.98 0.449757 0.448894 0.391869 0.00185513 0.00224169 0.00202624
66 0.449873 0.448969 0.391947 0.00291302 0.00185851 0.00196086
66.02 0.450014 0.449041 0.392029 0.0035011 0.00180973 0.00205241
66.04 0.450147 0.449126 0.392117 0.00333637 0.00211535 0.00219932
66.06 0.450249 0.449228 0.392204 0.00256259 0.00255101 0.00217274
66.08 0.450315 0.44934 0.392276 0.00162627 0.00279992 0.00178631
66.1 0.450354 0.449447 0.392318 0.000983407 0.00267242 0.00106372
66.12 0.450387 0.449536 0.392329 0.000840279 0.00223941 0.000277231
66.14 0.450431 0.449607 0.392321 0.00109249 0.00177312 -0.000197957
66.16 0.45049 0.449668 0.392317 0.00145881 0.00152728 -0.000120895
66.18 0.450556 0.44973 0.392335 0.00167089 0.00155049 0.000452219
66.2 0.450621 0.449798 0.392382 0.00161052 0.00169069 0.00119077
66.22 0.450675 0.449869 0.39245 0.00135297 0.00176834 0.0017
66.24 0.450719 0.449939 0.392521 0.00111091 0.00174925 0.00177166
66.26 0.450764 0.450009 0.39258 0.00111048 0.00176109 0.00148308
66.28 0.450823 0.450088 0.392624 0.00146862 0.00196703 0.00109551
66.3 0.450906 0.450183 0.392658 0.0020949 0.00238302 0.000852764
66.32 0.451014 0.450294 0.392691 0.00268574 0.00278763 0.00082651
66.34 0.451129 0.450409 0.392728 0.00287633 0.00286064 0.000907802
66.36 0.451227 0.450507 0.392765 0.00246689 0.00244854 0.000936014
66.38 0.45129 0.450575 0.392799 0.00156592 0.00171601 0.000854367
66.4 0.451312 0.450617 0.39283 0.000553972 0.00104495 0.000758058
66.42 0.451308 0.450649 0.392862 -0.000105299 0.000784549 0.000802848
66.44 0.451304 0.45069 0.392904 -0.000110048 0.00102815 0.00106055
66.46 0.451325 0.450752 0.392962 0.000533551 0.00155189 0.00145155
66.48 0.451387 0.450831 0.393034 0.00154552 0.00198137 0.00180226
66.5 0.451488 0.450914 0.393113 0.00251984 0.00208022 0.001953
66.52 0.451612 0.450991 0.393186 0.00310784 0.00191902 0.00183607
66.54 0.451738 0.451063 0.393246 0.00316439 0.00178632 0.0014891
66.56 0.451849 0.45114 0.393286 0.00275317 0.00194838 0.00101291
66.58 0.45193 0.451238 0.393307 0.00202317 0.0024378 0.000518282
66.6 0.451975 0.451358 0.393311 0.00114071 0.00300935 0.00011388
66.62 0.451988 0.451491 0.393308 0.000330901 0.00331496 -8.11421e-05
66.64 0.451983 0.451618 0.39331 -0.000128398 0.00317558 4.58233e-05
66.66 0.451982 0.451727 0.393331 -2.80882e-05 0.00273003 0.000521252
66.68 0.452008 0.45182 0.393379 0.000648082 0.0023314 0.00120365
66.7 0.452075 0.451911 0.393451 0.00167132 0.00225366 0.00179549
66.72 0.45218 0.452009 0.39353 0.00261622 0.00247169 0.00199077
66.74 0.452301 0.452118 0.393597 0.00304612 0.00271745 0.00167054
66.76 0.452411 0.452227 0.393637 0.0027437 0.00273338 0.000999621
66.78 0.452485 0.452328 0.393652 0.00184238 0.00250182 0.000365213
66.8 0.452516 0.452419 0.393659 0.000780124 0.00227745 0.000178594
66.82 0.45252 0.452514 0.393684 0.000106755 0.00238786 0.000621749
66.84 0.452529 0.452632 0.393744 0.000212802 0.00294152 0.00150564
66.86 0.452572 0.452779 0.393838 0.00108142 0.00368678 0.00236078
66.88 0.452662 0.452946 0.393947 0.00225757 0.00416082 0.00271812
66.9 0.452786 0.453107 0.394043 0.00309959 0.00403026 0.00239731
66.92 0.452912 0.453241 0.394108 0.00314886 0.00335391 0.00161655
66.94 0.453008 0.453343 0.394142 0.00238584 0.0025469 0.000844797
66.96 0.453057 0.453426 0.394161 0.00124103 0.00206589 0.000480607
66.98 0.453073 0.453509 0.394185 0.0003888 0.00209601 0.000607848
67 0.453088 0.45361 0.394226 0.000380284 0.00250445 0.0010229
67.02 0.45314 0.45373 0.394284 0.0013022 0.00301188 0.00145631
67.04 0.453249 0.453866 0.394355 0.00272542 0.00338797 0.00176672
67.06 0.453408 0.454007 0.394434 0.00395945 0.00353863 0.00196601
67.08 0.453585 0.454147 0.394517 0.0044282 0.00349114 0.00209883
67.1 0.453744 0.45428 0.394603 0.00397233 0.00332779 0.0021255
67.12 0.453861 0.454404 0.39468 0.00292532 0.0031123 0.00192997
67.14 0.453938 0.45452 0.394738 0.00192425 0.00288679 0.00145741
67.16 0.453999 0.454628 0.394772 0.00152368 0.00270569 0.000847087
67.18 0.454073 0.454733 0.394788 0.00185503 0.00262212 0.000393505
67.2 0.454178 0.454839 0.394801 0.00261885 0.00265022 0.000337747
67.22 0.454313 0.454949 0.394828 0.00338696 0.00274066 0.000668306
67.24 0.454469 0.45506 0.394872 0.00388876 0.00277586 0.00110441
67.26 0.454631 0.455165 0.394924 0.00406934 0.00263215 0.00129338
67.28 0.454791 0.455257 0.394966 0.0039828 0.00229358 0.00106571
67.3 0.454938 0.455333 0.394987 0.00367399 0.00191486 0.00052581
67.32 0.455063 0.455402 0.394985 0.00313742 0.00172722 -5.31706e-05
67.34 0.455159 0.455477 0.394969 0.00239532 0.00185617 -0.000400972
67.36 0.455224 0.455566 0.394954 0.00162486 0.00224246 -0.000375556
67.38 0.455271 0.455675 0.394954 0.0011686 0.00270997 9.73457e-08
67.4 0.455325 0.455798 0.394977 0.0013488 0.00307567 0.00057755
67.42 0.455413 0.455927 0.395023 0.00220042 0.0032228 0.00115241
67.44 0.455547 0.456051 0.395085 0.00335613 0.00311169 0.00154045
67.46 0.455716 0.456161 0.395151 0.00421675 0.00275437 0.00164129
67.48 0.455888 0.456249 0.395209 0.00429813 0.00219322 0.00146384
67.5 0.456028 0.45631 0.395254 0.00351107 0.00153204 0.00111366
67.52 0.456117 0.45635 0.395284 0.00222492 0.000990029 0.000755376
67.54 0.456161 0.456384 0.395307 0.0010912 0.00085793 0.000567516
67.56 0.456188 0.456438 0.395334 0.00069242 0.00133461 0.000688103
67.58 0.456236 0.456531 0.39538 0.00119965 0.00234333 0.00113238
67.6 0.456327 0.45667 0.395449 0.0022753 0.00347829 0.0017403
67.62 0.45646 0.456838 0.395538 0.00330725 0.00418896 0.00223145
67.64 0.456611 0.457002 0.395633 0.00379541 0.0041084 0.00236433
67.66 0.456756 0.457133 0.395717 0.00362178 0.00326908 0.00210576
67.68 0.456878 0.457216 0.395784 0.00304999 0.0020747 0.00166213
67.7 0.456978 0.457259 0.395837 0.00249724 0.00107653 0.00132224
67.72 0.457069 0.457287 0.395887 0.00227483 0.000685375 0.00125175
67.74 0.457167 0.457325 0.395943 0.00245235 0.000969064 0.00141673
67.76 0.457283 0.457392 0.39601 0.00288897 0.00166747 0.00167207
67.78 0.457417 0.457489 0.396086 0.00336371 0.00241251 0.00189558
67.8 0.457565 0.457607 0.396168 0.00368065 0.00295343 0.00204627
67.82 0.457713 0.457734 0.396253 0.0037032 0.00318807 0.00212747
67.84 0.457847 0.457858 0.396338 0.00336099 0.00308823 0.00212188
67.86 0.457954 0.457965 0.396417 0.00267747 0.00269315 0.00197281
67.88 0.458027 0.458052 0.396482 0.0018189 0.00215063 0.00163792
67.9 0.458071 0.458119 0.396529 0.0010897 0.00167871 0.00117861
67.92 0.458103 0.458177 0.396561 0.000811112 0.0014551 0.000777375
67.94 0.458147 0.458239 0.396585 0.00110968 0.00154536 0.000623491
67.96 0.458219 0.458314 0.396616 0.00177698 0.00189468 0.000762398
67.98 0.458313 0.458408 0.396657 0.00235958 0.00233944 0.00103579
68 0.45841 0.458514 0.396704 0.00243825 0.00265767 0.00116067
68.02 0.458486 0.458622 0.396741 0.00190041 0.00269665 0.000917298
68.04 0.458527 0.458721 0.396754 0.00101081 0.00247996 0.00032487
68.06 0.458536 0.458809 0.39674 0.000225911 0.00219346 -0.000348347
68.08 0.458532 0.458892 0.396709 -0.000103297 0.00205977 -0.000755796
68.1 0.458534 0.458979 0.396682 5.72175e-05 0.00219663 -0.000689411
68.12 0.458551 0.459082 0.396674 0.000433255 0.00256947 -0.000186147
68.14 0.458579 0.459204 0.396696 0.000678707 0.00304119 0.000532675
68.16 0.458605 0.459342 0.396744 0.000656792 0.00344273 0.00121615
68.18 0.458626 0.459488 0.396813 0.000541371 0.0036496 0.00172694
68.2 0.458652 0.459632 0.396895 0.000638526 0.00361621 0.00204098
68.22 0.458695 0.459767 0.39698 0.00108085 0.00336719 0.00211648
68.24 0.458763 0.459887 0.397053 0.00169244 0.00300533 0.00182268
68.26 0.458848 0.459996 0.397095 0.00213143 0.00271296 0.00106649
68.28 0.458934 0.460103 0.397096 0.00215498 0.00269029 1.74403e-05
68.3 0.459006 0.460225 0.397062 0.00178871 0.00303739 -0.000849781
68.32 0.459058 0.460371 0.397021 0.0013097 0.00365907 -0.00101282
68.34 0.459101 0.460542 0.397011 0.00107813 0.00426259 -0.000273152
68.36 0.459154 0.46072 0.397053 0.00130703 0.00446195 0.00105982
68.38 0.459231 0.46088 0.397146 0.00192106 0.00398925 0.00232484
68.4 0.459335 0.460996 0.397262 0.00261067 0.00292199 0.00290383
68.42 0.459456 0.461065 0.397366 0.00303498 0.00172297 0.0025974
68.44 0.459577 0.461105 0.397435 0.00302504 0.00099102 0.00172823
68.46 0.459683 0.461148 0.397471 0.00264762 0.00108305 0.000892892
68.48 0.459768 0.461224 0.397493 0.00212296 0.00189487 0.000560034
68.5 0.459836 0.461342 0.397526 0.00168265 0.00294159 0.000816256
68.52 0.459895 0.461488 0.397582 0.00147648 0.00364974 0.00140632
68.54 0.459957 0.461635 0.397661 0.00156515 0.00366838 0.00196658
68.56 0.460034 0.461756 0.397751 0.00192601 0.0030364 0.00224507
68.58 0.460131 0.461842 0.397838 0.00241683 0.00214239 0.00218846
68.6 0.460241 0.461901 0.397914 0.00275964 0.00148233 0.00189629
68.62 0.460347 0.461955 0.397975 0.00264694 0.00134372 0.00151456
68.64 0.460426 0.46202 0.398021 0.00196488 0.00163391 0.00117086
68.66 0.460464 0.462099 0.398061 0.000957643 0.0019838 0.000984367
68.68 0.460469 0.462182 0.398103 0.000133745 0.00205483 0.00106483
68.7 0.460468 0.462254 0.398161 -3.86436e-05 0.00180049 0.0014391
68.72 0.460491 0.462313 0.39824 0.000566346 0.00147324 0.00196991
68.74 0.460555 0.462368 0.398335 0.0016238 0.00139415 0.00237123
68.76 0.460657 0.462436 0.398429 0.00255008 0.00169637 0.00237086
68.78 0.460772 0.462525 0.398506 0.00287115 0.00222913 0.00191864
68.8 0.460873 0.462632 0.398557 0.00250479 0.0026689 0.00127485
68.82 0.460944 0.462742 0.398592 0.00177632 0.00275311 0.000873531
68.84 0.460991 0.462841 0.398633 0.00118223 0.0024619 0.0010339
68.86 0.461033 0.462921 0.398702 0.00106365 0.00201664 0.00171722
68.88 0.461089 0.462991 0.398802 0.00139791 0.00173359 0.0025077
68.9 0.461164 0.463064 0.398917 0.00186764 0.0018426 0.00285382
68.92 0.46125 0.463158 0.399013 0.00214981 0.00233781 0.00242131
68.94 0.461337 0.463275 0.399066 0.00216822 0.00293775 0.00132094
68.96 0.46142 0.463405 0.399068 0.00209277 0.00322934 4.85806e-05
68.98 0.461506 0.463523 0.399035 0.00213962 0.00295397 -0.000821668
69 0.461602 0.463612 0.398996 0.00239185 0.00223343 -0.000981831
69.02 0.461712 0.463673 0.398974 0.00274514 0.00152201 -0.000549177
69.04 0.461831 0.463725 0.398976 0.00298094 0.00129713 5.818e-05
69.06 0.461948 0.463794 0.398994 0.00293092 0.00171827 0.000438013
69.08 0.462053 0.463894 0.399013 0.00263457 0.00249928 0.000468466
69.1 0.462147 0.464018 0.399026 0.00234338 0.00310827 0.0003212
69.12 0.462241 0.464144 0.399036 0.00235689 0.00314844 0.000259322
69.14 0.462354 0.464249 0.399053 0.002806 0.00262469 0.000417048
69.16 0.462494 0.464325 0.399081 0.00351631 0.00191453 0.000722535
69.18 0.462657 0.464386 0.399121 0.00407441 0.00151939 0.00099312
69.2 0.462822 0.464457 0.399165 0.0041231 0.00176023 0.00108714
69.22 0.462969 0.46456 0.399204 0.00366599 0.00257991 0.000982738
69.24 0.463092 0.464703 0.399234 0.00308753 0.0035787 0.000753045
69.26 0.463206 0.464872 0.399254 0.00285241 0.0042288 0.000492757
69.28 0.463333 0.465038 0.399264 0.00317549 0.0041554 0.000261806
69.3 0.46349 0.465172 0.399268 0.00390523 0.00335211 8.1733e-05
69.32 0.463675 0.46526 0.399267 0.00462874 0.00219041 -1.43457e-05
69.34 0.463871 0.465309 0.39927 0.00491093 0.00122326 6.76294e-05
69.36 0.464053 0.465346 0.399288 0.00455375 0.000917427 0.000455387
69.38 0.464202 0.465403 0.399336 0.00372306 0.00144401 0.00120032
69.4 0.464316 0.465506 0.399422 0.00283009 0.00257102 0.00215847
69.42 0.464406 0.465656 0.399542 0.00226622 0.00373357 0.00298609
69.44 0.464494 0.465828 0.399674 0.00220093 0.00432129 0.00330494
69.46 0.464595 0.46599 0.399792 0.00253212 0.00403456 0.00294421
69.48 0.464715 0.466113 0.399875 0.00298682 0.0030788 0.00207378
69.5 0.464848 0.466195 0.39992 0.00331446 0.00205276 0.00112501
69.52 0.464985 0.466258 0.399942 0.00344026 0.0015695 0.000549273
69.54 0.465123 0.466332 0.399964 0.00345432 0.00185663 0.000553024
69.56 0.465262 0.466437 0.400003 0.00345486 0.00262775 0.000993872
69.58 0.465397 0.46657 0.400064 0.00339412 0.00332936 0.00151803
69.6 0.465521 0.466713 0.400137 0.00310104 0.00356561 0.00182259
69.62 0.465621 0.466847 0.400211 0.00248368 0.00335826 0.0018436
69.64 0.465688 0.466969 0.400281 0.00167727 0.00305063 0.00175333
69.66 0.465727 0.467089 0.400353 0.000973986 0.00298947 0.00179216
69.68 0.465752 0.467219 0.400435 0.00063687 0.00325424 0.00205595
69.7 0.465783 0.467363 0.400531 0.000767516 0.00360694 0.00239856
69.72 0.465833 0.467512 0.400632 0.0012623 0.00370381 0.00253286
69.74 0.465908 0.467648 0.400723 0.001856 0.00340267 0.00225993
69.76 0.465998 0.467764 0.400789 0.00227148 0.00290668 0.00165448
69.78 0.466093 0.467868 0.400831 0.00236464 0.00261047 0.00104408
69.8 0.466179 0.46798 0.400862 0.0021532 0.00280077 0.000793048
69.82 0.466249 0.468119 0.400904 0.00175704 0.00345241 0.0010436
69.84 0.466302 0.468287 0.400968 0.00132019 0.00422091 0.0015995
69.86 0.466341 0.468473 0.40105 0.000958022 0.00463557 0.00204647
69.88 0.466369 0.468649 0.401131 0.000720767 0.00439614 0.0020241
69.9 0.466393 0.468792 0.401189 0.000583144 0.0035734 0.00145673
69.92 0.466412 0.468894 0.401213 0.00048596 0.00257009 0.000604443
69.94 0.466428 0.46897 0.40121 0.000401661 0.00188261 -8.2975e-05
69.96 0.466443 0.469042 0.4012 0.000373794 0.00181538 -0.000239802
69.98 0.466463 0.469134 0.401208 0.000483118 0.00230168 0.000180114
70 0.466492 0.469252 0.401243 0.000747835 0.0029531 0.000878034
70.02 0.466534 0.469386 0.401299 0.00104961 0.00332872 0.00141753
70.04 0.466582 0.469515 0.40136 0.00117959 0.00323291 0.00150849
70.06 0.466621 0.469627 0.401406 0.000985227 0.00280205 0.00115882
70.08 0.466641 0.469721 0.401431 0.000490519 0.00235117 0.000613638
70.1 0.466637 0.469807 0.401438 -9.45851e-05 0.00213717 0.000177358
70.12 0.466619 0.469895 0.401439 -0.000455838 0.00221837 3.85446e-05
70.14 0.466606 0.469994 0.401447 -0.000321518 0.00247106 0.000184851
70.16 0.46662 0.470102 0.401465 0.00034706 0.00269538 0.000453977
70.18 0.466669 0.470211 0.401492 0.00124249 0.00273614 0.000684576
70.2 0.466743 0.470315 0.401525 0.00184214 0.00258268 0.000829799
70.22 0.466814 0.47041 0.401563 0.00176301 0.00237075 0.00093645
70.24 0.466856 0.4705 0.401604 0.00106874 0.00225122 0.00104086
70.26 0.466867 0.47059 0.401649 0.000266939 0.00226917 0.00111509
70.28 0.466867 0.470684 0.401693 -1.18118e-05 0.00234387 0.00110237
70.3 0.466889 0.470777 0.401733 0.000557699 0.00232472 0.00098502
70.32 0.466958 0.470862 0.401765 0.00172803 0.00211738 0.000821265
70.34 0.467069 0.470934 0.401794 0.00278624 0.00179619 0.000719909
70.36 0.467191 0.470996 0.401825 0.0030336 0.00156165 0.000776628
70.38 0.467283 0.471059 0.401866 0.0023019 0.00157362 0.00102198
70.4 0.467327 0.471133 0.401922 0.00110213 0.00183609 0.00140303
70.42 0.467338 0.471221 0.401994 0.000289362 0.00220998 0.00178729
70.44 0.467358 0.471321 0.402074 0.000481296 0.00249048 0.00199603
70.46 0.467423 0.471421 0.402149 0.00163773 0.00250957 0.00189145
70.48 0.467547 0.471511 0.402209 0.003105 0.0022433 0.00148679
70.5 0.467711 0.471584 0.402247 0.00408504 0.00183448 0.00096852
70.52 0.467877 0.471644 0.402271 0.00414581 0.00148959 0.000586073
70.54 0.468013 0.471697 0.402291 0.00341878 0.00134748 0.000498619
70.56 0.46811 0.471754 0.402318 0.00242414 0.00141703 0.000691198
70.58 0.468178 0.471818 0.402359 0.00169062 0.00160639 0.00100998
70.6 0.468235 0.471891 0.40241 0.0014368 0.00180295 0.0012782
70.62 0.468297 0.471969 0.402466 0.00153419 0.00195363 0.00140187
70.64 0.468367 0.472052 0.402522 0.00174976 0.00208393 0.0014066
70.66 0.468447 0.472142 0.402578 0.00200615 0.00223799 0.00139754
70.68 0.468544 0.472238 0.402637 0.00241644 0.00241741 0.00147809
70.7 0.468668 0.472341 0.402704 0.00309831 0.0025785 0.00167385
70.72 0.468827 0.472449 0.402781 0.00397679 0.00268496 0.00191044
70.74 0.469017 0.472559 0.402864 0.0047532 0.00275734 0.00207633
70.76 0.469219 0.472673 0.402948 0.00505517 0.00284413 0.00211643
70.78 0.469407 0.472792 0.40303 0.00469327 0.00296946 0.00204724
70.8 0.46956 0.472916 0.403106 0.00382408 0.00311747 0.00189702
70.82 0.469675 0.473045 0.403173 0.00287349 0.00322842 0.00166887
70.84 0.469767 0.473173 0.403227 0.00229473 0.00319813 0.0013465
70.86 0.46986 0.473291 0.403264 0.00233623 0.00293247 0.00092406
70.88 0.469977 0.47339 0.403283 0.00293679 0.00247011 0.000468963
70.9 0.470128 0.473472 0.403288 0.00376386 0.00205056 0.000148287
70.92 0.470304 0.47355 0.403294 0.00438988 0.00197172 0.000126842
70.94 0.470485 0.473643 0.403309 0.00452356 0.00231127 0.00039326
70.96 0.470651 0.473755 0.403338 0.00414928 0.00281096 0.000712955
70.98 0.470791 0.473878 0.40337 0.00351856 0.00307094 0.000798414
71 0.470911 0.473993 0.403392 0.00299347 0.00287798 0.000563868
71.02 0.471023 0.474088 0.403401 0.0027962 0.00237307 0.0002243
71.04 0.471137 0.474165 0.403406 0.00285218 0.00192969 0.000110672
71.06 0.471252 0.474241 0.40342 0.00287683 0.00187922 0.000368023
71.08 0.471356 0.474333 0.403453 0.0026061 0.00230931 0.000812355
71.1 0.471436 0.474454 0.403495 0.00200295 0.00302155 0.00106114
71.12 0.471489 0.474599 0.403529 0.001324 0.00363769 0.000839196
71.14 0.471528 0.474753 0.403538 0.000977634 0.00383243 0.000222993
71.16 0.471578 0.474895 0.403522 0.00123456 0.00355682 -0.000389321
71.18 0.471657 0.475016 0.4035 0.00197442 0.00303865 -0.000560293
71.2 0.471765 0.475119 0.403494 0.00271006 0.00257658 -0.000135765
71.22 0.471882 0.475214 0.40352 0.002929 0.00236381 0.000648359
71.24 0.471981 0.475311 0.403575 0.00246153 0.00243418 0.00137802
71.26 0.472045 0.475419 0.403647 0.0016047 0.0026858 0.00179152
71.28 0.472082 0.475537 0.403724 0.000937585 0.00295558 0.00192858
71.3 0.47212 0.475662 0.403804 0.00093422 0.00311218 0.00199257
71.32 0.472185 0.475787 0.403888 0.0016359 0.00312596 0.00210087
71.34 0.47229 0.475909 0.403974 0.00262484 0.00306081 0.00214674
71.36 0.472423 0.476029 0.40405 0.00331261 0.00299129 0.0019074
71.38 0.472556 0.476146 0.404103 0.0033266 0.00293794 0.00132959
71.4 0.472665 0.476261 0.404132 0.0027198 0.00287474 0.000715049
71.42 0.47274 0.476372 0.404155 0.00189318 0.00276575 0.000572538
71.44 0.472793 0.476475 0.404203 0.00131417 0.00258705 0.0011955
71.46 0.472842 0.476568 0.404296 0.0012314 0.00233092 0.0023344
71.48 0.472905 0.476649 0.404427 0.00158111 0.00201574 0.00328428
71.5 0.47299 0.476718 0.404562 0.00210485 0.00172357 0.00336209
71.52 0.473091 0.476782 0.404659 0.00253675 0.00160768 0.00243207
71.54 0.4732 0.476855 0.404702 0.00272941 0.0018205 0.00105792
71.56 0.473307 0.476951 0.404707 0.00267139 0.00239491 0.000126337
71.58 0.473405 0.477077 0.404715 0.00243391 0.00315027 0.000209054
71.6 0.473489 0.477226 0.404762 0.00210778 0.00373051 0.00116527
71.62 0.473559 0.477378 0.404853 0.00176254 0.00379903 0.00228119
71.64 0.473617 0.477509 0.404965 0.00143639 0.00327677 0.00280038
71.66 0.473663 0.477607 0.405062 0.00114565 0.00245109 0.00243299
71.68 0.473699 0.477679 0.405121 0.000900298 0.00179672 0.00148292
71.7 0.473727 0.477745 0.405143 0.000722178 0.00164384 0.000545553
71.72 0.473752 0.477825 0.405146 0.000624006 0.00199728 6.74775e-05
71.74 0.473776 0.477929 0.40515 0.000578235 0.00259583 0.000109762
71.76 0.473798 0.478052 0.405168 0.000560516 0.0030954 0.000436343
71.78 0.473823 0.478183 0.405199 0.000618873 0.00325226 0.00077701
71.8 0.473857 0.478304 0.40524 0.000852025 0.00304481 0.00101681
71.82 0.473909 0.478411 0.405287 0.00130945 0.00265849 0.00118664
71.84 0.473986 0.478504 0.405341 0.00192759 0.00234246 0.0013373
71.86 0.474086 0.478594 0.405398 0.00250178 0.00224533 0.00143839
71.88 0.474195 0.478688 0.405453 0.0027102 0.00234203 0.00137641
71.9 0.474286 0.478787 0.405495 0.00228798 0.00247599 0.00104504
71.92 0.474338 0.478886 0.405513 0.00128393 0.002478 0.000452668
71.94 0.474343 0.478978 0.405504 0.000137927 0.00229989 -0.000223083
71.96 0.474322 0.479061 0.405477 -0.00053616 0.0020726 -0.00067093
71.98 0.474309 0.479141 0.405453 -0.000327953 0.00201026 -0.000598814
72 0.474337 0.47923 0.405455 0.000708564 0.00222863 5.07217e-05
72.02 0.47442 0.479336 0.405495 0.00208268 0.00262904 0.000997594
72.04 0.474546 0.479453 0.405566 0.00313059 0.00293708 0.00176695
72.06 0.474681 0.479568 0.405645 0.00338283 0.00287842 0.00198041
72.08 0.474794 0.479664 0.405708 0.00283448 0.00238452 0.00157833
72.1 0.474871 0.479731 0.405743 0.00191073 0.00168821 0.000861038
72.12 0.474917 0.47978 0.405756 0.00115804 0.00122046 0.00033282
72.14 0.474953 0.479834 0.405772 0.000906709 0.00133768 0.000393369
72.16 0.474998 0.479915 0.405814 0.00113193 0.0020483 0.00104501
72.18 0.475061 0.480034 0.405888 0.00156312 0.0029602 0.00185392
72.2 0.475138 0.480175 0.405977 0.00192285 0.00353006 0.00223719
72.22 0.475223 0.480313 0.406052 0.00212448 0.00344739 0.00187921
72.24 0.475314 0.480427 0.406091 0.00228018 0.00284061 0.000964039
72.26 0.475416 0.480513 0.406093 0.00253455 0.0021497 4.38185e-05
72.28 0.475531 0.480585 0.406079 0.00288689 0.00179911 -0.000343283
72.3 0.475657 0.480662 0.406079 0.00315094 0.00193099 -9.63334e-06
72.32 0.475781 0.480756 0.406111 0.00308834 0.00235579 0.000810142
72.34 0.475886 0.480865 0.406178 0.00262483 0.00272325 0.00166537
72.36 0.475964 0.480976 0.406265 0.00195784 0.00278518 0.00219432
72.38 0.476022 0.481078 0.406358 0.00145151 0.0025525 0.00231511
72.4 0.476078 0.481168 0.406446 0.00140117 0.00222847 0.00220122
72.42 0.47615 0.481247 0.40653 0.00181261 0.00199824 0.00209749
72.44 0.476245 0.481324 0.406615 0.00237233 0.00190145 0.00213275
72.46 0.476352 0.481398 0.406705 0.00267567 0.00187061 0.00223379
72.48 0.476455 0.481473 0.406792 0.00255464 0.00186113 0.00218518
72.5 0.476544 0.481551 0.406864 0.00222974 0.00194315 0.00181097
72.52 0.476629 0.481641 0.40691 0.00213402 0.00225796 0.00114776
72.54 0.476731 0.481755 0.406929 0.00254887 0.00284642 0.00046641
72.56 0.476865 0.481896 0.406934 0.00335287 0.00351982 0.000115107
72.58 0.477028 0.482053 0.406946 0.00406106 0.0039482 0.000299858
72.6 0.477193 0.48221 0.406984 0.00414017 0.00391587 0.000953627
72.62 0.477329 0.482351 0.407055 0.0033923 0.00351389 0.00177158
72.64 0.477415 0.482474 0.40715 0.00214209 0.00307305 0.00238785
72.66 0.477459 0.482589 0.407253 0.00110216 0.00288402 0.00256429
72.68 0.477497 0.482708 0.407344 0.000947337 0.0029713 0.00227292
72.7 0.477571 0.482833 0.40741 0.00184878 0.00311925 0.00165188
72.72 0.477704 0.482956 0.407446 0.00333005 0.00309218 0.000900887
72.74 0.477887 0.48307 0.407453 0.00458328 0.00284228 0.000189988
72.76 0.478087 0.483172 0.407439 0.00500096 0.00255161 -0.00035737
72.78 0.478268 0.483272 0.407415 0.00453315 0.00249388 -0.000608711
72.8 0.478414 0.483384 0.407398 0.00364889 0.00279782 -0.000410596
72.82 0.478534 0.483515 0.40741 0.00299048 0.00328492 0.00029066
72.84 0.478652 0.483658 0.407462 0.00295616 0.00357828 0.00130327
72.86 0.478791 0.483795 0.40755 0.00347424 0.00340897 0.0021981
72.88 0.478956 0.483908 0.407651 0.00412891 0.00284019 0.00253105
72.9 0.479137 0.483997 0.407737 0.00451377 0.00222585 0.00214316
72.92 0.479317 0.484075 0.407788 0.00449915 0.00194303 0.0012741
72.94 0.479485 0.484159 0.407804 0.00420823 0.00210391 0.00039801
72.96 0.479637 0.484258 0.407801 0.00380645 0.00247469 -7.93062e-05
72.98 0.479773 0.484365 0.407799 0.00337605 0.00266793 -3.96828e-05
73 0.479891 0.484464 0.407812 0.00296295 0.00247247 0.000332033
73.02 0.479997 0.484545 0.407842 0.00263904 0.00204548 0.00073063
73.04 0.480096 0.484617 0.40788 0.00247318 0.00179137 0.000965339
73.06 0.480194 0.484698 0.407922 0.00246382 0.00202859 0.00103698
73.08 0.480294 0.484806 0.407963 0.00250074 0.00270379 0.00103859
73.1 0.48039 0.484942 0.408004 0.00239331 0.00338682 0.00102988
73.12 0.480469 0.485086 0.408044 0.00197197 0.00359439 0.000987264
73.14 0.480519 0.485214 0.408078 0.00124433 0.00320516 0.000856718
73.16 0.480538 0.485318 0.408105 0.000488828 0.00261222 0.000659097
73.18 0.480542 0.485415 0.408125 0.000103627 0.00241935 0.000508543
73.2 0.480553 0.485532 0.408146 0.000281402 0.00292903 0.000521587
73.22 0.480586 0.485687 0.408175 0.000822458 0.00387699 0.000727238
73.24 0.480636 0.485872 0.408217 0.00125113 0.00462378 0.0010448
73.26 0.480682 0.486058 0.40827 0.00113297 0.00463338 0.00132764
73.28 0.480696 0.486212 0.408328 0.000368838 0.00386188 0.00144552
73.3 0.480667 0.486325 0.408382 -0.000724683 0.00281241 0.00136064
73.32 0.480603 0.486412 0.408427 -0.00160102 0.00218435 0.00113588
73.34 0.480531 0.486506 0.408463 -0.00180788 0.0023538 0.000885724
73.36 0.480481 0.486631 0.408491 -0.00124131 0.00311112 0.000710085
73.38 0.480474 0.486785 0.408517 -0.000181118 0.00386211 0.000650085
73.4 0.48051 0.486948 0.408545 0.000883231 0.00408452 0.000705174
73.42 0.48057 0.487095 0.40858 0.00151505 0.00365581 0.00087535
73.44 0.480633 0.487209 0.408627 0.00155936 0.0028536 0.00116567
73.46 0.480681 0.487293 0.408689 0.00120788 0.0021003 0.00153922
73.48 0.480715 0.48736 0.408764 0.000841669 0.0016741 0.00189155
73.5 0.480745 0.487423 0.408848 0.000765854 0.00158894 0.00210365
73.52 0.480787 0.487491 0.408934 0.00104628 0.00167824 0.00214483
73.54 0.480849 0.487561 0.40902 0.00155624 0.00176832 0.00213183
73.56 0.480934 0.487634 0.409109 0.00212131 0.00180644 0.00224885
73.58 0.481038 0.487708 0.409213 0.00260887 0.00187156 0.00258505
73.6 0.481155 0.487791 0.409334 0.00292224 0.00206702 0.00303349
73.62 0.481275 0.487886 0.409467 0.00299509 0.00238476 0.00332918
73.64 0.481388 0.487993 0.409595 0.00283237 0.00266557 0.00319774
73.66 0.481489 0.488101 0.409696 0.00252531 0.00270893 0.00252107
73.68 0.481578 0.4882 0.409753 0.00222386 0.00245309 0.00142953
73.7 0.481662 0.488282 0.409764 0.00209616 0.00205472 0.000261243
73.72 0.481753 0.488353 0.40974 0.00226091 0.00177627 -0.000588734
73.74 0.481861 0.488425 0.409707 0.00270349 0.00179405 -0.000834645
73.76 0.48199 0.488508 0.409691 0.00324085 0.00209835 -0.000406519
73.78 0.482135 0.488609 0.409711 0.00360913 0.00251705 0.000514339
73.8 0.48228 0.488722 0.409773 0.00363575 0.00281704 0.001538
73.82 0.482414 0.488836 0.409861 0.00333693 0.0028605 0.00219848
73.84 0.482529 0.488945 0.409947 0.00286894 0.0027166 0.00216968
73.86 0.482626 0.489049 0.410006 0.00242505 0.00258993 0.00146069
73.88 0.482712 0.489154 0.410023 0.00216628 0.00264191 0.000433762
73.9 0.482799 0.489269 0.410007 0.00216782 0.00288109 -0.00040411
73.92 0.482894 0.489397 0.40998 0.00236688 0.0031777 -0.000684729
73.94 0.482997 0.48953 0.409966 0.0025779 0.00334419 -0.000351621
73.96 0.483101 0.48966 0.409979 0.00261232 0.00323101 0.000325892
73.98 0.483198 0.489772 0.410015 0.00241181 0.00281319 0.000901422
74 0.48328 0.489861 0.410055 0.00205405 0.00222295 0.00101052
74.02 0.483346 0.489929 0.410078 0.00165299 0.00170837 0.000574783
74.04 0.483398 0.489991 0.410071 0.00130722 0.00154007 -0.000170859
74.06 0.483442 0.490066 0.410038 0.00110177 0.00187578 -0.000826129
74.08 0.483486 0.490172 0.409996 0.00109401 0.00264379 -0.00105081
74.1 0.483538 0.490313 0.409966 0.00128676 0.00353305 -0.000754451
74.12 0.483603 0.490478 0.40996 0.0016249 0.004122 -0.000141946
74.14 0.483683 0.490642 0.409978 0.00201497 0.00409261 0.00044493
74.16 0.483777 0.490778 0.410009 0.0023573 0.00341283 0.00078191
74.18 0.483881 0.490873 0.410046 0.00258228 0.00238197 0.000905908
74.2 0.483987 0.490934 0.410088 0.00266814 0.00150187 0.00104857
74.22 0.484093 0.490982 0.410144 0.00263052 0.00120996 0.00141954
74.24 0.484193 0.491047 0.410225 0.00251659 0.00162771 0.00200887
74.26 0.48429 0.491147 0.410327 0.00241656 0.00250195 0.00255006
74.28 0.484388 0.491282 0.410434 0.0024575 0.00336698 0.00267683
74.3 0.484497 0.491434 0.410521 0.00272267 0.00380052 0.0021838
74.32 0.484623 0.491579 0.410569 0.00313407 0.00362053 0.0011986
74.34 0.48476 0.491696 0.410575 0.00343926 0.00294514 0.000153852
74.36 0.484895 0.49178 0.410559 0.00338162 0.00209224 -0.000416511
74.38 0.485012 0.491837 0.410552 0.00292632 0.00140996 -0.000163765
74.4 0.485105 0.491882 0.410587 0.00232494 0.00114849 0.000873262
74.42 0.485184 0.491938 0.410679 0.00197071 0.00138645 0.00229388
74.44 0.48527 0.492018 0.410821 0.00215231 0.00199956 0.00355599
74.46 0.485384 0.492126 0.41099 0.00283864 0.00269932 0.00423319
74.48 0.48553 0.492252 0.411157 0.00364753 0.00316354 0.00417242
74.5 0.485693 0.49238 0.411297 0.00407136 0.00318756 0.00349415
74.52 0.485846 0.492491 0.411396 0.00382864 0.00277696 0.00248505
74.54 0.485969 0.492577 0.411456 0.00306941 0.00215943 0.00148321
74.56 0.48606 0.492645 0.411487 0.00228065 0.00169428 0.000793447
74.58 0.486138 0.492713 0.411512 0.00195007 0.00168653 0.000605434
74.6 0.486227 0.492801 0.411548 0.00222457 0.00219878 0.00090974
74.62 0.486339 0.492921 0.411607 0.0028145 0.00300766 0.0014807
74.64 0.486467 0.493071 0.411686 0.00319207 0.00374233 0.00196901
74.66 0.486585 0.493233 0.411769 0.00294493 0.0040731 0.00206838
74.68 0.486667 0.493388 0.411836 0.00205909 0.003856 0.00167993
74.7 0.486705 0.493516 0.411875 0.00094276 0.00319684 0.00097933
74.72 0.486712 0.493612 0.411888 0.000174798 0.00240619 0.000315136
74.74 0.486717 0.493686 0.411887 0.000139119 0.0018441 -8.24789e-06
74.76 0.486749 0.493755 0.411891 0.00078048 0.0017259 8.79557e-05
74.78 0.486816 0.493835 0.411908 0.00167716 0.00201524 0.000421607
74.8 0.486909 0.493934 0.411935 0.00234201 0.00246883 0.000671613
74.82 0.48701 0.494046 0.411958 0.00250274 0.00279284 0.00058044
74.84 0.487098 0.494159 0.411963 0.00219873 0.00282788 0.000126525
74.86 0.487164 0.494264 0.411945 0.00167384 0.00263814 -0.000455102
74.88 0.487212 0.494361 0.411911 0.00118178 0.00241858 -0.000836794
74.9 0.487245 0.494453 0.411878 0.000842527 0.00230265 -0.000831728
74.92 0.487271 0.494544 0.411857 0.000645943 0.00226516 -0.000510881
74.94 0.487294 0.494632 0.411853 0.000566666 0.00221462 -0.000109364
74.96 0.48732 0.494717 0.411861 0.000642715 0.00212365 0.000186531
74.98 0.487357 0.4948 0.411876 0.00094624 0.00205465 0.000378002
75 0.487417 0.494883 0.411899 0.0014773 0.00209909 0.00059157
75.02 0.4875 0.494975 0.411936 0.00207294 0.0022897 0.000908746
75.04 0.487597 0.495077 0.411987 0.00244575 0.0025492 0.00129067
75.06 0.487692 0.495187 0.412053 0.00235946 0.00275166 0.0016351
75.08 0.487764 0.495301 0.412127 0.00181246 0.00285581 0.00186417
75.1 0.487808 0.495419 0.412206 0.00108829 0.00295237 0.00196735
75.12 0.487832 0.495546 0.412286 0.000614909 0.00315212 0.0019941
75.14 0.48786 0.495683 0.412366 0.000697134 0.00343688 0.00200216
75.16 0.487913 0.49583 0.412446 0.00131248 0.00366775 0.00200666
75.18 0.487998 0.495979 0.412526 0.00212111 0.00372847 0.00198679
75.2 0.488105 0.496124 0.412603 0.00268122 0.00363272 0.00193188
75.22 0.488214 0.496264 0.412677 0.00273071 0.00350063 0.0018497
75.24 0.488308 0.496403 0.412746 0.00234266 0.00346059 0.00173484
75.26 0.488382 0.496545 0.412809 0.00185016 0.00357218 0.00156437
75.28 0.488447 0.496697 0.412862 0.00162214 0.00378369 0.00133572
75.3 0.488519 0.496855 0.412906 0.00182071 0.00395559 0.00110328
75.32 0.488611 0.497014 0.412945 0.00228171 0.00396899 0.000972055
75.34 0.488716 0.497167 0.412987 0.00263215 0.00382443 0.00103805
75.36 0.488819 0.497313 0.41304 0.00258283 0.00364305 0.00132539
75.38 0.488905 0.497454 0.41311 0.00214852 0.00354771 0.00175928
75.4 0.48897 0.497596 0.413197 0.00162809 0.00353211 0.00217502
75.42 0.489026 0.497734 0.413293 0.00139003 0.00346294 0.00238351
75.44 0.489091 0.497863 0.413384 0.00161752 0.00321245 0.00228441
75.46 0.489178 0.497975 0.413461 0.00218353 0.00279905 0.00192338
75.48 0.489288 0.498072 0.413518 0.00274313 0.00242143 0.00143998
75.5 0.489407 0.498165 0.413558 0.00297443 0.00233793 0.000998333
75.52 0.489518 0.498271 0.413588 0.00277374 0.00265612 0.000743786
75.54 0.489609 0.4984 0.413618 0.00228962 0.00321621 0.000741111
75.56 0.489682 0.498546 0.413654 0.00182837 0.00365577 0.000911379
75.58 0.48975 0.49869 0.413697 0.0016961 0.0036077 0.00106261
75.6 0.489832 0.498808 0.413738 0.00203252 0.00294053 0.00103175
75.62 0.48994 0.498884 0.413771 0.00271558 0.00188783 0.000824392
75.64 0.490077 0.498922 0.413796 0.0034323 0.000949714 0.000635058
75.66 0.490232 0.498946 0.413824 0.00385293 0.000620307 0.000697207
75.68 0.490382 0.498989 0.413866 0.00376476 0.00107593 0.00105534
75.7 0.490508 0.499071 0.413926 0.0031479 0.00203332 0.00148676
75.72 0.490597 0.499187 0.413993 0.0022168 0.00290306 0.0016697
75.74 0.490652 0.499313 0.414051 0.00137965 0.00315576 0.00144504
75.76 0.490695 0.499419 0.414088 0.00106609 0.00265306 0.00094621
75.78 0.490754 0.499488 0.414108 0.00147312 0.0017076 0.000502331
75.8 0.490849 0.499522 0.414124 0.0023909 0.000869393 0.000396621
75.82 0.490981 0.499546 0.414151 0.00329013 0.000603735 0.000655416
75.84 0.491126 0.499587 0.414191 0.00363861 0.00100941 0.00102054
75.86 0.491256 0.499657 0.414237 0.00323811 0.00175239 0.00114157
75.88 0.491349 0.499749 0.414271 0.0023367 0.00231218 0.000848661
75.9 0.491406 0.499844 0.414283 0.00142968 0.00236047 0.000293016
75.92 0.491444 0.499922 0.414277 0.000936338 0.00196094 -0.000151772
75.94 0.491483 0.49998 0.414269 0.000980352 0.00144929 -0.000179759
75.96 0.491539 0.500027 0.414278 0.00138366 0.00116436 0.000208544
75.98 0.491612 0.500077 0.414307 0.00184948 0.00124943 0.000736156
76 0.491701 0.500141 0.41435 0.00220326 0.00160919 0.00107595
76.02 0.4918 0.500222 0.414393 0.00249189 0.002026 0.00107267
76.04 0.491914 0.500316 0.414426 0.00283952 0.00233229 0.000828084
76.06 0.492042 0.500416 0.414451 0.00321381 0.00250328 0.000609155
76.08 0.492177 0.50052 0.414477 0.0033757 0.00261193 0.000661881
76.1 0.492301 0.500629 0.41452 0.00307895 0.00272817 0.00106128
76.12 0.492394 0.500744 0.414587 0.00232422 0.00286104 0.00168784
76.14 0.492451 0.500862 0.41468 0.00144046 0.00296836 0.00232739
76.16 0.492488 0.500983 0.414792 0.0009144 0.00300223 0.00278927
76.18 0.492531 0.5011 0.41491 0.00107705 0.00293774 0.00296009
76.2 0.492606 0.501211 0.415022 0.00187584 0.00277692 0.0028085
76.22 0.492722 0.501314 0.415118 0.00289426 0.00256151 0.00238997
76.24 0.492866 0.50141 0.415192 0.00361058 0.00240566 0.00184564
76.26 0.493014 0.501509 0.415246 0.00370829 0.00248004 0.00135858
76.28 0.493144 0.501625 0.415289 0.00323499 0.0028901 0.00107562
76.3 0.493245 0.501766 0.415331 0.00253847 0.00353388 0.00104142
76.32 0.493327 0.50193 0.415378 0.00204847 0.00409514 0.00117957
76.34 0.493408 0.502099 0.415432 0.00201443 0.00423181 0.00133443
76.36 0.493502 0.502252 0.415486 0.00234707 0.00383264 0.00137474
76.38 0.49361 0.502377 0.415538 0.0027081 0.00311789 0.00128605
76.4 0.493722 0.502477 0.415585 0.00279794 0.0025026 0.00116959
76.42 0.493825 0.50257 0.415631 0.00256518 0.00232015 0.00115039
76.44 0.493912 0.502674 0.415682 0.00218959 0.00259776 0.00127621
76.46 0.493989 0.502796 0.41574 0.00193228 0.00305386 0.00146555
76.48 0.494069 0.502929 0.415802 0.00197829 0.00333173 0.00153452
76.5 0.494162 0.50306 0.415855 0.002327 0.00327749 0.00132867
76.52 0.494272 0.503182 0.41589 0.00276692 0.00302805 0.000878323
76.54 0.494392 0.503296 0.415907 0.00298573 0.0028604 0.000419228
76.56 0.494503 0.503415 0.415916 0.00277168 0.0029655 0.00023805
76.58 0.494589 0.503547 0.415935 0.00216022 0.00331372 0.000471221
76.6 0.494645 0.503694 0.415975 0.00140994 0.00366524 0.000994344
76.62 0.494679 0.503843 0.416034 0.000844422 0.00373431 0.00148043
76.64 0.494706 0.503979 0.416098 0.000674063 0.00340885 0.00159453
76.66 0.494742 0.504093 0.416147 0.000905177 0.0028476 0.00122339
76.68 0.494797 0.504188 0.41617 0.00136265 0.00236265 0.000581137
76.7 0.494869 0.504276 0.416173 0.00179128 0.00219838 7.53041e-05
76.72 0.494948 0.504372 0.416174 0.00199479 0.00239586 2.37026e-05
76.74 0.495026 0.504484 0.416192 0.00193924 0.00281338 0.000445044
76.76 0.495096 0.504614 0.416234 0.00174772 0.00324557 0.0010609
76.78 0.495159 0.504756 0.416293 0.00158712 0.00353796 0.00147745
76.8 0.495221 0.5049 0.416351 0.00153135 0.00361867 0.00144131
76.82 0.495281 0.50504 0.416391 0.00151646 0.00348329 0.000999375
76.84 0.495338 0.505167 0.416409 0.00142584 0.00318833 0.00043965
76.86 0.495388 0.50528 0.416412 0.00123608 0.00281755 8.18272e-05
76.88 0.495431 0.505377 0.416416 0.00107331 0.00243125 9.90725e-05
76.9 0.495474 0.50546 0.416435 0.00109472 0.00208559 0.000469322
76.92 0.495528 0.505536 0.416475 0.00132875 0.00189636 0.00101871
76.94 0.495593 0.505617 0.416536 0.00164399 0.00200375 0.00150835
76.96 0.495668 0.505713 0.416606 0.00185775 0.00241793 0.00175684
76.98 0.495743 0.50583 0.416675 0.00187635 0.00291701 0.00173426
77 0.495813 0.505956 0.416737 0.00176479 0.00314493 0.00154985
77.02 0.495882 0.506071 0.416791 0.00171441 0.00287566 0.00134805
77.04 0.495958 0.50616 0.41684 0.00189311 0.00223425 0.00121161
77.06 0.496049 0.506227 0.416886 0.00227493 0.00166433 0.00115304
77.08 0.496154 0.506291 0.416933 0.00264083 0.00161992 0.00116843
77.1 0.496266 0.506379 0.416983 0.00278318 0.0021789 0.0012643
77.12 0.496373 0.506495 0.41704 0.00269152 0.00290885 0.00143055
77.14 0.496474 0.506621 0.417105 0.00252831 0.00315167 0.00161259
77.16 0.496573 0.506723 0.417175 0.00247429 0.00254761 0.00174332
77.18 0.496677 0.506778 0.417247 0.0026028 0.00137373 0.00180421
77.2 0.496791 0.506794 0.41732 0.00284609 0.000397818 0.00182341
77.22 0.496914 0.506807 0.417392 0.00307277 0.000340555 0.00181508
77.24 0.497043 0.50686 0.417462 0.00322088 0.00132451 0.00174807
77.26 0.497176 0.50697 0.417526 0.00333145 0.00272766 0.00158812
77.28 0.497314 0.507114 0.41758 0.00343505 0.00360984 0.00136309
77.3 0.497452 0.50725 0.417627 0.00345701 0.00340067 0.00117603
77.32 0.497582 0.507343 0.417673 0.00326069 0.00231721 0.00114121
77.34 0.497694 0.50739 0.417725 0.00279015 0.00118929 0.00129501
77.36 0.497782 0.507423 0.417787 0.00220254 0.000823801 0.00156366
77.38 0.497855 0.50748 0.417859 0.00183442 0.00143143 0.00179897
77.4 0.497935 0.507582 0.417933 0.00198942 0.0025403 0.00185298
77.42 0.498043 0.507717 0.418 0.00270363 0.00338288 0.00167387
77.44 0.49819 0.507856 0.418055 0.00366454 0.00345871 0.00137513
77.46 0.498364 0.50797 0.418102 0.00435923 0.00286891 0.00117629
77.48 0.498539 0.508057 0.418151 0.00437794 0.00217026 0.00122473
77.5 0.498686 0.508133 0.418211 0.00367473 0.00190317 0.00147609
77.52 0.49879 0.508221 0.41828 0.00259208 0.00220039 0.00174173
77.54 0.498856 0.508333 0.418353 0.00165158 0.00278315 0.00183174
77.56 0.498907 0.508463 0.41842 0.00127379 0.00326775 0.00167078
77.58 0.49897 0.508602 0.418473 0.00156735 0.00346592 0.00132188
77.6 0.49906 0.50874 0.418511 0.00225736 0.0034475 0.000935306
77.62 0.499174 0.508876 0.418537 0.00284609 0.00339314 0.000662195
77.64 0.499291 0.509013 0.418559 0.00293097 0.00343026 0.000545911
77.66 0.499389 0.509155 0.418578 0.0024447 0.00354745 0.000469325
77.68 0.499455 0.509299 0.418588 0.00166037 0.00360765 0.00025641
77.7 0.499495 0.509438 0.418583 0.000986669 0.00346311 -0.000133975
77.72 0.499524 0.509562 0.418562 0.000722559 0.00310513 -0.000503245
77.74 0.499561 0.50967 0.418541 0.00092334 0.00270452 -0.000539831
77.76 0.499618 0.509769 0.418537 0.001427 0.0024767 -9.75075e-05
77.78 0.499697 0.50987 0.418563 0.00197775 0.00251569 0.000642303
77.8 0.499791 0.50998 0.418614 0.00234953 0.00276848 0.00127895
77.82 0.499888 0.510105 0.418673 0.00243551 0.00310505 0.00146853
77.84 0.499979 0.510239 0.418719 0.00226817 0.00336416 0.00115326
77.86 0.500057 0.510375 0.418743 0.00195521 0.00340034 0.000601081
77.88 0.500121 0.510502 0.418752 0.00160302 0.00315801 0.000226659
77.9 0.500174 0.51061 0.418765 0.00131094 0.00270897 0.000324862
77.92 0.500221 0.510699 0.4188 0.00119109 0.002224 0.00088639
77.94 0.500275 0.510776 0.418864 0.00134272 0.00191585 0.0015967
77.96 0.500346 0.510853 0.418945 0.00178493 0.00194986 0.00203347
77.98 0.500442 0.510947 0.419023 0.00239698 0.00233044 0.00194294
78 0.500559 0.511061 0.41908 0.00292982 0.00286711 0.00141564
78.02 0.500685 0.511193 0.419114 0.00312645 0.00330219 0.000846228
78.04 0.500801 0.511333 0.419141 0.00290161 0.00347656 0.000680416
78.06 0.500898 0.511469 0.419185 0.00243563 0.0034033 0.00111487
78.08 0.50098 0.511597 0.419264 0.00205821 0.0032096 0.00197434
78.1 0.501061 0.511718 0.419379 0.00200673 0.00303146 0.0028531
78.12 0.501151 0.511837 0.419514 0.00226653 0.00295885 0.00337462
78.14 0.501255 0.511957 0.419648 0.0025976 0.00301014 0.00335007
78.16 0.501363 0.512082 0.41976 0.00270634 0.00312224 0.00281152
78.18 0.501461 0.512209 0.41984 0.00244571 0.00317774 0.00199517
78.2 0.501539 0.512332 0.419891 0.00193997 0.00308163 0.00127658
78.22 0.5016 0.512446 0.419931 0.00153663 0.00284425 0.00100476
78.24 0.501663 0.51255 0.419983 0.00157119 0.00259465 0.00129915
78.26 0.501747 0.51265 0.420062 0.00210154 0.00250098 0.00197433
78.28 0.501861 0.512756 0.420168 0.00284566 0.00266143 0.00264181
78.3 0.501996 0.512878 0.420284 0.00337825 0.00305009 0.00290689
78.32 0.502132 0.51302 0.420387 0.0034002 0.0035484 0.00256726
78.34 0.502248 0.51318 0.420455 0.00289882 0.0039992 0.0017193
78.36 0.502333 0.51335 0.420484 0.00213229 0.00424166 0.000708511
78.38 0.502391 0.513515 0.420482 0.00144776 0.00413376 -4.85238e-05
78.4 0.502433 0.51366 0.42047 0.00103234 0.00360841 -0.000286325
78.42 0.502465 0.51377 0.420469 0.000809951 0.00275175 -3.58216e-05
78.44 0.502489 0.513843 0.420486 0.000610589 0.00182687 0.00041965
78.46 0.502507 0.513891 0.420516 0.000438544 0.00119527 0.000756746
78.48 0.502528 0.513937 0.420549 0.00052325 0.00115768 0.000826908
78.5 0.502572 0.514009 0.420577 0.00109105 0.00178944 0.000709712
78.52 0.502656 0.514122 0.420601 0.00210756 0.00284789 0.000589779
78.54 0.502784 0.514277 0.420624 0.00320557 0.00385246 0.000585013
78.56 0.502938 0.51445 0.420651 0.00385524 0.00433856 0.000672713
78.58 0.503085 0.514615 0.420681 0.00367783 0.00412033 0.00074203
78.6 0.503194 0.514751 0.42071 0.00272499 0.0033959 0.000713268
78.62 0.503255 0.514855 0.420735 0.00152203 0.00261412 0.000636973
78.64 0.503287 0.514943 0.420762 0.000792901 0.00218509 0.000676971
78.66 0.503328 0.515033 0.420801 0.00101954 0.002258 0.000961064
78.68 0.503413 0.515141 0.420857 0.00213299 0.00269086 0.00142378
78.7 0.503556 0.515267 0.420929 0.00356537 0.00316506 0.00179882
78.72 0.50374 0.515402 0.421001 0.00460455 0.00336365 0.00179695
78.74 0.503931 0.515528 0.421055 0.00478436 0.00315214 0.00134658
78.76 0.504095 0.515635 0.421083 0.00408961 0.00267593 0.000697901
78.78 0.504212 0.515726 0.421095 0.0029273 0.00226901 0.000288777
78.8 0.504288 0.515814 0.421112 0.00189246 0.00220628 0.000443933
78.82 0.504345 0.515914 0.421157 0.00143927 0.00250059 0.00110961
78.84 0.504412 0.516029 0.42123 0.00167108 0.00287562 0.00184089
78.86 0.504507 0.516147 0.421314 0.0023628 0.00294946 0.00209311
78.88 0.504632 0.516248 0.421379 0.00314756 0.00252575 0.00162159
78.9 0.50478 0.516318 0.421407 0.00369982 0.00175805 0.00069577
78.92 0.504933 0.51636 0.421405 0.00382542 0.00104856 -4.80423e-05
78.94 0.505073 0.516391 0.421404 0.00348304 0.000763046 -2.98935e-05
78.96 0.505184 0.51643 0.421439 0.00278658 0.000979308 0.000876372
78.98 0.505264 0.516487 0.421529 0.00198849 0.00143196 0.00224795
79 0.50532 0.516555 0.421664 0.00140294 0.00170563 0.00338725
79.02 0.50537 0.516618 0.421815 0.00125071 0.0015728 0.00376009
79.04 0.505431 0.516666 0.421946 0.00151921 0.00118945 0.00328658
79.06 0.505509 0.516704 0.422039 0.00195944 0.000953665 0.00232897
79.08 0.505598 0.51675 0.422096 0.00222865 0.00114981 0.00142332
79.1 0.505682 0.516817 0.422133 0.00209121 0.00168159 0.000933612
79.12 0.505744 0.516902 0.422168 0.00155011 0.00210457 0.000863272
79.14 0.505777 0.51698 0.422206 0.000819159 0.00196163 0.000951841
79.16 0.505784 0.517027 0.422244 0.000190524 0.00117894 0.000949966
79.18 0.505781 0.517035 0.422278 -8.30797e-05 0.000198538 0.000840182
79.2 0.505786 0.517024 0.42231 0.000120681 -0.000288631 0.000818542
79.22 0.505815 0.51703 0.422353 0.000721829 0.00015122 0.0010679
79.24 0.505873 0.517083 0.422415 0.00145724 0.00133328 0.00153948
79.26 0.505954 0.517186 0.422493 0.00202833 0.00257616 0.00194467
79.28 0.506044 0.517314 0.422571 0.00224808 0.00320279 0.00195319
79.3 0.506127 0.517434 0.422628 0.00207521 0.00299362 0.00143878
79.32 0.50619 0.517525 0.422652 0.00158008 0.00228632 0.000583928
79.34 0.506227 0.517593 0.422642 0.000927735 0.00169405 -0.000241701
79.36 0.506242 0.517658 0.422613 0.000359357 0.00163501 -0.000730934
79.38 0.506246 0.51774 0.422581 0.000119655 0.00203244 -0.000790767
79.4 0.506261 0.517838 0.422561 0.000354334 0.00245946 -0.000493458
79.42 0.506301 0.517941 0.422563 0.00101993 0.00258123 4.48276e-05
79.44 0.506376 0.518039 0.422592 0.00187191 0.00244801 0.000715311
79.46 0.506479 0.518135 0.422647 0.00256777 0.0023897 0.00137275
79.48 0.506593 0.518242 0.422719 0.0028459 0.0026687 0.00179832
79.5 0.5067 0.51837 0.42279 0.00267696 0.00320403 0.00177799
79.52 0.506791 0.518514 0.422841 0.00227594 0.00360121 0.00127379
79.54 0.50687 0.518654 0.422862 0.00197651 0.00349541 0.000529601
79.56 0.506951 0.51877 0.422861 0.00202638 0.00291157 -1.73019e-05
79.58 0.507047 0.518862 0.422861 0.00240648 0.00229842 1.81474e-06
79.6 0.507161 0.51895 0.422886 0.00283663 0.00219105 0.000628726
79.62 0.50728 0.519061 0.422947 0.00299117 0.00278634 0.00151463
79.64 0.50739 0.519212 0.423032 0.00274757 0.00377609 0.00211854
79.66 0.507481 0.519394 0.423114 0.00227079 0.00455786 0.00205661
79.68 0.507557 0.519581 0.423169 0.0018899 0.00465712 0.00136749
79.7 0.507632 0.519744 0.423189 0.00186992 0.00407136 0.000501237
79.72 0.507721 0.519875 0.42319 0.00224642 0.00328175 2.84387e-05
79.74 0.507835 0.51999 0.4232 0.00283714 0.00288124 0.000262073
79.76 0.50797 0.520115 0.423243 0.0033742 0.00312717 0.00105722
79.78 0.508115 0.520268 0.423319 0.00362853 0.00380896 0.00192004
79.8 0.508255 0.520447 0.423412 0.00350206 0.00448085 0.00232387
79.82 0.508379 0.520639 0.423493 0.00309504 0.00479348 0.00201455
79.84 0.508486 0.520826 0.423539 0.00266672 0.00469664 0.0011415
79.86 0.508584 0.521003 0.423545 0.00246422 0.00441218 0.000161421
79.88 0.508687 0.521171 0.423528 0.00256143 0.00421044 -0.000415646
79.9 0.5088 0.521338 0.423517 0.00284549 0.00417303 -0.00028562
79.92 0.508926 0.521505 0.423537 0.00312679 0.00417247 0.000506766
79.94 0.509056 0.521668 0.423602 0.00326009 0.00407827 0.0016198
79.96 0.509185 0.521826 0.423707 0.00323501 0.00393736 0.00263025
79.98 0.509312 0.521982 0.423837 0.00316213 0.00390834 0.00324241
80 0.509439 0.522144 0.423971 0.0031705 0.00405222 0.00336385
80.02 0.509571 0.522314 0.424094 0.00329683 0.00424007 0.00306483
80.04 0.509709 0.522484 0.424194 0.00345856 0.00426067 0.00250057
80.06 0.509851 0.522643 0.424268 0.00354327 0.00397137 0.00185221
80.08 0.509991 0.522778 0.42432 0.0035178 0.00337729 0.0012962
80.1 0.51013 0.522884 0.42436 0.00346566 0.00264105 0.000991011
80.12 0.510271 0.522965 0.424401 0.00351732 0.00202302 0.00102782
80.14 0.510419 0.523035 0.424455 0.00371701 0.00175121 0.00135958
80.16 0.510577 0.523111 0.424527 0.00393418 0.00189574 0.00179553
80.18 0.510734 0.523205 0.424611 0.00392775 0.00235138 0.00210052
80.2 0.510876 0.523322 0.424696 0.003555 0.00292262 0.00213273
80.22 0.510993 0.523457 0.424773 0.00292142 0.00339277 0.00191025
80.24 0.511085 0.5236 0.424835 0.00231584 0.00356983 0.00156806
80.26 0.511165 0.523735 0.424885 0.00199989 0.00336177 0.00124304
80.28 0.511247 0.523848 0.424924 0.00204206 0.00282473 0.000960549
80.3 0.51134 0.523933 0.424948 0.00231807 0.00213283 0.000607782
80.32 0.511445 0.523994 0.42495 0.00263059 0.0015229 4.68152e-05
80.34 0.511559 0.524043 0.424922 0.0028363 0.0012289 -0.000699144
80.36 0.511675 0.524098 0.424867 0.00290537 0.00136804 -0.00137459
80.38 0.511791 0.524171 0.424802 0.00289338 0.00183988 -0.00162633
80.4 0.511904 0.524265 0.424751 0.00284437 0.00234361 -0.00126233
80.42 0.512012 0.524366 0.424734 0.00270052 0.00253388 -0.000440921
80.44 0.512105 0.524455 0.424749 0.00232883 0.00222564 0.000383865
80.46 0.512172 0.524517 0.424779 0.00165731 0.00154507 0.000751379
80.48 0.512204 0.524554 0.424799 0.000810485 0.000915545 0.000505763
80.5 0.51221 0.524587 0.424795 0.000135287 0.000819089 -0.000104375
80.52 0.512211 0.524645 0.424771 3.66471e-05 0.00145007 -0.000604168
80.54 0.512239 0.524745 0.424747 0.000693533 0.00252148 -0.00060057
80.56 0.512314 0.524881 0.424747 0.0018807 0.00338734 -8.48637e-06
80.58 0.512437 0.525018 0.424783 0.00307082 0.0034265 0.000920055
80.6 0.512586 0.525116 0.424853 0.00373567 0.00245901 0.00174782
80.62 0.51273 0.525153 0.424937 0.00360562 0.000914282 0.00209516
80.64 0.512842 0.525137 0.425011 0.00278259 -0.000396654 0.00185657
80.66 0.512909 0.525106 0.425062 0.00167976 -0.000780251 0.00125752
80.68 0.51294 0.525103 0.425089 0.000780673 -7.76596e-05 0.000686255
80.7 0.512955 0.525154 0.425107 0.000374519 0.00126976 0.000434664
80.72 0.512974 0.525254 0.425129 0.000460315 0.00251891 0.000571224
80.74 0.513007 0.525377 0.425169 0.000844659 0.00306941 0.00099113
80.76 0.51306 0.525488 0.42523 0.00131097 0.00278192 0.00152114
80.78 0.513129 0.525567 0.42531 0.00171945 0.0019771 0.00199479
80.8 0.513209 0.525613 0.425402 0.00201797 0.00114839 0.00231411
80.82 0.513298 0.525639 0.425501 0.00221065 0.000651716 0.00246963
80.84 0.51339 0.525662 0.425601 0.00230243 0.000563173 0.00251082
80.86 0.51348 0.525691 0.425702 0.00225381 0.000729639 0.00250715
80.88 0.51356 0.525729 0.425802 0.00199791 0.000944116 0.0025047
80.9 0.513621 0.525773 0.425902 0.00153255 0.00109655 0.00249541
80.92 0.51366 0.52582 0.425999 0.000975393 0.00119308 0.00243184
80.94 0.513681 0.525871 0.42609 0.000518523 0.00126463 0.00227029
80.96 0.513694 0.525923 0.42617 0.000335402 0.00129063 0.00199233
80.98 0.513713 0.525972 0.426233 0.000456734 0.0012279 0.00159699
81 0.513741 0.526016 0.426278 0.000714372 0.0010963 0.00111416
81.02 0.513775 0.526056 0.426302 0.000832827 0.00100596 0.000608444
81.04 0.5138 0.5261 0.426308 0.000641799 0.00109554 0.000143462
81.06 0.51381 0.526156 0.426299 0.000233989 0.0014189 -0.000236916
81.08 0.513807 0.526232 0.42628 -7.56698e-05 0.00188258 -0.000468241
81.1 0.513808 0.526324 0.426262 4.14502e-05 0.0022947 -0.00043591
81.12 0.513835 0.526423 0.426261 0.000674073 0.00249062 -4.12494e-05
81.14 0.513897 0.526521 0.426288 0.00153595 0.0024491 0.000691449
81.16 0.513981 0.526613 0.426352 0.00210643 0.00230604 0.00157789
81.18 0.514061 0.526704 0.426445 0.00199798 0.00225746 0.00233171
81.2 0.514111 0.526801 0.426552 0.00126469 0.00244348 0.00267771
81.22 0.514127 0.526916 0.42665 0.000385859 0.00286376 0.00245444
81.24 0.514125 0.52705 0.426716 -4.95574e-05 0.00335139 0.00165982
81.26 0.514137 0.527197 0.426735 0.000296013 0.0036634 0.000460319
81.28 0.51419 0.527344 0.426702 0.0013367 0.00368384 -0.0008142
81.3 0.514297 0.527486 0.426633 0.00266428 0.00355772 -0.00174049
81.32 0.514449 0.52763 0.426554 0.00381472 0.00359858 -0.00197523
81.34 0.514628 0.527793 0.426496 0.00447926 0.00406525 -0.00143112
81.36 0.514811 0.527991 0.426483 0.00456171 0.00494542 -0.000327853
81.38 0.514977 0.528225 0.42652 0.00415457 0.00586819 0.000915548
81.4 0.515117 0.528476 0.426595 0.00349194 0.00627472 0.00188337
81.42 0.515232 0.528709 0.426689 0.00289025 0.00581238 0.00234618
81.44 0.515339 0.528895 0.426782 0.00266081 0.00465835 0.00232216
81.46 0.515457 0.529033 0.426862 0.00296009 0.00344532 0.00200003
81.48 0.515603 0.529146 0.426926 0.00365482 0.0028282 0.00160127
81.5 0.515779 0.529268 0.426977 0.00437842 0.00305967 0.00127277
81.52 0.515969 0.529423 0.427019 0.00476941 0.00386641 0.00105178
81.54 0.516157 0.52961 0.427055 0.00469187 0.00467811 0.000903558
81.56 0.516328 0.529811 0.427087 0.00428235 0.00501707 0.000801193
81.58 0.516481 0.530002 0.427119 0.00382234 0.00478373 0.000787782
81.6 0.516623 0.530173 0.427157 0.00355581 0.00427016 0.00096162
81.62 0.516766 0.530329 0.427212 0.00356618 0.00389818 0.00136946
81.64 0.516917 0.530485 0.427288 0.00376157 0.00390162 0.00190996
81.66 0.517075 0.530653 0.427383 0.00395222 0.00420773 0.00236456
81.68 0.517234 0.530836 0.427485 0.003977 0.00456269 0.00254497
81.7 0.517386 0.531025 0.427582 0.00379957 0.00472777 0.00243234
81.72 0.517526 0.531209 0.42767 0.00351215 0.00460947 0.00218927
81.74 0.517656 0.531381 0.427751 0.00324148 0.00428079 0.00202229
81.76 0.517778 0.531537 0.427831 0.00304705 0.00390519 0.00201162
81.78 0.517894 0.531681 0.427914 0.00291366 0.00361617 0.00206447
81.8 0.518007 0.531819 0.427994 0.00281653 0.00344751 0.00200846
81.82 0.518117 0.531954 0.428063 0.00275686 0.00336321 0.00173535
81.84 0.518227 0.532087 0.428115 0.0027432 0.0033288 0.00128841
81.86 0.518338 0.532221 0.428149 0.00277062 0.00334702 0.000842106
81.88 0.51845 0.532357 0.428172 0.00281186 0.00341365 0.00059072
81.9 0.518563 0.532496 0.428197 0.0028177 0.00345184 0.000616506
81.92 0.518672 0.532628 0.42823 0.00273625 0.00331673 0.000833264
81.94 0.518774 0.532744 0.428272 0.00254945 0.00290357 0.00104072
81.96 0.518866 0.532835 0.428314 0.00229992 0.00227449 0.00105397
81.98 0.518949 0.532902 0.428347 0.00206252 0.00166889 0.000835364
82 0.519024 0.532956 0.428368 0.0018852 0.00135531 0.000521671
82.02 0.519095 0.533014 0.42838 0.00177474 0.00144604 0.000297538
82.04 0.519165 0.533087 0.428389 0.00173635 0.00181087 0.000227603
82.06 0.519236 0.533172 0.428398 0.00178644 0.00214373 0.000210065
82.08 0.519313 0.533258 0.428401 0.00191011 0.00214401 8.32366e-05
82.1 0.519394 0.533326 0.428392 0.002025 0.00169801 -0.000216543
82.12 0.519475 0.533365 0.42837 0.00202516 0.000967914 -0.000563442
82.14 0.51955 0.533378 0.428343 0.00187552 0.000325867 -0.000680881
82.16 0.519616 0.533382 0.42833 0.00166293 0.000114182 -0.000320915
82.18 0.519678 0.533398 0.42835 0.00155507 0.000397122 0.000518311
82.2 0.519746 0.533435 0.428412 0.00168005 0.000911624 0.00153843
82.22 0.519825 0.533485 0.428505 0.00199378 0.00126837 0.00232252
82.24 0.519916 0.533535 0.428608 0.00227732 0.0012385 0.00258729
82.26 0.520008 0.533571 0.428701 0.00229575 0.000903591 0.00232416
82.28 0.520087 0.533594 0.428771 0.00197118 0.000572647 0.00175371
82.3 0.520144 0.533615 0.428817 0.00142828 0.000528728 0.0011418
82.32 0.520181 0.533648 0.428843 0.000912853 0.00082489 0.000637916
82.34 0.520207 0.533699 0.428853 0.000651027 0.00127956 0.000247697
82.36 0.520237 0.533764 0.42885 0.000748812 0.00162318 -6.97008e-05
82.38 0.520283 0.533831 0.428838 0.00116749 0.00167505 -0.000292263
82.4 0.520353 0.533889 0.428825 0.0017476 0.00144443 -0.000317721
82.42 0.520444 0.533934 0.428823 0.00225926 0.00111553 -4.98824e-05
82.44 0.520543 0.53397 0.428844 0.00248577 0.000909323 0.000505367
82.46 0.520637 0.534007 0.428892 0.00234635 0.000914087 0.00121709
82.48 0.520716 0.534049 0.428968 0.00197799 0.001049 0.00188431
82.5 0.520783 0.534096 0.429061 0.00166957 0.00118161 0.00233676
82.52 0.52085 0.534147 0.429161 0.001668 0.00126931 0.00250404
82.54 0.52093 0.534202 0.429258 0.00201387 0.001392 0.00241541
82.56 0.521031 0.534268 0.429344 0.00253284 0.00163909 0.00215818
82.58 0.521149 0.534347 0.429417 0.00294139 0.00197876 0.00181993
82.6 0.521269 0.534438 0.429476 0.00300133 0.00226377 0.00146676
82.62 0.521376 0.534531 0.429522 0.00267978 0.00233831 0.00116687
82.64 0.521465 0.534617 0.429562 0.00221045 0.00215391 0.000980155
82.66 0.521543 0.53469 0.429598 0.00194589 0.00181908 0.000911801
82.68 0.521626 0.534752 0.429635 0.0020921 0.00154113 0.000930684
82.7 0.521729 0.534812 0.429677 0.00257671 0.00151485 0.00104342
82.72 0.521856 0.534885 0.429729 0.00315588 0.00181385 0.00129701
82.74 0.521999 0.534978 0.429797 0.00359485 0.0023335 0.00169736
82.76 0.522149 0.535091 0.429882 0.00374954 0.00282759 0.00212876
82.78 0.522293 0.535213 0.429976 0.00358284 0.00303267 0.00234826
82.8 0.52242 0.535326 0.43006 0.00317431 0.00282829 0.00210006
82.82 0.522527 0.535419 0.430112 0.00268738 0.00234296 0.00130538
82.84 0.522619 0.535495 0.43012 0.00230341 0.00190047 0.000194421
82.86 0.522705 0.535568 0.43009 0.00213379 0.00181399 -0.000756154
82.88 0.522791 0.535655 0.430046 0.00215878 0.00217853 -0.00108199
82.9 0.522881 0.535768 0.430021 0.00225545 0.00281037 -0.000633497
82.92 0.522972 0.535903 0.430033 0.00227669 0.00338367 0.000305445
82.94 0.523058 0.53605 0.430081 0.00213899 0.00367001 0.00119173
82.96 0.523133 0.536197 0.430144 0.00189016 0.00368956 0.00156779
82.98 0.523201 0.536342 0.430196 0.0016877 0.00362629 0.00132211
83 0.523268 0.536487 0.430225 0.00167566 0.00362785 0.000708849
83.02 0.523342 0.536636 0.430231 0.00184509 0.00371704 0.000159705
83.04 0.523422 0.53679 0.430232 0.00201407 0.00384897 2.3457e-05
83.06 0.523502 0.53695 0.430248 0.00198668 0.00398638 0.000386508
83.08 0.523571 0.537114 0.430291 0.00174168 0.00411286 0.00107571
83.1 0.52363 0.537283 0.430363 0.00146468 0.00421821 0.00180801
83.12 0.523686 0.537455 0.430457 0.00139589 0.00430977 0.00234149
83.14 0.523751 0.537632 0.430558 0.00161717 0.0044308 0.00253907
83.16 0.52383 0.537817 0.430653 0.00197573 0.00461575 0.00237423
83.18 0.523918 0.53801 0.43073 0.00220639 0.00482372 0.00192821
83.2 0.524003 0.538208 0.430785 0.00212915 0.00495826 0.00136753
83.22 0.524075 0.538406 0.430821 0.00179613 0.0049423 0.000888724
83.24 0.524134 0.538596 0.430846 0.00148488 0.00474653 0.000639359
83.26 0.524195 0.538772 0.430872 0.00150569 0.00439289 0.000647012
83.28 0.524273 0.538931 0.430904 0.00196076 0.003988 0.000798047
83.3 0.524379 0.539079 0.43094 0.00265303 0.00370807 0.000914579
83.32 0.524507 0.539226 0.430976 0.00320406 0.00365415 0.000877412
83.34 0.524639 0.539374 0.431003 0.00330113 0.0037171 0.000689566
83.36 0.524755 0.539521 0.431021 0.00290156 0.00366462 0.000451021
83.38 0.524845 0.539655 0.431033 0.0022422 0.00335457 0.000285279
83.4 0.524912 0.539769 0.431044 0.00167798 0.00285184 0.00027691
83.42 0.524972 0.539865 0.431062 0.00148938 0.00239462 0.000462843
83.44 0.525042 0.539956 0.431096 0.00175327 0.00226864 0.000849937
83.46 0.525135 0.540061 0.431152 0.00232448 0.00262366 0.00138963
83.48 0.525253 0.540193 0.431229 0.00294525 0.00331817 0.00193149
83.5 0.525388 0.540352 0.431319 0.00339429 0.00396058 0.00224237
83.52 0.52553 0.540518 0.431403 0.00354786 0.00416849 0.00211806
83.54 0.525665 0.540671 0.431464 0.00336199 0.00381869 0.00151326
83.56 0.52578 0.540794 0.431488 0.00288363 0.00306774 0.000604923
83.58 0.525871 0.540882 0.431478 0.00227743 0.00220035 -0.000253394
83.6 0.525943 0.540941 0.431451 0.00178674 0.00148332 -0.000678733
83.62 0.526008 0.540984 0.431433 0.00164037 0.00107983 -0.000457999
83.64 0.526086 0.541024 0.431445 0.00193705 0.000999393 0.000314237
83.66 0.526189 0.54107 0.431496 0.00257551 0.00113057 0.00128136
83.68 0.52632 0.541124 0.431577 0.00329089 0.00135394 0.00202518
83.7 0.526472 0.541189 0.431668 0.00378543 0.00162307 0.0022753
83.72 0.526627 0.541267 0.431749 0.0038661 0.00196351 0.00201233
83.74 0.526767 0.541362 0.431807 0.00350499 0.00237956 0.00144157
83.76 0.52688 0.541472 0.431841 0.00283697 0.00274524 0.000871441
83.78 0.526965 0.541585 0.431864 0.00212259 0.00282555 0.000563249
83.8 0.527032 0.541683 0.431889 0.00166427 0.00244479 0.000622373
83.82 0.527099 0.54175 0.431927 0.00167859 0.00168387 0.000963993
83.84 0.527186 0.541786 0.431982 0.00218939 0.000898124 0.00137173
83.86 0.527307 0.541806 0.432047 0.00301149 0.000501101 0.00161868
83.88 0.52746 0.541835 0.43211 0.00383555 0.000715109 0.00157271
83.9 0.527634 0.541893 0.43216 0.00434908 0.0014604 0.00125377
83.92 0.527808 0.541989 0.432193 0.00433396 0.00238656 0.00083207
83.94 0.527958 0.54211 0.432215 0.00375267 0.00302568 0.000542127
83.96 0.52807 0.542232 0.432237 0.00280278 0.00304654 0.000550524
83.98 0.528144 0.54233 0.432272 0.00186254 0.00246531 0.000864812
84 0.528197 0.542396 0.432325 0.00131699 0.00163601 0.00133168
84.02 0.528252 0.542437 0.432394 0.00137234 0.00102373 0.00173689
84.04 0.52833 0.542474 0.432472 0.00195501 0.000923282 0.00194661
84.06 0.52844 0.542526 0.432551 0.00273854 0.0013096 0.00197879
84.08 0.528572 0.542603 0.43263 0.00331093 0.00191072 0.00195982
84.1 0.528708 0.542699 0.43271 0.00340932 0.00241038 0.00201109
84.12 0.528832 0.542804 0.432796 0.00308231 0.00261662 0.00214837
84.14 0.528937 0.542905 0.432887 0.00264121 0.00252455 0.00226826
84.16 0.529034 0.542996 0.432976 0.00241092 0.00228454 0.00222079
84.18 0.529134 0.54308 0.433052 0.00249406 0.0020908 0.00189938
84.2 0.529243 0.543162 0.433104 0.00273878 0.00205415 0.00130064
84.22 0.529359 0.543248 0.433126 0.00289155 0.00215678 0.000543869
84.24 0.529471 0.54334 0.43312 0.00280264 0.00229627 -0.000147447
84.26 0.529573 0.543434 0.433099 0.00254191 0.00235855 -0.000525069
84.28 0.529666 0.543526 0.433081 0.00233473 0.00229993 -0.000441781
84.3 0.52976 0.543613 0.433084 0.00234737 0.00217819 6.67145e-05
84.32 0.529861 0.543697 0.433116 0.0025322 0.00209277 0.000806518
84.34 0.529968 0.543781 0.433176 0.0026755 0.00209388 0.00150957
84.36 0.530071 0.543867 0.433253 0.00257428 0.00214258 0.00192157
84.38 0.530159 0.543953 0.433328 0.00220393 0.00215632 0.00188369
84.4 0.53023 0.544036 0.433385 0.00177013 0.00209241 0.00140499
84.42 0.530294 0.544116 0.433412 0.00158746 0.00198941 0.000690051
84.44 0.530367 0.544193 0.433415 0.00183727 0.00193377 6.8897e-05
84.46 0.530462 0.544273 0.433408 0.00238009 0.00198489 -0.000187144
84.48 0.530575 0.544358 0.433406 0.00280739 0.00213046 -3.66751e-05
84.5 0.530684 0.54445 0.433419 0.0027317 0.00230903 0.000331729
84.52 0.530767 0.544549 0.433446 0.00209035 0.0024543 0.00066236
84.54 0.530816 0.544649 0.433478 0.00121724 0.00250713 0.000807095
84.56 0.530841 0.544746 0.43351 0.000628424 0.00243868 0.000787877
84.58 0.530868 0.544838 0.433539 0.00067959 0.00229112 0.000742747
84.6 0.530921 0.544924 0.433572 0.00131846 0.00216142 0.000811361
84.62 0.531005 0.54501 0.433613 0.00209993 0.00213393 0.00103188
84.64 0.531105 0.5451 0.433666 0.00248488 0.00224209 0.00131095
84.66 0.531193 0.545199 0.433725 0.00219972 0.00248353 0.0014962
84.68 0.531249 0.545313 0.433785 0.00140654 0.00284512 0.00148918
84.7 0.531273 0.545445 0.433838 0.000594894 0.00329707 0.00132233
84.72 0.531283 0.545595 0.433884 0.000249577 0.00375435 0.00116
84.74 0.531303 0.545758 0.433932 0.000511219 0.00407713 0.00119306
84.76 0.531347 0.545924 0.433991 0.00109173 0.00416178 0.00148215
84.78 0.531408 0.546085 0.434067 0.0015206 0.00402348 0.00189101
84.8 0.531468 0.546237 0.434154 0.00151068 0.00379053 0.00218197
84.82 0.531514 0.546383 0.434242 0.0011395 0.0036518 0.00218424
84.84 0.531543 0.546534 0.434317 0.000737181 0.00377732 0.0018904
84.86 0.531568 0.546702 0.434374 0.000621046 0.00420443 0.00142462
84.88 0.531603 0.546892 0.434412 0.000883827 0.00475312 0.000949006
84.9 0.531657 0.547096 0.434436 0.00134522 0.00508829 0.000598407
84.92 0.531724 0.547293 0.434455 0.00168157 0.00494068 0.000463062
84.94 0.531791 0.547466 0.434478 0.0016619 0.00432377 0.000575494
84.96 0.531844 0.547609 0.434513 0.00131762 0.003556 0.000883009
84.98 0.53188 0.547731 0.434563 0.000909071 0.00304926 0.00124539
85 0.531909 0.547852 0.434623 0.000724446 0.00304015 0.00150945
85.02 0.531944 0.54799 0.434687 0.000888414 0.00344111 0.001606
85.04 0.531997 0.548145 0.43475 0.00131052 0.00388616 0.00156996
85.06 0.532069 0.548304 0.43481 0.00179411 0.00397472 0.00149567
85.08 0.532156 0.548447 0.434868 0.00218623 0.003566 0.00145971
85.1 0.532253 0.548562 0.434926 0.00243183 0.00288404 0.00144558
85.12 0.532355 0.548655 0.434981 0.00253815 0.0023276 0.00136079
85.14 0.532456 0.548742 0.435026 0.0025397 0.00215682 0.00114105
85.16 0.532556 0.548835 0.435059 0.00248726 0.00233705 0.000809338
85.18 0.532654 0.54894 0.435076 0.00244036 0.00260856 0.000438801
85.2 0.532753 0.549047 0.43508 0.00248325 0.00267859 0.00010415
85.22 0.532861 0.549143 0.435075 0.00271384 0.00239853 -0.000129305
85.24 0.532988 0.549217 0.435067 0.0031712 0.00185603 -0.000208976
85.26 0.533139 0.549271 0.435063 0.00377606 0.00134612 -0.000105687
85.28 0.533313 0.549318 0.435069 0.00434625 0.0011772 0.000164914
85.3 0.5335 0.549376 0.435091 0.00467371 0.00145385 0.000537284
85.32 0.533685 0.549457 0.435128 0.00462762 0.00201863 0.000924416
85.34 0.533854 0.549559 0.435177 0.00422831 0.00255122 0.0012441
85.36 0.534 0.549668 0.435234 0.00364677 0.00273868 0.00142706
85.38 0.534125 0.549766 0.435292 0.00313125 0.00244502 0.00144222
85.4 0.534241 0.549838 0.435346 0.00289028 0.00179474 0.00133642
85.42 0.534361 0.549882 0.435394 0.00300204 0.00110209 0.00121701
85.44 0.534497 0.549909 0.435441 0.00339735 0.000678358 0.00117588
85.46 0.534653 0.549936 0.43549 0.00389709 0.000665282 0.00122615
85.48 0.534824 0.549976 0.435543 0.00427623 0.000998116 0.0013039
85.5 0.534998 0.550036 0.435595 0.00435534 0.0015009 0.00132117
85.52 0.535162 0.550116 0.435645 0.00408539 0.00201894 0.00122853
85.54 0.535304 0.550215 0.435687 0.00356856 0.00246541 0.00106235
85.56 0.535424 0.550327 0.435725 0.00299728 0.0027875 0.000941969
85.58 0.535527 0.550444 0.435764 0.00255983 0.00293266 0.000990908
85.6 0.535622 0.550558 0.435813 0.00237727 0.00285601 0.00121242
85.62 0.535721 0.550661 0.435871 0.00246999 0.00257794 0.0014467
85.64 0.535831 0.550751 0.43593 0.00275622 0.00223375 0.0014932
85.66 0.535954 0.550832 0.435982 0.00309295 0.00202559 0.00128838
85.68 0.536088 0.550916 0.436021 0.00333374 0.00210513 0.000971804
85.7 0.536223 0.551015 0.436053 0.00338448 0.00247871 0.000795269
85.72 0.536353 0.551135 0.43609 0.00324478 0.00299861 0.000944299
85.74 0.536473 0.551273 0.436146 0.0030066 0.00344687 0.00139434
85.76 0.536585 0.551419 0.436223 0.00280008 0.0036661 0.00192962
85.78 0.536694 0.551565 0.436316 0.0027157 0.00364595 0.00230852
85.8 0.536805 0.551705 0.436413 0.00276998 0.00350268 0.00241971
85.82 0.536921 0.55184 0.436505 0.00291884 0.00336625 0.0023102
85.84 0.537045 0.551971 0.436589 0.0030978 0.00327493 0.00211225
85.86 0.537175 0.552097 0.436667 0.00325144 0.00315423 0.00193197
85.88 0.537309 0.552214 0.436737 0.00334406 0.00291644 0.00176413
85.9 0.537443 0.552317 0.436797 0.00335627 0.00258611 0.00150556
85.92 0.537574 0.55241 0.436841 0.0032652 0.00230873 0.00108332
85.94 0.537696 0.552499 0.436864 0.00305365 0.00223728 0.000581514
85.96 0.537806 0.552596 0.436874 0.002747 0.00242144 0.000238245
85.98 0.537903 0.552707 0.436885 0.0024148 0.00276917 0.000294152
86 0.537987 0.552831 0.436917 0.00211538 0.00309531 0.000792123
86.02 0.538061 0.55296 0.436977 0.0018459 0.00323509 0.00149368
86.04 0.538125 0.553086 0.437057 0.001588 0.00314 0.00200281
86.06 0.538181 0.5532 0.437138 0.00140695 0.00286752 0.00202759
86.08 0.538239 0.5533 0.437201 0.00144263 0.00250143 0.00157721
86.1 0.53831 0.553385 0.437239 0.00177296 0.00211754 0.000949025
86.12 0.538401 0.553457 0.43726 0.00228861 0.00180082 0.000516644
86.14 0.538509 0.553523 0.437278 0.002707 0.00166006 0.000468849
86.16 0.538618 0.553595 0.437307 0.00271701 0.00177892 0.000701476
86.18 0.538704 0.55368 0.437344 0.00215634 0.00213254 0.000933036
86.2 0.53875 0.553783 0.437381 0.00113819 0.00257703 0.000933986
86.22 0.538751 0.553899 0.437409 2.90754e-05 0.00291261 0.000685111
86.24 0.538721 0.554019 0.437423 -0.000745848 0.00298887 0.00034887
86.26 0.538683 0.554131 0.437427 -0.00095501 0.00278899 0.000110505
86.28 0.538656 0.554228 0.437429 -0.000676465 0.00243689 5.66218e-05
86.3 0.538648 0.554313 0.437436 -0.000192485 0.00212431 0.000175978
86.32 0.538657 0.554394 0.437453 0.000222507 0.00201581 0.00041876
86.34 0.538675 0.55448 0.437483 0.000455937 0.00217076 0.000740058
86.36 0.538698 0.55458 0.437527 0.000561569 0.00249458 0.00111116
86.38 0.538723 0.554691 0.437587 0.00063542 0.00277156 0.00148658
86.4 0.538751 0.554804 0.437657 0.000685085 0.00281254 0.00176016
86.42 0.538775 0.554908 0.437729 0.000618067 0.00259703 0.00179493
86.44 0.538789 0.554998 0.43779 0.000348886 0.00227288 0.00153148
86.46 0.538786 0.55508 0.437832 -7.65598e-05 0.00203749 0.0010573
86.48 0.538768 0.555161 0.437855 -0.000446724 0.00201703 0.000563844
86.5 0.538749 0.55525 0.437865 -0.000485724 0.00223161 0.000256286
86.52 0.538748 0.555355 0.437876 -3.09553e-05 0.00261999 0.000272183
86.54 0.538781 0.555477 0.437901 0.000834466 0.00305903 0.00062824
86.56 0.538852 0.555612 0.437949 0.00178484 0.0033862 0.00120266
86.58 0.538949 0.555751 0.43802 0.00240761 0.00345468 0.00177765
86.6 0.539047 0.555879 0.438106 0.00244859 0.00321176 0.00213715
86.62 0.539126 0.555989 0.438192 0.00198046 0.00275014 0.00216556
86.64 0.53918 0.55608 0.438268 0.00135406 0.00226418 0.00189363
86.66 0.539219 0.556157 0.438327 0.000980988 0.00193374 0.00147042
86.68 0.539263 0.55623 0.43837 0.0010984 0.00183229 0.00107388
86.7 0.539329 0.556307 0.438403 0.00164815 0.00191991 0.000815081
86.72 0.539423 0.556391 0.438431 0.00233652 0.00210433 0.000710821
86.74 0.539536 0.556484 0.43846 0.00284033 0.00232426 0.000713644
86.76 0.539658 0.556588 0.43849 0.00303097 0.00258104 0.000756828
86.78 0.539779 0.556703 0.438522 0.00303755 0.00287759 0.000809581
86.8 0.539902 0.556828 0.438559 0.00308104 0.00312888 0.000907544
86.82 0.540032 0.556955 0.438603 0.00324333 0.00316762 0.00111844
86.84 0.540169 0.557069 0.438662 0.00341654 0.00286509 0.00147797
86.86 0.540307 0.55716 0.438741 0.0034709 0.00226201 0.00195483
86.88 0.540444 0.557223 0.438839 0.00341736 0.00159408 0.00245961
86.9 0.54058 0.557272 0.438954 0.00338838 0.00120443 0.0028795
86.92 0.54072 0.557327 0.439078 0.00350555 0.00138123 0.00309155
86.94 0.540871 0.557414 0.439196 0.00378076 0.00216875 0.00295337
86.96 0.541034 0.557544 0.43929 0.00408255 0.00326014 0.00234634
86.98 0.541202 0.557708 0.439342 0.00418901 0.00410219 0.00130158
87 0.54136 0.557876 0.439345 0.00395438 0.0042111 9.04439e-05
87.02 0.541499 0.558016 0.439311 0.00347683 0.00349717 -0.000858383
87.04 0.541622 0.55811 0.439264 0.00307675 0.00235109 -0.00116815
87.06 0.541745 0.558167 0.439236 0.00306491 0.00141701 -0.000698952
87.08 0.541884 0.558215 0.439251 0.00347881 0.00119083 0.000363303
87.1 0.542044 0.558284 0.439313 0.00400714 0.0017248 0.00155419
87.12 0.542212 0.558389 0.439406 0.00419602 0.00262732 0.00232656
87.14 0.542364 0.558523 0.439499 0.00379617 0.00334579 0.00232648
87.16 0.542483 0.558664 0.439562 0.00297098 0.00352584 0.00157413
87.18 0.54257 0.558791 0.439579 0.00218811 0.00318373 0.000423251
87.2 0.542645 0.558895 0.439553 0.00187437 0.00260498 -0.000649705
87.22 0.54273 0.55898 0.439503 0.00211695 0.00211623 -0.00126396
87.24 0.542837 0.559056 0.439453 0.00266349 0.00190437 -0.00125145
87.26 0.542963 0.559134 0.439426 0.00316511 0.00195338 -0.000666952
87.28 0.5431 0.559218 0.439437 0.00340682 0.00210397 0.00028337
87.3 0.543235 0.559306 0.439491 0.0033958 0.00219477 0.00134255
87.32 0.543368 0.559394 0.439582 0.00330552 0.00219361 0.00226973
87.34 0.5435 0.559483 0.439696 0.00331631 0.00221735 0.0028479
87.36 0.543639 0.559579 0.439812 0.00347908 0.00241962 0.00290966
87.38 0.543788 0.559693 0.439909 0.00370731 0.00283771 0.00242529
87.4 0.543942 0.559826 0.439972 0.0038707 0.00331947 0.00157229
87.42 0.544099 0.559969 0.439999 0.00390145 0.00359048 0.000688754
87.44 0.544253 0.560106 0.440004 0.00385176 0.00342695 0.000124982
87.46 0.544406 0.56022 0.440008 0.00384071 0.00284718 8.797e-05
87.48 0.544563 0.560307 0.44003 0.003924 0.00218005 0.000552574
87.5 0.544725 0.560383 0.440081 0.00404037 0.00189947 0.00127525
87.52 0.544888 0.560476 0.440157 0.00407466 0.00230746 0.00190591
87.54 0.545045 0.560608 0.440244 0.0039317 0.00330803 0.00215681
87.56 0.545188 0.560786 0.440322 0.00357755 0.00444202 0.00195594
87.58 0.545311 0.560992 0.440381 0.00306481 0.005148 0.00147984
87.6 0.545412 0.561196 0.440422 0.00254127 0.00510201 0.00103234
87.62 0.545501 0.561372 0.440457 0.00220467 0.0044146 0.000869694
87.64 0.545588 0.561514 0.440501 0.00217749 0.00353594 0.00108793
87.66 0.545683 0.561632 0.440564 0.00238111 0.00296241 0.0015865
87.68 0.545786 0.56175 0.440648 0.00256554 0.00294035 0.00210767
87.7 0.545885 0.561883 0.440743 0.00248847 0.00333154 0.00235256
87.72 0.545968 0.562032 0.440827 0.00206099 0.00372654 0.00211802
87.74 0.546023 0.562182 0.440884 0.001389 0.00375216 0.00141052
87.76 0.546052 0.562316 0.440903 0.000729092 0.00335223 0.000484868
87.78 0.546067 0.562429 0.440893 0.000364552 0.00282366 -0.000251576
87.8 0.546084 0.562533 0.440875 0.000438244 0.00259615 -0.000445967
87.82 0.546118 0.56265 0.440875 0.000846557 0.00292689 -4.93304e-06
87.84 0.546171 0.562798 0.440909 0.00130681 0.00370282 0.000849466
87.86 0.546233 0.562977 0.440978 0.00155096 0.0044553 0.00171891
87.88 0.546292 0.563162 0.441068 0.0014816 0.0046302 0.00226303
87.9 0.546339 0.563321 0.441162 0.00118791 0.00397437 0.00235148
87.92 0.546373 0.56343 0.441244 0.000835981 0.00272966 0.00204492
87.94 0.546394 0.563489 0.441303 0.000535528 0.00148475 0.0014796
87.96 0.546406 0.563522 0.441335 0.000288913 0.000817816 0.000781184
87.98 0.546409 0.563561 0.441337 7.65456e-05 0.000970066 7.33403e-05
88 0.546408 0.563631 0.441319 -2.3594e-05 0.00174736 -0.00046013
88.02 0.546414 0.563738 0.441295 0.000148106 0.00267901 -0.000608957
88.04 0.546441 0.56387 0.441283 0.000670676 0.0033109 -0.000281092
88.06 0.546496 0.564007 0.4413 0.00137821 0.00341924 0.000411398
88.08 0.546571 0.564129 0.441347 0.00187531 0.00304719 0.00118693
88.1 0.546642 0.564226 0.441415 0.00178389 0.00242103 0.00169426
88.12 0.546684 0.564298 0.441482 0.00105101 0.00180479 0.00167649
88.14 0.546687 0.564352 0.441529 5.87195e-05 0.00135904 0.00116573
88.16 0.546663 0.564396 0.44155 -0.000577723 0.00109812 0.000531672
88.18 0.546648 0.564435 0.44156 -0.00039008 0.000963574 0.000247678
88.2 0.546673 0.564471 0.441581 0.000628778 0.000908377 0.000527662
88.22 0.546753 0.564508 0.441628 0.00199654 0.000932163 0.00116291
88.24 0.546874 0.564551 0.441695 0.00303149 0.00107097 0.00168811
88.26 0.547004 0.564605 0.441764 0.00325036 0.00135302 0.00171639
88.28 0.547109 0.564674 0.441812 0.00262729 0.00172786 0.00120439
88.3 0.547172 0.564756 0.441831 0.00156059 0.00203705 0.000470859
88.32 0.547196 0.564841 0.441829 0.000611951 0.00211758 -3.27061e-05
88.34 0.547205 0.564918 0.441829 0.000223222 0.00193821 -1.01954e-05
88.36 0.547227 0.564983 0.44185 0.000543679 0.00163217 0.000531184
88.38 0.547283 0.565041 0.441904 0.0014103 0.0014394 0.00133957
88.4 0.547381 0.565104 0.441988 0.00244183 0.00157606 0.00210614
88.42 0.547509 0.565186 0.442093 0.0032008 0.00205341 0.00262782
88.44 0.547644 0.565291 0.442207 0.00338435 0.0026079 0.00285075
88.46 0.547763 0.565406 0.44232 0.00295879 0.00288166 0.00282934
88.48 0.547849 0.565514 0.442427 0.00216133 0.00270377 0.00265072
88.5 0.547904 0.565602 0.44252 0.00138483 0.0022036 0.00233669
88.52 0.547944 0.56567 0.442593 0.001001 0.00170859 0.00182211
88.54 0.547992 0.565732 0.442637 0.00118262 0.00153116 0.00110403
88.56 0.548065 0.565802 0.442653 0.00183218 0.00176207 0.000409911
88.58 0.548171 0.565891 0.442659 0.00266013 0.00221423 0.000127325
88.6 0.548305 0.565993 0.442678 0.00333769 0.00256554 0.000497876
88.62 0.54845 0.566096 0.442733 0.00362716 0.00257463 0.00136985
88.64 0.548589 0.566185 0.442823 0.00347128 0.00222459 0.00225256
88.66 0.54871 0.566255 0.442929 0.00303114 0.00174538 0.00263724
88.68 0.548815 0.566314 0.443022 0.00261689 0.00145984 0.00233025
88.7 0.548915 0.566375 0.443084 0.00249672 0.00152325 0.00155762
88.72 0.549024 0.566446 0.443116 0.00272536 0.00178996 0.000787362
88.74 0.549149 0.566523 0.443132 0.00313512 0.00192678 0.000404763
88.76 0.549288 0.56659 0.443151 0.00348335 0.00165944 0.00046934
88.78 0.549434 0.566629 0.44318 0.00364441 0.000988637 0.000729606
88.8 0.549582 0.566639 0.443215 0.00369072 0.000252174 0.000877314
88.82 0.549734 0.566637 0.443247 0.00379649 -5.37103e-05 0.000809208
88.84 0.549896 0.566652 0.443274 0.00406735 0.000373054 0.000672129
88.86 0.550074 0.566707 0.443302 0.00443462 0.00138553 0.000688303
88.88 0.550261 0.566806 0.44334 0.0046691 0.00245719 0.000950203
88.9 0.550442 0.566926 0.443393 0.00452537 0.00301326 0.00134065
88.92 0.5506 0.567038 0.443459 0.00397135 0.00279024 0.00162594
88.94 0.550732 0.567118 0.443524 0.00329388 0.00200899 0.00164251
88.96 0.55085 0.567168 0.44358 0.00293581 0.00123679 0.00140495
88.98 0.550977 0.567208 0.443623 0.00318153 0.0010035 0.00105403
89 0.551135 0.567266 0.443652 0.00394017 0.00144642 0.000737737
89.02 0.551326 0.567356 0.443674 0.00477816 0.00225183 0.000543322
89.04 0.551532 0.567472 0.443694 0.00516351 0.00291256 0.000514651
89.06 0.551724 0.567596 0.443722 0.00478952 0.00309646 0.000682338
89.08 0.551875 0.567711 0.443763 0.00378984 0.00286925 0.00103218
89.1 0.551982 0.567815 0.443821 0.00266366 0.00261075 0.00144403
89.12 0.55206 0.567924 0.443889 0.00195031 0.00271411 0.00169453
89.14 0.552136 0.568056 0.443951 0.00190658 0.00330597 0.00156652
89.16 0.552232 0.568223 0.443991 0.00239617 0.00416201 0.00100677
89.18 0.552353 0.568417 0.444 0.00301579 0.00485385 0.000219914
89.2 0.552486 0.568618 0.443985 0.00334465 0.00502607 -0.000384122
89.22 0.552614 0.568802 0.443968 0.00317982 0.00460984 -0.000421044
89.24 0.552719 0.568956 0.443976 0.00263579 0.00384899 0.000195397
89.26 0.5528 0.569082 0.444023 0.00202483 0.00315319 0.00117023
89.28 0.552865 0.569197 0.444103 0.00161513 0.00287946 0.00201294
89.3 0.552925 0.569324 0.444196 0.00149751 0.00316011 0.00233239
89.32 0.55299 0.569478 0.444279 0.00163103 0.00385437 0.00205128
89.34 0.553068 0.569664 0.444336 0.0019488 0.00464704 0.00142986
89.36 0.553163 0.569873 0.444371 0.00238341 0.00523008 0.000886762
89.38 0.553276 0.570091 0.444401 0.00283084 0.00544974 0.000735516
89.4 0.553402 0.570305 0.444442 0.00315305 0.0053361 0.00102326
89.42 0.553531 0.570506 0.444504 0.00322515 0.00502953 0.00155868
89.44 0.553651 0.570693 0.444586 0.00299669 0.00467065 0.00205865
89.46 0.553753 0.570865 0.444679 0.00254156 0.00432362 0.00230898
89.48 0.553835 0.571025 0.444769 0.00203954 0.00398391 0.00225109
89.5 0.553902 0.571171 0.444847 0.00167867 0.00364793 0.00196687
89.52 0.553964 0.571305 0.444911 0.00156143 0.00336692 0.00159273
89.54 0.554031 0.571435 0.44496 0.00167492 0.00322869 0.00123207
89.56 0.554107 0.571567 0.444998 0.00190181 0.00330321 0.000938703
89.58 0.554189 0.57171 0.445028 0.00205202 0.0035866 0.000760514
89.6 0.554267 0.571868 0.445059 0.00195367 0.00394219 0.00076024
89.62 0.55433 0.572033 0.445097 0.00156521 0.00412261 0.000957349
89.64 0.554371 0.572189 0.445147 0.00101847 0.00391789 0.00125023
89.66 0.554393 0.572323 0.445205 0.000562499 0.00333074 0.00144822
89.68 0.554411 0.572427 0.445261 0.00043878 0.00261796 0.00140041
89.7 0.554439 0.572512 0.445305 0.000709232 0.00212285 0.00109032
89.72 0.554486 0.572593 0.44533 0.00116036 0.00202651 0.000629275
89.74 0.554542 0.572682 0.445337 0.00142112 0.00220976 0.000182316
89.76 0.554592 0.572776 0.445333 0.00123434 0.00235389 -9.16249e-05
89.78 0.554617 0.572864 0.44533 0.000634727 0.0022053 -7.81668e-05
89.8 0.554613 0.572935 0.44534 -9.75374e-05 0.00175966 0.00024347
89.82 0.554589 0.572984 0.445371 -0.000598114 0.00123056 0.000766242
89.84 0.554566 0.573018 0.445422 -0.000587994 0.000868456 0.00127904
89.86 0.554565 0.57305 0.445484 -1.73384e-05 0.000791807 0.00155343
89.88 0.554601 0.573088 0.445542 0.000895299 0.000950953 0.00146234
89.9 0.554672 0.573136 0.445585 0.00177303 0.00118751 0.00106689
89.92 0.554763 0.573188 0.445609 0.00226954 0.00130554 0.00059559
89.94 0.554852 0.573235 0.445621 0.00223813 0.00116666 0.000313366
89.96 0.554924 0.573266 0.445636 0.00180071 0.00078555 0.000374389
89.98 0.554975 0.57328 0.445667 0.00127687 0.000345606 0.000762341
90 0.555016 0.573284 0.44572 0.00100888 9.51852e-05 0.00132132
90.02 0.555063 0.573291 0.445793 0.00118831 0.000193169 0.00182557
90.04 0.555134 0.573316 0.445876 0.00177386 0.000605063 0.00206917
90.06 0.555235 0.57336 0.445954 0.00251556 0.00110057 0.00195401
90.08 0.555358 0.573415 0.446015 0.0030834 0.00138275 0.00153305
90.1 0.555488 0.573466 0.446055 0.00324238 0.00128291 0.000991777
90.12 0.555607 0.573501 0.446078 0.00296839 0.000876026 0.000582716
90.14 0.555704 0.573519 0.446098 0.0024357 0.000438622 0.000511297
90.16 0.55578 0.57353 0.446132 0.00190476 0.000284871 0.000828478
90.18 0.555844 0.573553 0.446187 0.00160384 0.000581816 0.00139342
90.2 0.555912 0.573603 0.446265 0.00168157 0.00124874 0.00192988
90.22 0.555999 0.573683 0.446351 0.00218616 0.00199937 0.00216777
90.24 0.556119 0.573783 0.44643 0.00300148 0.00249308 0.00197806
90.26 0.556273 0.573885 0.446488 0.00384073 0.0025351 0.00143728
90.28 0.556448 0.573973 0.44652 0.00437304 0.00221332 0.000806115
90.3 0.556623 0.574046 0.446536 0.00438049 0.00183267 0.00040056
90.32 0.556777 0.574114 0.446553 0.00386253 0.00168407 0.000414938
90.34 0.5569 0.574188 0.446586 0.0030763 0.00185045 0.000819585
90.36 0.556998 0.574275 0.446642 0.00244504 0.00218427 0.00140652
90.38 0.557091 0.574372 0.446719 0.00232217 0.00242983 0.00193943
90.4 0.557202 0.574468 0.44681 0.00276329 0.00240129 0.00227025
90.42 0.557341 0.574554 0.446904 0.00347775 0.00213004 0.00235179
90.44 0.557501 0.574628 0.446992 0.00400013 0.00184946 0.00219476
90.46 0.557661 0.5747 0.447066 0.00399579 0.00180135 0.00185471
90.48 0.557801 0.574782 0.447124 0.00351025 0.00206207 0.00145464
90.5 0.55792 0.574883 0.447171 0.0029683 0.00251822 0.00115369
90.52 0.558034 0.575001 0.447212 0.00285284 0.00295159 0.00103872
90.54 0.558166 0.575127 0.447254 0.00330236 0.00315195 0.00105873
90.56 0.558326 0.575248 0.447298 0.00400022 0.00303227 0.00108658
90.58 0.558503 0.575356 0.447339 0.00442634 0.00269981 0.00102074
90.6 0.558672 0.575452 0.447372 0.00422236 0.00239738 0.000838214
90.62 0.558808 0.575545 0.447396 0.00340783 0.00232707 0.000593858
90.64 0.558903 0.575645 0.447411 0.00236562 0.00250474 0.000369388
90.66 0.558968 0.575756 0.447419 0.00162647 0.00276943 0.000197555
90.68 0.55903 0.575873 0.44742 0.0015582 0.0029191 3.4181e-05
90.7 0.559116 0.575987 0.447413 0.00213916 0.00284079 -0.000182222
90.72 0.559234 0.576089 0.447395 0.00296017 0.00256845 -0.000433183
90.74 0.559373 0.57618 0.447373 0.00347131 0.00227157 -0.000572982
90.76 0.559506 0.576267 0.447357 0.00332299 0.00216235 -0.000392774
90.78 0.559609 0.576362 0.447366 0.00257157 0.00237341 0.000231439
90.8 0.559674 0.576476 0.447414 0.00163296 0.00287161 0.00118923
90.82 0.559715 0.576615 0.447498 0.00102836 0.00346894 0.00211104
90.84 0.559758 0.576773 0.4476 0.00105835 0.00395114 0.00255014
90.86 0.559822 0.576942 0.44769 0.00161857 0.00421548 0.00225884
90.88 0.559915 0.577114 0.447744 0.00230711 0.00430119 0.00133574
90.9 0.560023 0.577287 0.447751 0.00270974 0.00431843 0.000170985
90.92 0.560129 0.57746 0.447721 0.00264218 0.00433652 -0.000736971
90.94 0.560217 0.577633 0.447681 0.00221473 0.00432774 -0.000994438
90.96 0.560286 0.577802 0.447662 0.00171051 0.00421379 -0.00047846
90.98 0.560342 0.57796 0.447686 0.00140742 0.00396298 0.000591422
91 0.5604 0.578106 0.447756 0.00143957 0.00365287 0.00173831
91.02 0.560469 0.578243 0.447854 0.00173102 0.00341865 0.00246704
91.04 0.560552 0.578377 0.447956 0.00207116 0.00334138 0.00253892
91.06 0.560643 0.578512 0.448039 0.00227826 0.00338242 0.00208467
91.08 0.560735 0.578649 0.448098 0.0022987 0.00341344 0.00147781
91.1 0.560822 0.578782 0.448142 0.00217975 0.00334105 0.00108752
91.12 0.560902 0.578911 0.448185 0.0020006 0.00321926 0.00108217
91.14 0.560976 0.579039 0.44824 0.00183726 0.00318699 0.00138206
91.16 0.561045 0.579169 0.44831 0.00172951 0.00325504 0.00174761
91.18 0.561111 0.579297 0.448387 0.00164964 0.00321525 0.00192451
91.2 0.561172 0.57941 0.448458 0.00152772 0.00281219 0.00177862
91.22 0.561226 0.57949 0.448513 0.00134972 0.00200637 0.00136679
91.24 0.561275 0.579533 0.448549 0.00121862 0.00107125 0.000899468
91.26 0.561325 0.57955 0.448573 0.00126834 0.000434052 0.000611825
91.28 0.561386 0.579566 0.448599 0.0015072 0.000395379 0.000626187
91.3 0.561456 0.579604 0.448635 0.00175665 0.00093884 0.000903562
91.32 0.561526 0.579673 0.448687 0.00176615 0.00173726 0.00129868
91.34 0.561583 0.579768 0.448753 0.00142614 0.00235815 0.00165383
91.36 0.561619 0.579869 0.448827 0.000893352 0.00252769 0.00185372
91.38 0.561639 0.579959 0.4489 0.000504297 0.0022683 0.00183729
91.4 0.561661 0.580033 0.448964 0.000537668 0.00184327 0.0015977
91.42 0.561701 0.580095 0.449012 0.00100845 0.00154618 0.00118457
91.44 0.561766 0.580155 0.44904 0.00162665 0.00149647 0.000699408
91.46 0.561845 0.580219 0.44905 0.0019755 0.00161733 0.000269312
91.48 0.561918 0.58029 0.44905 0.00181429 0.00177309 -2.03186e-06
91.5 0.561968 0.580366 0.449047 0.0012499 0.00188479 -9.44643e-05
91.52 0.561994 0.580444 0.449043 0.000659685 0.00195285 -9.62381e-05
91.54 0.562012 0.580525 0.449037 0.000446546 0.00201727 -0.000149652
91.56 0.562043 0.580609 0.449024 0.000779919 0.002107 -0.00032658
91.58 0.562103 0.580698 0.449002 0.00148632 0.00222461 -0.000541249
91.6 0.56219 0.580792 0.448979 0.00217867 0.00236266 -0.000584605
91.62 0.562292 0.580893 0.448968 0.00253955 0.00251539 -0.000267493
91.64 0.562392 0.580999 0.448984 0.00250837 0.00265822 0.000409649
91.66 0.562481 0.581108 0.449032 0.00223993 0.0027239 0.00119084
91.68 0.56256 0.581213 0.4491 0.00196287 0.0026176 0.00168989
91.7 0.562635 0.581304 0.449165 0.00187569 0.00227016 0.00164218
91.72 0.562718 0.581373 0.449209 0.00206506 0.00172286 0.00108556
91.74 0.562816 0.58142 0.449222 0.00245439 0.00118385 0.000340073
91.76 0.56293 0.581458 0.449215 0.00286471 0.000939959 -0.000184875
91.78 0.563056 0.581504 0.449206 0.00313738 0.00115639 -0.000224202
91.8 0.563183 0.581574 0.449214 0.00318359 0.00174042 0.000204759
91.82 0.563303 0.581669 0.449248 0.00299436 0.00238205 0.000835265
91.84 0.56341 0.581778 0.449301 0.00267743 0.00272729 0.00132535
91.86 0.563508 0.581881 0.449359 0.00245467 0.00258072 0.00146073
91.88 0.56361 0.581963 0.449409 0.00253663 0.00203652 0.00126142
91.9 0.563729 0.58202 0.449447 0.00298266 0.00142501 0.000940588
91.92 0.563876 0.582064 0.449477 0.00367593 0.00110832 0.000752565
91.94 0.56405 0.582115 0.44951 0.00435053 0.00126725 0.000821215
91.96 0.564237 0.582186 0.449553 0.00466687 0.00179325 0.00106484
91.98 0.564413 0.582281 0.449604 0.00439627 0.00236191 0.00128936
92 0.564557 0.582387 0.449659 0.00360511 0.00266546 0.00136103
92.02 0.564663 0.582493 0.449711 0.00266236 0.00263119 0.00129912
92.04 0.564744 0.58259 0.44976 0.0020276 0.00242483 0.00123244
92.06 0.564824 0.58268 0.449811 0.00198323 0.00225147 0.00128524
92.08 0.564924 0.582767 0.449871 0.00250269 0.00218751 0.00149316
92.1 0.565056 0.582856 0.449942 0.00329213 0.00222444 0.00178668
92.12 0.565214 0.582952 0.450025 0.00395325 0.00238696 0.00205545
92.14 0.565381 0.58306 0.450114 0.00417771 0.00271222 0.00223425
92.16 0.565536 0.583186 0.450207 0.00388096 0.00314977 0.00232547
92.18 0.565664 0.583328 0.450301 0.00321119 0.00355515 0.00234651
92.2 0.565762 0.58348 0.450392 0.00244818 0.00378783 0.00227597
92.22 0.565837 0.583632 0.450475 0.00186712 0.00380308 0.00206337
92.24 0.565902 0.583779 0.450542 0.00163268 0.00366422 0.00168545
92.26 0.565974 0.583919 0.450589 0.00178079 0.00350155 0.00118766
92.28 0.566063 0.584056 0.450616 0.00223379 0.00344207 0.000675574
92.3 0.566174 0.584197 0.450627 0.00278726 0.00352616 0.000262417
92.32 0.5663 0.584345 0.450628 0.00314121 0.00367942 2.7129e-05
92.34 0.566422 0.584495 0.450628 0.00303678 0.00376847 -2.92196e-06
92.36 0.566519 0.584643 0.450634 0.00242346 0.00370121 0.000141078
92.38 0.566579 0.584784 0.450648 0.00152391 0.00351215 0.000372507
92.4 0.566609 0.584918 0.450671 0.000745608 0.00335632 0.000566099
92.42 0.566628 0.585053 0.450695 0.00047472 0.00338529 0.000598452
92.44 0.566663 0.585197 0.450711 0.000855602 0.0035823 0.000397521
92.46 0.56673 0.585346 0.45071 0.00168208 0.00372651 -2.75347e-05
92.48 0.566829 0.585489 0.450688 0.00247821 0.00357189 -0.00055758
92.5 0.566939 0.585611 0.450649 0.00275053 0.00305861 -0.000965065
92.52 0.567031 0.585706 0.450608 0.00231182 0.00236296 -0.00102088
92.54 0.567089 0.585777 0.450582 0.00144831 0.00179771 -0.00065894
92.56 0.567119 0.585844 0.45058 0.000732834 0.00166085 -5.32559e-05
92.58 0.567143 0.585927 0.450599 0.000605009 0.00206581 0.000483905
92.6 0.567185 0.586039 0.450627 0.00106468 0.00281422 0.000709753
92.62 0.567254 0.586178 0.450652 0.00172169 0.00346264 0.000610548
92.64 0.567339 0.586322 0.450668 0.0021227 0.00361148 0.000400588
92.66 0.567423 0.58645 0.450682 0.00208303 0.00319713 0.000347059
92.68 0.567494 0.586551 0.450704 0.00179197 0.00252181 0.000556244
92.7 0.567559 0.586632 0.45074 0.00162256 0.00201868 0.000913784
92.72 0.567631 0.58671 0.450789 0.00180218 0.00197111 0.00120922
92.74 0.56772 0.586805 0.450841 0.00220938 0.00237523 0.00129339
92.76 0.567818 0.586924 0.450886 0.00246856 0.0029744 0.00114706
92.78 0.56791 0.587061 0.450922 0.00228537 0.00342092 0.000876618
92.8 0.567979 0.5872 0.450948 0.00173342 0.0034639 0.000651464
92.82 0.568028 0.587322 0.450972 0.00123307 0.00306606 0.000602784
92.84 0.568078 0.587419 0.451002 0.00122931 0.00241086 0.000757569
92.86 0.568152 0.58749 0.451044 0.00185396 0.00178776 0.0010553
92.88 0.568265 0.587547 0.4511 0.00283192 0.0014256 0.00140664
92.9 0.568411 0.587603 0.45117 0.00365249 0.00139639 0.00173514
92.92 0.568566 0.587669 0.45125 0.0038826 0.00165444 0.0020013
92.94 0.568704 0.587754 0.451338 0.00344425 0.00210285 0.00220288
92.96 0.56881 0.587857 0.451431 0.00265713 0.00259339 0.00232558
92.98 0.56889 0.587975 0.451524 0.00199972 0.0029343 0.00231114
93 0.568962 0.588093 0.451609 0.00178695 0.00296929 0.00212626
93.02 0.569043 0.588201 0.451683 0.0020233 0.00269151 0.00185045
93.04 0.569143 0.588292 0.451749 0.00249754 0.00227727 0.00164995
93.06 0.56926 0.588371 0.451814 0.00293889 0.00196519 0.00164522
93.08 0.569386 0.588447 0.451887 0.00314737 0.00189488 0.00180406
93.1 0.569509 0.588528 0.451964 0.00306354 0.00202481 0.00194344
93.12 0.569619 0.588614 0.452039 0.00274551 0.00216007 0.00186307
93.14 0.569711 0.588697 0.4521 0.00231107 0.00207922 0.00152285
93.16 0.569788 0.588765 0.452143 0.00191621 0.00170838 0.00108052
93.18 0.569857 0.588814 0.452173 0.00172428 0.00120747 0.000739446
93.2 0.569929 0.588848 0.452195 0.00181785 0.000860678 0.000563872
93.22 0.570015 0.588883 0.452213 0.00214093 0.000868732 0.000445153
93.24 0.570117 0.588933 0.452222 0.00254382 0.00124141 0.000231409
93.26 0.570232 0.589006 0.452217 0.00286991 0.00182234 -0.000116919
93.28 0.570352 0.5891 0.452199 0.00301774 0.002371 -0.000466276
93.3 0.570471 0.589207 0.452176 0.00295689 0.00267025 -0.000572577
93.32 0.570578 0.589312 0.452166 0.00269875 0.00261487 -0.000240087
93.34 0.57067 0.589401 0.452186 0.00229265 0.00222437 0.00050004
93.36 0.570744 0.589465 0.452239 0.00184563 0.00160941 0.00132408
93.38 0.570804 0.589503 0.45231 0.00149405 0.000954844 0.00177321
93.4 0.570857 0.589523 0.452372 0.00133698 0.000488833 0.00154008
93.42 0.570914 0.589539 0.452399 0.00141198 0.000406361 0.000670487
93.44 0.570982 0.58957 0.45238 0.00171172 0.000769498 -0.000457122
93.46 0.57107 0.589628 0.452327 0.00218424 0.00145219 -0.00134456
93.48 0.571178 0.589716 0.452261 0.0027089 0.00219267 -0.00163765
93.5 0.571302 0.589825 0.45221 0.00309517 0.00272179 -0.00128066
93.52 0.571428 0.58994 0.45219 0.00314544 0.0028977 -0.000484966
93.54 0.571537 0.590051 0.452207 0.0027467 0.00277342 0.000413198
93.56 0.571616 0.590153 0.452251 0.00196098 0.00254924 0.00110198
93.58 0.571659 0.59025 0.452307 0.00107638 0.00241936 0.00139562
93.6 0.57168 0.590347 0.452358 0.000537373 0.00242933 0.00128364
93.62 0.571709 0.590447 0.452395 0.000703623 0.00249975 0.000930129
93.64 0.571772 0.590551 0.45242 0.00157539 0.00259395 0.000606452
93.66 0.571882 0.590663 0.452442 0.00274913 0.00279541 0.000554774
93.68 0.572028 0.590791 0.452476 0.00365964 0.003215 0.000843712
93.7 0.572184 0.590946 0.452529 0.00389959 0.00385783 0.00133211
93.72 0.572321 0.591128 0.4526 0.00341814 0.00456155 0.00178247
93.74 0.572421 0.59133 0.452681 0.00250521 0.00504107 0.00201017
93.76 0.572485 0.591532 0.452759 0.00160763 0.00504212 0.00195857
93.78 0.572529 0.591714 0.452827 0.00109959 0.00455092 0.00169723
93.8 0.572573 0.591868 0.452882 0.00109534 0.00387033 0.00137535
93.82 0.572629 0.592006 0.452928 0.00140345 0.0034322 0.00114551
93.84 0.572696 0.592145 0.452971 0.00168424 0.00348714 0.0010892
93.86 0.572765 0.592303 0.453019 0.00170913 0.003937 0.00119701
93.88 0.572825 0.59248 0.453076 0.00150994 0.00442881 0.00141059
93.9 0.572878 0.592665 0.453143 0.00131467 0.0046243 0.0016904
93.92 0.572933 0.592842 0.453224 0.0013695 0.00443142 0.00201273
93.94 0.573003 0.593003 0.453316 0.00175445 0.00403473 0.00229646
93.96 0.573094 0.593152 0.453411 0.00228455 0.00370861 0.00238353
93.98 0.573198 0.593295 0.453496 0.00259385 0.00358606 0.00213825
94 0.573293 0.593438 0.45356 0.00237212 0.00357225 0.00159109
94.02 0.573357 0.593576 0.453599 0.00159288 0.00344012 0.000974689
94.04 0.57338 0.593697 0.453623 0.000585822 0.0030337 0.000591497
94.06 0.573375 0.593794 0.453647 -0.00011952 0.00242482 0.000614258
94.08 0.57337 0.59387 0.453686 -0.000124749 0.001887 0.000959236
94.1 0.573393 0.593938 0.453738 0.000570077 0.00170936 0.00131028
94.12 0.573456 0.594018 0.45379 0.0015796 0.00199035 0.00129278
94.14 0.573552 0.594119 0.453818 0.00240853 0.0025384 0.000706419
94.16 0.573662 0.594237 0.453805 0.00273777 0.00295087 -0.000336591
94.18 0.573763 0.594351 0.453746 0.00251823 0.00284269 -0.00146169
94.2 0.57384 0.594435 0.453657 0.00192928 0.00210563 -0.00223204
94.22 0.573892 0.594476 0.453563 0.00129064 0.00103103 -0.00235396
94.24 0.573928 0.594482 0.453491 0.00091572 0.000152429 -0.00178476
94.26 0.573967 0.594478 0.453462 0.000960084 -0.000117175 -0.000735418
94.28 0.574022 0.594487 0.453479 0.00139375 0.0002272 0.000422152
94.3 0.574106 0.59452 0.453531 0.00208684 0.000820482 0.00130902
94.32 0.574221 0.594569 0.453598 0.00287063 0.00122439 0.00167548
94.34 0.574362 0.594618 0.453657 0.00353398 0.00122955 0.0014666
94.36 0.574517 0.594657 0.453689 0.00386841 0.000972984 0.000813058
94.38 0.574668 0.594689 0.453688 0.00378426 0.000797538 -4.09511e-05
94.4 0.574803 0.594727 0.453655 0.00337815 0.000968535 -0.000828203
94.42 0.574918 0.594786 0.453602 0.0028775 0.00146173 -0.00130501
94.44 0.57502 0.594865 0.453552 0.00253398 0.00199135 -0.00126292
94.46 0.575121 0.594956 0.453528 0.00252534 0.00225154 -0.00059225
94.48 0.575235 0.595042 0.453552 0.00285702 0.00215151 0.000605928
94.5 0.575369 0.595117 0.453632 0.00334662 0.0018735 0.00200071
94.52 0.575519 0.595186 0.453758 0.0037587 0.00173448 0.00314618
94.54 0.575678 0.595264 0.453904 0.00396463 0.00194536 0.00364419
94.56 0.575837 0.595362 0.454036 0.0039902 0.00245515 0.00330856
94.58 0.575995 0.595483 0.454128 0.00394619 0.00302048 0.00230036
94.6 0.576152 0.595619 0.454173 0.00392429 0.00339767 0.00112478
94.62 0.57631 0.595758 0.454189 0.00394518 0.00347867 0.000400275
94.64 0.576468 0.595891 0.454209 0.00395456 0.00332263 0.000495861
94.66 0.576622 0.596015 0.454261 0.00385311 0.00310419 0.00128494
94.68 0.576765 0.596134 0.45435 0.00357792 0.00299072 0.00222352
94.7 0.576892 0.596256 0.454458 0.00317136 0.00302622 0.00271892
94.72 0.577003 0.59638 0.454559 0.00276789 0.0031185 0.00252719
94.74 0.577103 0.596505 0.454635 0.00250673 0.00312119 0.00189005
94.76 0.577201 0.596624 0.454687 0.00244997 0.00296085 0.00131072
94.78 0.577304 0.596732 0.454734 0.00257811 0.00271953 0.0011709
94.8 0.577417 0.596836 0.454794 0.00281856 0.00260285 0.00149597
94.82 0.577539 0.596948 0.454874 0.00304864 0.00279684 0.00199802
94.84 0.577664 0.59708 0.454966 0.00313137 0.00329156 0.00230025
94.86 0.577784 0.597233 0.455053 0.00300154 0.00381914 0.00217649
94.88 0.577892 0.597392 0.45512 0.00268848 0.00398662 0.00166976
94.9 0.577982 0.597534 0.455161 0.00225337 0.00354044 0.00102218
94.92 0.578053 0.597636 0.45518 0.00177131 0.00256149 0.000483427
94.94 0.578107 0.597695 0.455186 0.0013531 0.00146428 0.000153002
94.96 0.578151 0.597726 0.455185 0.00108952 0.000773146 -3.05977e-05
94.98 0.578189 0.597758 0.455178 0.000971844 0.000807877 -0.00016284
95 0.578226 0.597819 0.455169 0.000913511 0.00151353 -0.000247151
95.02 0.57826 0.59792 0.455161 0.000839813 0.00252206 -0.000201347
95.04 0.578289 0.598055 0.455162 0.000735095 0.00337774 2.7096e-05
95.06 0.578314 0.598206 0.455177 0.000627881 0.00377531 0.000374174
95.08 0.578337 0.598352 0.455203 0.000577891 0.00366456 0.00066218
95.1 0.578363 0.59848 0.45523 0.000646337 0.00319199 0.000673986
95.12 0.578397 0.598583 0.455242 0.000847293 0.00257263 0.000289693
95.14 0.578441 0.598663 0.455226 0.00110838 0.00200332 -0.000393636
95.16 0.578493 0.598729 0.455183 0.00128127 0.00164839 -0.00107045
95.18 0.578542 0.598794 0.455127 0.00122346 0.00163575 -0.00139582
95.2 0.578578 0.598875 0.455079 0.00090565 0.00201906 -0.00119644
95.22 0.578596 0.598983 0.455057 0.000456388 0.00270855 -0.000561504
95.24 0.5786 0.599121 0.455066 0.000101441 0.00344869 0.000227624
95.26 0.578602 0.599278 0.4551 4.05247e-05 0.00391205 0.000848633
95.28 0.578615 0.599433 0.455144 0.000335931 0.00388503 0.00109776
95.3 0.57865 0.59957 0.455183 0.000861133 0.00342862 0.000981841
95.32 0.578705 0.599686 0.455211 0.00137495 0.00287861 0.00069931
95.34 0.578772 0.599791 0.455232 0.00169852 0.00263678 0.000529372
95.36 0.578847 0.599907 0.455259 0.00185111 0.00288935 0.000677356
95.38 0.578926 0.600045 0.455305 0.00199513 0.00346455 0.00115273
95.4 0.579015 0.600203 0.455375 0.00222754 0.00394536 0.00174092
95.42 0.579115 0.600361 0.455459 0.00248045 0.00395789 0.0021041
95.44 0.57922 0.600499 0.455539 0.00262394 0.00343438 0.00199513
95.46 0.579324 0.600605 0.455597 0.00261319 0.00266817 0.00145059
95.48 0.579426 0.600689 0.455629 0.00253862 0.0020835 0.000788502
95.5 0.579528 0.600765 0.455645 0.00255042 0.00191479 0.000402244
95.52 0.579637 0.600849 0.455666 0.00273963 0.00208209 0.000535084
95.54 0.57976 0.600941 0.455713 0.00306274 0.00229999 0.00117481
95.56 0.579894 0.601033 0.455797 0.00336061 0.00229892 0.00209014
95.58 0.580033 0.601114 0.455915 0.00346731 0.00202336 0.00295571
95.6 0.580167 0.60118 0.456055 0.00334717 0.00166313 0.0034903
95.62 0.580292 0.60124 0.456196 0.00313638 0.00148688 0.00354338
95.64 0.580413 0.601304 0.456321 0.00302261 0.00160913 0.00310995
95.66 0.580536 0.601379 0.456413 0.00307048 0.00187987 0.00229905
95.68 0.580662 0.60146 0.456465 0.00316008 0.00201721 0.001302
95.7 0.580786 0.601534 0.456479 0.0030969 0.00185444 0.000368262
95.72 0.580898 0.601592 0.456469 0.00279518 0.0014611 -0.000253732
95.74 0.580993 0.601635 0.456454 0.00236776 0.00107477 -0.000390011
95.76 0.581075 0.601672 0.456453 0.00204947 0.000917159 -6.26993e-06
95.78 0.581156 0.601714 0.456483 0.00202798 0.00104197 0.00074177
95.8 0.581248 0.601767 0.456544 0.00230864 0.00132705 0.00153036
95.82 0.581356 0.60183 0.456624 0.00270054 0.00156881 0.0020001
95.84 0.581473 0.601893 0.456702 0.00292781 0.00159206 0.00193174
95.86 0.581586 0.601947 0.456756 0.00281548 0.00134825 0.00134638
95.88 0.581683 0.601985 0.456774 0.00241714 0.00095451 0.000466518
95.9 0.581761 0.602011 0.456758 0.00196451 0.000634102 -0.000404791
95.92 0.581829 0.602035 0.456718 0.00168651 0.000611001 -0.00100095
95.94 0.581896 0.602076 0.456671 0.00167293 0.00101146 -0.00118389
95.96 0.58197 0.602147 0.456631 0.00185577 0.00177308 -0.000985649
95.98 0.582053 0.602252 0.456609 0.00207995 0.00263316 -0.000559482
96 0.582142 0.602383 0.456605 0.00222607 0.00327395 -9.62109e-05
96.02 0.582234 0.602523 0.456615 0.00230171 0.00350841 0.000246529
96.04 0.582331 0.602657 0.45663 0.00241492 0.00333767 0.000384836
96.06 0.582437 0.602772 0.456643 0.00264572 0.00289514 0.000324577
96.08 0.582554 0.602868 0.45665 0.00293887 0.0023933 0.00016945
96.1 0.582679 0.602951 0.456653 0.00312832 0.0020704 8.14328e-05
96.12 0.582802 0.603034 0.45666 0.00306507 0.00207916 0.000174222
96.14 0.582911 0.603129 0.456677 0.00272697 0.00237355 0.000418231
96.16 0.583 0.603238 0.456703 0.00223768 0.00272785 0.000640142
96.18 0.583073 0.603355 0.456728 0.00180468 0.00290677 0.000633754
96.2 0.583137 0.603468 0.456741 0.00161168 0.00283012 0.000323441
96.22 0.583206 0.603572 0.456735 0.00172153 0.00260795 -0.00013577
96.24 0.583288 0.603671 0.456719 0.0020523 0.00247276 -0.000419768
96.26 0.583385 0.603777 0.456709 0.00242919 0.0026414 -0.000251746
96.28 0.583492 0.603903 0.456724 0.00266556 0.00314976 0.000391153
96.3 0.583598 0.604054 0.456775 0.00266122 0.003778 0.00126661
96.32 0.583698 0.60422 0.456857 0.00248048 0.00416097 0.00205356
96.34 0.58379 0.604382 0.456959 0.00230419 0.00405138 0.0025545
96.36 0.583881 0.604523 0.457069 0.00227198 0.00351232 0.00275643
96.38 0.583976 0.604638 0.457179 0.00238344 0.00287881 0.00275078
96.4 0.584077 0.604739 0.457284 0.00253301 0.00253907 0.00261808
96.42 0.584181 0.604847 0.457379 0.002583 0.00269586 0.00236848
96.44 0.584278 0.604977 0.457458 0.00242961 0.00323168 0.00197339
96.46 0.584361 0.605128 0.457517 0.00209168 0.00379669 0.00147969
96.48 0.584431 0.605292 0.45756 0.00173597 0.00408741 0.00107412
96.5 0.584493 0.605454 0.457599 0.00156482 0.00404921 0.000986155
96.52 0.58456 0.605608 0.457652 0.00166625 0.00384786 0.00131801
96.54 0.584639 0.605756 0.457731 0.001968 0.00370719 0.00196488
96.56 0.584731 0.605907 0.457837 0.0022994 0.00376745 0.00265907
96.58 0.58483 0.606067 0.45796 0.0024852 0.00401289 0.00308047
96.6 0.584927 0.606239 0.45808 0.00241722 0.00428248 0.00299513
96.62 0.58501 0.606414 0.458175 0.00208856 0.00437903 0.00236393
96.64 0.585074 0.606581 0.458229 0.00159056 0.00419143 0.00135959
96.66 0.585118 0.606731 0.458241 0.00108896 0.00373409 0.00029098
96.68 0.585149 0.606856 0.45822 0.000779852 0.00313595 -0.000514937
96.7 0.58518 0.606961 0.458187 0.000779593 0.00261021 -0.000818169
96.72 0.58522 0.607055 0.458165 0.00101159 0.00235351 -0.000558933
96.74 0.58527 0.607151 0.458169 0.00124742 0.00241018 9.25135e-05
96.76 0.585322 0.607257 0.458201 0.00128313 0.00263843 0.000800832
96.78 0.585364 0.60737 0.45825 0.00106602 0.00282584 0.0012417
96.8 0.585393 0.607483 0.458301 0.000708658 0.00283203 0.00126569
96.82 0.585411 0.607589 0.458338 0.000452202 0.00265186 0.00092728
96.84 0.585433 0.607685 0.458354 0.000561659 0.00239631 0.000392195
96.86 0.585478 0.607773 0.458348 0.00112774 0.00220569 -0.000157243
96.88 0.585556 0.607858 0.458325 0.00193008 0.002124 -0.000575201
96.9 0.585657 0.607941 0.458293 0.00254832 0.00206448 -0.000777511
96.92 0.585764 0.608018 0.458263 0.00265795 0.00192919 -0.000750698
96.94 0.585854 0.608088 0.458242 0.00226081 0.00174658 -0.000542967
96.96 0.585921 0.608154 0.458232 0.00168143 0.00164453 -0.000236435
96.98 0.585976 0.608222 0.458235 0.00135595 0.00171038 7.90319e-05
97 0.586038 0.608299 0.458248 0.00155597 0.00192014 0.000304414
97.02 0.586127 0.608385 0.458262 0.00221602 0.0021641 0.000348862
97.04 0.586246 0.608477 0.458269 0.00298025 0.00229947 0.000198966
97.06 0.586383 0.608567 0.458269 0.00343995 0.00223455 -1.43685e-05
97.08 0.58652 0.608647 0.458266 0.00340863 0.00201563 -6.32737e-05
97.1 0.586642 0.608721 0.458275 0.00304657 0.00183167 0.000205462
97.12 0.586751 0.608796 0.458304 0.00272683 0.00189393 0.00073445
97.14 0.58686 0.608887 0.458355 0.00274328 0.00226663 0.00128281
97.16 0.586985 0.608999 0.458419 0.00311183 0.00279864 0.00159307
97.18 0.587129 0.609127 0.458481 0.0036052 0.00319888 0.00155043
97.2 0.587286 0.609255 0.45853 0.00393011 0.0031967 0.00122377
97.22 0.587443 0.609363 0.458563 0.00391234 0.00270824 0.000818853
97.24 0.587587 0.60944 0.458586 0.00359672 0.00193141 0.000583265
97.26 0.587714 0.609492 0.458614 0.00319478 0.00128695 0.000691515
97.28 0.587831 0.609538 0.458661 0.00292494 0.00116251 0.00116965
97.3 0.587946 0.609604 0.458736 0.00287188 0.00163405 0.00188872
97.32 0.588065 0.6097 0.458841 0.00296344 0.00241889 0.00262651
97.34 0.588187 0.609823 0.458967 0.0030615 0.0030762 0.00315843
97.36 0.58831 0.609954 0.459101 0.00307345 0.00327316 0.00333505
97.38 0.58843 0.610073 0.459226 0.00299549 0.00296923 0.00312691
97.4 0.588545 0.61017 0.459331 0.00288236 0.00242798 0.00262216
97.42 0.588656 0.610251 0.45941 0.00277172 0.00201368 0.00199163
97.44 0.588762 0.610328 0.459468 0.00263594 0.00192204 0.00142927
97.46 0.588858 0.610411 0.459511 0.00241787 0.00208076 0.00107425
97.48 0.588942 0.610501 0.459548 0.00209945 0.00225014 0.000939735
97.5 0.589012 0.610589 0.459585 0.00172832 0.00219975 0.000910631
97.52 0.589067 0.610663 0.459618 0.0013931 0.00185895 0.00082787
97.54 0.589115 0.610718 0.459642 0.00119004 0.00137746 0.000614289
97.56 0.589163 0.61076 0.459656 0.0012086 0.00104971 0.000353214
97.58 0.589223 0.610805 0.459666 0.00149421 0.00112408 0.000229052
97.6 0.589302 0.61087 0.45968 0.00196952 0.00161941 0.00036621
97.62 0.589398 0.610961 0.459709 0.00240126 0.00226591 0.000708192
97.64 0.589498 0.611066 0.45975 0.00249696 0.00263612 0.00103958
97.66 0.589582 0.611163 0.459795 0.00209698 0.00242154 0.00111276
97.68 0.589634 0.611229 0.459827 0.00130277 0.00164192 0.000797048
97.7 0.589652 0.611253 0.459834 0.000452474 0.000613394 0.000188238
97.72 0.58965 0.611244 0.459817 -4.6718e-05 -0.00024332 -0.000420948
97.74 0.589652 0.61122 0.459788 4.74805e-05 -0.00058641 -0.000736866
97.76 0.589678 0.611208 0.459761 0.000663429 -0.000291988 -0.000662573
97.78 0.589737 0.611228 0.459748 0.00146824 0.000480566 -0.000323125
97.8 0.589821 0.611283 0.45975 0.0020889 0.00137544 5.1517e-05
97.82 0.589914 0.611365 0.459761 0.00232917 0.00206049 0.000255935
97.84 0.590004 0.611461 0.459769 0.00224584 0.00240643 0.000207331
97.86 0.590086 0.611561 0.459768 0.00205073 0.00248945 -1.12586e-05
97.88 0.590163 0.61166 0.45976 0.00192967 0.00248351 -0.000216896
97.9 0.59024 0.611762 0.459749 0.00193479 0.00253239 -0.000270127
97.92 0.590321 0.611868 0.459743 0.00201793 0.00266579 -0.000151581
97.94 0.590405 0.611981 0.459746 0.00211377 0.00281169 8.85589e-05
97.96 0.590493 0.612096 0.459763 0.00217647 0.00287575 0.000407393
97.98 0.59058 0.612209 0.459794 0.00218097 0.00282304 0.000790622
98 0.590665 0.612317 0.459842 0.00211963 0.00270172 0.0011994
98.02 0.590745 0.612421 0.459904 0.00200209 0.00260245 0.00152886
98.04 0.590819 0.612525 0.45997 0.00185952 0.00260217 0.00165435
98.06 0.590889 0.612634 0.460031 0.00175736 0.00273841 0.00152592
98.08 0.590961 0.612755 0.46008 0.00179795 0.00301261 0.00122597
98.1 0.591045 0.612891 0.460118 0.00208524 0.00339767 0.000943192
98.12 0.59115 0.613044 0.460153 0.00263333 0.00382626 0.00087534
98.14 0.591281 0.613211 0.460197 0.00328442 0.00417964 0.00110528
98.16 0.591431 0.613384 0.460258 0.00373803 0.00432569 0.00152875
98.18 0.591579 0.613552 0.460334 0.00370892 0.0041929 0.00191186
98.2 0.591704 0.613704 0.460417 0.00313066 0.00381328 0.00206559
98.22 0.591795 0.613837 0.460496 0.00226202 0.00331501 0.00197619
98.24 0.591858 0.613953 0.460567 0.00156786 0.00290037 0.00176859
98.26 0.591915 0.614065 0.46063 0.00142767 0.00279342 0.00158158
98.28 0.591991 0.614189 0.460689 0.00190219 0.0030988 0.00148355
98.3 0.592099 0.614336 0.460748 0.00270434 0.00368006 0.00145467
98.32 0.592234 0.614504 0.460804 0.0033773 0.00421453 0.00141815
98.34 0.592377 0.614681 0.460858 0.00357054 0.00440498 0.00133219
98.36 0.592507 0.614847 0.460909 0.003243 0.00416154 0.00127368
98.38 0.592613 0.614992 0.460964 0.00265971 0.00363219 0.00139058
98.4 0.5927 0.615116 0.461033 0.00217239 0.00307963 0.00172226
98.42 0.592778 0.615223 0.461116 0.00196397 0.00269317 0.00207608
98.44 0.592858 0.615323 0.461201 0.0019755 0.00248304 0.00211638
98.46 0.592938 0.615417 0.461265 0.00201796 0.00235742 0.00161503
98.48 0.593015 0.615507 0.461292 0.00192995 0.00226354 0.000667779
98.5 0.593084 0.615596 0.46128 0.00170659 0.00221817 -0.000309531
98.52 0.593143 0.615685 0.461247 0.00149297 0.00222541 -0.000827571
98.54 0.593201 0.615774 0.46122 0.00143351 0.00221726 -0.000654118
98.56 0.593262 0.615858 0.461222 0.00153261 0.00210674 3.06678e-05
98.58 0.593329 0.615934 0.461253 0.00166682 0.00189103 0.000782299
98.6 0.593397 0.616002 0.461301 0.00170072 0.00169596 0.0012015
98.62 0.593461 0.61607 0.461347 0.0016023 0.00171621 0.00116237
98.64 0.59352 0.616153 0.461381 0.00147666 0.00205733 0.000825448
98.66 0.59358 0.616256 0.461399 0.00149567 0.0025917 0.000466824
98.68 0.59365 0.616376 0.46141 0.00176496 0.00298639 0.000270177
98.7 0.593738 0.616493 0.461419 0.0022036 0.00293277 0.000232355
98.72 0.593841 0.616589 0.461429 0.00255601 0.00239541 0.000237203
98.74 0.593943 0.616655 0.461437 0.00255688 0.00166382 0.000195765
98.76 0.594028 0.616702 0.461441 0.00212757 0.00117631 0.000107022
98.78 0.594086 0.616753 0.461442 0.0014544 0.00125349 2.40657e-05
98.8 0.594122 0.616829 0.461442 0.000888715 0.00191301 -6.16171e-06
98.82 0.594151 0.616943 0.461443 0.000733384 0.00285986 2.44832e-05
98.84 0.594193 0.617089 0.461447 0.00105731 0.00364385 9.82731e-05
98.86 0.59426 0.617246 0.461455 0.00167521 0.00390872 0.000208506
98.88 0.594352 0.61739 0.46147 0.0022903 0.00361286 0.00036716
98.9 0.594459 0.617512 0.461492 0.00267311 0.00305466 0.000562099
98.92 0.594569 0.617618 0.461521 0.00276141 0.00263187 0.000727044
98.94 0.594675 0.617719 0.461552 0.00265072 0.00252674 0.000784316
98.96 0.594775 0.617823 0.461582 0.0025001 0.00261429 0.00073839
98.98 0.594872 0.617929 0.46161 0.00241432 0.0026479 0.000707535
99 0.594969 0.61803 0.461644 0.00241364 0.00251877 0.000837124
99.02 0.595068 0.618124 0.46169 0.00248748 0.00235013 0.00116354
99.04 0.595172 0.618218 0.461752 0.00260722 0.00235216 0.00154494
99.06 0.59528 0.618321 0.461822 0.00270029 0.002586 0.00175675
99.08 0.595388 0.618437 0.46189 0.00268018 0.00288474 0.00168311
99.1 0.595488 0.618557 0.461947 0.00251649 0.00300237 0.00142103
99.12 0.595579 0.61867 0.461995 0.00227448 0.00282714 0.00120198
99.14 0.595663 0.618768 0.462043 0.00208962 0.00245492 0.00120299
99.16 0.595746 0.618851 0.4621 0.00209128 0.00208262 0.00142361
99.18 0.595839 0.618925 0.462168 0.00231347 0.00185068 0.00170978
99.2 0.595945 0.618996 0.462243 0.00265042 0.00175178 0.00186404
99.22 0.596061 0.619062 0.462314 0.00290514 0.00165613 0.00177802
99.24 0.596178 0.61912 0.462375 0.00292128 0.00145794 0.0015219
99.26 0.596286 0.61917 0.462427 0.00270494 0.00124296 0.00130334
99.28 0.596384 0.619221 0.462479 0.00243207 0.00127408 0.00130394
99.3 0.596476 0.61929 0.46254 0.0023143 0.00173746 0.00152426
99.32 0.596573 0.61939 0.46261 0.00242566 0.00248325 0.00176445
99.34 0.596679 0.619512 0.462681 0.00264492 0.00306835 0.00175667
99.36 0.596789 0.619636 0.462735 0.00275606 0.00308239 0.00136502
99.38 0.596894 0.619734 0.462763 0.0026073 0.00245485 0.000701825
99.4 0.596982 0.619794 0.462766 0.002223 0.00151131 6.94123e-05
99.42 0.597055 0.619825 0.462757 0.00181062 0.000773634 -0.000227442
99.44 0.59712 0.619852 0.462755 0.00163579 0.000670052 -5.48547e-05
99.46 0.597194 0.619904 0.462775 0.00183485 0.0013008 0.000513612
99.48 0.597286 0.619999 0.462827 0.00231344 0.00238178 0.00127787
99.5 0.597397 0.620136 0.462906 0.00278166 0.00341954 0.00199028
99.52 0.597514 0.620296 0.463002 0.00292238 0.0039907 0.00239786
99.54 0.597619 0.620453 0.463094 0.00261086 0.00394111 0.00229093
99.56 0.597699 0.62059 0.463157 0.00201289 0.0034169 0.00159056
99.58 0.597759 0.620699 0.463175 0.00147939 0.00272105 0.000444413
99.6 0.597811 0.620783 0.463145 0.00131677 0.00209882 -0.000763862
99.62 0.597874 0.620848 0.463082 0.00158179 0.00163145 -0.00157409
99.64 0.597957 0.620901 0.463014 0.0020559 0.00131377 -0.00170213
99.66 0.598054 0.620949 0.462966 0.00242562 0.00120068 -0.00118852
99.68 0.598154 0.621006 0.462952 0.00250619 0.00143514 -0.000351356
99.7 0.598247 0.62109 0.462968 0.00233563 0.00209377 0.000409569
99.72 0.598332 0.621211 0.463001 0.0021205 0.0030214 0.000812905
99.74 0.598416 0.621365 0.463033 0.00210001 0.00385831 0.000805724
99.76 0.598512 0.621536 0.463056 0.00239013 0.00426966 0.000567664
99.78 0.598628 0.621703 0.463072 0.00289326 0.00417392 0.000397417
99.8 0.598762 0.621853 0.463093 0.00336304 0.00375936 0.00052501
99.82 0.598905 0.621985 0.463132 0.00356101 0.00329306 0.00097646
99.84 0.599041 0.622102 0.463195 0.00341011 0.002927 0.00158382
99.86 0.599163 0.622208 0.463279 0.00304256 0.00265488 0.00209009
99.88 0.59927 0.622305 0.463369 0.002697 0.00241295 0.00226211
99.9 0.599373 0.622393 0.463449 0.0025611 0.00219864 0.00199528
99.92 0.59948 0.622477 0.463504 0.00268488 0.00211602 0.00138659
99.94 0.599601 0.622569 0.463533 0.00300961 0.00229924 0.000718703
99.96 0.599737 0.62268 0.463546 0.00340628 0.00276072 0.000328045
99.98 0.599885 0.622812 0.463563 0.00369677 0.00331533 0.000419935
100 0.600033 0.622959 0.463601 0.00371403 0.0036711 0.000954161
100.02 0.600169 0.623104 0.463668 0.00339409 0.00363129 0.001674
100.04 0.600282 0.623234 0.463758 0.00281845 0.00324304 0.00225055
100.06 0.600368 0.623345 0.463856 0.00215997 0.00276902 0.0024417
100.08 0.600433 0.623445 0.463944 0.00160588 0.00250499 0.00219411
100.1 0.600485 0.623548 0.46401 0.00131017 0.00257495 0.00165283
100.12 0.600538 0.623662 0.464053 0.00133821 0.00285816 0.00107422
100.14 0.600602 0.623786 0.464081 0.00159349 0.00309077 0.0007005
100.16 0.600675 0.623908 0.464107 0.00182216 0.00304963 0.000662174
100.18 0.600746 0.624017 0.464145 0.0017711 0.00272381 0.000946798
100.2 0.600801 0.624111 0.464202 0.00138763 0.00235725 0.00142025
100.22 0.600836 0.624203 0.464277 0.000863265 0.00228921 0.00187655
100.24 0.600855 0.62431 0.464361 0.000472696 0.00267654 0.00210157
100.26 0.60087 0.624443 0.464439 0.000382607 0.00333454 0.0019423
100.28 0.600893 0.624597 0.464494 0.000565086 0.00383769 0.00138324
100.3 0.600926 0.624749 0.464518 0.000837051 0.00381482 0.000602842
100.32 0.600965 0.624878 0.464515 0.000974037 0.00322199 -7.8878e-05
100.34 0.600998 0.624974 0.4645 0.000819027 0.00238647 -0.000370045
100.36 0.601012 0.625045 0.464493 0.000361365 0.00179336 -0.000175954
100.38 0.601003 0.625116 0.464507 -0.000223721 0.00176678 0.000333554
100.4 0.600978 0.625206 0.464539 -0.000648586 0.0022508 0.000798256
100.42 0.60095 0.62532 0.464573 -0.000687209 0.00284806 0.000873748
100.44 0.600938 0.625444 0.464592 -0.000313848 0.00310484 0.000459094
100.46 0.600949 0.625557 0.464583 0.000288558 0.00282562 -0.000232453
100.48 0.600982 0.625644 0.46455 0.000833404 0.00217166 -0.000803251
100.5 0.601026 0.625704 0.464514 0.00107891 0.00148629 -0.000909049
100.52 0.601064 0.625745 0.464495 0.00095613 0.00104598 -0.000475236
100.54 0.601088 0.625783 0.464505 0.000597878 0.000939782 0.00025542
100.56 0.601097 0.625827 0.46454 0.000229463 0.00110476 0.000881144
100.58 0.601098 0.625884 0.464584 3.80872e-05 0.00141456 0.00109086
100.6 0.601104 0.625954 0.464618 0.000135709 0.00174484 0.000839446
100.62 0.601126 0.626034 0.464631 0.00055649 0.00200253 0.000336936
100.64 0.601175 0.626119 0.464626 0.00123045 0.00212862 -0.000118346
100.66 0.601255 0.626203 0.464614 0.00199007 0.00209468 -0.000308204
100.68 0.601361 0.62628 0.464608 0.00264838 0.0019363 -0.000151019
100.7 0.601484 0.626351 0.464621 0.00308783 0.00177342 0.000321303
100.72 0.601616 0.626421 0.464661 0.00329062 0.00174022 0.000991304
100.74 0.601749 0.626496 0.464728 0.00331443 0.00188175 0.00168762
100.76 0.601878 0.62658 0.464817 0.00323814 0.00211239 0.00223404
100.78 0.602003 0.626671 0.464918 0.00311117 0.0022603 0.00251236
100.8 0.602121 0.626758 0.465018 0.00295409 0.00218609 0.00251284
100.82 0.602233 0.626836 0.465111 0.00280043 0.00193319 0.0023223
100.84 0.602342 0.626906 0.465194 0.00274126 0.00175719 0.00206622
100.86 0.602458 0.626983 0.465268 0.00288735 0.00192774 0.00185098
100.88 0.602588 0.627082 0.465336 0.00325569 0.00248044 0.00170963
100.9 0.602737 0.627209 0.4654 0.00373212 0.00317944 0.00158963
100.92 0.602904 0.627357 0.465457 0.00416046 0.00370287 0.00143044
100.94 0.603081 0.627511 0.465508 0.00443024 0.00383918 0.00127101
100.96 0.60326 0.627654 0.465558 0.00448558 0.0035696 0.00124246
100.98 0.603433 0.627776 0.465615 0.00431408 0.00304773 0.00141894
101 0.603592 0.627876 0.465682 0.00396487 0.00250539 0.00169513
101.02 0.603734 0.627962 0.465756 0.00354826 0.00215284 0.00185297
101.04 0.603862 0.628047 0.465827 0.00320519 0.00211245 0.00177205
101.06 0.603984 0.628142 0.465889 0.00306757 0.00238026 0.00154706
101.08 0.604112 0.628255 0.465944 0.00320106 0.00282861 0.00137511
101.1 0.604254 0.628385 0.465998 0.00353492 0.00324924 0.00133576
101.12 0.604408 0.628522 0.46605 0.0038568 0.00342069 0.00130366
101.14 0.604566 0.62865 0.466093 0.0039426 0.00319724 0.00107459
101.16 0.604715 0.628754 0.466116 0.00372401 0.00261564 0.000575256
101.18 0.604849 0.628832 0.466114 0.00334749 0.00195352 -3.64046e-05
101.2 0.604971 0.628898 0.466096 0.00306463 0.00163557 -0.00045685
101.22 0.605093 0.628976 0.466078 0.00303776 0.00195726 -0.00044817
101.24 0.605221 0.629088 0.466077 0.00320385 0.00280963 -2.67714e-05
101.26 0.605354 0.629236 0.466099 0.00332665 0.00368984 0.000536293
101.28 0.605482 0.629398 0.466135 0.00321169 0.00404219 0.000912569
101.3 0.605598 0.629543 0.466173 0.0028953 0.00363986 0.00094331
101.32 0.605703 0.629652 0.466202 0.00262681 0.00271217 0.000725417
101.34 0.60581 0.629723 0.466222 0.00265848 0.00178186 0.000504121
101.36 0.605931 0.629778 0.46624 0.00303474 0.00136068 0.000462499
101.38 0.606074 0.629844 0.466263 0.00356549 0.00165915 0.000576513
101.4 0.606232 0.629943 0.466289 0.00395477 0.00246539 0.000648108
101.42 0.60639 0.630075 0.466309 0.00396399 0.00330448 0.000492228
101.44 0.606532 0.630226 0.466314 0.0035492 0.00377698 0.000111581
101.46 0.606649 0.630377 0.466302 0.00290262 0.00379265 -0.000280802
101.48 0.606742 0.630519 0.466286 0.00234037 0.00353036 -0.000399355
101.5 0.606826 0.630648 0.466283 0.00208805 0.00323117 -8.06396e-05
101.52 0.606911 0.630769 0.466307 0.00212724 0.00301665 0.000589614
101.54 0.607001 0.630883 0.466359 0.00224952 0.00285204 0.00131365
101.56 0.607091 0.630988 0.466431 0.00224775 0.00263405 0.00178505
101.58 0.607173 0.631081 0.466507 0.00205231 0.00231347 0.00192089
101.6 0.607242 0.63116 0.466584 0.00173457 0.00198216 0.00190204
101.62 0.607299 0.631233 0.466663 0.00142108 0.00183816 0.00197557
101.64 0.607347 0.631315 0.466751 0.00119114 0.00202807 0.0022092
101.66 0.607388 0.631415 0.466848 0.00102607 0.00250677 0.00241528
101.68 0.607422 0.631537 0.46694 0.000851424 0.00305438 0.00231552
101.7 0.607447 0.631674 0.467013 0.000621425 0.00342986 0.00181288
101.72 0.607462 0.631814 0.467058 0.000380012 0.00350752 0.00113983
101.74 0.607472 0.631947 0.467087 0.000246892 0.00331116 0.00072208
101.76 0.607484 0.632065 0.467121 0.000305888 0.00295764 0.00083416
101.78 0.607504 0.632168 0.467175 0.000496341 0.00256977 0.00136873
101.8 0.607529 0.632258 0.467253 0.000637437 0.00224818 0.00195125
101.82 0.607553 0.632342 0.467344 0.000582419 0.00209267 0.00226755
101.84 0.607567 0.632429 0.467435 0.000355881 0.00218738 0.00227987
101.86 0.607572 0.63253 0.467522 0.000137305 0.00252122 0.00217065
101.88 0.607576 0.632648 0.467607 9.88519e-05 0.00294297 0.00211903
101.9 0.607586 0.632777 0.467691 0.000247072 0.00323438 0.0021033
101.92 0.607603 0.632907 0.467768 0.000414387 0.00324672 0.00191412
101.94 0.607618 0.633026 0.467823 0.00038873 0.00298116 0.00138915
101.96 0.607621 0.633129 0.467848 7.43263e-05 0.00256718 0.000628171
101.98 0.607605 0.633215 0.467847 -0.000410788 0.0021587 -4.01823e-05
102 0.607573 0.633289 0.467834 -0.000782595 0.00184009 -0.000304762
102.02 0.607542 0.633354 0.467829 -0.000784066 0.00163078 -0.000124512
102.04 0.607527 0.633416 0.467839 -0.000380606 0.00155028 0.00023109
102.06 0.607535 0.633482 0.467855 0.000213285 0.00164183 0.00040026
102.08 0.607563 0.633559 0.467864 0.000699219 0.00192689 0.000220219
102.1 0.607599 0.633653 0.467857 0.000889544 0.00235392 -0.000154432
102.12 0.60763 0.633763 0.467841 0.000774263 0.00275986 -0.000400303
102.14 0.607649 0.633879 0.467829 0.000465678 0.00289981 -0.000305875
102.16 0.607653 0.633983 0.467831 0.000117785 0.00259778 5.18312e-05
102.18 0.607648 0.63406 0.467846 -0.000120323 0.00191312 0.000376697
102.2 0.607644 0.634107 0.467862 -0.000106388 0.00117235 0.000398786
102.22 0.607656 0.634139 0.467866 0.000288734 0.00081287 8.77952e-05
102.24 0.6077 0.634184 0.467853 0.00109427 0.00111103 -0.000320143
102.26 0.607785 0.634263 0.467834 0.00213731 0.00197351 -0.000484623
102.28 0.607908 0.634381 0.467826 0.00307601 0.00294842 -0.000189873
102.3 0.608051 0.63452 0.467846 0.00357936 0.00347618 0.000512782
102.32 0.608192 0.634648 0.4679 0.00351753 0.00321887 0.00132778
102.34 0.608314 0.634739 0.467975 0.00304057 0.00226332 0.00187699
102.36 0.608414 0.634783 0.468051 0.00250675 0.00110152 0.00192099
102.38 0.608506 0.634798 0.468112 0.00229275 0.000379232 0.00150873
102.4 0.608609 0.634819 0.46815 0.00259388 0.0005113 0.000947669
102.42 0.608742 0.634876 0.468175 0.00332004 0.00142472 0.000621805
102.44 0.608908 0.63498 0.468205 0.00414502 0.00262202 0.000758645
102.46 0.609096 0.63512 0.468257 0.00469891 0.00348632 0.00129087
102.48 0.609287 0.635265 0.468334 0.00478558 0.00361705 0.00192444
102.5 0.609466 0.635385 0.468427 0.00445962 0.00302266 0.00234478
102.52 0.609623 0.635469 0.468524 0.00393726 0.00209533 0.00240548
102.54 0.609761 0.635524 0.468611 0.00344787 0.00137154 0.00218178
102.56 0.609886 0.635573 0.468686 0.00313114 0.00121844 0.00187684
102.58 0.610008 0.63564 0.468753 0.00303317 0.00166963 0.0016775
102.6 0.610134 0.635739 0.468819 0.00315915 0.00248356 0.00165664
102.62 0.610274 0.635872 0.468889 0.00349225 0.00332041 0.00175219
102.64 0.610433 0.636029 0.468963 0.00397329 0.00392552 0.00182992
102.66 0.610611 0.636197 0.469035 0.00446307 0.00419865 0.00180829
102.68 0.610801 0.636362 0.469104 0.00473836 0.00412322 0.00172889
102.7 0.610984 0.63651 0.469173 0.00458678 0.00370664 0.00171858
102.72 0.611143 0.63663 0.469248 0.00396567 0.0030058 0.00188171
102.74 0.611266 0.636717 0.469335 0.00308684 0.00217301 0.00218578
102.76 0.61136 0.636775 0.469433 0.00234563 0.00145756 0.00243825
102.78 0.611445 0.636821 0.469529 0.00212696 0.00113636 0.00239387
102.8 0.611549 0.636877 0.469606 0.00258676 0.00139364 0.00192649
102.82 0.61169 0.636964 0.469651 0.00354598 0.00219382 0.00113706
102.84 0.611872 0.637093 0.469664 0.00454393 0.00322767 0.000322999
102.86 0.612074 0.637254 0.469656 0.00503982 0.00402344 -0.000196876
102.88 0.612262 0.637422 0.469645 0.00470659 0.00418317 -0.000288565
102.9 0.612408 0.637567 0.469642 0.00363681 0.00362067 -6.62852e-05
102.92 0.612499 0.637672 0.469652 0.00228654 0.00263162 0.000234872
102.94 0.612547 0.63774 0.469669 0.00120434 0.00170794 0.000436428
102.96 0.612577 0.63779 0.469689 0.000756792 0.00123378 0.000488956
102.98 0.612617 0.637842 0.469706 0.000994587 0.0013048 0.000429894
103 0.612684 0.637912 0.469718 0.00165756 0.00176457 0.000303964
103.02 0.612776 0.638007 0.469722 0.00231652 0.00235653 0.000111392
103.04 0.612882 0.638121 0.469715 0.0026327 0.00286404 -0.000174925
103.06 0.612984 0.638249 0.469694 0.00256508 0.0031902 -0.000529661
103.08 0.613078 0.638383 0.469661 0.00233565 0.00336917 -0.000828781
103.1 0.613166 0.638524 0.469625 0.00219966 0.003503 -0.000897685
103.12 0.613255 0.63867 0.469601 0.0022466 0.00364945 -0.000613798
103.14 0.613351 0.63882 0.469601 0.00237979 0.00376932 1.88156e-06
103.16 0.613447 0.638971 0.469631 0.00241761 0.00376919 0.000752672
103.18 0.613537 0.639114 0.469684 0.00223462 0.00357198 0.00133607
103.2 0.613611 0.639242 0.469745 0.00186932 0.00318875 0.00150988
103.22 0.613672 0.639352 0.469794 0.00151289 0.002753 0.00124361
103.24 0.613727 0.63945 0.469823 0.00136389 0.00244916 0.000724742
103.26 0.613785 0.639545 0.469832 0.0014647 0.0023887 0.000219766
103.28 0.613852 0.639648 0.46983 0.00167846 0.00258128 -5.8139e-05
103.3 0.613924 0.639767 0.46983 0.00180595 0.00296291 3.86809e-06
103.32 0.613994 0.639903 0.469847 0.00173053 0.00340897 0.000419063
103.34 0.614053 0.640054 0.469891 0.00148318 0.00377092 0.00110401
103.36 0.614101 0.640212 0.469966 0.00120123 0.0039459 0.00188591
103.38 0.614142 0.640368 0.470067 0.00101817 0.00391075 0.00252717
103.4 0.614181 0.640516 0.470179 0.000971068 0.00369697 0.00279645
103.42 0.61422 0.640651 0.470283 0.000980934 0.0033651 0.00260508
103.44 0.614256 0.640772 0.470368 0.000911806 0.00301788 0.00210642
103.46 0.614284 0.640883 0.470432 0.000678945 0.00278496 0.00160699
103.48 0.614297 0.640993 0.470487 0.000328189 0.00276059 0.0013779
103.5 0.614297 0.641111 0.470548 2.05334e-05 0.00294107 0.00153183
103.52 0.614294 0.64124 0.470628 -7.42899e-05 0.0032306 0.00198467
103.54 0.614299 0.64138 0.470727 0.000107325 0.00350171 0.00246944
103.56 0.614318 0.641526 0.470833 0.000482396 0.0036515 0.00265153
103.58 0.614353 0.641672 0.470927 0.000876548 0.00362957 0.0023491
103.6 0.614398 0.64181 0.470994 0.00113184 0.00345828 0.00169012
103.62 0.614447 0.64194 0.471036 0.00120727 0.00324114 0.00105485
103.64 0.614494 0.642064 0.471069 0.00119472 0.00311358 0.000827479
103.66 0.614544 0.64219 0.471115 0.00123045 0.00313602 0.0011442
103.68 0.614598 0.642319 0.471188 0.00135708 0.00322668 0.00181072
103.7 0.614656 0.642447 0.471284 0.00146013 0.00321202 0.00241899
103.72 0.61471 0.642565 0.471388 0.00135023 0.00294592 0.00257779
103.74 0.614748 0.642661 0.471472 0.000928139 0.00241286 0.00210299
103.76 0.61476 0.642732 0.471515 0.000314471 0.00175686 0.00107909
103.78 0.614753 0.64278 0.471507 -0.000166984 0.00121442 -0.000193872
103.8 0.614746 0.64282 0.471454 -0.000176395 0.000999755 -0.00131896
103.82 0.614762 0.642868 0.471377 0.000398386 0.00118299 -0.00194145
103.84 0.614817 0.642932 0.471301 0.00135817 0.00161757 -0.00188124
103.86 0.614909 0.643012 0.471252 0.00231663 0.00200369 -0.0012231
103.88 0.615025 0.643096 0.471241 0.00289323 0.00208988 -0.000281359
103.9 0.61514 0.64317 0.471264 0.00287306 0.00185193 0.000570303
103.92 0.615232 0.64323 0.471307 0.00230424 0.00150251 0.00108032
103.94 0.615292 0.643283 0.471355 0.00149572 0.00131927 0.00119571
103.96 0.615327 0.64334 0.471395 0.000868831 0.00142286 0.00100296
103.98 0.615356 0.643408 0.47142 0.000740786 0.00169734 0.000625883
104 0.615404 0.643484 0.471428 0.00118462 0.00190315 0.000189606
104.02 0.615485 0.643559 0.471421 0.00201936 0.00186602 -0.000179688
104.04 0.615601 0.643623 0.471406 0.00290974 0.00159764 -0.000373431
104.06 0.615742 0.643674 0.471393 0.00353726 0.0012929 -0.000327292
104.08 0.615893 0.643723 0.471392 0.00375931 0.00122305 -2.56816e-05
104.1 0.616039 0.643785 0.471412 0.00365988 0.00155099 0.000500408
104.12 0.616177 0.643873 0.471458 0.00345064 0.00218756 0.00116365
104.14 0.616309 0.643986 0.471531 0.00329184 0.00283098 0.00181688
104.16 0.616437 0.644112 0.471622 0.00319986 0.00316062 0.00227483
104.18 0.616562 0.644233 0.471717 0.00312564 0.00301656 0.00237105
104.2 0.616685 0.644331 0.471798 0.00307421 0.00244301 0.00204099
104.22 0.616809 0.644397 0.471854 0.00310285 0.00164903 0.00139823
104.24 0.616938 0.644435 0.471884 0.00323361 0.000947071 0.00073518
104.26 0.617074 0.64446 0.471899 0.0034019 0.000637532 0.000391952
104.28 0.617214 0.644494 0.471922 0.00348121 0.000859144 0.000560297
104.3 0.617348 0.644555 0.471968 0.00335259 0.00151143 0.00116537
104.32 0.617467 0.644647 0.472044 0.00299302 0.0023068 0.00190242
104.34 0.617569 0.644764 0.472141 0.00255048 0.00291014 0.0024131
104.36 0.617662 0.644888 0.472241 0.00231747 0.00310522 0.00249658
104.38 0.617764 0.645004 0.47233 0.0025467 0.00291384 0.00222407
104.4 0.617893 0.645107 0.472405 0.00322523 0.00255879 0.00188289
104.42 0.618054 0.645198 0.472476 0.00402277 0.00227494 0.00178141
104.44 0.618233 0.645283 0.472558 0.00446855 0.00214057 0.00202939
104.46 0.618402 0.645367 0.472655 0.00423566 0.00209732 0.00244544
104.48 0.618537 0.645451 0.472762 0.00337323 0.0020942 0.00267542
104.5 0.61863 0.645538 0.47286 0.00232671 0.0021682 0.00244572
104.52 0.618697 0.645635 0.472931 0.00168212 0.00242526 0.00177229
104.54 0.618769 0.645753 0.47297 0.00179866 0.00295422 0.000976521
104.56 0.618873 0.645901 0.472989 0.00258572 0.00370496 0.000469877
104.58 0.619015 0.646079 0.473007 0.00356583 0.00443791 0.000458584
104.6 0.619182 0.646271 0.473039 0.00415244 0.00481979 0.000803728
104.62 0.61934 0.646456 0.473085 0.00397125 0.00462626 0.00113771
104.64 0.619463 0.646613 0.473131 0.00306285 0.0039248 0.00115092
104.66 0.619537 0.646737 0.473164 0.00184475 0.00308195 0.000825639
104.68 0.619571 0.646839 0.473181 0.000869042 0.00255678 0.000434787
104.7 0.619593 0.646944 0.473193 0.000540767 0.0026303 0.000285755
104.72 0.61963 0.647074 0.47321 0.000927902 0.00324659 0.000426184
104.74 0.6197 0.647235 0.473234 0.00175549 0.00403383 0.000594872
104.76 0.619803 0.647415 0.473251 0.00256903 0.00449463 0.000436885
104.78 0.619921 0.647588 0.473243 0.00295352 0.00431949 -0.000213197
104.8 0.620029 0.647732 0.473196 0.00270172 0.00360783 -0.0011755
104.82 0.620105 0.647844 0.473116 0.00190326 0.00279907 -0.00199607
104.84 0.620143 0.647939 0.473027 0.000926304 0.00235792 -0.00221667
104.86 0.620152 0.648037 0.47296 0.000239804 0.00246583 -0.00166921
104.88 0.620158 0.648154 0.472937 0.000150119 0.00293098 -0.000587004
104.9 0.620183 0.648288 0.472958 0.000617948 0.00333938 0.000534417
104.92 0.620234 0.648422 0.473007 0.00127856 0.00336039 0.00122698
104.94 0.620301 0.648542 0.473059 0.00168213 0.00299397 0.00129482
104.96 0.620366 0.648645 0.473094 0.00160973 0.00256503 0.000870731
104.98 0.620414 0.648743 0.473106 0.00122033 0.00246483 0.000290649
105 0.62045 0.648857 0.473101 0.000890344 0.00283319 -0.000105692
105.02 0.620485 0.648994 0.473095 0.000872171 0.00343801 -0.000146046
105.04 0.620528 0.649148 0.473101 0.0010811 0.00383732 0.000130929
105.06 0.620576 0.649295 0.473124 0.00119752 0.00369273 0.000589881
105.08 0.620615 0.649417 0.47317 0.000962828 0.00303905 0.0011439
105.1 0.620631 0.649509 0.473242 0.000412204 0.00230897 0.00178667
105.12 0.620627 0.64959 0.473342 -0.000111195 0.00201363 0.00251141
105.14 0.620619 0.649683 0.473471 -0.000198113 0.00231632 0.00321657
105.16 0.620631 0.649799 0.473619 0.00029792 0.00290547 0.00370295
105.18 0.620676 0.649931 0.47377 0.00113586 0.00329666 0.00378196
105.2 0.620751 0.65006 0.473906 0.00187223 0.00323507 0.00339984
105.22 0.620839 0.650174 0.474013 0.00219975 0.00284671 0.00268234
105.24 0.620925 0.650274 0.474088 0.0021451 0.00249303 0.00187953
105.26 0.621003 0.650372 0.474138 0.00195097 0.00245973 0.00124844
105.28 0.621075 0.650481 0.474176 0.00181124 0.00272663 0.000941387
105.3 0.621145 0.650602 0.474214 0.00173851 0.00301084 0.000954415
105.32 0.62121 0.650722 0.474261 0.00163143 0.00301638 0.00115938
105.34 0.621267 0.650828 0.474316 0.00143076 0.00265694 0.00138316
105.36 0.621317 0.650912 0.474375 0.00123066 0.00209524 0.00148654
105.38 0.621367 0.650977 0.474433 0.00124986 0.00162401 0.0014268
105.4 0.621432 0.651036 0.474483 0.00164893 0.00147954 0.0012645
105.42 0.621526 0.651104 0.474527 0.00233784 0.00169107 0.0010946
105.44 0.621645 0.651187 0.474566 0.00297957 0.00207757 0.000969563
105.46 0.621774 0.651282 0.474601 0.00321915 0.00238236 0.000878918
105.48 0.621892 0.65138 0.474631 0.00294373 0.00244156 0.000760873
105.5 0.621987 0.651472 0.474653 0.00238152 0.00228492 0.000543661
105.52 0.622066 0.651556 0.474662 0.00196646 0.00210587 0.000224153
105.54 0.622147 0.65164 0.474659 0.00202494 0.00210982 -7.98139e-05
105.56 0.622248 0.651735 0.474652 0.00252408 0.00236079 -0.000177515
105.58 0.622373 0.651844 0.474654 0.00313355 0.0027392 5.8546e-05
105.6 0.622514 0.651965 0.474676 0.00351798 0.00301214 0.00055897
105.62 0.622656 0.652084 0.474719 0.00355924 0.00298493 0.00105673
105.64 0.622791 0.65219 0.474769 0.00336738 0.00263994 0.00125336
105.66 0.622917 0.652276 0.47481 0.00316217 0.00215098 0.00102449
105.68 0.623042 0.652347 0.474829 0.00311522 0.00178226 0.00049136
105.7 0.623171 0.652417 0.474826 0.00322192 0.00175097 -8.97713e-05
105.72 0.623304 0.652501 0.474806 0.00333612 0.00211122 -0.000494273
105.74 0.623438 0.652609 0.474781 0.00334396 0.0027003 -0.000629983
105.76 0.623568 0.652737 0.474759 0.00326203 0.00319633 -0.000539394
105.78 0.623695 0.652869 0.474746 0.00317806 0.0033004 -0.000331944
105.8 0.623821 0.652987 0.474742 0.0031405 0.00293046 -9.87298e-05
105.82 0.623946 0.653077 0.474747 0.00311021 0.00227214 0.000130136
105.84 0.624066 0.653144 0.474761 0.00300078 0.00165573 0.000348147
105.86 0.624176 0.653198 0.474781 0.00275549 0.00135162 0.000507471
105.88 0.624272 0.653255 0.474803 0.00240724 0.00142807 0.000536959
105.9 0.624355 0.653325 0.474821 0.00208523 0.00176328 0.000452532
105.92 0.624434 0.653413 0.474837 0.00195909 0.00218171 0.000408319
105.94 0.62452 0.653515 0.47486 0.00214288 0.00256424 0.000577947
105.96 0.624624 0.65363 0.4749 0.00260465 0.00286191 0.000990748
105.98 0.624749 0.653752 0.474959 0.00313826 0.00304916 0.00148001
106 0.624887 0.653875 0.47503 0.00343508 0.00307807 0.00177254
106.02 0.625016 0.65399 0.475096 0.003238 0.00288531 0.00165674
106.04 0.625116 0.654089 0.475143 0.00249357 0.00246901 0.00115615
106.06 0.625173 0.654168 0.475166 0.00141565 0.00197381 0.000589892
106.08 0.625189 0.654235 0.475183 0.000420743 0.0016703 0.00040891
106.1 0.625188 0.654306 0.475218 -4.56934e-05 0.00179441 0.000889552
106.12 0.625198 0.654401 0.475295 0.000259211 0.00236469 0.00191676
106.14 0.625246 0.654527 0.475416 0.00120783 0.0031369 0.00301886
106.16 0.625339 0.654677 0.475561 0.00233008 0.00375911 0.00362849
106.18 0.625462 0.654837 0.475697 0.00305212 0.00400223 0.0034025
106.2 0.625582 0.654992 0.475794 0.00302194 0.00387247 0.0024358
106.22 0.625675 0.655133 0.475843 0.00230712 0.00354022 0.00122713
106.24 0.625728 0.655261 0.475859 0.00133713 0.00318508 0.000377028
106.26 0.625753 0.655377 0.475867 0.000632126 0.00289282 0.000217243
106.28 0.625773 0.655483 0.475893 0.0004935 0.00265032 0.000651509
106.3 0.625808 0.65558 0.475945 0.000859011 0.0024225 0.00129128
106.32 0.625862 0.65567 0.476014 0.00137113 0.00225365 0.00172564
106.34 0.625926 0.65576 0.476084 0.00160114 0.00226636 0.00174386
106.36 0.62598 0.655862 0.47614 0.00132965 0.00253612 0.001419
106.38 0.626008 0.655981 0.476181 0.000704463 0.00296997 0.00102239
106.4 0.626013 0.656113 0.476214 0.000125229 0.00331699 0.000807509
106.42 0.62601 0.656246 0.476247 -7.16945e-05 0.00332927 0.000821212
106.44 0.626016 0.656364 0.476283 0.000145046 0.00293738 0.00090396
106.46 0.626036 0.656457 0.476317 0.000516658 0.00231853 0.000870386
106.48 0.626066 0.656529 0.476345 0.000735984 0.00180875 0.00068132
106.5 0.626095 0.656596 0.476362 0.000716188 0.00168055 0.000426692
106.52 0.626121 0.656674 0.47637 0.000663502 0.00194873 0.000192729
106.54 0.626157 0.656769 0.476369 0.000892178 0.0023804 -9.81143e-06
106.56 0.626219 0.656877 0.476361 0.00154799 0.00269706 -0.000207689
106.58 0.626317 0.656988 0.476345 0.00246621 0.00277335 -0.000390896
106.6 0.626448 0.657095 0.476326 0.00326139 0.0026792 -0.000475321
106.62 0.62659 0.657199 0.476313 0.00356241 0.002587 -0.000335562
106.64 0.62672 0.657305 0.476317 0.00324963 0.00265316 9.50774e-05
106.66 0.626822 0.657422 0.476346 0.00253704 0.00292252 0.00073175
106.68 0.626895 0.657553 0.4764 0.00182102 0.00326879 0.00134734
106.7 0.626951 0.657691 0.476468 0.00142178 0.0034565 0.00170125
106.72 0.627009 0.657824 0.476536 0.00143973 0.00333515 0.00169798
106.74 0.62708 0.657943 0.476593 0.00178518 0.00296059 0.00144304
106.76 0.627171 0.658044 0.47664 0.00226815 0.00253617 0.00115465
106.78 0.627278 0.658135 0.47668 0.00267566 0.00227417 0.00100179
106.8 0.627392 0.658227 0.476719 0.00284954 0.00230364 0.000990863
106.82 0.627502 0.658332 0.476759 0.00273496 0.00261272 0.00098396
106.84 0.627596 0.658453 0.476792 0.00236183 0.00303226 0.000822715
106.86 0.627669 0.658585 0.47681 0.00183191 0.00330768 0.000459458
106.88 0.627723 0.658715 0.47681 0.00133752 0.00324692 1.18746e-05
106.9 0.627767 0.658829 0.476799 0.00111209 0.00285542 -0.000286583
106.92 0.627819 0.658924 0.476791 0.00128688 0.00236951 -0.000205931
106.94 0.62789 0.659009 0.476804 0.00177634 0.00212297 0.000343465
106.96 0.627983 0.659102 0.476853 0.0023232 0.00231334 0.00121743
106.98 0.62809 0.659216 0.476937 0.00267202 0.00285469 0.00208961
107 0.628199 0.659353 0.477042 0.00273725 0.00343384 0.00263785
107.02 0.628305 0.659502 0.47715 0.0026514 0.00372658 0.00270057
107.04 0.628411 0.659647 0.477243 0.00264988 0.00361272 0.00231973
107.06 0.628527 0.659776 0.477311 0.00288335 0.00323568 0.00169958
107.08 0.628659 0.659891 0.477356 0.00330408 0.00286771 0.00111361
107.1 0.628807 0.659999 0.477387 0.00369976 0.00269455 0.000789918
107.12 0.628961 0.660107 0.47742 0.00384755 0.00271308 0.000823072
107.14 0.629108 0.660219 0.477466 0.003685 0.00278937 0.00114288
107.16 0.629242 0.66033 0.477528 0.00334723 0.00278621 0.00154726
107.18 0.629363 0.660437 0.4776 0.0030167 0.00266407 0.00180587
107.2 0.629473 0.660536 0.477671 0.00276687 0.00248256 0.00178027
107.22 0.629576 0.660629 0.477731 0.00256002 0.00232998 0.00148804
107.24 0.62967 0.660719 0.477774 0.0023488 0.00223834 0.00109397
107.26 0.629756 0.660806 0.477807 0.00216927 0.00216618 0.000816989
107.28 0.629842 0.660888 0.477839 0.00213972 0.00205535 0.000785474
107.3 0.629936 0.660964 0.477876 0.00235535 0.00190395 0.000947063
107.32 0.630047 0.661035 0.477921 0.00276818 0.0017885 0.00112158
107.34 0.630174 0.661108 0.477967 0.00317457 0.00182025 0.00114436
107.36 0.630308 0.661191 0.478006 0.00334949 0.00205719 0.00097545
107.38 0.630437 0.661287 0.478034 0.00321926 0.00240191 0.000701438
107.4 0.630552 0.661392 0.478052 0.00289376 0.00263526 0.000455347
107.42 0.630654 0.661495 0.478066 0.00254566 0.0025816 0.000340479
107.44 0.630746 0.661585 0.478082 0.00229777 0.0022477 0.00040281
107.46 0.630834 0.661659 0.478107 0.00218959 0.00183335 0.000610705
107.48 0.630921 0.661723 0.47814 0.00217594 0.00162293 0.000837058
107.5 0.631007 0.661797 0.478176 0.00215403 0.00183241 0.000908428
107.52 0.631088 0.661895 0.478205 0.00203447 0.00246289 0.000712783
107.54 0.631162 0.662026 0.478216 0.00183919 0.0032699 0.000274348
107.56 0.631231 0.662182 0.478206 0.0017325 0.00389616 -0.000246878
107.58 0.631307 0.662345 0.478181 0.00190321 0.0040709 -0.000618933
107.6 0.631403 0.662495 0.478155 0.00238769 0.00375117 -0.000658163
107.62 0.631523 0.66262 0.478141 0.00300356 0.0031417 -0.000338324
107.64 0.63166 0.662724 0.47815 0.00343436 0.0025895 0.000213432
107.66 0.631796 0.66282 0.478182 0.00338167 0.00239546 0.000806865
107.68 0.631904 0.662926 0.478233 0.00272182 0.00265129 0.00127423
107.7 0.631969 0.663054 0.478294 0.00162134 0.00320041 0.0015312
107.72 0.63199 0.663203 0.478359 0.000526433 0.00373389 0.00160907
107.74 0.631989 0.663362 0.478423 -3.67991e-05 0.00396795 0.00161874
107.76 0.631998 0.663514 0.478489 0.00022866 0.00378759 0.00164441
107.78 0.632046 0.663644 0.478556 0.00118878 0.0032717 0.00166674
107.8 0.632139 0.66375 0.47862 0.00234113 0.00264486 0.00160711
107.82 0.632264 0.663839 0.478678 0.00311716 0.00221012 0.00143712
107.84 0.632393 0.663928 0.478727 0.00321756 0.00223257 0.00123336
107.86 0.632502 0.664039 0.478772 0.00274288 0.00277173 0.00111895
107.88 0.632584 0.664182 0.478818 0.00204598 0.00358546 0.00116538
107.9 0.632642 0.664352 0.478872 0.00145772 0.00424179 0.00134469
107.92 0.632687 0.664526 0.478933 0.00111129 0.00435787 0.0015276
107.94 0.632726 0.664679 0.478995 0.000968519 0.00381107 0.0015396
107.96 0.632764 0.664792 0.479047 0.000950957 0.00282939 0.00129522
107.98 0.632804 0.664867 0.479082 0.00101925 0.00189097 0.0008899
108 0.632852 0.664925 0.479104 0.00118606 0.00144863 0.000533674
108.02 0.632912 0.664992 0.479119 0.00149711 0.00166354 0.00039171
108.04 0.63299 0.665085 0.479138 0.00194767 0.00232127 0.000465887
108.06 0.633085 0.665203 0.479162 0.00238896 0.00296375 0.000597545
108.08 0.633188 0.66533 0.479185 0.00256137 0.0031655 0.000569648
108.1 0.633279 0.665442 0.479195 0.00229107 0.00279022 0.000263836
108.12 0.633346 0.665524 0.479186 0.00167687 0.00205354 -0.000229812
108.14 0.633388 0.665579 0.47916 0.00105211 0.00137832 -0.00064262
108.16 0.633418 0.665624 0.479133 0.000743763 0.00114112 -0.000692384
108.18 0.633452 0.665682 0.479122 0.000847686 0.00145106 -0.000270186
108.2 0.6335 0.665765 0.479141 0.00119651 0.00207369 0.00048347
108.22 0.63356 0.665868 0.479191 0.00150043 0.00255388 0.00125082
108.24 0.633622 0.665968 0.47926 0.00155516 0.00250146 0.00171417
108.26 0.633678 0.666042 0.479329 0.00139592 0.00186328 0.00173796
108.28 0.633729 0.666082 0.479387 0.00127155 0.000991433 0.00143232
108.3 0.633787 0.666099 0.479428 0.00144147 0.000425883 0.00104509
108.32 0.633865 0.66612 0.47946 0.00195581 0.000534791 0.000790143
108.34 0.633969 0.666171 0.479489 0.00260254 0.00127698 0.000735749
108.36 0.634091 0.666261 0.479521 0.00304105 0.00224506 0.000799648
108.38 0.63421 0.666379 0.479555 0.00299726 0.00294831 0.000843137
108.4 0.634307 0.666504 0.479587 0.00241727 0.00312696 0.000795901
108.42 0.634368 0.66662 0.479615 0.00151848 0.00288704 0.000708593
108.44 0.634395 0.666722 0.479643 0.000687149 0.00255295 0.000691607
108.46 0.634407 0.666816 0.479675 0.000284592 0.00234974 0.000801045
108.48 0.634427 0.666905 0.479714 0.000495087 0.00223408 0.000984668
108.5 0.634477 0.666986 0.479759 0.00126061 0.00202625 0.00112662
108.52 0.634568 0.667053 0.479805 0.00228662 0.00167363 0.00114494
108.54 0.634694 0.667108 0.479848 0.00314773 0.00137165 0.00106887
108.56 0.634835 0.667165 0.479889 0.00351601 0.0014222 0.00102688
108.58 0.634969 0.667244 0.479935 0.00336227 0.00197588 0.00115487
108.6 0.635087 0.667359 0.479994 0.00293743 0.00287666 0.00147958
108.62 0.635189 0.667507 0.480068 0.00254869 0.00370713 0.00183857
108.64 0.635283 0.667667 0.480145 0.00234561 0.00399533 0.00192992
108.66 0.635373 0.667806 0.480206 0.0022651 0.00348545 0.00151189
108.68 0.635459 0.6679 0.480229 0.00214228 0.00234315 0.00059211
108.7 0.635536 0.667946 0.480208 0.00192674 0.00114353 -0.000520511
108.72 0.635608 0.667969 0.480156 0.00179718 0.000567072 -0.0013074
108.74 0.635689 0.668007 0.480105 0.00202106 0.000961486 -0.00127372
108.76 0.635796 0.668091 0.480096 0.0026818 0.00210683 -0.000243565
108.78 0.635937 0.668226 0.480154 0.00352209 0.00336101 0.00146495
108.8 0.636099 0.668388 0.480279 0.00405093 0.00404739 0.00313284
108.82 0.636254 0.668541 0.480439 0.00387964 0.00383262 0.00398451
108.84 0.636376 0.668658 0.480583 0.00303809 0.00291442 0.00360176
108.86 0.636457 0.668734 0.48067 0.00203559 0.00190709 0.00217967
108.88 0.63652 0.668793 0.480687 0.00157963 0.00146868 0.0004335
108.9 0.636604 0.668868 0.480654 0.00210057 0.00189233 -0.000832093
108.92 0.636741 0.668985 0.480607 0.00340849 0.00292617 -0.00118192
108.94 0.636932 0.669143 0.480579 0.00477231 0.00394391 -0.000699447
108.96 0.637148 0.669318 0.480587 0.00539774 0.00436598 0.00020399
108.98 0.637345 0.66948 0.480631 0.00494738 0.00405499 0.00109752
109 0.637495 0.669615 0.4807 0.00372966 0.00338574 0.00172899
109.02 0.637592 0.669732 0.480782 0.0024425 0.00292741 0.00204185
109.04 0.63766 0.669853 0.480865 0.00169787 0.00300222 0.00208108
109.06 0.637727 0.669992 0.480941 0.00167641 0.00349232 0.0019028
109.08 0.637812 0.670152 0.481004 0.00211859 0.00399335 0.00156982
109.1 0.637915 0.670317 0.481051 0.00257771 0.00412478 0.00117228
109.12 0.638025 0.670469 0.481084 0.00273836 0.00378803 0.00083984
109.14 0.638128 0.670598 0.481113 0.00258999 0.00323676 0.000716838
109.16 0.638222 0.670714 0.481148 0.00234736 0.00290571 0.000874135
109.18 0.638312 0.670837 0.481197 0.00223879 0.00308075 0.00122151
109.2 0.638405 0.670983 0.481258 0.00233556 0.00364669 0.00151813
109.22 0.638506 0.67115 0.481318 0.0025218 0.00415687 0.00151852
109.24 0.63861 0.671317 0.481364 0.00260981 0.00418943 0.00113926
109.26 0.63871 0.671464 0.481384 0.00249082 0.00368282 0.00051112
109.28 0.638798 0.671584 0.48138 0.00219182 0.00298759 -0.000102606
109.3 0.638872 0.671688 0.481363 0.00184525 0.00261101 -0.000429581
109.32 0.638936 0.671801 0.481352 0.00161087 0.0028249 -0.000285897
109.34 0.639 0.671939 0.481365 0.00159223 0.00342908 0.000341154
109.36 0.639071 0.672094 0.481415 0.00179481 0.00388753 0.00124667
109.38 0.639157 0.672245 0.481498 0.00212866 0.00377101 0.00206469
109.4 0.639254 0.67237 0.481595 0.00244741 0.00313079 0.00243803
109.42 0.639358 0.672468 0.481683 0.00259792 0.00244412 0.0022043
109.44 0.639458 0.672556 0.481743 0.00248142 0.00221009 0.0014902
109.46 0.639542 0.67266 0.481769 0.00211539 0.00259835 0.000647412
109.48 0.639608 0.672796 0.481771 0.00163235 0.00338239 5.30187e-05
109.5 0.639655 0.672959 0.481767 0.00119738 0.00409308 -0.000109799
109.52 0.639692 0.67313 0.481769 0.000920645 0.00427383 5.80151e-05
109.54 0.639727 0.67328 0.481781 0.000860393 0.00375018 0.000296086
109.56 0.639769 0.67339 0.481797 0.0010623 0.00274929 0.000393878
109.58 0.63983 0.673461 0.481809 0.00151439 0.00176439 0.00030865
109.6 0.639913 0.673512 0.481815 0.00207871 0.00126912 0.000152593
109.62 0.640014 0.673569 0.481819 0.00253228 0.00144302 8.93407e-05
109.64 0.640122 0.673653 0.481828 0.00269465 0.00208119 0.000223357
109.66 0.640222 0.673763 0.481849 0.0025 0.00275194 0.000544181
109.68 0.640302 0.673885 0.481887 0.00199845 0.00307013 0.000939247
109.7 0.640356 0.674001 0.481938 0.00136432 0.00288594 0.00126936
109.72 0.640391 0.674093 0.481996 0.000869542 0.00231183 0.00146854
109.74 0.640421 0.674159 0.48206 0.000748353 0.00163903 0.00158178
109.76 0.640462 0.674207 0.482127 0.00103163 0.00121114 0.00168698
109.78 0.640523 0.674259 0.482197 0.00151028 0.00128336 0.00175302
109.8 0.640598 0.674334 0.482261 0.00188237 0.00189136 0.00159989
109.82 0.640676 0.674446 0.482304 0.00195717 0.00279126 0.00106465
109.84 0.640746 0.674588 0.482313 0.0017354 0.00355538 0.000224126
109.86 0.6408 0.674741 0.48229 0.00136544 0.0038141 -0.000561459
109.88 0.640843 0.67488 0.482257 0.00106794 0.0034869 -0.000833383
109.9 0.640885 0.674993 0.482244 0.0010391 0.00281751 -0.00031776
109.92 0.640937 0.675081 0.482279 0.00131122 0.00219813 0.000861002
109.94 0.641004 0.675158 0.482366 0.00168129 0.00193904 0.00217858
109.96 0.641078 0.675244 0.482485 0.00183639 0.00213868 0.00297874
109.98 0.641141 0.675351 0.4826 0.00158783 0.00266869 0.00286614
110 0.641182 0.675481 0.482678 0.00101872 0.00325166 0.00195709
110.02 0.6412 0.675625 0.482711 0.00045529 0.00360698 0.000818743
110.04 0.641212 0.675768 0.482716 0.000281985 0.00358492 0.000124414
110.06 0.641239 0.675897 0.482726 0.000692975 0.0032171 0.000252342
110.08 0.641301 0.676004 0.482769 0.00153288 0.00266318 0.00107337
110.1 0.641395 0.676088 0.48285 0.00236409 0.00209983 0.00204244
110.12 0.641505 0.676154 0.482952 0.00274131 0.00165009 0.0025336
110.14 0.641605 0.676209 0.483041 0.00250346 0.00138931 0.00222055
110.16 0.64168 0.676264 0.483092 0.00187544 0.00137237 0.00128372
110.18 0.641732 0.676328 0.483103 0.00130368 0.00160159 0.000281286
110.2 0.641778 0.676407 0.483093 0.00114611 0.00196283 -0.000252193
110.22 0.641836 0.676497 0.483087 0.00144673 0.00225591 -0.000157289
110.24 0.641913 0.67659 0.4831 0.00193268 0.00231805 0.000323087
110.26 0.642003 0.676675 0.483132 0.00224034 0.00213051 0.000797675
110.28 0.642091 0.676748 0.483172 0.00219546 0.00183978 0.00100397
110.3 0.642167 0.676815 0.483208 0.00190743 0.001668 0.000903613
110.32 0.642234 0.676885 0.483232 0.00166396 0.00175732 0.000612967
110.34 0.642303 0.676968 0.483245 0.0017356 0.00207135 0.000307513
110.36 0.64239 0.677066 0.483251 0.00217185 0.00243129 0.00016192
110.38 0.642498 0.677171 0.483263 0.00270574 0.00264155 0.000293323
110.4 0.642615 0.677275 0.483291 0.00291845 0.00260339 0.000700045
110.42 0.642719 0.67737 0.483341 0.0026024 0.00235419 0.00123836
110.44 0.642798 0.677451 0.483408 0.00198253 0.00203529 0.00167757
110.46 0.64286 0.677524 0.48348 0.00154571 0.0018186 0.00181652
110.48 0.642926 0.677597 0.483543 0.001644 0.00183047 0.00157414
110.5 0.643016 0.677681 0.483584 0.0022492 0.00210958 0.00101274
110.52 0.643136 0.677785 0.483596 0.00299822 0.00259967 0.000312789
110.54 0.643273 0.677911 0.483584 0.00343365 0.00314407 -0.000308556
110.56 0.643405 0.678052 0.483556 0.00328953 0.00351478 -0.00069092
110.58 0.643511 0.678193 0.483526 0.00265333 0.00353669 -0.000762122
110.6 0.643587 0.678322 0.483506 0.00190862 0.00323312 -0.000505104
110.62 0.643647 0.678436 0.483508 0.00149133 0.0028335 6.85139e-05
110.64 0.643712 0.678541 0.483544 0.00162794 0.00262647 0.000895945
110.66 0.643801 0.678652 0.483616 0.00222217 0.00278541 0.00180372
110.68 0.643918 0.678783 0.483716 0.00293877 0.00327185 0.00249817
110.7 0.644055 0.678937 0.483824 0.00342845 0.00385304 0.00269454
110.72 0.644197 0.679105 0.483917 0.00353054 0.00420414 0.00231577
110.74 0.64433 0.679269 0.48398 0.00332672 0.0040834 0.00158417
110.76 0.644451 0.679409 0.484016 0.00302502 0.00350868 0.000897621
110.78 0.644563 0.67952 0.48404 0.00280278 0.00276723 0.000601512
110.8 0.644673 0.679608 0.484073 0.00274427 0.00221712 0.000827607
110.82 0.644786 0.679692 0.484131 0.00283803 0.00209273 0.00143708
110.84 0.644906 0.67979 0.484213 0.00299416 0.00244797 0.00207054
110.86 0.64503 0.679917 0.484307 0.00311161 0.00317662 0.002338
110.88 0.645157 0.680079 0.48439 0.00316516 0.00404839 0.00208115
110.9 0.645285 0.68027 0.48445 0.00321128 0.0047659 0.00149066
110.92 0.645417 0.680472 0.484488 0.0032995 0.00506183 0.000962399
110.94 0.645553 0.680665 0.484521 0.00340077 0.00481093 0.000807447
110.96 0.645691 0.680829 0.484563 0.00343668 0.00410042 0.00105929
110.98 0.645825 0.680957 0.484623 0.00335067 0.00321457 0.00150035
111 0.645951 0.681058 0.484696 0.00315045 0.00252597 0.00183719
111.02 0.646068 0.681151 0.484772 0.00293023 0.00231335 0.00188412
111.04 0.646181 0.681255 0.484837 0.00282855 0.00260419 0.00163529
111.06 0.646298 0.681382 0.484886 0.00291204 0.00316922 0.00122616
111.08 0.646421 0.681529 0.48492 0.00307635 0.00366974 0.000834831
111.1 0.646544 0.681683 0.484943 0.00308944 0.0038523 0.000573979
111.12 0.646655 0.68183 0.48496 0.00277478 0.00368411 0.000438925
111.14 0.646743 0.681963 0.484973 0.002178 0.00333011 0.0003319
111.16 0.646806 0.682083 0.484979 0.00158546 0.0030042 0.000141369
111.18 0.64686 0.682196 0.484972 0.00135195 0.00282414 -0.000177508
111.2 0.646925 0.682306 0.48495 0.00162918 0.00274438 -0.000560891
111.22 0.647014 0.68241 0.484916 0.00221741 0.00260565 -0.000830762
111.24 0.647121 0.682501 0.484885 0.00267857 0.00227623 -0.00077635
111.26 0.647227 0.682574 0.484873 0.00265077 0.00180633 -0.000313017
111.28 0.647312 0.682632 0.484889 0.00211299 0.0014541 0.000406146
111.3 0.647367 0.682693 0.484931 0.00138955 0.00154021 0.00105021
111.32 0.647403 0.682782 0.484984 0.000904468 0.00221654 0.00131914
111.34 0.647439 0.682913 0.485029 0.000891831 0.00327675 0.00112856
111.36 0.64749 0.683081 0.485054 0.00126675 0.00419302 0.000637114
111.38 0.647558 0.683258 0.48506 0.00170967 0.00443727 0.000130338
111.4 0.647634 0.683413 0.485054 0.00189174 0.00386979 -0.000132244
111.42 0.647703 0.683528 0.485053 0.00172884 0.0028679 -2.78746e-05
111.44 0.647762 0.683611 0.485069 0.0014781 0.00208602 0.000390338
111.46 0.647822 0.683692 0.485106 0.00150936 0.00201979 0.000935648
111.48 0.647899 0.683799 0.485163 0.00192767 0.00267345 0.00141376
111.5 0.647997 0.683942 0.485233 0.00244257 0.00357563 0.0017464
111.52 0.648101 0.684108 0.485312 0.00260049 0.00414056 0.00197161
111.54 0.648187 0.684271 0.485397 0.00214797 0.00409401 0.00214784
111.56 0.648236 0.684416 0.485488 0.00123076 0.00361417 0.00227018
111.58 0.648249 0.68454 0.485579 0.000304198 0.00310488 0.00226832
111.6 0.648243 0.684654 0.485662 -0.000143176 0.00284695 0.00207322
111.62 0.648248 0.684767 0.48573 0.000125155 0.00282937 0.00171109
111.64 0.648286 0.684882 0.485785 0.00095703 0.00286038 0.00136173
111.66 0.648363 0.684994 0.485836 0.00192101 0.00280124 0.00127379
111.68 0.648466 0.685101 0.485898 0.00257296 0.00268496 0.00155896
111.7 0.648573 0.685206 0.48598 0.00267075 0.00262933 0.00204866
111.72 0.648662 0.685313 0.486075 0.00223417 0.00266036 0.0023768
111.74 0.648722 0.685418 0.486165 0.00149544 0.00262952 0.00224565
111.76 0.648753 0.685511 0.486231 0.000787224 0.00232373 0.00166059
111.78 0.648769 0.685579 0.48627 0.000389718 0.00170672 0.000957899
111.8 0.648786 0.685622 0.486293 0.000418717 0.00106883 0.00058823
111.82 0.648819 0.685656 0.486324 0.000832406 0.000857879 0.0007762
111.84 0.648879 0.685708 0.486377 0.00150787 0.00129892 0.00132709
111.86 0.648971 0.685794 0.486448 0.00228385 0.00215759 0.00176067
111.88 0.64909 0.68591 0.486515 0.00298413 0.00287855 0.00167235
111.9 0.649229 0.686029 0.486555 0.00346863 0.00297558 0.00101062
111.92 0.649375 0.686124 0.486558 0.00365475 0.00237464 7.46945e-05
111.94 0.649515 0.686182 0.486529 0.00349858 0.00146796 -0.000730407
111.96 0.649635 0.686215 0.486482 0.00299813 0.000819465 -0.00117134
111.98 0.649725 0.686245 0.486432 0.00226256 0.000759037 -0.00125332
112 0.649788 0.686294 0.486389 0.00156394 0.00122606 -0.00106926
112.02 0.649838 0.686372 0.486363 0.00124731 0.00192756 -0.00065037
112.04 0.649899 0.686474 0.486364 0.00152705 0.00255159 1.74593e-05
112.06 0.649992 0.686589 0.486399 0.00232824 0.00288241 0.000868471
112.08 0.650124 0.686703 0.486465 0.00330257 0.0028483 0.00166269
112.1 0.650284 0.686804 0.486546 0.00400367 0.00253743 0.00202603
112.12 0.650449 0.68689 0.486613 0.00412269 0.00214762 0.00166445
112.14 0.650595 0.686965 0.486638 0.00365666 0.00187207 0.000622606
112.16 0.650711 0.687039 0.486612 0.00289611 0.00183637 -0.000638859
112.18 0.650801 0.687123 0.486554 0.00224865 0.00211552 -0.00146236
112.2 0.650881 0.687232 0.486498 0.00198802 0.00271889 -0.00139924
112.22 0.650964 0.687372 0.486477 0.00209055 0.00350255 -0.000517314
112.24 0.651057 0.687538 0.486503 0.00231255 0.00415287 0.000647304
112.26 0.651154 0.687712 0.486562 0.0024344 0.0043419 0.0014714
112.28 0.651252 0.687869 0.486628 0.00243278 0.00393007 0.00167007
112.3 0.651349 0.687992 0.486687 0.00244782 0.00306212 0.00145622
112.32 0.651454 0.688076 0.486739 0.00260316 0.00211699 0.00131458
112.34 0.651568 0.688137 0.486802 0.0028709 0.00152183 0.00156947
112.36 0.651693 0.688199 0.486886 0.00310681 0.00154174 0.00208778
112.38 0.651819 0.688286 0.486981 0.00315944 0.00217022 0.00237792
112.4 0.651938 0.688412 0.487061 0.00296547 0.00314792 0.00202009
112.42 0.652042 0.688574 0.487104 0.00261464 0.00406786 0.00105426
112.44 0.652135 0.688756 0.487104 0.00232537 0.00455309 1.0076e-05
112.46 0.652227 0.688934 0.487086 0.00228975 0.00445061 -0.000448961
112.48 0.652327 0.68909 0.487086 0.00251278 0.0038895 5.4399e-07
112.5 0.65244 0.689217 0.48713 0.00281992 0.0031712 0.00110382
112.52 0.652561 0.689321 0.487219 0.00301743 0.00259735 0.00220949
112.54 0.652682 0.689414 0.487328 0.00303037 0.00234035 0.00273956
112.56 0.652799 0.689511 0.487431 0.00291755 0.00240527 0.00257297
112.58 0.652911 0.689617 0.487513 0.00279767 0.00266784 0.00205693
112.6 0.65302 0.689736 0.487581 0.00273986 0.00296236 0.00168678
112.62 0.653128 0.689862 0.48765 0.00268499 0.0031629 0.00172418
112.64 0.653227 0.689991 0.487731 0.0024901 0.00322047 0.00204027
112.66 0.653311 0.690118 0.487822 0.00209973 0.00317547 0.002273
112.68 0.653378 0.690244 0.487907 0.0016759 0.00314446 0.00212673
112.7 0.653439 0.690374 0.487971 0.0015167 0.00325111 0.00158813
112.72 0.653511 0.690515 0.488008 0.00179466 0.00352169 0.000920876
112.74 0.653605 0.690668 0.488026 0.00234999 0.00384228 0.000463124
112.76 0.653715 0.69083 0.488042 0.00274598 0.00402998 0.000380666
112.78 0.653818 0.690988 0.488064 0.00259149 0.00396838 0.000560394
112.8 0.653894 0.691136 0.488093 0.0018824 0.00368124 0.000732684
112.82 0.653935 0.691268 0.488122 0.00103264 0.00330163 0.000723393
112.84 0.653957 0.691388 0.488146 0.000554382 0.0029983 0.000585623
112.86 0.653984 0.691503 0.488165 0.000680651 0.00288628 0.00048619
112.88 0.654032 0.691622 0.488185 0.0011986 0.00297043 0.000487588
112.9 0.654096 0.691748 0.488204 0.00159402 0.00315902 0.000474795
112.92 0.654154 0.691881 0.488215 0.00145739 0.00332342 0.000293874
112.94 0.654188 0.692016 0.488213 0.00083403 0.00336237 -6.87575e-05
112.96 0.654196 0.692146 0.488195 0.000216783 0.00326804 -0.000446578
112.98 0.654204 0.692271 0.48817 0.000185562 0.00312062 -0.000611909
113 0.654242 0.692391 0.488152 0.000948513 0.00298162 -0.00044941
113.02 0.654327 0.692504 0.48815 0.00212944 0.00284651 -5.43218e-05
113.04 0.654446 0.692613 0.488163 0.00298584 0.0027147 0.000320098
113.06 0.654563 0.692718 0.488181 0.00291912 0.00262602 0.000444797
113.08 0.65464 0.692822 0.488192 0.00191347 0.00260679 0.000285444
113.1 0.654662 0.692928 0.488193 0.000567773 0.00263187 2.18364e-05
113.12 0.65465 0.693033 0.488188 -0.000317844 0.00264286 -0.000122825
113.14 0.654639 0.693137 0.488185 -0.000277271 0.00258894 -8.42513e-05
113.16 0.654661 0.693235 0.488186 0.000560451 0.00244663 2.89952e-05
113.18 0.654726 0.693323 0.488191 0.00162204 0.00220667 0.00012268
113.2 0.654818 0.693398 0.488201 0.0023055 0.0018855 0.00025483
113.22 0.654913 0.693461 0.488223 0.00238017 0.00155355 0.000555108
113.24 0.654997 0.693513 0.488265 0.00209423 0.00132143 0.0010526
113.26 0.655075 0.693565 0.48833 0.00194354 0.00130105 0.00161183
113.28 0.655166 0.693628 0.48841 0.00228567 0.00156088 0.00201427
113.3 0.655289 0.693711 0.488495 0.00306126 0.00207435 0.00210679
113.32 0.655441 0.693819 0.488571 0.00382157 0.00269393 0.00190464
113.34 0.655603 0.693946 0.488633 0.00404632 0.00319562 0.00156339
113.36 0.655745 0.694082 0.488683 0.00353451 0.00338176 0.0012526
113.38 0.655847 0.694209 0.488725 0.00256119 0.00317122 0.00105021
113.4 0.655914 0.694314 0.488764 0.00168297 0.00264532 0.000952922
113.42 0.65597 0.694397 0.488802 0.00138006 0.00205419 0.00096723
113.44 0.656041 0.694466 0.488848 0.00179175 0.00173074 0.00114002
113.46 0.656148 0.694542 0.488908 0.00265459 0.00191137 0.00149986
113.48 0.656286 0.694645 0.488988 0.00346816 0.00257506 0.00199592
113.5 0.656438 0.694781 0.489087 0.00379238 0.00340061 0.00248717
113.52 0.656577 0.694938 0.489198 0.00348132 0.00391438 0.00277269
113.54 0.656686 0.69509 0.489305 0.00271615 0.00379426 0.00267741
113.56 0.65676 0.695214 0.489393 0.0018637 0.00311895 0.002184
113.58 0.656811 0.695307 0.489452 0.001261 0.00231267 0.00149394
113.6 0.656853 0.69538 0.489489 0.00105924 0.00182505 0.000920723
113.62 0.656902 0.695453 0.489516 0.00121158 0.00183317 0.000680001
113.64 0.656964 0.69554 0.489547 0.00156486 0.002183 0.000758607
113.66 0.657042 0.695643 0.489585 0.00194841 0.002552 0.000953006
113.68 0.657131 0.69575 0.489626 0.00222499 0.00267797 0.00102877
113.7 0.657224 0.69585 0.489662 0.00232373 0.00251636 0.000894887
113.72 0.657315 0.695939 0.489688 0.00226661 0.00222286 0.000663304
113.74 0.657401 0.696019 0.489709 0.00214821 0.00198873 0.000530086
113.76 0.657483 0.696094 0.489733 0.00205415 0.00186951 0.000578887
113.78 0.657563 0.696164 0.489761 0.00200062 0.00175917 0.00069941
113.8 0.657642 0.696225 0.489788 0.00196505 0.00153686 0.000686403
113.82 0.65772 0.696275 0.489805 0.00196465 0.00124172 0.000412381
113.84 0.657803 0.696319 0.489802 0.00208031 0.00109057 -6.39701e-05
113.86 0.657899 0.696371 0.489781 0.00239049 0.00129767 -0.000531314
113.88 0.658014 0.696445 0.48975 0.00287539 0.00185483 -0.000775857
113.9 0.658148 0.696543 0.48972 0.00335361 0.00246633 -0.000739533
113.92 0.658289 0.696652 0.489698 0.00351879 0.00272461 -0.000555522
113.94 0.658414 0.696749 0.489681 0.00313152 0.00242153 -0.000425304
113.96 0.658504 0.696819 0.489663 0.00225031 0.0017397 -0.000455426
113.98 0.658555 0.696865 0.489639 0.00127774 0.00115039 -0.000581076
114 0.658585 0.696909 0.489615 0.00075112 0.00110433 -0.00061467
114.02 0.658625 0.696979 0.489599 0.000999906 0.00174635 -0.000399173
114.04 0.658702 0.697092 0.489601 0.00191753 0.00282702 5.3583e-05
114.06 0.658822 0.697247 0.489623 0.00300296 0.00386406 0.000556068
114.08 0.658968 0.697425 0.489658 0.00364116 0.00445195 0.000876387
114.1 0.659107 0.697604 0.489694 0.00347826 0.00449213 0.000902477
114.12 0.659213 0.697771 0.489722 0.00264035 0.00417518 0.000697057
114.14 0.659278 0.697922 0.489739 0.00163119 0.00377875 0.000425542
114.16 0.659317 0.698062 0.48975 0.000987229 0.00348764 0.000261378
114.18 0.659355 0.698197 0.489763 0.000942292 0.00336335 0.000332486
114.2 0.659409 0.698333 0.489791 0.00135758 0.00341309 0.000694445
114.22 0.659486 0.698479 0.489844 0.00191254 0.00365128 0.00131664
114.24 0.659579 0.698642 0.489927 0.00233348 0.00407452 0.00208597
114.26 0.65968 0.698826 0.49004 0.00251415 0.00458627 0.00283726
114.28 0.65978 0.699025 0.490176 0.00250686 0.00498664 0.00339707
114.3 0.659877 0.699228 0.490322 0.00242955 0.0050631 0.00363209
114.32 0.659972 0.699417 0.490461 0.00237022 0.00473339 0.00349164
114.34 0.660066 0.699582 0.490583 0.00234307 0.00413085 0.00303051
114.36 0.660158 0.699724 0.490678 0.00231082 0.0035411 0.00239271
114.38 0.660249 0.699853 0.490749 0.00226326 0.00323556 0.00176659
114.4 0.660339 0.699986 0.490802 0.00227164 0.00332222 0.00133844
114.42 0.660436 0.700134 0.490852 0.00242102 0.00369584 0.00122835
114.44 0.660543 0.700298 0.490908 0.00267053 0.00409676 0.00141849
114.46 0.660656 0.700468 0.490978 0.00282356 0.0042517 0.00174236
114.48 0.660763 0.700629 0.491057 0.00266575 0.00403134 0.00197307
114.5 0.66085 0.70077 0.491135 0.0021731 0.00353187 0.00196258
114.52 0.660913 0.70089 0.491203 0.00159358 0.00300188 0.0016967
114.54 0.660965 0.700996 0.491253 0.00128857 0.00264246 0.00125379
114.56 0.661023 0.701094 0.491284 0.00146199 0.00245361 0.000757991
114.58 0.661103 0.701186 0.491297 0.0020014 0.00228265 0.000334582
114.6 0.661205 0.701266 0.491299 0.00254692 0.00201683 5.48678e-05
114.62 0.661314 0.701334 0.491295 0.00272743 0.00170221 -0.000101037
114.64 0.66141 0.701394 0.491287 0.00239661 0.00150043 -0.000209151
114.66 0.661478 0.701457 0.491274 0.00170099 0.00157246 -0.000329803
114.68 0.661516 0.701535 0.491254 0.000953561 0.00194282 -0.000483217
114.7 0.661534 0.701631 0.491228 0.000442659 0.00240786 -0.000663685
114.72 0.661547 0.701736 0.491194 0.000317263 0.00262663 -0.000844117
114.74 0.661571 0.701832 0.491155 0.000591634 0.00240319 -0.000967956
114.76 0.661618 0.701908 0.491117 0.00118436 0.00188234 -0.000959217
114.78 0.661695 0.701965 0.491086 0.00192757 0.0014405 -0.000772437
114.8 0.661798 0.702021 0.491068 0.00256322 0.00138181 -0.000457221
114.82 0.661909 0.702089 0.491061 0.00279195 0.00169661 -0.000164614
114.84 0.662006 0.702172 0.491058 0.0024136 0.0020829 -6.9576e-05
114.86 0.662065 0.70226 0.491047 0.00149015 0.00221452 -0.000274422
114.88 0.662081 0.702341 0.491018 0.000397318 0.00202158 -0.000735215
114.9 0.662068 0.702411 0.490969 -0.000324473 0.00175436 -0.00122367
114.92 0.662057 0.702483 0.490913 -0.000273002 0.00178029 -0.00140859
114.94 0.662079 0.702574 0.49087 0.00055318 0.00228949 -0.00107194
114.96 0.662149 0.702699 0.490858 0.00172788 0.00312584 -0.000292338
114.98 0.662255 0.702854 0.490882 0.00265518 0.00386786 0.000587052
115 0.662372 0.703018 0.490929 0.00292915 0.00410798 0.00118733
115.02 0.662473 0.703167 0.490982 0.00252841 0.00371558 0.00132738
115.04 0.662544 0.703284 0.491027 0.00176782 0.00292985 0.00111002
115.06 0.662588 0.703374 0.49106 0.00109264 0.00223726 0.000840701
115.08 0.662621 0.703457 0.491094 0.00083809 0.00207323 0.000831841
115.1 0.662664 0.703558 0.491142 0.00107885 0.00254753 0.0012111
115.12 0.662731 0.703694 0.491216 0.0016587 0.00339726 0.00185821
115.14 0.662824 0.703862 0.491316 0.00234101 0.00417943 0.00249462
115.16 0.662941 0.704043 0.49143 0.00292004 0.00452837 0.00284579
115.18 0.663071 0.704215 0.491542 0.00325668 0.00431352 0.00279543
115.2 0.663203 0.704363 0.49164 0.00330352 0.00369353 0.00246223
115.22 0.663328 0.704485 0.491726 0.00312668 0.00305996 0.00213568
115.24 0.663444 0.704597 0.491808 0.00288309 0.00280292 0.00206778
115.26 0.663554 0.704718 0.491899 0.00274344 0.00300777 0.00226571
115.28 0.663665 0.704853 0.491999 0.00279864 0.00336931 0.00248793
115.3 0.663786 0.70499 0.492097 0.00300674 0.00344478 0.00246528
115.32 0.663914 0.705111 0.492183 0.00321866 0.00302697 0.0021428
115.34 0.664046 0.705203 0.492252 0.00328056 0.00229899 0.00172607
115.36 0.664171 0.70527 0.492313 0.0031388 0.00167793 0.00151574
115.38 0.664286 0.705332 0.49238 0.00285681 0.00152598 0.00167391
115.4 0.664387 0.705409 0.492463 0.00253816 0.00192735 0.0020898
115.42 0.664477 0.705514 0.49256 0.00223728 0.00263697 0.00243287
115.44 0.664555 0.705644 0.492655 0.00195256 0.00323886 0.00235994
115.46 0.664623 0.705781 0.492725 0.00171617 0.00342886 0.00175314
115.48 0.664691 0.705909 0.492758 0.00168265 0.00319935 0.000834401
115.5 0.664773 0.70602 0.49276 0.00205821 0.00278821 4.29092e-05
115.52 0.664887 0.70612 0.492749 0.00285841 0.00248122 -0.000279563
115.54 0.665037 0.706217 0.492743 0.00374431 0.00244788 -0.000154465
115.56 0.665204 0.706325 0.492745 0.00418534 0.00268776 6.53928e-05
115.58 0.665358 0.706447 0.492745 0.00384321 0.00305336 -6.73214e-06
115.6 0.665472 0.70658 0.492725 0.00283373 0.00332562 -0.000492285
115.62 0.665539 0.706714 0.492678 0.00167488 0.0033492 -0.00117167
115.64 0.665578 0.70684 0.492612 0.000980177 0.00314359 -0.00165967
115.66 0.665622 0.706955 0.492545 0.00110247 0.00288573 -0.00168001
115.68 0.665698 0.707066 0.492495 0.00189792 0.00276591 -0.00123674
115.7 0.665809 0.70718 0.492473 0.00279194 0.00284376 -0.000566978
115.72 0.665936 0.707302 0.492475 0.00317613 0.00304846 5.21306e-05
115.74 0.66605 0.707432 0.492493 0.00283849 0.00325405 0.00045813
115.76 0.666133 0.707565 0.492518 0.00208652 0.00332654 0.00062003
115.78 0.666193 0.707692 0.492541 0.00149371 0.00318741 0.000577519
115.8 0.666252 0.707808 0.492557 0.0014758 0.00288312 0.000398636
115.82 0.666333 0.70791 0.492564 0.00201828 0.00256511 0.000167075
115.84 0.666442 0.708005 0.492563 0.00273597 0.00236978 -1.80133e-05
115.86 0.666569 0.708098 0.492561 0.00317026 0.00232872 -3.78429e-05
115.88 0.666693 0.708193 0.492569 0.00309765 0.00236982 0.000198955
115.9 0.666799 0.708289 0.492596 0.00264574 0.00238888 0.000657078
115.92 0.666885 0.708382 0.492642 0.00215843 0.00234772 0.0011505
115.94 0.666963 0.708475 0.4927 0.00193535 0.00231008 0.00146527
115.96 0.667045 0.708571 0.492761 0.00205494 0.00240413 0.00152371
115.98 0.667141 0.70868 0.492819 0.00240052 0.00272852 0.00143905
116 0.667253 0.70881 0.492876 0.00279841 0.00323686 0.00142339
116.02 0.667378 0.708958 0.492941 0.00312089 0.00369871 0.00162778
116.04 0.667509 0.70911 0.493022 0.00329386 0.00381536 0.00202017
116.06 0.667639 0.709248 0.493117 0.00325065 0.00344636 0.00238999
116.08 0.667757 0.709358 0.493217 0.0029429 0.00275971 0.00249542
116.1 0.667853 0.709444 0.493307 0.0024043 0.00214777 0.00223734
116.12 0.667925 0.709523 0.493376 0.0017986 0.00196887 0.00172343
116.14 0.66798 0.709616 0.493423 0.00137853 0.00232682 0.0011993
116.16 0.668034 0.709737 0.49346 0.00134345 0.00303025 0.000903646
116.18 0.668102 0.709886 0.493497 0.00170022 0.00371767 0.000933668
116.2 0.668192 0.710049 0.493545 0.0022418 0.00406269 0.00118993
116.22 0.668299 0.710206 0.493602 0.00267917 0.00394258 0.00143391
116.24 0.668412 0.710346 0.49366 0.00282426 0.00348767 0.00145295
116.26 0.668519 0.710465 0.493709 0.0026677 0.00298916 0.00122255
116.28 0.668611 0.710574 0.493746 0.0023159 0.00272249 0.000921613
116.3 0.668687 0.710686 0.493777 0.00189079 0.00279101 0.000775165
116.32 0.668746 0.710809 0.493811 0.00148168 0.00307784 0.000864768
116.34 0.668792 0.710942 0.493854 0.00114111 0.00333274 0.00107013
116.36 0.668828 0.711076 0.493901 0.000912656 0.00333776 0.00116625
116.38 0.668863 0.711198 0.493941 0.000865211 0.00305441 0.00100676
116.4 0.668906 0.711304 0.493967 0.00106415 0.00265696 0.000651704
116.42 0.668965 0.711402 0.493979 0.00148846 0.00242968 0.00030328
116.44 0.669045 0.711505 0.493983 0.00198989 0.00258922 0.000103958
116.46 0.669139 0.71163 0.493984 0.00236204 0.0031273 1.61593e-05
116.48 0.669238 0.711781 0.493981 0.00246413 0.00377565 -8.79395e-05
116.5 0.66933 0.711947 0.493971 0.00230084 0.00414476 -0.00024766
116.52 0.66941 0.712106 0.493956 0.00200065 0.00396426 -0.000360682
116.54 0.669478 0.712236 0.493945 0.00171552 0.00326612 -0.00028967
116.56 0.669539 0.712331 0.493944 0.00152331 0.00236079 -1.05114e-05
116.58 0.669595 0.712396 0.493958 0.00139908 0.00163226 0.000332361
116.6 0.669646 0.712449 0.493978 0.00125978 0.00132997 0.000512874
116.62 0.669688 0.712509 0.493993 0.00105366 0.00148805 0.000384365
116.64 0.66972 0.712587 0.493993 0.000811647 0.00196784 -1.31209e-07
116.66 0.669745 0.712689 0.493977 0.000611947 0.00254889 -0.000401448
116.68 0.669766 0.71281 0.493956 0.000537674 0.00301545 -0.000540658
116.7 0.669793 0.712939 0.493945 0.000661497 0.00322112 -0.000269784
116.72 0.669834 0.713064 0.493958 0.00102781 0.00311827 0.000336398
116.74 0.669898 0.713174 0.493999 0.00160377 0.00275672 0.00102069
116.76 0.669988 0.713265 0.494059 0.00223663 0.00226838 0.00149365
116.78 0.670096 0.713338 0.494123 0.00270199 0.00183407 0.00159393
116.8 0.670209 0.713403 0.494177 0.00283153 0.00162514 0.00136687
116.82 0.670313 0.713472 0.494218 0.00261454 0.00172169 0.00101607
116.84 0.670401 0.713554 0.494248 0.00219982 0.00205082 0.000743665
116.86 0.670474 0.713651 0.494272 0.00182257 0.00242768 0.000613119
116.88 0.670542 0.713758 0.494295 0.00170205 0.0026843 0.000561542
116.9 0.670619 0.713869 0.494316 0.00191941 0.00277589 0.000538748
116.92 0.670714 0.71398 0.49434 0.00235842 0.00277651 0.00060298
116.94 0.670825 0.714092 0.494375 0.00279094 0.00279325 0.000859968
116.96 0.670946 0.714206 0.494428 0.00302721 0.00285594 0.00133054
116.98 0.671066 0.714321 0.494503 0.00299003 0.00286249 0.00187773
117 0.671175 0.714427 0.494593 0.00272706 0.0026644 0.00224896
117.02 0.671271 0.714518 0.494683 0.00240884 0.0022594 0.00224774
117.04 0.671361 0.714593 0.49476 0.00224818 0.00188506 0.0019222
117.06 0.671455 0.714668 0.494823 0.00235082 0.00187824 0.00157068
117.08 0.671561 0.714765 0.494884 0.00265505 0.00241232 0.0015254
117.1 0.671682 0.714898 0.49496 0.00300944 0.00332918 0.00189696
117.12 0.671813 0.715065 0.495059 0.0032698 0.00418349 0.00247632
117.14 0.671946 0.715245 0.495173 0.00334427 0.0044971 0.00285859
117.16 0.672075 0.715407 0.495281 0.00321918 0.00405141 0.00269775
117.18 0.672194 0.715529 0.495359 0.00296039 0.00303367 0.00194214
117.2 0.6723 0.715606 0.495394 0.00264821 0.00193153 0.000893977
117.22 0.672392 0.715656 0.495395 0.00231699 0.00124139 1.85257e-05
117.24 0.672471 0.715703 0.49538 0.00198001 0.00119304 -0.000373232
117.26 0.672539 0.71577 0.495368 0.00168322 0.00166399 -0.000315142
117.28 0.672599 0.715862 0.495364 0.00151276 0.00229397 -9.01198e-05
117.3 0.672662 0.71597 0.495366 0.00156844 0.00270127 4.65261e-05
117.32 0.672738 0.716078 0.495368 0.00189905 0.00270188 4.58213e-05
117.34 0.672835 0.716174 0.495368 0.00242012 0.00241057 1.50117e-05
117.36 0.672951 0.716259 0.495371 0.00291628 0.00212899 6.3914e-05
117.38 0.673078 0.716344 0.495379 0.00316956 0.00210626 0.000204081
117.4 0.673202 0.716439 0.495393 0.0030915 0.00237948 0.000343699
117.42 0.673312 0.716551 0.495407 0.00275155 0.00280307 0.000361864
117.44 0.673404 0.716678 0.495415 0.00230914 0.00317195 0.000204862
117.46 0.673481 0.71681 0.495413 0.00192853 0.00331934 -6.19774e-05
117.48 0.67355 0.716938 0.495402 0.00171816 0.00319079 -0.000287356
117.5 0.673619 0.717054 0.495388 0.00171382 0.00290991 -0.000343649
117.52 0.673694 0.717164 0.495378 0.00187892 0.00275021 -0.000238749
117.54 0.673778 0.717284 0.495373 0.00210352 0.00297973 -0.000122086
117.56 0.673867 0.717431 0.495367 0.00222715 0.00367279 -0.00015017
117.58 0.673952 0.717615 0.495354 0.00211778 0.0046182 -0.000322132
117.6 0.674024 0.717832 0.495337 0.00179409 0.00542442 -0.000444571
117.62 0.674082 0.718063 0.495326 0.00146585 0.00577342 -0.000270086
117.64 0.674139 0.718287 0.495338 0.00141079 0.00560421 0.000308308
117.66 0.674209 0.718491 0.495384 0.00175861 0.00508801 0.00115433
117.68 0.674303 0.71867 0.495462 0.00235544 0.00448763 0.00194428
117.7 0.674416 0.718832 0.495556 0.00281615 0.00404628 0.00234689
117.72 0.674526 0.718989 0.495645 0.00275414 0.00390832 0.00222402
117.74 0.674608 0.719151 0.495714 0.00205253 0.00406613 0.00171738
117.76 0.674647 0.719326 0.495759 0.000968951 0.00437488 0.00114329
117.78 0.674646 0.719512 0.495791 -8.44117e-06 0.00463562 0.000780804
117.8 0.674629 0.7197 0.49582 -0.000435298 0.0047037 0.00073913
117.82 0.674623 0.719882 0.495858 -0.000146298 0.00456541 0.00094485
117.84 0.674649 0.720055 0.495906 0.000656067 0.00432534 0.00119516
117.86 0.674711 0.72022 0.495957 0.00153868 0.00410724 0.00128659
117.88 0.674797 0.720378 0.496004 0.00213789 0.00394505 0.00116391
117.9 0.674891 0.720528 0.496042 0.00235724 0.00375382 0.000956058
117.92 0.674983 0.720665 0.496077 0.00229733 0.00342274 0.000875835
117.94 0.675065 0.720782 0.496119 0.00206137 0.00294353 0.00105846
117.96 0.675132 0.72088 0.496177 0.00167934 0.00243954 0.00145117
117.98 0.67518 0.720963 0.496251 0.00118126 0.00208457 0.00184335
118 0.675207 0.721044 0.496332 0.000684834 0.00200465 0.00201533
118.02 0.675223 0.721132 0.496408 0.000408923 0.00221802 0.00189647
118.04 0.675246 0.721237 0.496471 0.000567874 0.00261358 0.00158585
118.06 0.675294 0.721357 0.496521 0.00119126 0.00300232 0.0012351
118.08 0.675375 0.721485 0.496558 0.0020215 0.00321537 0.000927542
118.1 0.67548 0.721612 0.496584 0.00263317 0.00316393 0.000660266
118.12 0.675589 0.721726 0.496601 0.00272651 0.00284213 0.000417491
118.14 0.675682 0.721819 0.49661 0.00233307 0.00232963 0.000232496
118.16 0.675753 0.721891 0.496618 0.00177575 0.00180799 0.000188659
118.18 0.675811 0.721952 0.496632 0.00143913 0.00150932 0.000356219
118.2 0.675872 0.722015 0.49666 0.0015275 0.00157709 0.00069335
118.22 0.67595 0.722092 0.496701 0.0019561 0.00193929 0.00103011
118.24 0.676047 0.722185 0.496748 0.002425 0.00232833 0.00117686
118.26 0.676153 0.722284 0.49679 0.0026421 0.00247547 0.00104867
118.28 0.676254 0.722377 0.496818 0.00252782 0.00230905 0.000713727
118.3 0.676344 0.722456 0.496832 0.00224382 0.00199289 0.000349099
118.32 0.676425 0.722528 0.496837 0.00202933 0.00178145 0.000128617
118.34 0.676506 0.7226 0.496842 0.00202108 0.00181816 0.00010594
118.36 0.676595 0.722682 0.496849 0.0022354 0.00205078 0.000193191
118.38 0.6767 0.722775 0.496859 0.00263007 0.00230595 0.000252268
118.4 0.676825 0.722872 0.496867 0.00310731 0.00243135 0.000197533
118.42 0.676965 0.722968 0.496869 0.00350066 0.00239985 4.1826e-05
118.44 0.67711 0.723061 0.496864 0.00362466 0.0023267 -0.000134149
118.46 0.677245 0.723156 0.496854 0.00338055 0.00237722 -0.000247879
118.48 0.677359 0.723261 0.496844 0.00285194 0.00262181 -0.000247886
118.5 0.677451 0.72338 0.49684 0.00231149 0.00297447 -0.000103055
118.52 0.677535 0.72351 0.496848 0.00209488 0.00325943 0.000210077
118.54 0.677631 0.723644 0.496875 0.00239019 0.00333651 0.0006781
118.56 0.677754 0.723771 0.496924 0.00308396 0.00318568 0.00121115
118.58 0.677906 0.723888 0.49699 0.00379855 0.0029076 0.0016612
118.6 0.678071 0.723993 0.497066 0.00411971 0.00264101 0.00189379
118.62 0.678226 0.724092 0.49714 0.00387729 0.00246136 0.00185438
118.64 0.678357 0.724187 0.497203 0.00326669 0.00237259 0.00157573
118.66 0.678465 0.724282 0.497249 0.00269959 0.00238418 0.00115812
118.68 0.678565 0.724383 0.49728 0.00249615 0.00253231 0.000761516
118.7 0.678671 0.724495 0.497303 0.0026644 0.00280689 0.000573374
118.72 0.678788 0.72462 0.497332 0.00292651 0.00310715 0.000721626
118.74 0.678907 0.724752 0.497379 0.00296484 0.00330073 0.0011796
118.76 0.679015 0.724884 0.497449 0.00269823 0.00329591 0.00174158
118.78 0.679109 0.725005 0.497534 0.00236288 0.00304427 0.00212697
118.8 0.679202 0.725107 0.49762 0.00230946 0.00255107 0.00215909
118.82 0.679309 0.725184 0.497695 0.00269599 0.00192568 0.0018736
118.84 0.679443 0.72524 0.497754 0.00334053 0.00139838 0.00148761
118.86 0.679597 0.72529 0.497805 0.00383925 0.00123708 0.00126152
118.88 0.679751 0.725354 0.497858 0.00385309 0.00159102 0.00133766
118.9 0.679885 0.725449 0.497924 0.00334955 0.00237796 0.00164266
118.92 0.67999 0.72558 0.498001 0.00262725 0.00329362 0.00191387
118.94 0.680075 0.725738 0.498075 0.00211755 0.00394677 0.00186448
118.96 0.680159 0.725901 0.498131 0.00211505 0.00406818 0.00138873
118.98 0.680263 0.726048 0.498157 0.00259565 0.0036851 0.000642986
119 0.680392 0.726172 0.498155 0.00322921 0.00310033 -3.99862e-05
119.02 0.680535 0.726279 0.498142 0.00357648 0.00266499 -0.000328734
119.04 0.680669 0.726381 0.498139 0.00334962 0.00255367 -6.24902e-05
119.06 0.680772 0.72649 0.498166 0.00258043 0.00271317 0.000663125
119.08 0.680837 0.726609 0.498227 0.00160445 0.00297945 0.00153069
119.1 0.680872 0.726738 0.498313 0.000873215 0.00322518 0.00214525
119.12 0.680899 0.726874 0.498401 0.000689115 0.00340909 0.00220646
119.14 0.68094 0.727015 0.498466 0.00102427 0.00352459 0.00162783
119.16 0.681002 0.727158 0.498489 0.00156132 0.00356642 0.000571693
119.18 0.681079 0.7273 0.498465 0.00191323 0.00355031 -0.000605678
119.2 0.681153 0.72744 0.498406 0.00184519 0.00350671 -0.00147466
119.22 0.681209 0.727578 0.498339 0.00139645 0.00345244 -0.0016776
119.24 0.681242 0.727715 0.498296 0.000843487 0.00340807 -0.00107468
119.26 0.681263 0.72785 0.498301 0.000515408 0.00339477 0.000138687
119.28 0.681286 0.727985 0.498359 0.000566184 0.00337748 0.00144506
119.3 0.68132 0.728116 0.498448 0.000860571 0.00326894 0.00222501
119.32 0.681363 0.728237 0.498531 0.00107697 0.0030141 0.00208032
119.34 0.681401 0.728345 0.498574 0.000957705 0.00271011 0.00105927
119.36 0.681422 0.728449 0.498559 0.000510879 0.00258441 -0.000371419
119.38 0.681422 0.72856 0.498496 -5.86854e-06 0.00279509 -0.00157132
119.4 0.68141 0.728691 0.498415 -0.000285073 0.00327331 -0.00203197
119.42 0.681403 0.728842 0.498351 -0.000176904 0.00376754 -0.00159858
119.44 0.681413 0.729003 0.49833 0.000235251 0.00401447 -0.000518279
119.46 0.681441 0.729158 0.498358 0.000716265 0.00388924 0.000704994
119.48 0.681484 0.729297 0.498421 0.0010567 0.00348132 0.00157438
119.5 0.681532 0.72942 0.498494 0.00120632 0.00305283 0.00183155
119.52 0.681583 0.729535 0.498556 0.00126828 0.0028816 0.00154698
119.54 0.681638 0.729658 0.498598 0.00137463 0.00307638 0.00103936
119.56 0.6817 0.729798 0.498625 0.00156235 0.003494 0.000675408
119.58 0.68177 0.729951 0.498652 0.00175455 0.00383271 0.000667536
119.6 0.681844 0.730105 0.498691 0.0018469 0.00384551 0.000978483
119.62 0.681915 0.730245 0.498746 0.00178132 0.00351697 0.00138277
119.64 0.681978 0.730368 0.498812 0.00155795 0.00305642 0.00164753
119.66 0.682027 0.730477 0.49888 0.00123256 0.00273982 0.00169133
119.68 0.682064 0.730587 0.498944 0.00093371 0.00273807 0.0015971
119.7 0.682098 0.730707 0.499004 0.000839714 0.00299881 0.00150413
119.72 0.682141 0.730837 0.499064 0.00108275 0.00326656 0.00150815
119.74 0.682207 0.730968 0.499129 0.00164968 0.00327085 0.00163552
119.76 0.682302 0.731086 0.499203 0.00237775 0.00294116 0.00184535
119.78 0.682424 0.731183 0.499285 0.00304774 0.00244013 0.00204384
119.8 0.682563 0.731264 0.49937 0.00346311 0.00202309 0.00213058
119.82 0.682703 0.73134 0.499452 0.00351391 0.00187804 0.00204559
119.84 0.682833 0.73142 0.499524 0.00325191 0.00201734 0.00179785
119.86 0.682949 0.731511 0.499583 0.00288736 0.00227933 0.00148637
119.88 0.683056 0.731609 0.499634 0.00267306 0.00245003 0.00127173
119.9 0.683166 0.731705 0.499685 0.00274781 0.00239281 0.0012557
119.92 0.683288 0.731789 0.499739 0.00305467 0.0021042 0.00136877
119.94 0.683423 0.731857 0.499795 0.0033885 0.00169969 0.00140456
119.96 0.683565 0.731912 0.499843 0.00353136 0.00135629 0.00117573
119.98 0.6837 0.731961 0.499869 0.00339557 0.00124097 0.00065939
120 0.683824 0.732019 0.499871 0.00307715 0.00145051 4.35507e-05
120.02 0.683935 0.732097 0.499856 0.00277348 0.00195789 -0.000371121
120.04 0.68404 0.7322 0.499841 0.00262838 0.00256805 -0.00038037
120.06 0.684145 0.732319 0.499839 0.00262595 0.00297784 -3.78744e-05
120.08 0.684249 0.732438 0.499853 0.0026134 0.00296027 0.000359936
120.1 0.684347 0.732539 0.499872 0.00244496 0.00252207 0.000468361
120.12 0.684432 0.732615 0.499878 0.00213443 0.00191592 0.000140709
120.14 0.684507 0.732676 0.499859 0.00187245 0.00150622 -0.000461826
120.16 0.684582 0.732739 0.49982 0.00186989 0.00157475 -0.000985587
120.18 0.684669 0.732825 0.499775 0.00217711 0.00216305 -0.00111814
120.2 0.684774 0.732946 0.499744 0.00263255 0.0030247 -0.000770893
120.22 0.684894 0.733096 0.49974 0.00298687 0.00375885 -0.000108372
120.24 0.685018 0.733259 0.499763 0.00310062 0.00407407 0.000567393
120.26 0.685139 0.733418 0.499802 0.00303781 0.00396686 0.000984667
120.28 0.685259 0.733565 0.499843 0.00298285 0.00366728 0.00102388
120.3 0.685381 0.733702 0.499873 0.00306394 0.00344061 0.000747462
120.32 0.685511 0.73384 0.499887 0.00324881 0.0034323 0.000346024
120.34 0.685647 0.733985 0.499888 0.00338983 0.00363033 3.03509e-05
120.36 0.685781 0.734142 0.499886 0.00336182 0.00392758 -6.10542e-05
120.38 0.685908 0.73431 0.49989 0.00316961 0.00421359 0.000108952
120.4 0.686025 0.734487 0.49991 0.00293231 0.00442472 0.000497894
120.42 0.686136 0.734669 0.499951 0.00276999 0.00454249 0.00102008
120.44 0.686245 0.734852 0.500013 0.00270836 0.0045607 0.0015514
120.46 0.686351 0.73503 0.50009 0.00266852 0.00445118 0.00192223
120.48 0.686453 0.735197 0.500169 0.00254179 0.00419369 0.00199294
120.5 0.686545 0.735352 0.500241 0.00228924 0.00386057 0.00178551
120.52 0.686623 0.735498 0.500301 0.00196621 0.00364433 0.00150745
120.54 0.68669 0.735647 0.500357 0.00165744 0.00373292 0.00139441
120.56 0.686747 0.735812 0.500417 0.00142649 0.00411834 0.00151435
120.58 0.686799 0.735992 0.500486 0.00132141 0.004509 0.00171902
120.6 0.686854 0.736171 0.500557 0.00137135 0.00447305 0.00177361
120.62 0.686917 0.736321 0.500619 0.00156278 0.00375234 0.00154648
120.64 0.68699 0.736422 0.500663 0.00182223 0.00252558 0.00111081
120.66 0.68707 0.736478 0.500691 0.00200618 0.00139446 0.000699113
120.68 0.687148 0.736519 0.500714 0.00194397 0.00103333 0.000566238
120.7 0.68721 0.736588 0.500747 0.00156684 0.00173164 0.000832758
120.72 0.687251 0.736715 0.500803 0.00102512 0.00316755 0.001392
120.74 0.687277 0.736898 0.500882 0.000635494 0.00456994 0.00196838
120.76 0.687303 0.737105 0.500974 0.000648338 0.00518362 0.00229609
120.78 0.687344 0.737295 0.501064 0.00102786 0.00473413 0.00226267
120.8 0.687402 0.737437 0.501141 0.00144726 0.00356044 0.00191349
120.82 0.687463 0.737531 0.501195 0.00153087 0.00235194 0.0013599
120.84 0.687509 0.737599 0.501223 0.00115591 0.00170887 0.000694323
120.86 0.687532 0.737673 0.501223 0.000558874 0.00182653 -4.19225e-06
120.88 0.687538 0.737771 0.501198 0.000172214 0.00247029 -0.000609417
120.9 0.687552 0.737899 0.501161 0.000333148 0.00319686 -0.000941223
120.92 0.687593 0.738045 0.501126 0.00103958 0.00363358 -0.000865176
120.94 0.68767 0.73819 0.50111 0.00190384 0.00364616 -0.000405475
120.96 0.687765 0.738324 0.501119 0.00238548 0.00333129 0.000230205
120.98 0.687852 0.738439 0.501149 0.00217982 0.00289147 0.00073909
121 0.68791 0.738539 0.501184 0.00143688 0.0025003 0.000875252
121.02 0.687934 0.738629 0.501207 0.000611364 0.00223231 0.000588193
121.04 0.687939 0.738713 0.50121 0.00012452 0.00209828 6.61422e-05
121.06 0.687945 0.738797 0.501195 0.000143217 0.00211845 -0.00037756
121.08 0.687967 0.73889 0.501174 0.000567118 0.00232284 -0.000507255
121.1 0.688013 0.738998 0.501162 0.0011458 0.00269088 -0.000306412
121.12 0.688079 0.739122 0.501163 0.00165133 0.00311229 2.96466e-05
121.14 0.68816 0.739259 0.501172 0.00200628 0.00341347 0.000228271
121.16 0.688249 0.739396 0.501177 0.0022475 0.0034308 0.000112309
121.18 0.688345 0.739519 0.501166 0.00238624 0.00308177 -0.000280497
121.2 0.68844 0.739616 0.501138 0.00237417 0.00242329 -0.000702916
121.22 0.688528 0.739683 0.501104 0.00221438 0.00166641 -0.000826366
121.24 0.688611 0.739728 0.501087 0.00205484 0.001121 -0.000425438
121.26 0.688696 0.739771 0.501106 0.00212158 0.00107652 0.000474058
121.28 0.688797 0.739836 0.501169 0.00252469 0.00163775 0.00156295
121.3 0.688921 0.739941 0.501265 0.00312296 0.00260897 0.00239194
121.32 0.689065 0.740082 0.50137 0.00359486 0.00353687 0.00262555
121.34 0.689212 0.740239 0.501459 0.00366838 0.00392244 0.0022359
121.36 0.689344 0.740379 0.501519 0.0033061 0.00349964 0.00150996
121.38 0.689453 0.740477 0.501554 0.00272446 0.00243787 0.000869365
121.4 0.689544 0.740528 0.501579 0.00227917 0.00129301 0.000628913
121.42 0.689635 0.740556 0.501614 0.00226951 0.000696165 0.000855837
121.44 0.689745 0.740595 0.501669 0.00273761 0.000979862 0.00137592
121.46 0.689881 0.740674 0.501744 0.00340978 0.00197511 0.00188536
121.48 0.690036 0.740799 0.501829 0.0038676 0.0031155 0.0021125
121.5 0.690189 0.740951 0.501907 0.00382868 0.00379174 0.00195269
121.52 0.690322 0.741099 0.501967 0.0033169 0.00371553 0.00151413
121.54 0.690426 0.741222 0.502009 0.00262344 0.0030629 0.0010401
121.56 0.690511 0.741314 0.502039 0.00210527 0.00230086 0.000762939
121.58 0.690589 0.741388 0.502071 0.00196437 0.00184319 0.000798777
121.6 0.690676 0.74146 0.502116 0.00215772 0.00181107 0.00112149
121.62 0.690775 0.741542 0.502179 0.00249506 0.00205437 0.00156338
121.64 0.690887 0.741637 0.502253 0.0027905 0.0023692 0.00186286
121.66 0.691005 0.741744 0.502325 0.00294409 0.00268829 0.00180197
121.68 0.691123 0.741868 0.50238 0.00295485 0.00308092 0.00136375
121.7 0.691239 0.742012 0.50241 0.00289504 0.00360616 0.000754521
121.72 0.691353 0.742178 0.50242 0.00286188 0.0041531 0.000244958
121.74 0.69147 0.742356 0.50242 0.0029096 0.0044364 -1.37465e-07
121.76 0.69159 0.742523 0.502421 0.00300863 0.00419438 3.68562e-05
121.78 0.691713 0.74266 0.502432 0.00307386 0.00342525 0.000274963
121.8 0.691835 0.742759 0.502456 0.00304512 0.0024687 0.000598131
121.82 0.691952 0.742833 0.502492 0.00292102 0.00185525 0.000902451
121.84 0.692061 0.742913 0.502537 0.00273312 0.00199069 0.00111133
121.86 0.692162 0.743028 0.502583 0.00252363 0.00288485 0.00114798
121.88 0.692255 0.743194 0.502619 0.00234006 0.0041341 0.000918502
121.9 0.692344 0.743401 0.502635 0.00222456 0.00518932 0.000383269
121.92 0.692432 0.743629 0.502621 0.00220096 0.00569379 -0.000338773
121.94 0.692523 0.743854 0.502583 0.00226875 0.00563373 -0.000965578
121.96 0.692618 0.744064 0.502535 0.00238204 0.00523929 -0.00120107
121.98 0.692715 0.744255 0.502497 0.00241651 0.0047833 -0.000944325
122 0.692804 0.744433 0.502482 0.00221386 0.00444518 -0.000374817
122.02 0.692873 0.744603 0.502489 0.00172243 0.00425956 0.000169185
122.04 0.692916 0.74477 0.502505 0.00109081 0.00416056 0.000417293
122.06 0.69294 0.744934 0.502518 0.000600313 0.00409936 0.00032836
122.08 0.69296 0.745098 0.502522 0.000485312 0.00409861 8.62588e-05
122.1 0.692991 0.745265 0.50252 0.000787489 0.00419305 -4.58328e-05
122.12 0.693044 0.74544 0.502524 0.00132486 0.00435318 9.30558e-05
122.14 0.693116 0.745619 0.502543 0.00178645 0.00448683 0.000474733
122.16 0.693193 0.745799 0.50258 0.00192215 0.00449487 0.000927482
122.18 0.693262 0.745971 0.502629 0.00172634 0.00431329 0.00123399
122.2 0.69332 0.746128 0.502679 0.00145126 0.00391615 0.00123711
122.22 0.693375 0.74626 0.502716 0.00139177 0.00330928 0.000934236
122.24 0.693441 0.746363 0.502736 0.00163288 0.00255852 0.000491449
122.26 0.69352 0.746436 0.502742 0.00198572 0.00182417 0.000157275
122.28 0.693606 0.746489 0.502747 0.00215117 0.00134023 0.000136748
122.3 0.693684 0.746542 0.502767 0.00195586 0.00131587 0.000491885
122.32 0.693743 0.746615 0.502812 0.00147435 0.00181483 0.00111934
122.34 0.693782 0.746721 0.502884 0.000978729 0.00265754 0.00179934
122.36 0.693814 0.746858 0.502975 0.000779063 0.00342172 0.00228541
122.38 0.693855 0.747003 0.503072 0.00102367 0.00362452 0.00241144
122.4 0.693918 0.747123 0.503159 0.00157824 0.00301417 0.00218192
122.42 0.694002 0.747193 0.503231 0.00211266 0.00175325 0.00179126
122.44 0.694096 0.747208 0.503291 0.00235358 0.000356869 0.00151785
122.46 0.694187 0.747185 0.503354 0.00226653 -0.00056702 0.00155369
122.48 0.694267 0.74716 0.503429 0.00200881 -0.000617778 0.00188614
122.5 0.694337 0.747169 0.503521 0.00175321 0.00021877 0.00230288
122.52 0.6944 0.747232 0.503621 0.00155395 0.00157057 0.00250125
122.54 0.694452 0.747345 0.50371 0.00131884 0.00282877 0.00222684
122.56 0.694489 0.747481 0.503767 0.000915714 0.003411 0.00140711
122.58 0.694503 0.747604 0.503776 0.000345651 0.00305611 0.000239345
122.6 0.694496 0.747683 0.503741 -0.000181315 0.00199335 -0.000870682
122.62 0.694481 0.747717 0.50368 -0.000364541 0.000844042 -0.00152357
122.64 0.69448 0.747729 0.503619 -2.30177e-05 0.000285882 -0.00153489
122.66 0.694512 0.747756 0.503579 0.000791234 0.00067401 -0.000992117
122.68 0.694585 0.747829 0.503572 0.00183358 0.00184191 -0.000183108
122.7 0.694696 0.747958 0.503593 0.00277442 0.00321502 0.000535835
122.72 0.694828 0.748124 0.503629 0.0032987 0.00415883 0.000884324
122.74 0.694957 0.748298 0.503659 0.00323179 0.00433159 0.000767911
122.76 0.695063 0.748451 0.503672 0.00265127 0.00384555 0.00031347
122.78 0.695138 0.748577 0.503664 0.00187044 0.00314797 -0.0002013
122.8 0.695189 0.748685 0.503644 0.00127872 0.00269506 -0.000492358
122.82 0.695235 0.748792 0.503628 0.00114406 0.00266132 -0.000406742
122.84 0.695295 0.748908 0.503628 0.00149327 0.002913 4.56485e-06
122.86 0.69538 0.749036 0.503648 0.00212966 0.00320878 0.000494584
122.88 0.695491 0.749172 0.503677 0.00276813 0.00338496 0.000735561
122.9 0.695618 0.749308 0.503698 0.00318987 0.00341336 0.000527415
122.92 0.695751 0.749443 0.503697 0.00331296 0.00337732 -3.58281e-05
122.94 0.695878 0.749579 0.503673 0.00318753 0.00338847 -0.000604468
122.96 0.695996 0.749718 0.503641 0.00295059 0.00347742 -0.000804453
122.98 0.696106 0.749861 0.503622 0.00275438 0.00356889 -0.000464261
123 0.696214 0.750003 0.503634 0.00268622 0.00356529 0.000308409
123.02 0.696322 0.750141 0.503682 0.00270785 0.0034288 0.00118611
123.04 0.69643 0.750269 0.503753 0.00269546 0.00320276 0.00177581
123.06 0.696532 0.750389 0.503826 0.00255571 0.00300078 0.0018165
123.08 0.696625 0.750507 0.503878 0.0023132 0.0029549 0.0013064
123.1 0.696709 0.750632 0.503897 0.00210658 0.00311796 0.000489307
123.12 0.696793 0.750767 0.503886 0.00210968 0.00338744 -0.000272421
123.14 0.69689 0.750908 0.50386 0.002424 0.00353073 -0.000652013
123.16 0.69701 0.751042 0.503841 0.00298016 0.00333211 -0.000474566
123.18 0.69715 0.751152 0.503851 0.00351251 0.0027603 0.000241446
123.2 0.697297 0.751233 0.503903 0.00367583 0.00202979 0.00130346
123.22 0.697428 0.751294 0.503999 0.00326168 0.00151215 0.00239365
123.24 0.697522 0.751355 0.504125 0.00235247 0.0015381 0.00316095
123.26 0.697575 0.751443 0.50426 0.00133077 0.0021879 0.00335764
123.28 0.697604 0.751571 0.504378 0.000713443 0.00319756 0.0029675
123.3 0.697637 0.751734 0.504467 0.000846442 0.00408511 0.00221761
123.32 0.697704 0.751911 0.504525 0.00165908 0.00442593 0.00144024
123.34 0.697812 0.752074 0.504561 0.0026948 0.00408212 0.000905806
123.36 0.697947 0.752205 0.504591 0.00339823 0.00325792 0.000742947
123.38 0.698085 0.7523 0.504628 0.00342788 0.00238428 0.000921147
123.4 0.698197 0.752376 0.504678 0.00281175 0.00189333 0.00125545
123.42 0.698273 0.752455 0.504737 0.00189444 0.0019895 0.0014788
123.44 0.698318 0.752558 0.504793 0.00111986 0.00256563 0.00140107
123.46 0.698349 0.752691 0.504835 0.000781796 0.00331955 0.00104001
123.48 0.698385 0.752849 0.504859 0.000912225 0.0039499 0.000613641
123.5 0.69844 0.75302 0.504875 0.00135584 0.00428156 0.000392154
123.52 0.698516 0.753192 0.504895 0.00191011 0.00429604 0.000502135
123.54 0.698611 0.753356 0.504928 0.00238462 0.00409562 0.000833939
123.56 0.698715 0.753508 0.504973 0.00260117 0.00380795 0.00112065
123.58 0.698814 0.753648 0.505018 0.00245144 0.00349854 0.00112096
123.6 0.698893 0.753775 0.505049 0.0019842 0.00317425 0.000768543
123.62 0.698949 0.753889 0.505056 0.00141017 0.00285326 0.000186407
123.64 0.698989 0.753993 0.505039 0.00100045 0.0025887 -0.000418096
123.66 0.699027 0.754089 0.505005 0.000954076 0.00241957 -0.000859377
123.68 0.699079 0.754182 0.504964 0.00130056 0.0023274 -0.00101685
123.7 0.699154 0.754273 0.50493 0.00185191 0.00225851 -0.000847797
123.72 0.699245 0.75436 0.504914 0.00227476 0.00217591 -0.000399183
123.74 0.699336 0.754444 0.504922 0.00229285 0.00209162 0.000191108
123.76 0.699411 0.754527 0.504951 0.00186046 0.00207713 0.000724913
123.78 0.699458 0.754616 0.504992 0.00119206 0.00222738 0.00101218
123.8 0.699485 0.754718 0.50503 0.000655515 0.00255412 0.000955856
123.82 0.699507 0.754834 0.505054 0.000572739 0.00289389 0.000608897
123.84 0.699548 0.754952 0.505061 0.00102464 0.00296447 0.000161743
123.86 0.699621 0.755055 0.505054 0.00180265 0.00257374 -0.000161027
123.88 0.699723 0.755128 0.505045 0.00255364 0.00180917 -0.00023689
123.9 0.699842 0.755169 0.505041 0.00298497 0.00103387 -0.000102519
123.92 0.699961 0.755195 0.505045 0.00297497 0.000664332 0.000103569
123.94 0.700064 0.755231 0.505055 0.00257062 0.000896535 0.000251215
123.96 0.700141 0.755295 0.505067 0.0019253 0.00159633 0.000297214
123.98 0.70019 0.755392 0.505078 0.00123532 0.00242247 0.000286939
124 0.700218 0.755514 0.505091 0.000686791 0.00305934 0.000322893
124.02 0.700234 0.755649 0.505112 0.000414206 0.00336947 0.000523896
124.04 0.700254 0.755785 0.50515 0.000494818 0.00339661 0.000951309
124.06 0.700292 0.755915 0.505211 0.000935373 0.00325985 0.00152446
124.08 0.700357 0.756037 0.505292 0.00162459 0.00303477 0.00202814
124.1 0.700449 0.756146 0.505382 0.0023177 0.00273112 0.00223497
124.12 0.700558 0.756242 0.505463 0.00272312 0.00238818 0.00203784
124.14 0.700665 0.756327 0.505523 0.00266413 0.00214215 0.00150116
124.16 0.700754 0.756414 0.505556 0.00224004 0.00216689 0.000827068
124.18 0.700828 0.756515 0.505566 0.0018342 0.00253603 0.000254121
124.2 0.700902 0.75664 0.505563 0.00184833 0.00312303 -7.54164e-05
124.22 0.700996 0.756785 0.505557 0.00234842 0.00362687 -0.000158133
124.24 0.701115 0.756936 0.505556 0.00299464 0.00375464 -3.52099e-05
124.26 0.701249 0.757074 0.505567 0.00333104 0.00345219 0.000296924
124.28 0.701375 0.757193 0.505602 0.00314628 0.00297091 0.000853345
124.3 0.701479 0.7573 0.505664 0.00261715 0.00269301 0.00154841
124.32 0.701566 0.757415 0.50575 0.00217155 0.00285645 0.00216695
124.34 0.701653 0.75755 0.505849 0.00217533 0.00338188 0.00247542
124.36 0.701759 0.757707 0.505944 0.00265704 0.00393379 0.00236251
124.38 0.701891 0.757874 0.506019 0.00328955 0.00417886 0.00188751
124.4 0.702037 0.758035 0.506068 0.0036549 0.0040271 0.00121968
124.42 0.70218 0.758182 0.50609 0.00356782 0.00366869 0.000541541
124.44 0.702307 0.758318 0.506089 0.00317509 0.00340103 -2.58643e-05
124.46 0.702418 0.758454 0.506071 0.00279007 0.00338991 -0.000446614
124.48 0.702525 0.758596 0.506042 0.00265733 0.00355993 -0.000724701
124.5 0.702637 0.758744 0.506009 0.00281521 0.00370749 -0.000827859
124.52 0.702761 0.758894 0.505983 0.00309708 0.00372765 -0.000654703
124.54 0.702891 0.759041 0.505979 0.00324435 0.00369472 -9.3821e-05
124.56 0.703015 0.759191 0.506012 0.00309112 0.00373181 0.000842526
124.58 0.703122 0.759345 0.506088 0.00268871 0.00384761 0.0019005
124.6 0.703212 0.759501 0.506193 0.00224652 0.00392011 0.00261128
124.62 0.70329 0.759654 0.506294 0.00194803 0.00380938 0.00253005
124.64 0.703363 0.759793 0.506357 0.0018358 0.00348165 0.00157043
124.66 0.703437 0.759915 0.506363 0.00183797 0.00305476 0.000152769
124.68 0.703511 0.760025 0.506322 0.00185112 0.00274125 -0.00101883
124.7 0.703583 0.760133 0.506266 0.00179423 0.00269985 -0.00140164
124.72 0.703649 0.760248 0.506228 0.00165114 0.00287883 -0.000946589
124.74 0.703709 0.760369 0.506224 0.00151001 0.00303075 -9.85147e-05
124.76 0.70377 0.760486 0.506245 0.00150986 0.00293056 0.000517014
124.78 0.703838 0.760591 0.506265 0.00172211 0.0026043 0.000499849
124.8 0.703921 0.760684 0.506262 0.0020745 0.00233183 -8.18489e-05
124.82 0.704016 0.76078 0.506231 0.00236404 0.00240458 -0.000771309
124.84 0.70411 0.760895 0.506189 0.00235194 0.00286202 -0.00105875
124.86 0.704187 0.761031 0.50616 0.00191708 0.0034122 -0.000708219
124.88 0.704234 0.761176 0.506166 0.00118563 0.00361317 0.000142558
124.9 0.704255 0.761304 0.506211 0.000509435 0.00322179 0.00111708
124.92 0.704265 0.761401 0.506284 0.000266726 0.00242594 0.00182353
124.94 0.70429 0.761471 0.506365 0.000623133 0.00173866 0.0020391
124.96 0.704346 0.761536 0.506436 0.00140357 0.00161652 0.00176999
124.98 0.704434 0.76162 0.506484 0.00218555 0.00210915 0.00118736
125 0.704537 0.761733 0.506504 0.00257628 0.00282714 0.000516835
125.02 0.704635 0.761864 0.506503 0.00245787 0.00326451 -3.5273e-05
125.04 0.704716 0.761991 0.506491 0.0020235 0.00318285 -0.000303156
125.06 0.70478 0.7621 0.506483 0.00159942 0.00273216 -0.000186455
125.08 0.704836 0.762191 0.506495 0.0014035 0.00226359 0.000300565
125.1 0.704893 0.762272 0.506535 0.00141906 0.00202118 0.00100218
125.12 0.704951 0.76235 0.506602 0.00145875 0.00195617 0.00166476
125.14 0.705005 0.762423 0.506684 0.00133188 0.00183171 0.0020651
125.16 0.705044 0.762484 0.50677 0.000984989 0.00152167 0.00214952
125.18 0.705067 0.762532 0.506853 0.000564725 0.00119166 0.0020601
125.2 0.705081 0.762579 0.506933 0.000356487 0.0011799 0.00201271
125.22 0.705104 0.762647 0.507018 0.000584682 0.00170184 0.00211173
125.24 0.705152 0.762752 0.507107 0.00120472 0.00263061 0.00222721
125.26 0.705228 0.762893 0.507189 0.0018856 0.00352684 0.0020558
125.28 0.705316 0.763049 0.507243 0.00219659 0.00389984 0.0013543
125.3 0.705391 0.763191 0.50725 0.00187467 0.00353775 0.000173689
125.32 0.705432 0.763298 0.507207 0.00104247 0.00267979 -0.00108553
125.34 0.705441 0.763373 0.507133 0.00021252 0.00187195 -0.00185322
125.36 0.705439 0.763436 0.507064 -3.57006e-05 0.00157632 -0.00171962
125.38 0.70546 0.76351 0.507035 0.000505838 0.00185624 -0.000714132
125.4 0.705521 0.763607 0.507062 0.00152242 0.00241929 0.000675851
125.42 0.705618 0.763724 0.507134 0.00242603 0.00291652 0.00178328
125.44 0.705728 0.763851 0.50722 0.00274958 0.00318313 0.00215294
125.46 0.705824 0.763981 0.50729 0.00241848 0.00325761 0.00176078
125.48 0.705895 0.764111 0.507328 0.00175953 0.00323945 0.000942749
125.5 0.705945 0.764237 0.507334 0.00126129 0.00316144 0.000148604
125.52 0.705995 0.764357 0.507322 0.00125752 0.00298332 -0.000302596
125.54 0.706065 0.764464 0.507308 0.00174132 0.00269565 -0.000344616
125.56 0.706161 0.764561 0.507302 0.00239554 0.00242304 -0.000139656
125.58 0.706273 0.764657 0.507305 0.00280454 0.00238323 5.78287e-05
125.6 0.706381 0.764765 0.507307 0.00270898 0.0027047 6.22481e-05
125.62 0.706467 0.764896 0.507301 0.00214728 0.00327552 -0.000155174
125.64 0.706525 0.765047 0.507282 0.00143398 0.00378349 -0.000481074
125.66 0.706564 0.765204 0.507252 0.0009808 0.00392175 -0.000734634
125.68 0.706606 0.765348 0.507223 0.00105991 0.00359288 -0.00073289
125.7 0.706673 0.765467 0.507209 0.00166319 0.00297824 -0.000345825
125.72 0.706774 0.765565 0.507227 0.00253991 0.00245826 0.000439272
125.74 0.706909 0.765661 0.507286 0.00335959 0.00240037 0.00146902
125.76 0.707063 0.765777 0.507383 0.00385957 0.00290184 0.00243056
125.78 0.70722 0.765925 0.507501 0.00391771 0.00368748 0.00295615
125.8 0.707363 0.766096 0.507613 0.00356803 0.00427659 0.00278875
125.82 0.707482 0.766268 0.507689 0.00297421 0.00430977 0.00191507
125.84 0.707576 0.76642 0.507713 0.00236777 0.00378922 0.000593822
125.86 0.707656 0.766542 0.507684 0.00198211 0.00305958 -0.000732745
125.88 0.707735 0.766645 0.50762 0.00198801 0.00256078 -0.0015972
125.9 0.707832 0.766747 0.507553 0.00241428 0.00254841 -0.00167981
125.92 0.707956 0.766865 0.507515 0.00310806 0.00294962 -0.000945763
125.94 0.708109 0.767002 0.507527 0.0038121 0.00343248 0.000309545
125.96 0.708281 0.767148 0.50759 0.0043035 0.00365711 0.00158063
125.98 0.70846 0.767289 0.507687 0.00447768 0.00352291 0.00241173
126 0.708634 0.767418 0.507792 0.00435702 0.00321456 0.00262064
126.02 0.708796 0.767539 0.507885 0.00405394 0.00302538 0.00232838
126.04 0.708943 0.767663 0.507957 0.00367759 0.00309964 0.00180334
126.06 0.709073 0.767796 0.508008 0.00324875 0.00332571 0.00126997
126.08 0.709182 0.767934 0.508041 0.00271386 0.00346787 0.000819251
126.1 0.709264 0.76807 0.508058 0.00206316 0.00338273 0.000443031
126.12 0.709322 0.768194 0.508063 0.0014477 0.00310647 0.000125607
126.14 0.709368 0.768305 0.50806 0.00115151 0.00278553 -9.08468e-05
126.16 0.709425 0.768408 0.508054 0.00140589 0.00255657 -0.000138528
126.18 0.709513 0.768507 0.508053 0.0022024 0.00249035 -2.37274e-05
126.2 0.709642 0.768612 0.508058 0.00322653 0.00260468 0.000126499
126.22 0.709801 0.768727 0.508064 0.00397221 0.00287698 0.000148877
126.24 0.709962 0.768856 0.508064 0.00403655 0.00323318 -9.44039e-06
126.26 0.710098 0.768998 0.508054 0.00339032 0.00356053 -0.000236225
126.28 0.710194 0.769149 0.508041 0.00240106 0.00375965 -0.000333727
126.3 0.710257 0.7693 0.508035 0.00159232 0.00377922 -0.000155169
126.32 0.71031 0.769445 0.508046 0.00130633 0.0036292 0.000274514
126.34 0.710371 0.769581 0.508075 0.00152379 0.00339926 0.000742573
126.36 0.710449 0.76971 0.508115 0.00195272 0.00322924 0.000993113
126.38 0.71054 0.769838 0.508153 0.00228469 0.00320681 0.000936021
126.4 0.710636 0.76997 0.508181 0.00239631 0.00327948 0.000704785
126.42 0.71073 0.770101 0.508201 0.00234571 0.0032871 0.000500384
126.44 0.710818 0.770225 0.508216 0.00221281 0.00310024 0.000389522
126.46 0.710898 0.770335 0.508227 0.00198908 0.00273459 0.000264044
126.48 0.710963 0.770428 0.508226 0.00162349 0.00234681 -1.72113e-05
126.5 0.711009 0.770515 0.508208 0.00116083 0.00215263 -0.000451291
126.52 0.711041 0.770607 0.508174 0.000797043 0.00231414 -0.00084363
126.54 0.711071 0.77072 0.508137 0.000750398 0.00281489 -0.000928195
126.56 0.711114 0.770858 0.508116 0.00106996 0.00345684 -0.000539691
126.58 0.711176 0.771018 0.508127 0.00156273 0.00400825 0.000274546
126.6 0.711253 0.771191 0.508177 0.00190833 0.00432425 0.00124761
126.62 0.711328 0.771365 0.508257 0.00187921 0.00435241 0.00201913
126.64 0.711387 0.77153 0.508351 0.0014787 0.00411826 0.00233162
126.66 0.711424 0.771679 0.508437 0.000923087 0.0037264 0.00214641
126.68 0.711445 0.771811 0.508501 0.000512084 0.00329157 0.00161329
126.7 0.711463 0.771925 0.50854 0.000471486 0.00285173 0.000970747
126.72 0.711496 0.772021 0.508558 0.000821551 0.00241062 0.000451958
126.74 0.711551 0.772103 0.508567 0.00135799 0.00204938 0.000216443
126.76 0.711623 0.772181 0.508579 0.00180814 0.00194465 0.000310947
126.78 0.711703 0.772271 0.508606 0.0020114 0.00224513 0.000664143
126.8 0.711782 0.772387 0.50865 0.00195724 0.00290917 0.00111168
126.82 0.71185 0.772534 0.508708 0.00171741 0.00366413 0.00145428
126.84 0.711906 0.7727 0.50877 0.00139192 0.00415508 0.00154267
126.86 0.71195 0.772867 0.508823 0.00109279 0.0041734 0.00132935
126.88 0.711987 0.773017 0.508858 0.000931703 0.00375939 0.000872879
126.9 0.712027 0.773141 0.508871 0.000994288 0.00310394 0.000310666
126.92 0.712079 0.773238 0.508863 0.00130641 0.00241949 -0.000186719
126.94 0.712151 0.773314 0.508845 0.00181037 0.00188643 -0.000463417
126.96 0.712245 0.773379 0.508828 0.00233454 0.00163533 -0.000420806
126.98 0.712349 0.773448 0.508825 0.00261078 0.00172057 -6.1713e-05
127 0.712446 0.773531 0.508844 0.00242221 0.00207986 0.000467296
127.02 0.712518 0.773633 0.50888 0.00179224 0.00253619 0.000909926
127.04 0.712558 0.773747 0.508922 0.00101487 0.00286522 0.00104544
127.06 0.712578 0.773863 0.508955 0.000489353 0.00289448 0.000829408
127.08 0.712597 0.773966 0.508972 0.000484774 0.0025841 0.000406092
127.1 0.712637 0.774049 0.508971 0.00100255 0.0020568 -1.00321e-05
127.12 0.712709 0.774111 0.508961 0.00179186 0.00156212 -0.000245469
127.14 0.712808 0.774166 0.508953 0.00247486 0.00136541 -0.000199497
127.16 0.712917 0.77423 0.508959 0.00273221 0.00159991 0.000139818
127.18 0.713016 0.774316 0.508985 0.00246106 0.00216719 0.000654647
127.2 0.713089 0.774427 0.50903 0.00182271 0.00275776 0.00110981
127.22 0.713135 0.774547 0.509081 0.00115644 0.00301121 0.00127867
127.24 0.713167 0.774657 0.509125 0.000805284 0.00275316 0.00109777
127.26 0.713205 0.774742 0.509153 0.000939725 0.00212784 0.000714044
127.28 0.713263 0.774803 0.509168 0.00146351 0.00150784 0.000376234
127.3 0.713347 0.774854 0.509179 0.00208157 0.00127627 0.000269705
127.32 0.713446 0.774919 0.509196 0.00248196 0.00161956 0.00041767
127.34 0.713546 0.775015 0.509224 0.00251388 0.00242225 0.000699145
127.36 0.713637 0.775147 0.509261 0.00225647 0.00329466 0.000944064
127.38 0.713714 0.775298 0.509302 0.00193303 0.00376103 0.00102528
127.4 0.713784 0.775439 0.509339 0.00175155 0.00353964 0.000905001
127.42 0.713856 0.775549 0.509364 0.00180033 0.00274837 0.000638381
127.44 0.713938 0.775624 0.509378 0.00203923 0.00188308 0.000345643
127.46 0.714032 0.775686 0.509385 0.00236118 0.00152605 0.000167698
127.48 0.714138 0.775764 0.509393 0.00265612 0.00195761 0.000219596
127.5 0.714252 0.775882 0.509415 0.00283075 0.00294994 0.000540399
127.52 0.714365 0.776038 0.509458 0.00283446 0.00390254 0.00106872
127.54 0.714473 0.776208 0.509524 0.00270672 0.0042483 0.00165567
127.56 0.714576 0.776362 0.509608 0.00256896 0.0038419 0.00210066
127.58 0.714677 0.776483 0.509696 0.0025321 0.00304028 0.00220679
127.6 0.714782 0.77658 0.509771 0.00261426 0.0024239 0.00185825
127.62 0.714892 0.776676 0.509815 0.00275274 0.00239245 0.00109828
127.64 0.715007 0.776793 0.509821 0.00287296 0.00293463 0.000153182
127.66 0.715124 0.776941 0.509795 0.00293091 0.00368256 -0.000649233
127.68 0.715241 0.777108 0.509754 0.00292584 0.00418411 -0.00103075
127.7 0.715357 0.777276 0.509718 0.00288552 0.00421334 -0.000894003
127.72 0.71547 0.777433 0.509703 0.00282551 0.0039065 -0.000366446
127.74 0.715579 0.777578 0.509714 0.00272541 0.00362543 0.000265005
127.76 0.715681 0.777724 0.509742 0.00256529 0.00365214 0.000710774
127.78 0.715777 0.777883 0.509775 0.00238642 0.0039702 0.000831817
127.8 0.715868 0.778054 0.509803 0.00228837 0.00428846 0.000687023
127.82 0.715962 0.778226 0.509821 0.00235189 0.0042889 0.000453207
127.84 0.716065 0.778382 0.509833 0.00256477 0.00390593 0.000293634
127.86 0.716178 0.778517 0.509844 0.00283086 0.00338672 0.000273484
127.88 0.716299 0.778641 0.509858 0.00302334 0.0030874 0.000357783
127.9 0.71642 0.77877 0.509877 0.00303447 0.00321972 0.000466135
127.92 0.716534 0.778919 0.509898 0.00284123 0.00372929 0.000542323
127.94 0.716636 0.779092 0.509922 0.00253743 0.00432686 0.000588682
127.96 0.716727 0.779278 0.509947 0.00227577 0.00464358 0.000627541
127.98 0.716814 0.779456 0.509972 0.00217316 0.00444908 0.000636606
128 0.716904 0.779608 0.509994 0.00226102 0.00380463 0.000550359
128.02 0.717004 0.779729 0.510008 0.0025044 0.00303037 0.000337382
128.04 0.717118 0.779829 0.510012 0.00284638 0.00250663 8.79829e-05
128.06 0.717247 0.779928 0.510012 0.00321456 0.00247256 2.11155e-05
128.08 0.717386 0.780046 0.510026 0.00349247 0.00293743 0.000341546
128.1 0.717527 0.780193 0.510068 0.00352973 0.00368577 0.00103814
128.12 0.717656 0.780368 0.51014 0.00322182 0.00436424 0.00181588
128.14 0.717761 0.780554 0.51023 0.00261187 0.00464806 0.00225694
128.16 0.717838 0.78073 0.510314 0.00191932 0.00440193 0.00209451
128.18 0.717896 0.780879 0.51037 0.00144817 0.00373157 0.00138832
128.2 0.717952 0.780995 0.510389 0.00140969 0.00291272 0.000473429
128.22 0.718023 0.781085 0.510378 0.00178015 0.00224934 -0.00026647
128.24 0.718115 0.781163 0.510355 0.00230423 0.00194193 -0.000586309
128.26 0.71822 0.781244 0.510338 0.00262196 0.00202967 -0.000420836
128.28 0.718318 0.78134 0.510344 0.00245431 0.0023975 0.000144
128.3 0.71839 0.781453 0.51038 0.00179108 0.00281338 0.000911271
128.32 0.718428 0.781573 0.510445 0.000938464 0.00301267 0.00162125
128.34 0.718441 0.781687 0.510526 0.000328283 0.00284783 0.00202923
128.36 0.71845 0.781783 0.510606 0.000241176 0.00240169 0.00200439
128.38 0.718477 0.78186 0.51067 0.000671403 0.00192161 0.00159145
128.4 0.718531 0.781926 0.510709 0.00135098 0.00164551 0.000978907
128.42 0.718607 0.781993 0.510725 0.00188919 0.00168873 0.000389152
128.44 0.718687 0.782074 0.510724 0.0020025 0.00200918 -1.63683e-05
128.46 0.718755 0.78217 0.510717 0.00169521 0.00241173 -0.000166872
128.48 0.718804 0.782275 0.510715 0.0012325 0.0026275 -6.72336e-05
128.5 0.71884 0.782374 0.510724 0.000904109 0.00247411 0.000227004
128.52 0.718872 0.782453 0.510749 0.000801397 0.0019735 0.000626122
128.54 0.718904 0.782507 0.51079 0.00079392 0.00133547 0.0010253
128.56 0.718931 0.782541 0.510842 0.000667949 0.000848805 0.00131588
128.58 0.718943 0.78257 0.510898 0.000315713 0.000733342 0.00139531
128.6 0.718938 0.782611 0.510946 -0.000129985 0.00102479 0.00120481
128.62 0.718924 0.782674 0.510977 -0.000342327 0.00157193 0.000775554
128.64 0.718924 0.78276 0.510986 -1.93209e-05 0.00214282 0.000221102
128.66 0.718958 0.782861 0.510974 0.000867866 0.00254011 -0.000304489
128.68 0.719037 0.782967 0.510948 0.0019779 0.00265814 -0.000641163
128.7 0.719148 0.783067 0.510922 0.00275422 0.0024952 -0.000670793
128.72 0.719259 0.783154 0.510907 0.00277605 0.0021608 -0.000363768
128.74 0.719341 0.783227 0.510915 0.00204669 0.00183392 0.000199254
128.76 0.71938 0.783293 0.510948 0.000996069 0.00165463 0.000835653
128.78 0.719389 0.783359 0.511001 0.000216404 0.00165489 0.00131772
128.8 0.719394 0.783432 0.51106 0.000118015 0.00180521 0.00147538
128.82 0.719422 0.783515 0.511111 0.000704626 0.00207197 0.00128054
128.84 0.719486 0.783611 0.511145 0.00160018 0.00240319 0.000834704
128.86 0.719578 0.783719 0.511156 0.0022916 0.00270011 0.000283085
128.88 0.719675 0.783833 0.511146 0.00242685 0.00284749 -0.000252771
128.9 0.719755 0.783944 0.511118 0.00200607 0.0027858 -0.000686738
128.92 0.71981 0.784046 0.51108 0.00137683 0.00256058 -0.000950325
128.94 0.719851 0.78414 0.511041 0.00102566 0.00233654 -0.000984308
128.96 0.719901 0.784234 0.511011 0.00125509 0.00234805 -0.000755489
128.98 0.71998 0.784344 0.511 0.00196012 0.00275587 -0.00027333
129 0.720088 0.784484 0.511016 0.00271226 0.0034889 0.000400106
129.02 0.720211 0.784653 0.511062 0.0030746 0.00423239 0.00114753
129.04 0.720327 0.784838 0.511134 0.00289888 0.00461555 0.00179952
129.06 0.720423 0.785016 0.51122 0.00240849 0.00447003 0.00216092
129.08 0.720505 0.785174 0.511304 0.00203293 0.00394542 0.00209297
129.1 0.720589 0.78531 0.511368 0.00211084 0.00340639 0.0016072
129.12 0.720696 0.785438 0.511403 0.00266126 0.00319886 0.000881732
129.14 0.720831 0.785576 0.511411 0.00338401 0.00343906 0.000175678
129.16 0.720986 0.785735 0.511399 0.00386773 0.00396658 -0.000292012
129.18 0.72114 0.785914 0.511382 0.00386946 0.00448417 -0.000421224
129.2 0.72128 0.786105 0.511373 0.00348481 0.00476433 -0.00022593
129.22 0.721403 0.786295 0.511382 0.00307076 0.00475636 0.000219928
129.24 0.72152 0.786477 0.511414 0.00294188 0.00455553 0.000815488
129.26 0.721644 0.786649 0.511471 0.00310315 0.00430806 0.00142443
129.28 0.721775 0.786814 0.511547 0.00327056 0.00412071 0.0018887
129.3 0.721901 0.786975 0.511631 0.00314491 0.00401485 0.0020917
129.32 0.722008 0.787133 0.511711 0.00267768 0.00395091 0.00200612
129.34 0.722093 0.787288 0.511778 0.00212275 0.00388059 0.00167912
129.36 0.722167 0.787439 0.511826 0.00185314 0.00377849 0.00120415
129.38 0.72225 0.787585 0.511854 0.00207994 0.00363879 0.000702545
129.4 0.722358 0.787723 0.511866 0.00268215 0.00346669 0.000300901
129.42 0.722489 0.787855 0.511869 0.00328021 0.00328457 7.89136e-05
129.44 0.722628 0.78798 0.51187 0.00348825 0.0031412 1.4528e-05
129.46 0.722754 0.788104 0.51187 0.00314454 0.00309759 5.84083e-06
129.48 0.72285 0.788232 0.511869 0.00239016 0.00319856 -4.23598e-05
129.5 0.722913 0.78837 0.511863 0.00157831 0.00344141 -0.000147915
129.52 0.722956 0.788519 0.511852 0.00107577 0.00373473 -0.000254654
129.54 0.722998 0.788675 0.511841 0.00105781 0.00389918 -0.000289153
129.56 0.723055 0.788825 0.511833 0.00142667 0.0037502 -0.000192056
129.58 0.723132 0.788955 0.511836 0.00191643 0.0032307 6.44963e-05
129.6 0.723224 0.789055 0.511853 0.00230354 0.00251156 0.000424312
129.62 0.723325 0.789133 0.511882 0.00252966 0.00194705 0.000721531
129.64 0.723432 0.789209 0.511912 0.00267052 0.0018936 0.000759487
129.66 0.723545 0.789308 0.51193 0.00282686 0.00247997 0.00046106
129.68 0.723666 0.789447 0.511929 0.0030126 0.00346776 -3.89165e-05
129.7 0.72379 0.78962 0.511911 0.00310919 0.00434286 -0.000453664
129.72 0.723908 0.789804 0.51189 0.00295124 0.0046064 -0.000521206
129.74 0.724008 0.789967 0.511883 0.00249364 0.00407353 -0.000173953
129.76 0.724085 0.790087 0.5119 0.00191552 0.00298364 0.000425511
129.78 0.724146 0.790161 0.51194 0.00154588 0.00185706 0.00100216
129.8 0.724212 0.790209 0.511993 0.00164701 0.00118788 0.0013305
129.82 0.724301 0.790256 0.512047 0.00221125 0.00118677 0.00134092
129.84 0.724418 0.790324 0.512092 0.00292081 0.00170366 0.00111858
129.86 0.724551 0.790418 0.512125 0.00332826 0.00235286 0.000824775
129.88 0.724677 0.790528 0.512149 0.00315698 0.0027502 0.000604157
129.9 0.724777 0.790636 0.51217 0.00250564 0.00269551 0.000530983
129.92 0.724849 0.790725 0.512195 0.00179927 0.00222193 0.000612433
129.94 0.724909 0.790787 0.512227 0.00150475 0.00154747 0.000807493
129.96 0.724982 0.790826 0.512268 0.0018102 0.00096987 0.00103032
129.98 0.725081 0.790855 0.512315 0.00247953 0.000723636 0.00116156
130 0.7252 0.79089 0.512359 0.00298546 0.000878231 0.00110421
130.02 0.725315 0.790943 0.512393 0.0028537 0.00132459 0.000851351
130.04 0.725394 0.791016 0.512413 0.00198233 0.00183025 0.000503424
130.06 0.725423 0.791101 0.512422 0.000726513 0.0021358 0.00021985
130.08 0.72541 0.791185 0.512427 -0.000309963 0.00209432 0.000131179
130.1 0.725385 0.791256 0.512438 -0.000648724 0.00177082 0.000271177
130.12 0.725376 0.791311 0.512461 -0.000207477 0.00137077 0.000579707
130.14 0.725404 0.791354 0.512499 0.000697252 0.00108361 0.000942883
130.16 0.725467 0.791394 0.512548 0.0015683 0.00100497 0.00122335
130.18 0.725548 0.79144 0.5126 0.00201882 0.00114416 0.00130116
130.2 0.725626 0.791498 0.512645 0.00196497 0.00143948 0.00113092
130.22 0.72569 0.791569 0.512676 0.00159902 0.00177376 0.000772961
130.24 0.725737 0.79165 0.51269 0.00117795 0.00202657 0.00036013
130.26 0.72577 0.791735 0.512691 0.000814276 0.00213235 1.91697e-05
130.28 0.725788 0.791819 0.512683 0.000442288 0.00209377 -0.000204934
130.3 0.725787 0.791898 0.512668 -1.44846e-05 0.00197899 -0.000364776
130.32 0.725769 0.791975 0.512646 -0.000440791 0.00192254 -0.00055079
130.34 0.725748 0.792058 0.512614 -0.00053129 0.00207577 -0.000800427
130.36 0.725747 0.792158 0.512573 -1.87577e-05 0.00249288 -0.00102092
130.38 0.72579 0.79228 0.512534 0.00106156 0.0030558 -0.000988516
130.4 0.725881 0.792422 0.512514 0.00227399 0.00354584 -0.000489788
130.42 0.725999 0.792574 0.512533 0.00296756 0.00381147 0.000463415
130.44 0.726107 0.792728 0.512594 0.00268228 0.00385818 0.00154097
130.46 0.726167 0.79288 0.512684 0.00150508 0.00379378 0.00224632
130.48 0.72617 0.793029 0.512773 7.96238e-05 0.00371613 0.00222013
130.5 0.72614 0.793175 0.512832 -0.000755977 0.00366619 0.00146518
130.52 0.726121 0.793322 0.512846 -0.000470734 0.00365415 0.000347685
130.54 0.726154 0.793469 0.512821 0.000830987 0.00367964 -0.000620141
130.56 0.726254 0.793619 0.512778 0.00248566 0.00374983 -0.00107674
130.58 0.7264 0.793775 0.512738 0.00366216 0.0038975 -0.00099269
130.6 0.726552 0.793942 0.512713 0.00380674 0.00417135 -0.000614238
130.62 0.726669 0.794125 0.512704 0.00291274 0.00457367 -0.000228475
130.64 0.726729 0.794324 0.512706 0.00150332 0.00498809 3.50911e-05
130.66 0.726743 0.794532 0.512714 0.000336365 0.00519779 0.000221621
130.68 0.726742 0.794732 0.512732 -1.70851e-05 0.00501163 0.00043974
130.7 0.726763 0.794909 0.512762 0.000535332 0.00440556 0.000755253
130.72 0.726828 0.795052 0.512808 0.00160883 0.00357827 0.00115222
130.74 0.726932 0.795167 0.512871 0.00260819 0.00286987 0.00155634
130.76 0.727055 0.795269 0.512945 0.00307253 0.00255676 0.00185818
130.78 0.72717 0.795376 0.513022 0.00287877 0.00267892 0.00193398
130.8 0.727259 0.795498 0.51309 0.00222544 0.00304692 0.00169222
130.82 0.727318 0.795633 0.513135 0.00147447 0.00338916 0.00112905
130.84 0.727356 0.795774 0.51315 0.000958009 0.00352491 0.00036785
130.86 0.72739 0.795913 0.513136 0.000834016 0.00346114 -0.000343315
130.88 0.727432 0.796046 0.513108 0.00106683 0.00333491 -0.000709449
130.9 0.727493 0.796177 0.513086 0.00151361 0.0032727 -0.000548932
130.92 0.727574 0.79631 0.513088 0.0020259 0.00331934 6.00332e-05
130.94 0.727674 0.796448 0.51312 0.00248865 0.00344551 0.000786269
130.96 0.727786 0.796591 0.513169 0.0028114 0.00357529 0.00124499
130.98 0.727903 0.796736 0.513219 0.00292207 0.00363633 0.00124736
131 0.728014 0.796881 0.513255 0.00278534 0.00362133 0.000897193
131.02 0.728112 0.797024 0.513274 0.00244883 0.0035776 0.0004605
131.04 0.728195 0.797166 0.51328 0.00206545 0.00354394 0.000156241
131.06 0.728269 0.797307 0.513282 0.00185297 0.0035225 5.94732e-05
131.08 0.728349 0.797447 0.513288 0.00199804 0.0034991 0.000137042
131.1 0.72845 0.797586 0.513301 0.00252154 0.00347772 0.000331691
131.12 0.728578 0.797725 0.513326 0.00319931 0.00346741 0.000612764
131.14 0.728724 0.797863 0.513364 0.00366019 0.00345354 0.00095023
131.16 0.728869 0.797999 0.513414 0.0036274 0.00341601 0.00125408
131.18 0.728994 0.798134 0.513469 0.00312466 0.00337099 0.00137622
131.2 0.729094 0.798269 0.513517 0.00248326 0.00338058 0.00120699
131.22 0.729179 0.798409 0.513548 0.00212522 0.00348135 0.000763652
131.24 0.729269 0.798552 0.513555 0.00226634 0.00358995 0.000182742
131.26 0.729379 0.798693 0.513541 0.00274955 0.00350757 -0.000360043
131.28 0.729505 0.798816 0.513512 0.00315665 0.00307305 -0.000717449
131.3 0.729631 0.79891 0.51348 0.00313161 0.00235139 -0.000792991
131.32 0.729737 0.798975 0.513458 0.00265787 0.00164636 -0.000543283
131.34 0.72982 0.799027 0.513459 0.00207246 0.00129291 1.12063e-05
131.36 0.729892 0.799084 0.513489 0.00179691 0.00142806 0.00075323
131.38 0.729972 0.799162 0.513547 0.00199273 0.00194366 0.00145113
131.4 0.730068 0.799266 0.51362 0.00242416 0.00259872 0.00181601
131.42 0.730174 0.799392 0.513685 0.00263987 0.0031402 0.00164273
131.44 0.730268 0.799527 0.513724 0.00233806 0.00338666 0.000962054
131.46 0.730333 0.799658 0.513727 0.00163164 0.00327943 8.47588e-05
131.48 0.730372 0.799774 0.513706 0.000986531 0.00288321 -0.000537044
131.5 0.730408 0.799867 0.513683 0.000890124 0.00233152 -0.00056736
131.52 0.730468 0.799938 0.513682 0.00150044 0.00176975 -1.33698e-05
131.54 0.730569 0.799991 0.513712 0.00251614 0.00134079 0.000736928
131.56 0.730703 0.800038 0.513758 0.00335898 0.00115974 0.00114253
131.58 0.730846 0.800088 0.513793 0.00356533 0.00125387 0.000872501
131.6 0.73097 0.800149 0.513794 0.00311592 0.00151768 3.79577e-05
131.62 0.731067 0.800219 0.513759 0.00241784 0.0017535 -0.000878993
131.64 0.731146 0.800291 0.513706 0.00196776 0.00180622 -0.00133001
131.66 0.731225 0.800357 0.513665 0.00197173 0.00166252 -0.0010285
131.68 0.731313 0.800415 0.51366 0.002209 0.00143884 -0.000106574
131.7 0.731403 0.800467 0.513699 0.00224495 0.00130044 0.000977481
131.72 0.731475 0.800521 0.513768 0.00181608 0.00134245 0.00171702
131.74 0.731518 0.800581 0.513842 0.00106564 0.00150403 0.00183991
131.76 0.731536 0.800645 0.513898 0.000439872 0.00161665 0.00141137
131.78 0.73155 0.800708 0.513927 0.000352949 0.00157238 0.000731772
131.8 0.731585 0.800766 0.513933 0.000887254 0.00144464 0.000137424
131.82 0.731655 0.800823 0.513926 0.00173688 0.00141912 -0.000173556
131.84 0.731752 0.800887 0.513918 0.00242973 0.00160836 -0.000202519
131.86 0.731858 0.800964 0.513914 0.00264695 0.00192755 -8.61214e-05
131.88 0.731953 0.801051 0.513916 0.00238854 0.00216765 4.99431e-05
131.9 0.732029 0.801139 0.513925 0.00190586 0.00219479 0.000203453
131.92 0.732089 0.801221 0.513943 0.00149489 0.00205394 0.000458317
131.94 0.732141 0.801297 0.513977 0.00129878 0.0019011 0.000851019
131.96 0.732192 0.801372 0.514029 0.0012668 0.00187648 0.00129028
131.98 0.732242 0.801453 0.514092 0.00126547 0.00202474 0.00159505
132 0.732291 0.801545 0.514157 0.00121155 0.00228463 0.00161973
132.02 0.732337 0.801647 0.514212 0.00114225 0.00255113 0.00138136
132.04 0.732384 0.801757 0.514255 0.00117401 0.00277103 0.00106821
132.06 0.732439 0.801877 0.514291 0.00137945 0.00298854 0.000900049
132.08 0.732507 0.802008 0.514329 0.00170342 0.00328392 0.000958863
132.1 0.732586 0.802155 0.514375 0.00198323 0.00367642 0.00113042
132.12 0.732668 0.80232 0.514422 0.00204402 0.00410502 0.00118144
132.14 0.732741 0.802499 0.514459 0.00181736 0.00447826 0.000920762
132.16 0.732797 0.802688 0.514473 0.0014084 0.00472532 0.000351718
132.18 0.732839 0.80288 0.514461 0.00103754 0.00481382 -0.00029989
132.2 0.732874 0.803069 0.514432 0.000890011 0.00472807 -0.000733004
132.22 0.732914 0.803248 0.514399 0.00100633 0.00445364 -0.000803694
132.24 0.732965 0.803408 0.514374 0.00126287 0.00400853 -0.000628934
132.26 0.733022 0.803548 0.514356 0.00143701 0.00349266 -0.000444096
132.28 0.733076 0.803672 0.514342 0.00133571 0.00311429 -0.000363302
132.3 0.733112 0.803797 0.51433 0.000916091 0.0031259 -0.000291275
132.32 0.733127 0.803943 0.514329 0.000354469 0.00364619 -3.99704e-05
132.34 0.733126 0.804123 0.514348 -2.06281e-05 0.00450927 0.000473392
132.36 0.733128 0.804336 0.514392 6.23328e-05 0.00531524 0.00110197
132.38 0.733153 0.804563 0.514452 0.000617665 0.00566383 0.00151757
132.4 0.733207 0.804778 0.514508 0.00135829 0.00538563 0.00140067
132.42 0.733281 0.804963 0.514534 0.00184379 0.00462184 0.000650528
132.44 0.733352 0.805112 0.514514 0.00176354 0.00373463 -0.000522972
132.46 0.733399 0.805235 0.514446 0.00117168 0.00307437 -0.00168164
132.48 0.733417 0.805346 0.514352 0.000472967 0.0027804 -0.00234645
132.5 0.733423 0.805458 0.514264 0.000137746 0.00279414 -0.00220345
132.52 0.733438 0.805579 0.514215 0.000376181 0.0030198 -0.00124439
132.54 0.733479 0.805715 0.514223 0.00102944 0.00339052 0.000209399
132.56 0.733548 0.805866 0.514287 0.00172235 0.00379554 0.00160276
132.58 0.733633 0.806028 0.514381 0.00213222 0.00404605 0.00236043
132.6 0.73372 0.806186 0.514468 0.00217001 0.0039481 0.00216855
132.62 0.7338 0.806323 0.514515 0.00198612 0.00342309 0.00116978
132.64 0.733874 0.806427 0.514511 0.0018498 0.00260404 -8.80712e-05
132.66 0.733952 0.806501 0.514474 0.00195224 0.00183392 -0.000940434
132.68 0.734041 0.806561 0.514435 0.00223927 0.00151612 -0.000963133
132.7 0.734139 0.806636 0.514427 0.00244885 0.00186906 -0.000197017
132.72 0.734234 0.806745 0.514464 0.00237704 0.00273295 0.000910658
132.74 0.734318 0.806889 0.514535 0.00209594 0.00359932 0.00178163
132.76 0.734394 0.807046 0.514615 0.00190111 0.0039085 0.00200687
132.78 0.734477 0.807183 0.514676 0.002074 0.00342303 0.00152833
132.8 0.734584 0.807278 0.514701 0.00266462 0.00238971 0.000620778
132.82 0.734721 0.807333 0.514689 0.00342059 0.00137978 -0.000306249
132.84 0.734878 0.807371 0.514652 0.00392923 0.000949242 -0.000923923
132.86 0.735035 0.807424 0.51461 0.00392109 0.0013118 -0.00106366
132.88 0.735174 0.807512 0.514582 0.00347816 0.00221054 -0.000688409
132.9 0.735293 0.807636 0.514587 0.00297747 0.00308856 0.000128668
132.92 0.735405 0.807773 0.514634 0.00280821 0.00343749 0.0011743
132.94 0.735529 0.807897 0.514718 0.00309163 0.00309718 0.00208388
132.96 0.735673 0.80799 0.514815 0.00359694 0.0023142 0.00243406
132.98 0.735829 0.808052 0.514893 0.00391077 0.00155033 0.00195356
133 0.73598 0.8081 0.514923 0.00376768 0.00121725 0.000747835
133.02 0.73611 0.808159 0.514896 0.00326621 0.00147412 -0.00066422
133.04 0.736221 0.808246 0.514832 0.00276436 0.00216542 -0.00160925
133.06 0.736325 0.808363 0.514766 0.00259581 0.00293113 -0.00165701
133.08 0.736439 0.8085 0.514731 0.00286204 0.00342671 -0.000874143
133.1 0.736574 0.80864 0.51474 0.00336817 0.003502 0.000242808
133.12 0.736723 0.808769 0.514784 0.00371258 0.00321886 0.00109553
133.14 0.736864 0.808879 0.514838 0.00354766 0.00275179 0.00133248
133.16 0.736979 0.808971 0.514877 0.0028564 0.00230062 0.000989727
133.18 0.737058 0.809053 0.514893 0.00198344 0.00204185 0.000392726
133.2 0.737113 0.809136 0.51489 0.00136218 0.00206849 -8.20929e-05
133.22 0.73716 0.809229 0.51488 0.00118623 0.00234557 -0.000235842
133.24 0.737213 0.809339 0.514876 0.00132071 0.00273063 -0.000113292
133.26 0.737272 0.80946 0.51488 0.00147561 0.00303929 0.000121069
133.28 0.737329 0.809586 0.514894 0.00144017 0.00313352 0.000345925
133.3 0.737378 0.809705 0.514915 0.00121717 0.00297812 0.000521384
133.32 0.737418 0.809811 0.51494 0.00098938 0.00264591 0.000610561
133.34 0.737455 0.809902 0.514961 0.000943375 0.00228456 0.00053273
133.36 0.737499 0.809983 0.514969 0.00109974 0.00203065 0.000204677
133.38 0.737552 0.81006 0.514954 0.00130274 0.00193193 -0.000372995
133.4 0.737607 0.810138 0.514912 0.00139184 0.00194628 -0.00104541
133.42 0.737662 0.810218 0.514852 0.00137017 0.00198832 -0.00151918
133.44 0.737717 0.810297 0.514792 0.00137847 0.0019784 -0.00148792
133.46 0.737778 0.810372 0.514759 0.00151273 0.00187889 -0.00082441
133.48 0.737846 0.810441 0.51477 0.00170577 0.00171707 0.000279496
133.5 0.737919 0.810505 0.514825 0.0018248 0.00159702 0.00137266
133.52 0.737993 0.810572 0.514905 0.00184646 0.00167282 0.00200456
133.54 0.738068 0.810654 0.514985 0.00188705 0.00206444 0.00198737
133.56 0.738152 0.810764 0.515043 0.00209681 0.0027475 0.00145739
133.58 0.738254 0.810904 0.515072 0.00253688 0.00350439 0.000730069
133.6 0.738377 0.811065 0.515077 0.00309335 0.00401659 0.000112754
133.62 0.738517 0.811228 0.515069 0.00349484 0.00407204 -0.000195979
133.64 0.738657 0.811376 0.515065 0.00349347 0.00371653 -0.000107441
133.66 0.73878 0.811504 0.515079 0.00306937 0.00319588 0.000366542
133.68 0.738877 0.811615 0.515123 0.00244334 0.00277478 0.00108349
133.7 0.738953 0.81172 0.515193 0.00189007 0.00261659 0.00176125
133.72 0.739015 0.81183 0.515276 0.00155582 0.00275694 0.00206275
133.74 0.739073 0.811954 0.515346 0.0014383 0.0031056 0.0017667
133.76 0.739131 0.812094 0.515383 0.00146955 0.00348994 0.00092146
133.78 0.739194 0.812245 0.515378 0.00156675 0.00376458 -0.00012879
133.8 0.73926 0.8124 0.515342 0.00164724 0.00387945 -0.000895805
133.82 0.739325 0.812554 0.515301 0.00162996 0.00384428 -0.00102524
133.84 0.739382 0.8127 0.51528 0.00141681 0.00367003 -0.000532036
133.86 0.739419 0.812835 0.515288 0.0009252 0.00337577 0.000192182
133.88 0.739427 0.812957 0.515313 0.000210083 0.00304049 0.000639361
133.9 0.739409 0.813069 0.515335 -0.000460804 0.00280645 0.000538292
133.92 0.739379 0.813182 0.515336 -0.000741816 0.00281188 2.00175e-05
133.94 0.73936 0.813306 0.515314 -0.000471477 0.00310267 -0.000532403
133.96 0.739367 0.813449 0.515282 0.000173533 0.00357775 -0.000805035
133.98 0.739398 0.81361 0.515252 0.000763426 0.00402118 -0.000758348
134 0.739433 0.813778 0.515229 0.000872777 0.00420133 -0.000577847
134.02 0.739447 0.813938 0.51521 0.000366057 0.00400122 -0.00045746
134.04 0.739429 0.814079 0.515194 -0.000463763 0.0035291 -0.000401095
134.06 0.739387 0.814203 0.515185 -0.00104966 0.00309497 -0.000225807
134.08 0.739349 0.814323 0.515193 -0.000958404 0.00301413 0.000201431
134.1 0.73934 0.814459 0.515223 -0.000215275 0.00338362 0.000743856
134.12 0.739369 0.814619 0.515265 0.000733778 0.00401229 0.00104445
134.14 0.739424 0.814802 0.515297 0.00136082 0.00455835 0.00081412
134.16 0.73948 0.814991 0.515301 0.00141743 0.00474437 9.58246e-05
134.18 0.739523 0.815172 0.515273 0.0010671 0.00451074 -0.000706738
134.2 0.739552 0.815333 0.51523 0.000722455 0.00402489 -0.00106647
134.22 0.739581 0.815475 0.515203 0.00073684 0.00354241 -0.00068695
134.24 0.739629 0.815604 0.515215 0.00118823 0.00323711 0.000300146
134.26 0.739703 0.815729 0.515272 0.00186089 0.00312854 0.00143086
134.28 0.739799 0.815855 0.51536 0.00239261 0.00313705 0.00220034
134.3 0.7399 0.815981 0.515454 0.00251832 0.0031589 0.00235421
134.32 0.73999 0.816106 0.515534 0.00225125 0.00311618 0.00199266
134.34 0.740064 0.816225 0.515591 0.00186168 0.00298513 0.00142652
134.36 0.740131 0.816337 0.515628 0.00165685 0.0027964 0.000931427
134.38 0.740201 0.816441 0.515652 0.00176792 0.00259394 0.000593671
134.4 0.740286 0.816537 0.515666 0.00212675 0.0024026 0.000340383
134.42 0.74039 0.816627 0.51567 0.00257916 0.00225512 0.000101302
134.44 0.740509 0.816715 0.515667 0.00299517 0.00220312 -7.19541e-05
134.46 0.740641 0.816805 0.515664 0.00330164 0.00224558 -6.47843e-05
134.48 0.74078 0.816896 0.51567 0.003451 0.00227614 0.000140336
134.5 0.740916 0.816982 0.515686 0.00340479 0.00214374 0.000395313
134.52 0.741043 0.817053 0.515706 0.00317319 0.00176938 0.000503176
134.54 0.741157 0.817102 0.515722 0.0028672 0.00122552 0.000410798
134.56 0.741265 0.817131 0.515733 0.00268325 0.000725454 0.000271039
134.58 0.741376 0.817151 0.515745 0.0027781 0.000513387 0.000290386
134.6 0.741501 0.81718 0.515765 0.00314206 0.000719222 0.000503373
134.62 0.741646 0.817232 0.515793 0.00361208 0.00129179 0.000705658
134.64 0.741806 0.817314 0.515818 0.00399106 0.00205271 0.000616359
134.66 0.741972 0.817426 0.515823 0.00414917 0.00279685 0.000134184
134.68 0.742134 0.817559 0.515802 0.00405925 0.00334013 -0.000513297
134.7 0.742285 0.817701 0.515767 0.00377992 0.00353568 -0.00089056
134.72 0.742422 0.817834 0.515739 0.00341139 0.00333507 -0.000693142
134.74 0.742543 0.817948 0.515738 0.00303971 0.0028514 -1.98992e-05
134.76 0.742651 0.818041 0.515766 0.00269981 0.00232106 0.000690802
134.78 0.742747 0.818121 0.515806 0.00240631 0.00199399 0.00101177
134.8 0.742837 0.818202 0.51584 0.00223049 0.00203722 0.000840025
134.82 0.742928 0.818301 0.515857 0.00229658 0.00247873 0.000420517
134.84 0.743035 0.818428 0.515862 0.00265873 0.00317074 0.000121872
134.86 0.743163 0.818581 0.515868 0.00320328 0.00383017 0.000169317
134.88 0.743311 0.818749 0.515889 0.00370525 0.00419919 0.000512634
134.9 0.74347 0.818917 0.515925 0.00397192 0.00419374 0.000905289
134.92 0.743627 0.819074 0.51597 0.00392643 0.00392304 0.00111094
134.94 0.743771 0.819218 0.516012 0.00359452 0.00360559 0.00105343
134.96 0.743893 0.819356 0.516044 0.00305918 0.00345325 0.00080369
134.98 0.743991 0.819498 0.516063 0.00244034 0.00354903 0.000467237
135 0.744067 0.81965 0.516068 0.0018936 0.00379095 0.000123811
135.02 0.74413 0.81981 0.516062 0.00158438 0.00399068 -0.00013153
135.04 0.744195 0.819971 0.516056 0.00161636 0.00403993 -0.000169677
135.06 0.744273 0.820129 0.516059 0.00195232 0.00395698 8.14059e-05
135.08 0.744369 0.820281 0.51608 0.00241676 0.00380228 0.000532917
135.1 0.744481 0.820426 0.516118 0.00278686 0.00360535 0.000941168
135.12 0.744597 0.820561 0.516159 0.00289163 0.00338218 0.0010327
135.14 0.744703 0.820688 0.516186 0.00265351 0.00317812 0.000669368
135.16 0.744786 0.820811 0.516184 0.00208507 0.00306207 -4.32875e-05
135.18 0.744838 0.820934 0.516153 0.00129352 0.00308866 -0.000779633
135.2 0.744858 0.821064 0.516106 0.000494188 0.00325101 -0.00116365
135.22 0.744856 0.821201 0.516066 -3.79608e-05 0.00343103 -0.000999972
135.24 0.744852 0.821338 0.51605 -9.66503e-05 0.00342461 -0.000411043
135.26 0.744865 0.821463 0.51606 0.000327843 0.00310476 0.000239866
135.28 0.744906 0.821566 0.516083 0.00101837 0.0025812 0.000593679
135.3 0.74497 0.821651 0.516104 0.00160054 0.0021399 0.000510841
135.32 0.745038 0.821732 0.516108 0.00170938 0.00201577 0.000108778
135.34 0.745088 0.821821 0.516094 0.00123465 0.00222597 -0.000355694
135.36 0.745106 0.821924 0.516068 0.000441243 0.00256745 -0.000648527
135.38 0.745098 0.822034 0.516041 -0.000190203 0.0027472 -0.000674496
135.4 0.745087 0.822137 0.516021 -0.000274323 0.0025838 -0.000489788
135.42 0.745097 0.822224 0.516013 0.000255103 0.0021744 -0.000209857
135.44 0.745142 0.822298 0.516016 0.00112061 0.00185474 8.5815e-05
135.46 0.745216 0.822375 0.516031 0.00185905 0.00192626 0.00037782
135.48 0.7453 0.822472 0.516059 0.0020886 0.00241559 0.000677241
135.5 0.745369 0.822596 0.516097 0.00173191 0.00309306 0.000968058
135.52 0.745411 0.822742 0.516144 0.00104681 0.003652 0.0011769
135.54 0.745429 0.822897 0.516193 0.000449054 0.00387777 0.00121195
135.56 0.74544 0.823047 0.516235 0.000268232 0.00374596 0.00104188
135.58 0.745464 0.823183 0.516264 0.000600779 0.00341113 0.000736739
135.6 0.745515 0.823307 0.516282 0.00129069 0.003089 0.000443067
135.62 0.745596 0.823424 0.516294 0.00202229 0.00292451 0.000312531
135.64 0.745696 0.823541 0.516311 0.00250237 0.00293907 0.000430387
135.66 0.7458 0.823664 0.516343 0.00259682 0.00307255 0.000779139
135.68 0.745894 0.823794 0.516393 0.00233341 0.00324388 0.00124924
135.7 0.745967 0.823929 0.51646 0.00183448 0.00337967 0.00168384
135.72 0.746017 0.824066 0.516537 0.0012586 0.00341415 0.00192314
135.74 0.746048 0.824197 0.51661 0.00076463 0.00329382 0.00183881
135.76 0.746067 0.824318 0.516666 0.000471945 0.00300943 0.00139025
135.78 0.746084 0.824423 0.516694 0.000429092 0.00263459 0.000698818
135.8 0.746109 0.824516 0.516696 0.000640048 0.00232233 4.68585e-05
135.82 0.746153 0.824604 0.516685 0.00107889 0.00221068 -0.000258844
135.84 0.746218 0.824696 0.516682 0.00164001 0.00229983 -8.73454e-05
135.86 0.746303 0.824794 0.516698 0.0021081 0.00243759 0.000412246
135.88 0.746392 0.824892 0.516734 0.00223407 0.00245023 0.000893224
135.9 0.746468 0.824983 0.516775 0.00189816 0.00227118 0.00102111
135.92 0.746517 0.825061 0.516802 0.00124071 0.00194876 0.000672504
135.94 0.746543 0.825124 0.516802 0.000641434 0.00159439 1.33573e-06
135.96 0.746563 0.825179 0.516776 0.000500346 0.00136979 -0.000660657
135.98 0.746601 0.825237 0.516735 0.000953655 0.00144334 -0.00100876
136 0.746672 0.825312 0.516698 0.00177955 0.00186373 -0.0009396
136.02 0.746776 0.825411 0.516674 0.00258822 0.00249816 -0.000589417
136.04 0.7469 0.825535 0.516665 0.00310153 0.00309526 -0.00022416
136.06 0.74703 0.825671 0.516662 0.00324719 0.00339088 -7.1986e-05
136.08 0.747153 0.8258 0.516653 0.00306613 0.0032219 -0.000218448
136.1 0.747258 0.825905 0.51663 0.00263254 0.00263397 -0.000589762
136.12 0.74734 0.825982 0.51659 0.00205226 0.00191308 -0.00100391
136.14 0.747399 0.826041 0.516539 0.00148182 0.00147237 -0.00126461
136.16 0.747445 0.826106 0.516489 0.00113425 0.00162722 -0.00124407
136.18 0.747493 0.8262 0.516453 0.00121997 0.0023584 -0.000917878
136.2 0.747566 0.82633 0.516438 0.00182527 0.00326113 -0.000376287
136.22 0.747679 0.826483 0.516445 0.00280434 0.00380298 0.000186682
136.24 0.74783 0.826631 0.516467 0.00378372 0.00371341 0.000545989
136.26 0.748003 0.826757 0.516489 0.00431326 0.00315523 0.000558848
136.28 0.748166 0.82686 0.516499 0.00408673 0.00257162 0.000253954
136.3 0.748291 0.826956 0.516493 0.00313557 0.0023905 -0.000165221
136.32 0.748367 0.827067 0.516476 0.00188366 0.00278757 -0.000426791
136.34 0.748404 0.827211 0.516462 0.000936165 0.0035977 -0.000343892
136.36 0.748433 0.827387 0.516465 0.000707959 0.00440398 8.1198e-05
136.38 0.74848 0.82758 0.516492 0.00119611 0.0048058 0.000656651
136.4 0.748562 0.827767 0.516536 0.00204925 0.00467715 0.00110996
136.42 0.748675 0.827934 0.516586 0.00281215 0.00418737 0.00125109
136.44 0.748801 0.828079 0.516629 0.00315736 0.00362748 0.00108108
136.46 0.748921 0.828209 0.51666 0.00300452 0.00323672 0.000771298
136.48 0.749021 0.828334 0.516682 0.00250247 0.00313661 0.000556261
136.5 0.749098 0.828467 0.516707 0.00192008 0.00333037 0.000618238
136.52 0.749158 0.828615 0.516747 0.00150741 0.00369193 0.000989715
136.54 0.749214 0.828775 0.516807 0.00138683 0.00399652 0.00152062
136.56 0.749275 0.828937 0.516886 0.00152349 0.00406259 0.00196131
136.58 0.749346 0.829093 0.51697 0.00177533 0.00388365 0.00211189
136.6 0.749425 0.829237 0.517047 0.00197282 0.00360173 0.00190992
136.62 0.749504 0.829372 0.517104 0.00198611 0.00337681 0.00142942
136.64 0.749575 0.829503 0.517138 0.00177778 0.00328618 0.000847251
136.66 0.749632 0.829635 0.517153 0.00142381 0.00329166 0.000382041
136.68 0.749676 0.829766 0.517161 0.00109372 0.00327968 0.000186032
136.7 0.749715 0.829893 0.51717 0.000975115 0.0031668 0.000241903
136.72 0.749761 0.830013 0.517185 0.0011556 0.00299656 0.00038182
136.74 0.749823 0.830131 0.517202 0.00154901 0.00295468 0.00041603
136.76 0.749901 0.830261 0.517212 0.0019525 0.00325329 0.000246017
136.78 0.749989 0.830418 0.517208 0.00219921 0.00391904 -8.86528e-05
136.8 0.75008 0.830604 0.517191 0.00227267 0.0046573 -0.000437612
136.82 0.750171 0.830802 0.517166 0.0022673 0.00494606 -0.000632489
136.84 0.750261 0.830977 0.517142 0.00224147 0.004373 -0.000596178
136.86 0.750347 0.831098 0.517126 0.00216844 0.00301445 -0.000398713
136.88 0.750428 0.831159 0.517117 0.00201763 0.00152643 -0.000210776
136.9 0.750501 0.831191 0.51711 0.00183495 0.000810495 -0.000178896
136.92 0.750572 0.831248 0.517098 0.00175613 0.00142766 -0.00031714
136.94 0.750649 0.831374 0.517078 0.00194375 0.0031555 -0.00049606
136.96 0.750747 0.831576 0.517056 0.00243198 0.0050406 -0.000545608
136.98 0.750867 0.831813 0.51704 0.00300052 0.00593862 -0.00040895
137 0.750998 0.832022 0.517031 0.00327071 0.00521672 -0.000204908
137.02 0.751118 0.83215 0.517027 0.00300994 0.00318702 -0.000110585
137.04 0.751213 0.832188 0.51702 0.00237526 0.000949854 -0.000175977
137.06 0.751286 0.832176 0.517009 0.00183699 -0.00029555 -0.000276112
137.08 0.75136 0.832175 0.516999 0.00183523 -1.44773e-05 -0.000247131
137.1 0.751458 0.83223 0.516997 0.00246196 0.00136461 -4.92458e-05
137.12 0.751593 0.832342 0.517004 0.00337537 0.00280977 0.000184228
137.14 0.751753 0.832478 0.517014 0.00400017 0.00340408 0.000236914
137.16 0.751909 0.832595 0.517013 0.00389765 0.00290585 -1.90862e-05
137.18 0.752032 0.832666 0.516993 0.00307566 0.00179179 -0.000492362
137.2 0.752112 0.832699 0.516957 0.00199631 0.000815162 -0.000909332
137.22 0.752162 0.832718 0.516917 0.00125817 0.000476639 -0.00100194
137.24 0.752211 0.83275 0.516889 0.00121571 0.000800368 -0.000690909
137.26 0.752284 0.832808 0.516884 0.00181631 0.00145631 -0.000135736
137.28 0.752391 0.83289 0.516899 0.00269139 0.0020456 0.000378168
137.3 0.752527 0.832984 0.516925 0.00339603 0.00235048 0.000645961
137.32 0.752673 0.83308 0.516953 0.00364129 0.00239739 0.000696384
137.34 0.752809 0.833173 0.516984 0.00340294 0.00232369 0.000773455
137.36 0.752923 0.833262 0.517029 0.00285634 0.00223565 0.00112399
137.38 0.753012 0.83335 0.517098 0.00222475 0.00218211 0.00174688
137.4 0.75308 0.833437 0.517192 0.00168249 0.00219554 0.00234394
137.42 0.753133 0.83353 0.517293 0.00134649 0.00232494 0.00253116
137.44 0.753185 0.833635 0.517379 0.00128725 0.0026186 0.00213151
137.46 0.753245 0.833757 0.517431 0.00149977 0.00305053 0.00131401
137.48 0.753319 0.833896 0.51745 0.00185198 0.00347624 0.000477233
137.5 0.753403 0.834044 0.51745 0.00210807 0.00369367 -1.41106e-05
137.52 0.753486 0.834187 0.517449 0.00206799 0.00357388 -2.31893e-05
137.54 0.753554 0.834314 0.517463 0.00169892 0.00316537 0.000346994
137.56 0.7536 0.834421 0.517498 0.00115263 0.00268865 0.000874347
137.58 0.753627 0.834518 0.517551 0.00066329 0.00243211 0.00133033
137.6 0.753643 0.834622 0.517612 0.000420492 0.00258111 0.00153636
137.62 0.753663 0.834744 0.517669 0.000497496 0.00306787 0.0014181
137.64 0.753696 0.834889 0.517711 0.000808767 0.00360462 0.00104509
137.66 0.753741 0.835044 0.517735 0.00112452 0.00389038 0.000593702
137.68 0.753788 0.835196 0.517745 0.00118114 0.00380406 0.000248824
137.7 0.753821 0.835334 0.517749 0.000835444 0.00344648 0.000111193
137.72 0.753827 0.835456 0.517755 0.000148932 0.00303701 0.000149683
137.74 0.753801 0.835567 0.517764 -0.00064825 0.00278018 0.000215846
137.76 0.753751 0.835678 0.517768 -0.00125791 0.00278593 0.000118937
137.78 0.753694 0.8358 0.517758 -0.00143625 0.0030307 -0.000265364
137.8 0.753649 0.835934 0.517722 -0.00110906 0.00335772 -0.000896372
137.82 0.753632 0.836078 0.51766 -0.000419398 0.00359399 -0.00154482
137.84 0.753646 0.836225 0.517584 0.000336622 0.00369592 -0.00190608
137.86 0.75368 0.836375 0.517512 0.000844053 0.00373283 -0.0018052
137.88 0.753715 0.836525 0.517458 0.000891947 0.00375251 -0.00133231
137.9 0.753734 0.836674 0.517427 0.000467882 0.00371953 -0.000789132
137.92 0.753726 0.836816 0.517407 -0.000198692 0.00357127 -0.000490147
137.94 0.753698 0.836949 0.517385 -0.000712275 0.00331692 -0.000560556
137.96 0.753669 0.837073 0.51735 -0.000714388 0.00308901 -0.000858605
137.98 0.753666 0.837196 0.517308 -7.42506e-05 0.00307661 -0.00106305
138 0.753708 0.837331 0.517273 0.00105387 0.00337908 -0.000886664
138.02 0.7538 0.837487 0.517261 0.00229397 0.00390789 -0.000285947
138.04 0.753928 0.837664 0.517281 0.00320956 0.0044086 0.000497158
138.06 0.754069 0.837847 0.517325 0.00350809 0.00457875 0.0011011
138.08 0.754196 0.838017 0.517377 0.00317776 0.00424806 0.00129186
138.1 0.754295 0.838158 0.517421 0.00247614 0.00353204 0.0010971
138.12 0.754367 0.83827 0.517451 0.00179183 0.0027944 0.000762144
138.14 0.754425 0.838366 0.517475 0.00145002 0.00239977 0.000592677
138.16 0.754486 0.838465 0.517506 0.00154373 0.00247721 0.000776
138.18 0.754563 0.838581 0.517557 0.00191913 0.00290059 0.00127789
138.2 0.754656 0.838718 0.517632 0.00232735 0.00343964 0.00188795
138.22 0.75476 0.838875 0.517727 0.00259327 0.00390898 0.00236421
138.24 0.754867 0.839044 0.517829 0.00266636 0.00421886 0.00253905
138.26 0.75497 0.839218 0.517922 0.00259562 0.00436187 0.00234101
138.28 0.75507 0.839392 0.517994 0.00248724 0.00434189 0.00178849
138.3 0.755168 0.839556 0.518033 0.00244683 0.00410214 0.00099026
138.32 0.755269 0.839698 0.518039 0.00253251 0.00356243 0.000148691
138.34 0.755379 0.839809 0.518021 0.00275397 0.00277394 -0.000468457
138.36 0.755503 0.83989 0.517996 0.00310018 0.00200992 -0.000606748
138.38 0.755644 0.839956 0.51799 0.0035311 0.00165348 -0.000154714
138.4 0.755803 0.840034 0.51802 0.0039581 0.00194474 0.000743483
138.42 0.755974 0.840145 0.518088 0.0042743 0.00278594 0.00170534
138.44 0.75615 0.840295 0.518179 0.00440834 0.00376007 0.00228547
138.46 0.756324 0.840471 0.518268 0.00435204 0.00437836 0.00221328
138.48 0.756491 0.840645 0.518329 0.00416046 0.00437217 0.00152844
138.5 0.756648 0.840798 0.518351 0.00394449 0.00381907 0.000535125
138.52 0.756801 0.84092 0.518336 0.00381484 0.00305228 -0.000369959
138.54 0.756953 0.841018 0.5183 0.00380931 0.00243844 -0.000882175
138.56 0.757108 0.841104 0.518264 0.00387411 0.00215254 -0.000912748
138.58 0.757264 0.841188 0.51824 0.00390337 0.00210248 -0.000607848
138.6 0.757417 0.841271 0.51823 0.00382318 0.00207344 -0.000244212
138.62 0.757564 0.841349 0.518227 0.0036554 0.00194942 -7.35573e-05
138.64 0.757704 0.841422 0.518219 0.00350564 0.00181617 -0.000205136
138.66 0.757844 0.841497 0.518196 0.00349442 0.00188403 -0.000559932
138.68 0.757989 0.841588 0.518159 0.00364615 0.0022817 -0.000931459
138.7 0.758142 0.841704 0.518114 0.00381445 0.00289 -0.00113341
138.72 0.758291 0.841838 0.518069 0.00373414 0.00336454 -0.00111642
138.74 0.75842 0.841973 0.518031 0.00321611 0.00336275 -0.000949029
138.76 0.758514 0.842084 0.518002 0.00235335 0.00278648 -0.00072714
138.78 0.758575 0.842158 0.517981 0.0015234 0.00184436 -0.000536194
138.8 0.758622 0.842195 0.517962 0.00116915 0.000922954 -0.000454021
138.82 0.758683 0.84221 0.517942 0.00151894 0.000371154 -0.000508545
138.84 0.75878 0.842223 0.517917 0.00242476 0.000319716 -0.000634899
138.86 0.758916 0.842248 0.517888 0.00341292 0.000636162 -0.00071314
138.88 0.759073 0.84229 0.517862 0.00393133 0.00104119 -0.000658986
138.9 0.75922 0.842342 0.517843 0.00367734 0.00130766 -0.00046622
138.92 0.759332 0.842397 0.517836 0.00277732 0.00137278 -0.000182526
138.94 0.759399 0.842449 0.517841 0.00169081 0.00130644 0.000135865
138.96 0.759436 0.842499 0.51786 0.000921884 0.00124369 0.00045933
138.98 0.759465 0.842552 0.517891 0.000729272 0.00131849 0.000786131
139 0.759506 0.842615 0.517935 0.00103171 0.00159001 0.00110608
139.02 0.759568 0.842696 0.51799 0.00152563 0.00200493 0.00136981
139.04 0.759643 0.842792 0.51805 0.00187962 0.00241897 0.00150678
139.06 0.759718 0.842899 0.518111 0.00188717 0.0026611 0.00150695
139.08 0.75978 0.843004 0.518171 0.00154564 0.00263144 0.00149701
139.1 0.759822 0.8431 0.518238 0.00104277 0.00239703 0.00167814
139.12 0.759847 0.843188 0.518323 0.000627664 0.00219399 0.00213324
139.14 0.759865 0.843279 0.518431 0.000446457 0.00228477 0.00269724
139.16 0.759883 0.843389 0.518552 0.000465057 0.00274069 0.00302375
139.18 0.759904 0.843522 0.518664 0.000520898 0.00334228 0.00280132
139.2 0.759923 0.843672 0.518743 0.000460631 0.00374674 0.00197402
139.22 0.759932 0.843823 0.518775 0.000248488 0.0037703 0.000805453
139.24 0.759932 0.843964 0.518764 -2.16029e-05 0.00353178 -0.000266583
139.26 0.759923 0.844099 0.518729 -0.000215146 0.00335937 -0.000881766
139.28 0.759912 0.84424 0.518692 -0.000278986 0.00353449 -0.000926257
139.3 0.7599 0.844402 0.518671 -0.000289902 0.00405741 -0.000538527
139.32 0.759885 0.844588 0.518671 -0.000372448 0.00463695 1.46433e-05
139.34 0.759863 0.844784 0.518691 -0.000558841 0.00489913 0.000508246
139.36 0.759835 0.844969 0.518726 -0.000705825 0.0046386 0.000857437
139.38 0.759812 0.845127 0.518769 -0.000568187 0.00395208 0.00107829
139.4 0.75981 0.845255 0.518815 -4.24269e-05 0.0032009 0.00115733
139.42 0.759836 0.845368 0.518855 0.00063796 0.00281795 0.000986421
139.44 0.759876 0.84549 0.518872 0.00099997 0.00304889 0.000441847
139.46 0.759904 0.845643 0.518854 0.000693893 0.0038096 -0.000461713
139.48 0.759896 0.845833 0.518795 -0.000194942 0.00476703 -0.0014677
139.5 0.75985 0.846055 0.518709 -0.00114599 0.00554491 -0.0021481
139.52 0.75979 0.84629 0.518623 -0.00150065 0.00587684 -0.00215239
139.54 0.759755 0.846516 0.518565 -0.000884873 0.00565073 -0.00145713
139.56 0.759775 0.846713 0.518549 0.000502184 0.00492569 -0.000400843
139.58 0.759853 0.846871 0.51857 0.00196345 0.00394831 0.000530058
139.6 0.759963 0.846995 0.51861 0.00274035 0.00309613 0.000992083
139.62 0.760062 0.847103 0.518648 0.00248877 0.00270499 0.000964503
139.64 0.76012 0.847218 0.518677 0.00144757 0.00286865 0.000713544
139.66 0.76013 0.847354 0.5187 0.000247213 0.00340086 0.000569118
139.68 0.760112 0.847514 0.518727 -0.000460628 0.00400357 0.000688543
139.7 0.760098 0.847692 0.518766 -0.000330528 0.00444213 0.000975056
139.72 0.76012 0.847877 0.518813 0.000540307 0.00462321 0.00117281
139.74 0.760188 0.84806 0.518855 0.00170601 0.004593 0.0010593
139.76 0.760294 0.848238 0.51888 0.00264709 0.0044504 0.000603904
139.78 0.760417 0.848408 0.518879 0.00306442 0.00424378 -2.55572e-05
139.8 0.760537 0.848566 0.518855 0.00299346 0.00395714 -0.000592822
139.82 0.760644 0.84871 0.518818 0.00269543 0.00358942 -0.000924904
139.84 0.760742 0.848839 0.51878 0.00244069 0.00321538 -0.000954113
139.86 0.760837 0.848957 0.518752 0.00236677 0.00295979 -0.00068388
139.88 0.760935 0.849073 0.518746 0.00246377 0.00291108 -0.000155492
139.9 0.761041 0.849196 0.518767 0.00263912 0.00305361 0.000529035
139.92 0.761154 0.849327 0.518814 0.00282478 0.00328827 0.00117884
139.94 0.761275 0.849468 0.518877 0.00303885 0.00351684 0.0015725
139.96 0.761409 0.849615 0.51894 0.00333801 0.00368725 0.00157931
139.98 0.761558 0.849766 0.51899 0.00373062 0.00375647 0.00123937
140 0.761724 0.849912 0.51902 0.00413661 0.00365086 0.000749247
140.02 0.761901 0.850043 0.519034 0.00443142 0.00328383 0.000356082
140.04 0.762082 0.850149 0.519043 0.00453255 0.00264057 0.000218878
140.06 0.76226 0.850223 0.519056 0.00445113 0.00186405 0.000331062
140.08 0.762432 0.850274 0.519079 0.0042877 0.00126043 0.000559647
140.1 0.762599 0.85032 0.519109 0.00418195 0.0011623 0.000753952
140.12 0.762768 0.850388 0.519142 0.00422052 0.00169234 0.000832234
140.14 0.762943 0.850492 0.519174 0.00437083 0.00259529 0.000793743
140.16 0.763122 0.850624 0.5192 0.0044965 0.00332437 0.000662004
140.18 0.7633 0.85076 0.519218 0.00442768 0.00338767 0.000440763
140.2 0.763462 0.850868 0.519224 0.00406234 0.00271174 0.000140109
140.22 0.763601 0.850937 0.519217 0.00346182 0.00171776 -0.000176049
140.24 0.763715 0.850978 0.519201 0.00285263 0.00102195 -0.000386325
140.26 0.763815 0.851017 0.519186 0.00250038 0.000981863 -0.000378
140.28 0.763916 0.851076 0.519181 0.00254305 0.00145609 -0.000130928
140.3 0.764032 0.851154 0.51919 0.00288923 0.00196257 0.000239759
140.32 0.764162 0.851236 0.519211 0.0032632 0.00205925 0.000514598
140.34 0.764298 0.851302 0.519231 0.00339395 0.00164083 0.000492014
140.36 0.764425 0.851341 0.519236 0.00317543 0.000981277 0.000133766
140.38 0.764532 0.851363 0.51922 0.0026792 0.000549124 -0.000392128
140.4 0.764616 0.851391 0.519187 0.00207956 0.00069772 -0.000821587
140.42 0.764679 0.851447 0.519149 0.00159189 0.00139848 -0.000948736
140.44 0.764735 0.851537 0.519121 0.00138672 0.00223425 -0.000704194
140.46 0.764794 0.851645 0.519115 0.00147632 0.0027063 -0.000150351
140.48 0.764862 0.851748 0.519137 0.00171062 0.00258554 0.000549441
140.5 0.764938 0.851829 0.519184 0.00190011 0.00202215 0.00117932
140.52 0.765016 0.851886 0.519247 0.0019368 0.00141513 0.00155947
140.54 0.765088 0.851932 0.519312 0.0018204 0.00116888 0.00163532
140.56 0.765152 0.85199 0.519371 0.00159435 0.00143976 0.00148002
140.58 0.765203 0.852071 0.51942 0.00127753 0.00203492 0.00120782
140.6 0.765239 0.852174 0.519456 0.000881869 0.00256256 0.000896976
140.62 0.765259 0.852283 0.51948 0.000509313 0.00271698 0.000598502
140.64 0.765274 0.852381 0.519495 0.000384902 0.00247002 0.000392662
140.66 0.765303 0.852463 0.519511 0.000702287 0.00204968 0.000388527
140.68 0.765358 0.852533 0.519536 0.00138517 0.00174572 0.000636393
140.7 0.76544 0.852601 0.519578 0.00204178 0.00170017 0.00103768
140.72 0.765528 0.852676 0.519633 0.00221549 0.00186351 0.0013722
140.74 0.765597 0.852761 0.51969 0.00170946 0.00212094 0.00144425
140.76 0.765626 0.852858 0.519739 0.000738707 0.0024234 0.00122091
140.78 0.765619 0.852969 0.519773 -0.000174776 0.00277581 0.000833932
140.8 0.765598 0.853094 0.519791 -0.00053067 0.00312399 0.000456036
140.82 0.765589 0.853226 0.519798 -0.000210491 0.00331752 0.000184265
140.84 0.765607 0.853355 0.519798 0.000425745 0.00320776 5.10408e-06
140.86 0.765639 0.853466 0.519792 0.000822813 0.00278674 -0.000157807
140.88 0.765666 0.853556 0.519778 0.000660517 0.0022558 -0.000341953
140.9 0.765669 0.853635 0.519759 7.61375e-05 0.00196589 -0.000481993
140.92 0.76565 0.853723 0.51974 -0.000463263 0.00220075 -0.000472399
140.94 0.76563 0.85384 0.519728 -0.000504937 0.00293443 -0.000297128
140.96 0.765634 0.853993 0.519726 8.75048e-05 0.00381721 -6.53148e-05
140.98 0.765676 0.85417 0.519729 0.00106924 0.0044223 9.30426e-05
141 0.765756 0.854351 0.519735 0.00199337 0.00453172 0.000137441
141.02 0.765855 0.854521 0.51974 0.00247343 0.00424682 0.00011506
141.04 0.76595 0.854676 0.519743 0.00236847 0.00387062 7.70128e-05
141.06 0.766023 0.854823 0.519744 0.00182257 0.00369109 3.18954e-05
141.08 0.766068 0.854976 0.519743 0.00114269 0.00382527 -2.51312e-05
141.1 0.766092 0.855145 0.51974 0.000592926 0.00420073 -7.40511e-05
141.12 0.766103 0.85533 0.519738 0.000282935 0.00463935 -5.9534e-05
141.14 0.766113 0.855528 0.519741 0.000226976 0.00494741 9.08782e-05
141.16 0.766131 0.855728 0.519758 0.000459232 0.00500436 0.000416309
141.18 0.766172 0.855921 0.519792 0.00101893 0.00482958 0.00086102
141.2 0.766244 0.856103 0.519843 0.00180753 0.00455301 0.00125894
141.22 0.766346 0.856276 0.5199 0.00254131 0.00431964 0.00142946
141.24 0.766462 0.856445 0.519953 0.00291094 0.0042184 0.00132278
141.26 0.766574 0.856616 0.519995 0.00279497 0.00426435 0.00105452
141.28 0.766667 0.856791 0.520026 0.00234007 0.00439549 0.000785126
141.3 0.766743 0.856971 0.52005 0.00187909 0.00450247 0.000594434
141.32 0.766812 0.857152 0.520069 0.00173301 0.00450993 0.000467688
141.34 0.766892 0.857329 0.520083 0.00200048 0.00443817 0.000359631
141.36 0.766992 0.857504 0.520094 0.00249377 0.00435781 0.000264583
141.38 0.767107 0.857675 0.520104 0.00288041 0.00427809 0.000246264
141.4 0.767224 0.857838 0.520119 0.00292112 0.004089 0.000387033
141.42 0.767329 0.857984 0.520147 0.0026275 0.00365242 0.000685631
141.44 0.767419 0.858103 0.520187 0.00224985 0.00297467 0.00101291
141.46 0.767504 0.858195 0.520234 0.00211737 0.00228267 0.00117935
141.48 0.7676 0.858271 0.520277 0.00240098 0.00191056 0.00106025
141.5 0.767718 0.858354 0.520304 0.00297062 0.00207974 0.000674642
141.52 0.767858 0.858464 0.520311 0.00349828 0.00273556 0.000180873
141.54 0.768006 0.858606 0.520302 0.0036918 0.00355854 -0.000210031
141.56 0.768144 0.858771 0.520288 0.00345302 0.00413265 -0.000351406
141.58 0.768261 0.858938 0.520279 0.00292567 0.00416675 -0.000233479
141.6 0.768358 0.859084 0.52028 0.00240763 0.00364685 3.20268e-05
141.62 0.768443 0.859198 0.520292 0.00214825 0.00284408 0.000302606
141.64 0.768531 0.859284 0.520312 0.00217676 0.00216331 0.000485214
141.66 0.768623 0.85936 0.520334 0.00231134 0.00189215 0.00056504
141.68 0.768716 0.859442 0.520359 0.00233131 0.00205108 0.000612374
141.7 0.768803 0.859541 0.520389 0.00217829 0.00246268 0.000742891
141.72 0.768884 0.859657 0.520429 0.00201821 0.00290715 0.00100058
141.74 0.768967 0.859785 0.52048 0.00208314 0.00321143 0.00127244
141.76 0.769065 0.859916 0.520533 0.00243472 0.00327506 0.00134689
141.78 0.76918 0.86004 0.520576 0.00287078 0.00309607 0.00107216
141.8 0.769301 0.860151 0.520595 0.00304253 0.00277694 0.000473754
141.82 0.76941 0.860249 0.520585 0.00271153 0.00245403 -0.000254259
141.84 0.769488 0.860338 0.520551 0.00196002 0.00221827 -0.000861367
141.86 0.769535 0.860423 0.520504 0.00115863 0.00212051 -0.0011662
141.88 0.769562 0.860511 0.52046 0.000681049 0.00219003 -0.00110415
141.9 0.769587 0.860605 0.520432 0.000629323 0.00237353 -0.000696913
141.92 0.769619 0.860705 0.520431 0.000808999 0.00249089 -3.41146e-05
141.94 0.769657 0.860799 0.520459 0.000933158 0.00234827 0.000712857
141.96 0.769692 0.860876 0.520512 0.000876196 0.00193381 0.00131096
141.98 0.769723 0.860936 0.520574 0.00079354 0.00148609 0.00155197
142 0.769763 0.860989 0.520628 0.000989418 0.00133042 0.00135455
142.02 0.769828 0.861054 0.52066 0.0016176 0.00163022 0.00081576
142.04 0.769927 0.861145 0.520667 0.00248668 0.0022591 0.000171241
142.06 0.770053 0.86126 0.520654 0.00315456 0.0028745 -0.00032923
142.08 0.770183 0.861385 0.520632 0.00324402 0.0031397 -0.000551047
142.1 0.770292 0.861503 0.520612 0.00272076 0.00295358 -0.000506639
142.12 0.770369 0.861605 0.520601 0.00192392 0.00253407 -0.000272631
142.14 0.770423 0.861695 0.520605 0.00134366 0.00226297 0.000100718
142.16 0.770475 0.861791 0.520629 0.0013086 0.00238562 0.000603301
142.18 0.770546 0.861903 0.520677 0.0017709 0.00280933 0.0011999
142.2 0.77064 0.86203 0.520747 0.00235198 0.00317136 0.00175528
142.22 0.770746 0.862154 0.520829 0.00264929 0.00311062 0.00204839
142.24 0.770848 0.862256 0.520905 0.00254765 0.00253928 0.00190536
142.26 0.770939 0.862326 0.520959 0.0022731 0.00174599 0.00134712
142.28 0.771025 0.862375 0.520983 0.00215952 0.00122273 0.000600836
142.3 0.771119 0.862427 0.520982 0.00233999 0.00131522 -4.2541e-05
142.32 0.771224 0.862506 0.520966 0.00263133 0.00198109 -0.000394469
142.34 0.771332 0.86262 0.520948 0.00269913 0.00283007 -0.000447289
142.36 0.771427 0.862755 0.520935 0.0023724 0.00338602 -0.000327968
142.38 0.7715 0.862891 0.520928 0.0018319 0.00339342 -0.000172748
142.4 0.77156 0.863009 0.520926 0.00148683 0.00294756 -4.30036e-05
142.42 0.771625 0.863103 0.520929 0.00162467 0.00235747 7.37329e-05
142.44 0.77171 0.86318 0.520938 0.00212717 0.0019197 0.000231146
142.46 0.77181 0.86325 0.520958 0.00252018 0.00176303 0.000480913
142.48 0.771905 0.863324 0.520991 0.00236166 0.00184464 0.000826134
142.5 0.77197 0.863407 0.521038 0.00163333 0.00207021 0.00117743
142.52 0.772001 0.863503 0.521093 0.000776542 0.00239056 0.00136755
142.54 0.772016 0.863614 0.521142 0.000358438 0.00277918 0.00124428
142.56 0.772042 0.86374 0.521173 0.000652221 0.00316187 0.000772791
142.58 0.7721 0.863876 0.521176 0.00145022 0.00339454 8.15834e-05
142.6 0.772188 0.864009 0.521153 0.00221046 0.00332754 -0.000583479
142.62 0.772285 0.864127 0.521114 0.00242516 0.002939 -0.000968875
142.64 0.772364 0.864223 0.521077 0.0019743 0.00241867 -0.000928087
142.66 0.772412 0.864307 0.521057 0.00119388 0.00209957 -0.000494875
142.68 0.772436 0.864398 0.521063 0.000598692 0.00226572 0.000137791
142.7 0.772456 0.864516 0.521092 0.000508499 0.00294655 0.00073222
142.72 0.772491 0.864669 0.521138 0.000873633 0.00382026 0.00113511
142.74 0.772547 0.864843 0.521191 0.00139015 0.00434968 0.00133068
142.76 0.772616 0.865008 0.521246 0.00174102 0.00413298 0.00138672
142.78 0.772687 0.865136 0.5213 0.0017761 0.00321219 0.00135237
142.8 0.77275 0.865219 0.521349 0.00155692 0.00205191 0.00120806
142.82 0.772801 0.865267 0.521385 0.00129392 0.00121769 0.000914815
142.84 0.77285 0.86531 0.521405 0.00121744 0.00106613 0.000498638
142.86 0.772908 0.865375 0.521408 0.00143501 0.00161492 6.98418e-05
142.88 0.772982 0.865478 0.521399 0.00186967 0.00258063 -0.000225084
142.9 0.773076 0.86562 0.521388 0.00233263 0.00354827 -0.000278531
142.92 0.773181 0.865786 0.521384 0.00264277 0.00416332 -8.93415e-05
142.94 0.773289 0.865956 0.521393 0.00269511 0.00425395 0.000220314
142.96 0.773389 0.866111 0.521411 0.00248988 0.00387132 0.000450903
142.98 0.773474 0.866241 0.521429 0.00214221 0.00325548 0.000436509
143 0.773549 0.866352 0.521436 0.00185313 0.00276068 0.000179428
143.02 0.773622 0.866461 0.521431 0.00182974 0.00272993 -0.00011378
143.04 0.773709 0.866593 0.521424 0.00218146 0.00330681 -0.000177482
143.06 0.773822 0.866766 0.521428 0.00283105 0.00430881 8.96245e-05
143.08 0.773962 0.866977 0.52145 0.00349206 0.00528581 0.000546805
143.1 0.774115 0.867207 0.521487 0.00381612 0.00574642 0.000936728
143.12 0.77426 0.867424 0.52153 0.00364225 0.00543796 0.00106122
143.14 0.774384 0.867604 0.521565 0.00309594 0.00449305 0.000878621
143.16 0.774483 0.867738 0.521585 0.00247875 0.00334148 0.000508478
143.18 0.774567 0.867837 0.521592 0.00208734 0.0024847 0.000162569
143.2 0.774649 0.867928 0.521593 0.00206758 0.00226277 2.91231e-05
143.22 0.774744 0.868036 0.5216 0.0023565 0.00270051 0.000176182
143.24 0.774853 0.868177 0.521621 0.00274001 0.00352674 0.000541663
143.26 0.774974 0.868351 0.521661 0.00300954 0.00435659 0.000982154
143.28 0.775097 0.868547 0.521714 0.00308791 0.0048917 0.00132863
143.3 0.775218 0.868746 0.521771 0.00301619 0.0049923 0.00142993
143.32 0.775332 0.868932 0.521819 0.00284725 0.00464729 0.00120356
143.34 0.775435 0.869091 0.521847 0.00257734 0.00395972 0.000684202
143.36 0.775522 0.869217 0.521848 0.00217406 0.00314828 3.46434e-05
143.38 0.775588 0.869316 0.521828 0.00166398 0.00248273 -0.000490321
143.4 0.775636 0.869402 0.521803 0.00119293 0.00215892 -0.00063875
143.42 0.775675 0.869491 0.521791 0.000971833 0.0022168 -0.00029276
143.44 0.77572 0.869593 0.521808 0.00112282 0.00254062 0.000428493
143.46 0.775783 0.869709 0.521856 0.00156741 0.00291089 0.00120169
143.48 0.775865 0.869833 0.521923 0.00205497 0.00310046 0.00167558
143.5 0.775957 0.869953 0.521989 0.00231575 0.00300193 0.00164501
143.52 0.776047 0.870061 0.522034 0.00223615 0.00269828 0.00112261
143.54 0.776124 0.870157 0.522047 0.00192411 0.00238988 0.000316116
143.56 0.776189 0.870247 0.522028 0.00162113 0.00224727 -0.000465438
143.58 0.77625 0.870339 0.52199 0.00153362 0.00232014 -0.000956285
143.6 0.776318 0.870441 0.521948 0.00168813 0.0025352 -0.00105099
143.62 0.776394 0.87055 0.521915 0.00191947 0.00273161 -0.000822232
143.64 0.776475 0.870659 0.521898 0.00201647 0.0027292 -0.000433368
143.66 0.776551 0.870757 0.521897 0.00189298 0.0024482 -1.975e-05
143.68 0.776616 0.870837 0.521911 0.00164342 0.00198789 0.000346483
143.7 0.776675 0.870899 0.521935 0.00145516 0.00156557 0.000606427
143.72 0.776733 0.870954 0.521962 0.00146068 0.00136941 0.000683248
143.74 0.776799 0.871012 0.521983 0.00165523 0.00144202 0.000527828
143.76 0.776876 0.871079 0.521991 0.00191736 0.00167209 0.000192386
143.78 0.77696 0.871154 0.521985 0.00209105 0.00188257 -0.000152395
143.8 0.777043 0.871232 0.521974 0.00207961 0.00194725 -0.000285794
143.82 0.777118 0.871307 0.521971 0.00188655 0.00186797 -6.50065e-05
143.84 0.777182 0.871377 0.521989 0.00160066 0.00177324 0.000460815
143.86 0.777236 0.87145 0.522032 0.00135478 0.0018233 0.0010551
143.88 0.777286 0.871533 0.522089 0.0012441 0.00206938 0.00142758
143.9 0.777337 0.871629 0.522145 0.00126722 0.00239022 0.00140312
143.92 0.77739 0.871732 0.522186 0.00133987 0.00257794 0.00102346
143.94 0.777445 0.871833 0.522207 0.00137317 0.00252094 0.000525389
143.96 0.777499 0.871925 0.522215 0.00134131 0.00231249 0.000203427
143.98 0.77755 0.872013 0.522224 0.00126393 0.00218153 0.000223306
144 0.777596 0.872105 0.522244 0.00114926 0.00231201 0.00050956
144.02 0.777635 0.872212 0.522276 0.000996689 0.00267595 0.000802283
144.04 0.777671 0.872334 0.522311 0.000876172 0.0030472 0.000863852
144.06 0.777708 0.872462 0.522339 0.000939791 0.00321234 0.000700806
144.08 0.77776 0.872589 0.522363 0.00130223 0.00315939 0.000592503
144.1 0.777837 0.872711 0.522396 0.0019279 0.00305314 0.000845722
144.12 0.777942 0.872833 0.522455 0.00261196 0.00306246 0.00147522
144.14 0.778064 0.872962 0.52254 0.00306124 0.00322287 0.00210814
144.16 0.778187 0.873098 0.522629 0.00306438 0.00340193 0.00222944
144.18 0.778293 0.873234 0.522692 0.0026512 0.00338375 0.00158972
144.2 0.778377 0.873356 0.52271 0.00209963 0.00305781 0.000444541
144.22 0.778448 0.873459 0.522687 0.00177965 0.00256104 -0.000584032
144.24 0.778526 0.873547 0.52265 0.00194289 0.00221504 -0.000917587
144.26 0.778628 0.873638 0.522634 0.00255384 0.00227545 -0.000396837
144.28 0.778759 0.873747 0.522659 0.00327768 0.00272647 0.000627045
144.3 0.778906 0.87388 0.52272 0.00367988 0.0033102 0.00150846
144.32 0.779046 0.874029 0.522787 0.00349773 0.003724 0.00167842
144.34 0.779157 0.874181 0.522826 0.00278154 0.0038088 0.000975017
144.36 0.779232 0.874326 0.522816 0.00185854 0.00362871 -0.000259058
144.38 0.779279 0.874462 0.522759 0.00118068 0.00339743 -0.00140493
144.4 0.779323 0.874594 0.522681 0.00108963 0.00330514 -0.00196972
144.42 0.779386 0.87473 0.522606 0.00159244 0.00338668 -0.00185614
144.44 0.77948 0.874871 0.522553 0.00234194 0.00352509 -0.00132692
144.46 0.779595 0.875013 0.522523 0.00286763 0.00356477 -0.000749027
144.48 0.77971 0.875151 0.522509 0.00288182 0.00345337 -0.000346815
144.5 0.779808 0.875283 0.522504 0.00244434 0.0032995 -0.000145353
144.52 0.779883 0.875415 0.5225 0.00188867 0.00328371 -7.90176e-05
144.54 0.779946 0.875555 0.522496 0.00158185 0.00351505 -9.84719e-05
144.56 0.780014 0.875713 0.522489 0.00168857 0.00395448 -0.000185852
144.58 0.780097 0.875891 0.522476 0.00207291 0.00443632 -0.000318663
144.6 0.780194 0.876081 0.522458 0.00241606 0.00476119 -0.000450821
144.62 0.780292 0.876274 0.522437 0.00247252 0.00481 -0.000522493
144.64 0.780383 0.876458 0.522418 0.00225315 0.00461219 -0.000475008
144.66 0.780462 0.876631 0.522407 0.00199415 0.0043076 -0.000275535
144.68 0.78054 0.876792 0.52241 0.0019468 0.00404262 6.4706e-05
144.7 0.780626 0.876948 0.52243 0.00215527 0.00390493 0.000502002
144.72 0.780723 0.877105 0.522469 0.0024146 0.00392441 0.000986798
144.74 0.780821 0.877268 0.522528 0.00244449 0.00407473 0.0014671
144.76 0.780906 0.877439 0.522603 0.00212007 0.00426057 0.00186346
144.78 0.780969 0.877612 0.522686 0.00158093 0.00433226 0.00207407
144.8 0.781015 0.877778 0.522767 0.00114964 0.00414846 0.00203469
144.82 0.781059 0.877925 0.522838 0.00111447 0.00366283 0.00177495
144.84 0.781121 0.878044 0.522895 0.00153131 0.00298704 0.00141542
144.86 0.781208 0.878139 0.522939 0.00218564 0.00236299 0.00110681
144.88 0.781318 0.87822 0.522976 0.00273809 0.00202714 0.000933619
144.9 0.781436 0.878302 0.52301 0.00296268 0.00206712 0.000853881
144.92 0.781552 0.878397 0.52304 0.00289161 0.00236403 0.000747025
144.94 0.78166 0.878503 0.523061 0.00271173 0.0026497 0.000527227
144.96 0.781762 0.878609 0.523071 0.00253604 0.00266123 0.000235442
144.98 0.781855 0.878702 0.523073 0.00233373 0.00230576 5.58525e-05
145 0.781937 0.878771 0.523082 0.00206049 0.00172487 0.00021989
145.02 0.782008 0.878819 0.523116 0.00177141 0.00119982 0.000842065
145.04 0.782072 0.878858 0.523187 0.00159956 0.000987725 0.00179111
145.06 0.782139 0.878906 0.523295 0.00165906 0.00118904 0.0027031
145.08 0.782217 0.878973 0.523422 0.00195563 0.00168259 0.00315841
145.1 0.782311 0.87906 0.523538 0.00235386 0.00218204 0.0028984
145.12 0.782417 0.879157 0.523615 0.0026457 0.00240936 0.00194761
145.14 0.782524 0.879247 0.52364 0.00268805 0.00226786 0.000617673
145.16 0.782624 0.879323 0.523616 0.00248341 0.00188506 -0.00060852
145.18 0.78271 0.879383 0.523563 0.00214517 0.00150885 -0.00131007
145.2 0.782781 0.879437 0.523509 0.0017841 0.00134661 -0.00135976
145.22 0.782838 0.879495 0.523471 0.00142125 0.00146159 -0.000959128
145.24 0.782879 0.879567 0.523453 0.00103813 0.00179111 -0.000449894
145.26 0.782907 0.879656 0.523449 0.000693681 0.00222018 -8.258e-05
145.28 0.782928 0.879761 0.523453 0.000521617 0.00262221 7.88672e-05
145.3 0.782951 0.879876 0.523456 0.000580691 0.00287221 9.56141e-05
145.32 0.782982 0.879991 0.523458 0.000780153 0.00288603 3.50251e-05
145.34 0.783021 0.880097 0.523454 0.000974095 0.00265396 -0.000101217
145.36 0.783064 0.880187 0.52344 0.00107299 0.00225414 -0.000337205
145.38 0.783106 0.880262 0.523415 0.00105208 0.00185366 -0.000632402
145.4 0.783143 0.880328 0.52338 0.000918989 0.00166163 -0.000861348
145.42 0.783172 0.880401 0.523345 0.000732128 0.00183054 -0.000885071
145.44 0.783197 0.880496 0.523319 0.000620177 0.00236283 -0.000653433
145.46 0.783226 0.880619 0.523309 0.000716785 0.00308107 -0.000253897
145.48 0.783268 0.880767 0.523315 0.00105841 0.00368852 0.000149575
145.5 0.78333 0.880924 0.523332 0.00155536 0.00393329 0.000437671
145.52 0.783412 0.881075 0.523357 0.00204098 0.00376709 0.000609479
145.54 0.783505 0.881209 0.523386 0.00232492 0.0033667 0.00073791
145.56 0.783595 0.88133 0.52342 0.00225922 0.00300841 0.000851837
145.58 0.78367 0.881445 0.523456 0.00185429 0.00288638 0.000899596
145.6 0.783723 0.881565 0.52349 0.00133045 0.00300447 0.000846385
145.62 0.783763 0.881693 0.523521 0.00100317 0.00320079 0.000767361
145.64 0.783807 0.881824 0.523553 0.00111169 0.0032729 0.000796125
145.66 0.783876 0.881949 0.523592 0.0017138 0.00311007 0.000995127
145.68 0.783981 0.882059 0.523644 0.00263641 0.00275273 0.00129979
145.7 0.784122 0.882154 0.523707 0.00351934 0.00238728 0.0015762
145.72 0.784282 0.882244 0.523775 0.00399195 0.00225084 0.00169569
145.74 0.784437 0.882343 0.523839 0.0038823 0.00247986 0.00160034
145.76 0.78457 0.882464 0.523894 0.00331222 0.0030097 0.00136768
145.78 0.784674 0.882608 0.523941 0.00261044 0.00359535 0.00118394
145.8 0.784759 0.882766 0.523989 0.00211666 0.00395547 0.00120221
145.82 0.784839 0.882923 0.524046 0.00200296 0.00393673 0.00140693
145.84 0.784927 0.883066 0.52411 0.00221535 0.00357257 0.0016173
145.86 0.78503 0.883189 0.524176 0.00255796 0.00306073 0.00163332
145.88 0.785144 0.883297 0.524231 0.00284391 0.00270535 0.00138915
145.9 0.785263 0.883407 0.524271 0.00299118 0.00275559 0.000986565
145.92 0.785383 0.883535 0.524295 0.00298962 0.00320419 0.000593852
145.94 0.785495 0.883686 0.524307 0.00281001 0.00376553 0.000303786
145.96 0.785591 0.883849 0.52431 0.00239057 0.00408969 7.671e-05
145.98 0.78566 0.88401 0.524303 0.00174232 0.00401408 -0.000170863
146 0.785703 0.884156 0.524286 0.00106064 0.00363843 -0.000426086
146.02 0.78573 0.884284 0.524264 0.000678027 0.00321077 -0.000553751
146.04 0.785763 0.884403 0.524247 0.000829276 0.0029648 -0.000412763
146.06 0.785821 0.884523 0.524247 0.00144166 0.00301008 -1.09784e-05
146.08 0.785907 0.884655 0.524265 0.00216229 0.00330484 0.00046259
146.1 0.786011 0.884803 0.524297 0.00258381 0.00370413 0.000792083
146.12 0.78611 0.884965 0.524333 0.00248421 0.00404139 0.000892259
146.14 0.786188 0.885132 0.524365 0.0019406 0.0041871 0.000806571
146.16 0.786239 0.885295 0.52439 0.00127524 0.00406464 0.000618572
146.18 0.786272 0.885442 0.524406 0.000845358 0.00366461 0.000410878
146.2 0.786305 0.885565 0.524417 0.000801341 0.00307442 0.000273955
146.22 0.786346 0.885663 0.524428 0.00103533 0.00247053 0.000276619
146.24 0.7864 0.885745 0.524444 0.00134459 0.00204232 0.000392071
146.26 0.786464 0.885821 0.524463 0.00159439 0.00190089 0.000474576
146.28 0.786534 0.885902 0.524477 0.00175489 0.00201621 0.000357654
146.3 0.786608 0.88599 0.524477 0.00186587 0.0022099 2.74801e-06
146.32 0.786687 0.88608 0.52446 0.00196544 0.00224567 -0.000440296
146.34 0.786768 0.88616 0.524431 0.00202868 0.00199091 -0.000711133
146.36 0.786848 0.886221 0.524407 0.00200858 0.0015227 -0.000599602
146.38 0.786926 0.886264 0.524404 0.0019324 0.00108519 -8.71998e-05
146.4 0.787003 0.886302 0.524428 0.00192092 0.000941226 0.000619027
146.42 0.787086 0.88635 0.524476 0.00208068 0.00121616 0.0011928
146.44 0.787181 0.886423 0.524531 0.00237584 0.00181107 0.00136776
146.46 0.787286 0.88652 0.524574 0.00263508 0.0024345 0.00107447
146.48 0.787394 0.886629 0.524593 0.00269554 0.0027292 0.000467776
146.5 0.787495 0.886727 0.524586 0.0025308 0.00244979 -0.000155351
146.52 0.787586 0.886793 0.524566 0.00227304 0.00164884 -0.000514909
146.54 0.787672 0.886823 0.524546 0.00213209 0.000737271 -0.000489529
146.56 0.787762 0.886834 0.52454 0.00225752 0.000279387 -0.000147196
146.58 0.787867 0.886859 0.524553 0.00262099 0.00062398 0.000312501
146.6 0.787986 0.886925 0.524579 0.00299366 0.00165745 0.000655744
146.62 0.78811 0.88704 0.524609 0.00309117 0.00287232 0.000743024
146.64 0.788223 0.887188 0.524633 0.00281249 0.00369192 0.000618585
146.66 0.788316 0.88734 0.524652 0.0023445 0.00380286 0.000475855
146.68 0.788397 0.887472 0.524673 0.00202339 0.00329615 0.00052235
146.7 0.788481 0.887575 0.524707 0.00208548 0.00258856 0.000833271
146.72 0.788581 0.887662 0.524759 0.00250983 0.00217905 0.00130665
146.74 0.788703 0.887756 0.524829 0.00304733 0.00234726 0.00175456
146.76 0.788838 0.887876 0.52491 0.00338507 0.00299258 0.00201945
146.78 0.788972 0.888026 0.524991 0.00333716 0.00374677 0.00202859
146.8 0.789089 0.888196 0.525063 0.00292713 0.00425165 0.00180176
146.82 0.789182 0.888371 0.525121 0.00233223 0.00436587 0.00144945
146.84 0.789253 0.888538 0.525167 0.00176196 0.00417897 0.00114877
146.86 0.789308 0.888693 0.52521 0.00137424 0.00389573 0.00106261
146.88 0.789357 0.888841 0.525259 0.00124196 0.00368313 0.00123953
146.9 0.789411 0.888984 0.525321 0.00134881 0.00358211 0.0015536
146.92 0.789475 0.889126 0.525391 0.00160168 0.0035387 0.00174991
146.94 0.789549 0.889266 0.525456 0.00184902 0.00350229 0.00160791
146.96 0.789626 0.889406 0.5255 0.0019246 0.00351154 0.00110078
146.98 0.789695 0.889553 0.525516 0.00172013 0.0036737 0.000406602
147 0.789745 0.889715 0.525507 0.00125224 0.00403542 -0.000216246
147.02 0.789773 0.889894 0.525484 0.000686883 0.00448396 -0.000578043
147.04 0.789785 0.890085 0.525459 0.000299219 0.00478301 -0.000639351
147.06 0.789798 0.890274 0.525439 0.000341645 0.00470698 -0.000498205
147.08 0.789832 0.890441 0.525427 0.000849518 0.00418602 -0.000301357
147.1 0.789894 0.890576 0.525421 0.0015385 0.00336502 -0.000147563
147.12 0.789972 0.890677 0.525418 0.00194855 0.00254623 -5.89199e-05
147.14 0.790042 0.89076 0.525418 0.00176562 0.00206426 -1.20125e-05
147.16 0.790085 0.890845 0.525419 0.00105745 0.00213631 1.87325e-05
147.18 0.790094 0.890955 0.52542 0.000240137 0.0027319 4.29261e-05
147.2 0.790087 0.891096 0.525422 -0.000175199 0.00353685 5.39082e-05
147.22 0.790091 0.89126 0.525423 9.60517e-05 0.00410256 1.28955e-05
147.24 0.790128 0.891425 0.525417 0.000924602 0.00412763 -0.000149023
147.26 0.790203 0.891571 0.525398 0.00187314 0.00364481 -0.000470961
147.28 0.790303 0.89169 0.525363 0.00248604 0.00297752 -0.000892321
147.3 0.790404 0.891792 0.525313 0.00252964 0.00254289 -0.0012431
147.32 0.790486 0.891897 0.525261 0.00206175 0.00261858 -0.00130532
147.34 0.79054 0.892024 0.525224 0.00135192 0.00317029 -0.000920825
147.36 0.790569 0.892177 0.525219 0.000731305 0.00383589 -0.000109278
147.38 0.790587 0.892342 0.525255 0.000442942 0.00413647 0.000900472
147.4 0.79061 0.892495 0.525326 0.000572359 0.00381315 0.00177506
147.42 0.790653 0.892615 0.525417 0.00107613 0.00301047 0.00225504
147.44 0.790727 0.892702 0.525508 0.00183609 0.00217484 0.00229019
147.46 0.790833 0.892774 0.52559 0.00267127 0.00178175 0.00203333
147.48 0.790968 0.892856 0.525657 0.00335319 0.00205481 0.00169923
147.5 0.791115 0.892969 0.525714 0.0036952 0.00283593 0.00141196
147.52 0.791261 0.893117 0.52576 0.00362937 0.00368819 0.00113847
147.54 0.791389 0.893283 0.52579 0.003213 0.00416366 0.000764196
147.56 0.791493 0.893446 0.525801 0.00260218 0.00406695 0.000277705
147.58 0.791573 0.893587 0.525797 0.00200235 0.00352842 -0.000111597
147.6 0.791638 0.893702 0.525794 0.00161612 0.00286057 -7.45247e-05
147.62 0.791702 0.893796 0.525816 0.00160654 0.00234929 0.000563108
147.64 0.791784 0.893881 0.525881 0.0020425 0.00213225 0.00161912
147.66 0.791897 0.893969 0.525986 0.00282238 0.00219927 0.00262291
147.68 0.792043 0.894067 0.52611 0.0036491 0.00244285 0.0031013
147.7 0.792208 0.894175 0.526225 0.00413076 0.00271031 0.00287489
147.72 0.792367 0.894289 0.526311 0.00398226 0.00285496 0.00215901
147.74 0.792495 0.894401 0.526367 0.003202 0.00279829 0.00140174
147.76 0.79258 0.894503 0.526407 0.00211008 0.00255293 0.000977775
147.78 0.792628 0.894592 0.526445 0.00120736 0.00221127 0.000951566
147.8 0.792664 0.894668 0.526487 0.000907135 0.0019089 0.00106019
147.82 0.792716 0.894738 0.526525 0.00129294 0.00175539 0.000938288
147.84 0.792799 0.89481 0.526542 0.00206209 0.00178319 0.000427343
147.86 0.792906 0.894887 0.52653 0.00269644 0.00193682 -0.000288948
147.88 0.793017 0.894971 0.526497 0.0027594 0.00209945 -0.000830038
147.9 0.793103 0.895057 0.526461 0.00215109 0.00214699 -0.000903389
147.92 0.79315 0.895138 0.526441 0.00116984 0.00202201 -0.00049205
147.94 0.793162 0.895209 0.526447 0.000314702 0.00178842 0.000158128
147.96 0.793161 0.895274 0.526475 -3.49449e-05 0.00161409 0.000701674
147.98 0.793168 0.89534 0.52651 0.000172741 0.0016445 0.000872629
148 0.793195 0.895415 0.526534 0.000688615 0.00187117 0.000589544
148.02 0.793241 0.8955 0.526532 0.00114815 0.00212949 -3.78831e-05
148.04 0.793293 0.895589 0.526501 0.00130338 0.002233 -0.000784346
148.06 0.79334 0.895673 0.526444 0.00117707 0.00209347 -0.00141661
148.08 0.793381 0.895742 0.526374 0.00102639 0.00174147 -0.00176894
148.1 0.793426 0.895795 0.526303 0.00112095 0.00131704 -0.0017634
148.12 0.793486 0.895836 0.526246 0.00149827 0.0010317 -0.00142251
148.14 0.793563 0.895879 0.526211 0.00192069 0.00106231 -0.000872276
148.16 0.793646 0.895936 0.5262 0.00206945 0.00143777 -0.000285147
148.18 0.793718 0.896017 0.526208 0.00181148 0.0020287 0.000208266
148.2 0.793771 0.896124 0.52623 0.00131988 0.00265676 0.000554569
148.22 0.793809 0.896252 0.52626 0.000956193 0.0032016 0.000735859
148.24 0.79385 0.896396 0.526289 0.00102062 0.00359476 0.000723722
148.26 0.793912 0.896546 0.52631 0.00153713 0.00376831 0.000519752
148.28 0.794 0.896694 0.52632 0.0022146 0.00367932 0.000248274
148.3 0.794106 0.896829 0.526326 0.00264418 0.00338646 0.000153161
148.32 0.79421 0.896951 0.526343 0.002598 0.00305464 0.000440311
148.34 0.794297 0.897066 0.526387 0.00217109 0.00286794 0.00109109
148.36 0.794364 0.897182 0.52646 0.00167264 0.00291446 0.0018164
148.38 0.79442 0.897308 0.526548 0.00140434 0.00314753 0.00221681
148.4 0.79448 0.897446 0.526631 0.00149585 0.00344788 0.00206991
148.42 0.794554 0.897595 0.526692 0.00186158 0.00371573 0.00152346
148.44 0.794645 0.897752 0.526734 0.00227813 0.00392675 0.00104063
148.46 0.794747 0.897917 0.526777 0.00254014 0.00411928 0.00108782
148.48 0.79485 0.89809 0.526848 0.00256746 0.00433102 0.00176697
148.5 0.794946 0.898271 0.526956 0.00240296 0.00453543 0.00271103
148.52 0.795032 0.898456 0.52709 0.00214992 0.00462274 0.00333218
148.54 0.795108 0.898635 0.527218 0.00191139 0.00447276 0.00320959
148.56 0.795179 0.898799 0.527312 0.00177206 0.00408245 0.00234334
148.58 0.795251 0.898942 0.527357 0.00180919 0.00359626 0.00113737
148.6 0.795335 0.899071 0.527363 0.00208802 0.00321661 0.000150386
148.62 0.795439 0.899194 0.527354 0.00260675 0.00308345 -0.00023703
148.64 0.795568 0.899322 0.527352 0.00322621 0.00318877 -3.77182e-05
148.66 0.795715 0.899457 0.527368 0.00367622 0.00338006 0.000389146
148.68 0.795862 0.899596 0.527392 0.00367875 0.00346841 0.000615816
148.7 0.795987 0.899731 0.52741 0.00311496 0.00337026 0.000444205
148.72 0.796073 0.899858 0.52741 0.00215034 0.00317331 7.17991e-06
148.74 0.796122 0.89998 0.527396 0.00123438 0.00307116 -0.000369145
148.76 0.796158 0.900108 0.527379 0.000887524 0.00319726 -0.000411595
148.78 0.796212 0.900249 0.527376 0.00136049 0.00351149 -9.14589e-05
148.8 0.796309 0.900402 0.52739 0.00241726 0.00382317 0.000357855
148.82 0.796447 0.900559 0.527415 0.0034527 0.00393049 0.000621269
148.84 0.796601 0.90071 0.527436 0.0038565 0.00377539 0.000531678
148.86 0.796736 0.900849 0.527443 0.0033686 0.0034755 0.000169268
148.88 0.796825 0.900977 0.527433 0.00222889 0.00319245 -0.000230347
148.9 0.796867 0.901096 0.527415 0.00103951 0.00298306 -0.000467037
148.92 0.796883 0.901209 0.527394 0.000413 0.00282433 -0.000510228
148.94 0.796908 0.901319 0.527375 0.00061656 0.00274585 -0.000480515
148.96 0.796965 0.901434 0.527355 0.00143643 0.0028712 -0.00050834
148.98 0.79706 0.901566 0.527331 0.00235217 0.00331929 -0.000604843
149 0.797175 0.901727 0.527305 0.00289402 0.00402161 -0.000652432
149.02 0.797292 0.901912 0.527285 0.00292578 0.00462869 -0.000493125
149.04 0.797398 0.9021 0.527283 0.00265251 0.00468341 -5.67865e-05
149.06 0.797494 0.902259 0.527304 0.00238485 0.00397573 0.000528189
149.08 0.797586 0.90237 0.527341 0.0022929 0.0027689 0.000940954
149.1 0.797679 0.902437 0.527376 0.00233782 0.0016748 0.000866548
149.12 0.797775 0.902488 0.527387 0.00238841 0.0012742 0.000263242
149.14 0.79787 0.902557 0.527365 0.00238186 0.00173921 -0.000549527
149.16 0.797965 0.902665 0.527322 0.0023698 0.00270229 -0.00107553
149.18 0.798062 0.902805 0.527284 0.00244133 0.00349448 -0.000939087
149.2 0.798166 0.902949 0.52728 0.00260349 0.00360008 -9.93378e-05
149.22 0.798276 0.903069 0.527325 0.0027344 0.00300656 0.00111946
149.24 0.798382 0.903157 0.527412 0.00264611 0.00218284 0.00218874
149.26 0.798471 0.903225 0.527519 0.00222227 0.0017119 0.00265776
149.28 0.798533 0.9033 0.527614 0.00155323 0.00187543 0.00238751
149.3 0.79857 0.9034 0.527678 0.00094105 0.00249816 0.00159177
149.32 0.798599 0.903525 0.527705 0.000708451 0.00312826 0.000691904
149.34 0.798637 0.90366 0.527709 0.000961586 0.00336458 8.42136e-05
149.36 0.798698 0.903783 0.527708 0.0015147 0.00309424 -2.2314e-05
149.38 0.798779 0.903884 0.527723 0.0020313 0.00252194 0.000371979
149.4 0.798868 0.903964 0.527767 0.00223024 0.00200057 0.00110709
149.42 0.798949 0.904036 0.527844 0.00202358 0.00179044 0.00191341
149.44 0.799011 0.904113 0.527943 0.00155659 0.00193044 0.00248739
149.46 0.799056 0.904204 0.528047 0.00111778 0.002264 0.0025946
149.48 0.799094 0.904306 0.528133 0.00095182 0.00256269 0.00215891
149.5 0.799138 0.904414 0.528186 0.00110004 0.00268942 0.00131701
149.52 0.799194 0.90452 0.528202 0.00140698 0.00266078 0.000405721
149.54 0.799262 0.904623 0.528196 0.00168409 0.00256759 -0.000152065
149.56 0.799335 0.904722 0.528194 0.00183054 0.00248594 -5.55138e-05
149.58 0.799407 0.904821 0.528221 0.00179873 0.00246389 0.000669553
149.6 0.799469 0.904922 0.528286 0.0015432 0.00253478 0.00162287
149.62 0.799511 0.905031 0.528374 0.00106836 0.00270386 0.00221404
149.64 0.799531 0.905148 0.528454 0.000499595 0.00292802 0.00199879
149.66 0.799534 0.905273 0.528493 6.16904e-05 0.00312185 0.000971835
149.68 0.799533 0.9054 0.528477 -2.59475e-05 0.00319166 -0.000394364
149.7 0.799546 0.905523 0.52842 0.000335229 0.00307704 -0.00142227
149.72 0.799587 0.905635 0.528355 0.00102291 0.00280195 -0.00163317
149.74 0.799654 0.905736 0.528315 0.00167116 0.00250572 -0.00100174
149.76 0.799727 0.905831 0.528318 0.00183473 0.00237454 6.52898e-05
149.78 0.79978 0.905931 0.528356 0.00131897 0.00250624 0.000973199
149.8 0.799796 0.906044 0.528407 0.000398852 0.00284002 0.00125478
149.82 0.799783 0.906173 0.528439 -0.000331937 0.00320907 0.000805745
149.84 0.799768 0.906311 0.528436 -0.000373458 0.00345237 -7.97055e-05
149.86 0.799781 0.90645 0.528399 0.000330177 0.00348919 -0.000916584
149.88 0.799835 0.906584 0.528346 0.00135785 0.00334822 -0.0013222
149.9 0.799919 0.90671 0.528299 0.00210092 0.00315107 -0.00117372
149.92 0.800006 0.906831 0.528275 0.00217001 0.00302502 -0.000596186
149.94 0.800072 0.906951 0.528281 0.00165006 0.00299937 0.00014996
149.96 0.800114 0.907071 0.528314 0.00103101 0.00299412 0.000815105
149.98 0.800148 0.907188 0.528364 0.000866158 0.00292934 0.00125208
150 0.800204 0.907301 0.52842 0.00140464 0.00282389 0.00140775
150.02 0.800303 0.907412 0.528472 0.00245395 0.0027705 0.00129011
150.04 0.800444 0.907525 0.528511 0.00353216 0.00282522 0.000972429
150.06 0.80061 0.907642 0.528535 0.00415175 0.00293334 0.000595913
150.08 0.800772 0.907761 0.528547 0.00404687 0.00296765 0.000314471
150.1 0.800903 0.907875 0.528556 0.00327947 0.00283889 0.000213862
150.12 0.800992 0.907978 0.528568 0.00223201 0.00258545 0.00029794
150.14 0.80105 0.908073 0.52859 0.00145454 0.00238135 0.000553033
150.16 0.801106 0.908171 0.528629 0.00138109 0.00243156 0.000968882
150.18 0.801189 0.908283 0.528687 0.00208369 0.00281185 0.00146792
150.2 0.801318 0.908418 0.528762 0.00322307 0.00338271 0.00186856
150.22 0.801487 0.908573 0.528841 0.00421931 0.00385652 0.00197912
150.24 0.801669 0.908732 0.528911 0.00456586 0.00397402 0.00174407
150.26 0.801834 0.908878 0.528963 0.00411895 0.00366067 0.0012945
150.28 0.801961 0.909001 0.528997 0.00317191 0.00307442 0.000857039
150.3 0.802051 0.909102 0.529021 0.00225851 0.00251782 0.00059982
150.32 0.802124 0.909192 0.529043 0.00181934 0.00225687 0.000543636
150.34 0.802202 0.909286 0.529067 0.00194597 0.00234939 0.000597239
150.36 0.802297 0.909391 0.529093 0.00237736 0.00262262 0.000667707
150.38 0.802406 0.909504 0.529123 0.00272235 0.00283764 0.000729782
150.4 0.802514 0.90962 0.529154 0.00270558 0.00287981 0.000785412
150.42 0.802606 0.909731 0.529186 0.00229415 0.00279347 0.000799961
150.44 0.802674 0.909839 0.529215 0.00169611 0.0026878 0.000714359
150.46 0.802724 0.909944 0.529234 0.00124894 0.00264119 0.000497535
150.48 0.802772 0.910051 0.529242 0.00120953 0.00267021 0.000182729
150.5 0.802835 0.910161 0.529237 0.0015635 0.00274173 -0.000111176
150.52 0.802916 0.910273 0.529229 0.00204174 0.00280417 -0.000210173
150.54 0.80301 0.910386 0.529229 0.00233658 0.00283142 3.92792e-06
150.56 0.803101 0.9105 0.529248 0.00228385 0.00284408 0.000468511
150.58 0.803177 0.910615 0.529285 0.00189593 0.00286817 0.000926155
150.6 0.80323 0.910729 0.529328 0.00133513 0.00286172 0.00107837
150.62 0.803265 0.910839 0.52936 0.000872138 0.00273044 0.000795599
150.64 0.803297 0.910937 0.529369 0.000789964 0.00245225 0.000218593
150.66 0.803345 0.911023 0.529355 0.00120929 0.00217004 -0.000335019
150.68 0.803423 0.911108 0.529332 0.00194471 0.00212184 -0.000586635
150.7 0.803525 0.911207 0.529313 0.00255167 0.0024602 -0.000459133
150.72 0.803628 0.911332 0.529309 0.00258005 0.00313435 -0.000101246
150.74 0.803703 0.911488 0.529318 0.00186588 0.00389438 0.000212014
150.76 0.80373 0.911664 0.529328 0.000678679 0.00439462 0.000258569
150.78 0.803714 0.911839 0.529329 -0.000389951 0.00438422 2.91935e-05
150.8 0.803684 0.911994 0.529319 -0.000764722 0.00388093 -0.000255427
150.82 0.803673 0.912121 0.529307 -0.000265353 0.0031793 -0.000308681
150.84 0.803703 0.912228 0.529307 0.000748618 0.00265809 -1.97607e-07
150.86 0.803768 0.912329 0.529328 0.00162296 0.00253412 0.000542866
150.88 0.803842 0.912438 0.529369 0.00185649 0.00272585 0.00102033
150.9 0.803899 0.912555 0.529415 0.00142244 0.00291917 0.00115122
150.92 0.80393 0.912668 0.529449 0.000763092 0.00281977 0.000834198
150.94 0.803948 0.912765 0.529457 0.000467479 0.00242344 0.000199956
150.96 0.803983 0.912847 0.529439 0.000872418 0.0020688 -0.000451553
150.98 0.804057 0.912934 0.529406 0.00184937 0.00216059 -0.00081656
151 0.804172 0.913045 0.529375 0.00287497 0.00277003 -0.000774849
151.02 0.804306 0.913185 0.529358 0.00334587 0.00350709 -0.00043407
151.04 0.804426 0.913337 0.529359 0.00298771 0.00379524 2.81246e-05
151.06 0.804509 0.913469 0.529381 0.00209335 0.00331616 0.000550433
151.08 0.804564 0.91356 0.529428 0.00135996 0.00226814 0.00118179
151.1 0.804619 0.91361 0.529504 0.00137468 0.00125276 0.00191147
151.12 0.804705 0.913646 0.529606 0.00216278 0.000884919 0.00255016
151.14 0.804832 0.913702 0.529718 0.00317924 0.00140325 0.00279272
151.16 0.804982 0.913804 0.529815 0.00373292 0.00254768 0.00243261
151.18 0.805121 0.913953 0.529878 0.00348709 0.00374263 0.00157596
151.2 0.805228 0.914131 0.529904 0.00266603 0.00443678 0.000649561
151.22 0.805302 0.914307 0.52991 0.00185886 0.00440283 0.000130656
151.24 0.805365 0.91446 0.529918 0.00157631 0.00383268 0.000201796
151.26 0.805441 0.914587 0.529942 0.00188998 0.0031692 0.000614826
151.28 0.805538 0.914699 0.529978 0.00242846 0.00278979 0.000879671
151.3 0.805646 0.91481 0.530003 0.0027059 0.00279213 0.000647971
151.32 0.805746 0.914931 0.530004 0.00248477 0.00302527 7.87044e-06
151.34 0.805822 0.915062 0.529982 0.00191826 0.00327245 -0.00054755
151.36 0.805879 0.915198 0.529962 0.0014265 0.00338412 -0.000488779
151.38 0.805936 0.91533 0.529975 0.00140509 0.00331175 0.000314434
151.4 0.806013 0.915455 0.530032 0.00193439 0.00311378 0.00143876
151.42 0.806121 0.915572 0.53012 0.00269596 0.00294734 0.00218119
151.44 0.806249 0.915692 0.530202 0.00319566 0.00299458 0.0020457
151.46 0.806374 0.915826 0.530244 0.00313958 0.00333443 0.00106966
151.48 0.806481 0.91598 0.530235 0.0026566 0.00385699 -0.000230045
151.5 0.806567 0.916151 0.530186 0.00216624 0.00427312 -0.00121684
151.52 0.806648 0.91632 0.530126 0.00200959 0.00423383 -0.00151759
151.54 0.806735 0.916462 0.530079 0.00218893 0.00355523 -0.00118064
151.56 0.806833 0.91656 0.530057 0.00243631 0.00243786 -0.000533966
151.58 0.806932 0.916618 0.530061 0.00247326 0.00145936 9.98224e-05
151.6 0.80702 0.916668 0.530085 0.00222298 0.0012365 0.000588539
151.62 0.807096 0.916747 0.530123 0.00187896 0.00198315 0.000960673
151.64 0.807168 0.91688 0.530172 0.00179953 0.00331429 0.00123154
151.66 0.807257 0.917057 0.530224 0.0022246 0.00443404 0.00128115
151.68 0.807377 0.917242 0.530261 0.00299831 0.00461569 0.000925581
151.7 0.80752 0.91739 0.530266 0.00359415 0.00369751 0.000141003
151.72 0.80766 0.917479 0.530234 0.00348269 0.00223312 -0.00079817
151.74 0.807761 0.917523 0.530177 0.00253975 0.00111345 -0.00143486
151.76 0.807807 0.917561 0.53012 0.00115241 0.00092982 -0.00141577
151.78 0.807807 0.917625 0.530092 -1.91281e-05 0.00160615 -0.000720325
151.8 0.807789 0.917727 0.530104 -0.00042791 0.00255778 0.000323355
151.82 0.807792 0.917854 0.530154 5.71664e-05 0.00316046 0.00123096
151.84 0.807836 0.917979 0.530219 0.00111331 0.0031431 0.00163888
151.86 0.807924 0.918087 0.530278 0.00219983 0.00268514 0.00147607
151.88 0.808039 0.918175 0.530315 0.00285805 0.00219806 0.000914082
151.9 0.808154 0.918254 0.530323 0.00288844 0.00198142 0.000194321
151.92 0.808249 0.918335 0.530303 0.00237655 0.00203723 -0.000492895
151.94 0.808314 0.918422 0.530262 0.00162918 0.00216441 -0.00101332
151.96 0.808356 0.91851 0.530213 0.00103056 0.00220145 -0.00124422
151.98 0.808389 0.918598 0.53017 0.00084192 0.00218988 -0.00107379
152 0.808433 0.918691 0.530151 0.00108556 0.00232938 -0.000466925
152.02 0.808496 0.918802 0.530169 0.00158633 0.00278818 0.000459107
152.04 0.80858 0.918943 0.530227 0.00208742 0.00351799 0.00143838
152.06 0.808675 0.919111 0.530313 0.0023761 0.00419441 0.0021599
152.08 0.808769 0.919286 0.53041 0.00236732 0.00439194 0.00241754
152.1 0.808854 0.919443 0.530499 0.00210488 0.00390891 0.00221298
152.12 0.808922 0.919561 0.530568 0.00170544 0.00295026 0.00173229
152.14 0.808974 0.919641 0.530617 0.00130404 0.00200548 0.00122091
152.16 0.809015 0.919703 0.53065 0.00101651 0.00153932 0.000841569
152.18 0.80905 0.919772 0.530674 0.000898455 0.00174038 0.000597231
152.2 0.809088 0.919871 0.53069 0.000933141 0.00246135 0.000395934
152.22 0.809131 0.920004 0.530698 0.00107287 0.00332069 0.000189816
152.24 0.809182 0.92016 0.530699 0.00127727 0.00390081 3.29048e-05
152.26 0.809242 0.920318 0.5307 0.0015117 0.00397089 1.52266e-05
152.28 0.809311 0.920463 0.530707 0.00172548 0.00360233 0.00017572
152.3 0.809386 0.920586 0.530725 0.00185652 0.00307723 0.000466603
152.32 0.80946 0.920692 0.530756 0.00186597 0.00266696 0.000761352
152.34 0.80953 0.920791 0.530791 0.00175515 0.0024678 0.000888631
152.36 0.809593 0.920887 0.53082 0.0015716 0.00239305 0.000709279
152.38 0.809649 0.920978 0.530828 0.00139742 0.00228824 0.000201478
152.4 0.809702 0.921062 0.530807 0.00131032 0.00208907 -0.000505073
152.42 0.809756 0.921138 0.530761 0.00135989 0.00189827 -0.00116014
152.44 0.809818 0.921214 0.530701 0.00154852 0.00190531 -0.00150143
152.46 0.80989 0.921302 0.530645 0.00180723 0.00220586 -0.00140095
152.48 0.809971 0.921409 0.530607 0.00200969 0.00267986 -0.000952044
152.5 0.810053 0.921531 0.53059 0.00206425 0.00304472 -0.000419611
152.52 0.810133 0.921653 0.530587 0.00200422 0.00303517 -7.11393e-05
152.54 0.810212 0.921756 0.530587 0.00195409 0.00257997 -8.87571e-06
152.56 0.810291 0.921831 0.530582 0.00199314 0.00187702 -0.000121112
152.58 0.810373 0.921883 0.530575 0.0020562 0.00130858 -0.000183186
152.6 0.810453 0.921932 0.530574 0.00199258 0.00121963 -1.86594e-05
152.62 0.810522 0.922001 0.53059 0.00173282 0.00171888 0.000390422
152.64 0.810578 0.922106 0.530625 0.00139962 0.0026295 0.000894308
152.66 0.810629 0.922249 0.530677 0.00126292 0.00357372 0.00128591
152.68 0.810692 0.922415 0.530735 0.00156396 0.00415254 0.0014644
152.7 0.810784 0.922581 0.530796 0.00232175 0.00416315 0.00150358
152.72 0.810915 0.922731 0.530858 0.00325701 0.00372864 0.00156682
152.74 0.811071 0.922859 0.530929 0.00391466 0.00321491 0.00177212
152.76 0.811229 0.922979 0.531013 0.00393369 0.00299849 0.00210563
152.78 0.81136 0.923109 0.53111 0.00328896 0.00325675 0.00241292
152.8 0.811453 0.923265 0.531209 0.00232969 0.00388179 0.00247309
152.82 0.811517 0.923447 0.531295 0.0015887 0.00454664 0.0021448
152.84 0.811576 0.923642 0.531354 0.00146929 0.00489649 0.00149674
152.86 0.811655 0.923833 0.531386 0.00199063 0.0047707 0.000792644
152.88 0.811766 0.924005 0.531399 0.00276868 0.00429695 0.000331259
152.9 0.811896 0.924156 0.53141 0.0032601 0.00376694 0.000259953
152.92 0.812021 0.924293 0.53143 0.00312291 0.00343423 0.000507348
152.94 0.812119 0.924429 0.531465 0.00244065 0.0034017 0.000863246
152.96 0.812185 0.924573 0.53151 0.00165512 0.00359279 0.00112352
152.98 0.812235 0.924724 0.531557 0.0012438 0.0037803 0.00118589
153 0.81229 0.924872 0.531599 0.00138514 0.00370645 0.00104445
153.02 0.812365 0.925003 0.531628 0.00187692 0.00326805 0.000733356
153.04 0.812459 0.925109 0.53164 0.00233892 0.00263391 0.000308759
153.06 0.812558 0.925195 0.531635 0.00247546 0.00216143 -0.000130632
153.08 0.812647 0.925281 0.531617 0.0022244 0.00214563 -0.000459708
153.1 0.812718 0.925384 0.531593 0.00176281 0.00258899 -0.000605945
153.12 0.812772 0.925511 0.531568 0.00136458 0.00317047 -0.000605985
153.14 0.81282 0.925649 0.531546 0.00119987 0.00343991 -0.000566241
153.16 0.81287 0.925773 0.531524 0.00123649 0.00311057 -0.000551135
153.18 0.812922 0.925863 0.531503 0.00131035 0.00225395 -0.000519066
153.2 0.812973 0.925914 0.531488 0.00127477 0.00126269 -0.000379816
153.22 0.813017 0.925939 0.531483 0.00110019 0.000619066 -0.000110857
153.24 0.813052 0.925963 0.53149 0.000881511 0.000611838 0.000175243
153.26 0.813083 0.92601 0.531502 0.000762203 0.0011704 0.000284722
153.28 0.813116 0.926087 0.531505 0.000827812 0.0019147 9.27043e-05
153.3 0.813157 0.926183 0.531492 0.00104117 0.00241147 -0.000328176
153.32 0.813209 0.926282 0.531463 0.00127588 0.0024705 -0.000731336
153.34 0.813266 0.926372 0.531429 0.00143602 0.00225054 -0.000847636
153.36 0.813327 0.926455 0.531407 0.00153618 0.0020773 -0.000543385
153.38 0.813394 0.926541 0.531411 0.00165556 0.00214949 9.75397e-05
153.4 0.813467 0.926637 0.531444 0.00182971 0.00239617 0.000816433
153.42 0.813547 0.92674 0.531497 0.0020094 0.00258147 0.00133468
153.44 0.813631 0.92684 0.531557 0.0021052 0.00251118 0.0014988
153.46 0.813713 0.926928 0.53161 0.00205175 0.00218895 0.00130814
153.48 0.813788 0.927002 0.531644 0.00186738 0.00185392 0.000860499
153.5 0.813855 0.927075 0.531656 0.00167384 0.00183081 0.000306561
153.52 0.813921 0.927166 0.53165 0.00164225 0.00226579 -0.000161668
153.54 0.813996 0.927285 0.531636 0.0018889 0.00297992 -0.000334921
153.56 0.814092 0.927429 0.531634 0.00238558 0.00359269 -7.08907e-05
153.58 0.81421 0.927581 0.531658 0.00295311 0.00381392 0.000617385
153.6 0.814343 0.927728 0.53172 0.00333952 0.0036516 0.00154355
153.62 0.814478 0.927863 0.531815 0.00336076 0.0033773 0.00238554
153.64 0.8146 0.927994 0.531927 0.00303949 0.00329492 0.00278795
153.66 0.814705 0.928135 0.532028 0.00262526 0.00350709 0.00253493
153.68 0.814802 0.928289 0.532096 0.00243428 0.00384549 0.00170429
153.7 0.814907 0.928449 0.532124 0.00262314 0.00400674 0.000677953
153.72 0.815031 0.928601 0.532122 0.00310263 0.00381527 -3.69743e-05
153.74 0.815175 0.928737 0.532119 0.00361176 0.00339132 -8.72008e-05
153.76 0.815329 0.928859 0.532139 0.00385197 0.00305531 0.000512603
153.78 0.815475 0.928982 0.532194 0.00363603 0.00306548 0.00136777
153.8 0.815595 0.929119 0.532271 0.0029989 0.00342169 0.00193208
153.82 0.815682 0.929274 0.532345 0.00217719 0.00387012 0.00185596
153.84 0.815741 0.929436 0.532394 0.00147563 0.00406965 0.00120923
153.86 0.815786 0.929589 0.53241 0.0011239 0.00381496 0.000407941
153.88 0.815833 0.929717 0.532407 0.00118648 0.0031942 -8.38248e-05
153.9 0.815895 0.929819 0.532405 0.00154748 0.00255503 -5.20027e-05
153.92 0.815974 0.92991 0.532419 0.00197309 0.00226545 0.000351882
153.94 0.816063 0.930007 0.532448 0.0022163 0.00244023 0.000739599
153.96 0.816148 0.930121 0.532479 0.00213385 0.00284717 0.000758316
153.98 0.816219 0.930244 0.532491 0.00176639 0.00308386 0.000317336
154 0.816271 0.93036 0.532477 0.00130448 0.00289676 -0.000365845
154.02 0.81631 0.930456 0.53244 0.00097378 0.00239839 -0.000922469
154.04 0.816347 0.930536 0.532397 0.000921431 0.00199498 -0.00107649
154.06 0.816393 0.93062 0.532365 0.00114188 0.00209236 -0.000803321
154.08 0.816452 0.930731 0.532352 0.00147864 0.0027867 -0.000311937
154.1 0.816521 0.930881 0.532356 0.00172087 0.00374933 0.000102443
154.12 0.816591 0.931058 0.532365 0.00175087 0.00442333 0.000222216
154.14 0.816655 0.931234 0.532365 0.00160342 0.00440092 -1.07408e-05
154.16 0.81671 0.931382 0.532344 0.00138869 0.0036976 -0.000510536
154.18 0.816757 0.931492 0.5323 0.00117908 0.0027437 -0.00111146
154.2 0.816796 0.931576 0.532235 0.000964138 0.00211063 -0.00162627
154.22 0.816825 0.931662 0.53216 0.000737359 0.00215632 -0.00186589
154.24 0.81685 0.931776 0.532093 0.000611186 0.0028277 -0.00167038
154.26 0.816881 0.931925 0.532054 0.000773952 0.0037325 -0.000987738
154.28 0.816933 0.9321 0.532056 0.00129109 0.00438876 6.30475e-05
154.3 0.817011 0.932279 0.532104 0.00195891 0.00446643 0.00120323
154.32 0.817107 0.932436 0.532188 0.00240202 0.00392501 0.00208881
154.34 0.8172 0.932556 0.532286 0.00232996 0.00300216 0.00245518
154.36 0.81727 0.932639 0.532376 0.00175036 0.00207192 0.00223952
154.38 0.81731 0.932699 0.53244 0.00100802 0.00149516 0.00159728
154.4 0.817335 0.932758 0.532471 0.000601972 0.00148434 0.000791604
154.42 0.817369 0.932837 0.532474 0.000866289 0.0019815 6.24742e-05
154.44 0.817439 0.932944 0.532457 0.0017332 0.00267008 -0.000416454
154.46 0.817549 0.933071 0.532436 0.00276594 0.00316114 -0.000528046
154.48 0.817686 0.9332 0.532427 0.00343285 0.00322264 -0.00023459
154.5 0.817823 0.933315 0.532442 0.00340023 0.00289069 0.000391856
154.52 0.81793 0.933412 0.532489 0.00268688 0.00241125 0.00117386
154.54 0.817997 0.933494 0.532565 0.00166468 0.00207017 0.00188177
154.56 0.818031 0.933575 0.532658 0.000864592 0.00202498 0.00232584
154.58 0.818058 0.933665 0.532756 0.000670839 0.00223796 0.00245248
154.6 0.818104 0.933766 0.53285 0.001146 0.00252799 0.00235983
154.62 0.818187 0.933874 0.532938 0.00207298 0.00268657 0.00220707
154.64 0.818311 0.933978 0.533022 0.00309443 0.00261138 0.00209967
154.66 0.818464 0.934073 0.533103 0.00383283 0.00237884 0.00201705
154.68 0.818624 0.93416 0.533176 0.00400472 0.00216331 0.00181557
154.7 0.818766 0.934243 0.533229 0.00354427 0.00208296 0.00132441
154.72 0.818871 0.934328 0.533249 0.00263045 0.00211989 0.000508941
154.74 0.818935 0.934415 0.533232 0.00160223 0.00219094 -0.000415042
154.76 0.818968 0.934506 0.53319 0.000828277 0.00226669 -0.00105447
154.78 0.818991 0.934602 0.533147 0.000569998 0.00239595 -0.00107117
154.8 0.819026 0.934708 0.533132 0.000868908 0.0026418 -0.000395439
154.82 0.819087 0.934827 0.533161 0.00152287 0.00299528 0.000726806
154.84 0.819175 0.934961 0.533235 0.00220415 0.00333818 0.0018549
154.86 0.819281 0.935101 0.533336 0.00264353 0.00349555 0.0025422
154.88 0.819391 0.935235 0.533437 0.00275462 0.00334884 0.0025236
154.9 0.819497 0.935352 0.533511 0.00264585 0.00292235 0.00182871
154.92 0.819597 0.935447 0.53354 0.00252106 0.00237798 0.000742843
154.94 0.819698 0.935524 0.533526 0.00251282 0.00192864 -0.000361544
154.96 0.819802 0.935593 0.533478 0.00259034 0.0017391 -0.00120427
154.98 0.819907 0.935668 0.533411 0.00262608 0.00187033 -0.00167336
155 0.820008 0.935759 0.53334 0.00253734 0.00226441 -0.00177304
155.02 0.820103 0.935869 0.533279 0.00236009 0.00275976 -0.00151862
155.04 0.820191 0.935996 0.533243 0.0022091 0.00317363 -0.000905828
155.06 0.820278 0.936133 0.533243 0.0021742 0.00341631 -4.10712e-07
155.08 0.820368 0.936274 0.533282 0.00224136 0.00352357 0.00097145
155.1 0.820459 0.936417 0.533348 0.00229635 0.00357231 0.0016665
155.12 0.820548 0.936559 0.53342 0.00220572 0.00356662 0.0017928
155.14 0.820625 0.936696 0.533472 0.0019268 0.00342271 0.00128991
155.16 0.820687 0.936819 0.533487 0.00156986 0.0030782 0.000382611
155.18 0.820741 0.936924 0.533466 0.00133201 0.00261639 -0.000523484
155.2 0.820794 0.937015 0.533425 0.00132994 0.00227802 -0.0010357
155.22 0.820853 0.937108 0.533386 0.00148095 0.00231819 -0.000967648
155.24 0.820916 0.93722 0.533369 0.00157252 0.00280801 -0.000433629
155.26 0.820974 0.937362 0.533378 0.00145672 0.00354348 0.00023165
155.28 0.821021 0.937527 0.533405 0.00116594 0.00411778 0.000691414
155.3 0.821056 0.937692 0.533437 0.000876086 0.00414257 0.000799496
155.32 0.821087 0.937833 0.533463 0.000782421 0.00352539 0.000643785
155.34 0.821127 0.937936 0.533482 0.000980723 0.00257386 0.00047251
155.36 0.821182 0.938009 0.533505 0.00139608 0.00181122 0.000561552
155.38 0.821255 0.938075 0.533546 0.00181385 0.00165644 0.00104273
155.4 0.821336 0.938163 0.533618 0.00203763 0.00218871 0.00178302
155.42 0.821417 0.938287 0.533715 0.00202155 0.0031059 0.00243522
155.44 0.821491 0.938442 0.533821 0.00184309 0.00389021 0.00265083
155.46 0.821555 0.938607 0.533913 0.00159681 0.00410504 0.00230034
155.48 0.821609 0.938752 0.533975 0.00134555 0.00364489 0.00154656
155.5 0.821654 0.938864 0.534005 0.00114161 0.00279611 0.000752879
155.52 0.821697 0.938947 0.534017 0.00106154 0.00205905 0.000303318
155.54 0.821745 0.93902 0.534034 0.0011969 0.00182981 0.000412718
155.56 0.821808 0.939107 0.534074 0.00158859 0.00217502 0.00101309
155.58 0.821894 0.93922 0.534146 0.00215198 0.00283586 0.00180099
155.6 0.822002 0.939357 0.534242 0.00268105 0.00342839 0.00240113
155.62 0.82212 0.939506 0.534344 0.00296562 0.00370298 0.00254375
155.64 0.822237 0.939652 0.534431 0.00292374 0.00366878 0.00216442
155.66 0.822342 0.939791 0.534487 0.0026223 0.00347555 0.00140513
155.68 0.82243 0.93992 0.534509 0.00219475 0.00322892 0.000552347
155.7 0.8225 0.940038 0.534506 0.00176451 0.00292639 -7.95968e-05
155.72 0.822558 0.940138 0.534494 0.00144813 0.00251689 -0.000283375
155.74 0.822613 0.940218 0.534493 0.00137125 0.00199414 -3.17724e-05
155.76 0.822677 0.940277 0.534514 0.00159572 0.00146586 0.00052208
155.78 0.822758 0.940323 0.534558 0.00201998 0.00115356 0.00110278
155.8 0.822854 0.940374 0.534615 0.00240311 0.00128119 0.00142441
155.82 0.822955 0.94045 0.534668 0.00252363 0.0019026 0.00131127
155.84 0.823048 0.940562 0.534698 0.00231976 0.00279881 0.000753711
155.86 0.823124 0.940705 0.534694 0.00190968 0.00356786 -8.66129e-05
155.88 0.823185 0.940859 0.534658 0.00151311 0.00386171 -0.000914292
155.9 0.823239 0.941003 0.534602 0.00135214 0.00360316 -0.00140122
155.92 0.823301 0.941125 0.534548 0.00155446 0.00302908 -0.00133984
155.94 0.823383 0.941226 0.534517 0.00205149 0.00252757 -0.00077404
155.96 0.823486 0.941321 0.534517 0.00257626 0.00238805 1.11924e-06
155.98 0.823599 0.941426 0.534541 0.00283461 0.00263156 0.000600272
156 0.823709 0.941547 0.534571 0.00273164 0.00302627 0.000756117
156.02 0.823806 0.941678 0.534589 0.00243476 0.00325739 0.000441174
156.04 0.823895 0.941804 0.534584 0.00222264 0.00315128 -0.000126624
156.06 0.823986 0.941917 0.53456 0.00227635 0.00282598 -0.000596568
156.08 0.824088 0.942021 0.534532 0.00256194 0.00260224 -0.000699785
156.1 0.824203 0.94213 0.534516 0.00286396 0.0027145 -0.00040753
156.12 0.82432 0.942253 0.53452 0.00292226 0.00309106 0.000104034
156.14 0.824424 0.94239 0.534544 0.00259753 0.00342383 0.000612345
156.16 0.824503 0.942528 0.534583 0.00198211 0.00344257 0.000965259
156.18 0.824558 0.942653 0.534627 0.00136402 0.00312649 0.00110549
156.2 0.8246 0.942761 0.534669 0.00105108 0.00270777 0.00105081
156.22 0.824647 0.942861 0.534704 0.00119391 0.00249759 0.000863901
156.24 0.824717 0.942968 0.534729 0.00172863 0.0026613 0.00063638
156.26 0.824814 0.943091 0.534749 0.00242585 0.00309481 0.000489782
156.28 0.824933 0.943231 0.534771 0.00299172 0.0034975 0.000546621
156.3 0.825061 0.943375 0.534805 0.00318514 0.00360231 0.000860892
156.32 0.825178 0.943511 0.53486 0.0029305 0.00339229 0.0013599
156.34 0.825273 0.943636 0.534933 0.00237468 0.00311753 0.00184801
156.36 0.825345 0.94376 0.535017 0.00181114 0.00310586 0.00208509
156.38 0.825406 0.943901 0.535094 0.00150468 0.00351427 0.00192165
156.4 0.825468 0.944068 0.535151 0.00155842 0.00417651 0.00142644
156.42 0.825544 0.944255 0.535186 0.00189696 0.00467583 0.000888082
156.44 0.825637 0.94444 0.535212 0.00232186 0.00464114 0.000632436
156.46 0.825741 0.944602 0.535243 0.00260424 0.00404316 0.000779851
156.48 0.825845 0.944731 0.535289 0.00261051 0.00323199 0.00115977
156.5 0.825941 0.944839 0.535347 0.00238476 0.00269669 0.00143826
156.52 0.826025 0.94495 0.535401 0.00211186 0.00276105 0.00136119
156.54 0.826104 0.945086 0.535439 0.00198132 0.00340506 0.000940007
156.56 0.826187 0.945257 0.535456 0.00205425 0.00428434 0.000437969
156.58 0.826276 0.945455 0.535464 0.00223622 0.00493999 0.000182415
156.6 0.826371 0.945658 0.535477 0.00237291 0.00508017 0.000336395
156.62 0.826467 0.945847 0.535508 0.00239862 0.00472431 0.000777517
156.64 0.826563 0.946011 0.535555 0.00239179 0.00411183 0.00117817
156.66 0.826661 0.946152 0.535605 0.00247105 0.00351434 0.00124616
156.68 0.826766 0.946276 0.535642 0.00262263 0.00310644 0.000929462
156.7 0.826872 0.946393 0.535659 0.00264612 0.0029074 0.000406402
156.72 0.826965 0.946504 0.535654 0.00231703 0.00279681 -0.000102256
156.74 0.82703 0.94661 0.535635 0.00161814 0.00263045 -0.000481834
156.76 0.827062 0.946705 0.535607 0.000815275 0.00238225 -0.000710578
156.78 0.827075 0.946792 0.535575 0.000325868 0.00216789 -0.000786656
156.8 0.827094 0.946876 0.535547 0.00047023 0.00212008 -0.000715539
156.82 0.827143 0.946966 0.535525 0.00123657 0.00224124 -0.000551881
156.84 0.827233 0.947061 0.535508 0.00223353 0.00237855 -0.000408806
156.86 0.827349 0.947155 0.535493 0.00289856 0.00234025 -0.00038966
156.88 0.827462 0.947237 0.535473 0.00282523 0.00205436 -0.000495258
156.9 0.827542 0.947302 0.535449 0.0020054 0.00163335 -0.000602907
156.92 0.827576 0.947353 0.535427 0.000857382 0.00127735 -0.000550531
156.94 0.827576 0.947398 0.535417 1.51933e-06 0.00112053 -0.000253798
156.96 0.827572 0.947445 0.535426 -0.000111492 0.00115857 0.000231558
156.98 0.827593 0.947496 0.535456 0.000524259 0.00128509 0.000744956
157 0.827653 0.947551 0.5355 0.00149672 0.0013713 0.00111004
157.02 0.827744 0.947604 0.535548 0.00227811 0.00132952 0.00121013
157.04 0.827846 0.94765 0.53559 0.00256692 0.0011526 0.00103087
157.06 0.827943 0.947688 0.535617 0.00241281 0.000944103 0.0006761
157.08 0.828026 0.947724 0.535631 0.00206728 0.000896124 0.000350613
157.1 0.828096 0.947771 0.535643 0.00176959 0.00118789 0.000293959
157.12 0.828163 0.947846 0.535669 0.00165192 0.00186488 0.00066128
157.14 0.828232 0.947957 0.535725 0.00173731 0.00278655 0.0014084
157.16 0.828311 0.948104 0.535816 0.00197112 0.00366191 0.00227855
157.18 0.828402 0.948271 0.535934 0.00228154 0.00417402 0.00292719
157.2 0.828507 0.948437 0.536058 0.0026207 0.00415823 0.0031013
157.22 0.828624 0.948586 0.536168 0.00292779 0.00371209 0.00275643
157.24 0.828747 0.948711 0.53625 0.00307446 0.00313368 0.0020641
157.26 0.828863 0.94882 0.536303 0.00290885 0.00272469 0.00131221
157.28 0.828959 0.948924 0.536333 0.00237868 0.00260236 0.000747753
157.3 0.829023 0.949031 0.536352 0.0016184 0.00266665 0.000471919
157.32 0.82906 0.94914 0.536369 0.000927134 0.00274226 0.00044171
157.34 0.829085 0.949251 0.536391 0.000620303 0.00275598 0.000535784
157.36 0.829118 0.949362 0.536416 0.000828331 0.00279311 0.000627477
157.38 0.829174 0.949482 0.536442 0.00140351 0.00298629 0.000649565
157.4 0.829255 0.949616 0.536466 0.00200533 0.00334406 0.000610711
157.42 0.829347 0.949763 0.536488 0.00230902 0.00369265 0.000539859
157.44 0.829434 0.949915 0.536505 0.0021854 0.00378829 0.000432901
157.46 0.829504 0.950055 0.536516 0.00173855 0.003502 0.000273698
157.48 0.829553 0.950172 0.53652 0.00121573 0.00292994 9.43872e-05
157.5 0.829586 0.950266 0.536519 0.000840219 0.00233803 -2.80948e-05
157.52 0.829613 0.950345 0.536517 0.000679054 0.00199434 -5.34364e-05
157.54 0.82964 0.950425 0.536515 0.000652738 0.00199124 -4.46603e-05
157.56 0.829666 0.950512 0.536509 0.000652756 0.00218318 -0.000141196
157.58 0.829691 0.950605 0.536491 0.000633654 0.00232272 -0.000448762
157.6 0.829716 0.950697 0.536454 0.000619479 0.00228678 -0.000930431
157.62 0.829743 0.950783 0.536398 0.000683807 0.00216794 -0.0013904
157.64 0.82978 0.95087 0.536335 0.000915821 0.00216818 -0.00158242
157.66 0.829833 0.950967 0.53628 0.00132827 0.00240965 -0.00137355
157.68 0.829904 0.951079 0.536247 0.00178358 0.00281108 -0.000828038
157.7 0.829987 0.951204 0.536241 0.00206689 0.00313265 -0.000146716
157.72 0.83007 0.95133 0.53626 0.00206919 0.00315346 0.000461476
157.74 0.830145 0.951444 0.536294 0.00189244 0.00284158 0.000868115
157.76 0.830216 0.951539 0.536336 0.00177292 0.00237483 0.00103395
157.78 0.830292 0.951619 0.536375 0.00188296 0.0020061 0.000981612
157.8 0.830379 0.951695 0.536407 0.00217502 0.00189766 0.000791211
157.82 0.830475 0.951777 0.53643 0.00240791 0.0020455 0.000592755
157.84 0.830569 0.95187 0.53645 0.00234348 0.00232807 0.0005008
157.86 0.830647 0.951975 0.536473 0.00195997 0.00262533 0.000552266
157.88 0.830707 0.952092 0.536501 0.00151085 0.00291593 0.000715428
157.9 0.830763 0.952222 0.536538 0.00137933 0.00325979 0.000925025
157.92 0.830835 0.952369 0.536582 0.00179658 0.00367073 0.00109387
157.94 0.83094 0.95253 0.536627 0.00262771 0.00403562 0.00113304
157.96 0.831077 0.952698 0.536667 0.0034261 0.00417779 0.00099546
157.98 0.831226 0.952857 0.536695 0.0037281 0.0039872 0.000701753
158 0.831361 0.952999 0.536709 0.00338627 0.00353662 0.000335305
158.02 0.831468 0.953123 0.53671 0.00267746 0.00311388 3.96514e-05
158.04 0.831552 0.953246 0.53671 0.00209892 0.00308226 2.44715e-06
158.06 0.831635 0.953391 0.536725 0.00205531 0.0036204 0.000367682
158.08 0.83174 0.953573 0.536769 0.00263536 0.00454577 0.00110189
158.1 0.831882 0.953789 0.536847 0.00356027 0.00539043 0.00194518
158.12 0.832056 0.954017 0.536948 0.00434573 0.00571896 0.00253064
158.14 0.83224 0.954235 0.537052 0.00460387 0.00543637 0.00258936
158.16 0.832411 0.954428 0.537135 0.00427061 0.0048202 0.0020948
158.18 0.832555 0.954598 0.537186 0.00360385 0.00426344 0.00126945
158.2 0.832675 0.954757 0.537204 0.00299839 0.00397417 0.000458202
158.22 0.832785 0.954912 0.537202 0.00274659 0.003881 -6.05615e-05
158.24 0.8329 0.955063 0.537193 0.00286779 0.00375981 -0.000214463
158.26 0.833025 0.955201 0.537188 0.00312593 0.00344424 -0.000129068
158.28 0.833155 0.95532 0.537189 0.00324371 0.00298667 1.44203e-05
158.3 0.833279 0.955426 0.537194 0.00312107 0.00264281 0.000127253
158.32 0.833394 0.955533 0.537204 0.00286156 0.00266958 0.000240849
158.34 0.833499 0.955656 0.53722 0.00263047 0.00309203 0.000408481
158.36 0.833599 0.955802 0.537244 0.00250487 0.00364121 0.000597145
158.38 0.833697 0.955959 0.537271 0.00244003 0.00392963 0.000682772
158.4 0.833791 0.956108 0.537293 0.00234741 0.00372591 0.000547863
158.42 0.833878 0.956232 0.5373 0.0021771 0.00310131 0.000179885
158.44 0.833955 0.956326 0.537288 0.00192078 0.00235115 -0.000314421
158.46 0.834018 0.956399 0.537257 0.00157946 0.00181983 -0.000777211
158.48 0.834065 0.956469 0.537213 0.00117781 0.00175501 -0.00108225
158.5 0.834097 0.956557 0.537166 0.000807169 0.00219797 -0.0011811
158.52 0.834122 0.956675 0.537122 0.000622501 0.00294897 -0.00110373
158.54 0.834153 0.956822 0.537085 0.00076187 0.00368024 -0.000918554
158.56 0.834202 0.956988 0.537058 0.00124095 0.00413131 -0.000671287
158.58 0.834278 0.957156 0.537045 0.00190127 0.0042202 -0.000341407
158.6 0.834376 0.957317 0.53705 0.0024512 0.00401025 0.0001306
158.62 0.83448 0.957462 0.53708 0.00260229 0.00362824 0.000747162
158.64 0.83457 0.95759 0.537135 0.00224749 0.00320388 0.00138888
158.66 0.834632 0.957703 0.537209 0.00154564 0.0028273 0.00184986
158.68 0.834665 0.957804 0.537288 0.000822268 0.00253302 0.00195491
158.7 0.83468 0.957898 0.537354 0.000383319 0.00233499 0.00167431
158.72 0.834696 0.957989 0.5374 0.000385861 0.00226961 0.00113911
158.74 0.834728 0.958084 0.537422 0.000795046 0.00238572 0.000559397
158.76 0.834784 0.958192 0.537428 0.00140845 0.00269074 0.00013647
158.78 0.834863 0.958315 0.537428 0.00196721 0.0030957 6.38527e-06
158.8 0.834955 0.958452 0.537436 0.00231197 0.00340459 0.000191157
158.82 0.835053 0.958587 0.537459 0.00244575 0.00337599 0.000588747
158.84 0.835151 0.958701 0.537501 0.00244087 0.00286287 0.00103473
158.86 0.835244 0.95878 0.537556 0.00232756 0.00197378 0.00138561
158.88 0.835327 0.958824 0.537618 0.00207647 0.0010915 0.00155678
158.9 0.835393 0.95885 0.537679 0.00164374 0.000655119 0.00151481
158.92 0.835435 0.958885 0.53773 0.00106088 0.000874079 0.00128266
158.94 0.835456 0.95895 0.537768 0.000520994 0.00161301 0.000953804
158.96 0.835469 0.959049 0.537795 0.000324952 0.00248355 0.000652363
158.98 0.835496 0.959171 0.537813 0.000667476 0.0030527 0.000470306
159 0.835553 0.959294 0.537831 0.00144562 0.00307115 0.000447109
159.02 0.835645 0.959398 0.537854 0.00228001 0.00261321 0.000576637
159.04 0.835755 0.95948 0.537886 0.00274919 0.00203093 0.000800789
159.06 0.835861 0.959548 0.537926 0.00266851 0.00172005 0.00100092
159.08 0.83595 0.959622 0.537968 0.00220887 0.00184608 0.00104139
159.1 0.83602 0.959712 0.538002 0.00174801 0.00225409 0.00085449
159.12 0.836083 0.959817 0.538022 0.0015832 0.00261015 0.000494016
159.14 0.836153 0.959922 0.538027 0.00174102 0.00262633 0.000120247
159.16 0.836233 0.960011 0.538024 0.0020108 0.00223312 -7.15374e-05
159.18 0.836318 0.960076 0.538026 0.00213394 0.00162404 6.2353e-05
159.2 0.836398 0.960121 0.538048 0.00198247 0.00113199 0.000549653
159.22 0.836463 0.960162 0.538099 0.00162825 0.00101424 0.00126971
159.24 0.836514 0.960213 0.538178 0.00127023 0.00128566 0.00195767
159.26 0.836557 0.960282 0.538269 0.00109098 0.00171921 0.00229251
159.28 0.836604 0.960363 0.538352 0.001176 0.00201216 0.00207167
159.3 0.836665 0.960443 0.538406 0.00151487 0.00200253 0.00135389
159.32 0.836745 0.960513 0.538423 0.00200609 0.00176667 0.00042779
159.34 0.836844 0.960575 0.538409 0.00246713 0.00153255 -0.000354164
159.36 0.836952 0.960635 0.53838 0.00269707 0.00149817 -0.000736538
159.38 0.837055 0.960703 0.538353 0.00257771 0.00170727 -0.00066051
159.4 0.837141 0.960785 0.538342 0.00215039 0.00205999 -0.000273421
159.42 0.837205 0.960882 0.538349 0.00161558 0.00240518 0.000174704
159.44 0.837255 0.960987 0.538368 0.00123959 0.00264164 0.000476409
159.46 0.837304 0.961098 0.53839 0.00122547 0.00277429 0.000541606
159.48 0.837369 0.961212 0.538405 0.00162221 0.00285211 0.000384904
159.5 0.83746 0.961327 0.538408 0.00228377 0.00285986 7.3561e-05
159.52 0.837576 0.961436 0.538396 0.00290416 0.00273571 -0.000312437
159.54 0.837703 0.961537 0.538369 0.00316087 0.00252194 -0.000664642
159.56 0.837819 0.961634 0.538337 0.0029009 0.00242935 -0.000819846
159.58 0.837909 0.961742 0.538312 0.00225227 0.0026857 -0.000616757
159.6 0.837972 0.961875 0.53831 0.00156408 0.00332862 -3.46952e-05
159.62 0.838019 0.96204 0.538339 0.00119927 0.0041344 0.000717913
159.64 0.838072 0.962229 0.53839 0.00131515 0.00472788 0.00128131
159.66 0.838144 0.962421 0.538445 0.00179413 0.00480579 0.00135927
159.68 0.838238 0.962596 0.538482 0.00235453 0.00435637 0.000922184
159.7 0.838347 0.962744 0.538491 0.00273647 0.00369938 0.000241134
159.72 0.838461 0.962874 0.53848 0.00283025 0.00326786 -0.000286272
159.74 0.838568 0.963006 0.538464 0.00267424 0.00330065 -0.000402532
159.76 0.838663 0.963154 0.538458 0.00237232 0.00369884 -0.000140498
159.78 0.838743 0.963321 0.538469 0.00201398 0.00415688 0.00026046
159.8 0.838809 0.963498 0.538491 0.00164435 0.00442741 0.000555874
159.82 0.838861 0.963677 0.538516 0.00130729 0.00446987 0.000634637
159.84 0.838906 0.963852 0.538538 0.00110921 0.0043775 0.000549397
159.86 0.838953 0.964021 0.538557 0.00117594 0.00422827 0.000468109
159.88 0.839013 0.964182 0.53858 0.00152049 0.00404276 0.000565339
159.9 0.839093 0.964336 0.538616 0.00199928 0.00384216 0.000911537
159.92 0.83919 0.964484 0.538673 0.00242365 0.00368844 0.00143429
159.94 0.839298 0.96463 0.538752 0.00269539 0.0036572 0.00195326
159.96 0.839412 0.964782 0.538842 0.00284404 0.003794 0.00227094
159.98 0.83953 0.964945 0.538934 0.00296292 0.00407462 0.00228704
160 0.839655 0.965119 0.539016 0.0031038 0.00436139 0.00204941
160.02 0.839783 0.965297 0.539084 0.00321423 0.00443613 0.00171235
160.04 0.83991 0.965463 0.539142 0.00317977 0.00415594 0.00143937
160.06 0.840028 0.965607 0.539194 0.0029355 0.00361393 0.00130782
160.08 0.840129 0.965732 0.539245 0.00254339 0.00311376 0.0012748
160.1 0.840218 0.96585 0.539294 0.00220602 0.00295543 0.00122464
160.12 0.840306 0.96598 0.539336 0.00219431 0.00323562 0.00105571
160.14 0.840412 0.966132 0.539366 0.00265391 0.00380047 0.000750525
160.16 0.840549 0.966305 0.539382 0.00342954 0.00434337 0.000395339
160.18 0.840713 0.966489 0.539387 0.00411352 0.00458039 0.00012468
160.2 0.840885 0.966665 0.539388 0.00429975 0.00440978 2.09112e-05
160.22 0.841039 0.966823 0.53939 0.00383809 0.00394763 4.53347e-05
160.24 0.841156 0.966959 0.539392 0.00293266 0.00341205 6.08198e-05
160.26 0.841238 0.967079 0.53939 0.00204825 0.00297884 -5.86898e-05
160.28 0.841304 0.967188 0.539377 0.00165521 0.00274015 -0.000326729
160.3 0.841381 0.967298 0.539351 0.00192609 0.00273591 -0.000639474
160.32 0.841486 0.967416 0.539317 0.00260342 0.00296542 -0.00085305
160.34 0.841612 0.96755 0.539282 0.00315862 0.0033551 -0.000871622
160.36 0.841738 0.9677 0.539254 0.00314243 0.00374179 -0.000698061
160.38 0.841837 0.967858 0.539237 0.0024768 0.00393754 -0.000440778
160.4 0.841897 0.968011 0.539226 0.00149742 0.00382682 -0.000266057
160.42 0.841926 0.968147 0.539214 0.000739761 0.00340214 -0.000295204
160.44 0.84195 0.968257 0.539194 0.00060524 0.00276007 -0.000506026
160.46 0.841995 0.968341 0.539165 0.00110687 0.00209243 -0.00073804
160.48 0.842069 0.968406 0.539132 0.00185509 0.00162489 -0.000804317
160.5 0.842162 0.968466 0.539109 0.00232685 0.00151056 -0.00058868
160.52 0.842251 0.968537 0.539106 0.00223357 0.00177019 -7.34891e-05
160.54 0.842319 0.968629 0.539132 0.00169134 0.00229656 0.000657212
160.56 0.842363 0.968744 0.539189 0.00109055 0.00288851 0.00142514
160.58 0.842394 0.968876 0.539269 0.000798166 0.00329851 0.00198413
160.6 0.842432 0.969009 0.539352 0.000938541 0.00331707 0.00209833
160.62 0.842488 0.969125 0.53942 0.00139404 0.00289944 0.00167861
160.64 0.842565 0.969214 0.539456 0.00192995 0.00222929 0.000904318
160.66 0.842657 0.96928 0.539464 0.00231124 0.00164536 0.000212944
160.68 0.842753 0.969339 0.539468 0.0023937 0.00146425 9.82542e-05
160.7 0.84284 0.969411 0.539499 0.00218091 0.00182015 0.000777962
160.72 0.842912 0.969515 0.539578 0.00179877 0.00258383 0.00197333
160.74 0.842969 0.96965 0.539699 0.00141801 0.00337103 0.00302457
160.76 0.843016 0.969798 0.539831 0.00117862 0.00370614 0.00329096
160.78 0.843062 0.969931 0.539933 0.00114213 0.00333665 0.00255708
160.8 0.843113 0.970029 0.53998 0.00128142 0.00244649 0.00117509
160.82 0.843173 0.970092 0.539974 0.00150042 0.00156254 -0.000147259
160.84 0.84324 0.970141 0.539943 0.00167067 0.00123359 -0.000777603
160.86 0.843307 0.970208 0.539922 0.00168122 0.00166365 -0.000533376
160.88 0.843367 0.97031 0.539932 0.00149586 0.0025613 0.000256944
160.9 0.843414 0.970445 0.539974 0.00117649 0.00336264 0.00104026
160.92 0.843448 0.97059 0.540031 0.000854418 0.00363703 0.00142486
160.94 0.843475 0.970724 0.540086 0.000673699 0.00333728 0.00136931
160.96 0.843504 0.970834 0.540129 0.000722212 0.00275106 0.00108181
160.98 0.843543 0.970924 0.54016 0.000983757 0.00225636 0.000782207
161 0.843597 0.971007 0.540182 0.001338 0.00207841 0.00054664
161.02 0.843661 0.971095 0.540195 0.00160312 0.00220241 0.000328171
161.04 0.843726 0.971194 0.540199 0.00161812 0.00246659 9.29111e-05
161.06 0.84378 0.971303 0.540195 0.00134468 0.00272814 -9.15806e-05
161.08 0.843815 0.971421 0.540191 0.000893471 0.00294688 -0.00010586
161.1 0.843833 0.971546 0.540195 0.000449973 0.00313397 0.000105452
161.12 0.843841 0.971676 0.540214 0.000181042 0.00324842 0.000472298
161.14 0.843848 0.971803 0.540247 0.000193518 0.00318284 0.000830911
161.16 0.84387 0.971919 0.540288 0.000531233 0.00288313 0.0010082
161.18 0.843916 0.972017 0.540324 0.00114765 0.00245858 0.000915853
161.2 0.843991 0.972103 0.540349 0.00188106 0.0021449 0.000619828
161.22 0.844091 0.972188 0.540362 0.00251145 0.00213141 0.000314031
161.24 0.844206 0.972285 0.540368 0.00286212 0.00241382 0.000167868
161.26 0.84432 0.972396 0.540375 0.00284994 0.00279296 0.000174971
161.28 0.844419 0.972515 0.540382 0.00249285 0.00297985 0.000158032
161.3 0.844497 0.972626 0.540379 0.00194678 0.00276149 -7.55557e-05
161.32 0.844558 0.972713 0.540356 0.00150919 0.00216702 -0.000563066
161.34 0.844617 0.972772 0.540311 0.00149212 0.00148341 -0.00111837
161.36 0.844698 0.972814 0.540255 0.00202019 0.00105737 -0.00141549
161.38 0.844815 0.972856 0.540207 0.00291002 0.0010545 -0.00119195
161.4 0.844964 0.972912 0.54019 0.00372975 0.00137865 -0.000434148
161.42 0.845126 0.972983 0.540214 0.00404574 0.0017883 0.000605643
161.44 0.845273 0.973066 0.540276 0.00369344 0.00207978 0.00155798
161.46 0.845389 0.973154 0.540361 0.00289113 0.0022003 0.0021105
161.48 0.845474 0.973244 0.540445 0.00212661 0.00224614 0.00211947
161.5 0.845549 0.973339 0.540512 0.00186538 0.00236396 0.00165418
161.52 0.845639 0.973443 0.540549 0.00225228 0.00261886 0.000938255
161.54 0.845759 0.973561 0.540558 0.00301449 0.00293182 0.000223092
161.56 0.845905 0.973687 0.540546 0.00365323 0.00315205 -0.000302329
161.58 0.846057 0.973814 0.540524 0.00378655 0.0031871 -0.000538047
161.6 0.846192 0.973937 0.540506 0.00338417 0.0030707 -0.000459802
161.62 0.846302 0.974054 0.540502 0.00274813 0.0029257 -0.000106132
161.64 0.846394 0.97417 0.540519 0.00228392 0.00288566 0.000423312
161.66 0.846483 0.974291 0.540558 0.00222582 0.0030328 0.000982205
161.68 0.846583 0.974426 0.540614 0.00250406 0.00336871 0.00140944
161.7 0.846697 0.974578 0.540678 0.00285 0.00381329 0.00157976
161.72 0.846818 0.974747 0.540737 0.00302075 0.0042177 0.00147641
161.74 0.846936 0.974924 0.540785 0.002957 0.00441748 0.00122107
161.76 0.847047 0.975097 0.540826 0.00278598 0.00434331 0.00100597
161.78 0.847155 0.975261 0.540864 0.00270175 0.00409983 0.000958431
161.8 0.847268 0.975419 0.540906 0.00280796 0.00394495 0.00104655
161.82 0.847388 0.975585 0.54095 0.00301362 0.00414299 0.00110796
161.84 0.847512 0.975774 0.540989 0.00308838 0.00472819 0.00097922
161.86 0.847626 0.975989 0.541014 0.0028553 0.00538709 0.000622144
161.88 0.847719 0.976215 0.541021 0.00232405 0.00563457 0.000160542
161.9 0.847787 0.976422 0.541013 0.00169353 0.00516977 -0.000182909
161.92 0.847836 0.976587 0.541004 0.00124088 0.00413294 -0.000226995
161.94 0.847883 0.976708 0.541005 0.00116425 0.00303538 1.78319e-05
161.96 0.847942 0.976805 0.541018 0.00146895 0.00240896 0.000321249
161.98 0.848021 0.976904 0.541034 0.00197357 0.00247864 0.000397138
162 0.848118 0.977027 0.541039 0.0024358 0.00307576 0.000137756
162.02 0.848225 0.977179 0.541028 0.00268675 0.00379188 -0.00029115
162.04 0.848333 0.977348 0.541005 0.00267845 0.00424074 -0.000567072
162.06 0.848431 0.977518 0.540988 0.00247153 0.00425463 -0.000427523
162.08 0.848519 0.977675 0.540995 0.0021912 0.00391581 0.000171288
162.1 0.848597 0.977812 0.541035 0.00194575 0.00343656 0.00101869
162.12 0.848668 0.977932 0.541104 0.00177445 0.00299887 0.00172514
162.14 0.848735 0.97804 0.541181 0.00168785 0.00268424 0.00191503
162.16 0.848804 0.978141 0.541239 0.00170724 0.00252228 0.00145946
162.18 0.848876 0.978243 0.541262 0.00181923 0.00255553 0.000568249
162.2 0.848953 0.978355 0.541249 0.00191564 0.00280524 -0.000336413
162.22 0.849027 0.978482 0.541214 0.00183761 0.00317177 -0.00086221
162.24 0.849087 0.97862 0.54118 0.00151551 0.00343831 -0.000847264
162.26 0.849129 0.978756 0.541163 0.0010559 0.00341379 -0.000424974
162.28 0.849157 0.978879 0.541167 0.000689965 0.00308076 8.56958e-05
162.3 0.849182 0.978985 0.541183 0.000611414 0.00263138 0.000399965
162.32 0.849215 0.979079 0.541201 0.000838411 0.00236425 0.00045313
162.34 0.849263 0.979179 0.541218 0.00119927 0.00248926 0.000424849
162.36 0.849321 0.979297 0.541241 0.00144775 0.00295029 0.000576014
162.38 0.849379 0.979434 0.541281 0.00143977 0.00343349 0.00101425
162.4 0.849428 0.979579 0.541344 0.00122545 0.00361319 0.0015706
162.42 0.849467 0.979715 0.541421 0.000983882 0.0034062 0.00190739
162.44 0.849502 0.979834 0.541492 0.0008771 0.00298421 0.00178071
162.46 0.84954 0.979938 0.54154 0.000951154 0.00258747 0.00121646
162.48 0.849585 0.980031 0.541559 0.00112602 0.00234301 0.000467926
162.5 0.849636 0.98012 0.541553 0.00126171 0.00222592 -0.000163239
162.52 0.849686 0.980206 0.541533 0.00126895 0.00215049 -0.000488193
162.54 0.849734 0.98029 0.541514 0.00118596 0.00208257 -0.000485168
162.56 0.849779 0.980372 0.541503 0.00113094 0.00206329 -0.000258616
162.58 0.849826 0.980458 0.541505 0.00117468 0.00213292 4.86415e-05
162.6 0.849877 0.980548 0.541518 0.00126882 0.00226169 0.000319213
162.62 0.849929 0.980643 0.541538 0.00131527 0.00237235 0.000497568
162.64 0.849981 0.98074 0.541563 0.0013001 0.00241963 0.0006247
162.66 0.850035 0.980837 0.541596 0.00133994 0.00243849 0.000834778
162.68 0.850099 0.980938 0.541646 0.00160452 0.00252793 0.001247
162.7 0.850185 0.98105 0.541719 0.00215364 0.00277944 0.00180947
162.72 0.850297 0.981176 0.541809 0.00280182 0.00316162 0.00225366
162.74 0.850424 0.981314 0.541898 0.00317066 0.00345886 0.0022358
162.76 0.850542 0.981449 0.541961 0.00293981 0.00337535 0.00158117
162.78 0.850626 0.98156 0.541979 0.00210889 0.00277483 0.000443536
162.8 0.850669 0.981635 0.541949 0.00106025 0.00186516 -0.000751934
162.82 0.850682 0.98168 0.541888 0.000345008 0.00112439 -0.00153672
162.84 0.850696 0.98172 0.541822 0.000351723 0.00100523 -0.00163748
162.86 0.85074 0.981786 0.541778 0.00107791 0.00164992 -0.00109907
162.88 0.850825 0.981898 0.541769 0.0021359 0.00280448 -0.000230752
162.9 0.850945 0.982057 0.541793 0.00299196 0.00396052 0.000593752
162.92 0.851076 0.982242 0.541838 0.00328012 0.0046172 0.00114271
162.94 0.851195 0.982422 0.541894 0.00298717 0.00450937 0.0013856
162.96 0.851291 0.98257 0.54195 0.00239088 0.00370013 0.00140388
162.98 0.851364 0.982671 0.542 0.00182823 0.00251911 0.00126036
163 0.851424 0.982728 0.542039 0.00149314 0.00142253 0.000958044
163.02 0.85148 0.982761 0.542059 0.00140415 0.000825902 0.000519018
163.04 0.85154 0.982798 0.542062 0.00151014 0.000925125 7.23298e-05
163.06 0.851611 0.982861 0.542055 0.00176938 0.00159211 -0.00017515
163.08 0.851696 0.982959 0.542052 0.0021204 0.00245119 -9.09064e-05
163.1 0.851794 0.983084 0.542062 0.0024504 0.00311254 0.000256654
163.12 0.8519 0.983218 0.542087 0.00264265 0.00334999 0.000623843
163.14 0.852006 0.983344 0.542117 0.0026485 0.00314658 0.000752534
163.16 0.852107 0.983451 0.542138 0.00252632 0.0026807 0.000519929
163.18 0.852204 0.983541 0.542137 0.00243552 0.00225084 -1.77088e-05
163.2 0.852306 0.983625 0.542111 0.00255569 0.00211138 -0.000651928
163.22 0.852424 0.983718 0.542067 0.00293548 0.00231926 -0.0010993
163.24 0.852559 0.983828 0.542022 0.00339222 0.00273712 -0.00112143
163.26 0.852705 0.983954 0.541997 0.00363137 0.00315403 -0.000629393
163.28 0.852845 0.984089 0.542008 0.00350354 0.00338763 0.00026361
163.3 0.85297 0.984223 0.542058 0.00313391 0.00333672 0.0012479
163.32 0.853082 0.984343 0.542134 0.00280729 0.00301691 0.00190627
163.34 0.853192 0.984446 0.54221 0.0027292 0.00256718 0.00191384
163.36 0.853307 0.984534 0.54226 0.00287878 0.00218383 0.00125318
163.38 0.853429 0.984614 0.542271 0.00305423 0.00201714 0.000261954
163.4 0.853551 0.984699 0.542249 0.00305699 0.00211225 -0.000559665
163.42 0.853666 0.984795 0.542214 0.00287626 0.00240664 -0.000856811
163.44 0.853775 0.984906 0.54219 0.00271195 0.00277238 -0.000606519
163.46 0.853887 0.985029 0.542188 0.00279868 0.00306713 -5.62814e-05
163.48 0.854014 0.985156 0.542207 0.00317647 0.00317533 0.000483787
163.5 0.854159 0.985277 0.54224 0.00362179 0.00303836 0.000812907
163.52 0.854311 0.985384 0.542275 0.00380142 0.00267399 0.000886902
163.54 0.854451 0.985472 0.542306 0.00350613 0.00219638 0.000778927
163.56 0.854563 0.985544 0.542331 0.002808 0.00179693 0.000618721
163.58 0.854645 0.98561 0.542352 0.00205528 0.00166139 0.000521536
163.6 0.854713 0.985686 0.542372 0.00167558 0.0018877 0.000513487
163.62 0.854788 0.985784 0.542394 0.00188172 0.00245011 0.000527462
163.64 0.854888 0.985911 0.542413 0.00251599 0.00318797 0.000489404
163.66 0.855015 0.986064 0.542429 0.0031655 0.00382987 0.000407557
163.68 0.855152 0.986229 0.542445 0.00342635 0.00410802 0.000387595
163.7 0.855278 0.986385 0.542467 0.00313806 0.00390841 0.000550759
163.72 0.855377 0.986519 0.542504 0.00248452 0.00334493 0.00092072
163.74 0.855452 0.986627 0.542559 0.00187594 0.00271074 0.00138681
163.76 0.855518 0.986721 0.54263 0.00165807 0.00234384 0.00177478
163.78 0.855593 0.986819 0.542709 0.00186238 0.0024595 0.0019572
163.8 0.85568 0.986941 0.542785 0.00218672 0.00304085 0.00190793
163.82 0.855769 0.987095 0.542853 0.00222252 0.00385345 0.00169206
163.84 0.85584 0.987277 0.542908 0.0017662 0.00455054 0.00139972
163.86 0.85588 0.98747 0.542951 0.000997536 0.00482709 0.00106664
163.88 0.855894 0.987653 0.542978 0.000365366 0.00457471 0.000672999
163.9 0.855904 0.987811 0.542988 0.000244919 0.00394601 0.000244921
163.92 0.85593 0.987942 0.542985 0.000652905 0.00326338 -8.216e-05
163.94 0.855981 0.988056 0.542979 0.00125566 0.00284506 -0.00014681
163.96 0.856046 0.98817 0.542983 0.0016258 0.00285398 0.000104239
163.98 0.856107 0.988299 0.543006 0.00152747 0.003233 0.000580211
164 0.856149 0.988449 0.54305 0.00104858 0.00374174 0.00109729
164.02 0.856169 0.988611 0.543107 0.000507078 0.00406958 0.00143291
164.04 0.856177 0.988771 0.543163 0.000203284 0.00399924 0.00139843
164.06 0.856186 0.988913 0.543201 0.000219148 0.00353705 0.000935799
164.08 0.856202 0.98903 0.543207 0.000413771 0.00292202 0.000163584
164.1 0.856225 0.98913 0.54318 0.000570626 0.00251332 -0.000683921
164.12 0.856248 0.989235 0.543125 0.000571961 0.00260717 -0.0013724
164.14 0.856268 0.989366 0.543055 0.000493634 0.00327746 -0.00174061
164.16 0.856289 0.989538 0.542987 0.000520587 0.00430899 -0.00171461
164.18 0.856318 0.989749 0.542934 0.000731368 0.00526835 -0.00131158
164.2 0.856358 0.989977 0.542909 0.000991946 0.00571313 -0.000639884
164.22 0.856401 0.990194 0.542914 0.00109064 0.0054204 0.000124842
164.24 0.856439 0.990374 0.542946 0.000954361 0.00449707 0.000808758
164.26 0.856468 0.990507 0.542999 0.000707439 0.00332664 0.00132424
164.28 0.85649 0.990603 0.543066 0.000555935 0.00239532 0.0016717
164.3 0.856515 0.990685 0.54314 0.000638009 0.00206464 0.00186114
164.32 0.856553 0.990781 0.543215 0.00093222 0.0023862 0.00187216
164.34 0.856604 0.990905 0.543283 0.001276 0.00308911 0.00169734
164.36 0.856663 0.991056 0.543339 0.0014913 0.00378398 0.00139233
164.38 0.856724 0.991224 0.543382 0.00152452 0.00420285 0.00107728
164.4 0.856784 0.991394 0.543418 0.00148859 0.0042625 0.000895425
164.42 0.856847 0.991554 0.543454 0.00156626 0.00398293 0.000919388
164.44 0.85692 0.991691 0.543497 0.0018435 0.00343602 0.00105255
164.46 0.857009 0.991801 0.543538 0.00221964 0.00275034 0.00104393
164.48 0.857109 0.991885 0.543566 0.00248618 0.00208728 0.000686152
164.5 0.857209 0.991949 0.543568 0.00250287 0.0016032 4.80797e-05
164.52 0.857301 0.992006 0.543548 0.00232068 0.00142637 -0.000501176
164.54 0.857388 0.99207 0.543526 0.0021613 0.00160218 -0.000540473
164.56 0.857479 0.99215 0.543529 0.00228455 0.0020119 8.10458e-05
164.58 0.857591 0.992245 0.543573 0.00279403 0.00236845 0.0010952
164.6 0.857732 0.99234 0.543651 0.00352799 0.00238105 0.00194233
164.62 0.857898 0.99242 0.543735 0.00414282 0.00197681 0.0021058
164.64 0.85807 0.992474 0.543793 0.00430423 0.00137285 0.00145357
164.66 0.858225 0.992512 0.543806 0.00387048 0.00093258 0.000331635
164.68 0.858344 0.992549 0.543779 0.00298915 0.000933835 -0.000686394
164.7 0.858426 0.992605 0.543732 0.00204558 0.0014056 -0.0011735
164.72 0.858485 0.99269 0.54369 0.00147821 0.00212711 -0.00105169
164.74 0.858548 0.992801 0.543669 0.00157074 0.0027523 -0.000523013
164.76 0.858641 0.99292 0.543675 0.00231904 0.00299129 0.000138742
164.78 0.858778 0.993031 0.543704 0.00341492 0.00276684 0.000745132
164.8 0.858952 0.99312 0.543753 0.00436982 0.00222963 0.0012195
164.82 0.859142 0.993186 0.543814 0.00474485 0.00164364 0.00152637
164.84 0.859317 0.993235 0.543879 0.00437653 0.00123272 0.0016158
164.86 0.859456 0.993279 0.543937 0.0034634 0.00108734 0.00145939
164.88 0.859554 0.993326 0.543982 0.00246368 0.00119751 0.00112602
164.9 0.859629 0.993389 0.544014 0.00185753 0.00155764 0.000784048
164.92 0.859704 0.993476 0.544038 0.00189635 0.00217438 0.000605811
164.94 0.859804 0.993593 0.544064 0.00247675 0.00293651 0.000654208
164.96 0.859932 0.993735 0.544098 0.00322002 0.00355123 0.000845443
164.98 0.860081 0.993882 0.544139 0.00372276 0.00367273 0.00102265
165 0.860233 0.994007 0.544182 0.00380325 0.00312803 0.00108288
165.02 0.860376 0.99409 0.544224 0.00356416 0.00207724 0.0010485
165.04 0.860506 0.99413 0.544265 0.00323955 0.000994067 0.00102864
165.06 0.860625 0.994148 0.544309 0.00298668 0.000435453 0.00109879
165.08 0.860738 0.994176 0.544358 0.00282314 0.000704803 0.00120962
165.1 0.860846 0.994242 0.544406 0.00269742 0.00165906 0.00120898
165.12 0.860948 0.994355 0.544444 0.00255621 0.00281309 0.000957537
165.14 0.861043 0.9945 0.544462 0.00237553 0.00364508 0.000434974
165.16 0.861131 0.994656 0.544452 0.00219192 0.00387969 -0.000244993
165.18 0.861215 0.9948 0.544416 0.00210756 0.00360005 -0.000886711
165.2 0.861303 0.994926 0.544365 0.00219656 0.00315532 -0.00127597
165.22 0.861399 0.995043 0.544315 0.00239998 0.00291682 -0.00126108
165.24 0.861501 0.995163 0.544281 0.00255124 0.00302279 -0.000848947
165.26 0.861601 0.995296 0.544272 0.0025005 0.00331514 -0.000222141
165.28 0.861689 0.995436 0.544287 0.00220919 0.00350868 0.000365851
165.3 0.86176 0.995573 0.544316 0.00176693 0.00341287 0.000727614
165.32 0.861814 0.995695 0.544348 0.0013444 0.00305369 0.000797403
165.34 0.861858 0.995801 0.544372 0.00109754 0.00265593 0.000601479
165.36 0.861902 0.995902 0.544381 0.00109633 0.00251286 0.000234082
165.38 0.861955 0.996014 0.544375 0.00132634 0.00280312 -0.00014311
165.4 0.862023 0.996153 0.544361 0.0017201 0.00346607 -0.000354542
165.42 0.86211 0.996322 0.544349 0.00216823 0.00423405 -0.000310097
165.44 0.862211 0.996514 0.544347 0.00252965 0.00479034 -3.8813e-05
165.46 0.862318 0.996711 0.544361 0.00266386 0.0049343 0.000358122
165.48 0.862417 0.996897 0.544392 0.00248068 0.00466126 0.000774721
165.5 0.862497 0.997063 0.544439 0.00198661 0.0041407 0.00115119
165.52 0.862548 0.997208 0.544497 0.00129695 0.00361844 0.00147327
165.54 0.862574 0.997339 0.544566 0.000628416 0.00328767 0.00171459
165.56 0.862583 0.997468 0.544638 0.000242626 0.00321332 0.00179749
165.58 0.862595 0.997601 0.544703 0.000303936 0.00333543 0.00163389
165.6 0.862626 0.997743 0.544752 0.000765109 0.00354071 0.00122979
165.62 0.862682 0.997893 0.544783 0.00139369 0.00375393 0.000765355
165.64 0.862759 0.998052 0.544805 0.00193008 0.0039711 0.000541938
165.66 0.862848 0.99822 0.544837 0.00222051 0.00421105 0.000793338
165.68 0.862937 0.998398 0.544896 0.00223495 0.00443609 0.00148101
165.7 0.863018 0.998579 0.544985 0.00200851 0.00452644 0.00222722
165.72 0.863081 0.998753 0.545085 0.0015895 0.00435361 0.00250023
165.74 0.863123 0.998909 0.545164 0.00105682 0.0039021 0.00198956
165.76 0.863145 0.999042 0.545199 0.00055094 0.00333192 0.000858603
165.78 0.863155 0.999159 0.545184 0.000241917 0.00291251 -0.000361757
165.8 0.863165 0.999273 0.545139 0.000237748 0.00284344 -0.00112133
165.82 0.863185 0.999397 0.545093 0.000503356 0.00311282 -0.00115596
165.84 0.863219 0.999537 0.54507 0.000859671 0.00348779 -0.000571004
165.86 0.863262 0.999682 0.545081 0.00107617 0.0036275 0.000264356
165.88 0.863304 0.999814 0.545117 0.00103881 0.00331565 0.000901414
165.9 0.863339 0.999922 0.545157 0.000881747 0.00269361 0.00101148
165.92 0.863376 1.00001 0.545179 0.000911318 0.0022193 0.000546443
165.94 0.863429 1.0001 0.545171 0.00134217 0.00230914 -0.000218918
165.96 0.863512 1.00022 0.545137 0.00208166 0.00297819 -0.00083858
165.98 0.863623 1.00037 0.545099 0.00276721 0.00381158 -0.00095818
166 0.863744 1.00055 0.545079 0.00303252 0.00428055 -0.000503347
166.02 0.863856 1.00071 0.54509 0.00279184 0.00410831 0.000296312
166.04 0.863949 1.00085 0.545132 0.002315 0.00344059 0.00102827
166.06 0.864029 1.00096 0.545183 0.00201538 0.00273348 0.0012958
166.08 0.864114 1.00106 0.545221 0.00211415 0.00244673 0.000928302
166.1 0.864213 1.00117 0.545225 0.00246789 0.00274959 0.000102906
166.12 0.864321 1.0013 0.545195 0.00272104 0.00342711 -0.000739727
166.14 0.864427 1.00146 0.545149 0.00263679 0.00406681 -0.00115359
166.16 0.86452 1.00164 0.545111 0.00231955 0.00437337 -0.000935807
166.18 0.864606 1.00181 0.545103 0.00215271 0.00431963 -0.000218959
166.2 0.864705 1.00198 0.545127 0.00248393 0.00406348 0.00061386
166.22 0.864837 1.00213 0.545172 0.00330329 0.00378429 0.00113054
166.24 0.865004 1.00227 0.545216 0.00417543 0.00358046 0.0010771
166.26 0.865185 1.00241 0.545237 0.00452839 0.00342949 0.000524685
166.28 0.865349 1.00254 0.54523 0.0040785 0.00321485 -0.000160449
166.3 0.865471 1.00265 0.545209 0.0030599 0.00286373 -0.000535413
166.32 0.865555 1.00275 0.545195 0.00209564 0.00248257 -0.000343035
166.34 0.865626 1.00284 0.545209 0.00177373 0.00230019 0.000346396
166.36 0.865715 1.00294 0.545257 0.00222886 0.00245086 0.00119394
166.38 0.865838 1.00305 0.545328 0.00307201 0.00283866 0.00179474
166.4 0.865986 1.00318 0.545405 0.00369782 0.00320404 0.00190407
166.42 0.866133 1.00331 0.545467 0.00368352 0.00330517 0.00156483
166.44 0.866253 1.00344 0.54551 0.00299671 0.00305874 0.00106055
166.46 0.866332 1.00354 0.545539 0.00196877 0.00256842 0.000729733
166.48 0.866376 1.00362 0.545569 0.00110791 0.00205548 0.000748997
166.5 0.866409 1.00369 0.54561 0.000824294 0.00172708 0.00103023
166.52 0.866457 1.00376 0.545663 0.00120268 0.00165004 0.00132061
166.54 0.866536 1.00382 0.545719 0.00197202 0.0017295 0.00139926
166.56 0.866643 1.0039 0.545767 0.00267086 0.00182591 0.00120893
166.58 0.866758 1.00397 0.545801 0.00287784 0.00191032 0.000857089
166.6 0.866855 1.00406 0.545822 0.00242921 0.00207885 0.000518395
166.62 0.866916 1.00415 0.545835 0.00152201 0.00241153 0.000334647
166.64 0.86694 1.00427 0.545849 0.000606728 0.00284308 0.000336023
166.66 0.866946 1.00439 0.545865 0.000136982 0.00317013 0.000405099
166.68 0.866959 1.00452 0.545879 0.000325589 0.0031811 0.000351334
166.7 0.867 1.00463 0.545882 0.00102879 0.00280721 7.93845e-05
166.72 0.867073 1.00472 0.54587 0.00182812 0.00218763 -0.000297607
166.74 0.867164 1.00479 0.54585 0.00227865 0.0016032 -0.000522786
166.76 0.867251 1.00484 0.545833 0.00216708 0.00131281 -0.000405951
166.78 0.867315 1.00489 0.545833 0.00160147 0.00138783 -1.71436e-07
166.8 0.867351 1.00496 0.54585 0.000913501 0.00167546 0.000424913
166.82 0.86737 1.00504 0.545874 0.000470361 0.00193873 0.00058603
166.84 0.86739 1.00512 0.545889 0.000487734 0.00205667 0.000389412
166.86 0.867427 1.0052 0.545889 0.000921063 0.00210684 -1.97549e-05
166.88 0.867486 1.0053 0.545873 0.00149341 0.00225643 -0.000394685
166.9 0.867561 1.0054 0.54585 0.00187517 0.00257531 -0.000574674
166.92 0.867637 1.00552 0.545827 0.00189975 0.00294485 -0.000565341
166.94 0.867704 1.00564 0.545808 0.00165694 0.00312277 -0.000469741
166.96 0.867759 1.00576 0.545794 0.00138647 0.00291759 -0.000362556
166.98 0.86781 1.00585 0.545785 0.00127078 0.00236407 -0.000229497
167 0.867863 1.00592 0.545784 0.00131768 0.00174558 -2.04671e-05
167.02 0.867919 1.00598 0.545794 0.00142215 0.00142648 0.000259057
167.04 0.86798 1.00604 0.545816 0.00150943 0.00161577 0.000534204
167.06 0.868044 1.00613 0.545845 0.00160937 0.00221758 0.000735814
167.08 0.868117 1.00625 0.54588 0.00181655 0.00288952 0.000874167
167.1 0.868204 1.00638 0.545921 0.00216747 0.00328306 0.0010161
167.12 0.868305 1.00651 0.545969 0.0025386 0.00328201 0.00119847
167.14 0.868413 1.00663 0.546024 0.0026986 0.00305202 0.00138533
167.16 0.868514 1.00675 0.546084 0.00251508 0.0028742 0.00149578
167.18 0.868599 1.00686 0.546142 0.00212243 0.00292661 0.00146074
167.2 0.868673 1.00699 0.546192 0.00186969 0.00319217 0.00125361
167.22 0.868756 1.00713 0.546229 0.0020759 0.00351987 0.000905916
167.24 0.868867 1.00728 0.54625 0.00275927 0.00373798 0.000529297
167.26 0.869009 1.00743 0.546261 0.00355672 0.00374453 0.000285888
167.28 0.869167 1.00757 0.546272 0.00394575 0.00355619 0.000281184
167.3 0.869311 1.00771 0.546291 0.00359997 0.00328605 0.000471699
167.32 0.869415 1.00783 0.546319 0.00261262 0.00306219 0.000695593
167.34 0.869475 1.00795 0.546351 0.00147971 0.00298018 0.000808303
167.36 0.869509 1.00807 0.546383 0.000852661 0.00310201 0.000785264
167.38 0.869556 1.00821 0.546411 0.00117838 0.00345581 0.000705236
167.4 0.869652 1.00837 0.546437 0.00241336 0.00399605 0.000647382
167.42 0.869813 1.00855 0.546461 0.00400446 0.0045594 0.00060951
167.44 0.870019 1.00875 0.546482 0.0051714 0.00489884 0.000519756
167.46 0.870232 1.00894 0.546495 0.00531441 0.00480684 0.000311147
167.48 0.870405 1.00911 0.546494 0.00433231 0.00425922 -1.26887e-05
167.5 0.870513 1.00925 0.54648 0.00268279 0.00348173 -0.000363525
167.52 0.870557 1.00936 0.546456 0.00111947 0.0028643 -0.000590202
167.54 0.870569 1.00947 0.546434 0.000280114 0.00275615 -0.000544894
167.56 0.870584 1.00961 0.546426 0.000379504 0.00327963 -0.000196358
167.58 0.87063 1.00978 0.546439 0.00115251 0.00426799 0.000315938
167.6 0.870712 1.00999 0.54647 0.00205549 0.0053333 0.000780282
167.62 0.870816 1.01023 0.546513 0.00258685 0.00602484 0.00106571
167.64 0.870917 1.01047 0.546559 0.00253892 0.0060269 0.00116619
167.66 0.870999 1.01068 0.546604 0.00205957 0.00531639 0.00112498
167.68 0.87106 1.01085 0.546643 0.00150879 0.00417253 0.000953247
167.7 0.871108 1.01097 0.546668 0.00121701 0.00303076 0.00062614
167.72 0.87116 1.01106 0.546674 0.00129727 0.00229231 0.000150121
167.74 0.871225 1.01115 0.546659 0.00161741 0.00218733 -0.00037148
167.76 0.871302 1.01126 0.546628 0.00192889 0.00269514 -0.000765843
167.78 0.871384 1.0114 0.546592 0.00203274 0.00352713 -0.00090656
167.8 0.871458 1.01157 0.54656 0.00187291 0.00423703 -0.000795231
167.82 0.871519 1.01175 0.546539 0.00152503 0.00443558 -0.000531362
167.84 0.871564 1.01191 0.54653 0.00112182 0.00397525 -0.00022996
167.86 0.871598 1.01203 0.546531 0.000830124 0.00302954 3.97074e-05
167.88 0.871631 1.01211 0.546542 0.000846985 0.0020393 0.000277801
167.9 0.871683 1.01217 0.546564 0.0013012 0.00151294 0.000530756
167.92 0.871768 1.01224 0.546596 0.00211046 0.00173679 0.000814122
167.94 0.871887 1.01234 0.546638 0.0029675 0.00256402 0.001042
167.96 0.872027 1.01248 0.54668 0.00351624 0.00347387 0.00105552
167.98 0.872169 1.01264 0.54671 0.00355353 0.00389251 0.000749076
168 0.872293 1.01278 0.546717 0.00309549 0.00356772 0.000185363
168.02 0.872387 1.01289 0.546702 0.00234642 0.00273923 -0.000383345
168.04 0.872452 1.01297 0.546677 0.00163408 0.00197013 -0.000630208
168.06 0.872503 1.01304 0.546662 0.00127274 0.0017579 -0.00036994
168.08 0.872559 1.01313 0.546673 0.0013905 0.00221246 0.000281471
168.1 0.872634 1.01325 0.546712 0.0018763 0.00302572 0.000969834
168.12 0.872733 1.0134 0.546766 0.00247913 0.00371827 0.00135185
168.14 0.872852 1.01356 0.546819 0.00296042 0.00396462 0.00133019
168.16 0.87298 1.01371 0.546864 0.00321832 0.00377152 0.0011123
168.18 0.873113 1.01384 0.546905 0.00330971 0.0033887 0.00103459
168.2 0.873246 1.01396 0.546956 0.00333021 0.00306782 0.00127501
168.22 0.873377 1.01408 0.547024 0.00326792 0.00289947 0.00168848
168.24 0.873497 1.01419 0.5471 0.00300715 0.0028448 0.00191749
168.26 0.873596 1.01431 0.547167 0.00247323 0.00286265 0.00166989
168.28 0.873667 1.01443 0.547204 0.00177098 0.00297748 0.000922607
168.3 0.873714 1.01456 0.547201 0.00118846 0.00322015 -7.51777e-05
168.32 0.873755 1.0147 0.547163 0.00103146 0.00349809 -0.000960747
168.34 0.87381 1.01484 0.547105 0.00136829 0.0035629 -0.00144841
168.36 0.873887 1.01497 0.547047 0.00190831 0.00315799 -0.0014498
168.38 0.873974 1.01506 0.547005 0.00219679 0.002265 -0.00105767
168.4 0.874053 1.01511 0.546987 0.00196632 0.00123807 -0.000429589
168.42 0.874105 1.01513 0.546999 0.00130629 0.000651248 0.000294202
168.44 0.874128 1.01517 0.547038 0.000568085 0.000926073 0.000969219
168.46 0.874135 1.01525 0.547094 0.00016138 0.00199712 0.00139405
168.48 0.874148 1.01538 0.547147 0.0003327 0.00327474 0.00133465
168.5 0.874187 1.01554 0.547173 0.000989829 0.00398336 0.000653491
168.52 0.874256 1.01568 0.547152 0.00172177 0.00364558 -0.000525183
168.54 0.87434 1.01578 0.547082 0.00208126 0.00237659 -0.00175664
168.56 0.874416 1.01581 0.546985 0.00190954 0.000820299 -0.00243404
168.58 0.874472 1.0158 0.5469 0.00141236 -0.000209807 -0.00212368
168.6 0.87451 1.0158 0.546865 0.000940434 -0.000202602 -0.000866307
168.62 0.874538 1.01583 0.546897 0.000706662 0.000742466 0.000795677
168.64 0.874566 1.01591 0.546981 0.000695393 0.00202206 0.00211795
168.66 0.874598 1.01602 0.547085 0.000793844 0.00296062 0.00259031
168.68 0.874637 1.01615 0.547174 0.000988632 0.00321082 0.00221405
168.7 0.874694 1.01627 0.547231 0.00140475 0.00286257 0.00143398
168.72 0.874779 1.01636 0.547263 0.0021371 0.00227106 0.00080208
168.74 0.874902 1.01643 0.547288 0.00306312 0.00177476 0.000635365
168.76 0.875055 1.01649 0.547324 0.00383199 0.0015133 0.000883455
168.78 0.875218 1.01655 0.547374 0.00407481 0.00145728 0.00124205
168.8 0.875365 1.01661 0.54743 0.00368524 0.00155417 0.00140264
168.82 0.875482 1.01668 0.54748 0.00291152 0.00181653 0.0012625
168.84 0.875568 1.01677 0.547518 0.00215948 0.00225935 0.000936617
168.86 0.875637 1.01689 0.547541 0.00171812 0.0027908 0.000597096
168.88 0.875703 1.01701 0.547555 0.00164639 0.00321557 0.000347892
168.9 0.875776 1.01715 0.547564 0.00183972 0.00335409 0.000220434
168.92 0.875862 1.01728 0.547572 0.00214864 0.00317608 0.000197555
168.94 0.875961 1.01739 0.547581 0.00247167 0.00284305 0.000233854
168.96 0.876073 1.01749 0.547592 0.0027852 0.00260242 0.000275784
168.98 0.876196 1.0176 0.547603 0.00308331 0.00261515 0.000255156
169 0.876327 1.01771 0.547606 0.00328887 0.00287382 8.37157e-05
169.02 0.876457 1.01784 0.547595 0.00325216 0.00325385 -0.00028582
169.04 0.876572 1.01799 0.547563 0.00286587 0.00360965 -0.000782027
169.06 0.876659 1.01814 0.547514 0.00218394 0.00384064 -0.00122983
169.08 0.876716 1.0183 0.547456 0.00142382 0.00391483 -0.00146116
169.1 0.876751 1.01845 0.547399 0.000855418 0.00386944 -0.00141402
169.12 0.876777 1.0186 0.547354 0.00065309 0.00379521 -0.00114031
169.14 0.876809 1.01876 0.547323 0.000813779 0.00378637 -0.000758112
169.16 0.876857 1.01891 0.547307 0.00118158 0.00387557 -0.000406229
169.18 0.876919 1.01907 0.547299 0.0015647 0.00399754 -0.000194406
169.2 0.876993 1.01923 0.547293 0.00184711 0.00401057 -0.000144993
169.22 0.877073 1.01938 0.547286 0.00199332 0.00378388 -0.000173113
169.24 0.877153 1.01951 0.54728 0.00200378 0.00331155 -0.000150447
169.26 0.877229 1.01962 0.54728 0.00189986 0.00275195 1.21507e-06
169.28 0.877298 1.01972 0.547292 0.00173594 0.00235286 0.000283253
169.3 0.877362 1.01981 0.547318 0.00159871 0.00232729 0.000647691
169.32 0.877424 1.01992 0.547359 0.00155359 0.00273914 0.00102414
169.34 0.877488 1.02006 0.547412 0.00159669 0.00343247 0.00134063
169.36 0.877555 1.02022 0.547474 0.00165511 0.00407033 0.0015423
169.38 0.877619 1.02039 0.547538 0.00161926 0.00430242 0.00160001
169.4 0.877676 1.02055 0.547599 0.00142758 0.00397572 0.0015216
169.42 0.877723 1.02068 0.547653 0.00117391 0.00324724 0.0013458
169.44 0.877767 1.02078 0.547697 0.00109652 0.00250378 0.00111494
169.46 0.877822 1.02087 0.547732 0.00136464 0.00213937 0.000860034
169.48 0.877896 1.02096 0.547757 0.00186416 0.00234206 0.000622818
169.5 0.877987 1.02108 0.547776 0.00225834 0.00299941 0.000484593
169.52 0.878078 1.02123 0.547797 0.0022735 0.00376328 0.000525301
169.54 0.878154 1.0214 0.547826 0.0019028 0.00426641 0.000733462
169.56 0.878209 1.02158 0.547865 0.00137193 0.00435182 0.000974111
169.58 0.878248 1.02174 0.547908 0.000991769 0.00413171 0.00105908
169.6 0.878289 1.0219 0.547942 0.00101355 0.00385271 0.000859405
169.62 0.878348 1.02204 0.547958 0.00148786 0.00369499 0.000391096
169.64 0.878437 1.02219 0.547951 0.00220458 0.0036742 -0.000175742
169.66 0.878549 1.02234 0.547927 0.00281853 0.00369777 -0.000595727
169.68 0.878672 1.02249 0.5479 0.00307946 0.00369169 -0.000672076
169.7 0.878791 1.02263 0.547885 0.00296044 0.0036754 -0.000368297
169.72 0.878895 1.02278 0.547892 0.0026104 0.00372454 0.000160609
169.74 0.878985 1.02294 0.547917 0.00224368 0.00386817 0.000643701
169.76 0.879067 1.0231 0.547951 0.00206007 0.00400936 0.000841552
169.78 0.879155 1.02326 0.547978 0.00217969 0.00395902 0.000666305
169.8 0.879259 1.0234 0.547986 0.00259946 0.00360162 0.000204549
169.82 0.879386 1.02352 0.547973 0.00318867 0.00305445 -0.000330313
169.84 0.879535 1.02363 0.547945 0.00371637 0.00264141 -0.000684472
169.86 0.879692 1.02373 0.547918 0.00394148 0.00265128 -0.000679773
169.88 0.879842 1.02386 0.547906 0.00373598 0.00307356 -0.000306094
169.9 0.879968 1.024 0.547917 0.00315543 0.00355685 0.00027256
169.92 0.880065 1.02415 0.547949 0.00241146 0.00365009 0.000795134
169.94 0.880136 1.02427 0.547989 0.00177543 0.00315175 0.00102026
169.96 0.880195 1.02436 0.548023 0.00147223 0.00228683 0.000837328
169.98 0.880258 1.02443 0.548036 0.00157565 0.00155381 0.000316769
170 0.880335 1.02448 0.548023 0.00193311 0.00137672 -0.000314485
170.02 0.880424 1.02455 0.547992 0.00223312 0.00182768 -0.000762737
170.04 0.880513 1.02466 0.54796 0.00223023 0.00259992 -0.000809122
170.06 0.880591 1.02479 0.547942 0.00193227 0.00323073 -0.000441935
170.08 0.880653 1.02492 0.547947 0.0015694 0.00338567 0.000125522
170.1 0.88071 1.02504 0.547971 0.0014071 0.0030114 0.000580626
170.12 0.880772 1.02513 0.547998 0.00156753 0.00230355 0.000693419
170.14 0.88085 1.0252 0.548016 0.00194017 0.0015653 0.000447637
170.16 0.880939 1.02524 0.548018 0.00222671 0.00105618 4.94147e-05
170.18 0.881024 1.02527 0.548011 0.00212997 0.000884048 -0.000193361
170.2 0.881088 1.02531 0.548009 0.00158986 0.000986453 -5.03655e-05
170.22 0.881123 1.02536 0.548028 0.000872322 0.0012168 0.000492326
170.24 0.881139 1.02542 0.548077 0.000402079 0.00144773 0.00121162
170.26 0.881158 1.02548 0.548147 0.000480421 0.00160225 0.00176925
170.28 0.881202 1.02555 0.548224 0.00110964 0.00164528 0.00190233
170.3 0.881283 1.02561 0.548287 0.00201329 0.00158488 0.0015763
170.32 0.881395 1.02567 0.548327 0.00281123 0.00149236 0.000999797
170.34 0.881525 1.02573 0.548346 0.00322677 0.00149698 0.000486377
170.36 0.881653 1.0258 0.548357 0.00322063 0.00170895 0.000270877
170.38 0.881773 1.02589 0.548373 0.00299322 0.00211424 0.000399904
170.4 0.881886 1.02599 0.548402 0.0028317 0.00254941 0.000732736
170.42 0.882002 1.0261 0.548443 0.00290247 0.002818 0.00102815
170.44 0.882128 1.02621 0.548487 0.00314529 0.00284058 0.00108019
170.46 0.882261 1.02632 0.54852 0.00333066 0.0026991 0.000831921
170.48 0.882391 1.02643 0.548535 0.00323206 0.00257171 0.000389146
170.5 0.882502 1.02653 0.548533 0.0027855 0.00261259 -5.61988e-05
170.52 0.882589 1.02664 0.54852 0.00216581 0.00283146 -0.000327107
170.54 0.882658 1.02677 0.548507 0.00172699 0.00309058 -0.000337027
170.56 0.882729 1.0269 0.548502 0.0017788 0.00323213 -0.000121356
170.58 0.882823 1.02702 0.548509 0.00235363 0.00320737 0.000194393
170.6 0.88295 1.02715 0.548528 0.00316445 0.00310596 0.00045304
170.62 0.883101 1.02727 0.548547 0.00377411 0.00308046 0.000495875
170.64 0.883255 1.0274 0.548555 0.00385001 0.00320344 0.000199908
170.66 0.883389 1.02754 0.548538 0.00335227 0.0033824 -0.000427046
170.68 0.883491 1.02767 0.548491 0.00254865 0.00345874 -0.00118102
170.7 0.883565 1.02781 0.548422 0.00184484 0.00339712 -0.00173571
170.72 0.883626 1.02794 0.548349 0.00154173 0.0033452 -0.00181802
170.74 0.883693 1.02808 0.548294 0.00167417 0.0034945 -0.00136455
170.76 0.883774 1.02824 0.548271 0.0020113 0.00387019 -0.000574524
170.78 0.883863 1.02841 0.548279 0.00223286 0.00426526 0.000186672
170.8 0.88395 1.02858 0.548303 0.00218316 0.00439551 0.000613056
170.82 0.884029 1.02875 0.54833 0.00196538 0.00412944 0.00067127
170.84 0.8841 1.02889 0.548354 0.00177624 0.00358722 0.000605882
170.86 0.884167 1.02902 0.548383 0.00167248 0.00306413 0.000712278
170.88 0.884227 1.02913 0.548426 0.00151481 0.0028548 0.00107994
170.9 0.884273 1.02925 0.548487 0.00113968 0.00307434 0.00151007
170.92 0.884297 1.0294 0.548553 0.000594526 0.0035954 0.0016576
170.94 0.884304 1.02956 0.548605 0.000184829 0.00415272 0.00131456
170.96 0.884314 1.02974 0.54863 0.000249039 0.00450404 0.000616239
170.98 0.884349 1.02992 0.548629 0.000872828 0.00451367 -2.33501e-05
171 0.884421 1.03009 0.548621 0.00179235 0.00418407 -0.000205874
171.02 0.884522 1.03024 0.548628 0.00253948 0.00367165 0.000165181
171.04 0.884631 1.03037 0.54866 0.00271596 0.00319642 0.000824088
171.06 0.88472 1.03048 0.548714 0.00222477 0.00289762 0.00133592
171.08 0.884773 1.03059 0.548769 0.00132221 0.00276392 0.00138036
171.1 0.884792 1.0307 0.548807 0.000467285 0.00269086 0.000949969
171.12 0.884794 1.0308 0.548821 5.05023e-05 0.00259439 0.000354134
171.14 0.884801 1.0309 0.548821 0.000192892 0.00246474 1.84464e-07
171.16 0.884831 1.031 0.548825 0.000745803 0.0023578 8.82234e-05
171.18 0.884888 1.03109 0.548844 0.00142998 0.00235003 0.000473967
171.2 0.884968 1.03119 0.548876 0.00197911 0.00244672 0.000806384
171.22 0.885056 1.03129 0.548908 0.00222386 0.0025149 0.000788771
171.24 0.885141 1.03138 0.548922 0.00212374 0.00236389 0.000355873
171.26 0.885212 1.03146 0.548909 0.00175708 0.00192591 -0.000312612
171.28 0.885263 1.03151 0.548873 0.00129425 0.00134697 -0.000920802
171.3 0.885301 1.03155 0.548823 0.000950518 0.000904638 -0.00122886
171.32 0.885337 1.03158 0.548778 0.000878761 0.000833583 -0.00114575
171.34 0.885379 1.03163 0.548748 0.00105184 0.00120613 -0.000726944
171.36 0.88543 1.03171 0.548743 0.00127319 0.00189237 -0.000138121
171.38 0.885484 1.03181 0.548759 0.00135815 0.00259592 0.000413006
171.4 0.885536 1.03193 0.548791 0.00130035 0.00299384 0.000779904
171.42 0.885586 1.03205 0.548828 0.00125404 0.00292699 0.0009413
171.44 0.885641 1.03215 0.548867 0.00138092 0.00249688 0.000962779
171.46 0.885709 1.03223 0.548903 0.00170209 0.00198118 0.000910824
171.48 0.885792 1.03229 0.548936 0.00206088 0.0016377 0.000813895
171.5 0.885882 1.03236 0.548963 0.00224738 0.0015456 0.000673489
171.52 0.885969 1.03242 0.548983 0.00218693 0.00161132 0.000501508
171.54 0.886049 1.03249 0.548997 0.00198147 0.00173177 0.000356614
171.56 0.886121 1.03257 0.54901 0.00180121 0.00194154 0.000334375
171.58 0.886191 1.03266 0.54903 0.00176965 0.00237466 0.000487828
171.6 0.886267 1.03278 0.549059 0.00188825 0.00307951 0.000730231
171.62 0.886348 1.03294 0.549093 0.00203911 0.00386432 0.000847772
171.64 0.886431 1.03311 0.549119 0.00207444 0.00433356 0.000646771
171.66 0.886508 1.03328 0.549124 0.0019264 0.00413235 0.000123782
171.68 0.886575 1.03341 0.549105 0.00166144 0.00322781 -0.000473684
171.7 0.886633 1.03349 0.549074 0.00145097 0.00202233 -0.000761518
171.72 0.886692 1.03354 0.549056 0.00146445 0.00118297 -0.00045476
171.74 0.886761 1.03359 0.549073 0.00173727 0.00125537 0.00042958
171.76 0.886846 1.03368 0.549135 0.00211214 0.00229507 0.00153067
171.78 0.886939 1.03383 0.549227 0.00233956 0.00377188 0.00229818
171.8 0.88703 1.03402 0.549318 0.00227856 0.00485136 0.00228295
171.82 0.88711 1.03422 0.549374 0.00200174 0.00490544 0.00141139
171.84 0.887179 1.03438 0.549377 0.00171771 0.00394147 6.93382e-05
171.86 0.887244 1.03448 0.549334 0.00161539 0.00261619 -0.00108242
171.88 0.887313 1.03455 0.549274 0.00174545 0.00179186 -0.00149518
171.9 0.887394 1.03463 0.549231 0.0020165 0.00196908 -0.00108559
171.92 0.887486 1.03475 0.54922 0.00228431 0.00297266 -0.000271278
171.94 0.887584 1.03491 0.549234 0.00245247 0.0040898 0.000359471
171.96 0.887685 1.0351 0.549253 0.00252533 0.00459095 0.000470758
171.98 0.887788 1.03527 0.54926 0.00258116 0.00426661 0.000164328
172 0.887896 1.03541 0.549253 0.00269102 0.00355562 -0.000162589
172.02 0.88801 1.03554 0.549248 0.0028534 0.00316295 -0.00013755
172.04 0.888129 1.03568 0.549261 0.00299113 0.0034934 0.000325643
172.06 0.88825 1.03585 0.5493 0.00302018 0.00434384 0.000988944
172.08 0.888368 1.03605 0.549359 0.00293778 0.00506218 0.00147845
172.1 0.888481 1.03625 0.549421 0.00283123 0.00504273 0.00153244
172.12 0.888593 1.03642 0.549466 0.00279201 0.0041792 0.00113904
172.14 0.888706 1.03654 0.549486 0.00282846 0.00294311 0.000508777
172.16 0.888821 1.03662 0.549484 0.0028709 0.00205982 -6.21561e-05
172.18 0.888935 1.0367 0.54947 0.00286118 0.00204352 -0.000346321
172.2 0.889047 1.03682 0.549459 0.00280563 0.00287972 -0.000271017
172.22 0.889157 1.03698 0.549463 0.00274126 0.00403779 8.30674e-05
172.24 0.889265 1.03717 0.549484 0.00269375 0.0048075 0.000535947
172.26 0.889372 1.03736 0.54952 0.00267728 0.00473482 0.000891904
172.28 0.88948 1.03752 0.549561 0.00270658 0.00389605 0.00102144
172.3 0.889591 1.03763 0.549597 0.00278409 0.002832 0.000902792
172.32 0.889706 1.03772 0.549621 0.00286732 0.00216485 0.000610572
172.34 0.889821 1.0378 0.549632 0.00287654 0.00218197 0.000279765
172.36 0.889931 1.03791 0.549634 0.00275519 0.00270134 4.84572e-05
172.38 0.890033 1.03804 0.549634 0.002531 0.00327522 -1.18012e-05
172.4 0.890125 1.03818 0.549637 0.00231814 0.0035252 7.32268e-05
172.42 0.890215 1.03832 0.549645 0.00224378 0.00336629 0.000211978
172.44 0.890309 1.03844 0.549658 0.00236178 0.00302205 0.000315613
172.46 0.890414 1.03855 0.549672 0.00262117 0.00284012 0.000358437
172.48 0.89053 1.03867 0.549687 0.00288848 0.00300566 0.000380853
172.5 0.89065 1.03881 0.549705 0.00301392 0.00336846 0.00043802
172.52 0.890767 1.03895 0.549727 0.00291362 0.00355421 0.000548443
172.54 0.890871 1.03908 0.549754 0.00261337 0.00326998 0.00068199
172.56 0.890961 1.03918 0.549785 0.00223239 0.00254678 0.000770527
172.58 0.891038 1.03925 0.549815 0.00192537 0.00174315 0.000748979
172.6 0.89111 1.03931 0.54984 0.00181078 0.00131759 0.000625885
172.62 0.891187 1.03937 0.54986 0.00191199 0.00152765 0.00049523
172.64 0.891272 1.03946 0.549878 0.0021347 0.00224667 0.000452455
172.66 0.891364 1.03958 0.549898 0.0023032 0.00300735 0.000498598
172.68 0.891454 1.03971 0.549919 0.00225536 0.00329175 0.000532681
172.7 0.891533 1.03982 0.549937 0.0019625 0.00288842 0.000448554
172.72 0.891596 1.03991 0.549947 0.00156681 0.00203009 0.000260461
172.74 0.891647 1.03995 0.549952 0.0012927 0.00122481 0.000120654
172.76 0.8917 1.03999 0.54996 0.00130645 0.000934786 0.000190541
172.78 0.891764 1.04004 0.54998 0.00161326 0.00130104 0.000494847
172.8 0.891846 1.04013 0.550015 0.00204144 0.0020505 0.000881968
172.82 0.891939 1.04023 0.550059 0.0023283 0.00265597 0.0011009
172.84 0.89203 1.04034 0.550097 0.0022729 0.00270272 0.000956584
172.86 0.892104 1.04043 0.550116 0.00185894 0.00220036 0.000457212
172.88 0.892155 1.04049 0.550109 0.00127839 0.00155585 -0.000166471
172.9 0.89219 1.04054 0.550085 0.000861529 0.00123922 -0.000587206
172.92 0.892227 1.0406 0.550063 0.000919951 0.001432 -0.00056174
172.94 0.892288 1.04067 0.55006 0.00152858 0.00191572 -6.51191e-05
172.96 0.892383 1.04077 0.550088 0.00239328 0.00227896 0.000696885
172.98 0.892503 1.04086 0.550144 0.00298522 0.00225794 0.00140095
173 0.892619 1.04093 0.550215 0.00289929 0.00191978 0.0017771
173.02 0.892704 1.041 0.550285 0.00213694 0.00158666 0.0017337
173.04 0.892748 1.04106 0.550339 0.00109283 0.00159245 0.00135782
173.06 0.892761 1.04114 0.550372 0.000318707 0.00203441 0.000824184
173.08 0.89277 1.04125 0.550384 0.000232019 0.00269904 0.000303997
173.1 0.892805 1.04138 0.550381 0.000878023 0.00322559 -8.04912e-05
173.12 0.89288 1.04151 0.55037 0.00187272 0.00338544 -0.00027165
173.14 0.892985 1.04164 0.550359 0.00261515 0.00323834 -0.000269807
173.16 0.893091 1.04176 0.550355 0.00265052 0.00302755 -0.000116146
173.18 0.893169 1.04188 0.550359 0.0019551 0.0029419 0.00011916
173.2 0.893207 1.042 0.550374 0.000958436 0.00298645 0.000356664
173.22 0.893218 1.04212 0.550395 0.000259879 0.00303346 0.000540697
173.24 0.893226 1.04224 0.550422 0.000212432 0.00296383 0.000657901
173.26 0.893254 1.04235 0.55045 0.000691684 0.00278003 0.000716356
173.28 0.893304 1.04246 0.550479 0.00125486 0.00261052 0.000715853
173.3 0.893365 1.04256 0.550505 0.00153185 0.00263339 0.000645676
173.32 0.893424 1.04268 0.550525 0.00147764 0.00296649 0.000517242
173.34 0.893477 1.04282 0.550541 0.00130398 0.00357172 0.000378852
173.36 0.893526 1.04299 0.550551 0.00123877 0.00423905 0.000258277
173.38 0.893581 1.04318 0.550555 0.00136187 0.00466568 9.64917e-05
173.4 0.893645 1.04336 0.550546 0.00161594 0.00459692 -0.000223885
173.42 0.893722 1.04352 0.550515 0.00190894 0.00397009 -0.000760386
173.44 0.893809 1.04364 0.55046 0.00218323 0.00299061 -0.00139683
173.46 0.893905 1.04373 0.550386 0.00240606 0.00206997 -0.00184194
173.48 0.894006 1.04379 0.550315 0.00251754 0.00160859 -0.0017827
173.5 0.894103 1.04386 0.55027 0.00243798 0.00176948 -0.00110597
173.52 0.894189 1.04396 0.55027 0.00215395 0.00241417 -9.60315e-06
173.54 0.89426 1.04408 0.550314 0.00176881 0.00318088 0.00110154
173.56 0.894319 1.04423 0.550387 0.0014647 0.00365815 0.00183027
173.58 0.894375 1.04437 0.550465 0.00139172 0.00361288 0.0019444
173.6 0.894437 1.0445 0.550523 0.00155431 0.00313222 0.00145161
173.62 0.894509 1.0446 0.550547 0.00180559 0.00253516 0.000610171
173.64 0.894587 1.04469 0.550541 0.0019624 0.00211866 -0.000157944
173.66 0.894665 1.04477 0.550523 0.00193777 0.00197789 -0.000453093
173.68 0.894736 1.04485 0.550519 0.00177766 0.0020241 -8.80702e-05
173.7 0.894799 1.04493 0.550552 0.00158092 0.00210652 0.00082082
173.72 0.894855 1.04502 0.550628 0.00139652 0.00212069 0.00188601
173.74 0.894903 1.0451 0.550732 0.0012002 0.00207671 0.00260864
173.76 0.894942 1.04518 0.550837 0.00096843 0.00210186 0.00262707
173.78 0.894973 1.04528 0.550914 0.000766905 0.00233015 0.00192124
173.8 0.895002 1.04539 0.550947 0.000739142 0.00275293 0.000819173
173.82 0.895041 1.04551 0.550939 0.000978917 0.00320573 -0.000199706
173.84 0.895098 1.04565 0.550909 0.00141562 0.00351809 -0.000749738
173.86 0.895172 1.0458 0.55088 0.00184234 0.00363099 -0.000709117
173.88 0.895254 1.04594 0.550871 0.00205265 0.00357755 -0.000242809
173.9 0.895332 1.04608 0.550884 0.00197038 0.0034304 0.00032992
173.92 0.895401 1.04621 0.550913 0.00171339 0.00327582 0.000720452
173.94 0.895462 1.04634 0.550944 0.00153154 0.00316755 0.000777944
173.96 0.895528 1.04646 0.550963 0.00163718 0.00312282 0.000490085
173.98 0.89561 1.04659 0.550962 0.00205339 0.00319105 -4.44857e-05
174 0.895714 1.04673 0.550937 0.00260664 0.00346173 -0.000619746
174.02 0.895836 1.04689 0.550898 0.00304454 0.00395957 -0.000962673
174.04 0.895963 1.04707 0.550864 0.00318128 0.00454656 -0.000863257
174.06 0.896084 1.04727 0.550851 0.00301396 0.00496154 -0.000313647
174.08 0.896193 1.04747 0.550869 0.0027351 0.00498414 0.000449265
174.1 0.896298 1.04765 0.55091 0.00261566 0.00458757 0.00102692
174.12 0.89641 1.04781 0.550953 0.00281672 0.00395693 0.00105794
174.14 0.896541 1.04794 0.550971 0.00326975 0.00339225 0.000455501
174.16 0.896691 1.04807 0.550951 0.00374055 0.00314912 -0.000491355
174.18 0.896851 1.0482 0.5509 0.00399604 0.00327569 -0.0012691
174.2 0.897008 1.04834 0.550842 0.00392594 0.0035733 -0.00145273
174.22 0.897151 1.04849 0.550804 0.00357613 0.00374287 -0.000951704
174.24 0.897276 1.04864 0.550803 0.00312173 0.00361308 -4.14019e-05
174.26 0.897387 1.04877 0.550836 0.00278475 0.00325942 0.000830092
174.28 0.897496 1.04889 0.550888 0.00272197 0.00292379 0.00131607
174.3 0.897614 1.049 0.550942 0.002958 0.00282273 0.0013254
174.32 0.89775 1.04912 0.55098 0.00339235 0.00299611 0.00097473
174.34 0.897904 1.04925 0.550998 0.00384096 0.00328518 0.000432932
174.36 0.898068 1.04939 0.550991 0.00411209 0.0034563 -0.000177147
174.38 0.898233 1.04952 0.55096 0.00411657 0.00338379 -0.000755934
174.4 0.898389 1.04965 0.550914 0.00389829 0.00314858 -0.00116818
174.42 0.89853 1.04977 0.550864 0.00354108 0.00295303 -0.00124863
174.44 0.898654 1.04988 0.550828 0.0030933 0.00292205 -0.000903873
174.46 0.898758 1.05001 0.550818 0.00258698 0.00300355 -0.000238379
174.48 0.898841 1.05013 0.550836 0.00208671 0.00305934 0.000452654
174.5 0.898909 1.05025 0.550871 0.00169935 0.00301447 0.000870873
174.52 0.89897 1.05037 0.550908 0.00152683 0.00292762 0.000913441
174.54 0.899034 1.05048 0.550936 0.00159754 0.0029584 0.000720991
174.56 0.899108 1.05061 0.550959 0.00184011 0.00323505 0.000561529
174.58 0.899193 1.05076 0.550984 0.00212396 0.00370599 0.000620711
174.6 0.899286 1.05093 0.551018 0.00233592 0.00412416 0.000853549
174.62 0.899382 1.05109 0.551059 0.00240899 0.00419616 0.00103035
174.64 0.899474 1.05125 0.551097 0.00228849 0.00378489 0.0009406
174.66 0.899552 1.05137 0.551121 0.00195033 0.00302962 0.000596794
174.68 0.899611 1.05146 0.551131 0.00146669 0.00227541 0.000271732
174.7 0.899651 1.05153 0.551144 0.00101373 0.00184125 0.000310852
174.72 0.899682 1.0516 0.551178 0.000785509 0.00182014 0.000846723
174.74 0.899718 1.05169 0.551244 0.000875715 0.00205946 0.00165548
174.76 0.899766 1.05178 0.551335 0.00121668 0.00231129 0.00228696
174.78 0.899831 1.05188 0.55143 0.00160993 0.00241288 0.00236679
174.8 0.899904 1.05197 0.551503 0.00182384 0.00235799 0.00183419
174.82 0.899973 1.05206 0.551542 0.00172641 0.00223103 0.000959816
174.84 0.900028 1.05214 0.551549 0.00138034 0.00210343 0.000166984
174.86 0.900068 1.05222 0.55154 0.00101515 0.00198004 -0.000225448
174.88 0.900103 1.0523 0.551532 0.000870082 0.00182097 -0.000180194
174.9 0.900144 1.05236 0.551535 0.00102185 0.00161199 7.39792e-05
174.92 0.900198 1.05242 0.551544 0.0013434 0.00141668 0.000223819
174.94 0.900262 1.05247 0.551547 0.00160932 0.00135705 7.81996e-05
174.96 0.900329 1.05253 0.551535 0.0016625 0.00153639 -0.000314206
174.98 0.900389 1.05261 0.551507 0.00151476 0.00196267 -0.000696457
175 0.900441 1.05271 0.551475 0.00130306 0.00251512 -0.000794239
175.02 0.900488 1.05283 0.551453 0.00116098 0.00298311 -0.000548977
175.04 0.900533 1.05296 0.551446 0.0011211 0.00317299 -0.000185313
175.06 0.900577 1.05308 0.551444 0.0011044 0.0030117 -3.87797e-05
175.08 0.900617 1.05318 0.551432 0.000992202 0.00259515 -0.000302442
175.1 0.900646 1.05327 0.551397 0.000743744 0.00216267 -0.000881972
175.12 0.900665 1.05335 0.551339 0.000460225 0.00197365 -0.0014525
175.14 0.900678 1.05343 0.551272 0.000343899 0.00214891 -0.00165937
175.16 0.900702 1.05354 0.551219 0.000577043 0.00260042 -0.001328
175.18 0.900749 1.05366 0.551197 0.00117486 0.00308265 -0.000566746
175.2 0.900825 1.05379 0.551208 0.00191331 0.00331518 0.000294066
175.22 0.900923 1.05392 0.551244 0.00243699 0.00316895 0.000895598
175.24 0.901022 1.05403 0.551287 0.00247809 0.00279959 0.00106279
175.26 0.901102 1.05413 0.551322 0.00201925 0.00254527 0.000877943
175.28 0.901155 1.05424 0.551345 0.00131181 0.00265602 0.000575091
175.3 0.901185 1.05436 0.55136 0.000740359 0.00311073 0.000372078
175.32 0.901209 1.05451 0.551374 0.000601174 0.00365169 0.000367686
175.34 0.901246 1.05467 0.551396 0.000932637 0.00395718 0.000547906
175.36 0.901306 1.05482 0.55143 0.00149945 0.00383656 0.0008396
175.38 0.901383 1.05496 0.551476 0.00193518 0.00334476 0.00114957
175.4 0.901462 1.05507 0.551532 0.00196443 0.00274309 0.00140002
175.42 0.901524 1.05516 0.551594 0.0015657 0.0023376 0.00155226
175.44 0.901564 1.05525 0.551657 0.000981795 0.00227857 0.00158206
175.46 0.901586 1.05535 0.551715 0.000562525 0.00247118 0.00143789
175.48 0.901608 1.05546 0.551757 0.000544636 0.00268273 0.00106222
175.5 0.901645 1.05557 0.551776 0.000931546 0.00272871 0.000476195
175.52 0.901706 1.05567 0.55177 0.00151762 0.00259628 -0.000167082
175.54 0.901786 1.05577 0.551744 0.00199497 0.00244996 -0.000629384
175.56 0.90187 1.05587 0.551716 0.00209876 0.00251638 -0.000712586
175.58 0.90194 1.05598 0.551701 0.00176011 0.0029124 -0.000379921
175.6 0.901987 1.05613 0.55171 0.00117309 0.00353439 0.000223659
175.62 0.902015 1.05629 0.551744 0.000685702 0.00409675 0.000858527
175.64 0.902038 1.05646 0.551796 0.000580576 0.00429826 0.00129554
175.66 0.902075 1.05662 0.551851 0.00092213 0.00399617 0.00138771
175.68 0.902138 1.05675 0.551896 0.00157279 0.00329392 0.00111959
175.7 0.90223 1.05685 0.551921 0.00230918 0.00251702 0.00062613
175.72 0.902347 1.05694 0.551927 0.00291712 0.0020624 0.000143468
175.74 0.902476 1.05702 0.551922 0.00322354 0.00216428 -0.0001147
175.76 0.902601 1.05713 0.55192 0.00314742 0.00273214 -6.90557e-05
175.78 0.902713 1.05727 0.551928 0.00277897 0.00342929 0.000221322
175.8 0.902807 1.05743 0.551953 0.00236427 0.00393874 0.00061783
175.82 0.902894 1.05759 0.551991 0.00216176 0.00415748 0.000947
175.84 0.902985 1.05776 0.552034 0.0022879 0.00420237 0.00106419
175.86 0.903093 1.05793 0.552071 0.00268885 0.00426311 0.000935343
175.88 0.903222 1.05811 0.552098 0.00322778 0.00441067 0.000663651
175.9 0.903373 1.05829 0.552116 0.003776 0.0045279 0.000449707
175.92 0.903543 1.05847 0.552135 0.00424304 0.00441989 0.000482638
175.94 0.903725 1.05863 0.552166 0.00455894 0.00400414 0.000783809
175.96 0.903911 1.05876 0.552211 0.00464933 0.00341318 0.00112642
175.98 0.904089 1.05888 0.552257 0.00444544 0.00292511 0.00115164
176 0.904248 1.05899 0.552282 0.003981 0.00277135 0.000627108
176.02 0.904387 1.05911 0.552268 0.00347417 0.00295982 -0.000351754
176.04 0.904516 1.05924 0.552214 0.00323228 0.00327174 -0.00136473
176.06 0.904653 1.05938 0.552139 0.00341189 0.00345523 -0.00187204
176.08 0.904807 1.05952 0.552078 0.00386546 0.00342262 -0.00152567
176.1 0.904976 1.05965 0.552061 0.00421623 0.00327644 -0.000423806
176.12 0.90514 1.05977 0.552097 0.00410811 0.0031693 0.000901892
176.14 0.905279 1.0599 0.552169 0.00347438 0.00315689 0.00180665
176.16 0.905384 1.06003 0.552246 0.00261746 0.0031691 0.00192018
176.18 0.905465 1.06015 0.552299 0.00202086 0.00307047 0.00132074
176.2 0.905546 1.06026 0.552316 0.00202112 0.00274933 0.000428479
176.22 0.905648 1.06035 0.552305 0.00255381 0.00219776 -0.000265229
176.24 0.905774 1.06041 0.552287 0.0031615 0.00155111 -0.000466732
176.26 0.905906 1.06045 0.552278 0.00329416 0.00105257 -0.000215114
176.28 0.906014 1.06049 0.552286 0.00271081 0.000927491 0.000190218
176.3 0.906081 1.06054 0.552303 0.00167275 0.00124711 0.000439143
176.32 0.906112 1.06061 0.552321 0.000753901 0.00190258 0.000446976
176.34 0.906128 1.06072 0.552337 0.000424329 0.00265946 0.000387543
176.36 0.906159 1.06085 0.552357 0.000754119 0.00323336 0.000510332
176.38 0.906215 1.06099 0.552393 0.0014083 0.00339077 0.000902169
176.4 0.906291 1.06111 0.552449 0.00189444 0.00305284 0.0013979
176.42 0.906367 1.0612 0.552517 0.00190522 0.0023504 0.00170241
176.44 0.906428 1.06127 0.552582 0.00151379 0.00160245 0.00161469
176.46 0.906471 1.06131 0.552629 0.00108907 0.00119663 0.00118029
176.48 0.90651 1.06137 0.552655 0.000978509 0.00137213 0.000648624
176.5 0.90656 1.06145 0.552666 0.00123456 0.00208527 0.000268667
176.52 0.906625 1.06157 0.55267 0.00163933 0.00307487 0.000114901
176.54 0.906703 1.06174 0.552674 0.00193629 0.00401466 9.1651e-05
176.56 0.906783 1.06192 0.552677 0.00199994 0.00464073 6.83215e-05
176.58 0.906856 1.06211 0.552677 0.00184448 0.00482918 -1.23625e-06
176.6 0.906919 1.0623 0.552674 0.0015601 0.00460244 -6.11177e-05
176.62 0.906969 1.06246 0.552674 0.00125199 0.00406482 -6.14068e-06
176.64 0.907009 1.06259 0.552684 0.00100351 0.00335347 0.000263211
176.66 0.907044 1.0627 0.552716 0.000879224 0.00263717 0.000780202
176.68 0.907082 1.06278 0.552773 0.000938663 0.00209959 0.00143527
176.7 0.90713 1.06286 0.552852 0.00120873 0.00190886 0.00196052
176.72 0.907195 1.06295 0.552933 0.00163483 0.00218216 0.00204073
176.74 0.907278 1.06306 0.552994 0.00205551 0.00290377 0.00151116
176.76 0.907367 1.06322 0.553014 0.00223774 0.00385739 0.000508099
176.78 0.907447 1.06341 0.552992 0.00200284 0.00469073 -0.000555638
176.8 0.907503 1.06361 0.552944 0.0013895 0.00507709 -0.0011901
176.82 0.90753 1.0638 0.5529 0.000679662 0.00486565 -0.00109283
176.84 0.907538 1.06397 0.552887 0.000199918 0.00417329 -0.000333009
176.86 0.907541 1.0641 0.552914 6.46123e-05 0.00335279 0.000670731
176.88 0.907545 1.06422 0.552969 0.000116896 0.0027882 0.00138516
176.9 0.90755 1.06432 0.553029 0.000116514 0.00265689 0.00148125
176.92 0.907549 1.06444 0.553069 -3.01676e-05 0.0028796 0.00100861
176.94 0.907541 1.06457 0.553081 -0.000200982 0.00326735 0.000301969
176.96 0.907534 1.06471 0.553071 -0.00017195 0.003656 -0.000258311
176.98 0.907541 1.06487 0.553053 0.000178266 0.0039296 -0.000446061
177 0.90757 1.06503 0.553042 0.000727442 0.00401629 -0.000260013
177.02 0.907617 1.06519 0.553048 0.00116817 0.00391772 0.000129181
177.04 0.907666 1.06534 0.553067 0.0012399 0.00370716 0.00048961
177.06 0.907705 1.06548 0.553093 0.000953994 0.00346852 0.000637882
177.08 0.907729 1.06561 0.553113 0.000613633 0.00325751 0.000513938
177.1 0.907753 1.06573 0.553121 0.000586564 0.00310838 0.000193931
177.12 0.907793 1.06585 0.553115 0.00100336 0.0030273 -0.000161098
177.14 0.907859 1.06597 0.553099 0.00166117 0.00296979 -0.000383261
177.16 0.907947 1.06609 0.553084 0.00219885 0.0028677 -0.000380095
177.18 0.908041 1.06619 0.553077 0.0023492 0.00271115 -0.000173664
177.2 0.908124 1.0663 0.553083 0.00208397 0.00257982 0.000137873
177.22 0.90819 1.0664 0.5531 0.0016449 0.00257947 0.000444003
177.24 0.908248 1.06651 0.553126 0.00143535 0.00275369 0.000647262
177.26 0.908318 1.06663 0.553153 0.00175093 0.00303147 0.000669823
177.28 0.90842 1.06676 0.553173 0.00256318 0.00323607 0.00049908
177.3 0.908563 1.06689 0.553183 0.00357457 0.00319428 0.000242873
177.32 0.90874 1.067 0.553187 0.00442615 0.00288542 0.000115787
177.34 0.908934 1.0671 0.5532 0.00483715 0.00248295 0.000314263
177.36 0.909122 1.06719 0.553234 0.00470531 0.00222764 0.000858567
177.38 0.909289 1.06728 0.553296 0.00418129 0.00224942 0.00153821
177.4 0.909433 1.06738 0.553377 0.00359626 0.00249273 0.00202796
177.42 0.909563 1.06749 0.553461 0.00324177 0.00277425 0.00209244
177.44 0.909691 1.06761 0.553529 0.0032005 0.00292644 0.00171977
177.46 0.909825 1.06773 0.553573 0.00335774 0.00290846 0.00109912
177.48 0.909966 1.06784 0.553593 0.00353024 0.00282132 0.000491963
177.5 0.91011 1.06795 0.553597 0.00359558 0.00283318 9.98795e-05
177.52 0.910252 1.06807 0.553597 0.00355165 0.00304213 -4.57706e-06
177.54 0.910391 1.06821 0.553602 0.00347753 0.00337653 0.000125507
177.56 0.910529 1.06836 0.553616 0.00344035 0.00363219 0.000354288
177.58 0.910667 1.0685 0.553637 0.00345676 0.00362503 0.000529595
177.6 0.910808 1.06863 0.55366 0.00351883 0.00332852 0.000564243
177.62 0.910953 1.06875 0.553679 0.00361586 0.00290287 0.000487678
177.64 0.911102 1.06885 0.553696 0.00372914 0.00261223 0.000409339
177.66 0.911255 1.06896 0.553712 0.00382197 0.00267271 0.000418631
177.68 0.911408 1.06908 0.553733 0.00382952 0.00310146 0.000520537
177.7 0.911554 1.06923 0.553759 0.00366704 0.00366408 0.00064146
177.72 0.911687 1.06939 0.553786 0.00330486 0.00400962 0.000674568
177.74 0.911801 1.06955 0.553807 0.00286208 0.00391073 0.000531677
177.76 0.911904 1.06968 0.553815 0.00256903 0.00340975 0.000197473
177.78 0.912008 1.0698 0.553806 0.00259528 0.0027739 -0.000219796
177.8 0.912124 1.06989 0.553786 0.0029136 0.00230413 -0.000511263
177.82 0.912256 1.06997 0.553766 0.00330198 0.00214442 -0.000488206
177.84 0.912395 1.07006 0.553762 0.00346213 0.00222976 -0.000115535
177.86 0.912523 1.07016 0.55378 0.00320528 0.00238002 0.000458997
177.88 0.912627 1.07026 0.55382 0.00261035 0.00243152 0.00100608
177.9 0.912707 1.07035 0.553874 0.00197964 0.00232081 0.00135217
177.92 0.91277 1.07043 0.553932 0.00157936 0.00209892 0.00144541
177.94 0.912828 1.07051 0.553985 0.00144857 0.00188246 0.00132616
177.96 0.912885 1.07058 0.554028 0.00141974 0.00177522 0.00107434
177.98 0.912936 1.07065 0.554059 0.00127577 0.00179685 0.000777965
178 0.912972 1.07072 0.554079 0.000909595 0.00187021 0.000499168
178.02 0.912988 1.0708 0.554089 0.000402923 0.00188787 0.000252775
178.04 0.912988 1.07087 0.554091 -1.32616e-05 0.0017916 3.38904e-05
178.06 0.912983 1.07094 0.554086 -0.000110532 0.00161172 -0.000122301
178.08 0.91299 1.071 0.554081 0.000178395 0.00146289 -0.00012134
178.1 0.913018 1.07105 0.554086 0.000696064 0.00146768 0.000114222
178.12 0.913063 1.07112 0.554107 0.0011223 0.00164718 0.000535653
178.14 0.913109 1.07119 0.554145 0.00116212 0.00188288 0.000959818
178.16 0.91314 1.07127 0.554193 0.000757117 0.00196739 0.00118079
178.18 0.913146 1.07134 0.554236 0.000167054 0.00172966 0.00109523
178.2 0.913138 1.07139 0.554266 -0.000199194 0.00116564 0.000745622
178.22 0.913135 1.07141 0.554277 -8.82588e-05 0.000492627 0.000279289
178.24 0.913152 1.07141 0.554272 0.000426123 9.02036e-05 -0.000128563
178.26 0.913193 1.07143 0.554259 0.00101947 0.000311285 -0.000340256
178.28 0.913247 1.07148 0.554247 0.0013536 0.00125701 -0.000299583
178.3 0.913299 1.07158 0.554245 0.00130663 0.00267687 -4.66065e-05
178.32 0.913341 1.07175 0.554257 0.0010466 0.00407036 0.000316802
178.34 0.913376 1.07194 0.554284 0.000880747 0.00491881 0.000667462
178.36 0.913416 1.07214 0.55432 0.000995033 0.00492836 0.000899379
178.38 0.913469 1.07231 0.554359 0.00131126 0.00419234 0.000978424
178.4 0.913531 1.07243 0.554398 0.00155926 0.00318341 0.000967721
178.42 0.913591 1.07253 0.554437 0.00150031 0.00250089 0.000985618
178.44 0.913636 1.07263 0.554482 0.00113823 0.00251171 0.00110567
178.46 0.913666 1.07276 0.554534 0.000739126 0.0031593 0.00129676
178.48 0.913691 1.07292 0.554592 0.000612784 0.00404912 0.00146022
178.5 0.913724 1.07311 0.554652 0.000846144 0.00474167 0.00150008
178.52 0.913774 1.07331 0.554707 0.00124273 0.00503956 0.0013666
178.54 0.913834 1.07352 0.55475 0.00151014 0.00505526 0.00108029
178.56 0.913895 1.07372 0.554779 0.00150234 0.00503714 0.000727764
178.58 0.913947 1.07392 0.554795 0.00131682 0.00513256 0.000398083
178.6 0.913994 1.07414 0.5548 0.00118055 0.00530168 0.000128171
178.62 0.914044 1.07435 0.554797 0.0012273 0.00539575 -6.7504e-05
178.64 0.914098 1.07456 0.554792 0.00137359 0.00528199 -0.000141968
178.66 0.914155 1.07476 0.55479 0.00140768 0.00493607 -2.80041e-05
178.68 0.914203 1.07494 0.554802 0.0012141 0.00446818 0.000290083
178.7 0.91424 1.0751 0.554831 0.000923061 0.00405601 0.000728294
178.72 0.914274 1.07525 0.554876 0.000834206 0.00383654 0.00111472
178.74 0.914321 1.07541 0.554925 0.00117833 0.0038424 0.00123824
178.76 0.914397 1.07557 0.554963 0.0019107 0.00402518 0.000951905
178.78 0.914505 1.07574 0.554975 0.00270355 0.00429262 0.000298483
178.8 0.914631 1.07592 0.554957 0.0031394 0.00452243 -0.000458278
178.82 0.91475 1.07611 0.554919 0.00298115 0.00458276 -0.000956063
178.84 0.914845 1.07628 0.554882 0.00235926 0.00439115 -0.000925585
178.86 0.914913 1.07644 0.554868 0.00171676 0.00399729 -0.000340656
178.88 0.914974 1.07658 0.554889 0.00151046 0.00357274 0.000521218
178.9 0.91505 1.07672 0.554936 0.00190574 0.0032883 0.0011826
178.92 0.915157 1.07684 0.554986 0.00268613 0.00318532 0.0012331
178.94 0.915293 1.07697 0.555009 0.0034002 0.00316234 0.000591915
178.96 0.915438 1.07709 0.554993 0.00362904 0.00307904 -0.000407163
178.98 0.915567 1.07721 0.554946 0.00322455 0.00287196 -0.0011754
179 0.915663 1.07731 0.554898 0.00239432 0.00260342 -0.00120887
179.02 0.915727 1.07741 0.554881 0.00159138 0.00242328 -0.000407603
179.04 0.915778 1.07751 0.554915 0.00127297 0.00244939 0.000832872
179.06 0.915844 1.07761 0.554989 0.00166126 0.00264359 0.00184747
179.08 0.91595 1.07772 0.555074 0.00263663 0.00280786 0.00212527
179.1 0.916102 1.07783 0.555139 0.00381417 0.00272926 0.00163098
179.12 0.916292 1.07793 0.55517 0.0047499 0.00236208 0.000789087
179.14 0.916498 1.078 0.555177 0.00513979 0.00189355 0.000165135
179.16 0.916695 1.07807 0.555181 0.00493653 0.00162139 9.03023e-05
179.18 0.916869 1.07814 0.5552 0.00434718 0.00172623 0.000479852
179.2 0.917017 1.07822 0.555237 0.0036863 0.00212815 0.000940139
179.22 0.917145 1.07832 0.555281 0.00320733 0.00254583 0.00108878
179.24 0.917266 1.07843 0.555315 0.00302001 0.00270075 0.000856666
179.26 0.91739 1.07853 0.555336 0.00309811 0.00250133 0.000525571
179.28 0.917523 1.07862 0.555355 0.00333458 0.00208191 0.000471291
179.3 0.917667 1.07868 0.555388 0.00360808 0.00168948 0.000830266
179.32 0.91782 1.07874 0.555443 0.00382483 0.00152306 0.00136859
179.34 0.917977 1.07881 0.55551 0.0039082 0.001644 0.00166918
179.36 0.918128 1.07889 0.555569 0.00378401 0.00196833 0.00147287
179.38 0.918265 1.07898 0.555604 0.00341285 0.00232821 0.000886579
179.4 0.918378 1.07908 0.555617 0.00283935 0.00256396 0.000312007
179.42 0.918467 1.07919 0.555623 0.00220808 0.00258745 0.000166157
179.44 0.918535 1.07928 0.555647 0.00171304 0.00241284 0.000589175
179.46 0.918595 1.07937 0.5557 0.00149437 0.00214601 0.00132886
179.48 0.918657 1.07945 0.555776 0.0015523 0.00192601 0.00189456
179.5 0.918727 1.07952 0.555851 0.00175883 0.00184357 0.00188967
179.52 0.918805 1.0796 0.555902 0.00195355 0.00188764 0.0012665
179.54 0.918886 1.07967 0.555915 0.00202495 0.00195722 0.000321512
179.56 0.918964 1.07975 0.555895 0.00193399 0.00192111 -0.000503798
179.58 0.919032 1.07982 0.55586 0.00170419 0.00170001 -0.000864033
179.6 0.919088 1.07987 0.555833 0.00141243 0.00134214 -0.000678277
179.62 0.919135 1.07992 0.555827 0.00117616 0.00104788 -0.000138736
179.64 0.919179 1.07996 0.555845 0.00109419 0.00107983 0.000444803
179.66 0.919227 1.08002 0.555879 0.00118289 0.00156515 0.000843477
179.68 0.919281 1.08012 0.555919 0.00137038 0.00234968 0.001003
179.7 0.919343 1.08024 0.555959 0.00154354 0.00306609 0.000992334
179.72 0.919408 1.08037 0.555994 0.00161788 0.00336787 0.000887385
179.74 0.919472 1.0805 0.556022 0.00160028 0.00313971 0.000696299
179.76 0.919535 1.0806 0.556037 0.00159112 0.00255307 0.000366447
179.78 0.919603 1.08068 0.556031 0.00169804 0.00196513 -0.000133876
179.8 0.91968 1.08075 0.556003 0.00191686 0.00172337 -0.000717087
179.82 0.919764 1.08083 0.555957 0.00210761 0.00198673 -0.00115487
179.84 0.919849 1.08093 0.55591 0.00211998 0.00265791 -0.00117721
179.86 0.919926 1.08107 0.555884 0.00192807 0.0034559 -0.000645788
179.88 0.919991 1.08124 0.555896 0.00162958 0.00409061 0.00030784
179.9 0.920046 1.08141 0.555948 0.00135502 0.00440133 0.00128951
179.92 0.920094 1.08159 0.556021 0.00119831 0.00437022 0.00183819
179.94 0.92014 1.08175 0.556089 0.00117083 0.00405626 0.00170188
179.96 0.920187 1.08189 0.556129 0.00117653 0.00354912 0.000991904
179.98 0.920231 1.08201 0.556133 0.00107658 0.00295875 0.000110113
180 0.920263 1.08211 0.556113 0.000807638 0.00241504 -0.000495096
180.02 0.920281 1.08219 0.556091 0.00044727 0.00207404 -0.000572056
180.04 0.920288 1.08227 0.556084 0.000183069 0.00210617 -0.000152537
180.06 0.920297 1.08238 0.556105 0.000214924 0.0026001 0.000524288
180.08 0.920322 1.08251 0.556151 0.000638279 0.00342552 0.00115024
180.1 0.920376 1.08268 0.55621 0.00135549 0.00422193 0.00145623
180.12 0.920459 1.08287 0.556262 0.0020727 0.00458596 0.00131711
180.14 0.920556 1.08304 0.556296 0.00242737 0.00434879 0.000851554
180.16 0.920644 1.08319 0.556312 0.00219551 0.00370907 0.000392925
180.18 0.920702 1.08331 0.556324 0.00144278 0.00312279 0.000286385
180.2 0.920723 1.08343 0.55635 0.000517683 0.00302744 0.000664547
180.22 0.920717 1.08358 0.556405 -0.000137959 0.003546 0.00136855
180.24 0.920708 1.08375 0.556486 -0.000240369 0.00440298 0.00203737
180.26 0.920715 1.08396 0.556578 0.000195178 0.00512592 0.00229059
180.28 0.920751 1.08417 0.556656 0.000883966 0.0053478 0.00194373
180.3 0.920809 1.08437 0.556701 0.0014481 0.00501671 0.00114072
180.32 0.920874 1.08455 0.556713 0.00164488 0.00440964 0.000292672
180.34 0.920934 1.08471 0.556706 0.00148129 0.00392356 -0.00017586
180.36 0.92098 1.08486 0.556702 0.00114961 0.00378001 -9.09362e-05
180.38 0.921015 1.08501 0.556719 0.000872718 0.00389224 0.000412572
180.4 0.921046 1.08517 0.556761 0.000791714 0.00400257 0.00103927
180.42 0.921084 1.08533 0.556821 0.000931666 0.00393373 0.00150608
180.44 0.921132 1.08548 0.556886 0.0012206 0.00373265 0.00162946
180.46 0.921194 1.08562 0.55694 0.0015439 0.00359604 0.00134531
180.48 0.921266 1.08577 0.556968 0.00180315 0.00365282 0.000706405
180.5 0.921344 1.08592 0.556963 0.00194169 0.00381742 -0.000119291
180.52 0.921422 1.08608 0.556928 0.00194125 0.00387104 -0.000880861
180.54 0.921495 1.08622 0.556875 0.00183595 0.00367758 -0.00132562
180.56 0.921564 1.08636 0.556823 0.0017269 0.00329406 -0.00129894
180.58 0.921634 1.08647 0.55679 0.00174481 0.00289906 -0.000823253
180.6 0.921713 1.08658 0.556785 0.0019752 0.00267756 -0.00011826
180.62 0.921809 1.08669 0.556805 0.0024133 0.00272223 0.000496494
180.64 0.921928 1.08681 0.556836 0.00297133 0.0029563 0.000773015
180.66 0.922069 1.08693 0.556862 0.00351631 0.00317008 0.000649165
180.68 0.922225 1.08706 0.556872 0.0039035 0.00319091 0.000246568
180.7 0.922386 1.08718 0.556863 0.00402012 0.00302572 -0.000223737
180.72 0.922539 1.08729 0.556839 0.00383965 0.00281996 -0.00059128
180.74 0.922677 1.0874 0.556807 0.00343902 0.00268961 -0.000804991
180.76 0.922796 1.08751 0.556771 0.0029755 0.00261413 -0.000895988
180.78 0.922902 1.08761 0.556737 0.00265424 0.0024923 -0.000867982
180.8 0.923009 1.0877 0.556711 0.0026594 0.00227122 -0.000648123
180.82 0.923131 1.08778 0.556704 0.0030556 0.00202919 -0.000160438
180.84 0.92328 1.08785 0.556726 0.00372983 0.00193928 0.000554499
180.86 0.923456 1.08794 0.556778 0.00440022 0.00211638 0.00129754
180.88 0.923645 1.08804 0.55685 0.0047143 0.00247739 0.00179899
180.9 0.923823 1.08815 0.556926 0.00447208 0.00277586 0.00188528
180.92 0.923976 1.08826 0.55699 0.00382577 0.00278894 0.00160838
180.94 0.924104 1.08836 0.557039 0.00319818 0.00247205 0.00121906
180.96 0.924223 1.08844 0.557078 0.00295615 0.00198317 0.000979591
180.98 0.924348 1.0885 0.557116 0.00314682 0.0015821 0.000951976
181 0.924488 1.08856 0.557154 0.00349653 0.00143963 0.000955671
181.02 0.924634 1.08862 0.557184 0.00363084 0.00150969 0.000749573
181.04 0.924767 1.08869 0.557195 0.00333518 0.00163058 0.000268574
181.06 0.924874 1.08876 0.557184 0.00268101 0.001751 -0.000287323
181.08 0.924953 1.08884 0.55716 0.00195932 0.00199281 -0.000580687
181.1 0.925012 1.08893 0.557145 0.00148147 0.00247638 -0.000372747
181.12 0.925067 1.08906 0.557157 0.0013787 0.00313433 0.000298933
181.14 0.925129 1.08921 0.557202 0.00154595 0.0037121 0.00111997
181.16 0.9252 1.08937 0.55727 0.00177235 0.00391776 0.0016846
181.18 0.925277 1.08951 0.55734 0.00193006 0.0036209 0.00175016
181.2 0.925358 1.08963 0.557394 0.00203168 0.00298306 0.00136813
181.22 0.925444 1.08973 0.557426 0.00214613 0.00240088 0.000801714
181.24 0.925536 1.08982 0.557439 0.00229276 0.00226917 0.000325613
181.26 0.925632 1.08992 0.557442 0.00239963 0.0027157 5.77193e-05
181.28 0.925726 1.09006 0.557439 0.00234884 0.00349864 -6.71633e-05
181.3 0.925809 1.09023 0.557432 0.00207047 0.00414473 -0.000185957
181.32 0.925873 1.0904 0.557418 0.00162309 0.00425763 -0.000349182
181.34 0.925922 1.09055 0.5574 0.00120231 0.00380127 -0.000441308
181.36 0.925963 1.09068 0.55739 0.00102682 0.00315258 -0.000258567
181.38 0.926009 1.09079 0.557402 0.00116975 0.00284844 0.000312025
181.4 0.926069 1.09092 0.557448 0.00149393 0.00318605 0.00115575
181.42 0.926139 1.09108 0.557526 0.0017461 0.00397991 0.00194323
181.44 0.926209 1.09127 0.557618 0.00174199 0.00467535 0.00228945
181.46 0.926269 1.09146 0.557696 0.00150734 0.00475796 0.00195965
181.48 0.926319 1.09162 0.557737 0.00124667 0.00413391 0.00101483
181.5 0.926365 1.09175 0.557729 0.00116384 0.00317194 -0.000185874
181.52 0.926417 1.09185 0.557682 0.00129067 0.00240686 -0.00117225
181.54 0.926476 1.09193 0.557617 0.00147382 0.00218398 -0.00162018
181.56 0.926536 1.09203 0.557558 0.00150947 0.00248705 -0.00148018
181.58 0.926589 1.09215 0.557521 0.00130933 0.00299373 -0.000919429
181.6 0.926627 1.09228 0.557514 0.000965918 0.0032904 -0.000187506
181.62 0.926655 1.09241 0.557534 0.00068344 0.00314468 0.000501009
181.64 0.926681 1.09252 0.557576 0.00065034 0.00266786 0.00104017
181.66 0.926718 1.0926 0.557633 0.000942094 0.00220432 0.00142368
181.68 0.926778 1.09269 0.557699 0.00148029 0.00204483 0.00165058
181.7 0.926859 1.09278 0.557765 0.00203655 0.00222631 0.00165311
181.72 0.926952 1.09288 0.557819 0.00232898 0.00254955 0.00134447
181.74 0.927041 1.09299 0.557848 0.00220739 0.00277538 0.000743331
181.76 0.927111 1.0931 0.55785 0.00176918 0.00280844 3.39238e-05
181.78 0.927163 1.09321 0.557829 0.00129684 0.0027264 -0.000517147
181.8 0.927206 1.09332 0.5578 0.00107487 0.00267051 -0.000727985
181.82 0.927255 1.09342 0.557775 0.00121705 0.00269007 -0.000608502
181.84 0.927319 1.09353 0.557762 0.0015923 0.00266563 -0.000330552
181.86 0.927395 1.09363 0.557759 0.00190671 0.00239844 -9.32824e-05
181.88 0.927471 1.0937 0.557759 0.00190747 0.00180603 1.36734e-05
181.9 0.927533 1.09374 0.557761 0.00155668 0.00107857 5.03704e-05
181.92 0.927576 1.09377 0.557767 0.00105637 0.000635018 0.000149893
181.94 0.927604 1.0938 0.557783 0.000712453 0.000855184 0.000396813
181.96 0.927635 1.09387 0.557813 0.000761621 0.00178244 0.000750489
181.98 0.927684 1.09399 0.557855 0.00123996 0.00301745 0.00106075
182 0.927761 1.09415 0.557902 0.00192293 0.00391277 0.00116777
182.02 0.927858 1.09431 0.557943 0.00241861 0.00397686 0.00101641
182.04 0.927953 1.09444 0.55797 0.00238945 0.00320523 0.000686996
182.06 0.928024 1.09452 0.557983 0.0017745 0.00211728 0.000309946
182.08 0.928059 1.09458 0.557981 0.00085746 0.00144363 -4.34509e-05
182.1 0.928063 1.09465 0.557966 0.000103427 0.00165599 -0.000372494
182.12 0.928058 1.09475 0.55794 -0.000111144 0.00269762 -0.000650726
182.14 0.92807 1.09492 0.55791 0.000301111 0.00406009 -0.000751998
182.16 0.928115 1.09512 0.55789 0.00111874 0.00509562 -0.000508356
182.18 0.928194 1.09533 0.557895 0.00197012 0.00536773 0.000133369
182.2 0.928296 1.09553 0.557935 0.00255875 0.00487051 0.000990683
182.22 0.928408 1.09569 0.558002 0.00279106 0.00398637 0.00169033
182.24 0.928518 1.09582 0.558078 0.00274447 0.00322719 0.00188874
182.26 0.92862 1.09594 0.558139 0.00255451 0.00296096 0.00152587
182.28 0.928713 1.09607 0.558175 0.00231634 0.00325613 0.000903935
182.3 0.928795 1.09622 0.558195 0.00206499 0.00386879 0.000496133
182.32 0.928868 1.0964 0.55822 0.00182584 0.00438195 0.000629943
182.34 0.928935 1.09658 0.558271 0.00166843 0.00446383 0.00127837
182.36 0.929003 1.09674 0.558354 0.00170743 0.00406315 0.00207239
182.38 0.929084 1.09687 0.558455 0.00201379 0.00337932 0.00252372
182.4 0.929184 1.09698 0.558548 0.00250677 0.00270601 0.00232546
182.42 0.929303 1.09707 0.558609 0.0029651 0.00230745 0.00151675
182.44 0.92943 1.09717 0.558626 0.00318656 0.00233668 0.000431602
182.46 0.929556 1.09728 0.558605 0.0031408 0.0027497 -0.000510715
182.48 0.929674 1.09741 0.558564 0.00296412 0.0032931 -0.00102752
182.5 0.929788 1.09755 0.558522 0.00283681 0.00364205 -0.00106607
182.52 0.929902 1.0977 0.558492 0.00286563 0.00361165 -0.00074877
182.54 0.930023 1.09783 0.558481 0.00302282 0.00326636 -0.000260801
182.56 0.93015 1.09794 0.558491 0.00315633 0.00284072 0.000236273
182.58 0.930274 1.09805 0.558516 0.00310513 0.00255211 0.000634023
182.6 0.930388 1.09814 0.55855 0.00284775 0.00247114 0.000843986
182.62 0.930489 1.09825 0.558581 0.00253754 0.00252516 0.000769998
182.64 0.930585 1.09835 0.558596 0.00239663 0.00257736 0.000372572
182.66 0.930688 1.09845 0.558586 0.00257215 0.00253603 -0.000239565
182.68 0.93081 1.09855 0.558552 0.00304175 0.00245608 -0.000840887
182.7 0.930953 1.09865 0.558503 0.00358971 0.00251888 -0.00123005
182.72 0.931109 1.09876 0.55845 0.00389359 0.00285489 -0.00133884
182.74 0.931258 1.0989 0.5584 0.00372581 0.00337001 -0.00123345
182.76 0.931382 1.09905 0.558359 0.00311133 0.00378696 -0.00104041
182.78 0.931475 1.0992 0.558324 0.00230112 0.00388089 -0.000866228
182.8 0.931539 1.09935 0.558294 0.00160005 0.00365425 -0.00074861
182.82 0.931587 1.09948 0.558268 0.00119959 0.00331955 -0.000645552
182.84 0.931631 1.09961 0.558251 0.00110892 0.00315779 -0.000442596
182.86 0.93168 1.09974 0.558251 0.00122042 0.00334716 1.24853e-05
182.88 0.931737 1.0999 0.558283 0.00144084 0.00383652 0.000802579
182.9 0.931807 1.10007 0.558355 0.00174256 0.00434872 0.00180458
182.92 0.931892 1.10025 0.558462 0.00212339 0.0045512 0.0026724
182.94 0.931993 1.10043 0.558583 0.00252736 0.00429969 0.00301095
182.96 0.932105 1.10058 0.558688 0.00279991 0.00377162 0.00262567
182.98 0.932215 1.10071 0.558754 0.0027473 0.00335129 0.00165029
183 0.932306 1.10084 0.558773 0.00227687 0.00332979 0.000474543
183.02 0.932366 1.10099 0.558754 0.00151191 0.00369666 -0.000467354
183.04 0.932397 1.10116 0.558718 0.00076751 0.00419139 -0.000899823
183.06 0.932413 1.10134 0.558687 0.000383771 0.00450164 -0.000780408
183.08 0.932434 1.10152 0.558677 0.000528082 0.00444317 -0.000246646
183.1 0.932477 1.10168 0.558696 0.00109374 0.00407675 0.000480587
183.12 0.932548 1.10183 0.558743 0.00176554 0.00370764 0.0011684
183.14 0.932636 1.10197 0.558808 0.00220712 0.00366025 0.00161947
183.16 0.932727 1.10213 0.558876 0.00225571 0.00397201 0.00171221
183.18 0.932805 1.10231 0.558934 0.00197379 0.00432855 0.00143676
183.2 0.932868 1.10248 0.55897 0.00155963 0.00434131 0.000902801
183.22 0.932917 1.10263 0.558981 0.00123899 0.0038694 0.000282816
183.24 0.932964 1.10276 0.55897 0.0011626 0.00308908 -0.000271707
183.26 0.933017 1.10285 0.558944 0.00131995 0.00234601 -0.00066475
183.28 0.933079 1.10293 0.55891 0.00156323 0.00195417 -0.000827327
183.3 0.933149 1.10301 0.558883 0.00173197 0.00202601 -0.000691256
183.32 0.933218 1.10311 0.558874 0.00174624 0.002398 -0.000216068
183.34 0.933283 1.10322 0.558895 0.00160404 0.00271425 0.000531457
183.36 0.933337 1.10332 0.558948 0.00135259 0.00265132 0.00132354
183.38 0.933379 1.10341 0.559022 0.00106506 0.00213087 0.00183956
183.4 0.933412 1.10346 0.559096 0.000815242 0.00137359 0.00185828
183.42 0.933439 1.10349 0.559153 0.000668046 0.000755093 0.00141431
183.44 0.933466 1.10351 0.559184 0.000685614 0.000553562 0.000768592
183.46 0.933503 1.10355 0.559192 0.000923122 0.000785579 0.00021929
183.48 0.933559 1.1036 0.559189 0.00139682 0.00123442 -8.54993e-05
183.5 0.93364 1.10366 0.559181 0.002017 0.00161747 -0.000193162
183.52 0.933742 1.10373 0.559172 0.00255427 0.00176813 -0.000233727
183.54 0.933851 1.1038 0.559161 0.002736 0.00170959 -0.000271321
183.56 0.933948 1.10386 0.559151 0.00243017 0.00158908 -0.000261391
183.58 0.934019 1.10392 0.559146 0.0017773 0.00154624 -0.000124288
183.6 0.934066 1.10399 0.559152 0.00115529 0.00161273 0.00016312
183.62 0.934104 1.10406 0.559174 0.000967145 0.0017149 0.000545039
183.64 0.934159 1.10413 0.559211 0.00136464 0.00178054 0.000936072
183.66 0.934244 1.1042 0.559262 0.00212815 0.00184319 0.00126399
183.68 0.934357 1.10428 0.55932 0.00282197 0.00203545 0.00145821
183.7 0.93448 1.10438 0.559378 0.00307841 0.00247229 0.00143975
183.72 0.934592 1.10451 0.559424 0.00279807 0.00311939 0.00115534
183.74 0.934679 1.10466 0.559448 0.00217238 0.00374413 0.000611108
183.76 0.93474 1.10482 0.559444 0.00154063 0.00402355 -0.00010836
183.78 0.934788 1.10497 0.559411 0.00118658 0.00376796 -0.000818347
183.8 0.934837 1.10509 0.559361 0.00123172 0.00308244 -0.00124888
183.82 0.934903 1.10519 0.559315 0.00163868 0.00233424 -0.00115704
183.84 0.934993 1.10526 0.559295 0.00224467 0.00193871 -0.000492706
183.86 0.935105 1.10535 0.559317 0.00282251 0.00211489 0.000531664
183.88 0.935232 1.10546 0.559378 0.00317454 0.00278568 0.00152993
183.9 0.935361 1.10561 0.559463 0.00320717 0.0036506 0.00213359
183.92 0.935479 1.10578 0.559551 0.00294962 0.00434705 0.00218145
183.94 0.93558 1.10596 0.559622 0.00254128 0.00461934 0.0017911
183.96 0.935668 1.10614 0.559672 0.00219603 0.00443778 0.00125751
183.98 0.935752 1.1063 0.559706 0.00210172 0.00398988 0.000841254
184 0.935844 1.10644 0.55973 0.00228267 0.00353824 0.000594368
184.02 0.935947 1.10657 0.559745 0.00257989 0.00324986 0.000368769
184.04 0.936059 1.1067 0.559745 0.00279624 0.00313574 1.37425e-05
184.06 0.936173 1.10682 0.559728 0.00284966 0.00314502 -0.000420551
184.08 0.936284 1.10695 0.559701 0.00278643 0.00327393 -0.000674319
184.1 0.936392 1.1071 0.559683 0.00270244 0.00353766 -0.000469057
184.12 0.936499 1.10725 0.559692 0.0026639 0.00388241 0.000241919
184.14 0.936605 1.10742 0.559738 0.00265351 0.00418463 0.00115075
184.16 0.936708 1.10759 0.559808 0.00258657 0.00433707 0.00174888
184.18 0.936805 1.10777 0.559876 0.00240481 0.00432612 0.00167988
184.2 0.936891 1.10794 0.559915 0.002161 0.00423579 0.000994094
184.22 0.936971 1.1081 0.55992 0.00199192 0.00419396 0.000111222
184.24 0.93705 1.10827 0.559901 0.00198341 0.00429181 -0.000456647
184.26 0.937134 1.10845 0.559885 0.00209507 0.0045063 -0.000406025
184.28 0.937223 1.10864 0.559894 0.00222637 0.00469598 0.000207432
184.3 0.937316 1.10883 0.559935 0.00233226 0.00469074 0.0010338
184.32 0.937414 1.10901 0.560001 0.00245512 0.00441659 0.00164095
184.34 0.93752 1.10916 0.56007 0.00265013 0.00394211 0.00173318
184.36 0.937637 1.1093 0.560121 0.00290617 0.00341213 0.00127332
184.38 0.937762 1.10942 0.56014 0.00312385 0.00296986 0.000484898
184.4 0.937887 1.10953 0.56013 0.00314701 0.00271038 -0.000261776
184.42 0.938002 1.10964 0.560104 0.00286751 0.00267029 -0.000635831
184.44 0.938096 1.10975 0.560084 0.00235002 0.00284554 -0.000507697
184.46 0.93817 1.10988 0.560084 0.00183786 0.00319878 1.34327e-06
184.48 0.938234 1.11002 0.560109 0.00162118 0.00364397 0.000623959
184.5 0.938309 1.11018 0.560154 0.00186506 0.00402498 0.00112699
184.52 0.938409 1.11035 0.560211 0.00250839 0.00415597 0.0014182
184.54 0.938541 1.11051 0.560272 0.00327936 0.00393836 0.00152291
184.56 0.938694 1.11064 0.560331 0.0038288 0.00343596 0.00148411
184.58 0.938851 1.11076 0.560383 0.00392118 0.00282832 0.00129537
184.6 0.938993 1.11085 0.56042 0.00355751 0.00231352 0.000940703
184.62 0.93911 1.11093 0.56044 0.00293764 0.00203767 0.000488072
184.64 0.939202 1.11101 0.560444 0.00230251 0.00205066 0.000104086
184.66 0.939275 1.11111 0.560442 0.00180598 0.00229129 -5.47367e-05
184.68 0.939334 1.11121 0.560443 0.00148836 0.00263946 3.09257e-05
184.7 0.939386 1.11133 0.560451 0.0013036 0.00298339 0.000204458
184.72 0.939434 1.11146 0.56046 0.00118192 0.00323224 0.000221835
184.74 0.939478 1.11159 0.560457 0.00110576 0.00330533 -7.34628e-05
184.76 0.939523 1.11172 0.560433 0.00112171 0.00315044 -0.000612997
184.78 0.939573 1.11183 0.560388 0.00126098 0.00277901 -0.0011309
184.8 0.939632 1.11192 0.560335 0.00147403 0.00227811 -0.00131952
184.82 0.939698 1.11199 0.560296 0.00164437 0.00180501 -0.00098117
184.84 0.939763 1.11205 0.560291 0.00163748 0.0015534 -0.000111417
184.86 0.939818 1.11212 0.560334 0.00136384 0.00166657 0.00107836
184.88 0.939853 1.11221 0.560422 0.000869579 0.00213172 0.00220211
184.9 0.939867 1.11232 0.560535 0.000366643 0.00272025 0.0028188
184.92 0.939873 1.11244 0.56064 0.000133288 0.00306788 0.00262335
184.94 0.939887 1.11256 0.560705 0.000354204 0.0029262 0.00163694
184.96 0.939927 1.11265 0.560716 0.000999728 0.00238476 0.000267953
184.98 0.94 1.11272 0.560682 0.00181451 0.00182286 -0.000843989
185 0.940097 1.11279 0.560637 0.00243736 0.00165194 -0.00114726
185.02 0.940201 1.11287 0.560617 0.00261117 0.00204664 -0.000500392
185.04 0.940295 1.11298 0.560646 0.00234937 0.00280776 0.000725103
185.06 0.940372 1.11312 0.560721 0.0019171 0.00346976 0.00188366
185.08 0.940437 1.11327 0.560819 0.00163146 0.0036199 0.00245538
185.1 0.940504 1.1134 0.560912 0.00165347 0.00320655 0.00231196
185.12 0.940581 1.1135 0.56098 0.00194699 0.00258994 0.00171573
185.14 0.940676 1.11359 0.561024 0.00235533 0.00227412 0.00109109
185.16 0.940783 1.11369 0.561054 0.00268975 0.00255268 0.000743537
185.18 0.940895 1.11383 0.561082 0.00280729 0.00332702 0.00071782
185.2 0.941002 1.11399 0.561117 0.00266321 0.00418836 0.000861496
185.22 0.941095 1.11418 0.561156 0.00233044 0.00469069 0.000985341
185.24 0.941173 1.11437 0.561195 0.00194273 0.00461811 0.000969736
185.26 0.941237 1.11453 0.561227 0.00160046 0.00406249 0.000800193
185.28 0.941291 1.11466 0.561249 0.00134183 0.00330098 0.000559332
185.3 0.941338 1.11476 0.561264 0.00119078 0.00262308 0.000357623
185.32 0.941386 1.11485 0.561273 0.00118339 0.00221882 0.000231804
185.34 0.941439 1.11494 0.561278 0.00134385 0.00214315 0.000116394
185.36 0.941506 1.11503 0.561274 0.00166825 0.00235462 -7.78147e-05
185.38 0.941591 1.11514 0.56126 0.00211284 0.00278642 -0.00036233
185.4 0.941693 1.11528 0.561235 0.00256447 0.00336662 -0.000627967
185.42 0.941807 1.11544 0.561207 0.00284207 0.00399402 -0.000689376
185.44 0.941918 1.11562 0.561191 0.00277635 0.00451741 -0.000400288
185.46 0.942011 1.11581 0.5612 0.00231493 0.0047545 0.00021609
185.48 0.942073 1.11599 0.561237 0.00157218 0.00456585 0.000922119
185.5 0.942105 1.11615 0.561292 0.000796748 0.00396666 0.00138989
185.52 0.942116 1.11628 0.561349 0.000276229 0.00316461 0.0014121
185.54 0.942126 1.11638 0.56139 0.000235483 0.00246116 0.0010309
185.56 0.942156 1.11646 0.56141 0.000745252 0.00211908 0.00049499
185.58 0.942222 1.11655 0.561414 0.00167109 0.00227379 9.08958e-05
185.6 0.94233 1.11667 0.561413 0.00269726 0.00286327 -1.75756e-05
185.62 0.942468 1.11681 0.561419 0.00344697 0.00360784 0.000158694
185.64 0.942614 1.11698 0.561438 0.0036504 0.00413088 0.000472601
185.66 0.942745 1.11714 0.561467 0.0032647 0.00419449 0.000718797
185.68 0.942844 1.1173 0.561496 0.0024752 0.00385591 0.000738352
185.7 0.942908 1.11743 0.561517 0.00160451 0.0033991 0.000512005
185.72 0.942947 1.11756 0.561523 0.000974765 0.00309557 0.000161374
185.74 0.942978 1.11768 0.561518 0.000764232 0.00302 -0.000124335
185.76 0.943015 1.1178 0.561512 0.000933507 0.00304916 -0.000155051
185.78 0.943066 1.11792 0.56152 0.00128642 0.00298323 0.000190357
185.8 0.94313 1.11803 0.561554 0.00160354 0.00268727 0.000868041
185.82 0.9432 1.11812 0.56162 0.0017416 0.00220573 0.0016333
185.84 0.943268 1.11819 0.561705 0.00168682 0.0017879 0.00213919
185.86 0.943331 1.11826 0.56179 0.0015767 0.00174552 0.00212505
185.88 0.943396 1.11835 0.561853 0.00162305 0.00223448 0.001568
185.9 0.943473 1.11847 0.561881 0.00193575 0.00313495 0.000698761
185.92 0.943569 1.11864 0.561877 0.00240751 0.00409966 -0.000111759
185.94 0.94368 1.11882 0.561855 0.00276076 0.0047199 -0.00052781
185.96 0.943788 1.11901 0.56184 0.00271333 0.00472196 -0.000387559
185.98 0.943875 1.11918 0.56185 0.00217257 0.004127 0.00026264
186 0.943929 1.11931 0.561899 0.00135612 0.00327561 0.00122078
186.02 0.943959 1.11942 0.561987 0.000738284 0.00263461 0.00219275
186.04 0.94399 1.11952 0.562101 0.000782041 0.00250456 0.00285061
186.06 0.944054 1.11963 0.562218 0.00158502 0.00284144 0.00292809
186.08 0.944164 1.11976 0.562312 0.00275079 0.00331172 0.00235051
186.1 0.944309 1.1199 0.562364 0.00363961 0.00355032 0.00129971
186.12 0.94446 1.12004 0.56237 0.00377763 0.00342552 0.000152976
186.14 0.944585 1.12016 0.562343 0.00312193 0.00310252 -0.000677753
186.16 0.944668 1.12028 0.562306 0.00206146 0.00286378 -0.000933751
186.18 0.944715 1.12039 0.562281 0.00118471 0.0028642 -0.000626729
186.2 0.944753 1.12051 0.56228 0.000944333 0.00302562 -2.19486e-05
186.22 0.944809 1.12064 0.562301 0.0014061 0.00311966 0.000522005
186.24 0.944899 1.12076 0.562331 0.00223938 0.00293329 0.000761127
186.26 0.945017 1.12085 0.562358 0.00294777 0.00241134 0.000673634
186.28 0.945143 1.12092 0.562375 0.00317237 0.00171619 0.000409437
186.3 0.945258 1.12097 0.56238 0.0028663 0.00115045 0.000147188
186.32 0.945349 1.12101 0.56238 0.00227049 0.000985369 -1.3574e-05
186.34 0.945419 1.12106 0.562377 0.00175825 0.00129653 -6.30809e-05
186.36 0.945485 1.12114 0.562376 0.00164295 0.00190766 -3.62597e-05
186.38 0.945565 1.12124 0.562377 0.00200616 0.00249821 2.96495e-05
186.4 0.945671 1.12135 0.562381 0.00264494 0.00279926 0.000107774
186.42 0.945799 1.12146 0.562388 0.00319743 0.00275235 0.000176641
186.44 0.945934 1.12156 0.562397 0.00336896 0.00252487 0.000220896
186.46 0.946058 1.12165 0.562408 0.00311834 0.00238009 0.000258904
186.48 0.946165 1.12175 0.562422 0.00267557 0.00249829 0.000346765
186.5 0.94626 1.12187 0.562442 0.00237169 0.00286665 0.000513355
186.52 0.946357 1.122 0.562471 0.00240735 0.00329751 0.000711008
186.54 0.946465 1.12214 0.562505 0.00271333 0.00354382 0.000864484
186.56 0.946585 1.12228 0.562544 0.00299697 0.0034489 0.00096991
186.58 0.946703 1.1224 0.562589 0.00294462 0.0030494 0.00111664
186.6 0.946801 1.1225 0.562645 0.00246218 0.00256696 0.00139943
186.62 0.946872 1.1226 0.562717 0.00177778 0.0022926 0.00181609
186.64 0.946925 1.12269 0.562807 0.00131077 0.00241533 0.00224049
186.66 0.94698 1.12281 0.562906 0.00138852 0.00288957 0.00248108
186.68 0.94706 1.12295 0.563002 0.00199616 0.00345973 0.00239082
186.7 0.94717 1.1231 0.563079 0.00275452 0.00383186 0.00194493
186.72 0.947297 1.12325 0.563129 0.00315996 0.00386692 0.00124675
186.74 0.947413 1.1234 0.563149 0.00291136 0.00364441 0.00050067
186.76 0.947498 1.12354 0.563147 0.00211475 0.00337043 -5.54145e-05
186.78 0.947547 1.12367 0.563137 0.00123108 0.00324145 -0.000259843
186.8 0.947578 1.1238 0.563133 0.000775894 0.00335492 -0.000101146
186.82 0.947617 1.12395 0.563145 0.000965792 0.00366325 0.000298736
186.84 0.94768 1.12411 0.563175 0.00157128 0.0039835 0.000746473
186.86 0.947763 1.12427 0.563216 0.00208164 0.00409633 0.00102641
186.88 0.947845 1.12442 0.563254 0.00205001 0.00389349 0.000963072
186.9 0.947901 1.12456 0.563275 0.00139701 0.00346371 0.000514627
186.92 0.947921 1.12469 0.563267 0.000503061 0.00304937 -0.000180373
186.94 0.94792 1.1248 0.563233 -2.58605e-05 0.0028934 -0.000864706
186.96 0.947928 1.12492 0.563182 0.000211673 0.00307091 -0.00127725
186.98 0.947973 1.12506 0.563132 0.0011203 0.0034167 -0.00125548
187 0.94806 1.12521 0.563099 0.00217828 0.00362194 -0.00080771
187.02 0.948172 1.12534 0.563095 0.00278317 0.00345423 -0.000117891
187.04 0.948277 1.12546 0.563117 0.00262417 0.00293954 0.000572388
187.06 0.94835 1.12556 0.563162 0.00184793 0.00235221 0.00111197
187.08 0.948387 1.12564 0.56322 0.000921586 0.00201837 0.00144852
187.1 0.9484 1.12572 0.563281 0.000319242 0.00211111 0.00152444
187.12 0.94841 1.12582 0.563331 0.000257243 0.00257175 0.00125274
187.14 0.948436 1.12595 0.563357 0.000651612 0.00316642 0.000640011
187.16 0.948487 1.12609 0.563352 0.00126802 0.0036189 -0.000104172
187.18 0.948562 1.12625 0.563328 0.00188267 0.00376261 -0.000616739
187.2 0.948657 1.12639 0.563305 0.00235503 0.00360522 -0.000576347
187.22 0.94876 1.12652 0.563307 0.00259041 0.00325846 6.91824e-05
187.24 0.94886 1.12663 0.563348 0.00248264 0.0028429 0.00101355
187.26 0.948938 1.12673 0.563418 0.00197178 0.00245431 0.00176299
187.28 0.948985 1.12682 0.563497 0.00116324 0.00218025 0.00196704
187.3 0.949 1.1269 0.563563 0.000372346 0.00210872 0.00164926
187.32 0.949 1.127 0.563609 -4.28482e-06 0.00230646 0.0011528
187.34 0.94901 1.12711 0.563643 0.000260444 0.00276867 0.000843628
187.36 0.949052 1.12724 0.563676 0.0010511 0.00336949 0.000826868
187.38 0.949131 1.1274 0.563713 0.00196699 0.00388005 0.000913534
187.4 0.949234 1.12756 0.563746 0.00257146 0.00407017 0.000831594
187.42 0.949339 1.12771 0.563765 0.00263945 0.0038462 0.000476469
187.44 0.949429 1.12785 0.563765 0.00223584 0.00333411 2.94439e-06
187.46 0.949494 1.12796 0.563753 0.00163201 0.00281726 -0.000300532
187.48 0.94954 1.12806 0.563743 0.00113899 0.00256633 -0.000254698
187.5 0.949577 1.12817 0.563745 0.000944157 0.00267782 6.37485e-05
187.52 0.949619 1.12829 0.563762 0.00105061 0.00300729 0.000408957
187.54 0.949673 1.12842 0.563786 0.0013434 0.00328946 0.000596667
187.56 0.94974 1.12856 0.563811 0.00168237 0.00337729 0.000646594
187.58 0.949818 1.12869 0.56384 0.00193316 0.00334332 0.000712523
187.6 0.949898 1.12882 0.563876 0.00199572 0.00335035 0.000901016
187.62 0.949973 1.12896 0.563922 0.00187992 0.0034773 0.001157
187.64 0.950042 1.12911 0.563974 0.00173788 0.00366456 0.00129643
187.66 0.950113 1.12926 0.56402 0.00177747 0.00377274 0.00113544
187.68 0.950198 1.12941 0.564044 0.00211592 0.00368312 0.000614899
187.7 0.950305 1.12954 0.564039 0.00267499 0.00338248 -0.000125648
187.72 0.950433 1.12966 0.564008 0.0031931 0.00299528 -0.000770422
187.74 0.950568 1.12977 0.563969 0.00337047 0.00272396 -0.000991164
187.76 0.95069 1.12988 0.563942 0.00306981 0.00271662 -0.000676293
187.78 0.950788 1.13 0.563941 0.00244695 0.00298601 -1.33853e-05
187.8 0.950865 1.13014 0.563968 0.00191974 0.00341282 0.000669056
187.82 0.950942 1.13029 0.564013 0.00192424 0.0037936 0.00112654
187.84 0.951045 1.13045 0.564065 0.00258344 0.00393512 0.00129336
187.86 0.951188 1.1306 0.564114 0.00355794 0.00375723 0.00123461
187.88 0.951357 1.13073 0.564156 0.00423819 0.00334022 0.00104752
187.9 0.951523 1.13084 0.564188 0.00415282 0.00288815 0.000807021
187.92 0.951655 1.13095 0.564212 0.00329336 0.00263355 0.000583431
187.94 0.95174 1.13106 0.56423 0.00213406 0.00271999 0.000455955
187.96 0.951794 1.13118 0.564248 0.00134905 0.00311495 0.000466672
187.98 0.95185 1.13133 0.564271 0.00139457 0.00361998 0.00057096
188 0.951939 1.13149 0.564298 0.00222466 0.00397809 0.000667421
188.02 0.952072 1.13165 0.564325 0.00333136 0.00399962 0.000672342
188.04 0.952235 1.13179 0.564347 0.00407248 0.00363758 0.000557716
188.06 0.952397 1.13191 0.564362 0.00405435 0.00302266 0.000369263
188.08 0.95253 1.13201 0.564371 0.00331804 0.00243866 0.000229161
188.1 0.952621 1.1321 0.564382 0.00226516 0.00219777 0.000276042
188.12 0.952678 1.1322 0.564405 0.00141994 0.00246747 0.000569066
188.14 0.952724 1.13232 0.564446 0.00115247 0.00315516 0.00102699
188.16 0.952784 1.13248 0.564504 0.00150557 0.00392601 0.00145507
188.18 0.952872 1.13266 0.56457 0.00220942 0.00437869 0.00164164
188.2 0.952987 1.13283 0.564629 0.00286726 0.00427935 0.00147765
188.22 0.953114 1.13298 0.56467 0.00317786 0.00371339 0.00102049
188.24 0.953237 1.1331 0.564687 0.00307006 0.00305036 0.000437926
188.26 0.953345 1.13321 0.564683 0.00270641 0.00272401 -0.00010851
188.28 0.95344 1.13332 0.564662 0.00236132 0.00295132 -0.00051856
188.3 0.95353 1.13347 0.564633 0.00226943 0.00357341 -0.000725653
188.32 0.953631 1.13363 0.564606 0.00252172 0.00414342 -0.000678618
188.34 0.953752 1.1338 0.564591 0.00300801 0.00422091 -0.000377691
188.36 0.953889 1.13395 0.564595 0.00343244 0.00367761 9.54231e-05
188.38 0.954028 1.13406 0.564619 0.0034668 0.00279436 0.000595288
188.4 0.954147 1.13414 0.564657 0.0029777 0.00208639 0.000960693
188.42 0.954232 1.13422 0.5647 0.00213791 0.00196436 0.00108139
188.44 0.954286 1.13432 0.564739 0.00134711 0.00244832 0.000969087
188.46 0.954327 1.13445 0.564769 0.00101376 0.00315563 0.000752531
188.48 0.954379 1.13459 0.564792 0.00132094 0.00358961 0.000569562
188.5 0.954463 1.13473 0.56481 0.00209851 0.00349522 0.000446445
188.52 0.95458 1.13485 0.564821 0.00291262 0.0029915 0.000286309
188.54 0.954713 1.13495 0.564821 0.00332677 0.00240448 -5.07855e-06
188.56 0.954839 1.13503 0.564806 0.00316186 0.00202845 -0.000379837
188.58 0.954943 1.13511 0.56478 0.0025927 0.00199486 -0.000636055
188.6 0.955023 1.1352 0.564758 0.00198511 0.00223096 -0.000555277
188.62 0.955087 1.1353 0.564756 0.00162457 0.00252183 -6.5923e-05
188.64 0.95515 1.1354 0.564783 0.00156414 0.00266053 0.000679561
188.66 0.955217 1.13551 0.564838 0.00166311 0.00256678 0.00137525
188.68 0.955286 1.1356 0.564907 0.00172474 0.00230536 0.00173927
188.7 0.955351 1.13568 0.564974 0.00162513 0.00202641 0.00166835
188.72 0.955406 1.13576 0.565025 0.00138494 0.00189166 0.00126828
188.74 0.955452 1.13584 0.565056 0.00114148 0.00201016 0.000774336
188.76 0.955492 1.13593 0.565073 0.00101237 0.00238417 0.000420343
188.78 0.955531 1.13605 0.565085 0.000976291 0.00289971 0.000323068
188.8 0.955568 1.13618 0.565103 0.000913465 0.00337574 0.000440993
188.82 0.955598 1.13633 0.565128 0.000747609 0.00363777 0.000614234
188.84 0.955619 1.13647 0.565155 0.000524283 0.00357297 0.000672495
188.86 0.955633 1.1366 0.565176 0.000359704 0.00317904 0.000546681
188.88 0.955646 1.1367 0.565189 0.000331094 0.0026233 0.000309773
188.9 0.955662 1.13679 0.565194 0.000405239 0.00221452 0.000118092
188.92 0.955681 1.13688 0.565197 0.000458728 0.00223161 9.55423e-05
188.94 0.955695 1.13699 0.565208 0.000354776 0.00272632 0.000262704
188.96 0.955697 1.13713 0.565229 4.40069e-05 0.00347206 0.000534548
188.98 0.955682 1.13729 0.56526 -0.000367956 0.00408389 0.000755709
189 0.955656 1.13746 0.56529 -0.000647076 0.0042235 0.000769324
189.02 0.955633 1.13761 0.565311 -0.000574023 0.00378877 0.000507217
189.04 0.955628 1.13773 0.565313 -0.000121599 0.00298823 5.63601e-05
189.06 0.955649 1.13782 0.565298 0.000506977 0.00222804 -0.000366685
189.08 0.955689 1.1379 0.565277 0.00102048 0.00187514 -0.000533625
189.1 0.955739 1.13798 0.565264 0.0012308 0.00207148 -0.000320502
189.12 0.955784 1.13809 0.565273 0.00114043 0.0026936 0.000235073
189.14 0.95582 1.13822 0.565311 0.000884407 0.00343756 0.000927663
189.16 0.955844 1.13838 0.565368 0.000616099 0.003968 0.00144097
189.18 0.955862 1.13855 0.565427 0.000449357 0.00407569 0.00148381
189.2 0.955881 1.1387 0.565466 0.000458799 0.00375775 0.000968503
189.22 0.955908 1.13882 0.565471 0.000687283 0.00319096 0.000118073
189.24 0.955953 1.13893 0.565446 0.00112953 0.00263958 -0.000623282
189.26 0.956022 1.13902 0.565412 0.00171421 0.00233544 -0.000843955
189.28 0.956114 1.13912 0.565396 0.0023033 0.002384 -0.000419204
189.3 0.956223 1.13923 0.565412 0.00273228 0.00274008 0.00040881
189.32 0.95634 1.13936 0.56546 0.00290833 0.00324094 0.00119515
189.34 0.956455 1.1395 0.565523 0.0028827 0.00367748 0.00157657
189.36 0.956567 1.13966 0.565581 0.00281446 0.00389066 0.00146064
189.38 0.956682 1.13981 0.565621 0.00285567 0.00381989 0.00100244
189.4 0.956804 1.13995 0.565639 0.00305906 0.00351245 0.000438743
189.42 0.956939 1.14008 0.565636 0.00336258 0.00313424 -5.77844e-05
189.44 0.957084 1.1402 0.56562 0.00364309 0.00292206 -0.000404388
189.46 0.957237 1.14032 0.565598 0.00382508 0.00304946 -0.000562054
189.48 0.957396 1.14046 0.565578 0.00396749 0.00349537 -0.00050482
189.5 0.957564 1.14062 0.565568 0.00420759 0.00402093 -0.000238726
189.52 0.957748 1.14079 0.565575 0.00459648 0.00430987 0.000172858
189.54 0.957948 1.14096 0.5656 0.00499388 0.00420067 0.000618255
189.56 0.958153 1.14111 0.565639 0.00513555 0.00381593 0.000977107
189.58 0.958347 1.14125 0.565686 0.00483689 0.0034669 0.00116991
189.6 0.958514 1.14139 0.565734 0.00416748 0.00340862 0.00120113
189.62 0.958652 1.14153 0.56578 0.00344973 0.00364313 0.00116561
189.64 0.958775 1.14169 0.565827 0.00307794 0.00395787 0.00117946
189.66 0.958905 1.14186 0.565878 0.0032619 0.00414628 0.00126388
189.68 0.95906 1.14202 0.565931 0.00386899 0.00417164 0.00131495
189.7 0.95924 1.14219 0.565979 0.00450011 0.00416039 0.00121328
189.72 0.95943 1.14236 0.566017 0.00475845 0.00426629 0.00095225
189.74 0.95961 1.14254 0.566044 0.00450382 0.0045074 0.000658296
189.76 0.959766 1.14273 0.566063 0.00389123 0.00469811 0.000480652
189.78 0.959895 1.14291 0.566081 0.0032129 0.00457024 0.000465093
189.8 0.960003 1.14307 0.566103 0.00271144 0.00401701 0.000531303
189.82 0.960102 1.1432 0.566124 0.00247569 0.00324931 0.000544864
189.84 0.9602 1.14331 0.566141 0.00243789 0.00269914 0.000424114
189.86 0.960297 1.14342 0.56615 0.00244676 0.00270171 0.000206542
189.88 0.960393 1.14355 0.566151 0.0023938 0.00321557 4.3738e-05
189.9 0.960485 1.1437 0.566156 0.00229398 0.00384356 0.000108691
189.92 0.960574 1.14387 0.566173 0.00222813 0.0041362 0.000435765
189.94 0.960662 1.14402 0.566206 0.00220973 0.00392331 0.000832338
189.96 0.960748 1.14416 0.566246 0.00215184 0.00341409 0.000996181
189.98 0.960827 1.14428 0.566277 0.00197504 0.00299906 0.000758742
190 0.960896 1.1444 0.566286 0.00171985 0.00291609 0.000231281
190.02 0.960957 1.14452 0.566275 0.00151563 0.00306243 -0.000261261
190.04 0.961015 1.14464 0.56626 0.00143974 0.00312823 -0.000398228
190.06 0.961072 1.14476 0.566256 0.00143117 0.00289887 -9.09568e-05
190.08 0.961126 1.14486 0.566273 0.00134548 0.00244757 0.000425973
190.1 0.96117 1.14494 0.566302 0.00110564 0.00207999 0.000733665
190.12 0.961202 1.14502 0.566324 0.00080796 0.00205702 0.000543053
190.14 0.961229 1.14512 0.566321 0.000662502 0.00235835 -7.04921e-05
190.16 0.961261 1.14523 0.566293 0.00080366 0.00271963 -0.000704938
190.18 0.961306 1.14534 0.566257 0.00114148 0.00286671 -0.000901469
190.2 0.961363 1.14545 0.566239 0.00140528 0.00272238 -0.000460184
190.22 0.961417 1.14555 0.566255 0.00135189 0.00242419 0.000406682
190.24 0.961455 1.14563 0.566303 0.000945302 0.00218142 0.00120033
190.26 0.96147 1.14572 0.566361 0.000377192 0.00212031 0.00146074
190.28 0.961468 1.14581 0.566404 -3.64365e-05 0.00222704 0.00105871
190.3 0.961467 1.1459 0.566414 -3.63186e-05 0.0023783 0.000265346
190.32 0.961482 1.146 0.566397 0.000389484 0.00241949 -0.000436863
190.34 0.961521 1.14609 0.56637 0.000972778 0.00226282 -0.000663062
190.36 0.961576 1.14617 0.566356 0.0013705 0.00194488 -0.00034922
190.38 0.961633 1.14623 0.566366 0.00142233 0.00158043 0.000247014
190.4 0.961682 1.14628 0.566396 0.00122071 0.00127628 0.000746539
190.42 0.96172 1.14633 0.566431 0.000961138 0.00110101 0.000886037
190.44 0.961751 1.14637 0.566457 0.000761417 0.00109924 0.000645916
190.46 0.961776 1.14642 0.566467 0.000624716 0.00129561 0.000234662
190.48 0.961797 1.14649 0.566465 0.000526165 0.00167323 -3.09086e-05
190.5 0.961816 1.14658 0.566469 0.000484742 0.00214599 0.000100975
190.52 0.961838 1.14668 0.566496 0.000538828 0.00255897 0.000660954
190.54 0.961865 1.14679 0.566553 0.000696756 0.00273933 0.00141991
190.56 0.961902 1.14689 0.566633 0.000915625 0.00259654 0.002008
190.58 0.961947 1.14698 0.566717 0.00111193 0.00220322 0.00211093
190.6 0.961995 1.14705 0.566782 0.00120585 0.0017851 0.00161736
190.62 0.962042 1.14711 0.566808 0.00118048 0.0016131 0.000654645
190.64 0.962086 1.14719 0.56679 0.00110571 0.00185419 -0.000464478
190.66 0.962131 1.14729 0.566736 0.00110721 0.00246509 -0.0013484
190.68 0.962182 1.14742 0.56667 0.00129153 0.00320498 -0.00164569
190.7 0.962249 1.14757 0.566624 0.00165791 0.00377901 -0.00115114
190.72 0.962331 1.14773 0.566628 0.00206199 0.00400934 9.30602e-05
190.74 0.962423 1.14788 0.566697 0.00228965 0.00393285 0.00173066
190.76 0.962511 1.14803 0.566824 0.00221445 0.00375253 0.00316792
190.78 0.962587 1.14818 0.566978 0.00190587 0.00367844 0.00384792
190.8 0.962651 1.14833 0.56712 0.00160164 0.00380042 0.00355142
190.82 0.962714 1.1485 0.567219 0.00155704 0.00406151 0.00247896
190.84 0.962789 1.14867 0.567263 0.00187367 0.00433003 0.00109631
190.86 0.962886 1.14885 0.567259 0.00244409 0.00449702 -9.95286e-05
190.88 0.963008 1.14903 0.567228 0.00304161 0.00451946 -0.000767468
190.9 0.963145 1.14921 0.567195 0.00342986 0.00442694 -0.000824725
190.92 0.963283 1.14938 0.567178 0.00345235 0.00430106 -0.000434785
190.94 0.963408 1.14955 0.567182 0.00311032 0.00420486 0.000115378
190.96 0.963511 1.14971 0.567205 0.00258399 0.00412741 0.000574952
190.98 0.963597 1.14987 0.567238 0.00213402 0.00401094 0.000818201
191 0.963675 1.15003 0.567271 0.0019543 0.00383267 0.000824053
191.02 0.963759 1.15017 0.567296 0.00210622 0.00366262 0.000631671
191.04 0.963861 1.15032 0.567309 0.00254277 0.00363659 0.000332459
191.06 0.963986 1.15047 0.567312 0.00313064 0.0038423 6.72251e-05
191.08 0.964133 1.15064 0.567311 0.00366694 0.00420807 -2.89823e-05
191.1 0.964291 1.15082 0.567314 0.0039622 0.00451148 7.78314e-05
191.12 0.964449 1.151 0.567325 0.00393975 0.00452451 0.000275903
191.14 0.964595 1.15117 0.56734 0.00364697 0.00415949 0.000371944
191.16 0.964723 1.15131 0.567349 0.00321426 0.00353443 0.000227544
191.18 0.964836 1.15143 0.567344 0.00282991 0.00293893 -0.000127687
191.2 0.964944 1.15153 0.567324 0.00268558 0.0026756 -0.000488825
191.22 0.965058 1.15165 0.5673 0.00285768 0.00287092 -0.000602037
191.24 0.965188 1.15179 0.567286 0.0032371 0.00341229 -0.000351857
191.26 0.965331 1.15195 0.567292 0.00358392 0.00403216 0.000151453
191.28 0.965477 1.15213 0.567318 0.00365898 0.00445721 0.000647904
191.3 0.965613 1.15231 0.567354 0.00338187 0.00454902 0.000892586
191.32 0.965729 1.15248 0.567386 0.00290396 0.00435039 0.000796165
191.34 0.965829 1.15264 0.567405 0.00250792 0.00401746 0.00047079
191.36 0.965924 1.15279 0.56741 0.00237366 0.0036969 0.000138405
191.38 0.96602 1.15293 0.567409 0.00241205 0.00345757 -1.62193e-05
191.4 0.966114 1.15306 0.567412 0.002349 0.00331993 7.12351e-05
191.42 0.966195 1.15319 0.567426 0.00201165 0.00330561 0.00034102
191.44 0.966256 1.15333 0.567452 0.00153926 0.00344476 0.000661528
191.46 0.966308 1.15348 0.567489 0.00129644 0.00375627 0.000926362
191.48 0.966371 1.15365 0.567534 0.001559 0.00421813 0.0011216
191.5 0.96646 1.15384 0.567586 0.00223495 0.00473001 0.00128566
191.52 0.966575 1.15404 0.567643 0.00287308 0.00511543 0.00142903
191.54 0.966694 1.15425 0.567704 0.00298367 0.00519925 0.00151469
191.56 0.966791 1.15445 0.567763 0.00241358 0.00490813 0.00149524
191.58 0.96685 1.15462 0.567818 0.00147809 0.00431851 0.00135481
191.6 0.966881 1.15477 0.567863 0.000763994 0.00362399 0.00112878
191.62 0.96691 1.15489 0.567899 0.000740785 0.00305669 0.000897807
191.64 0.966968 1.155 0.567929 0.00143958 0.00278827 0.000748021
191.66 0.967065 1.15511 0.567957 0.00242461 0.00282754 0.000724183
191.68 0.967188 1.15523 0.56799 0.00308235 0.0030196 0.000806261
191.7 0.967309 1.15536 0.568026 0.00301336 0.00316126 0.000907668
191.72 0.9674 1.15548 0.568062 0.00228153 0.00311651 0.00090989
191.74 0.967455 1.1556 0.568092 0.00136893 0.00284058 0.000739211
191.76 0.967488 1.15569 0.568109 0.000842224 0.00235177 0.00042273
191.78 0.967527 1.15576 0.568112 0.000961313 0.00172975 7.78205e-05
191.8 0.967588 1.15581 0.568106 0.00152985 0.00113146 -0.000144825
191.82 0.967672 1.15584 0.568101 0.00209573 0.000743946 -0.000143359
191.84 0.967764 1.15586 0.568103 0.00230449 0.000687073 7.22904e-05
191.86 0.967849 1.1559 0.568118 0.00211534 0.000942475 0.00036646
191.88 0.967919 1.15596 0.568139 0.00175508 0.00134436 0.000536005
191.9 0.967979 1.15602 0.568157 0.00151451 0.00165047 0.000436705
191.92 0.968041 1.15609 0.568161 0.00154694 0.0016705 9.76677e-05
191.94 0.968112 1.15614 0.568149 0.0017732 0.00139884 -0.000297213
191.96 0.96819 1.15619 0.568127 0.0019548 0.0010415 -0.000554847
191.98 0.968266 1.15622 0.568103 0.00188668 0.000874095 -0.000598232
192 0.968328 1.15626 0.568084 0.00156097 0.00103952 -0.000475557
192.02 0.968375 1.15632 0.568072 0.00116012 0.00145341 -0.000287555
192.04 0.96841 1.1564 0.568068 0.000889007 0.00187039 -0.000111274
192.06 0.968443 1.15648 0.568069 0.000818097 0.00203894 3.0833e-05
192.08 0.968478 1.15655 0.568075 0.00088708 0.00187785 0.00014751
192.1 0.968519 1.15661 0.568085 0.00101873 0.00154405 0.000249669
192.12 0.968567 1.15667 0.568099 0.0012069 0.00131907 0.000349405
192.14 0.968627 1.15672 0.568117 0.00149267 0.00141272 0.000451592
192.16 0.968702 1.1568 0.568139 0.00186983 0.00183091 0.000540766
192.18 0.96879 1.15689 0.568163 0.00221361 0.00237908 0.000607569
192.2 0.968883 1.157 0.568191 0.00231579 0.00280105 0.000697608
192.22 0.968964 1.15712 0.568227 0.00202186 0.00295798 0.000901061
192.24 0.969018 1.15724 0.568276 0.00135601 0.00291163 0.00123323
192.26 0.969041 1.15735 0.568338 0.000567619 0.00285756 0.00153503
192.28 0.969043 1.15747 0.568399 4.52726e-05 0.00295976 0.00153874
192.3 0.969046 1.1576 0.568442 8.49419e-05 0.0032204 0.0010813
192.32 0.969073 1.15774 0.568454 0.000671757 0.00349575 0.000292452
192.34 0.969132 1.15788 0.568437 0.00147573 0.00363124 -0.000429074
192.36 0.969215 1.15803 0.56841 0.00207193 0.00357754 -0.000665111
192.38 0.969304 1.15816 0.5684 0.00221625 0.00341812 -0.000263851
192.4 0.969383 1.1583 0.568423 0.00198144 0.0033281 0.00056765
192.42 0.969449 1.15844 0.568479 0.00165274 0.00347663 0.00142267
192.44 0.969508 1.15859 0.568558 0.00148413 0.00391083 0.00196018
192.46 0.96957 1.15877 0.568641 0.00154218 0.00449462 0.00207854
192.48 0.96964 1.15897 0.568717 0.00174133 0.00495705 0.00189491
192.5 0.969718 1.15917 0.56878 0.00195972 0.00503596 0.00157521
192.52 0.969803 1.15936 0.568828 0.00213003 0.00464479 0.00119741
192.54 0.969894 1.15952 0.568857 0.0022583 0.00397259 0.000740258
192.56 0.969988 1.15965 0.568864 0.00236224 0.00339779 0.000169743
192.58 0.970084 1.15978 0.568847 0.00239891 0.00323785 -0.000437985
192.6 0.970176 1.15992 0.568812 0.00229339 0.00354688 -0.00085649
192.62 0.970258 1.16009 0.568779 0.00204542 0.00412231 -0.000836234
192.64 0.970328 1.16028 0.568766 0.00176366 0.00467897 -0.000309775
192.66 0.970392 1.16048 0.568787 0.00158809 0.00502427 0.000514182
192.68 0.970456 1.16068 0.568837 0.00161423 0.00514029 0.00126108
192.7 0.97053 1.16089 0.568903 0.00184927 0.00515444 0.00163035
192.72 0.970618 1.1611 0.568965 0.00219271 0.00521914 0.00156324
192.74 0.970718 1.16131 0.569014 0.00249134 0.00537743 0.00121507
192.76 0.970823 1.16153 0.569046 0.00264193 0.00549448 0.000795855
192.78 0.970929 1.16175 0.569063 0.00264343 0.00533469 0.000421734
192.8 0.971032 1.16194 0.569065 0.00256549 0.00477518 7.12612e-05
192.82 0.971131 1.1621 0.569053 0.00248524 0.00399446 -0.0003133
192.84 0.971229 1.16223 0.569026 0.00244661 0.00343545 -0.000660439
192.86 0.971327 1.16238 0.568996 0.00244255 0.0035091 -0.000760694
192.88 0.971424 1.16255 0.568977 0.00244622 0.00424857 -0.000481283
192.9 0.971523 1.16275 0.568978 0.00246525 0.00520716 3.49634e-05
192.92 0.971625 1.16298 0.568995 0.00255591 0.0057227 0.000423971
192.94 0.971737 1.1632 0.569011 0.00278765 0.00536 0.000399478
192.96 0.971864 1.16336 0.569012 0.00317885 0.00418377 1.64566e-05
192.98 0.97201 1.16347 0.568997 0.00364917 0.00270836 -0.000369706
193 0.972171 1.16354 0.568981 0.00403431 0.00159689 -0.000401015
193.02 0.972337 1.16359 0.568981 0.00414176 0.0012755 -7.20175e-06
193.04 0.97249 1.16366 0.569002 0.0038324 0.00169739 0.000532654
193.06 0.972616 1.16375 0.569034 0.00315202 0.00243275 0.000792618
193.08 0.972713 1.16387 0.569055 0.00241759 0.00298941 0.000528217
193.1 0.972796 1.164 0.56905 0.00207926 0.00308963 -0.000121401
193.12 0.972892 1.16411 0.569021 0.00240033 0.00276258 -0.00073025
193.14 0.973022 1.1642 0.568985 0.00323564 0.00225879 -0.000891421
193.16 0.973185 1.16427 0.568966 0.00409007 0.00185514 -0.000480813
193.18 0.973362 1.16434 0.568977 0.00441705 0.00168372 0.000285149
193.2 0.97352 1.16441 0.569018 0.00396522 0.00169092 0.00101482
193.22 0.973638 1.16448 0.569075 0.00294844 0.00174331 0.00141906
193.24 0.973714 1.16455 0.569134 0.00190007 0.00177226 0.00148515
193.26 0.973767 1.16462 0.56919 0.00132702 0.00182585 0.00140587
193.28 0.973825 1.1647 0.569245 0.00143375 0.00201213 0.00135802
193.3 0.973907 1.1648 0.569299 0.00204953 0.00239058 0.0013559
193.32 0.974017 1.16491 0.569351 0.00274963 0.00288053 0.00129566
193.34 0.974142 1.16504 0.569395 0.0031184 0.00328275 0.00110478
193.36 0.974262 1.16518 0.569429 0.00300043 0.00338108 0.000846459
193.38 0.974363 1.1653 0.569456 0.00253428 0.00305192 0.000691293
193.4 0.974442 1.16539 0.569487 0.00198362 0.00234996 0.000775124
193.42 0.974505 1.16545 0.56953 0.00155823 0.00151874 0.00107148
193.44 0.974558 1.16549 0.569586 0.00132664 0.00090548 0.00139569
193.46 0.974607 1.16552 0.569647 0.00123871 0.000803106 0.001533
193.48 0.974656 1.16557 0.569702 0.00122254 0.00129727 0.0013774
193.5 0.974706 1.16566 0.569742 0.00125393 0.00220014 0.000998043
193.52 0.97476 1.16579 0.569766 0.00133931 0.00310756 0.000584359
193.54 0.974818 1.16593 0.569778 0.00145509 0.00359234 0.000307665
193.56 0.974879 1.16607 0.569787 0.00153498 0.00346519 0.000227164
193.58 0.97494 1.16619 0.569799 0.0015131 0.00290834 0.000297054
193.6 0.974994 1.16628 0.569816 0.00134355 0.00233514 0.00041755
193.62 0.975033 1.16636 0.569835 0.000994329 0.00208344 0.000487891
193.64 0.975053 1.16645 0.569854 0.000497251 0.00222068 0.000460545
193.66 0.975054 1.16655 0.569869 1.61144e-05 0.00259648 0.000372951
193.68 0.975046 1.16667 0.569881 -0.000210388 0.00299951 0.000303087
193.7 0.975045 1.16681 0.569892 -2.39919e-05 0.00328096 0.000273497
193.72 0.975066 1.16694 0.5699 0.000546209 0.00342803 0.0002137
193.74 0.975118 1.16708 0.569901 0.00128454 0.00351888 2.86025e-05
193.76 0.975194 1.16723 0.56989 0.00189491 0.00360758 -0.00028515
193.78 0.97528 1.16737 0.569867 0.0021604 0.00366453 -0.000573433
193.8 0.975362 1.16752 0.569843 0.00203539 0.00361799 -0.00059715
193.82 0.975426 1.16766 0.569834 0.00160681 0.00343445 -0.000226571
193.84 0.975467 1.16778 0.569851 0.00102342 0.0031559 0.000417903
193.86 0.975485 1.1679 0.569892 0.000459571 0.00287673 0.00102877
193.88 0.975488 1.16801 0.569944 8.35208e-05 0.00270038 0.00130074
193.9 0.975489 1.16811 0.569988 3.50857e-06 0.00268275 0.00109119
193.92 0.975498 1.16823 0.570007 0.000232393 0.00280014 0.00048302
193.94 0.975526 1.16834 0.569996 0.000698646 0.00297675 -0.000272911
193.96 0.975577 1.16847 0.56996 0.00128225 0.00315264 -0.00089891
193.98 0.97565 1.1686 0.569912 0.00183375 0.00333311 -0.00120576
194 0.975738 1.16875 0.569867 0.00219033 0.00356444 -0.00112211
194.02 0.975827 1.1689 0.56984 0.00222672 0.00386151 -0.00067746
194.04 0.975904 1.16907 0.569841 0.00192058 0.00416633 2.13493e-05
194.06 0.975959 1.16924 0.569873 0.00136624 0.0043624 0.000808192
194.08 0.975988 1.16942 0.569933 0.000731289 0.00434202 0.0014892
194.1 0.975996 1.16958 0.570009 0.000203153 0.00410329 0.00190772
194.12 0.975994 1.16973 0.570089 -4.42709e-05 0.00380795 0.00200988
194.14 0.975999 1.16988 0.570163 0.000119225 0.00369157 0.00184801
194.16 0.976028 1.17003 0.570224 0.000721603 0.00387315 0.00152514
194.18 0.976093 1.1702 0.57027 0.00162002 0.00424831 0.00113919
194.2 0.976193 1.17039 0.570301 0.00250747 0.00457452 0.000773149
194.22 0.976315 1.17057 0.570321 0.00306204 0.00464308 0.000517042
194.24 0.97644 1.17075 0.570339 0.00312631 0.00437681 0.000442878
194.26 0.976551 1.1709 0.570361 0.0027704 0.00385514 0.000542796
194.28 0.976641 1.17103 0.57039 0.00223315 0.00329923 0.0007338
194.3 0.976713 1.17115 0.570427 0.0017992 0.0029671 0.000932351
194.32 0.97678 1.17127 0.570471 0.00167362 0.00300699 0.00110083
194.34 0.976856 1.17141 0.570521 0.00190662 0.00338628 0.00123416
194.36 0.976952 1.17157 0.570574 0.00239409 0.00390551 0.00133909
194.38 0.977069 1.17174 0.570631 0.00294547 0.00426003 0.00142322
194.4 0.977204 1.1719 0.57069 0.00337733 0.00417065 0.00147566
194.42 0.977348 1.17205 0.570749 0.00357964 0.00358982 0.00147283
194.44 0.97749 1.17216 0.570806 0.00354768 0.0028011 0.00141773
194.46 0.977625 1.17225 0.57086 0.00338904 0.00224182 0.00134654
194.48 0.977756 1.17234 0.57091 0.00327865 0.00219384 0.00126143
194.5 0.97789 1.17244 0.570953 0.00335197 0.0026089 0.00107096
194.52 0.978035 1.17257 0.570979 0.00360608 0.00316283 0.000648875
194.54 0.978191 1.1727 0.570978 0.00390705 0.00345549 -2.10353e-05
194.56 0.978354 1.17283 0.570947 0.00407986 0.0032345 -0.000768141
194.58 0.978514 1.17294 0.570895 0.00399508 0.00255104 -0.00130281
194.6 0.978659 1.17301 0.570841 0.00362015 0.00176033 -0.00136669
194.62 0.978781 1.17306 0.570805 0.00304541 0.0013291 -0.000890223
194.64 0.978879 1.17312 0.570802 0.00247036 0.00153527 -7.81036e-05
194.66 0.978964 1.17321 0.570829 0.0021284 0.00225767 0.000673149
194.68 0.979052 1.17333 0.570869 0.00218825 0.00301637 0.00100329
194.7 0.979159 1.17346 0.570901 0.00266997 0.00326654 0.000787977
194.72 0.979296 1.17357 0.570908 0.0034265 0.00278053 0.000177905
194.74 0.979464 1.17365 0.570887 0.00419367 0.00182818 -0.000506947
194.76 0.979651 1.17369 0.570849 0.00467545 0.00100232 -0.000954467
194.78 0.979837 1.17372 0.570809 0.00464965 0.000817434 -0.00101644
194.8 0.98 1.17377 0.570779 0.0040737 0.00135659 -0.000740752
194.82 0.980124 1.17386 0.570768 0.00311897 0.00221191 -0.000280693
194.84 0.980208 1.17397 0.570776 0.00208306 0.00276834 0.000204947
194.86 0.980257 1.17408 0.5708 0.00123898 0.0026388 0.000594004
194.88 0.980287 1.17416 0.570832 0.000744562 0.00194782 0.000810399
194.9 0.980313 1.17421 0.570865 0.000657953 0.00123498 0.000833799
194.92 0.980351 1.17425 0.570893 0.000954946 0.00106102 0.000679171
194.94 0.980411 1.17431 0.570908 0.00149557 0.00163819 0.000375951
194.96 0.980492 1.17442 0.570908 0.00202204 0.00273105 1.11723e-05
194.98 0.980582 1.17458 0.570899 0.00225039 0.00382679 -0.000236298
195 0.980663 1.17475 0.570891 0.0020287 0.00443276 -0.000191518
195.02 0.980722 1.17493 0.570897 0.00145516 0.00435813 0.000157281
195.04 0.980755 1.17508 0.570923 0.00084644 0.00384352 0.000637319
195.06 0.980778 1.17522 0.570964 0.000567871 0.00341412 0.00103443
195.08 0.980812 1.17536 0.571014 0.000844698 0.0035167 0.00124027
195.1 0.980877 1.17553 0.571065 0.00163792 0.0042048 0.00129229
195.12 0.980982 1.17573 0.571118 0.00260365 0.00510349 0.00131223
195.14 0.98111 1.17596 0.571174 0.00320943 0.00567582 0.0014098
195.16 0.981231 1.17618 0.571238 0.00303197 0.00557232 0.00160236
195.18 0.981314 1.17638 0.57131 0.00206821 0.00485732 0.00179756
195.2 0.981346 1.17654 0.571385 0.000797391 0.00398951 0.00186954
195.22 0.981341 1.17668 0.571456 -0.000110167 0.00352258 0.00176638
195.24 0.981333 1.17682 0.571518 -0.000211929 0.00372255 0.00154404
195.26 0.981352 1.177 0.57157 0.000472732 0.00439989 0.0013118
195.28 0.981413 1.1772 0.571616 0.0015224 0.00507473 0.00114489
195.3 0.981508 1.17742 0.571657 0.00237433 0.0053286 0.00102912
195.32 0.981613 1.17762 0.571693 0.0026267 0.00507187 0.000895653
195.34 0.981702 1.1778 0.571721 0.00223308 0.00454243 0.000711052
195.36 0.981762 1.17797 0.571743 0.00149199 0.00409136 0.000538647
195.38 0.981795 1.17812 0.571763 0.000836682 0.00394397 0.000512127
195.4 0.981817 1.17829 0.571792 0.000552031 0.00407461 0.000709881
195.42 0.981842 1.17846 0.571833 0.000617118 0.00425685 0.00102961
195.44 0.981874 1.17863 0.571881 0.000789962 0.00424892 0.00119654
195.46 0.981908 1.17878 0.571918 0.000846705 0.00395175 0.000928872
195.48 0.981938 1.17892 0.571924 0.000763374 0.00343466 0.000141995
195.5 0.981966 1.17904 0.571886 0.000707746 0.00286871 -0.000944673
195.52 0.982001 1.17913 0.57181 0.000870557 0.00243023 -0.00188893
195.54 0.982052 1.17922 0.57172 0.00127887 0.00223229 -0.00226558
195.56 0.982122 1.17931 0.571643 0.00174266 0.00229436 -0.001911
195.58 0.982202 1.17942 0.571603 0.0019869 0.00254412 -0.00101436
195.6 0.982276 1.17953 0.571602 0.00187271 0.00285079 -2.02991e-05
195.62 0.982337 1.17965 0.571626 0.00151099 0.00307542 0.000604987
195.64 0.982384 1.17978 0.571651 0.00117609 0.00311868 0.000632086
195.66 0.982428 1.1799 0.571658 0.00110503 0.00294713 0.000172834
195.68 0.982482 1.18 0.571641 0.00135019 0.002623 -0.000431104
195.7 0.982553 1.18009 0.571608 0.00176242 0.00230884 -0.000833682
195.72 0.982637 1.18018 0.571573 0.00211422 0.00218811 -0.000866014
195.74 0.982729 1.18027 0.57155 0.0022847 0.0023357 -0.000573227
195.76 0.982822 1.18038 0.571545 0.00234727 0.00267292 -0.000126078
195.78 0.982921 1.1805 0.571557 0.00246711 0.00305112 0.000302741
195.8 0.98303 1.18064 0.571582 0.00272032 0.00336991 0.000625535
195.82 0.983151 1.18078 0.571615 0.00301507 0.00361921 0.000831591
195.84 0.983276 1.18094 0.571652 0.00313886 0.00380705 0.000920534
195.86 0.983392 1.18109 0.571688 0.00290115 0.00387975 0.000888084
195.88 0.983485 1.18124 0.571719 0.00232446 0.00375342 0.000778097
195.9 0.983554 1.18138 0.571746 0.00172457 0.00343974 0.000692719
195.92 0.983616 1.1815 0.571775 0.00153731 0.00309875 0.000713644
195.94 0.983695 1.18162 0.571808 0.0019862 0.00294089 0.00083324
195.96 0.983809 1.18174 0.571847 0.00285818 0.00307045 0.000968009
195.98 0.983953 1.18188 0.571888 0.00359636 0.00338105 0.00102729
196 0.9841 1.18202 0.571928 0.00366987 0.00358608 0.000988035
196.02 0.984218 1.18216 0.571965 0.00295375 0.00341567 0.000929272
196.04 0.984291 1.18227 0.572003 0.00183176 0.00285156 0.000961167
196.06 0.984329 1.18236 0.572047 0.000949013 0.00217885 0.00109072
196.08 0.984361 1.18243 0.572094 0.000798182 0.00181954 0.00117924
196.1 0.984418 1.18252 0.572136 0.00142286 0.00208815 0.00105217
196.12 0.984515 1.18263 0.572162 0.00242732 0.00296422 0.000656347
196.14 0.984646 1.18279 0.572168 0.00325909 0.00401436 0.000134926
196.16 0.984787 1.18298 0.572158 0.00352959 0.00460859 -0.000235092
196.18 0.984914 1.18315 0.57215 0.00317791 0.00433976 -0.000206097
196.2 0.985012 1.18329 0.572161 0.00244442 0.00331638 0.000268202
196.22 0.98508 1.18337 0.5722 0.00170934 0.00209879 0.000969827
196.24 0.985132 1.18342 0.572261 0.00128479 0.00134678 0.00152015
196.26 0.985183 1.18348 0.572324 0.00127503 0.0014112 0.00159474
196.28 0.985246 1.18356 0.572369 0.00158761 0.00213125 0.00112772
196.3 0.985328 1.18368 0.572384 0.00203906 0.00298281 0.000376648
196.32 0.985425 1.18382 0.572376 0.00244191 0.00345754 -0.000222988
196.34 0.985531 1.18396 0.572361 0.0026476 0.00336831 -0.00036024
196.36 0.985635 1.18407 0.572358 0.00258632 0.00287777 -7.27169e-05
196.38 0.985727 1.18416 0.57237 0.00230989 0.00230868 0.000305974
196.4 0.985806 1.18424 0.572387 0.00198302 0.00192416 0.000422928
196.42 0.985879 1.18431 0.572394 0.00180427 0.00179861 0.000156037
196.44 0.985955 1.18439 0.57238 0.00190856 0.00182976 -0.000340388
196.46 0.986046 1.18446 0.572349 0.00228846 0.00187385 -0.000767548
196.48 0.986158 1.18454 0.572314 0.00277752 0.00188858 -0.000872654
196.5 0.986283 1.18462 0.572291 0.00313961 0.00195581 -0.000591765
196.52 0.986412 1.1847 0.572289 0.0032132 0.00217952 -5.10839e-05
196.54 0.986532 1.18481 0.57231 0.00300399 0.00256445 0.000539247
196.56 0.986639 1.18492 0.572349 0.00267355 0.00298319 0.000977561
196.58 0.986736 1.18505 0.572394 0.00244255 0.00324216 0.001114
196.6 0.986834 1.18518 0.572429 0.00244313 0.00320684 0.000883396
196.62 0.986939 1.1853 0.572443 0.00261015 0.00291067 0.000342524
196.64 0.987047 1.1854 0.57243 0.00271477 0.00255947 -0.000328784
196.66 0.987148 1.1855 0.572394 0.00252232 0.00240305 -0.000889609
196.68 0.987227 1.1856 0.572349 0.00197171 0.00255364 -0.00112518
196.7 0.987277 1.18571 0.572312 0.00125775 0.00287971 -0.000930286
196.72 0.987307 1.18584 0.572298 0.000755369 0.00308738 -0.000352565
196.74 0.98734 1.18596 0.572315 0.00080156 0.00297047 0.000424714
196.76 0.987397 1.18606 0.572361 0.001447 0.00261682 0.00116149
196.78 0.987493 1.18616 0.572428 0.0023854 0.0023567 0.00165781
196.8 0.987619 1.18626 0.572501 0.00314398 0.00251864 0.00182399
196.82 0.987753 1.18638 0.572569 0.00336246 0.00317931 0.0017056
196.84 0.987871 1.18655 0.572627 0.00294527 0.00408182 0.00144272
196.86 0.987953 1.18674 0.572674 0.00204954 0.00480375 0.00117617
196.88 0.987992 1.18694 0.572712 0.000978096 0.00503375 0.000958501
196.9 0.987994 1.18713 0.572742 4.75217e-05 0.00473369 0.000757847
196.92 0.987973 1.18729 0.572764 -0.000522189 0.00411582 0.000538307
196.94 0.987947 1.18744 0.572777 -0.000650035 0.00351736 0.000333806
196.96 0.987933 1.18757 0.572788 -0.000353349 0.00325491 0.000268572
196.98 0.987945 1.18771 0.572807 0.000292073 0.00349139 0.000485237
197 0.987989 1.18787 0.572848 0.00112297 0.00415628 0.001006
197.02 0.988065 1.18807 0.572913 0.00188175 0.00497588 0.0016406
197.04 0.988157 1.18829 0.572995 0.00230775 0.00558611 0.00204592
197.06 0.988248 1.18852 0.573072 0.00226167 0.00566377 0.00192941
197.08 0.988319 1.18872 0.573122 0.00178926 0.00506965 0.00125199
197.1 0.988364 1.18888 0.573134 0.00112606 0.00398005 0.000290343
197.12 0.98839 1.189 0.573114 0.000635443 0.00288657 -0.00050344
197.14 0.988414 1.18909 0.573082 0.0006151 0.00237533 -0.000782712
197.16 0.988458 1.1892 0.573061 0.00109152 0.00277998 -0.000528559
197.18 0.98853 1.18936 0.57306 0.00180934 0.00392904 -4.39901e-05
197.2 0.988627 1.18957 0.573071 0.00241311 0.00519494 0.000289636
197.22 0.988733 1.1898 0.573083 0.00266885 0.00585159 0.000290902
197.24 0.988836 1.19002 0.573085 0.00257237 0.00552333 5.71514e-05
197.26 0.988928 1.1902 0.573078 0.00230276 0.00442526 -0.000165656
197.28 0.989012 1.19033 0.573071 0.00208575 0.00322123 -0.000174029
197.3 0.989095 1.19043 0.573074 0.00206588 0.00259355 6.26581e-05
197.32 0.989185 1.19055 0.573091 0.00226118 0.00281541 0.000416378
197.34 0.989289 1.19069 0.57312 0.00259708 0.00360846 0.000730422
197.36 0.989408 1.19087 0.573157 0.00297697 0.00436983 0.000934977
197.38 0.989541 1.19105 0.573199 0.00331911 0.00457986 0.00104864
197.4 0.989682 1.19121 0.573243 0.00353778 0.00410123 0.00109673
197.42 0.989823 1.19134 0.573285 0.00352728 0.00321194 0.00104737
197.44 0.989952 1.19144 0.573317 0.00321647 0.00237619 0.000806624
197.46 0.990059 1.19151 0.573328 0.00267261 0.00193091 0.000278415
197.48 0.990144 1.19159 0.573308 0.00213546 0.00191764 -0.000517917
197.5 0.990221 1.19168 0.573253 0.00191311 0.00216059 -0.00136297
197.52 0.990308 1.19178 0.573177 0.00216882 0.00248652 -0.00189862
197.54 0.990418 1.19189 0.573104 0.00275175 0.0028474 -0.00183462
197.56 0.990548 1.19202 0.573058 0.00325299 0.00325872 -0.00114298
197.58 0.990679 1.19217 0.573054 0.00328586 0.00365177 -0.000100776
197.6 0.99079 1.19232 0.573088 0.00276024 0.00381876 0.000849084
197.62 0.990867 1.19246 0.573142 0.00192824 0.00354067 0.00134687
197.64 0.990915 1.19257 0.573194 0.00120016 0.0027993 0.00130557
197.66 0.990951 1.19265 0.573231 0.000895329 0.00188066 0.000914581
197.68 0.990994 1.1927 0.57325 0.00107853 0.0012519 0.000485219
197.7 0.991056 1.19275 0.57326 0.00156321 0.00127114 0.000249003
197.72 0.991139 1.19283 0.57327 0.00207667 0.00192453 0.000248615
197.74 0.991237 1.19294 0.573285 0.00244147 0.00280306 0.00037825
197.76 0.991342 1.19307 0.573305 0.00263126 0.00336676 0.000494425
197.78 0.99145 1.19321 0.573326 0.00268519 0.00331412 0.000515184
197.8 0.991553 1.19332 0.573344 0.00259214 0.00276745 0.000464839
197.82 0.991645 1.1934 0.573362 0.002282 0.00213319 0.000436997
197.84 0.991714 1.19347 0.573382 0.0017244 0.00177387 0.000499419
197.86 0.991755 1.19354 0.573407 0.00103785 0.00177284 0.000636203
197.88 0.991775 1.19362 0.573439 0.000491162 0.00197425 0.00079303
197.9 0.991789 1.19371 0.573477 0.000356515 0.00220148 0.00094583
197.92 0.991818 1.19381 0.57352 0.000715952 0.00242543 0.00109034
197.94 0.991872 1.19392 0.573568 0.00137179 0.00275059 0.0011947
197.96 0.991951 1.19405 0.573616 0.00195439 0.00323493 0.00119912
197.98 0.992037 1.1942 0.573658 0.00215145 0.00373239 0.00105351
198 0.992113 1.19435 0.573688 0.00189621 0.00394601 0.000741392
198.02 0.992169 1.1945 0.5737 0.00140819 0.00366361 0.00030131
198.04 0.99221 1.19462 0.573693 0.00103669 0.00295651 -0.000161266
198.06 0.992251 1.19471 0.573673 0.00102201 0.00217731 -0.000504609
198.08 0.992306 1.19478 0.573649 0.00137703 0.00176055 -0.000613519
198.1 0.992384 1.19485 0.573631 0.00193035 0.00193959 -0.000445619
198.12 0.992481 1.19496 0.57363 0.00244077 0.00258534 -2.55294e-05
198.14 0.99259 1.19509 0.573653 0.0027186 0.00331326 0.000580527
198.16 0.992699 1.19524 0.573703 0.00272526 0.00377636 0.00125401
198.18 0.992802 1.19539 0.573775 0.00256595 0.00385512 0.00180384
198.2 0.992896 1.19554 0.573856 0.00236815 0.00360769 0.00201305
198.22 0.992985 1.19567 0.573926 0.00220649 0.00317136 0.00175761
198.24 0.99307 1.19578 0.57397 0.00214147 0.00273634 0.00110413
198.26 0.993161 1.19588 0.573982 0.00226122 0.00249616 0.000302004
198.28 0.993266 1.19598 0.573968 0.00264041 0.00254469 -0.000347959
198.3 0.993397 1.19609 0.573942 0.00325565 0.00281749 -0.000658019
198.32 0.993554 1.19621 0.573917 0.00392607 0.0031349 -0.00063281
198.34 0.993727 1.19635 0.5739 0.00433369 0.00330128 -0.00042222
198.36 0.993894 1.19647 0.573892 0.00417001 0.00319647 -0.000196081
198.38 0.994027 1.19659 0.57389 0.00333821 0.00282213 -4.38901e-05
198.4 0.99411 1.19668 0.573892 0.0020686 0.00230614 3.8084e-05
198.42 0.994145 1.19675 0.573895 0.000870817 0.00185486 9.06259e-05
198.44 0.994157 1.19682 0.5739 0.000301441 0.00165282 0.000117004
198.46 0.994182 1.19689 0.573902 0.000636599 0.00176825 5.35011e-05
198.48 0.99425 1.19698 0.573895 0.00168066 0.0021208 -0.000173009
198.5 0.994364 1.19708 0.573874 0.0028683 0.00253649 -0.000531769
198.52 0.994507 1.19719 0.57384 0.00356322 0.00285007 -0.000843731
198.54 0.994642 1.19731 0.573805 0.00338103 0.00298652 -0.000894676
198.56 0.994738 1.19743 0.573779 0.0024044 0.00297455 -0.000626669
198.58 0.994784 1.19755 0.573771 0.00115222 0.00290251 -0.000216331
198.6 0.994796 1.19766 0.573774 0.000280006 0.00285801 7.93523e-05
198.62 0.994804 1.19777 0.573781 0.000203738 0.00286088 0.000167004
198.64 0.99484 1.19789 0.573788 0.000908875 0.0028531 0.000177533
198.66 0.994921 1.198 0.5738 0.00203255 0.0027747 0.000306693
198.68 0.995045 1.19811 0.573826 0.00308261 0.00264522 0.000646362
198.7 0.995191 1.19821 0.573872 0.00365454 0.00257182 0.00114154
198.72 0.995334 1.19832 0.573937 0.00357517 0.00267463 0.00162947
198.74 0.995452 1.19844 0.574013 0.00295274 0.00299482 0.00190515
198.76 0.995536 1.19857 0.574086 0.00210865 0.00347749 0.0018292
198.78 0.995593 1.19873 0.574144 0.0014203 0.00401643 0.00144188
198.8 0.995639 1.19891 0.574182 0.00115535 0.00449049 0.000951315
198.82 0.995693 1.19911 0.574205 0.00135279 0.00479409 0.000579056
198.84 0.995766 1.1993 0.574222 0.00180562 0.00487685 0.000415353
198.86 0.995853 1.19949 0.574238 0.00219445 0.00475276 0.000419728
198.88 0.995946 1.19967 0.574259 0.00231339 0.00446652 0.000521487
198.9 0.996034 1.19983 0.574287 0.00220891 0.00406885 0.000683166
198.92 0.996119 1.19998 0.574322 0.00210954 0.00363173 0.000888664
198.94 0.996207 1.20011 0.574366 0.00221651 0.0032833 0.00109902
198.96 0.996309 1.20024 0.574415 0.0025362 0.00317239 0.00122452
198.98 0.996423 1.20037 0.574462 0.00286313 0.00334795 0.00116348
199 0.996541 1.20052 0.574497 0.00294062 0.00369465 0.000889747
199.02 0.996649 1.20068 0.574518 0.00270242 0.00400952 0.000506937
199.04 0.996744 1.20084 0.574525 0.00236557 0.00414115 0.000196776
199.06 0.996833 1.20101 0.574529 0.00222493 0.00406479 9.23506e-05
199.08 0.996926 1.20116 0.574536 0.00233394 0.0038442 0.000176436
199.1 0.997023 1.2013 0.574548 0.00242849 0.00353142 0.000293479
199.12 0.99711 1.20143 0.574559 0.00217892 0.003116 0.000267022
199.14 0.99717 1.20153 0.574559 0.00149989 0.00259291 1.65953e-05
199.16 0.997196 1.20161 0.574544 0.000651473 0.00206826 -0.000390881
199.18 0.9972 1.20168 0.574513 8.86682e-05 0.00175774 -0.000773456
199.2 0.997207 1.20176 0.574475 0.000179829 0.00184734 -0.000932416
199.22 0.997246 1.20185 0.574444 0.00096294 0.0023475 -0.000781517
199.24 0.997329 1.20197 0.574427 0.00207976 0.0030564 -0.000428627
199.26 0.997446 1.20212 0.574422 0.00294075 0.0036263 -0.000115214
199.28 0.997568 1.20227 0.574421 0.00304977 0.00373511 -2.97137e-05
199.3 0.99766 1.2024 0.574415 0.0022934 0.00331085 -0.00015869
199.32 0.997701 1.2025 0.574402 0.00100963 0.00260738 -0.00031382
199.34 0.997692 1.20259 0.57439 -0.000224003 0.00201567 -0.000305802
199.36 0.997654 1.20266 0.574386 -0.000941488 0.00178913 -9.92295e-05
199.38 0.997613 1.20273 0.574393 -0.00101285 0.00194256 0.000169877
199.4 0.997589 1.20283 0.574405 -0.000612354 0.00233831 0.000305562
199.42 0.997588 1.20294 0.574413 -2.64759e-05 0.00280988 0.00019844
199.44 0.997609 1.20307 0.574409 0.000529169 0.00323033 -0.000103741
199.46 0.997649 1.20321 0.574392 0.000987447 0.00353893 -0.000429116
199.48 0.997704 1.20336 0.574369 0.00138188 0.00372992 -0.000567143
199.5 0.997773 1.20351 0.574355 0.00172995 0.00379879 -0.000359862
199.52 0.997851 1.20366 0.574363 0.00195531 0.0037243 0.000221127
199.54 0.997929 1.2038 0.574405 0.0019353 0.00352721 0.00103145
199.56 0.997994 1.20393 0.574476 0.00163733 0.00331337 0.0017926
199.58 0.998043 1.20406 0.574565 0.00121274 0.00320937 0.00220314
199.6 0.998081 1.20419 0.574648 0.000952456 0.00324868 0.00207671
199.62 0.998126 1.20433 0.574706 0.00112194 0.00335709 0.00145546
199.64 0.998197 1.20447 0.574731 0.00177257 0.00346396 0.000617542
199.66 0.998303 1.20461 0.574728 0.00265184 0.00357726 -5.15746e-05
199.68 0.998435 1.20476 0.574719 0.00331602 0.00373843 -0.000248726
199.7 0.998571 1.20492 0.574722 0.0033979 0.00393766 8.74771e-05
199.72 0.998685 1.20508 0.574751 0.00285579 0.00408254 0.000730929
199.74 0.998767 1.20524 0.574803 0.00203742 0.00404484 0.00129136
199.76 0.998827 1.20539 0.574861 0.0014916 0.00375991 0.0014465
199.78 0.998891 1.20552 0.574906 0.00162162 0.00331749 0.00112823
199.8 0.998988 1.20564 0.574927 0.00240489 0.00293619 0.00051665
199.82 0.999123 1.20575 0.574922 0.00338736 0.00280334 -0.00011872
199.84 0.999282 1.20587 0.574899 0.00397446 0.00292208 -0.00056244
199.86 0.999436 1.206 0.574871 0.0038386 0.0031189 -0.000697194
199.88 0.999562 1.20612 0.574852 0.00315141 0.00320597 -0.00048134
199.9 0.99966 1.20625 0.574855 0.00244725 0.00312919 5.88099e-05
199.92 0.999749 1.20637 0.574886 0.00224636 0.00298523 0.000789117
199.94 0.999858 1.20649 0.574944 0.00271251 0.00293027 0.00143561
199.96 1 1.20661 0.575009 0.00356823 0.00305091 0.00164424
199.98 1.00017 1.20674 0.575056 0.00429897 0.00327692 0.00116734
