0 0 0 0 0 0 0
0.02 0.00526293 0.00527377 0.0052742 0.131573 0.131844 0.131855
0.04 0.0184192 0.0184587 0.0186852 0.328907 0.329624 0.335275
0.06 0.0332967 0.0333722 0.0345052 0.371937 0.372838 0.3955
0.08 0.0439347 0.0440398 0.0469979 0.265952 0.266688 0.312317
0.1 0.0476508 0.0477661 0.0531742 0.0929023 0.0931586 0.154407
0.12 0.0457876 0.0458876 0.053541 -0.0465808 -0.0469634 0.00916977
0.14 0.0421963 0.042258 0.0509189 -0.0897837 -0.0907392 -0.0655515
0.16 0.0406647 0.0406747 0.0484191 -0.0382892 -0.0395827 -0.0624948
0.18 0.0429011 0.0428561 0.0478745 0.0559096 0.0545359 -0.0136148
0.2 0.0481683 0.0480719 0.0494735 0.131681 0.130394 0.039975
0.22 0.0544435 0.0543027 0.0524205 0.156879 0.155769 0.0736751
0.24 0.0599837 0.05981 0.0558311 0.138504 0.137683 0.0852654
0.26 0.0641906 0.0640026 0.0591821 0.105174 0.104814 0.0837749
0.28 0.0674492 0.0672707 0.0622233 0.0814646 0.0817035 0.0760286
0.3 0.0703908 0.070243 0.0647243 0.0735395 0.0743075 0.0625256
0.32 0.0732838 0.0731736 0.0664341 0.0723267 0.0732641 0.0427437
0.34 0.0759562 0.0758681 0.0672908 0.0668096 0.0673626 0.021419
0.36 0.0781373 0.0780362 0.0676115 0.0545274 0.0542038 0.00801762
0.38 0.0798043 0.0796495 0.0679795 0.0416742 0.0403331 0.00919926
0.4 0.0812168 0.0809815 0.0688298 0.0353122 0.0332988 0.0212568
0.42 0.0826621 0.0823462 0.0700405 0.0361324 0.034119 0.0302693
0.44 0.0841825 0.0838114 0.070892 0.0380114 0.0366299 0.0212863
0.46 0.085537 0.0851476 0.0704836 0.0338617 0.0334043 -0.0102094
0.48 0.0864253 0.0860505 0.0683393 0.0222074 0.0225713 -0.0536072
0.5 0.0867825 0.0864412 0.0647815 0.00893042 0.00976719 -0.0889452
0.52 0.0868969 0.086592 0.06082 0.00286035 0.00377179 -0.0990369
0.54 0.0872471 0.0869693 0.0576317 0.00875569 0.00943265 -0.0797093
0.56 0.088175 0.0879088 0.0559633 0.0231972 0.0234855 -0.0417089
0.58 0.0896384 0.0893681 0.0558147 0.036583 0.0364845 -0.00371533
0.6 0.0912224 0.0909372 0.0565449 0.0396021 0.0392262 0.0182561
0.62 0.0923918 0.0920866 0.0572709 0.0292334 0.0287356 0.0181482
0.64 0.0927998 0.0924761 0.0572864 0.0102008 0.00973645 0.000389193
0.66 0.0924645 0.0921287 0.0562975 -0.00838342 -0.00868356 -0.0247237
0.68 0.0917319 0.0913947 0.054432 -0.018315 -0.0183515 -0.0466378
0.7 0.091081 0.0907558 0.0521071 -0.0162712 -0.0159704 -0.0581226
0.72 0.0908891 0.0905916 0.0498519 -0.00479763 -0.00410553 -0.0563783
0.74 0.0912694 0.0910161 0.048141 0.00950791 0.0106129 -0.0427731
0.76 0.0920419 0.0918471 0.0472575 0.019311 0.0207747 -0.0220869
0.78 0.0928333 0.0927041 0.0472087 0.0197847 0.0214254 -0.00122134
0.8 0.093255 0.0931861 0.0477285 0.0105441 0.0120488 0.0129953
0.82 0.0930814 0.0930529 0.0483924 -0.00434083 -0.00332873 0.0165989
0.84 0.0923528 0.0923356 0.0488133 -0.0182152 -0.0179337 0.0105212
0.86 0.0913556 0.091322 0.0488255 -0.0249287 -0.0253391 0.000304786
0.88 0.0904805 0.0904167 0.0485532 -0.021878 -0.0226329 -0.00680617
0.9 0.0900226 0.0899348 0.0483198 -0.0114471 -0.0120477 -0.00583515
0.92 0.0900291 0.0899389 0.0484554 0.000160815 0.000101755 0.00338912
0.94 0.0902813 0.0902134 0.0491229 0.00630501 0.00686414 0.0166888
0.96 0.0904263 0.0903959 0.0502605 0.00362483 0.00456125 0.0284378
0.98 0.0901792 0.0901858 0.0516523 -0.00617659 -0.0052516 0.0347959
1 0.0894748 0.0895054 0.0530627 -0.01761 -0.01701 0.0352604
1.02 0.0884786 0.0885166 0.0543411 -0.0249053 -0.0247219 0.0319604
1.04 0.0874601 0.087494 0.0554494 -0.0254614 -0.0255637 0.0277079
1.06 0.086618 0.0866452 0.0564253 -0.0210534 -0.0212208 0.0243967
1.08 0.0859685 0.0859926 0.0573306 -0.0162383 -0.0163151 0.0226322
1.1 0.0853572 0.0853833 0.0582212 -0.0152816 -0.015231 0.0222656
1.12 0.0845696 0.0846017 0.0591375 -0.019691 -0.0195412 0.0229075
1.14 0.0834591 0.0835003 0.0600935 -0.0277603 -0.0275339 0.0238999
1.16 0.0820164 0.0820691 0.0610555 -0.0360696 -0.0357802 0.0240494
1.18 0.0803484 0.0804128 0.061927 -0.0416989 -0.0414071 0.0217878
1.2 0.0786022 0.0786731 0.062568 -0.0436547 -0.043494 0.016026
1.22 0.0768908 0.0769576 0.0628559 -0.0427861 -0.0428876 0.00719619
1.24 0.0752643 0.0753165 0.0627579 -0.0406622 -0.0410269 -0.00244925
1.26 0.0737244 0.073759 0.0623646 -0.0384968 -0.0389383 -0.00983303
1.28 0.0722509 0.0722767 0.0618497 -0.0368383 -0.0370567 -0.0128726
1.3 0.0708161 0.0708517 0.0613752 -0.0358701 -0.0356256 -0.0118624
1.32 0.0693886 0.0694529 0.0610012 -0.0356867 -0.0349691 -0.00934876
1.34 0.0679422 0.0680438 0.0606611 -0.0361599 -0.0352279 -0.00850336
1.36 0.0664782 0.0666101 0.0602172 -0.0366005 -0.0358412 -0.0110978
1.38 0.0650488 0.0651925 0.0595588 -0.0357357 -0.0354405 -0.01646
1.4 0.0637564 0.0638914 0.0586758 -0.0323085 -0.032527 -0.0220749
1.42 0.0627157 0.0628287 0.0576632 -0.0260187 -0.0265676 -0.0253151
1.44 0.061993 0.0620825 0.0566617 -0.0180665 -0.0186567 -0.0250384
1.46 0.0615642 0.0616381 0.0557814 -0.0107202 -0.0111087 -0.0220078
1.48 0.0613224 0.061393 0.0550595 -0.00604464 -0.00612771 -0.0180454
1.5 0.0611372 0.0612157 0.0544709 -0.00462986 -0.00443255 -0.0147161
1.52 0.0609281 0.0610228 0.0539703 -0.00522874 -0.00482213 -0.0125141
1.54 0.0607055 0.0608224 0.0535317 -0.00556497 -0.0050092 -0.0109656
1.56 0.0605551 0.0606974 0.0531587 -0.00376027 -0.00312692 -0.00932589
1.58 0.0605771 0.0607428 0.0528694 0.000549479 0.00113628 -0.0072314
1.6 0.0608216 0.0610024 0.052675 0.00611299 0.00648871 -0.0048597
1.62 0.0612604 0.0614421 0.0525705 0.0109711 0.0109926 -0.00261238
1.64 0.0618079 0.0619738 0.0525429 0.0136869 0.0132939 -0.000690981
1.66 0.0623709 0.0625062 0.052585 0.0140753 0.0133096 0.00105252
1.68 0.0628936 0.0629881 0.0527011 0.0130671 0.0120463 0.00290165
1.7 0.0633729 0.0634221 0.0528989 0.0119823 0.0108517 0.00494662
1.72 0.0638448 0.0638492 0.0531775 0.0117981 0.0106756 0.00696511
1.74 0.0643572 0.0643193 0.0535216 0.0128088 0.011754 0.00860297
1.76 0.064945 0.0648687 0.053908 0.0146959 0.013735 0.00965792
1.78 0.0656183 0.0655086 0.0543162 0.0168325 0.0159964 0.0102055
1.8 0.066363 0.0662252 0.0547357 0.0186167 0.0179156 0.0104873
1.82 0.0671503 0.0669865 0.0551634 0.0196827 0.0190338 0.0106938
1.84 0.0679491 0.0677537 0.0555968 0.0199716 0.0191793 0.0108334
1.86 0.0687384 0.0684967 0.0560282 0.0197322 0.0185739 0.0107862
1.88 0.0695169 0.0692097 0.0564479 0.0194616 0.0178259 0.010493
1.9 0.0703053 0.0699173 0.0568515 0.0197103 0.0176889 0.0100882
1.92 0.071136 0.0706625 0.0572444 0.0207681 0.0186318 0.00982413
1.94 0.0720332 0.071482 0.0576381 0.0224282 0.0204876 0.0098431
1.96 0.0729947 0.0723811 0.0580392 0.0240399 0.0224769 0.0100256
1.98 0.0739893 0.0733273 0.0584419 0.0248638 0.0236539 0.0100678
2 0.0749705 0.0742674 0.0588313 0.0245296 0.0235025 0.00973528
2.02 0.0759023 0.0751586 0.059195 0.0232961 0.0222805 0.00909323
2.04 0.0767782 0.075992 0.0595354 0.0218963 0.0208348 0.00850875
2.06 0.0776196 0.0767914 0.0598704 0.0210359 0.0199861 0.00837507
2.08 0.0784555 0.0775886 0.0602202 0.020897 0.0199293 0.00874556
2.1 0.0792961 0.0783932 0.060588 0.0210141 0.0201163 0.00919396
2.12 0.0801206 0.0791812 0.0609505 0.0206141 0.0196996 0.00906354
2.14 0.0808863 0.0799079 0.0612677 0.0191423 0.0181662 0.00792934
2.16 0.0815503 0.0805353 0.0615036 0.0166004 0.0156861 0.00589867
2.18 0.0820907 0.0810536 0.0616445 0.0135087 0.0129576 0.00352118
2.2 0.0825126 0.0814813 0.0617003 0.0105481 0.0106913 0.00139515
2.22 0.0828384 0.0818459 0.0616915 0.00814555 0.00911627 -0.000218714
2.24 0.0830907 0.0821614 0.0616319 0.00630726 0.00788566 -0.00149012
2.26 0.083282 0.0824191 0.0615207 0.00478124 0.00644379 -0.00278091
2.28 0.0834157 0.0826004 0.0613487 0.00334288 0.00453227 -0.00430069
2.3 0.0834935 0.0826966 0.0611107 0.00194476 0.00240525 -0.00594966
2.32 0.0835199 0.0827206 0.060812 0.000661154 0.000599476 -0.00746733
2.34 0.0835014 0.0827002 0.0604629 -0.000463033 -0.000508601 -0.00872627
2.36 0.0834413 0.0826609 0.0600678 -0.00150184 -0.000983922 -0.0098769
2.38 0.0833382 0.0826108 0.0596198 -0.0025775 -0.00125176 -0.0112014
2.4 0.0831908 0.082541 0.0591073 -0.00368558 -0.00174416 -0.0128131
2.42 0.0830063 0.0824385 0.0585282 -0.00461183 -0.00256374 -0.0144764
2.44 0.082804 0.0823017 0.0579002 -0.00505904 -0.00341922 -0.0156993
2.46 0.0826087 0.0821474 0.0572592 -0.00488179 -0.00385712 -0.0160251
2.48 0.0824392 0.0820031 0.0566464 -0.00423699 -0.00360859 -0.0153202
2.5 0.0822981 0.0818915 0.0560925 -0.0035279 -0.00279067 -0.013848
2.52 0.0821719 0.0818182 0.0556098 -0.00315398 -0.00183135 -0.0120676
2.54 0.0820425 0.0817701 0.0551972 -0.00323653 -0.00120183 -0.0103161
2.56 0.0819005 0.0817243 0.054852 -0.00354932 -0.00114681 -0.00862766
2.58 0.0817512 0.0816609 0.0545795 -0.00373162 -0.00158481 -0.00681352
2.6 0.0816076 0.0815719 0.054392 -0.00359082 -0.00222451 -0.00468871
2.62 0.0814782 0.0814604 0.0543023 -0.00323407 -0.00278802 -0.00224228
2.64 0.0813601 0.0813341 0.0543166 -0.00295308 -0.0031575 0.000358521
2.66 0.0812407 0.0811995 0.0544324 -0.00298658 -0.00336508 0.00289441
2.68 0.0811069 0.0810598 0.0546419 -0.00334485 -0.00349281 0.00523908
2.7 0.0809545 0.0809165 0.0549383 -0.00380972 -0.00358218 0.00740967
2.72 0.0807906 0.0807721 0.0553174 -0.00409793 -0.00361031 0.00947735
2.74 0.0806278 0.0806302 0.0557746 -0.00406812 -0.00354534 0.0114289
2.76 0.0804749 0.0804932 0.0562993 -0.00382227 -0.00342744 0.0131173
2.78 0.08033 0.0803581 0.056873 -0.00362422 -0.00337725 0.0143432
2.8 0.0801825 0.0802177 0.0574728 -0.00368664 -0.00350852 0.0149956
2.82 0.0800227 0.0800642 0.0580783 -0.00399398 -0.00383907 0.0151369
2.84 0.0798505 0.079893 0.058677 -0.00430638 -0.00427851 0.0149675
2.86 0.0796769 0.0797063 0.059265 -0.00434105 -0.00466673 0.0147004
2.88 0.0795177 0.0795135 0.0598427 -0.00397772 -0.00482209 0.0144418
2.9 0.0793846 0.0793291 0.0604084 -0.00332764 -0.0046081 0.0141426
2.92 0.0792788 0.0791685 0.0609538 -0.0026449 -0.00401646 0.0136352
2.94 0.0791923 0.0790401 0.0614635 -0.00216431 -0.0032095 0.0127428
2.96 0.0791131 0.0789414 0.0619197 -0.00197973 -0.00246719 0.011406
2.98 0.0790316 0.0788594 0.0623095 -0.00203619 -0.0020503 0.00974393
3 0.0789429 0.0787771 0.0626296 -0.00221804 -0.00205776 0.0080019
3.02 0.0788451 0.078682 0.0628863 -0.00244443 -0.00237846 0.00641905
3.04 0.0787375 0.0785707 0.0630902 -0.00269181 -0.00278068 0.00509774
3.06 0.0786194 0.0784477 0.0632482 -0.00295216 -0.00307659 0.0039484
3.08 0.0784917 0.0783178 0.063358 -0.00319124 -0.00324716 0.00274644
3.1 0.078357 0.0781798 0.0634087 -0.00336732 -0.00345054 0.00126708
3.12 0.078217 0.0780236 0.0633854 -0.00350156 -0.00390363 -0.000583185
3.14 0.0780686 0.0778353 0.0632769 -0.00371038 -0.00470791 -0.00271183
3.16 0.0779026 0.0776052 0.0630818 -0.00414899 -0.00575207 -0.00487856
3.18 0.0777064 0.0773347 0.06281 -0.00490482 -0.00676238 -0.00679498
3.2 0.0774698 0.0770362 0.0624801 -0.00591488 -0.00746373 -0.00824647
3.22 0.077191 0.0767264 0.0621129 -0.00696909 -0.00774429 -0.00917995
3.24 0.0768786 0.076418 0.0617249 -0.00781228 -0.00770981 -0.00970087
3.26 0.0765472 0.076114 0.0613255 -0.00828297 -0.00760077 -0.00998483
3.28 0.0762113 0.0758081 0.0609184 -0.00839751 -0.00764605 -0.010177
3.3 0.0758784 0.07549 0.0605045 -0.00832276 -0.00795355 -0.0103481
3.32 0.0755486 0.0751509 0.0600843 -0.00824584 -0.00847621 -0.010505
3.34 0.0752196 0.0747891 0.0596594 -0.00822352 -0.00904506 -0.0106227
3.36 0.0748942 0.0744119 0.0592331 -0.00813743 -0.00943105 -0.0106575
3.38 0.0745823 0.0740359 0.0588116 -0.00779511 -0.00940029 -0.0105374
3.4 0.0742986 0.0736847 0.0584053 -0.00709384 -0.0087794 -0.0101568
3.42 0.0740535 0.0733829 0.0580293 -0.00612735 -0.00754565 -0.00940098
3.44 0.0738483 0.0731476 0.0577008 -0.00512909 -0.00588299 -0.00821305
3.46 0.0736771 0.0729822 0.0574344 -0.00428096 -0.00413479 -0.00665927
3.48 0.0735347 0.072876 0.0572374 -0.00356105 -0.0026537 -0.00492527
3.5 0.0734241 0.0728112 0.0571086 -0.00276301 -0.00162018 -0.00321974
3.52 0.0733577 0.0727736 0.0570423 -0.00166153 -0.000939514 -0.00165671
3.54 0.0733506 0.0727616 0.0570338 -0.000177503 -0.000301194 -0.000213522
3.56 0.0734133 0.0727865 0.0570827 0.00156764 0.000623185 0.00122355
3.58 0.0735462 0.0728657 0.0571937 0.00332336 0.00198088 0.00277415
3.6 0.0737404 0.0730125 0.0573732 0.00485498 0.00366995 0.00448739
3.62 0.073983 0.0732293 0.0576254 0.00606409 0.00541938 0.00630543
3.64 0.0742636 0.0735075 0.0579488 0.00701459 0.0069536 0.00808438
3.66 0.0745779 0.0738332 0.0583351 0.00785878 0.00814331 0.00965797
3.68 0.0749267 0.0741953 0.058771 0.00872075 0.00905215 0.010898
3.7 0.0753116 0.0745889 0.0592402 0.00962256 0.00984142 0.011731
3.72 0.0757311 0.0750133 0.0597255 0.0104871 0.0106086 0.0121311
3.74 0.0761792 0.0754654 0.0602104 0.0112007 0.0113026 0.012123
3.76 0.0766464 0.0759367 0.0606819 0.0116803 0.0117826 0.0117862
3.78 0.0771221 0.0764147 0.0611316 0.0118932 0.0119512 0.0112441
3.8 0.0775955 0.0768881 0.0615573 0.0118353 0.0118346 0.0106414
3.82 0.078056 0.0773499 0.0619618 0.0115119 0.0115442 0.0101126
3.84 0.0784939 0.0777967 0.0623512 0.010947 0.0111701 0.00973464
3.86 0.078902 0.0782248 0.0627299 0.0102036 0.0107019 0.00946833
3.88 0.0792774 0.0786264 0.0630951 0.00938582 0.0100415 0.00913041
3.9 0.0796217 0.0789906 0.0634327 0.00860715 0.00910532 0.00844019
3.92 0.0799382 0.0793083 0.0637185 0.00791115 0.0079417 0.00714456
3.94 0.0802263 0.0795785 0.0639251 0.00720311 0.00675517 0.00516422
3.96 0.0804779 0.0798101 0.0640321 0.00629122 0.00578984 0.002676
3.98 0.0806797 0.0800157 0.0640352 0.00504353 0.0051397 7.67039e-05
4 0.0808207 0.0802017 0.0639484 0.00352603 0.00464888 -0.00216957
4.02 0.0809002 0.0803616 0.0637985 0.00198747 0.00399795 -0.00374799
4.04 0.0809286 0.0804783 0.0636118 0.000708442 0.0029178 -0.00466751
4.06 0.080922 0.080534 0.0634013 -0.000163024 0.00139392 -0.0052619
4.08 0.0808949 0.0805231 0.0631622 -0.000678873 -0.000274219 -0.00597883
4.1 0.0808537 0.0804583 0.0628786 -0.00102993 -0.00161807 -0.00708886
4.12 0.0807973 0.0803678 0.0625384 -0.0014085 -0.00226393 -0.00850596
4.14 0.0807218 0.0802818 0.062145 -0.00188843 -0.00214958 -0.009834
4.16 0.0806262 0.0802196 0.0617205 -0.00238969 -0.00155535 -0.0106128
4.18 0.080517 0.0801822 0.0612964 -0.00273082 -0.000934805 -0.0106019
4.2 0.0804077 0.0801559 0.0609002 -0.0027333 -0.000657238 -0.00990558
4.22 0.0803154 0.0801237 0.0605456 -0.00230767 -0.000806028 -0.0088644
4.24 0.0802563 0.0800778 0.0602329 -0.0014765 -0.00114673 -0.00781903
4.26 0.0802421 0.0800264 0.0599562 -0.000354475 -0.00128499 -0.00691529
4.28 0.0802776 0.0799902 0.0597137 0.000888181 -0.000904384 -0.00606403
4.3 0.0803606 0.0799927 0.0595119 0.00207439 6.27426e-05 -0.00504508
4.32 0.0804836 0.0800495 0.0593656 0.00307433 0.00142009 -0.00365613
4.34 0.0806371 0.0801628 0.0592926 0.00383754 0.00283057 -0.00182635
4.36 0.080813 0.0803223 0.0593059 0.00439732 0.00398845 0.000333419
4.38 0.0810072 0.0805125 0.0594081 0.00485636 0.00475541 0.00255382
4.4 0.081221 0.0807206 0.0595885 0.0053437 0.00520102 0.00451194
4.42 0.0814591 0.0809418 0.0598279 0.00595218 0.00553007 0.00598396
4.44 0.0817266 0.0811796 0.0601061 0.00668715 0.00594593 0.00695612
4.46 0.0820247 0.0814407 0.0604109 0.00745478 0.00652818 0.00761784
4.48 0.0823481 0.081728 0.0607405 0.00808499 0.00718082 0.00824117
4.5 0.0826836 0.0820349 0.0611013 0.00838532 0.00767252 0.00901905
4.52 0.0830125 0.0823451 0.0614991 0.00822352 0.00775529 0.00994481
4.54 0.0833166 0.082637 0.0619309 0.0076025 0.00729738 0.0107961
4.56 0.0835835 0.0828914 0.062381 0.00667311 0.00636016 0.0112527
4.58 0.08381 0.0830989 0.0628246 0.00566306 0.00518747 0.0110898
4.6 0.0840006 0.0832628 0.0632368 0.00476405 0.00409904 0.0103052
4.62 0.0841628 0.0833957 0.0636008 0.00405509 0.00332281 0.00910045
4.64 0.0843025 0.0835103 0.0639107 0.00349245 0.00286517 0.00774673
4.66 0.0844202 0.0836109 0.0641679 0.00294299 0.00251412 0.00643049
4.68 0.0845099 0.0836901 0.0643751 0.00224129 0.00197947 0.0051802
4.7 0.0845601 0.0837326 0.0645318 0.00125602 0.00106264 0.00391585
4.72 0.0845582 0.0837224 0.0646346 -4.92964e-05 -0.000254267 0.00257082
4.74 0.0844945 0.0836498 0.0646824 -0.00159076 -0.00181658 0.00119605
4.76 0.0843672 0.0835154 0.0646813 -0.00318272 -0.00335969 -2.8287e-05
4.78 0.0841837 0.0833311 0.0646447 -0.00458667 -0.00460774 -0.000914263
4.8 0.0839602 0.0831154 0.0645876 -0.00558956 -0.00539169 -0.00142885
4.82 0.083716 0.0828859 0.0645175 -0.0061029 -0.00573771 -0.00175256
4.84 0.083467 0.0826518 0.0644306 -0.00622528 -0.00585211 -0.00217227
4.86 0.0832187 0.0824116 0.0643153 -0.00620813 -0.0060054 -0.00288162
4.88 0.0829657 0.0821556 0.0641621 -0.00632615 -0.00639979 -0.00383184
4.9 0.0826964 0.0818722 0.0639725 -0.00673281 -0.00708487 -0.00473861
4.92 0.0824007 0.0815547 0.0637623 -0.00739227 -0.00793821 -0.00525624
4.94 0.082076 0.0812059 0.0635536 -0.00811612 -0.00871951 -0.00521698
4.96 0.0817288 0.0808382 0.0633632 -0.00867974 -0.00919153 -0.00475977
4.98 0.0813707 0.0804686 0.0631936 -0.00895334 -0.00924053 -0.00424012
5 0.0810122 0.0801123 0.0630343 -0.00896197 -0.00890901 -0.00398327
5.02 0.0806589 0.079779 0.0628716 -0.00883355 -0.00833067 -0.00406566
5.04 0.0803117 0.0794731 0.0627002 -0.00868032 -0.00764922 -0.00428466
5.06 0.0799713 0.0791935 0.0625274 -0.00850928 -0.0069881 -0.00431997
5.08 0.0796422 0.0789352 0.0623694 -0.00822611 -0.00645737 -0.00395215
5.1 0.0793335 0.0786894 0.0622414 -0.00771866 -0.00614715 -0.00319984
5.12 0.0790552 0.0784463 0.0621495 -0.00695707 -0.00607676 -0.00229644
5.14 0.078814 0.078201 0.0620887 -0.00602961 -0.00613084 -0.00152096
5.16 0.0786106 0.0779585 0.0620485 -0.00508657 -0.00606298 -0.00100503
5.18 0.0784407 0.0777345 0.0620222 -0.00424628 -0.00560062 -0.000657177
5.2 0.0782991 0.0775498 0.0620117 -0.00354102 -0.00461644 -0.000262982
5.22 0.078182 0.0774198 0.0620245 -0.00292711 -0.00325081 0.000321518
5.24 0.0780884 0.0773452 0.0620665 -0.00233864 -0.00186543 0.00104883
5.26 0.0780191 0.0773123 0.0621359 -0.00173297 -0.000823452 0.00173611
5.28 0.0779757 0.0773021 0.0622258 -0.00108449 -0.000254018 0.00224604
5.3 0.077962 0.077303 0.0623305 -0.000342581 2.36711e-05 0.00261894
5.32 0.0779854 0.0773182 0.0624518 0.000585099 0.000377853 0.00303306
5.34 0.0780562 0.0773631 0.0625971 0.00176818 0.0011229 0.00363209
5.36 0.078182 0.0774552 0.0627719 0.00314637 0.00230427 0.00436833
5.38 0.0783612 0.0776009 0.0629718 0.00447912 0.00364235 0.00499881
5.4 0.0785776 0.0777888 0.0631821 0.00541097 0.00469532 0.00525604
5.42 0.0788037 0.0779947 0.0633848 0.00565043 0.00514797 0.00506859
5.44 0.0790105 0.0781953 0.0635709 0.00517001 0.00501608 0.00465151
5.46 0.0791816 0.0783802 0.0637459 0.0042798 0.00462151 0.0043764
5.48 0.0793213 0.0785549 0.0639261 0.00349167 0.0043688 0.00450489
5.5 0.0794512 0.0787347 0.0641258 0.00324635 0.0044951 0.00499208
5.52 0.0795982 0.0789329 0.0643463 0.0036765 0.00495304 0.00551298
5.54 0.07978 0.0791519 0.0645733 0.00454396 0.00547692 0.00567582
5.56 0.0799954 0.0793823 0.0647839 0.0053861 0.00575907 0.005263
5.58 0.0802269 0.0796072 0.0649577 0.00578677 0.00562225 0.00434508
5.6 0.0804508 0.0798114 0.065086 0.00559836 0.00510437 0.0032091
5.62 0.0806503 0.079988 0.0651731 0.0049856 0.00441656 0.00217551
5.64 0.0808216 0.0801405 0.0652306 0.00428305 0.0038128 0.00143855
5.66 0.080973 0.0802793 0.0652716 0.00378652 0.00346967 0.00102644
5.68 0.0811171 0.0804164 0.065306 0.00360269 0.00342772 0.000859835
5.7 0.0812622 0.08056 0.0653391 0.00362724 0.0035895 0.000825754
5.72 0.081408 0.0807107 0.0653715 0.00364306 0.00376741 0.000811347
5.74 0.0815471 0.0808619 0.0653994 0.00347742 0.00378098 0.000697705
5.76 0.081672 0.0810047 0.0654138 0.00312311 0.0035677 0.000358029
5.78 0.0817813 0.0811335 0.0654019 0.00273213 0.00322215 -0.000296103
5.8 0.0818813 0.0812506 0.0653531 0.00250133 0.00292757 -0.00121934
5.82 0.0819832 0.0813641 0.0652658 0.00254666 0.00283617 -0.00218395
5.84 0.0820967 0.0814831 0.0651509 0.00283904 0.00297529 -0.00287263
5.86 0.0822258 0.0816121 0.0650281 0.00322586 0.00322471 -0.00306945
5.88 0.0823666 0.0817478 0.0649158 0.00352044 0.00339377 -0.0028086
5.9 0.0825105 0.0818824 0.0648211 0.00359692 0.00336392 -0.00236695
5.92 0.0826481 0.0820096 0.0647372 0.00343964 0.00318036 -0.00209802
5.94 0.0827736 0.08213 0.0646486 0.00313763 0.00300859 -0.00221497
5.96 0.0828874 0.0822503 0.0645428 0.00284617 0.00300829 -0.00264495
5.98 0.0829967 0.0823797 0.0644207 0.00273169 0.0032345 -0.00305096
6 0.0831128 0.082524 0.064299 0.00290423 0.0036086 -0.00304193
6.02 0.0832472 0.0826826 0.0642017 0.00335788 0.00396501 -0.00243296
6.04 0.0834054 0.0828493 0.0641467 0.00395489 0.00416791 -0.00137451
6.06 0.0835846 0.0830178 0.0641359 0.00448106 0.00421156 -0.000270705
6.08 0.0837754 0.083186 0.0641543 0.00476928 0.00420503 0.000459282
6.1 0.0839679 0.0833562 0.0641794 0.0048136 0.00425554 0.000628263
6.12 0.0841586 0.0835306 0.0641944 0.00476665 0.00435939 0.00037561
6.14 0.0843511 0.0837063 0.0641965 0.00481393 0.00439302 5.06557e-05
6.16 0.0845518 0.0838747 0.0641957 0.00501663 0.00420912 -1.82839e-05
6.18 0.0847612 0.0840254 0.064208 0.00523443 0.00376747 0.000306936
6.2 0.0849688 0.0841534 0.0642467 0.0051905 0.00320106 0.000967152
6.22 0.085155 0.0842635 0.0643189 0.00465381 0.00275175 0.00180456
6.24 0.0853004 0.0843676 0.064425 0.00363507 0.00260178 0.00265192
6.26 0.0853982 0.0844763 0.0645598 0.00244486 0.00271974 0.00337111
6.28 0.0854599 0.0845903 0.0647146 0.00154358 0.00284948 0.0038698
6.3 0.0855104 0.0846971 0.0648788 0.00126258 0.00267038 0.00410603
6.32 0.0855734 0.084778 0.0650421 0.00157552 0.00202249 0.00408177
6.34 0.0856569 0.0848192 0.0651959 0.00208605 0.0010302 0.00384492
6.36 0.0857473 0.0848204 0.0653359 0.00226035 2.92614e-05 0.00349945
6.38 0.0858173 0.0847944 0.0654636 0.00175028 -0.000649288 0.00319346
6.4 0.0858409 0.0847586 0.0655859 0.000591556 -0.000895265 0.00305776
6.42 0.0858072 0.0847233 0.0657112 -0.000844876 -0.00088252 0.00313255
6.44 0.0857232 0.0846863 0.0658453 -0.0020978 -0.00092692 0.00335231
6.46 0.085608 0.0846358 0.0659892 -0.00288085 -0.0012606 0.00359674
6.48 0.0854802 0.0845605 0.0661397 -0.00319482 -0.00188416 0.00376173
6.5 0.0853505 0.0844571 0.0662917 -0.00324175 -0.00258384 0.00380136
6.52 0.0852207 0.084333 0.0664406 -0.00324579 -0.00310161 0.00372261
6.54 0.0850877 0.0841998 0.0665824 -0.00332411 -0.00333008 0.00354458
6.56 0.0849488 0.0840648 0.066713 -0.00347494 -0.00337716 0.0032643
6.58 0.0848028 0.0839267 0.0668275 -0.00364987 -0.00345268 0.00286179
6.6 0.0846499 0.0837792 0.0669207 -0.00382219 -0.00368592 0.00233121
6.62 0.0844903 0.083618 0.066989 -0.00399043 -0.00402938 0.0017076
6.64 0.0843246 0.0834458 0.0670314 -0.00414178 -0.00430493 0.00105941
6.66 0.0841548 0.0832719 0.0670493 -0.0042443 -0.004349 0.000447509
6.68 0.0839831 0.0831056 0.0670445 -0.0042934 -0.00415816 -0.000118896
6.7 0.0838091 0.082949 0.0670173 -0.00434832 -0.00391446 -0.000679995
6.72 0.0836295 0.0827948 0.066967 -0.00449047 -0.0038547 -0.00125722
6.74 0.0834403 0.0826313 0.0668958 -0.00473017 -0.00408674 -0.00178122
6.76 0.0832424 0.0824515 0.0668112 -0.00494762 -0.00449596 -0.00211343
6.78 0.0830451 0.0822593 0.0667241 -0.00493166 -0.00480574 -0.00217777
6.8 0.0828644 0.0820691 0.0666408 -0.00451851 -0.00475283 -0.00208452
6.82 0.0827148 0.0818986 0.0665569 -0.00373913 -0.00426413 -0.00209712
6.84 0.082601 0.0817579 0.066459 -0.00284502 -0.00351727 -0.00244642
6.86 0.0825142 0.0816447 0.0663331 -0.00217056 -0.00282918 -0.00314775
6.88 0.0824376 0.081547 0.0661748 -0.00191624 -0.00244323 -0.00395779
6.9 0.0823571 0.0814519 0.065995 -0.00201052 -0.00237681 -0.00449521
6.92 0.0822705 0.0813545 0.0658169 -0.00216705 -0.00243508 -0.00445295
6.94 0.0821868 0.0812601 0.0656664 -0.00209276 -0.00235997 -0.0037622
6.96 0.0821196 0.0811801 0.0655622 -0.00167899 -0.00199983 -0.0026052
6.98 0.0820779 0.0811244 0.0655106 -0.00104147 -0.00139391 -0.00128884
7 0.0820618 0.081095 0.0655073 -0.000402951 -0.000732948 -8.35337e-05
7.02 0.082065 0.081086 0.0655421 8.02616e-05 -0.00022525 0.000869658
7.04 0.0820818 0.0810877 0.0656041 0.000420038 4.0673e-05 0.00155078
7.06 0.0821118 0.081093 0.0656839 0.000748616 0.000133957 0.00199623
7.08 0.0821583 0.0811014 0.065774 0.00116322 0.000210218 0.00225089
7.1 0.0822229 0.0811176 0.0658687 0.00161422 0.000404181 0.00236871
7.12 0.0823005 0.0811477 0.0659666 0.00194024 0.000752479 0.00244664
7.14 0.082381 0.0811951 0.0660722 0.00201177 0.00118444 0.00264112
7.16 0.0824548 0.0812586 0.0661971 0.00184737 0.00158861 0.00312254
7.18 0.0825193 0.0813347 0.0663559 0.00161127 0.00190253 0.00397022
7.2 0.0825796 0.0814204 0.0665585 0.00150859 0.00214251 0.00506359
7.22 0.0826461 0.0815148 0.0668011 0.00166226 0.00235982 0.00606435
7.24 0.0827284 0.0816187 0.0670633 0.00205685 0.00259655 0.006557
7.26 0.0828315 0.0817335 0.0673149 0.00257654 0.00287027 0.00628964
7.28 0.0829551 0.08186 0.0675288 0.00308971 0.00316225 0.00534762
7.3 0.0830954 0.0819971 0.067694 0.00350974 0.00342734 0.0041283
7.32 0.0832477 0.0821423 0.0678186 0.00380535 0.00363131 0.00311612
7.34 0.0834067 0.082293 0.0679227 0.00397565 0.00376814 0.00260287
7.36 0.0835673 0.0824466 0.0680238 0.00401662 0.00383915 0.00252558
7.38 0.0837239 0.0826001 0.0681245 0.00391364 0.0038376 0.0025177
7.4 0.0838706 0.0827508 0.0682108 0.00366773 0.00376629 0.002158
7.42 0.0840037 0.0828971 0.0682615 0.00332671 0.00365955 0.00126697
7.44 0.0841232 0.0830405 0.0682632 0.00298833 0.00358399 4.34034e-05
7.46 0.0842338 0.0831847 0.0682209 0.00276606 0.00360518 -0.0010563
7.48 0.0843433 0.0833341 0.0681567 0.00273628 0.00373509 -0.00160622
7.5 0.0844594 0.0834902 0.0680977 0.00290246 0.0039027 -0.00147439
7.52 0.0845871 0.0836495 0.0680615 0.00319269 0.0039816 -0.000904234
7.54 0.0847265 0.0838043 0.0680467 0.0034854 0.00386912 -0.000372014
7.56 0.0848726 0.0839469 0.0680344 0.00365223 0.00356632 -0.000307742
7.58 0.0850166 0.0840745 0.0680005 0.00359998 0.00319084 -0.000846111
7.6 0.0851489 0.0841909 0.0679302 0.00330664 0.00290795 -0.00175677
7.62 0.0852625 0.0843039 0.0678262 0.00284089 0.00282694 -0.00260127
7.64 0.0853559 0.0844212 0.0677057 0.00233449 0.00293215 -0.00301185
7.66 0.0854329 0.0845449 0.0675901 0.00192551 0.0030927 -0.00289018
7.68 0.0855016 0.084671 0.0674943 0.00171628 0.00315051 -0.00239631
7.7 0.085572 0.0847922 0.0674234 0.0017603 0.00303198 -0.00177116
7.72 0.0856542 0.084904 0.0673772 0.0020551 0.00279503 -0.0011561
7.74 0.0857554 0.0850072 0.0673551 0.00253142 0.00257954 -0.000552603
7.76 0.0858772 0.0851077 0.0673581 0.00304519 0.00251145 7.51856e-05
7.78 0.0860135 0.0852127 0.0673853 0.00340534 0.0026245 0.00067983
7.8 0.0861516 0.0853264 0.06743 0.00345263 0.00284357 0.00111946
7.82 0.0862771 0.0854478 0.067481 0.0031385 0.00303466 0.00127358
7.84 0.0863796 0.0855711 0.0675279 0.00256292 0.00308399 0.00117228
7.86 0.0864578 0.0856891 0.0675683 0.00195527 0.0029484 0.00100967
7.88 0.0865211 0.0857952 0.0676091 0.00158111 0.00265418 0.00102168
7.9 0.086585 0.085886 0.067662 0.00159754 0.00226917 0.00132202
7.92 0.0866628 0.085961 0.0677347 0.00194512 0.00187449 0.00181628
7.94 0.0867576 0.0860227 0.0678249 0.00237099 0.00154215 0.00225505
7.96 0.0868608 0.0860756 0.067921 0.00257966 0.00132215 0.00240273
7.98 0.086957 0.0861251 0.0680099 0.00240511 0.00123728 0.00222286
8 0.0870331 0.086176 0.0680869 0.00190117 0.00127466 0.00192651
8.02 0.0870851 0.086231 0.0681596 0.00130079 0.00137336 0.0018155
8.04 0.0871197 0.0862881 0.0682417 0.000864699 0.00142922 0.00205371
8.06 0.087148 0.0863414 0.0683439 0.000708825 0.0013312 0.00255393
8.08 0.0871772 0.0863821 0.0684656 0.000729713 0.00101859 0.00304246
8.1 0.087205 0.0864029 0.068595 0.00069382 0.000519313 0.00323608
8.12 0.0872225 0.0864002 0.068716 0.000437251 -6.64862e-05 0.00302373
8.14 0.0872227 0.0863755 0.0688178 5.67824e-06 -0.000617526 0.00254524
8.16 0.0872074 0.086334 0.0689017 -0.000382715 -0.00103764 0.00209936
8.18 0.0871869 0.0862825 0.0689789 -0.000512144 -0.00128905 0.00192973
8.2 0.0871728 0.0862265 0.0690611 -0.00035129 -0.00140069 0.0020548
8.22 0.0871686 0.0861688 0.0691523 -0.00010656 -0.00144038 0.00227807
8.24 0.087165 0.0861098 0.0692464 -9.03467e-05 -0.0014759 0.00235369
8.26 0.0871456 0.0860477 0.069333 -0.000485167 -0.00155333 0.002164
8.28 0.0870978 0.0859793 0.0694042 -0.00119459 -0.00170827 0.0017802
8.3 0.0870219 0.0859001 0.0694597 -0.00189652 -0.00198135 0.00138827
8.32 0.0869316 0.0858039 0.0695056 -0.00225879 -0.00240543 0.00114702
8.34 0.086845 0.0856856 0.0695486 -0.00216297 -0.00295696 0.00107553
8.36 0.0867734 0.0855449 0.0695906 -0.00179146 -0.0035162 0.00104917
8.38 0.0867128 0.0853887 0.0696267 -0.00151502 -0.00390547 0.000904408
8.4 0.0866474 0.0852286 0.0696493 -0.0016351 -0.00400218 0.000562742
8.42 0.0865611 0.0850753 0.0696526 -0.00215629 -0.00383381 8.3802e-05
8.44 0.0864499 0.0849324 0.0696373 -0.00277984 -0.00357239 -0.000382756
8.46 0.0863246 0.084795 0.0696094 -0.00313364 -0.00343431 -0.000697788
8.48 0.0862027 0.0846531 0.0695763 -0.0030464 -0.00354715 -0.000827843
8.5 0.0860964 0.084499 0.0695411 -0.00265865 -0.00385436 -0.000878789
8.52 0.0860042 0.0843335 0.0695003 -0.00230472 -0.00413559 -0.00102054
8.54 0.0859137 0.0841675 0.0694469 -0.00226178 -0.00415 -0.00133392
8.56 0.0858121 0.0840157 0.0693786 -0.0025414 -0.00379563 -0.00170819
8.58 0.0856972 0.0838893 0.0693029 -0.00287121 -0.00316069 -0.0018941
8.6 0.0855811 0.0837909 0.0692359 -0.00290252 -0.00245973 -0.00167469
8.62 0.0854817 0.0837141 0.0691944 -0.00248536 -0.00191928 -0.00103652
8.64 0.0854103 0.0836476 0.0691855 -0.0017844 -0.00166203 -0.000222747
8.66 0.0853639 0.0835818 0.0692009 -0.00115962 -0.00164681 0.000386112
8.68 0.0853275 0.0835136 0.0692213 -0.000912028 -0.00170453 0.000508617
8.7 0.0852844 0.083448 0.0692278 -0.00107626 -0.00163848 0.000163667
8.72 0.0852286 0.0833954 0.0692147 -0.0013947 -0.00131667 -0.000327128
8.74 0.0851695 0.0833669 0.0691926 -0.00147713 -0.000712369 -0.000554234
8.76 0.0851276 0.083371 0.0691805 -0.00104957 0.000104073 -0.000301281
8.78 0.085122 0.0834112 0.0691935 -0.000139902 0.00100514 0.000324618
8.8 0.085159 0.083485 0.0692338 0.000926971 0.00184495 0.00100763
8.82 0.0852282 0.0835845 0.0692926 0.00172849 0.0024869 0.00146904
8.84 0.0853081 0.0836981 0.0693584 0.0019974 0.0028394 0.00164609
8.86 0.0853785 0.0838142 0.069426 0.00176024 0.00290367 0.00168892
8.88 0.0854305 0.0839262 0.0694983 0.00129985 0.00279973 0.00180929
8.9 0.0854704 0.0840355 0.0695828 0.000997815 0.00273258 0.00211036
8.92 0.0855165 0.0841517 0.0696839 0.00115328 0.00290463 0.00252741
8.94 0.0855902 0.084288 0.0697998 0.00184151 0.00340784 0.00289966
8.96 0.0857047 0.084454 0.0699232 0.00286306 0.00414994 0.0030844
8.98 0.0858578 0.0846491 0.0700442 0.00382645 0.00487708 0.00302356
9 0.0860318 0.0848616 0.070154 0.00435016 0.00531196 0.00274546
9.02 0.0862028 0.0850747 0.0702472 0.00427674 0.00532858 0.00232989
9.04 0.0863533 0.085276 0.0703223 0.00376255 0.0050328 0.00187696
9.06 0.0864809 0.085464 0.0703822 0.00318999 0.00469882 0.00149977
9.08 0.086599 0.0856478 0.0704347 0.00295094 0.0045944 0.00131144
9.1 0.0867273 0.0858397 0.0704898 0.00320843 0.00479726 0.00137672
9.12 0.0868786 0.0860449 0.0705559 0.00378224 0.00513134 0.00165258
9.14 0.0870494 0.0862561 0.0706354 0.00426993 0.00527966 0.00198922
9.16 0.0872225 0.0864562 0.0707241 0.00432654 0.00500256 0.00221546
9.18 0.0873779 0.0866289 0.0708137 0.00388706 0.00431657 0.0022413
9.2 0.0875051 0.0867694 0.0708978 0.00317892 0.00351224 0.00210257
9.22 0.087607 0.0868885 0.0709742 0.00254824 0.00297907 0.00191038
9.24 0.0876968 0.0870064 0.0710438 0.00224353 0.00294578 0.00173861
9.26 0.087788 0.0871393 0.0711058 0.00228065 0.0033224 0.00155106
9.28 0.0878863 0.0872896 0.0711554 0.00245648 0.00375896 0.00124014
9.3 0.0879867 0.0874445 0.0711851 0.00251206 0.00387157 0.000742894
9.32 0.0880795 0.0875833 0.0711902 0.00231957 0.00346977 0.000125776
9.34 0.088157 0.0876887 0.0711722 0.00193617 0.00263574 -0.00044904
9.36 0.0882174 0.087754 0.0711384 0.00151142 0.00163377 -0.000844706
9.38 0.0882636 0.0877834 0.0710965 0.00115507 0.000734516 -0.0010482
9.4 0.0882984 0.0877867 0.0710502 0.000870395 8.16377e-05 -0.0011579
9.42 0.0883219 0.087774 0.0709993 0.000587327 -0.000317705 -0.00127203
9.44 0.0883321 0.0877535 0.070944 0.000255056 -0.000511979 -0.00138289
9.46 0.0883285 0.087732 0.070889 -9.1328e-05 -0.000537695 -0.00137546
9.48 0.0883147 0.0877148 0.0708434 -0.000344629 -0.000429195 -0.00113895
9.5 0.0882987 0.0877045 0.0708157 -0.000399745 -0.000258052 -0.000693802
9.52 0.0882898 0.0876996 0.070807 -0.000224112 -0.000123535 -0.000216315
9.54 0.0882945 0.0876954 0.0708094 0.000118995 -0.000104955 5.91369e-05
9.56 0.0883141 0.0876863 0.0708089 0.000488744 -0.000225682 -1.28442e-05
9.58 0.0883429 0.0876685 0.0707931 0.000721542 -0.000446709 -0.000394201
9.6 0.0883715 0.0876409 0.0707578 0.000713644 -0.00069004 -0.000881645
9.62 0.0883909 0.0876055 0.0707092 0.000486232 -0.000884479 -0.0012151
9.64 0.0883982 0.0875653 0.0706615 0.000182396 -0.00100374 -0.00119313
9.66 0.0883974 0.0875231 0.0706322 -2.13731e-05 -0.00105726 -0.000731113
9.68 0.0883965 0.0874812 0.0706375 -2.16917e-05 -0.00104674 0.000130213
9.7 0.0884032 0.0874427 0.0706865 0.000168488 -0.000962089 0.00122659
9.72 0.0884211 0.08741 0.070778 0.000446984 -0.0008187 0.00228804
9.74 0.0884484 0.0873832 0.0708984 0.000682776 -0.000668117 0.00300833
9.76 0.0884801 0.0873606 0.0710252 0.000791146 -0.000564955 0.00317065
9.78 0.088512 0.0873396 0.0711359 0.000798178 -0.000526046 0.00276808
9.8 0.0885449 0.0873194 0.0712175 0.000823584 -0.000504812 0.00203891
9.82 0.0885837 0.0873033 0.0712727 0.000968118 -0.000402611 0.00138035
9.84 0.0886321 0.0872974 0.071319 0.00121178 -0.000147547 0.00115893
9.86 0.0886888 0.0873053 0.0713794 0.00141713 0.000198915 0.00150945
9.88 0.0887458 0.087322 0.0714696 0.00142394 0.000416402 0.00225492
9.9 0.088792 0.0873319 0.0715902 0.00115675 0.000246361 0.00301512
9.92 0.0888194 0.0873154 0.0717276 0.000683724 -0.000412586 0.00343387
9.94 0.0888269 0.0872604 0.0718627 0.000186685 -0.00137384 0.00337677
9.96 0.0888208 0.0871722 0.071982 -0.000152486 -0.00220431 0.0029833
9.98 0.08881 0.0870738 0.0720836 -0.000269362 -0.00246096 0.00253985
10 0.0888002 0.0869947 0.0721743 -0.000244781 -0.00197766 0.00226807
10.02 0.0887908 0.086955 0.0722618 -0.000235742 -0.000992898 0.00218645
10.04 0.0887762 0.086954 0.0723472 -0.000364224 -2.4798e-05 0.00213678
10.06 0.0887507 0.086971 0.0724245 -0.000638595 0.000425187 0.00193113
10.08 0.0887122 0.0869773 0.0724842 -0.000962223 0.0001587 0.00149305
10.1 0.0886638 0.0869528 0.07252 -0.00121003 -0.000612926 0.000894023
10.12 0.0886112 0.0868962 0.0725316 -0.00131325 -0.00141409 0.0002916
10.14 0.0885594 0.0868239 0.0725251 -0.00129479 -0.00180794 -0.000162408
10.16 0.0885101 0.0867583 0.0725095 -0.00123399 -0.00164035 -0.000391227
10.18 0.0884626 0.0867153 0.0724932 -0.00118727 -0.00107415 -0.000405991
10.2 0.0884173 0.0866981 0.0724828 -0.00113114 -0.000431094 -0.000260687
10.22 0.0883777 0.0866989 0.0724826 -0.000991983 1.98307e-05 -6.46256e-06
10.24 0.0883484 0.086707 0.0724946 -0.000731846 0.000201725 0.000300966
10.26 0.0883324 0.0867163 0.0725169 -0.000400398 0.000232495 0.000558896
10.28 0.0883279 0.0867285 0.0725416 -0.000111452 0.000305691 0.000615122
10.3 0.0883293 0.0867507 0.0725555 3.50777e-05 0.000555117 0.000347738
10.32 0.0883307 0.0867901 0.072546 3.55151e-05 0.000984012 -0.000235895
10.34 0.0883309 0.0868488 0.072507 2.88626e-06 0.001469 -0.000976678
10.36 0.0883345 0.0869217 0.0724415 9.02169e-05 0.00182322 -0.00163706
10.38 0.0883493 0.0869975 0.0723612 0.000370694 0.00189329 -0.0020078
10.4 0.0883802 0.0870635 0.0722815 0.000771683 0.00165035 -0.00199055
10.42 0.0884249 0.0871124 0.0722165 0.00111764 0.00122238 -0.00162627
10.44 0.0884752 0.0871459 0.0721746 0.0012574 0.000838241 -0.0010467
10.46 0.0885226 0.0871745 0.0721592 0.00118504 0.000713879 -0.000386622
10.48 0.0885651 0.0872128 0.0721697 0.00106353 0.000958872 0.000262583
10.5 0.0886097 0.0872744 0.0722025 0.0011138 0.0015384 0.000822067
10.52 0.0886669 0.0873654 0.07225 0.00143206 0.00227585 0.00118565
10.54 0.0887426 0.0874819 0.0723002 0.00189128 0.00291338 0.00125523
10.56 0.0888318 0.087611 0.0723411 0.00223067 0.00322552 0.0010239
10.58 0.0889222 0.0877362 0.0723665 0.00226062 0.00313212 0.000632957
10.6 0.0890027 0.087846 0.0723806 0.00201038 0.00274297 0.000352554
10.62 0.0890708 0.0879377 0.0723992 0.00170264 0.0022923 0.000465085
10.64 0.0891338 0.0880177 0.0724427 0.001577 0.0020023 0.00108802
10.66 0.0892018 0.0880961 0.0725247 0.00169874 0.00195909 0.00204942
10.68 0.0892789 0.0881797 0.0726422 0.00192748 0.00208885 0.0029394
10.7 0.0893616 0.0882697 0.0727761 0.00206764 0.00225183 0.00334711
10.72 0.0894435 0.0883643 0.0729014 0.00204697 0.00236489 0.00313134
10.74 0.0895217 0.088462 0.0730023 0.0019558 0.00244199 0.00252216
10.76 0.0895988 0.0885635 0.0730812 0.00192668 0.00253732 0.00197285
10.78 0.0896777 0.0886701 0.0731555 0.00197295 0.00266603 0.00185848
10.8 0.0897551 0.0887811 0.073245 0.0019339 0.00277291 0.00223843
10.82 0.0898191 0.0888919 0.0733586 0.00160146 0.00277016 0.00283951
10.84 0.0898574 0.0889965 0.0734888 0.000957403 0.00261494 0.00325426
10.86 0.0898698 0.0890911 0.0736173 0.000308821 0.0023671 0.00321305
10.88 0.0898753 0.0891776 0.073727 0.000138398 0.00216205 0.002743
10.9 0.0899047 0.0892611 0.0738112 0.000733867 0.00208759 0.0021035
10.92 0.0899805 0.0893442 0.0738739 0.00189561 0.00207655 0.00156892
10.94 0.0900998 0.0894222 0.0739238 0.00298378 0.0019501 0.00124627
10.96 0.0902318 0.0894853 0.073966 0.00330016 0.00157651 0.00105594
10.98 0.0903335 0.0895244 0.0740003 0.00254131 0.000979178 0.000856235
11 0.0903739 0.0895372 0.0740235 0.00101028 0.00032012 0.000580758
11.02 0.0903519 0.0895298 0.0740343 -0.000549785 -0.000184549 0.000270851
11.04 0.090296 0.0895149 0.0740345 -0.0013965 -0.000373562 3.60508e-06
11.06 0.0902468 0.0895054 0.0740268 -0.00123113 -0.000238824 -0.00019145
11.08 0.090233 0.0895079 0.0740128 -0.000344921 6.27926e-05 -0.000349576
11.1 0.0902582 0.08952 0.0739923 0.000629618 0.00030433 -0.000514595
11.12 0.0903047 0.0895325 0.0739651 0.00116345 0.000311506 -0.000677859
11.14 0.0903501 0.0895337 0.0739338 0.00113553 3.11025e-05 -0.000783494
11.16 0.0903821 0.0895148 0.0739018 0.000797778 -0.000472531 -0.000800112
11.18 0.0904012 0.0894727 0.0738702 0.000478752 -0.00105382 -0.000789742
11.2 0.0904133 0.0894113 0.0738349 0.000302915 -0.00153391 -0.000883905
11.22 0.0904195 0.0893406 0.0737883 0.000154536 -0.00176867 -0.00116281
11.24 0.0904142 0.089272 0.0737266 -0.000133243 -0.00171515 -0.0015447
11.26 0.0903914 0.0892139 0.0736545 -0.00056864 -0.00145081 -0.00180128
11.28 0.0903532 0.0891688 0.0735864 -0.000955617 -0.00112902 -0.00170348
11.3 0.0903118 0.0891329 0.0735391 -0.00103635 -0.000897538 -0.00118048
11.32 0.090284 0.0891004 0.0735243 -0.000692744 -0.000812659 -0.000370444
11.34 0.0902821 0.0890685 0.0735428 -4.76499e-05 -0.000797822 0.000462964
11.36 0.0903063 0.0890406 0.0735859 0.000603129 -0.000697347 0.0010759
11.38 0.0903453 0.0890246 0.0736401 0.000975386 -0.000398448 0.00135533
11.4 0.0903835 0.089027 0.0736936 0.000956734 5.90308e-05 0.00133776
11.42 0.0904091 0.0890459 0.0737396 0.000640039 0.000472171 0.00115031
11.44 0.0904188 0.0890698 0.073777 0.000241294 0.000598784 0.000934691
11.46 0.0904181 0.0890834 0.0738091 -1.71822e-05 0.000339802 0.000803643
11.48 0.0904181 0.089077 0.073843 4.47683e-07 -0.00015986 0.000846995
11.5 0.09043 0.0890538 0.0738888 0.000295691 -0.000580124 0.00114409
11.52 0.0904598 0.089029 0.0739578 0.000744796 -0.00062068 0.00172603
11.54 0.0905058 0.0890212 0.0740578 0.00115056 -0.000195121 0.00250034
11.56 0.0905585 0.0890417 0.0741871 0.00131784 0.000512423 0.00323091
11.58 0.0906044 0.0890885 0.0743326 0.00114788 0.00117142 0.00363779
11.6 0.0906328 0.0891491 0.0744751 0.000709391 0.0015133 0.00356365
11.62 0.0906418 0.089209 0.0745983 0.000225019 0.00149752 0.00307922
11.64 0.0906402 0.0892617 0.0746959 -3.88223e-05 0.00131687 0.00244085
11.66 0.0906432 0.0893103 0.0747735 7.50498e-05 0.00121609 0.00193781
11.68 0.0906636 0.0893614 0.0748429 0.000509028 0.00127804 0.0017364
11.7 0.090704 0.0894165 0.0749154 0.00100986 0.00137818 0.00181127
11.72 0.0907554 0.0894697 0.0749948 0.00128466 0.00132888 0.00198663
11.74 0.0908035 0.0895123 0.075077 0.00120362 0.00106438 0.00205413
11.76 0.0908392 0.0895414 0.0751532 0.000891056 0.000727062 0.0019049
11.78 0.0908638 0.0895644 0.0752163 0.000615047 0.000575675 0.00157849
11.8 0.0908866 0.0895948 0.0752642 0.000571036 0.000760122 0.00119658
11.82 0.0909162 0.0896412 0.0752986 0.000739444 0.00115935 0.000860892
11.84 0.0909528 0.0896994 0.0753232 0.000915717 0.0014557 0.000615476
11.86 0.0909883 0.0897551 0.0753427 0.000886692 0.00139339 0.000486077
11.88 0.091013 0.0897946 0.0753633 0.000618384 0.000985708 0.00051447
11.9 0.091025 0.0898144 0.075392 0.000300512 0.000496532 0.000718056
11.92 0.0910332 0.0898241 0.0754322 0.000205086 0.0002426 0.00100423
11.94 0.091052 0.0898393 0.0754781 0.000469291 0.000380475 0.00114791
11.96 0.091091 0.0898713 0.0755142 0.000975874 0.00079842 0.000901854
11.98 0.0911479 0.0899183 0.0755215 0.00142107 0.00117652 0.000183721
12 0.0912086 0.0899668 0.0754895 0.00151694 0.00121149 -0.000801045
12.02 0.091256 0.0900014 0.0754249 0.00118623 0.000865035 -0.00161405
12.04 0.0912814 0.0900182 0.0753525 0.000634706 0.000419842 -0.00180981
12.06 0.0912908 0.0900292 0.0753044 0.00023504 0.000274119 -0.00120172
12.08 0.0913014 0.0900543 0.0753042 0.000264934 0.000628094 -5.75363e-06
12.1 0.0913294 0.0901069 0.0753538 0.000700354 0.00131519 0.0012405
12.12 0.091379 0.0901834 0.075432 0.00123977 0.00191208 0.00195438
12.14 0.0914401 0.0902644 0.0755049 0.0015272 0.00202564 0.0018232
12.16 0.0914956 0.0903265 0.0755437 0.00138856 0.00155348 0.000969327
12.18 0.0915327 0.0903569 0.0755384 0.000926891 0.000757943 -0.000132013
12.2 0.0915501 0.0903612 0.0755014 0.000435837 0.000108545 -0.000925211
12.22 0.0915584 0.0903609 0.0754587 0.000205698 -7.598e-06 -0.0010668
12.24 0.0915721 0.0903799 0.0754357 0.000343509 0.000475933 -0.000577103
12.26 0.0916013 0.0904313 0.0754445 0.000729572 0.00128455 0.000220086
12.28 0.0916464 0.0905114 0.0754812 0.00112646 0.00200092 0.000917615
12.3 0.0917 0.090604 0.0755312 0.00134013 0.00231715 0.00124997
12.32 0.0917532 0.0906913 0.0755793 0.00133178 0.00218231 0.00120372
12.34 0.0918019 0.0907623 0.0756188 0.00121771 0.00177459 0.000987024
12.36 0.0918486 0.0908161 0.0756541 0.0011663 0.00134388 0.000883387
12.38 0.091899 0.0908585 0.0756967 0.00126108 0.00105982 0.00106398
12.4 0.0919567 0.0908968 0.0757561 0.00144224 0.00095925 0.0014851
12.42 0.0920198 0.0909357 0.0758338 0.00157672 0.000971045 0.00194222
12.44 0.0920826 0.0909745 0.0759222 0.00157146 0.000971178 0.00221094
12.46 0.0921398 0.0910095 0.0760086 0.00142772 0.000874178 0.00216031
12.48 0.0921886 0.0910381 0.0760804 0.0012206 0.000714102 0.00179518
12.5 0.0922305 0.0910629 0.0761305 0.00104725 0.000620375 0.00125109
12.52 0.0922694 0.0910912 0.0761604 0.00097225 0.000708491 0.000748184
12.54 0.0923091 0.0911308 0.0761801 0.000994715 0.00098942 0.00049213
12.56 0.0923514 0.0911846 0.0762032 0.00105637 0.00134584 0.000576472
12.58 0.0923945 0.0912476 0.0762409 0.00107797 0.00157551 0.000942924
12.6 0.0924343 0.0913075 0.076297 0.000993886 0.00149572 0.00140362
12.62 0.0924655 0.0913505 0.076366 0.000779608 0.00107508 0.00172543
12.64 0.092485 0.0913703 0.0764364 0.000488278 0.000495402 0.00175809
12.66 0.092496 0.0913728 0.0764977 0.000275018 6.29043e-05 0.00153436
12.68 0.0925092 0.0913736 0.0765477 0.000329776 1.91063e-05 0.00124883
12.7 0.0925378 0.0913895 0.0765922 0.000715854 0.000397383 0.00111269
12.72 0.0925879 0.0914295 0.0766401 0.00125254 0.00100097 0.00119771
12.74 0.0926511 0.0914894 0.0766955 0.00158066 0.00149815 0.00138413
12.76 0.0927069 0.0915535 0.0767531 0.0013928 0.00160085 0.00144059
12.78 0.0927337 0.0916031 0.0768008 0.000671125 0.00124007 0.00119269
12.8 0.092724 0.0916279 0.0768277 -0.000242056 0.000619918 0.000672236
12.82 0.0926912 0.0916314 0.0768325 -0.000819611 8.73785e-05 0.000121384
12.84 0.092664 0.0916277 0.0768262 -0.000680136 -9.05838e-05 -0.000158493
12.86 0.0926696 0.0916324 0.076826 0.000140403 0.000117794 -4.6717e-06
12.88 0.0927166 0.0916529 0.0768458 0.00117403 0.000512378 0.00049507
12.9 0.0927887 0.091685 0.0768879 0.00180231 0.000802734 0.00105265
12.92 0.0928548 0.0917166 0.0769428 0.00165218 0.000789277 0.00137116
12.94 0.0928881 0.0917358 0.0769968 0.000833602 0.000480649 0.00134984
12.96 0.0928822 0.0917391 0.077042 -0.000148341 8.10813e-05 0.00113145
12.98 0.0928526 0.0917332 0.0770798 -0.000739929 -0.000146714 0.000945331
13 0.092825 0.0917311 0.0771156 -0.000689255 -5.40279e-05 0.000894275
13.02 0.0928181 0.0917428 0.0771507 -0.000173272 0.000294299 0.000877181
13.04 0.0928322 0.0917694 0.0771782 0.000352427 0.000665107 0.000686471
13.06 0.0928513 0.0918021 0.0771857 0.000478061 0.000816032 0.000187924
13.08 0.0928563 0.0918279 0.0771639 0.000124421 0.000644351 -0.000543839
13.1 0.0928396 0.0918374 0.0771145 -0.000417321 0.000238419 -0.0012354
13.12 0.0928111 0.0918302 0.077052 -0.000713487 -0.000180715 -0.00156325
13.14 0.0927906 0.0918147 0.0769983 -0.000511433 -0.000386921 -0.00134094
13.16 0.0927935 0.0918038 0.0769729 7.20654e-05 -0.00027216 -0.000635013
13.18 0.0928188 0.0918079 0.0769836 0.000632234 0.000103534 0.00026643
13.2 0.0928495 0.0918307 0.0770242 0.000767466 0.000569517 0.00101443
13.22 0.0928643 0.091869 0.0770797 0.000370018 0.00095824 0.00138761
13.24 0.0928524 0.0919163 0.077135 -0.000296874 0.00118112 0.00138325
13.26 0.0928206 0.0919653 0.0771814 -0.000794714 0.00122567 0.00115947
13.28 0.0927881 0.0920102 0.0772175 -0.000812165 0.00112167 0.000903356
13.3 0.0927743 0.0920471 0.0772466 -0.000345046 0.000922471 0.000728158
13.32 0.0927883 0.0920751 0.0772729 0.000349512 0.000700244 0.000655673
13.34 0.0928264 0.0920967 0.0772992 0.000951488 0.000539893 0.000658066
13.36 0.0928772 0.0921178 0.0773274 0.00126979 0.000526951 0.000706312
13.38 0.0929297 0.0921467 0.0773593 0.0013127 0.000722853 0.000796511
13.4 0.0929783 0.0921915 0.0773974 0.00121665 0.00111965 0.00095251
13.42 0.093023 0.0922554 0.0774461 0.00111609 0.00159775 0.00121789
13.44 0.0930655 0.0923332 0.0775117 0.00106389 0.00194608 0.00163916
13.46 0.0931072 0.0924123 0.077601 0.00104224 0.0019779 0.00223206
13.48 0.0931484 0.092479 0.0777183 0.00102972 0.00166544 0.00293305
13.5 0.0931905 0.0925258 0.0778612 0.00105159 0.00117194 0.00357367
13.52 0.0932363 0.0925555 0.0780183 0.00114657 0.000742345 0.00392554
13.54 0.0932879 0.0925777 0.0781706 0.00128791 0.000555349 0.00380975
13.56 0.0933432 0.0926034 0.0782989 0.00138365 0.000640901 0.00320528
13.58 0.0933979 0.0926384 0.0783899 0.00136633 0.000875558 0.00227712
13.6 0.093448 0.0926809 0.078442 0.00125288 0.00106354 0.00130224
13.62 0.0934929 0.0927233 0.0784638 0.00112318 0.00105952 0.000544071
13.64 0.0935355 0.0927572 0.0784696 0.00106412 0.000846681 0.000145717
13.66 0.09358 0.0927781 0.0784735 0.00111292 0.000523629 9.75928e-05
13.68 0.0936285 0.0927873 0.0784852 0.00121326 0.000227944 0.000292814
13.7 0.0936779 0.0927897 0.0785098 0.00123559 6.12439e-05 0.000613785
13.72 0.0937211 0.0927912 0.0785486 0.00107947 3.66886e-05 0.000971212
13.74 0.0937516 0.0927937 0.0785998 0.000761657 6.20168e-05 0.00127992
13.76 0.093768 0.0927934 0.0786569 0.000410577 -5.8177e-06 0.0014254
13.78 0.0937757 0.0927833 0.078708 0.000191986 -0.000252682 0.00127884
13.8 0.0937847 0.0927581 0.0787389 0.000225854 -0.000631496 0.000772524
13.82 0.0938054 0.0927188 0.0787381 0.000517447 -0.00098029 -2.0661e-05
13.84 0.0938427 0.0926739 0.0787027 0.000932591 -0.00112422 -0.000883734
13.86 0.0938936 0.0926343 0.0786414 0.00127138 -0.0009904 -0.00153261
13.88 0.0939496 0.0926083 0.0785724 0.00139986 -0.00064825 -0.00172621
13.9 0.0940022 0.0925984 0.0785171 0.00131658 -0.000247609 -0.00138081
13.92 0.0940467 0.0926015 0.0784916 0.00111168 7.59635e-05 -0.000637925
13.94 0.0940821 0.0926115 0.0784987 0.000884661 0.000250334 0.000175747
13.96 0.0941095 0.0926221 0.0785265 0.000686038 0.000264573 0.000695418
13.98 0.09413 0.0926279 0.0785549 0.00051263 0.000147378 0.000711705
14 0.0941444 0.0926259 0.0785669 0.000358533 -5.18164e-05 0.000299005
14.02 0.0941553 0.0926155 0.0785583 0.000273659 -0.000258915 -0.000215606
14.04 0.0941697 0.0926014 0.0785404 0.000359194 -0.00035363 -0.000445968
14.06 0.0941973 0.0925939 0.0785329 0.000690508 -0.000187646 -0.000189187
14.08 0.0942467 0.0926068 0.0785504 0.0012353 0.000322297 0.000439084
14.1 0.0943198 0.09265 0.0785933 0.00182638 0.00108031 0.00107169
14.12 0.0944081 0.0927217 0.0786463 0.00220932 0.00179437 0.00132438
14.14 0.0944945 0.0928067 0.0786883 0.00215984 0.00212389 0.00104935
14.16 0.0945595 0.092883 0.078706 0.00162507 0.00190762 0.000444109
14.18 0.0945914 0.092935 0.0787035 0.000796944 0.00129869 -6.29987e-05
14.2 0.0945931 0.0929629 0.0787002 4.12337e-05 0.00069785 -8.35032e-05
14.22 0.0945813 0.0929837 0.0787194 -0.00029399 0.000521346 0.000480496
14.24 0.0945787 0.0930216 0.0787744 -6.54191e-05 0.000946293 0.00137652
14.26 0.0946024 0.0930929 0.0788612 0.000593247 0.0017832 0.00216933
14.28 0.0946559 0.0931954 0.0789616 0.00133822 0.00256294 0.00250956
14.3 0.0947275 0.0933082 0.0790545 0.00178771 0.00281977 0.00232298
14.32 0.0947965 0.0934045 0.0791271 0.00172484 0.00240663 0.00181371
14.34 0.0948453 0.0934691 0.0791795 0.0012212 0.00161563 0.0013114
14.36 0.0948684 0.0935086 0.0792225 0.000577714 0.000988452 0.00107489
14.38 0.0948732 0.0935462 0.0792694 0.000120558 0.00093792 0.00117259
14.4 0.0948743 0.0936049 0.0793293 2.70449e-05 0.00146824 0.00149679
14.42 0.0948856 0.0936928 0.0794041 0.000282197 0.00219816 0.00187112
14.44 0.0949148 0.0937989 0.0794907 0.000728949 0.00265091 0.00216377
14.46 0.094961 0.0939023 0.0795843 0.00115537 0.00258707 0.0023403
14.48 0.0950163 0.0939879 0.0796819 0.00138346 0.00213913 0.00243903
14.5 0.0950691 0.0940547 0.0797817 0.00131852 0.00167069 0.00249731
14.52 0.0951073 0.0941142 0.0798815 0.000955657 0.00148656 0.00249294
14.54 0.0951224 0.094179 0.0799757 0.000378017 0.00162042 0.00235598
14.56 0.0951127 0.0942533 0.0800575 -0.000243516 0.00185777 0.00204411
14.58 0.0950852 0.0943312 0.0801217 -0.000686861 0.00194638 0.00160502
14.6 0.0950545 0.0944031 0.0801679 -0.000766665 0.00179747 0.00115587
14.62 0.0950372 0.0944642 0.0801995 -0.000431909 0.00152721 0.000790017
14.64 0.0950447 0.0945177 0.0802193 0.00018597 0.00133847 0.000494674
14.66 0.0950775 0.0945715 0.0802259 0.00082101 0.00134614 0.000165906
14.68 0.0951256 0.0946303 0.0802146 0.00120254 0.00147017 -0.000282601
14.7 0.0951736 0.0946899 0.0801824 0.00119885 0.00148911 -0.000804687
14.72 0.0952086 0.094739 0.0801341 0.000875963 0.00122815 -0.00120766
14.74 0.095226 0.0947676 0.0800833 0.000434501 0.000714463 -0.00126985
14.76 0.0952291 0.0947747 0.0800473 7.67116e-05 0.00017661 -0.000902055
14.78 0.0952246 0.0947706 0.080038 -0.000111347 -0.000101541 -0.000231789
14.8 0.0952175 0.0947717 0.0800558 -0.000178934 2.69797e-05 0.000445354
14.82 0.0952087 0.09479 0.0800883 -0.000219752 0.000456378 0.00081227
14.84 0.0951984 0.0948252 0.0801158 -0.000255567 0.000880476 0.000688655
14.86 0.0951903 0.0948648 0.0801209 -0.000204277 0.000990327 0.000127747
14.88 0.095192 0.0948918 0.0800971 4.28836e-05 0.00067517 -0.000596561
14.9 0.0952118 0.094895 0.0800521 0.000494524 7.96638e-05 -0.00112452
14.92 0.0952513 0.0948746 0.0800042 0.000989249 -0.000508896 -0.0011974
14.94 0.0953023 0.0948409 0.0799728 0.00127524 -0.000843104 -0.000786203
14.96 0.0953501 0.0948072 0.0799695 0.00119278 -0.000842284 -8.16938e-05
14.98 0.0953823 0.0947835 0.0799953 0.000806606 -0.00059257 0.000645696
15 0.0953977 0.0947735 0.0800436 0.000383897 -0.00025037 0.00120818
15.02 0.0954064 0.0947755 0.0801061 0.000217288 5.06635e-05 0.0015626
15.04 0.0954229 0.0947849 0.0801763 0.000414544 0.000234877 0.00175318
15.06 0.0954557 0.0947957 0.0802494 0.000819841 0.000270213 0.00182757
15.08 0.0955014 0.0948016 0.0803215 0.00114232 0.000146102 0.00180253
15.1 0.0955491 0.0947968 0.080389 0.00119175 -0.000119043 0.00168788
15.12 0.0955899 0.0947789 0.08045 0.00101991 -0.000446676 0.00152615
15.14 0.0956243 0.0947514 0.0805059 0.00085956 -0.000689358 0.00139549
15.16 0.095661 0.0947239 0.0805605 0.00091868 -0.000687623 0.00136525
15.18 0.0957089 0.0947086 0.0806179 0.00119557 -0.000381564 0.00143456
15.2 0.0957676 0.094713 0.0806791 0.00146861 0.000109987 0.00153147
15.22 0.0958266 0.0947342 0.0807427 0.00147439 0.000529755 0.00158901
15.24 0.0958722 0.0947599 0.0808071 0.00114016 0.000642446 0.00161189
15.26 0.095899 0.0947757 0.0808737 0.000670128 0.00039596 0.00166469
15.28 0.0959146 0.0947736 0.0809456 0.000390904 -5.36559e-05 0.00179739
15.3 0.0959342 0.0947553 0.0810248 0.000489333 -0.000455678 0.00198028
15.32 0.095969 0.0947307 0.0811089 0.000869181 -0.000616897 0.00210167
15.34 0.096018 0.0947103 0.0811902 0.00122648 -0.000510326 0.00203251
15.36 0.0960688 0.0946987 0.0812591 0.00126834 -0.000289859 0.00172188
15.38 0.0961054 0.0946915 0.0813089 0.000915658 -0.000178117 0.00124621
15.4 0.0961197 0.0946801 0.0813394 0.000358594 -0.000286727 0.000760786
15.42 0.0961167 0.0946593 0.0813548 -7.60437e-05 -0.000518669 0.000384983
15.44 0.0961102 0.094633 0.0813598 -0.000162546 -0.000658888 0.000127014
15.46 0.096113 0.0946103 0.081357 6.97588e-05 -0.000567963 -7.09686e-05
15.48 0.0961285 0.0945983 0.081348 0.000387657 -0.000297573 -0.000225295
15.5 0.0961506 0.0945966 0.0813377 0.000552991 -4.33413e-05 -0.000258145
15.52 0.0961706 0.0945968 0.0813357 0.000499068 5.0638e-06 -4.92897e-05
15.54 0.0961846 0.0945893 0.0813535 0.000352166 -0.000186909 0.000445185
15.56 0.0961966 0.0945715 0.0813971 0.000299911 -0.000447122 0.00109065
15.58 0.0962133 0.0945515 0.0814604 0.000417313 -0.000497996 0.00158205
15.6 0.0962373 0.094545 0.0815245 0.000599409 -0.000163185 0.0016032
15.62 0.0962636 0.0945646 0.0815664 0.000657838 0.000490205 0.00104669
15.64 0.0962832 0.0946123 0.0815711 0.000488198 0.00119112 0.000118504
15.66 0.09629 0.0946778 0.0815405 0.000170152 0.00163832 -0.000766224
15.68 0.0962869 0.0947447 0.0814916 -7.57891e-05 0.0016724 -0.00122138
15.7 0.0962853 0.094799 0.081448 -4.01743e-05 0.00135698 -0.00109163
15.72 0.0962983 0.0948362 0.0814279 0.000323744 0.000930882 -0.000500706
15.74 0.0963324 0.0948627 0.0814379 0.000854451 0.000663024 0.000248311
15.76 0.0963835 0.0948911 0.0814716 0.00127657 0.0007103 0.000843296
15.78 0.0964381 0.0949337 0.0815158 0.00136362 0.00106506 0.00110399
15.8 0.0964804 0.0949977 0.0815568 0.00105793 0.0015996 0.00102687
15.82 0.0965004 0.0950837 0.0815868 0.000500453 0.00214883 0.000747809
15.84 0.0964997 0.0951871 0.0816056 -1.83185e-05 0.00258514 0.000469821
15.86 0.0964921 0.0953018 0.0816208 -0.000187727 0.00286696 0.000380142
15.88 0.0964983 0.0954229 0.0816437 0.000152879 0.00302765 0.000574688
15.9 0.0965346 0.0955473 0.0816843 0.000909499 0.00311147 0.00101492
15.92 0.0966052 0.0956722 0.0817457 0.00176381 0.00312242 0.00153381
15.94 0.0966983 0.0957936 0.0818219 0.00232733 0.0030341 0.00190412
15.96 0.0967921 0.0959071 0.0819003 0.00234485 0.00283669 0.00196045
15.98 0.0968661 0.0960104 0.0819689 0.00184977 0.0025838 0.00171569
16 0.0969126 0.0961063 0.0820241 0.00116419 0.00239691 0.00137931
16.02 0.0969408 0.0962021 0.0820733 0.000705049 0.00239456 0.00123028
16.04 0.0969695 0.0963058 0.0821299 0.000715826 0.00259282 0.0014165
16.06 0.0970145 0.0964206 0.0822037 0.00112456 0.00287038 0.00184427
16.08 0.0970794 0.0965421 0.0822939 0.00162245 0.00303678 0.00225367
16.1 0.0971547 0.0966599 0.0823905 0.00188445 0.00294652 0.00241472
16.12 0.0972258 0.0967634 0.0824821 0.00177761 0.00258581 0.00229042
16.14 0.0972826 0.0968469 0.0825636 0.00141868 0.00208804 0.00203785
16.16 0.0973248 0.096913 0.0826376 0.00105598 0.00165253 0.00184955
16.18 0.0973602 0.0969693 0.0827086 0.000885599 0.00140712 0.0017761
16.2 0.0973972 0.0970223 0.0827758 0.000924556 0.00132491 0.00167916
16.22 0.097438 0.0970729 0.0828301 0.00101821 0.00126542 0.00135822
16.24 0.0974768 0.0971167 0.0828605 0.000971355 0.0010948 0.000758559
16.26 0.0975045 0.0971478 0.0828634 0.000692761 0.0007779 7.35449e-05
16.28 0.0975143 0.0971632 0.0828484 0.000244479 0.000384402 -0.000373856
16.3 0.0975059 0.0971645 0.0828332 -0.000209526 3.3806e-05 -0.000381601
16.32 0.0974862 0.0971578 0.0828323 -0.000494057 -0.000167123 -2.08606e-05
16.34 0.0974657 0.0971513 0.0828497 -0.00051146 -0.000163899 0.000433593
16.36 0.0974539 0.0971526 0.0828779 -0.000294685 3.42929e-05 0.000706532
16.38 0.0974546 0.0971667 0.0829057 1.74852e-05 0.000352355 0.000694107
16.4 0.0974655 0.0971925 0.0829253 0.000271397 0.000643049 0.000490195
16.42 0.0974807 0.0972211 0.0829361 0.000380528 0.000715825 0.000270269
16.44 0.0974942 0.0972384 0.0829417 0.000338838 0.000433766 0.000139831
16.46 0.097502 0.0972317 0.0829451 0.000192774 -0.000169656 8.48912e-05
16.48 0.0975026 0.0971973 0.0829471 1.54477e-05 -0.000858698 4.89188e-05
16.5 0.0974979 0.0971455 0.0829483 -0.000117812 -0.0012963 3.17652e-05
16.52 0.0974915 0.0970963 0.0829527 -0.000159099 -0.00122908 0.000107995
16.54 0.0974876 0.0970702 0.0829667 -9.68929e-05 -0.000651911 0.000350254
16.56 0.0974904 0.0970769 0.0829962 6.87466e-05 0.000165814 0.000738278
16.58 0.0975041 0.0971099 0.0830419 0.000342034 0.000826939 0.00114265
16.6 0.097532 0.097151 0.0830979 0.000699609 0.00102656 0.00139894
16.62 0.0975739 0.0971789 0.0831543 0.00104721 0.000698859 0.0014108
16.64 0.0976231 0.0971795 0.0832026 0.00122929 1.48212e-05 0.00120696
16.66 0.0976673 0.0971503 0.0832393 0.00110607 -0.000730416 0.000916812
16.68 0.0976935 0.0970998 0.0832669 0.000655202 -0.00126382 0.000690372
16.7 0.0976949 0.0970421 0.0832916 3.30621e-05 -0.00144085 0.000617323
16.72 0.0976763 0.0969916 0.0833191 -0.000463548 -0.00126427 0.000688547
16.74 0.0976544 0.0969578 0.083352 -0.000547929 -0.000843209 0.000822469
16.76 0.0976496 0.096944 0.0833892 -0.000120243 -0.000344954 0.000930713
16.78 0.097676 0.096946 0.0834279 0.000660589 4.88529e-05 0.000967404
16.8 0.0977344 0.0969538 0.0834654 0.00145887 0.000194213 0.000937687
16.82 0.0978117 0.096955 0.0835005 0.00193227 3.1069e-05 0.000876392
16.84 0.0978876 0.0969399 0.0835332 0.00189793 -0.000377668 0.00081825
16.86 0.0979445 0.0969064 0.0835646 0.001424 -0.000836338 0.000784497
16.88 0.0979763 0.0968629 0.0835963 0.000794373 -0.00108872 0.000792852
16.9 0.0979904 0.0968246 0.0836307 0.000352692 -0.000958577 0.000860169
16.92 0.0980026 0.0968056 0.0836699 0.000305267 -0.000473266 0.000979924
16.94 0.098027 0.0968107 0.0837138 0.000609494 0.000125748 0.00109829
16.96 0.0980682 0.0968313 0.083759 0.00103017 0.000515257 0.00112913
16.98 0.0981207 0.0968515 0.0837996 0.00131061 0.000506866 0.00101542
17 0.0981732 0.0968596 0.083831 0.00131412 0.000201751 0.000784778
17.02 0.0982158 0.096857 0.0838526 0.00106488 -6.46762e-05 0.000540591
17.04 0.0982444 0.0968579 0.0838685 0.000715008 2.28773e-05 0.000396146
17.06 0.098263 0.0968784 0.0838849 0.000465068 0.000512638 0.000411281
17.08 0.0982813 0.0969247 0.0839081 0.00045822 0.00115557 0.000579942
17.1 0.0983094 0.0969882 0.0839427 0.00070168 0.00158778 0.000864023
17.12 0.0983528 0.0970509 0.0839921 0.00108538 0.00156822 0.00123491
17.14 0.0984118 0.0970961 0.0840592 0.00147534 0.00112915 0.00167871
17.16 0.0984828 0.0971184 0.0841453 0.00177455 0.000558856 0.00215028
17.18 0.0985594 0.0971269 0.0842461 0.00191548 0.000212666 0.00252164
17.2 0.0986331 0.097138 0.08435 0.00184137 0.000277413 0.00259648
17.22 0.0986943 0.0971647 0.0844387 0.00153121 0.000667548 0.00221738
17.24 0.0987362 0.0972096 0.0844953 0.00104762 0.00112059 0.00141551
17.26 0.0987581 0.0972657 0.0845143 0.000547336 0.00140469 0.000476374
17.28 0.098767 0.0973246 0.0845074 0.000222579 0.00147102 -0.000173844
17.3 0.0987753 0.097382 0.084499 0.000207454 0.0014349 -0.000210963
17.32 0.0987957 0.097439 0.0845139 0.000507767 0.00142682 0.000372791
17.34 0.0988353 0.0974975 0.0845632 0.000990885 0.00146115 0.00123232
17.36 0.0988931 0.0975552 0.0846376 0.00144524 0.00144162 0.00186054
17.38 0.0989608 0.0976069 0.0847136 0.00169341 0.00129264 0.00190155
17.4 0.0990284 0.0976506 0.0847685 0.00168796 0.00109238 0.00137119
17.42 0.0990888 0.097693 0.0847938 0.00151103 0.00106203 0.000631841
17.44 0.0991405 0.0977486 0.0847995 0.0012916 0.00139014 0.00014427
17.46 0.0991852 0.0978302 0.0848064 0.00111749 0.00203954 0.000172835
17.48 0.099225 0.0979385 0.0848315 0.000996951 0.00270761 0.000626838
17.5 0.0992607 0.0980584 0.0848771 0.000892253 0.00299649 0.00113904
17.52 0.0992926 0.0981658 0.0849304 0.000797146 0.00268571 0.00133172
17.54 0.0993233 0.0982424 0.084973 0.000767139 0.00191399 0.00106729
17.56 0.0993576 0.0982872 0.0849932 0.000858088 0.00112016 0.000503816
17.58 0.0993993 0.0983176 0.0849911 0.00104248 0.0007596 -5.23287e-05
17.6 0.0994472 0.0983579 0.0849768 0.00119781 0.00100904 -0.000356692
17.62 0.099495 0.0984253 0.0849631 0.0011941 0.00168509 -0.000344489
17.64 0.0995353 0.0985215 0.084959 0.00100828 0.00240301 -0.000102449
17.66 0.0995658 0.0986343 0.0849687 0.000760945 0.00282008 0.000242923
17.68 0.0995909 0.098746 0.084993 0.000629341 0.00279462 0.000608966
17.7 0.0996184 0.0988418 0.085031 0.000685362 0.00239291 0.000948552
17.72 0.09965 0.0989133 0.0850785 0.000790353 0.0017892 0.00118857
17.74 0.0996772 0.0989599 0.085127 0.000680721 0.00116327 0.00121114
17.76 0.0996856 0.0989862 0.0851638 0.000210874 0.000658714 0.000920934
17.78 0.0996672 0.0990016 0.0851776 -0.000460921 0.000385478 0.000345057
17.8 0.0996299 0.0990183 0.0851649 -0.000932784 0.000417445 -0.000316467
17.82 0.0995959 0.0990486 0.085135 -0.000850205 0.000757012 -0.000748401
17.84 0.0995878 0.0991001 0.0851076 -0.000202364 0.00128742 -0.000684486
17.86 0.0996127 0.0991711 0.0851043 0.000623864 0.00177579 -8.36969e-05
17.88 0.0996567 0.0992501 0.0851371 0.0010998 0.00197525 0.000820147
17.9 0.0996939 0.0993213 0.085203 0.000930045 0.00177918 0.00164766
17.92 0.0997043 0.0993736 0.0852866 0.000260194 0.00130657 0.0020911
17.94 0.0996872 0.0994069 0.0853695 -0.000429576 0.000834353 0.0020712
17.96 0.0996606 0.0994313 0.0854386 -0.000662942 0.000608872 0.00172741
17.98 0.099649 0.0994585 0.0854897 -0.000291874 0.000678692 0.00127712
18 0.0996658 0.0994936 0.0855249 0.00041992 0.000878414 0.000880387
18.02 0.0997057 0.0995323 0.0855489 0.00099846 0.000967904 0.000601555
18.04 0.0997496 0.0995648 0.0855677 0.00109869 0.000812329 0.000468215
18.06 0.0997792 0.0995836 0.0855895 0.000739288 0.000469658 0.00054475
18.08 0.0997891 0.0995889 0.0856261 0.000247042 0.000134044 0.000916387
18.1 0.0997882 0.0995887 0.0856893 -2.36435e-05 -7.35084e-06 0.00157901
18.12 0.0997909 0.0995928 0.0857833 6.89457e-05 0.000102883 0.00235079
18.14 0.0998075 0.0996073 0.0859 0.000415145 0.000363317 0.00291611
18.16 0.0998388 0.0996309 0.0860198 0.000781203 0.000589658 0.00299554
18.18 0.0998787 0.0996562 0.0861214 0.000999349 0.000632043 0.00254044
18.2 0.0999217 0.0996734 0.0861935 0.00107443 0.00043185 0.00180194
18.22 0.099966 0.0996736 0.086241 0.001107 5.17917e-06 0.00118775
18.24 0.100011 0.0996507 0.0862807 0.00112965 -0.000574228 0.000992475
18.26 0.100053 0.0996043 0.086329 0.00105213 -0.00115874 0.0012085
18.28 0.100084 0.0995431 0.0863915 0.000763533 -0.00153061 0.00156181
18.3 0.100095 0.0994835 0.0864605 0.000267835 -0.00148936 0.00172608
18.32 0.100084 0.099444 0.086522 -0.000271085 -0.000987587 0.00153661
18.34 0.100059 0.0994358 0.086564 -0.000610214 -0.000206595 0.00105113
18.36 0.100036 0.0994559 0.0865822 -0.000582214 0.000503308 0.000453143
18.38 0.100028 0.0994881 0.0865789 -0.000211036 0.000804347 -8.18367e-05
18.4 0.10004 0.0995106 0.0865608 0.000307663 0.000563848 -0.000451454
18.42 0.100069 0.099508 0.0865366 0.000738466 -6.67219e-05 -0.000606183
18.44 0.100106 0.0994784 0.0865161 0.000923363 -0.000739444 -0.000512139
18.46 0.100139 0.0994339 0.086509 0.000816754 -0.00111153 -0.000177199
18.48 0.100158 0.099392 0.0865201 0.00048245 -0.00104761 0.000278043
18.5 0.100161 0.0993643 0.0865446 7.89915e-05 -0.000691731 0.000611442
18.52 0.100154 0.0993508 0.086568 -0.000195493 -0.000338131 0.000584216
18.54 0.100146 0.0993429 0.0865742 -0.000194785 -0.000196813 0.000155789
18.56 0.10015 0.099333 0.0865571 0.000107175 -0.000248181 -0.000427123
18.58 0.100175 0.0993214 0.0865265 0.000610632 -0.000289368 -0.000764301
18.6 0.10022 0.0993168 0.0865034 0.00112815 -0.00011632 -0.000577997
18.62 0.100278 0.0993286 0.0865066 0.00145053 0.000296423 7.98353e-05
18.64 0.100336 0.0993587 0.0865407 0.00144776 0.000752003 0.000852725
18.66 0.100382 0.0993977 0.0865938 0.00115461 0.000974816 0.00132786
18.68 0.100412 0.0994311 0.0866467 0.000763299 0.000834717 0.00132085
18.7 0.100433 0.0994494 0.086686 0.000521529 0.00045748 0.000982484
18.72 0.100457 0.0994548 0.0867123 0.000599669 0.000134522 0.000658507
18.74 0.100497 0.0994592 0.0867372 0.000992968 0.000110015 0.000621758
18.76 0.100557 0.0994757 0.0867728 0.00151265 0.000412948 0.000890516
18.78 0.100633 0.0995099 0.0868234 0.00189561 0.000855586 0.00126578
18.8 0.100712 0.0995577 0.0868847 0.00198159 0.001193 0.00153145
18.82 0.100785 0.0996106 0.0869499 0.00182153 0.00132359 0.00162992
18.84 0.10085 0.099665 0.0870168 0.00162435 0.00135918 0.00167261
18.86 0.100914 0.099725 0.0870886 0.00158926 0.00150027 0.00179546
18.88 0.100984 0.0997981 0.0871688 0.00175839 0.00182929 0.00200343
18.9 0.101064 0.0998865 0.087255 0.0019977 0.00220884 0.00215647
18.92 0.101148 0.0999814 0.0873387 0.00210814 0.00237227 0.00209111
18.94 0.101228 0.100067 0.0874092 0.00197883 0.00213276 0.0017637
18.96 0.101294 0.100129 0.0874609 0.00165961 0.00155621 0.00129257
18.98 0.101346 0.100168 0.0874958 0.00130806 0.000974907 0.000871654
19 0.101389 0.1002 0.0875216 0.00107049 0.000801728 0.000645474
19.02 0.101429 0.100249 0.0875474 0.000990773 0.00123399 0.000644898
19.04 0.101469 0.100332 0.0875797 0.00100529 0.00207583 0.000807264
19.06 0.10151 0.100446 0.0876209 0.00101945 0.00285102 0.00103015
19.08 0.10155 0.100571 0.0876692 0.00100025 0.00311868 0.00120751
19.1 0.10159 0.100681 0.087719 0.000996798 0.00274047 0.00124584
19.12 0.101632 0.100758 0.0877623 0.00106579 0.0019282 0.00108261
19.14 0.10168 0.100801 0.0877909 0.00118619 0.00108491 0.000713458
19.16 0.10173 0.100824 0.0877999 0.00126066 0.000567009 0.000226335
19.18 0.101778 0.100844 0.0877924 0.00119524 0.000506281 -0.000188216
19.2 0.101817 0.100876 0.0877806 0.000970935 0.000798762 -0.000295814
19.22 0.101843 0.100926 0.0877826 0.000656138 0.00123484 5.14734e-05
19.24 0.101858 0.100991 0.0878141 0.000371869 0.00162621 0.000787059
19.26 0.101867 0.101065 0.0878786 0.000237446 0.0018569 0.00161187
19.28 0.10188 0.10114 0.0879637 0.000306786 0.00188821 0.00212803
19.3 0.101901 0.101211 0.0880458 0.000529453 0.00175351 0.00205336
19.32 0.101932 0.101272 0.0881014 0.000790038 0.00153365 0.00138931
19.34 0.101972 0.101325 0.0881188 0.000990147 0.00131842 0.000434957
19.36 0.102016 0.101372 0.088104 0.00109022 0.00117089 -0.000370235
19.38 0.102059 0.101416 0.0880765 0.00109515 0.00110128 -0.000686493
19.4 0.1021 0.101458 0.0880588 0.0010223 0.00106065 -0.000443172
19.42 0.102136 0.101497 0.0880653 0.0008842 0.000970115 0.000161325
19.44 0.102163 0.101528 0.0880977 0.000692779 0.000783329 0.000811477
19.46 0.102182 0.10155 0.0881478 0.000469676 0.000534837 0.00125217
19.48 0.102192 0.101563 0.0882028 0.000247956 0.00032527 0.00137582
19.5 0.102195 0.101572 0.0882512 6.99443e-05 0.000243639 0.00120869
19.52 0.102194 0.101584 0.0882853 -1.30938e-05 0.000285944 0.000853983
19.54 0.102196 0.101598 0.0883034 5.10574e-05 0.000347029 0.000450857
19.56 0.102208 0.101609 0.0883094 0.000285997 0.000293697 0.00015099
19.58 0.102234 0.101612 0.0883125 0.000645129 6.38498e-05 7.61057e-05
19.6 0.102274 0.101601 0.0883227 0.00100496 -0.000269509 0.000255648
19.62 0.102322 0.10158 0.0883466 0.00120895 -0.000523042 0.000597374
19.64 0.102368 0.101559 0.0883836 0.00113225 -0.000526506 0.000926702
19.66 0.102397 0.101549 0.0884272 0.000747519 -0.000262544 0.00108854
19.68 0.102404 0.101553 0.0884692 0.000162913 0.000101735 0.00104978
19.7 0.102388 0.101566 0.0885059 -0.000407407 0.000330179 0.000917117
19.72 0.102358 0.101577 0.08854 -0.00073331 0.000279126 0.000854361
19.74 0.102331 0.101576 0.0885786 -0.000684349 -1.47841e-05 0.000964215
19.76 0.102319 0.101562 0.0886276 -0.000305671 -0.000360598 0.00122501
19.78 0.102327 0.101541 0.0886885 0.000205461 -0.000523604 0.00152321
19.8 0.102351 0.101526 0.0887581 0.000607037 -0.000375245 0.00174042
19.82 0.10238 0.101526 0.088831 0.000729255 9.01605e-06 0.00182054
19.84 0.102402 0.101543 0.0889018 0.000544931 0.00040274 0.00177158
19.86 0.102409 0.101566 0.088967 0.000164802 0.000592578 0.00162977
19.88 0.102399 0.101587 0.0890246 -0.000236729 0.000508848 0.00143996
19.9 0.102379 0.101596 0.0890748 -0.000514087 0.000241811 0.00125534
19.92 0.102355 0.101595 0.08912 -0.000604802 -2.44899e-05 0.00112862
19.94 0.102333 0.101591 0.0891638 -0.000529991 -0.000109553 0.00109605
19.96 0.102319 0.101593 0.0892102 -0.000352207 6.27466e-05 0.00115894
19.98 0.102314 0.10161 0.0892607 -0.000120481 0.000416812 0.00126337
20 0.10232 0.101641 0.0893131 0.00014844 0.000775538 0.00130955
20.02 0.102338 0.10168 0.0893615 0.00043558 0.000973166 0.00121003
20.04 0.102365 0.101718 0.0893997 0.00068321 0.00094215 0.000955585
20.06 0.102397 0.101747 0.089425 0.000805529 0.000725939 0.000631549
20.08 0.102427 0.101764 0.08944 0.000742323 0.000437655 0.000376599
20.1 0.102448 0.101773 0.0894523 0.000512025 0.000206753 0.000305529
20.12 0.102457 0.101778 0.0894697 0.000225003 0.000132567 0.00043591
20.14 0.102458 0.101788 0.0894967 4.56047e-05 0.000250589 0.000674377
20.16 0.102463 0.101809 0.0895318 0.000105911 0.000525218 0.000877792
20.18 0.102479 0.101844 0.0895699 0.000409946 0.000874353 0.000952091
20.2 0.102511 0.101892 0.0896061 0.00080058 0.00119857 0.000904401
20.22 0.102553 0.101948 0.0896377 0.00103922 0.00139579 0.000791746
20.24 0.102591 0.102003 0.0896629 0.000955267 0.00139017 0.000629937
20.26 0.102614 0.102051 0.089678 0.000567772 0.00118491 0.000376859
20.28 0.102618 0.102086 0.0896786 0.000100815 0.000881006 1.48491e-05
20.3 0.102612 0.102111 0.0896639 -0.000142634 0.000628728 -0.000366763
20.32 0.102613 0.102133 0.0896404 2.03411e-05 0.000548653 -0.000589115
20.34 0.102634 0.10216 0.0896203 0.000522358 0.000670618 -0.000502229
20.36 0.102677 0.102197 0.089616 0.0010785 0.000920233 -0.000105493
20.38 0.102731 0.102243 0.0896333 0.0013525 0.0011601 0.000431796
20.4 0.102777 0.102294 0.0896683 0.00116128 0.00126928 0.000874613
20.42 0.102801 0.102343 0.0897116 0.000605009 0.00121781 0.00108319
20.44 0.102803 0.102386 0.089756 3.12245e-05 0.00108616 0.00110979
20.46 0.102796 0.102426 0.0898012 -0.000179906 0.000999716 0.00113036
20.48 0.102801 0.102467 0.0898514 0.000124617 0.00103272 0.00125305
20.5 0.102831 0.102514 0.089907 0.000763275 0.00117471 0.0013922
20.52 0.102885 0.102569 0.0899604 0.00134766 0.00137701 0.00133455
20.54 0.102947 0.102633 0.0899983 0.00155179 0.00160074 0.00094755
20.56 0.103 0.102706 0.0900125 0.00133691 0.00181293 0.000354338
20.58 0.103039 0.102784 0.0900088 0.000974923 0.00196501 -9.18614e-05
20.6 0.103073 0.102864 0.090007 0.000843127 0.00199074 -4.4764e-05
20.62 0.103119 0.102937 0.0900299 0.00114069 0.0018288 0.000571628
20.64 0.103189 0.102996 0.0900896 0.00174534 0.00147989 0.0014921
20.66 0.10328 0.103039 0.0901808 0.00229149 0.00106275 0.00228009
20.68 0.103377 0.103071 0.0902848 0.00241803 0.000792471 0.00260143
20.7 0.103458 0.103105 0.090381 0.00202568 0.000858522 0.002403
20.72 0.103513 0.103156 0.0904567 0.00136185 0.00128285 0.00189245
20.74 0.103547 0.103231 0.0905115 0.000869009 0.00186848 0.00137178
20.76 0.103583 0.103323 0.0905539 0.00089638 0.0023034 0.00105997
20.78 0.103642 0.103417 0.0905941 0.00146765 0.00235585 0.00100483
20.8 0.103732 0.103498 0.0906384 0.00225228 0.00201562 0.00110749
20.82 0.103842 0.103557 0.0906875 0.00275281 0.00147766 0.00122715
20.84 0.103946 0.103597 0.0907387 0.00260027 0.000992361 0.00127941
20.86 0.104017 0.103625 0.0907888 0.00177525 0.0006942 0.00125155
20.88 0.104042 0.103646 0.0908351 0.00062093 0.000530208 0.00115985
20.9 0.104028 0.10366 0.0908761 -0.000354148 0.000342394 0.00102365
20.92 0.103997 0.103661 0.0909111 -0.000756774 4.07872e-05 0.000874707
20.94 0.103977 0.103649 0.0909415 -0.000508895 -0.000292624 0.000759476
20.96 0.103983 0.103631 0.09097 0.00014165 -0.000462102 0.000714239
20.98 0.104014 0.103619 0.0909993 0.000792319 -0.000307396 0.000732851
21 0.10406 0.103626 0.0910296 0.00112785 0.000171599 0.000755561
21.02 0.104103 0.103657 0.0910575 0.00108028 0.00077927 0.000698535
21.04 0.104135 0.103705 0.0910778 0.00081351 0.00120862 0.000508011
21.06 0.104158 0.103753 0.0910857 0.000565907 0.00120993 0.00019685
21.08 0.104177 0.103783 0.0910795 0.000481376 0.000742519 -0.000155287
21.1 0.104199 0.103784 0.0910619 0.000545723 1.77355e-05 -0.000439445
21.12 0.104225 0.10376 0.0910391 0.000645351 -0.000606344 -0.000571256
21.14 0.104252 0.103727 0.0910181 0.000685561 -0.000817327 -0.000524742
21.16 0.10428 0.103707 0.091005 0.000680317 -0.000504233 -0.000326898
21.18 0.104309 0.103715 0.0910038 0.000739426 0.000200258 -3.07832e-05
21.2 0.104347 0.103755 0.0910164 0.000959508 0.000993919 0.000316077
21.22 0.104401 0.103817 0.0910441 0.00132601 0.0015557 0.000691358
21.24 0.104469 0.103885 0.0910871 0.00170759 0.00169907 0.00107717
21.26 0.104546 0.103942 0.091144 0.00192903 0.00143661 0.00142141
21.28 0.104621 0.10398 0.0912095 0.00186983 0.000937678 0.00163659
21.3 0.104682 0.103997 0.0912757 0.0015389 0.000434282 0.00165496
21.32 0.104726 0.104002 0.0913356 0.00109081 0.000129889 0.00149743
21.34 0.104756 0.104008 0.091387 0.000757221 0.000131564 0.00128574
21.36 0.104785 0.104024 0.091434 0.000728041 0.00041453 0.00117571
21.38 0.104827 0.104057 0.0914839 0.00105177 0.000834699 0.00124783
21.4 0.104891 0.104105 0.0915413 0.00159494 0.00119586 0.00143389
21.42 0.104974 0.104159 0.0916034 0.00207873 0.00134687 0.00155393
21.44 0.105062 0.104209 0.0916618 0.00219597 0.00123923 0.00145897
21.46 0.105133 0.104246 0.0917087 0.00177241 0.000919866 0.00117152
21.48 0.105168 0.104265 0.0917441 0.000878103 0.000494195 0.000885112
21.5 0.105161 0.104268 0.0917765 -0.000187712 7.83596e-05 0.000809722
21.52 0.10512 0.104258 0.0918166 -0.0010272 -0.000250123 0.00100292
21.54 0.105067 0.10424 0.0918695 -0.00132637 -0.000470333 0.00132241
21.56 0.105026 0.104216 0.0919305 -0.00100485 -0.000581124 0.00152596
21.58 0.105016 0.104194 0.0919881 -0.000258304 -0.000556987 0.00143855
21.6 0.105037 0.10418 0.0920308 0.000520595 -0.00036449 0.00106782
21.62 0.105074 0.104178 0.0920543 0.000917175 -2.61167e-05 0.000589166
21.64 0.105102 0.104192 0.0920626 0.000701002 0.000341542 0.000207051
21.66 0.105099 0.104215 0.0920627 -5.45443e-05 0.000567489 1.76779e-06
21.68 0.105058 0.104236 0.0920586 -0.00102814 0.00052073 -0.000102646
21.7 0.104985 0.104244 0.0920496 -0.00183348 0.00019934 -0.000224682
21.72 0.104897 0.104234 0.0920341 -0.00220238 -0.000244298 -0.000387412
21.74 0.104814 0.104211 0.0920148 -0.00208355 -0.000576298 -0.000483381
21.76 0.104748 0.104186 0.0920007 -0.00163854 -0.000620526 -0.000352131
21.78 0.104702 0.104171 0.0920046 -0.0011421 -0.000364259 9.9022e-05
21.8 0.10467 0.104173 0.092037 -0.000818605 4.48581e-05 0.000807912
21.82 0.104641 0.104189 0.0920994 -0.000712069 0.000399015 0.00156133
21.84 0.104613 0.104211 0.0921829 -0.000701791 0.000549856 0.00208786
21.86 0.104587 0.10423 0.0922703 -0.000648503 0.000473522 0.00218375
21.88 0.104566 0.104241 0.0923426 -0.000515131 0.000261836 0.00180765
21.9 0.104552 0.104243 0.0923868 -0.000357529 6.63116e-05 0.00110465
21.92 0.104543 0.104245 0.0924006 -0.000239882 3.5058e-05 0.000346937
21.94 0.104536 0.104255 0.0923932 -0.000170475 0.000257695 -0.00018619
21.96 0.104532 0.104284 0.09238 -9.49997e-05 0.000719701 -0.000330277
21.98 0.104535 0.104335 0.0923765 7.15084e-05 0.00128834 -8.72073e-05
22 0.10455 0.104405 0.0923929 0.0003916 0.00174952 0.000409914
22.02 0.104584 0.104481 0.0924318 0.000843195 0.00189587 0.000972503
22.04 0.104636 0.104547 0.0924887 0.00129669 0.00163951 0.00142324
22.06 0.104699 0.10459 0.0925546 0.00158141 0.00109274 0.00164629
22.08 0.104763 0.104612 0.0926192 0.00159328 0.000535986 0.00161637
22.1 0.104818 0.104623 0.0926746 0.00136332 0.000267554 0.00138386
22.12 0.104859 0.10464 0.0927159 0.00104325 0.000441901 0.00103172
22.14 0.104892 0.10468 0.0927417 0.000818322 0.00100384 0.000647127
22.16 0.104924 0.10475 0.0927546 0.000808779 0.00172869 0.000320649
22.18 0.104965 0.104843 0.0927602 0.00101227 0.00232817 0.000140064
22.2 0.105018 0.104946 0.0927663 0.00131517 0.0025868 0.00015453
22.22 0.10508 0.105045 0.0927803 0.00156326 0.00246411 0.000348488
22.24 0.105146 0.105128 0.0928064 0.00163852 0.00208098 0.000651708
22.26 0.105206 0.105192 0.0928449 0.00150844 0.00160654 0.000963962
22.28 0.105255 0.105239 0.0928922 0.00123524 0.00116266 0.00118171
22.3 0.105293 0.105271 0.0929415 0.000944691 0.000813329 0.00123225
22.32 0.105324 0.105295 0.0929858 0.000767422 0.000599191 0.00110921
22.34 0.105355 0.105317 0.0930212 0.000787642 0.000548954 0.000885111
22.36 0.105396 0.105343 0.0930486 0.00101799 0.000654854 0.000684126
22.38 0.105451 0.105378 0.0930736 0.00138214 0.000860207 0.000626002
22.4 0.10552 0.105421 0.0931041 0.00171768 0.00108574 0.000761609
22.42 0.105594 0.105472 0.0931455 0.0018535 0.00127144 0.00103462
22.44 0.105663 0.105528 0.0931979 0.00173314 0.00140608 0.00130974
22.46 0.105722 0.105589 0.0932566 0.00147288 0.00152418 0.0014669
22.48 0.105774 0.105656 0.0933162 0.00128786 0.00165892 0.00149091
22.5 0.105828 0.105727 0.0933749 0.00134697 0.00177821 0.00146749
22.52 0.105894 0.105798 0.0934343 0.00166237 0.00177271 0.0014851
22.54 0.105977 0.105859 0.0934958 0.00206918 0.00153289 0.00153777
22.56 0.10607 0.105901 0.0935567 0.00231941 0.00105847 0.00152165
22.58 0.10616 0.105921 0.0936097 0.00225265 0.000501381 0.00132462
22.6 0.106237 0.105925 0.093647 0.00191587 9.09623e-05 0.000934177
22.62 0.106298 0.105925 0.0936659 0.00153755 1.67915e-06 0.000472671
22.64 0.106353 0.105935 0.0936707 0.00137242 0.000259926 0.000119544
22.66 0.106414 0.105965 0.0936702 0.00151472 0.000726881 -1.33891e-05
22.68 0.106487 0.106011 0.0936724 0.00182734 0.00116881 5.62742e-05
22.7 0.106569 0.106067 0.0936815 0.00206112 0.0013964 0.000227805
22.72 0.106651 0.106122 0.0936982 0.0020506 0.00137222 0.000416501
22.74 0.106724 0.10617 0.0937227 0.00181029 0.0012042 0.000612636
22.76 0.106783 0.106212 0.093757 0.00148771 0.00104086 0.000857205
22.78 0.106833 0.10625 0.0938035 0.00124887 0.00095163 0.00116279
22.8 0.10688 0.106285 0.0938612 0.00116423 0.000883161 0.00144236
22.82 0.106926 0.106315 0.093922 0.00116315 0.000733289 0.00151887
22.84 0.10697 0.106334 0.0939713 0.00110931 0.000476576 0.0012333
22.86 0.107008 0.106343 0.0939945 0.000938776 0.000229238 0.000581139
22.88 0.107037 0.106351 0.0939856 0.000731021 0.000193722 -0.000223233
22.9 0.107063 0.106371 0.0939528 0.000643706 0.000508974 -0.00082072
22.92 0.107094 0.106415 0.0939168 0.000766493 0.00111053 -0.000899614
22.94 0.107135 0.106484 0.0939012 0.00102516 0.00172563 -0.00038946
22.96 0.107184 0.106566 0.0939211 0.00123255 0.00203017 0.000496553
22.98 0.107234 0.10664 0.0939776 0.00123957 0.00185903 0.00141355
23 0.107275 0.106693 0.0940613 0.00104319 0.00131874 0.00209114
23.02 0.107306 0.106721 0.094158 0.0007641 0.000716893 0.00241923
23.04 0.107327 0.106736 0.0942538 0.000536364 0.000359075 0.00239473
23.06 0.107344 0.10675 0.0943357 0.000405965 0.000357677 0.00204692
23.08 0.107355 0.106773 0.0943931 0.000298514 0.000586709 0.00143573
23.1 0.107359 0.106806 0.0944214 9.57705e-05 0.000816369 0.000706645
23.12 0.10735 0.106842 0.0944256 -0.000232797 0.000902635 0.000104747
23.14 0.107327 0.106877 0.0944208 -0.000586302 0.000866974 -0.000118518
23.16 0.107294 0.10691 0.0944261 -0.000813234 0.000817686 0.000131376
23.18 0.107261 0.106942 0.0944532 -0.000823331 0.000804096 0.000678049
23.2 0.107235 0.106971 0.0944988 -0.000643697 0.000741947 0.00114064
23.22 0.107219 0.106991 0.0945461 -0.000396353 0.000483442 0.00118113
23.24 0.107211 0.10699 0.0945764 -0.000212737 -2.15918e-05 0.000756884
23.26 0.107205 0.106965 0.0945833 -0.000143251 -0.000615053 0.000173784
23.28 0.107199 0.106925 0.0945789 -0.000153456 -0.00100224 -0.000110593
23.3 0.107191 0.106886 0.094587 -0.000207962 -0.000969993 0.000201648
23.32 0.107178 0.106864 0.0946281 -0.000328126 -0.000564032 0.00102864
23.34 0.107155 0.106861 0.0947058 -0.000557844 -6.54701e-05 0.00194227
23.36 0.10712 0.10687 0.0948034 -0.000894385 0.000218759 0.00243897
23.38 0.107069 0.106877 0.0948933 -0.00126267 0.000170998 0.00224769
23.4 0.107007 0.106873 0.0949521 -0.00154601 -9.0922e-05 0.00147188
23.42 0.106942 0.106859 0.094972 -0.00163889 -0.000344961 0.000496082
23.44 0.106882 0.106841 0.0949613 -0.00150304 -0.000448805 -0.000266482
23.46 0.106834 0.106825 0.0949374 -0.00119309 -0.000422656 -0.000597036
23.48 0.106801 0.106809 0.0949168 -0.000818128 -0.000377573 -0.000515277
23.5 0.106782 0.106795 0.0949105 -0.000473862 -0.000368024 -0.000158805
23.52 0.106774 0.106782 0.0949244 -0.000213795 -0.000311197 0.000348445
23.54 0.106771 0.10678 0.0949613 -7.06102e-05 -6.37635e-05 0.000922908
23.56 0.106768 0.106796 0.0950197 -7.96538e-05 0.000405185 0.00145941
23.58 0.106757 0.106833 0.0950913 -0.000262245 0.000921014 0.00179066
23.6 0.106734 0.106881 0.0951616 -0.000572317 0.00119883 0.00175766
23.62 0.1067 0.106923 0.0952153 -0.000850285 0.00105005 0.00134167
23.64 0.106666 0.106944 0.0952445 -0.000855561 0.000533018 0.000730086
23.66 0.106649 0.106941 0.0952543 -0.000425622 -6.80193e-05 0.000245442
23.68 0.106663 0.106924 0.0952609 0.000350665 -0.000425293 0.000163678
23.7 0.106708 0.106909 0.0952823 0.00113472 -0.00038374 0.000534511
23.72 0.10677 0.106907 0.0953275 0.00155038 -4.66048e-05 0.00113126
23.74 0.106828 0.10692 0.0953905 0.00144136 0.000322994 0.00157532
23.76 0.106867 0.10694 0.0954528 0.000982406 0.00049705 0.00155812
23.78 0.10689 0.106957 0.0954939 0.000575052 0.000429467 0.00102658
23.8 0.106914 0.106967 0.0955029 0.000586538 0.000257463 0.000225779
23.82 0.106958 0.106975 0.095486 0.00110466 0.000182494 -0.000422795
23.84 0.107033 0.106988 0.0954643 0.00188264 0.000334262 -0.000543563
23.86 0.107134 0.107016 0.095464 0.0025141 0.000696281 -8.17974e-06
23.88 0.107242 0.107061 0.095504 0.00271063 0.0011287 0.00100009
23.9 0.107342 0.10712 0.0955872 0.00248408 0.00147584 0.00208131
23.92 0.107426 0.107187 0.0956992 0.00210822 0.00167334 0.00279845
23.94 0.107502 0.107258 0.0958132 0.00190997 0.00176322 0.00285003
23.96 0.107585 0.10733 0.0959008 0.00205783 0.00181885 0.0021912
23.98 0.107684 0.107405 0.095944 0.00247879 0.00187183 0.00107956
24 0.107801 0.107482 0.0959437 0.00292917 0.00191092 -6.14234e-06
24.02 0.107927 0.107559 0.0959205 0.00315299 0.00192592 -0.000582162
24.04 0.108048 0.107636 0.0959041 0.00302698 0.00194082 -0.000408844
24.06 0.108153 0.107717 0.0959192 0.00261542 0.0020074 0.000377312
24.08 0.108237 0.107803 0.0959725 0.00211695 0.00216085 0.00133353
24.1 0.108308 0.107898 0.0960504 0.00175642 0.00236851 0.00194655
24.12 0.108375 0.107999 0.0961268 0.0016808 0.00253196 0.00190967
24.14 0.108451 0.108101 0.0961784 0.0018908 0.00255065 0.00128948
24.16 0.10854 0.108196 0.0961975 0.00223492 0.00237571 0.000477745
24.18 0.10864 0.108277 0.0961953 0.00248944 0.00203166 -5.33048e-05
24.2 0.108739 0.108343 0.0961937 0.00248936 0.00163316 -4.0309e-05
24.22 0.108828 0.108397 0.0962108 0.00222286 0.00136366 0.000427326
24.24 0.108901 0.108452 0.0962505 0.00182893 0.00137718 0.000993107
24.26 0.108961 0.10852 0.0963015 0.00150397 0.00168734 0.0012727
24.28 0.109016 0.108605 0.0963446 0.00136692 0.00213938 0.00107753
24.3 0.109071 0.108704 0.0963646 0.00137477 0.00247464 0.000501469
24.32 0.109126 0.108803 0.0963585 0.00136579 0.00245496 -0.000151852
24.34 0.109174 0.108883 0.0963369 0.00119781 0.00201549 -0.000542091
24.36 0.109208 0.108937 0.0963185 0.000869275 0.00134343 -0.000459385
24.38 0.10923 0.108969 0.0963224 0.000533481 0.000793193 9.71445e-05
24.4 0.109245 0.108995 0.0963598 0.000386588 0.000671052 0.000935051
24.42 0.109266 0.109037 0.0964298 0.000510936 0.00102699 0.00175016
24.44 0.109298 0.109101 0.0965195 0.000797236 0.0016067 0.00224393
24.46 0.109338 0.109181 0.0966088 0.00100931 0.00201633 0.00223288
24.48 0.109375 0.109261 0.0966774 0.000937611 0.00198234 0.00171493
24.5 0.109397 0.109321 0.0967129 0.000540634 0.00151759 0.000886226
24.52 0.109397 0.109357 0.0967162 -6.44897e-06 0.000892585 8.21975e-05
24.54 0.10938 0.109375 0.0967018 -0.000418995 0.000450127 -0.000358447
24.56 0.109359 0.109391 0.096692 -0.000515525 0.000386255 -0.000245788
24.58 0.109345 0.109416 0.0967068 -0.000357005 0.000633227 0.000370911
24.6 0.109338 0.109453 0.096756 -0.000185528 0.000924421 0.00122771
24.62 0.109329 0.109492 0.0968349 -0.000219823 0.000987608 0.00197294
24.64 0.10931 0.109521 0.0969276 -0.000483052 0.000712744 0.00231696
24.66 0.109278 0.109528 0.0970132 -0.000795626 0.000186541 0.00214216
24.68 0.10924 0.109512 0.0970752 -0.000930865 -0.000398833 0.00155026
24.7 0.109208 0.109478 0.0971078 -0.000809724 -0.000872355 0.000813047
24.72 0.109185 0.109431 0.097117 -0.000574366 -0.00115497 0.000231
24.74 0.109166 0.109381 0.0971161 -0.000470666 -0.00125301 -2.1915e-05
24.76 0.109141 0.109333 0.0971175 -0.000640769 -0.00121431 3.51815e-05
24.78 0.109101 0.10929 0.0971276 -0.00100246 -0.00107951 0.000250315
24.8 0.109048 0.109255 0.0971457 -0.00131493 -0.000866506 0.000454112
24.82 0.108994 0.109231 0.0971677 -0.0013564 -0.000601182 0.000549462
24.84 0.108951 0.109217 0.0971895 -0.00106733 -0.000345866 0.000545874
24.86 0.108928 0.10921 0.0972109 -0.000583923 -0.000176334 0.00053409
24.88 0.108922 0.109205 0.0972353 -0.000153005 -0.000135125 0.000611116
24.9 0.108923 0.109196 0.0972674 2.58665e-05 -0.000215474 0.000801577
24.92 0.10892 0.109181 0.0973091 -7.67139e-05 -0.000373004 0.00104146
24.94 0.108906 0.109159 0.0973581 -0.000329784 -0.000552554 0.00122716
24.96 0.108884 0.10913 0.0974092 -0.000559757 -0.000711616 0.00127555
24.98 0.108858 0.109098 0.0974557 -0.000654089 -0.000817155 0.00116263
25 0.108834 0.109064 0.097493 -0.000583407 -0.000833662 0.000933566
25.02 0.10882 0.109035 0.0975204 -0.000370299 -0.000731791 0.000684775
25.04 0.108817 0.109014 0.0975415 -5.61084e-05 -0.000517654 0.000526851
25.06 0.10883 0.109004 0.0975633 0.000306884 -0.000256886 0.000546185
25.08 0.108855 0.109002 0.0975941 0.000645562 -5.9266e-05 0.000770382
25.1 0.10889 0.109001 0.0976399 0.000863747 -2.2989e-05 0.0011438
25.12 0.108925 0.108994 0.0977015 0.000876456 -0.000174693 0.00154018
25.14 0.108952 0.108976 0.0977745 0.000674144 -0.000442788 0.00182455
25.16 0.108967 0.108949 0.0978512 0.000364083 -0.000688668 0.00191901
25.18 0.108972 0.108917 0.0979243 0.000136969 -0.000782473 0.00182726
25.2 0.108979 0.108891 0.097989 0.000161963 -0.000669011 0.00161542
25.22 0.108997 0.108875 0.0980432 0.000464326 -0.000394727 0.00135721
25.24 0.109032 0.108871 0.0980863 0.00087832 -9.09495e-05 0.00107699
25.26 0.109078 0.108875 0.0981164 0.00113624 9.65134e-05 0.000751318
25.28 0.10912 0.108879 0.0981319 0.00105421 0.000107205 0.000388867
25.3 0.109147 0.10888 0.0981361 0.000685861 1.55549e-05 0.000104015
25.32 0.10916 0.108879 0.0981388 0.000313608 -2.00459e-05 6.679e-05
25.34 0.10917 0.108884 0.0981527 0.000263781 0.000122608 0.000349347
25.36 0.109197 0.108901 0.0981855 0.000664048 0.000429928 0.000819934
25.38 0.10925 0.108932 0.0982332 0.00133 0.000765209 0.00119267
25.4 0.109325 0.108971 0.0982814 0.00188184 0.000981108 0.00120422
25.42 0.109406 0.109012 0.0983131 0.00200727 0.00102441 0.00079142
25.44 0.109473 0.10905 0.0983191 0.00168237 0.000953102 0.000150272
25.46 0.109521 0.109085 0.0983043 0.0011939 0.000882968 -0.000369977
25.48 0.109559 0.109122 0.0982852 0.000946653 0.000926029 -0.000476747
25.5 0.109606 0.109168 0.0982807 0.00118737 0.00114031 -0.000111624
25.52 0.10968 0.109228 0.0983014 0.00183821 0.00149827 0.000515635
25.54 0.109782 0.109304 0.0983436 0.00256299 0.00190917 0.00105577
25.56 0.109902 0.109396 0.0983928 0.00299717 0.00227939 0.00122921
25.58 0.110021 0.109498 0.0984322 0.00297232 0.00255823 0.000984957
25.6 0.110125 0.109607 0.0984523 0.00258929 0.00272663 0.000504316
25.62 0.110209 0.109717 0.0984546 0.00210419 0.00274963 5.74225e-05
25.64 0.110278 0.10982 0.098448 0.00174285 0.00257908 -0.00016581
25.66 0.110342 0.10991 0.0984427 0.00159669 0.0022349 -0.000132639
25.68 0.110408 0.109985 0.0984457 0.00164185 0.0018754 7.4228e-05
25.7 0.110481 0.110054 0.09846 0.00182288 0.00174709 0.000357278
25.72 0.110566 0.110135 0.098487 0.00211723 0.00202318 0.000676943
25.74 0.110666 0.110241 0.0985286 0.00251539 0.00265269 0.00103897
25.76 0.110784 0.110375 0.098585 0.00293988 0.00334859 0.00141015
25.78 0.110912 0.110525 0.0986517 0.00321068 0.00373866 0.0016672
25.8 0.111037 0.110669 0.098718 0.00312266 0.00359403 0.00165753
25.82 0.111141 0.110788 0.0987711 0.0025889 0.00299407 0.00132853
25.84 0.111211 0.110881 0.0988035 0.00174758 0.00230269 0.000809528
25.86 0.111248 0.110958 0.0988181 0.000940723 0.00194058 0.000363627
25.88 0.111269 0.111042 0.0988274 0.000531757 0.00209477 0.000234372
25.9 0.111296 0.111145 0.0988469 0.000660253 0.00257792 0.000485791
25.92 0.111341 0.111263 0.0988852 0.00113857 0.0029527 0.000959271
25.94 0.111405 0.111377 0.098941 0.00158329 0.00284245 0.0013934
25.96 0.111472 0.111465 0.0990055 0.00166898 0.00220737 0.00161296
25.98 0.111524 0.11152 0.0990706 0.00131826 0.00137673 0.00162663
26 0.111553 0.111553 0.0991331 0.000717836 0.000813357 0.00156267
26.02 0.11156 0.111584 0.099194 0.000173527 0.000784298 0.0015241
26.04 0.111556 0.111631 0.0992538 -0.00010471 0.00117083 0.00149508
26.06 0.11155 0.111693 0.0993089 -0.00014409 0.00155799 0.0013756
26.08 0.111543 0.111755 0.0993532 -0.000163247 0.00154161 0.00110957
26.1 0.111528 0.111796 0.0993843 -0.000375536 0.00101796 0.000776346
26.12 0.111496 0.111805 0.0994063 -0.000806642 0.000235977 0.000550606
26.14 0.111445 0.111789 0.0994289 -0.00127495 -0.000415792 0.000563851
26.16 0.111383 0.111761 0.0994604 -0.00154539 -0.000695009 0.000788873
26.18 0.111323 0.111735 0.0995025 -0.00150872 -0.000633371 0.00105159
26.2 0.111273 0.111717 0.0995491 -0.00124554 -0.000448338 0.0011645
26.22 0.111235 0.111703 0.0995918 -0.000959866 -0.000348763 0.00106809
26.24 0.111201 0.111688 0.0996264 -0.000852891 -0.000392887 0.000864603
26.26 0.11116 0.111668 0.0996553 -0.00101374 -0.000492958 0.000723285
26.28 0.111105 0.111647 0.0996851 -0.00137684 -0.00052865 0.000743997
26.3 0.111035 0.111628 0.0997205 -0.00176247 -0.000462886 0.000886205
26.32 0.110956 0.111614 0.099761 -0.00196477 -0.000358029 0.00101102
26.34 0.110882 0.111602 0.0998003 -0.00184973 -0.000291625 0.000984417
26.36 0.110825 0.111592 0.0998304 -0.00142666 -0.00027109 0.000751774
26.38 0.110791 0.111582 0.0998445 -0.000845446 -0.000229267 0.000351935
26.4 0.110778 0.111578 0.09984 -0.000318221 -0.000100894 -0.000112456
26.42 0.110778 0.111582 0.0998196 -1.18288e-05 9.88442e-05 -0.000509022
26.44 0.110779 0.111593 0.0997913 3.25872e-05 0.000278673 -0.000708551
26.46 0.110776 0.111608 0.0997665 -8.27936e-05 0.000350984 -0.000618275
26.48 0.110769 0.11162 0.0997583 -0.000178918 0.000308466 -0.000204899
26.5 0.110764 0.111629 0.0997773 -0.000128096 0.000229532 0.000473714
26.52 0.110766 0.111638 0.099827 6.04416e-05 0.000222065 0.00124293
26.54 0.110777 0.111652 0.099901 0.000264076 0.000349348 0.00184982
26.56 0.110791 0.111675 0.0999845 0.000353573 0.000572664 0.00208652
26.58 0.110803 0.111705 0.100061 0.000304699 0.000758948 0.00190726
26.6 0.110812 0.111736 0.100118 0.000230762 0.000772253 0.00142964
26.62 0.110825 0.111759 0.100152 0.000315628 0.000570823 0.000843563
26.64 0.110852 0.111768 0.100164 0.000678156 0.000225886 0.000318848
26.66 0.110902 0.111763 0.100163 0.0012589 -0.000125092 -2.60951e-05
26.68 0.110975 0.111749 0.100159 0.00183155 -0.000339025 -0.000104051
26.7 0.111061 0.111736 0.100165 0.00214791 -0.000327155 0.000155852
26.72 0.111146 0.111732 0.100196 0.00210948 -0.000101977 0.000773471
26.74 0.111219 0.111741 0.100262 0.00181927 0.000219219 0.00163518
26.76 0.111278 0.11176 0.10036 0.00147656 0.000469758 0.00244611
26.78 0.111327 0.11178 0.100472 0.00122357 0.000513223 0.00281263
26.8 0.111369 0.111793 0.100571 0.00106786 0.000308605 0.00245904
26.82 0.111406 0.11179 0.100628 0.00092854 -6.19807e-05 0.0014463
26.84 0.111437 0.111773 0.100637 0.000756697 -0.000429542 0.000210341
26.86 0.111461 0.111747 0.100611 0.000609247 -0.000639205 -0.000653012
26.88 0.111486 0.111722 0.100582 0.000616898 -0.000639494 -0.000728129
26.9 0.111521 0.111702 0.100581 0.000882516 -0.000483638 -2.42514e-05
26.92 0.111576 0.111691 0.100622 0.00138349 -0.000274524 0.00102597
26.94 0.111654 0.111687 0.100694 0.00194423 -0.000111826 0.00182088
26.96 0.111747 0.111685 0.100772 0.00231047 -5.7469e-05 0.00194281
26.98 0.111838 0.111679 0.100828 0.00229466 -0.000131307 0.00138676
27 0.111914 0.111666 0.100849 0.00189666 -0.000325269 0.000525474
27.02 0.111967 0.111643 0.100843 0.00131743 -0.000589501 -0.000146805
27.04 0.112001 0.111611 0.10083 0.000847466 -0.000804279 -0.000309636
27.06 0.112029 0.111578 0.100832 0.000696461 -0.000807978 3.98969e-05
27.08 0.112064 0.111558 0.100858 0.00087791 -0.000500507 0.000646705
27.1 0.112113 0.111561 0.100905 0.00122544 6.68623e-05 0.00117028
27.12 0.112173 0.111589 0.100959 0.0015132 0.00069405 0.00135445
27.14 0.112237 0.111633 0.101004 0.00159917 0.00111771 0.00113344
27.16 0.112298 0.111679 0.10103 0.00150584 0.00113869 0.00064491
27.18 0.112353 0.111709 0.101036 0.00138545 0.000738914 0.000140359
27.2 0.112409 0.111714 0.10103 0.0013901 0.000124991 -0.000139597
27.22 0.11247 0.111699 0.101027 0.0015446 -0.000353678 -6.44711e-05
27.24 0.11254 0.111684 0.10104 0.00173202 -0.000393358 0.000325022
27.26 0.112612 0.111687 0.101074 0.00179803 8.53349e-05 0.00082697
27.28 0.112679 0.111723 0.101121 0.00167713 0.000891115 0.00119158
27.3 0.112736 0.11179 0.101172 0.00143628 0.00167873 0.00127751
27.32 0.112785 0.111876 0.101217 0.00121895 0.00215563 0.00112229
27.34 0.112831 0.111966 0.101252 0.00115346 0.00224224 0.000870933
27.36 0.112882 0.112049 0.101278 0.00127623 0.00207449 0.00064347
27.38 0.112942 0.112124 0.101296 0.00149801 0.00186972 0.000461004
27.4 0.113008 0.112195 0.101307 0.00164398 0.00177315 0.000275243
27.42 0.11307 0.112266 0.10131 0.00155465 0.00178257 6.61339e-05
27.44 0.113118 0.112337 0.101306 0.00119221 0.00178497 -8.54475e-05
27.46 0.113145 0.112404 0.101305 0.000685917 0.00167314 -3.24795e-05
27.48 0.113155 0.112462 0.101317 0.000261314 0.00144945 0.000304456
27.5 0.113159 0.112512 0.10135 8.86503e-05 0.00123888 0.00082011
27.52 0.113166 0.11256 0.1014 0.000176986 0.00121011 0.00125335
27.54 0.113182 0.112619 0.101454 0.000391718 0.00146169 0.00135351
27.56 0.113204 0.112696 0.101496 0.000547996 0.00192956 0.00104948
27.58 0.113224 0.112791 0.101516 0.00050885 0.0023773 0.000498528
27.6 0.113234 0.112891 0.101516 0.000253466 0.00251219 -8.67242e-06
27.62 0.113229 0.112978 0.101507 -0.000116927 0.00217941 -0.000216938
27.64 0.113212 0.113039 0.101506 -0.000444774 0.00150318 -4.13444e-05
27.66 0.113187 0.113072 0.101522 -0.000611933 0.000845057 0.000418281
27.68 0.113163 0.113096 0.101561 -0.000599942 0.000578263 0.000973179
27.7 0.113144 0.113129 0.10162 -0.000488537 0.00084124 0.0014659
27.72 0.113128 0.113187 0.101693 -0.000400608 0.00145168 0.00181768
27.74 0.113111 0.113268 0.101773 -0.000415172 0.00202755 0.00200539
27.76 0.11309 0.113357 0.101854 -0.000516231 0.00222668 0.00202154
27.78 0.113065 0.113436 0.101928 -0.000624951 0.00195239 0.0018492
27.8 0.113038 0.113491 0.101987 -0.000678709 0.0013984 0.00148414
27.82 0.113011 0.113528 0.102027 -0.000671788 0.000912487 0.000994828
27.84 0.112986 0.113559 0.102049 -0.000637225 0.00077239 0.000545848
27.86 0.112961 0.1136 0.102062 -0.000615968 0.00101832 0.000332772
27.88 0.112936 0.113658 0.102081 -0.000622845 0.00145113 0.000471723
27.9 0.112912 0.113729 0.102118 -0.000619137 0.00178764 0.000916872
27.92 0.11289 0.113803 0.102176 -0.000528898 0.00185108 0.00145712
27.94 0.112878 0.11387 0.102249 -0.000301871 0.00166311 0.00181871
27.96 0.11288 0.113925 0.102321 3.70969e-05 0.00137323 0.00182322
27.98 0.112896 0.113969 0.102381 0.000397402 0.00111916 0.00149654
28 0.112922 0.114007 0.102424 0.000664131 0.000942618 0.00105411
28.02 0.112952 0.114039 0.102454 0.00073939 0.000794113 0.000755495
28.04 0.112975 0.114063 0.102483 0.000588449 0.000603053 0.000719705
28.06 0.112987 0.114077 0.102516 0.000278061 0.000354992 0.000842299
28.08 0.112985 0.114082 0.102552 -4.01404e-05 0.00013081 0.000884527
28.1 0.112976 0.114085 0.102578 -0.000220194 5.87635e-05 0.00065748
28.12 0.112968 0.114093 0.102584 -0.000214003 0.000202136 0.000158599
28.14 0.112964 0.114112 0.102567 -8.2978e-05 0.000479548 -0.000426319
28.16 0.112967 0.11414 0.102533 6.98235e-05 0.000695593 -0.000842032
28.18 0.112975 0.114167 0.102497 0.000190242 0.000682691 -0.000903887
28.2 0.112987 0.114185 0.102474 0.000318376 0.000432869 -0.000572869
28.22 0.113009 0.114188 0.102476 0.000543631 9.71697e-05 4.5188e-05
28.24 0.113045 0.114183 0.102506 0.000903756 -0.000129988 0.000744901
28.26 0.113098 0.114177 0.102557 0.00132141 -0.000147236 0.00128577
28.28 0.113163 0.114177 0.102616 0.00162299 -1.54198e-05 0.00146192
28.3 0.113228 0.11418 0.102663 0.00161482 9.40639e-05 0.00117971
28.32 0.113276 0.114182 0.102684 0.00120718 4.07802e-05 0.000521556
28.34 0.113297 0.114175 0.102674 0.000532306 -0.000176763 -0.000260222
28.36 0.113295 0.114158 0.10264 -6.34835e-05 -0.000436925 -0.000848639
28.38 0.113286 0.114133 0.102599 -0.000212204 -0.00060804 -0.00101491
28.4 0.113295 0.114107 0.10257 0.00022519 -0.00064592 -0.000720157
28.42 0.113337 0.114083 0.102566 0.00105046 -0.000601624 -0.000112272
28.44 0.113411 0.114061 0.102588 0.00184376 -0.000562408 0.000562897
28.46 0.113499 0.114038 0.102631 0.00220946 -0.000582249 0.00107705
28.48 0.113579 0.114011 0.102684 0.00199866 -0.000655223 0.00130678
28.5 0.113635 0.113982 0.102734 0.00138429 -0.000745119 0.00127061
28.52 0.113664 0.113949 0.102779 0.000738358 -0.000821904 0.00110256
28.54 0.11368 0.113914 0.102818 0.000402456 -0.000861239 0.000975987
28.56 0.1137 0.113881 0.102858 0.000501827 -0.000824774 0.00101081
28.58 0.113737 0.113854 0.102907 0.000906643 -0.000673395 0.00121763
28.6 0.11379 0.113837 0.102967 0.00134439 -0.000422725 0.00151218
28.62 0.113853 0.113831 0.103038 0.00157321 -0.000169431 0.00177492
28.64 0.113914 0.113829 0.103114 0.00150663 -4.63255e-05 0.00190389
28.66 0.113963 0.113824 0.103188 0.00122814 -0.000130335 0.00183954
28.68 0.113999 0.113809 0.103251 0.000906517 -0.00036586 0.00158025
28.7 0.114026 0.113786 0.103299 0.000684537 -0.000568903 0.00119364
28.72 0.114051 0.113765 0.103331 0.000623655 -0.000539585 0.000808838
28.74 0.11408 0.113756 0.103354 0.000715192 -0.000224782 0.000576211
28.76 0.114116 0.113764 0.103378 0.000903293 0.000210388 0.000605152
28.78 0.11416 0.113783 0.103415 0.00109062 0.000483017 0.000902643
28.8 0.114206 0.113799 0.103469 0.0011685 0.000394086 0.00134783
28.82 0.11425 0.113799 0.103538 0.00108185 -1.03046e-05 0.00173491
28.84 0.114285 0.113781 0.103613 0.000880885 -0.000441048 0.0018688
28.86 0.114313 0.113759 0.103679 0.000705234 -0.000550725 0.00165819
28.88 0.114341 0.113752 0.103725 0.000687056 -0.000176735 0.00115577
28.9 0.114374 0.113773 0.103746 0.000836817 0.000534726 0.000526763
28.92 0.114415 0.113822 0.103745 0.00102422 0.00121584 -2.46846e-05
28.94 0.114458 0.113882 0.103732 0.00107286 0.00150728 -0.000334339
28.96 0.114494 0.113933 0.103718 0.000890649 0.00128198 -0.000339348
28.98 0.114516 0.113962 0.103714 0.000548196 0.000720413 -0.000102551
29 0.114526 0.11397 0.103723 0.000255802 0.000188195 0.000219329
29.02 0.114535 0.11397 0.103741 0.000239812 2.26877e-06 0.000448585
29.04 0.114559 0.11398 0.10376 0.000588854 0.000256522 0.000470481
29.06 0.114606 0.114013 0.103772 0.00117629 0.000823914 0.000302863
29.08 0.114675 0.114072 0.103776 0.00172189 0.00148247 9.46322e-05
29.1 0.114753 0.114154 0.103777 0.00195847 0.00204153 3.01613e-05
29.12 0.114825 0.11425 0.103785 0.00179268 0.00239602 0.000195769
29.14 0.114879 0.114351 0.103805 0.00135961 0.00251619 0.000511602
29.16 0.114917 0.114447 0.103837 0.000935686 0.00242136 0.00078476
29.18 0.114947 0.114535 0.10387 0.000757944 0.00217914 0.000843999
29.2 0.114982 0.114611 0.103896 0.00087216 0.00190056 0.000648345
29.22 0.115027 0.114679 0.103908 0.00113191 0.00170431 0.000302289
29.24 0.115081 0.114746 0.103908 0.00133813 0.00167153 -1.27286e-05
29.26 0.115136 0.114818 0.103902 0.00137813 0.00181335 -0.00014233
29.28 0.115186 0.1149 0.103901 0.00126216 0.00205483 -3.58992e-05
29.3 0.115229 0.114991 0.103911 0.0010759 0.00225634 0.000252483
29.32 0.115266 0.115082 0.103936 0.00090499 0.00229276 0.000632955
29.34 0.115296 0.115168 0.103978 0.000769812 0.00213271 0.00104084
29.36 0.115321 0.115242 0.104035 0.000619248 0.00185478 0.00142697
29.38 0.115337 0.115305 0.104103 0.000404845 0.00158721 0.00171602
29.4 0.115344 0.115362 0.104176 0.000156756 0.00141642 0.00180793
29.42 0.115343 0.115416 0.104241 -2.42336e-05 0.00134575 0.00164042
29.44 0.115341 0.115469 0.104292 -5.158e-05 0.00132755 0.00125757
29.46 0.115344 0.115522 0.104325 7.41461e-05 0.00132184 0.000823508
29.48 0.115354 0.115575 0.104347 0.000271805 0.00132188 0.000558443
29.5 0.115372 0.115628 0.104372 0.000440772 0.00133355 0.000626865
29.52 0.115393 0.115682 0.104414 0.000516831 0.00133999 0.00104123
29.54 0.115412 0.115733 0.104479 0.000476631 0.00128806 0.00163689
29.56 0.115425 0.115778 0.104565 0.000330313 0.00112181 0.00214548
29.58 0.11543 0.115812 0.104659 0.000121034 0.000850048 0.0023386
29.6 0.115426 0.115835 0.104745 -0.000104354 0.000582804 0.00215667
29.62 0.115413 0.115855 0.104814 -0.000321649 0.000485322 0.00173498
29.64 0.115393 0.115881 0.104866 -0.00050573 0.000662011 0.00130514
29.66 0.115368 0.115923 0.104908 -0.000604531 0.00103852 0.00103532
29.68 0.115345 0.115977 0.104945 -0.000579397 0.00135038 0.000927583
29.7 0.115327 0.116029 0.104979 -0.00046274 0.00129392 0.000849891
29.72 0.115313 0.116059 0.105006 -0.00033735 0.000758548 0.000665072
29.74 0.115303 0.116058 0.10502 -0.000256261 -2.90203e-05 0.00034969
29.76 0.115295 0.116034 0.10502 -0.000209657 -0.00060051 1.6611e-05
29.78 0.115288 0.116012 0.105014 -0.000164611 -0.000551104 -0.000164832
29.8 0.115283 0.116018 0.10501 -0.000118782 0.00016193 -9.92423e-05
29.82 0.115279 0.116064 0.105016 -0.000115891 0.00113668 0.00014691
29.84 0.11527 0.116133 0.105031 -0.00022328 0.00174326 0.000375294
29.86 0.11525 0.116195 0.105046 -0.00048501 0.00153381 0.000387364
29.88 0.115216 0.116217 0.105051 -0.00085462 0.00056507 0.000120425
29.9 0.115169 0.116192 0.105039 -0.00116478 -0.000619362 -0.000305994
29.92 0.115121 0.116139 0.105012 -0.00119937 -0.0013381 -0.000672239
29.94 0.115088 0.116091 0.104979 -0.000840998 -0.00121094 -0.000811202
29.96 0.115081 0.116075 0.104951 -0.000177687 -0.000391167 -0.000703497
29.98 0.115102 0.116097 0.104933 0.000526371 0.000564715 -0.000446341
30 0.115141 0.116141 0.104927 0.000976051 0.0010902 -0.00015175
30.02 0.115181 0.11618 0.104932 0.0010137 0.000973081 0.000122422
30.04 0.11521 0.116197 0.104947 0.000717526 0.00043015 0.000373946
30.06 0.115225 0.116193 0.104972 0.000372502 -0.000104365 0.000625096
30.08 0.115237 0.116182 0.105008 0.000298755 -0.000278561 0.000886539
30.1 0.115262 0.116181 0.105053 0.000633959 -2.29086e-05 0.00113693
30.12 0.115312 0.116199 0.105106 0.00123428 0.000439535 0.0013355
30.14 0.115383 0.116229 0.105165 0.00178052 0.000762906 0.00145697
30.16 0.115463 0.116258 0.105225 0.00200626 0.000710705 0.00150757
30.18 0.115538 0.11627 0.105285 0.00187012 0.000299909 0.00150368
30.2 0.1156 0.116261 0.105343 0.00155895 -0.0002236 0.00144592
30.22 0.115654 0.116239 0.105396 0.00134383 -0.000538761 0.00132504
30.24 0.11571 0.116222 0.105442 0.00139612 -0.000435235 0.00115142
30.26 0.115777 0.116224 0.105481 0.00168372 5.92294e-05 0.000978936
30.28 0.115858 0.116251 0.105517 0.00201729 0.000686411 0.000892352
30.3 0.115946 0.116295 0.105555 0.00220413 0.00109767 0.000959361
30.32 0.116034 0.116337 0.105603 0.00218546 0.00104044 0.00119202
30.34 0.116116 0.116357 0.105664 0.00205563 0.000497869 0.00152762
30.36 0.116194 0.116345 0.105737 0.00195378 -0.000290641 0.00183108
30.38 0.116272 0.116307 0.105815 0.00194132 -0.000953386 0.00194747
30.4 0.11635 0.116259 0.105887 0.00195901 -0.00119741 0.00178641
30.42 0.116425 0.11622 0.105942 0.00188007 -0.000976368 0.0013832
30.44 0.11649 0.1162 0.105978 0.00162766 -0.000506088 0.000893074
30.46 0.116541 0.116195 0.105998 0.00126418 -0.000113707 0.00051355
30.48 0.116579 0.116195 0.106013 0.000964928 -1.74696e-05 0.000373889
30.5 0.116615 0.116187 0.106032 0.000893478 -0.000188539 0.000464913
30.52 0.116658 0.116171 0.106058 0.00107751 -0.000395588 0.000651955
30.54 0.116714 0.116156 0.106088 0.00138535 -0.000390563 0.000760359
30.56 0.116779 0.116152 0.106116 0.00162242 -9.61091e-05 0.00068693
30.58 0.116845 0.116165 0.106134 0.00165944 0.00033216 0.000463062
30.6 0.116904 0.11619 0.106143 0.00148329 0.000614914 0.000218964
30.62 0.116951 0.116212 0.106146 0.00116906 0.00056281 8.4847e-05
30.64 0.116984 0.116222 0.106151 0.000828992 0.000237848 0.000119977
30.66 0.117007 0.116218 0.106163 0.000565529 -8.20739e-05 0.000305109
30.68 0.117024 0.116214 0.106186 0.000430545 -0.000114149 0.00056186
30.7 0.11704 0.116223 0.106217 0.000405861 0.000226382 0.00078196
30.72 0.117057 0.116254 0.106252 0.000430267 0.000776921 0.000872093
30.74 0.117075 0.116304 0.106284 0.000450224 0.00123884 0.000800831
30.76 0.117093 0.116358 0.106308 0.00044318 0.00136922 0.000606432
30.78 0.11711 0.116404 0.106323 0.000425618 0.00113627 0.000353985
30.8 0.117129 0.116433 0.106326 0.000464175 0.000734541 9.48802e-05
30.82 0.117154 0.116451 0.106321 0.000638659 0.000455262 -0.000130737
30.84 0.117192 0.116472 0.10631 0.000949079 0.000511227 -0.000267571
30.86 0.117243 0.116509 0.1063 0.0012629 0.000928059 -0.000248149
30.88 0.117297 0.116571 0.106299 0.00136564 0.00153905 -4.30894e-05
30.9 0.117341 0.116653 0.106311 0.00109666 0.00207093 0.000305143
30.92 0.117361 0.116745 0.10634 0.000496128 0.00228284 0.000713732
30.94 0.117354 0.116828 0.106384 -0.000167459 0.00208295 0.00110382
30.96 0.117332 0.116891 0.10644 -0.000551967 0.0015631 0.00140483
30.98 0.117314 0.116928 0.106502 -0.000466652 0.00094099 0.00154203
31 0.117314 0.116947 0.10656 9.68589e-06 0.00045991 0.00145593
31.02 0.117337 0.116959 0.106606 0.000581285 0.000301552 0.00114718
31.04 0.117374 0.11698 0.106634 0.000912993 0.000527564 0.000713471
31.06 0.117407 0.117022 0.106648 0.000829254 0.00104674 0.000340424
31.08 0.117423 0.117087 0.106657 0.000397717 0.0016425 0.000227893
31.1 0.117417 0.11717 0.106676 -0.000143216 0.00207513 0.000481776
31.12 0.117395 0.117258 0.106718 -0.000542687 0.00219011 0.00103388
31.14 0.117369 0.117336 0.106783 -0.000672958 0.00196429 0.00164487
31.16 0.117346 0.117396 0.106864 -0.000572444 0.00149207 0.00201867
31.18 0.11733 0.117434 0.106943 -0.000395032 0.000945438 0.0019769
31.2 0.117318 0.117454 0.107006 -0.000286004 0.00051294 0.00157717
31.22 0.117308 0.117468 0.107049 -0.000270389 0.000327205 0.0010763
31.24 0.117297 0.117484 0.107079 -0.000265943 0.000421214 0.000744948
31.26 0.117289 0.117514 0.107106 -0.000205328 0.000730032 0.000673472
31.28 0.117284 0.117558 0.107135 -0.000126471 0.00111777 0.000723378
31.3 0.117279 0.117615 0.107162 -0.000125827 0.00142445 0.000665559
31.32 0.117269 0.117676 0.107177 -0.000244281 0.0015107 0.000391431
31.34 0.117253 0.117728 0.107178 -0.00039665 0.00130267 2.01489e-05
31.36 0.117237 0.117762 0.107171 -0.000405438 0.000844215 -0.00018021
31.38 0.117232 0.117774 0.107171 -0.00013286 0.000314855 1.44161e-07
31.4 0.117247 0.117773 0.107192 0.000384624 -3.97595e-05 0.000529268
31.42 0.117284 0.11777 0.107237 0.000929384 -5.29453e-05 0.00111975
31.44 0.117334 0.11778 0.107293 0.00125247 0.000249925 0.00141307
31.46 0.117384 0.117807 0.107343 0.00125279 0.000661837 0.00123458
31.48 0.117426 0.117844 0.107372 0.0010441 0.000917439 0.000726222
31.5 0.117461 0.117877 0.107382 0.000869057 0.000845423 0.000245748
31.52 0.117497 0.117896 0.107386 0.000911387 0.000468961 9.7353e-05
31.54 0.117543 0.117896 0.107398 0.00114677 6.28445e-06 0.000308344
31.56 0.117598 0.117887 0.107423 0.0013705 -0.000240215 0.000630161
31.58 0.117654 0.117884 0.107453 0.00138968 -6.47674e-05 0.000753225
31.6 0.117702 0.117905 0.107475 0.00120077 0.000511181 0.00055255
31.62 0.117741 0.117955 0.107482 0.000990431 0.00124827 0.000172199
31.64 0.11778 0.118028 0.107478 0.000978343 0.0018234 -9.79964e-05
31.66 0.11783 0.118107 0.107477 0.00123639 0.00199408 -4.2039e-05
31.68 0.117895 0.118176 0.10749 0.00161917 0.00170877 0.000334935
31.7 0.117969 0.118221 0.107523 0.0018552 0.00112668 0.000830171
31.72 0.118039 0.118242 0.107571 0.00174423 0.000531441 0.00119833
31.74 0.118091 0.118249 0.107624 0.00131449 0.00017721 0.00131231
31.76 0.118123 0.118255 0.107672 0.000805781 0.000156669 0.001208
31.78 0.118143 0.118271 0.107712 0.000497349 0.000379891 0.00100502
31.8 0.118164 0.118297 0.107744 0.000517696 0.00066774 0.000802414
31.82 0.118195 0.118332 0.10777 0.000766539 0.000868678 0.000636607
31.84 0.118234 0.118369 0.10779 0.0009936 0.000917721 0.000497605
31.86 0.118274 0.118402 0.107804 0.000985087 0.000834083 0.000365416
31.88 0.118303 0.11843 0.107814 0.000731268 0.000691783 0.000242909
31.9 0.11832 0.118453 0.107821 0.000437426 0.000575536 0.000165077
31.92 0.118335 0.118474 0.107827 0.000351241 0.000525493 0.000172828
31.94 0.118357 0.118494 0.107839 0.000549806 0.000510647 0.000278527
31.96 0.118392 0.118512 0.107857 0.000875598 0.000451264 0.000464173
31.98 0.118434 0.118524 0.107885 0.00106467 0.000282049 0.000706532
32 0.118472 0.118524 0.107926 0.00094841 2.15488e-05 0.001003
32.02 0.118495 0.118516 0.10798 0.000579446 -0.00021838 0.00136798
32.04 0.118503 0.118504 0.108052 0.000205603 -0.000293898 0.0017854
32.06 0.118508 0.118499 0.108138 0.000102713 -0.000119471 0.00216309
32.08 0.118523 0.118509 0.108232 0.000376285 0.000256416 0.00235125
32.1 0.118558 0.118535 0.108321 0.000884222 0.000644389 0.00222926
32.12 0.118612 0.118567 0.108393 0.00133835 0.000806746 0.00179726
32.14 0.118671 0.118592 0.108441 0.00149163 0.000612851 0.00120017
32.16 0.118722 0.118598 0.108468 0.00126921 0.000146689 0.000660187
32.18 0.118753 0.118585 0.108482 0.00078574 -0.000322135 0.000367874
32.2 0.118764 0.118565 0.108499 0.000274715 -0.000488848 0.000407488
32.22 0.118763 0.118557 0.108528 -2.32534e-05 -0.000201843 0.000741681
32.24 0.118765 0.118574 0.108578 2.81828e-05 0.000419773 0.00123581
32.26 0.11878 0.118615 0.108646 0.000389806 0.00102695 0.00170314
32.28 0.118815 0.118665 0.108725 0.000861284 0.00124114 0.00196664
32.3 0.118862 0.1187 0.108801 0.00118288 0.000889701 0.00191692
32.32 0.118909 0.118705 0.108863 0.00116713 0.00011345 0.00154001
32.34 0.118941 0.118677 0.1089 0.000800864 -0.000706988 0.000918299
32.36 0.118951 0.11863 0.108908 0.000262825 -0.00116315 0.000212443
32.38 0.118945 0.118588 0.108893 -0.000167202 -0.00105096 -0.000383641
32.4 0.118934 0.118569 0.108864 -0.000273595 -0.000487777 -0.000715473
32.42 0.118932 0.118575 0.108834 -4.86184e-05 0.000166074 -0.000741925
32.44 0.118943 0.118597 0.108812 0.00029275 0.000546017 -0.000550777
32.46 0.118961 0.118618 0.108801 0.000453711 0.000509396 -0.000294494
32.48 0.118972 0.118625 0.108797 0.000262042 0.000192938 -9.91102e-05
32.5 0.118963 0.118621 0.108796 -0.000213538 -0.000113773 -1.39389e-05
32.52 0.118935 0.118614 0.108795 -0.000716732 -0.00016835 -1.63309e-05
32.54 0.118896 0.118617 0.108794 -0.000959603 7.4343e-05 -4.53343e-05
32.56 0.118865 0.118635 0.108792 -0.000780211 0.000442291 -3.717e-05
32.58 0.118856 0.118662 0.108794 -0.000227252 0.000676809 5.58766e-05
32.6 0.118875 0.118687 0.108805 0.000469195 0.000631424 0.000262244
32.62 0.118916 0.118703 0.108828 0.00102198 0.000390099 0.000575814
32.64 0.118965 0.118711 0.108865 0.00122293 0.000201654 0.000922573
32.66 0.119005 0.118722 0.108911 0.00102043 0.000287492 0.00116128
32.68 0.119027 0.118749 0.108958 0.000533367 0.000683565 0.00115727
32.7 0.119027 0.118798 0.108993 -4.0395e-06 0.00121399 0.000886183
32.72 0.119013 0.118862 0.109012 -0.000348502 0.00160758 0.000483908
32.74 0.118999 0.11893 0.109021 -0.000346389 0.00168774 0.000202686
32.76 0.119 0.118989 0.109032 1.79351e-05 0.00148311 0.000283242
32.78 0.119025 0.119036 0.109064 0.000630927 0.00117412 0.000809049
32.8 0.119077 0.119074 0.10913 0.00129597 0.0009408 0.0016334
32.82 0.119149 0.119108 0.109227 0.00180939 0.000854417 0.00244086
32.84 0.119231 0.119143 0.109344 0.00204486 0.000878973 0.00291905
32.86 0.11931 0.11918 0.109461 0.00199039 0.000933349 0.00292496
32.88 0.119379 0.119218 0.109562 0.00171961 0.000950213 0.00253597
32.9 0.119433 0.119254 0.109641 0.00133706 0.000897748 0.00196666
32.92 0.11947 0.119285 0.109698 0.00093316 0.000766679 0.00141722
32.94 0.119493 0.119308 0.109737 0.000576046 0.00056781 0.000973919
32.96 0.119506 0.119322 0.109761 0.000333561 0.000350358 0.000619323
32.98 0.119518 0.11933 0.109774 0.000285933 0.000207392 0.000319736
33 0.119537 0.11934 0.109778 0.000484981 0.00023765 0.00010031
33.02 0.119572 0.119359 0.10978 0.000875163 0.000478743 4.10166e-05
33.04 0.119623 0.119393 0.109788 0.00126036 0.000861272 0.000200927
33.06 0.119678 0.119442 0.109809 0.00139038 0.00122074 0.000531823
33.08 0.119723 0.119497 0.109844 0.00113103 0.00137458 0.000863385
33.1 0.119747 0.119547 0.109883 0.000577308 0.00124592 0.000993557
33.12 0.119747 0.119585 0.109917 1.03471e-05 0.000946555 0.000827526
33.14 0.119736 0.119613 0.109935 -0.000272246 0.000714032 0.00045865
33.16 0.11973 0.119643 0.109939 -0.000143595 0.00073733 0.000112233
33.18 0.119742 0.119684 0.109939 0.000278648 0.00103296 -1.07941e-05
33.2 0.11977 0.119742 0.109944 0.000719904 0.00145913 0.000135402
33.22 0.119808 0.119815 0.109961 0.000938217 0.00182237 0.00042351
33.24 0.119843 0.119895 0.109987 0.000874683 0.00198363 0.000644844
33.26 0.119869 0.119971 0.110013 0.000655622 0.00191778 0.000639925
33.28 0.119888 0.12004 0.110028 0.000472527 0.00171498 0.000382882
33.3 0.119906 0.1201 0.110027 0.000439859 0.00150909 -1.48299e-05
33.32 0.119927 0.120156 0.110013 0.000527774 0.00138235 -0.000368276
33.34 0.119951 0.120209 0.109992 0.000604794 0.00133038 -0.000512582
33.36 0.119973 0.120261 0.109977 0.000547118 0.00130578 -0.000385662
33.38 0.119986 0.120312 0.109975 0.000337719 0.00128097 -5.33499e-05
33.4 0.11999 0.120362 0.109989 8.6309e-05 0.00125453 0.000346049
33.42 0.119988 0.120411 0.110016 -3.86656e-05 0.00121256 0.000681643
33.44 0.119992 0.120456 0.110051 8.49256e-05 0.00113062 0.000874728
33.46 0.12001 0.120497 0.110087 0.000468379 0.00102353 0.000905624
33.48 0.120051 0.120536 0.110119 0.00100997 0.000960943 0.000803601
33.5 0.120112 0.120576 0.110145 0.00153496 0.00101618 0.000640357
33.52 0.120187 0.120624 0.110166 0.00187531 0.00118695 0.0005197
33.54 0.120265 0.120678 0.110187 0.00195363 0.00135433 0.000540285
33.56 0.120337 0.120731 0.110217 0.00180178 0.00133041 0.000746921
33.58 0.120398 0.120771 0.110262 0.00151599 0.000990178 0.00111618
33.6 0.120447 0.120787 0.110325 0.00121537 0.000411555 0.00158172
33.62 0.120487 0.120782 0.110407 0.00101843 -0.000119465 0.00205009
33.64 0.120528 0.120771 0.110503 0.00101143 -0.000282668 0.00240422
33.66 0.120576 0.120774 0.110604 0.00121835 6.29934e-05 0.00252672
33.68 0.12064 0.120804 0.110698 0.00159355 0.000772565 0.00234571
33.7 0.120721 0.120864 0.110773 0.00202476 0.00147721 0.00188396
33.72 0.120815 0.120935 0.110825 0.00235047 0.00178737 0.00128188
33.74 0.120912 0.120996 0.110855 0.00243028 0.00152855 0.000759539
33.76 0.121002 0.12103 0.110876 0.00223071 0.000845202 0.0005195
33.78 0.121075 0.121033 0.110901 0.00184548 8.39159e-05 0.000642197
33.8 0.121133 0.121016 0.110943 0.00143354 -0.000446301 0.00103185
33.82 0.121178 0.12099 0.111001 0.00112649 -0.000638045 0.0014513
33.84 0.121216 0.120967 0.111067 0.0009618 -0.000581593 0.00164228
33.86 0.121251 0.120949 0.111126 0.000871493 -0.000449634 0.00147702
33.88 0.121281 0.120934 0.111167 0.000736925 -0.000375288 0.00103546
33.9 0.1213 0.120918 0.111189 0.000489112 -0.000384592 0.00054684
33.92 0.121307 0.120902 0.111199 0.000176684 -0.000413196 0.000244277
33.94 0.121305 0.120886 0.111208 -5.73519e-05 -0.000398499 0.000232887
33.96 0.121302 0.120871 0.111225 -7.76459e-05 -0.000363886 0.000430289
33.98 0.121307 0.120856 0.111249 0.000136101 -0.000391195 0.000604089
34 0.121325 0.120835 0.11127 0.000449926 -0.000520739 0.000512522
34.02 0.121351 0.120806 0.111273 0.00063101 -0.000716813 7.54168e-05
34.04 0.12137 0.12077 0.111251 0.000487306 -0.000910321 -0.000550447
34.06 0.121371 0.120728 0.111209 1.64074e-05 -0.00103527 -0.00105448
34.08 0.121348 0.120687 0.111162 -0.000572472 -0.00103882 -0.00115559
34.1 0.121308 0.120652 0.111132 -0.000991317 -0.000881827 -0.000757958
34.12 0.121266 0.12063 0.111132 -0.00104518 -0.000546431 3.26949e-06
34.14 0.121237 0.120627 0.111166 -0.000735341 -5.87968e-05 0.000831574
34.16 0.121227 0.120646 0.111222 -0.00025206 0.000479587 0.00141753
34.18 0.121232 0.120682 0.111286 0.000128575 0.000889958 0.00159657
34.2 0.12124 0.120722 0.111343 0.000196016 0.000997365 0.00142273
34.22 0.121237 0.120752 0.111387 -6.58322e-05 0.000757315 0.00110531
34.24 0.121219 0.120765 0.111421 -0.000467521 0.000316083 0.000855152
34.26 0.121189 0.120763 0.111451 -0.000748204 -5.56105e-05 0.0007505
34.28 0.121158 0.120758 0.11148 -0.000761701 -0.000123096 0.000711731
34.3 0.121135 0.120764 0.111504 -0.000574247 0.000158597 0.000596964
34.32 0.121119 0.120789 0.111517 -0.000400573 0.000615096 0.000341045
34.34 0.121102 0.120828 0.111519 -0.000421917 0.000983082 3.18984e-05
34.36 0.121077 0.120872 0.111513 -0.00062709 0.00109571 -0.000139345
34.38 0.121045 0.120911 0.111512 -0.000817533 0.000978851 -2.68619e-05
34.4 0.121014 0.120943 0.111525 -0.000772396 0.000799338 0.000335018
34.42 0.120996 0.120972 0.111555 -0.000436128 0.000716509 0.000732953
34.44 0.120997 0.121002 0.111592 2.8171e-05 0.000758182 0.000928461
34.46 0.121011 0.121035 0.111626 0.000353462 0.000820653 0.00084244
34.48 0.121026 0.121066 0.111651 0.0003634 0.000789128 0.000623263
34.5 0.121031 0.121093 0.111672 0.000114966 0.000661242 0.000542982
34.52 0.121026 0.121115 0.111704 -0.000126562 0.000558634 0.000791303
34.54 0.121023 0.12114 0.111757 -6.62342e-05 0.000627626 0.0013153
34.56 0.121039 0.121177 0.11183 0.000409941 0.000915713 0.00182942
34.58 0.121085 0.12123 0.11191 0.00113322 0.00132241 0.00200328
34.6 0.121154 0.121296 0.111977 0.00174586 0.0016591 0.00169199
34.62 0.121232 0.121367 0.112019 0.00194718 0.00176914 0.00104259
34.64 0.1213 0.121432 0.112035 0.0017033 0.00162643 0.000405621
34.66 0.121351 0.121486 0.11204 0.00126197 0.00135442 0.000119427
34.68 0.12139 0.121532 0.112053 0.000977927 0.00115621 0.000310612
34.7 0.121433 0.12158 0.112086 0.00108298 0.00118794 0.000826861
34.72 0.121495 0.121638 0.112139 0.00154888 0.00145033 0.00134175
34.74 0.12158 0.121709 0.112202 0.00211701 0.00178328 0.00156851
34.76 0.121679 0.121788 0.11226 0.00247677 0.00197331 0.00144399
34.78 0.121778 0.121864 0.112306 0.00246876 0.00188895 0.00115512
34.8 0.121864 0.121926 0.112345 0.00215778 0.001553 0.000980599
34.82 0.121934 0.121971 0.112388 0.00174781 0.00112276 0.00107206
34.84 0.121992 0.122003 0.112442 0.00143923 0.000796135 0.0013483
34.86 0.122045 0.122031 0.112505 0.00133317 0.000700165 0.00157788
34.88 0.122101 0.122064 0.112568 0.00141007 0.000833633 0.00156742
34.9 0.122164 0.122108 0.112619 0.00156823 0.00109458 0.00128719
34.92 0.122232 0.122162 0.112653 0.00169599 0.00135201 0.000846806
34.94 0.122301 0.122222 0.112668 0.00172922 0.00149353 0.000375857
34.96 0.122368 0.122279 0.112666 0.00167027 0.0014464 -6.6196e-05
34.98 0.122431 0.122328 0.112647 0.00156944 0.00121163 -0.000474064
35 0.12249 0.122364 0.112614 0.00147665 0.000895163 -0.000811766
35.02 0.122546 0.122391 0.112576 0.00140169 0.000683266 -0.000954151
35.04 0.122599 0.122421 0.112547 0.00132048 0.000738051 -0.00073388
35.06 0.122647 0.122463 0.112544 0.00120683 0.00106596 -7.92514e-05
35.08 0.122689 0.122522 0.112578 0.00105036 0.00147332 0.000864858
35.1 0.122723 0.122589 0.112648 0.000864153 0.00168042 0.00174924
35.12 0.122751 0.12265 0.112736 0.000693721 0.00152597 0.00219565
35.14 0.122776 0.122694 0.112817 0.000615812 0.00110025 0.00202711
35.16 0.122804 0.122722 0.112872 0.000695047 0.000693206 0.0013782
35.18 0.122841 0.122746 0.112896 0.00092318 0.000589185 0.00059923
35.2 0.122889 0.12278 0.112897 0.00119912 0.000851755 3.42673e-05
35.22 0.122943 0.12283 0.112891 0.00136744 0.00125914 -0.000154785
35.24 0.122995 0.122888 0.112891 0.0012994 0.00145619 -1.39425e-05
35.26 0.123034 0.122937 0.112903 0.000973695 0.00122093 0.000297314
35.28 0.123054 0.122963 0.112928 0.000507109 0.000639597 0.000631439
35.3 0.123058 0.122965 0.112965 9.80606e-05 5.58177e-05 0.000920698
35.32 0.123055 0.122958 0.113011 -8.51034e-05 -0.000169574 0.00115199
35.34 0.123055 0.122961 0.113063 2.10474e-06 7.51251e-05 0.00130305
35.36 0.123065 0.122984 0.113116 0.000247413 0.00055881 0.00131889
35.38 0.123082 0.123019 0.113162 0.000435316 0.000874668 0.00115547
35.4 0.123098 0.123048 0.113196 0.000389685 0.000744689 0.000852693
35.42 0.123102 0.123057 0.113218 0.000110021 0.000223616 0.000559812
35.44 0.123093 0.123043 0.113237 -0.000234191 -0.000346662 0.000464459
35.46 0.123075 0.12302 0.113263 -0.000448892 -0.000589668 0.000656643
35.48 0.123057 0.123005 0.113305 -0.000457865 -0.000364055 0.00103219
35.5 0.123044 0.123011 0.113358 -0.000326128 0.000144554 0.00132919
35.52 0.123037 0.123034 0.113409 -0.000172677 0.000570796 0.00129515
35.54 0.123034 0.123059 0.113444 -6.36492e-05 0.000637066 0.000871792
35.56 0.123035 0.123073 0.113454 2.98169e-05 0.000330864 0.00024625
35.58 0.123043 0.123068 0.113443 0.000184464 -0.000124882 -0.000271201
35.6 0.12306 0.12305 0.113426 0.00041886 -0.000449872 -0.000433896
35.62 0.123085 0.12303 0.113419 0.00062618 -0.000481253 -0.000183438
35.64 0.12311 0.123021 0.113432 0.000632511 -0.000246338 0.000331749
35.66 0.123123 0.123023 0.113466 0.000337493 6.85007e-05 0.000839062
35.68 0.123116 0.123032 0.113509 -0.000188835 0.000225662 0.00109411
35.7 0.123087 0.123036 0.11355 -0.000720527 8.3579e-05 0.00101912
35.72 0.123048 0.123024 0.113579 -0.000985666 -0.000296099 0.000733969
35.74 0.123015 0.122997 0.113598 -0.000819762 -0.000670935 0.000463705
35.76 0.123004 0.122966 0.113614 -0.000276571 -0.000775072 0.000394438
35.78 0.123019 0.122946 0.113637 0.000389419 -0.000506861 0.000574059
35.8 0.123054 0.122945 0.113673 0.000861664 -2.09963e-05 0.00090708
35.82 0.123091 0.122959 0.113722 0.000926223 0.000356858 0.00123381
35.84 0.123114 0.122973 0.113779 0.000572728 0.000349207 0.00142888
35.86 0.123113 0.12297 0.113838 -6.18519e-06 -7.78239e-05 0.00145399
35.88 0.123093 0.122943 0.113892 -0.000508574 -0.000669733 0.00135509
35.9 0.123066 0.122903 0.11394 -0.000684218 -0.00101612 0.00121327
35.92 0.123047 0.122871 0.113983 -0.00048063 -0.000799037 0.00107191
35.94 0.123044 0.12287 0.114019 -6.53401e-05 -2.34224e-05 0.000903416
35.96 0.123056 0.122907 0.114046 0.000296094 0.000942631 0.00065806
35.98 0.123073 0.122971 0.11406 0.000425212 0.00159399 0.000353214
36 0.123087 0.123037 0.114064 0.000347525 0.00163458 0.000106844
36.02 0.123097 0.123084 0.114067 0.000256703 0.00117601 8.04592e-05
36.04 0.123111 0.12311 0.114082 0.000363298 0.000659202 0.000369822
36.06 0.123141 0.123132 0.114118 0.000733464 0.000559524 0.000903393
36.08 0.12319 0.123174 0.114175 0.00122868 0.00104788 0.00142803
36.1 0.123254 0.123248 0.11424 0.00160049 0.00184251 0.00162558
36.12 0.123321 0.123344 0.114293 0.0016639 0.00239287 0.00131308
36.14 0.123378 0.123435 0.114317 0.00142652 0.00228753 0.000596009
36.16 0.123421 0.123498 0.114311 0.00108721 0.00157588 -0.000156137
36.18 0.123457 0.123528 0.11429 0.000892088 0.00074383 -0.000508657
36.2 0.123495 0.123542 0.114282 0.000955319 0.00035792 -0.000213748
36.22 0.123543 0.123568 0.114307 0.00119127 0.000649308 0.00062358
36.24 0.123599 0.123623 0.114369 0.00141033 0.00135808 0.00157181
36.26 0.123658 0.1237 0.114453 0.00148465 0.00194434 0.00210014
36.28 0.123716 0.12378 0.114529 0.00144215 0.00199435 0.00189553
36.3 0.123773 0.123841 0.114572 0.00142882 0.00151965 0.00107036
36.32 0.123836 0.123878 0.114576 0.00156513 0.000932227 0.000107037
36.34 0.123908 0.123907 0.114559 0.00179722 0.000710335 -0.000437689
36.36 0.123984 0.123947 0.114548 0.00189468 0.00101441 -0.00027383
36.38 0.124049 0.12401 0.114566 0.00164336 0.00156202 0.000454097
36.4 0.124092 0.124084 0.114617 0.00107582 0.00184935 0.00127332
36.42 0.124113 0.124145 0.114685 0.000522287 0.00154398 0.00169611
36.44 0.124129 0.124176 0.114746 0.000403593 0.000760949 0.00153872
36.46 0.124166 0.124176 0.114787 0.000910103 1.25286e-05 0.00102625
36.48 0.124238 0.12417 0.114812 0.0018118 -0.000154184 0.000607168
36.5 0.12434 0.124187 0.114836 0.0025521 0.00042814 0.000618583
36.52 0.124444 0.124244 0.114878 0.00259967 0.00141794 0.00104986
36.54 0.124517 0.124333 0.114941 0.0018216 0.00221541 0.00156633
36.56 0.124541 0.124428 0.115012 0.000604802 0.00237497 0.00176743
36.58 0.124526 0.124502 0.115071 -0.000377232 0.00187068 0.00147605
36.6 0.124502 0.124545 0.115104 -0.000596441 0.00105281 0.000839812
36.62 0.124503 0.124559 0.115112 6.36646e-06 0.000370427 0.000198925
36.64 0.124543 0.124563 0.115106 0.00100915 8.06893e-05 -0.000149518
36.66 0.124614 0.124568 0.115102 0.00178122 0.000141936 -0.000118524
36.68 0.124689 0.124582 0.115108 0.00185584 0.000332537 0.000169751
36.7 0.124736 0.1246 0.115129 0.0011905 0.000459615 0.000513629
36.72 0.124743 0.124619 0.11516 0.000170637 0.000475632 0.000769891
36.74 0.124717 0.124637 0.115196 -0.000649786 0.000446876 0.000905281
36.76 0.124681 0.124655 0.115234 -0.00089614 0.000450552 0.000954804
36.78 0.124659 0.124675 0.115272 -0.000560792 0.000499244 0.000953176
36.8 0.124661 0.124696 0.115308 6.67075e-05 0.000530543 0.000898202
36.82 0.124686 0.124714 0.115339 0.000624143 0.000456856 0.000770242
36.84 0.124722 0.124724 0.115362 0.000879728 0.000237386 0.000580251
36.86 0.124754 0.124721 0.115378 0.000810006 -8.14385e-05 0.000388834
36.88 0.124776 0.124705 0.115389 0.000547247 -0.000378714 0.000279519
36.9 0.124786 0.124685 0.115401 0.000261299 -0.000522649 0.000305622
36.92 0.124789 0.124667 0.115419 6.08864e-05 -0.000442426 0.000454396
36.94 0.124787 0.12466 0.115446 -3.47265e-05 -0.00016083 0.000656275
36.96 0.124785 0.124669 0.115478 -6.04692e-05 0.000203327 0.000817762
36.98 0.124783 0.124687 0.115513 -4.98455e-05 0.000466346 0.000855927
37 0.124782 0.124706 0.115542 -9.96781e-06 0.000474876 0.00072946
37.02 0.124785 0.124715 0.11556 6.30811e-05 0.000221191 0.000455687
37.04 0.124791 0.12471 0.115564 0.000160344 -0.000136703 0.000108677
37.06 0.124802 0.124694 0.115557 0.000257033 -0.000390804 -0.00019471
37.08 0.124815 0.124677 0.115544 0.000333995 -0.000423502 -0.000321007
37.1 0.124831 0.124667 0.115537 0.000392523 -0.000261428 -0.000173623
37.12 0.124849 0.124665 0.115546 0.000445414 -4.6475e-05 0.000240947
37.14 0.124869 0.124667 0.115578 0.000499073 5.17658e-05 0.000788201
37.16 0.124891 0.124665 0.115629 0.000548715 -3.7809e-05 0.00126434
37.18 0.124914 0.124657 0.115689 0.000583699 -0.000216342 0.00150236
37.2 0.124937 0.124645 0.115747 0.000584879 -0.00027942 0.00144906
37.22 0.124958 0.124643 0.115793 0.00052998 -6.73313e-05 0.001172
37.24 0.124975 0.124659 0.115826 0.000425761 0.000412286 0.000808283
37.26 0.124989 0.124698 0.115846 0.000331142 0.000960718 0.00050018
37.28 0.125002 0.124749 0.11586 0.000333804 0.0012942 0.000362914
37.3 0.125022 0.124799 0.115879 0.000491402 0.00124016 0.000478317
37.32 0.125053 0.124834 0.115914 0.000785507 0.000881314 0.000874832
37.34 0.125098 0.124854 0.115974 0.00111643 0.000504733 0.00148749
37.36 0.125151 0.12487 0.116059 0.00133881 0.000388685 0.00213207
37.38 0.125205 0.124895 0.116161 0.00133019 0.000613279 0.00253948
37.4 0.125248 0.124936 0.11626 0.00107648 0.00103424 0.00247297
37.42 0.125276 0.124992 0.116335 0.000709187 0.00140833 0.00188514
37.44 0.125293 0.125055 0.116375 0.000435414 0.00156711 0.000999952
37.46 0.12531 0.125116 0.116384 0.000404439 0.00153151 0.0002296
37.48 0.125334 0.125175 0.116382 0.000610683 0.00147698 -5.44365e-05
37.5 0.12537 0.125237 0.116392 0.000900741 0.00155611 0.000249084
37.52 0.125413 0.125307 0.116428 0.00107717 0.00173553 0.00090379
37.54 0.125454 0.125379 0.116488 0.00103013 0.00181084 0.0014858
37.56 0.125487 0.125443 0.116554 0.000812502 0.00159398 0.00165085
37.58 0.125511 0.125487 0.116607 0.000597633 0.00109775 0.00132958
37.6 0.125532 0.125509 0.116636 0.000539756 0.000557391 0.00072473
37.62 0.125558 0.12552 0.116641 0.000653638 0.000278514 0.000134897
37.64 0.125591 0.125537 0.116631 0.000812686 0.00042324 -0.00024528
37.66 0.125626 0.125573 0.116616 0.000868409 0.000885629 -0.000398583
37.68 0.125657 0.125627 0.116599 0.000786886 0.0013442 -0.000408932
37.7 0.125685 0.125686 0.116586 0.000684874 0.00147743 -0.00033468
37.72 0.125714 0.125734 0.11658 0.000728163 0.00120296 -0.000153335
37.74 0.125752 0.125763 0.116587 0.000960794 0.000739127 0.000182852
37.76 0.125801 0.12578 0.116613 0.00122215 0.000426929 0.000648373
37.78 0.125851 0.125799 0.116657 0.00124544 0.000466517 0.00110279
37.8 0.125885 0.125831 0.116711 0.000860237 0.000787295 0.00135921
37.82 0.125891 0.125876 0.116764 0.000152509 0.00113654 0.00131959
37.84 0.12587 0.125928 0.116807 -0.000525988 0.0012893 0.00107185
37.86 0.125841 0.125976 0.116841 -0.000737061 0.00121095 0.000858089
37.88 0.125831 0.126018 0.116878 -0.000243138 0.00105103 0.000912666
37.9 0.125863 0.126058 0.116929 0.000792633 0.000985384 0.00126839
37.92 0.125937 0.1261 0.116996 0.00186593 0.0010518 0.00168655
37.94 0.126035 0.126145 0.117068 0.00242801 0.00112601 0.00180271
37.96 0.126123 0.126187 0.117124 0.00220886 0.00105674 0.00139271
37.98 0.126177 0.12622 0.117146 0.00135236 0.000826008 0.00055457
38 0.12619 0.126243 0.117133 0.0003132 0.000580204 -0.000320398
38.02 0.126174 0.126263 0.117103 -0.000395252 0.000503164 -0.000759265
38.04 0.126155 0.126289 0.117084 -0.00047145 0.000650008 -0.000478558
38.06 0.126156 0.126325 0.117101 2.44215e-05 0.000882613 0.000438058
38.08 0.126185 0.126363 0.117164 0.000735253 0.000967443 0.00156528
38.1 0.126235 0.126394 0.117258 0.00124735 0.000762433 0.00235406
38.12 0.126289 0.126407 0.117355 0.00133388 0.000337709 0.00242173
38.14 0.12633 0.126404 0.117424 0.00102977 -7.7688e-05 0.00173843
38.16 0.126352 0.126393 0.117449 0.000545093 -0.000278396 0.000606216
38.18 0.126357 0.126384 0.117428 0.000135634 -0.00023408 -0.000525024
38.2 0.126357 0.12638 0.117377 -4.0051e-06 -9.61512e-05 -0.00127659
38.22 0.126364 0.126377 0.117318 0.000190684 -6.16746e-05 -0.00147682
38.24 0.126389 0.126369 0.117271 0.000626779 -0.000212636 -0.00116913
38.26 0.126433 0.12635 0.117249 0.00108731 -0.00045974 -0.000534885
38.28 0.126486 0.126325 0.117258 0.00132366 -0.000624822 0.00020277
38.3 0.126533 0.126302 0.117292 0.00117434 -0.000577951 0.000854803
38.32 0.12656 0.12629 0.117344 0.000668029 -0.000316742 0.00130051
38.34 0.126561 0.126292 0.117403 4.06389e-05 5.14056e-05 0.0014785
38.36 0.126546 0.126307 0.117458 -0.000381379 0.000392972 0.00137798
38.38 0.126532 0.126332 0.1175 -0.000357565 0.000625841 0.00105886
38.4 0.126537 0.126362 0.117527 0.000143332 0.000735347 0.000668584
38.42 0.126574 0.126391 0.117543 0.00092193 0.000738368 0.000406353
38.44 0.12664 0.126417 0.11756 0.00163011 0.000649919 0.000422553
38.46 0.126717 0.126437 0.117589 0.00193412 0.00049251 0.000714211
38.48 0.126784 0.12645 0.117633 0.00168512 0.000325949 0.00110967
38.5 0.126824 0.12646 0.117688 0.000998931 0.000251665 0.0013728
38.52 0.126832 0.126475 0.117742 0.000189356 0.000369174 0.00135167
38.54 0.126816 0.126503 0.117785 -0.000394554 0.000706365 0.00107482
38.56 0.126795 0.12655 0.117815 -0.000523474 0.00116398 0.000744031
38.58 0.126788 0.126611 0.11784 -0.000180297 0.00152371 0.000624794
38.6 0.126805 0.126673 0.117875 0.000438714 0.00156009 0.00088766
38.62 0.126846 0.126721 0.117934 0.00101008 0.0012013 0.00147539
38.64 0.126895 0.126746 0.118018 0.00123136 0.000615329 0.00208964
38.66 0.126934 0.126751 0.118112 0.000974082 0.000133889 0.00234322
38.68 0.126949 0.126753 0.118192 0.000369176 5.29584e-05 0.00200215
38.7 0.126939 0.126771 0.118238 -0.000238327 0.000445928 0.00115178
38.72 0.12692 0.126815 0.118245 -0.000485082 0.0011041 0.000166392
38.74 0.126911 0.126881 0.118225 -0.000230466 0.0016449 -0.000494165
38.76 0.126924 0.12695 0.118203 0.000333332 0.00173218 -0.000538881
38.78 0.126956 0.127002 0.118203 0.000798537 0.00128271 -7.83552e-06
38.8 0.126988 0.127022 0.118233 0.000814023 0.00051912 0.000755385
38.82 0.127002 0.127016 0.118286 0.000330328 -0.000169934 0.00131553
38.84 0.126988 0.126997 0.118342 -0.0003461 -0.000461775 0.00140926
38.86 0.126959 0.126986 0.118385 -0.00072909 -0.000276615 0.00108277
38.88 0.126941 0.126994 0.11841 -0.000448162 0.000201817 0.000616774
38.9 0.126961 0.127021 0.118422 0.000507278 0.000666981 0.000305928
38.92 0.127031 0.127057 0.118433 0.00174889 0.000893514 0.000267912
38.94 0.127139 0.127091 0.118449 0.00270747 0.000858025 0.000407915
38.96 0.127258 0.127119 0.118471 0.00296588 0.00069778 0.000534833
38.98 0.127357 0.127142 0.118492 0.0024848 0.000568022 0.000525765
39 0.127421 0.127163 0.118508 0.00159552 0.000527725 0.000400328
39.02 0.127452 0.127184 0.118518 0.000779083 0.000533311 0.000257529
39.04 0.127468 0.127205 0.118525 0.000382062 0.000519493 0.000167416
39.06 0.127486 0.127224 0.11853 0.000457746 0.00048781 0.000131979
39.08 0.127518 0.127245 0.118535 0.000811228 0.000521988 0.000121678
39.1 0.127565 0.127273 0.11854 0.00117576 0.000703871 0.000126394
39.12 0.127621 0.127314 0.118547 0.00137883 0.00100383 0.000181534
39.14 0.127677 0.127364 0.118561 0.00140346 0.00126195 0.00034717
39.16 0.12773 0.127416 0.118587 0.00133588 0.00128979 0.000642926
39.18 0.12778 0.127456 0.118627 0.00125487 0.00100769 0.000995347
39.2 0.127827 0.127477 0.118677 0.00115609 0.000518951 0.00125936
39.22 0.127865 0.12748 0.118729 0.00097185 7.21227e-05 0.00130367
39.24 0.127892 0.127476 0.118773 0.00065522 -8.25695e-05 0.00110104
39.26 0.127901 0.127482 0.118804 0.000242081 0.000132646 0.000767959
39.28 0.127895 0.127504 0.118824 -0.00014745 0.000550594 0.000511844
39.3 0.127881 0.127538 0.118845 -0.000351542 0.00087049 0.000504893
39.32 0.127871 0.127574 0.118876 -0.000252162 0.000878339 0.000775953
39.34 0.127876 0.127597 0.118924 0.000125424 0.000597911 0.00120341
39.36 0.1279 0.127608 0.118988 0.000585841 0.000255952 0.0016059
39.38 0.127934 0.127612 0.119062 0.000864718 0.000101869 0.00185043
39.4 0.127966 0.127621 0.119138 0.000800378 0.000223518 0.00189532
39.42 0.127984 0.12764 0.119208 0.000439837 0.00049198 0.00175862
39.44 0.127984 0.127667 0.119267 5.61785e-06 0.000677188 0.0014808
39.46 0.127975 0.127693 0.119312 -0.00024059 0.000640841 0.0011233
39.48 0.127968 0.127711 0.119344 -0.000158897 0.000445844 0.000779446
39.5 0.127975 0.127723 0.119366 0.000172918 0.000291273 0.000570451
39.52 0.127995 0.127736 0.11939 0.000494037 0.000324465 0.000597479
39.54 0.128016 0.127756 0.119424 0.000532413 0.000499693 0.00085294
39.56 0.128024 0.12778 0.119471 0.000203117 0.000617483 0.00116825
39.58 0.128011 0.127801 0.119523 -0.000327699 0.000507896 0.00128737
39.6 0.127981 0.127808 0.119565 -0.000747454 0.000190137 0.00104669
39.62 0.12795 0.127803 0.119585 -0.000788699 -0.000129938 0.000505968
39.64 0.127934 0.127795 0.119581 -0.000397146 -0.000205913 -9.04031e-05
39.66 0.127942 0.127798 0.119562 0.000215005 8.22307e-05 -0.000477268
39.68 0.12797 0.127824 0.119541 0.000686822 0.000660362 -0.00051897
39.7 0.128 0.127877 0.119531 0.000753542 0.00131229 -0.000262228
39.72 0.128017 0.127948 0.119535 0.000435659 0.0017859 0.000111296
39.74 0.128018 0.128024 0.119551 1.47377e-05 0.00189866 0.000392709
39.76 0.128011 0.128089 0.119569 -0.000177352 0.00161191 0.000455141
39.78 0.128012 0.12813 0.119581 1.54129e-05 0.00103789 0.000300235
39.8 0.128031 0.128146 0.119582 0.000496357 0.000391747 2.55833e-05
39.82 0.128072 0.128143 0.119573 0.00100764 -7.03955e-05 -0.000237174
39.84 0.128124 0.128138 0.119558 0.00130273 -0.000130786 -0.000368066
39.86 0.128176 0.12815 0.119546 0.00129988 0.000294662 -0.00029189
39.88 0.128221 0.128193 0.119546 0.00113501 0.00109255 -7.9011e-06
39.9 0.128264 0.128272 0.119562 0.00106558 0.00196645 0.000401483
39.92 0.128314 0.128374 0.119594 0.0012628 0.00254761 0.000803266
39.94 0.128381 0.128476 0.119637 0.0016558 0.0025622 0.00108075
39.96 0.12846 0.128556 0.119685 0.00197783 0.00197936 0.00119253
39.98 0.128539 0.128598 0.119732 0.00198178 0.00104816 0.00118157
40 0.128604 0.128605 0.119778 0.00163365 0.000176901 0.00112837
40.02 0.12865 0.128594 0.119821 0.00113574 -0.000276796 0.00108648
40.04 0.128681 0.128586 0.119863 0.000782551 -0.000183153 0.00105072
40.06 0.128712 0.128598 0.119903 0.00076737 0.000305367 0.000988528
40.08 0.128755 0.128633 0.119939 0.00107244 0.000856718 0.000902572
40.1 0.128815 0.128679 0.119973 0.00150715 0.00116264 0.00084843
40.12 0.128889 0.128724 0.120008 0.00185342 0.00111184 0.000891052
40.14 0.128969 0.128756 0.12005 0.00199214 0.000807269 0.00105135
40.16 0.129046 0.128774 0.120101 0.00192005 0.000438652 0.00127722
40.18 0.129113 0.128779 0.120159 0.00168095 0.000146729 0.00145164
40.2 0.129165 0.128779 0.120218 0.00131004 -2.0986e-05 0.0014543
40.22 0.129199 0.128776 0.120268 0.000846004 -6.29991e-05 0.00125768
40.24 0.129214 0.128778 0.120307 0.000374632 3.76265e-05 0.000972939
40.26 0.129216 0.12879 0.120338 4.77732e-05 0.000308294 0.000781441
40.28 0.129218 0.128818 0.12037 4.13303e-05 0.000715143 0.000807407
40.3 0.129235 0.128863 0.120412 0.000431418 0.00110951 0.0010455
40.32 0.129278 0.128914 0.120468 0.00107854 0.00128125 0.0013877
40.34 0.129344 0.128958 0.120536 0.00165964 0.00109762 0.0016987
40.36 0.129419 0.128983 0.120611 0.00185417 0.000620395 0.00187207
40.38 0.12948 0.128988 0.120685 0.00154088 0.000116902 0.00185677
40.4 0.129515 0.128985 0.120752 0.000869105 -6.60968e-05 0.00166777
40.42 0.129522 0.128996 0.120806 0.000170894 0.000281408 0.00137385
40.44 0.129512 0.129039 0.120849 -0.000233255 0.00106388 0.00106911
40.46 0.129504 0.129114 0.120883 -0.000222299 0.00189271 0.000840551
40.48 0.129507 0.129206 0.120912 7.49608e-05 0.00229654 0.000739257
40.5 0.129522 0.129286 0.120943 0.000397806 0.00200428 0.000759783
40.52 0.129544 0.129331 0.120976 0.00054126 0.00111021 0.000834248
40.54 0.129563 0.129332 0.12101 0.000476006 1.93491e-05 0.00085674
40.56 0.129576 0.1293 0.12104 0.000324528 -0.000780333 0.000728451
40.58 0.129585 0.129261 0.121056 0.00022577 -0.000974529 0.000405211
40.6 0.129594 0.129239 0.121053 0.000209772 -0.000563594 -6.92819e-05
40.62 0.129601 0.129246 0.12103 0.000181371 0.000171496 -0.000566439
40.64 0.129602 0.129279 0.120993 1.82346e-05 0.000833423 -0.000923435
40.66 0.129589 0.129323 0.120953 -0.000306511 0.00109431 -0.00101957
40.68 0.129563 0.129356 0.120919 -0.000667961 0.000825511 -0.000830725
40.7 0.129529 0.129362 0.120902 -0.00083931 0.000148136 -0.000442924
40.72 0.129504 0.129337 0.120901 -0.000637417 -0.000607792 -2.39462e-05
40.74 0.1295 0.129296 0.120911 -7.83124e-05 -0.00104536 0.00025628
40.76 0.129524 0.129259 0.120924 0.000588909 -0.000910339 0.000316801
40.78 0.129565 0.129249 0.120932 0.00102822 -0.000254357 0.000195719
40.8 0.129607 0.129272 0.120932 0.00103924 0.000564607 7.10869e-06
40.82 0.129634 0.129314 0.120927 0.000673173 0.00106347 -0.00012738
40.84 0.129641 0.12935 0.120922 0.000187649 0.000905493 -0.00012613
40.86 0.129637 0.129355 0.120923 -0.000101633 0.000121904 3.18641e-05
40.88 0.129637 0.129321 0.120935 -1.21213e-05 -0.000855823 0.000297251
40.9 0.129652 0.129264 0.120958 0.000381849 -0.00141528 0.000570826
40.92 0.129684 0.129219 0.120988 0.000810162 -0.00113415 0.000768713
40.94 0.129725 0.129217 0.121023 0.00101984 -6.10516e-05 0.000876599
40.96 0.129763 0.129269 0.121061 0.000955781 0.00130241 0.000941954
40.98 0.129794 0.129361 0.121102 0.00076773 0.00230672 0.00102042
41 0.129821 0.129462 0.121147 0.000675218 0.00252946 0.00113422
41.02 0.129853 0.129542 0.121198 0.00080428 0.00198613 0.00127507
41.04 0.129897 0.129585 0.121256 0.00109103 0.00107547 0.00142921
41.06 0.12995 0.129597 0.121319 0.00132036 0.00031485 0.00158738
41.08 0.130001 0.129599 0.121388 0.00127473 4.18777e-05 0.00173221
41.1 0.130036 0.12961 0.121461 0.000878839 0.000270047 0.00182515
41.12 0.130046 0.12964 0.121534 0.000249773 0.000761168 0.00181661
41.14 0.130031 0.129689 0.121601 -0.000363866 0.00121615 0.00167447
41.16 0.130003 0.129746 0.121657 -0.00071241 0.00143206 0.00140799
41.18 0.129976 0.1298 0.1217 -0.000673651 0.00136026 0.00107535
41.2 0.129963 0.129844 0.121731 -0.000315029 0.00108906 0.00077385
41.22 0.129969 0.129875 0.121755 0.000144686 0.000781846 0.000603669
41.24 0.129987 0.129899 0.12178 0.000461215 0.000594217 0.000606171
41.26 0.130008 0.129924 0.121809 0.000505806 0.000613176 0.00072372
41.28 0.130021 0.129957 0.121842 0.000330461 0.000827344 0.000829123
41.3 0.130025 0.130002 0.121874 0.000117325 0.00112296 0.000815409
41.32 0.130027 0.130055 0.121901 4.48974e-05 0.00132438 0.000672544
41.34 0.130034 0.130106 0.121921 0.000168312 0.00128218 0.000488276
41.36 0.13005 0.130145 0.121937 0.000408473 0.000973053 0.00039472
41.38 0.130076 0.130167 0.121957 0.000650817 0.000542511 0.000501067
41.4 0.130111 0.130176 0.12199 0.000855083 0.00024229 0.00082803
41.42 0.130154 0.130187 0.122041 0.00107667 0.000279541 0.00127408
41.44 0.130209 0.130214 0.122106 0.00139157 0.000656624 0.00164498
41.46 0.130281 0.130259 0.122176 0.00178718 0.00113263 0.00174225
41.48 0.130365 0.130314 0.122235 0.00211538 0.00137281 0.00147494
41.5 0.130452 0.130361 0.122272 0.00216983 0.00117771 0.000922105
41.52 0.130526 0.130386 0.122284 0.0018429 0.000616975 0.000296673
41.54 0.130575 0.130385 0.122277 0.00123696 -5.15261e-06 -0.000161489
41.56 0.130601 0.130372 0.122266 0.000631677 -0.000339206 -0.000295848
41.58 0.130614 0.130363 0.122262 0.000327245 -0.000224713 -0.000100453
41.6 0.130633 0.130371 0.122273 0.000469472 0.000202974 0.000283499
41.62 0.130671 0.130396 0.122299 0.000961699 0.000617736 0.000653949
41.64 0.130732 0.130425 0.122334 0.00152101 0.000741035 0.00087057
41.66 0.130806 0.130446 0.122371 0.00184717 0.00052277 0.000916335
41.68 0.130877 0.130452 0.122405 0.00178392 0.000139553 0.00085236
41.7 0.130932 0.130446 0.122434 0.00137652 -0.000156929 0.000732966
41.72 0.130965 0.130437 0.122457 0.00081456 -0.000226294 0.000564914
41.74 0.130978 0.130432 0.12247 0.000321475 -0.000124246 0.000338572
41.76 0.13098 0.130431 0.122474 7.02702e-05 -1.55891e-05 9.56645e-05
41.78 0.130986 0.130431 0.122472 0.000135336 1.03972e-06 -5.11703e-05
41.8 0.131004 0.13043 0.122472 0.000459283 -1.3591e-05 1.16287e-05
41.82 0.131039 0.130434 0.122484 0.000866527 8.61365e-05 0.000300138
41.84 0.131085 0.130449 0.122513 0.00115383 0.000374298 0.000702908
41.86 0.131134 0.13048 0.122555 0.00121341 0.00076763 0.00105351
41.88 0.131177 0.130523 0.122604 0.00109561 0.00107477 0.00124561
41.9 0.131216 0.130568 0.122657 0.000966741 0.00113568 0.00130355
41.92 0.131256 0.130606 0.122711 0.00100228 0.000944424 0.00135194
41.94 0.131307 0.130632 0.122771 0.00126142 0.000644862 0.00149506
41.96 0.131371 0.130648 0.122839 0.00160754 0.000404477 0.00170552
41.98 0.131441 0.13066 0.122912 0.00175648 0.000299343 0.00182168
42 0.1315 0.130672 0.122978 0.00146702 0.00031409 0.0016723
42.02 0.13153 0.130689 0.123028 0.000751911 0.000417284 0.00124252
42.04 0.131527 0.130714 0.123057 -7.79908e-05 0.000615367 0.000731563
42.06 0.131503 0.130751 0.123075 -0.000598077 0.000934754 0.000429244
42.08 0.131481 0.130805 0.123095 -0.000542082 0.00135083 0.000500235
42.1 0.131483 0.130874 0.123129 4.42502e-05 0.00172743 0.000853717
42.12 0.131517 0.130948 0.123177 0.000850258 0.00185635 0.00120566
42.14 0.131576 0.131013 0.123228 0.00148246 0.00160996 0.00128549
42.16 0.131643 0.131056 0.123269 0.00166767 0.00107621 0.00101722
42.18 0.131698 0.131077 0.123291 0.00136684 0.000531293 0.000542181
42.2 0.131727 0.131087 0.123295 0.000746421 0.000253262 9.2866e-05
42.22 0.13173 0.1311 0.123288 5.42156e-05 0.000328645 -0.000167206
42.24 0.13171 0.131124 0.123279 -0.000497594 0.000599565 -0.000216086
42.26 0.131679 0.131156 0.123274 -0.0007718 0.000790885 -0.000125425
42.28 0.131651 0.131185 0.123275 -0.00069792 0.000729598 3.28527e-05
42.3 0.13164 0.131205 0.123285 -0.000282584 0.000486995 0.000233065
42.32 0.131654 0.131217 0.123303 0.000363401 0.000316386 0.000462809
42.34 0.131695 0.131234 0.12333 0.00102691 0.000426211 0.000656499
42.36 0.131754 0.131266 0.123357 0.00146124 0.000784813 0.000685107
42.38 0.131814 0.131311 0.123374 0.0014973 0.0011314 0.000437261
42.4 0.131859 0.131359 0.123372 0.00113354 0.00119606 -5.34316e-05
42.42 0.131881 0.131397 0.123351 0.000562964 0.00095261 -0.000542389
42.44 0.131885 0.131424 0.123324 9.9905e-05 0.00066854 -0.000675693
42.46 0.131886 0.131451 0.123314 1.1261e-05 0.000684282 -0.000235098
42.48 0.1319 0.131495 0.123341 0.00034677 0.00110372 0.000665283
42.5 0.131935 0.131562 0.123405 0.000886793 0.0016589 0.00160891
42.52 0.131986 0.131637 0.12349 0.00127312 0.00188476 0.00212408
42.54 0.132036 0.131696 0.123569 0.00124948 0.0014765 0.00197568
42.56 0.132069 0.131718 0.123621 0.000827571 0.000552805 0.00130114
42.58 0.13208 0.131703 0.123641 0.000258451 -0.000378306 0.000504528
42.6 0.132074 0.131673 0.123641 -0.000152515 -0.000739296 1.07065e-06
42.62 0.132064 0.131663 0.123641 -0.000232736 -0.00026982 -1.2765e-05
42.64 0.132063 0.131694 0.123656 -1.82965e-05 0.000795341 0.000367315
42.66 0.132075 0.131769 0.12369 0.000294796 0.00187326 0.000855958
42.68 0.132095 0.131865 0.123737 0.00048326 0.00239986 0.00117387
42.7 0.132111 0.131952 0.123785 0.000417339 0.00216295 0.00120947
42.72 0.132116 0.132007 0.123827 0.00010579 0.00138494 0.00104565
42.74 0.132102 0.132028 0.123861 -0.000326525 0.000527011 0.000858381
42.76 0.132074 0.132027 0.123892 -0.000702682 -2.65407e-05 0.000778337
42.78 0.132039 0.13202 0.123925 -0.000874105 -0.000171395 0.000815367
42.8 0.132008 0.132018 0.123961 -0.000780845 -5.05116e-05 0.000893513
42.82 0.13199 0.132024 0.123999 -0.000465804 0.00013162 0.000948134
42.84 0.131987 0.132034 0.124038 -5.79149e-05 0.000256643 0.000978616
42.86 0.131998 0.132046 0.124079 0.000260893 0.000312143 0.00101625
42.88 0.13201 0.13206 0.124121 0.000317342 0.000329497 0.00106941
42.9 0.132012 0.132072 0.124166 3.9527e-05 0.000322011 0.00112257
42.92 0.131993 0.132084 0.124213 -0.000464699 0.000282226 0.00117543
42.94 0.131956 0.132093 0.124263 -0.000931956 0.000227807 0.00125408
42.96 0.131912 0.132102 0.124319 -0.00109371 0.000223978 0.00137765
42.98 0.131878 0.132115 0.124379 -0.000846983 0.000327342 0.00152062
43 0.131866 0.132134 0.124444 -0.000314417 0.00048973 0.00160925
43.02 0.131875 0.132156 0.124506 0.00024 0.000534625 0.00155416
43.04 0.131898 0.132167 0.124558 0.000573051 0.000270978 0.0013019
43.06 0.131922 0.132154 0.124593 0.000596756 -0.000320195 0.000882599
43.08 0.131938 0.132115 0.12461 0.000405966 -0.000979101 0.000421047
43.1 0.131946 0.132064 0.124614 0.000194393 -0.00127112 8.71722e-05
43.12 0.131951 0.132028 0.124614 0.000125097 -0.000887851 6.55301e-06
43.14 0.131961 0.132031 0.124622 0.000244218 6.94726e-05 0.000192788
43.16 0.13198 0.132074 0.124644 0.000486632 0.0010767 0.000549351
43.18 0.132011 0.132134 0.124681 0.000752978 0.00149237 0.000933602
43.2 0.13205 0.132173 0.12473 0.000977668 0.000983211 0.0012274
43.22 0.132095 0.132164 0.124785 0.00113712 -0.000227997 0.00136812
43.24 0.132145 0.132105 0.124838 0.00123328 -0.00147476 0.00132653
43.26 0.132196 0.132023 0.124881 0.00128663 -0.00205369 0.00107316
43.28 0.132249 0.131957 0.124904 0.00133296 -0.00165288 0.000590705
43.3 0.132306 0.131937 0.124902 0.00141724 -0.000507031 -6.05756e-05
43.32 0.132369 0.131968 0.124874 0.00158647 0.000796425 -0.000701022
43.34 0.132444 0.132036 0.12483 0.00187367 0.0016806 -0.00108564
43.36 0.132535 0.13211 0.124789 0.0022593 0.00185734 -0.00103291
43.38 0.13264 0.132166 0.124767 0.00263177 0.00138876 -0.000543955
43.4 0.132752 0.132189 0.124774 0.00281018 0.000580025 0.000170999
43.42 0.132859 0.132181 0.124806 0.00266458 -0.000187046 0.000795029
43.44 0.132949 0.132157 0.12485 0.00224708 -0.000607038 0.00108841
43.46 0.133021 0.132135 0.124891 0.00180073 -0.000538816 0.00103146
43.48 0.133085 0.132135 0.124923 0.0016092 -1.70873e-05 0.00081647
43.5 0.133157 0.132166 0.124951 0.00179032 0.000773725 0.000691574
43.52 0.133245 0.132228 0.124982 0.0022055 0.00154569 0.000779072
43.54 0.133348 0.132308 0.125022 0.00256238 0.00200605 0.0010018
43.56 0.133452 0.132388 0.125069 0.00261253 0.0019949 0.00116068
43.58 0.133544 0.13245 0.125113 0.00229493 0.00156604 0.00109502
43.6 0.133614 0.132488 0.125145 0.00175274 0.00095496 0.000803463
43.62 0.133664 0.132507 0.125163 0.00123854 0.00046027 0.000444826
43.64 0.133702 0.132518 0.125171 0.000965067 0.000289312 0.000223842
43.66 0.133742 0.132536 0.125181 0.000996111 0.000443612 0.00025026
43.68 0.133792 0.132566 0.125201 0.00125434 0.000737346 0.000483124
43.7 0.133857 0.132604 0.125232 0.001608 0.000966117 0.000789413
43.72 0.133934 0.132647 0.125274 0.00193045 0.0010717 0.00104995
43.74 0.134018 0.132693 0.125323 0.00210435 0.00114036 0.00122357
43.76 0.134099 0.132743 0.125376 0.00202803 0.00126502 0.00132377
43.78 0.134166 0.132801 0.12543 0.00166198 0.0014312 0.00135274
43.8 0.134209 0.132861 0.125481 0.00108376 0.00152202 0.00127361
43.82 0.134228 0.132918 0.125524 0.000487691 0.00141728 0.00105499
43.84 0.134233 0.132963 0.125553 0.000108071 0.00111496 0.000746327
43.86 0.134237 0.132994 0.125573 9.72647e-05 0.000783611 0.000498823
43.88 0.134254 0.133021 0.125593 0.000424435 0.000676975 0.000480881
43.9 0.134289 0.133059 0.125622 0.000877846 0.000946791 0.000746838
43.92 0.134336 0.133119 0.12567 0.00118547 0.00150057 0.00117708
43.94 0.134383 0.1332 0.125731 0.0011759 0.00203497 0.0015436
43.96 0.134418 0.13329 0.125797 0.000876189 0.00224587 0.00164244
43.98 0.134438 0.133372 0.125853 0.000484128 0.00205024 0.00139925
44 0.134447 0.133438 0.125889 0.000227613 0.00163661 0.000899365
44.02 0.134454 0.133491 0.125902 0.000195174 0.00132021 0.000333853
44.04 0.134465 0.133544 0.125898 0.000269261 0.00132349 -0.000106704
44.06 0.134475 0.133608 0.125885 0.000235314 0.00162322 -0.00031964
44.08 0.134474 0.133687 0.125873 -2.70877e-05 0.00196609 -0.000300542
44.1 0.134456 0.13377 0.125869 -0.00043492 0.00206004 -9.74364e-05
44.12 0.134426 0.133841 0.125879 -0.000751897 0.00179165 0.000235272
44.14 0.134395 0.133893 0.125904 -0.000768661 0.00128964 0.000640998
44.16 0.134376 0.133925 0.125945 -0.000487929 0.000805975 0.00102564
44.18 0.13437 0.133946 0.125995 -0.000153633 0.000534379 0.00124596
44.2 0.134367 0.133967 0.126042 -7.2022e-05 0.000503798 0.00117189
44.22 0.134352 0.13399 0.126074 -0.000363904 0.000596885 0.000788734
44.24 0.134318 0.134017 0.126084 -0.000858391 0.000661952 0.000253186
44.26 0.134269 0.134042 0.126077 -0.00121243 0.00062582 -0.000163186
44.28 0.134223 0.134063 0.126068 -0.00115057 0.000522843 -0.000226161
44.3 0.134197 0.13408 0.126072 -0.000672157 0.000422758 0.000101225
44.32 0.134193 0.134093 0.126097 -8.50765e-05 0.000342573 0.000609339
44.34 0.134201 0.134103 0.126135 0.000188811 0.000239846 0.000970157
44.36 0.134197 0.134107 0.126174 -8.24669e-05 8.94024e-05 0.00097484
44.38 0.134167 0.134104 0.126202 -0.000754278 -5.34608e-05 0.000695441
44.4 0.134112 0.134101 0.12622 -0.00138492 -9.03962e-05 0.000432351
44.42 0.134051 0.134102 0.126239 -0.00152946 1.90435e-05 0.0004893
44.44 0.134009 0.134109 0.126277 -0.00104871 0.000193576 0.000943703
44.46 0.134 0.13412 0.12634 -0.000210191 0.000269183 0.00158535
44.48 0.13402 0.134125 0.126423 0.000496437 0.000124393 0.00206825
44.5 0.134048 0.134117 0.126509 0.000692199 -0.000203893 0.00215494
44.52 0.134062 0.134096 0.126584 0.000344266 -0.000511958 0.00186536
44.54 0.134052 0.134074 0.126641 -0.000250788 -0.000551232 0.00142443
44.56 0.134024 0.134066 0.126684 -0.000689441 -0.000217333 0.00107031
44.58 0.133995 0.134079 0.126719 -0.00072892 0.000331146 0.000890968
44.6 0.133978 0.134109 0.126752 -0.000429635 0.000747179 0.000812886
44.62 0.133975 0.134138 0.126781 -7.27349e-05 0.000729865 0.000720998
44.64 0.133978 0.134148 0.126804 7.04474e-05 0.000236552 0.000590969
44.66 0.133975 0.134128 0.126825 -6.32746e-05 -0.000483276 0.00051459
44.68 0.133963 0.134086 0.126849 -0.000311603 -0.00104341 0.000593657
44.7 0.133945 0.13404 0.126881 -0.000438562 -0.00115307 0.000807674
44.72 0.133933 0.134009 0.12692 -0.000304929 -0.000776108 0.000983462
44.74 0.133935 0.134004 0.126956 5.74472e-05 -0.000132322 0.000903924
44.76 0.133954 0.134021 0.126976 0.000477019 0.00043711 0.000484073
44.78 0.133984 0.134048 0.12697 0.000743416 0.000659262 -0.000131682
44.8 0.134013 0.134067 0.126945 0.00073128 0.000473415 -0.000644365
44.82 0.134032 0.134068 0.126913 0.000481316 3.92305e-05 -0.000800238
44.84 0.13404 0.134053 0.12689 0.00017899 -0.000383379 -0.000560629
44.86 0.134041 0.13403 0.126886 4.02697e-05 -0.000582932 -0.00010931
44.88 0.134049 0.13401 0.126897 0.000193577 -0.000483048 0.000287594
44.9 0.134074 0.134004 0.126915 0.000621079 -0.000152272 0.000441374
44.92 0.13412 0.134014 0.126928 0.00116705 0.000238226 0.000317387
44.94 0.134185 0.134034 0.126928 0.00160999 0.000502356 1.92047e-05
44.96 0.134256 0.134056 0.126917 0.0017834 0.000554704 -0.000276267
44.98 0.134324 0.134075 0.126902 0.00169132 0.000472921 -0.000388972
45 0.134385 0.134092 0.126894 0.00152866 0.000433915 -0.000197443
45.02 0.134447 0.134115 0.126907 0.00155838 0.000566819 0.000317657
45.04 0.134524 0.134149 0.126949 0.00191307 0.000844623 0.00105098
45.06 0.134623 0.134193 0.12702 0.00246815 0.00109862 0.00178015
45.08 0.134739 0.134239 0.127109 0.00290044 0.00114694 0.00222841
45.1 0.134855 0.134276 0.127197 0.0029102 0.00094259 0.00218898
45.12 0.134953 0.134301 0.127263 0.00245675 0.000625297 0.00165786
45.14 0.135026 0.134319 0.127298 0.00182669 0.000428997 0.000878536
45.16 0.135085 0.134339 0.127307 0.00145906 0.000508957 0.000229217
45.18 0.13515 0.134371 0.127307 0.00164096 0.000811937 5.14899e-06
45.2 0.135242 0.134415 0.127317 0.00229341 0.00109826 0.00025026
45.22 0.135363 0.13446 0.127348 0.00301075 0.00111385 0.000754621
45.24 0.135496 0.134491 0.127396 0.00333338 0.000791213 0.00121078
45.26 0.135618 0.134504 0.127452 0.00304993 0.000322844 0.00141041
45.28 0.13571 0.134506 0.127506 0.00231303 4.06829e-05 0.00134691
45.3 0.135771 0.134514 0.127554 0.00150911 0.00019006 0.00117927
45.32 0.13581 0.134544 0.127598 0.000993329 0.00074881 0.00110255
45.34 0.135846 0.1346 0.127646 0.000886963 0.00141494 0.00121208
45.36 0.135889 0.134672 0.127704 0.00106699 0.00179358 0.00145067
45.38 0.135941 0.134739 0.127771 0.00130151 0.00166927 0.00165991
45.4 0.135996 0.134785 0.127838 0.00139434 0.00115434 0.00168508
45.42 0.136047 0.134809 0.127897 0.00126175 0.000591881 0.00146872
45.44 0.136084 0.134821 0.12794 0.000936401 0.000318261 0.00107582
45.46 0.136105 0.13484 0.127965 0.000525246 0.000466863 0.00063408
45.48 0.136112 0.134876 0.127975 0.000156613 0.000910124 0.000250937
45.5 0.13611 0.134931 0.127975 -4.81818e-05 0.00136471 -7.40458e-06
45.52 0.13611 0.134994 0.127971 5.82445e-06 0.00158836 -9.08029e-05
45.54 0.136124 0.135056 0.127973 0.000345337 0.00152921 4.15005e-05
45.56 0.136159 0.135109 0.127989 0.000876588 0.00132368 0.000396445
45.58 0.136214 0.135155 0.128025 0.00137295 0.00116375 0.000911602
45.6 0.136276 0.135201 0.128083 0.00155439 0.00115504 0.00143906
45.62 0.136326 0.135252 0.128154 0.00124568 0.00126514 0.00177796
45.64 0.136346 0.135307 0.128224 0.000501267 0.00136791 0.00175029
45.66 0.13633 0.13536 0.128275 -0.000398574 0.00133126 0.00128865
45.68 0.136287 0.135404 0.128295 -0.00108029 0.00110102 0.000492546
45.7 0.136236 0.135434 0.12828 -0.00125971 0.00075152 -0.000384067
45.72 0.136201 0.135453 0.128239 -0.000870366 0.000468431 -0.00101798
45.74 0.136198 0.13547 0.128193 -8.06531e-05 0.000437019 -0.00115239
45.76 0.13623 0.135498 0.128164 0.000783498 0.000693721 -0.000733395
45.78 0.136284 0.135541 0.128165 0.00136888 0.0010661 3.4644e-05
45.8 0.136342 0.135591 0.128196 0.00144597 0.00126497 0.000783523
45.82 0.136383 0.135635 0.128244 0.0010139 0.00108564 0.00119589
45.84 0.136394 0.135658 0.128292 0.000290367 0.00057611 0.00119157
45.86 0.136378 0.135659 0.12833 -0.000398473 3.6178e-05 0.000942819
45.88 0.136348 0.135652 0.128358 -0.000771293 -0.000169588 0.000716288
45.9 0.136319 0.135658 0.128385 -0.000722539 0.000130822 0.000675922
45.92 0.136305 0.135688 0.128417 -0.000352942 0.000768752 0.000802164
45.94 0.136309 0.135741 0.128456 0.000115749 0.00131689 0.000965259
45.96 0.136328 0.135796 0.128498 0.000472035 0.00136951 0.00106067
45.98 0.136352 0.135829 0.128542 0.000608968 0.000840449 0.00108596
46 0.136374 0.135832 0.128586 0.000533416 5.51222e-05 0.00111095
46.02 0.136387 0.135813 0.128634 0.000324228 -0.000455144 0.00118955
46.04 0.13639 0.1358 0.128686 8.1201e-05 -0.000330276 0.00129532
46.06 0.136385 0.135814 0.128739 -0.000120449 0.000345588 0.00132782
46.08 0.136375 0.135858 0.128786 -0.000242676 0.00109946 0.00118525
46.1 0.136365 0.135914 0.12882 -0.000271635 0.00140691 0.000849485
46.12 0.136356 0.135956 0.128837 -0.000204294 0.00105031 0.000420185
46.14 0.136354 0.135967 0.12884 -5.28319e-05 0.000257766 6.50135e-05
46.16 0.13636 0.135948 0.128836 0.0001351 -0.000455749 -8.33762e-05
46.18 0.136371 0.135922 0.128836 0.000278241 -0.000646965 -5.79941e-06
46.2 0.136383 0.135912 0.128844 0.000298237 -0.000264661 0.000202426
46.22 0.136389 0.135925 0.12886 0.000160664 0.000321965 0.000400802
46.24 0.136385 0.13595 0.12888 -9.9399e-05 0.000618252 0.000495068
46.26 0.13637 0.135965 0.1289 -0.000388603 0.000385639 0.000490571
46.28 0.136346 0.135958 0.128919 -0.000600657 -0.000178685 0.000478511
46.3 0.136319 0.135934 0.128941 -0.000667554 -0.00059408 0.000551853
46.32 0.136295 0.135916 0.128969 -0.000587052 -0.000454434 0.000708752
46.34 0.136279 0.135927 0.129003 -0.000403757 0.000269248 0.000840279
46.36 0.136273 0.135974 0.129035 -0.00016504 0.00118185 0.000814241
46.38 0.136277 0.136042 0.129058 0.000105732 0.00171404 0.000576636
46.4 0.136292 0.136103 0.129066 0.000384537 0.00151315 0.000192525
46.42 0.136316 0.136131 0.129059 0.000604072 0.000698793 -0.000178538
46.44 0.136343 0.136123 0.129045 0.000665445 -0.000204745 -0.000349907
46.46 0.136364 0.136099 0.129037 0.000519179 -0.000602856 -0.000195272
46.48 0.136373 0.13609 0.129048 0.000240469 -0.000206876 0.00027796
46.5 0.136374 0.136122 0.129085 1.03714e-05 0.000784344 0.000920513
46.52 0.136374 0.136194 0.129146 8.85216e-06 0.00180217 0.00151266
46.54 0.136386 0.136284 0.12922 0.000300255 0.00225505 0.00186933
46.56 0.136418 0.13636 0.129297 0.000782037 0.00189603 0.00191667
46.58 0.136467 0.136399 0.129365 0.00123159 0.000971821 0.00169642
46.6 0.136524 0.136401 0.129417 0.00144135 5.81411e-05 0.00131645
46.62 0.136579 0.136389 0.129453 0.00135324 -0.000304972 0.000899506
46.64 0.136622 0.136391 0.129475 0.00108936 5.62006e-05 0.00054667
46.66 0.136656 0.136425 0.129488 0.000853468 0.000848105 0.000312446
46.68 0.136687 0.136485 0.129496 0.000780119 0.00149806 0.000210683
46.7 0.136721 0.136546 0.129506 0.000847757 0.00152413 0.000242536
46.72 0.136759 0.13658 0.129522 0.000929248 0.000860649 0.0004056
46.74 0.136795 0.136577 0.129549 0.00092304 -8.68637e-05 0.000678437
46.76 0.136829 0.136548 0.129589 0.000833029 -0.000716432 0.00100317
46.78 0.136859 0.136522 0.129641 0.000751423 -0.000644571 0.00128056
46.8 0.13689 0.136524 0.129696 0.000789455 3.52505e-05 0.00139155
46.82 0.13693 0.136557 0.129747 0.000992917 0.000830003 0.00125439
46.84 0.136982 0.136605 0.129782 0.00129049 0.00119993 0.000893247
46.86 0.137043 0.136643 0.129801 0.00153003 0.000937276 0.000463353
46.88 0.137106 0.136654 0.129808 0.00158198 0.000295149 0.000181874
46.9 0.137163 0.136645 0.129816 0.00142576 -0.000230472 0.000192475
46.92 0.13721 0.136634 0.129835 0.0011576 -0.00027914 0.000473617
46.94 0.137247 0.136639 0.129869 0.000923648 0.00013011 0.000865774
46.96 0.13728 0.136665 0.129917 0.00083972 0.000651793 0.0011884
46.98 0.137318 0.136701 0.129971 0.000935953 0.00089289 0.00135054
47 0.137363 0.136729 0.130026 0.00114181 0.000703521 0.00138064
47.02 0.137416 0.13674 0.130081 0.00132863 0.000284211 0.00136756
47.04 0.137472 0.136742 0.130135 0.00138788 2.90075e-05 0.00136481
47.06 0.137524 0.13675 0.130189 0.00129497 0.00020641 0.0013339
47.08 0.137568 0.136779 0.130236 0.00111936 0.000732639 0.0011832
47.1 0.137608 0.136828 0.130271 0.000985663 0.00123125 0.00088004
47.12 0.137648 0.136881 0.130292 0.0010081 0.00132183 0.000524797
47.14 0.137697 0.136917 0.130304 0.00121178 0.000902835 0.000296798
47.16 0.137756 0.136926 0.130316 0.00147768 0.000225141 0.000305003
47.18 0.137819 0.136915 0.130336 0.00157572 -0.00029017 0.000480132
47.2 0.137871 0.136901 0.13036 0.00131311 -0.000353437 0.000615635
47.22 0.1379 0.136901 0.130382 0.000704268 -1.76677e-07 0.000536137
47.24 0.1379 0.136919 0.130392 1.30443e-05 0.000465005 0.000251369
47.26 0.137885 0.136948 0.13039 -0.000379699 0.000713675 -3.64813e-05
47.28 0.137876 0.136973 0.130387 -0.000210018 0.000624272 -8.51527e-05
47.3 0.137896 0.136986 0.130394 0.000486536 0.000334733 0.000191617
47.32 0.137951 0.13699 0.13042 0.00137405 0.000107959 0.000643019
47.34 0.138031 0.136996 0.13046 0.00200743 0.000131642 0.000988218
47.36 0.138115 0.137012 0.130501 0.00208927 0.000398837 0.00102986
47.38 0.13818 0.137041 0.130533 0.00162945 0.000744447 0.000804892
47.4 0.138217 0.137081 0.130555 0.000918003 0.000987525 0.000544905
47.42 0.13823 0.137123 0.130574 0.000334159 0.00104899 0.000465766
47.44 0.138235 0.137162 0.130596 0.000118036 0.000969709 0.000572552
47.46 0.138245 0.137196 0.130623 0.000258349 0.000854734 0.00066477
47.48 0.138268 0.137228 0.130644 0.00056714 0.000799141 0.000535345
47.5 0.138302 0.137262 0.130652 0.000859949 0.000841345 0.000177155
47.52 0.138345 0.1373 0.130644 0.00107382 0.000963627 -0.000184453
47.54 0.138395 0.137345 0.130634 0.00124185 0.00111623 -0.000260639
47.56 0.13845 0.137395 0.130636 0.00138937 0.00124525 6.1809e-05
47.58 0.138509 0.137447 0.130661 0.00146992 0.00130952 0.000608489
47.6 0.138565 0.137498 0.130702 0.00140537 0.0012843 0.00103369
47.62 0.138613 0.137545 0.130745 0.00118074 0.00116795 0.0010748
47.64 0.138648 0.137585 0.130775 0.000894528 0.000995864 0.000746111
47.66 0.138677 0.137619 0.130788 0.000717839 0.000842251 0.000328281
47.68 0.138708 0.137649 0.130795 0.000782986 0.000772462 0.00016692
47.7 0.138751 0.13768 0.130811 0.00106594 0.000768784 0.000423485
47.72 0.138805 0.137709 0.13085 0.0013609 0.000728348 0.000960336
47.74 0.138862 0.137732 0.130908 0.00140576 0.00057176 0.00144698
47.76 0.138905 0.137746 0.130972 0.00107758 0.00035189 0.00159467
47.78 0.138925 0.137756 0.131025 0.000499128 0.000245821 0.00133487
47.8 0.138924 0.137773 0.131058 -2.70605e-05 0.000426279 0.000819479
47.82 0.138915 0.137809 0.131069 -0.00020785 0.000904589 0.000280082
47.84 0.138918 0.137868 0.131064 5.53159e-05 0.00146791 -0.000114402
47.86 0.138942 0.13794 0.131052 0.000605209 0.00178626 -0.000301458
47.88 0.138987 0.138005 0.131041 0.00112113 0.00163928 -0.000272419
47.9 0.139039 0.138049 0.131041 0.00130618 0.00109169 -9.74247e-06
47.92 0.139081 0.138068 0.131061 0.00105541 0.000471363 0.000508803
47.94 0.139101 0.138074 0.131111 0.000495847 0.000162603 0.00124425
47.96 0.139097 0.138089 0.131193 -0.000110369 0.00036733 0.00204192
47.98 0.139076 0.138129 0.131299 -0.000518929 0.00100099 0.00265856
48 0.139051 0.138199 0.131414 -0.000620832 0.0017656 0.0028757
48.02 0.139032 0.138293 0.131519 -0.000472356 0.00232857 0.00262347
48.04 0.139022 0.138392 0.1316 -0.000240991 0.00247961 0.00201495
48.06 0.139018 0.138479 0.13165 -0.000103803 0.0021868 0.00126912
48.08 0.139012 0.138541 0.131674 -0.00015159 0.00155333 0.000590838
48.1 0.138998 0.138571 0.131678 -0.000360553 0.000744541 9.27893e-05
48.12 0.138972 0.138569 0.131671 -0.000640582 -4.42513e-05 -0.000182104
48.14 0.138936 0.138545 0.131663 -0.000904248 -0.000600755 -0.000189929
48.16 0.138892 0.138515 0.131668 -0.00110217 -0.000753375 0.000119738
48.18 0.138843 0.138497 0.131696 -0.00122389 -0.000461686 0.000717978
48.2 0.138792 0.138502 0.131753 -0.00128442 0.000135778 0.00141245
48.22 0.138739 0.138532 0.131828 -0.00130842 0.00075566 0.00188651
48.24 0.138686 0.138576 0.131903 -0.00131869 0.00108294 0.00186862
48.26 0.138633 0.138613 0.131956 -0.00132928 0.000932287 0.00131399
48.28 0.138579 0.138628 0.131974 -0.00134672 0.00036932 0.000458592
48.3 0.138524 0.138615 0.131962 -0.00137831 -0.000315332 -0.000302897
48.32 0.138467 0.138584 0.131936 -0.0014257 -0.000784548 -0.000639597
48.34 0.138409 0.138549 0.131918 -0.00144982 -0.000860316 -0.00046726
48.36 0.138355 0.138525 0.131919 -0.00134671 -0.000602817 2.68942e-05
48.38 0.138316 0.138516 0.13194 -0.000994885 -0.000235647 0.000526785
48.4 0.138301 0.138516 0.131971 -0.000357839 2.55166e-06 0.000788709
48.42 0.138319 0.138516 0.132002 0.00044281 2.99773e-06 0.000761599
48.44 0.138365 0.13851 0.132025 0.00115083 -0.000154572 0.000566442
48.46 0.138425 0.138499 0.132039 0.00149314 -0.000284219 0.000373937
48.48 0.138478 0.138488 0.132051 0.00133834 -0.000256565 0.000281485
48.5 0.138511 0.138484 0.132062 0.000811745 -9.51305e-05 0.000277768
48.52 0.138522 0.138487 0.132074 0.000269038 6.8546e-05 0.00030598
48.54 0.138526 0.138492 0.132088 0.000107456 0.000113632 0.000350259
48.56 0.138547 0.138493 0.132106 0.000522565 2.36098e-05 0.000448786
48.58 0.138602 0.138488 0.132131 0.0013752 -0.000106379 0.000621439
48.6 0.138692 0.138483 0.132163 0.00225526 -0.000144865 0.000798359
48.62 0.1388 0.138482 0.132196 0.00270793 -2.55541e-05 0.000840263
48.64 0.1389 0.138489 0.132222 0.0024975 0.000194547 0.000646111
48.66 0.13897 0.138504 0.132233 0.00174947 0.000376752 0.000258513
48.68 0.139005 0.138521 0.132228 0.000882655 0.000416381 -0.000116418
48.7 0.13902 0.138534 0.13222 0.000374953 0.000326588 -0.000201309
48.72 0.13904 0.138543 0.132227 0.000492468 0.000216585 0.000180049
48.74 0.139086 0.138551 0.132265 0.00114263 0.00020744 0.000954724
48.76 0.139163 0.138565 0.132338 0.00193979 0.000356546 0.00181001
48.78 0.139261 0.13859 0.132433 0.00244415 0.000626707 0.00237159
48.8 0.139358 0.138627 0.132529 0.00242407 0.000918726 0.00241026
48.82 0.139437 0.138673 0.132607 0.00197517 0.0011403 0.00194529
48.84 0.139494 0.138723 0.132655 0.00142929 0.00125534 0.00121012
48.86 0.139539 0.138774 0.132676 0.00111976 0.00128049 0.000518094
48.88 0.139586 0.138824 0.13268 0.00116536 0.00124516 0.000103106
48.9 0.139643 0.138871 0.132681 0.00142534 0.00117083 2.54088e-05
48.92 0.139708 0.138914 0.132689 0.00164284 0.00108073 0.000197546
48.94 0.139774 0.138954 0.132708 0.00164675 0.0010057 0.000483408
48.96 0.139833 0.138994 0.132739 0.00146053 0.000981787 0.000775929
48.98 0.139883 0.139035 0.13278 0.00125758 0.00103212 0.00100717
49 0.139932 0.13908 0.132824 0.00121291 0.00112825 0.00111383
49.02 0.139986 0.139127 0.132865 0.0013645 0.00117656 0.00102219
49.04 0.14005 0.13917 0.132893 0.00159508 0.00107755 0.000699268
49.06 0.14012 0.139203 0.132902 0.00174441 0.000820296 0.000232138
49.08 0.14019 0.139224 0.132896 0.00174598 0.00051357 -0.000169183
49.1 0.140256 0.139237 0.132884 0.00166957 0.000324736 -0.000288675
49.12 0.140322 0.139252 0.132882 0.00164703 0.000375464 -4.93228e-05
49.14 0.140392 0.139278 0.132899 0.00175518 0.000653282 0.000433346
49.16 0.14047 0.139318 0.132936 0.00194815 0.00100712 0.000919198
49.18 0.140553 0.139368 0.132983 0.00207677 0.00124525 0.00116887
49.2 0.140633 0.139418 0.133025 0.00198395 0.00126409 0.00105672
49.22 0.140698 0.139463 0.133051 0.00163451 0.00111585 0.000636281
49.24 0.140746 0.139502 0.133055 0.0011825 0.000969644 0.000122064
49.26 0.140781 0.139541 0.133047 0.00089279 0.000983558 -0.000220417
49.28 0.14082 0.139588 0.133038 0.000958503 0.00117477 -0.000215436
49.3 0.140874 0.139645 0.133044 0.001366 0.00141551 0.000147551
49.32 0.140951 0.139707 0.133073 0.00191382 0.00155725 0.000734498
49.34 0.141045 0.139769 0.133127 0.00235058 0.0015564 0.00134348
49.36 0.141145 0.139829 0.133198 0.00250698 0.00148867 0.00178496
49.38 0.141239 0.139887 0.133276 0.00234967 0.00145891 0.00194128
49.4 0.141318 0.139947 0.133348 0.00196404 0.00150069 0.00180013
49.42 0.141377 0.140009 0.133406 0.00148878 0.00154794 0.0014553
49.44 0.141418 0.140069 0.133449 0.00103202 0.00149383 0.00106971
49.46 0.141444 0.14012 0.133481 0.00062961 0.00128562 0.000803269
49.48 0.141455 0.140159 0.133511 0.000288504 0.000973904 0.000733403
49.5 0.141457 0.140186 0.133543 4.02327e-05 0.00067412 0.000819657
49.52 0.141454 0.140206 0.133581 -7.42816e-05 0.000491605 0.000941388
49.54 0.141452 0.140225 0.13362 -5.26719e-05 0.000478191 0.000983572
49.56 0.141453 0.14025 0.133657 4.29398e-05 0.000616662 0.000913764
49.58 0.141457 0.140283 0.133689 9.8884e-05 0.000821518 0.000795646
49.6 0.141457 0.140322 0.133718 5.32812e-07 0.000973793 0.000727279
49.62 0.141445 0.14036 0.133748 -0.000307603 0.000972859 0.000755318
49.64 0.141414 0.140391 0.133782 -0.000784087 0.000763705 0.000844155
49.66 0.141362 0.140405 0.133819 -0.00128565 0.00034796 0.00091859
49.68 0.141298 0.140398 0.133856 -0.00161957 -0.000184052 0.000925233
49.7 0.141231 0.140372 0.13389 -0.0016563 -0.000644574 0.000860075
49.72 0.141174 0.140339 0.13392 -0.00143539 -0.000830995 0.000751536
49.74 0.141128 0.140312 0.133945 -0.00115694 -0.000656621 0.000621087
49.76 0.141086 0.140303 0.133963 -0.00103651 -0.000224434 0.000452487
49.78 0.141041 0.140312 0.133971 -0.00113453 0.000208727 0.000205605
49.8 0.140988 0.140326 0.133966 -0.00131377 0.000364938 -0.000123701
49.82 0.140934 0.140331 0.133948 -0.00136094 0.000126109 -0.000452781
49.84 0.140887 0.140317 0.133923 -0.00115583 -0.000349647 -0.000626663
49.86 0.140857 0.140289 0.133903 -0.000761594 -0.000701175 -0.000508351
49.88 0.140842 0.140265 0.133899 -0.000388354 -0.00061417 -8.18639e-05
49.9 0.140831 0.140262 0.13392 -0.000264514 -6.41789e-05 0.000519191
49.92 0.140812 0.140288 0.133964 -0.000485278 0.000642598 0.00108168
49.94 0.140775 0.140331 0.134021 -0.000920762 0.00107431 0.00143171
49.96 0.140724 0.140369 0.134081 -0.00127791 0.000963921 0.00151373
49.98 0.140671 0.140384 0.134136 -0.00130828 0.000375453 0.00137822
50 0.140631 0.140371 0.134181 -0.000998018 -0.000344483 0.00111457
50.02 0.140609 0.140339 0.134213 -0.000563514 -0.000787101 0.000805823
50.04 0.140599 0.14031 0.134234 -0.000255622 -0.000739728 0.000525656
50.06 0.140592 0.140297 0.134248 -0.000159081 -0.000309005 0.000338111
50.08 0.140586 0.140305 0.134259 -0.000158225 0.000184209 0.000280814
50.1 0.140583 0.140323 0.134273 -6.52286e-05 0.000453597 0.000359728
50.12 0.140592 0.14034 0.134296 0.000213535 0.000438292 0.000561211
50.14 0.140615 0.140352 0.13433 0.000587848 0.000290056 0.000852476
50.16 0.140649 0.14036 0.134377 0.000842196 0.00019651 0.00117486
50.18 0.140682 0.140368 0.134435 0.00081752 0.000213371 0.00145582
50.2 0.140704 0.140378 0.134501 0.000559349 0.000241417 0.00163493
50.22 0.140716 0.140383 0.134568 0.000301175 0.00014083 0.00167708
50.24 0.140728 0.140378 0.13463 0.000300288 -0.000128874 0.00156095
50.26 0.140754 0.14036 0.134681 0.000657385 -0.000452545 0.00127312
50.28 0.140804 0.140335 0.134714 0.00124568 -0.000629771 0.000830456
50.3 0.140876 0.140314 0.134726 0.00178475 -0.00052538 0.000304411
50.32 0.140957 0.140307 0.134719 0.00202247 -0.00017278 -0.000181049
50.34 0.141032 0.140317 0.1347 0.00189843 0.000257242 -0.000487394
50.36 0.141095 0.140341 0.134679 0.00156097 0.000590607 -0.000517951
50.38 0.141145 0.140372 0.134669 0.00124162 0.000768187 -0.000262331
50.4 0.141189 0.140406 0.134676 0.00110451 0.000844378 0.000193586
50.42 0.141236 0.140441 0.134704 0.00117679 0.000886846 0.000703035
50.44 0.141291 0.140477 0.134749 0.00137505 0.000897556 0.00112371
50.46 0.141354 0.14051 0.134804 0.00158203 0.00083224 0.00137505
50.48 0.141422 0.140537 0.134862 0.00170978 0.000682589 0.00144775
50.5 0.141491 0.140558 0.134917 0.00171179 0.000523025 0.0013608
50.52 0.141554 0.140578 0.134961 0.00156643 0.000478802 0.00111364
50.54 0.141605 0.140603 0.134989 0.00127859 0.000639262 0.00068958
50.56 0.141641 0.140642 0.134993 0.000906059 0.00098067 0.000115387
50.58 0.141664 0.140697 0.134974 0.000571768 0.00137319 -0.000479347
50.6 0.141681 0.140764 0.134939 0.000422775 0.00167407 -0.000873226
50.62 0.141703 0.140837 0.134905 0.000542833 0.00182292 -0.000856508
50.64 0.141737 0.140911 0.13489 0.00087418 0.00184413 -0.000369859
50.66 0.141787 0.140982 0.134907 0.00123332 0.00178496 0.000424892
50.68 0.141845 0.14105 0.134956 0.00144343 0.00168339 0.00121743
50.7 0.141903 0.141113 0.135025 0.00146299 0.00157932 0.00173454
50.72 0.141958 0.141174 0.135101 0.00138468 0.00152684 0.00189126
50.74 0.142012 0.141237 0.135173 0.00133008 0.00158232 0.00179762
50.76 0.142066 0.141308 0.135238 0.00134636 0.00176043 0.00162849
50.78 0.142121 0.141387 0.135297 0.00138701 0.0019775 0.00147011
50.8 0.142176 0.141469 0.135348 0.00138237 0.0020605 0.0012788
50.82 0.142229 0.141544 0.135387 0.00132842 0.00186246 0.000979485
50.84 0.142282 0.141599 0.135411 0.001311 0.00139313 0.000598893
50.86 0.142339 0.141633 0.135423 0.00142601 0.000845224 0.000290605
50.88 0.142406 0.141653 0.135432 0.00166736 0.000491192 0.000221086
50.9 0.142481 0.141674 0.135449 0.00189007 0.000524626 0.000424822
50.92 0.142557 0.141711 0.135479 0.0018994 0.000940024 0.000761434
50.94 0.142622 0.141772 0.13552 0.00162177 0.00150899 0.00101497
50.96 0.142671 0.141847 0.135562 0.00121517 0.00189248 0.00105246
50.98 0.14271 0.141922 0.135598 0.000991969 0.00185215 0.00090662
51 0.142757 0.141978 0.135627 0.00117827 0.00141249 0.000721328
51.02 0.142826 0.142012 0.135652 0.00170262 0.000837467 0.000627084
51.04 0.142914 0.142029 0.135678 0.00221112 0.000439319 0.000658325
51.06 0.143007 0.142044 0.135709 0.00232546 0.000374907 0.000762344
51.08 0.143084 0.142067 0.135743 0.001931 0.000573883 0.000860578
51.1 0.143135 0.1421 0.135779 0.00126427 0.000825574 0.000902972
51.12 0.143165 0.142138 0.135814 0.000741511 0.000939562 0.000878988
51.14 0.143191 0.142172 0.135846 0.000659867 0.000868529 0.000792239
51.16 0.143231 0.142201 0.135872 0.000991891 0.000725761 0.0006444
51.18 0.143288 0.142229 0.13589 0.00142419 0.000689208 0.000455553
51.2 0.143352 0.142264 0.135902 0.00160311 0.000864185 0.000294493
51.22 0.143408 0.142312 0.135913 0.00139806 0.00120535 0.000272382
51.24 0.143447 0.142374 0.135932 0.000981682 0.00155282 0.000477808
51.26 0.143473 0.142444 0.135967 0.000662762 0.00174275 0.000879939
51.28 0.143499 0.142512 0.136019 0.000633376 0.00170046 0.00129372
51.3 0.143532 0.14257 0.136078 0.000843215 0.001461 0.00148176
51.32 0.143575 0.142615 0.136131 0.00107327 0.00111844 0.001322
51.34 0.14362 0.142645 0.136167 0.00112149 0.000757668 0.000898971
51.36 0.143658 0.142662 0.136185 0.000937112 0.000431799 0.000454512
51.38 0.143682 0.142669 0.136195 0.000611439 0.000177144 0.000234287
51.4 0.143693 0.14267 0.136208 0.000266189 2.27811e-05 0.000334072
51.42 0.143691 0.14267 0.136233 -4.58698e-05 -1.8379e-05 0.000637991
51.44 0.143677 0.142671 0.136269 -0.000344489 3.7743e-05 0.000896929
51.46 0.143652 0.142677 0.136306 -0.00064048 0.000138089 0.000907579
51.48 0.143617 0.142685 0.136332 -0.00086075 0.000195732 0.000651297
51.5 0.143582 0.142689 0.136343 -0.000873475 0.000117556 0.000278921
51.52 0.143558 0.142683 0.136342 -0.000605323 -0.00015074 -2.91989e-05
51.54 0.143552 0.14266 0.136334 -0.00014227 -0.000592322 -0.000188101
51.56 0.143564 0.142615 0.136326 0.000291481 -0.00111088 -0.000213932
51.58 0.143583 0.142553 0.13632 0.000464861 -0.00155435 -0.000148756
51.6 0.143594 0.142482 0.13632 0.000279906 -0.00176519 9.28734e-07
51.62 0.143587 0.142416 0.13633 -0.000173699 -0.00165164 0.000256966
51.64 0.14356 0.142366 0.136354 -0.00067614 -0.00125022 0.00060814
51.66 0.143519 0.142337 0.136393 -0.00101208 -0.000727157 0.000962915
51.68 0.143475 0.142325 0.13644 -0.00109795 -0.000300937 0.00117726
51.7 0.143435 0.14232 0.136485 -0.000999203 -0.000137278 0.00114098
51.72 0.143402 0.142308 0.13652 -0.00082663 -0.000279466 0.000857056
51.74 0.143377 0.142283 0.136538 -0.000629535 -0.000633885 0.000461508
51.76 0.143361 0.142243 0.136545 -0.000392924 -0.00100417 0.000164668
51.78 0.143357 0.142196 0.136551 -0.000111701 -0.00116774 0.000143688
51.8 0.143363 0.142157 0.136569 0.000163194 -0.000978508 0.000455924
51.82 0.143378 0.142139 0.13661 0.000350419 -0.000450455 0.00101793
51.84 0.143393 0.142149 0.136675 0.000391552 0.000238614 0.00164018
51.86 0.143405 0.142182 0.136759 0.000289213 0.000834344 0.00209572
51.88 0.143409 0.142227 0.136847 0.000109369 0.00113273 0.00221157
51.9 0.143407 0.142271 0.136926 -6.06023e-05 0.00108465 0.00196105
51.92 0.1434 0.142303 0.136985 -0.000168157 0.000818499 0.00149051
51.94 0.143392 0.142326 0.137027 -0.000211187 0.000554705 0.00103436
51.96 0.143383 0.142344 0.137058 -0.000204502 0.000465087 0.000769382
51.98 0.143377 0.142367 0.137086 -0.000155057 0.00057532 0.000719965
52 0.143374 0.142399 0.137117 -6.8425e-05 0.000783235 0.000774774
52.02 0.143376 0.142437 0.137149 4.90461e-05 0.000968603 0.000787211
52.04 0.143384 0.142481 0.137177 0.000190119 0.00109629 0.000698038
52.06 0.143397 0.14253 0.1372 0.000333829 0.00122249 0.000590764
52.08 0.143415 0.142586 0.137225 0.000451378 0.00140401 0.00061753
52.1 0.143437 0.142651 0.137259 0.000537025 0.00161078 0.000855157
52.12 0.143462 0.14272 0.137308 0.000619136 0.00173742 0.00122327
52.14 0.14349 0.142788 0.137369 0.000717846 0.00169397 0.0015288
52.16 0.143522 0.142847 0.137433 0.000792522 0.00148944 0.00159396
52.18 0.143552 0.142897 0.137488 0.000749268 0.00123552 0.00136897
52.2 0.143573 0.14294 0.137526 0.000518036 0.00106692 0.000947909
52.22 0.143579 0.142981 0.137545 0.000147155 0.00104246 0.000486835
52.24 0.143572 0.143025 0.137549 -0.000173087 0.00110417 0.000100865
52.26 0.143564 0.14307 0.137542 -0.000199706 0.00112584 -0.000174828
52.28 0.143572 0.143111 0.137528 0.000200218 0.0010195 -0.000349468
52.3 0.143609 0.143144 0.137512 0.000924102 0.000819665 -0.000423098
52.32 0.143675 0.143171 0.137497 0.00165313 0.000663574 -0.000368734
52.34 0.143756 0.143198 0.13749 0.00203729 0.000681929 -0.000159814
52.36 0.143834 0.143234 0.137498 0.00193046 0.000896176 0.000191297
52.38 0.143893 0.143281 0.137523 0.00147557 0.00119034 0.000613697
52.4 0.143931 0.143336 0.137562 0.000973685 0.00136432 0.000991784
52.42 0.143958 0.143386 0.13761 0.000668604 0.00124128 0.00120123
52.44 0.143983 0.143417 0.137656 0.000612551 0.000786667 0.00114339
52.46 0.14401 0.143424 0.137687 0.000681099 0.000167415 0.000781856
52.48 0.144038 0.143411 0.137694 0.000708748 -0.000311026 0.000175499
52.5 0.144064 0.143397 0.137674 0.000640704 -0.000367375 -0.000517111
52.52 0.144087 0.1434 0.137631 0.000571329 9.2308e-05 -0.00107749
52.54 0.144113 0.143436 0.137578 0.000646507 0.000900552 -0.00130503
52.56 0.144149 0.143504 0.137534 0.000920809 0.00169291 -0.00109842
52.58 0.144201 0.143588 0.137514 0.00129514 0.00210107 -0.000499787
52.6 0.144265 0.143666 0.137528 0.00158478 0.00196204 0.000329843
52.62 0.144331 0.143723 0.137575 0.0016507 0.00140896 0.00118606
52.64 0.144391 0.143754 0.13765 0.00149887 0.000785306 0.00188552
52.66 0.144442 0.143772 0.137742 0.00127897 0.000436399 0.00229163
52.68 0.144489 0.143792 0.137835 0.00117037 0.000508269 0.00232603
52.7 0.144538 0.143827 0.137915 0.00124439 0.000881034 0.00199401
52.72 0.144596 0.143879 0.137972 0.00143127 0.00128253 0.00142387
52.74 0.14466 0.143938 0.138006 0.00160499 0.00149333 0.000858069
52.76 0.144727 0.143998 0.138028 0.00168914 0.00148367 0.000551609
52.78 0.144796 0.144053 0.138053 0.00170446 0.00138176 0.000629396
52.8 0.144865 0.144106 0.138094 0.00174168 0.0013168 0.00100357
52.82 0.14494 0.144157 0.13815 0.00187383 0.00129438 0.00141771
52.84 0.145023 0.144206 0.138214 0.00207818 0.00121546 0.00160062
52.86 0.145113 0.144246 0.138272 0.00224212 0.00100095 0.00143222
52.88 0.145203 0.144274 0.138312 0.00225533 0.000698555 0.00101857
52.9 0.145287 0.144293 0.138337 0.0020937 0.000467914 0.00062539
52.92 0.14536 0.144311 0.138357 0.00182238 0.000452082 0.000499774
52.94 0.145422 0.144337 0.138385 0.00154124 0.000644489 0.000699063
52.96 0.145475 0.144371 0.138428 0.00132597 0.000865007 0.00105619
52.98 0.145522 0.144406 0.13848 0.00119318 0.000872296 0.00130358
53 0.145567 0.144428 0.13853 0.00110716 0.000546386 0.00125756
53.02 0.145608 0.144428 0.138567 0.00102668 1.07777e-05 0.000933349
53.04 0.145645 0.144411 0.138588 0.000938991 -0.000425314 0.000515449
53.06 0.145679 0.144392 0.138597 0.00084643 -0.000483658 0.000214575
53.08 0.145708 0.144387 0.138601 0.000732658 -0.000133204 0.00012063
53.1 0.145731 0.144402 0.138608 0.000561148 0.000375103 0.000162646
53.12 0.145744 0.144429 0.138616 0.000319434 0.000691179 0.000192135
53.14 0.145746 0.144454 0.13862 6.49501e-05 0.000618444 0.000111052
53.16 0.145743 0.144463 0.138618 -7.88033e-05 0.000232732 -5.24603e-05
53.18 0.145743 0.144455 0.138611 4.19735e-06 -0.000203314 -0.000178812
53.2 0.145756 0.144438 0.138604 0.000323545 -0.000438173 -0.000179635
53.22 0.145786 0.144422 0.1386 0.000736616 -0.000382861 -9.0907e-05
53.24 0.145826 0.144417 0.138598 0.0010094 -0.000133536 -3.6274e-05
53.26 0.145864 0.144422 0.138595 0.000959138 0.000122927 -8.76904e-05
53.28 0.145888 0.144432 0.138588 0.000584655 0.000253962 -0.000163056
53.3 0.145891 0.144443 0.138586 8.21999e-05 0.000266521 -6.85871e-05
53.32 0.14588 0.144453 0.138599 -0.000272512 0.000261558 0.000344678
53.34 0.145868 0.144466 0.138641 -0.000300878 0.000307156 0.00104096
53.36 0.145867 0.14448 0.138713 -3.95431e-05 0.000364191 0.0017858
53.38 0.145878 0.144494 0.138804 0.000290322 0.000345905 0.00227613
53.4 0.145896 0.144504 0.138897 0.000449436 0.000243966 0.00232264
53.42 0.14591 0.144511 0.138975 0.000349316 0.000174549 0.00194976
53.44 0.145914 0.144522 0.139028 8.66404e-05 0.000287804 0.00134771
53.46 0.145907 0.144547 0.139058 -0.000153909 0.000621177 0.000746764
53.48 0.145898 0.144588 0.139071 -0.000225264 0.00102493 0.000321454
53.5 0.145894 0.144638 0.139078 -0.000100036 0.00124171 0.000160659
53.52 0.145899 0.144681 0.139088 0.000113867 0.00108974 0.000268128
53.54 0.145909 0.144706 0.139111 0.000240253 0.000609372 0.000575365
53.56 0.145915 0.144708 0.13915 0.000157392 5.7274e-05 0.000979066
53.58 0.14591 0.144698 0.139206 -0.000112705 -0.000255617 0.00137713
53.6 0.145894 0.144691 0.139273 -0.000419417 -0.000163847 0.00168698
53.62 0.14587 0.144701 0.139347 -0.000577847 0.000254137 0.00185766
53.64 0.145851 0.144731 0.139422 -0.000475039 0.000730905 0.00187521
53.66 0.145846 0.14477 0.139493 -0.000127113 0.000989242 0.00176095
53.68 0.14586 0.144807 0.139555 0.000329307 0.000924839 0.00155537
53.7 0.145887 0.144833 0.139607 0.000696775 0.000659114 0.00129057
53.72 0.14592 0.144851 0.139645 0.000802322 0.000432372 0.000969159
53.74 0.145943 0.144868 0.139668 0.00058632 0.000427771 0.000576144
53.76 0.145949 0.144893 0.139674 0.000157275 0.00063898 0.000131399
53.78 0.145939 0.144928 0.139663 -0.000246525 0.000856754 -0.000266662
53.8 0.145924 0.14496 0.139644 -0.000390809 0.000812807 -0.00046376
53.82 0.145916 0.144977 0.139631 -0.000190238 0.000409673 -0.00033171
53.84 0.145925 0.14497 0.139637 0.000228226 -0.000170379 0.000137649
53.86 0.145949 0.144946 0.139668 0.000592047 -0.000585098 0.000791625
53.88 0.145975 0.144924 0.139723 0.000644404 -0.000557342 0.00137201
53.9 0.145987 0.144922 0.139789 0.000301542 -4.48982e-05 0.00163275
53.92 0.145976 0.144951 0.139847 -0.000276223 0.000728298 0.00145475
53.94 0.145946 0.145007 0.139883 -0.000747431 0.00139434 0.000909818
53.96 0.145915 0.145074 0.139893 -0.000783231 0.00166015 0.000239908
53.98 0.145903 0.145133 0.139882 -0.000296217 0.00147612 -0.000260016
54 0.145922 0.145174 0.139867 0.000473511 0.00102814 -0.00039607
54.02 0.145966 0.145197 0.13986 0.00110556 0.000582312 -0.000167387
54.04 0.146017 0.14521 0.13987 0.00127276 0.000320997 0.000251642
54.06 0.146054 0.145221 0.139895 0.000943513 0.000276996 0.000623309
54.08 0.14607 0.145236 0.139926 0.000386989 0.000378389 0.000786561
54.1 0.146069 0.145257 0.139956 -1.19234e-05 0.00052945 0.000731424
54.12 0.146069 0.145284 0.139978 -2.78704e-06 0.000666514 0.000571714
54.14 0.146085 0.145315 0.139997 0.00039146 0.000782396 0.000456437
54.16 0.146122 0.145352 0.140016 0.00092714 0.000916892 0.000477423
54.18 0.146175 0.145397 0.140041 0.00132121 0.0011174 0.000626172
54.2 0.146232 0.145452 0.140074 0.00143204 0.00138331 0.000821776
54.22 0.146285 0.145517 0.140113 0.00132257 0.00163104 0.000972546
54.24 0.146332 0.145586 0.140153 0.0011827 0.00171942 0.00102017
54.26 0.14638 0.145647 0.140191 0.00119002 0.00152815 0.000951692
54.28 0.146436 0.145689 0.140223 0.00139697 0.00104461 0.000791079
54.3 0.146504 0.145705 0.140246 0.0016946 0.000413847 0.000581113
54.32 0.146579 0.145702 0.140261 0.00188316 -8.59564e-05 0.000370211
54.34 0.146651 0.145695 0.14027 0.00180871 -0.000165726 0.000220612
54.36 0.14671 0.145707 0.140279 0.00146912 0.000294882 0.00021942
54.38 0.14675 0.145752 0.140297 0.00100787 0.00112677 0.000445006
54.4 0.146775 0.14583 0.140333 0.000619219 0.00193114 0.000901136
54.42 0.146794 0.145922 0.140392 0.000457484 0.00230663 0.00148812
54.44 0.146817 0.146005 0.140473 0.000584832 0.00208305 0.00203371
54.46 0.146855 0.146062 0.140567 0.000959556 0.00141374 0.00235025
54.48 0.146914 0.146089 0.140659 0.00146037 0.000683171 0.00229602
54.5 0.146991 0.146101 0.140733 0.00192706 0.000290687 0.00183264
54.52 0.147079 0.146117 0.140775 0.00221186 0.000422015 0.00106818
54.54 0.147168 0.146155 0.140785 0.00222408 0.000936561 0.00024729
54.56 0.147246 0.146213 0.140772 0.00194586 0.00146249 -0.000341537
54.58 0.147304 0.14628 0.140752 0.00143576 0.00165146 -0.00049665
54.6 0.147337 0.146336 0.140744 0.000840767 0.00140967 -0.000184997
54.62 0.147353 0.146374 0.140763 0.000387122 0.000941585 0.000466021
54.64 0.147364 0.146397 0.140812 0.000296128 0.000590475 0.0012359
54.66 0.14739 0.146421 0.140888 0.000642413 0.000597402 0.00188835
54.68 0.147441 0.146458 0.140977 0.00126044 0.000934907 0.00223615
54.7 0.147513 0.146512 0.141065 0.00179945 0.00132743 0.00218375
54.72 0.14759 0.146569 0.141135 0.00192451 0.00144361 0.00174529
54.74 0.147651 0.146614 0.141176 0.00154097 0.00111707 0.00104817
54.76 0.147686 0.146632 0.141189 0.000876235 0.000458893 0.000312239
54.78 0.1477 0.146625 0.14118 0.000346427 -0.00019513 -0.000221899
54.8 0.147712 0.146605 0.141164 0.00028828 -0.000481732 -0.000398264
54.82 0.147741 0.146595 0.141155 0.000731054 -0.000246665 -0.000220651
54.84 0.147795 0.146609 0.141161 0.00136357 0.00035115 0.000153068
54.86 0.147865 0.146648 0.141182 0.00173524 0.000962735 0.000501702
54.88 0.147927 0.1467 0.141208 0.00155559 0.00129006 0.000665734
54.9 0.147962 0.14675 0.141233 0.000879446 0.00124929 0.000631853
54.92 0.147965 0.146788 0.141255 5.88428e-05 0.000963917 0.000528514
54.94 0.147945 0.146814 0.141276 -0.00049099 0.000635737 0.000529141
54.96 0.147923 0.14683 0.141305 -0.000548605 0.000399657 0.000722038
54.98 0.147915 0.14684 0.141346 -0.000197627 0.000262351 0.00104227
55 0.147926 0.146846 0.141399 0.000270129 0.000156562 0.00131277
55.02 0.147949 0.146848 0.141453 0.0005702 4.21358e-05 0.0013557
55.04 0.147972 0.146846 0.141497 0.000593232 -4.41482e-05 0.0010984
55.06 0.147989 0.146845 0.141522 0.000424711 -2.74965e-05 0.000616722
55.08 0.147999 0.14685 0.141526 0.000233713 0.000115932 9.95264e-05
55.1 0.148004 0.146862 0.141515 0.000120402 0.000298332 -0.000255695
55.12 0.148006 0.146876 0.141501 4.87891e-05 0.0003616 -0.000350654
55.14 0.148002 0.146884 0.141493 -7.88073e-05 0.000203009 -0.000214084
55.16 0.147991 0.146879 0.141495 -0.000285957 -0.000121436 5.72345e-05
55.18 0.147973 0.146863 0.14151 -0.000459721 -0.000421393 0.000374411
55.2 0.147956 0.146842 0.141538 -0.000422809 -0.000516063 0.000691373
55.22 0.147952 0.146827 0.141577 -9.28176e-05 -0.00037094 0.000988786
55.24 0.147968 0.146823 0.141627 0.000413708 -0.000110605 0.00123866
55.26 0.148002 0.146826 0.141682 0.000831187 8.88906e-05 0.00139199
55.28 0.148038 0.146831 0.141739 0.000910747 0.000125483 0.00140713
55.3 0.148062 0.146833 0.14179 0.000597598 3.54306e-05 0.00128824
55.32 0.148066 0.146832 0.141834 9.86286e-05 -2.73148e-05 0.00108545
55.34 0.148057 0.146836 0.141868 -0.000231763 9.99656e-05 0.000866167
55.36 0.148052 0.146854 0.141896 -0.00012481 0.000458446 0.000692411
55.38 0.148068 0.146891 0.14192 0.000412515 0.000936352 0.00060163
55.4 0.148112 0.146946 0.141944 0.00108936 0.00135814 0.000593418
55.42 0.148172 0.14701 0.14197 0.00151586 0.00159842 0.000646071
55.44 0.14823 0.147074 0.142 0.00144641 0.00162286 0.000749974
55.46 0.148267 0.147133 0.142037 0.000928353 0.00147144 0.000920578
55.48 0.148279 0.147183 0.142084 0.000282711 0.00123563 0.00117711
55.5 0.148276 0.147224 0.142143 -7.84413e-05 0.00103849 0.00149646
55.52 0.148279 0.147264 0.142215 9.01183e-05 0.00100173 0.00178408
55.54 0.148307 0.147312 0.142291 0.000697989 0.00118647 0.00190802
55.56 0.148362 0.147373 0.142362 0.0013647 0.00153148 0.00177743
55.58 0.148428 0.147447 0.142418 0.00166126 0.00184716 0.00140108
55.6 0.148483 0.147523 0.142454 0.00137459 0.00190473 0.000887587
55.62 0.148508 0.147587 0.14247 0.000630456 0.00159114 0.000401307
55.64 0.148501 0.147627 0.142474 -0.000179329 0.00101497 0.000102078
55.66 0.148476 0.147646 0.142477 -0.000621154 0.000463568 8.39496e-05
55.68 0.148458 0.147656 0.142491 -0.00046247 0.00023855 0.000336023
55.7 0.148466 0.147674 0.142521 0.000196834 0.000469196 0.000747717
55.72 0.148505 0.147715 0.142567 0.000978602 0.0010098 0.00115779
55.74 0.148563 0.147775 0.142624 0.0014519 0.00150248 0.00141502
55.76 0.148618 0.147839 0.14268 0.00138509 0.00159352 0.00142201
55.78 0.148653 0.147885 0.142727 0.000861609 0.00117099 0.00116658
55.8 0.148661 0.147903 0.142756 0.000203762 0.000439898 0.00073304
55.82 0.148652 0.147894 0.142767 -0.00022199 -0.000217921 0.000275149
55.84 0.148644 0.147875 0.142765 -0.000211691 -0.000470935 -5.40507e-05
55.86 0.14865 0.147867 0.142758 0.000157954 -0.000206874 -0.000176182
55.88 0.148674 0.147884 0.142754 0.000599222 0.000429919 -0.000108954
55.9 0.148707 0.147929 0.142756 0.000828483 0.00112941 6.4513e-05
55.92 0.148737 0.147993 0.142766 0.000749561 0.00157529 0.000248676
55.94 0.148756 0.148056 0.142782 0.000481193 0.00159535 0.000387066
55.96 0.148766 0.148106 0.142801 0.000246477 0.00123166 0.000481123
55.98 0.148775 0.148133 0.142824 0.000220564 0.000694205 0.000561496
56 0.148792 0.148142 0.142849 0.000418125 0.000224736 0.000635731
56.02 0.148819 0.148141 0.142876 0.000690001 -2.7267e-05 0.000666083
56.04 0.148853 0.14814 0.1429 0.000839523 -2.79621e-05 0.000603695
56.06 0.148884 0.148147 0.142918 0.000768189 0.00018334 0.00044508
56.08 0.148905 0.148169 0.142928 0.000538705 0.000525957 0.000252586
56.1 0.148918 0.148204 0.142933 0.00032571 0.000897221 0.000120175
56.12 0.14893 0.148253 0.142937 0.00030327 0.00120479 0.000119233
56.14 0.148952 0.148308 0.142948 0.000534287 0.00138988 0.000266883
56.16 0.148989 0.148365 0.142969 0.000921909 0.00142342 0.000523772
56.18 0.149039 0.148417 0.143002 0.00125817 0.00130627 0.000817619
56.2 0.149093 0.148461 0.143045 0.00134596 0.00108974 0.00108249
56.22 0.149137 0.148496 0.143096 0.0011139 0.000868083 0.00128601
56.24 0.149164 0.148525 0.143154 0.000667539 0.000721141 0.00142933
56.26 0.149174 0.148551 0.143215 0.00025546 0.000672997 0.00152851
56.28 0.14918 0.14858 0.143278 0.000137948 0.000708671 0.00158822
56.3 0.149196 0.148612 0.143341 0.000414585 0.000801111 0.00157359
56.32 0.149234 0.148648 0.143398 0.000944312 0.000916085 0.00141642
56.34 0.149291 0.148689 0.143441 0.00143344 0.00101916 0.00108386
56.36 0.149356 0.148733 0.143468 0.00162498 0.00109163 0.000659244
56.38 0.149415 0.148778 0.143481 0.00145599 0.00113354 0.000348714
56.4 0.149458 0.148824 0.143497 0.00108399 0.00114331 0.000379314
56.42 0.149489 0.148868 0.14353 0.000774394 0.00110206 0.000836292
56.44 0.149518 0.148907 0.143592 0.000729109 0.000985006 0.00155598
56.46 0.149556 0.148938 0.143679 0.000957191 0.000775584 0.00217593
56.48 0.149608 0.148957 0.143773 0.00127847 0.000466357 0.00234001
56.5 0.149666 0.14896 0.14385 0.0014678 6.99276e-05 0.001933
56.52 0.149723 0.148946 0.143897 0.00141922 -0.000345942 0.00117675
56.54 0.149771 0.14892 0.143917 0.00119385 -0.000649034 0.000500837
56.56 0.149808 0.148892 0.143928 0.000939485 -0.000714189 0.000259806
56.58 0.149839 0.148871 0.143948 0.000770524 -0.000519919 0.000497896
56.6 0.149867 0.148864 0.143985 0.000700011 -0.000175701 0.000940261
56.62 0.149894 0.148869 0.144033 0.000661459 0.000143075 0.0011955
56.64 0.149917 0.148881 0.144073 0.000593647 0.000294423 0.00100077
56.66 0.149938 0.148891 0.144088 0.000511042 0.000233352 0.000362765
56.68 0.149958 0.148891 0.144069 0.000494105 1.78102e-05 -0.000463053
56.7 0.149982 0.148882 0.144024 0.000608267 -0.000237986 -0.00112891
56.72 0.150015 0.148864 0.143968 0.00082302 -0.000432427 -0.00139112
56.74 0.150055 0.148844 0.14392 0.00101037 -0.000517661 -0.00121085
56.76 0.150097 0.148824 0.143892 0.00103327 -0.00049108 -0.000706736
56.78 0.150131 0.14881 0.14389 0.000858035 -0.000362901 -4.93462e-05
56.8 0.150155 0.148804 0.143914 0.000593505 -0.000132426 0.000605245
56.82 0.150171 0.148813 0.143959 0.000413526 0.000215751 0.0011334
56.84 0.150188 0.14884 0.144017 0.000419138 0.000678444 0.00144342
56.86 0.150211 0.148887 0.144076 0.000564193 0.00118082 0.00147495
56.88 0.150239 0.14895 0.144124 0.00070101 0.00157025 0.00121341
56.9 0.150266 0.149018 0.144153 0.000693828 0.00168882 0.000722893
56.92 0.150287 0.149076 0.14416 0.000518843 0.00146641 0.00016486
56.94 0.150299 0.149115 0.14415 0.000287793 0.000968074 -0.000241508
56.96 0.150306 0.149131 0.144138 0.00017783 0.000389456 -0.000318705
56.98 0.150318 0.149131 0.144136 0.000310354 -2.39461e-06 -2.84317e-05
57 0.150344 0.149131 0.144157 0.000658057 3.95927e-06 0.000510285
57.02 0.150387 0.149148 0.1442 0.00105265 0.000427531 0.00108259
57.04 0.150438 0.14919 0.144259 0.00129532 0.00105653 0.00147999
57.06 0.15049 0.149252 0.144323 0.00128256 0.00155381 0.00160302
57.08 0.150532 0.149318 0.144384 0.0010544 0.00165372 0.00151541
57.1 0.150562 0.149372 0.14444 0.000744905 0.0013309 0.00140909
57.12 0.150581 0.149405 0.1445 0.000485925 0.000827328 0.0014766
57.14 0.150595 0.149425 0.14457 0.000339666 0.00050131 0.00176678
57.16 0.150607 0.149448 0.144656 0.00029579 0.000580384 0.00213266
57.18 0.150619 0.149488 0.144748 0.000312646 0.000999735 0.00231719
57.2 0.150633 0.149546 0.144833 0.00035812 0.00145242 0.00211547
57.22 0.15065 0.149611 0.144893 0.000417918 0.00161373 0.00150734
57.24 0.150669 0.149665 0.14492 0.000482618 0.00137003 0.000680112
57.26 0.150691 0.149701 0.144917 0.000531205 0.000886017 -7.47955e-05
57.28 0.150712 0.14972 0.144897 0.00053869 0.000481985 -0.000520211
57.3 0.150732 0.149737 0.144873 0.000508347 0.00041449 -0.000577437
57.32 0.150752 0.149766 0.144861 0.000492168 0.000722018 -0.000319093
57.34 0.150775 0.149815 0.144866 0.000565271 0.00123536 0.000122072
57.36 0.150805 0.149883 0.144891 0.000756723 0.00171081 0.000642388
57.38 0.150845 0.149963 0.144939 0.000998522 0.00198465 0.0011833
57.4 0.150891 0.150045 0.145005 0.00114359 0.00204678 0.00167181
57.42 0.150933 0.150124 0.145084 0.00104623 0.00199004 0.00195962
57.44 0.150959 0.1502 0.145158 0.000658031 0.00188455 0.00185052
57.46 0.150962 0.150268 0.145207 7.81589e-05 0.00170221 0.00122697
57.48 0.150943 0.150323 0.145214 -0.000478395 0.00137743 0.000184755
57.5 0.150912 0.15036 0.145177 -0.000771956 0.000931939 -0.000933879
57.52 0.150886 0.150381 0.145111 -0.000644854 0.00052175 -0.00166044
57.54 0.150882 0.150395 0.145045 -0.000103961 0.000351736 -0.00162889
57.56 0.150908 0.150416 0.145014 0.000657606 0.000526241 -0.000795181
57.58 0.150961 0.150454 0.145033 0.00132309 0.00095674 0.000483584
57.6 0.151025 0.15051 0.145097 0.00158471 0.00139596 0.00160544
57.62 0.151076 0.150573 0.14518 0.00129272 0.00158101 0.00206104
57.64 0.151098 0.150629 0.145249 0.000549322 0.00139958 0.00173775
57.66 0.151086 0.150668 0.145288 -0.000313823 0.000962375 0.000974262
57.68 0.15105 0.150689 0.145301 -0.000889245 0.000518344 0.000316838
57.7 0.151014 0.150699 0.145307 -0.000901052 0.000267729 0.000154042
57.72 0.151 0.150708 0.145326 -0.000345234 0.000225413 0.000490056
57.74 0.151021 0.150718 0.145367 0.000513371 0.000249829 0.00100484
57.76 0.151073 0.150726 0.14542 0.00129112 0.000198671 0.00132836
57.78 0.15114 0.150729 0.145472 0.00169106 6.34943e-05 0.00130978
57.8 0.151205 0.150727 0.145516 0.00163024 -3.65931e-05 0.00108414
57.82 0.151255 0.150728 0.145552 0.0012334 1.43718e-05 0.000910686
57.84 0.151284 0.150736 0.14559 0.000731504 0.000200817 0.000941829
57.86 0.151298 0.150751 0.145634 0.000344287 0.000380675 0.00111566
57.88 0.151306 0.150768 0.145684 0.000209832 0.000417704 0.00124366
57.9 0.151321 0.15078 0.145732 0.000368258 0.000302504 0.00120582
57.92 0.151352 0.150786 0.145775 0.000770216 0.000144616 0.00106292
57.94 0.151403 0.150788 0.145814 0.00128247 5.02819e-05 0.000983643
57.96 0.151471 0.150788 0.145856 0.00170156 1.07798e-05 0.00105466
57.98 0.151544 0.150785 0.145903 0.00181052 -8.73831e-05 0.00116489
58 0.151603 0.150772 0.145947 0.00149363 -0.000325537 0.00110512
58.02 0.151637 0.150747 0.145979 0.000853075 -0.000621962 0.000788827
58.04 0.151646 0.150717 0.145994 0.000212585 -0.000749913 0.000377397
58.06 0.151644 0.150696 0.146001 -5.92579e-05 -0.000518174 0.000175329
58.08 0.151651 0.150697 0.146016 0.000199209 2.38994e-05 0.000371484
58.1 0.151684 0.15072 0.14605 0.000815394 0.000559527 0.000858631
58.12 0.151739 0.150748 0.146102 0.00137881 0.000721489 0.00129491
58.14 0.151799 0.150764 0.146156 0.00150194 0.000389699 0.00135605
58.16 0.151843 0.150757 0.146195 0.00107984 -0.000184988 0.000967362
58.18 0.151858 0.150735 0.146209 0.000378283 -0.000543091 0.000345618
58.2 0.151852 0.150721 0.146202 -0.000134364 -0.000346656 -0.000161276
58.22 0.151848 0.150736 0.14619 -0.000113047 0.000368755 -0.000313663
58.24 0.151865 0.150784 0.146185 0.000423599 0.00119621 -0.00011534
58.26 0.15191 0.150849 0.146195 0.00112076 0.00162676 0.000255284
58.28 0.151971 0.150905 0.14622 0.00154744 0.00141388 0.00062415
58.3 0.152031 0.150935 0.146257 0.00147805 0.000757727 0.000932377
58.32 0.152071 0.150942 0.146306 0.00101429 0.000158786 0.00120217
58.34 0.15209 0.150944 0.146362 0.000483251 5.30536e-05 0.00141938
58.36 0.152098 0.150964 0.146421 0.000192975 0.000510974 0.00146136
58.38 0.152108 0.151013 0.146467 0.000238342 0.00121333 0.00115664
58.4 0.152127 0.151081 0.146485 0.000491606 0.00169086 0.000443386
58.42 0.152157 0.151146 0.146465 0.000743477 0.00164331 -0.000496039
58.44 0.152191 0.151191 0.146414 0.000852318 0.00112558 -0.00126429
58.46 0.152223 0.151211 0.146356 0.000795165 0.000491891 -0.00146028
58.48 0.152248 0.151217 0.146319 0.000624993 0.000145933 -0.000922824
58.5 0.152264 0.151228 0.146326 0.000405214 0.000269029 0.000169501
58.52 0.152272 0.151257 0.146382 0.000183876 0.000726127 0.0014039
58.54 0.152272 0.151305 0.146476 1.90887e-05 0.00120805 0.00235007
58.56 0.152272 0.151363 0.146586 -4.50616e-06 0.00145612 0.00274198
58.58 0.152279 0.151419 0.146687 0.000182352 0.00139048 0.00253905
58.6 0.152302 0.151462 0.146762 0.000558742 0.00109143 0.00187227
58.62 0.152341 0.151491 0.1468 0.000982515 0.000704721 0.000949283
58.64 0.152391 0.151505 0.1468 0.00125497 0.000366803 8.45059e-07
58.66 0.152441 0.151513 0.146771 0.00123994 0.000182209 -0.000727435
58.68 0.152479 0.151521 0.14673 0.00094858 0.000220763 -0.00101204
58.7 0.1525 0.151541 0.146701 0.000533649 0.000499689 -0.000748785
58.72 0.152508 0.15158 0.146699 0.000204319 0.000954178 -3.8418e-05
58.74 0.152513 0.151637 0.146733 0.000115174 0.00142941 0.000839267
58.76 0.152525 0.151706 0.146795 0.000296171 0.00173541 0.00157124
58.78 0.152551 0.151776 0.146874 0.000653604 0.0017535 0.00196955
58.8 0.152592 0.151837 0.146956 0.00102859 0.00152415 0.00203871
58.82 0.152643 0.151887 0.147033 0.00126914 0.00123106 0.00192833
58.84 0.152694 0.151929 0.147105 0.00128289 0.00106901 0.00180202
58.86 0.152737 0.151973 0.147173 0.00106721 0.00109857 0.00171169
58.88 0.152765 0.152022 0.147237 0.000707695 0.0012141 0.00158185
58.9 0.152779 0.152072 0.147289 0.000346039 0.00126362 0.00131508
58.92 0.152784 0.15212 0.147326 0.000130394 0.0012024 0.000919871
58.94 0.152791 0.152166 0.147348 0.000165407 0.00113692 0.000537431
58.96 0.152809 0.152215 0.147361 0.000458634 0.00122542 0.00034053
58.98 0.152844 0.152276 0.147377 0.000875348 0.00151916 0.000394709
59 0.152891 0.152351 0.147401 0.0011624 0.00188093 0.000599101
59.02 0.152934 0.152433 0.147432 0.00109187 0.00205555 0.000763718
59.04 0.15296 0.152507 0.147462 0.000637166 0.00185453 0.000762316
59.06 0.152961 0.15256 0.147488 2.42005e-05 0.00132568 0.000639238
59.08 0.152945 0.152591 0.147511 -0.000391496 0.000758266 0.00057391
59.1 0.152932 0.15261 0.147539 -0.000337395 0.000487028 0.000718239
59.12 0.15294 0.152635 0.147581 0.000199026 0.000629249 0.00104083
59.14 0.152977 0.152675 0.147634 0.000935936 0.000984741 0.00131946
59.16 0.153035 0.152723 0.147686 0.00145241 0.00120106 0.00129533
59.18 0.153093 0.152765 0.14772 0.00144617 0.00104997 0.000864369
59.2 0.15313 0.152788 0.147727 0.000912964 0.000586202 0.000170153
59.22 0.153134 0.152792 0.147708 0.000123046 8.95862e-05 -0.000467624
59.24 0.153112 0.152786 0.147678 -0.000549483 -0.000145809 -0.000748415
59.26 0.15308 0.152785 0.147655 -0.000812395 -2.04739e-05 -0.000576708
59.28 0.153057 0.152798 0.147651 -0.000581108 0.000314872 -9.88921e-05
59.3 0.153057 0.152821 0.147669 8.5862e-06 0.000588738 0.000436376
59.32 0.153086 0.152846 0.147703 0.000710851 0.000606333 0.000848457
59.34 0.153138 0.15286 0.147746 0.00130936 0.000360716 0.00107677
59.36 0.153205 0.15286 0.147791 0.00168649 -3.79592e-06 0.00112718
59.38 0.153278 0.152847 0.147831 0.00181303 -0.000319737 0.00101661
59.4 0.153347 0.152827 0.147862 0.00171656 -0.0004946 0.000765051
59.42 0.153405 0.152807 0.147879 0.00147358 -0.000508782 0.000420007
59.44 0.153454 0.152792 0.147882 0.00120425 -0.000367239 7.76793e-05
59.46 0.153495 0.152788 0.147877 0.00103269 -9.48246e-05 -0.000132897
59.48 0.153536 0.152798 0.147873 0.00103135 0.000238819 -9.84857e-05
59.5 0.153584 0.152819 0.147881 0.00118653 0.0005208 0.000217583
59.52 0.15364 0.152844 0.147911 0.00140662 0.000636804 0.00073211
59.54 0.153703 0.152866 0.147961 0.00157279 0.000534166 0.00126552
59.56 0.153767 0.152876 0.148027 0.00160476 0.000266263 0.00163647
59.58 0.153827 0.152875 0.148097 0.00150766 -2.4702e-05 0.00174662
59.6 0.153882 0.152868 0.14816 0.00136335 -0.000188478 0.00159535
59.62 0.153932 0.152862 0.14821 0.00126424 -0.000141016 0.00125008
59.64 0.153982 0.152867 0.148243 0.00123864 0.000121972 0.000819811
59.66 0.154031 0.152889 0.148261 0.0012342 0.000546106 0.000444105
59.68 0.154078 0.15293 0.148272 0.00116542 0.0010339 0.000271398
59.7 0.154117 0.152989 0.148288 0.000973425 0.00146079 0.000403502
59.72 0.154143 0.153057 0.148321 0.000650782 0.00170674 0.000826017
59.74 0.154153 0.153125 0.148376 0.000241602 0.00169449 0.00138274
59.76 0.154146 0.153182 0.14845 -0.000164526 0.00142147 0.00182924
59.78 0.154128 0.153221 0.148528 -0.00045966 0.000980204 0.00195173
59.8 0.154105 0.153243 0.148595 -0.000565485 0.000557881 0.00168907
59.82 0.154086 0.153258 0.148642 -0.000471489 0.000379932 0.00118093
59.84 0.154077 0.153282 0.14867 -0.000238528 0.00058236 0.00069732
59.86 0.154078 0.153325 0.148689 2.98255e-05 0.00109155 0.000474344
59.88 0.154087 0.15339 0.148712 0.000225623 0.00162306 0.00055964
59.9 0.154098 0.153464 0.148743 0.000268365 0.00183385 0.000784024
59.92 0.154103 0.153525 0.148779 0.000135212 0.00153301 0.000892778
59.94 0.154098 0.153557 0.148808 -0.000129602 0.000809096 0.000738636
59.96 0.15408 0.153557 0.148824 -0.000439945 -6.19812e-06 0.0003895
59.98 0.154052 0.153536 0.148827 -0.00070701 -0.00052777 8.2696e-05
60 0.154018 0.153514 0.14883 -0.000857308 -0.000553532 5.98009e-05
60.02 0.153984 0.153506 0.148845 -0.000829687 -0.000192043 0.000394456
60.04 0.153961 0.153515 0.148883 -0.000591014 0.000217325 0.000929809
60.06 0.153954 0.153529 0.148937 -0.000171326 0.000348136 0.00136985
60.08 0.153967 0.153533 0.148996 0.000316243 0.000117054 0.00146338
60.1 0.153995 0.153523 0.149042 0.00070049 -0.000269838 0.00115485
60.12 0.154028 0.153503 0.149066 0.000826003 -0.000486629 0.000600425
60.14 0.154053 0.153489 0.149068 0.000638778 -0.000355705 4.64697e-05
60.16 0.154063 0.153489 0.149055 0.000238157 -2.52137e-06 -0.000333016
60.18 0.154057 0.153498 0.149034 -0.000142867 0.000236031 -0.000521279
60.2 0.154047 0.153502 0.149009 -0.000246465 8.84065e-05 -0.000606832
60.22 0.154049 0.153486 0.148983 5.72596e-05 -0.000404618 -0.000648995
60.24 0.154077 0.15345 0.14896 0.000677233 -0.000887651 -0.000590659
60.26 0.15413 0.153412 0.148947 0.00133463 -0.000953518 -0.0003115
60.28 0.154198 0.153393 0.148956 0.00170475 -0.000467822 0.000226095
60.3 0.154262 0.153405 0.148992 0.0016033 0.000303971 0.000882334
60.32 0.154307 0.153441 0.149047 0.00112414 0.000885756 0.00139032
60.34 0.154332 0.153479 0.149108 0.000614951 0.000950766 0.00152634
60.36 0.154351 0.153501 0.14916 0.00047018 0.00056041 0.00127757
60.38 0.154385 0.153505 0.149194 0.000871769 9.92952e-05 0.000874033
60.4 0.154452 0.153504 0.14922 0.00166038 -2.81807e-05 0.00064418
60.42 0.154549 0.153516 0.149252 0.00242943 0.000308487 0.000785263
60.44 0.15466 0.153552 0.1493 0.00276614 0.000886733 0.0012178
60.46 0.154759 0.153604 0.149366 0.00248858 0.00131261 0.0016477
60.48 0.154829 0.153657 0.149438 0.00174113 0.00132202 0.00178121
60.5 0.154865 0.153696 0.149498 0.000895217 0.000973073 0.00151261
60.52 0.154878 0.15372 0.149537 0.00032552 0.000586961 0.000965205
60.54 0.154887 0.153739 0.149553 0.000220705 0.00049181 0.000398653
60.56 0.154908 0.153771 0.149556 0.000536296 0.000782721 7.32948e-05
60.58 0.154951 0.153822 0.149561 0.00106687 0.00127993 0.000137104
60.6 0.155013 0.15389 0.149584 0.0015547 0.00169564 0.000572381
60.62 0.155084 0.153963 0.149632 0.00178061 0.00183616 0.00121374
60.64 0.155149 0.154031 0.149705 0.00163325 0.0016919 0.00181349
60.66 0.155195 0.154087 0.14979 0.0011482 0.0014049 0.00213071
60.68 0.155215 0.154134 0.149871 0.000498636 0.00117475 0.00201665
60.7 0.155213 0.15418 0.14993 -5.78084e-05 0.00115565 0.00147678
60.72 0.155202 0.154235 0.149958 -0.00028282 0.00137619 0.00069101
60.74 0.155199 0.154305 0.149956 -7.41953e-05 0.00173827 -3.2054e-05
60.76 0.155218 0.154388 0.149941 0.000481223 0.00209055 -0.000381388
60.78 0.155264 0.154481 0.149933 0.00115514 0.0023085 -0.00019664
60.8 0.155332 0.154574 0.149951 0.00168686 0.00233168 0.000440886
60.82 0.155408 0.154661 0.150001 0.00189932 0.00217364 0.00124451
60.84 0.155479 0.154738 0.150075 0.00177791 0.00191806 0.00186128
60.86 0.155537 0.154805 0.150156 0.00146596 0.00168127 0.00202956
60.88 0.155584 0.154867 0.150224 0.00117479 0.00154266 0.00169127
60.9 0.155626 0.154926 0.150264 0.001051 0.00149446 0.00100914
60.92 0.15567 0.154985 0.150276 0.00109695 0.00146132 0.000282906
60.94 0.155719 0.15504 0.150268 0.00121046 0.00137704 -0.000190458
60.96 0.15577 0.15509 0.150258 0.00128385 0.00125021 -0.000252673
60.98 0.155821 0.155136 0.15026 0.0012737 0.00116253 4.83177e-05
61 0.155869 0.155184 0.15028 0.00119697 0.00119761 0.000496466
61.02 0.155912 0.155239 0.150313 0.00107914 0.00135637 0.000834063
61.04 0.155949 0.1553 0.150349 0.000919149 0.00152797 0.000899459
61.06 0.155977 0.155362 0.150376 0.000702958 0.00154694 0.000687533
61.08 0.155995 0.155414 0.150389 0.000446632 0.00130762 0.000315694
61.1 0.156004 0.155448 0.150387 0.000225918 0.000855067 -5.09986e-05
61.12 0.15601 0.155463 0.150376 0.000147464 0.000372384 -0.000269295
61.14 0.15602 0.155466 0.150366 0.000269036 6.57588e-05 -0.000265639
61.16 0.156041 0.155467 0.150363 0.000522266 2.58912e-05 -5.68705e-05
61.18 0.15607 0.155473 0.150374 0.00070436 0.000166294 0.000263679
61.2 0.156093 0.155485 0.150397 0.000589428 0.000297993 0.000581422
61.22 0.156098 0.155497 0.15043 0.000120001 0.000289556 0.000824605
61.24 0.156079 0.155504 0.15047 -0.00048358 0.000167335 0.000985904
61.26 0.156045 0.155506 0.150514 -0.000834275 6.70945e-05 0.00109872
61.28 0.156019 0.15551 0.150562 -0.000654428 0.000103275 0.00120162
61.3 0.156019 0.155521 0.150614 -2.01092e-06 0.000266716 0.00131062
61.32 0.156048 0.155538 0.15067 0.000736543 0.000420015 0.00140719
61.34 0.156092 0.155554 0.150728 0.00108105 0.000402334 0.00144984
61.36 0.156122 0.155561 0.150784 0.000763402 0.000169499 0.00139886
61.38 0.156119 0.155555 0.150834 -8.71587e-05 -0.000146989 0.00124085
61.4 0.156079 0.155542 0.150874 -0.00100107 -0.000321237 0.00101133
61.42 0.156021 0.155534 0.150906 -0.00144629 -0.000195112 0.000791259
61.44 0.155974 0.155543 0.150933 -0.00116001 0.000209182 0.000663898
61.46 0.155962 0.15557 0.150959 -0.000320662 0.000690902 0.000660475
61.48 0.155984 0.155609 0.150989 0.000566284 0.000974254 0.000743236
61.5 0.156024 0.155644 0.151022 0.00100086 0.000873651 0.000842608
61.52 0.156056 0.155661 0.151059 0.000792366 0.000420006 0.000913153
61.54 0.156061 0.155655 0.151097 0.000134765 -0.000153756 0.000959185
61.56 0.156039 0.155633 0.151138 -0.000552233 -0.000555192 0.00101252
61.58 0.156004 0.155609 0.151181 -0.000886536 -0.000590719 0.00108728
61.6 0.155974 0.155599 0.151228 -0.000737294 -0.000250256 0.00115477
61.62 0.155963 0.155611 0.151274 -0.000273872 0.000298163 0.00115352
61.64 0.155971 0.155642 0.151314 0.00017962 0.000787837 0.00101743
61.66 0.155986 0.155682 0.151343 0.000376493 0.000980486 0.000720749
61.68 0.155997 0.155713 0.151356 0.000283456 0.000775629 0.000323507
61.7 0.155999 0.155722 0.151355 4.55308e-05 0.000244253 -3.85585e-05
61.72 0.155993 0.155706 0.151345 -0.000142822 -0.000417271 -0.000241363
61.74 0.155987 0.155667 0.151335 -0.000148945 -0.000971189 -0.000259107
61.76 0.155989 0.155618 0.151328 4.91924e-05 -0.00121738 -0.00016365
61.78 0.156004 0.155576 0.151326 0.000378914 -0.00105095 -4.63566e-05
61.8 0.156034 0.155556 0.151329 0.000734939 -0.000509582 6.31571e-05
61.82 0.156075 0.155564 0.151337 0.0010409 0.000208399 0.000217512
61.84 0.156126 0.155596 0.151357 0.00126266 0.000800377 0.000486538
61.86 0.156181 0.155636 0.151391 0.0013764 0.000994684 0.000852295
61.88 0.156235 0.155663 0.151438 0.00135151 0.000691012 0.00116465
61.9 0.156282 0.155664 0.151487 0.00118935 1.73988e-05 0.00122726
61.92 0.156321 0.155635 0.151525 0.000974184 -0.000718346 0.000964454
61.94 0.156356 0.155589 0.151546 0.000858793 -0.00115193 0.000512672
61.96 0.156395 0.155548 0.151551 0.000978849 -0.00102895 0.000138283
61.98 0.156449 0.155534 0.151553 0.00136073 -0.000354158 5.44064e-05
62 0.156525 0.155558 0.151565 0.00188474 0.000589379 0.000289449
62.02 0.156618 0.155613 0.151593 0.00233209 0.00138637 0.000693243
62.04 0.156718 0.155681 0.151635 0.00249553 0.0017041 0.00105166
62.06 0.15681 0.155739 0.151683 0.00229471 0.00144829 0.00121602
62.08 0.156883 0.155771 0.15173 0.00182339 0.000806673 0.00116892
62.1 0.156935 0.155778 0.151771 0.00130318 0.000170565 0.00101051
62.12 0.156974 0.155776 0.151806 0.00097535 -5.12222e-05 0.000887602
62.14 0.157013 0.15579 0.151842 0.000985857 0.000350034 0.000899536
62.16 0.157066 0.15584 0.151883 0.00132061 0.00125386 0.00102469
62.18 0.157138 0.15593 0.151928 0.00181289 0.00224337 0.00113508
62.2 0.157227 0.156042 0.151973 0.00221672 0.0028006 0.00111097
62.22 0.15732 0.156146 0.152011 0.00232751 0.00258885 0.000952193
62.24 0.157403 0.156212 0.152042 0.00208049 0.00166558 0.000784149
62.26 0.157466 0.156232 0.152073 0.00156718 0.000483256 0.000768726
62.28 0.157505 0.156217 0.152113 0.000973824 -0.000354153 0.000988386
62.3 0.157525 0.1562 0.152168 0.000499447 -0.000432108 0.00137154
62.32 0.157537 0.15621 0.152236 0.000292367 0.000254464 0.00171476
62.34 0.157553 0.156263 0.152308 0.000402925 0.00131362 0.00180748
62.36 0.157583 0.15635 0.152372 0.000760665 0.00218003 0.00158794
62.38 0.157631 0.156447 0.15242 0.00118805 0.00242994 0.00120452
62.4 0.157689 0.156528 0.152457 0.00146567 0.00201333 0.000913982
62.42 0.157746 0.156578 0.152492 0.00142302 0.00124782 0.00088764
62.44 0.157787 0.156601 0.152535 0.00102043 0.000593403 0.0010792
62.46 0.157803 0.156617 0.152586 0.000386777 0.000390443 0.00125852
62.48 0.157794 0.156645 0.152633 -0.000225168 0.000706603 0.00118638
62.5 0.157772 0.156699 0.152665 -0.000552244 0.00133852 0.000802041
62.52 0.157753 0.156777 0.152677 -0.00045403 0.00195248 0.000289885
62.54 0.157753 0.156868 0.152676 1.07837e-06 0.00226816 -2.92923e-05
62.56 0.157775 0.156954 0.152679 0.000545598 0.00216566 7.92104e-05
62.58 0.157809 0.157022 0.152702 0.000831367 0.0017016 0.000582476
62.6 0.157833 0.157066 0.152749 0.000622591 0.00107893 0.00117475
62.62 0.157832 0.157088 0.152808 -3.63331e-05 0.000571503 0.00146655
62.64 0.1578 0.157104 0.152857 -0.000812628 0.000397771 0.00124171
62.66 0.157749 0.157129 0.152881 -0.00127389 0.000619467 0.000601833
62.68 0.157702 0.157174 0.152877 -0.00115146 0.00112266 -0.000104195
62.7 0.157682 0.15724 0.152857 -0.000509412 0.0016594 -0.000513652
62.72 0.157694 0.157318 0.152838 0.000288333 0.00194254 -0.000474192
62.74 0.157726 0.15739 0.152834 0.000799076 0.00179337 -0.000106483
62.76 0.157757 0.157441 0.152846 0.000783005 0.0012692 0.000314409
62.78 0.157771 0.157467 0.152868 0.000358961 0.000655846 0.000554207
62.8 0.157767 0.157478 0.15289 -9.65449e-05 0.000289338 0.000545915
62.82 0.157758 0.157491 0.152905 -0.000229969 0.000323196 0.000373975
62.84 0.15776 0.157516 0.152912 4.13234e-05 0.000619554 0.000163342
62.86 0.157779 0.157551 0.152911 0.000489062 0.00086583 -1.13296e-05
62.88 0.15781 0.157583 0.152906 0.000765993 0.000817885 -0.000131474
62.9 0.157837 0.157602 0.152898 0.000674275 0.000462357 -0.000187092
62.92 0.157849 0.157602 0.152893 0.000301131 1.28337e-06 -0.000147646
62.94 0.157846 0.15759 0.152893 -7.0212e-05 -0.000299087 1.32478e-05
62.96 0.157839 0.157579 0.152904 -0.000180373 -0.000279357 0.000275762
62.98 0.15784 0.15758 0.152927 3.10148e-05 2.57202e-05 0.000565725
63 0.157856 0.157597 0.152958 0.000403343 0.000418327 0.000788551
63.02 0.157885 0.157624 0.152994 0.000705398 0.000672759 0.000883349
63.04 0.157918 0.157651 0.153028 0.000826486 0.000684467 0.000865437
63.06 0.157951 0.157671 0.153061 0.000827295 0.000512909 0.000827388
63.08 0.157984 0.157683 0.153097 0.000825485 0.000300086 0.000887872
63.1 0.158018 0.15769 0.153141 0.000850547 0.000167489 0.0011105
63.12 0.15805 0.157697 0.153199 0.000808563 0.000161839 0.001452
63.14 0.158073 0.157707 0.153271 0.000573126 0.000258988 0.00178288
63.16 0.158078 0.157723 0.153349 0.000132943 0.000411639 0.001963
63.18 0.158065 0.157747 0.153426 -0.000324997 0.000590477 0.00191334
63.2 0.158045 0.157778 0.153491 -0.000499459 0.00077928 0.00163595
63.22 0.158038 0.157816 0.153539 -0.00018391 0.00094665 0.00120088
63.24 0.158061 0.157858 0.153568 0.000564805 0.00104504 0.000733313
63.26 0.158118 0.1579 0.153584 0.00143037 0.00104729 0.000387066
63.28 0.158198 0.157939 0.153596 0.00201147 0.000968734 0.00029923
63.3 0.158281 0.157973 0.153618 0.00205398 0.000850089 0.000541463
63.32 0.158345 0.158002 0.15366 0.00160209 0.000738913 0.00106787
63.34 0.158383 0.158029 0.153728 0.000967731 0.000683728 0.00169607
63.36 0.158404 0.158058 0.153815 0.000522213 0.000715312 0.00216194
63.38 0.158423 0.158091 0.153904 0.000462325 0.000824064 0.00223267
63.4 0.158452 0.158129 0.153977 0.000724697 0.000961597 0.00182055
63.42 0.158495 0.158172 0.154018 0.00107757 0.00105398 0.00103271
63.44 0.158546 0.158212 0.154024 0.00129114 0.00101332 0.000135795
63.46 0.158598 0.158243 0.154001 0.00127677 0.000771492 -0.000552727
63.48 0.158643 0.158257 0.153969 0.00112549 0.000339288 -0.000800918
63.5 0.158683 0.15825 0.153947 0.00101632 -0.000161321 -0.000557755
63.52 0.158726 0.158229 0.153949 0.00106195 -0.000527103 3.63132e-05
63.54 0.158774 0.158206 0.153977 0.00121675 -0.00056636 0.000722154
63.56 0.158827 0.158198 0.154027 0.00131609 -0.000218524 0.00123165
63.58 0.158876 0.158213 0.154082 0.00121294 0.000375524 0.00138298
63.6 0.158911 0.158249 0.154128 0.000891339 0.000916965 0.0011401
63.62 0.15893 0.158293 0.154152 0.000480243 0.00109747 0.000620461
63.64 0.158938 0.158324 0.154154 0.000178674 0.000769777 3.87903e-05
63.66 0.158943 0.158326 0.154138 0.000144175 4.86967e-05 -0.000394132
63.68 0.15896 0.158297 0.154116 0.00041292 -0.000723265 -0.000557786
63.7 0.158995 0.158251 0.154098 0.000881703 -0.0011524 -0.000439911
63.72 0.159049 0.15821 0.154094 0.0013507 -0.00102313 -0.00010508
63.74 0.159114 0.158193 0.154107 0.00161322 -0.000419229 0.000330388
63.76 0.159176 0.158207 0.154136 0.00154797 0.000353254 0.000721114
63.78 0.159223 0.158246 0.154174 0.00117618 0.000957947 0.000949209
63.8 0.159249 0.158294 0.154214 0.000664045 0.00119405 0.000985677
63.82 0.159259 0.158336 0.154249 0.000257006 0.00106464 0.000888876
63.84 0.159266 0.158366 0.154279 0.000158309 0.000742628 0.000749846
63.86 0.159282 0.158384 0.154305 0.000408589 0.000449403 0.000644108
63.88 0.159316 0.158396 0.154329 0.000854682 0.000312156 0.000615724
63.9 0.159366 0.158408 0.154356 0.00123438 0.000301294 0.000672479
63.92 0.159419 0.15842 0.154388 0.0013223 0.000290331 0.000788682
63.94 0.159461 0.158427 0.154425 0.0010493 0.00017952 0.000923886
63.96 0.159482 0.158427 0.154467 0.000537164 -1.26351e-05 0.00104411
63.98 0.159484 0.158421 0.154512 4.59848e-05 -0.000151321 0.00113113
64 0.159477 0.158417 0.154559 -0.000164246 -8.41096e-05 0.00117652
64.02 0.159477 0.158427 0.154606 -2.12094e-06 0.000234003 0.0011792
64.04 0.159492 0.158454 0.154652 0.000374973 0.000691986 0.00115379
64.06 0.159519 0.158498 0.154698 0.000664447 0.00109492 0.00113509
64.08 0.159544 0.158549 0.154744 0.000637742 0.00128533 0.00116016
64.1 0.159556 0.158598 0.154793 0.000291334 0.00120177 0.00123203
64.12 0.159549 0.158632 0.154845 -0.000179844 0.000869636 0.00129605
64.14 0.159528 0.158648 0.154896 -0.000530678 0.000388322 0.00126292
64.16 0.159503 0.158644 0.154939 -0.000624711 -8.58448e-05 0.00107568
64.18 0.159482 0.158629 0.154969 -0.000501648 -0.000385179 0.000765738
64.2 0.15947 0.158613 0.154987 -0.000309295 -0.000392968 0.000447857
64.22 0.159463 0.15861 0.154998 -0.000165286 -9.19285e-05 0.000258916
64.24 0.159461 0.158626 0.155009 -6.92647e-05 0.000422524 0.000283686
64.26 0.159463 0.158665 0.155029 5.83608e-05 0.000958381 0.000504081
64.28 0.159473 0.158717 0.155061 0.000258122 0.00129983 0.000800325
64.3 0.159492 0.15877 0.155101 0.000456452 0.00133158 0.00100766
64.32 0.159512 0.158815 0.155142 0.000516247 0.0011143 0.00100558
64.34 0.159527 0.158848 0.155173 0.000368975 0.000827238 0.000792257
64.36 0.159531 0.158873 0.155193 0.000104519 0.000626655 0.000486484
64.38 0.159529 0.158895 0.155203 -6.68415e-05 0.000551706 0.000252715
64.4 0.15953 0.158917 0.155211 3.63201e-05 0.000544902 0.000194533
64.42 0.159547 0.158939 0.155222 0.000419355 0.000546395 0.000288957
64.44 0.159583 0.158961 0.155239 0.000893286 0.000573537 0.000413811
64.46 0.159631 0.15899 0.155257 0.00120993 0.000720658 0.000446452
64.48 0.159681 0.159033 0.155271 0.00124112 0.00107122 0.000355501
64.5 0.159723 0.159097 0.15528 0.00105832 0.00158784 0.000218652
64.52 0.159758 0.15918 0.155286 0.000871556 0.00207991 0.000165666
64.54 0.159793 0.159272 0.155298 0.000885193 0.00229567 0.000288656
64.56 0.15984 0.159356 0.155321 0.00116408 0.00210036 0.000575964
64.58 0.159903 0.15942 0.155358 0.00157846 0.00161014 0.000917768
64.6 0.159977 0.159466 0.155405 0.00186167 0.00114229 0.00117655
64.62 0.160049 0.159506 0.155455 0.00178625 0.000999876 0.00126821
64.64 0.160103 0.159556 0.155503 0.00134799 0.00126068 0.00119855
64.66 0.160134 0.159625 0.155545 0.000793179 0.00173201 0.00103856
64.68 0.160153 0.159709 0.15558 0.000455379 0.00209611 0.000866903
64.7 0.160174 0.159795 0.155609 0.000546554 0.00213034 0.000734106
64.72 0.160216 0.159869 0.155636 0.00104999 0.00185358 0.00066844
64.74 0.160286 0.159928 0.155663 0.00174502 0.00149385 0.000688865
64.76 0.16038 0.15998 0.155695 0.00233333 0.00129379 0.000796163
64.78 0.160483 0.160033 0.155733 0.00259162 0.00131721 0.000956418
64.8 0.160582 0.16009 0.155778 0.00246995 0.00142157 0.00110706
64.82 0.160665 0.160146 0.155825 0.00208462 0.00139807 0.00118528
64.84 0.16073 0.160192 0.155871 0.00162005 0.00114904 0.00115551
64.86 0.160779 0.160222 0.155912 0.00122274 0.000770179 0.00103072
64.88 0.160817 0.160241 0.155948 0.000946949 0.000474142 0.000877203
64.9 0.160848 0.160258 0.155979 0.000776957 0.00042138 0.000786075
64.92 0.160876 0.160282 0.156012 0.000706417 0.000593129 0.000816749
64.94 0.160908 0.160314 0.15605 0.000786053 0.000805225 0.000947737
64.96 0.16095 0.160348 0.156093 0.0010636 0.000849528 0.00108391
64.98 0.161009 0.160374 0.156137 0.00146896 0.000645481 0.00111381
65 0.161081 0.160386 0.156176 0.0017869 0.000293362 0.000968599
65.02 0.161152 0.160386 0.156202 0.0017724 -1.69323e-06 0.000655744
65.04 0.161204 0.160382 0.156213 0.00132075 -8.53912e-05 0.000261148
65.06 0.161227 0.160384 0.15621 0.000569254 3.49857e-05 -7.41928e-05
65.08 0.161221 0.160392 0.156202 -0.0001462 0.000217161 -0.000201777
65.1 0.161202 0.160405 0.1562 -0.000475617 0.000320423 -3.50641e-05
65.12 0.161191 0.160418 0.156216 -0.000278836 0.000320572 0.000396396
65.14 0.161202 0.16043 0.156254 0.000275282 0.000301019 0.000943527
65.16 0.161235 0.160444 0.15631 0.000810881 0.000361531 0.00139255
65.18 0.161273 0.160466 0.156372 0.00097 0.00053586 0.00156469
65.2 0.161298 0.160497 0.156429 0.00061926 0.000765179 0.00140776
65.22 0.161295 0.160534 0.156469 -7.53049e-05 0.000934057 0.00101334
65.24 0.161265 0.160572 0.156491 -0.000744119 0.000944421 0.000557955
65.26 0.161224 0.160603 0.1565 -0.00103223 0.000775767 0.000218754
65.28 0.161192 0.160622 0.156504 -0.000806703 0.000487226 9.90298e-05
65.3 0.161183 0.160629 0.156512 -0.000228207 0.000171632 0.000187354
65.32 0.161196 0.160625 0.156527 0.000345273 -9.33827e-05 0.000376161
65.34 0.161219 0.160615 0.156548 0.000570432 -0.000265098 0.00053444
65.36 0.161233 0.160602 0.156572 0.000332566 -0.000326778 0.000588824
65.38 0.161225 0.160591 0.156594 -0.00018242 -0.000276845 0.000555899
65.4 0.1612 0.160585 0.156614 -0.000627798 -0.000132837 0.000511863
65.42 0.161171 0.160588 0.156636 -0.000741359 6.62118e-05 0.000530609
65.44 0.16115 0.160598 0.156661 -0.00050281 0.000264391 0.000625904
65.46 0.161146 0.160614 0.15669 -0.000111986 0.000397412 0.00073815
65.48 0.161152 0.160631 0.156722 0.00015605 0.000408967 0.000786317
65.5 0.161157 0.160642 0.156751 0.000124436 0.000271581 0.000738655
65.52 0.16115 0.160642 0.156776 -0.000168876 9.00357e-06 0.000622818
65.54 0.161131 0.16063 0.156796 -0.000494173 -0.000295258 0.000485566
65.56 0.161107 0.160609 0.15681 -0.00059564 -0.00053236 0.000357286
65.58 0.161092 0.160584 0.15682 -0.000380457 -0.000624071 0.000248568
65.6 0.161092 0.160562 0.156827 1.42922e-05 -0.000546101 0.000178519
65.62 0.161105 0.160549 0.156835 0.000326536 -0.000326562 0.000192251
65.64 0.16112 0.160547 0.156848 0.000361482 -4.85537e-05 0.000341712
65.66 0.161124 0.160554 0.156874 0.000118641 0.000169225 0.000644537
65.68 0.161115 0.160563 0.156916 -0.000228773 0.000241846 0.0010486
65.7 0.161096 0.16057 0.156973 -0.000470151 0.000174905 0.00143107
65.72 0.161077 0.160572 0.157039 -0.000491051 4.72795e-05 0.00165101
65.74 0.161064 0.16057 0.157105 -0.000314109 -5.02583e-05 0.00163194
65.76 0.161062 0.160568 0.157161 -5.29115e-05 -6.43592e-05 0.00141356
65.78 0.161069 0.160568 0.157207 0.000173041 -4.04484e-06 0.00113609
65.8 0.161081 0.160571 0.157245 0.000306714 7.39826e-05 0.000961762
65.82 0.161096 0.160576 0.157284 0.000366443 0.000125037 0.000981478
65.84 0.161112 0.160582 0.15733 0.000403469 0.000166569 0.00115381
65.86 0.16113 0.160593 0.157383 0.000453877 0.000257635 0.00132199
65.88 0.161151 0.160609 0.157435 0.000518053 0.000416996 0.00130212
65.9 0.161174 0.160632 0.157475 0.000564673 0.000574935 0.000980559
65.92 0.161196 0.160657 0.15749 0.000558945 0.000624133 0.000381022
65.94 0.161216 0.160678 0.157477 0.000500959 0.000521274 -0.000324673
65.96 0.161233 0.160692 0.157442 0.000436912 0.000338694 -0.000878411
65.98 0.161251 0.160701 0.1574 0.000433361 0.000238422 -0.00104401
66 0.161272 0.160717 0.157371 0.000542061 0.000387506 -0.000724369
66.02 0.161304 0.16075 0.15737 0.000783515 0.000840656 -2.38775e-05
66.04 0.16135 0.160809 0.157402 0.00114285 0.00147258 0.000791957
66.06 0.161412 0.160891 0.157458 0.00155884 0.00204578 0.00141913
66.08 0.161488 0.160986 0.157525 0.00191374 0.0023726 0.00165519
66.1 0.161571 0.161083 0.157584 0.00206487 0.00242645 0.00148448
66.12 0.161648 0.161175 0.157626 0.00192558 0.00230892 0.00105996
66.14 0.161709 0.161261 0.157651 0.00153371 0.00213071 0.000608442
66.16 0.161752 0.161338 0.157664 0.0010572 0.00192844 0.000326357
66.18 0.161781 0.161405 0.157676 0.000740788 0.00168125 0.00031357
66.2 0.161813 0.161461 0.157699 0.000801731 0.00140645 0.000562232
66.22 0.161865 0.161511 0.157738 0.00128987 0.00123316 0.000982431
66.24 0.161945 0.161564 0.157795 0.00200664 0.0013463 0.0014331
66.26 0.162049 0.161637 0.157866 0.00259867 0.0018165 0.00175696
66.28 0.162161 0.161736 0.157939 0.00278681 0.00247108 0.00183123
66.3 0.162263 0.161854 0.158004 0.00254587 0.00294967 0.00162392
66.32 0.162346 0.161971 0.158053 0.00209154 0.00292404 0.001223
66.34 0.162415 0.162064 0.158085 0.00171083 0.0023204 0.000813644
66.36 0.162478 0.162119 0.158109 0.00158172 0.00139245 0.000598896
66.38 0.162545 0.162143 0.158137 0.00167989 0.000596322 0.000681789
66.4 0.162618 0.162156 0.158176 0.00181998 0.000331365 0.00098287
66.42 0.16269 0.162184 0.158227 0.00181293 0.000693545 0.00127898
66.44 0.162755 0.16224 0.158281 0.00161967 0.00140145 0.00134736
66.46 0.16281 0.162319 0.158326 0.00137707 0.00196317 0.00111428
66.48 0.162861 0.162398 0.158354 0.00127838 0.00199147 0.000700679
66.5 0.162917 0.162457 0.158367 0.00140208 0.00145462 0.000330529
66.52 0.162982 0.162484 0.158374 0.00162464 0.000684087 0.000180719
66.54 0.16305 0.16249 0.158385 0.00169547 0.000139536 0.000284134
66.56 0.163107 0.162494 0.158407 0.00142608 0.000106823 0.000534196
66.58 0.163141 0.162515 0.158438 0.00084998 0.000534791 0.000769487
66.6 0.16315 0.162559 0.158472 0.000229386 0.00109222 0.000870377
66.62 0.163146 0.162614 0.158505 -0.000109986 0.00137968 0.000805955
66.64 0.163146 0.162661 0.158529 -1.08089e-05 0.0011773 0.000619643
66.66 0.163161 0.162684 0.158545 0.00039039 0.000576845 0.00038219
66.68 0.163192 0.16268 0.158551 0.000758526 -9.65261e-05 0.000145978
66.7 0.163224 0.16266 0.158548 0.000808792 -0.000507352 -7.14595e-05
66.72 0.163244 0.162639 0.158537 0.000506788 -0.000518364 -0.000260874
66.74 0.163247 0.16263 0.158522 6.89289e-05 -0.000241432 -0.000379222
66.76 0.163238 0.162633 0.158508 -0.000220485 8.31783e-05 -0.000343857
66.78 0.163229 0.162644 0.158505 -0.000218138 0.000268947 -8.37083e-05
66.8 0.16323 0.162655 0.15852 6.25605e-06 0.000280362 0.000383436
66.82 0.16324 0.162663 0.158557 0.000256673 0.000192912 0.000917706
66.84 0.163254 0.162666 0.15861 0.000359508 8.31033e-05 0.00132143
66.86 0.163265 0.162664 0.158668 0.000274799 -5.54027e-05 0.00146206
66.88 0.16327 0.162652 0.158722 0.000120968 -0.000284784 0.00135147
66.9 0.163274 0.162628 0.158768 8.88176e-05 -0.000602854 0.00113269
66.92 0.163285 0.162593 0.158807 0.000284889 -0.000871328 0.000991764
66.94 0.163311 0.162558 0.158849 0.000636991 -0.000880391 0.00104635
66.96 0.163349 0.162538 0.1589 0.000948455 -0.000501762 0.00126786
66.98 0.16339 0.162545 0.15896 0.00103487 0.000179546 0.00149405
67 0.163423 0.162579 0.159021 0.000821467 0.000845104 0.00154031
67.02 0.163437 0.162623 0.159074 0.000363711 0.00109125 0.00132631
67.04 0.16343 0.162651 0.159111 -0.000177471 0.000709849 0.000925671
67.06 0.163406 0.162647 0.159132 -0.000598312 -0.000116321 0.000520181
67.08 0.163376 0.16261 0.159144 -0.000746276 -0.000901905 0.000302494
67.1 0.163353 0.162563 0.159159 -0.00058572 -0.00117505 0.000377488
67.12 0.163345 0.162532 0.159188 -0.000198583 -0.000782662 0.000702781
67.14 0.163355 0.162533 0.159232 0.000250959 1.58721e-05 0.00110936
67.16 0.163378 0.162562 0.159288 0.000574522 0.000720108 0.0013981
67.18 0.163404 0.162598 0.159345 0.000644779 0.000915197 0.0014326
67.2 0.163422 0.16262 0.159392 0.000460172 0.000536446 0.00117246
67.22 0.163427 0.162615 0.159419 0.000129626 -0.000106484 0.000674479
67.24 0.163419 0.162593 0.159422 -0.000211874 -0.000561308 8.47524e-05
67.26 0.1634 0.162571 0.159406 -0.000474977 -0.000548796 -0.000412088
67.28 0.163375 0.162566 0.159379 -0.000622389 -0.000129511 -0.000680014
67.3 0.16335 0.162581 0.159351 -0.000637179 0.000381341 -0.000685224
67.32 0.16333 0.162607 0.159332 -0.000501573 0.000656869 -0.000482849
67.34 0.163321 0.16263 0.159325 -0.000216557 0.000574776 -0.000168282
67.36 0.163327 0.162641 0.159332 0.000157844 0.000266219 0.000161182
67.38 0.163347 0.16264 0.159349 0.000497754 -2.06373e-05 0.0004293
67.4 0.163374 0.162635 0.159373 0.000668548 -0.000118734 0.00060149
67.42 0.163398 0.162634 0.159401 0.000602856 -3.59699e-05 0.000690751
67.44 0.163412 0.162639 0.15943 0.000341278 0.000115357 0.000736921
67.46 0.163412 0.162649 0.159461 5.91796e-06 0.0002658 0.000775103
67.48 0.163402 0.162668 0.159494 -0.000257058 0.000463154 0.000824731
67.5 0.163388 0.1627 0.15953 -0.000337565 0.000794815 0.000899909
67.52 0.163379 0.162749 0.159571 -0.00021704 0.00124689 0.00101276
67.54 0.16338 0.162815 0.159617 1.69145e-05 0.00165132 0.00115093
67.56 0.163389 0.162887 0.159667 0.00022936 0.00178728 0.00126528
67.58 0.163403 0.16295 0.159719 0.000334676 0.00157106 0.00130486
67.6 0.163417 0.162997 0.15977 0.000351844 0.00117459 0.00126981
67.62 0.163432 0.163035 0.159819 0.000378388 0.000945838 0.00122476
67.64 0.163452 0.163081 0.159869 0.000507016 0.00117085 0.00125211
67.66 0.163482 0.163156 0.159925 0.000747448 0.00185676 0.00138658
67.68 0.163522 0.163264 0.159988 0.00100986 0.002695 0.00159227
67.7 0.163569 0.163393 0.16006 0.00116548 0.00323796 0.00179502
67.72 0.163615 0.163521 0.160138 0.0011415 0.00319151 0.00193298
67.74 0.163654 0.163626 0.160217 0.000980652 0.00262909 0.0019958
67.76 0.163687 0.163704 0.160298 0.000818692 0.00194549 0.00201791
67.78 0.163719 0.163767 0.160379 0.000797106 0.00157385 0.00201966
67.8 0.163757 0.163834 0.160457 0.000966961 0.00168909 0.00195239
67.82 0.163807 0.163919 0.160526 0.00124978 0.002118 0.00171912
67.84 0.163867 0.164019 0.160576 0.00149522 0.0025001 0.00125966
67.86 0.163931 0.164121 0.160601 0.00159523 0.00254188 0.000624976
67.88 0.163993 0.164208 0.160601 0.0015622 0.00218357 -7.95807e-06
67.9 0.164053 0.164272 0.160585 0.00150166 0.00159802 -0.000404819
67.92 0.164114 0.164314 0.160568 0.00150411 0.00105338 -0.000418766
67.94 0.164176 0.164344 0.160563 0.00155838 0.000739288 -0.000120086
67.96 0.164239 0.16437 0.160572 0.00157514 0.000672033 0.000215122
67.98 0.164298 0.1644 0.160583 0.00148866 0.000734196 0.000275672
68 0.164351 0.164432 0.16058 0.00132294 0.000795062 -7.29476e-05
68.02 0.164398 0.164463 0.160552 0.00116732 0.00079455 -0.00069102
68.04 0.164442 0.164493 0.160502 0.00109443 0.000727829 -0.00124557
68.06 0.164486 0.164516 0.160446 0.00110151 0.000588667 -0.00141725
68.08 0.164531 0.164531 0.160401 0.00112243 0.000363898 -0.00110867
68.1 0.164574 0.164534 0.160381 0.00108922 8.42796e-05 -0.000506528
68.12 0.164614 0.164528 0.160383 0.000994189 -0.000145703 4.39285e-05
68.14 0.164651 0.164521 0.160393 0.000910291 -0.00018494 0.000266728
68.16 0.164688 0.164523 0.160399 0.000945371 5.73408e-05 0.00012997
68.18 0.164735 0.164544 0.160392 0.00115442 0.000534323 -0.000159937
68.2 0.164793 0.164586 0.160379 0.0014715 0.00104335 -0.000329783
68.22 0.164863 0.164639 0.16037 0.00172874 0.00131822 -0.000232315
68.24 0.164933 0.164686 0.160373 0.00177073 0.00118705 7.98824e-05
68.26 0.164996 0.164714 0.160391 0.00156645 0.000691625 0.000439886
68.28 0.165045 0.164717 0.16042 0.00122392 7.44171e-05 0.000727748
68.3 0.165082 0.164703 0.160458 0.000919509 -0.000359771 0.000968291
68.32 0.165114 0.164686 0.16051 0.000800121 -0.000403742 0.00129687
68.34 0.16515 0.164685 0.160583 0.000906315 -4.24258e-05 0.00181753
68.36 0.165196 0.164707 0.160682 0.00116078 0.000548171 0.0024634
68.38 0.165253 0.164751 0.160801 0.00142444 0.00109734 0.00299385
68.4 0.165316 0.164806 0.160927 0.00156971 0.0013811 0.00315039
68.42 0.165378 0.164859 0.161041 0.00153428 0.00131948 0.00284508
68.44 0.165431 0.164898 0.16113 0.00134342 0.000985004 0.00223363
68.46 0.165475 0.16492 0.161195 0.00108511 0.000540735 0.00162529
68.48 0.165509 0.164925 0.161248 0.000847026 0.000141646 0.00130759
68.5 0.165535 0.16492 0.161304 0.000668548 -0.00014079 0.00139896
68.52 0.165557 0.164907 0.161375 0.000540783 -0.000316659 0.00179139
68.54 0.165574 0.16489 0.161464 0.000435005 -0.000417781 0.00220348
68.56 0.165588 0.164872 0.161557 0.00032891 -0.000457223 0.00233059
68.58 0.165597 0.164854 0.161637 0.000231695 -0.00044321 0.00201762
68.6 0.165604 0.164838 0.161691 0.000191779 -0.000400566 0.00134388
68.62 0.165615 0.164824 0.161714 0.000254644 -0.000357919 0.000559508
68.64 0.165631 0.164811 0.161711 0.000406805 -0.000319689 -7.34748e-05
68.66 0.165653 0.164801 0.161694 0.000557464 -0.000255305 -0.000406125
68.68 0.165676 0.164796 0.161677 0.000577873 -0.000123774 -0.000430612
68.7 0.165692 0.164799 0.161668 0.000381868 7.31017e-05 -0.000238586
68.72 0.165692 0.164809 0.161669 -1.51246e-06 0.000247695 3.28942e-05
68.74 0.165675 0.164819 0.161679 -0.000423714 0.000259967 0.000248764
68.76 0.165647 0.16482 0.161691 -0.000698998 1.7093e-05 0.000314283
68.78 0.165618 0.164802 0.161699 -0.000712626 -0.000448566 0.000198915
68.8 0.165599 0.164763 0.161697 -0.000476639 -0.000962909 -5.16798e-05
68.82 0.165595 0.164713 0.161684 -0.000110618 -0.00127154 -0.000325743
68.84 0.165604 0.164666 0.161665 0.000230085 -0.00117177 -0.000487657
68.86 0.165621 0.16464 0.161647 0.000434873 -0.000642271 -0.000449897
68.88 0.16564 0.164645 0.161637 0.000471717 0.00012364 -0.000236981
68.9 0.165655 0.164678 0.161638 0.000365344 0.000816214 2.62867e-05
68.92 0.165661 0.164725 0.161647 0.000162541 0.00117148 0.000205477
68.94 0.165658 0.164768 0.161656 -7.41612e-05 0.00109351 0.000245979
68.96 0.165648 0.164796 0.161665 -0.000263741 0.0006896 0.000206985
68.98 0.165635 0.164805 0.161674 -0.000331082 0.000218024 0.00022536
69 0.165625 0.164803 0.161691 -0.000248262 -4.30906e-05 0.000419462
69.02 0.165622 0.164805 0.161722 -5.83912e-05 5.71363e-05 0.000797079
69.04 0.165628 0.164824 0.161772 0.00014189 0.000480532 0.00123757
69.06 0.165638 0.164866 0.161834 0.000255004 0.00103921 0.00155997
69.08 0.165648 0.164925 0.161899 0.000235018 0.00148654 0.00162918
69.1 0.165652 0.164991 0.161957 0.000107142 0.00163884 0.00143235
69.12 0.16565 0.16505 0.162 -5.2896e-05 0.00148041 0.00108775
69.14 0.165643 0.165097 0.162031 -0.000155783 0.00116789 0.000780637
69.16 0.165638 0.165134 0.162058 -0.000135562 0.000926313 0.000652057
69.18 0.165639 0.165171 0.162086 3.41768e-05 0.000920199 0.00071718
69.2 0.165653 0.165217 0.162121 0.000338546 0.00116579 0.000874486
69.22 0.165681 0.165278 0.162161 0.000699129 0.00151647 0.000989782
69.24 0.165719 0.165348 0.1622 0.000962465 0.00175215 0.00098827
69.26 0.165758 0.165418 0.162236 0.000961703 0.00173572 0.000894809
69.28 0.165783 0.165478 0.162268 0.00064003 0.00150727 0.000803096
69.3 0.165789 0.165527 0.162301 0.000130635 0.00123676 0.000806627
69.32 0.165777 0.165571 0.162338 -0.000280863 0.00110042 0.000935945
69.34 0.165765 0.165618 0.162383 -0.000309816 0.00117139 0.00113478
69.36 0.165771 0.165673 0.162435 0.000137267 0.00137963 0.0012978
69.38 0.165805 0.165736 0.162489 0.000866555 0.00155967 0.00133284
69.4 0.165865 0.165798 0.162537 0.00148489 0.0015629 0.00120305
69.42 0.16593 0.165853 0.162574 0.00164038 0.00136386 0.000941602
69.44 0.165981 0.165896 0.1626 0.00126162 0.00107401 0.000642035
69.46 0.166006 0.16593 0.162617 0.00062269 0.000853497 0.000423373
69.48 0.166012 0.165962 0.162632 0.000167285 0.000800985 0.000370854
69.5 0.16602 0.165998 0.162651 0.000196405 0.000897441 0.000479746
69.52 0.166046 0.166039 0.162677 0.000654133 0.00103223 0.000650044
69.54 0.166093 0.166083 0.162707 0.00117581 0.00108701 0.000744107
69.56 0.166148 0.166123 0.162734 0.00135485 0.00101365 0.000676251
69.58 0.166189 0.166157 0.162753 0.00103539 0.000855879 0.00046968
69.6 0.166206 0.166186 0.162762 0.000424256 0.000710987 0.000235043
69.62 0.166204 0.166212 0.162766 -4.83635e-05 0.00066062 9.23117e-05
69.64 0.166203 0.166241 0.16277 -1.62149e-05 0.000716909 9.78632e-05
69.66 0.166226 0.166274 0.162778 0.000577422 0.000826793 0.000220324
69.68 0.166284 0.166311 0.162793 0.00142994 0.000932832 0.000375056
69.7 0.166366 0.166353 0.162813 0.00206196 0.00103463 0.000489447
69.72 0.166451 0.1664 0.162835 0.0021217 0.00117703 0.000539827
69.74 0.166515 0.166454 0.162856 0.00160658 0.00136747 0.000528726
69.76 0.166549 0.166515 0.162874 0.000844863 0.00152065 0.000448229
69.78 0.16656 0.166575 0.162885 0.000275965 0.00149874 0.000293376
69.8 0.166568 0.166624 0.16289 0.000194431 0.00121766 0.000105789
69.82 0.166592 0.166653 0.162889 0.000606316 0.000734946 -6.76402e-06
69.84 0.166643 0.166663 0.162893 0.00126561 0.000247434 9.87449e-05
69.86 0.166716 0.166663 0.162914 0.00182781 -1.37776e-05 0.000515802
69.88 0.166796 0.166666 0.162962 0.00201344 7.90301e-05 0.00118827
69.9 0.166865 0.166685 0.163036 0.00172552 0.000466451 0.0018731
69.92 0.166909 0.166722 0.163126 0.00109138 0.000934989 0.00223749
69.94 0.166925 0.166772 0.163208 0.000399705 0.00124926 0.00205221
69.96 0.166923 0.166823 0.163262 -4.87388e-05 0.00128883 0.00135219
69.98 0.16692 0.166867 0.16328 -7.55409e-05 0.00109868 0.000455891
70 0.166933 0.1669 0.163272 0.000318391 0.000819689 -0.000197066
70.02 0.166971 0.166923 0.16326 0.00095104 0.000558359 -0.000306616
70.04 0.167031 0.166935 0.163264 0.00151371 0.000309041 0.000103655
70.06 0.1671 0.166935 0.163293 0.00170417 -6.76102e-06 0.000720525
70.08 0.167156 0.166918 0.16334 0.00140421 -0.000419491 0.00116589
70.1 0.167187 0.166885 0.16339 0.000778725 -0.000819635 0.00124454
70.12 0.167195 0.166845 0.163432 0.000192287 -0.00099256 0.00104904
70.14 0.167194 0.166814 0.163466 -1.18927e-05 -0.000773164 0.000861506
70.16 0.167206 0.166806 0.163503 0.000288298 -0.000198408 0.000931837
70.18 0.167243 0.166825 0.163555 0.000933141 0.000475542 0.00129164
70.2 0.167306 0.166862 0.163624 0.00157446 0.000909991 0.00173553
70.22 0.167381 0.166898 0.163703 0.00187291 0.000892202 0.00197316
70.24 0.167449 0.166917 0.163776 0.00169107 0.000481944 0.00182313
70.26 0.167495 0.166916 0.163829 0.00116311 -2.71563e-05 0.00130989
70.28 0.167519 0.166903 0.163854 0.000598343 -0.000324549 0.000628111
70.3 0.16753 0.166891 0.163855 0.00028757 -0.000302622 3.08084e-05
70.32 0.167545 0.166887 0.163844 0.000356189 -8.85255e-05 -0.000280476
70.34 0.167574 0.166891 0.163835 0.000735733 0.000100651 -0.00021352
70.36 0.167623 0.166896 0.163843 0.00123039 0.000128452 0.000204713
70.38 0.167688 0.166898 0.163877 0.00162857 3.18324e-05 0.000841881
70.4 0.16776 0.166897 0.163937 0.001792 -5.27181e-06 0.00148909
70.42 0.167827 0.166905 0.164013 0.00167978 0.000200858 0.00190945
70.44 0.167881 0.166932 0.16409 0.00133435 0.000666135 0.00192106
70.46 0.167915 0.16698 0.164149 0.000861393 0.00120466 0.00148945
70.48 0.167931 0.167042 0.16418 0.000399883 0.00155422 0.00076659
70.5 0.167935 0.167104 0.164181 8.80002e-05 0.00154231 2.90553e-05
70.52 0.167936 0.167151 0.164163 3.11439e-05 0.00117923 -0.000454061
70.54 0.167946 0.167177 0.164141 0.000247769 0.00065093 -0.000543558
70.56 0.16797 0.167186 0.16413 0.00061493 0.000227789 -0.000280125
70.58 0.168007 0.167192 0.164136 0.000904187 0.000129441 0.000151371
70.6 0.168043 0.167208 0.164157 0.000920839 0.000417114 0.000525435
70.62 0.168069 0.167247 0.164185 0.000628949 0.000974308 0.000703144
70.64 0.168075 0.16731 0.164213 0.0001591 0.00157718 0.00069875
70.66 0.168063 0.16739 0.164239 -0.000289718 0.00199673 0.000630376
70.68 0.168041 0.167474 0.164262 -0.000561733 0.00208329 0.000596191
70.7 0.168017 0.167546 0.164286 -0.000603016 0.00182296 0.000587069
70.72 0.167998 0.1676 0.164306 -0.00046016 0.00134591 0.000513168
70.74 0.167989 0.167635 0.164319 -0.000239235 0.000865236 0.000306101
70.76 0.167987 0.167658 0.164318 -4.65114e-05 0.000570699 -5.23045e-06
70.78 0.167989 0.167679 0.164306 5.52364e-05 0.000542814 -0.000311468
70.8 0.167991 0.167709 0.164286 3.84657e-05 0.000736009 -0.000497109
70.82 0.167986 0.167749 0.164267 -0.000111992 0.00101399 -0.000484954
70.84 0.167971 0.167797 0.164257 -0.000382639 0.00120123 -0.000240602
70.86 0.167943 0.167844 0.164266 -0.000694915 0.00116753 0.00022015
70.88 0.167907 0.167881 0.164299 -0.00091166 0.000913156 0.000824889
70.9 0.167871 0.167904 0.164357 -0.000904108 0.000569801 0.00145847
70.92 0.167845 0.167916 0.164437 -0.00064499 0.000300488 0.00198871
70.94 0.167835 0.167923 0.164529 -0.000248429 0.000186723 0.00229896
70.96 0.167838 0.167931 0.164622 8.92353e-05 0.000190532 0.0023213
70.98 0.167847 0.167938 0.164704 0.000211712 0.000191929 0.00206102
71 0.167851 0.167941 0.164768 0.000112676 7.26192e-05 0.00160731
71.02 0.167849 0.167934 0.164813 -5.9659e-05 -0.000187776 0.00110944
71.04 0.167844 0.167915 0.164841 -0.000129178 -0.000476109 0.000713052
71.06 0.167843 0.16789 0.164861 -3.06713e-05 -0.000625612 0.000496608
71.08 0.167849 0.167867 0.164879 0.000164901 -0.000559955 0.000457094
71.1 0.167863 0.167853 0.164901 0.000336268 -0.000367439 0.000545808
71.12 0.167879 0.167844 0.16493 0.00040705 -0.000222624 0.00071634
71.14 0.167894 0.167834 0.164968 0.000383687 -0.000228568 0.000947706
71.16 0.167908 0.167822 0.165017 0.000349885 -0.000318057 0.00123742
71.18 0.167925 0.16781 0.16508 0.000411912 -0.000301426 0.00156615
71.2 0.167949 0.167808 0.165154 0.000605537 -3.08985e-05 0.00185605
71.22 0.167983 0.167826 0.165233 0.000844398 0.000449862 0.00196896
71.24 0.168022 0.167863 0.165304 0.000973891 0.000905408 0.00177321
71.26 0.168057 0.167905 0.165354 0.00089569 0.00106844 0.00124343
71.28 0.168083 0.167939 0.165374 0.000645434 0.000838174 0.000509652
71.3 0.168098 0.167954 0.165367 0.000369098 0.00038794 -0.000179531
71.32 0.168107 0.167958 0.165344 0.000230972 8.12385e-05 -0.000563712
71.34 0.16812 0.167966 0.165324 0.000310488 0.00020363 -0.000505197
71.36 0.168142 0.167995 0.165321 0.000559296 0.000718006 -7.67773e-05
71.38 0.168176 0.168046 0.16534 0.000851757 0.00128392 0.00046836
71.4 0.168219 0.168107 0.165373 0.00107885 0.00152732 0.000846469
71.42 0.168268 0.16816 0.16541 0.00121386 0.0013161 0.00091635
71.44 0.16832 0.168194 0.16544 0.00130606 0.000847038 0.000746784
71.46 0.168376 0.168214 0.165461 0.00140665 0.000508341 0.00052595
71.48 0.168436 0.168238 0.165477 0.00150028 0.000597657 0.000395032
71.5 0.168497 0.168281 0.165491 0.00151085 0.00109063 0.000346708
71.52 0.168552 0.168347 0.165501 0.00137447 0.00164767 0.00026474
71.54 0.168597 0.168422 0.165504 0.0011192 0.00186845 5.90853e-05
71.56 0.168632 0.168486 0.165495 0.000891401 0.00159791 -0.000220632
71.58 0.168668 0.168527 0.165479 0.000886631 0.00103168 -0.000384891
71.6 0.168716 0.168549 0.16547 0.00121568 0.000550276 -0.000231913
71.62 0.168788 0.168567 0.165481 0.00180152 0.000438981 0.000278543
71.64 0.168884 0.168595 0.165519 0.00239322 0.00071634 0.000942455
71.66 0.168992 0.168642 0.165576 0.0027013 0.00117269 0.00141459
71.68 0.169095 0.168704 0.165633 0.0025721 0.00154075 0.00143801
71.7 0.169178 0.16877 0.165674 0.00208317 0.00165121 0.00102062
71.72 0.169238 0.16883 0.165691 0.00149782 0.00148858 0.000424851
71.74 0.169283 0.168876 0.16569 0.00111078 0.00114798 -1.19911e-05
71.76 0.169326 0.168905 0.165687 0.00108671 0.000748323 -8.3461e-05
71.78 0.169381 0.168921 0.165695 0.00137707 0.000381816 0.00019377
71.8 0.169452 0.168926 0.16572 0.00176799 0.000136555 0.000635934
71.82 0.169533 0.168931 0.165762 0.00203677 0.000131727 0.00103423
71.84 0.169617 0.16895 0.165813 0.00208471 0.000466541 0.00128035
71.86 0.169695 0.168994 0.165869 0.00195147 0.0010981 0.00139819
71.88 0.169764 0.169065 0.165928 0.00173924 0.00177457 0.00148471
71.9 0.169825 0.16915 0.165993 0.0015231 0.0021276 0.00161758
71.92 0.169878 0.169226 0.166065 0.00130654 0.00190271 0.00179063
71.94 0.169919 0.169273 0.166141 0.001046 0.00116917 0.0019187
71.96 0.169948 0.169286 0.166217 0.000722069 0.000327701 0.00189076
71.98 0.169964 0.169281 0.166282 0.000392892 -0.000119192 0.00163833
72 0.169971 0.169286 0.16633 0.000183748 0.000119491 0.00118847
72.02 0.16998 0.169323 0.166356 0.000213868 0.000933624 0.000660732
72.04 0.17 0.169398 0.166365 0.000501446 0.00186411 0.000212128
72.06 0.170036 0.169493 0.166364 0.000911047 0.0023688 -3.03385e-05
72.08 0.170084 0.169579 0.166363 0.00119326 0.00215078 -1.7673e-05
72.1 0.170129 0.169633 0.166371 0.00113199 0.0013483 0.000202312
72.12 0.170158 0.16965 0.166391 0.000707189 0.000429237 0.00049855
72.14 0.170163 0.169644 0.166419 0.000125996 -0.000141087 0.000704058
72.16 0.17015 0.169636 0.166447 -0.000313946 -0.000197335 0.000689711
72.18 0.170133 0.16964 0.166464 -0.000420588 8.0297e-05 0.000440416
72.2 0.170124 0.169654 0.166468 -0.000226758 0.000371131 8.27778e-05
72.22 0.170126 0.169673 0.166461 4.25492e-05 0.000463675 -0.0001795
72.24 0.170132 0.169687 0.166453 0.000136343 0.000353334 -0.000194594
72.26 0.17013 0.169694 0.166454 -3.74536e-05 0.000165056 3.71636e-05
72.28 0.170116 0.169694 0.166469 -0.000351587 8.41868e-06 0.000363979
72.3 0.170094 0.16969 0.166492 -0.000559689 -9.76652e-05 0.000585288
72.32 0.170075 0.169683 0.166516 -0.000476272 -0.000182925 0.000595178
72.34 0.17007 0.169673 0.166534 -0.00012402 -0.000250297 0.000460933
72.36 0.17008 0.169663 0.166549 0.000255004 -0.000250434 0.000366111
72.38 0.170094 0.169658 0.166568 0.000359307 -0.000121285 0.000464882
72.4 0.170097 0.169663 0.166598 5.9981e-05 0.000134049 0.000763362
72.42 0.170077 0.169679 0.166643 -0.000477973 0.000402465 0.00111935
72.44 0.170042 0.1697 0.166697 -0.000895105 0.000516262 0.00134617
72.46 0.170006 0.169715 0.16675 -0.000891567 0.000382324 0.00133327
72.48 0.169988 0.169718 0.166794 -0.000443273 7.16822e-05 0.0011064
72.5 0.169995 0.169709 0.166826 0.000175607 -0.000223585 0.000800705
72.52 0.170019 0.169696 0.166849 0.000588133 -0.000330053 0.000572845
72.54 0.170042 0.169688 0.16687 0.000588464 -0.000202624 0.000517893
72.56 0.170053 0.169691 0.166896 0.000272645 6.62153e-05 0.000645331
72.58 0.170051 0.169703 0.166932 -5.75976e-05 0.000319064 0.000904904
72.6 0.170046 0.16972 0.166981 -0.000119758 0.000424248 0.00122369
72.62 0.170052 0.169734 0.167042 0.00015475 0.00033646 0.00152497
72.64 0.170076 0.169738 0.167111 0.000582434 0.00010377 0.00172658
72.66 0.17011 0.169731 0.167181 0.000858617 -0.000173168 0.00174694
72.68 0.170141 0.169715 0.167242 0.000768178 -0.000391518 0.00153467
72.7 0.170155 0.169696 0.167287 0.000345816 -0.000475699 0.00110704
72.72 0.170149 0.169681 0.167309 -0.00014092 -0.000394688 0.000567673
72.74 0.170134 0.169674 0.167313 -0.000374395 -0.000168449 8.25082e-05
72.76 0.170126 0.169679 0.167305 -0.000200423 0.000136431 -0.000185142
72.78 0.170137 0.169695 0.167299 0.000268838 0.000403702 -0.000151824
72.8 0.170166 0.169715 0.167305 0.000735573 0.000493398 0.000144992
72.82 0.170203 0.169728 0.167328 0.00092468 0.000319759 0.00057869
72.84 0.170234 0.169726 0.167368 0.000761627 -5.9836e-05 0.00100497
72.86 0.170249 0.169708 0.167421 0.000388226 -0.000434111 0.00130807
72.88 0.17025 0.169686 0.167477 3.5435e-05 -0.000543239 0.00141274
72.9 0.170246 0.169677 0.167529 -0.000113844 -0.000238512 0.00129654
72.92 0.170246 0.169693 0.16757 1.20687e-06 0.000404006 0.00101264
72.94 0.170259 0.169737 0.167597 0.000314474 0.00110745 0.00068269
72.96 0.170286 0.1698 0.167615 0.000688677 0.00155963 0.00044615
72.98 0.170326 0.169864 0.16763 0.000987903 0.00160147 0.00039154
73 0.17037 0.169916 0.16765 0.00112167 0.00131061 0.000502365
73.02 0.170413 0.169954 0.167677 0.00106203 0.000943418 0.000657572
73.04 0.170447 0.169985 0.167705 0.00085799 0.000780019 0.000715128
73.06 0.170472 0.170023 0.16773 0.000618939 0.000951272 0.000620305
73.08 0.17049 0.170077 0.167748 0.000459315 0.00135588 0.00044139
73.1 0.170508 0.170147 0.16776 0.00044079 0.00173527 0.000302439
73.12 0.170529 0.170221 0.167771 0.000535907 0.00185222 0.000273193
73.14 0.170555 0.170287 0.167783 0.000638639 0.00165841 0.000315568
73.16 0.17058 0.17034 0.167796 0.000630895 0.0013268 0.000319536
73.18 0.1706 0.170385 0.167804 0.000481419 0.00111251 0.000198353
73.2 0.170612 0.170432 0.167803 0.000309513 0.00117031 -1.96791e-05
73.22 0.170625 0.17049 0.167796 0.000325509 0.0014697 -0.000186749
73.24 0.170651 0.170564 0.16779 0.000664641 0.00184413 -0.000139401
73.26 0.170702 0.170649 0.167797 0.00125034 0.00210951 0.000171499
73.28 0.170774 0.170735 0.167823 0.00180564 0.00216263 0.000634792
73.3 0.170855 0.170816 0.167864 0.00202095 0.00202044 0.0010457
73.32 0.170925 0.170888 0.167913 0.00176957 0.0017913 0.00122514
73.34 0.170974 0.170951 0.167958 0.00121869 0.00159474 0.00111754
73.36 0.171003 0.171011 0.167991 0.000734111 0.00148572 0.000817035
73.38 0.171029 0.171068 0.168011 0.000631815 0.00143096 0.000502849
73.4 0.171067 0.171122 0.168024 0.000967876 0.0013561 0.000334321
73.42 0.171129 0.171171 0.16804 0.00153414 0.00122262 0.000392986
73.44 0.17121 0.171213 0.168068 0.00203063 0.00105529 0.000687777
73.46 0.1713 0.17125 0.168114 0.00225822 0.000910913 0.00116603
73.48 0.171389 0.171283 0.168182 0.00220725 0.000835228 0.00170753
73.5 0.171469 0.171317 0.168268 0.0020112 0.000839505 0.00213768
73.52 0.171542 0.171353 0.168359 0.00182517 0.000896347 0.00228739
73.54 0.171611 0.171391 0.168442 0.00171252 0.000954278 0.00207048
73.56 0.171675 0.171429 0.168503 0.00161129 0.000956056 0.00152927
73.58 0.171732 0.171463 0.168537 0.00141793 0.000851882 0.000828642
73.6 0.171776 0.171488 0.168545 0.00110866 0.000614885 0.000199896
73.62 0.171808 0.171498 0.168538 0.000784727 0.000264853 -0.0001554
73.64 0.171832 0.171494 0.168532 0.000607128 -0.000116388 -0.000163988
73.66 0.171858 0.171478 0.168535 0.000667303 -0.000404612 8.17637e-05
73.68 0.171894 0.171458 0.16855 0.000888616 -0.000489717 0.000377048
73.7 0.171936 0.171444 0.168571 0.00105808 -0.000339839 0.000521965
73.72 0.171976 0.171443 0.168589 0.000994035 -2.42386e-05 0.000450022
73.74 0.172004 0.171456 0.1686 0.000703444 0.00032417 0.000278908
73.76 0.17202 0.171479 0.168609 0.000387717 0.000578792 0.000220839
73.78 0.172031 0.171507 0.168625 0.000291681 0.000675285 0.000410195
73.8 0.172052 0.171532 0.168657 0.000508124 0.000625464 0.00079261
73.82 0.172087 0.171551 0.168704 0.000880609 0.000493254 0.0011646
73.84 0.172131 0.171566 0.168757 0.00108844 0.000358465 0.00132233
73.86 0.172166 0.171577 0.168805 0.000880491 0.000292467 0.00120175
73.88 0.172177 0.171591 0.168841 0.00028782 0.000341891 0.000908504
73.9 0.172163 0.171612 0.168866 -0.00036 0.000514818 0.00063155
73.92 0.172137 0.171643 0.168887 -0.000640178 0.000777442 0.000514823
73.94 0.172125 0.171685 0.16891 -0.00031631 0.0010461 0.00057654
73.96 0.172145 0.171732 0.168939 0.000498645 0.00119487 0.000719844
73.98 0.1722 0.171778 0.168971 0.00138719 0.00113139 0.000812134
74 0.172275 0.171813 0.169002 0.00186188 0.000894094 0.000781042
74.02 0.172341 0.17184 0.169029 0.00166583 0.000668775 0.000668122
74.04 0.172379 0.171868 0.169053 0.000936118 0.00068584 0.000595285
74.06 0.172383 0.17191 0.16908 0.000106663 0.00105097 0.000666475
74.08 0.172368 0.171975 0.169115 -0.0003746 0.00162406 0.000885971
74.1 0.172356 0.172056 0.169161 -0.000308148 0.00204505 0.00115104
74.12 0.172363 0.172134 0.169214 0.000175097 0.00193525 0.00131266
74.14 0.172391 0.17218 0.169264 0.0007194 0.00116221 0.0012693
74.16 0.17243 0.172179 0.169306 0.000957284 -2.81061e-05 0.00102689
74.18 0.172459 0.172135 0.169333 0.000727201 -0.0011083 0.000681805
74.2 0.172465 0.172072 0.169347 0.000165434 -0.00155897 0.000354857
74.22 0.17245 0.172025 0.169352 -0.000390764 -0.00118832 0.000124327
74.24 0.172425 0.172014 0.169352 -0.000623545 -0.000267796 3.24623e-06
74.26 0.172407 0.172039 0.169351 -0.000432581 0.000627837 -3.07072e-05
74.28 0.172408 0.172078 0.169351 1.03007e-05 0.00097482 -2.21819e-06
74.3 0.172423 0.172102 0.169354 0.000372956 0.000600265 6.98138e-05
74.32 0.172438 0.172092 0.16936 0.000373356 -0.000247942 0.00016493
74.34 0.172436 0.172049 0.169371 -3.81357e-05 -0.00107535 0.000258949
74.36 0.172411 0.171991 0.169384 -0.000636487 -0.00145169 0.000333454
74.38 0.172369 0.171941 0.169399 -0.00105201 -0.00125775 0.000387069
74.4 0.172328 0.171913 0.169417 -0.00100568 -0.000711007 0.000436625
74.42 0.172308 0.171905 0.169437 -0.000500534 -0.00018213 0.000507128
74.44 0.172316 0.171907 0.169462 0.000181644 4.55921e-05 0.000618533
74.46 0.172343 0.171904 0.169493 0.000688333 -7.82636e-05 0.000780022
74.48 0.172376 0.171888 0.169533 0.000828116 -0.000387184 0.000990243
74.5 0.172402 0.171863 0.169582 0.000652169 -0.000633985 0.00122778
74.52 0.172417 0.171837 0.169639 0.000369948 -0.000642941 0.00143799
74.54 0.172425 0.171822 0.1697 0.00018542 -0.00039321 0.00153049
74.56 0.172432 0.171821 0.169757 0.000174131 -8.07922e-06 0.00141068
74.58 0.172443 0.171834 0.169799 0.000275446 0.000326893 0.0010582
74.6 0.172458 0.171853 0.169823 0.00037932 0.000469996 0.00059283
74.62 0.172475 0.171869 0.169833 0.000435051 0.000391269 0.000246117
74.64 0.172495 0.171876 0.169842 0.000485141 0.000173177 0.000227291
74.66 0.172519 0.171874 0.169864 0.000599224 -3.97184e-05 0.000564714
74.68 0.17255 0.17187 0.169906 0.000778054 -0.000105139 0.0010481
74.7 0.172587 0.171872 0.16996 0.000926211 6.21092e-05 0.00134679
74.72 0.172624 0.17189 0.170009 0.000924343 0.000438187 0.00122712
74.74 0.172653 0.171925 0.170038 0.00074088 0.000875391 0.000706128
74.76 0.172673 0.171972 0.17004 0.000488066 0.00117734 4.93306e-05
74.78 0.172687 0.172021 0.170024 0.00035778 0.00122683 -0.000377169
74.8 0.172706 0.172064 0.170012 0.000481016 0.0010631 -0.000321332
74.82 0.17274 0.172098 0.17002 0.00082859 0.000853265 0.000204271
74.84 0.172789 0.172129 0.170058 0.00123005 0.000785715 0.000949459
74.86 0.172848 0.172167 0.170122 0.00148023 0.000946994 0.00159979
74.88 0.172906 0.172217 0.1702 0.00145687 0.00125904 0.00194333
74.9 0.172954 0.172279 0.170276 0.00118451 0.00153024 0.00191837
74.92 0.172986 0.172342 0.170339 0.000821105 0.00159208 0.00156892
74.94 0.173009 0.172399 0.170379 0.000567236 0.00142582 0.000990961
74.96 0.173031 0.172447 0.170391 0.000548469 0.00118777 0.000306276
74.98 0.173062 0.172491 0.170378 0.000767069 0.00111046 -0.000328597
75 0.173107 0.172545 0.170349 0.00112735 0.00132998 -0.000715458
75.02 0.173166 0.172615 0.170322 0.00147448 0.00175607 -0.00067114
75.04 0.173232 0.172699 0.170317 0.00164394 0.00211381 -0.000139834
75.06 0.173293 0.172785 0.170346 0.00154326 0.00213348 0.000723768
75.08 0.173343 0.172854 0.170409 0.00123266 0.00173399 0.00159235
75.1 0.173379 0.172897 0.170494 0.00090483 0.00107245 0.00212791
75.12 0.173409 0.172915 0.170581 0.00074771 0.000444908 0.0021542
75.14 0.173441 0.172919 0.170649 0.000809962 0.000112546 0.00171929
75.16 0.17348 0.172926 0.170691 0.000978658 0.000157519 0.00103899
75.18 0.173523 0.172944 0.170706 0.00106579 0.000450772 0.000373377
75.2 0.173561 0.172974 0.170702 0.000941085 0.000751693 -9.11177e-05
75.22 0.173586 0.173009 0.170691 0.00063544 0.000872131 -0.000287759
75.24 0.173599 0.17304 0.170681 0.000337036 0.00078531 -0.000242577
75.26 0.17361 0.173064 0.17068 0.000254543 0.000609123 -2.32969e-05
75.28 0.173627 0.173084 0.170692 0.000443555 0.000503029 0.000286046
75.3 0.173658 0.173107 0.170715 0.000759529 0.000567638 0.000588921
75.32 0.173697 0.173139 0.170747 0.000979232 0.000792901 0.000800018
75.34 0.173736 0.173182 0.170782 0.000976897 0.00106746 0.000883139
75.36 0.173769 0.173231 0.170817 0.000820873 0.00124804 0.000859734
75.38 0.173798 0.173282 0.170848 0.000720227 0.00125227 0.00078379
75.4 0.173832 0.173326 0.170877 0.000852465 0.00110486 0.000708884
75.42 0.17388 0.173363 0.170904 0.00119922 0.000919909 0.000676858
75.44 0.173942 0.173396 0.170933 0.00154603 0.000848959 0.000726802
75.46 0.174008 0.173436 0.170968 0.00165732 0.000995227 0.000895761
75.48 0.174066 0.173489 0.171016 0.00145827 0.00132594 0.00119088
75.5 0.174109 0.173556 0.171078 0.00106675 0.00166704 0.00154064
75.52 0.174136 0.173628 0.171149 0.00068582 0.00181181 0.00178632
75.54 0.174155 0.173695 0.17122 0.0004739 0.00166519 0.00175867
75.56 0.174174 0.173748 0.171276 0.000478708 0.00132197 0.00140403
75.58 0.1742 0.173789 0.17131 0.000640407 0.00103181 0.000862556
75.6 0.174234 0.173831 0.171327 0.000841979 0.00105529 0.000416388
75.62 0.174273 0.17389 0.17134 0.000977161 0.0014757 0.00031846
75.64 0.174312 0.173974 0.171364 0.000990768 0.0020956 0.000608981
75.66 0.174347 0.174075 0.171406 0.000866598 0.00251977 0.00106273
75.68 0.174371 0.174171 0.171459 0.000603241 0.00238531 0.00132421
75.7 0.174381 0.174234 0.171505 0.000232701 0.00159613 0.00113462
75.72 0.174374 0.174251 0.171525 -0.000150576 0.000413152 0.000495223
75.74 0.174358 0.174224 0.171511 -0.000419079 -0.000666574 -0.000330242
75.76 0.174338 0.174177 0.171473 -0.000491813 -0.00118348 -0.000967857
75.78 0.174323 0.174138 0.171427 -0.000387606 -0.000976988 -0.00114414
75.8 0.174315 0.174127 0.171394 -0.000199728 -0.000258661 -0.000818918
75.82 0.174314 0.174149 0.171387 -1.31773e-05 0.000535539 -0.000168602
75.84 0.17432 0.174189 0.171409 0.000155547 0.00101324 0.000541391
75.86 0.174334 0.174231 0.171453 0.000340034 0.00104574 0.00109358
75.88 0.174356 0.174263 0.171508 0.000557161 0.000786066 0.00138097
75.9 0.174386 0.174283 0.171563 0.000746752 0.000499847 0.00138378
75.92 0.174417 0.174297 0.171608 0.000774412 0.000364949 0.00112546
75.94 0.174438 0.174312 0.171635 0.000526347 0.000372682 0.000669609
75.96 0.17444 0.174327 0.171641 5.03089e-05 0.000370908 0.000154395
75.98 0.174424 0.174336 0.171634 -0.000392065 0.000215206 -0.000197842
76 0.174406 0.174332 0.171627 -0.000459703 -8.17675e-05 -0.000163294
76.02 0.174407 0.174319 0.17164 1.80615e-05 -0.00033483 0.000330787
76.04 0.174442 0.174306 0.171684 0.000875894 -0.000328105 0.00110547
76.06 0.174509 0.174306 0.171756 0.0016745 4.53396e-06 0.00178972
76.08 0.174587 0.174327 0.171837 0.00195663 0.000518262 0.00203128
76.1 0.174648 0.174365 0.171906 0.00153115 0.000956745 0.00172137
76.12 0.174672 0.17441 0.171949 0.000604455 0.00111672 0.00106913
76.14 0.17466 0.174448 0.171968 -0.000319996 0.000957321 0.000471274
76.16 0.17463 0.174471 0.171978 -0.000728464 0.000587316 0.000258963
76.18 0.174614 0.174478 0.171998 -0.000406496 0.000171082 0.000498157
76.2 0.174632 0.174472 0.172037 0.000435883 -0.000153549 0.000984242
76.22 0.174684 0.17446 0.172094 0.00131659 -0.000308897 0.00141021
76.24 0.174756 0.174448 0.172156 0.00178968 -0.000290772 0.00155677
76.26 0.174823 0.174442 0.172211 0.00167634 -0.000166607 0.00137658
76.28 0.174867 0.17444 0.17225 0.00110733 -2.58032e-05 0.000962995
76.3 0.174884 0.174443 0.172268 0.000408973 7.50341e-05 0.000468917
76.32 0.17488 0.174448 0.17227 -8.47308e-05 0.000120697 4.4381e-05
76.34 0.174872 0.174453 0.172263 -0.000192981 0.000126368 -0.000183105
76.36 0.174875 0.174458 0.172258 6.09886e-05 0.000119321 -0.000119361
76.38 0.174896 0.174463 0.172269 0.000516985 0.000118314 0.000261202
76.4 0.174935 0.174468 0.172303 0.000982395 0.000115495 0.000865584
76.42 0.174987 0.17447 0.172362 0.00130227 6.94757e-05 0.00146313
76.44 0.175042 0.174468 0.172432 0.00138215 -6.86758e-05 0.00175555
76.46 0.175089 0.174455 0.172493 0.00117626 -0.000305452 0.00153897
76.48 0.175117 0.174432 0.172528 0.000691008 -0.000578626 0.000861109
76.5 0.175118 0.174401 0.172529 2.6613e-05 -0.000783739 3.75213e-05
76.52 0.175094 0.174368 0.172509 -0.000596903 -0.000830737 -0.00051486
76.54 0.175058 0.17434 0.172488 -0.000900635 -0.000686189 -0.000524902
76.56 0.17503 0.174325 0.172487 -0.000699538 -0.000384025 -2.32731e-05
76.58 0.175028 0.174324 0.172515 -4.36238e-05 -9.96346e-06 0.000694477
76.6 0.175059 0.174338 0.172565 0.000773437 0.00033151 0.00125896
76.62 0.175113 0.17436 0.172623 0.0013511 0.000557628 0.00143914
76.64 0.175169 0.174385 0.172672 0.00139168 0.000637473 0.00124008
76.66 0.175204 0.174409 0.172706 0.000869808 0.000585456 0.000848329
76.68 0.175206 0.174426 0.172726 4.50896e-05 0.000429279 0.000488326
76.7 0.175178 0.174434 0.172737 -0.000685701 0.00020198 0.000292955
76.72 0.175139 0.174433 0.172748 -0.00099209 -3.4942e-05 0.00027351
76.74 0.175108 0.174426 0.172764 -0.000758249 -0.000176449 0.000380265
76.76 0.175104 0.174421 0.172786 -0.000116913 -0.000104264 0.000569855
76.78 0.175129 0.174431 0.172819 0.0006305 0.000243096 0.000809382
76.8 0.175175 0.174463 0.17286 0.00115555 0.000802723 0.00102163
76.82 0.175225 0.174518 0.172902 0.00124643 0.00137212 0.00106297
76.84 0.175261 0.174586 0.172934 0.000904638 0.00169312 0.000807255
76.86 0.175275 0.174651 0.172946 0.000352448 0.00161746 0.000282299
76.88 0.175273 0.1747 0.172935 -6.40197e-05 0.00122647 -0.000276126
76.9 0.175271 0.174732 0.172913 -4.41868e-05 0.000797486 -0.000528056
76.92 0.175291 0.174757 0.172904 0.000494161 0.000632154 -0.000233463
76.94 0.175344 0.174792 0.172927 0.00133232 0.000866371 0.000576667
76.96 0.175426 0.174847 0.17299 0.00204832 0.00138968 0.00158143
76.98 0.175516 0.174924 0.173084 0.00226723 0.00191124 0.00232653
77 0.175593 0.175009 0.173182 0.00190251 0.00213144 0.00247083
77.02 0.175641 0.175086 0.173261 0.0012208 0.00193319 0.00197488
77.04 0.175669 0.175145 0.173306 0.000680033 0.00146172 0.00111272
77.06 0.175694 0.175186 0.173318 0.000638307 0.00102407 0.000303456
77.08 0.175739 0.175221 0.173313 0.00111875 0.000884848 -0.000122209
77.1 0.175811 0.175265 0.17331 0.00179981 0.00110698 -7.58856e-05
77.12 0.1759 0.175327 0.173322 0.00223662 0.0015388 0.000292304
77.14 0.175987 0.175404 0.173351 0.00215742 0.00193584 0.000730841
77.16 0.176052 0.175489 0.173393 0.00162688 0.00211148 0.00104531
77.18 0.17609 0.175569 0.17344 0.000967367 0.00201678 0.00117431
77.2 0.176111 0.175639 0.173486 0.000527137 0.00172904 0.0011663
77.22 0.17613 0.175694 0.17353 0.000468229 0.00138928 0.00109888
77.24 0.176158 0.175739 0.17357 0.000703134 0.00112335 0.00099925
77.26 0.176198 0.175778 0.173604 0.000999708 0.000986036 0.000830778
77.28 0.176245 0.175818 0.173626 0.00115922 0.00097635 0.000549957
77.3 0.17629 0.175861 0.173633 0.00112541 0.00108866 0.000174658
77.32 0.176328 0.175914 0.173625 0.000960218 0.00131601 -0.000190816
77.34 0.176358 0.175978 0.173609 0.000741813 0.00160955 -0.000402752
77.36 0.176378 0.176053 0.173594 0.000493593 0.00187253 -0.000365385
77.38 0.176386 0.176133 0.173591 0.00020727 0.00200049 -8.63452e-05
77.4 0.176383 0.17621 0.173604 -8.04665e-05 0.00192811 0.000332667
77.42 0.176373 0.176277 0.173634 -0.000244455 0.00166519 0.000748163
77.44 0.176368 0.176329 0.173675 -0.000123923 0.00130493 0.00103322
77.46 0.176382 0.176368 0.17372 0.000340365 0.000982991 0.00111935
77.48 0.176422 0.176401 0.173761 0.00100152 0.000811508 0.0010212
77.5 0.176483 0.176434 0.173794 0.00154838 0.000826913 0.000832328
77.52 0.176551 0.176473 0.173821 0.00168596 0.000978082 0.000671896
77.54 0.176604 0.176519 0.173846 0.0013297 0.00115978 0.000613186
77.56 0.176631 0.17657 0.173872 0.000673546 0.00126993 0.000660157
77.58 0.176634 0.17662 0.173903 7.95351e-05 0.00124848 0.000778657
77.6 0.176628 0.176664 0.17394 -0.000149638 0.0010875 0.000924799
77.62 0.17663 0.176697 0.173982 4.05033e-05 0.000827633 0.00104301
77.64 0.176648 0.176718 0.174025 0.000450932 0.000536251 0.00107637
77.66 0.17668 0.176729 0.174065 0.000806491 0.000267935 0.00101009
77.68 0.176718 0.176731 0.174101 0.000952279 4.89526e-05 0.000897862
77.7 0.176755 0.176726 0.174134 0.000914405 -0.000108918 0.000827771
77.72 0.176788 0.176718 0.174169 0.000822983 -0.00020262 0.000854549
77.74 0.176819 0.176708 0.174207 0.000778228 -0.000254186 0.000953758
77.76 0.17685 0.176696 0.174248 0.00077396 -0.000307944 0.00103634
77.78 0.176879 0.17668 0.174289 0.000739466 -0.000398145 0.00101993
77.8 0.176905 0.176659 0.174325 0.000630545 -0.00052989 0.000908378
77.82 0.176924 0.176632 0.174358 0.000475299 -0.000676561 0.000806259
77.84 0.176937 0.1766 0.174391 0.000345532 -0.000783191 0.000841087
77.86 0.176949 0.176569 0.174433 0.000290662 -0.000788266 0.00104704
77.88 0.176961 0.176542 0.174486 0.000298104 -0.000662852 0.00131046
77.9 0.176974 0.176525 0.174543 0.000312577 -0.000435929 0.00143344
77.92 0.176986 0.176517 0.174594 0.000303373 -0.000185731 0.00126738
77.94 0.176998 0.176517 0.174626 0.000312109 -1.4648e-06 0.000811752
77.96 0.177015 0.17652 0.174635 0.000417426 6.50017e-05 0.000211977
77.98 0.17704 0.176521 0.174621 0.000623825 1.77875e-05 -0.000325205
78 0.177072 0.176517 0.174596 0.000797125 -9.94619e-05 -0.000630934
78.02 0.177101 0.176508 0.174571 0.00074402 -0.000229426 -0.000632146
78.04 0.177117 0.176495 0.174556 0.000377767 -0.000320741 -0.000362302
78.06 0.17711 0.176481 0.174559 -0.000161562 -0.000336343 5.7267e-05
78.08 0.177088 0.176471 0.174577 -0.000551736 -0.000262301 0.000464585
78.1 0.177068 0.176466 0.174606 -0.000499987 -0.000117009 0.000716178
78.12 0.177069 0.176468 0.174635 2.37595e-05 4.98729e-05 0.000736447
78.14 0.177098 0.176475 0.174658 0.000719908 0.00018578 0.00055521
78.16 0.177143 0.176486 0.17467 0.00113956 0.000274025 0.000307088
78.18 0.177183 0.1765 0.174677 0.00100068 0.000348152 0.000170623
78.2 0.1772 0.176519 0.174688 0.000404192 0.000463369 0.000268645
78.22 0.177191 0.176545 0.174711 -0.000224868 0.000646322 0.000587979
78.24 0.177173 0.176579 0.17475 -0.000429171 0.000853878 0.000986206
78.26 0.177173 0.176618 0.174802 -2.08246e-05 0.000975078 0.00128281
78.28 0.177205 0.176654 0.174856 0.00081418 0.000903105 0.00135886
78.3 0.177271 0.176679 0.174904 0.00165387 0.000633595 0.00120698
78.32 0.177356 0.176691 0.174942 0.00211104 0.000293602 0.000927598
78.34 0.177438 0.176694 0.174968 0.00204518 6.54398e-05 0.000668914
78.36 0.177501 0.176697 0.174989 0.00159044 7.67938e-05 0.000527259
78.38 0.177542 0.176711 0.175009 0.00102754 0.000342247 0.000484516
78.4 0.177567 0.176741 0.175026 0.000616656 0.000774241 0.000442759
78.42 0.177587 0.176791 0.17504 0.000490931 0.00123994 0.000334208
78.44 0.177612 0.176856 0.175048 0.000635185 0.00162171 0.000212779
78.46 0.177649 0.17693 0.175058 0.000936401 0.00184614 0.000240412
78.48 0.1777 0.177005 0.175081 0.00126176 0.0018723 0.000566824
78.5 0.17776 0.177072 0.175128 0.00151095 0.00167784 0.0011943
78.52 0.177825 0.177123 0.175206 0.00162422 0.00128436 0.00193023
78.54 0.177888 0.177155 0.175304 0.00156445 0.000797266 0.00246422
78.56 0.17794 0.177171 0.175406 0.00130623 0.000395249 0.00253427
78.58 0.177975 0.177181 0.175489 0.000864245 0.000256506 0.00208436
78.6 0.177988 0.177199 0.175541 0.000339746 0.000458961 0.00130999
78.62 0.177985 0.177236 0.175564 -8.74582e-05 0.000909859 0.000559131
78.64 0.177975 0.177291 0.175569 -0.000254712 0.00136814 0.000137931
78.66 0.17797 0.177354 0.175575 -0.000125764 0.00157826 0.000140763
78.68 0.177977 0.177411 0.175592 0.000182036 0.00142711 0.000422665
78.7 0.177995 0.177451 0.175621 0.000465687 0.00101526 0.00072728
78.72 0.178017 0.177475 0.175655 0.000547192 0.000592312 0.000864142
78.74 0.178032 0.177491 0.175688 0.000371729 0.000390499 0.000805771
78.76 0.178034 0.17751 0.175714 4.47952e-05 0.000475336 0.000655868
78.78 0.178025 0.177538 0.175736 -0.00023531 0.000715349 0.000541613
78.8 0.178012 0.177574 0.175756 -0.000322685 0.000887552 0.000511455
78.82 0.178003 0.177608 0.175776 -0.000221625 0.000846042 0.000510779
78.84 0.178001 0.177633 0.175794 -5.07152e-05 0.000620725 0.00044545
78.86 0.178004 0.177647 0.175805 7.03668e-05 0.000366582 0.000262774
78.88 0.178008 0.177656 0.175805 0.000109489 0.000228655 -2.85907e-06
78.9 0.178013 0.177666 0.175795 0.000113279 0.000237435 -0.000241393
78.92 0.178018 0.177678 0.175782 0.000135304 0.000301228 -0.000327019
78.94 0.178025 0.17769 0.175774 0.000185776 0.000290883 -0.000191166
78.96 0.178035 0.177696 0.17578 0.000236953 0.000149172 0.000136127
78.98 0.178045 0.177693 0.175801 0.000262847 -6.00529e-05 0.000535989
79 0.178056 0.177685 0.175835 0.000265123 -0.000204223 0.000848537
79.02 0.178067 0.177678 0.175873 0.000267389 -0.000179157 0.00094536
79.04 0.178078 0.177679 0.175905 0.000284968 3.15504e-05 0.0007954
79.06 0.17809 0.177694 0.175924 0.00030689 0.000369 0.000492645
79.08 0.178103 0.177723 0.175933 0.000320388 0.000741813 0.000221396
79.1 0.178117 0.177765 0.17594 0.000342133 0.00104901 0.000161897
79.12 0.178134 0.177813 0.175955 0.00041757 0.00119916 0.000387969
79.14 0.178157 0.177859 0.175988 0.000588195 0.00114945 0.000819827
79.16 0.178191 0.177897 0.176039 0.000837776 0.000945598 0.00126287
79.18 0.178233 0.177926 0.176099 0.00104903 0.000719974 0.00151269
79.2 0.178274 0.177951 0.176158 0.00103818 0.000632593 0.00146472
79.22 0.178302 0.177983 0.176205 0.000705611 0.000792522 0.00117485
79.24 0.17831 0.178031 0.176238 0.00018157 0.00120152 0.000836077
79.26 0.178301 0.1781 0.176264 -0.000212841 0.00173044 0.000658904
79.28 0.178294 0.178186 0.176293 -0.000187556 0.0021442 0.000725112
79.3 0.178305 0.178274 0.176331 0.000296547 0.00220554 0.000934525
79.32 0.178345 0.178347 0.176374 0.000987963 0.00182951 0.00108243
79.34 0.178405 0.178394 0.176414 0.00150039 0.00117405 0.00100354
79.36 0.178467 0.178417 0.176441 0.00155454 0.000566087 0.000676046
79.38 0.178513 0.178429 0.176451 0.00115885 0.000300643 0.000230764
79.4 0.178538 0.178447 0.176446 0.000607077 0.00045902 -0.000121649
79.42 0.178549 0.178482 0.176438 0.000282007 0.00086553 -0.000199394
79.44 0.178565 0.17853 0.17644 0.000397024 0.00120255 6.17848e-05
79.46 0.1786 0.178579 0.176463 0.000865087 0.00121672 0.000576552
79.48 0.178655 0.178614 0.17651 0.00138607 0.000885395 0.00116148
79.5 0.178722 0.178631 0.176575 0.00167459 0.000430952 0.00163004
79.52 0.178788 0.178638 0.176649 0.0016474 0.000160341 0.0018587
79.54 0.178846 0.178647 0.176721 0.00144581 0.000237457 0.00180448
79.56 0.178898 0.17867 0.176781 0.00130505 0.00057177 0.00149337
79.58 0.178953 0.178707 0.176821 0.00136771 0.000906971 0.00100036
79.6 0.179015 0.178747 0.176839 0.00157076 0.00102206 0.000436723
79.62 0.179083 0.178783 0.176836 0.00169835 0.000879833 -6.01748e-05
79.64 0.179146 0.178807 0.176822 0.00156989 0.000613396 -0.000350397
79.66 0.179195 0.178823 0.176809 0.00121112 0.000388044 -0.000334472
79.68 0.179229 0.178834 0.176809 0.000870258 0.000273217 5.10316e-06
79.7 0.179264 0.178843 0.176833 0.000853848 0.000222588 0.000585685
79.72 0.179315 0.178849 0.176882 0.00129051 0.000158934 0.00123857
79.74 0.179395 0.178852 0.176952 0.00198991 6.75553e-05 0.00174858
79.76 0.179495 0.178852 0.177029 0.00251199 2.04562e-05 0.00192104
79.78 0.179592 0.178857 0.177096 0.00243066 0.000121726 0.00167345
79.8 0.179658 0.178874 0.17714 0.00164258 0.000409616 0.00110528
79.82 0.179678 0.178906 0.177159 0.000503931 0.000796364 0.000485359
79.84 0.179664 0.17895 0.177165 -0.000348198 0.00111356 0.000133367
79.86 0.179648 0.178999 0.177174 -0.00040733 0.00122657 0.000238643
79.88 0.179662 0.179044 0.177203 0.000349638 0.00111556 0.000718721
79.9 0.179719 0.179078 0.177253 0.00143244 0.000867999 0.00123817
79.92 0.179805 0.179103 0.177309 0.00214556 0.00060794 0.00140935
79.94 0.179886 0.17912 0.177351 0.00202189 0.000420708 0.00104235
79.96 0.17993 0.179133 0.177362 0.00110312 0.000327136 0.000275063
79.98 0.179926 0.179145 0.177342 -0.000104434 0.000312032 -0.000498961
80 0.179887 0.17916 0.177307 -0.000966924 0.000362435 -0.000859385
80.02 0.179843 0.179179 0.177283 -0.00111202 0.000479893 -0.000608728
80.04 0.179818 0.179205 0.177287 -0.000619041 0.000652484 0.000104592
80.06 0.179821 0.179238 0.177322 8.10083e-05 0.000821639 0.000872664
80.08 0.179842 0.179274 0.177373 0.000514921 0.000903265 0.00128293
80.1 0.179861 0.179308 0.17742 0.000468804 0.0008556 0.00117005
80.12 0.179864 0.179337 0.177448 7.62611e-05 0.000728882 0.000691316
80.14 0.17985 0.179363 0.177455 -0.000336762 0.000633362 0.000185049
80.16 0.17983 0.179388 0.177452 -0.00050883 0.000640317 -7.38581e-05
80.18 0.179814 0.179416 0.177451 -0.000406977 0.000701632 -2.81372e-05
80.2 0.179806 0.179443 0.177459 -0.000198271 0.000662278 0.000193573
80.22 0.179802 0.179458 0.177476 -8.40404e-05 0.000378338 0.000422845
80.24 0.179797 0.179453 0.177499 -0.000135593 -0.000132227 0.000587422
80.26 0.179787 0.179427 0.177529 -0.000251982 -0.0006469 0.000738133
80.28 0.179776 0.179392 0.177567 -0.000265323 -0.000868709 0.000958667
80.3 0.179772 0.179367 0.177617 -0.000113437 -0.000633015 0.00124193
80.32 0.179775 0.179365 0.177675 8.72838e-05 -3.27447e-05 0.00145229
80.34 0.179782 0.17939 0.177732 0.000159933 0.000620309 0.00142269
80.36 0.179784 0.179429 0.177776 4.95073e-05 0.000968176 0.00110613
80.38 0.179779 0.179462 0.177802 -0.000117369 0.000816292 0.000648819
80.4 0.179773 0.179472 0.177815 -0.000143256 0.000247696 0.000319465
80.42 0.179776 0.179454 0.177828 6.27155e-05 -0.00044529 0.000331235
80.44 0.179791 0.179415 0.177856 0.000393933 -0.000955361 0.000687716
80.46 0.179815 0.179371 0.177903 0.000600094 -0.00111799 0.00118018
80.48 0.179834 0.179334 0.177964 0.000458192 -0.000926748 0.00153304
80.5 0.179832 0.179315 0.178027 -4.95963e-05 -0.000475623 0.0015739
80.52 0.179804 0.179318 0.17808 -0.000692163 7.99864e-05 0.00131426
80.54 0.179759 0.17934 0.178116 -0.00112319 0.000561067 0.00091231
80.56 0.179716 0.179373 0.178139 -0.00108717 0.000825327 0.000564281
80.58 0.179693 0.179406 0.178155 -0.000559067 0.000815816 0.000396098
80.6 0.179703 0.179429 0.178171 0.000244881 0.000574266 0.000414186
80.62 0.179742 0.179438 0.178192 0.000971623 0.000224709 0.000532524
80.64 0.179794 0.179435 0.178218 0.00130656 -6.36289e-05 0.000648364
80.66 0.179839 0.17943 0.178247 0.00112797 -0.000129798 0.00071028
80.68 0.179862 0.179435 0.178276 0.000555004 0.00011195 0.000730065
80.7 0.179857 0.179459 0.178306 -0.000111272 0.000612646 0.000739503
80.72 0.179836 0.179507 0.178335 -0.000516898 0.00118596 0.00073611
80.74 0.17982 0.17957 0.178362 -0.00042188 0.00159332 0.000673834
80.76 0.179826 0.179637 0.178383 0.00017164 0.00167319 0.00052034
80.78 0.179867 0.179694 0.178395 0.00102258 0.00142461 0.00031471
80.8 0.179939 0.179734 0.178402 0.00178393 0.00100187 0.000162866
80.82 0.180026 0.17976 0.178409 0.00217183 0.000635691 0.000176635
80.84 0.180109 0.179781 0.178425 0.00208061 0.000518551 0.000394703
80.86 0.180173 0.179809 0.178454 0.00160608 0.000710923 0.000727464
80.88 0.180212 0.179854 0.178493 0.000982506 0.00111849 0.000977245
80.9 0.180231 0.179916 0.178531 0.000471161 0.00154642 0.000949696
80.92 0.180241 0.179988 0.178555 0.000253851 0.00180176 0.000598341
80.94 0.180257 0.18006 0.178559 0.00039003 0.00180906 9.72351e-05
80.96 0.180291 0.180126 0.178549 0.000840042 0.00166218 -0.000236395
80.98 0.18035 0.180188 0.178544 0.00149057 0.0015475 -0.000136806
81 0.180436 0.180252 0.178561 0.00215609 0.00159136 0.000425117
81.02 0.18054 0.180322 0.178609 0.00260241 0.00175668 0.00119538
81.04 0.180646 0.180397 0.17868 0.00263364 0.00187159 0.00178374
81.06 0.180734 0.180468 0.178756 0.00220393 0.0017755 0.00190605
81.08 0.180793 0.180527 0.178818 0.00147315 0.00146535 0.00154911
81.1 0.180823 0.180571 0.178856 0.000760688 0.00111328 0.000957348
81.12 0.180839 0.180609 0.178875 0.000393767 0.0009451 0.000468182
81.14 0.180861 0.180652 0.178888 0.000535609 0.00108244 0.000308895
81.16 0.180904 0.18071 0.178907 0.00109859 0.00144739 0.000478682
81.18 0.180976 0.180781 0.178938 0.00178475 0.00177724 0.000784761
81.2 0.181066 0.180853 0.178978 0.00224355 0.00178142 0.00100241
81.22 0.181156 0.180907 0.179019 0.0022684 0.00135284 0.00103161
81.24 0.181233 0.180933 0.179057 0.00191081 0.00065879 0.00094284
81.26 0.18129 0.180935 0.179093 0.00142833 3.86674e-05 0.000896419
81.28 0.181334 0.180926 0.179133 0.00109921 -0.000208871 0.0010059
81.3 0.181375 0.180926 0.179183 0.00104003 -2.57295e-06 0.0012375
81.32 0.181422 0.180946 0.17924 0.00116286 0.000485388 0.00142298
81.34 0.181473 0.180984 0.179295 0.00128772 0.000952018 0.00138893
81.36 0.181525 0.18103 0.179339 0.00129158 0.00115774 0.00109268
81.38 0.181572 0.181072 0.179365 0.00117944 0.00106061 0.000652594
81.4 0.181615 0.181105 0.179375 0.0010556 0.000810097 0.00026008
81.42 0.181656 0.18113 0.179378 0.00103519 0.000617201 5.77021e-05
81.44 0.181702 0.181154 0.179381 0.00115887 0.00061582 7.26298e-05
81.46 0.181756 0.181186 0.17939 0.0013521 0.000796581 0.00022816
81.48 0.181815 0.181227 0.179406 0.00146169 0.00102314 0.000408972
81.5 0.18187 0.181272 0.179427 0.00136692 0.00113473 0.000530883
81.52 0.181913 0.181315 0.17945 0.00107796 0.00106717 0.000571454
81.54 0.181942 0.181351 0.179472 0.000732596 0.00088889 0.000553728
81.56 0.181961 0.18138 0.179493 0.000483271 0.000732626 0.000508163
81.58 0.181976 0.181408 0.179511 0.000372181 0.000692012 0.000446588
81.6 0.181989 0.181438 0.179525 0.000319245 0.000762421 0.000366455
81.62 0.181998 0.181472 0.179536 0.000228486 0.000850766 0.000277533
81.64 0.182002 0.181506 0.179545 9.20178e-05 0.000839587 0.000222977
81.66 0.182002 0.181533 0.179556 -1.38235e-06 0.000672874 0.000266707
81.68 0.182004 0.181549 0.179574 5.4001e-05 0.000399732 0.000441022
81.7 0.182015 0.181554 0.179602 0.000272091 0.000125648 0.000699996
81.72 0.182035 0.18155 0.179638 0.000506061 -8.75158e-05 0.000923403
81.74 0.182055 0.181539 0.179678 0.00050053 -0.000274048 0.000976447
81.76 0.182058 0.181519 0.179709 7.50139e-05 -0.000507643 0.000796189
81.78 0.18203 0.181487 0.179727 -0.000698832 -0.000801834 0.000452982
81.8 0.18197 0.181444 0.179733 -0.00149156 -0.00106754 0.000127329
81.82 0.181894 0.181398 0.179733 -0.00190879 -0.0011549 2.51457e-06
81.84 0.181824 0.181359 0.179739 -0.00174061 -0.00096077 0.000148336
81.86 0.181781 0.181338 0.179758 -0.00109388 -0.000542265 0.000479156
81.88 0.181767 0.181332 0.17979 -0.00033588 -0.000133948 0.000815204
81.9 0.181772 0.181332 0.179831 0.000118908 -1.23411e-05 0.00100801
81.92 0.181774 0.18132 0.179872 4.95531e-05 -0.000295379 0.00103194
81.94 0.181756 0.181287 0.179911 -0.000452073 -0.000836999 0.000963945
81.96 0.181714 0.181234 0.179946 -0.00104637 -0.00130321 0.000889976
81.98 0.18166 0.181179 0.17998 -0.00134933 -0.00139125 0.000834507
82 0.181614 0.181137 0.18001 -0.00116215 -0.00104472 0.000762242
82.02 0.18159 0.181118 0.180035 -0.000582587 -0.000487431 0.000633681
82.04 0.181593 0.181116 0.180054 7.18481e-05 -4.44614e-05 0.000463016
82.06 0.181611 0.181119 0.180067 0.000451678 8.67935e-05 0.000331351
82.08 0.181626 0.181117 0.180081 0.000372733 -4.64617e-05 0.000343156
82.1 0.181624 0.181109 0.180103 -6.52805e-05 -0.000205331 0.000561928
82.12 0.181603 0.181104 0.180142 -0.00052517 -0.000140715 0.000965941
82.14 0.181577 0.181113 0.1802 -0.000637516 0.000224356 0.00143957
82.16 0.181568 0.181142 0.180272 -0.000232889 0.000737806 0.00180715
82.18 0.181589 0.181187 0.180348 0.000544642 0.00111605 0.00190215
82.2 0.181642 0.181232 0.180414 0.00131725 0.00112728 0.00165062
82.22 0.18171 0.181262 0.180459 0.00170123 0.000750524 0.00113144
82.24 0.181772 0.18127 0.180482 0.00153887 0.000212691 0.000560946
82.26 0.181811 0.181265 0.180489 0.000982523 -0.00013188 0.000194406
82.28 0.181826 0.181264 0.180497 0.000380384 -1.46524e-05 0.000198004
82.3 0.181829 0.181288 0.18052 6.12e-05 0.000577854 0.000570333
82.32 0.181835 0.181343 0.180566 0.000151446 0.00138802 0.00115654
82.34 0.181856 0.181424 0.180635 0.000524248 0.00203136 0.00171932
82.36 0.181892 0.181512 0.180716 0.00089694 0.00220458 0.00202646
82.38 0.181932 0.181586 0.180794 0.00101848 0.00184852 0.00194343
82.4 0.181966 0.181634 0.180854 0.000834003 0.00119044 0.00150173
82.42 0.181986 0.18166 0.18089 0.00050947 0.000636837 0.000899611
82.44 0.181999 0.181681 0.180906 0.000309425 0.000544181 0.000410883
82.46 0.182015 0.181721 0.180916 0.000419623 0.000986012 0.000231216
82.48 0.182049 0.181788 0.18093 0.000840896 0.0016938 0.000348554
82.5 0.182105 0.181877 0.180952 0.00141391 0.0022247 0.000552775
82.52 0.182182 0.181967 0.180976 0.00191448 0.00223264 0.000597613
82.54 0.182268 0.182034 0.180991 0.00215676 0.00168399 0.000383697
82.56 0.182351 0.18207 0.180992 0.0020742 0.000891879 2.34778e-05
82.58 0.182421 0.182083 0.180982 0.00173755 0.000328486 -0.000257699
82.6 0.182473 0.182096 0.18097 0.00129741 0.000326112 -0.000297405
82.62 0.182509 0.182131 0.180966 0.000907982 0.000869322 -0.000106624
82.64 0.182537 0.182195 0.180972 0.000695225 0.00161157 0.000156446
82.66 0.182567 0.182279 0.180984 0.000749795 0.00210333 0.000318123
82.68 0.182611 0.182363 0.180997 0.00109335 0.00208789 0.000322005
82.7 0.182676 0.182429 0.181008 0.00163106 0.00166523 0.000264524
82.72 0.182762 0.182477 0.18102 0.00214832 0.00119622 0.000297364
82.74 0.182857 0.182518 0.181039 0.00238881 0.00101141 0.000472599
82.76 0.182945 0.182564 0.181066 0.00218944 0.00116484 0.000679687
82.78 0.183008 0.182622 0.181095 0.00158757 0.00143866 0.000729737
82.8 0.183041 0.182684 0.181115 0.000823194 0.0015625 0.000505134
82.82 0.183051 0.182742 0.181118 0.00023502 0.00144828 7.30892e-05
82.84 0.183055 0.182792 0.181105 0.000102095 0.00124968 -0.000328932
82.86 0.183075 0.182841 0.181087 0.00049437 0.00120654 -0.000441625
82.88 0.183123 0.182897 0.181081 0.00121493 0.0014185 -0.000149305
82.9 0.183199 0.182967 0.1811 0.00189484 0.00174199 0.000462853
82.92 0.183287 0.183043 0.181147 0.00219797 0.0019004 0.00117553
82.94 0.183367 0.183111 0.181218 0.00200783 0.00170746 0.00176432
82.96 0.183426 0.18316 0.181302 0.0014737 0.00122247 0.00210747
82.98 0.183462 0.183189 0.18139 0.000892869 0.000712844 0.00221129
83 0.183483 0.183207 0.181476 0.000535059 0.000460155 0.00215261
83.02 0.183504 0.18323 0.181556 0.000518911 0.000562153 0.00199275
83.04 0.183535 0.183264 0.181626 0.000785305 0.000869543 0.00174027
83.06 0.183581 0.183308 0.181681 0.00115111 0.00109371 0.00139104
83.08 0.183638 0.183348 0.181721 0.00140513 0.00099991 0.000993476
83.1 0.183694 0.18337 0.181747 0.00140099 0.000553904 0.000657279
83.12 0.183738 0.183368 0.181767 0.00111141 -6.88113e-05 0.000483818
83.14 0.183763 0.183343 0.181786 0.000624091 -0.000605698 0.000491269
83.16 0.183767 0.183309 0.181811 8.67495e-05 -0.000866538 0.000614188
83.18 0.183753 0.183276 0.181842 -0.000347536 -0.00082051 0.000764098
83.2 0.183731 0.183253 0.181877 -0.000553385 -0.000575256 0.00088796
83.22 0.183712 0.183241 0.181916 -0.000472269 -0.000292515 0.000981234
83.24 0.183706 0.183237 0.181958 -0.000151947 -0.000108335 0.00104372
83.26 0.183716 0.183233 0.181999 0.000261032 -8.88724e-05 0.0010331
83.28 0.183739 0.183225 0.182034 0.000583213 -0.000217577 0.000874574
83.3 0.183766 0.183208 0.182055 0.00065608 -0.000413311 0.000522882
83.32 0.183782 0.183185 0.182056 0.000399292 -0.000572752 2.57306e-05
83.34 0.183777 0.18316 0.182038 -0.000125546 -0.000617982 -0.000468164
83.36 0.183749 0.183139 0.182007 -0.000690879 -0.000532161 -0.000774205
83.38 0.183709 0.183125 0.181976 -0.000987046 -0.000363516 -0.000766915
83.4 0.183678 0.183117 0.181958 -0.000791265 -0.000188361 -0.000447092
83.42 0.183673 0.183114 0.18196 -0.000116967 -6.57791e-05 5.16649e-05
83.44 0.183704 0.183114 0.181981 0.00076074 -1.49291e-05 0.000532793
83.46 0.183761 0.183114 0.182015 0.00142919 -6.52023e-06 0.000845613
83.48 0.183823 0.183115 0.182053 0.00156463 3.72309e-05 0.000951076
83.5 0.183869 0.183123 0.18209 0.00114398 0.000207169 0.000907402
83.52 0.183888 0.183145 0.182122 0.000474264 0.000532051 0.000805626
83.54 0.183888 0.183182 0.18215 -5.22945e-06 0.000929358 0.000708307
83.56 0.183888 0.183231 0.182175 -3.84273e-07 0.00124129 0.000627305
83.58 0.183907 0.183285 0.182197 0.000468271 0.00133557 0.000550819
83.6 0.18395 0.183333 0.182217 0.00109035 0.0011991 0.000491582
83.62 0.184009 0.183372 0.182237 0.00146569 0.000967366 0.00050423
83.64 0.184063 0.183405 0.182263 0.00135594 0.000846734 0.000648312
83.66 0.184096 0.183444 0.1823 0.000828144 0.000955387 0.000931175
83.68 0.184104 0.183492 0.182352 0.000200334 0.00122083 0.00128405
83.7 0.184097 0.18355 0.182415 -0.000174372 0.00144046 0.00159481
83.72 0.184092 0.183608 0.182486 -0.000117702 0.00144594 0.00177586
83.74 0.184105 0.183657 0.182559 0.000302086 0.00121977 0.00180603
83.76 0.184138 0.183692 0.182627 0.000836744 0.000888686 0.00171398
83.78 0.184186 0.183717 0.182688 0.00118837 0.000625878 0.00152497
83.8 0.184231 0.183739 0.182737 0.00114755 0.000536718 0.00122665
83.82 0.184259 0.183763 0.182769 0.000699881 0.000600422 0.000791533
83.84 0.184261 0.183791 0.182779 4.00056e-05 0.000707266 0.000248766
83.86 0.18424 0.183822 0.182768 -0.000536164 0.00076281 -0.000268273
83.88 0.184209 0.183852 0.182746 -0.000776975 0.000770401 -0.000548112
83.9 0.184186 0.183885 0.182731 -0.00056334 0.000804949 -0.000394675
83.92 0.184188 0.18392 0.18274 5.67856e-05 0.000896687 0.000236271
83.94 0.184223 0.183959 0.182786 0.000866113 0.000965875 0.00114982
83.96 0.184284 0.183995 0.182865 0.00153997 0.000893195 0.00196489
83.98 0.184356 0.184021 0.182957 0.0017861 0.00064864 0.0022996
84 0.184416 0.184034 0.183036 0.00149722 0.00033883 0.00197837
84.02 0.184449 0.184039 0.183081 0.000823022 0.000126889 0.00112771
84.04 0.184453 0.184044 0.183085 9.89215e-05 0.000105498 0.00010878
84.06 0.184439 0.184053 0.183058 -0.000333528 0.000229517 -0.00067105
84.08 0.184428 0.184067 0.18302 -0.000288215 0.000357227 -0.000949587
84.1 0.184436 0.184082 0.182993 0.000209128 0.000371877 -0.000693204
84.12 0.184474 0.184094 0.18299 0.000957207 0.000289743 -6.59591e-05
84.14 0.184541 0.184104 0.183016 0.00165755 0.00025718 0.000660006
84.16 0.184621 0.18412 0.183065 0.00201723 0.000416563 0.0012041
84.18 0.184696 0.18415 0.183119 0.00186047 0.000742088 0.00136478
84.2 0.184744 0.184191 0.183162 0.00120805 0.00101349 0.00107811
84.22 0.184755 0.18423 0.18318 0.000277631 0.00098529 0.000444281
84.24 0.184731 0.184255 0.183169 -0.00059915 0.000615386 -0.000282531
84.26 0.184687 0.184261 0.183138 -0.00109762 0.00014476 -0.000769381
84.28 0.184646 0.184258 0.183108 -0.00102429 -6.07725e-05 -0.000748375
84.3 0.18463 0.184266 0.183102 -0.000402795 0.000201732 -0.000159453
84.32 0.184651 0.184298 0.183133 0.000517998 0.00079124 0.000792113
84.34 0.184705 0.18435 0.183202 0.00135571 0.001311 0.00171259
84.36 0.184776 0.184406 0.18329 0.00176825 0.00139819 0.00220817
84.38 0.184841 0.184446 0.183374 0.00162976 0.000991358 0.00208739
84.4 0.184885 0.184461 0.183432 0.00109371 0.000381203 0.00146236
84.42 0.184905 0.184461 0.18346 0.000490098 -1.13279e-06 0.000684877
84.44 0.18491 0.184464 0.183465 0.000129124 8.46779e-05 0.000149254
84.46 0.184915 0.184484 0.183469 0.000137305 0.000498659 7.71436e-05
84.48 0.184932 0.184518 0.183485 0.000410393 0.000847344 0.000419548
84.5 0.18496 0.184551 0.183523 0.00070694 0.000830897 0.000929159
84.52 0.184993 0.184572 0.183576 0.000818927 0.000501489 0.00133619
84.54 0.185021 0.18458 0.183636 0.00070568 0.000208461 0.0014933
84.56 0.185041 0.184592 0.183692 0.000509132 0.000302581 0.00140895
84.58 0.185059 0.184626 0.183739 0.000438032 0.000841757 0.00118173
84.6 0.185083 0.184686 0.183776 0.000600422 0.00151343 0.000910602
84.62 0.185119 0.18476 0.183802 0.00091369 0.00184655 0.000660458
84.64 0.185166 0.184823 0.183822 0.0011606 0.00157436 0.00048666
84.66 0.185211 0.184857 0.18384 0.00113567 0.000859963 0.000453139
84.68 0.185243 0.184865 0.183864 0.000782434 0.000187768 0.00060136
84.7 0.185252 0.184865 0.1839 0.000248144 -3.1555e-06 0.000899955
84.72 0.185245 0.184879 0.183949 -0.000188112 0.000355443 0.00122807
84.74 0.185234 0.184917 0.184006 -0.00027921 0.000938834 0.00141527
84.76 0.185236 0.184969 0.184059 4.74943e-05 0.00130412 0.00133077
84.78 0.185262 0.185018 0.184098 0.000656169 0.00121852 0.000978538
84.8 0.185313 0.18505 0.184119 0.00128051 0.000802093 0.000518775
84.82 0.18538 0.185066 0.184126 0.00165937 0.000403329 0.000176508
84.84 0.185446 0.185078 0.18413 0.00165913 0.000303074 9.6127e-05
84.86 0.185499 0.185098 0.18414 0.00132069 0.000496963 0.00025367
84.88 0.185532 0.185127 0.184159 0.000821923 0.00074219 0.000483816
84.9 0.185547 0.18516 0.184183 0.000391392 0.000803418 0.000595921
84.92 0.185556 0.185186 0.184203 0.000213936 0.000664358 0.00049863
84.94 0.18557 0.185207 0.184213 0.0003658 0.000528437 0.000245967
84.96 0.185602 0.185232 0.184212 0.000789431 0.000619839 -2.00231e-05
84.98 0.185655 0.185271 0.184205 0.00131407 0.00096514 -0.000170898
85 0.185724 0.185324 0.184199 0.00172961 0.00134305 -0.000160404
85.02 0.185799 0.185383 0.184198 0.00188389 0.00145618 -1.70982e-05
85.04 0.185869 0.18543 0.184207 0.00173909 0.00118099 0.000219617
85.06 0.185923 0.185457 0.184228 0.00136407 0.000682667 0.000542035
85.08 0.185959 0.185469 0.184266 0.000893093 0.000296103 0.000945006
85.1 0.185978 0.18548 0.18432 0.000473522 0.000267067 0.00135469
85.12 0.185987 0.185503 0.184385 0.000222172 0.000576661 0.00160894
85.14 0.185995 0.185542 0.184446 0.000199719 0.000981362 0.00154199
85.16 0.186011 0.18559 0.184491 0.000398292 0.00120284 0.00111806
85.18 0.18604 0.185635 0.184511 0.000727554 0.00110983 0.000502661
85.2 0.186081 0.185666 0.184511 0.00102071 0.000775816 -1.61838e-05
85.22 0.186125 0.185681 0.184502 0.00109769 0.000390597 -0.000214286
85.24 0.18616 0.185686 0.184499 0.000874988 0.000121467 -6.53449e-05
85.26 0.186177 0.185688 0.184511 0.000442906 4.50111e-05 0.000286057
85.28 0.186179 0.185694 0.184537 3.46003e-05 0.000157809 0.000662254
85.3 0.186175 0.185711 0.184576 -0.000100865 0.000414782 0.000964257
85.32 0.186181 0.185741 0.184623 0.000154581 0.000748122 0.00118063
85.34 0.186208 0.185783 0.184676 0.00069131 0.00104684 0.00132456
85.36 0.186256 0.185828 0.184731 0.0011993 0.00114861 0.00137685
85.38 0.18631 0.185865 0.184783 0.00134647 0.000914439 0.00128527
85.4 0.186351 0.18588 0.184824 0.0010082 0.000361848 0.00102485
85.42 0.186366 0.185868 0.18485 0.000378019 -0.000283998 0.000666801
85.44 0.18636 0.18584 0.184865 -0.000150936 -0.000709711 0.000369961
85.46 0.186349 0.185811 0.184876 -0.000260113 -0.000710504 0.000281484
85.48 0.186352 0.185799 0.184894 7.91415e-05 -0.000317194 0.000438027
85.5 0.186376 0.185808 0.184924 0.000601422 0.000222343 0.000754078
85.52 0.186414 0.185832 0.184967 0.000939089 0.000610207 0.00108495
85.54 0.186449 0.18586 0.185019 0.000870252 0.000701413 0.00130049
85.56 0.186467 0.185883 0.185073 0.00046296 0.000574561 0.00133588
85.58 0.186468 0.1859 0.185121 7.84202e-06 0.000421103 0.00120056
85.6 0.186459 0.185915 0.185159 -0.000211151 0.000370563 0.000946559
85.62 0.186455 0.185931 0.185184 -0.000109645 0.000402294 0.000628185
85.64 0.186462 0.185947 0.185195 0.000169487 0.000396816 0.000288735
85.66 0.186477 0.185958 0.185195 0.000380225 0.000273475 -2.11639e-05
85.68 0.186491 0.185961 0.185185 0.000348289 8.63675e-05 -0.000232678
85.7 0.186494 0.18596 0.185174 9.04402e-05 -1.60048e-05 -0.000289805
85.72 0.186486 0.185963 0.185166 -0.000217652 6.77907e-05 -0.000196268
85.74 0.18647 0.185975 0.185165 -0.000399728 0.000293776 -1.64643e-05
85.76 0.186453 0.185995 0.185172 -0.000407028 0.000515344 0.000165937
85.78 0.186441 0.18602 0.185184 -0.000308255 0.000617582 0.000294295
85.8 0.186434 0.186045 0.185198 -0.000187101 0.000613822 0.000366247
85.82 0.186431 0.18607 0.185215 -7.50459e-05 0.000621905 0.000423055
85.84 0.186432 0.186099 0.185235 4.1156e-05 0.000743294 0.00050522
85.86 0.186439 0.186137 0.18526 0.000176272 0.000953162 0.000607817
85.88 0.186452 0.186182 0.185287 0.000316126 0.00110143 0.000690445
85.9 0.186469 0.186223 0.185317 0.000429853 0.00103202 0.000737957
85.92 0.186489 0.186252 0.185349 0.000499308 0.000724352 0.000795511
85.94 0.18651 0.186265 0.185386 0.000533285 0.000335743 0.000929032
85.96 0.186533 0.186269 0.185432 0.000559161 0.00010645 0.00114572
85.98 0.186557 0.186277 0.185486 0.000595553 0.000195505 0.00135611
86 0.186582 0.1863 0.185543 0.000628244 0.000563336 0.00142791
86.02 0.186607 0.18634 0.185595 0.000634914 0.00100174 0.00130035
86.04 0.186633 0.186392 0.185637 0.000641086 0.00129211 0.00105324
86.06 0.186662 0.186446 0.185671 0.000719932 0.00135406 0.000857025
86.08 0.186698 0.186496 0.185705 0.000917028 0.00126275 0.000842317
86.1 0.186746 0.186542 0.185745 0.00118297 0.00114231 0.000994788
86.12 0.186801 0.186584 0.185792 0.00138747 0.00105039 0.00116598
86.14 0.186857 0.186622 0.185839 0.00139478 0.000958403 0.00118947
86.16 0.186903 0.186655 0.18588 0.00115134 0.000823441 0.00101064
86.18 0.186933 0.186682 0.185909 0.000748095 0.000668605 0.000741493
86.2 0.186948 0.186706 0.185933 0.000387738 0.000595774 0.000596935
86.22 0.186959 0.186734 0.185963 0.000253212 0.000710074 0.000743347
86.24 0.186974 0.186774 0.186009 0.000387766 0.00100677 0.00115562
86.26 0.187001 0.186827 0.186073 0.00067547 0.00132453 0.00160116
86.28 0.187038 0.186885 0.186144 0.000926023 0.00142755 0.00177454
86.3 0.187078 0.186931 0.186204 0.0010017 0.00116629 0.00149078
86.32 0.187114 0.186955 0.186236 0.000904534 0.00060431 0.000810783
86.34 0.187145 0.186956 0.186237 0.00076486 1.69493e-05 2.00708e-05
86.36 0.187174 0.186946 0.186216 0.000719153 -0.000260091 -0.000533883
86.38 0.187205 0.186944 0.18619 0.000781978 -5.3183e-05 -0.000639931
86.4 0.187238 0.186964 0.186177 0.00083362 0.000517487 -0.000324755
86.42 0.187268 0.187009 0.186185 0.000731704 0.00111756 0.000193462
86.44 0.187286 0.187066 0.18621 0.00045572 0.00143098 0.000639596
86.46 0.187293 0.18712 0.186243 0.000168317 0.00134912 0.000808856
86.48 0.187298 0.18716 0.186268 0.000139244 0.000986161 0.00064485
86.5 0.18732 0.187182 0.186278 0.000557253 0.000561046 0.000248593
86.52 0.187374 0.187193 0.186271 0.00134931 0.000266785 -0.000188444
86.54 0.187461 0.187201 0.186251 0.00216764 0.000199121 -0.000486978
86.56 0.187564 0.187215 0.18623 0.00258268 0.000360262 -0.000544516
86.58 0.187658 0.187243 0.186216 0.00235165 0.000698158 -0.000339616
86.6 0.187722 0.187288 0.186219 0.00158935 0.00112808 7.72915e-05
86.62 0.187751 0.187349 0.186243 0.000724648 0.00152696 0.000589692
86.64 0.187761 0.187419 0.186284 0.000245039 0.0017332 0.00104377
86.66 0.187776 0.187483 0.186337 0.000386719 0.00159981 0.00131073
86.68 0.187816 0.187527 0.186391 0.000998294 0.00110286 0.00134031
86.7 0.187883 0.187543 0.186437 0.00166911 0.000414286 0.00116745
86.72 0.187963 0.187537 0.186472 0.00200802 -0.000163691 0.000880043
86.74 0.188039 0.187521 0.186496 0.00188037 -0.000383011 0.000584572
86.76 0.188097 0.187514 0.186512 0.00146709 -0.000193988 0.000396296
86.78 0.188142 0.187524 0.186529 0.00111266 0.000253166 0.000424994
86.8 0.188184 0.187552 0.186557 0.00106475 0.00070507 0.000717857
86.82 0.188236 0.18759 0.186605 0.00130407 0.000940602 0.00120196
86.84 0.1883 0.187625 0.186673 0.00158191 0.000884652 0.00169002
86.86 0.188365 0.18765 0.186752 0.00161999 0.00062602 0.00196361
86.88 0.188417 0.187663 0.186828 0.00132021 0.000327385 0.00189917
86.9 0.18845 0.187668 0.18689 0.000824525 0.000120116 0.00155686
86.92 0.188466 0.18767 0.186936 0.000388384 6.49651e-05 0.00115614
86.94 0.188474 0.187677 0.186973 0.000192669 0.000157735 0.000932613
86.96 0.188483 0.187691 0.187012 0.000242843 0.000345681 0.000975469
86.98 0.188499 0.187713 0.187059 0.00040488 0.000555169 0.00116897
87 0.188521 0.187741 0.18711 0.00052916 0.000712974 0.00127511
87.02 0.188543 0.187771 0.187154 0.000564028 0.000741996 0.00109168
87.04 0.188566 0.187794 0.187177 0.000564257 0.000577311 0.000583141
87.06 0.188589 0.187804 0.187173 0.000581903 0.000237196 -9.70873e-05
87.08 0.188611 0.187799 0.187145 0.000556833 -0.000121496 -0.000696922
87.1 0.188625 0.187788 0.187105 0.000339773 -0.000279302 -0.00099932
87.12 0.188618 0.187783 0.187069 -0.000162824 -0.000114109 -0.000918965
87.14 0.188584 0.187795 0.187048 -0.000862518 0.000311975 -0.000510947
87.16 0.188524 0.187827 0.187052 -0.00149155 0.000788899 8.43544e-05
87.18 0.188455 0.18787 0.187079 -0.00173872 0.00107911 0.00069616
87.2 0.188397 0.187913 0.187125 -0.00144434 0.00106155 0.0011494
87.22 0.188368 0.187945 0.187177 -0.000728807 0.000815583 0.0012991
87.24 0.18837 0.187968 0.187221 5.20755e-05 0.000565165 0.00109085
87.26 0.18839 0.187988 0.187245 0.000508805 0.000510124 0.000598857
87.28 0.188408 0.188015 0.187245 0.000441123 0.000679847 2.32232e-06
87.3 0.188405 0.188053 0.187226 -6.07677e-05 0.000930509 -0.000476653
87.32 0.188378 0.188096 0.1872 -0.000677864 0.00107938 -0.000644832
87.34 0.188337 0.188138 0.187184 -0.00104229 0.00104937 -0.000410946
87.36 0.188299 0.188174 0.18719 -0.000938496 0.000909582 0.000162391
87.38 0.188282 0.188206 0.187225 -0.000414279 0.000793778 0.000867244
87.4 0.188293 0.188237 0.187282 0.0002639 0.000773495 0.00143149
87.42 0.188324 0.188269 0.187347 0.000776863 0.000795386 0.00163056
87.44 0.188361 0.188298 0.187403 0.000933886 0.000743691 0.00138799
87.46 0.188392 0.188322 0.187436 0.000756594 0.000575976 0.000838004
87.48 0.188408 0.188337 0.187448 0.000410931 0.000392309 0.000298103
87.5 0.188411 0.188351 0.187453 7.25628e-05 0.000349398 0.000112401
87.52 0.188405 0.188371 0.187471 -0.000152577 0.000501506 0.000442478
87.54 0.188396 0.1884 0.187517 -0.00022353 0.000725587 0.00116295
87.56 0.18839 0.188432 0.187594 -0.000139013 0.000795091 0.00193454
87.58 0.188393 0.188455 0.18769 7.10693e-05 0.000563039 0.00239465
87.6 0.188407 0.188459 0.187784 0.00034552 0.000120867 0.00234379
87.62 0.188431 0.18845 0.187857 0.000589312 -0.000223954 0.00182964
87.64 0.188458 0.188444 0.187901 0.000689223 -0.000173455 0.00109732
87.66 0.188481 0.188456 0.187919 0.000575638 0.000312211 0.000446554
87.68 0.188494 0.188495 0.187922 0.000308139 0.000964044 8.64464e-05
87.7 0.188497 0.18855 0.187925 7.42371e-05 0.00138903 6.37498e-05
87.72 0.188499 0.188603 0.187936 6.49481e-05 0.00132574 0.000281121
87.74 0.188512 0.188635 0.187959 0.000329819 0.000803268 0.000574399
87.76 0.188541 0.18864 0.187991 0.000719564 0.000125531 0.000796534
87.78 0.18858 0.188627 0.188026 0.000968405 -0.000325635 0.000862545
87.8 0.188615 0.188613 0.188056 0.000885973 -0.00034927 0.000755135
87.82 0.188636 0.188611 0.188077 0.000519529 -4.79523e-05 0.000527157
87.84 0.188641 0.188623 0.188089 0.000133876 0.000279445 0.000294369
87.86 0.188642 0.188638 0.188096 2.2865e-05 0.000377961 0.00018431
87.88 0.188654 0.188646 0.188106 0.000301124 0.000219189 0.00025711
87.9 0.188687 0.188646 0.188125 0.00080341 -8.82958e-06 0.000459743
87.92 0.188733 0.188643 0.188151 0.00116994 -7.75231e-05 0.000653826
87.94 0.188778 0.188647 0.188179 0.00110712 9.68281e-05 0.000692294
87.96 0.188803 0.188663 0.188198 0.000628767 0.000398043 0.000496359
87.98 0.188805 0.188688 0.188203 6.05592e-05 0.000623023 0.000108546
88 0.188798 0.188714 0.188191 -0.000191533 0.000666865 -0.00029667
88.02 0.188801 0.188739 0.188172 8.75222e-05 0.000606665 -0.00047849
88.04 0.188833 0.188763 0.188161 0.000791898 0.000611062 -0.000264127
88.06 0.188896 0.188794 0.188174 0.00157043 0.000772033 0.000331022
88.08 0.188978 0.188835 0.188218 0.00205686 0.0010169 0.00108941
88.1 0.189062 0.188882 0.188286 0.00210172 0.00117121 0.00170241
88.12 0.189135 0.188926 0.188364 0.00183202 0.00110382 0.0019393
88.14 0.189196 0.188959 0.188434 0.00150874 0.000834036 0.0017692
88.16 0.189249 0.18898 0.188488 0.00132965 0.000531678 0.00134961
88.18 0.189302 0.188997 0.188525 0.0013305 0.00040798 0.000903262
88.2 0.189358 0.189019 0.188548 0.001409 0.000555854 0.000584248
88.22 0.189416 0.189054 0.188565 0.00143063 0.000874962 0.000427699
88.24 0.189469 0.1891 0.188581 0.00134845 0.00116095 0.000406434
88.26 0.18952 0.189151 0.188602 0.00126004 0.00127708 0.000512374
88.28 0.189574 0.189201 0.188632 0.00134424 0.0012505 0.000763947
88.3 0.189642 0.18925 0.188678 0.00171089 0.0012208 0.0011451
88.32 0.189734 0.189302 0.18874 0.00228566 0.00130354 0.00155006
88.34 0.189846 0.189362 0.188812 0.00281959 0.00148589 0.00179739
88.36 0.189967 0.189427 0.188881 0.00302596 0.00164135 0.00171499
88.38 0.190077 0.189493 0.188931 0.00275323 0.00163427 0.00125436
88.4 0.19016 0.18955 0.188953 0.00207432 0.00141886 0.000558952
88.42 0.190211 0.189593 0.18895 0.00125156 0.00107845 -8.96828e-05
88.44 0.190235 0.189624 0.188933 0.000610641 0.000778734 -0.000422944
88.46 0.19025 0.18965 0.188919 0.000382108 0.000651869 -0.000330011
88.48 0.190274 0.189678 0.188923 0.000587094 0.00070159 8.6624e-05
88.5 0.190315 0.189711 0.188946 0.00104011 0.00082325 0.000571975
88.52 0.190374 0.189748 0.18898 0.00146977 0.000919534 0.000861545
88.54 0.190441 0.189787 0.189013 0.00167489 0.000977277 0.000824168
88.56 0.190506 0.189829 0.189034 0.0016206 0.00104757 0.000513271
88.58 0.190562 0.189876 0.189038 0.00141426 0.00117426 0.000107605
88.6 0.19061 0.189928 0.18903 0.00118594 0.00131987 -0.00019806
88.62 0.190649 0.189982 0.189019 0.0009848 0.00134621 -0.000279664
88.64 0.19068 0.190026 0.189014 0.000770623 0.00110289 -0.000117838
88.66 0.1907 0.19005 0.189023 0.000486954 0.000581882 0.000219941
88.68 0.190706 0.19005 0.189048 0.000152899 -2.39471e-06 0.000627632
88.7 0.190701 0.190037 0.189088 -0.000106947 -0.000305094 0.00100144
88.72 0.190696 0.190034 0.189138 -0.000129408 -7.42225e-05 0.0012572
88.74 0.190703 0.19006 0.189192 0.000155958 0.000643387 0.00133066
88.76 0.190727 0.190119 0.189239 0.000617353 0.00147368 0.00118283
88.78 0.190765 0.190196 0.189272 0.000945378 0.00191407 0.00082914
88.8 0.190799 0.190262 0.189287 0.000849505 0.00164551 0.000380656
88.82 0.190811 0.190292 0.189289 0.000290812 0.000758689 4.54587e-05
88.84 0.190792 0.190281 0.189291 -0.000453533 -0.000264471 4.76394e-05
88.86 0.190754 0.190248 0.18931 -0.000965293 -0.000836528 0.000484132
88.88 0.190715 0.190222 0.189359 -0.000967265 -0.000650159 0.00120902
88.9 0.190695 0.190227 0.189433 -0.000510471 0.000118484 0.00186148
88.92 0.190697 0.190264 0.189516 5.2788e-05 0.000942032 0.00206421
88.94 0.190709 0.190316 0.189582 0.00029182 0.00130222 0.00166303
88.96 0.190708 0.190357 0.189615 -1.34456e-05 0.00101479 0.000825031
88.98 0.190679 0.190369 0.189613 -0.000714687 0.000305097 -6.70106e-05
89 0.190624 0.190354 0.189587 -0.00139684 -0.000388771 -0.000634724
89.02 0.190557 0.190325 0.18956 -0.00165523 -0.000725798 -0.000694096
89.04 0.190504 0.190298 0.189547 -0.00133909 -0.000663325 -0.000313249
89.06 0.190479 0.190281 0.189558 -0.000613837 -0.000420333 0.000276063
89.08 0.190486 0.190271 0.189592 0.000170572 -0.00025391 0.000842819
89.1 0.190513 0.190261 0.189643 0.000684366 -0.000246895 0.00127313
89.12 0.190544 0.19025 0.189705 0.000758209 -0.000283663 0.0015525
89.14 0.19056 0.190241 0.189771 0.000413627 -0.000215757 0.00165973
89.16 0.190553 0.19024 0.189832 -0.00018992 -3.58332e-05 0.00151699
89.18 0.190519 0.190244 0.189875 -0.000834405 0.000114302 0.00106781
89.2 0.190467 0.190247 0.18989 -0.00131248 7.67614e-05 0.000393854
89.22 0.190408 0.19024 0.18988 -0.00147272 -0.000176158 -0.000253935
89.24 0.190358 0.190221 0.189858 -0.00126019 -0.00049571 -0.00056109
89.26 0.190327 0.190195 0.189844 -0.000752405 -0.000650315 -0.000340909
89.28 0.190322 0.190175 0.189857 -0.000145887 -0.000493433 0.000318258
89.3 0.190334 0.190172 0.1899 0.000322297 -6.83801e-05 0.00107257
89.32 0.190354 0.190189 0.189961 0.00047978 0.000431965 0.00152729
89.34 0.190366 0.190222 0.19002 0.000304961 0.000805732 0.0014882
89.36 0.190364 0.19026 0.190064 -4.81749e-05 0.000964524 0.00107872
89.38 0.190351 0.190298 0.190089 -0.000324385 0.000953728 0.000626495
89.4 0.190338 0.190333 0.190105 -0.000323244 0.000875078 0.000412114
89.42 0.190337 0.190365 0.190125 -2.69834e-05 0.000800154 0.000491822
89.44 0.190353 0.190396 0.190153 0.000391558 0.000755394 0.00070809
89.46 0.19038 0.190426 0.190187 0.00068849 0.000756937 0.000844282
89.48 0.190409 0.190458 0.190218 0.000708733 0.000810461 0.000782267
89.5 0.190427 0.190493 0.19024 0.000474459 0.000880857 0.000554561
89.52 0.190435 0.19053 0.190252 0.000176184 0.00090832 0.000283906
89.54 0.190437 0.190564 0.190255 7.40949e-05 0.000863526 8.36615e-05
89.56 0.190451 0.190595 0.190255 0.000339168 0.000777004 3.51181e-06
89.58 0.190488 0.190624 0.190257 0.000931476 0.00072044 3.69899e-05
89.6 0.190553 0.190655 0.190263 0.00162259 0.000765811 0.000166474
89.62 0.190639 0.190692 0.190279 0.00213593 0.000933579 0.000401572
89.64 0.19073 0.190738 0.19031 0.00228308 0.00114922 0.000766892
89.66 0.190811 0.190789 0.19036 0.00202686 0.00126791 0.00123984
89.68 0.190871 0.190836 0.190428 0.00148664 0.00119041 0.0016998
89.7 0.190907 0.190875 0.190506 0.000904556 0.000973574 0.00195812
89.72 0.190929 0.190908 0.190581 0.000559268 0.000810687 0.00186782
89.74 0.190955 0.190943 0.190638 0.000653215 0.000888742 0.00143826
89.76 0.191004 0.190993 0.190673 0.00121673 0.00123867 0.000858362
89.78 0.191087 0.19106 0.190688 0.00206718 0.00168569 0.000391984
89.8 0.191201 0.191138 0.190697 0.00285771 0.00194807 0.000214435
89.82 0.19133 0.191212 0.19071 0.00321827 0.00183611 0.000321493
89.84 0.191447 0.191268 0.190733 0.00294141 0.00140891 0.00057342
89.86 0.191532 0.191306 0.190765 0.0021202 0.00094627 0.000821621
89.88 0.191577 0.191336 0.190805 0.00112882 0.000745328 0.000994679
89.9 0.191594 0.191372 0.190849 0.000427588 0.000917701 0.00108613
89.92 0.191607 0.191426 0.190892 0.000311105 0.0013275 0.00108995
89.94 0.191637 0.191493 0.190931 0.000760039 0.00168531 0.000961912
89.96 0.191696 0.191563 0.190956 0.00147081 0.00173819 0.000642804
89.98 0.191778 0.19162 0.190962 0.00203926 0.00144057 0.000128403
90 0.191865 0.191659 0.190943 0.0021928 0.000980352 -0.000466033
90.02 0.191942 0.191685 0.190906 0.00192411 0.000632863 -0.000914049
90.04 0.192 0.191707 0.190867 0.00145121 0.00056522 -0.000991653
90.06 0.192042 0.191737 0.190842 0.00105259 0.000737825 -0.000628273
90.08 0.192078 0.191775 0.190843 0.000894179 0.00096466 2.61409e-05
90.1 0.192117 0.191818 0.19087 0.000964068 0.00106669 0.000676513
90.12 0.192163 0.191857 0.190912 0.00114739 0.000986163 0.00105433
90.14 0.192217 0.191889 0.190955 0.00134863 0.000788557 0.00107077
90.16 0.192278 0.191912 0.190989 0.00154761 0.000581464 0.000848329
90.18 0.192348 0.191929 0.191013 0.0017472 0.000427153 0.000609743
90.2 0.192424 0.191942 0.191033 0.00189007 0.000319705 0.000509845
90.22 0.192498 0.191952 0.191055 0.00185384 0.00023465 0.000547795
90.24 0.19256 0.191959 0.19108 0.00155582 0.000189695 0.000623318
90.26 0.192603 0.191969 0.191107 0.00107815 0.000250597 0.000670404
90.28 0.19263 0.191988 0.191136 0.000673619 0.000470158 0.000735594
90.3 0.192655 0.192021 0.191174 0.000606524 0.000815033 0.000931119
90.32 0.192692 0.192067 0.191226 0.000944167 0.00114838 0.00130799
90.34 0.192751 0.192118 0.191297 0.00147533 0.00129407 0.00177242
90.36 0.192824 0.192164 0.191382 0.0018232 0.00115057 0.0021221
90.38 0.192892 0.192195 0.191469 0.00169108 0.000773529 0.00217195
90.4 0.192935 0.192209 0.191544 0.00108542 0.000352924 0.00188138
90.42 0.192949 0.192213 0.191599 0.000326981 9.32402e-05 0.00138627
90.44 0.192941 0.192216 0.191636 -0.000186548 7.85166e-05 0.000902869
90.46 0.19293 0.192225 0.191659 -0.000265047 0.000225888 0.000575272
90.48 0.192929 0.192239 0.191674 -2.5956e-05 0.000352567 0.000393211
90.5 0.192939 0.192251 0.191684 0.000227106 0.00030144 0.000243062
90.52 0.192948 0.192253 0.191685 0.00023008 5.05148e-05 2.57081e-05
90.54 0.192945 0.192243 0.191675 -6.1676e-05 -0.000268336 -0.000255859
90.56 0.192927 0.192224 0.191655 -0.000461244 -0.000461384 -0.000487584
90.58 0.192898 0.192208 0.191634 -0.000715607 -0.000417497 -0.00052648
90.6 0.19287 0.1922 0.191622 -0.00071522 -0.000193006 -0.000316053
90.62 0.192847 0.192201 0.191624 -0.000571331 3.72302e-05 5.27478e-05
90.64 0.192826 0.192206 0.191639 -0.000508209 0.000106673 0.00037873
90.66 0.192799 0.192204 0.191658 -0.000680719 -4.80494e-05 0.00047627
90.68 0.192757 0.192189 0.19167 -0.00104803 -0.000370813 0.000309041
90.7 0.192702 0.19216 0.191671 -0.00138356 -0.000726268 1.67764e-05
90.72 0.192645 0.192121 0.191663 -0.00142992 -0.000961466 -0.000186847
90.74 0.192601 0.192082 0.191657 -0.00109497 -0.000972714 -0.00015257
90.76 0.19258 0.192053 0.191662 -0.000532267 -0.000745264 0.000127164
90.78 0.192578 0.192039 0.191684 -4.23674e-05 -0.000342718 0.000536203
90.8 0.192583 0.192044 0.191721 0.000124428 0.00013108 0.000928944
90.82 0.19258 0.192067 0.19177 -8.38367e-05 0.000562661 0.0012265
90.84 0.192559 0.192101 0.191827 -0.000505337 0.000853429 0.00143256
90.86 0.192524 0.192139 0.19189 -0.000878858 0.000945868 0.0015628
90.88 0.192484 0.192173 0.191953 -0.00100349 0.000850447 0.00158226
90.9 0.192451 0.192199 0.19201 -0.000831443 0.000664147 0.00143138
90.92 0.192432 0.192221 0.192055 -0.000458553 0.000539317 0.00110808
90.94 0.19243 0.192245 0.192083 -5.52639e-05 0.000598991 0.000716338
90.96 0.192439 0.192279 0.192101 0.000217135 0.000864006 0.000428756
90.98 0.19245 0.192329 0.192116 0.000278795 0.00124133 0.000377445
91 0.192457 0.192391 0.192138 0.00016556 0.00156005 0.000558562
91.02 0.192457 0.192457 0.192172 7.79165e-06 0.00164344 0.000843118
91.04 0.192456 0.192514 0.192215 -3.35792e-05 0.00141869 0.00107403
91.06 0.192462 0.192554 0.192261 0.000153683 0.000996917 0.00116069
91.08 0.192484 0.192579 0.192306 0.000557242 0.000631415 0.00111925
91.1 0.192524 0.192601 0.192347 0.00100372 0.000553013 0.00103673
91.12 0.192573 0.192633 0.192387 0.0012233 0.000805047 0.000983612
91.14 0.192614 0.192682 0.192424 0.00101181 0.00120726 0.000939948
91.16 0.192629 0.192741 0.192457 0.00039469 0.00147552 0.000812222
91.18 0.192616 0.192797 0.192479 -0.000327576 0.0014171 0.000542158
91.2 0.192588 0.19284 0.192486 -0.000718977 0.00106208 0.000195252
91.22 0.192569 0.192865 0.192484 -0.000467796 0.000632832 -6.50351e-05
91.24 0.192585 0.192881 0.19248 0.000397294 0.000389968 -8.62864e-05
91.26 0.192644 0.192899 0.192487 0.00148237 0.00047014 0.000163547
91.28 0.192733 0.192932 0.192509 0.00221651 0.000808835 0.000557444
91.3 0.192819 0.192979 0.192544 0.00216094 0.00119133 0.00088161
91.32 0.192871 0.193036 0.192584 0.00128547 0.0014055 0.000984567
91.34 0.192871 0.193091 0.192619 2.27906e-05 0.0013803 0.000882143
91.36 0.192833 0.193139 0.192648 -0.000967114 0.00120479 0.000724842
91.38 0.192786 0.19318 0.192675 -0.00117703 0.00103118 0.000668603
91.4 0.192764 0.193218 0.192705 -0.000535761 0.000952215 0.000757739
91.42 0.192787 0.193256 0.192741 0.00057747 0.000949557 0.000897132
91.44 0.192851 0.193294 0.192778 0.001584 0.000942653 0.000921603
91.46 0.192933 0.193329 0.192807 0.00205689 0.000882367 0.000718334
91.48 0.193011 0.193362 0.192819 0.00195139 0.000804421 0.000321141
91.5 0.193074 0.193394 0.192816 0.00156751 0.000799421 -9.37732e-05
91.52 0.193125 0.193431 0.192803 0.00128235 0.000925863 -0.000312857
91.54 0.193175 0.193476 0.192794 0.00125923 0.00114227 -0.00022654
91.56 0.19323 0.193529 0.192798 0.00136233 0.00132271 8.55971e-05
91.58 0.193283 0.193583 0.192813 0.00133273 0.00134847 0.000397964
91.6 0.193325 0.193631 0.192833 0.00105676 0.00120159 0.000497591
91.62 0.193353 0.19367 0.192847 0.000685993 0.000974694 0.000341387
91.64 0.193374 0.193702 0.192851 0.000519143 0.0007901 8.93592e-05
91.66 0.193404 0.19373 0.19285 0.000766663 0.000703369 -2.0587e-05
91.68 0.193459 0.193757 0.192856 0.00137157 0.000676853 0.000145389
91.7 0.19354 0.193782 0.192877 0.00201106 0.000632282 0.000533091
91.72 0.193632 0.193803 0.192915 0.00229936 0.00052866 0.00096402
91.74 0.193714 0.19382 0.192966 0.0020644 0.000407048 0.00127344
91.76 0.193773 0.193835 0.193023 0.00147973 0.000368966 0.00140849
91.78 0.193811 0.193854 0.19308 0.000932719 0.000495031 0.00142414
91.8 0.193841 0.193885 0.193136 0.000753593 0.00076129 0.0014022
91.82 0.193882 0.193926 0.193191 0.00102085 0.00103088 0.00137336
91.84 0.193943 0.193972 0.193243 0.00154113 0.00114645 0.00130341
91.86 0.194023 0.194013 0.193289 0.00198005 0.00103754 0.00114813
91.88 0.194105 0.194043 0.193325 0.00206338 0.000737502 0.000911778
91.9 0.194175 0.194056 0.193352 0.0017435 0.000337806 0.000661481
91.92 0.194224 0.194054 0.193372 0.00122129 -4.87871e-05 0.00050349
91.94 0.194256 0.194042 0.193393 0.000797583 -0.000314014 0.000531486
91.96 0.194282 0.194026 0.193424 0.000670461 -0.000390782 0.000765002
91.98 0.194315 0.194015 0.193468 0.000817947 -0.000286468 0.0011184
92 0.194356 0.194011 0.193526 0.0010344 -8.37562e-05 0.00143665
92.02 0.1944 0.194015 0.193589 0.00109496 8.78648e-05 0.00157524
92.04 0.194437 0.194019 0.193647 0.000928582 0.000101369 0.00145681
92.06 0.194464 0.194015 0.19369 0.000658055 -0.000111317 0.00108158
92.08 0.194483 0.193994 0.193711 0.000489692 -0.000522823 0.000522491
92.1 0.194506 0.193953 0.193708 0.000563011 -0.00101255 -8.92422e-05
92.12 0.19454 0.193897 0.193683 0.000858221 -0.00140887 -0.000607561
92.14 0.194588 0.193834 0.193646 0.00120106 -0.00156072 -0.000925368
92.16 0.194642 0.193778 0.193606 0.00135537 -0.00140683 -0.0010058
92.18 0.194689 0.193738 0.193571 0.00116689 -0.000994594 -0.000875355
92.2 0.194716 0.19372 0.193548 0.000667791 -0.000445637 -0.000588318
92.22 0.194718 0.193724 0.19354 5.57436e-05 8.44015e-05 -0.000199108
92.24 0.194701 0.193741 0.193549 -0.000426023 0.000436577 0.000236146
92.26 0.194677 0.193762 0.193575 -0.00060744 0.000505805 0.000654281
92.28 0.194659 0.193774 0.193615 -0.00044371 0.000311942 0.0010035
92.3 0.194658 0.193774 0.193666 -1.26981e-05 2.66573e-06 0.0012627
92.32 0.194679 0.193765 0.193723 0.000505287 -0.000231909 0.00142544
92.34 0.194713 0.193754 0.193782 0.000866783 -0.000259228 0.00146604
92.36 0.194747 0.193752 0.193835 0.000848245 -5.55455e-05 0.00134269
92.38 0.194762 0.193764 0.193878 0.00036926 0.000306049 0.00105466
92.4 0.194745 0.193793 0.193906 -0.000422417 0.000709258 0.000703055
92.42 0.194697 0.193835 0.193924 -0.00119162 0.001055 0.000465391
92.44 0.194634 0.193887 0.193943 -0.00158457 0.00129909 0.000479373
92.46 0.194577 0.193945 0.193973 -0.00143809 0.00144341 0.000737583
92.48 0.194541 0.194004 0.194016 -0.000885853 0.00149281 0.00108373
92.5 0.19453 0.194062 0.194069 -0.000285628 0.0014285 0.00130778
92.52 0.19453 0.194111 0.194119 2.77374e-06 0.00124677 0.00126486
92.54 0.194524 0.194153 0.194157 -0.000141377 0.00102973 0.000948548
92.56 0.194503 0.19419 0.194177 -0.00052125 0.000942552 0.000492593
92.58 0.194472 0.194235 0.194181 -0.000773482 0.00112236 9.7329e-05
92.6 0.194447 0.194297 0.194177 -0.000639894 0.00155093 -9.00046e-05
92.62 0.19444 0.194378 0.194175 -0.000159189 0.00201491 -5.98131e-05
92.64 0.194455 0.194466 0.194178 0.000369303 0.00220424 7.5337e-05
92.66 0.19448 0.194543 0.194185 0.000610054 0.00192483 0.000174898
92.68 0.194497 0.194594 0.194191 0.000425037 0.00128552 0.000164713
92.7 0.194495 0.194621 0.194194 -3.62975e-05 0.000673091 7.00526e-05
92.72 0.194478 0.194641 0.194193 -0.000433825 0.000502462 -1.82101e-05
92.74 0.194459 0.194679 0.194193 -0.000458734 0.000937642 -4.58087e-06
92.76 0.194458 0.19475 0.1942 -4.3499e-05 0.00177423 0.000160137
92.78 0.194481 0.194852 0.194218 0.000594651 0.00255182 0.000462122
92.8 0.194526 0.194966 0.194252 0.00112032 0.00284061 0.000840245
92.82 0.194579 0.195067 0.1943 0.00131891 0.00253118 0.00121092
92.84 0.194627 0.195143 0.19436 0.0012076 0.00190584 0.00149017
92.86 0.194666 0.1952 0.194424 0.000961446 0.00141812 0.00160796
92.88 0.194696 0.195254 0.194485 0.00076436 0.0013649 0.00152317
92.9 0.194724 0.195322 0.194535 0.000701533 0.00169975 0.00124782
92.92 0.194754 0.195406 0.19457 0.000735417 0.00209832 0.000871196
92.94 0.194784 0.195495 0.194592 0.000763917 0.002214 0.000548288
92.96 0.194813 0.195573 0.194609 0.00072484 0.00194106 0.000432226
92.98 0.19484 0.195632 0.194633 0.000661415 0.00149031 0.000591412
93 0.194867 0.195681 0.194671 0.00068134 0.00121242 0.000969054
93.02 0.194901 0.195734 0.194728 0.000856394 0.00132115 0.00141073
93.04 0.194947 0.195803 0.194798 0.00114914 0.00173403 0.00174181
93.06 0.195004 0.195888 0.194871 0.00141454 0.00212354 0.00184462
93.08 0.195063 0.195973 0.194939 0.00147999 0.00212744 0.00169161
93.1 0.195113 0.196036 0.194992 0.00125774 0.00158274 0.00133284
93.12 0.195146 0.196062 0.195027 0.000811324 0.000636655 0.000862759
93.14 0.195159 0.196048 0.195042 0.000322298 -0.000333098 0.000384525
93.16 0.195158 0.19601 0.195041 -1.55234e-05 -0.000947694 -2.05119e-05
93.18 0.195154 0.195968 0.195029 -9.45722e-05 -0.00105387 -0.000306625
93.2 0.195157 0.195937 0.195011 7.14515e-05 -0.000779553 -0.000452275
93.22 0.195173 0.195921 0.194993 0.000383465 -0.000394603 -0.00044112
93.24 0.195202 0.195917 0.194983 0.000733462 -0.000116588 -0.000264757
93.26 0.195244 0.195916 0.194984 0.00104897 -2.49316e-05 4.32153e-05
93.28 0.195295 0.195912 0.194999 0.00127486 -9.85697e-05 0.000374755
93.3 0.195349 0.1959 0.195022 0.00134105 -0.000285184 0.000573058
93.32 0.195396 0.195879 0.195044 0.00118001 -0.000546225 0.000529806
93.34 0.195427 0.195844 0.195055 0.000790735 -0.000867847 0.000280952
93.36 0.195439 0.195795 0.195055 0.000287848 -0.00122114 5.99079e-06
93.38 0.195434 0.195735 0.195052 -0.000115609 -0.00150824 -7.20549e-05
93.4 0.195426 0.195671 0.195059 -0.000207071 -0.00158489 0.000179244
93.42 0.19543 0.195617 0.195087 9.26619e-05 -0.00136716 0.000702688
93.44 0.195456 0.195579 0.195138 0.000656358 -0.000926585 0.00125404
93.46 0.195504 0.19556 0.195199 0.00120968 -0.000485655 0.00152705
93.48 0.195564 0.195548 0.195252 0.00148927 -0.00030108 0.00132941
93.5 0.195619 0.195529 0.19528 0.00138689 -0.000487289 0.000697665
93.52 0.19566 0.195492 0.195276 0.00100908 -0.000902476 -0.000101079
93.54 0.195685 0.195444 0.195249 0.000622966 -0.00121561 -0.000677826
93.56 0.195704 0.195398 0.19522 0.000490086 -0.00113367 -0.000712436
93.58 0.195732 0.195374 0.195215 0.000683146 -0.000619558 -0.000132722
93.6 0.195773 0.195376 0.195248 0.00104083 7.01967e-05 0.000830779
93.62 0.195825 0.195398 0.195318 0.00130021 0.00054769 0.00175482
93.64 0.195877 0.19542 0.195408 0.00129155 0.000538552 0.0022388
93.66 0.195919 0.195422 0.195492 0.00105938 6.139e-05 0.0021108
93.68 0.195952 0.195399 0.195552 0.000828239 -0.000572525 0.00150627
93.7 0.195986 0.195361 0.195583 0.000832054 -0.000955793 0.000768499
93.72 0.196031 0.195327 0.195593 0.00112765 -0.000851133 0.000239309
93.74 0.196092 0.195314 0.195596 0.00153699 -0.00032254 8.52744e-05
93.76 0.196163 0.195329 0.195607 0.0017744 0.000355992 0.00027161
93.78 0.196229 0.195365 0.195633 0.00165283 0.000902882 0.000660051
93.8 0.196278 0.195412 0.195678 0.0012061 0.00117952 0.00111393
93.82 0.196304 0.19546 0.195739 0.000662854 0.00121526 0.00152701
93.84 0.196316 0.195506 0.195811 0.000308469 0.00112865 0.00179649
93.86 0.196329 0.195546 0.195884 0.000312113 0.00102116 0.00181674
93.88 0.196354 0.195584 0.195945 0.000622657 0.000937578 0.00152213
93.9 0.196394 0.19562 0.195982 0.00101343 0.000902802 0.000942039
93.92 0.196444 0.195658 0.195991 0.00124628 0.000960842 0.000220698
93.94 0.196493 0.195705 0.195974 0.00121956 0.00115759 -0.000421947
93.96 0.196533 0.195764 0.195943 0.000994105 0.00148639 -0.00077148
93.98 0.196561 0.195839 0.195915 0.00071475 0.00186125 -0.000708061
94 0.196582 0.195925 0.195904 0.000510274 0.00215222 -0.0002629
94.02 0.196599 0.196015 0.19592 0.000422685 0.00226019 0.000390698
94.04 0.196615 0.196102 0.195961 0.000408398 0.00217216 0.00101084
94.06 0.196631 0.19618 0.196016 0.000410493 0.00195544 0.00138396
94.08 0.196648 0.196249 0.196072 0.000426814 0.00171061 0.00139811
94.1 0.196668 0.19631 0.196115 0.000496351 0.00152831 0.00106928
94.12 0.196693 0.196369 0.196136 0.00062047 0.00146699 0.000526755
94.14 0.196722 0.19643 0.196134 0.000708723 0.00154224 -3.52454e-05
94.16 0.196746 0.196499 0.196117 0.000615803 0.00171514 -0.000440269
94.18 0.196756 0.196574 0.196092 0.000258255 0.00188832 -0.000607116
94.2 0.196745 0.196652 0.19607 -0.000279713 0.00193007 -0.00056412
94.22 0.196715 0.196721 0.196054 -0.000754025 0.00173476 -0.000399712
94.24 0.196679 0.196773 0.196046 -0.000895807 0.00130677 -0.000197989
94.26 0.196656 0.196806 0.196046 -0.000585624 0.000808143 2.92439e-06
94.28 0.196658 0.196825 0.196054 4.28802e-05 0.000493946 0.000210166
94.3 0.196683 0.196847 0.196072 0.000644191 0.000552539 0.000438547
94.32 0.196717 0.196886 0.196099 0.000846477 0.000969485 0.00066973
94.34 0.196736 0.196947 0.196133 0.000479828 0.00151773 0.00084567
94.36 0.196724 0.197022 0.196169 -0.000298598 0.00187622 0.000904585
94.38 0.196682 0.197095 0.196202 -0.00107313 0.0018175 0.000840738
94.4 0.196625 0.197149 0.196232 -0.00140921 0.00136636 0.000739969
94.42 0.19658 0.197181 0.196261 -0.00112554 0.00079638 0.000727202
94.44 0.196564 0.197199 0.196295 -0.000413722 0.000437874 0.000853805
94.46 0.196575 0.197216 0.196337 0.00029113 0.000445539 0.00103644
94.48 0.196599 0.197245 0.196381 0.000595912 0.000707401 0.00111936
94.5 0.196615 0.197283 0.196422 0.000387839 0.000956256 0.00101489
94.52 0.19661 0.197322 0.196454 -0.00011733 0.0009854 0.000796385
94.54 0.196588 0.197355 0.19648 -0.000538452 0.00080225 0.000659923
94.56 0.196565 0.197379 0.196511 -0.000588264 0.000599617 0.000776196
94.58 0.196555 0.197401 0.196557 -0.000238371 0.000573443 0.0011478
94.6 0.196568 0.197431 0.196621 0.000306018 0.000743223 0.00159228
94.62 0.196598 0.197468 0.196696 0.000773725 0.000926347 0.00187262
94.64 0.196639 0.197504 0.19677 0.00101359 0.000887329 0.00186431
94.66 0.196682 0.197525 0.196836 0.00106503 0.00053721 0.0016285
94.68 0.196724 0.197526 0.196889 0.00106398 1.90679e-05 0.00134169
94.7 0.196768 0.19751 0.196935 0.00108928 -0.000387513 0.00114758
94.72 0.196811 0.197492 0.196977 0.00109182 -0.000462593 0.00105211
94.74 0.19685 0.197484 0.197015 0.000952396 -0.000193289 0.000940383
94.76 0.196874 0.197494 0.197043 0.000612698 0.000235707 0.000700364
94.78 0.196881 0.197517 0.197057 0.00017582 0.00058895 0.000353045
94.8 0.196876 0.197546 0.197059 -0.000115308 0.000727263 6.15818e-05
94.82 0.196875 0.197572 0.197059 -2.93899e-05 0.000641736 -3.80653e-06
94.84 0.196894 0.197588 0.197067 0.000473218 0.000404193 0.000181085
94.86 0.196941 0.197592 0.197085 0.00116758 0.000104267 0.000462323
94.88 0.197008 0.197585 0.19711 0.00167236 -0.000189967 0.000622376
94.9 0.197075 0.197568 0.197131 0.00168636 -0.000430425 0.000535895
94.92 0.197123 0.197545 0.197141 0.00118251 -0.000570342 0.000243075
94.94 0.19714 0.197522 0.197137 0.000424593 -0.000566143 -0.000102794
94.96 0.197132 0.197506 0.197123 -0.000187034 -0.000408868 -0.000357729
94.98 0.197118 0.197499 0.197104 -0.000342717 -0.000159912 -0.000477492
95 0.197118 0.197502 0.197083 -2.94698e-06 6.13479e-05 -0.000512155
95.02 0.197141 0.197507 0.197062 0.000574488 0.000140231 -0.000528723
95.04 0.197182 0.197509 0.19704 0.00101099 2.98575e-05 -0.000540611
95.06 0.197225 0.1975 0.19702 0.0010837 -0.000221215 -0.000496974
95.08 0.19726 0.19748 0.197007 0.000867239 -0.000492371 -0.000334627
95.1 0.197285 0.197454 0.197005 0.000638528 -0.000655085 -4.46942e-05
95.12 0.197311 0.197428 0.197017 0.000648797 -0.00064239 0.000297444
95.14 0.197349 0.197409 0.19704 0.000936 -0.000469578 0.000565579
95.16 0.197401 0.197402 0.197066 0.00130147 -0.000191757 0.000661742
95.18 0.197459 0.197407 0.19709 0.00146707 0.00013356 0.000594501
95.2 0.197512 0.197424 0.19711 0.00130404 0.000435405 0.000494853
95.22 0.19755 0.197449 0.197132 0.000955467 0.00061287 0.00054426
95.24 0.197579 0.197472 0.197166 0.000738353 0.000571031 0.00085152
95.26 0.197615 0.197484 0.19722 0.000898994 0.000307827 0.00135941
95.28 0.197672 0.197483 0.197295 0.00141936 -2.88115e-05 0.00186388
95.3 0.197753 0.197475 0.19738 0.00201615 -0.000197972 0.00214153
95.32 0.197846 0.197475 0.197464 0.00233285 -9.72781e-06 0.00209331
95.34 0.197934 0.197497 0.197536 0.00218819 0.000547543 0.00180143
95.36 0.198001 0.197547 0.197595 0.00169966 0.00127038 0.00146233
95.38 0.198049 0.197621 0.197645 0.00119808 0.00183501 0.00125196
95.4 0.198089 0.197701 0.197693 0.00099293 0.00199693 0.00121645
95.42 0.198136 0.197771 0.197744 0.00116428 0.00176004 0.00127025
95.44 0.198197 0.197826 0.197796 0.00153714 0.00136789 0.00128887
95.46 0.198271 0.197871 0.197844 0.00183457 0.00112076 0.00121283
95.48 0.198345 0.197917 0.197888 0.00186033 0.00116307 0.00108541
95.5 0.198408 0.197973 0.197928 0.00158195 0.00139801 0.00100065
95.52 0.198453 0.198037 0.197968 0.00111235 0.00158814 0.00100958
95.54 0.198478 0.198099 0.19801 0.00062811 0.00155052 0.00105935
95.56 0.198489 0.19815 0.198051 0.000272828 0.00129027 0.00102153
95.58 0.198493 0.198189 0.198083 0.000116025 0.000977597 0.000793032
95.6 0.198501 0.198221 0.198098 0.000178562 0.000803133 0.000388011
95.62 0.198519 0.198255 0.198096 0.000448978 0.000830223 -4.83804e-05
95.64 0.198552 0.198292 0.198084 0.000844277 0.000945256 -0.000320222
95.66 0.198599 0.19833 0.198071 0.0011787 0.00094341 -0.000305531
95.68 0.198648 0.198358 0.19807 0.00121252 0.00070165 -4.21662e-05
95.7 0.198679 0.19837 0.198081 0.000785213 0.000305991 0.000289361
95.72 0.198678 0.198371 0.1981 -3.43501e-05 1.00094e-05 0.000477469
95.74 0.198642 0.198372 0.198116 -0.000911124 3.61972e-05 0.000399624
95.76 0.198586 0.198388 0.19812 -0.00140078 0.000390144 7.93599e-05
95.78 0.198536 0.198422 0.198106 -0.00123207 0.000853712 -0.000336799
95.8 0.198516 0.198468 0.198079 -0.00051478 0.0011406 -0.000666743
95.82 0.198528 0.198511 0.198048 0.000303633 0.00107819 -0.000783744
95.84 0.198557 0.198539 0.198022 0.000734419 0.000715969 -0.000644857
95.86 0.198581 0.198552 0.198012 0.000583827 0.000308716 -0.000265888
95.88 0.198583 0.198558 0.198023 6.39803e-05 0.000157771 0.000286746
95.9 0.198567 0.198574 0.198058 -0.000403385 0.000397203 0.000872547
95.92 0.198546 0.19861 0.198109 -0.0005259 0.000895178 0.0012772
95.94 0.198532 0.198664 0.198161 -0.0003479 0.00135422 0.00128764
95.96 0.198525 0.198725 0.198194 -0.000166939 0.00151702 0.000831116
95.98 0.198516 0.198778 0.198197 -0.000244813 0.00132383 7.57828e-05
96 0.198493 0.198815 0.198172 -0.00056966 0.000934479 -0.000614345
96.02 0.198458 0.19884 0.198137 -0.000876696 0.000614552 -0.000875166
96.04 0.198422 0.198862 0.198115 -0.000891371 0.000563808 -0.000559734
96.06 0.198399 0.198894 0.198122 -0.000568611 0.000799069 0.000176271
96.08 0.198394 0.198941 0.198161 -0.000127301 0.00116962 0.000973203
96.1 0.198399 0.199 0.19822 0.000132604 0.00146908 0.00148267
96.12 0.198403 0.199062 0.198283 7.6918e-05 0.0015472 0.00156906
96.14 0.198396 0.199116 0.198338 -0.000161149 0.00136443 0.00137312
96.16 0.198383 0.199156 0.198385 -0.000315514 0.000992844 0.00118913
96.18 0.198374 0.199179 0.198435 -0.000231376 0.000578845 0.00123762
96.2 0.198375 0.19919 0.198495 9.85488e-06 0.000283564 0.00151177
96.22 0.198382 0.199199 0.198567 0.000192503 0.000226644 0.0018003
96.24 0.19839 0.199217 0.198642 0.00018298 0.00044469 0.00185634
96.26 0.198392 0.199252 0.198705 5.86659e-05 0.000873401 0.00158794
96.28 0.198394 0.199306 0.19875 4.06561e-05 0.00135842 0.0011223
96.3 0.198406 0.199375 0.198778 0.000300375 0.00170154 0.00070461
96.32 0.198438 0.199445 0.1988 0.000808926 0.00175277 0.000532072
96.34 0.198492 0.199505 0.198825 0.0013403 0.00150909 0.000642798
96.36 0.198556 0.19955 0.198862 0.00162041 0.00112845 0.000922925
96.38 0.198617 0.199583 0.19891 0.00151404 0.000828076 0.00120181
96.4 0.198662 0.199613 0.198964 0.0011247 0.000744625 0.00135359
96.42 0.198691 0.199647 0.199018 0.000731383 0.00086114 0.00134383
96.44 0.198715 0.199689 0.199067 0.000605273 0.00104392 0.00121028
96.46 0.19875 0.199735 0.199107 0.000858482 0.0011525 0.00101527
96.48 0.198806 0.199781 0.199139 0.00141374 0.00113988 0.000803966
96.5 0.198889 0.199824 0.199163 0.00207056 0.00107197 0.000591804
96.52 0.198993 0.199866 0.199178 0.00259693 0.00104621 0.000378771
96.54 0.199105 0.199909 0.199185 0.00280312 0.00107101 0.00016181
96.56 0.199209 0.199949 0.199182 0.00260015 0.00102432 -6.20449e-05
96.58 0.199291 0.19998 0.199171 0.00203894 0.000753388 -0.000291161
96.6 0.199343 0.19999 0.199151 0.00130673 0.00025045 -0.00049951
96.62 0.19937 0.199979 0.199126 0.000669822 -0.000276827 -0.000621452
96.64 0.199384 0.199957 0.199103 0.00036299 -0.000540126 -0.00057738
96.66 0.199403 0.199941 0.199089 0.000467566 -0.000395506 -0.00033312
96.68 0.199438 0.199942 0.199091 0.000864239 2.77771e-05 5.14887e-05
96.7 0.19949 0.199958 0.199109 0.00130212 0.000395417 0.000432104
96.72 0.199551 0.199974 0.199135 0.00153705 0.000399586 0.000653059
96.74 0.19961 0.199974 0.19916 0.00146481 2.42523e-06 0.000635959
96.76 0.199657 0.199954 0.199178 0.00118609 -0.000504134 0.000434321
96.78 0.199695 0.199926 0.199186 0.000934225 -0.000702738 0.000207632
96.8 0.19973 0.199911 0.19919 0.000875247 -0.000379242 0.000115114
96.82 0.199768 0.199922 0.199199 0.000952919 0.000284266 0.000205037
96.84 0.199806 0.199955 0.199214 0.000963813 0.000825283 0.000392725
96.86 0.199837 0.199989 0.199236 0.000770952 0.000844051 0.000540934
96.88 0.199854 0.200001 0.199259 0.00041898 0.0002998 0.000573037
96.9 0.199857 0.199982 0.19928 8.60604e-05 -0.000460182 0.000525202
96.92 0.199856 0.199944 0.1993 -4.26058e-05 -0.000949535 0.000493608
96.94 0.199859 0.199909 0.199321 9.78421e-05 -0.00087883 0.000531726
96.96 0.199875 0.199896 0.199345 0.000386442 -0.000338519 0.000603577
96.98 0.199899 0.199907 0.199371 0.000589675 0.000290275 0.000635753
97 0.19992 0.199932 0.199395 0.000546635 0.000616685 0.000602512
97.02 0.199932 0.199952 0.199417 0.00029929 0.000503535 0.000559061
97.04 0.199934 0.199957 0.199441 5.34099e-05 0.000130629 0.0005934
97.06 0.199935 0.19995 0.19947 1.46837e-05 -0.000189651 0.000730815
97.08 0.199945 0.199939 0.199506 0.000236712 -0.000275016 0.000890944
97.1 0.199968 0.199932 0.199544 0.000581918 -0.00017486 0.000955095
97.12 0.200001 0.19993 0.199579 0.000821983 -5.28416e-05 0.000882
97.14 0.200033 0.19993 0.19961 0.000813147 -4.282e-06 0.000762638
97.16 0.200057 0.19993 0.19964 0.000601288 1.77294e-05 0.000757293
97.18 0.200072 0.199935 0.199678 0.000365626 0.000128038 0.000951609
97.2 0.200082 0.19995 0.199728 0.000262693 0.000374854 0.00125371
97.22 0.200095 0.199977 0.199786 0.000305116 0.000664275 0.00144079
97.24 0.200109 0.20001 0.199839 0.000365545 0.000817526 0.00134057
97.26 0.200121 0.200039 0.199879 0.000299295 0.000727308 0.000996091
97.28 0.200125 0.200057 0.199906 8.63895e-05 0.000467533 0.000660108
97.3 0.200119 0.200067 0.19993 -0.000130976 0.000243889 0.000615023
97.32 0.200113 0.200076 0.199969 -0.000164677 0.000231608 0.000962414
97.34 0.200115 0.200094 0.200031 5.37856e-05 0.000444478 0.00154646
97.36 0.200132 0.200124 0.200113 0.000414317 0.000736119 0.00205495
97.38 0.20016 0.20016 0.200201 0.000711506 0.000913587 0.00221146
97.4 0.200191 0.200195 0.200279 0.000775251 0.000870986 0.00193661
97.42 0.200213 0.200221 0.200334 0.000560007 0.000652988 0.00137716
97.44 0.20022 0.200237 0.200365 0.000161023 0.000397942 0.000784422
97.46 0.20021 0.200246 0.200379 -0.000234808 0.000219875 0.000342012
97.48 0.200193 0.200252 0.200382 -0.000444919 0.000143374 7.06818e-05
97.5 0.200177 0.200256 0.200376 -0.000396538 0.000119035 -0.000140124
97.52 0.20017 0.20026 0.200359 -0.000159887 7.8523e-05 -0.000415902
97.54 0.200175 0.200259 0.200328 0.000124988 -3.82533e-06 -0.000783157
97.56 0.200189 0.200256 0.200283 0.000349714 -9.56006e-05 -0.0011357
97.58 0.200208 0.200249 0.20023 0.000469063 -0.000161504 -0.00130696
97.6 0.200227 0.20024 0.200182 0.000473542 -0.000221931 -0.00119799
97.62 0.200242 0.200227 0.200148 0.000368371 -0.000320086 -0.000855966
97.64 0.200249 0.20021 0.20013 0.000176504 -0.000425842 -0.00044463
97.66 0.200247 0.200194 0.200124 -5.45536e-05 -0.00041619 -0.000149187
97.68 0.200237 0.200187 0.200121 -0.000251658 -0.00016765 -7.85711e-05
97.7 0.200223 0.2002 0.200113 -0.000337126 0.000334444 -0.000212245
97.72 0.200212 0.200238 0.200096 -0.000271617 0.000948518 -0.000417996
97.74 0.200209 0.200295 0.200075 -8.32972e-05 0.00142656 -0.000530584
97.76 0.200215 0.200358 0.200057 0.000161242 0.00155602 -0.00044326
97.78 0.200232 0.20041 0.200051 0.000421308 0.00131849 -0.000149539
97.8 0.20026 0.200448 0.200062 0.000704313 0.000936974 0.000271654
97.82 0.200301 0.200478 0.20009 0.00102357 0.000741368 0.000704804
97.84 0.200355 0.200515 0.200133 0.0013419 0.000944002 0.00106113
97.86 0.200417 0.200575 0.200186 0.00155741 0.00150373 0.00132033
97.88 0.20048 0.200662 0.200246 0.00156096 0.00215832 0.0015159
97.9 0.200533 0.200765 0.200313 0.00134143 0.00258017 0.00167886
97.92 0.200575 0.200868 0.200385 0.00103651 0.00257893 0.00180069
97.94 0.200609 0.200957 0.200459 0.000850708 0.0022296 0.00184974
97.96 0.200645 0.20103 0.200532 0.000907046 0.00181504 0.00181231
97.98 0.200692 0.201095 0.200601 0.00116712 0.00163258 0.00171918
98 0.20075 0.201168 0.200666 0.00146125 0.00181791 0.00163197
98.02 0.200814 0.201259 0.200729 0.00158471 0.0022803 0.00159116
98.04 0.200871 0.20137 0.200792 0.00141918 0.00276882 0.00156837
98.06 0.200911 0.201491 0.200851 0.00102307 0.00301914 0.00147216
98.08 0.200936 0.201606 0.2009 0.000611251 0.00288474 0.0012262
98.1 0.200953 0.201701 0.200935 0.000415385 0.00238554 0.000868534
98.12 0.200974 0.201769 0.200958 0.00053704 0.00168196 0.000570341
98.14 0.20101 0.201809 0.200979 0.000893268 0.00100959 0.000526762
98.16 0.201061 0.201833 0.201011 0.00127386 0.000588752 0.000797359
98.18 0.201119 0.201854 0.20106 0.00146076 0.00053836 0.00123051
98.2 0.201173 0.201888 0.201121 0.00133985 0.000836981 0.00153263
98.22 0.201211 0.201941 0.201179 0.000948992 0.00133593 0.00143737
98.24 0.201229 0.202014 0.201214 0.000452721 0.00181088 0.000877425
98.26 0.201232 0.202096 0.201216 7.76372e-05 0.00205482 5.28986e-05
98.28 0.201233 0.202175 0.20119 1.58818e-05 0.00198581 -0.000657718
98.3 0.201245 0.202243 0.201154 0.000316477 0.00168796 -0.00089756
98.32 0.201279 0.202296 0.201132 0.000837665 0.00134126 -0.000533769
98.34 0.201331 0.20234 0.201142 0.00131057 0.001081 0.000244395
98.36 0.201391 0.202376 0.201182 0.00149123 0.000902839 0.00100111
98.38 0.201443 0.202404 0.201234 0.00130718 0.00070428 0.00129543
98.4 0.201479 0.202421 0.201272 0.000891075 0.000419681 0.000953634
98.42 0.201498 0.202425 0.201279 0.000491425 0.000119822 0.000174375
98.44 0.201512 0.202425 0.201255 0.000336614 -2.14115e-05 -0.000603914
98.46 0.201533 0.202429 0.201216 0.000520536 0.000117779 -0.000971998
98.48 0.201571 0.202448 0.201185 0.000955661 0.000465431 -0.000775846
98.5 0.201628 0.202479 0.201178 0.00141894 0.000766751 -0.000172579
98.52 0.201695 0.202509 0.201198 0.00167838 0.000764088 0.000488356
98.54 0.20176 0.202525 0.201232 0.00162409 0.000401607 0.000869767
98.56 0.201812 0.20252 0.201265 0.00131084 -0.000122002 0.000816774
98.58 0.201848 0.2025 0.201281 0.000898 -0.000501533 0.000404415
98.6 0.20187 0.202478 0.201276 0.000547846 -0.000562274 -0.00014224
98.62 0.201884 0.202462 0.201252 0.000352652 -0.000397345 -0.000582205
98.64 0.201897 0.202451 0.201222 0.000326212 -0.000280637 -0.000760288
98.66 0.201914 0.202434 0.201197 0.000430837 -0.000423723 -0.0006329
98.68 0.201938 0.202402 0.201187 0.000589305 -0.00079481 -0.000240031
98.7 0.201966 0.202356 0.2012 0.000696883 -0.00114317 0.000317706
98.72 0.201992 0.202308 0.201235 0.000665926 -0.0012029 0.000889777
98.74 0.202012 0.202272 0.201288 0.00048038 -0.000909171 0.00130682
98.76 0.202021 0.202254 0.201345 0.000222739 -0.000455436 0.00143621
98.78 0.202022 0.202247 0.201395 4.40575e-05 -0.000155328 0.00124082
98.8 0.202025 0.202239 0.201427 7.47397e-05 -0.000216991 0.000811809
98.82 0.202038 0.202215 0.201441 0.000328992 -0.000592199 0.000350612
98.84 0.202066 0.202174 0.201445 0.000677564 -0.00101661 9.01706e-05
98.86 0.202102 0.202126 0.201452 0.000920012 -0.00120458 0.000192252
98.88 0.202139 0.202084 0.20148 0.000914439 -0.00104101 0.000680098
98.9 0.202166 0.202059 0.201537 0.000668379 -0.000627757 0.00143084
98.92 0.202178 0.202052 0.201626 0.000317622 -0.00017687 0.00221914
98.94 0.202179 0.202058 0.201737 2.20639e-05 0.000136207 0.00279332
98.96 0.202174 0.202068 0.201856 -0.000127727 0.000254537 0.00297085
98.98 0.202169 0.202077 0.201965 -0.000128296 0.000223273 0.0027158
99 0.202168 0.202081 0.202051 -1.81829e-05 0.000116015 0.00214983
99.02 0.202175 0.202081 0.202111 0.000169759 -1.91705e-05 0.00149211
99.04 0.202192 0.202075 0.202149 0.000411441 -0.000153147 0.000960028
99.06 0.202218 0.202065 0.202176 0.000655308 -0.000237521 0.000671001
99.08 0.20225 0.202057 0.2022 0.000806986 -0.000190363 0.000603058
99.1 0.202281 0.20206 0.202226 0.000769961 5.22775e-05 0.000640536
99.12 0.202301 0.202077 0.202252 0.000503568 0.000443618 0.00066037
99.14 0.202304 0.202109 0.202275 6.58846e-05 0.000794245 0.000588387
99.16 0.202288 0.202144 0.202292 -0.000380772 0.0008741 0.000406716
99.18 0.202263 0.202167 0.202297 -0.000639584 0.000582836 0.00014307
99.2 0.202239 0.20217 0.202292 -0.000595809 6.40553e-05 -0.000141745
99.22 0.202227 0.202156 0.202277 -0.000293206 -0.000341276 -0.00036726
99.24 0.20223 0.202144 0.202259 7.47523e-05 -0.00030823 -0.000457576
99.26 0.202241 0.202153 0.202244 0.000259757 0.000229621 -0.000379705
99.28 0.202245 0.202193 0.202236 0.000117525 0.000993287 -0.000179406
99.3 0.202235 0.202253 0.202237 -0.000267894 0.00151057 1.08278e-05
99.32 0.20221 0.20231 0.202238 -0.000623643 0.00142456 2.8411e-05
99.34 0.202183 0.20234 0.20223 -0.00067836 0.000755601 -0.000211461
99.36 0.202169 0.202337 0.202204 -0.000347302 -8.52671e-05 -0.000642039
99.38 0.202177 0.202315 0.202161 0.000210762 -0.000553393 -0.00106831
99.4 0.202204 0.202302 0.20211 0.000679599 -0.000323792 -0.00126989
99.42 0.202235 0.202322 0.202066 0.000765924 0.000493888 -0.00111697
99.44 0.202251 0.202379 0.20204 0.000391714 0.00143522 -0.000630262
99.46 0.202241 0.202459 0.202042 -0.000235253 0.00199489 4.0764e-05
99.48 0.202212 0.202536 0.20207 -0.000738637 0.00193623 0.000694672
99.5 0.20218 0.202592 0.202116 -0.000798007 0.00139511 0.00116223
99.52 0.202166 0.202622 0.202171 -0.000347999 0.000738031 0.00135443
99.54 0.202181 0.202634 0.202222 0.000373111 0.00030449 0.00127508
99.56 0.20222 0.202643 0.202262 0.000971006 0.000222643 0.00101348
99.58 0.202265 0.202659 0.20229 0.00114545 0.000408177 0.000710073
99.6 0.2023 0.202688 0.202311 0.000869761 0.000713681 0.000504322
99.62 0.202315 0.202731 0.20233 0.000376744 0.00107155 0.000491476
99.64 0.202314 0.20279 0.202358 -2.44722e-05 0.00149551 0.000694457
99.66 0.202308 0.202869 0.2024 -0.00014386 0.00196414 0.00104618
99.68 0.202309 0.202962 0.202456 9.37936e-06 0.00233025 0.00139749
99.7 0.20232 0.203057 0.202519 0.000281597 0.00237683 0.00157994
99.72 0.20234 0.203137 0.202579 0.000506686 0.00199123 0.00150821
99.74 0.202365 0.203189 0.202629 0.00062611 0.00131147 0.0012504
99.76 0.202394 0.203218 0.202669 0.000714236 0.000707677 0.0010027
99.78 0.20243 0.20324 0.202708 0.000888257 0.000567874 0.000953652
99.8 0.202477 0.203281 0.202753 0.00117771 0.00102574 0.0011419
99.82 0.202536 0.203355 0.202811 0.00147317 0.00184756 0.00143157
99.84 0.2026 0.203459 0.202875 0.0016139 0.00258421 0.00161707
99.86 0.202662 0.203574 0.202938 0.00153695 0.0028774 0.00157627
99.88 0.202715 0.203681 0.202993 0.00133671 0.00267693 0.0013562
99.9 0.202763 0.203769 0.203037 0.0011874 0.0022153 0.00112239
99.92 0.202811 0.203841 0.203078 0.00120715 0.00179707 0.00100596
99.94 0.202866 0.203905 0.203117 0.0013739 0.00158407 0.000990241
99.96 0.202928 0.203966 0.203155 0.00154829 0.00152777 0.00093955
99.98 0.202991 0.204025 0.203184 0.00158112 0.0014718 0.000733426
100 0.203048 0.204077 0.2032 0.00143759 0.00131978 0.000392373
100.02 0.203098 0.204122 0.203204 0.00124731 0.00112392 9.14228e-05
100.04 0.203147 0.204163 0.203205 0.00121784 0.00101561 3.76744e-05
100.06 0.203205 0.204205 0.203217 0.00145796 0.0010493 0.000291046
100.08 0.20328 0.20425 0.203244 0.00185692 0.00113415 0.000683558
100.1 0.203365 0.204295 0.203281 0.00213044 0.00111253 0.0009191
100.12 0.203445 0.204331 0.203312 0.00200627 0.000892651 0.000767264
100.14 0.203502 0.204352 0.20332 0.00141331 0.000533089 0.000209266
100.16 0.203524 0.204361 0.203298 0.000557315 0.000216523 -0.00055181
100.18 0.203518 0.204365 0.203249 -0.000152715 0.000107112 -0.00121379
100.2 0.203506 0.204373 0.203188 -0.000309244 0.000199684 -0.00154137
100.22 0.203515 0.204385 0.203129 0.000241371 0.000311319 -0.00146751
100.24 0.203566 0.204395 0.203086 0.00126242 0.000232605 -0.00108464
100.26 0.203655 0.204391 0.203063 0.00224272 -8.67606e-05 -0.000552373
100.28 0.203763 0.204372 0.203063 0.00270121 -0.000468884 -1.94649e-06
100.3 0.203862 0.204347 0.203083 0.0024564 -0.000624244 0.000491761
100.32 0.20393 0.204332 0.203118 0.00170162 -0.000378218 0.000872333
100.34 0.203964 0.204339 0.20316 0.00086634 0.000170712 0.00105971
100.36 0.203978 0.204367 0.203199 0.000347444 0.000698846 0.000966926
100.38 0.203989 0.204402 0.203222 0.00027339 0.000882702 0.000583881
100.4 0.204008 0.204428 0.203225 0.000468314 0.000629666 6.00512e-05
100.42 0.204034 0.204433 0.203212 0.000647409 0.000138021 -0.000314687
100.44 0.204061 0.204423 0.203202 0.00066713 -0.000252789 -0.000263004
100.46 0.204085 0.204411 0.203213 0.0006028 -0.000309552 0.00029184
100.48 0.20411 0.204408 0.203259 0.000622759 -5.98735e-05 0.00114399
100.5 0.204141 0.204419 0.203335 0.000796445 0.000265169 0.00189313
100.52 0.204181 0.204436 0.203421 0.000990422 0.000421947 0.00215532
100.54 0.204219 0.204448 0.203493 0.000945731 0.00032174 0.00178838
100.56 0.204239 0.204451 0.203533 0.000500014 6.70335e-05 0.00100481
100.58 0.20423 0.204445 0.203544 -0.000228862 -0.000142111 0.000269885
100.6 0.204194 0.20444 0.203544 -0.000883983 -0.000141949 1.79115e-05
100.62 0.20415 0.204444 0.20356 -0.0011201 9.25098e-05 0.000384383
100.64 0.204115 0.204461 0.203605 -0.000853878 0.000424789 0.00114286
100.66 0.204102 0.204486 0.20368 -0.000331487 0.00064026 0.00185746
100.68 0.204104 0.204509 0.203765 4.29193e-05 0.000579459 0.00213514
100.7 0.204104 0.204518 0.203839 8.98161e-06 0.000223347 0.0018394
100.72 0.20409 0.204506 0.203885 -0.000348811 -0.000304036 0.00115121
100.74 0.204064 0.204474 0.203902 -0.000664843 -0.000797174 0.000445358
100.76 0.20404 0.204432 0.203905 -0.000583749 -0.00105662 6.53897e-05
100.78 0.204038 0.204393 0.203911 -6.34781e-05 -0.000976692 0.000135878
100.8 0.20406 0.204369 0.203931 0.000557107 -0.000608471 0.000515362
100.82 0.204092 0.204363 0.203967 0.000790049 -0.000147142 0.000906004
100.84 0.204106 0.204369 0.204009 0.000358169 0.000169398 0.001038
100.86 0.204083 0.204377 0.204041 -0.000577979 0.000195318 0.000810462
100.88 0.204023 0.204376 0.204054 -0.0014913 -2.88163e-05 0.000323491
100.9 0.203951 0.204364 0.204047 -0.00181694 -0.000298757 -0.000190554
100.92 0.203898 0.204348 0.204027 -0.0013227 -0.000397069 -0.000488325
100.94 0.203886 0.204338 0.20401 -0.000278296 -0.000257613 -0.000432994
100.96 0.203915 0.204338 0.204008 0.000704907 -1.01363e-05 -5.4745e-05
100.98 0.203958 0.204343 0.204026 0.00107287 0.000126523 0.000472378
101 0.203985 0.204344 0.204063 0.000678449 2.89658e-05 0.000919799
101.02 0.203979 0.204335 0.204108 -0.000153739 -0.000206761 0.00110746
101.04 0.203944 0.204322 0.204146 -0.000872008 -0.000326097 0.000965968
101.06 0.203901 0.204317 0.204168 -0.00107234 -0.000134298 0.000545383
101.08 0.203871 0.20433 0.204168 -0.000734879 0.000322784 -6.37308e-06
101.1 0.203865 0.204361 0.204148 -0.000170376 0.000777757 -0.000486451
101.12 0.203874 0.204398 0.20412 0.000242356 0.000928405 -0.000711198
101.14 0.203887 0.204424 0.204096 0.000315882 0.000644028 -0.000596481
101.16 0.203893 0.204427 0.204088 0.000145167 7.17556e-05 -0.000192367
101.18 0.203892 0.20441 0.204102 -1.05145e-05 -0.000428836 0.000342467
101.2 0.203894 0.204389 0.204134 3.62624e-05 -0.000517854 0.000805683
101.22 0.203903 0.204384 0.204175 0.000241585 -0.000119275 0.00102491
101.24 0.203919 0.204405 0.204212 0.000394568 0.000532168 0.000924692
101.26 0.203933 0.204449 0.204235 0.000334731 0.00108247 0.00057046
101.28 0.203937 0.204501 0.204241 0.000108452 0.00130737 0.000155283
101.3 0.203934 0.20455 0.204238 -6.87731e-05 0.0012211 -8.88429e-05
101.32 0.203934 0.20459 0.204237 1.08623e-06 0.00100521 -1.79703e-05
101.34 0.203947 0.204624 0.204251 0.000325016 0.000847437 0.00034111
101.36 0.203975 0.204657 0.204283 0.000701825 0.000815613 0.000807599
101.38 0.204011 0.204691 0.204329 0.000882175 0.000859562 0.00115405
101.4 0.204042 0.204728 0.204379 0.000772547 0.00093014 0.00124896
101.42 0.204062 0.204772 0.204425 0.000504772 0.00108174 0.00114155
101.44 0.204075 0.204829 0.204465 0.000322269 0.00142939 0.00101264
101.46 0.20409 0.204908 0.204506 0.000386499 0.00198903 0.00101135
101.48 0.204116 0.205011 0.20455 0.000658855 0.00257536 0.00111907
101.5 0.204154 0.205127 0.204598 0.000943063 0.00289504 0.00118582
101.52 0.204196 0.205238 0.204642 0.00104474 0.00277627 0.0011014
101.54 0.204233 0.205331 0.204679 0.000923781 0.00232796 0.000920717
101.56 0.204262 0.205407 0.204711 0.000725604 0.00188192 0.000817305
101.58 0.204289 0.205477 0.204748 0.000673644 0.00176645 0.000913665
101.6 0.204325 0.20556 0.204794 0.000904303 0.0020702 0.00115111
101.62 0.20438 0.205662 0.204847 0.00136951 0.00255678 0.00132258
101.64 0.204455 0.205775 0.204897 0.00187188 0.00281623 0.00124516
101.66 0.204542 0.205878 0.204934 0.00218553 0.00257515 0.000922092
101.68 0.204629 0.205955 0.204956 0.0021797 0.00192407 0.00055533
101.7 0.204704 0.206005 0.204972 0.00187854 0.00125166 0.000394649
101.72 0.204762 0.206043 0.204993 0.00144324 0.000947502 0.000541118
101.74 0.204806 0.206088 0.205028 0.00109519 0.00113277 0.000856971
101.76 0.204846 0.206153 0.20507 0.00101357 0.00160891 0.00105592
101.78 0.204897 0.206233 0.205106 0.00125062 0.00200915 0.000902241
101.8 0.204964 0.206314 0.205121 0.00169818 0.00202643 0.000369666
101.82 0.20505 0.206378 0.205107 0.00213607 0.00159138 -0.000338059
101.84 0.205144 0.206414 0.205071 0.0023506 0.000899193 -0.00090074
101.86 0.205233 0.206424 0.205029 0.00223947 0.00027109 -0.00105348
101.88 0.205307 0.206423 0.205 0.00184887 -4.20044e-05 -0.000714298
101.9 0.205361 0.206424 0.205 0.00134937 2.42219e-05 -1.03398e-05
101.92 0.2054 0.206438 0.205031 0.000961989 0.000360763 0.000784308
101.94 0.205434 0.206469 0.205086 0.0008524 0.000768867 0.00135433
101.96 0.205476 0.206511 0.205144 0.001044 0.00104288 0.00145801
101.98 0.205532 0.206552 0.205185 0.0014077 0.00103998 0.00102201
102 0.205601 0.206582 0.205192 0.00172642 0.000737042 0.000184211
102.02 0.205673 0.206592 0.205163 0.00179723 0.000247671 -0.000734783
102.04 0.205735 0.206583 0.205109 0.00153813 -0.000220566 -0.00134675
102.06 0.205776 0.206564 0.205054 0.0010411 -0.000457236 -0.00136209
102.08 0.205797 0.206551 0.205025 0.00052817 -0.000348587 -0.000732299
102.1 0.205806 0.206553 0.205037 0.000229238 5.59828e-05 0.000304947
102.12 0.205817 0.206575 0.20509 0.000260822 0.000547338 0.00132033
102.14 0.205839 0.206608 0.205166 0.00056202 0.00084144 0.0018918
102.16 0.205876 0.206637 0.205238 0.000923428 0.000728618 0.00181184
102.18 0.205921 0.206646 0.205286 0.00111729 0.000213161 0.0011908
102.2 0.205963 0.206628 0.205301 0.00103922 -0.000458778 0.000387721
102.22 0.205993 0.20659 0.205294 0.000756343 -0.000929005 -0.000195675
102.24 0.206011 0.206553 0.205281 0.000453152 -0.000947329 -0.000324987
102.26 0.206024 0.206531 0.20528 0.000317392 -0.000530946 -2.14801e-05
102.28 0.206041 0.206533 0.2053 0.000426216 5.19569e-05 0.000505024
102.3 0.206069 0.206552 0.20534 0.000697482 0.00046151 0.00100494
102.32 0.206106 0.206572 0.205392 0.000935278 0.000502692 0.00130613
102.34 0.206144 0.206581 0.205447 0.000959395 0.000233664 0.00136453
102.36 0.206174 0.206577 0.205497 0.000736128 -9.9862e-05 0.00126466
102.38 0.20619 0.206567 0.205544 0.000402739 -0.000248815 0.00115746
102.4 0.206197 0.206562 0.20559 0.00016563 -0.000139933 0.00115794
102.42 0.206203 0.206565 0.205641 0.000156094 7.76209e-05 0.0012746
102.44 0.206217 0.206571 0.205698 0.000350267 0.000157682 0.00141897
102.46 0.206241 0.206569 0.205757 0.000592243 -5.73924e-05 0.00147074
102.48 0.206268 0.206548 0.20581 0.000689918 -0.000531694 0.00134245
102.5 0.206289 0.206505 0.205851 0.000523784 -0.00106281 0.0010163
102.52 0.206294 0.206449 0.205873 0.000115635 -0.00141294 0.000549455
102.54 0.206279 0.20639 0.205875 -0.000379753 -0.00145662 5.82072e-05
102.56 0.206248 0.206341 0.205863 -0.00076255 -0.00124089 -0.00030805
102.58 0.206212 0.206304 0.205846 -0.00090126 -0.000921844 -0.000413065
102.6 0.20618 0.206278 0.205838 -0.000794879 -0.000654013 -0.000201547
102.62 0.206158 0.206257 0.205848 -0.000554635 -0.000518949 0.000242471
102.64 0.206144 0.206236 0.205876 -0.000337515 -0.000514323 0.000707362
102.66 0.206134 0.206213 0.205914 -0.000271823 -0.000584879 0.000947947
102.68 0.206118 0.206186 0.205947 -0.000396085 -0.000666028 0.000810296
102.7 0.206092 0.206158 0.205959 -0.000637808 -0.000711864 0.000313086
102.72 0.206058 0.20613 0.205945 -0.000864454 -0.000701754 -0.000357336
102.74 0.206019 0.206104 0.205908 -0.000971611 -0.000633401 -0.000933328
102.76 0.205982 0.206084 0.20586 -0.000928915 -0.000508771 -0.00118437
102.78 0.205951 0.206071 0.20582 -0.000776639 -0.00032219 -0.00100544
102.8 0.205927 0.206069 0.205802 -0.000589177 -5.22331e-05 -0.000452827
102.82 0.20591 0.206082 0.205813 -0.000426489 0.000324919 0.000269776
102.84 0.205897 0.206114 0.205848 -0.00031607 0.00079586 0.000880767
102.86 0.205887 0.206165 0.205893 -0.00026698 0.00128549 0.00113756
102.88 0.205875 0.206232 0.205932 -0.000294252 0.0016731 0.000956897
102.9 0.205858 0.206306 0.205951 -0.000410159 0.00184727 0.000483067
102.92 0.205835 0.206377 0.205953 -0.000585951 0.00177133 4.28382e-05
102.94 0.205806 0.206438 0.205952 -0.00073157 0.00152468 -1.86106e-05
102.96 0.205777 0.206489 0.20597 -0.000722896 0.00127907 0.000448628
102.98 0.205758 0.206537 0.206021 -0.000481313 0.00119427 0.00126545
103 0.205755 0.206589 0.2061 -5.35464e-05 0.00130392 0.00199152
103.02 0.205771 0.206649 0.206188 0.000385741 0.00150465 0.00218692
103.04 0.205796 0.206716 0.206256 0.000635276 0.00165972 0.00170479
103.06 0.20582 0.206784 0.206288 0.000603261 0.00172043 0.000808021
103.08 0.205835 0.206855 0.206289 0.000364425 0.0017556 1.81002e-05
103.1 0.205839 0.206929 0.206281 0.000101233 0.00186896 -0.000208477
103.12 0.205838 0.207013 0.20629 -2.11008e-05 0.00208937 0.000243627
103.14 0.20584 0.207106 0.206334 4.52612e-05 0.00232267 0.00109003
103.16 0.205849 0.207202 0.206407 0.000222367 0.00239858 0.00183595
103.18 0.205864 0.20729 0.206491 0.000384272 0.00220213 0.00208407
103.2 0.205883 0.207362 0.206561 0.000460983 0.00180243 0.00175385
103.22 0.205902 0.20742 0.206604 0.000486574 0.00145094 0.00108556
103.24 0.205924 0.207477 0.206622 0.000546651 0.00141451 0.000449006
103.26 0.205951 0.207547 0.206626 0.000678132 0.00175853 0.000102451
103.28 0.205984 0.207637 0.206629 0.000815605 0.00226158 6.69899e-05
103.3 0.206017 0.20774 0.206637 0.000840729 0.00255429 0.000197122
103.32 0.206045 0.207835 0.206652 0.000696181 0.00238596 0.000368351
103.34 0.206063 0.207907 0.206675 0.000451247 0.0018078 0.000589576
103.36 0.206074 0.207953 0.206713 0.000259527 0.00113678 0.000932072
103.38 0.206084 0.207982 0.206767 0.00025737 0.000737414 0.00136384
103.4 0.206103 0.208014 0.206834 0.000487379 0.000784221 0.00167983
103.42 0.206139 0.20806 0.206899 0.000880026 0.0011639 0.00161197
103.44 0.206191 0.208123 0.206941 0.0012962 0.00157136 0.00104469
103.46 0.206255 0.208192 0.206947 0.00162059 0.00172022 0.000171144
103.48 0.206329 0.208253 0.206925 0.00184525 0.00151927 -0.000568296
103.5 0.206411 0.208297 0.206894 0.00204633 0.00110388 -0.000760224
103.52 0.206501 0.208325 0.206882 0.00224595 0.00071018 -0.000314596
103.54 0.206594 0.208345 0.2069 0.0023308 0.000494931 0.000454735
103.56 0.20668 0.208363 0.206942 0.0021492 0.000448582 0.00104036
103.58 0.206748 0.208382 0.206985 0.00169141 0.000464542 0.00108442
103.6 0.206795 0.2084 0.207009 0.00117092 0.000470862 0.000599157
103.62 0.206832 0.20842 0.207006 0.00092387 0.000481306 -8.32982e-05
103.64 0.206879 0.208441 0.206983 0.00118902 0.000535116 -0.000559344
103.66 0.206956 0.208465 0.206959 0.00191219 0.00060486 -0.000606378
103.68 0.207064 0.208488 0.206947 0.00272026 0.000573382 -0.00028554
103.7 0.207189 0.208501 0.206953 0.00312453 0.000325901 0.000142471
103.72 0.207303 0.208496 0.20697 0.00283774 -0.000121671 0.000417292
103.74 0.207382 0.208473 0.206988 0.00197562 -0.000587389 0.00044913
103.76 0.207421 0.20844 0.207001 0.000989285 -0.00082959 0.000328838
103.78 0.207436 0.208411 0.207009 0.000375144 -0.000719122 0.000202756
103.8 0.207451 0.208397 0.207015 0.000370069 -0.000346121 0.000153718
103.82 0.207485 0.208398 0.207022 0.000838757 1.84224e-05 0.000179331
103.84 0.207541 0.208402 0.207032 0.00140598 9.61115e-05 0.000241211
103.86 0.20761 0.208394 0.207045 0.00172473 -0.000187965 0.000317593
103.88 0.207677 0.208369 0.207061 0.00167817 -0.000625585 0.000417952
103.9 0.207733 0.208334 0.207084 0.00138617 -0.000870027 0.000551484
103.92 0.207775 0.208306 0.207111 0.00105764 -0.000698247 0.000682229
103.94 0.207808 0.208299 0.20714 0.000828928 -0.000177512 0.000731399
103.96 0.207836 0.208315 0.207166 0.000700707 0.000379308 0.000636332
103.98 0.20786 0.20834 0.207182 0.000591373 0.000629776 0.000418281
104 0.207877 0.208357 0.20719 0.000441018 0.000444474 0.00020418
104.02 0.207888 0.208357 0.207197 0.000264052 -7.99343e-06 0.000172089
104.04 0.207893 0.208341 0.207215 0.000118593 -0.000391594 0.00044088
104.06 0.207895 0.208324 0.207254 4.66265e-05 -0.000439102 0.000977991
104.08 0.207896 0.208319 0.207318 3.98985e-05 -0.000121299 0.00160601
104.1 0.207898 0.208333 0.207403 5.75977e-05 0.000360278 0.00210652
104.12 0.207902 0.208363 0.207496 7.58906e-05 0.000735693 0.00233244
104.14 0.207906 0.208397 0.207586 0.000109182 0.000860735 0.0022516
104.16 0.207913 0.208429 0.207663 0.0001792 0.000789276 0.00191648
104.18 0.207924 0.208456 0.207719 0.000276736 0.000677033 0.00141195
104.2 0.207938 0.208481 0.207752 0.000354454 0.000612829 0.000825728
104.22 0.207952 0.208502 0.207762 0.000345981 0.000530949 0.000244401
104.24 0.20796 0.208513 0.207752 0.000200707 0.000292015 -0.000234964
104.26 0.207957 0.208508 0.207732 -6.8852e-05 -0.000141257 -0.000500911
104.28 0.207943 0.208483 0.207714 -0.000360269 -0.000607268 -0.000459998
104.3 0.207922 0.208451 0.20771 -0.000520752 -0.000816594 -9.95484e-05
104.32 0.207904 0.208429 0.207729 -0.000442067 -0.000542735 0.000470975
104.34 0.207899 0.208436 0.207771 -0.000138168 0.000183474 0.00105344
104.36 0.207909 0.208477 0.207829 0.000245598 0.00101096 0.00146012
104.38 0.207929 0.208534 0.207893 0.000501499 0.00142801 0.00159892
104.4 0.207948 0.208578 0.207953 0.0004775 0.00108852 0.0014864
104.42 0.207955 0.208581 0.208001 0.000171395 8.31621e-05 0.0012004
104.44 0.207945 0.208538 0.208034 -0.000257208 -0.00106231 0.000824833
104.46 0.207921 0.208471 0.208051 -0.000576926 -0.00168589 0.000425093
104.48 0.207896 0.208415 0.208053 -0.000626387 -0.00139456 5.1314e-05
104.5 0.20788 0.208403 0.208043 -0.000405462 -0.000312658 -0.00025
104.52 0.207877 0.208442 0.208025 -6.66112e-05 0.000984612 -0.000439815
104.54 0.207885 0.208515 0.208005 0.00018132 0.00181507 -0.000507021
104.56 0.207893 0.208586 0.207986 0.000199651 0.00179598 -0.000486322
104.58 0.207893 0.208628 0.207967 -2.33863e-06 0.00105033 -0.000456921
104.6 0.207881 0.208633 0.207948 -0.00027852 0.000103213 -0.000492678
104.62 0.207864 0.208614 0.207924 -0.000441457 -0.000454999 -0.00059056
104.64 0.207849 0.208601 0.207898 -0.000371068 -0.000332496 -0.000651971
104.66 0.207846 0.208614 0.207876 -7.44874e-05 0.000317593 -0.000538231
104.68 0.207859 0.208656 0.20787 0.000316014 0.00106097 -0.000159904
104.7 0.207883 0.208716 0.207888 0.000604333 0.0014989 0.000446199
104.72 0.207908 0.208776 0.207932 0.000638628 0.00149595 0.00109876
104.74 0.207924 0.208824 0.207994 0.000401871 0.00120413 0.00154799
104.76 0.207925 0.208861 0.208058 2.17273e-05 0.000918946 0.00161656
104.78 0.207913 0.208896 0.20811 -0.000296534 0.000873462 0.00129995
104.8 0.207899 0.20894 0.208141 -0.000369064 0.00110226 0.000764427
104.82 0.207894 0.208998 0.208151 -0.000123035 0.00145681 0.000261739
104.84 0.207908 0.209068 0.208152 0.000367433 0.00174341 7.48386e-06
104.86 0.207945 0.209143 0.208155 0.000925472 0.00186557 8.52357e-05
104.88 0.208 0.209217 0.208172 0.00136685 0.00186128 0.000427545
104.9 0.208064 0.20929 0.208207 0.00159092 0.00183438 0.000878853
104.92 0.208128 0.209365 0.208259 0.0016028 0.00185867 0.00128589
104.94 0.208187 0.209442 0.208321 0.0014657 0.00193282 0.00155698
104.96 0.208236 0.209522 0.208388 0.00124892 0.00200743 0.00167308
104.98 0.208277 0.209604 0.208455 0.00100626 0.00203707 0.00167458
105 0.208307 0.209685 0.20852 0.000767153 0.00201697 0.00162992
105.02 0.208329 0.209764 0.208584 0.000545487 0.00198203 0.00158534
105.04 0.208344 0.209843 0.208645 0.000378647 0.00196606 0.00152906
105.06 0.208359 0.209921 0.208701 0.000355436 0.00195708 0.00141087
105.08 0.208382 0.209997 0.208749 0.000576034 0.00190654 0.00120454
105.1 0.208424 0.210069 0.208787 0.00105746 0.00179172 0.00094658
105.12 0.20849 0.210135 0.208816 0.00166122 0.00165269 0.000710612
105.14 0.208575 0.210197 0.208838 0.00211543 0.00155408 0.000550999
105.16 0.208661 0.210257 0.208856 0.00215397 0.00151215 0.000468131
105.18 0.208729 0.210316 0.208873 0.00170337 0.0014636 0.000416091
105.2 0.208768 0.210369 0.208887 0.000967365 0.00131174 0.000340585
105.22 0.208781 0.210409 0.208896 0.000318602 0.00101309 0.000221102
105.24 0.208784 0.210434 0.208899 7.00823e-05 0.000627998 8.45269e-05
105.26 0.208795 0.210445 0.208898 0.000290813 0.000280955 -2.32762e-05
105.28 0.208827 0.210448 0.208895 0.00079107 6.89721e-05 -7.96867e-05
105.3 0.208878 0.210448 0.208891 0.00126822 3.75293e-06 -0.000104526
105.32 0.208938 0.210449 0.208885 0.00151019 2.15289e-05 -0.000135912
105.34 0.208998 0.210451 0.208878 0.00151243 4.64183e-05 -0.000186377
105.36 0.209055 0.210454 0.208869 0.00141346 6.24103e-05 -0.00022531
105.38 0.209108 0.210458 0.208861 0.00132749 0.000121825 -0.000205265
105.4 0.209158 0.210469 0.208856 0.00124551 0.000265616 -0.000104973
105.42 0.209202 0.210487 0.208858 0.00109214 0.000443741 5.31322e-05
105.44 0.209236 0.210508 0.208867 0.000852419 0.000523233 0.00021809
105.46 0.209261 0.210523 0.208881 0.000621238 0.000380808 0.000347426
105.48 0.209282 0.210524 0.208899 0.00053124 1.49969e-05 0.000436204
105.5 0.209307 0.210507 0.208919 0.000626168 -0.000407859 0.000507013
105.52 0.209338 0.210482 0.208942 0.000790505 -0.000628202 0.000570022
105.54 0.209371 0.210463 0.208965 0.000819571 -0.00046608 0.000592708
105.56 0.209395 0.210465 0.208986 0.000602898 3.45577e-05 0.000518364
105.58 0.209406 0.21049 0.208999 0.000261264 0.000626288 0.000327836
105.6 0.209409 0.210531 0.209003 8.65567e-05 0.00102039 9.0295e-05
105.62 0.209421 0.210573 0.209 0.000299843 0.00106039 -5.8449e-05
105.64 0.209454 0.210605 0.209 0.000821798 0.000801695 -5.36275e-06
105.66 0.209505 0.210623 0.209011 0.00126278 0.00045177 0.000266608
105.68 0.209552 0.210632 0.209038 0.00117253 0.000214936 0.00068065
105.7 0.209567 0.210638 0.209083 0.00038819 0.00015572 0.00112246
105.72 0.209536 0.210645 0.209143 -0.000784871 0.000177911 0.00149799
105.74 0.209466 0.21065 0.209213 -0.00173591 0.000124937 0.00174922
105.76 0.209388 0.210647 0.209286 -0.00195396 -8.11096e-05 0.00182758
105.78 0.209334 0.210632 0.209353 -0.00136032 -0.000371405 0.00167422
105.8 0.20932 0.210608 0.209403 -0.00034132 -0.000592704 0.0012502
105.82 0.20934 0.210583 0.209427 0.000506493 -0.000634506 0.000605821
105.84 0.20937 0.210563 0.209424 0.000748964 -0.000502384 -7.96934e-05
105.86 0.209385 0.210551 0.209402 0.000370209 -0.000304371 -0.00054904
105.88 0.209374 0.210544 0.209378 -0.000267549 -0.000172128 -0.000597904
105.9 0.209346 0.210537 0.20937 -0.000717005 -0.000166941 -0.000196589
105.92 0.209316 0.210528 0.20939 -0.000743444 -0.000239767 0.000496507
105.94 0.2093 0.210516 0.20944 -0.000405738 -0.000277858 0.00123486
105.96 0.209302 0.210508 0.209512 6.65974e-05 -0.000204783 0.0018094
105.98 0.209321 0.210506 0.209596 0.000453307 -5.08927e-05 0.00211009
106 0.209347 0.210509 0.209681 0.000659157 6.45335e-05 0.00211251
106.02 0.209376 0.21051 0.209754 0.000724781 2.76368e-05 0.00183779
106.04 0.209406 0.210503 0.209808 0.000758515 -0.000170769 0.00133876
106.06 0.20944 0.210486 0.209837 0.000842369 -0.000417997 0.000720728
106.08 0.209479 0.210464 0.209843 0.000983175 -0.000557796 0.000151948
106.1 0.209525 0.210444 0.209835 0.00113629 -0.000494489 -0.000184601
106.12 0.209575 0.210435 0.209828 0.0012504 -0.00024144 -0.000189619
106.14 0.209626 0.210438 0.209831 0.00128528 9.68688e-05 8.19098e-05
106.16 0.209675 0.210454 0.209849 0.00121847 0.000375695 0.000448296
106.18 0.209717 0.210473 0.209877 0.00105678 0.000479714 0.000711326
106.2 0.209751 0.210488 0.209908 0.000848411 0.000385168 0.000770602
106.22 0.209779 0.210495 0.209935 0.000686787 0.000175145 0.000667338
106.24 0.209806 0.210495 0.209956 0.000683447 -7.10855e-06 0.000532014
106.26 0.209842 0.210493 0.209975 0.000892028 -3.5639e-05 0.00047489
106.28 0.20989 0.210499 0.209995 0.00121958 0.000137666 0.000495525
106.3 0.209948 0.210518 0.210014 0.00143509 0.000471211 0.000482453
106.32 0.21 0.210552 0.210027 0.0013186 0.000854788 0.000309587
106.34 0.210034 0.210598 0.210025 0.000844395 0.00115343 -4.38817e-05
106.36 0.210044 0.210649 0.210007 0.000240905 0.00127844 -0.00044616
106.38 0.210038 0.210699 0.20998 -0.000137243 0.00125177 -0.000680762
106.4 0.210036 0.210748 0.209957 -5.04516e-05 0.00120699 -0.000578246
106.42 0.210054 0.2108 0.209952 0.000438934 0.0013105 -0.00012398
106.44 0.210093 0.210866 0.209973 0.000987431 0.00164751 0.000524465
106.46 0.210142 0.210952 0.210017 0.00120393 0.0021434 0.00111064
106.48 0.210179 0.211055 0.210073 0.000937229 0.00257803 0.00140193
106.5 0.210195 0.211163 0.210125 0.000398001 0.00270337 0.00130224
106.52 0.210196 0.211259 0.210161 1.25979e-05 0.0024108 0.000894698
106.54 0.2102 0.211333 0.210177 0.000101138 0.00183492 0.000395728
106.56 0.210225 0.211385 0.210179 0.000624646 0.0013042 4.46979e-05
106.58 0.210273 0.211431 0.210178 0.00121461 0.0011448 -1.49193e-05
106.6 0.210332 0.211489 0.210186 0.00146504 0.00146118 0.000202587
106.62 0.210382 0.211571 0.210209 0.00125267 0.00205386 0.000557645
106.64 0.210414 0.211673 0.210244 0.000816742 0.00253817 0.000884697
106.66 0.210437 0.211777 0.210287 0.000555091 0.00259772 0.00108269
106.68 0.210466 0.211865 0.210333 0.000720492 0.00219991 0.00114048
106.7 0.210515 0.211929 0.210377 0.0012344 0.00161358 0.00110294
106.72 0.210584 0.211978 0.210418 0.00173371 0.00121104 0.00102686
106.74 0.210658 0.212026 0.210456 0.00184146 0.0012026 0.000957022
106.76 0.210717 0.212086 0.210493 0.00147168 0.00149489 0.000910372
106.78 0.210753 0.212157 0.210528 0.00089777 0.00177306 0.000870157
106.8 0.210774 0.212227 0.21056 0.000528691 0.00175722 0.000805132
106.82 0.210798 0.212284 0.210588 0.000597874 0.00142592 0.000696888
106.84 0.210838 0.212325 0.21061 0.00100931 0.00102499 0.000558428
106.86 0.210895 0.21236 0.210628 0.00142364 0.000867438 0.00043953
106.88 0.210955 0.212403 0.210644 0.0015085 0.00108566 0.000402727
106.9 0.211002 0.212464 0.210663 0.00117125 0.0015195 0.000473734
106.92 0.211027 0.212537 0.210687 0.000611663 0.00183437 0.000610338
106.94 0.211033 0.212608 0.210716 0.000163329 0.00177298 0.000724454
106.96 0.211035 0.212662 0.210746 5.53602e-05 0.00133954 0.000750997
106.98 0.211047 0.212693 0.210774 0.000278469 0.000791996 0.000694399
107 0.211072 0.212712 0.210798 0.000638588 0.00046106 0.000613511
107.02 0.211109 0.212733 0.210821 0.000914101 0.00052114 0.000571858
107.04 0.211148 0.212767 0.210845 0.000972832 0.000869092 0.000584339
107.06 0.21118 0.212816 0.210868 0.000807108 0.00120446 0.000593875
107.08 0.2112 0.212866 0.210889 0.000506025 0.00125259 0.000516458
107.1 0.211208 0.212904 0.210902 0.00019636 0.000947701 0.000328858
107.12 0.211207 0.212921 0.210907 -1.91691e-05 0.000443049 0.000111313
107.14 0.211203 0.21292 0.210907 -9.41326e-05 -2.94662e-05 -3.51033e-06
107.16 0.211202 0.212907 0.210909 -3.182e-05 -0.000326295 6.91984e-05
107.18 0.211207 0.212888 0.210921 0.000123919 -0.000467129 0.000302815
107.2 0.211218 0.212865 0.210945 0.00027686 -0.000574587 0.000585359
107.22 0.21123 0.212836 0.210977 0.00029487 -0.000739651 0.000805958
107.24 0.211234 0.212798 0.211014 9.69935e-05 -0.000932141 0.00092303
107.26 0.211223 0.212757 0.211053 -0.000261983 -0.00102647 0.000966947
107.28 0.211199 0.212721 0.211092 -0.000614892 -0.000919568 0.00097897
107.3 0.211167 0.212695 0.21113 -0.000796261 -0.000633738 0.000946917
107.32 0.211137 0.212683 0.211162 -0.000750888 -0.000316524 0.000794497
107.34 0.211114 0.212677 0.211179 -0.000565377 -0.000142157 0.000445404
107.36 0.211098 0.212669 0.211176 -0.000406403 -0.000195417 -7.50147e-05
107.38 0.211082 0.212653 0.211153 -0.000396706 -0.000413337 -0.000588806
107.4 0.211062 0.212628 0.211119 -0.000508445 -0.000620131 -0.000838446
107.42 0.211039 0.212602 0.211093 -0.000577415 -0.000647131 -0.000647739
107.44 0.211021 0.212584 0.211092 -0.000452362 -0.000457789 -4.55379e-05
107.46 0.211014 0.212576 0.211121 -0.000161321 -0.000181796 0.000735692
107.48 0.211017 0.212576 0.211176 6.82088e-05 -1.66699e-05 0.00138605
107.5 0.211016 0.212573 0.211244 -1.6937e-05 -7.46312e-05 0.00169028
107.52 0.210998 0.212561 0.21131 -0.000461114 -0.000289709 0.00164588
107.54 0.210958 0.212543 0.211368 -0.00100785 -0.000446185 0.00144966
107.56 0.210908 0.21253 0.211422 -0.00124021 -0.000331535 0.00134328
107.58 0.210873 0.212533 0.211478 -0.000873455 7.99494e-05 0.00141883
107.6 0.210873 0.212556 0.21154 -4.84728e-06 0.000567117 0.0015415
107.62 0.210909 0.212588 0.211599 0.000899881 0.000799176 0.00146611
107.64 0.210961 0.212611 0.211641 0.00131268 0.000570159 0.00105475
107.66 0.211002 0.212609 0.211657 0.00102133 -5.20236e-05 0.000409832
107.68 0.211013 0.212578 0.21165 0.000281231 -0.000772316 -0.000189802
107.7 0.210998 0.212527 0.21163 -0.000376579 -0.00126005 -0.000484979
107.72 0.210978 0.212474 0.211614 -0.000513153 -0.00133494 -0.00040228
107.74 0.210975 0.212433 0.211611 -5.89052e-05 -0.00102674 -7.53967e-05
107.76 0.211002 0.212413 0.211622 0.000674884 -0.000501708 0.000278126
107.78 0.211052 0.212415 0.211643 0.00124885 6.03381e-05 0.000524198
107.8 0.211109 0.212437 0.211671 0.00141671 0.000535066 0.000688317
107.82 0.21116 0.21247 0.211706 0.00126266 0.000840444 0.000875882
107.84 0.211202 0.212506 0.21175 0.00106406 0.000898316 0.00111263
107.86 0.211244 0.212532 0.211801 0.00103718 0.000647389 0.00126987
107.88 0.211291 0.212537 0.211847 0.00119637 0.000119582 0.00115662
107.9 0.211348 0.212517 0.211875 0.00141491 -0.00049073 0.000695078
107.92 0.211411 0.212483 0.211876 0.00157653 -0.000860975 1.75032e-05
107.94 0.211478 0.212455 0.211852 0.00167052 -0.000694088 -0.000593181
107.96 0.211549 0.212459 0.211818 0.00177897 9.50527e-05 -0.000864132
107.98 0.211628 0.21251 0.21179 0.00197723 0.00127542 -0.00068811
108 0.211717 0.212605 0.211783 0.00221949 0.00237297 -0.000177454
108.02 0.21181 0.212721 0.2118 0.0023258 0.00292004 0.000424351
108.04 0.211895 0.212831 0.211836 0.00213232 0.00273266 0.000901552
108.06 0.211962 0.212912 0.211883 0.00167523 0.0020193 0.00117315
108.08 0.212011 0.212962 0.211934 0.0012124 0.00124939 0.00128485
108.1 0.212053 0.212997 0.211987 0.00105364 0.000874717 0.00132172
108.12 0.212107 0.21304 0.21204 0.00134003 0.00108772 0.00133092
108.14 0.212184 0.21311 0.212093 0.00193466 0.00175819 0.00130817
108.16 0.212284 0.213212 0.212142 0.00248921 0.00255076 0.00123789
108.18 0.212389 0.213337 0.212187 0.00264518 0.00311869 0.00113055
108.2 0.212479 0.213468 0.212228 0.00225031 0.00326306 0.00100833
108.22 0.212537 0.213587 0.212262 0.00145315 0.00299186 0.00085882
108.24 0.212562 0.213686 0.212287 0.000615835 0.00247716 0.00063127
108.26 0.212566 0.213765 0.2123 9.86929e-05 0.00195687 0.000303532
108.28 0.212569 0.21383 0.212298 6.68639e-05 0.00164184 -4.42719e-05
108.3 0.212586 0.213896 0.212288 0.000436332 0.00165074 -0.000240205
108.32 0.212624 0.213975 0.212283 0.000946785 0.0019662 -0.000132088
108.34 0.212676 0.214072 0.212294 0.00128983 0.00242356 0.000279322
108.36 0.212726 0.214182 0.212326 0.00124856 0.00276077 0.000796303
108.38 0.212758 0.214292 0.212371 0.000801516 0.00273238 0.00112895
108.4 0.212763 0.214382 0.212415 0.000143615 0.00225493 0.00108698
108.42 0.212748 0.214442 0.212443 -0.000394731 0.00149304 0.000709836
108.44 0.212727 0.214474 0.212452 -0.000506844 0.000799416 0.000231626
108.46 0.212724 0.214494 0.212448 -8.06757e-05 0.000512262 -9.72548e-05
108.48 0.212753 0.214523 0.212441 0.000712584 0.000727308 -0.000192493
108.5 0.212812 0.214572 0.212434 0.0014932 0.00122553 -0.00016821
108.52 0.212888 0.214637 0.212426 0.00188128 0.00162601 -0.000189695
108.54 0.212956 0.214703 0.212415 0.00171075 0.00164506 -0.000281583
108.56 0.213001 0.214754 0.212404 0.0011326 0.00127931 -0.000282069
108.58 0.213023 0.214786 0.212404 0.000535118 0.000794754 9.82052e-06
108.6 0.213035 0.214807 0.212429 0.000309254 0.000523816 0.00063211
108.62 0.213059 0.214831 0.212484 0.000587417 0.000602094 0.00136805
108.64 0.213104 0.214865 0.212558 0.00113637 0.000841993 0.00184839
108.66 0.213165 0.2149 0.21263 0.00151199 0.000874898 0.00180239
108.68 0.213219 0.214919 0.212681 0.00137255 0.000469667 0.00127358
108.7 0.213248 0.214909 0.212706 0.000722577 -0.000247834 0.000610588
108.72 0.213245 0.214874 0.212715 -9.04355e-05 -0.000866107 0.00022778
108.74 0.21322 0.214834 0.212728 -0.000618949 -0.000988536 0.000328897
108.76 0.213195 0.214813 0.21276 -0.0006132 -0.000528058 0.000799667
108.78 0.213188 0.214822 0.212813 -0.000187809 0.000219355 0.00132052
108.8 0.213198 0.214853 0.212876 0.000255183 0.000765072 0.00159082
108.82 0.21321 0.214882 0.212936 0.000306639 0.000740936 0.00149666
108.84 0.213204 0.214888 0.212981 -0.000169454 0.000137266 0.00113391
108.86 0.213165 0.214861 0.21301 -0.000957182 -0.00068185 0.000709912
108.88 0.213099 0.214812 0.213026 -0.00165271 -0.00121714 0.000409813
108.9 0.213022 0.214765 0.213039 -0.00193023 -0.00118164 0.000314923
108.92 0.212953 0.214737 0.213055 -0.00173153 -0.000694988 0.000401398
108.94 0.212902 0.21473 0.213078 -0.00127113 -0.000167589 0.000588182
108.96 0.212867 0.214731 0.21311 -0.000868131 1.98572e-05 0.000787972
108.98 0.212838 0.214722 0.213147 -0.00073059 -0.00022737 0.000923456
109 0.212804 0.214694 0.213184 -0.000842926 -0.000704138 0.000917988
109.02 0.212763 0.21465 0.213212 -0.00102076 -0.00109201 0.000712624
109.04 0.21272 0.214603 0.213225 -0.00107651 -0.00117984 0.00032287
109.06 0.212682 0.214564 0.21322 -0.000965703 -0.000972457 -0.000123616
109.08 0.212649 0.214538 0.213203 -0.000805422 -0.000649501 -0.000430433
109.1 0.212619 0.214521 0.213185 -0.000754444 -0.000423604 -0.000435324
109.12 0.212585 0.214505 0.213181 -0.0008488 -0.000397371 -0.000108813
109.14 0.212548 0.214484 0.213198 -0.000941359 -0.00051496 0.000413229
109.16 0.212515 0.214459 0.213233 -0.000810883 -0.000628168 0.000891007
109.18 0.212501 0.214435 0.213277 -0.000345988 -0.000613455 0.0011004
109.2 0.212515 0.214417 0.213315 0.0003401 -0.000453451 0.000946567
109.22 0.212553 0.214407 0.213336 0.000946964 -0.000238675 0.000510216
109.24 0.212599 0.214403 0.213336 0.00116471 -9.99439e-05 4.84222e-07
109.26 0.212635 0.214398 0.213321 0.000877368 -0.00012177 -0.000363467
109.28 0.212645 0.214387 0.213302 0.000248809 -0.000282455 -0.000471759
109.3 0.21263 0.214369 0.213288 -0.000365833 -0.000448773 -0.000356692
109.32 0.212605 0.214352 0.213283 -0.000618051 -0.000435997 -0.000129637
109.34 0.212591 0.214347 0.213287 -0.000342595 -0.000113978 0.000107789
109.36 0.212606 0.214367 0.213299 0.000372993 0.000489845 0.000303368
109.38 0.212656 0.214413 0.213317 0.00124912 0.00116266 0.000447888
109.4 0.212735 0.214477 0.213339 0.00197206 0.00159603 0.000555905
109.42 0.212829 0.214539 0.213365 0.00235005 0.00156459 0.000644742
109.44 0.212924 0.214583 0.213394 0.00237039 0.00108748 0.000724738
109.46 0.21301 0.214601 0.213426 0.00216095 0.000443256 0.00081037
109.48 0.213087 0.214601 0.213464 0.00191265 1.37345e-05 0.000932965
109.5 0.213159 0.214604 0.213508 0.00179243 5.90025e-05 0.0011152
109.52 0.213233 0.214626 0.213561 0.00186503 0.000558656 0.00131551
109.54 0.213316 0.214675 0.213618 0.0020724 0.00121543 0.00142271
109.56 0.213408 0.21474 0.213672 0.00230194 0.00162483 0.00134095
109.58 0.213508 0.2148 0.213715 0.00248365 0.00152103 0.00108995
109.6 0.213612 0.214839 0.213748 0.00262002 0.000955568 0.000816549
109.62 0.213722 0.21485 0.213776 0.00273825 0.000285773 0.000699201
109.64 0.213835 0.214849 0.213809 0.00283392 -2.60209e-05 0.000826859
109.66 0.21395 0.214861 0.213854 0.0028576 0.000307307 0.00113753
109.68 0.214059 0.21491 0.213912 0.00274353 0.00120683 0.00145205
109.7 0.214158 0.215 0.213976 0.00246087 0.00225725 0.00158226
109.72 0.21424 0.215117 0.214034 0.0020447 0.00293793 0.00145438
109.74 0.214303 0.215234 0.21408 0.00158725 0.00291239 0.00115709
109.76 0.214351 0.215322 0.214115 0.00120282 0.00220728 0.000859179
109.78 0.21439 0.21537 0.214142 0.000981715 0.00119446 0.000677541
109.8 0.214428 0.215386 0.214166 0.000946216 0.000396391 0.000617087
109.82 0.21447 0.215394 0.214191 0.0010514 0.000213168 0.000605959
109.84 0.21452 0.215423 0.214213 0.00123224 0.000711934 0.000561635
109.86 0.214577 0.215487 0.214231 0.0014325 0.00160169 0.00043846
109.88 0.21464 0.215583 0.21424 0.00158719 0.00241178 0.000244227
109.9 0.214705 0.215694 0.214241 0.00160549 0.00276667 2.06421e-05
109.92 0.214761 0.215797 0.214233 0.00139928 0.00258043 -0.000193325
109.94 0.214798 0.215879 0.214219 0.000945374 0.00205378 -0.000371817
109.96 0.214812 0.21594 0.214199 0.000334088 0.0015124 -0.000482548
109.98 0.214802 0.215989 0.21418 -0.000238263 0.00121723 -0.000483914
110 0.21478 0.216039 0.214166 -0.000544419 0.00125125 -0.000349963
110.02 0.214763 0.216099 0.214162 -0.000447334 0.00151485 -0.000100881
110.04 0.214763 0.216171 0.214169 5.05125e-06 0.00180393 0.000185608
110.06 0.214786 0.216249 0.214186 0.000582728 0.0019338 0.000405493
110.08 0.214825 0.216322 0.214205 0.000977029 0.00184163 0.000497506
110.1 0.214863 0.216386 0.214225 0.000952022 0.00159475 0.000496515
110.12 0.214882 0.216439 0.214246 0.000472949 0.00132185 0.000519638
110.14 0.214872 0.216485 0.214273 -0.000261026 0.00113727 0.000672524
110.16 0.214835 0.216528 0.214311 -0.000915839 0.00109195 0.00093885
110.18 0.214787 0.216574 0.214357 -0.00120502 0.00115241 0.00115561
110.2 0.214745 0.216623 0.214402 -0.00105208 0.00121565 0.00112438
110.22 0.21472 0.21667 0.214433 -0.000625088 0.00117009 0.000776616
110.24 0.214711 0.216709 0.214443 -0.000212629 0.000974735 0.000250018
110.26 0.21471 0.216737 0.214435 -4.05313e-05 0.000699775 -0.000184525
110.28 0.214704 0.216757 0.214424 -0.000153238 0.000496795 -0.0002822
110.3 0.214687 0.216777 0.214425 -0.000414115 0.000502217 2.86855e-05
110.32 0.214663 0.216806 0.214449 -0.000610938 0.000724186 0.000599756
110.34 0.214638 0.216846 0.214495 -0.000605011 0.0010061 0.00115499
110.36 0.214622 0.216891 0.214554 -0.000408059 0.00111758 0.001463
110.38 0.214616 0.216927 0.214612 -0.00013968 0.000905668 0.00145767
110.4 0.214619 0.216943 0.214662 7.27104e-05 0.000404393 0.00124181
110.42 0.214626 0.216936 0.214702 0.000156475 -0.00016982 0.000994258
110.44 0.21463 0.216914 0.214735 0.000100784 -0.000550149 0.000838355
110.46 0.214627 0.21689 0.214766 -5.43955e-05 -0.000593018 0.000765911
110.48 0.214618 0.216876 0.214794 -0.000230271 -0.000356967 0.000692549
110.5 0.214605 0.216875 0.214817 -0.000330334 -3.99287e-05 0.000584799
110.52 0.214594 0.216881 0.214838 -0.000280634 0.000160487 0.0005125
110.54 0.214591 0.216888 0.21486 -8.00588e-05 0.000164063 0.000570518
110.56 0.214598 0.216889 0.214891 0.000173063 2.58279e-05 0.000758638
110.58 0.21461 0.216883 0.214929 0.000322154 -0.000144788 0.000951726
110.6 0.214621 0.216872 0.214969 0.000260533 -0.000274779 0.000996253
110.62 0.214622 0.216858 0.215002 1.86587e-05 -0.000347335 0.000843853
110.64 0.214612 0.216843 0.215027 -0.000250592 -0.000364372 0.000613597
110.66 0.214596 0.216831 0.215048 -0.000377628 -0.000312404 0.000524158
110.68 0.214585 0.216824 0.215077 -0.000292611 -0.000170113 0.000723009
110.7 0.214582 0.216826 0.215122 -6.70339e-05 5.42687e-05 0.00114031
110.72 0.214588 0.216838 0.215182 0.000142437 0.000296532 0.00149723
110.74 0.214596 0.216857 0.215242 0.000213122 0.000459704 0.00148337
110.76 0.214602 0.216876 0.215281 0.000154646 0.000477109 0.000984438
110.78 0.214606 0.21689 0.215289 9.91065e-05 0.000354204 0.000188267
110.8 0.214614 0.216896 0.215268 0.000184726 0.000151099 -0.000520412
110.82 0.214631 0.216893 0.215236 0.000432886 -6.94509e-05 -0.000799917
110.84 0.21466 0.216882 0.215214 0.000728313 -0.000271548 -0.00055278
110.86 0.214697 0.216865 0.215215 0.000923228 -0.000431848 3.89631e-05
110.88 0.214736 0.216845 0.215241 0.000967528 -0.000507177 0.000645361
110.9 0.214774 0.216827 0.21528 0.000949657 -0.000436842 0.000976445
110.92 0.214815 0.216819 0.215316 0.00101811 -0.00021027 0.000906177
110.94 0.214865 0.216821 0.215336 0.00124756 6.91015e-05 0.000491088
110.96 0.214927 0.21683 0.215333 0.00156551 0.000220497 -8.27279e-05
110.98 0.214999 0.216835 0.21531 0.0018057 0.000110963 -0.000576747
111 0.215073 0.216825 0.215278 0.00184443 -0.000242483 -0.000785205
111.02 0.215141 0.216798 0.215253 0.00170076 -0.000678412 -0.000617088
111.04 0.215202 0.216758 0.215248 0.00151216 -0.00099369 -0.000145398
111.06 0.215259 0.216716 0.215264 0.00142458 -0.00105595 0.000401506
111.08 0.215318 0.216681 0.215293 0.0014875 -0.0008635 0.000728784
111.1 0.215383 0.21666 0.215318 0.00162328 -0.000535362 0.000633406
111.12 0.215451 0.21665 0.215324 0.00170342 -0.000239559 0.000147549
111.14 0.215518 0.216646 0.215306 0.00167183 -0.000100996 -0.000449755
111.16 0.215582 0.216641 0.215275 0.00159908 -0.000137239 -0.000774434
111.18 0.215647 0.216631 0.215253 0.00161304 -0.000254892 -0.000550475
111.2 0.215717 0.216618 0.215262 0.00177255 -0.000305918 0.00022402
111.22 0.215797 0.216611 0.215312 0.00198735 -0.000177585 0.00125699
111.24 0.215879 0.216617 0.215397 0.00206012 0.000135003 0.00212317
111.26 0.215953 0.216637 0.215498 0.00183836 0.000519059 0.00251172
111.28 0.216007 0.21667 0.215593 0.00135773 0.000817009 0.0023859
111.3 0.216041 0.216707 0.215671 0.000838175 0.000933064 0.00194788
111.32 0.216062 0.216744 0.21573 0.000529422 0.000904828 0.00146796
111.34 0.216084 0.216779 0.215774 0.000546276 0.000894314 0.00111645
111.36 0.216117 0.216823 0.215811 0.000820428 0.00108275 0.000904185
111.38 0.216163 0.216884 0.215841 0.00116235 0.00152985 0.000755956
111.4 0.216218 0.216968 0.215866 0.0013796 0.00210549 0.000640285
111.42 0.216274 0.21707 0.215891 0.00138439 0.0025461 0.000623135
111.44 0.216322 0.217174 0.215923 0.00122039 0.00260317 0.000791694
111.46 0.216362 0.217262 0.215968 0.000999173 0.00219337 0.00113317
111.48 0.216394 0.217321 0.216028 0.000800943 0.00147059 0.00149319
111.5 0.21642 0.217352 0.216094 0.000629727 0.000776748 0.00165915
111.52 0.216438 0.217371 0.216155 0.000449835 0.000476551 0.00150063
111.54 0.216448 0.217401 0.216197 0.000246399 0.000755607 0.00106441
111.56 0.21645 0.217461 0.216219 5.34277e-05 0.00150125 0.000556682
111.58 0.216447 0.217555 0.216228 -7.38901e-05 0.0023523 0.000209023
111.6 0.216442 0.217671 0.216232 -0.000112248 0.00289004 0.000113228
111.62 0.216438 0.217785 0.216239 -9.59836e-05 0.00285641 0.000160022
111.64 0.216435 0.217877 0.216244 -9.59986e-05 0.00228838 0.000137981
111.66 0.216427 0.217937 0.21624 -0.000176978 0.00149855 -9.24039e-05
111.68 0.216413 0.217972 0.216221 -0.000354769 0.000895208 -0.000484341
111.7 0.216391 0.218002 0.216188 -0.00056905 0.000742365 -0.000832419
111.72 0.216362 0.218043 0.216151 -0.000700661 0.00102152 -0.00091261
111.74 0.216336 0.218102 0.216126 -0.000651342 0.00147368 -0.000631368
111.76 0.216319 0.218173 0.216122 -0.000432357 0.00177791 -8.96619e-05
111.78 0.216312 0.218243 0.216142 -0.00017549 0.00175714 0.000480994
111.8 0.21631 0.218302 0.216176 -6.0095e-05 0.00147363 0.00085283
111.82 0.216301 0.218348 0.216212 -0.000206541 0.00114865 0.000911273
111.84 0.216278 0.218388 0.21624 -0.000589517 0.000984389 0.000688797
111.86 0.216237 0.218429 0.216253 -0.00102863 0.00103437 0.000323573
111.88 0.216186 0.218477 0.216252 -0.00127533 0.00120581 -9.84731e-06
111.9 0.21614 0.218531 0.216246 -0.00115275 0.00134826 -0.000155715
111.92 0.216113 0.218585 0.216245 -0.000663447 0.00135076 -2.08811e-05
111.94 0.216113 0.218633 0.216261 -3.52468e-06 0.00120186 0.000384661
111.96 0.216134 0.218672 0.216298 0.000516214 0.000977771 0.000923306
111.98 0.216158 0.218703 0.216352 0.000620193 0.000770759 0.00136452
112 0.216168 0.218728 0.216412 0.000233677 0.000621299 0.00149984
112.02 0.21615 0.218748 0.216463 -0.000439244 0.000509747 0.00126587
112.04 0.21611 0.218765 0.216494 -0.000999188 0.000406544 0.000788782
112.06 0.216067 0.218778 0.216507 -0.00106906 0.000326519 0.000321417
112.08 0.216047 0.218791 0.216511 -0.000522194 0.000330884 0.000102256
112.1 0.216064 0.218809 0.21652 0.000425841 0.000464762 0.000218427
112.12 0.216117 0.218838 0.216542 0.00132977 0.000700664 0.00055938
112.14 0.216188 0.218876 0.216578 0.00178196 0.000950503 0.000898153
112.16 0.216255 0.21892 0.21662 0.00167344 0.00112144 0.00105066
112.18 0.216305 0.218967 0.21666 0.00125892 0.00115937 0.000993292
112.2 0.216344 0.219009 0.216694 0.000960619 0.00105376 0.000851906
112.22 0.216386 0.219042 0.216726 0.00105534 0.000824567 0.000791987
112.24 0.216445 0.219063 0.216762 0.00148045 0.000516281 0.000898901
112.26 0.216521 0.219071 0.216807 0.00190679 0.000199884 0.00112445
112.28 0.216602 0.21907 0.21686 0.00202543 -2.52462e-05 0.00133315
112.3 0.216675 0.219067 0.216916 0.001811 -6.16537e-05 0.00140762
112.32 0.216736 0.219071 0.216969 0.00153361 0.000108746 0.00131788
112.34 0.216797 0.219086 0.217013 0.00151395 0.000374673 0.00110077
112.36 0.21687 0.219108 0.217045 0.00184196 0.000550672 0.000801529
112.38 0.216962 0.219128 0.217063 0.0022936 0.00049391 0.000451241
112.4 0.217062 0.219136 0.217067 0.00249939 0.000185494 8.58841e-05
112.42 0.217152 0.219126 0.217058 0.00224054 -0.000252414 -0.000225438
112.44 0.217218 0.219101 0.217042 0.0016434 -0.000608742 -0.000380851
112.46 0.217261 0.219073 0.217031 0.00109331 -0.000712245 -0.000295233
112.48 0.217298 0.21905 0.217032 0.000923844 -0.000558019 2.76921e-05
112.5 0.217344 0.219038 0.21705 0.00113577 -0.000310413 0.000462939
112.52 0.2174 0.219031 0.217083 0.00139653 -0.000172931 0.000820353
112.54 0.217453 0.219021 0.217121 0.00133283 -0.000248245 0.000955787
112.56 0.217487 0.219001 0.217155 0.00085497 -0.000492653 0.000843782
112.58 0.217496 0.218971 0.217178 0.000229714 -0.00076233 0.000566309
112.6 0.21749 0.218935 0.217188 -0.000146204 -0.000897699 0.000245269
112.62 0.217488 0.218903 0.217187 -7.09837e-05 -0.000802107 -2.54548e-05
112.64 0.2175 0.218883 0.217179 0.000307563 -0.000487536 -0.000199816
112.66 0.217525 0.218881 0.217168 0.000623408 -6.46841e-05 -0.000261892
112.68 0.217549 0.218894 0.21716 0.000595582 0.000321148 -0.00020355
112.7 0.217559 0.218916 0.217159 0.000258097 0.000567922 -2.30198e-05
112.72 0.217556 0.218942 0.217169 -8.07887e-05 0.000648641 0.000254653
112.74 0.217551 0.218966 0.217192 -0.000111565 0.000583258 0.000565435
112.76 0.21756 0.218982 0.217225 0.00022587 0.000406598 0.000823498
112.78 0.217589 0.218989 0.217263 0.000717537 0.000178044 0.000964579
112.8 0.217631 0.218989 0.217303 0.00105644 -1.0347e-06 0.000987899
112.82 0.217674 0.218989 0.217341 0.00107015 -1.00215e-05 0.000960469
112.84 0.217707 0.218998 0.21738 0.000825479 0.000226475 0.000970441
112.86 0.217729 0.219024 0.217422 0.00055214 0.000670473 0.00105722
112.88 0.217747 0.21907 0.217469 0.000453391 0.00114602 0.00116336
112.9 0.217769 0.219126 0.217515 0.000548802 0.00139422 0.00115788
112.92 0.217797 0.219174 0.217553 0.000691933 0.00120143 0.000935622
112.94 0.217826 0.219196 0.217573 0.000738559 0.000542617 0.000518728
112.96 0.217854 0.219182 0.217576 0.000687352 -0.000347832 7.27858e-05
112.98 0.21788 0.219139 0.217569 0.000662064 -0.00106059 -0.000187769
113 0.217911 0.21909 0.217563 0.000769463 -0.00122749 -0.000136706
113.02 0.21795 0.219061 0.217571 0.000967146 -0.000744538 0.000190094
113.04 0.217992 0.219066 0.217596 0.00105874 0.000134994 0.000625235
113.06 0.218026 0.219103 0.217635 0.000833806 0.000917161 0.000970905
113.08 0.218036 0.219149 0.217679 0.000260871 0.00115903 0.0011045
113.1 0.218019 0.219179 0.21772 -0.000428011 0.000757131 0.00102729
113.12 0.217984 0.21918 0.217753 -0.000865144 1.07706e-05 0.000832541
113.14 0.217952 0.219156 0.217778 -0.000805756 -0.000602374 0.000618122
113.16 0.21794 0.219126 0.217795 -0.000313412 -0.000742022 0.000412003
113.18 0.21795 0.219111 0.217802 0.000268717 -0.000373374 0.000175207
113.2 0.217972 0.219122 0.217797 0.000547459 0.000276339 -0.000119189
113.22 0.217986 0.219157 0.21778 0.000352936 0.000878907 -0.000418123
113.24 0.21798 0.219205 0.217756 -0.000147794 0.00119194 -0.000596122
113.26 0.217957 0.219253 0.217735 -0.000593988 0.00119019 -0.000526468
113.28 0.217928 0.219294 0.217729 -0.000709884 0.00104652 -0.000163616
113.3 0.217909 0.219333 0.217745 -0.000487457 0.00097677 0.000421546
113.32 0.217903 0.219377 0.217788 -0.000152428 0.00109446 0.00107264
113.34 0.217904 0.219432 0.217853 2.6191e-05 0.0013748 0.00162091
113.36 0.217901 0.2195 0.217931 -6.86121e-05 0.00169351 0.00195235
113.38 0.217888 0.219576 0.218013 -0.000326769 0.00189883 0.0020344
113.4 0.217868 0.219652 0.218089 -0.000503394 0.00189639 0.00189811
113.42 0.217851 0.219719 0.218152 -0.000414699 0.00168634 0.00159059
113.44 0.217848 0.219773 0.218198 -7.90397e-05 0.0013334 0.00114287
113.46 0.217861 0.21981 0.218222 0.000313829 0.000927618 0.00059039
113.48 0.217883 0.219833 0.218222 0.000556551 0.000575626 2.27997e-05
113.5 0.217906 0.219849 0.218207 0.00056842 0.000397592 -0.000394098
113.52 0.217923 0.219868 0.218188 0.000440138 0.000495255 -0.000467784
113.54 0.217937 0.219904 0.218184 0.000357008 0.000894025 -0.000100243
113.56 0.217955 0.219964 0.218208 0.000445533 0.00148958 0.00059744
113.58 0.217982 0.220046 0.21826 0.000667379 0.00205253 0.0013142
113.6 0.218017 0.220139 0.218329 0.000869195 0.00231959 0.00170434
113.62 0.218054 0.220224 0.218393 0.000939917 0.00213709 0.00159933
113.64 0.218091 0.220287 0.218437 0.000914339 0.00157322 0.00110453
113.66 0.218128 0.220323 0.218458 0.000923296 0.000902051 0.000519921
113.68 0.21817 0.220341 0.218463 0.00105583 0.00044669 0.00014326
113.7 0.218221 0.220357 0.218466 0.00127714 0.000398032 7.38508e-05
113.72 0.21828 0.220386 0.218473 0.00147335 0.000729687 0.000160875
113.74 0.218343 0.220436 0.218479 0.00156378 0.00123726 0.000149582
113.76 0.218406 0.220502 0.218475 0.00157702 0.00166772 -9.31027e-05
113.78 0.218471 0.220577 0.218456 0.00164081 0.00186499 -0.000464724
113.8 0.218547 0.22065 0.218428 0.00187951 0.00183375 -0.000711769
113.82 0.218638 0.220718 0.218403 0.00228534 0.00168992 -0.00062516
113.84 0.218745 0.22078 0.218395 0.00268612 0.00154947 -0.000187294
113.86 0.21886 0.220837 0.218412 0.00286084 0.00144054 0.000424618
113.88 0.218968 0.22089 0.218451 0.00270926 0.00130567 0.000960059
113.9 0.219061 0.220933 0.218501 0.00231369 0.00108297 0.00124338
113.92 0.219135 0.220965 0.21855 0.00184811 0.000792686 0.00124355
113.94 0.219192 0.220987 0.218592 0.00144173 0.000547491 0.00104096
113.96 0.219238 0.221006 0.218622 0.00113243 0.000473829 0.000749704
113.98 0.219274 0.22103 0.218641 0.000918211 0.000611807 0.0004648
114 0.219307 0.221065 0.218651 0.000816781 0.000880999 0.000254537
114.02 0.219342 0.221111 0.218657 0.000871194 0.00113736 0.000170068
114.04 0.219386 0.221162 0.218667 0.00109658 0.00126999 0.000239525
114.06 0.219442 0.221212 0.218685 0.00140903 0.00126212 0.000441262
114.08 0.219507 0.221259 0.218712 0.00162108 0.00117223 0.000682786
114.1 0.219569 0.221302 0.218745 0.00154461 0.00106397 0.00082749
114.12 0.219614 0.22134 0.218776 0.00113137 0.000959853 0.000779179
114.14 0.219635 0.221374 0.218799 0.00052938 0.00085159 0.000559158
114.16 0.219635 0.221403 0.218811 -1.87407e-06 0.000737246 0.000305715
114.18 0.219625 0.221429 0.218819 -0.000255735 0.000638866 0.000193568
114.2 0.219617 0.221453 0.218832 -0.00020063 0.000591742 0.000327385
114.22 0.219617 0.221478 0.218859 1.33613e-05 0.000620624 0.00067642
114.24 0.219624 0.221506 0.218902 0.000164103 0.000720453 0.00108835
114.26 0.219628 0.221541 0.218957 0.000113007 0.000857665 0.00137906
114.28 0.219624 0.22158 0.219015 -0.000113089 0.000980578 0.00143854
114.3 0.219609 0.221621 0.219066 -0.000377276 0.00101868 0.00127241
114.32 0.219586 0.221656 0.219104 -0.000561705 0.000896226 0.000960971
114.34 0.219561 0.22168 0.219128 -0.000641527 0.000581465 0.000600806
114.36 0.219535 0.221685 0.21914 -0.000650638 0.000127163 0.000285317
114.38 0.21951 0.221671 0.219144 -0.000608821 -0.000344025 0.000108975
114.4 0.21949 0.221643 0.21915 -0.000501337 -0.00069928 0.000148052
114.42 0.219478 0.221609 0.219167 -0.000311561 -0.000854413 0.000411238
114.44 0.219475 0.221577 0.219199 -6.96265e-05 -0.000796959 0.000810921
114.46 0.21948 0.221553 0.219246 0.000116327 -0.000592176 0.0011821
114.48 0.219483 0.221539 0.2193 9.41005e-05 -0.000370111 0.00133622
114.5 0.219474 0.221528 0.219346 -0.000223454 -0.000269883 0.00115433
114.52 0.219444 0.221513 0.219373 -0.000754052 -0.000366781 0.000682872
114.54 0.219394 0.221488 0.219379 -0.00124646 -0.000629849 0.000139519
114.56 0.219338 0.221451 0.219371 -0.00140514 -0.000933819 -0.000205775
114.58 0.219296 0.221406 0.219363 -0.00106824 -0.00111232 -0.000194034
114.6 0.219283 0.221365 0.219368 -0.000315305 -0.00103797 0.000122805
114.62 0.219306 0.221336 0.219388 0.000568238 -0.000704607 0.000505629
114.64 0.219355 0.221326 0.219415 0.00123503 -0.000255127 0.000674248
114.66 0.219413 0.22133 0.219435 0.00145321 8.84649e-05 0.00049127
114.68 0.219462 0.221336 0.219437 0.00122674 0.000160845 5.01085e-05
114.7 0.219493 0.221334 0.219421 0.000778236 -4.02725e-05 -0.0003937
114.72 0.219509 0.221321 0.219397 0.000396264 -0.000348833 -0.000590753
114.74 0.219519 0.221299 0.219379 0.000256352 -0.000530684 -0.000446396
114.76 0.219534 0.221282 0.219377 0.000351155 -0.000430667 -5.81863e-05
114.78 0.219556 0.221279 0.219392 0.000556983 -6.5814e-05 0.00036725
114.8 0.219585 0.221295 0.219418 0.000741093 0.000382596 0.000655465
114.82 0.219619 0.221322 0.219448 0.000827955 0.000670339 0.000763948
114.84 0.219651 0.221347 0.21948 0.000821585 0.000642878 0.000780186
114.86 0.219683 0.221361 0.219513 0.00079382 0.000338779 0.000826385
114.88 0.219717 0.221359 0.219551 0.000835264 -3.97784e-05 0.000944812
114.9 0.219756 0.221349 0.219593 0.000990187 -0.000253328 0.00106657
114.92 0.219805 0.221344 0.219637 0.00122269 -0.000139022 0.001092
114.94 0.219862 0.221357 0.219677 0.00143299 0.000324912 0.000994872
114.96 0.219923 0.221396 0.219711 0.00150539 0.000993611 0.000849063
114.98 0.219977 0.22146 0.219741 0.00135818 0.00160024 0.000768442
115 0.220016 0.221536 0.219774 0.000987452 0.00189237 0.000827856
115.02 0.220036 0.221607 0.219815 0.000497976 0.00178725 0.00101907
115.04 0.22004 0.221664 0.219865 8.80377e-05 0.00141101 0.00124842
115.06 0.220038 0.221704 0.21992 -3.59171e-05 0.000997228 0.00137709
115.08 0.220047 0.221734 0.219972 0.000218972 0.000747693 0.00129827
115.1 0.220078 0.221764 0.220012 0.00076382 0.000750875 0.00100591
115.12 0.220133 0.221803 0.220037 0.00136911 0.000978496 0.000607266
115.14 0.220204 0.221855 0.220048 0.0017895 0.00131475 0.000272238
115.16 0.22028 0.22192 0.220053 0.00189871 0.00160532 0.00014427
115.18 0.22035 0.221989 0.220063 0.00175067 0.00172889 0.000253262
115.2 0.220411 0.222055 0.220083 0.00151628 0.00164242 0.000491386
115.22 0.220465 0.22211 0.22011 0.00134376 0.00137446 0.000674707
115.24 0.220515 0.222149 0.220136 0.00126083 0.000996856 0.000649033
115.26 0.220563 0.222174 0.220152 0.00118923 0.000613008 0.000386897
115.28 0.220604 0.222188 0.220152 0.00104894 0.000346325 1.52331e-05
115.3 0.220639 0.2222 0.220142 0.000861427 0.000293061 -0.000255166
115.32 0.220669 0.222218 0.220131 0.00075295 0.000465229 -0.000262886
115.34 0.220703 0.222249 0.220131 0.000849872 0.000774572 -5.06741e-06
115.36 0.22075 0.222292 0.220145 0.00116225 0.00106927 0.000352265
115.38 0.220811 0.22234 0.220169 0.00153785 0.00120256 0.000579
115.4 0.22088 0.222384 0.22019 0.00173117 0.00109937 0.000539315
115.42 0.220943 0.222416 0.220202 0.00156584 0.000795056 0.000293121
115.44 0.220986 0.222433 0.220204 0.00108267 0.000427863 6.67867e-05
115.46 0.221008 0.22244 0.220209 0.000542322 0.000170437 0.000103847
115.48 0.221019 0.222445 0.220228 0.00026478 0.000137077 0.000490862
115.5 0.221035 0.222458 0.220271 0.000419928 0.000329082 0.00107701
115.52 0.221072 0.222484 0.220334 0.000906849 0.000650171 0.00155589
115.54 0.221128 0.222523 0.2204 0.00141552 0.000974489 0.00166947
115.56 0.221194 0.222572 0.220456 0.00163218 0.00121443 0.00139128
115.58 0.221251 0.222625 0.220494 0.00144103 0.00133829 0.000943714
115.6 0.22129 0.222679 0.220519 0.000982447 0.00133591 0.000630986
115.62 0.221312 0.222726 0.220544 0.000533919 0.00119004 0.000621479
115.64 0.221324 0.222763 0.220578 0.000315473 0.000904844 0.000846105
115.66 0.221339 0.222785 0.220621 0.000366501 0.000567281 0.00107154
115.68 0.221362 0.2228 0.220664 0.000560842 0.000355172 0.00108211
115.7 0.22139 0.222817 0.220698 0.000719417 0.00044224 0.000844214
115.72 0.22142 0.222852 0.220719 0.000731762 0.000860279 0.000529506
115.74 0.221444 0.222909 0.220733 0.000599 0.00142988 0.000366886
115.76 0.221459 0.222982 0.220751 0.000380425 0.00183289 0.000448199
115.78 0.221464 0.223054 0.220777 0.00012376 0.00179868 0.000651491
115.8 0.221458 0.223106 0.220807 -0.000142621 0.00128809 0.000744844
115.82 0.221443 0.223127 0.22083 -0.000380682 0.00054067 0.000574973
115.84 0.221421 0.223125 0.220838 -0.000539725 -5.68098e-05 0.000186217
115.86 0.221397 0.223117 0.220829 -0.00059822 -0.000204193 -0.000216676
115.88 0.221374 0.223122 0.220812 -0.000592932 0.000125486 -0.000423014
115.9 0.22135 0.223149 0.220798 -0.000599575 0.000667965 -0.000363755
115.92 0.221322 0.22319 0.220792 -0.000681448 0.00104109 -0.000143028
115.94 0.221289 0.22323 0.220794 -0.000825306 0.00100674 5.99255e-05
115.96 0.221252 0.223256 0.2208 -0.000920703 0.000628639 0.000135809
115.98 0.221219 0.223264 0.220804 -0.000832542 0.000206801 0.000119253
116 0.221198 0.223266 0.22081 -0.000519709 4.33691e-05 0.000129503
116.02 0.221195 0.223275 0.22082 -9.47784e-05 0.000227529 0.000247951
116.04 0.221204 0.223298 0.220838 0.000238419 0.000587984 0.000460005
116.06 0.221217 0.223331 0.220866 0.000317177 0.000829052 0.000698935
116.08 0.221222 0.223362 0.220903 0.000120031 0.000755985 0.000923967
116.1 0.221213 0.223379 0.220949 -0.000223441 0.00042295 0.00114196
116.12 0.221192 0.223382 0.221003 -0.000510094 8.11769e-05 0.001357
116.14 0.221169 0.223381 0.221063 -0.000569015 -2.7029e-05 0.00151156
116.16 0.221156 0.223387 0.221123 -0.000342503 0.000146875 0.0014968
116.18 0.22116 0.223404 0.221173 9.90538e-05 0.000434584 0.00124477
116.2 0.221184 0.223428 0.221206 0.000614683 0.000592911 0.000824154
116.22 0.221227 0.223448 0.221224 0.00107036 0.000498156 0.000443432
116.24 0.221282 0.223457 0.221237 0.00136997 0.000244727 0.000335252
116.26 0.22134 0.22346 0.221261 0.00144117 6.91431e-05 0.000593412
116.28 0.22139 0.223466 0.221304 0.00124945 0.000156778 0.00107878
116.3 0.221424 0.223486 0.221363 0.000853435 0.000482006 0.00148473
116.32 0.221441 0.223519 0.221425 0.000425753 0.000819225 0.00154471
116.34 0.221448 0.223555 0.221474 0.000192704 0.000919882 0.00122133
116.36 0.221461 0.223584 0.221503 0.000325515 0.000709625 0.000722894
116.38 0.221495 0.223598 0.221517 0.000840564 0.000352735 0.000347365
116.4 0.221557 0.223603 0.221528 0.00155484 0.000134511 0.000269509
116.42 0.221643 0.223613 0.221544 0.00213664 0.000250199 0.000414441
116.44 0.221734 0.223639 0.221565 0.00227006 0.000655837 0.000521544
116.46 0.221808 0.223683 0.22158 0.00185713 0.00109485 0.000365829
116.48 0.221852 0.223734 0.221578 0.00111194 0.00128033 -3.90182e-05
116.5 0.221871 0.223778 0.221561 0.000457085 0.00108718 -0.000432818
116.52 0.221882 0.223802 0.221541 0.000274139 0.000612121 -0.000504587
116.54 0.221909 0.223806 0.221535 0.000679861 9.51117e-05 -0.000142787
116.56 0.221968 0.223798 0.221553 0.00148015 -0.000213005 0.000445392
116.58 0.22206 0.223791 0.221587 0.00230953 -0.000169421 0.000855825
116.6 0.222174 0.223799 0.221618 0.00283478 0.000197673 0.000773822
116.62 0.22229 0.223827 0.221626 0.00289644 0.000715178 0.000211366
116.64 0.222391 0.223874 0.221607 0.0025367 0.00116377 -0.000472605
116.66 0.222469 0.223929 0.221575 0.001939 0.00137175 -0.000808045
116.68 0.222522 0.223979 0.221553 0.00133138 0.00126506 -0.00054098
116.7 0.222558 0.224015 0.221561 0.000899439 0.00088522 0.000193338
116.72 0.222588 0.22403 0.2216 0.000741919 0.000383982 0.000974283
116.74 0.222622 0.224029 0.221655 0.000865213 -2.15047e-05 0.00137821
116.76 0.222669 0.224023 0.221704 0.00118144 -0.000147021 0.00123011
116.78 0.22273 0.224026 0.221732 0.00150838 5.37491e-05 0.00068407
116.8 0.222794 0.224044 0.221736 0.00161755 0.000465782 0.00010244
116.82 0.222848 0.22408 0.221729 0.00135046 0.000890825 -0.000178515
116.84 0.222878 0.224126 0.221727 0.000736077 0.00116046 -4.59523e-05
116.86 0.222878 0.224175 0.221741 1.33873e-05 0.00121533 0.000351392
116.88 0.222859 0.224219 0.221771 -0.000474865 0.00110962 0.000743265
116.9 0.222841 0.224257 0.221808 -0.000470542 0.000944178 0.000940468
116.92 0.222842 0.224288 0.221846 2.98764e-05 0.000784264 0.000942403
116.94 0.222871 0.224313 0.221882 0.000734457 0.000623555 0.000888093
116.96 0.222919 0.22433 0.221919 0.00120352 0.000418738 0.000922383
116.98 0.222964 0.224337 0.221962 0.00111123 0.000169076 0.0010977
117 0.222982 0.224335 0.222017 0.00045551 -3.48713e-05 0.00136164
117.02 0.222965 0.224333 0.222081 -0.000419418 -5.84564e-05 0.00160245
117.04 0.222925 0.22434 0.22215 -0.00100635 0.000167678 0.00171348
117.06 0.222888 0.224363 0.222215 -0.000931903 0.000580284 0.00164576
117.08 0.22288 0.224404 0.222272 -0.000193481 0.00101712 0.00142152
117.1 0.222913 0.224456 0.222316 0.000825272 0.00130236 0.00110429
117.12 0.222976 0.224509 0.222347 0.00157369 0.00133261 0.000772727
117.14 0.223042 0.224554 0.222368 0.00165086 0.00112317 0.000522963
117.16 0.223083 0.224585 0.222386 0.00103272 0.00078276 0.000452939
117.18 0.223087 0.224603 0.22241 8.16231e-05 0.000432774 0.000597857
117.2 0.22306 0.224609 0.222445 -0.000663768 0.000147505 0.00087789
117.22 0.223028 0.224607 0.22249 -0.000799715 -3.72427e-05 0.0011262
117.24 0.223017 0.224604 0.222538 -0.000273116 -7.96608e-05 0.00118257
117.26 0.223041 0.224607 0.222577 0.000608586 8.41195e-05 0.000982059
117.28 0.223096 0.224627 0.222601 0.00136094 0.000485613 0.000591327
117.3 0.223159 0.224668 0.222608 0.00159132 0.00103812 0.000171951
117.32 0.223207 0.224729 0.222603 0.00119791 0.00152453 -0.000115585
117.34 0.223223 0.224797 0.222595 0.000401699 0.0017022 -0.000202957
117.36 0.223208 0.224855 0.222589 -0.000391339 0.00145038 -0.000136868
117.38 0.223175 0.22489 0.222588 -0.000824986 0.000856886 -3.36711e-05
117.4 0.223143 0.224897 0.222588 -0.0007878 0.000186776 -1.12104e-05
117.42 0.223126 0.224887 0.222582 -0.000435758 -0.000256334 -0.000130239
117.44 0.223124 0.224875 0.222568 -3.56499e-05 -0.000294047 -0.000357596
117.46 0.223133 0.224876 0.222545 0.000220404 3.02152e-05 -0.000575101
117.48 0.223145 0.224895 0.222519 0.00028674 0.000479047 -0.000648436
117.5 0.223153 0.224926 0.222498 0.000216833 0.000772732 -0.000522646
117.52 0.223157 0.224957 0.222488 7.99754e-05 0.000772466 -0.000266001
117.54 0.223153 0.224979 0.222487 -8.85001e-05 0.000551339 -1.84994e-05
117.56 0.223142 0.224992 0.222491 -0.000287588 0.000309573 0.000111302
117.58 0.223121 0.225 0.222496 -0.000507286 0.000216988 0.000115546
117.6 0.223094 0.225013 0.222499 -0.00067573 0.000303733 7.73347e-05
117.62 0.223067 0.225031 0.222503 -0.000668811 0.000467039 0.000100367
117.64 0.223051 0.225054 0.222512 -0.000406401 0.000565885 0.000230121
117.66 0.223053 0.225075 0.222529 4.40781e-05 0.000526654 0.000431478
117.68 0.223072 0.22509 0.222555 0.000471134 0.000389752 0.000634716
117.7 0.223098 0.225101 0.222587 0.000659034 0.000274051 0.000803372
117.72 0.22312 0.225113 0.222626 0.000549508 0.000292476 0.000971167
117.74 0.223131 0.225132 0.222674 0.000281178 0.000473289 0.00121215
117.76 0.223135 0.225162 0.222737 8.56694e-05 0.000740123 0.00156151
117.78 0.22314 0.2252 0.222815 0.000130788 0.000962442 0.00195036
117.8 0.223157 0.225242 0.222903 0.000418012 0.00103854 0.002217
117.82 0.223189 0.22528 0.222992 0.000799441 0.000957276 0.00220443
117.84 0.223233 0.225312 0.223067 0.00109321 0.000800467 0.00187601
117.86 0.223281 0.22534 0.223121 0.00121666 0.000688561 0.00136702
117.88 0.223331 0.225368 0.223158 0.00124087 0.000706 0.000921819
117.9 0.223383 0.225402 0.223188 0.00131048 0.00084346 0.000738738
117.92 0.223443 0.225442 0.223221 0.00149928 0.00100858 0.000836063
117.94 0.223513 0.225486 0.223263 0.00173868 0.00110254 0.00104979
117.96 0.223588 0.225529 0.22331 0.00187568 0.0010854 0.00116067
117.98 0.22366 0.225569 0.223352 0.00180494 0.000989705 0.00105344
118 0.223722 0.225605 0.223384 0.0015556 0.000892193 0.000797733
118.02 0.223773 0.225639 0.223407 0.00127165 0.000868873 0.000590409
118.04 0.223818 0.225677 0.223431 0.0011156 0.000949465 0.000597805
118.06 0.223864 0.225721 0.223464 0.00116209 0.0010987 0.000817466
118.08 0.223919 0.225771 0.223506 0.00135984 0.00124553 0.00106421
118.1 0.223983 0.225825 0.22355 0.00160065 0.00133442 0.00108874
118.12 0.224055 0.225879 0.22358 0.00181285 0.00136027 0.000746301
118.14 0.224134 0.225933 0.223584 0.00198159 0.001358 0.000105063
118.16 0.224218 0.225987 0.223561 0.00210039 0.00135513 -0.000573906
118.18 0.224303 0.226041 0.223522 0.00212709 0.00133378 -0.000989661
118.2 0.224384 0.226091 0.223482 0.00200257 0.00124382 -0.000987475
118.22 0.224452 0.226133 0.223457 0.00171118 0.00105377 -0.000636919
118.24 0.224505 0.226165 0.22345 0.00133333 0.000798131 -0.00015617
118.26 0.224547 0.226188 0.22346 0.00104247 0.000585317 0.000245073
118.28 0.224587 0.22621 0.223479 0.00101061 0.000539618 0.000472575
118.3 0.224638 0.226238 0.2235 0.0012646 0.000700862 0.000530501
118.32 0.224703 0.226276 0.223518 0.00161872 0.000962466 0.000446658
118.34 0.224774 0.226321 0.223528 0.00177829 0.00112614 0.000249467
118.36 0.224836 0.226363 0.223528 0.0015622 0.00104584 1.08029e-06
118.38 0.224879 0.226392 0.223521 0.00105999 0.000731118 -0.000187685
118.4 0.224902 0.226405 0.223513 0.000571783 0.000326202 -0.000193141
118.42 0.224917 0.226406 0.223515 0.000377315 5.94931e-06 4.81288e-05
118.44 0.224937 0.226401 0.223534 0.000516447 -0.000124476 0.000474266
118.46 0.224967 0.226398 0.223569 0.000749339 -7.39272e-05 0.000893244
118.48 0.224997 0.2264 0.223612 0.00073949 5.41202e-05 0.00106617
118.5 0.22501 0.226405 0.223646 0.000328197 0.000137862 0.000858132
118.52 0.224998 0.22641 0.223661 -0.000312881 0.000127242 0.000357352
118.54 0.224966 0.226413 0.223655 -0.000785982 6.51068e-05 -0.000151382
118.56 0.224936 0.226414 0.22364 -0.000754231 1.70984e-05 -0.000356695
118.58 0.224929 0.226414 0.223636 -0.000183931 -8.27645e-07 -0.000107315
118.6 0.224954 0.226413 0.223656 0.000621443 -1.86645e-05 0.000508999
118.62 0.225001 0.226411 0.223706 0.0011921 -5.62289e-05 0.00122525
118.64 0.225048 0.226407 0.223775 0.00116636 -8.74067e-05 0.00174608
118.66 0.225069 0.226405 0.223851 0.00051752 -5.41681e-05 0.00189754
118.68 0.225052 0.226409 0.223919 -0.000415485 8.79509e-05 0.00169389
118.7 0.225007 0.226422 0.223971 -0.00113547 0.0003274 0.00130552
118.72 0.224955 0.226445 0.22401 -0.00128934 0.000576912 0.00095937
118.74 0.224921 0.226472 0.224043 -0.000861001 0.000690496 0.00082526
118.76 0.224914 0.226494 0.22408 -0.000157707 0.000536155 0.000939161
118.78 0.22493 0.226498 0.224128 0.000390985 0.000101536 0.00119752
118.8 0.22495 0.22648 0.224185 0.00049519 -0.000456987 0.00141674
118.82 0.224956 0.226444 0.224242 0.00016532 -0.000884751 0.00142361
118.84 0.224944 0.226405 0.224288 -0.00031197 -0.000972466 0.00114735
118.86 0.224921 0.226378 0.224315 -0.000562603 -0.000686822 0.000673812
118.88 0.224906 0.226369 0.224323 -0.000369794 -0.000210934 0.000209892
118.9 0.224913 0.226376 0.224321 0.000169553 0.000158858 -4.33348e-05
118.92 0.224941 0.226384 0.224321 0.000684971 0.00021061 -1.0465e-05
118.94 0.224971 0.226382 0.22433 0.000767211 -4.73116e-05 0.00022746
118.96 0.224982 0.226366 0.22435 0.000255397 -0.000404627 0.000497328
118.98 0.224957 0.226343 0.224375 -0.000619095 -0.000585998 0.000641717
119 0.224903 0.226326 0.224399 -0.00134655 -0.000419979 0.000598259
119.02 0.224845 0.226328 0.224416 -0.00144601 4.63399e-05 0.000404262
119.04 0.224814 0.22635 0.224421 -0.000775826 0.000562598 0.000134834
119.06 0.224828 0.226384 0.224415 0.00035597 0.000836576 -0.000159504
119.08 0.224883 0.226413 0.224396 0.001358 0.00073073 -0.000462864
119.1 0.224951 0.226427 0.224366 0.00170343 0.000344409 -0.000747292
119.12 0.225001 0.226424 0.224329 0.00124407 -5.93312e-05 -0.000931148
119.14 0.225012 0.226416 0.224293 0.000285044 -0.000216376 -0.00090316
119.16 0.224987 0.226415 0.224269 -0.00061543 -1.41577e-05 -0.000600218
119.18 0.224948 0.226433 0.224266 -0.000986825 0.000455517 -6.79284e-05
119.2 0.224919 0.226472 0.224288 -0.000712757 0.000977091 0.00054666
119.22 0.224917 0.226526 0.224331 -6.54115e-05 0.00135137 0.00106584
119.24 0.224937 0.226586 0.224385 0.000496569 0.00148701 0.00136398
119.26 0.224962 0.226642 0.224441 0.000628528 0.00141377 0.00140808
119.28 0.224974 0.226692 0.224491 0.000310937 0.00124307 0.00123754
119.3 0.224968 0.226736 0.224527 -0.000155685 0.00109275 0.000913192
119.32 0.224953 0.226776 0.224547 -0.00037376 0.00101176 0.000491195
119.34 0.224948 0.226815 0.224549 -0.00013342 0.000974252 4.66522e-05
119.36 0.224966 0.226853 0.224537 0.000460143 0.000949022 -0.000296025
119.38 0.225009 0.226892 0.224522 0.00108425 0.000956713 -0.000390416
119.4 0.225066 0.226934 0.224515 0.00141125 0.00105534 -0.000153418
119.42 0.225118 0.226985 0.22453 0.00129684 0.00127319 0.000358473
119.44 0.225152 0.227047 0.224568 0.000867238 0.00156619 0.000960927
119.46 0.22517 0.227121 0.224626 0.000451218 0.00183443 0.00144413
119.48 0.225185 0.227199 0.224694 0.000363299 0.00196858 0.00168988
119.5 0.225212 0.227276 0.224762 0.000685855 0.00190477 0.00172165
119.52 0.225262 0.227343 0.224829 0.00122824 0.00167529 0.00165553
119.54 0.225329 0.227399 0.224892 0.00168932 0.00141023 0.00159276
119.56 0.225404 0.22745 0.224954 0.00187297 0.00126217 0.00154399
119.58 0.225476 0.227502 0.225012 0.00181048 0.00131704 0.00143728
119.6 0.225546 0.227564 0.225059 0.00172941 0.00155241 0.00119318
119.62 0.225621 0.227638 0.225092 0.00187712 0.00184306 0.000815428
119.64 0.225714 0.227718 0.225109 0.00231937 0.00200801 0.000423397
119.66 0.225829 0.227795 0.225117 0.00287546 0.00190543 0.000192539
119.68 0.225958 0.227856 0.225126 0.00323939 0.00153811 0.000247932
119.7 0.226086 0.227899 0.22515 0.00318891 0.0010726 0.000587766
119.72 0.226195 0.227929 0.225193 0.00274228 0.000743293 0.0010856
119.74 0.226282 0.227957 0.225256 0.00216447 0.000717567 0.00156232
119.76 0.226354 0.227998 0.225331 0.00181265 0.00100729 0.00187548
119.78 0.226431 0.228056 0.225409 0.0019038 0.00146273 0.00196263
119.8 0.226525 0.22813 0.225482 0.00235525 0.00185169 0.00182057
119.82 0.226638 0.228209 0.22554 0.00282499 0.00197297 0.00145583
119.84 0.226755 0.228279 0.225575 0.00293912 0.0017467 0.000872878
119.86 0.226857 0.228329 0.22558 0.0025489 0.00125164 0.000124669
119.88 0.226931 0.228357 0.225555 0.00183609 0.000695107 -0.000635329
119.9 0.226979 0.22837 0.225508 0.00119519 0.000322435 -0.00117166
119.92 0.227017 0.228382 0.225457 0.000967227 0.00029635 -0.00127654
119.94 0.227065 0.228406 0.225421 0.0011977 0.000604739 -0.000905055
119.96 0.227129 0.228448 0.225412 0.00159411 0.00105817 -0.000228749
119.98 0.227198 0.228503 0.225429 0.00172891 0.00137914 0.000442568
120 0.227252 0.228557 0.225462 0.00134335 0.00133694 0.000825941
120.02 0.227273 0.228592 0.225495 0.000535737 0.000879872 0.000812678
120.04 0.227261 0.2286 0.225515 -0.000300374 0.000187176 0.000497352
120.06 0.227232 0.228583 0.225518 -0.000742566 -0.000415787 6.8268e-05
120.08 0.227207 0.228557 0.225504 -0.000620309 -0.000641636 -0.000339155
120.1 0.227202 0.228541 0.225476 -0.00012275 -0.000413216 -0.000695261
120.12 0.227215 0.228544 0.225436 0.000335126 9.15268e-05 -0.00101089
120.14 0.227231 0.228567 0.225386 0.000396404 0.000559642 -0.00124721
120.16 0.227231 0.228596 0.225334 -1.61038e-06 0.000740917 -0.00129638
120.18 0.227207 0.228619 0.225292 -0.000607856 0.000569697 -0.00104817
120.2 0.227165 0.228626 0.225273 -0.00105453 0.000157881 -0.00048549
120.22 0.22712 0.228614 0.225283 -0.00110854 -0.000293266 0.000266359
120.24 0.227088 0.22859 0.225323 -0.000799131 -0.000598145 0.000981386
120.26 0.227074 0.228564 0.22538 -0.000362855 -0.000659664 0.0014476
120.28 0.227071 0.228544 0.225444 -7.84146e-05 -0.000486993 0.00158395
120.3 0.227066 0.228537 0.225503 -0.00010315 -0.000165107 0.00147715
120.32 0.22705 0.228545 0.225555 -0.000398743 0.000191674 0.0013141
120.34 0.227019 0.228563 0.225606 -0.000785005 0.0004593 0.00126448
120.36 0.226976 0.228584 0.225662 -0.00106701 0.00051879 0.00138982
120.38 0.226932 0.228597 0.225727 -0.00111916 0.000313974 0.0016331
120.4 0.226896 0.228593 0.225802 -0.000902371 -8.66375e-05 0.00187688
120.42 0.226876 0.228574 0.225883 -0.00047657 -0.000494846 0.00202414
120.44 0.226876 0.228546 0.225965 -1.20743e-06 -0.000694253 0.00204665
120.46 0.226889 0.228523 0.226044 0.000322428 -0.000575071 0.00196875
120.48 0.226903 0.228514 0.226116 0.000343685 -0.000220995 0.00181775
120.5 0.226905 0.228519 0.22618 4.1895e-05 0.0001286 0.00159735
120.52 0.226887 0.228528 0.226232 -0.000446737 0.000231255 0.00129814
120.54 0.226852 0.228529 0.226269 -0.000877635 1.06011e-05 0.000927323
120.56 0.226811 0.228513 0.226291 -0.00101675 -0.000391403 0.00053738
120.58 0.22678 0.228484 0.2263 -0.000775291 -0.000716346 0.000233048
120.6 0.226769 0.228454 0.226305 -0.000273024 -0.000759534 0.000134283
120.62 0.226778 0.228434 0.226318 0.000221074 -0.000497569 0.000302205
120.64 0.226796 0.22843 0.226345 0.000443472 -9.64233e-05 0.000681679
120.66 0.226807 0.228438 0.226389 0.000291509 0.000204811 0.00110121
120.68 0.226803 0.228449 0.226442 -0.000117206 0.00025586 0.0013295
120.7 0.226782 0.228452 0.226489 -0.000517338 8.32017e-05 0.00117398
120.72 0.226756 0.228446 0.226513 -0.000651521 -0.000152987 0.000588688
120.74 0.226739 0.228435 0.226502 -0.000412385 -0.000282594 -0.000273096
120.76 0.226744 0.228426 0.226457 0.000117447 -0.000220465 -0.0011052
120.78 0.226773 0.228427 0.226394 0.00072816 2.10981e-05 -0.00158011
120.8 0.226821 0.228441 0.226334 0.00119556 0.00037003 -0.00150393
120.82 0.226877 0.228471 0.226297 0.00138928 0.000730792 -0.000915423
120.84 0.226929 0.22851 0.226295 0.00131414 0.000988902 -6.55954e-05
120.86 0.226972 0.228551 0.226324 0.00106717 0.00102322 0.000717631
120.88 0.227003 0.228582 0.226371 0.00077242 0.000774315 0.00118164
120.9 0.227025 0.228595 0.22642 0.000554703 0.000331167 0.00122819
120.92 0.227047 0.228593 0.226456 0.000537998 -6.81994e-05 0.000911117
120.94 0.227079 0.228586 0.226472 0.000808617 -0.000154508 0.00038823
120.96 0.227132 0.228595 0.226466 0.00133968 0.000218063 -0.000142986
120.98 0.227211 0.228634 0.226446 0.00195585 0.000968347 -0.000507675
121 0.227307 0.228706 0.226422 0.00239933 0.0017931 -0.000599462
121.02 0.227406 0.228798 0.226406 0.00247926 0.00231114 -0.000406123
121.04 0.227494 0.22889 0.226405 0.00220589 0.00228622 -6.94351e-06
121.06 0.227566 0.228961 0.226424 0.0017963 0.00178398 0.000464116
121.08 0.227627 0.229007 0.226459 0.00153372 0.00114407 0.000871999
121.1 0.22769 0.229038 0.226504 0.00157275 0.000777201 0.00112445
121.12 0.227763 0.229074 0.226551 0.00182724 0.000911095 0.00118739
121.14 0.227845 0.229132 0.226594 0.00204062 0.00143714 0.00107938
121.16 0.227924 0.229211 0.226629 0.00198881 0.00198256 0.000862867
121.18 0.22799 0.229298 0.226654 0.00164594 0.00217254 0.000632111
121.2 0.228038 0.229373 0.226674 0.00118938 0.00188392 0.000496801
121.22 0.228073 0.229426 0.226696 0.000871384 0.00131397 0.000556187
121.24 0.228108 0.229459 0.22673 0.00087663 0.000834987 0.000851622
121.26 0.228157 0.229489 0.226783 0.00123177 0.000751471 0.00131201
121.28 0.228228 0.229534 0.226853 0.00178351 0.00112071 0.00175008
121.3 0.228319 0.229603 0.226931 0.00226879 0.00173047 0.00194922
121.32 0.228418 0.229693 0.227003 0.00245912 0.00223991 0.00179459
121.34 0.228509 0.229789 0.227057 0.00227909 0.00239671 0.00135624
121.36 0.228581 0.229876 0.227091 0.00181509 0.00218849 0.000864026
121.38 0.228631 0.229949 0.227115 0.00124569 0.00182387 0.000583787
121.4 0.228662 0.230011 0.227141 0.000763336 0.00155402 0.000660406
121.42 0.228682 0.230071 0.227182 0.000508299 0.0014821 0.0010278
121.44 0.228703 0.230132 0.22724 0.000513448 0.00152122 0.00145093
121.46 0.22873 0.230192 0.227307 0.000691509 0.001511 0.00166782
121.48 0.228766 0.230247 0.227368 0.000887973 0.00136428 0.00153448
121.5 0.228804 0.230291 0.227412 0.000965262 0.00112274 0.00109182
121.52 0.228839 0.230328 0.227433 0.000863449 0.00090254 0.000531438
121.54 0.228863 0.230359 0.227437 0.000612646 0.000790254 7.91408e-05
121.56 0.228876 0.23039 0.227431 0.000303691 0.00077335 -0.000142846
121.58 0.228877 0.230421 0.227424 2.74682e-05 0.000761623 -0.000174619
121.6 0.22887 0.230448 0.227418 -0.000176912 0.000673893 -0.000157073
121.62 0.228857 0.230468 0.227409 -0.000317679 0.000514001 -0.000211906
121.64 0.22884 0.230483 0.227395 -0.000410902 0.000377026 -0.000361101
121.66 0.228822 0.230498 0.227373 -0.000456422 0.00037206 -0.000530233
121.68 0.228804 0.230518 0.227349 -0.000444123 0.000508877 -0.000615606
121.7 0.228789 0.230544 0.227326 -0.000375429 0.000650831 -0.0005665
121.72 0.228778 0.230568 0.227309 -0.000271926 0.000595128 -0.000428926
121.74 0.228772 0.230577 0.227296 -0.000171229 0.00022863 -0.000319551
121.76 0.228767 0.230563 0.227283 -0.000114223 -0.000355332 -0.000330473
121.78 0.228762 0.230528 0.227265 -0.000117527 -0.000882497 -0.00043857
121.8 0.228757 0.230485 0.227245 -0.000144905 -0.00106225 -0.000512191
121.82 0.228752 0.230454 0.227228 -0.000113893 -0.000772556 -0.000414614
121.84 0.228753 0.230449 0.227224 3.68074e-05 -0.000135194 -0.000101215
121.86 0.228764 0.230472 0.227239 0.000266973 0.000565592 0.000364312
121.88 0.228782 0.230514 0.227273 0.000434149 0.00104945 0.000852176
121.9 0.228797 0.230561 0.227322 0.000397398 0.00117919 0.0012268
121.92 0.228803 0.230601 0.227378 0.000135949 0.000996985 0.00140515
121.94 0.228794 0.230627 0.227434 -0.000219961 0.000650441 0.0013979
121.96 0.228775 0.230638 0.227486 -0.000471558 0.000284098 0.00130061
121.98 0.228756 0.230638 0.227535 -0.000482585 -1.1032e-05 0.00122048
122 0.228746 0.23063 0.227583 -0.000259754 -0.000180919 0.00119929
122.02 0.228748 0.230623 0.227631 6.72242e-05 -0.000193986 0.00120214
122.04 0.228762 0.23062 0.227678 0.000343479 -6.65962e-05 0.00116203
122.06 0.228782 0.230625 0.227719 0.000501159 0.000118552 0.00104067
122.08 0.228806 0.230635 0.227754 0.000604472 0.000246999 0.00087432
122.1 0.228837 0.230644 0.227785 0.000774437 0.00023068 0.000762877
122.12 0.228879 0.230646 0.227817 0.00104682 5.30408e-05 0.000801847
122.14 0.228931 0.230638 0.227857 0.00130448 -0.000210285 0.00101661
122.16 0.228986 0.230621 0.227911 0.00136521 -0.000418779 0.00134472
122.18 0.229031 0.230603 0.227978 0.00113669 -0.000444598 0.00166053
122.2 0.22906 0.230593 0.228051 0.000712546 -0.000244387 0.00183136
122.22 0.229074 0.230598 0.228122 0.000348275 0.000109296 0.00178642
122.24 0.229086 0.230616 0.228184 0.000319019 0.000450715 0.00154616
122.26 0.229116 0.23064 0.228232 0.000734218 0.000604047 0.00118616
122.28 0.229174 0.230659 0.228263 0.00144222 0.000486993 0.000782645
122.3 0.229258 0.230666 0.228279 0.00212245 0.000158381 0.000394941
122.32 0.229358 0.230657 0.228282 0.00249452 -0.000215559 7.9783e-05
122.34 0.229457 0.230639 0.228278 0.00247008 -0.000441626 -0.000106216
122.36 0.229543 0.230624 0.228273 0.00215965 -0.000392273 -0.000126833
122.38 0.229614 0.230621 0.228273 0.00177459 -7.25864e-05 1.14123e-05
122.4 0.229674 0.230636 0.228283 0.00149142 0.000383034 0.000253792
122.42 0.229728 0.230667 0.228304 0.00134727 0.000776273 0.000515818
122.44 0.229777 0.230705 0.228332 0.00123572 0.000938187 0.00070602
122.46 0.229818 0.230738 0.228362 0.00102184 0.000821784 0.000736134
122.48 0.229845 0.230759 0.228383 0.000674257 0.000533573 0.000544596
122.5 0.229857 0.23077 0.228389 0.000299044 0.000273272 0.000137861
122.52 0.22986 0.230778 0.228374 8.08119e-05 0.000215686 -0.000380722
122.54 0.229868 0.230795 0.22834 0.000183563 0.000410154 -0.000837223
122.56 0.229894 0.230825 0.228298 0.000649253 0.000751448 -0.00106179
122.58 0.229947 0.230866 0.228259 0.0013349 0.00103071 -0.000965966
122.6 0.230025 0.230909 0.228236 0.00193992 0.00106017 -0.000585757
122.62 0.23011 0.230941 0.228233 0.00214478 0.000813434 -7.07679e-05
122.64 0.230182 0.23096 0.228248 0.00179217 0.000467754 0.00037582
122.66 0.230222 0.230972 0.228271 0.000993206 0.000300604 0.000592505
122.68 0.230225 0.230992 0.228293 8.46793e-05 0.000508996 0.000544277
122.7 0.230204 0.231035 0.228307 -0.000541402 0.00107446 0.000334599
122.72 0.230178 0.231105 0.228312 -0.000634805 0.00175054 0.000133593
122.74 0.23017 0.231192 0.228315 -0.000196196 0.00218018 7.66461e-05
122.76 0.230192 0.231276 0.228323 0.000545344 0.00209997 0.000195578
122.78 0.230242 0.231337 0.228339 0.00125258 0.00151367 0.000414068
122.8 0.230308 0.231365 0.228363 0.00163147 0.000711227 0.000598602
122.82 0.23037 0.23137 0.228389 0.00155083 0.000117614 0.000640956
122.84 0.230413 0.231372 0.22841 0.00109135 5.9257e-05 0.000536351
122.86 0.230432 0.231395 0.228427 0.000477828 0.000571818 0.000406024
122.88 0.23043 0.23145 0.228444 -6.72661e-05 0.00137501 0.000434128
122.9 0.230413 0.231532 0.228474 -0.000420771 0.00204082 0.000748711
122.92 0.230391 0.231622 0.228527 -0.000558459 0.00225295 0.00132781
122.94 0.23037 0.231701 0.228607 -0.000508566 0.00198273 0.00199041
122.96 0.230358 0.23176 0.228706 -0.000311147 0.00145925 0.00247684
122.98 0.230358 0.231799 0.228809 -4.75353e-06 0.000977751 0.00257619
123 0.230372 0.231827 0.228898 0.000364932 0.000706876 0.00223691
123.02 0.230401 0.231852 0.228963 0.000723111 0.000621779 0.00160977
123.04 0.230439 0.231875 0.229002 0.000955901 0.000579557 0.000983895
123.06 0.230477 0.231893 0.229027 0.000944848 0.000456263 0.000629629
123.08 0.230503 0.231903 0.229053 0.000639068 0.000246007 0.000640773
123.1 0.230507 0.231905 0.229088 0.000120919 4.99497e-05 0.000885798
123.12 0.230492 0.231904 0.229133 -0.000396806 -2.62842e-05 0.00111171
123.14 0.230465 0.231906 0.229178 -0.000675217 3.8742e-05 0.00112414
123.16 0.230441 0.231913 0.229214 -0.000599303 0.000174788 0.000899699
123.18 0.230431 0.231924 0.229237 -0.000247471 0.000285151 0.000578884
123.2 0.230438 0.231937 0.229252 0.000175951 0.000329088 0.000371627
123.22 0.230457 0.231952 0.229268 0.000473902 0.000361404 0.000417344
123.24 0.230479 0.231971 0.229295 0.000555122 0.000487176 0.00067208
123.26 0.230497 0.232001 0.229332 0.000446975 0.0007461 0.000915806
123.28 0.230506 0.232042 0.229368 0.000240231 0.00103197 0.000905066
123.3 0.230507 0.232088 0.22939 1.60692e-05 0.00114179 0.000556146
123.32 0.230499 0.232125 0.229391 -0.00019269 0.000924791 5.50762e-06
123.34 0.230484 0.232142 0.229371 -0.000391218 0.000414868 -0.000487916
123.36 0.23046 0.232136 0.229343 -0.000591666 -0.000148349 -0.000708351
123.38 0.230429 0.232118 0.229319 -0.000775072 -0.000431405 -0.000600276
123.4 0.230394 0.23211 0.229308 -0.000869417 -0.000203603 -0.000276847
123.42 0.230363 0.23213 0.229311 -0.000775939 0.000499252 7.12713e-05
123.44 0.230345 0.232185 0.229322 -0.000444625 0.00136242 0.000293016
123.46 0.230348 0.232262 0.229336 5.24153e-05 0.00194072 0.000333263
123.48 0.230369 0.232338 0.229344 0.000530409 0.00189197 0.000217923
123.5 0.2304 0.232385 0.229345 0.00078416 0.00118231 1.26007e-05
123.52 0.230428 0.232391 0.229337 0.000702021 0.000143436 -0.000206416
123.54 0.230442 0.232364 0.229322 0.000348183 -0.000680404 -0.00035723
123.56 0.23044 0.23233 0.229308 -4.7956e-05 -0.000839279 -0.000361692
123.58 0.230432 0.23232 0.229301 -0.000215097 -0.000254182 -0.000170973
123.6 0.230431 0.232349 0.229309 -1.36074e-05 0.000722515 0.000202742
123.62 0.23045 0.23241 0.229336 0.000464932 0.00152349 0.000668318
123.64 0.230488 0.232479 0.229379 0.00095886 0.0017253 0.00108468
123.66 0.230537 0.232531 0.229433 0.00121542 0.00129251 0.00133186
123.68 0.230583 0.232553 0.229487 0.00115978 0.000553918 0.00136797
123.7 0.230621 0.232552 0.229537 0.000948346 -2.39977e-05 0.00124047
123.72 0.230655 0.232548 0.229579 0.000853389 -0.00010907 0.00105027
123.74 0.230697 0.23256 0.229614 0.00105454 0.000309142 0.00089039
123.76 0.230758 0.232597 0.229647 0.00151756 0.000929234 0.000804961
123.78 0.23084 0.232652 0.229679 0.00204975 0.00136799 0.000797005
123.8 0.230937 0.232709 0.229712 0.00243836 0.00142734 0.000847863
123.82 0.23104 0.232756 0.229749 0.00255758 0.00118073 0.000910963
123.84 0.231137 0.23279 0.229786 0.00242142 0.000858157 0.000915091
123.86 0.231223 0.232817 0.229818 0.00216442 0.000658399 0.000807196
123.88 0.231301 0.232842 0.229842 0.00194676 0.000625224 0.000600272
123.9 0.231375 0.232868 0.229857 0.00185224 0.000653131 0.000381773
123.92 0.23145 0.232892 0.229868 0.00186439 0.000608437 0.000276896
123.94 0.231527 0.232911 0.229884 0.00191955 0.000464068 0.000385844
123.96 0.231605 0.232924 0.229912 0.00196127 0.000324978 0.000722436
123.98 0.231683 0.232937 0.22996 0.00196175 0.000334291 0.00118299
124 0.231761 0.232959 0.230023 0.00193165 0.000549538 0.00157256
124.02 0.231838 0.232995 0.230091 0.00192283 0.00088348 0.00169505
124.04 0.231918 0.23304 0.230149 0.00199832 0.00114772 0.00145813
124.06 0.232005 0.233087 0.230186 0.00217447 0.00116486 0.000919269
124.08 0.2321 0.233122 0.230196 0.00237945 0.000873371 0.000252364
124.1 0.232198 0.233136 0.230183 0.00246261 0.000357745 -0.000326927
124.12 0.232289 0.233128 0.230157 0.00227065 -0.000209811 -0.000634511
124.14 0.23236 0.233102 0.230134 0.00177194 -0.000653962 -0.000575613
124.16 0.232405 0.233068 0.230127 0.00113077 -0.000845878 -0.00018801
124.18 0.23243 0.233039 0.230141 0.000629898 -0.00072212 0.000358566
124.2 0.23245 0.233027 0.230174 0.000478611 -0.000300945 0.000835868
124.22 0.232476 0.233039 0.230217 0.000670522 0.000309576 0.0010626
124.24 0.232517 0.233077 0.230256 0.00100582 0.000929453 0.000976017
124.26 0.232566 0.233131 0.230282 0.0012299 0.00135487 0.000642702
124.28 0.232613 0.233188 0.230291 0.00118008 0.00143701 0.000221986
124.3 0.232648 0.233235 0.230286 0.000877534 0.00116284 -0.000105843
124.32 0.232669 0.233262 0.230277 0.00051197 0.00067156 -0.000222749
124.34 0.23268 0.233269 0.230273 0.000297713 0.000174108 -0.000115399
124.36 0.232692 0.233262 0.230278 0.00029392 -0.000151895 0.000131507
124.38 0.232706 0.233254 0.230293 0.000352625 -0.000220416 0.000370446
124.4 0.232716 0.233252 0.230311 0.000248561 -4.5088e-05 0.000459711
124.42 0.232711 0.233264 0.230325 -0.00013042 0.000296829 0.000345264
124.44 0.232684 0.233293 0.230329 -0.000681426 0.000720975 0.000101837
124.46 0.232638 0.233339 0.230325 -0.00113542 0.00115179 -9.61884e-05
124.48 0.232589 0.233398 0.230323 -0.00123352 0.00149209 -7.00781e-05
124.5 0.232552 0.233463 0.230332 -0.00091703 0.00162205 0.000238517
124.52 0.232537 0.233522 0.23036 -0.000383865 0.00146113 0.000703793
124.54 0.232539 0.233563 0.230403 4.11776e-05 0.00104082 0.00107636
124.56 0.232543 0.233584 0.230449 0.000118862 0.000518954 0.00113142
124.58 0.232537 0.233589 0.230481 -0.000155642 0.000122118 0.000818906
124.6 0.232515 0.23359 0.230494 -0.000556629 2.92623e-05 0.000321157
124.62 0.232484 0.233601 0.230493 -0.000777117 0.000260723 -3.1318e-05
124.64 0.232459 0.233627 0.230495 -0.000630361 0.000666121 5.22507e-05
124.66 0.232452 0.233668 0.23052 -0.00017289 0.00102751 0.000633551
124.68 0.232465 0.233716 0.23058 0.000336555 0.00119996 0.00148726
124.7 0.23249 0.233764 0.230669 0.000612859 0.0011868 0.00222045
124.72 0.232511 0.233808 0.230768 0.000527844 0.00110172 0.00248816
124.74 0.232518 0.23385 0.230855 0.000172257 0.00105848 0.00217151
124.76 0.232508 0.233893 0.230912 -0.00023926 0.00106881 0.00142216
124.78 0.232487 0.233934 0.230935 -0.000524816 0.00103352 0.000570293
124.8 0.232462 0.233968 0.230933 -0.000633819 0.000852159 -3.6063e-05
124.82 0.232436 0.23399 0.230926 -0.000638938 0.000540428 -0.000181983
124.84 0.232411 0.233999 0.230931 -0.000627351 0.000237433 0.000137107
124.86 0.232388 0.234004 0.230961 -0.000583938 0.000104578 0.000741495
124.88 0.232372 0.234012 0.231016 -0.000399189 0.000209277 0.00136893
124.9 0.232372 0.234031 0.231087 -6.51687e-06 0.000476888 0.00177838
124.92 0.232391 0.234061 0.23116 0.000498818 0.000736075 0.00181801
124.94 0.232427 0.234094 0.231218 0.000883469 0.000829618 0.00145864
124.96 0.232464 0.234122 0.23125 0.000918568 0.000713167 0.000797186
124.98 0.232485 0.234141 0.231252 0.000538734 0.000461483 3.98636e-05
125 0.232482 0.234148 0.23123 -8.26655e-05 0.000189121 -0.000547917
125.02 0.232458 0.234147 0.2312 -0.000605516 -2.38199e-05 -0.000737692
125.04 0.232429 0.234142 0.231182 -0.000726251 -0.000141307 -0.000455465
125.06 0.232413 0.234136 0.231188 -0.000378685 -0.000142932 0.000152054
125.08 0.232422 0.234136 0.231218 0.000224405 -9.25882e-06 0.000760085
125.1 0.232452 0.234146 0.231259 0.000743968 0.000256268 0.00101287
125.12 0.23249 0.234169 0.231288 0.000946005 0.000588762 0.000728891
125.14 0.232524 0.234203 0.23129 0.000839505 0.000853263 4.94579e-05
125.16 0.232549 0.23424 0.231265 0.000630367 0.000903267 -0.000615319
125.18 0.232571 0.234267 0.231232 0.000544171 0.000685911 -0.000842891
125.2 0.232597 0.234279 0.231213 0.000664387 0.000308144 -0.000474578
125.22 0.232633 0.234279 0.231224 0.000900855 2.9754e-06 0.000285136
125.24 0.232676 0.23428 0.231264 0.00107751 2.96942e-06 0.000996703
125.26 0.232719 0.234295 0.231314 0.00106461 0.000394118 0.00125216
125.28 0.232754 0.234337 0.231351 0.000875425 0.00104432 0.000928822
125.3 0.23278 0.234403 0.231362 0.000658432 0.0016578 0.000264458
125.32 0.232804 0.234481 0.23135 0.000589313 0.00193521 -0.000307241
125.34 0.232834 0.23455 0.231332 0.000751983 0.00174002 -0.000443426
125.36 0.232878 0.234597 0.231328 0.00110335 0.00117004 -9.47961e-05
125.38 0.232939 0.234617 0.231348 0.00152139 0.000503338 0.000503846
125.4 0.233014 0.23462 0.231389 0.00187404 5.76065e-05 0.00102052
125.42 0.233096 0.234621 0.231439 0.00206608 4.14594e-05 0.00124666
125.44 0.233179 0.23464 0.231487 0.00206025 0.000468229 0.00120797
125.46 0.233254 0.234687 0.231531 0.00188446 0.0011624 0.00109067
125.48 0.233319 0.234761 0.231573 0.00163237 0.00185085 0.00105753
125.5 0.233377 0.234852 0.231618 0.00143491 0.00228076 0.00111679
125.52 0.233433 0.234944 0.231663 0.00139053 0.00230521 0.00114077
125.54 0.233493 0.235021 0.231704 0.00150743 0.0019247 0.00100661
125.56 0.233561 0.235073 0.231733 0.00170677 0.00129194 0.000733893
125.58 0.233636 0.2351 0.231753 0.00188103 0.0006717 0.000507291
125.6 0.233715 0.235113 0.231776 0.00196072 0.00033936 0.000564241
125.62 0.233793 0.235131 0.231816 0.00195154 0.000445605 0.00101221
125.64 0.23387 0.235168 0.231885 0.00192257 0.000924241 0.0017032
125.66 0.233947 0.235229 0.231976 0.00193967 0.00151661 0.00228287
125.68 0.234027 0.235305 0.232072 0.00199342 0.00190723 0.00240366
125.7 0.234106 0.23538 0.23215 0.00198196 0.00188433 0.00194965
125.72 0.234177 0.235438 0.232195 0.00177716 0.00144981 0.0011136
125.74 0.234231 0.235471 0.232206 0.0013404 0.000824858 0.000276772
125.76 0.234263 0.235484 0.232197 0.000790492 0.000316959 -0.000217758
125.78 0.234276 0.235489 0.232187 0.000342667 0.000114014 -0.00024438
125.8 0.234283 0.235495 0.23219 0.000162726 0.000167572 6.85161e-05
125.82 0.234293 0.235506 0.232208 0.000266139 0.000261239 0.000444107
125.84 0.234315 0.235514 0.232233 0.000530339 0.00019851 0.000630612
125.86 0.234346 0.235511 0.232254 0.000784321 -5.32214e-05 0.0005377
125.88 0.234382 0.235497 0.232265 0.0009013 -0.000355785 0.000261578
125.9 0.234416 0.235477 0.232265 0.000840618 -0.000511469 2.80201e-06
125.92 0.234441 0.23546 0.232263 0.000618709 -0.000409603 -5.95979e-05
125.94 0.234451 0.235456 0.232267 0.000263356 -0.000104573 0.000118614
125.96 0.234444 0.235465 0.232283 -0.000186753 0.000222355 0.000402739
125.98 0.234418 0.23548 0.232306 -0.000642027 0.000383109 0.00055996
126 0.23438 0.235492 0.232323 -0.000952375 0.000298748 0.000426782
126.02 0.234341 0.235494 0.232324 -0.000975875 3.16886e-05 3.24287e-05
126.04 0.234314 0.235483 0.232307 -0.000670527 -0.000272151 -0.000419202
126.06 0.234308 0.235464 0.23228 -0.000148987 -0.000480809 -0.000690828
126.08 0.234321 0.235441 0.232253 0.000337624 -0.000552875 -0.000658889
126.1 0.234343 0.23542 0.232239 0.000526883 -0.000533969 -0.000362936
126.12 0.234356 0.235401 0.232241 0.000328485 -0.000475946 5.506e-05
126.14 0.234352 0.235386 0.23226 -9.45169e-05 -0.000363862 0.000461665
126.16 0.234334 0.235381 0.232292 -0.000438219 -0.000133008 0.000807422
126.18 0.234315 0.235391 0.232336 -0.000478118 0.000242661 0.00110811
126.2 0.234306 0.235418 0.232391 -0.000221267 0.000682638 0.00136539
126.22 0.234311 0.235459 0.232451 0.000111308 0.00102188 0.00151385
126.24 0.234321 0.235503 0.232509 0.000252133 0.00111031 0.00144828
126.26 0.234325 0.23554 0.232554 9.64779e-05 0.000919415 0.00111888
126.28 0.234317 0.235563 0.232579 -0.000203319 0.000579681 0.000615032
126.3 0.234303 0.235576 0.232585 -0.000346535 0.000315075 0.000159999
126.32 0.234298 0.235588 0.232585 -0.000128541 0.000298398 -5.42101e-06
126.34 0.234313 0.235609 0.232594 0.000379007 0.000534019 0.000217295
126.36 0.234348 0.235644 0.232622 0.000875821 0.000861842 0.000705219
126.38 0.234391 0.235687 0.23267 0.00106822 0.00106843 0.00119533
126.4 0.234426 0.235728 0.232728 0.000889308 0.00102675 0.00147058
126.42 0.234447 0.235758 0.232788 0.000530083 0.000768208 0.00148955
126.44 0.234458 0.235776 0.232843 0.00027281 0.000446624 0.00136582
126.46 0.234469 0.235786 0.232893 0.000271613 0.000239743 0.00124915
126.48 0.234487 0.235796 0.232941 0.000450573 0.000254527 0.00120593
126.5 0.23451 0.235815 0.232987 0.000582248 0.000481499 0.00116761
126.52 0.23453 0.235848 0.233027 0.000478732 0.000808057 0.000988939
126.54 0.234536 0.23589 0.233051 0.00016718 0.00107099 0.000589914
126.56 0.234533 0.235936 0.233054 -9.03031e-05 0.0011335 7.6261e-05
126.58 0.234533 0.235974 0.233042 1.58123e-05 0.000964177 -0.000280767
126.6 0.234557 0.236001 0.233034 0.000584055 0.000661742 -0.000221492
126.62 0.234612 0.236017 0.233046 0.00139358 0.000399374 0.000300608
126.64 0.234694 0.236029 0.233088 0.00204003 0.000317876 0.00105663
126.66 0.234783 0.236047 0.233155 0.00221222 0.000441628 0.00167137
126.68 0.234858 0.236074 0.233229 0.00189934 0.000670927 0.00184493
126.7 0.234914 0.236108 0.233289 0.00137659 0.000846317 0.00150969
126.72 0.234952 0.236142 0.233322 0.000972746 0.000855886 0.000832708
126.74 0.234985 0.236171 0.233326 0.000812669 0.000717085 8.8956e-05
126.76 0.235015 0.236193 0.233306 0.000751028 0.000559685 -0.000492764
126.78 0.235036 0.236214 0.233274 0.000537157 0.000514157 -0.000810925
126.8 0.235039 0.236238 0.233239 7.13755e-05 0.000601918 -0.000858948
126.82 0.235022 0.236267 0.233213 -0.000443269 0.000724494 -0.000651709
126.84 0.234998 0.236296 0.233204 -0.000597887 0.000743983 -0.000223001
126.86 0.234994 0.23632 0.233217 -9.20611e-05 0.000588514 0.000315277
126.88 0.235033 0.236333 0.233247 0.000965801 0.000317175 0.000764291
126.9 0.235114 0.236337 0.233285 0.00204344 0.000110103 0.000939801
126.92 0.235215 0.236344 0.233317 0.00250568 0.000173932 0.000806892
126.94 0.235296 0.236368 0.233338 0.00203793 0.000595278 0.000513679
126.96 0.235331 0.236417 0.233349 0.00086418 0.00123985 0.000285734
126.98 0.235315 0.236489 0.23336 -0.000393346 0.00178837 0.000261747
127 0.235271 0.236566 0.233376 -0.00110688 0.00191278 0.000392968
127.02 0.23523 0.236625 0.233395 -0.00101322 0.00149445 0.000486082
127.04 0.235217 0.236655 0.23341 -0.000319306 0.000736136 0.000372633
127.06 0.235237 0.236658 0.233413 0.00049435 7.41641e-05 7.79489e-05
127.08 0.235277 0.236655 0.233406 0.00100378 -6.89139e-05 -0.000164617
127.1 0.235321 0.236673 0.233403 0.00108 0.000454988 -8.2148e-05
127.12 0.235356 0.23673 0.23342 0.000888621 0.00140984 0.00041868
127.14 0.235384 0.236822 0.233466 0.000695388 0.00230587 0.00115153
127.16 0.23541 0.23693 0.233536 0.000652996 0.00269938 0.00174721
127.18 0.235439 0.237028 0.233612 0.000726827 0.00245653 0.00189482
127.2 0.235471 0.2371 0.233674 0.000791484 0.00181017 0.00156875
127.22 0.235502 0.237148 0.233717 0.000771075 0.00117985 0.00105462
127.24 0.235529 0.237183 0.233746 0.000690815 0.00088067 0.000730469
127.26 0.235554 0.23722 0.233777 0.000628073 0.000933445 0.000776821
127.28 0.23558 0.237265 0.233819 0.000633415 0.00111138 0.00105331
127.3 0.235607 0.237311 0.233868 0.000687418 0.0011654 0.00122515
127.32 0.235636 0.237352 0.233909 0.000722624 0.00102684 0.00102927
127.34 0.235663 0.237385 0.233928 0.000684716 0.000824043 0.000482472
127.36 0.235687 0.237415 0.233924 0.000587928 0.000730681 -0.000117607
127.38 0.235708 0.237447 0.233908 0.000517289 0.000799258 -0.000394312
127.4 0.23573 0.237483 0.233902 0.000559325 0.000911698 -0.000152768
127.42 0.235759 0.237518 0.233922 0.000720427 0.000880178 0.000493024
127.44 0.235795 0.237543 0.23397 0.000915153 0.000624099 0.00121928
127.46 0.235837 0.237554 0.234039 0.00103132 0.000267568 0.00171715
127.48 0.235877 0.237556 0.234113 0.000998397 4.65308e-05 0.00185572
127.5 0.235909 0.23756 0.234181 0.000817313 0.00010339 0.00168518
127.52 0.235932 0.237574 0.234234 0.000559997 0.000352492 0.00132509
127.54 0.235945 0.237595 0.234268 0.000341967 0.000518724 0.000856093
127.56 0.235956 0.237609 0.23428 0.000264237 0.000350815 0.000309837
127.58 0.23597 0.237603 0.23427 0.00036151 -0.00014392 -0.000250512
127.6 0.235994 0.237577 0.234243 0.000597142 -0.000650707 -0.00066995
127.62 0.23603 0.237547 0.234213 0.000885291 -0.000755757 -0.000750959
127.64 0.236074 0.237536 0.234198 0.00110964 -0.000267029 -0.000392447
127.66 0.23612 0.23756 0.23421 0.00115718 0.000608983 0.000298737
127.68 0.23616 0.237615 0.234251 0.000985072 0.00136959 0.00103114
127.7 0.236186 0.237676 0.23431 0.000665002 0.00152734 0.00147384
127.72 0.2362 0.237714 0.234367 0.000343068 0.000932602 0.001426
127.74 0.236206 0.237709 0.234404 0.000146282 -0.00010662 0.000922422
127.76 0.236211 0.237669 0.234413 0.000114514 -0.000997671 0.00021754
127.78 0.236218 0.237621 0.234398 0.000193209 -0.00122008 -0.000354847
127.8 0.236229 0.237595 0.234376 0.000273912 -0.000634233 -0.000566494
127.82 0.23624 0.237613 0.23436 0.000268013 0.000451889 -0.000402011
127.84 0.236247 0.237673 0.234359 0.000175471 0.00148745 -2.60517e-05
127.86 0.23625 0.237753 0.234372 8.75279e-05 0.00200304 0.000344176
127.88 0.236255 0.237827 0.234395 0.000116406 0.00184399 0.000571342
127.9 0.236268 0.237875 0.234421 0.000314505 0.00119955 0.000653405
127.92 0.236293 0.237893 0.234448 0.000638109 0.000447117 0.000668275
127.94 0.236332 0.23789 0.234475 0.00096116 -7.02187e-05 0.000673463
127.96 0.236377 0.237882 0.234502 0.00114112 -0.000198997 0.000664873
127.98 0.236422 0.237882 0.234526 0.00111332 8.07493e-06 0.000618758
128 0.236459 0.237898 0.234548 0.000929523 0.000398374 0.000543112
128.02 0.236487 0.237932 0.234567 0.000708774 0.000838041 0.000483073
128.04 0.236509 0.237981 0.234587 0.000549837 0.00124242 0.000488308
128.06 0.236529 0.238043 0.23461 0.000488846 0.00153998 0.000570856
128.08 0.23655 0.238109 0.234637 0.000520572 0.00164613 0.000684047
128.1 0.236575 0.238168 0.234667 0.00062575 0.00148786 0.000751467
128.12 0.236606 0.238211 0.234696 0.000768396 0.00105947 0.000730144
128.14 0.236641 0.238229 0.234723 0.000895341 0.00046568 0.000656826
128.16 0.23668 0.238226 0.234748 0.000958122 -9.00596e-05 0.000629841
128.18 0.236717 0.23821 0.234777 0.000932164 -0.00039217 0.000734164
128.2 0.23675 0.238197 0.234816 0.000828935 -0.00033131 0.000976543
128.22 0.236778 0.238198 0.234867 0.000700836 2.80007e-05 0.00128057
128.24 0.236803 0.238217 0.234929 0.000621906 0.000488186 0.00152716
128.26 0.236829 0.238251 0.234993 0.000639475 0.000833932 0.00161216
128.28 0.236858 0.238288 0.235053 0.00073671 0.000938775 0.00149518
128.3 0.236892 0.238321 0.235101 0.000847427 0.000811287 0.00121017
128.32 0.236928 0.238343 0.235135 0.000906273 0.000567314 0.000842778
128.34 0.236964 0.238357 0.235155 0.00088941 0.00033875 0.000500844
128.36 0.236997 0.238364 0.235167 0.000820155 0.000175061 0.000290103
128.38 0.237026 0.238365 0.235178 0.000738334 2.65847e-05 0.000282815
128.4 0.237052 0.238358 0.235197 0.000656599 -0.000166764 0.000472932
128.42 0.237075 0.238344 0.235227 0.000553274 -0.000369262 0.00076231
128.44 0.237091 0.238326 0.235268 0.000417785 -0.000436475 0.00100819
128.46 0.237103 0.238318 0.235312 0.000296022 -0.000212599 0.00109827
128.48 0.237114 0.238331 0.235351 0.000275141 0.00033629 0.000995392
128.5 0.23713 0.238373 0.235381 0.000400504 0.00103898 0.00073889
128.52 0.237154 0.238435 0.235398 0.000597563 0.00156396 0.000425583
128.54 0.237182 0.238499 0.235405 0.000686879 0.00160258 0.000165798
128.56 0.237202 0.238543 0.235406 0.000501184 0.0010855 2.79662e-05
128.58 0.237203 0.238553 0.235406 2.47185e-05 0.00026392 1.18322e-05
128.6 0.23718 0.238536 0.235409 -0.000554978 -0.000419641 5.72482e-05
128.62 0.237143 0.238513 0.235412 -0.00094129 -0.000590531 7.58625e-05
128.64 0.237106 0.238506 0.235411 -0.000909458 -0.000169807 -1.98993e-06
128.66 0.237088 0.238529 0.235404 -0.000451584 0.000566707 -0.000177656
128.68 0.237096 0.238575 0.23539 0.00019963 0.00115901 -0.000365676
128.7 0.237124 0.238626 0.235372 0.000700849 0.00128559 -0.000436072
128.72 0.237157 0.238666 0.23536 0.000810299 0.000984554 -0.000301923
128.74 0.237178 0.238689 0.235361 0.000522142 0.000581404 1.53887e-05
128.76 0.237179 0.238705 0.235377 3.75003e-05 0.000406961 0.000397134
128.78 0.237164 0.238727 0.235404 -0.00038274 0.000548793 0.000692315
128.8 0.237141 0.23876 0.235437 -0.000574394 0.000822254 0.000802728
128.82 0.237119 0.238798 0.235466 -0.000532354 0.000941783 0.00074621
128.84 0.237105 0.238828 0.235492 -0.000353022 0.000739932 0.000648969
128.86 0.2371 0.23884 0.235518 -0.000124601 0.000302763 0.000653022
128.88 0.237106 0.238837 0.235551 0.00013696 -6.22192e-05 0.000802652
128.9 0.237124 0.238836 0.235591 0.000460909 -3.60861e-05 0.00101045
128.92 0.237158 0.238854 0.235636 0.000838732 0.000462396 0.00112559
128.94 0.237205 0.238902 0.235678 0.00117647 0.00120082 0.00104274
128.96 0.237259 0.238974 0.235709 0.00133991 0.00179819 0.000791495
128.98 0.237309 0.239053 0.235731 0.00125217 0.00198034 0.000546974
129 0.237347 0.239122 0.235752 0.000960335 0.00172434 0.00053107
129.02 0.237372 0.239172 0.235787 0.000629706 0.00123314 0.000858648
129.04 0.237391 0.239204 0.235844 0.000463858 0.000796281 0.00143457
129.06 0.237414 0.239228 0.235923 0.000587886 0.000617582 0.00198216
129.08 0.237453 0.239256 0.236011 0.000971527 0.000706004 0.00219581
129.1 0.237511 0.239293 0.236088 0.0014521 0.000905659 0.00192775
129.12 0.237585 0.239334 0.23614 0.00184293 0.00104428 0.00128709
129.14 0.237666 0.239377 0.236163 0.00203734 0.00107172 0.000581851
129.16 0.237748 0.23942 0.236169 0.00203451 0.00107568 0.000137022
129.18 0.237824 0.239467 0.236173 0.00189643 0.00116836 0.000106753
129.2 0.237892 0.239521 0.236189 0.00170207 0.00135272 0.000394694
129.22 0.237953 0.239581 0.236218 0.0015227 0.00149306 0.000728026
129.24 0.238009 0.239637 0.236252 0.00140427 0.00141077 0.000841398
129.26 0.238063 0.239679 0.236278 0.00135832 0.00103628 0.000655854
129.28 0.238117 0.239699 0.236291 0.00135711 0.000497866 0.000322979
129.3 0.238171 0.239701 0.236294 0.00133804 6.46907e-05 9.2409e-05
129.32 0.23822 0.2397 0.236299 0.00122635 -2.66437e-05 0.000106441
129.34 0.238259 0.239711 0.236311 0.00097619 0.000263661 0.00029947
129.36 0.238284 0.239741 0.236329 0.000613125 0.000744592 0.000470699
129.38 0.238294 0.239785 0.236347 0.000257654 0.00111628 0.000450422
129.4 0.238298 0.239832 0.236357 9.7537e-05 0.00116947 0.000228608
129.42 0.238309 0.239869 0.236355 0.00027614 0.000919459 -4.23677e-05
129.44 0.238339 0.239892 0.236348 0.000749204 0.000575687 -0.000169486
129.46 0.238389 0.239907 0.236345 0.00125319 0.000384622 -8.12476e-05
129.48 0.238447 0.239926 0.236349 0.00145194 0.000468718 9.62093e-05
129.5 0.238494 0.239957 0.236354 0.00116789 0.000767916 0.000133796
129.52 0.238515 0.240001 0.23635 0.000533647 0.00110565 -9.3844e-05
129.54 0.238513 0.240054 0.236332 -5.33298e-05 0.0013245 -0.000468543
129.56 0.238506 0.240109 0.236304 -0.000174965 0.00138076 -0.000697575
129.58 0.238519 0.240162 0.236282 0.000317903 0.00131598 -0.000538289
129.6 0.238566 0.240208 0.236283 0.00118623 0.00116197 1.77366e-05
129.62 0.238644 0.240244 0.236312 0.00195104 0.000903427 0.000734593
129.64 0.238732 0.240265 0.236364 0.00220305 0.00052488 0.00128624
129.66 0.238806 0.240268 0.236422 0.00185149 7.8625e-05 0.00146829
129.68 0.238853 0.240257 0.236475 0.0011556 -0.000293387 0.00131632
129.7 0.238874 0.240241 0.236517 0.00053993 -0.00040321 0.00105293
129.72 0.238887 0.240236 0.236554 0.000320323 -0.000125646 0.000914748
129.74 0.238908 0.240255 0.236593 0.000521918 0.000482167 0.000989082
129.76 0.238944 0.240302 0.23664 0.000902484 0.00117038 0.00116523
129.78 0.23899 0.240367 0.236689 0.00116267 0.00162387 0.00123861
129.8 0.239037 0.240432 0.236734 0.0011694 0.00163786 0.00110271
129.82 0.239077 0.240481 0.236768 0.00099903 0.00122902 0.000857284
129.84 0.239109 0.240506 0.236797 0.000804021 0.000616771 0.00072065
129.86 0.239136 0.240509 0.23683 0.000656733 8.70289e-05 0.000833871
129.88 0.239156 0.240502 0.236876 0.000497321 -0.000177681 0.00114299
129.9 0.239164 0.240495 0.236934 0.000203809 -0.0001832 0.00144956
129.92 0.239153 0.240493 0.236997 -0.000261027 -5.74905e-05 0.00156906
129.94 0.239124 0.240496 0.237055 -0.00074134 7.99292e-05 0.001462
129.96 0.239085 0.240503 0.237105 -0.000952135 0.00018183 0.00124751
129.98 0.239058 0.240513 0.237149 -0.000697118 0.000254046 0.00109566
130 0.239056 0.240526 0.237192 -5.16367e-05 0.000312325 0.00108019
130.02 0.239081 0.24054 0.237236 0.000637491 0.000354774 0.00110747
130.04 0.239118 0.240554 0.237276 0.000934498 0.000355225 0.000989803
130.06 0.239142 0.240565 0.237301 0.000583374 0.000280508 0.000617226
130.08 0.23913 0.24057 0.237304 -0.000295414 0.000121669 8.01668e-05
130.1 0.239081 0.240566 0.237289 -0.00123083 -0.000104012 -0.000369651
130.12 0.239014 0.240551 0.237269 -0.00167824 -0.000377679 -0.000491599
130.14 0.238958 0.240524 0.23726 -0.00138186 -0.000682646 -0.000233875
130.16 0.238936 0.240485 0.237269 -0.00054547 -0.000973803 0.0002152
130.18 0.238949 0.240439 0.23729 0.000322395 -0.00115553 0.000546555
130.2 0.238979 0.240394 0.237312 0.000750198 -0.00112477 0.000534338
130.22 0.239003 0.24036 0.237319 0.00058162 -0.000852318 0.000181472
130.24 0.239004 0.240342 0.237308 3.11724e-05 -0.000427585 -0.000284392
130.26 0.238984 0.240341 0.237285 -0.00048766 -3.59891e-05 -0.000554682
130.28 0.238959 0.240346 0.237268 -0.000646229 0.000122115 -0.000438552
130.3 0.238942 0.240344 0.237268 -0.000417978 -5.23658e-05 1.43086e-05
130.32 0.238939 0.240325 0.237291 -5.98133e-05 -0.000465876 0.000557218
130.34 0.238945 0.240291 0.237327 0.000140647 -0.000857442 0.000910651
130.36 0.23895 0.240253 0.237364 0.000120891 -0.000945895 0.000926008
130.38 0.238953 0.240229 0.237391 6.89604e-05 -0.000596931 0.000660081
130.4 0.238962 0.240233 0.237404 0.00022486 0.000100103 0.000326107
130.42 0.238988 0.240268 0.237409 0.000653207 0.000871197 0.000143761
130.44 0.239034 0.240324 0.237417 0.00116685 0.00138825 0.000200679
130.46 0.239092 0.240381 0.237434 0.00145149 0.00144559 0.000422021
130.48 0.239145 0.240425 0.23746 0.00131951 0.00109131 0.000644591
130.5 0.239181 0.240449 0.237489 0.000899622 0.000612746 0.000732843
130.52 0.239204 0.240464 0.237516 0.000570883 0.000356637 0.00066917
130.54 0.239231 0.240484 0.237539 0.00067144 0.000508197 0.000563863
130.56 0.23928 0.240524 0.237561 0.00123316 0.000997942 0.000562466
130.58 0.239358 0.240587 0.23759 0.00195524 0.00157259 0.000718226
130.6 0.239455 0.240665 0.237628 0.00241165 0.00195668 0.000952964
130.62 0.239548 0.240746 0.237673 0.0023305 0.0020091 0.00112699
130.64 0.239619 0.240817 0.237719 0.00176154 0.00178921 0.00113572
130.66 0.23966 0.240877 0.237757 0.00103265 0.00149559 0.000959792
130.68 0.239681 0.24093 0.237784 0.00053514 0.0013251 0.000661914
130.7 0.239701 0.240984 0.237798 0.000489985 0.00135236 0.000360131
130.72 0.239734 0.241044 0.237805 0.000831666 0.00150093 0.000177137
130.74 0.239785 0.241109 0.237812 0.00127903 0.00162185 0.00017867
130.76 0.239847 0.241174 0.237826 0.00154002 0.00161817 0.000343578
130.78 0.239906 0.241234 0.237849 0.00148783 0.00151118 0.000583833
130.8 0.239955 0.24129 0.237881 0.00120132 0.00140384 0.000800468
130.82 0.23999 0.241346 0.237919 0.000875083 0.00138573 0.000931323
130.84 0.240017 0.241404 0.237957 0.000682254 0.00146315 0.000962003
130.86 0.240044 0.241467 0.237994 0.000679839 0.00156428 0.000915646
130.88 0.240076 0.241531 0.238027 0.000791828 0.00159894 0.000836942
130.9 0.24011 0.241592 0.238058 0.000864576 0.00152385 0.000763491
130.92 0.240141 0.241647 0.238086 0.000779852 0.00138066 0.000706346
130.94 0.240164 0.241698 0.238113 0.000564157 0.00127787 0.000666405
130.96 0.24018 0.241751 0.238139 0.000400808 0.00131975 0.000671994
130.98 0.240201 0.241812 0.238171 0.00051087 0.0015277 0.00078543
131 0.24024 0.241884 0.238213 0.000974842 0.00180566 0.00105365
131.02 0.240305 0.241963 0.23827 0.00162911 0.00197448 0.00143637
131.04 0.24039 0.242038 0.238341 0.00213365 0.00185948 0.00177613
131.06 0.240477 0.242093 0.238416 0.00217781 0.00139522 0.00185749
131.08 0.240544 0.242121 0.238477 0.00168359 0.00068743 0.00153433
131.1 0.240579 0.242121 0.238511 0.000869621 -3.33771e-06 0.000856192
131.12 0.240585 0.242106 0.238515 0.000135046 -0.000359981 9.01972e-05
131.14 0.240578 0.242099 0.238498 -0.0001749 -0.000171048 -0.000417579
131.16 0.240578 0.24212 0.23848 1.71119e-05 0.000510794 -0.000457881
131.18 0.240597 0.242173 0.238476 0.00047206 0.00133665 -9.62962e-05
131.2 0.240629 0.242247 0.238491 0.000791739 0.00183251 0.000369403
131.22 0.240657 0.242313 0.238515 0.000690196 0.00166986 0.000600827
131.24 0.240664 0.242347 0.238532 0.000194336 0.000845598 0.000431396
131.26 0.240649 0.242335 0.238531 -0.00038082 -0.000311763 -2.95825e-05
131.28 0.240622 0.242283 0.238512 -0.000667297 -0.00128336 -0.000475865
131.3 0.240602 0.242219 0.238487 -0.000513369 -0.00160984 -0.000620182
131.32 0.240598 0.242173 0.238471 -8.75049e-05 -0.00115769 -0.000393239
131.34 0.240609 0.242164 0.238473 0.000261283 -0.000211775 2.96656e-05
131.36 0.24062 0.242192 0.238488 0.000268585 0.00070237 0.000383937
131.38 0.240617 0.242238 0.238508 -6.28374e-05 0.00114936 0.000505968
131.4 0.240598 0.24228 0.238525 -0.000487195 0.00103921 0.000429735
131.42 0.240569 0.242305 0.238539 -0.000712397 0.000632665 0.000338044
131.44 0.240544 0.242317 0.238555 -0.00061906 0.000303687 0.000396787
131.46 0.240531 0.242327 0.238579 -0.0003337 0.000248912 0.000602872
131.48 0.240527 0.242342 0.238611 -0.000100318 0.000370739 0.000790729
131.5 0.240524 0.242359 0.238643 -6.3748e-05 0.000415987 0.000802357
131.52 0.240519 0.242368 0.238669 -0.000143236 0.000233868 0.000657303
131.54 0.240515 0.242365 0.238692 -0.000102767 -7.38902e-05 0.000564995
131.56 0.240524 0.242356 0.238722 0.000226557 -0.000231906 0.000760659
131.58 0.240554 0.242355 0.238774 0.000769175 -2.26637e-05 0.00128833
131.6 0.240603 0.242376 0.23885 0.00122456 0.000516976 0.00190611
131.62 0.240655 0.242419 0.238938 0.00128141 0.00108723 0.0022086
131.64 0.24069 0.242472 0.239014 0.000875553 0.00131917 0.00190565
131.66 0.240701 0.242514 0.239057 0.000276996 0.00104258 0.00105917
131.68 0.240697 0.242531 0.23906 -8.81106e-05 0.000425857 8.40302e-05
131.7 0.240699 0.242525 0.23904 5.37832e-05 -0.000136135 -0.00050749
131.72 0.240725 0.242513 0.239022 0.000633035 -0.000300162 -0.000435146
131.74 0.240776 0.242513 0.23903 0.00129545 -1.17094e-05 0.000182668
131.76 0.240842 0.242532 0.239067 0.0016381 0.000470489 0.00093932
131.78 0.240901 0.242563 0.239124 0.00146813 0.000781871 0.00143155
131.8 0.240938 0.242592 0.239185 0.000933324 0.000732063 0.00150154
131.82 0.240955 0.24261 0.239235 0.000416454 0.000433579 0.00126145
131.84 0.240965 0.242617 0.239272 0.000258287 0.000183485 0.000925737
131.86 0.240986 0.242625 0.239297 0.000537061 0.000210453 0.000617151
131.88 0.241029 0.242645 0.239309 0.00105779 0.000500206 0.000306113
131.9 0.241089 0.242678 0.239305 0.00151399 0.000827738 -8.81015e-05
131.92 0.241157 0.242716 0.239284 0.00168378 0.00094419 -0.000540511
131.94 0.241218 0.242746 0.239249 0.00153782 0.000757058 -0.000859257
131.96 0.241267 0.242761 0.239218 0.00121199 0.000374475 -0.000792218
131.98 0.241302 0.242762 0.239209 0.000891207 1.22393e-05 -0.000230395
132 0.241331 0.242756 0.239235 0.000705045 -0.000150261 0.00066262
132.02 0.241359 0.242753 0.239296 0.000699421 -6.65075e-05 0.0015146
132.04 0.241393 0.242761 0.239374 0.000851133 0.00018672 0.00196446
132.06 0.241436 0.242781 0.23945 0.00108067 0.000499636 0.00188352
132.08 0.241487 0.242813 0.239507 0.00127211 0.000800022 0.00143662
132.1 0.241539 0.242854 0.239545 0.00131513 0.00104142 0.000939266
132.12 0.241585 0.242901 0.23957 0.00115123 0.00115772 0.000626654
132.14 0.241618 0.242943 0.23959 0.000808398 0.00106967 0.000517628
132.16 0.241634 0.242974 0.239609 0.000411963 0.000752543 0.000464725
132.18 0.24164 0.242985 0.239622 0.000147937 0.000294362 0.000321921
132.2 0.241647 0.242981 0.239625 0.000169591 -0.000111492 7.56369e-05
132.22 0.241666 0.242971 0.239619 0.000481452 -0.000251923 -0.000154564
132.24 0.241702 0.24297 0.23961 0.000895624 -2.39775e-05 -0.000218539
132.26 0.241747 0.242989 0.239608 0.00113633 0.00048766 -4.69955e-05
132.28 0.241788 0.243032 0.23962 0.00102492 0.00105854 0.000307135
132.3 0.241812 0.24309 0.239649 0.000599152 0.00146629 0.000705896
132.32 0.241816 0.243155 0.239689 7.85302e-05 0.00161217 0.00100779
132.34 0.241804 0.243216 0.239735 -0.000282529 0.00153538 0.0011417
132.36 0.24179 0.24327 0.239779 -0.000344964 0.00133516 0.00112104
132.38 0.241785 0.243313 0.239819 -0.000143609 0.00108422 0.000990381
132.4 0.241791 0.243346 0.23985 0.000170643 0.000813371 0.000765193
132.42 0.241809 0.243368 0.239867 0.000443606 0.000569421 0.000441088
132.44 0.241834 0.243387 0.23987 0.000608952 0.00046305 6.08184e-05
132.46 0.241862 0.243412 0.23986 0.000711542 0.000618547 -0.000242278
132.48 0.241896 0.243454 0.239848 0.000841535 0.00104976 -0.000289544
132.5 0.241937 0.243517 0.239849 0.00102818 0.00158924 1.64843e-05
132.52 0.241985 0.243595 0.239873 0.00119827 0.00194418 0.000588979
132.54 0.242034 0.243669 0.23992 0.00123735 0.00185597 0.00118012
132.56 0.242078 0.24372 0.239981 0.00108817 0.00128146 0.00152016
132.58 0.24211 0.243739 0.24004 0.000795792 0.000467904 0.00147417
132.6 0.242129 0.243732 0.240085 0.000477127 -0.000171314 0.00112464
132.62 0.242139 0.243719 0.240113 0.000258834 -0.000327175 0.000720545
132.64 0.242148 0.243719 0.240134 0.000215772 -1.05657e-05 0.000512656
132.66 0.242161 0.243737 0.240158 0.00033162 0.000456028 0.000594161
132.68 0.242182 0.243764 0.240192 0.000515854 0.000670632 0.000860279
132.7 0.242209 0.243782 0.240236 0.000677302 0.000455994 0.00109645
132.72 0.24224 0.243782 0.240281 0.000794353 -8.82196e-07 0.00111618
132.74 0.242277 0.24377 0.240315 0.00091547 -0.000301735 0.000866707
132.76 0.24232 0.243764 0.240333 0.00107494 -0.00015991 0.000448288
132.78 0.242369 0.243778 0.240335 0.00121189 0.000371195 4.61824e-05
132.8 0.242416 0.243816 0.240328 0.0011923 0.000932395 -0.000166261
132.82 0.242453 0.24386 0.240325 0.000911802 0.0011052 -9.72307e-05
132.84 0.242468 0.243888 0.240334 0.000388438 0.000694701 0.000243734
132.86 0.242459 0.243882 0.240364 -0.000219164 -0.000130085 0.000751233
132.88 0.242433 0.243846 0.240414 -0.000670959 -0.000922149 0.00125247
132.9 0.242402 0.243797 0.240477 -0.000757147 -0.00120879 0.00157642
132.92 0.242386 0.243767 0.240543 -0.000417196 -0.000756741 0.00163333
132.94 0.242394 0.243779 0.240601 0.00020704 0.000303138 0.00144598
132.96 0.242427 0.243841 0.240646 0.00083562 0.00154543 0.00112269
132.98 0.242475 0.243939 0.240678 0.00119664 0.00245045 0.000800392
133 0.242521 0.244045 0.240701 0.00115396 0.00264139 0.000575951
133.02 0.242552 0.244127 0.240719 0.000761416 0.00205097 0.000455071
133.04 0.242561 0.244164 0.240734 0.000233785 0.000937396 0.000370047
133.06 0.242555 0.244155 0.240744 -0.000162603 -0.00023308 0.00026244
133.08 0.242545 0.244116 0.24075 -0.000248713 -0.000973695 0.000145643
133.1 0.242544 0.244077 0.240753 -2.06417e-05 -0.000973604 8.83667e-05
133.12 0.242559 0.244067 0.240759 0.000365322 -0.000240269 0.000144736
133.14 0.242586 0.244103 0.240771 0.000696418 0.000890074 0.000293125
133.16 0.242619 0.244179 0.240788 0.000826313 0.00190866 0.000436245
133.18 0.242649 0.244275 0.240807 0.000751074 0.00238622 0.00046713
133.2 0.242674 0.244362 0.240821 0.000605281 0.0021856 0.000348814
133.22 0.242697 0.244423 0.240827 0.000576919 0.00151615 0.000147289
133.24 0.242728 0.244455 0.240826 0.000786012 0.000801742 -1.24528e-05
133.26 0.242776 0.244472 0.240825 0.00119116 0.000429345 -4.66011e-05
133.28 0.24284 0.244493 0.240825 0.00159936 0.000528225 1.53766e-05
133.3 0.242911 0.24453 0.240828 0.00178832 0.000924703 6.86494e-05
133.32 0.242977 0.244582 0.24083 0.00165284 0.00128931 4.04545e-05
133.34 0.243029 0.244636 0.240828 0.00127557 0.00136207 -4.36928e-05
133.36 0.243064 0.244681 0.240825 0.000887488 0.00111419 -8.01966e-05
133.38 0.243094 0.244711 0.240826 0.000740072 0.000749587 3.54414e-05
133.4 0.243131 0.244732 0.240839 0.000944434 0.000537762 0.000321815
133.42 0.243187 0.244757 0.240866 0.00138306 0.000608457 0.000681241
133.44 0.243258 0.244792 0.240905 0.00177582 0.000874257 0.000964992
133.46 0.243332 0.244836 0.240948 0.00186438 0.00112301 0.0010874
133.48 0.243396 0.244884 0.240992 0.00158246 0.00119048 0.00109139
133.5 0.243439 0.244927 0.241036 0.00108746 0.00107189 0.00110941
133.52 0.243465 0.244963 0.241086 0.000648504 0.000894437 0.0012532
133.54 0.243484 0.244994 0.241147 0.000475563 0.000783148 0.00150559
133.56 0.243508 0.245024 0.241215 0.000590879 0.000743111 0.00170643
133.58 0.243541 0.245051 0.241282 0.000828237 0.000670438 0.00167672
133.6 0.243579 0.245069 0.241337 0.000946013 0.000466771 0.00137968
133.62 0.24361 0.245076 0.241376 0.000778768 0.000156378 0.000979391
133.64 0.243624 0.245072 0.241406 0.000349686 -7.69699e-05 0.000741966
133.66 0.243618 0.245073 0.24144 -0.000137838 1.1833e-05 0.000853478
133.68 0.243601 0.245094 0.241491 -0.000438979 0.00053057 0.00127848
133.7 0.243583 0.245146 0.241561 -0.000440559 0.00129489 0.00175015
133.72 0.243574 0.245221 0.241638 -0.000237448 0.00187172 0.00192429
133.74 0.243572 0.245294 0.241703 -4.74463e-05 0.00183994 0.00161282
133.76 0.24357 0.245338 0.24174 -5.0071e-05 0.00110116 0.000922375
133.78 0.243558 0.245338 0.241747 -0.000286476 -3.87661e-06 0.00018475
133.8 0.243532 0.245303 0.241737 -0.000656402 -0.000879566 -0.000262976
133.82 0.243493 0.245261 0.241725 -0.00097482 -0.00104488 -0.000285716
133.84 0.24345 0.245244 0.241725 -0.00106409 -0.000442806 -1.50491e-05
133.86 0.243416 0.245264 0.241735 -0.000849295 0.000520835 0.000260364
133.88 0.243401 0.245314 0.241747 -0.000399018 0.00123514 0.000302444
133.9 0.243405 0.245365 0.241751 0.000116427 0.00126992 8.73295e-05
133.92 0.243426 0.24539 0.241743 0.000511143 0.000640686 -0.000189189
133.94 0.243452 0.245382 0.241732 0.000653257 -0.000217882 -0.000273208
133.96 0.243472 0.245352 0.24173 0.000506917 -0.000747488 -5.73197e-05
133.98 0.243478 0.245326 0.241743 0.000150476 -0.000631042 0.000336212
134 0.243468 0.245328 0.241769 -0.000241035 2.72508e-05 0.000650407
134.02 0.24345 0.24536 0.241796 -0.000460462 0.000813843 0.000677155
134.04 0.243435 0.245412 0.241812 -0.000368441 0.00129776 0.000388705
134.06 0.243436 0.245464 0.24181 2.35274e-05 0.00129065 -5.682e-05
134.08 0.243458 0.2455 0.241793 0.000542158 0.000912648 -0.000420348
134.1 0.243495 0.245519 0.241772 0.000935764 0.000465295 -0.000519317
134.12 0.243536 0.245528 0.24176 0.0010093 0.000220351 -0.000311644
134.14 0.243565 0.245538 0.241763 0.000729419 0.000259502 9.96529e-05
134.16 0.243575 0.245557 0.241785 0.000247946 0.000473213 0.000527557
134.18 0.243568 0.245585 0.241817 -0.000164892 0.000699223 0.000804868
134.2 0.243558 0.245619 0.241852 -0.000266006 0.000859563 0.000879967
134.22 0.243558 0.245658 0.241885 4.85741e-06 0.000979767 0.000835764
134.24 0.243577 0.245702 0.241918 0.000483678 0.00110041 0.000815181
134.26 0.243613 0.24575 0.241955 0.00089959 0.00118777 0.000915654
134.28 0.243655 0.245795 0.242 0.00105248 0.00113303 0.00112938
134.3 0.243692 0.245829 0.242054 0.00091962 0.00084142 0.00135548
134.32 0.243717 0.245842 0.242112 0.00063374 0.00033617 0.00144941
134.34 0.243732 0.245834 0.242164 0.000377399 -0.00020863 0.00129778
134.36 0.243743 0.245812 0.2422 0.000272211 -0.000555997 0.000899876
134.38 0.243756 0.245789 0.242216 0.000319855 -0.000571678 0.000395822
134.4 0.243773 0.245776 0.242216 0.000420549 -0.000330506 3.03089e-06
134.42 0.243792 0.245773 0.242212 0.000468496 -6.03533e-05 -9.40393e-05
134.44 0.24381 0.245774 0.242219 0.000457418 2.24653e-05 0.000177835
134.46 0.24383 0.245768 0.242249 0.000496782 -0.000153934 0.000747842
134.48 0.243858 0.245749 0.242305 0.00070397 -0.000484227 0.00140229
134.5 0.243901 0.245719 0.242379 0.00106391 -0.00074866 0.00185361
134.52 0.243956 0.245689 0.242455 0.00139766 -0.000740531 0.00188279
134.54 0.244016 0.245673 0.242513 0.00148118 -0.000394695 0.00146683
134.56 0.244065 0.24568 0.242545 0.00123221 0.000163926 0.000801516
134.58 0.244097 0.245707 0.242553 0.000812062 0.00069048 0.000201556
134.6 0.244119 0.245746 0.242551 0.000547941 0.000971005 -6.6288e-05
134.62 0.244148 0.245784 0.242554 0.000721058 0.000949458 7.61863e-05
134.64 0.244203 0.245814 0.242573 0.00136255 0.000745211 0.000489271
134.66 0.244291 0.245837 0.24261 0.00220059 0.00056169 0.000915914
134.68 0.244403 0.245859 0.242656 0.00280369 0.000564706 0.00114382
134.7 0.244517 0.245892 0.242701 0.00284646 0.000809307 0.00112705
134.72 0.24461 0.245941 0.242741 0.00233264 0.00122849 0.000992972
134.74 0.244674 0.246007 0.242778 0.00160797 0.00167092 0.000938664
134.76 0.24472 0.246087 0.242822 0.00114033 0.00197644 0.00108756
134.78 0.244769 0.246168 0.242878 0.00122009 0.00204225 0.00140065
134.8 0.24484 0.246242 0.242945 0.00179256 0.00184189 0.00169432
134.82 0.244941 0.246299 0.243015 0.00251243 0.00142067 0.00174158
134.84 0.245059 0.246335 0.243071 0.00295821 0.000899209 0.001399
134.86 0.245174 0.246353 0.243099 0.00287361 0.000464253 0.00069569
134.88 0.245267 0.246365 0.243093 0.00230764 0.000304257 -0.00015915
134.9 0.245329 0.246386 0.243058 0.0015717 0.000509656 -0.000860326
134.92 0.245371 0.246426 0.243012 0.00104066 0.00100702 -0.00114515
134.94 0.245408 0.246489 0.242976 0.000927358 0.00157429 -0.000915872
134.96 0.245455 0.246567 0.242964 0.0011742 0.00194322 -0.00028758
134.98 0.245516 0.246645 0.242983 0.0015194 0.00194613 0.000463042
135 0.245583 0.24671 0.243024 0.00167577 0.00162277 0.00102946
135.02 0.245643 0.246758 0.243073 0.00149206 0.0011994 0.00121708
135.04 0.245683 0.246795 0.243113 0.00100953 0.000943222 0.00101457
135.06 0.245699 0.246835 0.243136 0.000401309 0.000997506 0.000566222
135.08 0.245693 0.246887 0.243139 -0.000149565 0.00129292 7.60822e-05
135.1 0.245672 0.246951 0.243127 -0.000538002 0.00159612 -0.000299888
135.12 0.245642 0.247017 0.243107 -0.000739284 0.00166835 -0.000508375
135.14 0.245612 0.247075 0.243084 -0.000759522 0.00143175 -0.000570281
135.16 0.245587 0.247116 0.243063 -0.000610612 0.0010294 -0.000509803
135.18 0.245574 0.247145 0.243051 -0.000339913 0.000722016 -0.000318578
135.2 0.245571 0.247173 0.243051 -6.96012e-05 0.000701488 1.01625e-05
135.22 0.245572 0.247211 0.243068 3.64139e-05 0.000965314 0.00042619
135.24 0.245567 0.247264 0.2431 -0.000133596 0.00132482 0.00080952
135.26 0.245544 0.247326 0.243141 -0.000564638 0.00152633 0.00101654
135.28 0.2455 0.247382 0.243179 -0.00110675 0.00140985 0.000959443
135.3 0.245439 0.247422 0.243206 -0.00152565 0.00101031 0.000675296
135.32 0.245375 0.247443 0.24322 -0.00160526 0.000527045 0.000326011
135.34 0.245324 0.247451 0.243224 -0.00127869 0.000181063 0.000116697
135.36 0.245295 0.247454 0.243231 -0.000704599 7.21652e-05 0.000181033
135.38 0.245287 0.247459 0.243252 -0.000201429 0.000147167 0.000512977
135.4 0.245285 0.247471 0.243291 -5.81224e-05 0.000278007 0.000983465
135.42 0.245271 0.247485 0.243348 -0.000348621 0.000364434 0.00141336
135.44 0.245236 0.247501 0.243414 -0.000873785 0.000392653 0.00165935
135.46 0.245185 0.247517 0.243481 -0.00127133 0.000409317 0.0016717
135.48 0.245136 0.247535 0.243541 -0.00123748 0.000440769 0.00150504
135.5 0.245107 0.247553 0.243592 -0.000723715 0.0004497 0.00128039
135.52 0.245108 0.247568 0.243637 2.12718e-05 0.000371658 0.00111775
135.54 0.245132 0.247576 0.243681 0.000605072 0.000200037 0.00108752
135.56 0.245162 0.247577 0.243729 0.000740058 3.72239e-05 0.00120373
135.58 0.245178 0.247579 0.243786 0.000411092 3.94273e-05 0.00143949
135.6 0.245173 0.24759 0.243856 -0.00013687 0.000285157 0.00173428
135.62 0.24515 0.247618 0.243935 -0.000569606 0.000690308 0.00199017
135.64 0.245123 0.247659 0.244019 -0.000667146 0.00104069 0.0020822
135.66 0.245107 0.247704 0.244095 -0.000410537 0.00111733 0.00190584
135.68 0.24511 0.247738 0.244153 7.50655e-05 0.00084309 0.0014444
135.7 0.245135 0.247752 0.244185 0.000624419 0.000361999 0.000810092
135.72 0.245178 0.247751 0.244194 0.00109306 -2.53454e-05 0.000219915
135.74 0.245233 0.247749 0.24419 0.00136526 -6.07399e-05 -0.000101601
135.76 0.245287 0.24776 0.244188 0.00135912 0.000277747 -4.74779e-05
135.78 0.245329 0.24779 0.2442 0.00105097 0.000744041 0.000301458
135.8 0.24535 0.247829 0.244228 0.000504655 0.000986982 0.000710412
135.82 0.245345 0.247861 0.244265 -0.000109898 0.000790328 0.000909519
135.84 0.245324 0.24787 0.244294 -0.000540615 0.000217291 0.000737997
135.86 0.245301 0.247852 0.244304 -0.000551655 -0.000433203 0.000238021
135.88 0.245298 0.24782 0.24429 -7.631e-05 -0.000812492 -0.00035709
135.9 0.245326 0.247791 0.244259 0.000690523 -0.000728956 -0.00075368
135.92 0.245381 0.24778 0.244228 0.00137481 -0.000267124 -0.000789237
135.94 0.245447 0.24779 0.244206 0.0016381 0.000254673 -0.000544474
135.96 0.245501 0.247809 0.244195 0.00136715 0.000486339 -0.000275327
135.98 0.24553 0.247821 0.244186 0.000724917 0.000277444 -0.000213969
136 0.245532 0.247811 0.24417 5.58463e-05 -0.000232612 -0.000403214
136.02 0.245521 0.247783 0.244143 -0.000293574 -0.000710471 -0.000678928
136.04 0.245515 0.24775 0.244112 -0.000148301 -0.000827234 -0.000787066
136.06 0.245531 0.247732 0.24409 0.000414985 -0.000447809 -0.00055382
136.08 0.245577 0.247743 0.244089 0.00113599 0.000290799 -2.91983e-06
136.1 0.245647 0.247786 0.244116 0.00174324 0.00105828 0.000657139
136.12 0.24573 0.247847 0.244162 0.00209205 0.00151845 0.00116514
136.14 0.245818 0.247907 0.244217 0.00218555 0.00150332 0.00136584
136.16 0.245902 0.247949 0.244268 0.00211607 0.00106841 0.00128591
136.18 0.245982 0.247967 0.244312 0.00199427 0.000435905 0.0010837
136.2 0.246058 0.247962 0.244349 0.00189814 -0.000111445 0.000935542
136.22 0.246132 0.247948 0.244387 0.00184912 -0.000351727 0.000937531
136.24 0.246205 0.247939 0.24443 0.00182458 -0.000221306 0.0010743
136.26 0.246277 0.247946 0.24448 0.00179493 0.00016364 0.00125366
136.28 0.246346 0.247969 0.244535 0.00174332 0.000577267 0.00137182
136.3 0.246413 0.248001 0.24459 0.00167126 0.000806397 0.00138111
136.32 0.246477 0.248032 0.244643 0.00160091 0.000755585 0.00132303
136.34 0.24654 0.248051 0.244695 0.00156615 0.000492034 0.00129528
136.36 0.246604 0.24806 0.244749 0.0015908 0.000214687 0.00136856
136.38 0.24667 0.248066 0.24481 0.00167005 0.000146604 0.00152083
136.4 0.246741 0.248081 0.244876 0.00176047 0.000390406 0.00164074
136.42 0.246812 0.248115 0.24494 0.00178132 0.000834306 0.00160172
136.44 0.246878 0.248163 0.244994 0.00165203 0.00120521 0.001364
136.46 0.246933 0.248213 0.245036 0.00135926 0.00125702 0.00102593
136.48 0.246973 0.248251 0.245066 0.00100041 0.000949396 0.000772089
136.5 0.247002 0.248271 0.245097 0.000744673 0.000484166 0.000753405
136.52 0.247031 0.248278 0.245135 0.000721624 0.000184565 0.000970666
136.54 0.247068 0.24829 0.245185 0.000920468 0.000292843 0.00123487
136.56 0.247115 0.248322 0.245235 0.00117394 0.000806918 0.00125827
136.58 0.247165 0.248381 0.245269 0.00125919 0.00147358 0.000852179
136.6 0.247208 0.248459 0.245273 0.00106423 0.00196102 9.83501e-05
136.62 0.247236 0.248543 0.245246 0.000691985 0.0020841 -0.000667594
136.64 0.247251 0.248619 0.245204 0.000392331 0.00189668 -0.00107048
136.66 0.247266 0.248682 0.245166 0.000360011 0.00159514 -0.00093744
136.68 0.247288 0.248736 0.24515 0.000569048 0.00135216 -0.000391481
136.7 0.24732 0.248785 0.24516 0.000788551 0.00121892 0.000246956
136.72 0.247351 0.248831 0.245187 0.0007645 0.00113849 0.000667784
136.74 0.247367 0.248872 0.245217 0.00041232 0.00103132 0.000742876
136.76 0.247363 0.248907 0.245239 -0.000114437 0.000885552 0.000562713
136.78 0.247342 0.248938 0.245252 -0.00052081 0.000774191 0.000329436
136.8 0.247319 0.248969 0.24526 -0.000577991 0.000775004 0.000188712
136.82 0.247307 0.249004 0.245265 -0.000299049 0.000874064 0.000125109
136.84 0.247309 0.249043 0.245265 6.32283e-05 0.000958945 2.08228e-07
136.86 0.247317 0.249079 0.245253 0.00020863 0.00091186 -0.000297277
136.88 0.247318 0.249108 0.245224 1.23529e-05 0.000708867 -0.000717155
136.9 0.247302 0.249125 0.245183 -0.000393265 0.000447942 -0.00104224
136.92 0.247274 0.249137 0.245142 -0.000715994 0.000290714 -0.00102183
136.94 0.247246 0.249151 0.24512 -0.000699419 0.000348692 -0.000542078
136.96 0.247234 0.249175 0.245132 -0.000293167 0.000593049 0.000284139
136.98 0.247246 0.24921 0.245178 0.000303254 0.00087449 0.00116214
137 0.247276 0.249251 0.245249 0.000758009 0.00104075 0.00177269
137.02 0.247309 0.249293 0.245327 0.000818087 0.00104077 0.00194455
137.04 0.247328 0.249331 0.245396 0.000469642 0.000942271 0.0017324
137.06 0.247325 0.249365 0.245451 -6.07465e-05 0.00086746 0.00136429
137.08 0.247307 0.249401 0.245495 -0.000452445 0.000897768 0.00110319
137.1 0.247288 0.249442 0.245539 -0.000476498 0.00102075 0.00110075
137.12 0.247284 0.249489 0.245592 -0.000113086 0.00116207 0.00133105
137.14 0.247301 0.249539 0.245657 0.000443805 0.0012707 0.00163521
137.16 0.247338 0.249594 0.245731 0.000901672 0.0013638 0.00183549
137.18 0.247379 0.249653 0.245804 0.00104385 0.00147538 0.00183417
137.2 0.247413 0.249716 0.245869 0.000843277 0.00157311 0.00163247
137.22 0.247431 0.249778 0.245922 0.0004544 0.00155646 0.00130648
137.24 0.247435 0.249832 0.245961 0.00010483 0.00134528 0.000978597
137.26 0.247434 0.249871 0.245992 -4.38431e-05 0.000972808 0.000774042
137.28 0.247434 0.249895 0.246023 1.4473e-05 0.000596021 0.000767953
137.3 0.24744 0.249911 0.246061 0.00014218 0.000404983 0.000952753
137.32 0.247447 0.24993 0.24611 0.000168514 0.000486125 0.00124141
137.34 0.247447 0.24996 0.24617 2.00411e-05 0.000743043 0.00149114
137.36 0.247438 0.249998 0.246232 -0.000229404 0.00094336 0.00154165
137.38 0.247422 0.250033 0.246283 -0.00041409 0.000873841 0.00127916
137.4 0.247406 0.250053 0.246311 -0.000392002 0.000507797 0.000714877
137.42 0.2474 0.250055 0.246312 -0.000150615 5.60699e-05 9.95165e-06
137.44 0.247407 0.250048 0.246288 0.000165828 -0.000174487 -0.000602035
137.46 0.247421 0.250047 0.24625 0.0003499 -2.79996e-05 -0.000947095
137.48 0.247432 0.250062 0.24621 0.000278898 0.000366004 -0.000985722
137.5 0.247431 0.25009 0.246179 -9.17336e-06 0.000700337 -0.000789248
137.52 0.247417 0.250119 0.24616 -0.000349129 0.000736064 -0.000468249
137.54 0.247396 0.250138 0.246156 -0.00054689 0.000468266 -0.00011138
137.56 0.247376 0.250142 0.246165 -0.000493614 0.000109722 0.000228394
137.58 0.247366 0.25014 0.246185 -0.000237796 -6.32066e-05 0.00050686
137.6 0.247368 0.250144 0.246212 4.86296e-05 9.16831e-05 0.000666012
137.62 0.247376 0.250162 0.246238 0.000195476 0.000467109 0.000649197
137.64 0.247382 0.250193 0.246256 0.000156698 0.000776575 0.000455443
137.66 0.247384 0.250224 0.246263 4.06853e-05 0.000765624 0.000183879
137.68 0.247385 0.25024 0.246263 2.49716e-05 0.000393128 6.7777e-06
137.7 0.247394 0.250234 0.246266 0.000217645 -0.000148763 6.8129e-05
137.72 0.247417 0.250211 0.246281 0.000578747 -0.000569316 0.000380531
137.74 0.247455 0.250184 0.246313 0.000959496 -0.000668502 0.000799804
137.76 0.247503 0.250166 0.246357 0.00120526 -0.000457098 0.0010968
137.78 0.247553 0.250161 0.246401 0.00124504 -0.000133539 0.00109692
137.8 0.247599 0.250163 0.246434 0.00113249 6.84592e-05 0.00080895
137.82 0.247639 0.250165 0.246451 0.00101317 3.81965e-05 0.000433156
137.84 0.24768 0.250158 0.24646 0.00101939 -0.000175836 0.000226271
137.86 0.247727 0.25014 0.246473 0.00117491 -0.000434307 0.000333392
137.88 0.247783 0.250116 0.246502 0.00139534 -0.00059916 0.000710121
137.9 0.247845 0.250092 0.246549 0.00156904 -0.000611216 0.00117227
137.92 0.247911 0.250071 0.246609 0.00163056 -0.000514668 0.00152212
137.94 0.247974 0.250055 0.246676 0.00157775 -0.000407618 0.00165378
137.96 0.248032 0.250041 0.246738 0.00145341 -0.000356806 0.0015677
137.98 0.248085 0.250027 0.246791 0.00132154 -0.00035464 0.00132143
138 0.248134 0.250013 0.246831 0.00124042 -0.000349187 0.000992191
138.02 0.248184 0.250001 0.246857 0.0012314 -0.000288219 0.000665341
138.04 0.248234 0.249996 0.246874 0.00127181 -0.000137899 0.000422475
138.06 0.248287 0.25 0.246887 0.0013225 0.000103575 0.000324755
138.08 0.248342 0.250016 0.246903 0.0013529 0.000394766 0.000394768
138.1 0.248395 0.250042 0.246927 0.00133748 0.000664147 0.000598465
138.12 0.248445 0.250076 0.246961 0.00125272 0.000841751 0.00084342
138.14 0.248489 0.250112 0.247002 0.00108785 0.000894891 0.00102025
138.16 0.248523 0.250146 0.247045 0.000851357 0.000852832 0.00107288
138.18 0.248545 0.250178 0.247086 0.00056627 0.000794653 0.00102806
138.2 0.248556 0.250209 0.247124 0.00027346 0.00079556 0.000952028
138.22 0.248558 0.250244 0.247159 4.21965e-05 0.000867921 0.000887846
138.24 0.248556 0.250282 0.247193 -4.69875e-05 0.00095411 0.000838546
138.26 0.248558 0.250322 0.247225 4.33811e-05 0.000992569 0.000797349
138.28 0.248568 0.250361 0.247256 0.000263212 0.00098353 0.000771112
138.3 0.248588 0.250401 0.247286 0.000494968 0.000988312 0.000772317
138.32 0.248613 0.250443 0.247318 0.000617665 0.00106668 0.000780858
138.34 0.248636 0.250492 0.247346 0.000568405 0.0012087 0.000709882
138.36 0.248651 0.250545 0.247364 0.000388333 0.00131897 0.00044325
138.38 0.24866 0.250596 0.247362 0.000217949 0.00127853 -5.39451e-05
138.4 0.248668 0.250638 0.247336 0.000213854 0.00104952 -0.000648015
138.42 0.248686 0.250668 0.247293 0.000436297 0.000750013 -0.00107073
138.44 0.248718 0.250693 0.24725 0.000803237 0.000623039 -0.00106375
138.46 0.248764 0.250728 0.247229 0.00114936 0.000878293 -0.000542592
138.48 0.248817 0.250788 0.247241 0.00133209 0.00150765 0.000314534
138.5 0.24887 0.250878 0.247286 0.00130798 0.00223604 0.0011271
138.52 0.248915 0.250985 0.247347 0.00114538 0.00267863 0.00152083
138.54 0.248954 0.251088 0.247402 0.000976732 0.00258775 0.00136079
138.56 0.248991 0.251168 0.247435 0.000921234 0.00200626 0.00083115
138.58 0.249032 0.251218 0.247446 0.00101881 0.00123873 0.00029204
138.6 0.249081 0.251245 0.247448 0.00121565 0.000674534 2.87981e-05
138.62 0.249137 0.251268 0.247451 0.00141342 0.000576642 9.12831e-05
138.64 0.249199 0.251306 0.247464 0.00154208 0.000952377 0.000317061
138.66 0.249263 0.251369 0.247484 0.00159339 0.00157806 0.000489574
138.68 0.249327 0.251455 0.247504 0.00159935 0.0021488 0.000514029
138.7 0.24939 0.251552 0.247523 0.00157971 0.0024304 0.000475623
138.72 0.24945 0.251645 0.247545 0.00151363 0.002324 0.000541286
138.74 0.249505 0.25172 0.247577 0.00136441 0.00186833 0.000805609
138.76 0.24955 0.251769 0.247625 0.00112493 0.0012218 0.00121053
138.78 0.249583 0.251793 0.247689 0.000836368 0.000612884 0.00159205
138.8 0.249606 0.251803 0.247761 0.000567773 0.000240802 0.00179168
138.82 0.249621 0.25181 0.24783 0.000380749 0.000177238 0.00174192
138.84 0.249633 0.251823 0.24789 0.000299455 0.000331635 0.00148625
138.86 0.249645 0.251844 0.247935 0.000291339 0.000501746 0.00112829
138.88 0.249656 0.251864 0.247965 0.000278957 0.00050342 0.000747726
138.9 0.249664 0.251876 0.247979 0.000192862 0.000308893 0.000360986
138.92 0.249665 0.251879 0.247978 2.37706e-05 8.47985e-05 -2.45889e-05
138.94 0.249657 0.251882 0.247965 -0.000183827 7.48805e-05 -0.00033065
138.96 0.249642 0.251898 0.247949 -0.000374823 0.000392017 -0.000413856
138.98 0.249622 0.251934 0.247942 -0.000511734 0.000895066 -0.00016837
139 0.249598 0.251985 0.247957 -0.000589869 0.00126537 0.000371175
139.02 0.249573 0.252034 0.247997 -0.000639353 0.00123474 0.00101825
139.04 0.249545 0.252066 0.248058 -0.000687014 0.000800689 0.00152016
139.06 0.249517 0.252076 0.248126 -0.000715751 0.000246024 0.00168118
139.08 0.24949 0.252073 0.248184 -0.00066815 -5.91555e-05 0.00145445
139.1 0.24947 0.252077 0.248222 -0.000489202 8.37909e-05 0.000957974
139.12 0.249463 0.2521 0.248239 -0.000172026 0.000570314 0.000414431
139.14 0.249472 0.252143 0.24824 0.000223559 0.00107543 4.41261e-05
139.16 0.249496 0.252194 0.248239 0.000591293 0.00129017 -3.5265e-05
139.18 0.249529 0.25224 0.248245 0.000823756 0.00114075 0.000142983
139.2 0.249564 0.252273 0.248262 0.000865794 0.000827838 0.000427087
139.22 0.249594 0.252299 0.248288 0.000750007 0.00065561 0.000652632
139.24 0.249617 0.252331 0.248318 0.00058855 0.000786022 0.000751827
139.26 0.249638 0.252375 0.248349 0.000516209 0.00111394 0.0007723
139.28 0.249663 0.252429 0.248381 0.000617806 0.00135126 0.000800424
139.3 0.249698 0.252479 0.248416 0.000887133 0.00124619 0.000881265
139.32 0.249747 0.25251 0.248456 0.0012342 0.00077759 0.000996944
139.34 0.249809 0.252518 0.2485 0.00153442 0.000185241 0.0010888
139.36 0.249877 0.25251 0.248543 0.00169341 -0.000201374 0.00108791
139.38 0.249944 0.252501 0.248581 0.00167925 -0.000206383 0.00094509
139.4 0.250004 0.252504 0.248607 0.00150788 7.57249e-05 0.000660985
139.42 0.250053 0.252519 0.248619 0.00121941 0.00037398 0.000301646
139.44 0.250088 0.252537 0.248618 0.000874306 0.000449148 -2.15428e-05
139.46 0.25011 0.252547 0.24861 0.000547868 0.000251368 -0.000201107
139.48 0.250122 0.252544 0.248603 0.000316415 -7.20872e-05 -0.000182164
139.5 0.250132 0.252532 0.248604 0.000241155 -0.000314259 1.14174e-05
139.52 0.250146 0.252517 0.248615 0.000342826 -0.00037836 0.000292264
139.54 0.250168 0.252504 0.248638 0.000569752 -0.000328687 0.000557225
139.56 0.2502 0.252492 0.248667 0.000792545 -0.000291972 0.000742063
139.58 0.250234 0.252479 0.248702 0.000850304 -0.000327209 0.000858542
139.6 0.250259 0.252464 0.24874 0.000631341 -0.000379551 0.000970992
139.62 0.250265 0.25245 0.248785 0.000146425 -0.000346111 0.00111828
139.64 0.250247 0.252442 0.248835 -0.000454162 -0.000197001 0.00124963
139.66 0.250209 0.25244 0.248885 -0.000946316 -3.81121e-05 0.00123578
139.68 0.250163 0.252439 0.248923 -0.00114786 -3.9504e-05 0.000959664
139.7 0.250123 0.252427 0.24894 -0.00101452 -0.000282672 0.000433729
139.72 0.250096 0.252401 0.248935 -0.000664643 -0.000662933 -0.000141514
139.74 0.250084 0.252364 0.248916 -0.000317368 -0.000931711 -0.000459325
139.76 0.250077 0.25233 0.248904 -0.000174561 -0.000851799 -0.000303631
139.78 0.250064 0.252315 0.248916 -0.000310781 -0.0003661 0.000292584
139.8 0.250039 0.252328 0.248958 -0.00063417 0.000335931 0.00105426
139.82 0.250002 0.252365 0.249023 -0.000929926 0.000917127 0.00162202
139.84 0.249963 0.25241 0.249093 -0.000959344 0.00111273 0.00176231
139.86 0.249939 0.252446 0.249154 -0.000592709 0.000911584 0.00150734
139.88 0.249943 0.252468 0.249198 8.45739e-05 0.000547331 0.00111332
139.9 0.249975 0.252481 0.249232 0.000793534 0.000318683 0.000849887
139.92 0.250024 0.252496 0.249264 0.00122671 0.000384357 0.000792979
139.94 0.250073 0.252523 0.249296 0.00124537 0.000682772 0.000795682
139.96 0.250112 0.252564 0.249322 0.000972008 0.00101598 0.00064593
139.98 0.250141 0.252612 0.249332 0.0007127 0.00121012 0.00026903
140 0.250171 0.252662 0.249325 0.000744773 0.00123283 -0.000185293
140.02 0.250216 0.252709 0.249308 0.00112406 0.00119035 -0.000433076
140.04 0.250282 0.252758 0.249297 0.00165538 0.00121384 -0.000261409
140.06 0.250363 0.252812 0.249309 0.0020377 0.0013399 0.000298448
140.08 0.250446 0.252871 0.249348 0.00207809 0.00148636 0.000968389
140.1 0.250519 0.252933 0.249404 0.00182096 0.00154248 0.00140084
140.12 0.250579 0.252992 0.24946 0.00150232 0.0014885 0.00140409
140.14 0.250634 0.253049 0.249502 0.00137039 0.00142179 0.00105227
140.16 0.250695 0.253107 0.249527 0.00151292 0.00144418 0.000611273
140.18 0.250767 0.253168 0.24954 0.00181142 0.00152529 0.000344869
140.2 0.250849 0.253228 0.249554 0.00203663 0.0015005 0.000341423
140.22 0.250929 0.253277 0.249573 0.00200856 0.00122162 0.000482082
140.24 0.250997 0.253306 0.249596 0.00170379 0.000728907 0.000556357
140.26 0.251047 0.253317 0.249613 0.00123639 0.00027566 0.000428219
140.28 0.251077 0.253323 0.249618 0.000765864 0.000161466 0.000139345
140.3 0.251094 0.253343 0.249613 0.000422691 0.00049633 -0.000128528
140.32 0.251105 0.253386 0.249605 0.000270354 0.00108018 -0.000198102
140.34 0.251117 0.253447 0.249604 0.000292419 0.00150662 -2.09219e-05
140.36 0.251133 0.253504 0.249617 0.000412165 0.00143934 0.000312509
140.38 0.251155 0.253539 0.249644 0.0005496 0.000862873 0.0006661
140.4 0.251182 0.253543 0.249682 0.000674272 0.000105571 0.000956043
140.42 0.251214 0.253527 0.249728 0.000794429 -0.000388494 0.00115841
140.44 0.25125 0.253513 0.249778 0.000899043 -0.000371535 0.00124737
140.46 0.251287 0.253514 0.249825 0.000921809 4.37307e-05 0.00116613
140.48 0.251318 0.253534 0.249859 0.000783552 0.000497196 0.000870838
140.5 0.251337 0.253561 0.249876 0.000471449 0.000668636 0.000404126
140.52 0.25134 0.253581 0.249873 7.31799e-05 0.000507702 -6.4542e-05
140.54 0.25133 0.253591 0.249862 -0.0002489 0.000243715 -0.000280728
140.56 0.251317 0.253598 0.24986 -0.000318167 0.000185416 -4.89302e-05
140.58 0.251316 0.253617 0.249884 -3.09064e-05 0.000469408 0.000606645
140.6 0.251337 0.253655 0.249941 0.000539845 0.000952762 0.00141196
140.62 0.251383 0.253709 0.250021 0.00112636 0.00133421 0.00200077
140.64 0.251439 0.253764 0.250106 0.0014107 0.00139085 0.00213299
140.66 0.251488 0.25381 0.250178 0.00123284 0.00113921 0.00181066
140.68 0.251516 0.253843 0.250228 0.000693747 0.000815135 0.00124045
140.7 0.25152 0.25387 0.250256 9.94057e-05 0.000692084 0.000697402
140.72 0.251512 0.253905 0.250271 -0.000198432 0.000873285 0.00037934
140.74 0.251512 0.253954 0.250284 6.26924e-06 0.00122966 0.000324551
140.76 0.251538 0.254015 0.250301 0.000642111 0.00152917 0.000434899
140.78 0.251594 0.254081 0.250324 0.00138757 0.00163036 0.000567362
140.8 0.251668 0.254144 0.250349 0.00186084 0.00157183 0.000616942
140.82 0.251742 0.254204 0.250371 0.00184998 0.00150744 0.000555411
140.84 0.251799 0.254266 0.250388 0.00142761 0.00156283 0.000428375
140.86 0.251834 0.254335 0.250401 0.000876162 0.00172662 0.000329457
140.88 0.251853 0.25441 0.250416 0.000484062 0.00185254 0.000363092
140.9 0.251868 0.254481 0.250439 0.00036757 0.0017771 0.000588955
140.92 0.251886 0.254539 0.250478 0.000447044 0.0014677 0.000970311
140.94 0.251908 0.254582 0.250533 0.0005598 0.00107224 0.00136861
140.96 0.251932 0.254615 0.250597 0.000596971 0.000828593 0.00159659
140.98 0.251955 0.254652 0.250657 0.00056412 0.000903003 0.00150085
141 0.251976 0.254702 0.250698 0.000533794 0.00126047 0.00103834
141.02 0.251998 0.254769 0.250711 0.000542144 0.00166887 0.000322403
141.04 0.252019 0.254842 0.250696 0.000522784 0.00183693 -0.00039266
141.06 0.252033 0.254906 0.250663 0.000353924 0.00158434 -0.000805615
141.08 0.252033 0.254944 0.250635 -6.97777e-06 0.000952753 -0.000712263
141.1 0.252015 0.254952 0.25063 -0.00043388 0.000198427 -0.000124034
141.12 0.251988 0.254938 0.250659 -0.000684762 -0.000339759 0.000714268
141.14 0.251965 0.254921 0.250716 -0.000571414 -0.000435558 0.00142529
141.16 0.25196 0.254916 0.250783 -0.000121544 -0.000107047 0.00167756
141.18 0.251976 0.254933 0.250837 0.000397275 0.00040854 0.0013617
141.2 0.252001 0.254965 0.250864 0.000623515 0.000799115 0.000663701
141.22 0.252015 0.254998 0.250862 0.000340901 0.000834462 -3.05724e-05
141.24 0.252001 0.255016 0.250848 -0.000346209 0.000457647 -0.000361531
141.26 0.251959 0.255008 0.25084 -0.00103963 -0.000198661 -0.000197716
141.28 0.251908 0.254974 0.250853 -0.00128558 -0.000865851 0.00032899
141.3 0.251873 0.254923 0.250891 -0.000878307 -0.00126145 0.000934275
141.32 0.251872 0.254874 0.250944 -1.10858e-05 -0.00123604 0.00133314
141.34 0.251906 0.254839 0.250999 0.000852135 -0.000858645 0.00137093
141.36 0.251958 0.254825 0.251042 0.00128575 -0.000373347 0.00109085
141.38 0.252004 0.254823 0.25107 0.00115657 -4.33284e-05 0.000685843
141.4 0.252031 0.254823 0.251084 0.000667978 1.37988e-05 0.000363747
141.42 0.252039 0.254818 0.251094 0.000199527 -0.000126196 0.000232006
141.44 0.252041 0.254807 0.251105 5.46012e-05 -0.000279417 0.000275501
141.46 0.252052 0.254796 0.251121 0.000276941 -0.000288698 0.000409978
141.48 0.252078 0.25479 0.251143 0.000659528 -0.000131001 0.000548978
141.5 0.252116 0.254793 0.251169 0.00093276 7.02133e-05 0.000653292
141.52 0.252154 0.254799 0.251199 0.000965669 0.000144049 0.000738135
141.54 0.252187 0.254799 0.251232 0.000812089 1.50236e-05 0.000831844
141.56 0.252211 0.254791 0.251269 0.000606946 -0.000222331 0.000927816
141.58 0.252229 0.254776 0.251308 0.000454986 -0.000367958 0.000985823
141.6 0.252245 0.254765 0.251348 0.000397552 -0.000265835 0.000977258
141.62 0.252263 0.254769 0.251384 0.000436185 8.51994e-05 0.000911432
141.64 0.252285 0.25479 0.251417 0.000562136 0.000537719 0.000819723
141.66 0.252315 0.254826 0.251446 0.000753376 0.000898957 0.000717378
141.68 0.252353 0.254868 0.251469 0.000948455 0.00104529 0.000586984
141.7 0.252395 0.254907 0.251486 0.00105359 0.000976787 0.000413487
141.72 0.252435 0.254938 0.251495 0.000993561 0.000782622 0.000225089
141.74 0.252466 0.254961 0.251498 0.000764139 0.000559158 9.26975e-05
141.76 0.252484 0.254975 0.251502 0.000452068 0.000358408 8.92498e-05
141.78 0.252492 0.254983 0.251511 0.000204828 0.000205785 0.000241126
141.8 0.252498 0.25499 0.251532 0.000152275 0.000161923 0.000506335
141.82 0.252511 0.255003 0.251564 0.000326854 0.00034337 0.000799569
141.84 0.252537 0.255037 0.251605 0.000642895 0.000839052 0.00103854
141.86 0.252575 0.2551 0.251652 0.000944562 0.0015718 0.0011658
141.88 0.252618 0.25519 0.251697 0.00108236 0.00224841 0.00113851
141.9 0.252657 0.255289 0.251734 0.000987658 0.00248403 0.000924205
141.92 0.252686 0.255371 0.251756 0.000712052 0.00204498 0.000533747
141.94 0.252702 0.255413 0.251759 0.000402134 0.00106001 6.8936e-05
141.96 0.252711 0.255414 0.251748 0.00022895 1.69727e-05 -0.000272542
141.98 0.252724 0.255393 0.251736 0.000311807 -0.000518391 -0.000280482
142 0.25275 0.255382 0.251742 0.000658691 -0.000281223 0.000128697
142.02 0.252796 0.255403 0.251774 0.00113984 0.000511474 0.000822676
142.04 0.252857 0.255455 0.251834 0.00152435 0.00131014 0.00149657
142.06 0.25292 0.255519 0.251908 0.00159745 0.00159846 0.0018386
142.08 0.252972 0.255568 0.251977 0.00129331 0.00122363 0.0017175
142.1 0.253002 0.255587 0.252027 0.000750597 0.000472987 0.00126681
142.12 0.253012 0.255581 0.25206 0.000252684 -0.000148755 0.000808244
142.14 0.253016 0.25557 0.252086 8.52408e-05 -0.000262708 0.000651194
142.16 0.253031 0.255577 0.252121 0.000380439 0.00016062 0.000890576
142.18 0.253072 0.25561 0.252175 0.00102607 0.000825531 0.00134608
142.2 0.25314 0.255664 0.252243 0.00170748 0.00134468 0.00168872
142.22 0.253224 0.255724 0.252309 0.00208221 0.00150508 0.00166178
142.24 0.253303 0.255779 0.252359 0.00199489 0.00137493 0.0012435
142.26 0.253367 0.255827 0.252385 0.00158006 0.00119914 0.000659065
142.28 0.253413 0.255875 0.252395 0.00117024 0.0012 0.000241771
142.3 0.253456 0.255932 0.252403 0.00106911 0.00143375 0.000214934
142.32 0.25351 0.256003 0.252425 0.00134539 0.00177754 0.000539103
142.34 0.253581 0.256085 0.252463 0.00177954 0.00203446 0.000947599
142.36 0.253661 0.256168 0.252508 0.00200362 0.00207732 0.00113676
142.38 0.253731 0.256245 0.252547 0.00175435 0.0019291 0.00095894
142.4 0.253774 0.256314 0.252566 0.00106632 0.00172381 0.000491206
142.42 0.253785 0.256377 0.252565 0.000261751 0.00158599 -4.73188e-05
142.44 0.253774 0.256439 0.252546 -0.000260626 0.00154294 -0.000451025
142.46 0.253763 0.2565 0.252521 -0.000289696 0.00154037 -0.00064006
142.48 0.253765 0.256561 0.252494 6.2866e-05 0.001521 -0.000662819
142.5 0.253783 0.256621 0.25247 0.000448735 0.00148307 -0.000609258
142.52 0.253804 0.256679 0.252449 0.000537115 0.0014639 -0.000523068
142.54 0.253814 0.256738 0.252433 0.000248923 0.00146777 -0.000388866
142.56 0.253806 0.256795 0.252426 -0.000211997 0.00143263 -0.000184803
142.58 0.253784 0.256847 0.252429 -0.000537859 0.0012877 6.79586e-05
142.6 0.253762 0.256888 0.252441 -0.000549837 0.00103257 0.000306032
142.62 0.25375 0.256918 0.25246 -0.000315875 0.000759606 0.000474527
142.64 0.253746 0.256942 0.252483 -8.63094e-05 0.00059801 0.000575518
142.66 0.253743 0.256967 0.252509 -9.37949e-05 0.000611923 0.000657636
142.68 0.253728 0.256996 0.25254 -0.000364236 0.000729411 0.000761655
142.7 0.2537 0.257027 0.252575 -0.000691282 0.000773119 0.000890505
142.72 0.253668 0.25705 0.252616 -0.000797733 0.000587238 0.00101733
142.74 0.253647 0.257057 0.25266 -0.000546477 0.000166839 0.0011061
142.76 0.253645 0.257045 0.252706 -3.5525e-05 -0.000306507 0.0011395
142.78 0.253664 0.257022 0.252752 0.000470839 -0.000558893 0.00114221
142.8 0.253693 0.257006 0.252798 0.000713653 -0.000401454 0.00116709
142.82 0.253717 0.257012 0.252848 0.000619275 0.00012933 0.00125252
142.84 0.253732 0.257043 0.252904 0.000358563 0.000775418 0.00139598
142.86 0.25374 0.257091 0.252967 0.000213892 0.00120261 0.00155751
142.88 0.253754 0.257138 0.253034 0.000350058 0.00118116 0.00167347
142.9 0.253782 0.257166 0.253101 0.000692185 0.000694914 0.0016783
142.92 0.253822 0.257163 0.253162 0.00101112 -5.85862e-05 0.00153478
142.94 0.253867 0.257133 0.253212 0.00111671 -0.000754198 0.00125624
142.96 0.253907 0.25709 0.253249 0.000992647 -0.00108684 0.000910421
142.98 0.253938 0.257052 0.253273 0.000789939 -0.00093304 0.000597409
143 0.253966 0.257035 0.253289 0.00069473 -0.000427183 0.000400312
143.02 0.253997 0.25704 0.253302 0.000764261 0.000111946 0.000325704
143.04 0.254032 0.257054 0.253313 0.000877372 0.000365039 0.000292383
143.06 0.254066 0.257062 0.253322 0.000854907 0.00019515 0.000205468
143.08 0.254091 0.257051 0.253324 0.000628031 -0.000273513 5.54297e-05
143.1 0.254103 0.257022 0.253322 0.000302605 -0.000728223 -5.50539e-05
143.12 0.254106 0.256988 0.253321 6.66059e-05 -0.000864145 -8.76083e-06
143.14 0.254107 0.256964 0.253329 2.40719e-05 -0.000588282 0.000191916
143.16 0.254111 0.256961 0.253345 0.000111487 -8.49647e-05 0.000405628
143.18 0.254118 0.256973 0.253364 0.000178611 0.000317861 0.000473002
143.2 0.254124 0.256989 0.253378 0.000149829 0.000386981 0.000360456
143.22 0.254128 0.256995 0.253387 9.45323e-05 0.000147475 0.000204202
143.24 0.254134 0.256989 0.253396 0.000150548 -0.000142503 0.000223793
143.26 0.254149 0.256982 0.253417 0.000372711 -0.000186108 0.000539942
143.28 0.254175 0.256987 0.253458 0.000636489 0.000133518 0.00102432
143.3 0.254203 0.257014 0.253512 0.000703159 0.000670884 0.00134675
143.32 0.25422 0.257059 0.253561 0.000422015 0.00112997 0.00121845
143.34 0.254216 0.25711 0.253586 -9.78575e-05 0.00128675 0.000640327
143.36 0.254195 0.257156 0.253584 -0.0005133 0.00114353 -5.01478e-05
143.38 0.254176 0.257192 0.253569 -0.000473166 0.000903531 -0.000387995
143.4 0.254181 0.257225 0.253564 0.000109285 0.000805358 -0.000112105
143.42 0.254219 0.257262 0.253589 0.000954025 0.000944403 0.00062742
143.44 0.254282 0.257311 0.253644 0.0015908 0.00120568 0.00136458
143.46 0.25435 0.257365 0.25371 0.00168767 0.00135499 0.00164745
143.48 0.254401 0.257414 0.253764 0.00127786 0.00123103 0.00134662
143.5 0.25443 0.257449 0.253793 0.000729906 0.00088394 0.000724539
143.52 0.254449 0.257471 0.253802 0.000472321 0.000535962 0.000221814
143.54 0.254476 0.257487 0.253807 0.000662647 0.000406041 0.000129199
143.56 0.254519 0.257509 0.253823 0.0010807 0.000552554 0.000410171
143.58 0.254573 0.257543 0.253855 0.00134454 0.000851128 0.0007966
143.6 0.254622 0.257587 0.253897 0.00124627 0.00109665 0.00104138
143.62 0.254659 0.257633 0.25394 0.000906683 0.00113896 0.00109188
143.64 0.254685 0.257671 0.253983 0.000650481 0.000968559 0.00106939
143.66 0.254715 0.257699 0.254028 0.000746871 0.000698218 0.00111396
143.68 0.254764 0.257718 0.254077 0.00122162 0.000462394 0.00123716
143.7 0.254837 0.25773 0.25413 0.00184854 0.00031523 0.00130687
143.72 0.25493 0.257739 0.254177 0.00230972 0.000224844 0.00118032
143.74 0.255026 0.257746 0.254211 0.0024049 0.000161023 0.000856989
143.76 0.255112 0.257752 0.254231 0.00216096 0.000164096 0.00049535
143.78 0.255183 0.257765 0.254242 0.00177117 0.000310625 0.000282862
143.8 0.255241 0.25779 0.254254 0.00143383 0.000617433 0.000286074
143.82 0.25529 0.257829 0.25427 0.00123122 0.000990577 0.000407247
143.84 0.255335 0.25788 0.254289 0.00113492 0.00127322 0.000484701
143.86 0.25538 0.257934 0.254307 0.00110668 0.00135474 0.000450359
143.88 0.255426 0.257984 0.254323 0.00116214 0.00125382 0.000396923
143.9 0.255479 0.258029 0.254343 0.00132279 0.00110302 0.0004877
143.92 0.25554 0.25807 0.254375 0.00153107 0.00103827 0.000796617
143.94 0.255606 0.258114 0.254423 0.00163765 0.00109122 0.00121617
143.96 0.255665 0.258161 0.254483 0.00149353 0.0011784 0.00150609
143.98 0.255708 0.258208 0.254541 0.00107388 0.00118277 0.0014475
144 0.255729 0.25825 0.254581 0.000521266 0.00105068 0.000984161
144.02 0.255732 0.258284 0.254591 7.31655e-05 0.000835722 0.000256025
144.04 0.255729 0.25831 0.254572 -8.38135e-05 0.000665598 -0.00048227
144.06 0.255731 0.258337 0.254532 4.40498e-05 0.000661518 -0.000997602
144.08 0.25574 0.258371 0.254485 0.00023487 0.00086111 -0.00117398
144.1 0.255748 0.258418 0.254444 0.000199392 0.00117988 -0.00102204
144.12 0.25574 0.258476 0.254419 -0.000189296 0.00144856 -0.000625857
144.14 0.25571 0.258537 0.254415 -0.000772482 0.00152614 -8.58482e-05
144.16 0.255661 0.258593 0.254436 -0.00121932 0.00139951 0.000505038
144.18 0.25561 0.258641 0.254478 -0.00127432 0.0011853 0.00106249
144.2 0.255573 0.258683 0.254538 -0.000920727 0.00104463 0.00150622
144.22 0.255558 0.258726 0.254609 -0.000365663 0.00108657 0.00176047
144.24 0.255562 0.258778 0.25468 0.000100428 0.00131169 0.00177931
144.26 0.255573 0.258843 0.254743 0.000274529 0.00161172 0.00158229
144.28 0.255579 0.258916 0.254794 0.000148448 0.00182778 0.00125588
144.3 0.255575 0.25899 0.25483 -0.000107845 0.0018488 0.000908717
144.32 0.255564 0.259057 0.254855 -0.00027563 0.00168517 0.000618944
144.34 0.255555 0.259115 0.254871 -0.000228931 0.0014501 0.000416986
144.36 0.255555 0.259166 0.254884 1.68077e-05 0.00127575 0.000305318
144.38 0.25557 0.259216 0.254895 0.000356018 0.00123794 0.000284672
144.4 0.255597 0.259269 0.25491 0.00067361 0.00132811 0.000365662
144.42 0.255633 0.259328 0.254932 0.000900321 0.00147485 0.000562193
144.44 0.255673 0.259391 0.254967 0.00101688 0.00158189 0.000864635
144.46 0.255714 0.259453 0.255015 0.00102647 0.00155387 0.00121162
144.48 0.255752 0.259507 0.255075 0.000939454 0.00132783 0.00149298
144.5 0.255783 0.259544 0.255139 0.000783515 0.000924732 0.00159379
144.52 0.255808 0.259562 0.255197 0.000616833 0.000468045 0.00145092
144.54 0.255828 0.259567 0.25524 0.000507406 0.000115716 0.00108001
144.56 0.255848 0.259565 0.255262 0.000487133 -4.04679e-05 0.000566753
144.58 0.255869 0.259564 0.255264 0.000523125 -2.19623e-05 3.8682e-05
144.6 0.25589 0.259567 0.255249 0.000530809 5.31308e-05 -0.000371451
144.62 0.255908 0.259568 0.255227 0.000445846 3.07035e-05 -0.000558368
144.64 0.25592 0.25956 0.255208 0.000309991 -0.000183898 -0.000464502
144.66 0.255931 0.259539 0.255204 0.00027416 -0.000541208 -9.33909e-05
144.68 0.255951 0.259504 0.255223 0.00049071 -0.000858098 0.00046911
144.7 0.25599 0.259467 0.255265 0.000976193 -0.000942134 0.0010505
144.72 0.256052 0.259437 0.255323 0.00154466 -0.000737113 0.00144781
144.74 0.256127 0.259422 0.255384 0.00188468 -0.000370821 0.00152844
144.76 0.256197 0.25942 0.255437 0.00175543 -6.34383e-05 0.00130597
144.78 0.256244 0.259421 0.255474 0.00116313 2.50205e-05 0.00093362
144.8 0.256259 0.259416 0.255499 0.000383615 -0.000111101 0.000622769
144.82 0.256251 0.259403 0.25552 -0.000197791 -0.000338907 0.000538881
144.84 0.256238 0.259383 0.255549 -0.000317636 -0.000488679 0.000724354
144.86 0.256239 0.259364 0.255593 2.1299e-05 -0.000484926 0.00108616
144.88 0.256262 0.259348 0.255651 0.000577941 -0.000403335 0.00145474
144.9 0.256304 0.259332 0.255718 0.0010304 -0.00039287 0.00167353
144.92 0.25635 0.259311 0.255785 0.00114881 -0.000525885 0.00166553
144.94 0.256385 0.259283 0.255843 0.000887779 -0.000703778 0.00145207
144.96 0.2564 0.259254 0.255887 0.000371739 -0.000717162 0.0011217
144.98 0.256392 0.259237 0.255918 -0.000194755 -0.000437078 0.000770556
145 0.256367 0.259238 0.255936 -0.000634155 2.75024e-05 0.000448875
145.02 0.256333 0.259252 0.255942 -0.00085223 0.000365658 0.000152462
145.04 0.2563 0.259264 0.255937 -0.000826293 0.000281473 -0.00012962
145.06 0.256277 0.259253 0.255923 -0.00057351 -0.000277015 -0.000365017
145.08 0.256271 0.259211 0.255903 -0.000144937 -0.00104846 -0.000486002
145.1 0.256285 0.259147 0.255885 0.000352421 -0.00159644 -0.000444702
145.12 0.256315 0.259084 0.255875 0.000759935 -0.00157521 -0.000262883
145.14 0.256352 0.259045 0.255873 0.000925846 -0.000967753 -4.33743e-05
145.16 0.256384 0.25904 0.255876 0.000777628 -0.000121502 7.00783e-05
145.18 0.256398 0.25906 0.255875 0.000368051 0.000481214 -1.55739e-05
145.2 0.256393 0.259082 0.255865 -0.000120262 0.000562405 -0.000246384
145.22 0.256377 0.259091 0.255849 -0.000420967 0.000231815 -0.000417311
145.24 0.256364 0.259087 0.255837 -0.000305794 -0.000117189 -0.000303768
145.26 0.256375 0.259082 0.255843 0.00026551 -0.00010956 0.000162439
145.28 0.256419 0.259096 0.255876 0.00108922 0.000337113 0.000820487
145.3 0.256491 0.259134 0.255931 0.00181638 0.00096012 0.00136577
145.32 0.256577 0.259188 0.255992 0.00214222 0.00135633 0.00152832
145.34 0.256655 0.25924 0.256041 0.00194962 0.00129777 0.00123469
145.36 0.256709 0.259277 0.256067 0.00134419 0.000912157 0.00065757
145.38 0.256733 0.2593 0.256072 0.000599269 0.000590398 0.000120273
145.4 0.256734 0.259329 0.256069 3.24936e-05 0.000703987 -8.61798e-05
145.42 0.256728 0.259382 0.256075 -0.000149995 0.00134093 0.000146155
145.44 0.25673 0.259472 0.256103 4.91358e-05 0.00223866 0.000709979
145.46 0.256748 0.25959 0.256157 0.000452426 0.00295921 0.00136145
145.48 0.256781 0.259717 0.256232 0.00083109 0.00318424 0.00185781
145.5 0.256822 0.259834 0.256315 0.00102372 0.00290263 0.00207647
145.52 0.256862 0.259928 0.256396 0.000992835 0.00236482 0.0020362
145.54 0.256895 0.260004 0.25647 0.000819736 0.00188877 0.00183557
145.56 0.25692 0.260071 0.256533 0.000643649 0.00167803 0.00158089
145.58 0.256943 0.260141 0.256586 0.000556057 0.00174131 0.00133901
145.6 0.256964 0.260218 0.256631 0.000540297 0.00193981 0.00112132
145.62 0.256985 0.260303 0.256667 0.000528192 0.00211496 0.000901148
145.64 0.257006 0.26039 0.256694 0.000504906 0.00218383 0.000655062
145.66 0.257027 0.260476 0.25671 0.00053414 0.00214826 0.00040002
145.68 0.257054 0.260558 0.256718 0.000683177 0.00205081 0.000198854
145.7 0.257092 0.260635 0.256722 0.000936222 0.00193632 0.000121865
145.72 0.257139 0.260709 0.25673 0.00118317 0.00184591 0.000198687
145.74 0.257191 0.260782 0.256746 0.00130595 0.00181909 0.00040221
145.76 0.257243 0.260857 0.256773 0.00128013 0.00186674 0.000662493
145.78 0.25729 0.260934 0.256809 0.00119583 0.0019419 0.000898274
145.8 0.257338 0.261013 0.256851 0.00118389 0.00196017 0.0010557
145.82 0.25739 0.261087 0.256896 0.00130778 0.00185898 0.00112791
145.84 0.25745 0.261153 0.256942 0.00149334 0.00164037 0.00113542
145.86 0.257512 0.261207 0.256985 0.00156126 0.00136182 0.00107736
145.88 0.257568 0.261251 0.257021 0.00138272 0.00108506 0.000908115
145.9 0.257609 0.261284 0.257044 0.00103971 0.000830352 0.000574612
145.92 0.257641 0.261308 0.257047 0.000806498 0.000590627 8.31747e-05
145.94 0.257679 0.261324 0.257029 0.000929816 0.000400277 -0.00046141
145.96 0.257734 0.261338 0.256993 0.00139665 0.00036241 -0.000885699
145.98 0.25781 0.261361 0.256952 0.00190121 0.00057273 -0.0010331
146 0.257892 0.261401 0.256918 0.00204777 0.000998268 -0.000848715
146.02 0.257958 0.261458 0.256902 0.00163267 0.00143448 -0.000414868
146.04 0.25799 0.261522 0.256905 0.00080526 0.00160385 8.92383e-05
146.06 0.25799 0.261576 0.256925 -1.83505e-06 0.00133511 0.000490344
146.08 0.257976 0.261604 0.256954 -0.000333609 0.000697875 0.000726299
146.1 0.257976 0.261603 0.256989 -1.01117e-05 -1.70675e-05 0.000872305
146.12 0.258005 0.261584 0.257031 0.000734858 -0.000473016 0.00105058
146.14 0.258061 0.261564 0.257082 0.00140051 -0.000496714 0.00128602
146.16 0.258124 0.261557 0.25714 0.00155334 -0.000169905 0.00144631
146.18 0.258168 0.261567 0.257194 0.00110549 0.000243369 0.00134243
146.2 0.258182 0.261587 0.25723 0.000358657 0.00049222 0.000903432
146.22 0.258174 0.261608 0.25724 -0.000211146 0.000519544 0.000263382
146.24 0.258163 0.261626 0.257228 -0.000278422 0.000464583 -0.000318376
146.26 0.258167 0.261646 0.257203 0.000110321 0.000493 -0.000621145
146.28 0.25819 0.261671 0.25718 0.000583286 0.000631113 -0.000573015
146.3 0.25822 0.261701 0.25717 0.000741069 0.000745524 -0.000246977
146.32 0.258238 0.261727 0.257179 0.000461429 0.000648744 0.00022751
146.34 0.258237 0.261737 0.25721 -3.60503e-05 0.000248112 0.000762378
146.36 0.258222 0.261723 0.257263 -0.00038578 -0.000345694 0.0013406
146.38 0.258207 0.261689 0.257341 -0.000358475 -0.000846865 0.00195332
146.4 0.258206 0.261651 0.257442 -2.65667e-05 -0.000966541 0.0025097
146.42 0.258218 0.261626 0.257555 0.000302094 -0.000610808 0.00282718
146.44 0.258232 0.261628 0.257664 0.000337567 3.55964e-05 0.00273974
146.46 0.258234 0.261652 0.257754 4.78893e-05 0.000608134 0.00223151
146.48 0.258221 0.261683 0.257813 -0.000326933 0.000784847 0.00147713
146.5 0.258201 0.261703 0.257843 -0.000492697 0.000485708 0.000757861
146.52 0.258187 0.261699 0.257855 -0.000351059 -9.47108e-05 0.000308762
146.54 0.258184 0.261674 0.257863 -6.83014e-05 -0.000632495 0.000197766
146.56 0.258187 0.261638 0.257876 8.03879e-05 -0.000883044 0.000319234
146.58 0.258185 0.261606 0.257896 -4.99696e-05 -0.000817443 0.000498142
146.6 0.258172 0.261581 0.257921 -0.000344793 -0.000610827 0.00061247
146.62 0.258151 0.261561 0.257946 -0.000515448 -0.000504969 0.000637448
146.64 0.258137 0.261536 0.25797 -0.000336067 -0.000627784 0.00060639
146.66 0.258143 0.2615 0.257992 0.000148554 -0.000885852 0.000546051
146.68 0.258168 0.261459 0.25801 0.000618198 -0.00102856 0.000444913
146.7 0.258196 0.261425 0.258021 0.000703346 -0.000846101 0.000284357
146.72 0.258207 0.261412 0.258025 0.000276879 -0.000337752 9.47783e-05
146.74 0.25819 0.261423 0.258024 -0.000424881 0.000280089 -3.64626e-05
146.76 0.258152 0.261452 0.258022 -0.000959181 0.000711154 -3.87604e-05
146.78 0.258112 0.261482 0.258024 -0.000996823 0.00076022 5.43995e-05
146.8 0.25809 0.2615 0.258029 -0.000548453 0.000463921 0.000109523
146.82 0.258093 0.261504 0.258028 7.44051e-05 7.97825e-05 -8.46867e-06
146.84 0.258113 0.2615 0.258015 0.000505577 -8.46032e-05 -0.000328113
146.86 0.258137 0.261505 0.257986 0.000578586 0.000118396 -0.000724364
146.88 0.258153 0.261529 0.257947 0.000410955 0.00059105 -0.000969401
146.9 0.258164 0.261572 0.257913 0.000281056 0.00108296 -0.000858868
146.92 0.25818 0.261627 0.257899 0.000389693 0.0013728 -0.000345663
146.94 0.258208 0.261684 0.257916 0.000697213 0.00141785 0.000406996
146.96 0.258246 0.261739 0.25796 0.000965788 0.00137229 0.00110552
146.98 0.258285 0.261796 0.258019 0.000960863 0.00144603 0.0014902
147 0.258311 0.261865 0.258079 0.0006511 0.00171597 0.00148089
147.02 0.258321 0.261947 0.258127 0.000242772 0.00204939 0.00120266
147.04 0.258322 0.262035 0.258162 3.37798e-05 0.00221173 0.000879408
147.06 0.25833 0.262118 0.25819 0.000212585 0.00206378 0.000692976
147.08 0.25836 0.262185 0.258218 0.000741727 0.00168171 0.000716251
147.1 0.258416 0.262238 0.258255 0.00138764 0.00131179 0.000916753
147.12 0.25849 0.262286 0.258302 0.00186991 0.00119934 0.00118254
147.14 0.258572 0.262342 0.258357 0.00203236 0.00141 0.00136769
147.16 0.258648 0.262413 0.258411 0.00190625 0.00176899 0.00135967
147.18 0.258713 0.262492 0.258457 0.00163242 0.0019722 0.00113946
147.2 0.258767 0.262564 0.258489 0.00133784 0.00179817 0.000794531
147.22 0.25881 0.262615 0.258508 0.00107829 0.00127851 0.000479851
147.24 0.258845 0.262643 0.258522 0.000877912 0.000698252 0.000350613
147.26 0.258876 0.262659 0.258541 0.000787194 0.000403285 0.000487832
147.28 0.258911 0.262681 0.258575 0.000872147 0.000561855 0.000848767
147.3 0.258957 0.262724 0.258627 0.00114965 0.00106288 0.00127886
147.32 0.259019 0.262788 0.25869 0.00153273 0.00159254 0.00159303
147.34 0.259093 0.26286 0.258757 0.00185779 0.00181471 0.0016691
147.36 0.259173 0.262923 0.258817 0.00200043 0.00156319 0.00148969
147.38 0.259252 0.262961 0.258862 0.00197003 0.000955697 0.00112569
147.4 0.259327 0.262974 0.258889 0.00188902 0.000337481 0.000691079
147.42 0.259402 0.262977 0.258901 0.00187369 6.38135e-05 0.000300223
147.44 0.259479 0.262988 0.258903 0.00192443 0.000275019 4.31396e-05
147.46 0.259556 0.263021 0.258902 0.00191434 0.000819929 -3.08717e-05
147.48 0.259623 0.263075 0.258905 0.00168918 0.00135686 7.61368e-05
147.5 0.259672 0.263137 0.258917 0.00122062 0.00156044 0.000307823
147.52 0.2597 0.26319 0.25894 0.000690914 0.00131704 0.000564165
147.54 0.259716 0.263221 0.25897 0.000395271 0.000779063 0.000745622
147.56 0.259736 0.263231 0.259002 0.000511083 0.000248528 0.000813398
147.58 0.259774 0.26323 0.259034 0.000951873 -1.96063e-05 0.000805875
147.6 0.259832 0.263232 0.259066 0.00144051 3.75917e-05 0.000792013
147.62 0.2599 0.263243 0.259098 0.00170429 0.000275847 0.000801859
147.64 0.259965 0.263261 0.25913 0.00162018 0.000461489 0.000790854
147.66 0.260014 0.263279 0.259157 0.00124059 0.000449291 0.000676989
147.68 0.260043 0.263291 0.259174 0.000723987 0.000282403 0.000423893
147.7 0.260052 0.263296 0.259178 0.000226575 0.000138549 9.69255e-05
147.72 0.260045 0.263303 0.259171 -0.000175384 0.00017462 -0.000160515
147.74 0.260026 0.263319 0.259162 -0.00047614 0.000390645 -0.000223066
147.76 0.26 0.263344 0.259159 -0.000663429 0.000615724 -8.30371e-05
147.78 0.259973 0.263369 0.259164 -0.000680221 0.000630391 0.000128098
147.8 0.259953 0.263383 0.259173 -0.000483739 0.000346366 0.00022907
147.82 0.259948 0.263379 0.259179 -0.000128639 -9.91653e-05 0.000132566
147.84 0.259957 0.263361 0.259175 0.000221137 -0.000434417 -7.74753e-05
147.86 0.259972 0.263343 0.259167 0.000370556 -0.000447253 -0.00020839
147.88 0.25998 0.263338 0.259163 0.000205798 -0.000133741 -0.000103804
147.9 0.259971 0.26335 0.259173 -0.000228241 0.000296177 0.000242613
147.92 0.259941 0.263372 0.259199 -0.000740208 0.000555467 0.000671525
147.94 0.259898 0.263391 0.259237 -0.0010937 0.000473777 0.000947585
147.96 0.259852 0.263396 0.259274 -0.00113323 0.000121306 0.000903867
147.98 0.259818 0.263386 0.259296 -0.000864517 -0.000241426 0.000554654
148 0.259799 0.263372 0.2593 -0.0004543 -0.000362775 0.000105298
148.02 0.259794 0.263365 0.259294 -0.000134954 -0.000179771 -0.000158361
148.04 0.259792 0.263371 0.259292 -5.49324e-05 0.00016015 -3.63003e-05
148.06 0.259785 0.263388 0.259311 -0.000177734 0.000425212 0.000471483
148.08 0.259772 0.263407 0.259358 -0.000310274 0.000465454 0.00117318
148.1 0.259762 0.263419 0.25943 -0.000247748 0.000303979 0.00179849
148.12 0.259766 0.263422 0.259515 7.99523e-05 9.34542e-05 0.00212969
148.14 0.259788 0.263422 0.259598 0.000564336 -1.48744e-05 0.00208068
148.16 0.259828 0.263423 0.259667 0.000988256 2.04309e-05 0.00171034
148.18 0.259874 0.263427 0.259714 0.00116437 0.000111241 0.00118841
148.2 0.259917 0.263432 0.259744 0.0010596 0.000125702 0.000734203
148.22 0.259949 0.263433 0.259765 0.000820214 2.26962e-05 0.000533537
148.24 0.259977 0.26343 0.259791 0.000683067 -7.88337e-05 0.000653795
148.26 0.26001 0.263431 0.259831 0.000817574 2.6307e-05 0.00100254
148.28 0.260058 0.263449 0.259886 0.00120677 0.000453805 0.00137193
148.3 0.260124 0.263493 0.259948 0.0016599 0.00109316 0.00155554
148.32 0.260202 0.263559 0.260007 0.00194989 0.00164279 0.00146535
148.34 0.260281 0.263631 0.260054 0.00196251 0.0018074 0.00117341
148.36 0.26035 0.263691 0.260088 0.0017436 0.0015154 0.000856972
148.38 0.260408 0.263731 0.260116 0.00143293 0.000997337 0.000689785
148.4 0.260454 0.263757 0.260145 0.00116028 0.000648275 0.000741965
148.42 0.260493 0.263787 0.260183 0.000980752 0.000751206 0.000937885
148.44 0.260529 0.263838 0.260227 0.000880071 0.00127038 0.00110519
148.46 0.260562 0.263914 0.260271 0.000835197 0.00188607 0.0010949
148.48 0.260597 0.264003 0.260306 0.000863386 0.00223374 0.000878096
148.5 0.260637 0.264089 0.260328 0.000999717 0.00215525 0.000540535
148.52 0.260685 0.264161 0.260336 0.00121924 0.0017917 0.000206729
148.54 0.260741 0.26422 0.260334 0.00139008 0.0014675 -4.07561e-05
148.56 0.260794 0.264277 0.260326 0.00132558 0.00144507 -0.000202885
148.58 0.260831 0.264346 0.260313 0.000928928 0.00172786 -0.000334056
148.6 0.260844 0.264429 0.260295 0.000324323 0.00207597 -0.000457692
148.62 0.260837 0.264518 0.260274 -0.000169779 0.00220993 -0.000514428
148.64 0.260828 0.264599 0.260258 -0.000234305 0.00201639 -0.000408892
148.66 0.260837 0.264663 0.260253 0.00022355 0.00160977 -0.000109898
148.68 0.260876 0.264712 0.260265 0.000968473 0.00123337 0.000293787
148.7 0.260937 0.264755 0.26029 0.0015475 0.00108009 0.000632242
148.72 0.261 0.264802 0.260321 0.00156495 0.0011691 0.000757881
148.74 0.261038 0.264857 0.260346 0.000946535 0.0013692 0.00063496
148.76 0.261038 0.264918 0.26036 1.35315e-05 0.00152783 0.000359992
148.78 0.261011 0.264981 0.260364 -0.000696331 0.00157815 9.39219e-05
148.8 0.26098 0.265043 0.260362 -0.000766904 0.00155028 -4.70414e-05
148.82 0.260973 0.265104 0.26036 -0.000182308 0.00151483 -5.04452e-05
148.84 0.260999 0.265164 0.260361 0.000661639 0.00150994 2.01056e-05
148.86 0.261049 0.265224 0.260365 0.00123594 0.00150613 0.000106802
148.88 0.261098 0.265282 0.260374 0.00123347 0.0014379 0.000219077
148.9 0.261128 0.265333 0.260391 0.000744084 0.00126888 0.00041811
148.92 0.261134 0.265373 0.26042 0.000153407 0.00101911 0.000734744
148.94 0.261128 0.265403 0.260464 -0.000140796 0.000733952 0.00110305
148.96 0.261128 0.265421 0.26052 4.63716e-06 0.000445188 0.00138754
148.98 0.261145 0.265428 0.260579 0.00041469 0.000174676 0.00148181
149 0.261176 0.265426 0.260635 0.000778598 -3.98242e-05 0.00139527
149.02 0.261213 0.26542 0.260685 0.000913245 -0.000143602 0.00125558
149.04 0.261248 0.265417 0.260734 0.000879749 -9.38315e-05 0.00121459
149.06 0.261283 0.265421 0.260787 0.000884248 9.90369e-05 0.00133004
149.08 0.261326 0.265434 0.260848 0.00107478 0.000339734 0.00152191
149.1 0.261382 0.265453 0.260913 0.00139518 0.000470166 0.00163499
149.12 0.261446 0.265467 0.260975 0.00160631 0.000361013 0.00155744
149.14 0.261505 0.265467 0.261027 0.00146794 -1.24232e-06 0.00130105
149.16 0.261543 0.265447 0.261067 0.000954729 -0.000505092 0.000991552
149.18 0.261556 0.265408 0.261098 0.000318036 -0.000979483 0.000778238
149.2 0.261553 0.265357 0.261127 -7.97199e-05 -0.00127318 0.00073015
149.22 0.261552 0.265305 0.261159 -2.231e-05 -0.00129642 0.00079941
149.24 0.261568 0.265264 0.261194 0.000415363 -0.00103805 0.000871536
149.26 0.261605 0.265241 0.261229 0.000919404 -0.000577787 0.000856091
149.28 0.261651 0.265238 0.261258 0.00114085 -6.41209e-05 0.000746322
149.3 0.261688 0.265252 0.261283 0.000924969 0.000344845 0.000603504
149.32 0.261704 0.265273 0.261302 0.000418009 0.000529331 0.00048899
149.34 0.261703 0.26529 0.261318 -3.61051e-05 0.000427436 0.000405174
149.36 0.261697 0.265292 0.26133 -0.000153383 6.0062e-05 0.000295216
149.38 0.2617 0.265274 0.261334 8.03967e-05 -0.000449157 9.73534e-05
149.4 0.261717 0.265238 0.261326 0.000421613 -0.000905657 -0.000192849
149.42 0.26174 0.265193 0.261307 0.000574686 -0.00112123 -0.000487694
149.44 0.261756 0.265154 0.261282 0.000412591 -0.000996006 -0.000628175
149.46 0.261759 0.265131 0.261262 5.92216e-05 -0.00057267 -0.000481349
149.48 0.261751 0.265129 0.26126 -0.000204238 -3.26889e-05 -6.46922e-05
149.5 0.261745 0.265145 0.261277 -0.000144303 0.000396731 0.00041654
149.52 0.261755 0.265168 0.261303 0.000250538 0.000577871 0.000674183
149.54 0.261785 0.26519 0.261324 0.000762687 0.000531847 0.000516865
149.56 0.26183 0.265206 0.261324 0.0011161 0.000401443 -1.58466e-05
149.58 0.261878 0.26522 0.261298 0.00118677 0.000350316 -0.000645897
149.6 0.26192 0.265238 0.261258 0.00106587 0.000465702 -0.000997454
149.62 0.261957 0.265267 0.261225 0.000928881 0.000716187 -0.00081835
149.64 0.261992 0.265306 0.26122 0.000861527 0.000986788 -0.000134643
149.66 0.262024 0.265353 0.261251 0.000814126 0.00116507 0.000777546
149.68 0.262053 0.265402 0.261314 0.000706427 0.00121942 0.00157816
149.7 0.262075 0.26545 0.261396 0.000554207 0.00121424 0.00204844
149.72 0.262094 0.2655 0.261482 0.000482069 0.00124235 0.00214926
149.74 0.262118 0.265553 0.261561 0.000608444 0.00132818 0.00196794
149.76 0.262155 0.265609 0.261626 0.000912544 0.00140707 0.00163255
149.78 0.262203 0.265666 0.261676 0.00120495 0.00140233 0.00125186
149.8 0.262253 0.265718 0.261712 0.0012485 0.00130782 0.000904402
149.82 0.262291 0.265766 0.261739 0.00094992 0.00120165 0.000663081
149.84 0.26231 0.265814 0.261763 0.000472696 0.00120006 0.000606446
149.86 0.262316 0.265869 0.261794 0.000160998 0.0013664 0.000777382
149.88 0.262328 0.265934 0.261839 0.00029094 0.00162695 0.00111798
149.9 0.262361 0.266005 0.261897 0.000820684 0.00178048 0.00144918
149.92 0.262415 0.26607 0.261959 0.0013604 0.00163589 0.00154819
149.94 0.262473 0.266118 0.26201 0.00143881 0.00118811 0.00129274
149.96 0.262508 0.266145 0.262041 0.000876714 0.000672118 0.000761048
149.98 0.262506 0.266162 0.262049 -4.36288e-05 0.000427558 0.000212616
150 0.262476 0.266188 0.262047 -0.000743989 0.000654782 -4.32954e-05
150.02 0.262448 0.266237 0.262054 -0.00072166 0.00123613 0.000164051
150.04 0.262452 0.266309 0.262083 0.000101525 0.00178139 0.000733449
150.06 0.262503 0.266385 0.262137 0.00128034 0.00189703 0.00133098
150.08 0.262587 0.266443 0.2622 0.0021089 0.00147246 0.0015893
150.1 0.262671 0.266473 0.262253 0.00209059 0.000749165 0.00132545
150.12 0.262721 0.266479 0.262279 0.00126356 0.000134633 0.000639682
150.14 0.262727 0.266476 0.262272 0.000143261 -6.31213e-05 -0.000159604
150.16 0.262702 0.266485 0.262243 -0.000637653 0.000205692 -0.000743862
150.18 0.262673 0.266514 0.262205 -0.000719211 0.00074335 -0.000936845
150.2 0.262665 0.266564 0.262175 -0.000193532 0.00125173 -0.000761722
150.22 0.262685 0.266625 0.262161 0.000508148 0.00151557 -0.000354822
150.24 0.262722 0.266685 0.262167 0.000926616 0.00149111 0.000152581
150.26 0.262757 0.266735 0.262194 0.000858825 0.00125321 0.000675021
150.28 0.262774 0.266771 0.262239 0.000427962 0.000896383 0.00113349
150.3 0.262771 0.26679 0.262296 -6.04957e-05 0.000497357 0.00141338
150.32 0.262758 0.266796 0.262351 -0.000328461 0.000148826 0.00138876
150.34 0.262748 0.266796 0.262392 -0.000262742 -1.58171e-05 0.00101878
150.36 0.26275 0.266801 0.262409 6.55419e-05 0.000129819 0.000436354
150.38 0.26277 0.266825 0.262406 0.000479 0.000610569 -7.59958e-05
150.4 0.262802 0.266877 0.262396 0.000807625 0.00128592 -0.000248987
150.42 0.26284 0.266952 0.262396 0.000961389 0.00187535 -1.64413e-05
150.44 0.262878 0.267035 0.262413 0.00093614 0.00208204 0.000429035
150.46 0.262909 0.267106 0.262444 0.000775233 0.00177141 0.000774565
150.48 0.26293 0.267149 0.262476 0.000533691 0.0010851 0.000812234
150.5 0.262942 0.267165 0.262499 0.000284381 0.000385577 0.000577751
150.52 0.262947 0.267167 0.262512 0.000128754 4.65637e-05 0.000314342
150.54 0.262953 0.267176 0.262524 0.00015876 0.000225357 0.000297202
150.56 0.262969 0.267206 0.262549 0.000395059 0.000767412 0.000636122
150.58 0.262999 0.267259 0.262597 0.000760278 0.00131025 0.00118329
150.6 0.263044 0.26732 0.262661 0.00111214 0.00152858 0.0016213
150.62 0.263096 0.267374 0.262729 0.00131749 0.00134433 0.00169059
150.64 0.263149 0.267412 0.262784 0.00131203 0.000946124 0.00137717
150.66 0.263194 0.267437 0.26282 0.00112274 0.000628786 0.00090738
150.68 0.263228 0.26746 0.262843 0.000858861 0.000587589 0.000565624
150.7 0.263255 0.267493 0.262863 0.000662979 0.000811991 0.000494453
150.72 0.26328 0.267538 0.262888 0.000631087 0.00114222 0.000627044
150.74 0.26331 0.267595 0.262919 0.000750337 0.00141366 0.000773319
150.76 0.263347 0.267657 0.26295 0.000924188 0.00155521 0.000778313
150.78 0.263389 0.26772 0.262975 0.00105841 0.00158179 0.000635755
150.8 0.263434 0.267781 0.262994 0.00110585 0.00152232 0.00047318
150.82 0.263476 0.267836 0.263011 0.00105064 0.00136233 0.000428601
150.84 0.263511 0.267878 0.263033 0.000894576 0.0010539 0.00053726
150.86 0.263538 0.267902 0.263062 0.000675223 0.000597532 0.000721731
150.88 0.263557 0.267907 0.263097 0.00047436 0.000116576 0.000871352
150.9 0.263573 0.267899 0.263134 0.000394399 -0.000177396 0.000927408
150.92 0.263593 0.267894 0.26317 0.000510382 -0.00012673 0.000904305
150.94 0.263626 0.267904 0.263204 0.000817543 0.000237113 0.000844863
150.96 0.263674 0.267931 0.263234 0.0012037 0.000679878 0.000762226
150.98 0.263733 0.267967 0.263259 0.00147397 0.000897634 0.000629147
151 0.263791 0.267996 0.263277 0.00145407 0.000726168 0.000429562
151.02 0.263837 0.268007 0.263285 0.00113102 0.000273953 0.000212924
151.04 0.263865 0.268001 0.263289 0.000695382 -0.000158331 8.5555e-05
151.06 0.263881 0.267988 0.263294 0.000417986 -0.000319581 0.000136924
151.08 0.2639 0.26798 0.263308 0.000466962 -0.000194432 0.000351854
151.1 0.263932 0.267981 0.263332 0.000814424 1.41681e-05 0.000594184
151.12 0.263983 0.267984 0.26336 0.00126547 7.16147e-05 0.000702507
151.14 0.264046 0.26798 0.263385 0.00156512 -8.55818e-05 0.000623374
151.16 0.264108 0.267969 0.263403 0.00155817 -0.000285532 0.000460242
151.18 0.26416 0.267959 0.263419 0.00130281 -0.000251932 0.000392088
151.2 0.264201 0.267965 0.26344 0.00101514 0.000147918 0.000526191
151.22 0.264236 0.267994 0.263472 0.000886141 0.000734971 0.000802734
151.24 0.264274 0.268038 0.263513 0.000946428 0.00110041 0.00102949
151.26 0.264317 0.268074 0.263554 0.00107459 0.000901747 0.00102845
151.28 0.264361 0.26808 0.263585 0.00110184 0.000144441 0.000774689
151.3 0.264398 0.268049 0.263602 0.000926883 -0.000776727 0.000407352
151.32 0.264422 0.267996 0.263606 0.000583539 -0.0013188 0.000114736
151.34 0.26443 0.26795 0.263607 0.000218302 -0.00113805 6.76045e-06
151.36 0.26443 0.267938 0.26361 -1.35095e-05 -0.000320698 7.24347e-05
151.38 0.264428 0.267964 0.263619 -4.35254e-05 0.000649719 0.000234083
151.4 0.264432 0.268011 0.263636 8.88804e-05 0.00119429 0.000433468
151.42 0.264443 0.268052 0.263663 0.000278765 0.00101771 0.000668587
151.44 0.264459 0.268064 0.263701 0.000416842 0.000295378 0.00095361
151.46 0.264477 0.268045 0.263751 0.00043209 -0.000468277 0.00125109
151.48 0.264489 0.268013 0.263809 0.000308103 -0.000791286 0.00145258
151.5 0.264493 0.267993 0.263867 9.07386e-05 -0.00050025 0.00144055
151.52 0.264488 0.268002 0.263914 -0.0001232 0.000204947 0.00118378
151.54 0.264478 0.268037 0.263945 -0.000234862 0.000885933 0.000779013
151.56 0.26447 0.268082 0.263961 -0.000203843 0.00111538 0.000401287
151.58 0.264467 0.268111 0.263969 -7.27399e-05 0.000736045 0.000199047
151.6 0.26447 0.26811 0.263978 6.04217e-05 -2.3909e-05 0.000211594
151.62 0.264474 0.268082 0.263993 0.000110139 -0.000696836 0.000367541
151.64 0.264477 0.268047 0.264015 7.29767e-05 -0.00087803 0.000561144
151.66 0.264479 0.268029 0.264044 3.84758e-05 -0.000444601 0.000735851
151.68 0.264483 0.268046 0.26408 0.000110911 0.000421049 0.000898519
151.7 0.264495 0.2681 0.264123 0.000297086 0.00134214 0.0010607
151.72 0.264514 0.268177 0.26417 0.000472319 0.00191486 0.00118086
151.74 0.264532 0.268252 0.264217 0.0004681 0.00189303 0.00117995
151.76 0.264541 0.268305 0.264258 0.000214794 0.00130671 0.00101625
151.78 0.264534 0.268322 0.264287 -0.00016829 0.000443162 0.000737585
151.8 0.264518 0.268311 0.264306 -0.00041916 -0.000292473 0.000460522
151.82 0.264505 0.268288 0.264317 -0.000311856 -0.00056298 0.000291696
151.84 0.264511 0.268278 0.264327 0.000149882 -0.000244431 0.000243846
151.86 0.264539 0.268299 0.264336 0.000706005 0.000528926 0.000222883
151.88 0.26458 0.268357 0.264341 0.00102931 0.00142914 0.000108905
151.9 0.264619 0.26844 0.264335 0.000958841 0.00207319 -0.000128246
151.92 0.264643 0.268527 0.264321 0.000599099 0.0021955 -0.00036942
151.94 0.264652 0.268599 0.264304 0.000239445 0.00178398 -0.000410407
151.96 0.264658 0.268643 0.264299 0.000151991 0.00109746 -0.000123039
151.98 0.264674 0.268664 0.264316 0.000394482 0.000533522 0.00042227
152 0.264705 0.26868 0.264356 0.000771665 0.000411128 0.000991649
152.02 0.264745 0.268712 0.26441 0.00100065 0.000797649 0.00134473
152.04 0.264783 0.268772 0.264465 0.000950263 0.00148002 0.00138568
152.06 0.264813 0.268855 0.264513 0.000755272 0.00209566 0.00120436
152.08 0.264841 0.268949 0.264553 0.000703231 0.00234413 0.000994646
152.1 0.264881 0.269035 0.26459 0.000985524 0.00214748 0.00091301
152.12 0.264942 0.269102 0.264629 0.0015263 0.00167137 0.000980939
152.14 0.265022 0.26915 0.264672 0.00201401 0.0012127 0.00108736
152.16 0.265107 0.269191 0.264715 0.00210752 0.00102708 0.00107787
152.18 0.265174 0.269239 0.26475 0.00168068 0.00119067 0.000876206
152.2 0.265211 0.269302 0.264773 0.000922755 0.00157751 0.000554292
152.22 0.26522 0.269381 0.264784 0.000217975 0.00197112 0.000292012
152.24 0.265216 0.26947 0.264795 -9.62378e-05 0.00221491 0.000260879
152.26 0.265219 0.269561 0.264815 8.75866e-05 0.00228805 0.000519695
152.28 0.265244 0.269652 0.264854 0.000616845 0.00226369 0.000975003
152.3 0.265291 0.26974 0.264911 0.00118292 0.00220766 0.00142346
152.32 0.265351 0.269825 0.264978 0.00149652 0.00211488 0.00165788
152.34 0.265409 0.269902 0.26504 0.00144263 0.00194155 0.00156865
152.36 0.265454 0.26997 0.265088 0.00112127 0.00169469 0.00118297
152.38 0.265484 0.270029 0.265113 0.000756992 0.00146668 0.000640421
152.4 0.265506 0.270084 0.265119 0.000555486 0.00137457 0.000129725
152.42 0.26553 0.270143 0.265111 0.000605712 0.00147903 -0.000188112
152.44 0.265565 0.270212 0.265101 0.000860074 0.00173785 -0.000241478
152.46 0.265612 0.270292 0.265099 0.00117923 0.00199575 -6.81282e-05
152.48 0.265669 0.270374 0.265107 0.00141208 0.0020388 0.00021798
152.5 0.265727 0.270443 0.265127 0.00146951 0.00173711 0.000495472
152.52 0.265781 0.27049 0.265155 0.00135148 0.00117175 0.000690604
152.54 0.265826 0.270514 0.265186 0.00112167 0.000609307 0.000790118
152.56 0.265861 0.270528 0.265219 0.000864187 0.000331249 0.000819579
152.58 0.265887 0.270545 0.265252 0.000655223 0.000438605 0.000807795
152.6 0.265909 0.270576 0.265282 0.00055047 0.00077067 0.000764987
152.62 0.265932 0.270616 0.26531 0.000570769 0.00100786 0.000692241
152.64 0.26596 0.270652 0.265334 0.000694693 0.000890168 0.000604198
152.66 0.265995 0.270668 0.265355 0.000876438 0.000391956 0.000529611
152.68 0.266037 0.270657 0.265375 0.00106898 -0.000268531 0.000489121
152.7 0.266086 0.270626 0.265394 0.00121858 -0.000779619 0.000476327
152.72 0.266137 0.270589 0.265412 0.00126003 -0.000927672 0.000465417
152.74 0.266182 0.27056 0.26543 0.00114475 -0.000715745 0.00043752
152.76 0.266218 0.270546 0.265446 0.000883079 -0.000353137 0.000398314
152.78 0.26624 0.270541 0.265461 0.000567676 -0.000114929 0.000372713
152.8 0.266254 0.270535 0.265476 0.000347422 -0.000160695 0.000378088
152.82 0.266269 0.270517 0.265492 0.000361015 -0.000450151 0.000409449
152.84 0.266295 0.270485 0.265511 0.000654596 -0.00080119 0.000455615
152.86 0.266339 0.270444 0.265531 0.00111402 -0.00101699 0.000503644
152.88 0.266399 0.270405 0.265552 0.00148442 -0.000979487 0.000534802
152.9 0.266459 0.270377 0.265574 0.00150075 -0.000692442 0.000541587
152.92 0.266501 0.270366 0.265596 0.00106102 -0.000290862 0.000546827
152.94 0.266514 0.270366 0.265619 0.000318304 9.10425e-06 0.000589875
152.96 0.266499 0.270367 0.265647 -0.000385683 2.94623e-05 0.00069237
152.98 0.26647 0.270357 0.26568 -0.000707771 -0.000246682 0.000837068
153 0.26645 0.270331 0.265719 -0.000507183 -0.00065423 0.000972081
153.02 0.266452 0.270293 0.265761 6.00651e-05 -0.000948582 0.00103821
153.04 0.266478 0.270255 0.265801 0.00063189 -0.000945769 0.00100637
153.06 0.266512 0.27023 0.265837 0.000860935 -0.000626881 0.000901338
153.08 0.266537 0.270224 0.265869 0.000616913 -0.000157649 0.00078603
153.1 0.266539 0.270232 0.265897 4.62342e-05 0.000206334 0.000710232
153.12 0.266517 0.270244 0.265924 -0.000539074 0.000284071 0.000665401
153.14 0.266483 0.270247 0.265947 -0.000857921 8.83594e-05 0.000598238
153.16 0.266451 0.270239 0.265966 -0.000802296 -0.000196166 0.000474051
153.18 0.266433 0.270226 0.26598 -0.000450077 -0.000344179 0.000329987
153.2 0.266433 0.270217 0.26599 1.3392e-05 -0.000216545 0.000267041
153.22 0.266449 0.270224 0.266006 0.00039842 0.000175424 0.00038203
153.24 0.266472 0.270251 0.266033 0.000580367 0.000678301 0.000690875
153.26 0.266493 0.270294 0.266077 0.000525258 0.0010726 0.00109543
153.28 0.266505 0.270342 0.266134 0.000287417 0.00119022 0.00142447
153.3 0.266504 0.270382 0.266195 -2.83418e-05 0.00101115 0.00153112
153.32 0.266491 0.270409 0.26625 -0.000311422 0.000673701 0.00137308
153.34 0.266473 0.270424 0.266291 -0.000469297 0.000382343 0.00101574
153.36 0.266455 0.270436 0.266314 -0.000446371 0.000284264 0.000576853
153.38 0.266445 0.270452 0.266321 -0.000243127 0.000408956 0.000171341
153.4 0.266449 0.27048 0.266316 9.01277e-05 0.000693033 -0.000113464
153.42 0.266468 0.270521 0.266307 0.000490087 0.00103475 -0.000223782
153.44 0.266505 0.270575 0.266302 0.000908593 0.00133683 -0.000135364
153.46 0.266556 0.270636 0.266308 0.00129027 0.00153695 0.000150505
153.48 0.266617 0.270701 0.266331 0.00153342 0.00161636 0.000581264
153.5 0.266678 0.270763 0.266372 0.00151364 0.00156982 0.00101745
153.52 0.266725 0.270819 0.266423 0.00118398 0.00138493 0.0012679
153.54 0.266752 0.270862 0.266471 0.000653857 0.00108182 0.00120276
153.56 0.266758 0.270893 0.266505 0.000164245 0.000762863 0.000852364
153.58 0.266757 0.270916 0.266521 -2.69111e-05 0.000589889 0.000402881
153.6 0.266765 0.270944 0.266524 0.000207858 0.000689291 8.22632e-05
153.62 0.266796 0.270986 0.266525 0.000762845 0.00105082 1.56274e-05
153.64 0.266849 0.271045 0.266531 0.00133872 0.00149149 0.000157153
153.66 0.266915 0.271115 0.266545 0.00163633 0.00173693 0.000351633
153.68 0.266977 0.271179 0.266564 0.00155637 0.00159967 0.000471944
153.7 0.267027 0.271224 0.266585 0.00124698 0.00113536 0.000514908
153.72 0.267066 0.27125 0.266607 0.000977816 0.000630018 0.000569963
153.74 0.267104 0.271266 0.266635 0.000943492 0.000410445 0.000697719
153.76 0.267149 0.271291 0.26667 0.00113135 0.000629851 0.00085737
153.78 0.267202 0.271338 0.266708 0.00133386 0.00117475 0.000958189
153.8 0.267255 0.271407 0.266747 0.00130313 0.0017276 0.000964451
153.82 0.267292 0.271485 0.266784 0.000946706 0.00194378 0.000941201
153.84 0.267309 0.271552 0.266824 0.000410019 0.00166233 0.000999767
153.86 0.267308 0.271593 0.266871 -2.22602e-05 0.00102563 0.00118268
153.88 0.267303 0.271608 0.266927 -0.000119712 0.000396055 0.00138316
153.9 0.267309 0.271613 0.266983 0.000154636 0.00012416 0.00139814
153.92 0.267335 0.271627 0.267027 0.000640181 0.000351015 0.00109578
153.94 0.267378 0.271666 0.267049 0.00108545 0.000963052 0.000558773
153.96 0.26743 0.271733 0.267051 0.00129634 0.00168103 6.29126e-05
153.98 0.26748 0.271821 0.267047 0.00124051 0.00220162 -0.000103843
154 0.267521 0.271914 0.267054 0.00103459 0.0023233 0.000160957
154.02 0.267555 0.271995 0.267081 0.000835223 0.00202576 0.00069487
154.04 0.267584 0.272054 0.267128 0.000736169 0.001473 0.00116116
154.06 0.267614 0.272091 0.267178 0.000751781 0.000932425 0.00125727
154.08 0.267649 0.272117 0.267214 0.000863838 0.000647555 0.000904478
154.1 0.267691 0.272146 0.267226 0.00104974 0.000716039 0.000293798
154.12 0.267742 0.272187 0.267217 0.00127205 0.00103247 -0.000235125
154.14 0.2678 0.272241 0.267201 0.00146013 0.00135221 -0.000402217
154.16 0.267861 0.272299 0.267195 0.001524 0.00145411 -0.000148076
154.18 0.267918 0.272351 0.267209 0.0014202 0.00129904 0.000359296
154.2 0.267966 0.272394 0.267243 0.00121354 0.00106444 0.000854636
154.22 0.268009 0.272435 0.267289 0.0010594 0.00101569 0.00113684
154.24 0.268053 0.272486 0.267335 0.00110662 0.0012893 0.00115792
154.26 0.268108 0.272557 0.267375 0.00138071 0.00176123 0.00100667
154.28 0.268177 0.272641 0.267408 0.00172319 0.00210934 0.000827981
154.3 0.268251 0.272722 0.267438 0.00185329 0.00202126 0.000726203
154.32 0.268313 0.272778 0.267466 0.00155025 0.00141387 0.000708507
154.34 0.268347 0.272799 0.267494 0.000834412 0.000521936 0.000709667
154.36 0.268347 0.27279 0.267521 -2.01995e-06 -0.000222523 0.000676036
154.38 0.268324 0.272772 0.267546 -0.000552819 -0.000459062 0.00062132
154.4 0.268303 0.272767 0.26757 -0.000539121 -0.000129945 0.000598035
154.42 0.268304 0.272787 0.267595 2.65072e-05 0.000503514 0.000622211
154.44 0.268338 0.272829 0.267621 0.000846837 0.00105285 0.000641214
154.46 0.268398 0.272879 0.267644 0.0015114 0.00124081 0.000581717
154.48 0.268467 0.27292 0.26766 0.00172932 0.00102911 0.000412852
154.5 0.268527 0.272944 0.267667 0.00147988 0.000589508 0.000172582
154.52 0.268566 0.27295 0.267666 0.000983338 0.000166938 -4.43302e-05
154.54 0.268587 0.272947 0.26766 0.000526478 -6.94235e-05 -0.000130301
154.56 0.268598 0.272943 0.267659 0.000287579 -0.000103998 -2.69247e-05
154.58 0.26861 0.272942 0.267669 0.00027625 -3.86717e-05 0.000238155
154.6 0.268625 0.272943 0.267692 0.000391488 2.23401e-05 0.000578263
154.62 0.268646 0.272945 0.267728 0.000520305 5.48309e-05 0.000900943
154.64 0.26867 0.272949 0.267773 0.000596097 9.98814e-05 0.00113047
154.66 0.268694 0.272957 0.267821 0.000604981 0.000195475 0.00120168
154.68 0.268717 0.27297 0.267864 0.000569934 0.000338037 0.00107452
154.7 0.268738 0.27299 0.267895 0.000534307 0.000491221 0.00076829
154.72 0.26876 0.273014 0.26791 0.000543785 0.000602436 0.000373069
154.74 0.268785 0.273039 0.267911 0.000624741 0.000616172 2.98865e-05
154.76 0.268815 0.273058 0.267906 0.000753941 0.000494756 -0.000115894
154.78 0.268848 0.273068 0.267907 0.000833825 0.00025239 2.35797e-05
154.8 0.268878 0.273068 0.267925 0.000729341 -1.65698e-05 0.000430846
154.82 0.268892 0.273061 0.267964 0.000368699 -0.000157169 0.000977387
154.84 0.268885 0.27306 0.268022 -0.000175942 -4.13421e-05 0.00147035
154.86 0.268858 0.273073 0.268092 -0.000689142 0.000320629 0.00172808
154.88 0.268822 0.273102 0.268158 -0.000906735 0.00074109 0.00165964
154.9 0.268794 0.27314 0.268211 -0.000676567 0.000946935 0.00131519
154.92 0.268791 0.27317 0.268245 -9.28342e-05 0.000745163 0.000861628
154.94 0.268812 0.273176 0.268265 0.000521266 0.000155114 0.000489989
154.96 0.268844 0.273153 0.268278 0.000807035 -0.000579298 0.00032195
154.98 0.268868 0.273108 0.268293 0.000611394 -0.00111231 0.000375526
155 0.268872 0.273061 0.268316 9.40681e-05 -0.00118823 0.00057707
155.02 0.268857 0.273029 0.268347 -0.000381715 -0.000789445 0.000790138
155.04 0.268837 0.273024 0.268382 -0.000504695 -0.000146491 0.000873123
155.06 0.268827 0.273039 0.268413 -0.000238864 0.000390828 0.000758731
155.08 0.268834 0.273061 0.268433 0.000165479 0.000544094 0.000504407
155.1 0.268849 0.273071 0.268443 0.000376302 0.000259657 0.000265142
155.12 0.268858 0.273061 0.268451 0.000229188 -0.00026801 0.000198549
155.14 0.268851 0.273032 0.268466 -0.000162341 -0.000722294 0.000367404
155.16 0.268831 0.272998 0.268494 -0.000502848 -0.000849525 0.000697535
155.18 0.26881 0.272974 0.268535 -0.000528254 -0.00058987 0.00101874
155.2 0.268803 0.27297 0.268581 -0.000184835 -0.00010692 0.00115988
155.22 0.268816 0.272982 0.268623 0.000335199 0.000299673 0.00103901
155.24 0.268845 0.272997 0.268651 0.000724658 0.000384362 0.000705077
155.26 0.268876 0.273002 0.268663 0.000768638 0.000129437 0.000313218
155.28 0.268895 0.272993 0.268665 0.000473516 -0.000233837 4.2411e-05
155.3 0.268896 0.272978 0.268665 3.55309e-05 -0.000379169 -2.25134e-06
155.32 0.268884 0.272973 0.268671 -0.000299808 -0.000110314 0.000163299
155.34 0.268869 0.272993 0.268688 -0.000377582 0.000483582 0.000423002
155.36 0.268862 0.273035 0.268714 -0.00018651 0.00106079 0.000630217
155.38 0.268869 0.273085 0.268741 0.00018319 0.00123954 0.000692487
155.4 0.268894 0.273119 0.268766 0.000617313 0.000849028 0.000623695
155.42 0.268935 0.273121 0.268787 0.00102627 5.57409e-05 0.000526376
155.44 0.268989 0.273093 0.268808 0.00134818 -0.000708919 0.00050793
155.46 0.26905 0.273053 0.268831 0.00153896 -0.000991609 0.000588926
155.48 0.269114 0.273029 0.268858 0.0015874 -0.00060535 0.000679429
155.5 0.269175 0.273038 0.268884 0.00153682 0.000243001 0.000652204
155.52 0.269234 0.273082 0.268903 0.0014676 0.00108853 0.000453562
155.54 0.269291 0.273142 0.268909 0.00143171 0.00150638 0.000151262
155.56 0.269348 0.273197 0.268904 0.00141122 0.00136618 -0.000111683
155.58 0.269402 0.273232 0.268896 0.00134604 0.000877868 -0.000207061
155.6 0.269449 0.273249 0.268892 0.00118737 0.000423287 -0.000101814
155.62 0.269487 0.273261 0.268896 0.000945336 0.000308368 0.000117754
155.64 0.269515 0.273285 0.268909 0.000712453 0.000597175 0.000302967
155.66 0.269541 0.27333 0.268923 0.00062993 0.00110884 0.000355
155.68 0.269572 0.273392 0.268935 0.000785248 0.00156072 0.000302801
155.7 0.269617 0.273462 0.268946 0.00111437 0.00176296 0.000266886
155.72 0.269673 0.273532 0.26896 0.00142095 0.00173404 0.000348934
155.74 0.269734 0.273598 0.268982 0.00151037 0.00165465 0.000552586
155.76 0.269787 0.273666 0.269013 0.00131856 0.00170477 0.000789968
155.78 0.269824 0.273743 0.269051 0.000947057 0.00192845 0.000955668
155.8 0.269849 0.273832 0.269092 0.000611603 0.00222341 0.00101816
155.82 0.26987 0.273929 0.269135 0.000525102 0.0024275 0.00106216
155.84 0.2699 0.274026 0.269184 0.00075428 0.0024269 0.00122141
155.86 0.269946 0.274116 0.269245 0.00115456 0.00223335 0.00153391
155.88 0.270005 0.274195 0.269319 0.00145859 0.00199089 0.00186247
155.9 0.270063 0.274271 0.269399 0.00146528 0.00189425 0.00198061
155.92 0.27011 0.274353 0.269469 0.00117745 0.00205615 0.0017489
155.94 0.270142 0.27445 0.269517 0.000791593 0.00241757 0.00121849
155.96 0.270164 0.274562 0.269541 0.000557307 0.00278899 0.000599165
155.98 0.270189 0.274681 0.269547 0.000609768 0.00298805 0.000141072
156 0.270224 0.274799 0.269547 0.000889927 0.00294403 4.35183e-06
156.02 0.270272 0.274907 0.269555 0.00120383 0.00270525 0.000193874
156.04 0.270327 0.275002 0.269578 0.00136547 0.00237853 0.000586902
156.06 0.27038 0.275085 0.269619 0.00131362 0.00207304 0.00101772
156.08 0.270425 0.27516 0.269673 0.0011266 0.00186413 0.0013479
156.1 0.270462 0.27523 0.269732 0.000931432 0.00176438 0.00148562
156.12 0.270493 0.2753 0.269788 0.000789764 0.00173464 0.00138766
156.14 0.27052 0.275369 0.26983 0.00065935 0.00173367 0.00106308
156.16 0.270539 0.275439 0.269854 0.000481532 0.001744 0.00057891
156.18 0.270551 0.275509 0.269856 0.000308085 0.00175044 6.50656e-05
156.2 0.270564 0.275578 0.269844 0.000303351 0.00171429 -0.000305502
156.22 0.270587 0.275641 0.269829 0.000594633 0.00158587 -0.000382232
156.24 0.270632 0.275695 0.269823 0.00111221 0.00134003 -0.000141188
156.26 0.270695 0.275734 0.269833 0.00157111 0.000989877 0.000247916
156.28 0.27076 0.275758 0.269853 0.00163231 0.000584933 0.000493274
156.3 0.270806 0.275766 0.269868 0.00114115 0.000206759 0.000377201
156.32 0.270817 0.275764 0.269865 0.000276831 -4.92546e-05 -7.2087e-05
156.34 0.270796 0.275759 0.269842 -0.000524815 -0.000117286 -0.000572349
156.36 0.270762 0.275759 0.269812 -0.000849765 -6.63335e-06 -0.000755197
156.38 0.270739 0.275766 0.269796 -0.000573793 0.000189558 -0.000399889
156.4 0.270742 0.27578 0.269812 8.3181e-05 0.000335467 0.000409336
156.42 0.270771 0.275792 0.269864 0.000728496 0.000312716 0.00130389
156.44 0.270813 0.275796 0.269938 0.00105149 8.06905e-05 0.0018435
156.46 0.270853 0.275785 0.270009 0.0009981 -0.000276227 0.00177906
156.48 0.270884 0.275762 0.270056 0.000758925 -0.000576127 0.00118152
156.5 0.270907 0.275735 0.270071 0.000586851 -0.000664437 0.000369078
156.52 0.27093 0.275713 0.27006 0.000582434 -0.000539337 -0.000290623
156.54 0.270955 0.275699 0.270037 0.000614309 -0.000348246 -0.000566672
156.56 0.270973 0.275689 0.27002 0.000441694 -0.000265613 -0.00043346
156.58 0.27097 0.275674 0.270019 -5.17028e-05 -0.000369852 -1.272e-05
156.6 0.270942 0.27565 0.27004 -0.000703178 -0.000601661 0.000526265
156.62 0.270897 0.275618 0.270082 -0.00113993 -0.000806628 0.00103539
156.64 0.270855 0.275585 0.270138 -0.00103679 -0.000823625 0.00141083
156.66 0.27084 0.275561 0.270201 -0.000374153 -0.000586654 0.00158778
156.68 0.270861 0.275554 0.270263 0.000511131 -0.000186815 0.00154352
156.7 0.270906 0.27556 0.270316 0.0011378 0.00016528 0.0013102
156.72 0.270954 0.275571 0.270355 0.00118889 0.000260651 0.000976119
156.74 0.270982 0.275571 0.270381 0.000700739 1.12076e-05 0.000668305
156.76 0.270983 0.275551 0.270402 2.18491e-05 -0.000502782 0.000507566
156.78 0.270966 0.275509 0.270423 -0.000420031 -0.00106393 0.000541165
156.8 0.270951 0.275452 0.270451 -0.000384743 -0.00141438 0.000700889
156.82 0.270953 0.275396 0.270485 6.1775e-05 -0.0013946 0.000841753
156.84 0.270979 0.275355 0.270519 0.000640536 -0.0010439 0.000852966
156.86 0.271022 0.275332 0.270549 0.00107312 -0.000561065 0.000745797
156.88 0.271072 0.275326 0.270574 0.00125557 -0.000158785 0.000634028
156.9 0.271123 0.275328 0.2706 0.00128052 4.58544e-05 0.000631674
156.92 0.271176 0.275329 0.27063 0.00131453 4.47285e-05 0.00076146
156.94 0.271233 0.275325 0.270668 0.00143169 -9.86181e-05 0.000938606
156.96 0.271295 0.275314 0.270709 0.00155054 -0.000289059 0.00102481
156.98 0.271356 0.275296 0.270745 0.0015255 -0.000443006 0.000916767
157 0.271408 0.275276 0.27077 0.00129685 -0.000510414 0.000627725
157.02 0.271446 0.275257 0.270782 0.000967383 -0.0004725 0.000296254
157.04 0.271477 0.275243 0.270786 0.000751379 -0.000345826 9.92158e-05
157.06 0.27151 0.275236 0.270792 0.000830655 -0.000185853 0.000131721
157.08 0.271558 0.275233 0.270805 0.00120731 -6.55525e-05 0.000341685
157.1 0.271625 0.275232 0.270828 0.00167037 -2.81828e-05 0.00056649
157.12 0.271702 0.27523 0.270854 0.00192058 -4.86954e-05 0.000649227
157.14 0.271772 0.275228 0.270876 0.00176539 -4.13483e-05 0.000552436
157.16 0.271822 0.275232 0.270891 0.00124784 9.06591e-05 0.000376591
157.18 0.271847 0.275248 0.270902 0.000617457 0.000396191 0.000268312
157.2 0.271853 0.275281 0.270914 0.000163679 0.000829469 0.000301082
157.22 0.271855 0.275331 0.270931 3.56894e-05 0.00124279 0.00042281
157.24 0.271862 0.275389 0.270951 0.000179003 0.00145282 0.000505438
157.26 0.271879 0.275443 0.270969 0.000412966 0.00136351 0.000447815
157.28 0.271901 0.275485 0.270979 0.000560333 0.00105507 0.000251609
157.3 0.271922 0.275516 0.27098 0.000532703 0.000756232 2.12309e-05
157.32 0.271936 0.275544 0.270975 0.0003447 0.000703989 -0.000106619
157.34 0.27194 0.275583 0.270973 8.94688e-05 0.000984647 -5.53875e-05
157.36 0.271935 0.275642 0.270979 -0.000110801 0.00146901 0.000139882
157.38 0.271928 0.275718 0.270993 -0.000177623 0.00189286 0.000363644
157.4 0.271923 0.275799 0.271014 -0.000119931 0.00203736 0.000514331
157.42 0.271923 0.275874 0.271037 -1.1988e-05 0.00187823 0.000577549
157.44 0.271925 0.275938 0.271062 5.84243e-05 0.00158925 0.000625496
157.46 0.271927 0.275994 0.271092 3.54822e-05 0.0014001 0.000756764
157.48 0.271924 0.276051 0.271133 -6.20118e-05 0.00143047 0.00101509
157.5 0.271919 0.276116 0.271186 -0.000129839 0.00162776 0.00133782
157.52 0.271917 0.27619 0.271249 -5.05239e-05 0.00183556 0.00156693
157.54 0.271925 0.276267 0.27131 0.000190173 0.00192396 0.00153171
157.56 0.271943 0.276342 0.271358 0.000461733 0.00188418 0.0011792
157.58 0.271966 0.276415 0.271384 0.000581227 0.00181876 0.000659641
157.6 0.271985 0.276488 0.271395 0.000459244 0.00183665 0.00026733
157.62 0.271992 0.276566 0.271405 0.000176126 0.00194439 0.000256478
157.64 0.271989 0.276647 0.271431 -6.22707e-05 0.00203246 0.000664972
157.66 0.271987 0.276726 0.271483 -6.0045e-05 0.00197176 0.00129094
157.68 0.271996 0.276796 0.271557 0.000228298 0.00173704 0.00183519
157.7 0.272022 0.276854 0.27164 0.000664881 0.00144988 0.00208035
157.72 0.272064 0.276906 0.271719 0.00102806 0.00130301 0.00198122
157.74 0.27211 0.276963 0.271784 0.00115851 0.00142375 0.00163131
157.76 0.272152 0.277033 0.271831 0.00104673 0.00176957 0.00116915
157.78 0.272185 0.277118 0.271859 0.000824738 0.00212529 0.000703552
157.8 0.272212 0.277207 0.271871 0.000672734 0.00222167 0.000290958
157.82 0.27224 0.277284 0.271869 0.000697301 0.00192171 -4.47713e-05
157.84 0.272275 0.277338 0.271858 0.000873583 0.00134067 -0.000281634
157.86 0.272318 0.277369 0.271842 0.00108582 0.000772504 -0.000393048
157.88 0.272367 0.277388 0.271827 0.0012206 0.000475717 -0.000371132
157.9 0.272416 0.277408 0.271817 0.00123444 0.000511971 -0.000253413
157.92 0.272462 0.277438 0.271812 0.00115167 0.000740557 -0.000123475
157.94 0.272503 0.277475 0.271809 0.00102418 0.000939938 -7.25315e-05
157.96 0.272539 0.277514 0.271804 0.000897593 0.00096511 -0.00013058
157.98 0.272571 0.277548 0.271795 0.000801051 0.000839867 -0.000227691
158 0.272601 0.277576 0.271785 0.000752884 0.000714894 -0.00023938
158.02 0.272632 0.277605 0.271782 0.000765616 0.000726553 -7.52296e-05
158.04 0.272666 0.277641 0.271793 0.000845766 0.000883228 0.000262124
158.06 0.272705 0.277683 0.27182 0.000979691 0.0010562 0.000678969
158.08 0.27275 0.277726 0.271862 0.00112017 0.00107787 0.00104162
158.1 0.272798 0.277761 0.271911 0.00119708 0.000873822 0.0012385
158.12 0.272844 0.277782 0.27196 0.00115404 0.000532048 0.00121858
158.14 0.272883 0.277792 0.272 0.000983118 0.000246473 0.000997541
158.16 0.272912 0.277799 0.272026 0.000726948 0.00017421 0.000650984
158.18 0.272931 0.277812 0.272038 0.000464207 0.000333067 0.000304819
158.2 0.272942 0.277837 0.272042 0.000294019 0.000607562 0.000102567
158.22 0.272955 0.27787 0.272048 0.000304395 0.000824583 0.000144518
158.24 0.272976 0.277903 0.272065 0.000524265 0.000835522 0.000433752
158.26 0.273011 0.277927 0.2721 0.000888436 0.000586717 0.000864634
158.28 0.273061 0.277933 0.27215 0.00125304 0.000153925 0.00125574
158.3 0.27312 0.277921 0.272207 0.00146063 -0.000300498 0.00142059
158.32 0.273177 0.277896 0.272257 0.00142323 -0.000622199 0.00126318
158.34 0.273224 0.277866 0.272292 0.00118568 -0.000737309 0.000857234
158.36 0.273261 0.27784 0.272309 0.000923857 -0.000668571 0.000430804
158.38 0.273295 0.277819 0.272318 0.000858269 -0.000516743 0.000232195
158.4 0.27334 0.277802 0.272333 0.00111912 -0.000416219 0.000366339
158.42 0.273406 0.277784 0.272362 0.00163626 -0.000457731 0.000724974
158.44 0.273491 0.277759 0.272404 0.00213745 -0.000618853 0.00106344
158.46 0.273583 0.277728 0.272451 0.00229822 -0.000777914 0.00116635
158.48 0.273662 0.277696 0.272491 0.00196567 -0.000803105 0.000986921
158.5 0.273713 0.27767 0.272517 0.00128835 -0.000639311 0.000668103
158.52 0.273739 0.277657 0.272535 0.000634434 -0.000336433 0.000435807
158.54 0.273752 0.277656 0.272552 0.000347587 -1.87215e-05 0.000433617
158.56 0.273773 0.277664 0.272577 0.00051504 0.000188071 0.000621938
158.58 0.27381 0.277673 0.27261 0.000922646 0.000241103 0.00082482
158.6 0.273859 0.277682 0.272645 0.00123249 0.000210242 0.00088323
158.62 0.273909 0.27769 0.272677 0.00123232 0.000214248 0.000796899
158.64 0.273947 0.277703 0.272706 0.000967321 0.000321707 0.000731965
158.66 0.273975 0.277723 0.272741 0.000682852 0.000504302 0.000866162
158.68 0.273999 0.27775 0.272789 0.000621646 0.000658917 0.00120403
158.7 0.274032 0.277777 0.272851 0.000817674 0.000670955 0.001543
158.72 0.274075 0.277796 0.272916 0.00106015 0.000498359 0.00162724
158.74 0.274117 0.277806 0.27297 0.00106249 0.000226948 0.00134325
158.76 0.274144 0.277807 0.273002 0.000685537 2.84715e-05 0.000796379
158.78 0.274146 0.277808 0.273011 4.96566e-05 3.55958e-05 0.000235627
158.8 0.274125 0.277818 0.273007 -0.000544554 0.000239679 -0.000100752
158.82 0.274092 0.277838 0.273002 -0.00082413 0.000503311 -0.000119115
158.84 0.274063 0.277865 0.273006 -0.000726539 0.000671377 9.14797e-05
158.86 0.274045 0.277892 0.273019 -0.000428501 0.000687071 0.000340107
158.88 0.274037 0.277917 0.273038 -0.000206111 0.000623904 0.000468352
158.9 0.274028 0.277941 0.273055 -0.000241189 0.000607002 0.000431636
158.92 0.274007 0.277969 0.273067 -0.000509265 0.000684146 0.000281893
158.94 0.273975 0.277999 0.273071 -0.000811291 0.000762153 9.6367e-05
158.96 0.273938 0.278027 0.273068 -0.000926107 0.000685082 -7.6165e-05
158.98 0.273906 0.278042 0.273059 -0.000786119 0.000381124 -0.000215795
159 0.273885 0.27804 0.273047 -0.000540884 -5.24192e-05 -0.000304778
159.02 0.273867 0.278024 0.273034 -0.000449509 -0.000390016 -0.000321012
159.04 0.27384 0.278008 0.273024 -0.000675955 -0.000412183 -0.000257096
159.06 0.273794 0.278006 0.273018 -0.0011464 -4.5533e-05 -0.000141413
159.08 0.273731 0.278029 0.273017 -0.00157859 0.000575899 -2.40624e-05
159.1 0.273664 0.278076 0.27302 -0.00166015 0.00117989 7.0795e-05
159.12 0.273614 0.278137 0.273027 -0.00126051 0.00151768 0.000176775
159.14 0.273592 0.278197 0.273042 -0.000536522 0.0015006 0.000367346
159.16 0.273598 0.278246 0.27307 0.000148109 0.00122005 0.00069885
159.18 0.273616 0.27828 0.273116 0.000445943 0.00085631 0.00115052
159.2 0.273626 0.278302 0.27318 0.000248282 0.000561179 0.00160196
159.22 0.273616 0.278319 0.273255 -0.000246455 0.0004105 0.0018743
159.24 0.273589 0.278336 0.273328 -0.000669291 0.000428449 0.00183106
159.26 0.273561 0.27836 0.273387 -0.000717719 0.000611629 0.00148305
159.28 0.273548 0.278397 0.273428 -0.000329184 0.000916888 0.00100845
159.3 0.27356 0.278447 0.273454 0.000307376 0.00124383 0.000650115
159.32 0.273596 0.278505 0.273476 0.000897989 0.00145203 0.00056186
159.34 0.273645 0.278562 0.273505 0.00123764 0.00142335 0.000724674
159.36 0.273698 0.278608 0.273544 0.00130712 0.00114835 0.000979722
159.38 0.273747 0.278639 0.27359 0.00122694 0.00077473 0.0011368
159.4 0.273792 0.278661 0.273633 0.00113457 0.00055119 0.00109367
159.42 0.273835 0.278688 0.273669 0.00108655 0.000674447 0.000901007
159.44 0.273878 0.278733 0.273698 0.00105481 0.00114264 0.000720443
159.46 0.273918 0.278803 0.273726 0.00100242 0.00174078 0.000701653
159.48 0.273956 0.27889 0.273762 0.000947451 0.0021657 0.000879788
159.5 0.273994 0.278978 0.273808 0.000951152 0.00219684 0.00115881
159.52 0.274036 0.279051 0.273863 0.00105839 0.00183031 0.00136995
159.54 0.274086 0.279103 0.273917 0.00125351 0.00129771 0.0013606
159.56 0.274145 0.27914 0.27396 0.00145954 0.000924695 0.00106794
159.58 0.274208 0.279176 0.273982 0.00158357 0.000917454 0.000550512
159.6 0.274271 0.279226 0.27398 0.00158538 0.00123879 -3.99799e-05
159.62 0.274332 0.279292 0.273959 0.00150492 0.0016418 -0.000527758
159.64 0.274388 0.279365 0.273928 0.00142117 0.00182806 -0.00077394
159.66 0.274444 0.27943 0.273899 0.0013868 0.00164288 -0.000722658
159.68 0.2745 0.279478 0.273882 0.0014005 0.00117657 -0.000426885
159.7 0.274557 0.279505 0.273881 0.00143802 0.000696195 -2.39429e-05
159.72 0.274617 0.279524 0.273895 0.00149495 0.000463031 0.000335117
159.74 0.274681 0.279547 0.273917 0.00159605 0.000578811 0.000556734
159.76 0.274751 0.279585 0.273942 0.00176035 0.000951311 0.000629125
159.78 0.274829 0.27964 0.273966 0.00194999 0.00136042 0.000593925
159.8 0.274912 0.279702 0.273986 0.0020742 0.00156916 0.000505821
159.82 0.274995 0.27976 0.274002 0.00205752 0.00143232 0.000403423
159.84 0.275071 0.279798 0.274014 0.0018954 0.000958369 0.000298014
159.86 0.275137 0.27981 0.274022 0.00165769 0.000301549 0.000188624
159.88 0.275195 0.279798 0.274025 0.00145445 -0.000300038 9.09914e-05
159.9 0.27525 0.279774 0.274028 0.00138013 -0.000607676 5.6571e-05
159.92 0.275308 0.279755 0.274034 0.00145524 -0.000474652 0.000156746
159.94 0.275373 0.279758 0.274051 0.00160825 7.95433e-05 0.000429688
159.96 0.275442 0.279792 0.274084 0.00172236 0.000858403 0.000829586
159.98 0.27551 0.279854 0.274133 0.00170675 0.00155413 0.00122924
160 0.275571 0.279929 0.274193 0.00153434 0.00186644 0.00147891
160.02 0.275621 0.279995 0.274252 0.00124548 0.00163933 0.00147583
160.04 0.275659 0.280033 0.2743 0.000936954 0.00096265 0.00122315
160.06 0.275688 0.280039 0.274335 0.000729202 0.000148537 0.00085389
160.08 0.275716 0.280022 0.274358 0.000708055 -0.00043077 0.000584839
160.1 0.275751 0.280001 0.274382 0.000871555 -0.00053193 0.00060242
160.12 0.275796 0.279995 0.27442 0.00112275 -0.000143296 0.000948542
160.14 0.275848 0.280016 0.27448 0.00131334 0.000535209 0.00148825
160.16 0.275901 0.280064 0.274559 0.00131143 0.00120505 0.00197876
160.18 0.275943 0.280129 0.274646 0.00105614 0.00161321 0.00218867
160.2 0.275967 0.280195 0.274726 0.000594319 0.00165651 0.00199882
160.22 0.27597 0.280251 0.274785 8.59529e-05 0.00139365 0.00145766
160.24 0.27596 0.28029 0.274815 -0.000253558 0.000968905 0.000769717
160.26 0.27595 0.28031 0.274824 -0.000253395 0.000518761 0.000210946
160.28 0.275955 0.280316 0.274824 0.000114596 0.000127858 3.00397e-06
160.3 0.275982 0.280309 0.274832 0.000685293 -0.000163397 0.000194308
160.32 0.276028 0.280296 0.274856 0.0011527 -0.000323868 0.000616152
160.34 0.276077 0.280284 0.274895 0.00122198 -0.000314292 0.000964897
160.36 0.276108 0.280279 0.274934 0.000780425 -0.00011349 0.000987652
160.38 0.276108 0.280288 0.27496 -1.7191e-05 0.000235306 0.000645712
160.4 0.276075 0.280313 0.274965 -0.000805581 0.000607322 0.00012587
160.42 0.276027 0.280346 0.274953 -0.00120333 0.000841017 -0.000303948
160.44 0.275985 0.280379 0.274934 -0.00105692 0.000818904 -0.000481628
160.46 0.275963 0.2804 0.274916 -0.000548643 0.000528962 -0.000443584
160.48 0.275961 0.280403 0.274902 -5.52629e-05 7.76082e-05 -0.000362403
160.5 0.275966 0.280389 0.274886 0.00012123 -0.000355355 -0.000390247
160.52 0.275963 0.280365 0.274865 -6.14751e-05 -0.000607635 -0.000527633
160.54 0.275948 0.28034 0.27484 -0.000390069 -0.000620195 -0.000616084
160.56 0.275925 0.280322 0.274821 -0.000566002 -0.000456191 -0.000479136
160.58 0.275908 0.280312 0.274817 -0.000426026 -0.000253808 -9.82574e-05
160.6 0.275905 0.280306 0.274831 -6.0189e-05 -0.000150756 0.000340792
160.62 0.275916 0.280297 0.274854 0.000261022 -0.000205395 0.000585065
160.64 0.275928 0.280283 0.274875 0.000290799 -0.000360131 0.000521137
160.66 0.275927 0.280264 0.274886 -7.38394e-06 -0.000462145 0.000271187
160.68 0.27591 0.280251 0.27489 -0.000426618 -0.000347143 0.000104344
160.7 0.275884 0.280251 0.274899 -0.000650937 2.17678e-05 0.000233575
160.72 0.275866 0.28027 0.274925 -0.00045674 0.000468312 0.000642443
160.74 0.275871 0.280298 0.274969 0.000139045 0.000687761 0.00108784
160.76 0.275907 0.280316 0.275021 0.000878861 0.00045631 0.00129843
160.78 0.275963 0.280308 0.275069 0.00141349 -0.000193792 0.00120876
160.8 0.276023 0.28027 0.275109 0.00150225 -0.000954627 0.00101463
160.82 0.276068 0.280214 0.27515 0.00113084 -0.00139351 0.00100035
160.84 0.276088 0.280167 0.275201 0.00049437 -0.00119061 0.00129894
160.86 0.276084 0.280153 0.275272 -0.000109233 -0.00034201 0.0017733
160.88 0.276067 0.280185 0.275357 -0.000418604 0.000810852 0.00211098
160.9 0.276054 0.280257 0.275439 -0.000329147 0.00178396 0.0020652
160.92 0.276057 0.280347 0.275505 6.88621e-05 0.00224362 0.00164124
160.94 0.276079 0.280433 0.275548 0.000551543 0.00216202 0.00107423
160.96 0.276114 0.280503 0.275574 0.000876799 0.001755 0.000637689
160.98 0.27615 0.280555 0.275592 0.000893923 0.00129606 0.000456753
161 0.276174 0.280593 0.27561 0.000611828 0.000951542 0.000464099
161.02 0.276182 0.280622 0.27563 0.000196082 0.000729213 0.000496522
161.04 0.276177 0.280645 0.275648 -0.000116511 0.000558693 0.000440939
161.06 0.276171 0.280661 0.275661 -0.000143055 0.000420945 0.00032727
161.08 0.276177 0.280678 0.275673 0.000149077 0.000403477 0.000296683
161.1 0.276203 0.280703 0.275692 0.000629308 0.000630045 0.000468286
161.12 0.276246 0.280748 0.275724 0.00107348 0.00112243 0.000813697
161.14 0.276297 0.280816 0.27577 0.00128033 0.00171626 0.00114361
161.16 0.276344 0.280901 0.275819 0.00119065 0.00211819 0.00121855
161.18 0.276381 0.280984 0.275855 0.00092049 0.00207939 0.000910941
161.2 0.276408 0.281047 0.275868 0.000675804 0.00156841 0.000313025
161.22 0.276433 0.28108 0.275856 0.000621968 0.000816306 -0.000299107
161.24 0.276465 0.281088 0.27583 0.000804302 0.000200858 -0.000638259
161.26 0.276511 0.281089 0.275806 0.00114096 2.59012e-05 -0.000590197
161.28 0.27657 0.281102 0.275796 0.00148009 0.000320234 -0.000267127
161.3 0.276638 0.281134 0.2758 0.00169545 0.000814651 0.000100508
161.32 0.276708 0.28118 0.275813 0.00174435 0.00114932 0.000335045
161.34 0.276774 0.281226 0.27583 0.0016585 0.001146 0.00042115
161.36 0.276834 0.281262 0.27585 0.00150795 0.000911985 0.000492079
161.38 0.276889 0.281291 0.275878 0.00136394 0.000717328 0.000707229
161.4 0.27694 0.281322 0.275922 0.0012697 0.000775241 0.00109963
161.42 0.276989 0.281365 0.275982 0.00123924 0.00108291 0.00150868
161.44 0.27704 0.281422 0.276049 0.00126851 0.0014266 0.00166807
161.46 0.277093 0.281484 0.276105 0.00133015 0.00154492 0.00139882
161.48 0.277148 0.281537 0.276135 0.00136815 0.00133031 0.000759708
161.5 0.277201 0.281574 0.276137 0.00132207 0.000914462 3.83651e-05
161.52 0.277248 0.281597 0.276121 0.00117254 0.000581032 -0.000410995
161.54 0.277286 0.28162 0.276105 0.000962315 0.000578713 -0.000376188
161.56 0.277317 0.281659 0.276109 0.000776658 0.000953523 9.73212e-05
161.58 0.277345 0.281719 0.276139 0.000695948 0.00149754 0.000748075
161.6 0.277375 0.281793 0.276189 0.000742835 0.00186304 0.00125219
161.62 0.277409 0.281865 0.276245 0.000859323 0.00179726 0.00139538
161.64 0.277447 0.281918 0.276292 0.000940085 0.00133228 0.0011714
161.66 0.277483 0.281949 0.276322 0.000894787 0.000760037 0.000756634
161.68 0.27751 0.281965 0.276338 0.000686763 0.000408943 0.000386174
161.7 0.277524 0.281982 0.276346 0.000348214 0.00042518 0.00021289
161.72 0.277524 0.28201 0.276356 -1.16571e-05 0.000712592 0.000236035
161.74 0.277514 0.282051 0.276369 -0.000234381 0.00102398 0.000342534
161.76 0.277506 0.282096 0.276386 -0.000196673 0.00112352 0.000417042
161.78 0.277511 0.282134 0.276403 0.000105044 0.000935638 0.000426666
161.8 0.277532 0.282158 0.27642 0.00053987 0.000596534 0.00042174
161.82 0.277568 0.282172 0.276439 0.000903112 0.000356286 0.000461478
161.84 0.277609 0.282188 0.27646 0.00100922 0.000392303 0.00054503
161.86 0.27764 0.282214 0.276485 0.000777143 0.000672074 0.000613635
161.88 0.277651 0.282253 0.27651 0.000279681 0.000967079 0.000616214
161.9 0.27764 0.282294 0.276532 -0.000280108 0.00101226 0.000568968
161.92 0.277613 0.282322 0.276554 -0.000661062 0.000697202 0.000552596
161.94 0.277585 0.282328 0.27658 -0.000695117 0.000152693 0.000646866
161.96 0.277571 0.282315 0.276614 -0.000362408 -0.000324309 0.000848067
161.98 0.277579 0.282297 0.276656 0.000204237 -0.000453935 0.00104305
162 0.277611 0.282291 0.276699 0.000788332 -0.000145831 0.00108056
162.02 0.277658 0.282308 0.276735 0.00118784 0.000441124 0.000890041
162.04 0.27771 0.282348 0.276756 0.00129322 0.000990075 0.000540671
162.06 0.277755 0.282396 0.276764 0.00112466 0.00120923 0.00019804
162.08 0.277788 0.282436 0.276766 0.000817922 0.00099861 3.37941e-05
162.1 0.27781 0.282456 0.276771 0.0005585 0.000492012 0.000132272
162.12 0.27783 0.282454 0.276788 0.000491186 -4.10215e-05 0.000437411
162.14 0.277856 0.282441 0.27682 0.000656431 -0.00034104 0.00077923
162.16 0.277895 0.28243 0.276859 0.000984909 -0.000275253 0.000975419
162.18 0.277949 0.282434 0.276896 0.00133235 0.000105883 0.000942022
162.2 0.27801 0.282458 0.276926 0.00153847 0.000597453 0.000731041
162.22 0.27807 0.282496 0.276945 0.00150171 0.00095183 0.000482051
162.24 0.27812 0.282537 0.276958 0.00123404 0.00101955 0.000335655
162.26 0.278154 0.28257 0.276973 0.000861012 0.000824938 0.000365669
162.28 0.278176 0.282591 0.276995 0.000561492 0.000522286 0.000558753
162.3 0.278195 0.282602 0.277028 0.000474108 0.000283524 0.000826283
162.32 0.27822 0.28261 0.27707 0.000614302 0.000200705 0.00104145
162.34 0.278254 0.28262 0.277114 0.000856975 0.000255197 0.00109855
162.36 0.278295 0.282635 0.277153 0.00101351 0.000363859 0.000968691
162.38 0.278333 0.282653 0.277181 0.000953389 0.000456081 0.00071919
162.4 0.27836 0.282674 0.2772 0.000679477 0.000522206 0.000478292
162.42 0.278373 0.282698 0.277215 0.000319239 0.000600743 0.000361889
162.44 0.278374 0.282726 0.277231 3.89932e-05 0.000712864 0.00039836
162.46 0.278372 0.282759 0.277251 -5.54356e-05 0.000810489 0.000509627
162.48 0.278374 0.282791 0.277274 4.05494e-05 0.000800552 0.000570763
162.5 0.278384 0.282816 0.277294 0.000252972 0.000624958 0.000500189
162.52 0.278403 0.282829 0.277307 0.000479986 0.000331656 0.000316579
162.54 0.278429 0.282832 0.277312 0.000635228 7.0714e-05 0.0001316
162.56 0.278455 0.282832 0.277315 0.000669037 -3.70383e-06 7.69511e-05
162.58 0.278477 0.282837 0.277324 0.000550894 0.000141934 0.000209977
162.6 0.278487 0.282853 0.277342 0.000244143 0.000380059 0.000469265
162.62 0.278477 0.282873 0.277371 -0.00025278 0.000513577 0.000714242
162.64 0.278444 0.28289 0.277404 -0.000812762 0.000425431 0.000828737
162.66 0.278398 0.282897 0.277437 -0.00116097 0.000160785 0.000812404
162.68 0.278358 0.282892 0.277468 -0.00100662 -0.000106891 0.000780215
162.7 0.278348 0.282885 0.277502 -0.000252631 -0.000187482 0.000863803
162.72 0.278383 0.282885 0.277546 0.000870864 6.00825e-06 0.0010899
162.74 0.278457 0.282901 0.277599 0.00186898 0.000389899 0.00133153
162.76 0.278547 0.282931 0.277654 0.00225047 0.000746439 0.00138182
162.78 0.278621 0.282965 0.277699 0.00183597 0.000853771 0.00111966
162.8 0.278656 0.28299 0.277725 0.000881931 0.000627739 0.000635884
162.82 0.278653 0.282997 0.277732 -6.78776e-05 0.000179543 0.000192452
162.84 0.278633 0.282987 0.277734 -0.000506429 -0.000257725 3.844e-05
162.86 0.278623 0.282968 0.277743 -0.000244226 -0.00047848 0.00023774
162.88 0.278645 0.282951 0.277769 0.000533566 -0.00041195 0.000635993
162.9 0.278702 0.282947 0.277808 0.00143566 -0.000111298 0.000978305
162.92 0.278786 0.28296 0.277852 0.00210657 0.000333402 0.00108994
162.94 0.278881 0.282994 0.277891 0.00237115 0.000840575 0.00097752
162.96 0.278971 0.283046 0.277922 0.00223492 0.00131185 0.000778475
162.98 0.279043 0.283111 0.277947 0.0018095 0.00162188 0.000623827
163 0.279093 0.283177 0.277968 0.00124209 0.00165553 0.000534208
163.02 0.27912 0.283231 0.277985 0.000697091 0.00135712 0.000425517
163.04 0.279135 0.283263 0.277994 0.000369762 0.000788656 0.000210614
163.06 0.279153 0.283269 0.27799 0.000435072 0.00015656 -8.85716e-05
163.08 0.279189 0.283259 0.277977 0.000917807 -0.00025876 -0.00032267
163.1 0.279253 0.283249 0.277964 0.00160195 -0.000256358 -0.000326328
163.12 0.279337 0.283255 0.277962 0.00209255 0.000157405 -6.27743e-05
163.14 0.279418 0.283286 0.277974 0.00202981 0.000767969 0.00032342
163.16 0.279471 0.283337 0.277998 0.00132064 0.00128208 0.000593221
163.18 0.27948 0.283397 0.278021 0.000226715 0.00151471 0.000581984
163.2 0.27945 0.283458 0.278034 -0.000754955 0.00150156 0.000322607
163.22 0.279404 0.283515 0.278035 -0.00115322 0.00143992 2.61447e-05
163.24 0.279372 0.283575 0.278033 -0.000794354 0.00150871 -6.6733e-05
163.26 0.279375 0.283644 0.278039 6.93659e-05 0.00171761 0.000143941
163.28 0.279411 0.28372 0.27806 0.000895862 0.00190056 0.000547403
163.3 0.279459 0.283794 0.278096 0.0011991 0.00184669 0.000900533
163.32 0.279493 0.283853 0.278136 0.000862596 0.00147925 0.000993257
163.34 0.2795 0.283892 0.278168 0.000181201 0.000958398 0.00078873
163.36 0.279485 0.283916 0.278186 -0.000376765 0.000610427 0.000446331
163.38 0.279466 0.283944 0.278194 -0.000491649 0.000708879 0.000212599
163.4 0.279458 0.283995 0.278204 -0.000193574 0.00127248 0.000260573
163.42 0.279465 0.284077 0.278228 0.000185986 0.00203621 0.000596941
163.44 0.279477 0.284181 0.278272 0.000285017 0.00260083 0.00108074
163.46 0.279477 0.284287 0.278332 1.4002e-06 0.00265847 0.00150935
163.48 0.27946 0.284374 0.278401 -0.000426528 0.00216522 0.0017142
163.5 0.279436 0.284428 0.278466 -0.000601434 0.00136604 0.00163005
163.52 0.279425 0.284455 0.278518 -0.000263824 0.000658603 0.00130683
163.54 0.279445 0.28447 0.278553 0.000507042 0.000372809 0.000870556
163.56 0.279498 0.284493 0.278572 0.00131878 0.000589198 0.000471428
163.58 0.279566 0.284537 0.278581 0.00170507 0.0010969 0.000233108
163.6 0.279624 0.284598 0.278589 0.001428 0.00152223 0.000211811
163.62 0.279649 0.28466 0.278604 0.000636378 0.0015573 0.000372209
163.64 0.27964 0.284706 0.278628 -0.000234295 0.0011434 0.000598664
163.66 0.27961 0.284726 0.278659 -0.000736407 0.000491275 0.000755646
163.68 0.279584 0.284723 0.278689 -0.000661012 -6.03335e-05 0.00076224
163.7 0.279579 0.284713 0.278714 -0.000113312 -0.000247254 0.000635041
163.72 0.279603 0.284712 0.278734 0.000604677 -2.557e-05 0.000478031
163.74 0.279651 0.284729 0.27875 0.00118886 0.000413992 0.000422792
163.76 0.27971 0.28476 0.278772 0.00147305 0.000778189 0.000549253
163.78 0.279768 0.284795 0.278805 0.00145415 0.000872927 0.00081972
163.8 0.279817 0.284824 0.278848 0.00123092 0.000725872 0.00107308
163.82 0.279854 0.284845 0.278893 0.000925597 0.000532644 0.00111059
163.84 0.27988 0.284864 0.278926 0.000641637 0.000476975 0.000828602
163.86 0.279899 0.284887 0.278938 0.000467591 0.000571773 0.000300303
163.88 0.279918 0.284913 0.278928 0.000481048 0.000651412 -0.000255773
163.9 0.279947 0.284934 0.278904 0.000719113 0.000522336 -0.000593442
163.92 0.279992 0.28494 0.278881 0.00113485 0.000136779 -0.000567335
163.94 0.280055 0.284926 0.278873 0.00158085 -0.000348276 -0.000199767
163.96 0.28013 0.284899 0.278887 0.00185779 -0.000667177 0.000344626
163.98 0.280203 0.284874 0.278921 0.00182654 -0.000632451 0.000849427
164 0.280263 0.284863 0.278967 0.00150951 -0.000275471 0.00116218
164.02 0.280307 0.284869 0.279018 0.00109033 0.000166702 0.0012748
164.04 0.280338 0.284885 0.27907 0.000794147 0.000401828 0.00128915
164.06 0.280368 0.284896 0.279122 0.000738816 0.000273971 0.00129111
164.08 0.280403 0.284891 0.279172 0.000866809 -0.000127896 0.0012595
164.1 0.280443 0.28487 0.279216 0.00100575 -0.000531213 0.00109538
164.12 0.280483 0.284843 0.279245 0.00101099 -0.000671493 0.000733885
164.14 0.280519 0.284824 0.279254 0.000880209 -0.000473416 0.000229134
164.16 0.280549 0.28482 0.279244 0.000752876 -9.86002e-05 -0.000250712
164.18 0.28058 0.284827 0.279224 0.00078848 0.000161935 -0.0005077
164.2 0.280621 0.28483 0.279207 0.00102215 7.9261e-05 -0.000416304
164.22 0.280674 0.284816 0.279208 0.00132312 -0.000354442 1.30586e-05
164.24 0.280734 0.28478 0.279233 0.0014907 -0.000905332 0.000634386
164.26 0.28079 0.28473 0.279283 0.00140742 -0.00122713 0.00123623
164.28 0.280835 0.284688 0.279348 0.00111738 -0.00106754 0.00164349
164.3 0.280866 0.28467 0.27942 0.000773992 -0.000447062 0.00177983
164.32 0.280887 0.284683 0.279486 0.000525774 0.000318175 0.00165597
164.34 0.280905 0.284715 0.279539 0.000447199 0.000804187 0.00132776
164.36 0.280926 0.284745 0.279574 0.000539799 0.000761801 0.000871669
164.38 0.280956 0.284757 0.279589 0.000751134 0.000282668 0.000383085
164.4 0.280995 0.284746 0.279588 0.000983222 -0.000267712 -2.34511e-05
164.42 0.28104 0.284726 0.279578 0.00111315 -0.000496256 -0.000242386
164.44 0.281082 0.284716 0.279569 0.0010455 -0.000240329 -0.000239286
164.46 0.281113 0.28473 0.279566 0.000774594 0.000342344 -7.94046e-05
164.48 0.28113 0.284766 0.279571 0.000419588 0.000903095 0.000128419
164.5 0.281137 0.284812 0.279584 0.000191659 0.00113684 0.000321355
164.52 0.281148 0.28485 0.279604 0.000278231 0.000969817 0.000517704
164.54 0.281177 0.284874 0.279635 0.000702661 0.000601138 0.000766408
164.56 0.281227 0.284889 0.279677 0.00125942 0.00037375 0.00105833
164.58 0.281291 0.284911 0.279729 0.00159801 0.000537898 0.0012806
164.6 0.281348 0.284954 0.279779 0.00143857 0.00106981 0.00126795
164.62 0.28138 0.285022 0.279817 0.000783457 0.00169754 0.000938121
164.64 0.281378 0.285106 0.279833 -4.24702e-05 0.00210305 0.000410111
164.66 0.281355 0.285191 0.279833 -0.000573577 0.00213318 -1.86954e-05
164.68 0.281335 0.285266 0.27983 -0.000495565 0.00187536 -6.77798e-05
164.7 0.281341 0.285329 0.279842 0.000152861 0.00156524 0.000304613
164.72 0.281382 0.285385 0.279876 0.00101324 0.00141262 0.000859997
164.74 0.281447 0.285444 0.279926 0.00164023 0.00147037 0.00124765
164.76 0.281518 0.285509 0.279976 0.00175517 0.00163316 0.00123488
164.78 0.281572 0.28558 0.280009 0.00136052 0.00175701 0.000844983
164.8 0.281599 0.285651 0.280023 0.00068471 0.00178669 0.000329172
164.82 0.2816 0.285722 0.280023 1.92588e-05 0.00178463 5.01184e-07
164.84 0.281583 0.285796 0.280024 -0.000440592 0.0018447 3.48356e-05
164.86 0.281557 0.285875 0.280039 -0.000650027 0.00197251 0.000373771
164.88 0.28153 0.285957 0.280071 -0.000663817 0.00204481 0.000797075
164.9 0.281508 0.286033 0.280114 -0.000550846 0.00190023 0.00108917
164.92 0.281494 0.286093 0.280161 -0.000356773 0.00149531 0.00115641
164.94 0.281488 0.286132 0.280202 -0.000138149 0.000983625 0.00102863
164.96 0.281488 0.286157 0.280234 3.07176e-06 0.000634162 0.000800261
164.98 0.281487 0.286183 0.280257 -4.02074e-05 0.000648754 0.000574318
165 0.281475 0.286224 0.280274 -0.000287779 0.00101889 0.000422336
165.02 0.28145 0.286285 0.280288 -0.000623061 0.00151907 0.000368649
165.04 0.281416 0.286358 0.280305 -0.000847288 0.00182744 0.000403515
165.06 0.281384 0.286426 0.280325 -0.000806352 0.00170486 0.000503741
165.08 0.281364 0.286472 0.28035 -0.000506827 0.00114589 0.000626909
165.1 0.281358 0.286488 0.280378 -0.000136179 0.000403718 0.000696917
165.12 0.281361 0.286482 0.280403 5.10793e-05 -0.000151985 0.000635018
165.14 0.281357 0.286472 0.28042 -8.39806e-05 -0.000259755 0.000428479
165.16 0.281339 0.286475 0.280428 -0.000445858 8.75106e-05 0.00018053
165.18 0.28131 0.286502 0.280431 -0.000745129 0.000658974 8.18962e-05
165.2 0.281282 0.286546 0.280442 -0.000691068 0.00111137 0.000288511
165.22 0.281274 0.286592 0.280474 -0.000205553 0.00116024 0.000779829
165.24 0.281294 0.286622 0.280526 0.000501157 0.00073067 0.0013204
165.26 0.281336 0.286622 0.280589 0.00106044 9.16251e-06 0.00157737
165.28 0.281384 0.286596 0.280643 0.00119561 -0.000650711 0.00132992
165.3 0.28142 0.286559 0.280668 0.000900833 -0.00092437 0.000625624
165.32 0.281437 0.286532 0.280659 0.000431762 -0.000688157 -0.000227131
165.34 0.281443 0.286528 0.280625 0.000137166 -8.06148e-05 -0.000836173
165.36 0.281452 0.286551 0.280587 0.000240434 0.000573737 -0.000955861
165.38 0.281481 0.286589 0.280563 0.000715606 0.000946686 -0.000609167
165.4 0.281535 0.286625 0.280561 0.00134585 0.000890674 -3.18488e-05
165.42 0.28161 0.286645 0.280581 0.00189177 0.000510473 0.000491917
165.44 0.281699 0.286649 0.280612 0.00221451 8.63897e-05 0.00078594
165.46 0.28179 0.286645 0.280646 0.00228271 -9.47002e-05 0.000846793
165.48 0.281875 0.286649 0.280678 0.0021213 9.84637e-05 0.000790703
165.5 0.281947 0.286671 0.280707 0.00178719 0.000567205 0.000734303
165.52 0.282002 0.286713 0.280736 0.00138051 0.00103378 0.000713846
165.54 0.282044 0.286761 0.280764 0.0010558 0.00120644 0.000700657
165.56 0.282084 0.2868 0.28079 0.000994123 0.00096969 0.000667221
165.58 0.282137 0.286818 0.280816 0.0013183 0.000465067 0.000634747
165.6 0.282216 0.286819 0.280843 0.00198387 1.1258e-06 0.000667823
165.62 0.282325 0.286813 0.280875 0.00272824 -0.000150334 0.000818774
165.64 0.282452 0.286815 0.280918 0.00317106 6.4274e-05 0.00105716
165.66 0.282574 0.286833 0.280968 0.00304349 0.000450009 0.00124885
165.68 0.282669 0.286862 0.281017 0.00238185 0.0007159 0.00123195
165.7 0.28273 0.28689 0.281055 0.00152393 0.000700215 0.000952483
165.72 0.282766 0.286909 0.281077 0.000899179 0.000475331 0.000541519
165.74 0.282796 0.286919 0.281087 0.000764173 0.000251766 0.00025229
165.76 0.282839 0.286926 0.281098 0.0010558 0.000182026 0.00028826
165.78 0.282897 0.286936 0.281124 0.00144593 0.000238992 0.000646279
165.8 0.28296 0.286946 0.281168 0.00157855 0.000261326 0.00110456
165.82 0.283013 0.28695 0.281223 0.00132253 0.000102038 0.00136513
165.84 0.283046 0.286941 0.281273 0.000837915 -0.000236479 0.00124839
165.86 0.283063 0.286918 0.281305 0.000418278 -0.000566382 0.000810226
165.88 0.283073 0.286893 0.281317 0.000258096 -0.000638623 0.000302121
165.9 0.283086 0.286878 0.281318 0.000330608 -0.000354229 6.24541e-06
165.92 0.283104 0.286884 0.28132 0.000450021 0.000130571 6.18547e-05
165.94 0.283122 0.286904 0.281336 0.000439206 0.000509621 0.000399476
165.96 0.283132 0.286926 0.281368 0.000262478 0.000555598 0.000808791
165.98 0.283134 0.286938 0.281411 3.47087e-05 0.000287516 0.00107384
166 0.28313 0.286936 0.281455 -8.57421e-05 -4.13913e-05 0.0010818
166.02 0.283129 0.286931 0.281488 -3.12734e-05 -0.000122274 0.000838033
166.04 0.283134 0.286939 0.281504 0.000123518 0.000185547 0.000408273
166.06 0.283143 0.286968 0.281499 0.000229955 0.000740265 -0.000125391
166.08 0.283151 0.287017 0.281474 0.000185006 0.00121195 -0.000647912
166.1 0.283151 0.28707 0.281434 -4.84349e-06 0.00132697 -0.000985845
166.12 0.283141 0.287113 0.281396 -0.000246139 0.00107745 -0.000946184
166.14 0.283124 0.287142 0.281379 -0.000413873 0.000731943 -0.000425134
166.16 0.283108 0.287167 0.281399 -0.000405071 0.000626855 0.000482624
166.18 0.2831 0.287203 0.281457 -0.000198897 0.000903737 0.00146268
166.2 0.283105 0.287259 0.281541 0.000121243 0.0014002 0.00209107
166.22 0.283122 0.28733 0.281623 0.00042899 0.00176959 0.00205529
166.24 0.283147 0.287399 0.281677 0.000633885 0.00172655 0.00135884
166.26 0.283175 0.287449 0.281691 0.000695601 0.00124774 0.000343772
166.28 0.283199 0.287473 0.281671 0.000607412 0.000601762 -0.000498782
166.3 0.283216 0.287481 0.281639 0.000409414 0.000184224 -0.00080147
166.32 0.283224 0.287491 0.281619 0.000199657 0.000253104 -0.000503192
166.34 0.283228 0.287521 0.281625 9.54005e-05 0.000749901 0.000165878
166.36 0.283234 0.287575 0.28166 0.000164148 0.00135279 0.00086455
166.38 0.28325 0.287643 0.281714 0.000383762 0.00171467 0.00133772
166.4 0.283276 0.287711 0.281774 0.000649939 0.00168834 0.00150261
166.42 0.283308 0.287766 0.28183 0.000818588 0.00137792 0.00140967
166.44 0.283339 0.287806 0.281876 0.000778857 0.00101096 0.00115218
166.46 0.283361 0.287837 0.281909 0.000535048 0.000772321 0.000821697
166.48 0.28337 0.287866 0.28193 0.000231745 0.000721127 0.000523582
166.5 0.283373 0.287899 0.281946 7.64816e-05 0.000810079 0.000393709
166.52 0.283381 0.287937 0.281968 0.000196408 0.0009563 0.000559072
166.54 0.283402 0.287981 0.28201 0.000534806 0.00109665 0.00103698
166.56 0.283437 0.288029 0.282076 0.00087476 0.00119792 0.00164836
166.58 0.283477 0.288078 0.282158 0.000979908 0.00122637 0.00205552
166.6 0.283506 0.288123 0.282236 0.000744143 0.00113516 0.00195262
166.62 0.283516 0.28816 0.282287 0.000241195 0.000914133 0.00128377
166.64 0.283503 0.288185 0.2823 -0.000324665 0.000636393 0.000324629
166.66 0.283474 0.288202 0.282282 -0.000718538 0.0004301 -0.000450458
166.68 0.283443 0.288218 0.282256 -0.000789969 0.000404271 -0.000643665
166.7 0.283421 0.288242 0.28225 -0.000540575 0.000587304 -0.000167495
166.72 0.283417 0.288278 0.282278 -9.35772e-05 0.0009021 0.000716571
166.74 0.283433 0.288326 0.282341 0.00038821 0.00118876 0.00156036
166.76 0.283463 0.288377 0.282419 0.000744794 0.00127989 0.00196025
166.78 0.283496 0.288421 0.282488 0.000833954 0.00109813 0.00172733
166.8 0.283519 0.288449 0.282526 0.000580435 0.000707273 0.000935137
166.82 0.283521 0.28846 0.28252 4.28888e-05 0.000274952 -0.000141646
166.84 0.283498 0.288459 0.282474 -0.000574795 -1.90457e-05 -0.00113934
166.86 0.283458 0.288457 0.282406 -0.00100227 -6.30577e-05 -0.00172154
166.88 0.283416 0.288463 0.282338 -0.00103614 0.000148226 -0.00168165
166.9 0.28339 0.288483 0.282297 -0.000654513 0.000515964 -0.00102618
166.92 0.283389 0.288519 0.282297 -3.46102e-05 0.000886928 -4.01302e-06
166.94 0.283411 0.288564 0.282336 0.000554975 0.00112688 0.000967507
166.96 0.283448 0.288611 0.282395 0.000921602 0.00116984 0.00148773
166.98 0.28349 0.288652 0.28245 0.00104873 0.0010298 0.00137498
167 0.283532 0.288683 0.282481 0.00105626 0.000780071 0.000756504
167.02 0.283575 0.288704 0.28248 0.00106968 0.000519543 -4.50214e-06
167.04 0.28362 0.288717 0.28246 0.00112194 0.000335918 -0.000508275
167.06 0.283666 0.288728 0.282439 0.00116393 0.000269932 -0.000535049
167.08 0.283713 0.28874 0.282433 0.00115672 0.000307561 -0.000145058
167.1 0.283759 0.288757 0.282449 0.00115677 0.000405799 0.000409009
167.12 0.283811 0.288777 0.282485 0.00130768 0.000518909 0.000889116
167.14 0.28388 0.288801 0.282534 0.00171858 0.000596287 0.00122239
167.16 0.283973 0.288824 0.282593 0.00232318 0.000580413 0.00148358
167.18 0.284087 0.288842 0.282663 0.00285793 0.000431015 0.00175938
167.2 0.284207 0.288848 0.282745 0.00300619 0.0001578 0.00203153
167.22 0.284312 0.288841 0.282832 0.00261192 -0.000163364 0.00217168
167.24 0.284385 0.288825 0.282913 0.00182847 -0.00040033 0.00204316
167.26 0.284429 0.288809 0.282978 0.00109057 -0.000420025 0.00162244
167.28 0.284463 0.288802 0.28302 0.000870553 -0.000176483 0.00103745
167.3 0.284517 0.288811 0.28304 0.00134817 0.000238414 0.000496899
167.32 0.284607 0.288837 0.283047 0.00224737 0.000637048 0.000175096
167.34 0.284727 0.28887 0.283052 0.00298788 0.000840672 0.000139335
167.36 0.284849 0.288901 0.283066 0.00305001 0.000778343 0.000334879
167.38 0.284941 0.288923 0.28309 0.00230586 0.000532541 0.000624912
167.4 0.284986 0.288934 0.283126 0.00111377 0.000296056 0.000876945
167.42 0.28499 0.288945 0.283167 0.000114629 0.000251512 0.00103301
167.44 0.284984 0.288963 0.283211 -0.00015846 0.000451348 0.00110198
167.46 0.284999 0.288994 0.283255 0.000381272 0.000789652 0.00109315
167.48 0.285052 0.289037 0.283294 0.00132099 0.00107876 0.000970565
167.5 0.285133 0.289084 0.283321 0.00201929 0.00116788 0.000680165
167.52 0.285213 0.289125 0.28333 0.00200663 0.00103035 0.000224807
167.54 0.285263 0.289156 0.283318 0.00125954 0.000777213 -0.000291504
167.56 0.285271 0.289179 0.28329 0.000192802 0.000577302 -0.000706707
167.58 0.285247 0.289201 0.283254 -0.000608791 0.000538338 -0.000889552
167.6 0.285217 0.289227 0.283222 -0.000745169 0.00065083 -0.000795301
167.62 0.285208 0.28926 0.283204 -0.000225103 0.000832931 -0.000458461
167.64 0.285231 0.289301 0.283206 0.000568161 0.00101022 4.61791e-05
167.66 0.285276 0.289347 0.283231 0.00112617 0.0011496 0.000625528
167.68 0.28532 0.289396 0.283278 0.00111844 0.00124436 0.00116524
167.7 0.285343 0.289448 0.283339 0.000563933 0.00128226 0.00153042
167.72 0.285334 0.289496 0.283403 -0.000223106 0.00121787 0.00159415
167.74 0.2853 0.289536 0.283455 -0.00084916 0.000987358 0.00130419
167.76 0.285258 0.289559 0.283485 -0.00106079 0.000586928 0.000749812
167.78 0.285224 0.289565 0.283491 -0.000835853 0.000140604 0.000158073
167.8 0.285211 0.28956 0.283483 -0.000335154 -0.000139725 -0.000208471
167.82 0.285219 0.289556 0.283475 0.000200427 -9.42115e-05 -0.000201085
167.84 0.285241 0.289566 0.283479 0.000544672 0.000257894 0.000117429
167.86 0.285263 0.289594 0.283499 0.000558057 0.000705491 0.000502001
167.88 0.285272 0.289633 0.283527 0.000230058 0.000964356 0.000691733
167.9 0.28526 0.289667 0.283551 -0.000313578 0.000854929 0.000596786
167.92 0.285225 0.289684 0.283565 -0.000855726 0.000424537 0.000350236
167.94 0.285178 0.289681 0.283573 -0.00117662 -7.64603e-05 0.000189472
167.96 0.285133 0.289667 0.283584 -0.00113195 -0.000350601 0.000276901
167.98 0.285105 0.289658 0.283607 -0.000697783 -0.000228869 0.000589008
168 0.285105 0.289668 0.283644 7.0553e-06 0.000243489 0.000933049
168.02 0.285136 0.289701 0.283688 0.000754502 0.000839402 0.00108024
168.04 0.285188 0.289752 0.283725 0.00129999 0.00127382 0.000932521
168.06 0.285247 0.289807 0.283749 0.00148142 0.00136587 0.000593502
168.08 0.285298 0.289852 0.28376 0.00127934 0.00113343 0.000290154
168.1 0.285331 0.289882 0.283769 0.00081381 0.000750414 0.000211301
168.12 0.285342 0.289899 0.283785 0.00029311 0.000419483 0.000394992
168.14 0.28534 0.28991 0.283814 -6.29586e-05 0.000272679 0.000735627
168.16 0.285336 0.289924 0.283857 -9.82105e-05 0.000351238 0.00107543
168.18 0.285345 0.289949 0.28391 0.000223843 0.000627095 0.00131528
168.2 0.285376 0.289989 0.283968 0.000793089 0.00101383 0.00146615
168.22 0.285431 0.290045 0.284032 0.00136987 0.00138954 0.00159846
168.24 0.285498 0.290111 0.284102 0.00167535 0.00164446 0.00173976
168.26 0.28556 0.290179 0.284175 0.00153513 0.00170534 0.00182565
168.28 0.285599 0.290241 0.284245 0.000984995 0.00154169 0.00174984
168.3 0.28561 0.290288 0.284303 0.00027286 0.00119061 0.00145674
168.32 0.2856 0.290319 0.284343 -0.000250899 0.000775609 0.000999606
168.34 0.285588 0.290338 0.284364 -0.000308906 0.000455915 0.000529725
168.36 0.285593 0.290351 0.284373 0.000144941 0.000324171 0.000220888
168.38 0.285628 0.290365 0.28438 0.000872179 0.000359853 0.000171225
168.4 0.285687 0.290384 0.284394 0.00146277 0.000481658 0.000346447
168.42 0.28575 0.290409 0.284418 0.00157183 0.000623995 0.00060116
168.44 0.285795 0.29044 0.284449 0.00113011 0.000763087 0.000773984
168.46 0.28581 0.290475 0.28448 0.000388993 0.000892919 0.000785113
168.48 0.285801 0.290515 0.284507 -0.000230135 0.000984407 0.00065827
168.5 0.285786 0.290553 0.284525 -0.000391574 0.000965573 0.000464417
168.52 0.285784 0.290584 0.284535 -4.17413e-05 0.000753653 0.000245941
168.54 0.285807 0.290597 0.284535 0.0005858 0.000337175 -5.29249e-06
168.56 0.285853 0.29059 0.284523 0.00114376 -0.000163271 -0.00029371
168.58 0.285909 0.290569 0.284501 0.00138825 -0.000531025 -0.000553342
168.6 0.285961 0.290546 0.284474 0.00129974 -0.00057502 -0.000660965
168.62 0.286003 0.290536 0.284453 0.00105386 -0.000248407 -0.000538202
168.64 0.286037 0.290549 0.284443 0.000867572 0.000306601 -0.000242447
168.66 0.286071 0.290581 0.284445 0.0008286 0.000816062 5.19865e-05
168.68 0.286105 0.290622 0.284452 0.000853504 0.0010318 0.000177904
168.7 0.286137 0.290658 0.284457 0.000803091 0.000895979 0.00010872
168.72 0.286162 0.290681 0.284457 0.000633849 0.000572836 -5.01224e-07
168.74 0.28618 0.290694 0.28446 0.000438437 0.000313056 9.35484e-05
168.76 0.286194 0.290705 0.284482 0.000354116 0.000276935 0.000537072
168.78 0.286212 0.290723 0.284531 0.000441816 0.000448931 0.00122328
168.8 0.286237 0.29075 0.284603 0.000635491 0.000686455 0.00180569
168.82 0.286268 0.290784 0.28468 0.000784524 0.000842431 0.00191081
168.84 0.286299 0.290818 0.284736 0.000769144 0.000860319 0.00140757
168.86 0.286324 0.29085 0.284757 0.000618563 0.000793147 0.000526931
168.88 0.286345 0.290881 0.284746 0.000516232 0.000761269 -0.000273647
168.9 0.286371 0.290916 0.284722 0.000650087 0.000876424 -0.00060427
168.92 0.286412 0.290962 0.284707 0.00102715 0.00116292 -0.000371608
168.94 0.286469 0.291023 0.284716 0.00143199 0.00153107 0.000215482
168.96 0.286532 0.291097 0.284749 0.00157911 0.00183055 0.000828481
168.98 0.286586 0.291174 0.284798 0.00133956 0.00193369 0.00123306
169 0.28662 0.291246 0.284854 0.00086908 0.00179328 0.00139774
169.02 0.286642 0.291304 0.284912 0.000534623 0.00146287 0.00144114
169.04 0.286668 0.291347 0.284971 0.000659876 0.00107462 0.00147952
169.06 0.286719 0.291378 0.285031 0.00125791 0.000768396 0.00150576
169.08 0.286798 0.291403 0.285087 0.00197894 0.000619041 0.00140363
169.1 0.286891 0.291427 0.28513 0.00233311 0.00061743 0.00107705
169.12 0.286973 0.291455 0.285153 0.00203686 0.000703961 0.000577541
169.14 0.287022 0.291488 0.285158 0.00123223 0.000808112 0.000115028
169.16 0.287038 0.291523 0.285155 0.000406368 0.000872644 -6.62706e-05
169.18 0.28704 0.291557 0.285161 5.39803e-05 0.000864706 0.000143369
169.2 0.287053 0.291588 0.285186 0.000323185 0.000766211 0.000631156
169.22 0.28709 0.29161 0.285232 0.0009233 0.000563134 0.00113393
169.24 0.287144 0.291621 0.285288 0.00136 0.000259076 0.00141718
169.26 0.287196 0.291617 0.285345 0.00129363 -0.000104003 0.0014082
169.28 0.287227 0.291599 0.285393 0.000759003 -0.00044731 0.00119771
169.3 0.287232 0.291572 0.28543 0.000124042 -0.00068106 0.000946356
169.32 0.287224 0.291542 0.285461 -0.000176687 -0.000746388 0.000772998
169.34 0.287226 0.291516 0.285489 3.04221e-05 -0.000649659 0.000687173
169.36 0.287246 0.291497 0.285513 0.00051253 -0.000455709 0.000613589
169.38 0.287278 0.291488 0.285533 0.000802421 -0.000242776 0.000495322
169.4 0.287301 0.291485 0.285548 0.000576162 -6.52515e-05 0.000373266
169.42 0.287299 0.291487 0.285562 -5.77526e-05 5.37892e-05 0.000354193
169.44 0.287275 0.291492 0.285582 -0.000608216 0.000125668 0.000501481
169.46 0.287252 0.2915 0.285613 -0.00057839 0.000190755 0.000765566
169.48 0.287257 0.291512 0.285654 0.00013363 0.000292007 0.00101639
169.5 0.287302 0.291529 0.285699 0.00113952 0.000440749 0.00113055
169.52 0.287376 0.291553 0.285741 0.00182817 0.000594954 0.0010552
169.54 0.287447 0.29158 0.285774 0.00177472 0.000677272 0.000817062
169.56 0.287487 0.291606 0.285793 0.00100956 0.000634034 0.000487225
169.58 0.287487 0.291625 0.285799 -1.00549e-05 0.000489017 0.000134865
169.6 0.287459 0.291639 0.285791 -0.000697512 0.00034965 -0.000187696
169.62 0.287431 0.291653 0.285774 -0.000701053 0.000359666 -0.000423431
169.64 0.287427 0.291678 0.285754 -8.99921e-05 0.000612169 -0.000497715
169.66 0.287457 0.291721 0.28574 0.000739428 0.0010764 -0.000348322
169.68 0.28751 0.291785 0.285741 0.00133543 0.00159845 1.88844e-05
169.7 0.287568 0.291864 0.285761 0.00144271 0.00197309 0.000492455
169.72 0.287612 0.291946 0.285796 0.00109874 0.00204399 0.000874139
169.74 0.287634 0.292017 0.285835 0.000559001 0.00178661 0.000981179
169.76 0.287639 0.29207 0.285866 0.000120935 0.00133378 0.000787035
169.78 0.287637 0.292107 0.285885 -4.10252e-05 0.000920151 0.000475604
169.8 0.28764 0.292137 0.285899 6.55635e-05 0.000754984 0.000332019
169.82 0.287652 0.292173 0.28592 0.000300469 0.000891557 0.000534834
169.84 0.287671 0.292221 0.285961 0.000490277 0.00119149 0.00101135
169.86 0.287693 0.292278 0.28602 0.000532577 0.00142445 0.00147787
169.88 0.287711 0.292335 0.286085 0.000462479 0.00143389 0.00163204
169.9 0.287729 0.292385 0.286139 0.000436882 0.00124229 0.00134899
169.92 0.287754 0.292425 0.286169 0.000619775 0.0010152 0.000754765
169.94 0.287795 0.292462 0.286175 0.00104155 0.000923117 0.000141685
169.96 0.287857 0.292503 0.286166 0.00154417 0.00101284 -0.000216724
169.98 0.287931 0.29255 0.286157 0.00186192 0.00117226 -0.000218616
170 0.288003 0.292598 0.286159 0.00178842 0.00120594 5.1563e-05
170.02 0.288056 0.292637 0.286177 0.00133447 0.000985493 0.00043211
170.04 0.288087 0.29266 0.286209 0.000755818 0.00056604 0.000804582
170.06 0.288103 0.292667 0.286254 0.000406702 0.000164492 0.00112549
170.08 0.288123 0.292667 0.286309 0.000509086 2.23252e-06 0.00136558
170.1 0.288163 0.292672 0.286367 0.000999848 0.000132599 0.0014519
170.12 0.288226 0.292689 0.286419 0.00156823 0.000414159 0.00129716
170.14 0.2883 0.292714 0.286454 0.00185133 0.000639752 0.000894676
170.16 0.288366 0.292742 0.28647 0.00165715 0.000686345 0.000381108
170.18 0.288409 0.292764 0.286469 0.00107244 0.000570656 -6.11752e-06
170.2 0.288425 0.292781 0.286467 0.000399048 0.000405134 -5.3145e-05
170.22 0.288424 0.292793 0.286479 -2.75204e-05 0.000315669 0.000302311
170.24 0.288423 0.292808 0.286516 -3.12631e-05 0.000358902 0.000921182
170.26 0.288435 0.292827 0.286578 0.0003124 0.000494343 0.00153713
170.28 0.288465 0.292853 0.286654 0.000748874 0.00063769 0.00190399
170.3 0.288506 0.292882 0.286731 0.00102096 0.000739086 0.00191776
170.32 0.288547 0.292915 0.286796 0.00101146 0.000811517 0.0016429
170.34 0.288578 0.29295 0.286846 0.000774879 0.000887563 0.00123715
170.36 0.288596 0.292989 0.286879 0.000469742 0.000971063 0.000841826
170.38 0.288606 0.293031 0.2869 0.000247925 0.00103723 0.000518536
170.4 0.288613 0.293073 0.286911 0.000169008 0.0010501 0.000267032
170.42 0.288621 0.293112 0.286914 0.000195209 0.000982162 8.62282e-05
170.44 0.288631 0.293146 0.286914 0.000254436 0.0008438 -9.18759e-07
170.46 0.288643 0.293174 0.286915 0.000300108 0.000709453 2.7437e-05
170.48 0.288656 0.293202 0.286921 0.000318956 0.000684547 0.000147038
170.5 0.288668 0.293234 0.286932 0.000304641 0.00081972 0.000264122
170.52 0.288678 0.293276 0.286942 0.000240793 0.00105199 0.000252206
170.54 0.288682 0.293325 0.286944 0.000117538 0.00122571 4.62705e-05
170.56 0.288681 0.293373 0.286932 -4.27033e-05 0.00117926 -0.000281837
170.58 0.288673 0.293407 0.28691 -0.000181257 0.000847468 -0.00054994
170.6 0.288664 0.29342 0.286887 -0.000222375 0.000330225 -0.00057898
170.62 0.28866 0.293415 0.286875 -0.00010429 -0.000117621 -0.000305274
170.64 0.288667 0.293407 0.286882 0.000173554 -0.000204275 0.000169975
170.66 0.288688 0.293415 0.286907 0.0005207 0.0002148 0.000617639
170.68 0.288719 0.293456 0.286939 0.000785557 0.00100571 0.000800973
170.7 0.288753 0.293527 0.286963 0.000832792 0.00179278 0.000614736
170.72 0.288777 0.293614 0.286969 0.000614385 0.0021555 0.000150179
170.74 0.288785 0.293688 0.286955 0.000195618 0.00186141 -0.000347736
170.76 0.288775 0.293728 0.286931 -0.000260405 0.0009996 -0.000605717
170.78 0.288753 0.293726 0.286913 -0.000542645 -5.08806e-05 -0.000457421
170.8 0.288734 0.293694 0.286916 -0.000477071 -0.000812794 8.42405e-05
170.82 0.288733 0.293655 0.28695 -2.74677e-05 -0.00096662 0.000836565
170.84 0.288759 0.293635 0.287011 0.000648682 -0.000507488 0.00153261
170.86 0.288809 0.293646 0.287089 0.00126135 0.000276763 0.00194197
170.88 0.288871 0.293684 0.287167 0.00155096 0.000968761 0.00195979
170.9 0.288929 0.293734 0.287233 0.0014318 0.00124203 0.00164459
170.92 0.28897 0.293775 0.287281 0.00102614 0.0010251 0.001203
170.94 0.288993 0.293795 0.287317 0.000592249 0.000502194 0.000908197
170.96 0.289009 0.293794 0.287356 0.000396411 -3.51247e-05 0.000961366
170.98 0.289032 0.293779 0.287411 0.000582968 -0.000362442 0.00137352
171 0.289076 0.293763 0.287488 0.0010842 -0.00040796 0.00193905
171.02 0.289141 0.293754 0.287581 0.00162964 -0.000235538 0.00232124
171.04 0.289216 0.293754 0.28767 0.00188539 1.60464e-05 0.00223023
171.06 0.289283 0.293762 0.287735 0.00165717 0.000200972 0.00160927
171.08 0.289324 0.293771 0.287762 0.00102014 0.000232746 0.000695927
171.1 0.289335 0.293776 0.287758 0.000276642 0.000122057 -0.000113822
171.12 0.289326 0.293775 0.287738 -0.000218502 -3.07841e-05 -0.000497439
171.14 0.289316 0.293772 0.287724 -0.000242602 -8.38369e-05 -0.000360533
171.16 0.289324 0.293775 0.28773 0.000190253 7.04985e-05 0.000165347
171.18 0.289358 0.293792 0.287764 0.000845788 0.000435153 0.000839746
171.2 0.289413 0.293827 0.287821 0.00139465 0.0008863 0.00143676
171.22 0.289477 0.293876 0.287894 0.00157933 0.00121946 0.00180889
171.24 0.28953 0.293926 0.287969 0.00134134 0.00124374 0.00187541
171.26 0.289564 0.293962 0.288032 0.000845493 0.000897559 0.0015869
171.28 0.289579 0.293975 0.28807 0.000384286 0.000339787 0.000938049
171.3 0.289588 0.293972 0.288071 0.00022112 -8.48522e-05 3.16207e-05
171.32 0.289607 0.29397 0.288036 0.000466742 -4.07776e-05 -0.000878675
171.34 0.289648 0.293993 0.287978 0.00103158 0.000558831 -0.00145391
171.36 0.289715 0.294051 0.28792 0.00166257 0.0014468 -0.00144621
171.38 0.289797 0.294136 0.287885 0.00206439 0.00212733 -0.00087233
171.4 0.28988 0.294223 0.287883 0.00205912 0.00217284 -4.08764e-05
171.42 0.289947 0.294283 0.287908 0.00168391 0.00151051 0.000617127
171.44 0.289993 0.294303 0.28794 0.00116222 0.000489305 0.000806092
171.46 0.290025 0.294289 0.287961 0.000777286 -0.000332761 0.000528924
171.48 0.290053 0.294268 0.287963 0.000714714 -0.000528726 4.96043e-05
171.5 0.290092 0.294266 0.287951 0.000959691 -4.50512e-05 -0.00029684
171.52 0.290144 0.294298 0.287939 0.00131752 0.000782339 -0.000305447
171.54 0.290206 0.294355 0.287939 0.00154629 0.00143722 2.80059e-06
171.56 0.290266 0.294417 0.287956 0.00150135 0.00155268 0.000429474
171.58 0.290314 0.294463 0.287986 0.0012025 0.00115022 0.000745577
171.6 0.290347 0.294487 0.288019 0.000807856 0.000591316 0.000820124
171.62 0.290368 0.294499 0.288045 0.000523654 0.000288765 0.000654217
171.64 0.290387 0.294516 0.288059 0.000486258 0.000427396 0.00034732
171.66 0.290414 0.294551 0.288061 0.000675749 0.000883498 4.73187e-05
171.68 0.290451 0.294605 0.288057 0.0009293 0.00134101 -9.76699e-05
171.7 0.290493 0.294665 0.288058 0.00104994 0.00150788 2.16192e-05
171.72 0.29053 0.294717 0.288076 0.000920599 0.00130261 0.000444229
171.74 0.290552 0.294752 0.28812 0.000552584 0.000885202 0.00111109
171.76 0.290555 0.294773 0.288194 6.67275e-05 0.000523944 0.00185283
171.78 0.29054 0.29479 0.288291 -0.000357155 0.000410807 0.00241652
171.8 0.290519 0.294812 0.288393 -0.000542361 0.000552561 0.00255579
171.82 0.290503 0.294844 0.28848 -0.00039218 0.000797689 0.00216638
171.84 0.290505 0.294883 0.288536 4.73536e-05 0.000970502 0.00139623
171.86 0.290529 0.294923 0.288561 0.000592626 0.00100993 0.000626744
171.88 0.290569 0.294963 0.288572 0.00100374 0.000994291 0.000283581
171.9 0.290613 0.295004 0.288595 0.00109932 0.00103816 0.000573108
171.92 0.290646 0.295051 0.288648 0.000835054 0.00116519 0.00132365
171.94 0.290659 0.295102 0.288731 0.000321836 0.00126445 0.00206798
171.96 0.29065 0.295148 0.288824 -0.000217742 0.00116117 0.00233496
171.98 0.290629 0.295178 0.288902 -0.000542233 0.000759977 0.00195029
172 0.290609 0.295184 0.288947 -0.000503315 0.000149003 0.00112998
172.02 0.290603 0.295168 0.28896 -0.000136684 -0.000411108 0.000311191
172.04 0.290617 0.295143 0.288954 0.000338306 -0.000610132 -0.000137849
172.06 0.290642 0.295133 0.288949 0.00063825 -0.000273132 -0.000128331
172.08 0.290665 0.295152 0.288955 0.000582009 0.000490329 0.000147286
172.1 0.290673 0.295204 0.288971 0.000192407 0.00130163 0.000395768
172.12 0.29066 0.295273 0.288988 -0.000316161 0.00172759 0.000428792
172.14 0.290634 0.295335 0.288998 -0.000652093 0.00155174 0.00025103
172.16 0.29061 0.295372 0.288998 -0.000619372 0.000904836 -2.23352e-06
172.18 0.2906 0.295379 0.28899 -0.000241154 0.000182311 -0.000198528
172.2 0.29061 0.295371 0.288978 0.000262163 -0.000186459 -0.000299083
172.22 0.290635 0.295371 0.288964 0.000622542 -2.47676e-07 -0.000344435
172.24 0.290663 0.295395 0.28895 0.000679903 0.000578938 -0.000368
172.26 0.290681 0.29544 0.288936 0.000448703 0.00113136 -0.000345096
172.28 0.290684 0.29549 0.288927 9.2772e-05 0.00126518 -0.000222465
172.3 0.290677 0.295525 0.288928 -0.000168902 0.000869943 2.05588e-05
172.32 0.29067 0.295532 0.288941 -0.000189128 0.000165513 0.000338132
172.34 0.290671 0.295514 0.288966 2.74882e-05 -0.00045352 0.000626757
172.36 0.290685 0.295487 0.288997 0.000350017 -0.000659789 0.000773643
172.38 0.29071 0.295472 0.289027 0.000633386 -0.000374514 0.000736474
172.4 0.290744 0.295481 0.28905 0.000829631 0.000216032 0.000583595
172.42 0.290784 0.295513 0.289068 0.00100119 0.000798282 0.000440096
172.44 0.290833 0.295557 0.289083 0.00122623 0.00111337 0.000389804
172.46 0.290892 0.2956 0.2891 0.00148886 0.00106871 0.000426099
172.48 0.290959 0.29563 0.28912 0.00166296 0.000744425 0.000490754
172.5 0.291023 0.295643 0.289142 0.00160648 0.000324671 0.000550539
172.52 0.291074 0.295643 0.289167 0.00128582 -3.26208e-06 0.000635586
172.54 0.291108 0.295638 0.2892 0.000839033 -0.000122797 0.000804474
172.56 0.291129 0.295637 0.289242 0.000516165 -1.29313e-05 0.00106671
172.58 0.291149 0.295647 0.289296 0.000513513 0.000250662 0.00134244
172.6 0.291182 0.295668 0.289356 0.000824007 0.000519569 0.00149697
172.62 0.291231 0.295694 0.289413 0.00123473 0.000651682 0.0014276
172.64 0.291291 0.295719 0.289459 0.00147624 0.000611458 0.00115035
172.66 0.291347 0.295739 0.289491 0.00140721 0.000497608 0.000812132
172.68 0.291391 0.295757 0.289515 0.00110569 0.000465483 0.000589532
172.7 0.291424 0.295782 0.289537 0.000813442 0.000617579 0.000557798
172.72 0.291454 0.29582 0.289563 0.000768183 0.000938124 0.000651616
172.74 0.291496 0.295871 0.289593 0.00103874 0.00129086 0.000738844
172.76 0.291556 0.295931 0.289622 0.00149256 0.00148465 0.000730509
172.78 0.291632 0.295986 0.289648 0.00190212 0.00138633 0.000636056
172.8 0.291715 0.296026 0.289669 0.00208037 0.00100596 0.000540576
172.82 0.291793 0.296045 0.289691 0.00196111 0.000477649 0.000538054
172.84 0.291858 0.296044 0.289717 0.00161148 -3.26431e-05 0.000670442
172.86 0.291905 0.296028 0.289754 0.00119217 -0.000400553 0.000910658
172.88 0.291941 0.296006 0.289802 0.000882666 -0.000551075 0.00119825
172.9 0.291973 0.295989 0.289861 0.000804951 -0.000432906 0.00148373
172.92 0.292012 0.295988 0.28993 0.000974546 -2.45848e-05 0.00172243
172.94 0.292064 0.296012 0.290003 0.00129326 0.000613333 0.00183245
172.96 0.292127 0.296064 0.290071 0.00158944 0.00129795 0.00169824
172.98 0.292195 0.296134 0.290121 0.00169453 0.00175526 0.00124979
173 0.292256 0.296204 0.290143 0.0015248 0.00174282 0.000548023
173.02 0.292301 0.296253 0.290135 0.0011235 0.00121243 -0.000197214
173.04 0.292327 0.296269 0.290107 0.00064202 0.000403504 -0.00070018
173.06 0.292337 0.296259 0.290078 0.000267101 -0.000242627 -0.000745015
173.08 0.292342 0.296245 0.290064 0.000122185 -0.000338217 -0.00032907
173.1 0.29235 0.296253 0.290077 0.000193703 0.000195979 0.000306109
173.12 0.292364 0.296296 0.290109 0.000339197 0.00106377 0.000811995
173.14 0.292379 0.296367 0.290147 0.000383528 0.00176763 0.000954471
173.16 0.292388 0.296444 0.290177 0.000236158 0.00192552 0.000742644
173.18 0.292386 0.296504 0.290192 -5.52189e-05 0.0015209 0.000376768
173.2 0.292373 0.29654 0.290196 -0.000340097 0.000891047 9.04982e-05
173.22 0.292354 0.296559 0.290196 -0.000459938 0.000467592 9.75489e-06
173.24 0.29234 0.296578 0.2902 -0.000346652 0.000485019 0.000110257
173.26 0.292338 0.296613 0.290211 -5.31807e-05 0.000863007 0.000274226
173.28 0.29235 0.296665 0.290227 0.00029581 0.00131771 0.000384108
173.3 0.292373 0.296729 0.290242 0.000570025 0.00159466 0.000388233
173.32 0.2924 0.296794 0.290255 0.000677614 0.0016265 0.000311079
173.34 0.292424 0.296855 0.290263 0.000597526 0.00151123 0.000215116
173.36 0.292439 0.29691 0.29027 0.000387509 0.0013839 0.000152966
173.38 0.292445 0.296962 0.290276 0.000150751 0.00129827 0.000153402
173.4 0.292445 0.29701 0.290285 -4.96536e-06 0.00119014 0.000238858
173.42 0.292445 0.297048 0.290303 7.2636e-06 0.000957532 0.000441785
173.44 0.292454 0.297072 0.290334 0.000221822 0.000599318 0.000785387
173.46 0.292478 0.297083 0.290383 0.000585316 0.000284143 0.00122768
173.48 0.292516 0.297093 0.290449 0.000949799 0.000256022 0.00162889
173.5 0.292561 0.297119 0.290521 0.00113202 0.000631111 0.00180418
173.52 0.292602 0.297169 0.290586 0.00102112 0.00126194 0.00163123
173.54 0.292628 0.297241 0.290631 0.000653409 0.00178796 0.00112679
173.56 0.292636 0.297315 0.290649 0.000206926 0.00184932 0.000448113
173.58 0.292633 0.297368 0.290642 -7.45492e-05 0.00132843 -0.000170822
173.6 0.292633 0.297386 0.290621 -1.41201e-05 0.000453647 -0.000519256
173.62 0.292647 0.297373 0.290602 0.000369895 -0.000322585 -0.000493186
173.64 0.292682 0.297349 0.290597 0.000851817 -0.000609974 -0.000119951
173.66 0.292727 0.297335 0.290615 0.00114294 -0.000332068 0.000466637
173.68 0.292771 0.297345 0.290659 0.00108548 0.000248568 0.00107535
173.7 0.2928 0.297374 0.290719 0.000742851 0.000728219 0.00152022
173.72 0.292814 0.297407 0.290787 0.00035194 0.000815406 0.00168798
173.74 0.292822 0.297427 0.29085 0.000189545 0.000493881 0.00158241
173.76 0.292838 0.297427 0.290903 0.000401311 1.76016e-05 0.00131442
173.78 0.292874 0.297417 0.290945 0.000887602 -0.000269215 0.00104585
173.8 0.292928 0.297409 0.290981 0.00135437 -0.000181995 0.000918728
173.82 0.292988 0.297416 0.291021 0.00151184 0.00016743 0.000985562
173.84 0.293039 0.297435 0.291067 0.00126413 0.000465358 0.0011664
173.86 0.293069 0.297453 0.291119 0.000759125 0.000451756 0.0012855
173.88 0.293081 0.297458 0.291166 0.000288866 0.0001196 0.00118018
173.9 0.293085 0.297446 0.291198 0.000114698 -0.000293427 0.000806906
173.92 0.293098 0.297427 0.291209 0.000322354 -0.000478347 0.000278865
173.94 0.293129 0.297416 0.291202 0.000777007 -0.000256248 -0.000178075
173.96 0.293178 0.297429 0.291189 0.00121118 0.000305173 -0.000321305
173.98 0.293233 0.297466 0.291189 0.00139326 0.000922573 -1.44691e-05
174 0.293284 0.297516 0.291216 0.00126349 0.00127153 0.000676285
174.02 0.293322 0.297565 0.291276 0.000949231 0.00120247 0.0014905
174.04 0.293348 0.297598 0.291359 0.000646922 0.000840517 0.0020845
174.06 0.293367 0.297618 0.291446 0.000469551 0.000490744 0.00218069
174.08 0.293382 0.297635 0.291514 0.000388977 0.000419077 0.00169554
174.1 0.293394 0.297661 0.291546 0.000297958 0.000671072 0.000795718
174.12 0.293399 0.297704 0.29154 0.000117698 0.00105378 -0.000157395
174.14 0.293394 0.297755 0.291508 -0.000128789 0.00128427 -0.000776777
174.16 0.293381 0.297803 0.291474 -0.000324431 0.00119064 -0.00085401
174.18 0.293367 0.297836 0.291456 -0.000335034 0.000835931 -0.0004623
174.2 0.293363 0.297855 0.29146 -0.000104886 0.000481997 0.000106834
174.22 0.293375 0.297871 0.291481 0.000290711 0.000397736 0.000521735
174.24 0.293402 0.297897 0.291505 0.00068069 0.000651216 0.000591294
174.26 0.293438 0.297939 0.291518 0.000894344 0.0010537 0.000337777
174.28 0.293472 0.297992 0.291516 0.000854619 0.00130308 -6.31337e-05
174.3 0.293496 0.29804 0.291499 0.000614773 0.00120988 -0.000404624
174.32 0.293509 0.298073 0.291478 0.000316151 0.000826489 -0.000544228
174.34 0.293513 0.298089 0.29146 9.74669e-05 0.000402103 -0.000432956
174.36 0.293514 0.298097 0.291456 2.35526e-05 0.000198549 -0.000109735
174.38 0.293517 0.298109 0.291469 8.69802e-05 0.000288854 0.000320001
174.4 0.293528 0.298129 0.291497 0.000259462 0.000506184 0.000718669
174.42 0.293548 0.298153 0.291536 0.000514804 0.000595654 0.000955791
174.44 0.293581 0.29817 0.291574 0.000805517 0.0004369 0.000945953
174.46 0.293623 0.298176 0.291601 0.00104953 0.00013797 0.000690982
174.48 0.293669 0.298173 0.291614 0.00115358 -6.79884e-05 0.000308458
174.5 0.293711 0.298172 0.291614 0.00104747 -1.95474e-05 1.55386e-06
174.52 0.29374 0.298182 0.291612 0.000723469 0.000240404 -4.03555e-05
174.54 0.293751 0.298201 0.291622 0.000275747 0.000492157 0.000255897
174.56 0.293747 0.298222 0.291655 -9.91875e-05 0.000512 0.00082489
174.58 0.29374 0.298232 0.291716 -0.00017252 0.0002606 0.00151369
174.6 0.293747 0.29823 0.291801 0.000190217 -6.97924e-05 0.00213563
174.62 0.293784 0.298222 0.291901 0.000911859 -0.000196737 0.00250455
174.64 0.293851 0.298223 0.292001 0.00168876 2.95324e-05 0.0024803
174.66 0.293937 0.298243 0.292082 0.00213354 0.000493012 0.00203608
174.68 0.294017 0.298278 0.292134 0.0020133 0.000883606 0.00129964
174.7 0.294074 0.298315 0.292155 0.00142665 0.000939353 0.000527965
174.72 0.294105 0.298342 0.292156 0.000777475 0.000652724 2.06582e-05
174.74 0.294126 0.298352 0.292155 0.000519922 0.000268981 -1.11507e-05
174.76 0.29416 0.298356 0.292173 0.000836235 9.61356e-05 0.000432884
174.78 0.294219 0.298367 0.292218 0.0014864 0.000281846 0.00112115
174.8 0.294297 0.298396 0.292286 0.00195702 0.000716897 0.00170214
174.82 0.294371 0.298442 0.292361 0.00183278 0.00113453 0.00189188
174.84 0.294416 0.298494 0.292427 0.0011262 0.00132258 0.00163345
174.86 0.294428 0.298545 0.292472 0.000303056 0.00127614 0.00112929
174.88 0.294426 0.298592 0.2925 -4.23527e-05 0.00116906 0.000708335
174.9 0.294441 0.298639 0.292524 0.000360155 0.00117211 0.000596166
174.92 0.29449 0.298691 0.292554 0.00123134 0.00128767 0.000753597
174.94 0.294568 0.298745 0.292591 0.0019435 0.00135761 0.000914417
174.96 0.294647 0.298794 0.292622 0.00198032 0.00122867 0.000790995
174.98 0.294699 0.298831 0.292634 0.00129334 0.000924026 0.000299817
175 0.294711 0.298857 0.29262 0.000307132 0.000661228 -0.000359553
175.02 0.294695 0.298885 0.292587 -0.00040538 0.000688835 -0.000836606
175.04 0.294674 0.298928 0.292552 -0.000520702 0.00106876 -0.000873894
175.06 0.294668 0.298992 0.292532 -0.000149269 0.00159309 -0.000483612
175.08 0.29468 0.299069 0.292536 0.000308361 0.00192723 8.06153e-05
175.1 0.2947 0.299143 0.292557 0.000505602 0.00186732 0.000526319
175.12 0.294717 0.299203 0.292585 0.000415205 0.00149974 0.000721522
175.14 0.294729 0.299248 0.292615 0.000307026 0.00112734 0.000736122
175.16 0.294748 0.299289 0.292644 0.000466275 0.0010167 0.000717832
175.18 0.294784 0.299336 0.292673 0.000910631 0.00117631 0.000731654
175.2 0.294839 0.29939 0.292701 0.00135686 0.00135721 0.000704265
175.22 0.294897 0.299441 0.292722 0.00145933 0.00127436 0.000517113
175.24 0.294942 0.299475 0.292728 0.00111278 0.00085139 0.000151451
175.26 0.294964 0.299487 0.292718 0.000560294 0.000287979 -0.000252795
175.28 0.294972 0.299483 0.292698 0.000212862 -9.50705e-05 -0.000480529
175.3 0.294986 0.299479 0.292682 0.000330889 -0.000109011 -0.00040552
175.32 0.295019 0.299485 0.292679 0.000827532 0.000153335 -9.20094e-05
175.34 0.295073 0.299501 0.292689 0.00134599 0.000405887 0.000253169
175.36 0.295134 0.299518 0.292706 0.00153441 0.0004203 0.000434749
175.38 0.295186 0.299526 0.292723 0.00129533 0.000209825 0.000412936
175.4 0.295219 0.299526 0.292736 0.000832636 -5.66991e-06 0.000329458
175.42 0.295239 0.299526 0.292752 0.00048888 -5.22809e-06 0.000394516
175.44 0.295259 0.299535 0.29278 0.000510343 0.000237982 0.00072012
175.46 0.295295 0.299556 0.292829 0.000888334 0.000526432 0.00122222
175.48 0.29535 0.29958 0.292896 0.00137485 0.000597711 0.00166999
175.5 0.295416 0.299594 0.29297 0.00165888 0.000350163 0.00184065
175.52 0.295478 0.299592 0.293036 0.00155312 -5.65222e-05 0.00165667
175.54 0.295521 0.29958 0.293084 0.00107015 -0.000313609 0.00121404
175.56 0.295537 0.299572 0.293113 0.000391141 -0.000191546 0.000716337
175.58 0.295528 0.299584 0.293128 -0.000211242 0.000293766 0.000375074
175.6 0.295509 0.299619 0.293141 -0.000466219 0.000882852 0.000322675
175.62 0.295501 0.299669 0.293164 -0.000222637 0.0012442 0.000577503
175.64 0.295518 0.299717 0.293206 0.000446478 0.00119878 0.00105875
175.66 0.295568 0.29975 0.293271 0.0012416 0.000837171 0.00161168
175.68 0.295639 0.299768 0.293353 0.00177086 0.000443577 0.00204665
175.7 0.295709 0.29978 0.293441 0.00174744 0.000295325 0.00219465
175.72 0.295755 0.2998 0.29352 0.00114298 0.00049517 0.00198139
175.74 0.295764 0.299837 0.293579 0.000229175 0.000932298 0.00148585
175.76 0.295742 0.299892 0.293616 -0.000537189 0.00136775 0.000923103
175.78 0.295712 0.299955 0.293638 -0.000764571 0.00157916 0.000542487
175.8 0.295696 0.300014 0.293658 -0.000379112 0.00147306 0.000491154
175.82 0.295709 0.300058 0.293687 0.000317276 0.00110247 0.000726092
175.84 0.295743 0.300082 0.293728 0.000850078 0.000603852 0.00103279
175.86 0.295779 0.300087 0.293774 0.000888966 0.000128645 0.00115134
175.88 0.295797 0.30008 0.293812 0.000449801 -0.000188269 0.000938301
175.9 0.295791 0.30007 0.29383 -0.000150647 -0.000248204 0.000455171
175.92 0.295769 0.300068 0.293826 -0.000539157 -2.79419e-05 -8.46225e-05
175.94 0.295747 0.300084 0.293808 -0.000546145 0.000381324 -0.000466918
175.96 0.295736 0.300115 0.293784 -0.000288152 0.000792701 -0.000600388
175.98 0.295735 0.300156 0.293762 -2.87851e-05 0.00101237 -0.000529618
176 0.295736 0.300194 0.293748 4.59743e-05 0.000951267 -0.000358663
176.02 0.295734 0.300221 0.293741 -5.25558e-05 0.000686802 -0.000170337
176.04 0.295727 0.300238 0.293741 -0.000172052 0.000419538 4.1729e-07
176.06 0.295721 0.300251 0.293747 -0.000164814 0.000321495 0.000133339
176.08 0.295721 0.300267 0.293754 5.39284e-06 0.000388621 0.00017912
176.1 0.295731 0.300284 0.293757 0.000253812 0.000439304 7.27542e-05
176.12 0.295749 0.300295 0.293749 0.000443027 0.000272825 -0.000191792
176.14 0.295769 0.30029 0.293729 0.000490659 -0.000133994 -0.000500104
176.16 0.295786 0.300267 0.293703 0.000436059 -0.00056459 -0.000652624
176.18 0.295802 0.30024 0.293683 0.000402149 -0.000684938 -0.000497472
176.2 0.295821 0.300229 0.293681 0.000485159 -0.000270018 -5.52321e-05
176.22 0.295849 0.300253 0.2937 0.000679716 0.000604775 0.000480769
176.24 0.295884 0.300315 0.293735 0.000890263 0.00154778 0.000872421
176.26 0.295924 0.300397 0.293775 0.000995328 0.00205822 0.000990681
176.28 0.295962 0.300471 0.29381 0.000935255 0.00184539 0.000889877
176.3 0.295993 0.300513 0.293841 0.000783856 0.00103765 0.000759423
176.32 0.296022 0.300517 0.293872 0.000730876 0.000118011 0.000791026
176.34 0.29606 0.300503 0.293914 0.000950341 -0.000372238 0.00105346
176.36 0.296118 0.300496 0.293972 0.00144182 -0.000167984 0.00145112
176.38 0.296197 0.300518 0.294044 0.00198448 0.000557908 0.00178699
176.4 0.296288 0.300571 0.294119 0.00226224 0.00132051 0.00189016
176.42 0.296371 0.300637 0.294188 0.00207368 0.00165273 0.00171818
176.44 0.29643 0.300693 0.294243 0.00147484 0.00140582 0.00136432
176.46 0.29646 0.300726 0.294282 0.000753629 0.000825025 0.000985351
176.48 0.29647 0.300741 0.294311 0.000264103 0.000360405 0.000715169
176.5 0.29648 0.300754 0.294336 0.00023251 0.000335296 0.000617865
176.52 0.296505 0.300782 0.294363 0.000635983 0.000705548 0.000687
176.54 0.296554 0.300827 0.294398 0.00122237 0.00111204 0.000871816
176.56 0.296621 0.300875 0.294442 0.00167112 0.00119574 0.00110314
176.58 0.296692 0.300911 0.294494 0.00178935 0.000898891 0.0013069
176.6 0.296757 0.300931 0.294551 0.00160589 0.00050382 0.00141325
176.62 0.296809 0.300947 0.294606 0.00131006 0.000395087 0.00136801
176.64 0.296853 0.300976 0.294652 0.00110276 0.000742417 0.00115101
176.66 0.296896 0.301031 0.294683 0.00107727 0.00135569 0.000794961
176.68 0.296944 0.301103 0.294699 0.00119662 0.00182127 0.000396736
176.7 0.296998 0.301176 0.294703 0.00135384 0.00180564 0.000106584
176.72 0.297056 0.301227 0.294706 0.00145059 0.00129147 6.61835e-05
176.74 0.297114 0.301251 0.294719 0.00143831 0.00058223 0.000314274
176.76 0.297167 0.301254 0.294748 0.00132422 9.10449e-05 0.000731807
176.78 0.297213 0.301257 0.294791 0.00115845 6.75934e-05 0.0010874
176.8 0.297253 0.301275 0.294838 0.0010064 0.00044698 0.00116651
176.82 0.29729 0.301312 0.294874 0.000921999 0.000926304 0.000895241
176.84 0.297327 0.30136 0.294889 0.000931948 0.00120177 0.000372996
176.86 0.297369 0.301407 0.294881 0.00102729 0.00117486 -0.000197694
176.88 0.297415 0.301446 0.294856 0.00116096 0.000979314 -0.000622578
176.9 0.297465 0.30148 0.294824 0.00125794 0.000839403 -0.000796964
176.92 0.297515 0.301515 0.294795 0.00124358 0.000895359 -0.000721219
176.94 0.297559 0.30156 0.294777 0.00108663 0.00110984 -0.000460282
176.96 0.297592 0.301612 0.294773 0.000829189 0.00130305 -9.69958e-05
176.98 0.297614 0.301664 0.294784 0.000563334 0.00130233 0.000286066
177 0.297628 0.301708 0.294809 0.000352979 0.00109367 0.000608794
177.02 0.297636 0.301741 0.294841 0.000184208 0.000831936 0.000803355
177.04 0.297636 0.301769 0.294874 1.83073e-05 0.000696038 0.000824131
177.06 0.297632 0.301798 0.2949 -0.00010658 0.000736899 0.000654513
177.08 0.29763 0.301833 0.294913 -6.14113e-05 0.000854948 0.000328794
177.1 0.29764 0.301868 0.294911 0.000267364 0.00089319 -5.06353e-05
177.12 0.297674 0.301899 0.294898 0.000848905 0.000754526 -0.000340437
177.14 0.297733 0.301918 0.294881 0.00145947 0.000475668 -0.000417196
177.16 0.297804 0.301926 0.294872 0.00177496 0.000218992 -0.000228048
177.18 0.297867 0.301933 0.294879 0.00157933 0.000165079 0.000185797
177.2 0.297905 0.301948 0.294907 0.000945574 0.000372518 0.000703476
177.22 0.297914 0.301977 0.294955 0.000231249 0.000719835 0.00118926
177.24 0.297908 0.302016 0.295018 -0.000141016 0.000980377 0.00156521
177.26 0.297909 0.302055 0.295091 2.43678e-05 0.000969822 0.00182438
177.28 0.297931 0.302081 0.29517 0.00054201 0.000655382 0.00197573
177.3 0.297969 0.302088 0.295249 0.000961204 0.000167214 0.0019916
177.32 0.298005 0.302076 0.295322 0.00089487 -0.000279206 0.00182126
177.34 0.298018 0.302056 0.295381 0.000320314 -0.000502377 0.00146101
177.36 0.298002 0.302038 0.295421 -0.000398761 -0.000445074 0.00101612
177.38 0.297971 0.302031 0.295448 -0.000788785 -0.000189497 0.000681279
177.4 0.297946 0.302035 0.295473 -0.000616167 0.000108871 0.000626385
177.42 0.297944 0.302048 0.295508 -5.01831e-05 0.000323568 0.00086853
177.44 0.297963 0.302065 0.295558 0.000467675 0.000422428 0.00124006
177.46 0.297984 0.302084 0.295618 0.000540677 0.000462274 0.00149275
177.48 0.297988 0.302104 0.295676 9.62975e-05 0.000518708 0.00145268
177.5 0.297965 0.302128 0.29572 -0.000572585 0.000590974 0.00110917
177.52 0.297924 0.302151 0.295744 -0.00104064 0.00057109 0.000603997
177.54 0.297881 0.302164 0.29575 -0.00106598 0.000328915 0.000150275
177.56 0.297851 0.302158 0.295747 -0.000741762 -0.000140251 -7.54364e-05
177.58 0.297836 0.302133 0.295746 -0.000385648 -0.000636816 -1.82789e-05
177.6 0.297825 0.302099 0.295756 -0.000275527 -0.000834404 0.000245574
177.62 0.297807 0.30208 0.295779 -0.000450174 -0.000495388 0.000568465
177.64 0.297778 0.302092 0.295811 -0.000718866 0.000319099 0.000797695
177.66 0.297744 0.302142 0.295843 -0.000847821 0.00122798 0.000812213
177.68 0.297714 0.302211 0.295866 -0.000745322 0.00174603 0.000553697
177.7 0.297695 0.302275 0.295868 -0.000494931 0.00159313 7.02546e-05
177.72 0.297685 0.30231 0.29585 -0.000244715 0.000872557 -0.000467693
177.74 0.297682 0.30231 0.295817 -6.50994e-05 2.50555e-06 -0.00082266
177.76 0.297687 0.302288 0.295784 0.000111779 -0.000546718 -0.000807902
177.78 0.297703 0.302267 0.295768 0.000414896 -0.000537886 -0.000401632
177.8 0.297739 0.302263 0.295777 0.000885443 -8.45245e-05 0.000218083
177.82 0.297795 0.302282 0.295807 0.00139666 0.000473257 0.000755401
177.84 0.297863 0.302315 0.295846 0.00171325 0.000813194 0.000962986
177.86 0.297929 0.302347 0.295877 0.00165599 0.000812815 0.000792636
177.88 0.297979 0.30237 0.295894 0.00125192 0.00057573 0.000417973
177.9 0.298009 0.302383 0.295899 0.000748857 0.000318392 0.000110229
177.92 0.298028 0.302391 0.295901 0.000463675 0.000204799 6.67107e-05
177.94 0.298051 0.302401 0.295914 0.000579644 0.000248722 0.000313904
177.96 0.298093 0.302415 0.295943 0.00105097 0.000350194 0.000722782
177.98 0.298159 0.302432 0.295987 0.00165779 0.000411957 0.00109351
178 0.298245 0.302448 0.296037 0.0021463 0.000412097 0.00125558
178.02 0.29834 0.302464 0.296083 0.00236234 0.000395993 0.0011461
178.04 0.298432 0.302481 0.296116 0.00230642 0.000427824 0.000830776
178.06 0.298516 0.302503 0.296134 0.00208758 0.000537315 0.000458457
178.08 0.298589 0.30253 0.296142 0.00183358 0.000690868 0.00018583
178.1 0.298654 0.302563 0.296146 0.00163187 0.000814811 0.00012037
178.12 0.298715 0.302597 0.296158 0.00151197 0.000863752 0.000294846
178.14 0.298773 0.302632 0.296185 0.00145472 0.000869609 0.000662007
178.16 0.29883 0.302668 0.296229 0.00143177 0.000907348 0.0011109
178.18 0.298888 0.302709 0.296289 0.0014497 0.00101131 0.00149627
178.2 0.29895 0.302755 0.296356 0.00154706 0.00114124 0.00168001
178.22 0.29902 0.302804 0.29642 0.0017404 0.00122297 0.00158929
178.24 0.299099 0.302852 0.296471 0.0019778 0.00121296 0.00127049
178.26 0.299184 0.302898 0.296506 0.00214109 0.00114252 0.000890246
178.28 0.299268 0.302942 0.296532 0.00208817 0.00111092 0.000653074
178.3 0.299337 0.30299 0.296559 0.00171723 0.00120702 0.000680595
178.32 0.299378 0.303047 0.296597 0.00104529 0.00141503 0.000947248
178.34 0.299389 0.303112 0.29665 0.000263423 0.00161358 0.00131016
178.36 0.299376 0.303179 0.296713 -0.000311567 0.00168045 0.00159012
178.38 0.29936 0.303243 0.296779 -0.00040122 0.00160043 0.00164457
178.4 0.299363 0.303301 0.296836 5.70441e-05 0.00146273 0.00141177
178.42 0.299397 0.303356 0.296873 0.000848462 0.0013681 0.00092992
178.44 0.29946 0.30341 0.296886 0.00158004 0.00135375 0.000325401
178.46 0.299535 0.303465 0.296877 0.00187581 0.00137656 -0.000227233
178.48 0.299597 0.303519 0.296855 0.00156543 0.00134881 -0.000550585
178.5 0.299628 0.303568 0.296834 0.000775748 0.00122074 -0.000520358
178.52 0.299623 0.30361 0.296828 -0.000125942 0.00104482 -0.00013954
178.54 0.299595 0.303648 0.296845 -0.000720845 0.000947589 0.000427013
178.56 0.299564 0.303689 0.296882 -0.000771139 0.00102365 0.000915827
178.58 0.29955 0.303739 0.296926 -0.000351682 0.0012587 0.00109194
178.6 0.299559 0.303801 0.29696 0.000221205 0.00154152 0.000861684
178.62 0.299583 0.30387 0.296973 0.000606766 0.00172903 0.000318629
178.64 0.299608 0.303939 0.296961 0.000642151 0.00172663 -0.000298597
178.66 0.299625 0.304001 0.296932 0.000405123 0.00154749 -0.000732223
178.68 0.29963 0.304053 0.296898 0.000123343 0.00130215 -0.000851663
178.7 0.29963 0.304098 0.296869 7.24516e-06 0.00112871 -0.000713094
178.72 0.299634 0.304143 0.29685 0.00011387 0.00111967 -0.000490227
178.74 0.299648 0.304194 0.296836 0.000326889 0.00129068 -0.000337182
178.76 0.299666 0.304257 0.296825 0.00046781 0.00157351 -0.000279523
178.78 0.299684 0.30433 0.296817 0.000455011 0.00181792 -0.000202321
178.8 0.299699 0.304404 0.296819 0.000368257 0.00184889 5.34123e-05
178.82 0.299714 0.304468 0.296841 0.000366567 0.00158664 0.000541602
178.84 0.299736 0.304513 0.296886 0.000545372 0.00112539 0.00113172
178.86 0.29977 0.30454 0.296949 0.000854424 0.000686192 0.00158392
178.88 0.299815 0.30456 0.297018 0.00112063 0.000488452 0.00171788
178.9 0.299861 0.304585 0.297079 0.00115175 0.000625811 0.00153251
178.92 0.299895 0.304624 0.297127 0.000867179 0.00099013 0.00119627
178.94 0.29991 0.304676 0.297164 0.00037383 0.001295 0.000936052
178.96 0.299907 0.304726 0.297201 -7.57887e-05 0.0012408 0.000904409
178.98 0.299898 0.304755 0.297245 -0.000233006 0.000730478 0.00109709
179 0.299898 0.304753 0.297299 -2.83692e-06 -3.76039e-05 0.00136574
179.02 0.299918 0.304726 0.29736 0.000510186 -0.000681977 0.00152617
179.04 0.299961 0.304691 0.29742 0.0010681 -0.000883868 0.00149165
179.06 0.300018 0.304667 0.297473 0.00142267 -0.00059879 0.00133173
179.08 0.300075 0.304664 0.297522 0.00142707 -7.69907e-05 0.00121244
179.1 0.300118 0.304676 0.297572 0.00108249 0.000318346 0.00126146
179.12 0.300139 0.30469 0.297631 0.000520174 0.000346493 0.00146007
179.14 0.300137 0.304691 0.297697 -4.74712e-05 2.20125e-05 0.00165031
179.16 0.300121 0.304674 0.297763 -0.000399023 -0.000418206 0.00164968
179.18 0.300105 0.304647 0.297818 -0.000398887 -0.000693852 0.00138073
179.2 0.300103 0.304619 0.297855 -6.42403e-05 -0.000682657 0.00092837
179.22 0.30012 0.3046 0.297875 0.000443684 -0.000473341 0.00049201
179.24 0.300156 0.30459 0.297885 0.000885098 -0.000252109 0.000259082
179.26 0.300197 0.304584 0.297896 0.00103348 -0.000152044 0.000283517
179.28 0.300229 0.304577 0.297915 0.000790064 -0.000180426 0.000459752
179.3 0.30024 0.304567 0.297939 0.000269558 -0.000254861 0.000599697
179.32 0.30023 0.304555 0.297961 -0.000236176 -0.000295988 0.000546608
179.34 0.300213 0.304543 0.297971 -0.000424396 -0.000305053 0.00026968
179.36 0.300206 0.304529 0.297967 -0.000170024 -0.000345991 -0.000103218
179.38 0.300222 0.304512 0.297953 0.000383421 -0.000436862 -0.000353066
179.4 0.300258 0.304492 0.29794 0.000898675 -0.000485222 -0.000317257
179.42 0.3003 0.304478 0.29794 0.00106388 -0.000355197 -1.29495e-05
179.44 0.300333 0.304478 0.297954 0.000811854 -2.06031e-06 0.000366343
179.46 0.300347 0.304496 0.297978 0.000368878 0.000456825 0.000582432
179.48 0.300351 0.304528 0.297998 9.78094e-05 0.000792472 0.000512321
179.5 0.300361 0.30456 0.298007 0.000251521 0.000805834 0.000221534
179.52 0.300393 0.304579 0.298004 0.000797306 0.000476699 -8.92211e-05
179.54 0.30045 0.304579 0.297995 0.00142649 7.42939e-07 -0.000217526
179.56 0.300521 0.304565 0.297991 0.00176502 -0.00034096 -9.13055e-05
179.58 0.300587 0.30455 0.297998 0.00164757 -0.000375245 0.00018118
179.6 0.300636 0.304545 0.298014 0.00123714 -0.000126074 0.000392065
179.62 0.300672 0.304556 0.29803 0.000900343 0.000252647 0.00039641
179.64 0.30071 0.30458 0.298039 0.000945462 0.000602596 0.000220378
179.66 0.300767 0.304613 0.29804 0.00141198 0.00084164 3.13354e-05
179.68 0.300849 0.304652 0.29804 0.00205181 0.00097099 5.31661e-06
179.7 0.300949 0.304693 0.298048 0.00249886 0.00102664 0.000201914
179.72 0.301049 0.304734 0.29807 0.00250254 0.00103133 0.000538994
179.74 0.301132 0.304774 0.298104 0.00207651 0.000990107 0.000861935
179.76 0.301191 0.304811 0.298146 0.00146716 0.000914978 0.00104261
179.78 0.301229 0.304844 0.298188 0.000972229 0.000838186 0.0010507
179.8 0.30126 0.304876 0.298226 0.000753808 0.000796179 0.000957772
179.82 0.301291 0.304908 0.298261 0.000779092 0.000791989 0.000869452
179.84 0.301327 0.304939 0.298295 0.000907071 0.00078212 0.000841324
179.86 0.301368 0.304968 0.298329 0.00103137 0.000726883 0.000850568
179.88 0.301414 0.304994 0.298363 0.0011532 0.000653875 0.000845002
179.9 0.301467 0.305021 0.298395 0.00132571 0.00065873 0.000811809
179.92 0.301529 0.305054 0.298427 0.00153973 0.000837684 0.000790702
179.94 0.301596 0.305102 0.29846 0.00167604 0.00119359 0.000829428
179.96 0.301659 0.305165 0.298498 0.00157642 0.00159097 0.000942861
179.98 0.301706 0.305239 0.298542 0.00117482 0.00182621 0.00111033
180 0.301729 0.305309 0.298594 0.000579554 0.00177186 0.00128612
180.02 0.30173 0.305368 0.29865 2.89655e-05 0.00147568 0.00141226
180.04 0.30172 0.305414 0.298708 -0.000250563 0.00113161 0.00143797
180.06 0.301713 0.305452 0.298761 -0.000183591 0.000950691 0.00133218
180.08 0.301717 0.305492 0.298804 0.000102674 0.00101716 0.00108298
180.1 0.301731 0.305542 0.298833 0.00035089 0.00123426 0.000711789
180.12 0.301745 0.305599 0.298845 0.000338676 0.00141915 0.000303266
180.14 0.301746 0.305657 0.298845 2.31737e-05 0.0014631 -5.5207e-06
180.16 0.301728 0.305713 0.29884 -0.000443768 0.00140972 -0.000101739
180.18 0.301695 0.305769 0.298841 -0.000816142 0.00138488 1.86214e-05
180.2 0.30166 0.305827 0.29885 -0.000891825 0.00144609 0.000229612
180.22 0.301635 0.305887 0.298864 -0.000625526 0.00150058 0.000349223
180.24 0.301628 0.305942 0.298875 -0.00016323 0.00137414 0.000269593
180.26 0.301638 0.305981 0.298877 0.000244023 0.000982706 4.56394e-05
180.28 0.301654 0.305999 0.298872 0.000415057 0.000453878 -0.0001314
180.3 0.301669 0.306002 0.298869 0.000361195 7.09829e-05 -6.5275e-05
180.32 0.301679 0.306005 0.298881 0.000249321 7.54059e-05 0.000297946
180.34 0.301689 0.306024 0.298913 0.00025282 0.000479674 0.000810588
180.36 0.301706 0.306066 0.298962 0.000421804 0.0010414 0.00120303
180.38 0.301733 0.306123 0.299012 0.000666994 0.00142456 0.00125444
180.4 0.301767 0.30618 0.299049 0.000851461 0.00142619 0.000938769
180.42 0.301802 0.306224 0.299067 0.000893759 0.00109989 0.000444906
180.44 0.301835 0.306251 0.299069 0.00080471 0.000690681 5.57275e-05
180.46 0.301861 0.306269 0.299068 0.000665495 0.00044344 -3.23643e-05
180.48 0.301884 0.306287 0.299076 0.000580602 0.000450484 0.000186805
180.5 0.301909 0.306313 0.299099 0.000612419 0.000640711 0.000578291
180.52 0.301938 0.306348 0.299138 0.000735516 0.000868311 0.000991904
180.54 0.301973 0.306388 0.299192 0.000866808 0.00101169 0.00133213
180.56 0.302011 0.306429 0.299253 0.000938356 0.00102994 0.00154384
180.58 0.302048 0.306467 0.299317 0.000933751 0.000952047 0.00158993
180.6 0.302083 0.3065 0.299375 0.000873557 0.000814408 0.00146161
180.62 0.302114 0.306525 0.299423 0.000791091 0.000616301 0.00119964
180.64 0.302143 0.306539 0.29946 0.000725785 0.000349648 0.000906442
180.66 0.302172 0.306541 0.299488 0.000716852 6.93354e-05 0.00071397
180.68 0.302203 0.306537 0.299516 0.000780215 -9.90571e-05 0.000699406
180.7 0.302239 0.306535 0.299548 0.000891986 -4.81501e-05 0.000807113
180.72 0.302278 0.306544 0.299583 0.00098583 0.000213058 0.00086021
180.74 0.302317 0.306566 0.29961 0.000972888 0.000551799 0.000685352
180.76 0.302349 0.306598 0.299621 0.000799103 0.000790203 0.000258224
180.78 0.302369 0.30663 0.29961 0.000501027 0.000813002 -0.000255136
180.8 0.302377 0.306656 0.299587 0.000200451 0.000638513 -0.000591706
180.82 0.302379 0.306671 0.299565 3.43786e-05 0.000394611 -0.000550828
180.84 0.302382 0.30668 0.29956 8.06303e-05 0.000222348 -0.000121714
180.86 0.302395 0.306688 0.29958 0.00031268 0.000180987 0.000496954
180.88 0.302418 0.306696 0.29962 0.000596132 0.00022112 0.00100242
180.9 0.302449 0.306707 0.299666 0.000754614 0.000254812 0.00115878
180.92 0.302476 0.306717 0.299703 0.000679798 0.000253141 0.000917003
180.94 0.302492 0.306727 0.299719 0.000396163 0.000260222 0.000408106
180.96 0.302493 0.30674 0.299713 3.70913e-05 0.000328173 -0.000153068
180.98 0.302484 0.306759 0.299691 -0.000216935 0.000466885 -0.000563523
181 0.302476 0.306785 0.299663 -0.000208326 0.00064389 -0.000692325
181.02 0.302481 0.306817 0.299643 0.00011363 0.000816622 -0.000505948
181.04 0.302506 0.306856 0.29964 0.000642475 0.000973419 -5.63566e-05
181.06 0.302552 0.306902 0.299662 0.00115205 0.0011419 0.000544064
181.08 0.302609 0.306956 0.299708 0.00141973 0.0013395 0.00114762
181.1 0.302664 0.307016 0.299772 0.00136351 0.00151525 0.00160309
181.12 0.302708 0.307079 0.299844 0.00109413 0.00155847 0.00179961
181.14 0.302741 0.307134 0.299912 0.000841853 0.00138301 0.00170608
181.16 0.302773 0.307175 0.299968 0.000802998 0.00102306 0.00138382
181.18 0.302814 0.307201 0.300006 0.00101272 0.000651168 0.00095563
181.2 0.302867 0.30722 0.300028 0.00133509 0.000490959 0.000549976
181.22 0.30293 0.307248 0.300038 0.00157033 0.000683337 0.000263777
181.24 0.302994 0.307295 0.300045 0.00159758 0.00118031 0.00015331
181.26 0.303052 0.307364 0.300054 0.00145286 0.00173175 0.000228806
181.28 0.303104 0.307445 0.300072 0.00128882 0.00201092 0.000448977
181.3 0.303154 0.307518 0.300101 0.00124852 0.00182396 0.000723801
181.32 0.303208 0.307567 0.300138 0.00135096 0.00124347 0.000930048
181.34 0.303267 0.30759 0.300176 0.00148769 0.000562745 0.000959086
181.36 0.303329 0.307594 0.300208 0.00153984 0.00011234 0.000791811
181.38 0.303388 0.307597 0.300229 0.00149349 6.25086e-05 0.000532436
181.4 0.303446 0.30761 0.300243 0.00142928 0.000333147 0.000343902
181.42 0.303502 0.307637 0.300256 0.00142088 0.000667168 0.000331544
181.44 0.30356 0.30767 0.300275 0.00145185 0.000814209 0.000471834
181.46 0.303617 0.307697 0.300301 0.00141363 0.000694509 0.000637423
181.48 0.303665 0.307714 0.300328 0.00118917 0.000421424 0.000678863
181.5 0.303695 0.307721 0.300348 0.00076957 0.000175219 0.000507211
181.52 0.303708 0.307723 0.300354 0.000309277 5.36455e-05 0.000159298
181.54 0.30371 0.307724 0.300346 4.35612e-05 2.74725e-05 -0.000200895
181.56 0.303714 0.307725 0.300332 0.000107143 1.36325e-05 -0.000367191
181.58 0.30373 0.307724 0.300323 0.0004065 -2.40706e-05 -0.000214599
181.6 0.303757 0.307722 0.300332 0.000667566 -5.04037e-05 0.000226205
181.62 0.303782 0.307721 0.300364 0.000633072 -3.58633e-05 0.00078386
181.64 0.303792 0.307719 0.300412 0.000257763 -4.07429e-05 0.00122204
181.66 0.303783 0.307711 0.300466 -0.000247021 -0.000198143 0.00135126
181.68 0.30376 0.307688 0.300512 -0.00055929 -0.000582129 0.00113804
181.7 0.303741 0.307645 0.300541 -0.000487203 -0.00107282 0.000732084
181.72 0.303736 0.30759 0.300556 -0.000124157 -0.00137253 0.000374307
181.74 0.303744 0.307542 0.300566 0.000220502 -0.00120067 0.000254246
181.76 0.303755 0.307521 0.300583 0.000265124 -0.000532695 0.000414084
181.78 0.303754 0.307533 0.300612 -2.52953e-05 0.0003223 0.000735772
181.8 0.303738 0.30757 0.300653 -0.000408766 0.000901428 0.00101534
181.82 0.303716 0.307606 0.300697 -0.000546206 0.000904243 0.00109222
181.84 0.303705 0.307622 0.300734 -0.000262525 0.00040991 0.000941865
181.86 0.303718 0.307615 0.300761 0.000316636 -0.000174002 0.00067331
181.88 0.303752 0.307599 0.30078 0.00086077 -0.000401513 0.000457563
181.9 0.303796 0.307595 0.300797 0.00108601 -9.9625e-05 0.000438999
181.92 0.303834 0.307617 0.300824 0.000961749 0.000536626 0.000667824
181.94 0.303863 0.307661 0.300867 0.000709221 0.00111981 0.00107139
181.96 0.303887 0.307716 0.300926 0.000610013 0.00135879 0.00147478
181.98 0.303919 0.307766 0.300993 0.000791433 0.00124907 0.00167803
182 0.303965 0.307807 0.301056 0.00115487 0.00104377 0.00157197
182.02 0.304024 0.307849 0.301104 0.00147678 0.00103149 0.00121222
182.04 0.304087 0.307901 0.301136 0.00158088 0.00129909 0.000786128
182.06 0.304145 0.307968 0.301155 0.00145202 0.00167706 0.000491631
182.08 0.304194 0.308043 0.301172 0.001226 0.00189501 0.00041226
182.1 0.304237 0.308116 0.301191 0.00107633 0.00180732 0.000474259
182.12 0.304281 0.308176 0.301211 0.00108717 0.00151267 0.000511101
182.14 0.304329 0.308227 0.301227 0.00120991 0.00127139 0.000400336
182.16 0.304382 0.308279 0.301234 0.00131319 0.00128397 0.000170744
182.18 0.304433 0.308339 0.301233 0.00127317 0.00151208 -1.83195e-05
182.2 0.304475 0.308407 0.301233 0.00105173 0.00170305 -1.42174e-05
182.22 0.304504 0.308471 0.301241 0.000723377 0.00158983 0.000193914
182.24 0.304521 0.308515 0.301259 0.000430002 0.0010955 0.000456725
182.26 0.304533 0.308531 0.301282 0.000297447 0.000407434 0.000572493
182.28 0.304548 0.308526 0.301299 0.000374314 -0.000115824 0.000433474
182.3 0.304573 0.30852 0.301303 0.00061548 -0.000154818 0.000109584
182.32 0.304608 0.308534 0.301295 0.000895232 0.000353587 -0.000198593
182.34 0.30465 0.30858 0.301283 0.00104578 0.00114639 -0.00030577
182.36 0.304688 0.308652 0.301277 0.000936144 0.00178979 -0.000166907
182.38 0.30471 0.30873 0.301281 0.000559128 0.00194901 0.000117386
182.4 0.304712 0.308793 0.301297 5.81989e-05 0.00158186 0.000395677
182.42 0.304699 0.30883 0.30132 -0.000342045 0.000939895 0.000569598
182.44 0.30468 0.308846 0.301345 -0.000467964 0.000390999 0.000638166
182.46 0.304668 0.308853 0.301372 -0.000301051 0.000181696 0.000671969
182.48 0.304669 0.308866 0.301403 1.69534e-05 0.000312467 0.000756536
182.5 0.30468 0.30889 0.30144 0.000284142 0.000608583 0.000935691
182.52 0.304695 0.308925 0.301487 0.00037316 0.000880215 0.00117334
182.54 0.304707 0.308966 0.301541 0.000310206 0.00102744 0.00136179
182.56 0.304717 0.309009 0.301596 0.000251676 0.00105209 0.00137315
182.58 0.304732 0.309049 0.301641 0.00035994 0.00101215 0.00112345
182.6 0.304758 0.309088 0.301667 0.00066268 0.000968726 0.000632686
182.62 0.304799 0.309126 0.301669 0.00100943 0.00095501 6.11116e-05
182.64 0.304845 0.309164 0.301656 0.00115806 0.000958905 -0.000331652
182.66 0.304883 0.309201 0.301643 0.000941428 0.000927431 -0.000322206
182.68 0.304899 0.309234 0.301648 0.000403609 0.000805743 0.000133133
182.7 0.304891 0.309258 0.301682 -0.000197916 0.000597488 0.00085374
182.72 0.304869 0.309273 0.301743 -0.000545424 0.000384528 0.00151438
182.74 0.30485 0.309284 0.301815 -0.000465375 0.000280016 0.00180658
182.76 0.304849 0.309299 0.301879 -3.22826e-05 0.000362086 0.0016022
182.78 0.304869 0.309324 0.30192 0.000496762 0.000630728 0.00101988
182.8 0.304903 0.309364 0.301934 0.000854776 0.000992233 0.000342138
182.82 0.30494 0.309415 0.301928 0.000914772 0.00129027 -0.000148117
182.84 0.304969 0.309471 0.301916 0.00073442 0.0013889 -0.000299172
182.86 0.304989 0.309521 0.301911 0.000498019 0.00125793 -0.000129486
182.88 0.305005 0.309561 0.301919 0.000392367 0.000986363 0.000209552
182.9 0.305024 0.309589 0.301939 0.00048007 0.00070844 0.00050938
182.92 0.30505 0.309609 0.301964 0.000662638 0.000508412 0.000604957
182.94 0.305081 0.309625 0.301982 0.000770472 0.000387623 0.000464553
182.96 0.305109 0.309637 0.301991 0.00070545 0.000315823 0.000210342
182.98 0.30513 0.309649 0.301993 0.000515588 0.000301356 5.32618e-05
183 0.305144 0.309665 0.301999 0.000357032 0.000397114 0.000168352
183.02 0.30516 0.309691 0.302023 0.000393718 0.000639111 0.000580864
183.04 0.305188 0.30973 0.302068 0.000702688 0.000976806 0.00113165
183.06 0.305237 0.30978 0.30213 0.00122812 0.00125803 0.00155025
183.08 0.305309 0.309832 0.302194 0.00179791 0.00128823 0.00160011
183.1 0.305397 0.30987 0.302242 0.00220031 0.000944484 0.00120922
183.12 0.305489 0.309881 0.302263 0.00228267 0.000290272 0.000511137
183.14 0.305569 0.309865 0.302254 0.00201947 -0.000404527 -0.000224611
183.16 0.30563 0.309833 0.302225 0.00152589 -0.000798915 -0.00071989
183.18 0.305671 0.309805 0.302193 0.00101573 -0.000700377 -0.000794165
183.2 0.3057 0.309797 0.302177 0.000711844 -0.000202697 -0.000416728
183.22 0.305729 0.309812 0.302188 0.000742591 0.000375482 0.000287019
183.24 0.305772 0.30984 0.302231 0.00106323 0.000706155 0.0010768
183.26 0.30583 0.309866 0.302299 0.00145758 0.000658451 0.00168897
183.28 0.305897 0.309881 0.302377 0.00166339 0.000355606 0.00194657
183.3 0.305959 0.309883 0.30245 0.00155817 6.38777e-05 0.00182373
183.32 0.306009 0.309884 0.302506 0.0012513 6.41791e-06 0.00142224
183.34 0.306049 0.309892 0.302543 0.000998053 0.000220624 0.000907906
183.36 0.306089 0.309914 0.302561 0.00100221 0.000538477 0.000456476
183.38 0.306139 0.309942 0.302569 0.00125873 0.000710656 0.000204838
183.4 0.306201 0.309967 0.302577 0.00155376 0.000608404 0.000204237
183.42 0.306266 0.30998 0.302593 0.00161767 0.000343575 0.000404172
183.44 0.306319 0.309988 0.302621 0.00132172 0.000187551 0.000683227
183.46 0.30635 0.310002 0.302657 0.000779899 0.000347409 0.000901216
183.48 0.306362 0.310034 0.302695 0.000289739 0.000795597 0.000945192
183.5 0.306368 0.310085 0.302725 0.000143914 0.0012921 0.000764234
183.52 0.306384 0.310147 0.302741 0.000420242 0.00155014 0.000397025
183.54 0.30642 0.310204 0.30274 0.000900625 0.00140663 -2.82567e-05
183.56 0.306469 0.31024 0.302726 0.00120706 0.000901753 -0.000340767
183.58 0.306512 0.31025 0.30271 0.00107765 0.000255378 -0.000398671
183.6 0.306534 0.31024 0.302704 0.000560311 -0.000238434 -0.000152903
183.62 0.306533 0.310226 0.302717 -2.19576e-05 -0.000359779 0.000317812
183.64 0.306522 0.310223 0.30275 -0.000280231 -7.37354e-05 0.000825808
183.66 0.306521 0.310241 0.302797 -2.25093e-05 0.000462117 0.00116598
183.68 0.306545 0.310281 0.302846 0.000583141 0.0009854 0.00122127
183.7 0.306588 0.310331 0.302886 0.00109146 0.00125746 0.00100078
183.72 0.306632 0.310378 0.30291 0.00108703 0.00116975 0.000606092
183.74 0.306652 0.310409 0.302917 0.000501473 0.000786454 0.000183128
183.76 0.306639 0.310422 0.302913 -0.000306906 0.000315489 -0.000111612
183.78 0.306608 0.310422 0.302906 -0.000780803 1.03617e-05 -0.000156408
183.8 0.306587 0.310424 0.302909 -0.000539368 3.17354e-05 7.24523e-05
183.82 0.306601 0.310438 0.302928 0.000352801 0.000350137 0.000473954
183.84 0.306657 0.310468 0.302964 0.00140238 0.000759074 0.000880617
183.86 0.306737 0.310508 0.30301 0.00199456 0.000999829 0.0011573
183.88 0.306808 0.310545 0.30306 0.00179527 0.000919235 0.00125444
183.9 0.306847 0.310567 0.303108 0.000971937 0.000556937 0.00119919
183.92 0.30685 0.310572 0.30315 7.56421e-05 0.00011013 0.00106074
183.94 0.306837 0.310564 0.303187 -0.000333212 -0.000189725 0.000911367
183.96 0.306836 0.310556 0.303219 -3.46539e-05 -0.000203271 0.000798353
183.98 0.306866 0.310558 0.303248 0.000763359 5.02814e-05 0.000740701
184 0.306931 0.310575 0.303278 0.00160844 0.000419115 0.000742991
184.02 0.307014 0.310603 0.30331 0.00208001 0.00071288 0.000800615
184.04 0.307093 0.310635 0.303346 0.0019804 0.000805545 0.000884672
184.06 0.307148 0.310663 0.303383 0.00138411 0.000690691 0.000933009
184.08 0.307171 0.310681 0.303418 0.000565642 0.000452526 0.000868389
184.1 0.307165 0.310689 0.303444 -0.000141521 0.000191091 0.000651381
184.12 0.307145 0.310688 0.303457 -0.000496004 -2.15078e-05 0.000333822
184.14 0.307127 0.310682 0.303459 -0.000454958 -0.000135041 4.48878e-05
184.16 0.30712 0.310678 0.303455 -0.000185059 -0.000110032 -9.03836e-05
184.18 0.307121 0.310681 0.303454 4.09059e-05 7.54653e-05 -3.08255e-05
184.2 0.307122 0.310698 0.30346 1.51344e-05 0.000411491 0.000157514
184.22 0.307111 0.31073 0.303474 -0.000271907 0.000824177 0.000347532
184.24 0.307086 0.310777 0.303492 -0.00062365 0.00116545 0.000437606
184.26 0.307056 0.310829 0.303508 -0.000768916 0.00129309 0.000416859
184.28 0.307033 0.310876 0.303522 -0.000561864 0.00119173 0.000354076
184.3 0.307028 0.310917 0.303535 -0.000118754 0.00100255 0.00032225
184.32 0.307038 0.310953 0.303549 0.000239358 0.000921446 0.00033348
184.34 0.307047 0.310996 0.303563 0.000237764 0.00107298 0.000347134
184.36 0.307043 0.311054 0.303576 -0.000115775 0.00144561 0.000330451
184.38 0.307021 0.31113 0.303588 -0.000533526 0.00188889 0.000307204
184.4 0.306994 0.311217 0.303603 -0.000684384 0.00219085 0.000361026
184.42 0.306976 0.311306 0.303626 -0.000447636 0.00221237 0.000578613
184.44 0.306977 0.311385 0.303664 1.50698e-05 0.00197701 0.00096009
184.46 0.306992 0.311451 0.303719 0.000389213 0.00164308 0.001378
184.48 0.30701 0.311506 0.303785 0.00044338 0.00139471 0.00163656
184.5 0.307019 0.31156 0.303849 0.000214539 0.00134238 0.0015981
184.52 0.307018 0.31162 0.303899 -1.61383e-05 0.00148758 0.00127066
184.54 0.30702 0.31169 0.303931 4.30945e-05 0.00175502 0.00079467
184.56 0.307038 0.311772 0.303946 0.00044846 0.00205361 0.000359704
184.58 0.307076 0.311864 0.30395 0.000969593 0.0023012 0.000113255
184.6 0.307127 0.31196 0.303955 0.00126602 0.00240394 0.000114331
184.62 0.307173 0.312051 0.303968 0.00115089 0.00226565 0.000343674
184.64 0.307203 0.312125 0.303998 0.00074743 0.00186155 0.000733821
184.66 0.307219 0.312178 0.304045 0.000407788 0.0013156 0.00118143
184.68 0.307237 0.312213 0.304107 0.00043752 0.000881187 0.001542
184.7 0.307271 0.312245 0.304173 0.000850118 0.000801763 0.00165517
184.72 0.307325 0.312291 0.30423 0.00136456 0.00114732 0.00142397
184.74 0.307391 0.312361 0.304266 0.00164533 0.00174631 0.000894789
184.76 0.307454 0.312452 0.304277 0.00158027 0.00226572 0.000275315
184.78 0.307509 0.312547 0.304271 0.00136825 0.00239103 -0.00014767
184.8 0.307563 0.312628 0.304264 0.00134529 0.00200712 -0.000179093
184.82 0.30763 0.312679 0.304269 0.0016836 0.00127787 0.000128809
184.84 0.307719 0.312701 0.304288 0.00220861 0.00055662 0.000474249
184.86 0.307819 0.312708 0.304308 0.00250303 0.00016997 0.000503899
184.88 0.307908 0.312717 0.304312 0.00223287 0.000222137 9.61348e-05
184.9 0.307966 0.312739 0.304292 0.0014401 0.000548218 -0.000488278
184.92 0.307988 0.312772 0.304263 0.000565779 0.000835111 -0.000742117
184.94 0.307995 0.312805 0.304251 0.000165248 0.000815427 -0.000277403
184.96 0.308016 0.312821 0.304285 0.00051687 0.000420351 0.000847148
184.98 0.308072 0.312814 0.304369 0.00141188 -0.000193341 0.00209394
185 0.308163 0.312783 0.304479 0.00227553 -0.000759073 0.00274979
185.02 0.308264 0.31274 0.304574 0.00252797 -0.0010731 0.00236879
185.04 0.308342 0.312696 0.304616 0.00193997 -0.00110229 0.00106321
185.06 0.308373 0.312658 0.304595 0.000769862 -0.000956878 -0.000537713
185.08 0.308357 0.312627 0.30453 -0.000394927 -0.00077665 -0.00163301
185.1 0.308317 0.312601 0.304462 -0.000992366 -0.000635918 -0.00169333
185.12 0.308285 0.31258 0.304432 -0.000813733 -0.000529851 -0.00074199
185.14 0.308281 0.312563 0.30446 -9.22983e-05 -0.00043606 0.000685917
185.16 0.308308 0.312547 0.304534 0.000682304 -0.000387703 0.00187216
185.18 0.308351 0.312529 0.304627 0.00107352 -0.000466919 0.00231888
185.2 0.308388 0.312501 0.304706 0.000933004 -0.000703767 0.00198225
185.22 0.308406 0.312461 0.304755 0.000443344 -0.000994498 0.00122086
185.24 0.308405 0.312415 0.304776 -2.99855e-05 -0.00114345 0.000520267
185.26 0.308398 0.312375 0.304784 -0.000173252 -0.000997608 0.00019436
185.28 0.308402 0.312353 0.304794 9.90412e-05 -0.000548636 0.000252463
185.3 0.308427 0.312356 0.304813 0.000615025 6.69829e-05 0.000481756
185.32 0.308469 0.312381 0.304839 0.00106905 0.00062898 0.000642528
185.34 0.308518 0.312418 0.304864 0.0012256 0.000914632 0.000627528
185.36 0.308561 0.312449 0.304884 0.00106899 0.00079751 0.00049617
185.38 0.308593 0.312462 0.304899 0.000785394 0.000325428 0.000386661
185.4 0.308617 0.312451 0.304915 0.000599932 -0.000282343 0.000387318
185.42 0.308642 0.312422 0.304934 0.000629419 -0.000734023 0.000471513
185.44 0.308676 0.31239 0.304955 0.000863326 -0.000798851 0.000543027
185.46 0.308725 0.312373 0.304977 0.00122007 -0.000410814 0.000539903
185.48 0.308789 0.312384 0.304997 0.00161001 0.000274522 0.000492203
185.5 0.308869 0.312421 0.305016 0.00198085 0.000926675 0.00048344
185.52 0.308961 0.31247 0.305038 0.00230484 0.00121671 0.000558405
185.54 0.309061 0.312511 0.305065 0.00251435 0.00101698 0.000660809
185.56 0.309161 0.31253 0.305092 0.00248317 0.000482853 0.000671074
185.58 0.309246 0.312529 0.305113 0.00211902 -3.44959e-05 0.000522038
185.6 0.309305 0.312521 0.305124 0.0014859 -0.000187098 0.000284927
185.62 0.309338 0.312528 0.305129 0.000818206 0.000162999 0.0001322
185.64 0.309354 0.312561 0.305137 0.000411393 0.000838704 0.000203569
185.66 0.309373 0.312618 0.305157 0.000461672 0.00142583 0.000485533
185.68 0.30941 0.31268 0.305189 0.000940232 0.00153748 0.000803692
185.7 0.309474 0.312724 0.305227 0.00158655 0.0011051 0.000945124
185.72 0.309555 0.312742 0.30526 0.00204122 0.000456051 0.000821003
185.74 0.309637 0.312746 0.305281 0.00204551 9.70769e-05 0.000538602
185.76 0.3097 0.312761 0.305294 0.00157709 0.000370348 0.000317868
185.78 0.309734 0.31281 0.305307 0.000833589 0.00122169 0.000320647
185.8 0.309737 0.312899 0.305328 9.33516e-05 0.00221615 0.000529245
185.82 0.30972 0.31301 0.305359 -0.000432231 0.00279495 0.000768132
185.84 0.309693 0.313116 0.305393 -0.000665176 0.00263175 0.000849746
185.86 0.309667 0.31319 0.305422 -0.000651792 0.00184849 0.000723004
185.88 0.309647 0.313226 0.305442 -0.000508858 0.000921553 0.000507118
185.9 0.309633 0.31324 0.305458 -0.000344065 0.000348483 0.000393249
185.92 0.309625 0.313254 0.305478 -0.000206132 0.000332551 0.000502021
185.94 0.30962 0.313282 0.30551 -0.000113044 0.000716589 0.000801419
185.96 0.309616 0.313329 0.305555 -0.000113046 0.00117337 0.00113386
185.98 0.309605 0.313388 0.305608 -0.000270262 0.00147347 0.00133224
186 0.309582 0.313453 0.305662 -0.000577726 0.0016257 0.00133882
186.02 0.309545 0.313525 0.305711 -0.000922848 0.00179537 0.00122777
186.04 0.309499 0.313608 0.305756 -0.0011609 0.00208478 0.00111626
186.06 0.30945 0.313703 0.305798 -0.00122472 0.00237276 0.00106571
186.08 0.309403 0.313798 0.305841 -0.00117067 0.00237134 0.00106604
186.1 0.309358 0.313873 0.305884 -0.00112144 0.00187332 0.0010808
186.12 0.309312 0.313913 0.305928 -0.00114625 0.000987452 0.00109539
186.14 0.309265 0.313918 0.305973 -0.00117847 0.000146894 0.00113405
186.16 0.309223 0.313913 0.306022 -0.00105923 -0.000148301 0.00122635
186.18 0.309196 0.313925 0.306076 -0.000675419 0.000321622 0.00134357
186.2 0.309192 0.313978 0.306131 -8.57584e-05 0.00131155 0.0013654
186.22 0.309211 0.314067 0.306176 0.000460999 0.00223541 0.00112847
186.24 0.309237 0.314168 0.306198 0.000665039 0.00252949 0.000551099
186.26 0.309253 0.314249 0.306188 0.000402996 0.00201499 -0.000256423
186.28 0.309248 0.31429 0.306148 -0.000139622 0.00101689 -0.00100056
186.3 0.309225 0.314296 0.306094 -0.000571361 0.000158402 -0.00134574
186.32 0.309202 0.314294 0.30605 -0.000571181 -4.41854e-05 -0.00110668
186.34 0.309197 0.314314 0.306034 -0.00011727 0.000485974 -0.000376059
186.36 0.309218 0.314368 0.306055 0.000509619 0.00135183 0.000500945
186.38 0.309255 0.314447 0.306099 0.00093781 0.00196661 0.00111158
186.4 0.309294 0.314525 0.306147 0.000968811 0.00195431 0.00120662
186.42 0.309322 0.31458 0.30618 0.000704736 0.00137666 0.000812821
186.44 0.30934 0.314605 0.306187 0.000454724 0.000643762 0.000169147
186.46 0.30936 0.314614 0.306169 0.000494475 0.000211862 -0.000434648
186.48 0.309394 0.314626 0.306137 0.000857548 0.000300477 -0.000792876
186.5 0.309447 0.314658 0.306104 0.00132352 0.000791937 -0.000826734
186.52 0.309512 0.314711 0.306082 0.00160416 0.00134449 -0.000562434
186.54 0.309574 0.314777 0.306078 0.00156185 0.0016314 -9.58569e-05
186.56 0.309626 0.314838 0.306095 0.00129484 0.00153347 0.00043077
186.58 0.309668 0.314885 0.30613 0.00105075 0.00116742 0.000860795
186.6 0.30971 0.314915 0.306173 0.00105454 0.000766828 0.00108341
186.62 0.309765 0.314937 0.306217 0.00136728 0.000530295 0.00109666
186.64 0.309839 0.314958 0.306257 0.00185015 0.00052391 0.0010146
186.66 0.309929 0.314984 0.306297 0.00225763 0.00067019 0.000994662
186.68 0.310025 0.315017 0.306343 0.00239782 0.000825071 0.00113155
186.7 0.310115 0.315053 0.306398 0.00224053 0.000880396 0.0013949
186.72 0.310191 0.315085 0.306464 0.00191087 0.000810762 0.00165393
186.74 0.310255 0.315111 0.306535 0.00160604 0.000648731 0.0017621
186.76 0.310315 0.315128 0.306601 0.00149771 0.000435807 0.00164238
186.78 0.310381 0.315136 0.306654 0.00165088 0.000197033 0.00133079
186.8 0.310461 0.315134 0.306692 0.0019929 -4.86874e-05 0.000953914
186.82 0.310555 0.315124 0.306718 0.00235333 -0.000270253 0.000646954
186.84 0.310657 0.315106 0.306737 0.00254202 -0.000428269 0.000471036
186.86 0.310754 0.315087 0.306753 0.00243175 -0.000492073 0.000394588
186.88 0.310835 0.315069 0.306767 0.00203072 -0.000445489 0.000354605
186.9 0.310896 0.315057 0.30678 0.00150808 -0.000291242 0.000335796
186.92 0.310941 0.315054 0.306795 0.00112684 -7.38124e-05 0.000383389
186.94 0.310984 0.315058 0.306817 0.00108833 0.000103552 0.000539095
186.96 0.31104 0.315063 0.306848 0.00139085 0.000117918 0.000774422
186.98 0.311112 0.315059 0.306887 0.00181135 -9.17585e-05 0.000985892
187 0.311194 0.315041 0.30693 0.00203244 -0.000466132 0.00106086
187.02 0.311267 0.315007 0.306968 0.00183672 -0.000840424 0.000959771
187.04 0.311317 0.314966 0.306998 0.00125193 -0.00102823 0.000743977
187.06 0.311339 0.314929 0.307019 0.000539631 -0.000930456 0.000525866
187.08 0.31134 0.314905 0.307034 2.45828e-05 -0.000604947 0.000384234
187.1 0.311335 0.314895 0.307047 -0.000107393 -0.000239116 0.0003249
187.12 0.31134 0.314894 0.30706 0.000104655 -3.27668e-05 0.000313082
187.14 0.311358 0.314892 0.307073 0.000462896 -5.64881e-05 0.000323466
187.16 0.311388 0.314884 0.307087 0.000746984 -0.000195021 0.000363533
187.18 0.311421 0.314874 0.307106 0.000822511 -0.000234262 0.000460937
187.2 0.311448 0.314873 0.307131 0.000676865 -3.26071e-05 0.000617012
187.22 0.311463 0.314887 0.307161 0.000384648 0.000355527 0.000759135
187.24 0.311465 0.314916 0.307191 3.953e-05 0.000715333 0.000756043
187.26 0.311453 0.314949 0.307212 -0.000292252 0.000835409 0.000518463
187.28 0.311431 0.314976 0.307216 -0.000561491 0.000656765 0.000100698
187.3 0.311403 0.314988 0.307204 -0.000698358 0.000315613 -0.000291091
187.32 0.311378 0.314991 0.307188 -0.000621348 6.60863e-05 -0.000404671
187.34 0.311365 0.314996 0.307184 -0.000314744 0.000116654 -0.000106693
187.36 0.31137 0.315015 0.307204 0.000106705 0.000478422 0.000500171
187.38 0.311387 0.315053 0.307248 0.000439265 0.000953221 0.00109893
187.4 0.311408 0.315104 0.307301 0.000513706 0.00128386 0.00133396
187.42 0.31142 0.315158 0.307343 0.000295245 0.00133484 0.00104639
187.44 0.311416 0.315204 0.307359 -9.77389e-05 0.00116378 0.000399504
187.46 0.311398 0.315242 0.30735 -0.00045089 0.000948395 -0.000214361
187.48 0.311375 0.315275 0.307333 -0.000569864 0.000835227 -0.000425045
187.5 0.311359 0.315309 0.307329 -0.000405653 0.000831059 -0.000118695
187.52 0.311355 0.315342 0.307349 -9.60698e-05 0.000828557 0.000498293
187.54 0.31136 0.315371 0.30739 0.000138264 0.000730446 0.00104167
187.56 0.311367 0.315393 0.307438 0.000165023 0.000552369 0.00119931
187.58 0.311368 0.31541 0.307475 1.95311e-05 0.000429733 0.000926807
187.6 0.311361 0.315431 0.307494 -0.000164494 0.00051308 0.000455846
187.62 0.31135 0.315464 0.307498 -0.000274268 0.000821401 0.000112326
187.64 0.311339 0.315511 0.307502 -0.000270642 0.00118839 9.63947e-05
187.66 0.311332 0.315566 0.307517 -0.000175055 0.001371 0.000386979
187.68 0.311331 0.315616 0.30755 -4.53076e-05 0.0012413 0.000805638
187.7 0.311333 0.315652 0.307596 5.11975e-05 0.000897383 0.00115947
187.72 0.311335 0.315676 0.30765 6.54373e-05 0.000616289 0.00134985
187.74 0.311334 0.315703 0.307705 -2.52437e-05 0.00067614 0.00138584
187.76 0.311325 0.315749 0.307758 -0.000224079 0.00114765 0.00132648
187.78 0.311306 0.315822 0.307807 -0.000490006 0.00181739 0.00121529
187.8 0.311278 0.315915 0.30785 -0.000695776 0.00231695 0.00106773
187.82 0.311251 0.316009 0.307886 -0.000657703 0.00236233 0.000904095
187.84 0.311241 0.316086 0.307916 -0.000262149 0.0019283 0.000759677
187.86 0.311257 0.316136 0.307943 0.000411535 0.00125154 0.000657204
187.88 0.311301 0.316164 0.307966 0.00109198 0.000685635 0.000583857
187.9 0.311359 0.316184 0.307986 0.00145257 0.000513575 0.00050378
187.92 0.311412 0.316217 0.308002 0.00130847 0.00082697 0.000391348
187.94 0.311442 0.316278 0.308012 0.000752203 0.00150569 0.000260749
187.96 0.311446 0.316369 0.308019 0.000116044 0.00228839 0.000166845
187.98 0.311437 0.316485 0.308026 -0.000230296 0.00290528 0.000165791
188 0.311433 0.316613 0.308036 -0.000101043 0.00318991 0.000262786
188.02 0.31145 0.316737 0.308052 0.000417257 0.00310713 0.000397955
188.04 0.311492 0.316846 0.308071 0.0010592 0.00272596 0.000484218
188.06 0.311555 0.316934 0.30809 0.00157845 0.00219014 0.000460699
188.08 0.311631 0.317001 0.308103 0.00188238 0.00169061 0.000325378
188.1 0.311711 0.317058 0.308108 0.00201402 0.00141361 0.000137621
188.12 0.311793 0.317116 0.308108 0.00204122 0.0014564 -3.32457e-06
188.14 0.311872 0.317186 0.308108 0.00198579 0.00175504 -5.99277e-07
188.16 0.311946 0.317271 0.308116 0.00185492 0.00210268 0.000197309
188.18 0.312014 0.317361 0.308139 0.00170087 0.00227106 0.000570581
188.2 0.312079 0.317447 0.30818 0.0016263 0.0021434 0.00102318
188.22 0.312148 0.317518 0.308236 0.00172582 0.00176871 0.00140516
188.24 0.312229 0.317571 0.308299 0.00200843 0.00132569 0.00156971
188.26 0.312323 0.317612 0.308356 0.00235492 0.0010228 0.00144266
188.28 0.312425 0.317651 0.308399 0.0025546 0.000969249 0.00106692
188.3 0.312522 0.317694 0.308423 0.0024311 0.00109218 0.000598226
188.32 0.312602 0.317742 0.308433 0.00197668 0.00118215 0.000236835
188.34 0.312657 0.317783 0.308437 0.0013754 0.00104304 0.000111479
188.36 0.312692 0.317809 0.308445 0.000894714 0.000630558 0.000192956
188.38 0.312721 0.317812 0.308458 0.000714182 8.07095e-05 0.000325479
188.4 0.312754 0.317796 0.308472 0.000820683 -0.000383683 0.000352544
188.42 0.312796 0.317773 0.308481 0.00105142 -0.000595846 0.000234732
188.44 0.312845 0.317752 0.308484 0.00122131 -0.000526382 7.39122e-05
188.46 0.312893 0.317741 0.308486 0.00121914 -0.000269756 3.381e-05
188.48 0.312934 0.317741 0.308494 0.00102602 1.91428e-05 0.000213307
188.5 0.312962 0.317749 0.308516 0.000690107 0.000193979 0.000558521
188.52 0.312974 0.317756 0.308552 0.000297735 0.000172679 0.000889446
188.54 0.312972 0.317755 0.308593 -5.33311e-05 -3.73121e-05 0.00103209
188.56 0.312961 0.31774 0.308631 -0.000280726 -0.000363198 0.000952205
188.58 0.312947 0.317711 0.308662 -0.00034229 -0.000721165 0.000766844
188.6 0.312937 0.31767 0.308687 -0.000254402 -0.00103423 0.000628801
188.62 0.312933 0.317621 0.308711 -9.18774e-05 -0.0012194 0.00060567
188.64 0.312935 0.317573 0.308738 5.25988e-05 -0.00120236 0.000652984
188.66 0.31294 0.317535 0.308765 0.00012264 -0.000961351 0.000682804
188.68 0.312945 0.317513 0.308791 0.000118834 -0.000552061 0.000652885
188.7 0.312948 0.317509 0.308815 8.93822e-05 -9.08279e-05 0.000598086
188.72 0.312952 0.31752 0.308838 9.84588e-05 0.000279558 0.000586674
188.74 0.312959 0.317537 0.308864 0.000179541 0.000428553 0.000650819
188.76 0.312971 0.317549 0.308895 0.000299634 0.000296356 0.000761318
188.78 0.312986 0.317547 0.308929 0.000371817 -5.25829e-05 0.000858146
188.8 0.312999 0.317529 0.308965 0.000314739 -0.00043853 0.000896951
188.82 0.313003 0.317503 0.309 0.000113776 -0.000650555 0.000882027
188.84 0.312997 0.317481 0.309035 -0.000156896 -0.000551537 0.000863891
188.86 0.312983 0.317476 0.309071 -0.000358867 -0.000138424 0.000896568
188.88 0.312969 0.317494 0.30911 -0.000352886 0.000462813 0.00098135
188.9 0.312965 0.317536 0.309152 -8.19845e-05 0.00103882 0.00104877
188.92 0.31298 0.31759 0.309192 0.000372236 0.00135606 0.00100039
188.94 0.313013 0.31764 0.309223 0.000805192 0.00125809 0.000779451
188.96 0.313052 0.31767 0.30924 0.000990816 0.000746334 0.000419646
188.98 0.313085 0.31767 0.309241 0.000821628 -2.58926e-06 2.59072e-05
189 0.313101 0.317643 0.309229 0.00038787 -0.000686462 -0.000289968
189.02 0.313098 0.317603 0.309211 -6.50575e-05 -0.000982339 -0.000460694
189.04 0.313087 0.317576 0.309192 -0.000264012 -0.00069394 -0.000474694
189.06 0.313085 0.31758 0.309178 -5.09715e-05 0.000115102 -0.000356485
189.08 0.313106 0.317625 0.309172 0.00052143 0.00110837 -0.000143997
189.1 0.313155 0.317698 0.309177 0.00120766 0.00183255 0.000120232
189.12 0.313223 0.317776 0.309192 0.00171156 0.00195465 0.000389753
189.14 0.313297 0.317834 0.309217 0.00185997 0.00143529 0.000621837
189.16 0.313365 0.317856 0.309249 0.00168461 0.000550233 0.000791303
189.18 0.31342 0.317845 0.309284 0.00136902 -0.000253379 0.000889061
189.2 0.313464 0.317822 0.30932 0.00110776 -0.000594639 0.000898947
189.22 0.313503 0.317807 0.309352 0.000971356 -0.000355294 0.000791939
189.24 0.313538 0.317819 0.309375 0.000893013 0.000286328 0.000568154
189.26 0.31357 0.317858 0.309387 0.0007911 0.000984171 0.000298118
189.28 0.313597 0.317915 0.309391 0.000682668 0.00142215 0.000102551
189.3 0.313624 0.317974 0.309394 0.000670924 0.00146139 7.69441e-05
189.32 0.313658 0.318021 0.309403 0.000840886 0.00117457 0.000218488
189.34 0.313704 0.318052 0.30942 0.00115827 0.000779743 0.000424127
189.36 0.313762 0.318072 0.309442 0.00144797 0.000516899 0.000567783
189.38 0.313822 0.318093 0.309466 0.00148861 0.000523654 0.000602344
189.4 0.313869 0.318124 0.309491 0.00118093 0.000777813 0.000603909
189.42 0.313895 0.31817 0.309519 0.000653838 0.00113411 0.000707464
189.44 0.313903 0.318226 0.309558 0.000193834 0.00140982 0.000984716
189.46 0.313904 0.318285 0.309613 4.23757e-05 0.00147712 0.00136345
189.48 0.313913 0.318339 0.309679 0.000221807 0.00133016 0.00165358
189.5 0.313934 0.318382 0.309745 0.000519264 0.00108805 0.00166305
189.52 0.31396 0.318419 0.309799 0.000644236 0.000919144 0.00133377
189.54 0.313978 0.318456 0.309831 0.000446515 0.000932559 0.000805453
189.56 0.313979 0.3185 0.309845 2.98761e-05 0.0011096 0.000346185
189.58 0.313966 0.318553 0.309852 -0.000326288 0.00131585 0.00018783
189.6 0.313951 0.318609 0.309867 -0.000380178 0.00140112 0.000373831
189.62 0.313947 0.318662 0.309896 -0.000101671 0.0013226 0.00072489
189.64 0.31396 0.318709 0.309935 0.000329005 0.0011834 0.000957082
189.66 0.313987 0.318755 0.30997 0.000681649 0.00114423 0.000880907
189.68 0.314021 0.318807 0.309991 0.000845517 0.00128383 0.000536771
189.7 0.314055 0.318868 0.309998 0.000865557 0.00153547 0.000159435
189.72 0.314089 0.318938 0.309998 0.000841033 0.00174412 5.44201e-06
189.74 0.314121 0.319009 0.310005 0.000800028 0.00177324 0.000168548
189.76 0.314148 0.319072 0.310025 0.000673497 0.00158169 0.000510115
189.78 0.314164 0.319122 0.310056 0.000392378 0.00124717 0.000762528
189.8 0.314164 0.319159 0.310085 8.17567e-06 0.000922111 0.000736549
189.82 0.314152 0.319188 0.310104 -0.000291238 0.000736131 0.000465282
189.84 0.314141 0.319217 0.31011 -0.00029272 0.000722135 0.000171411
189.86 0.314144 0.31925 0.310114 9.15967e-05 0.000831203 9.52696e-05
189.88 0.314174 0.319291 0.310127 0.000741528 0.00100695 0.000318599
189.9 0.314229 0.319339 0.310155 0.00137129 0.00121914 0.000703295
189.92 0.314296 0.319397 0.310195 0.0016835 0.00143018 0.000984097
189.94 0.314358 0.319459 0.310233 0.00154707 0.00156561 0.000955221
189.96 0.314401 0.319521 0.310257 0.0010692 0.00153676 0.000615904
189.98 0.314421 0.319572 0.310264 0.000511753 0.00129671 0.00016645
190 0.314426 0.319608 0.310258 0.000126004 0.000885199 -0.000140179
190.02 0.314428 0.319626 0.310252 3.61061e-05 0.00044204 -0.000168717
190.04 0.314437 0.319632 0.310253 0.00022362 0.000170313 3.82618e-05
190.06 0.314459 0.319642 0.310267 0.000563759 0.000238469 0.000334605
190.08 0.314495 0.319669 0.31029 0.000886707 0.000673937 0.000591008
190.1 0.314537 0.319722 0.310321 0.00106067 0.00132084 0.000758351
190.12 0.314579 0.319797 0.310354 0.0010439 0.00189031 0.000834019
190.14 0.314614 0.319881 0.310386 0.000876364 0.00209206 0.000792563
190.16 0.31464 0.319953 0.310409 0.000646832 0.00178805 0.00058025
190.18 0.314658 0.319996 0.310417 0.000460677 0.00109001 0.000198956
190.2 0.314674 0.320009 0.310409 0.000394858 0.00033016 -0.000205011
190.22 0.314692 0.320005 0.310394 0.000444966 -0.000104365 -0.000364645
190.24 0.314712 0.320005 0.310392 0.000509272 2.78628e-08 -6.1841e-05
190.26 0.314731 0.320027 0.310419 0.000454909 0.000546264 0.000679183
190.28 0.31474 0.320075 0.310481 0.000233339 0.00118759 0.00155165
190.3 0.314738 0.320136 0.310566 -5.03231e-05 0.00154572 0.00213056
190.32 0.31473 0.320194 0.310651 -0.000192631 0.00143419 0.00211981
190.34 0.314728 0.320232 0.310711 -4.63459e-05 0.000945862 0.00151493
190.36 0.314743 0.320246 0.310735 0.000359845 0.000367974 0.000598167
190.38 0.314776 0.320246 0.310726 0.000837113 -6.54899e-06 -0.000221869
190.4 0.314823 0.320244 0.310702 0.00116004 -4.81307e-05 -0.000620157
190.42 0.314871 0.320251 0.310682 0.00120153 0.00016172 -0.00049119
190.44 0.314911 0.320268 0.310683 0.00100402 0.000425824 3.37779e-05
190.46 0.314941 0.320291 0.310711 0.000743789 0.000577691 0.000679802
190.48 0.314965 0.320313 0.310758 0.000611699 0.000562401 0.00117897
190.5 0.314993 0.32033 0.310813 0.000697953 0.000424929 0.0013904
190.52 0.315031 0.32034 0.310866 0.000951394 0.000237059 0.00132444
190.54 0.315081 0.320341 0.31091 0.00124113 4.16038e-05 0.00108659
190.56 0.315139 0.320336 0.310942 0.0014667 -0.000133594 0.000810866
190.58 0.315204 0.320327 0.310966 0.00160895 -0.000228172 0.000607822
190.6 0.315272 0.320321 0.310987 0.00169708 -0.000149042 0.000516598
190.62 0.315342 0.320327 0.311007 0.00175718 0.000159051 0.000489574
190.64 0.315413 0.320353 0.311024 0.00178337 0.00063339 0.000432378
190.66 0.315483 0.320396 0.311035 0.00173917 0.00107721 0.000266183
190.68 0.315547 0.320445 0.311033 0.00160276 0.00124473 -3.15058e-05
190.7 0.315604 0.320485 0.311017 0.0014183 0.000986353 -0.000415305
190.72 0.315655 0.3205 0.310986 0.0012791 0.000372313 -0.000778737
190.74 0.315705 0.320488 0.310946 0.00124847 -0.000292328 -0.00098094
190.76 0.315757 0.320463 0.31091 0.00130466 -0.000620975 -0.000907229
190.78 0.315812 0.320447 0.310889 0.00137133 -0.000405236 -0.000535885
190.8 0.315868 0.320456 0.310891 0.00139474 0.000229149 4.76335e-05
190.82 0.315923 0.320493 0.310918 0.00138962 0.000914481 0.000690641
190.84 0.31598 0.320544 0.310967 0.00141503 0.0012906 0.0012183
190.86 0.31604 0.320593 0.311026 0.00149638 0.00122138 0.00147489
190.88 0.316102 0.320627 0.311081 0.0015619 0.00084976 0.00138723
190.9 0.316161 0.320646 0.311122 0.00146858 0.000473556 0.001018
190.92 0.316206 0.32066 0.311144 0.00112602 0.000340694 0.000546301
190.94 0.316231 0.32068 0.311151 0.000619771 0.000496844 0.000179224
190.96 0.316239 0.320711 0.311154 0.000205148 0.000778235 5.8521e-05
190.98 0.316245 0.320749 0.311162 0.000148017 0.000942766 0.000205683
191 0.316266 0.320782 0.311183 0.000535352 0.000844175 0.000518785
191.02 0.316314 0.320803 0.311216 0.0012001 0.000519054 0.000825453
191.04 0.316386 0.320808 0.311255 0.00180453 0.000134505 0.000975426
191.06 0.316468 0.320803 0.311292 0.00203015 -0.00012561 0.000928143
191.08 0.316538 0.320798 0.311323 0.00176532 -0.000147905 0.000772976
191.1 0.316585 0.320801 0.311349 0.00116456 7.60776e-05 0.000663803
191.12 0.316606 0.320819 0.311377 0.000541291 0.000456442 0.000708851
191.14 0.316613 0.320852 0.311414 0.000167655 0.000833243 0.000900797
191.16 0.316618 0.320893 0.311459 0.000118443 0.00103146 0.00113777
191.18 0.316629 0.320931 0.311511 0.000268108 0.000939085 0.00130064
191.2 0.316645 0.320954 0.311564 0.000422663 0.000564244 0.00131937
191.22 0.316664 0.320955 0.311612 0.000462826 2.94427e-05 0.0011986
191.24 0.31668 0.320935 0.311652 0.00039004 -0.000487976 0.000993118
191.26 0.316691 0.320903 0.311682 0.00027813 -0.000816727 0.000753578
191.28 0.316698 0.320869 0.311702 0.00018951 -0.000843331 0.000500907
191.3 0.316703 0.320846 0.311712 0.00011533 -0.000562177 0.000254839
191.32 0.316703 0.320843 0.311715 -5.95111e-06 -9.29233e-05 7.33227e-05
191.34 0.316695 0.320858 0.311717 -0.00020073 0.000379049 4.69694e-05
191.36 0.316679 0.320886 0.311727 -0.000401126 0.000703547 0.000246682
191.38 0.316659 0.320919 0.311753 -0.000494645 0.00081893 0.000659491
191.4 0.316641 0.320948 0.311799 -0.000436446 0.000744307 0.00114593
191.42 0.316629 0.32097 0.311857 -0.000305578 0.000545395 0.00145966
191.44 0.316619 0.320983 0.311912 -0.000253885 0.000307145 0.00136455
191.46 0.316604 0.320987 0.311944 -0.000385213 0.000121715 0.000805304
191.48 0.316577 0.32099 0.311944 -0.000658458 7.47471e-05 5.15015e-06
191.5 0.316541 0.320999 0.311919 -0.000903527 0.000225595 -0.000628128
191.52 0.316503 0.321023 0.311889 -0.00094824 0.000583729 -0.000746428
191.54 0.316473 0.321066 0.311878 -0.000760234 0.00108022 -0.000283484
191.56 0.316453 0.321129 0.311897 -0.00048611 0.00156312 0.000483338
191.58 0.31644 0.321203 0.311941 -0.000340516 0.001857 0.00108616
191.6 0.316423 0.321278 0.311987 -0.000423745 0.00187174 0.00115677
191.62 0.316398 0.321345 0.312013 -0.00062343 0.00167139 0.00066194
191.64 0.31637 0.321402 0.31201 -0.000693298 0.00143931 -8.59616e-05
191.66 0.316352 0.321456 0.311984 -0.000451984 0.00135259 -0.000649192
191.68 0.316354 0.321514 0.311954 5.28651e-05 0.00145337 -0.000746677
191.7 0.316376 0.321579 0.311938 0.000545191 0.0016236 -0.000408232
191.72 0.316404 0.321647 0.311941 0.000696676 0.00168835 7.86544e-05
191.74 0.316419 0.32171 0.311956 0.000372779 0.00157396 0.00038621
191.76 0.316409 0.321766 0.311972 -0.000232648 0.00139596 0.000382327
191.78 0.316381 0.321821 0.31198 -0.000707277 0.00138733 0.000219596
191.8 0.316353 0.321889 0.311988 -0.000709736 0.00169381 0.000194024
191.82 0.316345 0.321977 0.312007 -0.000201771 0.0022064 0.000473268
191.84 0.316366 0.322081 0.312045 0.000543409 0.00259386 0.000935975
191.86 0.316412 0.322182 0.312095 0.00113666 0.00252543 0.00126855
191.88 0.316465 0.322259 0.312144 0.0013277 0.00191738 0.00121867
191.9 0.316511 0.322299 0.312176 0.00114572 0.0010217 0.00079216
191.92 0.316545 0.322311 0.312186 0.000850314 0.000294406 0.000260213
191.94 0.316574 0.322316 0.312185 0.000729126 0.000116104 -1.74085e-05
191.96 0.31661 0.322337 0.312192 0.00089162 0.000527772 0.000164131
191.98 0.316658 0.322384 0.31222 0.00122185 0.0011797 0.000707061
192 0.316719 0.322447 0.312271 0.00150826 0.00157525 0.0012775
192.02 0.316784 0.322504 0.312333 0.00162102 0.00142933 0.0015503
192.04 0.316847 0.322538 0.312391 0.00159396 0.00084548 0.00144304
192.06 0.31691 0.322547 0.312437 0.00156994 0.000209522 0.00114267
192.08 0.316977 0.322543 0.312473 0.00165979 -8.92899e-05 0.000912195
192.1 0.31705 0.322546 0.312508 0.00183819 8.2554e-05 0.000863971
192.12 0.317129 0.322568 0.312544 0.00197625 0.000532994 0.0008957
192.14 0.317208 0.322604 0.312576 0.00197089 0.000908068 0.000814144
192.16 0.317282 0.322642 0.312597 0.00184378 0.000955236 0.000523817
192.18 0.317351 0.322669 0.312602 0.00172982 0.000676644 0.000131458
192.2 0.317422 0.32268 0.312597 0.00177557 0.000280667 -0.000126199
192.22 0.317502 0.322681 0.312594 0.00201306 1.69644e-05 -8.43424e-05
192.24 0.317595 0.322682 0.312602 0.00230738 3.06208e-05 0.000201209
192.26 0.317693 0.322694 0.312622 0.0024584 0.000296401 0.000503259
192.28 0.317789 0.32272 0.312647 0.00238615 0.00065411 0.000615812
192.3 0.317877 0.322758 0.312667 0.00220578 0.00093437 0.000509031
192.32 0.317961 0.3228 0.31268 0.00210539 0.00106636 0.000330952
192.34 0.318048 0.322843 0.312692 0.00216786 0.00106306 0.000275897
192.36 0.31814 0.322881 0.312709 0.00231163 0.000948433 0.000429039
192.38 0.318235 0.322911 0.312737 0.00236189 0.000745678 0.000704691
192.4 0.318322 0.322931 0.312774 0.00217412 0.000516645 0.000923061
192.42 0.318392 0.322945 0.312812 0.00175362 0.000354007 0.000954008
192.44 0.318444 0.322958 0.312844 0.00129455 0.000322094 0.000796259
192.46 0.318486 0.322975 0.312866 0.00106364 0.000416561 0.000543275
192.48 0.318534 0.322998 0.312877 0.00120409 0.000576683 0.000295041
192.5 0.318599 0.323027 0.312881 0.00162568 0.000722674 9.95864e-05
192.52 0.318682 0.323059 0.31288 0.00206492 0.000798065 -3.24314e-05
192.54 0.318772 0.323091 0.312877 0.00224913 0.000811128 -7.77536e-05
192.56 0.318854 0.323125 0.312878 0.00204991 0.000830819 1.70828e-05
192.58 0.318916 0.323161 0.312889 0.00154673 0.000915307 0.000293266
192.6 0.318955 0.323202 0.312918 0.000973024 0.00103113 0.000704813
192.62 0.318978 0.323245 0.312961 0.000578937 0.00105289 0.00109112
192.64 0.318997 0.323279 0.313011 0.000490646 0.000857769 0.00125854
192.66 0.319024 0.323296 0.313056 0.000657652 0.000436619 0.00111646
192.68 0.31906 0.323293 0.313086 0.000910423 -7.18776e-05 0.000750691
192.7 0.319103 0.323275 0.313101 0.00106807 -0.000459469 0.000373246
192.72 0.319143 0.323251 0.313108 0.00101487 -0.000593852 0.000181964
192.74 0.319172 0.323231 0.313118 0.000716503 -0.000520445 0.000237231
192.76 0.319181 0.323214 0.313136 0.000215946 -0.000415006 0.000444768
192.78 0.319166 0.323197 0.313161 -0.00036765 -0.000418793 0.000643931
192.8 0.319131 0.323177 0.31319 -0.000864559 -0.000505821 0.00072495
192.82 0.319087 0.323157 0.313218 -0.00111495 -0.000507089 0.000684054
192.84 0.319046 0.323146 0.313241 -0.00102856 -0.000277137 0.000592178
192.86 0.319021 0.323152 0.313263 -0.000624282 0.000156396 0.000526246
192.88 0.319019 0.323175 0.313283 -4.7126e-05 0.000587868 0.000508605
192.9 0.319037 0.323206 0.313302 0.000461059 0.000766606 0.000486297
192.92 0.319063 0.323229 0.313317 0.000653835 0.000579218 0.00037213
192.94 0.319079 0.323235 0.313322 0.000398873 0.000148776 0.000125294
192.96 0.31907 0.323226 0.313315 -0.000245229 -0.000235461 -0.000190806
192.98 0.319028 0.323214 0.313298 -0.00104047 -0.000300338 -0.000424428
193 0.318961 0.323216 0.313281 -0.00167231 4.91215e-05 -0.000422084
193.02 0.318885 0.323243 0.313276 -0.00189532 0.000680772 -0.000128022
193.04 0.318819 0.323296 0.31329 -0.00164909 0.00132056 0.00036743
193.06 0.318776 0.323365 0.313325 -0.00109023 0.00172852 0.000873458
193.08 0.318755 0.323438 0.313374 -0.000513551 0.00183845 0.00121348
193.1 0.318747 0.323508 0.313426 -0.000193521 0.0017497 0.00131575
193.12 0.318738 0.323573 0.313475 -0.00024233 0.00160949 0.00121239
193.14 0.318715 0.323633 0.313514 -0.000578165 0.00150973 0.000983532
193.16 0.318675 0.323692 0.313543 -0.00100136 0.00146107 0.000720213
193.18 0.318622 0.323749 0.313563 -0.001307 0.00143262 0.000508888
193.2 0.318567 0.323805 0.31358 -0.00137162 0.00140554 0.000403987
193.22 0.31852 0.323861 0.313596 -0.00118829 0.00138615 0.000408552
193.24 0.318486 0.323916 0.313615 -0.000849888 0.00138183 0.000489568
193.26 0.318466 0.323971 0.31364 -0.000493422 0.00138436 0.000605171
193.28 0.318457 0.324026 0.313669 -0.000232183 0.00137393 0.000720085
193.3 0.318452 0.324079 0.313701 -0.000110034 0.00132967 0.000809455
193.32 0.318449 0.324129 0.313735 -9.64791e-05 0.00124258 0.000853551
193.34 0.318444 0.324174 0.313768 -0.000117735 0.0011222 0.000826448
193.36 0.31844 0.324213 0.313796 -0.000100516 0.000984989 0.000699141
193.38 0.31844 0.324246 0.313815 3.7902e-06 0.000827237 0.000468846
193.4 0.318449 0.324271 0.313822 0.00022271 0.000626018 0.000189238
193.42 0.318472 0.324287 0.313821 0.000565988 0.0003954 -2.65801e-05
193.44 0.318512 0.324297 0.31382 0.00100851 0.000242813 -4.4428e-05
193.46 0.318571 0.32431 0.313828 0.00146868 0.000333385 0.000207282
193.48 0.318644 0.32434 0.313854 0.0018219 0.000747122 0.000652948
193.5 0.318722 0.324394 0.313897 0.00195561 0.00135101 0.00106448
193.52 0.318795 0.324467 0.313943 0.00184268 0.00182835 0.00117308
193.54 0.318859 0.324542 0.313977 0.0015866 0.00186037 0.000840539
193.56 0.318914 0.324595 0.313984 0.00138529 0.00133889 0.000184199
193.58 0.318971 0.324615 0.313966 0.00141616 0.000486304 -0.000451352
193.6 0.31904 0.324606 0.313939 0.00172033 -0.000214249 -0.000690541
193.62 0.319127 0.324594 0.313924 0.00217537 -0.000297718 -0.000358181
193.64 0.31923 0.324608 0.313941 0.00256858 0.000352089 0.000408994
193.66 0.319338 0.324664 0.31399 0.00271362 0.0013814 0.00123336
193.68 0.31944 0.32475 0.314058 0.00255169 0.00216867 0.00170884
193.7 0.319528 0.324839 0.314124 0.00218967 0.00221861 0.00163383
193.72 0.319601 0.324898 0.314168 0.00183538 0.00147502 0.00110801
193.74 0.319668 0.324912 0.314185 0.00166038 0.000349622 0.000429645
193.76 0.319735 0.324891 0.314181 0.00169018 -0.000537974 -0.00010076
193.78 0.319808 0.324861 0.314169 0.00180816 -0.000732597 -0.000315614
193.8 0.319882 0.324854 0.314161 0.00187005 -0.000192489 -0.000199778
193.82 0.319955 0.324883 0.314167 0.00182045 0.000731812 0.000161568
193.84 0.320024 0.324945 0.314193 0.00171355 0.00154522 0.000648575
193.86 0.320089 0.32502 0.314239 0.00164207 0.00188923 0.00113864
193.88 0.320155 0.325088 0.314299 0.00164795 0.00168784 0.0015083
193.9 0.320223 0.325132 0.314365 0.00168703 0.00111369 0.00164686
193.92 0.32029 0.32515 0.314425 0.00167017 0.000437419 0.00149561
193.94 0.320351 0.325145 0.314468 0.00154685 -0.000118424 0.0010937
193.96 0.320406 0.325128 0.314492 0.0013591 -0.000432542 0.000593213
193.98 0.320454 0.325109 0.3145 0.0012035 -0.000465478 0.000203709
194 0.3205 0.3251 0.314503 0.00114374 -0.000240222 7.67344e-05
194.02 0.320546 0.325106 0.314512 0.00116076 0.000149987 0.000207931
194.04 0.320593 0.325127 0.314529 0.00117514 0.00053848 0.000444354
194.06 0.320638 0.325157 0.314553 0.00111368 0.000743517 0.000598972
194.08 0.320676 0.325184 0.314577 0.000969114 0.000673443 0.000584522
194.1 0.320709 0.325199 0.314595 0.000810675 0.00039053 0.000455623
194.12 0.320738 0.325202 0.314608 0.000722137 7.05605e-05 0.000324618
194.14 0.320766 0.325197 0.314617 0.000718017 -0.000126328 0.000234337
194.16 0.320796 0.32519 0.314622 0.000725706 -0.000176239 0.000114513
194.18 0.320821 0.325182 0.314617 0.000646301 -0.000207907 -0.00013174
194.2 0.320839 0.325166 0.314597 0.000432823 -0.000385632 -0.000486912
194.22 0.320844 0.325137 0.314567 0.000138217 -0.0007303 -0.000756624
194.24 0.320841 0.325096 0.31454 -8.78119e-05 -0.00103074 -0.0006678
194.26 0.320837 0.325058 0.314537 -8.62938e-05 -0.000955089 -8.32231e-05
194.28 0.320844 0.325045 0.31457 0.000178811 -0.000311175 0.000827587
194.3 0.320867 0.325075 0.314635 0.000569182 0.000750711 0.00162239
194.32 0.320901 0.325146 0.314709 0.000852181 0.00176407 0.00184168
194.34 0.320935 0.325234 0.314761 0.000848294 0.00221067 0.00131441
194.36 0.320957 0.325309 0.314773 0.000541417 0.00186381 0.000288456
194.38 0.320961 0.325347 0.314745 9.33498e-05 0.000964205 -0.000698236
194.4 0.32095 0.32535 0.3147 -0.000255081 6.99703e-05 -0.00112019
194.42 0.320937 0.325338 0.31467 -0.000345827 -0.000314275 -0.000755909
194.44 0.320928 0.325336 0.314678 -0.000201402 -4.16971e-05 0.00019579
194.46 0.320929 0.325361 0.314727 1.94305e-05 0.00063691 0.0012415
194.48 0.320935 0.325412 0.314803 0.000155237 0.0012748 0.00188863
194.5 0.320941 0.325473 0.31488 0.000144821 0.00152529 0.00192261
194.52 0.320943 0.325528 0.31494 4.41203e-05 0.00136342 0.00149787
194.54 0.320942 0.325571 0.314979 -3.02449e-05 0.00107904 0.000990225
194.56 0.320942 0.325612 0.315008 7.26382e-06 0.00101646 0.000725692
194.58 0.320948 0.325663 0.31504 0.00014029 0.00127026 0.000783138
194.6 0.320958 0.325727 0.315079 0.000265923 0.00161053 0.000997891
194.62 0.32097 0.325795 0.315125 0.000285201 0.00168966 0.00112761
194.64 0.320978 0.325848 0.315166 0.000194143 0.00133701 0.00103941
194.66 0.320982 0.325876 0.315198 0.000108025 0.000708307 0.000791617
194.68 0.320989 0.325884 0.315221 0.000180513 0.000190914 0.000568029
194.7 0.321008 0.325889 0.315241 0.00046673 0.000129108 0.000521573
194.72 0.321042 0.325912 0.315267 0.000850232 0.000560667 0.000639998
194.74 0.321086 0.325959 0.315297 0.00111457 0.0011741 0.000747805
194.76 0.321131 0.32602 0.315323 0.00110757 0.00153437 0.000663202
194.78 0.321165 0.326077 0.315339 0.000865532 0.00141371 0.00038194
194.8 0.321189 0.326115 0.315343 0.000604828 0.000963355 0.000114755
194.82 0.321212 0.326138 0.315348 0.000571816 0.000581868 0.000129869
194.84 0.321246 0.326162 0.315369 0.000844063 0.000588034 0.000520656
194.86 0.321296 0.3262 0.315413 0.00125041 0.000962004 0.00109129
194.88 0.321356 0.326255 0.315471 0.0014905 0.00135608 0.00146269
194.9 0.32141 0.326309 0.315524 0.00135541 0.00136408 0.00132373
194.92 0.321445 0.326343 0.31555 0.000872387 0.000845372 0.000649215
194.94 0.321457 0.326345 0.31554 0.000293783 6.17406e-05 -0.000261105
194.96 0.321454 0.326326 0.315502 -5.6791e-05 -0.000486397 -0.00095757
194.98 0.321455 0.32631 0.315457 7.87619e-06 -0.000398882 -0.0011155
195 0.321471 0.326324 0.315428 0.000421906 0.000359465 -0.000716689
195.02 0.321508 0.326382 0.315427 0.00092482 0.00143764 -2.68683e-05
195.04 0.321558 0.326475 0.315451 0.00124633 0.00232717 0.000591146
195.06 0.321609 0.326582 0.315487 0.0012622 0.00266357 0.000890526
195.08 0.32165 0.326677 0.31552 0.0010192 0.00239489 0.000837805
195.1 0.321676 0.326747 0.315543 0.000655387 0.00174436 0.000568128
195.12 0.321688 0.326789 0.315554 0.000310492 0.00103653 0.000269425
195.14 0.321692 0.32681 0.315557 8.85558e-05 0.000525208 8.9498e-05
195.16 0.321694 0.326823 0.315561 6.0165e-05 0.000326796 0.000104497
195.18 0.321705 0.326841 0.315574 0.000260544 0.00045663 0.000323525
195.2 0.321731 0.326876 0.315602 0.000671565 0.000876106 0.00070079
195.22 0.321779 0.326935 0.315648 0.00119983 0.00148716 0.00113732
195.24 0.321847 0.32702 0.315707 0.00167917 0.00211207 0.00148509
195.26 0.321924 0.327121 0.315771 0.00192206 0.00252118 0.00158468
195.28 0.321996 0.327222 0.315824 0.00181642 0.00252006 0.00134275
195.3 0.322052 0.327304 0.315857 0.00140792 0.00205647 0.000820082
195.32 0.322088 0.327355 0.315867 0.000887402 0.00126645 0.000253566
195.34 0.322107 0.327372 0.315865 0.000482117 0.000430363 -4.90061e-05
195.36 0.32212 0.327366 0.31587 0.000330219 -0.000144003 0.000105769
195.38 0.322137 0.327355 0.315896 0.000413751 -0.000278958 0.000666159
195.4 0.32216 0.327354 0.31595 0.000582826 -3.21961e-05 0.0013559
195.42 0.322187 0.327368 0.316023 0.000658157 0.000352257 0.00182325
195.44 0.322208 0.327393 0.316096 0.000545021 0.000628308 0.00182672
195.46 0.32222 0.327421 0.316151 0.00028781 0.000704541 0.0013612
195.48 0.322221 0.327446 0.316177 3.31036e-05 0.000636752 0.000648604
195.5 0.322218 0.327467 0.316177 -7.30522e-05 0.000507753 -1.0037e-06
195.52 0.322219 0.32748 0.316163 1.5672e-05 0.000336755 -0.000353048
195.54 0.322228 0.327484 0.316149 0.000215242 8.53848e-05 -0.000330057
195.56 0.322242 0.327473 0.31615 0.000362299 -0.000270174 2.24462e-06
195.58 0.322255 0.327446 0.316169 0.000315397 -0.00066074 0.000493527
195.6 0.322257 0.32741 0.316208 5.39286e-05 -0.000915557 0.000971738
195.62 0.322245 0.327375 0.31626 -0.000296703 -0.000873629 0.00128973
195.64 0.322224 0.327353 0.316314 -0.000537343 -0.000542808 0.00134848
195.66 0.322203 0.327347 0.316358 -0.000515519 -0.00014664 0.00111092
195.68 0.322194 0.327348 0.316383 -0.000219341 2.23207e-05 0.000625951
195.7 0.322202 0.327341 0.316385 0.000206475 -0.000169048 4.12792e-05
195.72 0.322224 0.327318 0.316367 0.000544201 -0.000583504 -0.000434207
195.74 0.32225 0.327282 0.316343 0.00064964 -0.000904903 -0.00061981
195.76 0.322272 0.327248 0.316324 0.000552229 -0.000856507 -0.00045489
195.78 0.322289 0.327232 0.316323 0.000429567 -0.00039256 -3.33903e-05
195.8 0.322309 0.327243 0.316341 0.000477326 0.000266138 0.000439717
195.82 0.322338 0.327273 0.316371 0.000749579 0.000770678 0.000746554
195.84 0.322382 0.327308 0.316401 0.00108638 0.00086609 0.000764099
195.86 0.32243 0.32733 0.316422 0.001213 0.000558514 0.000521783
195.88 0.322469 0.327335 0.316429 0.00095489 0.000109827 0.000173264
195.9 0.322484 0.327329 0.316425 0.000394558 -0.00014954 -9.44245e-05
195.92 0.322478 0.327327 0.316419 -0.00015487 -4.82312e-05 -0.000154191
195.94 0.322465 0.32734 0.316419 -0.000343145 0.000330427 6.15326e-06
195.96 0.322464 0.327369 0.316431 -1.76948e-05 0.000734996 0.000286597
195.98 0.32249 0.327407 0.316452 0.00066087 0.000929379 0.000542675
196 0.322543 0.327441 0.31648 0.00130917 0.000849084 0.00068114
196.02 0.322605 0.327466 0.316508 0.00156976 0.000641098 0.000707051
196.04 0.322659 0.327489 0.316536 0.00134293 0.000568774 0.00069077
196.06 0.322692 0.327522 0.316564 0.000830384 0.000836633 0.000700066
196.08 0.322708 0.32758 0.316594 0.000382421 0.00144891 0.000752525
196.1 0.322719 0.327668 0.316626 0.000275373 0.00218716 0.000809273
196.12 0.322741 0.327776 0.316658 0.000556907 0.00271042 0.000811334
196.14 0.322782 0.327886 0.316688 0.00103642 0.0027326 0.00074945
196.16 0.322839 0.327973 0.316717 0.00140817 0.00219503 0.000707779
196.18 0.322896 0.328027 0.316749 0.0014431 0.00133013 0.000814032
196.2 0.322942 0.328049 0.316794 0.00113072 0.000549993 0.00111948
196.22 0.322969 0.328057 0.316855 0.000676211 0.000216551 0.00151121
196.24 0.322983 0.328075 0.316925 0.000368593 0.000449667 0.00175027
196.26 0.323 0.328119 0.31699 0.000415344 0.00108446 0.00162615
196.28 0.323033 0.328189 0.317034 0.000833563 0.00176851 0.00111867
196.3 0.323091 0.328275 0.317052 0.00144992 0.0021359 0.000452613
196.32 0.323171 0.328355 0.317052 0.00199985 0.00199594 -1.04929e-05
196.34 0.323262 0.328413 0.317052 0.00226302 0.00144728 3.02377e-06
196.36 0.323348 0.328445 0.317071 0.00215855 0.000819373 0.000482283
196.38 0.323418 0.328464 0.317116 0.00175422 0.000458656 0.00111046
196.4 0.323467 0.328484 0.317174 0.00121951 0.000514295 0.00145292
196.42 0.323498 0.328519 0.317223 0.000765856 0.000860291 0.0012353
196.44 0.32352 0.328566 0.317244 0.000565695 0.00119459 0.000522396
196.46 0.323547 0.328617 0.317231 0.000669668 0.00125271 -0.000327127
196.48 0.323587 0.328656 0.317196 0.000988117 0.000990334 -0.000891589
196.5 0.323641 0.32868 0.317158 0.00134763 0.000607131 -0.000935067
196.52 0.323704 0.328696 0.317137 0.00157125 0.000396998 -0.000517305
196.54 0.323766 0.328718 0.317141 0.00155977 0.000548593 8.31761e-05
196.56 0.32382 0.328759 0.317163 0.00135221 0.00102228 0.000554968
196.58 0.323865 0.328822 0.317192 0.00111358 0.00157607 0.000728719
196.6 0.323906 0.328899 0.317218 0.00102619 0.00191785 0.000645716
196.62 0.323952 0.328974 0.317237 0.00115884 0.00187743 0.000478526
196.64 0.324009 0.329034 0.317252 0.00142048 0.0015007 0.00037235
196.66 0.324074 0.329074 0.317266 0.00162174 0.00100867 0.000343332
196.68 0.324138 0.3291 0.317278 0.00160467 0.000653296 0.000316078
196.7 0.324193 0.329124 0.317288 0.00136813 0.000580852 0.000247265
196.72 0.324236 0.329155 0.317296 0.00108242 0.000776727 0.0001997
196.74 0.324274 0.329199 0.317308 0.000944652 0.00109635 0.000294075
196.76 0.324314 0.329253 0.317331 0.00100014 0.00135695 0.000584962
196.78 0.324358 0.32931 0.31737 0.00110944 0.00143192 0.000971993
196.8 0.324401 0.329362 0.31742 0.00107835 0.00130086 0.00124047
196.82 0.324434 0.329403 0.317468 0.000812119 0.00103057 0.00121307
196.84 0.324449 0.329432 0.317504 0.000384012 0.000713738 0.000888287
196.86 0.324449 0.329449 0.317522 2.00384e-06 0.000417685 0.000456209
196.88 0.324445 0.329456 0.317529 -0.000111238 0.000175151 0.000179634
196.9 0.324449 0.329456 0.317538 0.000120711 9.90195e-06 0.000225022
196.92 0.324471 0.329454 0.317561 0.000544746 -4.40047e-05 0.000559293
196.94 0.324506 0.329456 0.3176 0.00086272 4.31051e-05 0.00097567
196.96 0.324539 0.329466 0.317649 0.000829694 0.000251443 0.00122539
196.98 0.324556 0.329485 0.317695 0.000414323 0.000468379 0.00116739
197 0.324548 0.329506 0.317729 -0.0001915 0.000517442 0.000837945
197.02 0.324519 0.329517 0.317745 -0.000710765 0.000275815 0.000403999
197.04 0.324481 0.329508 0.317747 -0.00095081 -0.00020624 5.46771e-05
197.06 0.324446 0.329481 0.317744 -0.000884801 -0.000695222 -8.72069e-05
197.08 0.324421 0.329445 0.317744 -0.000619186 -0.000900796 1.85697e-06
197.1 0.324409 0.329418 0.317755 -0.000295979 -0.000659782 0.000264923
197.12 0.324409 0.329416 0.317779 -8.52949e-06 -5.82633e-05 0.000603902
197.14 0.324418 0.329439 0.317815 0.000214206 0.000582496 0.000914538
197.16 0.324432 0.329474 0.31786 0.000361322 0.000868786 0.00111329
197.18 0.324448 0.329497 0.317906 0.000395365 0.000582044 0.00115479
197.2 0.324459 0.329491 0.317948 0.000269029 -0.000150161 0.00103999
197.22 0.324458 0.329455 0.31798 -1.69748e-05 -0.00090089 0.000817279
197.24 0.324443 0.329407 0.318003 -0.00037121 -0.00120321 0.000577527
197.26 0.324418 0.329373 0.318021 -0.000625701 -0.000853406 0.000434124
197.28 0.324393 0.329371 0.31804 -0.000628879 -4.13562e-05 0.000474735
197.3 0.324378 0.329402 0.318068 -0.000364138 0.000776862 0.00070745
197.32 0.324379 0.329449 0.31811 2.02687e-05 0.00116623 0.00104069
197.34 0.324391 0.329488 0.318162 0.000301534 0.000974723 0.00130757
197.36 0.324404 0.329504 0.318216 0.000323664 0.000415222 0.00134176
197.38 0.324408 0.329501 0.318259 0.000105689 -8.93062e-05 0.00107587
197.4 0.324402 0.329493 0.318282 -0.000148391 -0.000193315 0.00059242
197.42 0.324396 0.3295 0.318286 -0.000174629 0.00017012 8.68188e-05
197.44 0.324401 0.329532 0.318277 0.000146998 0.000794313 -0.000228736
197.46 0.324429 0.329586 0.318268 0.00067976 0.00136144 -0.000227049
197.48 0.324473 0.329652 0.31827 0.00111642 0.00164191 6.77341e-05
197.5 0.324521 0.329717 0.31829 0.00119929 0.00161534 0.000489432
197.52 0.324558 0.329774 0.318323 0.000913845 0.00143777 0.000816834
197.54 0.324578 0.329825 0.318358 0.000516371 0.00128471 0.000888649
197.56 0.324593 0.329874 0.318385 0.000368539 0.00122192 0.000683614
197.58 0.32462 0.329923 0.318398 0.000674332 0.00121515 0.000322697
197.6 0.324673 0.329972 0.318398 0.00131064 0.00123227 -5.38518e-06
197.62 0.324748 0.330024 0.318392 0.00189579 0.00130257 -0.000147587
197.64 0.324831 0.330083 0.31839 0.00206384 0.00147666 -6.29671e-05
197.66 0.324901 0.330153 0.318396 0.00174119 0.0017329 0.000167676
197.68 0.324949 0.33023 0.318413 0.00120373 0.00193226 0.000403462
197.7 0.324983 0.330306 0.318434 0.000867819 0.0018973 0.000536955
197.72 0.325023 0.330369 0.318456 0.00098691 0.0015679 0.000559004
197.74 0.325082 0.330412 0.318478 0.00148526 0.00109179 0.000544699
197.76 0.325163 0.330442 0.318501 0.00201665 0.000751803 0.000569958
197.78 0.325251 0.330473 0.318527 0.00219339 0.000765691 0.00063927
197.8 0.325325 0.330517 0.318554 0.00185345 0.00110859 0.000693036
197.82 0.325372 0.330578 0.318581 0.00118219 0.0015093 0.000673288
197.84 0.325395 0.330643 0.318604 0.000578514 0.00164385 0.000580973
197.86 0.32541 0.330698 0.318624 0.000364035 0.00137546 0.000481537
197.88 0.325433 0.330733 0.318642 0.000577872 0.000859064 0.000460279
197.9 0.325473 0.33075 0.318665 0.000997259 0.000437775 0.000559283
197.92 0.325526 0.330766 0.318694 0.00132088 0.000401161 0.000740384
197.94 0.32558 0.330798 0.31873 0.00136712 0.000779558 0.000893816
197.96 0.325627 0.330851 0.318765 0.0011732 0.00132926 0.000883454
197.98 0.325665 0.330919 0.31879 0.00094438 0.00170552 0.000616708
198 0.325701 0.330987 0.318795 0.000892495 0.00169024 0.000126337
198.02 0.325744 0.331039 0.318779 0.00108467 0.0013208 -0.000388073
198.04 0.325801 0.331073 0.318754 0.00141643 0.000852161 -0.000624119
198.06 0.325869 0.331097 0.31874 0.00170695 0.000582345 -0.000348756
198.08 0.325942 0.331123 0.318758 0.00181523 0.0006488 0.000427079
198.1 0.32601 0.33116 0.318814 0.00170408 0.000944552 0.00141042
198.12 0.326068 0.331209 0.3189 0.00144789 0.00122367 0.00216253
198.14 0.326116 0.331262 0.318994 0.00119422 0.00130598 0.00233667
198.16 0.326159 0.33131 0.319069 0.00109222 0.00120365 0.00188227
198.18 0.326208 0.331352 0.319112 0.00122042 0.00106692 0.00107969
198.2 0.32627 0.331393 0.319127 0.00154385 0.00102029 0.00036775
198.22 0.326346 0.331435 0.31913 0.0019111 0.00104049 7.63906e-05
198.24 0.326431 0.331474 0.31914 0.002107 0.000971371 0.000257129
198.26 0.326509 0.3315 0.319169 0.00196144 0.000661068 0.000714234
198.28 0.326568 0.331505 0.319216 0.00146767 0.000121348 0.0011715
198.3 0.326601 0.331488 0.319273 0.000821439 -0.00042962 0.00143224
198.32 0.326614 0.33146 0.319331 0.000333985 -0.000700879 0.00144219
198.34 0.326624 0.331438 0.319381 0.000258022 -0.000537372 0.00126
198.36 0.326649 0.331436 0.319421 0.000617882 -4.88124e-05 0.000983638
198.38 0.326696 0.331454 0.319448 0.00116915 0.000440492 0.000689537
198.4 0.326757 0.331478 0.319465 0.0015403 0.000593348 0.000414007
198.42 0.326816 0.331489 0.319471 0.00146291 0.000281484 0.000167673
198.44 0.326853 0.331476 0.31947 0.00093771 -0.000317728 -4.0034e-05
198.46 0.326863 0.331443 0.319462 0.000229898 -0.000833782 -0.000189553
198.48 0.32685 0.331405 0.319452 -0.000305706 -0.000950958 -0.000264301
198.5 0.326832 0.331381 0.319441 -0.000448394 -0.000605965 -0.000270192
198.52 0.326823 0.33138 0.319432 -0.000237798 -1.00925e-05 -0.000234898
198.54 0.326826 0.331401 0.319424 8.09538e-05 0.000507001 -0.00018325
198.56 0.326836 0.331429 0.31942 0.000253708 0.000714439 -0.000108363
198.58 0.326844 0.331453 0.319421 0.000195409 0.000599565 2.74228e-05
198.6 0.326844 0.331466 0.319431 7.2189e-06 0.000334425 0.00024819
198.62 0.326838 0.331472 0.319451 -0.000148734 0.000144822 0.000511338
198.64 0.326831 0.331479 0.31948 -0.000182462 0.000170306 0.000704139
198.66 0.326826 0.331495 0.319508 -0.000123947 0.000397629 0.000707618
198.68 0.326823 0.331523 0.319527 -7.85204e-05 0.000700373 0.000490408
198.7 0.326818 0.331561 0.319534 -0.000132387 0.000946699 0.000158018
198.72 0.326806 0.331604 0.31953 -0.000281953 0.001085 -9.54886e-05
198.74 0.326789 0.33165 0.319526 -0.00044557 0.00113659 -0.000105519
198.76 0.326767 0.331695 0.319532 -0.000545382 0.00112564 0.000157266
198.78 0.326744 0.331737 0.319555 -0.000572106 0.00104492 0.000572799
198.8 0.326722 0.331773 0.319594 -0.000559234 0.00090239 0.000966705
198.82 0.326701 0.331804 0.319643 -0.000503737 0.000779254 0.00123368
198.84 0.326688 0.331836 0.319698 -0.000333557 0.000801614 0.00138615
198.86 0.326689 0.331877 0.319758 2.79887e-05 0.00102844 0.00150247
198.88 0.326711 0.331932 0.319824 0.000554346 0.00136675 0.00163185
198.9 0.326754 0.331996 0.319893 0.00106783 0.00160512 0.00173195
198.92 0.326807 0.332058 0.31996 0.00131662 0.00154497 0.00168329
198.94 0.326853 0.332103 0.320016 0.0011452 0.00113623 0.00138562
198.96 0.326878 0.332124 0.320051 0.000630785 0.000528788 0.000868536
198.98 0.32688 0.332125 0.320063 6.46654e-05 9.12408e-06 0.000317476
199 0.326871 0.332118 0.320062 -0.000234279 -0.000158524 -1.99351e-05
199.02 0.326866 0.332123 0.320063 -0.000125003 0.000105624 1.48565e-05
199.04 0.326878 0.332148 0.320079 0.000289145 0.000648225 0.000393847
199.06 0.326908 0.332196 0.320116 0.000761909 0.00118164 0.000926285
199.08 0.326951 0.332254 0.320171 0.00107664 0.00145079 0.00137463
199.1 0.326998 0.332308 0.320234 0.00116924 0.00135464 0.00156957
199.12 0.327043 0.332346 0.320292 0.00113344 0.00095829 0.00146074
199.14 0.327088 0.332363 0.320336 0.00110968 0.000425349 0.00110651
199.16 0.327134 0.332361 0.320362 0.00115266 -5.97408e-05 0.000632087
199.18 0.327182 0.332347 0.320369 0.00119839 -0.00035237 0.000183272
199.2 0.327228 0.332331 0.320364 0.00116685 -0.000384479 -0.000118671
199.22 0.327271 0.332325 0.320356 0.0010721 -0.000173074 -0.000209284
199.24 0.327311 0.332332 0.320352 0.000993855 0.000196197 -9.23956e-05
199.26 0.32735 0.332356 0.320359 0.000970396 0.000599498 0.00016589
199.28 0.327388 0.332393 0.320377 0.000959114 0.000908885 0.000462557
199.3 0.327424 0.332434 0.320405 0.000897287 0.00103513 0.000698452
199.32 0.327455 0.332473 0.320437 0.000776921 0.000971981 0.000806667
199.34 0.327482 0.332506 0.320467 0.000660883 0.000814782 0.000748291
199.36 0.327507 0.332534 0.320487 0.000641675 0.000719566 0.000502752
199.38 0.327538 0.332567 0.320491 0.000766348 0.000808851 9.33742e-05
199.4 0.327577 0.33261 0.320476 0.000979973 0.001092 -0.000376332
199.42 0.327623 0.332669 0.320447 0.00114752 0.00146035 -0.000739249
199.44 0.327669 0.332739 0.320413 0.00115336 0.00175972 -0.000843048
199.46 0.327709 0.332814 0.320388 0.000995598 0.00187824 -0.00063184
199.48 0.327741 0.332886 0.32038 0.000791514 0.0017858 -0.000183879
199.5 0.327768 0.332947 0.320392 0.000686715 0.00152608 0.000304974
199.52 0.327798 0.332995 0.320417 0.00074566 0.00120356 0.00060929
199.54 0.327834 0.333034 0.320441 0.000899759 0.000965532 0.000601346
199.56 0.327874 0.333071 0.320454 0.000998012 0.000947614 0.000327467
199.58 0.327911 0.333119 0.320453 0.000934315 0.00119127 -2.86126e-05
199.6 0.327941 0.333183 0.320442 0.000737288 0.00159644 -0.000264874
199.62 0.327962 0.333262 0.320431 0.000542317 0.00196373 -0.000271118
199.64 0.327981 0.333346 0.320429 0.000470958 0.00210042 -6.14318e-05
199.66 0.328003 0.333423 0.32044 0.00053375 0.00192704 0.000276129
199.68 0.328028 0.333484 0.320467 0.00063986 0.00153597 0.000663669
199.7 0.328056 0.33353 0.32051 0.000685911 0.00115615 0.00107894
199.72 0.328081 0.33357 0.320571 0.000643789 0.0010042 0.00152453
199.74 0.328104 0.333615 0.320649 0.000577967 0.00112065 0.00195235
199.76 0.328128 0.333669 0.320738 0.000583082 0.00133973 0.00222847
199.78 0.328156 0.333726 0.320826 0.000695637 0.00142165 0.00219833
199.8 0.32819 0.333775 0.320899 0.00085386 0.00123527 0.0018194
199.82 0.328228 0.33381 0.320948 0.000947282 0.000860089 0.00124282
199.84 0.328264 0.333831 0.320979 0.000915444 0.000543889 0.000756249
199.86 0.328296 0.333853 0.321003 0.000800927 0.000531955 0.000616695
199.88 0.328325 0.333888 0.321038 0.000716198 0.000872356 0.00088199
199.9 0.328356 0.333941 0.321093 0.000765637 0.00134388 0.0013629
199.92 0.328394 0.334005 0.321163 0.000971598 0.00158803 0.00174216
199.94 0.328444 0.334059 0.321234 0.0012447 0.00136115 0.0017756
199.96 0.328502 0.334088 0.321291 0.00143292 0.000711177 0.00143681
199.98 0.328559 0.334086 0.321328 0.00142917 -5.0583e-05 0.000918486
