
***************************************************************
*                 Welcome to use GPUMD                        *
*    (Graphics Processing Units Molecular Dynamics)           *
*                     version 4.6                             *
*              This is the nep executable                     *
***************************************************************


---------------------------------------------------------------
GPU information:
---------------------------------------------------------------

number of GPUs = 1
Device id:                   0
    Device name:             NVIDIA A100-SXM4-80GB
    Compute capability:      8.0
    Amount of global memory: 79.2517 GB
    Number of SMs:           108

---------------------------------------------------------------
Started running nep.
---------------------------------------------------------------


---------------------------------------------------------------
Started reading nep.in.
---------------------------------------------------------------

Input or default parameters:
    (default) model_type = potential.
    (default) calculation mode = train.
    (input)   use NEP version 4.
    (input)   number of atom types = 2.
        (default) type 0 (Mg with Z = 12) has force weight of 1.
        (default) type 1 (Bi with Z = 83) has force weight of 1.
    (input)   will add the universal ZBL potential with outer cutoff 2.5 A and inner cutoff 1.25 A.
    (input)   radial cutoff = 7 A.
    (input)   angular cutoff = 4 A.
    (default) use global cutoff for NEP.
    (default) use global cutoff for ZBL.
    (input)   n_max_radial = 4.
    (input)   n_max_angular = 4.
    (input)   basis_size_radial = 8.
    (input)   basis_size_angular = 8.
    (input)   l_max_3body = 4.
    (input)   l_max_4body = 2.
    (input)   l_max_5body = 0.
    (input)   number of neurons = 50.
    (default) lambda_1 = 0.042196.
    (default) lambda_2 = 0.042196.
    (input)   lambda_e = 1.
    (input)   lambda_f = 1.
    (input)   lambda_v = 0.1.
    (default) atomic_v = 0.
    (default) lambda_shear = 1.
    (default) force_delta = 0.
    (input)   batch size = 1000.
    (input)   population size = 50.
    (input)   maximum number of generations = 300000.
    (default)   save potential every N = 100000 generations.
Some calculated parameters:
    number of radial descriptor components = 5.
    number of angular descriptor components = 25.
    total number of descriptor components = 30.
    NN architecture = 30-50-1.
    number of NN parameters to be optimized = 3201.
    number of descriptor parameters to be optimized = 360.
    total number of parameters to be optimized = 3561.

---------------------------------------------------------------
Finished reading nep.in.
---------------------------------------------------------------


---------------------------------------------------------------
Started reading train.xyz
---------------------------------------------------------------

Number of configurations = 3630.
Number of devices = 1
Number of batches = 4
Hello, I changed the batch_size from 1000 to 908.

Batch 0:
Number of configurations = 908.

---------------------------------------------------------------
Constructing train_set in device  0.
Total number of atoms = 81720.
Number of atoms in the largest configuration = 90.
Number of configurations having virial = 908.
Radial descriptor with a cutoff of 7 A:
    Minimum number of neighbors for one atom = 40.
    Maximum number of neighbors for one atom = 75.
Angular descriptor with a cutoff of 4 A:
    Minimum number of neighbors for one atom = 6.
    Maximum number of neighbors for one atom = 16.
---------------------------------------------------------------


Batch 1:
Number of configurations = 908.

---------------------------------------------------------------
Constructing train_set in device  0.
Total number of atoms = 81720.
Number of atoms in the largest configuration = 90.
Number of configurations having virial = 908.
Radial descriptor with a cutoff of 7 A:
    Minimum number of neighbors for one atom = 40.
    Maximum number of neighbors for one atom = 81.
Angular descriptor with a cutoff of 4 A:
    Minimum number of neighbors for one atom = 6.
    Maximum number of neighbors for one atom = 16.
---------------------------------------------------------------


Batch 2:
Number of configurations = 907.

---------------------------------------------------------------
Constructing train_set in device  0.
Total number of atoms = 81630.
Number of atoms in the largest configuration = 90.
Number of configurations having virial = 907.
Radial descriptor with a cutoff of 7 A:
    Minimum number of neighbors for one atom = 40.
    Maximum number of neighbors for one atom = 72.
Angular descriptor with a cutoff of 4 A:
    Minimum number of neighbors for one atom = 6.
    Maximum number of neighbors for one atom = 16.
---------------------------------------------------------------


Batch 3:
Number of configurations = 907.

---------------------------------------------------------------
Constructing train_set in device  0.
Total number of atoms = 81630.
Number of atoms in the largest configuration = 90.
Number of configurations having virial = 907.
Radial descriptor with a cutoff of 7 A:
    Minimum number of neighbors for one atom = 40.
    Maximum number of neighbors for one atom = 78.
Angular descriptor with a cutoff of 4 A:
    Minimum number of neighbors for one atom = 6.
    Maximum number of neighbors for one atom = 15.
---------------------------------------------------------------


---------------------------------------------------------------
Started reading test.xyz
---------------------------------------------------------------

Number of configurations = 403.

---------------------------------------------------------------
Constructing test_set in device  0.
Total number of atoms = 36270.
Number of atoms in the largest configuration = 90.
Number of configurations having virial = 403.
Radial descriptor with a cutoff of 7 A:
    Minimum number of neighbors for one atom = 40.
    Maximum number of neighbors for one atom = 71.
Angular descriptor with a cutoff of 4 A:
    Minimum number of neighbors for one atom = 7.
    Maximum number of neighbors for one atom = 15.
---------------------------------------------------------------


---------------------------------------------------------------
Time used for initialization = 2.275228 s.
---------------------------------------------------------------


---------------------------------------------------------------
Started training.
---------------------------------------------------------------

Step    Total-Loss L1Reg-Loss L2Reg-Loss RMSE-E-Train RMSE-F-Train RMSE-V-Train RMSE-E-Test  RMSE-F-Test  RMSE-V-Test  
100     0.23450    0.02197    0.02593    0.00908      0.16679      0.10725      0.00852      0.16625      0.10677      
200     0.22528    0.02260    0.02702    0.00677      0.15964      0.09242      0.00741      0.15885      0.09613      
300     0.21129    0.02330    0.02821    0.00545      0.14751      0.06817      0.00581      0.14719      0.07011      
400     0.21083    0.02387    0.02910    0.00836      0.13870      0.10797      0.00926      0.13818      0.11139      
500     0.21221    0.02458    0.02999    0.00527      0.14600      0.06381      0.00557      0.14589      0.06462      
600     0.21152    0.02542    0.03110    0.00578      0.14174      0.07483      0.00544      0.14153      0.07251      
700     0.20489    0.02584    0.03177    0.00658      0.13275      0.07952      0.00654      0.13314      0.07973      
800     0.19631    0.02651    0.03265    0.00456      0.12631      0.06291      0.00466      0.12663      0.06264      
900     0.20614    0.02718    0.03366    0.00794      0.12689      0.10466      0.00831      0.12674      0.10453      
1000    0.19767    0.02779    0.03451    0.00489      0.12314      0.07344      0.00475      0.12240      0.07278      
1100    0.19417    0.02863    0.03557    0.00547      0.11764      0.06857      0.00547      0.11794      0.06982      
1200    0.19657    0.02922    0.03624    0.00732      0.11498      0.08807      0.00794      0.11515      0.08827      
1300    0.18841    0.02980    0.03702    0.00430      0.11103      0.06258      0.00409      0.11090      0.06155      
1400    0.19101    0.03020    0.03765    0.00559      0.11064      0.06924      0.00599      0.11015      0.06917      
1500    0.19024    0.03085    0.03844    0.00512      0.10815      0.07682      0.00530      0.10844      0.07620      
1600    0.18796    0.03123    0.03901    0.00534      0.10474      0.07644      0.00485      0.10543      0.07527      
1700    0.19244    0.03192    0.03982    0.00467      0.11041      0.05623      0.00491      0.11122      0.05703      
1800    0.18675    0.03216    0.04014    0.00821      0.09555      0.10686      0.00864      0.09622      0.10663      
1900    0.18502    0.03250    0.04055    0.00385      0.10275      0.05361      0.00372      0.10331      0.05348      
2000    0.17996    0.03303    0.04117    0.00598      0.09248      0.07298      0.00611      0.09294      0.07275      
2100    0.18377    0.03335    0.04167    0.00360      0.09955      0.05602      0.00353      0.09946      0.05597      
2200    0.18349    0.03361    0.04215    0.00681      0.09166      0.09263      0.00747      0.09202      0.09378      
2300    0.18421    0.03403    0.04270    0.00501      0.09541      0.07071      0.00514      0.09542      0.07009      
2400    0.18035    0.03438    0.04314    0.00357      0.09443      0.04821      0.00355      0.09505      0.04818      
2500    0.17973    0.03486    0.04372    0.00392      0.09155      0.05676      0.00377      0.09165      0.05553      
2600    0.17952    0.03493    0.04400    0.00384      0.09135      0.05405      0.00370      0.09144      0.05494      
2700    0.17757    0.03554    0.04485    0.00405      0.08821      0.04917      0.00396      0.08820      0.04899      
2800    0.17930    0.03589    0.04511    0.00365      0.08951      0.05136      0.00394      0.08985      0.05150      
2900    0.17571    0.03621    0.04568    0.00448      0.08413      0.05202      0.00453      0.08421      0.05247      
3000    0.17745    0.03662    0.04620    0.00328      0.08775      0.03593      0.00344      0.08763      0.03695      
3100    0.17854    0.03666    0.04618    0.00362      0.08775      0.04335      0.00349      0.08729      0.04363      
3200    0.17785    0.03705    0.04673    0.00329      0.08679      0.03988      0.00337      0.08653      0.04000      
3300    0.17942    0.03732    0.04712    0.00326      0.08700      0.04729      0.00342      0.08671      0.04714      
3400    0.18019    0.03766    0.04743    0.00383      0.08636      0.04912      0.00406      0.08585      0.05006      
3500    0.17785    0.03790    0.04770    0.00403      0.08297      0.05252      0.00441      0.08264      0.05323      
3600    0.18109    0.03796    0.04794    0.00344      0.08770      0.04052      0.00332      0.08738      0.04099      
3700    0.17849    0.03841    0.04836    0.00326      0.08433      0.04131      0.00324      0.08400      0.04241      
3800    0.18035    0.03859    0.04862    0.00313      0.08615      0.03851      0.00320      0.08540      0.03894      
3900    0.17926    0.03878    0.04894    0.00420      0.08243      0.04912      0.00419      0.08233      0.05019      
4000    0.17876    0.03892    0.04911    0.00362      0.08214      0.04966      0.00383      0.08165      0.05014      
4100    0.17694    0.03912    0.04936    0.00359      0.07922      0.05654      0.00395      0.07877      0.05657      
4200    0.17837    0.03941    0.04970    0.00390      0.07954      0.05819      0.00437      0.07906      0.05896      
4300    0.17994    0.03962    0.04992    0.00346      0.08213      0.04809      0.00347      0.08171      0.04915      
4400    0.17903    0.03973    0.05006    0.00298      0.08195      0.04305      0.00322      0.08165      0.04244      
4500    0.17869    0.03983    0.05035    0.00283      0.08181      0.03864      0.00291      0.08155      0.03867      
4600    0.17996    0.03999    0.05057    0.00290      0.08306      0.03447      0.00289      0.08298      0.03487      
4700    0.17778    0.04026    0.05090    0.00312      0.07942      0.04066      0.00320      0.07886      0.04101      
4800    0.17655    0.04050    0.05112    0.00324      0.07704      0.04657      0.00344      0.07656      0.04692      
4900    0.17801    0.04051    0.05122    0.00364      0.07790      0.04745      0.00399      0.07743      0.04902      
5000    0.17793    0.04062    0.05138    0.00290      0.07886      0.04172      0.00301      0.07889      0.04141      
5100    0.17903    0.04060    0.05150    0.00292      0.07965      0.04362      0.00284      0.07938      0.04415      
5200    0.17737    0.04063    0.05162    0.00285      0.07857      0.03700      0.00289      0.07847      0.03725      
5300    0.17791    0.04062    0.05161    0.00259      0.07937      0.03724      0.00274      0.07948      0.03703      
5400    0.17596    0.04064    0.05173    0.00257      0.07786      0.03159      0.00275      0.07773      0.03235      
5500    0.17597    0.04081    0.05190    0.00283      0.07679      0.03646      0.00311      0.07661      0.03655      
5600    0.17670    0.04073    0.05198    0.00265      0.07768      0.03660      0.00280      0.07768      0.03620      
5700    0.17620    0.04081    0.05209    0.00309      0.07630      0.03921      0.00329      0.07625      0.03937      
5800    0.17426    0.04080    0.05205    0.00257      0.07497      0.03871      0.00296      0.07503      0.03878      
5900    0.17593    0.04086    0.05219    0.00356      0.07464      0.04677      0.00384      0.07440      0.04752      
6000    0.17497    0.04090    0.05226    0.00294      0.07485      0.04015      0.00331      0.07423      0.04090      
6100    0.17413    0.04088    0.05217    0.00333      0.07362      0.04123      0.00353      0.07336      0.04205      
6200    0.17365    0.04081    0.05224    0.00284      0.07378      0.03971      0.00311      0.07372      0.03972      
6300    0.17427    0.04090    0.05235    0.00268      0.07457      0.03782      0.00303      0.07423      0.03814      
6400    0.17358    0.04086    0.05229    0.00280      0.07411      0.03521      0.00295      0.07381      0.03689      
6500    0.17311    0.04070    0.05220    0.00255      0.07424      0.03420      0.00279      0.07381      0.03450      
6600    0.17420    0.04082    0.05223    0.00300      0.07436      0.03790      0.00325      0.07421      0.03882      
6700    0.17230    0.04086    0.05227    0.00285      0.07303      0.03290      0.00321      0.07274      0.03355      
6800    0.17102    0.04073    0.05226    0.00259      0.07203      0.03411      0.00292      0.07172      0.03491      
6900    0.17384    0.04070    0.05222    0.00280      0.07469      0.03428      0.00304      0.07467      0.03579      
7000    0.17147    0.04064    0.05213    0.00302      0.07218      0.03514      0.00316      0.07180      0.03663      
7100    0.17189    0.04076    0.05248    0.00270      0.07244      0.03512      0.00301      0.07256      0.03560      
7200    0.17077    0.04085    0.05246    0.00243      0.07198      0.03047      0.00253      0.07197      0.03046      
7300    0.17109    0.04083    0.05247    0.00257      0.07158      0.03640      0.00280      0.07164      0.03661      
7400    0.17052    0.04080    0.05243    0.00256      0.07159      0.03139      0.00267      0.07173      0.03216      
7500    0.17158    0.04082    0.05245    0.00244      0.07258      0.03284      0.00266      0.07255      0.03291      
7600    0.17041    0.04079    0.05236    0.00268      0.07110      0.03468      0.00294      0.07096      0.03509      
7700    0.17065    0.04072    0.05242    0.00254      0.07114      0.03839      0.00283      0.07091      0.03809      
7800    0.17003    0.04089    0.05259    0.00252      0.07074      0.03293      0.00276      0.07041      0.03372      
7900    0.17042    0.04074    0.05243    0.00243      0.07130      0.03515      0.00278      0.07119      0.03508      
8000    0.17024    0.04077    0.05240    0.00254      0.07076      0.03774      0.00288      0.07067      0.03776      
8100    0.16995    0.04063    0.05223    0.00238      0.07149      0.03221      0.00268      0.07139      0.03280      
8200    0.17134    0.04057    0.05220    0.00253      0.07254      0.03506      0.00279      0.07249      0.03497      
8300    0.16955    0.04025    0.05191    0.00250      0.07150      0.03386      0.00277      0.07175      0.03439      
8400    0.16946    0.04006    0.05190    0.00258      0.07105      0.03877      0.00287      0.07118      0.03850      
8500    0.16773    0.03993    0.05173    0.00243      0.07036      0.03279      0.00267      0.07050      0.03290      
8600    0.16643    0.03987    0.05163    0.00213      0.06994      0.02873      0.00248      0.06982      0.02915      
8700    0.16839    0.03970    0.05157    0.00231      0.07170      0.03100      0.00265      0.07162      0.03103      
8800    0.16598    0.03962    0.05135    0.00227      0.06972      0.03016      0.00254      0.06989      0.03012      
8900    0.16560    0.03958    0.05139    0.00228      0.06936      0.02992      0.00259      0.06953      0.03016      
9000    0.16646    0.03950    0.05130    0.00240      0.07014      0.03117      0.00280      0.07025      0.03157      
9100    0.16584    0.03940    0.05119    0.00219      0.06975      0.03298      0.00262      0.06992      0.03269      
9200    0.16546    0.03945    0.05122    0.00220      0.06968      0.02905      0.00260      0.07004      0.02933      
9300    0.16508    0.03919    0.05090    0.00213      0.07015      0.02716      0.00254      0.07046      0.02765      
9400    0.16462    0.03928    0.05093    0.00212      0.06943      0.02860      0.00254      0.06960      0.02881      
9500    0.16481    0.03920    0.05084    0.00225      0.06971      0.02820      0.00249      0.07011      0.02882      
9600    0.16497    0.03916    0.05088    0.00237      0.06960      0.02969      0.00283      0.06985      0.03046      
9700    0.16408    0.03913    0.05077    0.00210      0.06921      0.02867      0.00257      0.06898      0.02908      
9800    0.16442    0.03928    0.05088    0.00219      0.06924      0.02818      0.00261      0.06924      0.02821      
9900    0.16345    0.03915    0.05075    0.00220      0.06828      0.03066      0.00259      0.06833      0.03059      
10000   0.16277    0.03900    0.05049    0.00211      0.06814      0.03028      0.00250      0.06838      0.03045      
10100   0.16327    0.03883    0.05033    0.00212      0.06911      0.02875      0.00262      0.06919      0.02945      
10200   0.16221    0.03876    0.05020    0.00223      0.06832      0.02701      0.00255      0.06838      0.02791      
10300   0.16133    0.03861    0.05015    0.00220      0.06731      0.03056      0.00255      0.06736      0.03076      
10400   0.16149    0.03839    0.04992    0.00220      0.06772      0.03247      0.00265      0.06768      0.03274      
10500   0.16153    0.03842    0.04991    0.00241      0.06768      0.03103      0.00270      0.06763      0.03143      
10600   0.16076    0.03833    0.04970    0.00211      0.06758      0.03042      0.00252      0.06757      0.03041      
10700   0.16046    0.03814    0.04947    0.00217      0.06787      0.02814      0.00238      0.06804      0.02843      
10800   0.15978    0.03793    0.04922    0.00204      0.06775      0.02830      0.00244      0.06777      0.02880      
10900   0.15950    0.03786    0.04911    0.00206      0.06777      0.02696      0.00243      0.06799      0.02776      
11000   0.15926    0.03777    0.04899    0.00226      0.06729      0.02943      0.00252      0.06743      0.02981      
11100   0.15879    0.03761    0.04874    0.00234      0.06688      0.03218      0.00267      0.06694      0.03236      
11200   0.15831    0.03739    0.04857    0.00236      0.06695      0.03039      0.00259      0.06707      0.03102      
11300   0.15746    0.03712    0.04830    0.00231      0.06675      0.02973      0.00261      0.06697      0.03048      
11400   0.15691    0.03686    0.04802    0.00240      0.06657      0.03053      0.00272      0.06673      0.03121      
11500   0.15672    0.03679    0.04794    0.00220      0.06716      0.02634      0.00251      0.06711      0.02706      
11600   0.15570    0.03647    0.04757    0.00229      0.06650      0.02864      0.00251      0.06654      0.02930      
11700   0.15519    0.03641    0.04740    0.00214      0.06625      0.02990      0.00253      0.06640      0.03005      
11800   0.15469    0.03623    0.04722    0.00224      0.06611      0.02903      0.00259      0.06606      0.02944      
11900   0.15467    0.03610    0.04707    0.00226      0.06647      0.02774      0.00252      0.06654      0.02848      
12000   0.15395    0.03591    0.04692    0.00229      0.06578      0.03050      0.00267      0.06594      0.03080      
12100   0.15378    0.03569    0.04656    0.00245      0.06609      0.02990      0.00274      0.06594      0.03031      
12200   0.15304    0.03567    0.04646    0.00241      0.06517      0.03333      0.00279      0.06520      0.03373      
12300   0.15272    0.03544    0.04613    0.00230      0.06612      0.02751      0.00250      0.06600      0.02806      
12400   0.15172    0.03519    0.04581    0.00214      0.06597      0.02601      0.00244      0.06618      0.02673      
12500   0.15071    0.03493    0.04545    0.00223      0.06528      0.02829      0.00265      0.06527      0.02875      
12600   0.15029    0.03481    0.04532    0.00209      0.06538      0.02684      0.00253      0.06536      0.02748      
12700   0.15024    0.03467    0.04522    0.00227      0.06519      0.02900      0.00271      0.06514      0.02975      
12800   0.14879    0.03438    0.04490    0.00199      0.06495      0.02567      0.00232      0.06495      0.02616      
12900   0.14861    0.03426    0.04478    0.00207      0.06472      0.02787      0.00242      0.06479      0.02814      
13000   0.14859    0.03409    0.04459    0.00234      0.06476      0.02810      0.00268      0.06487      0.02883      
13100   0.14790    0.03403    0.04449    0.00212      0.06470      0.02561      0.00249      0.06463      0.02638      
13200   0.14790    0.03384    0.04420    0.00219      0.06492      0.02743      0.00249      0.06497      0.02808      
13300   0.14720    0.03351    0.04395    0.00202      0.06511      0.02613      0.00232      0.06506      0.02674      
13400   0.14662    0.03328    0.04367    0.00225      0.06470      0.02722      0.00255      0.06476      0.02762      
13500   0.14585    0.03309    0.04353    0.00209      0.06447      0.02658      0.00235      0.06447      0.02711      
13600   0.14578    0.03291    0.04325    0.00211      0.06488      0.02642      0.00232      0.06502      0.02714      
13700   0.14546    0.03279    0.04323    0.00211      0.06476      0.02570      0.00234      0.06491      0.02634      
13800   0.14564    0.03270    0.04308    0.00229      0.06453      0.03051      0.00250      0.06470      0.03056      
13900   0.14442    0.03253    0.04279    0.00205      0.06444      0.02611      0.00239      0.06459      0.02653      
14000   0.14432    0.03232    0.04264    0.00216      0.06461      0.02588      0.00247      0.06477      0.02631      
14100   0.14404    0.03229    0.04271    0.00188      0.06473      0.02433      0.00219      0.06480      0.02480      
14200   0.14353    0.03203    0.04240    0.00212      0.06430      0.02681      0.00232      0.06428      0.02700      
14300   0.14330    0.03191    0.04218    0.00226      0.06416      0.02792      0.00248      0.06427      0.02862      
14400   0.14255    0.03173    0.04198    0.00197      0.06437      0.02502      0.00224      0.06454      0.02577      
14500   0.14200    0.03157    0.04185    0.00205      0.06390      0.02621      0.00228      0.06406      0.02690      
14600   0.14187    0.03137    0.04166    0.00190      0.06435      0.02591      0.00224      0.06456      0.02624      
14700   0.14123    0.03117    0.04142    0.00209      0.06397      0.02572      0.00234      0.06406      0.02653      
14800   0.14056    0.03087    0.04119    0.00211      0.06366      0.02722      0.00241      0.06391      0.02797      
14900   0.14021    0.03062    0.04084    0.00211      0.06395      0.02680      0.00245      0.06401      0.02731      
15000   0.13952    0.03045    0.04062    0.00197      0.06387      0.02614      0.00228      0.06412      0.02652      
15100   0.13875    0.03020    0.04035    0.00207      0.06349      0.02639      0.00239      0.06378      0.02690      
15200   0.13875    0.02992    0.04008    0.00207      0.06411      0.02571      0.00238      0.06432      0.02607      
15300   0.13823    0.02980    0.03992    0.00212      0.06363      0.02762      0.00244      0.06377      0.02781      
15400   0.13765    0.02971    0.03973    0.00200      0.06371      0.02500      0.00223      0.06392      0.02524      
15500   0.13731    0.02942    0.03941    0.00200      0.06398      0.02496      0.00224      0.06423      0.02523      
15600   0.13673    0.02919    0.03911    0.00199      0.06388      0.02564      0.00221      0.06411      0.02597      
15700   0.13636    0.02904    0.03899    0.00203      0.06376      0.02539      0.00222      0.06394      0.02567      
15800   0.13630    0.02896    0.03890    0.00211      0.06356      0.02770      0.00236      0.06364      0.02795      
15900   0.13573    0.02872    0.03865    0.00231      0.06320      0.02854      0.00256      0.06338      0.02880      
16000   0.13530    0.02853    0.03842    0.00213      0.06349      0.02740      0.00239      0.06368      0.02767      
16100   0.13460    0.02834    0.03824    0.00196      0.06352      0.02535      0.00221      0.06369      0.02590      
16200   0.13461    0.02807    0.03795    0.00225      0.06350      0.02848      0.00247      0.06359      0.02903      
16300   0.13383    0.02785    0.03766    0.00210      0.06366      0.02569      0.00231      0.06372      0.02661      
16400   0.13313    0.02778    0.03751    0.00197      0.06333      0.02552      0.00222      0.06355      0.02600      
16500   0.13260    0.02753    0.03726    0.00202      0.06312      0.02668      0.00232      0.06330      0.02705      
16600   0.13240    0.02723    0.03702    0.00218      0.06333      0.02645      0.00236      0.06353      0.02700      
16700   0.13193    0.02709    0.03686    0.00208      0.06326      0.02646      0.00227      0.06351      0.02699      
16800   0.13138    0.02682    0.03650    0.00203      0.06337      0.02660      0.00229      0.06365      0.02715      
16900   0.13127    0.02669    0.03633    0.00211      0.06352      0.02605      0.00240      0.06383      0.02669      
17000   0.13041    0.02656    0.03610    0.00203      0.06322      0.02502      0.00232      0.06345      0.02553      
17100   0.13005    0.02630    0.03585    0.00205      0.06319      0.02655      0.00230      0.06346      0.02693      
17200   0.12950    0.02618    0.03576    0.00210      0.06286      0.02599      0.00234      0.06313      0.02642      
17300   0.12911    0.02594    0.03547    0.00215      0.06290      0.02649      0.00233      0.06307      0.02693      
17400   0.12916    0.02582    0.03538    0.00212      0.06323      0.02602      0.00230      0.06345      0.02642      
17500   0.12831    0.02562    0.03521    0.00205      0.06286      0.02572      0.00230      0.06314      0.02624      
17600   0.12802    0.02556    0.03517    0.00196      0.06279      0.02536      0.00226      0.06300      0.02560      
17700   0.12765    0.02521    0.03487    0.00213      0.06273      0.02716      0.00235      0.06298      0.02776      
17800   0.12753    0.02507    0.03466    0.00200      0.06320      0.02608      0.00226      0.06357      0.02660      
17900   0.12712    0.02495    0.03449    0.00217      0.06277      0.02742      0.00244      0.06294      0.02806      
18000   0.12702    0.02488    0.03436    0.00207      0.06292      0.02788      0.00236      0.06329      0.02835      
18100   0.12697    0.02477    0.03423    0.00212      0.06291      0.02935      0.00244      0.06298      0.02963      
18200   0.12618    0.02463    0.03403    0.00208      0.06274      0.02691      0.00230      0.06291      0.02740      
18300   0.12607    0.02450    0.03393    0.00213      0.06291      0.02598      0.00237      0.06313      0.02657      
18400   0.12522    0.02427    0.03370    0.00208      0.06257      0.02595      0.00232      0.06286      0.02641      
18500   0.12485    0.02405    0.03347    0.00208      0.06265      0.02598      0.00239      0.06294      0.02648      
18600   0.12478    0.02398    0.03331    0.00199      0.06276      0.02745      0.00235      0.06299      0.02781      
18700   0.12492    0.02388    0.03324    0.00212      0.06284      0.02836      0.00251      0.06317      0.02882      
18800   0.12369    0.02364    0.03301    0.00204      0.06243      0.02574      0.00231      0.06269      0.02640      
18900   0.12400    0.02365    0.03287    0.00190      0.06305      0.02532      0.00223      0.06337      0.02594      
19000   0.12364    0.02348    0.03272    0.00197      0.06296      0.02510      0.00225      0.06320      0.02580      
19100   0.12345    0.02344    0.03262    0.00197      0.06295      0.02461      0.00227      0.06310      0.02509      
19200   0.12297    0.02321    0.03235    0.00200      0.06295      0.02451      0.00228      0.06313      0.02508      
19300   0.12256    0.02308    0.03225    0.00200      0.06269      0.02531      0.00230      0.06285      0.02591      
19400   0.12211    0.02290    0.03205    0.00191      0.06263      0.02628      0.00221      0.06291      0.02669      
19500   0.12197    0.02286    0.03189    0.00189      0.06274      0.02593      0.00221      0.06297      0.02637      
19600   0.12143    0.02266    0.03170    0.00206      0.06246      0.02561      0.00237      0.06259      0.02629      
19700   0.12159    0.02261    0.03168    0.00195      0.06272      0.02630      0.00229      0.06307      0.02692      
19800   0.12071    0.02247    0.03156    0.00199      0.06217      0.02520      0.00229      0.06242      0.02578      
19900   0.12044    0.02235    0.03139    0.00200      0.06230      0.02399      0.00222      0.06240      0.02474      
20000   0.12012    0.02213    0.03122    0.00196      0.06237      0.02434      0.00214      0.06258      0.02488      
20100   0.12005    0.02215    0.03119    0.00192      0.06231      0.02484      0.00216      0.06249      0.02550      
20200   0.11992    0.02208    0.03105    0.00194      0.06233      0.02513      0.00221      0.06251      0.02567      
20300   0.11968    0.02191    0.03089    0.00200      0.06226      0.02616      0.00233      0.06246      0.02676      
20400   0.11933    0.02190    0.03085    0.00191      0.06230      0.02374      0.00218      0.06252      0.02441      
20500   0.11912    0.02180    0.03078    0.00187      0.06225      0.02419      0.00215      0.06241      0.02482      
20600   0.11872    0.02158    0.03065    0.00201      0.06194      0.02552      0.00235      0.06216      0.02589      
20700   0.11858    0.02164    0.03064    0.00184      0.06203      0.02422      0.00221      0.06233      0.02473      
20800   0.11851    0.02162    0.03055    0.00188      0.06205      0.02409      0.00217      0.06233      0.02451      
20900   0.11875    0.02166    0.03052    0.00188      0.06219      0.02498      0.00221      0.06243      0.02529      
21000   0.11861    0.02156    0.03045    0.00198      0.06200      0.02620      0.00230      0.06220      0.02674      
21100   0.11802    0.02139    0.03025    0.00187      0.06202      0.02485      0.00217      0.06225      0.02527      
21200   0.11779    0.02129    0.03006    0.00193      0.06200      0.02502      0.00217      0.06234      0.02544      
21300   0.11777    0.02125    0.03007    0.00191      0.06199      0.02542      0.00227      0.06221      0.02587      
21400   0.11773    0.02110    0.03000    0.00181      0.06231      0.02514      0.00215      0.06255      0.02552      
21500   0.11701    0.02092    0.02981    0.00188      0.06188      0.02531      0.00219      0.06223      0.02579      
21600   0.11714    0.02096    0.02983    0.00197      0.06174      0.02630      0.00222      0.06203      0.02676      
21700   0.11698    0.02098    0.02979    0.00186      0.06180      0.02538      0.00217      0.06211      0.02563      
21800   0.11667    0.02080    0.02958    0.00199      0.06187      0.02427      0.00217      0.06219      0.02496      
21900   0.11656    0.02079    0.02955    0.00190      0.06181      0.02513      0.00217      0.06215      0.02558      
22000   0.11640    0.02071    0.02943    0.00200      0.06161      0.02649      0.00224      0.06188      0.02701      
22100   0.11626    0.02068    0.02938    0.00185      0.06196      0.02387      0.00209      0.06223      0.02425      
22200   0.11575    0.02054    0.02923    0.00187      0.06155      0.02566      0.00218      0.06190      0.02598      
22300   0.11544    0.02027    0.02905    0.00204      0.06137      0.02697      0.00226      0.06151      0.02719      
22400   0.11512    0.02025    0.02900    0.00197      0.06129      0.02617      0.00218      0.06156      0.02644      
22500   0.11501    0.02014    0.02885    0.00183      0.06180      0.02395      0.00215      0.06200      0.02450      
22600   0.11478    0.02003    0.02877    0.00193      0.06148      0.02571      0.00213      0.06167      0.02606      
22700   0.11523    0.02016    0.02886    0.00195      0.06171      0.02558      0.00221      0.06211      0.02589      
22800   0.11463    0.01989    0.02868    0.00200      0.06148      0.02587      0.00225      0.06178      0.02633      
22900   0.11422    0.01978    0.02854    0.00202      0.06134      0.02549      0.00223      0.06162      0.02598      
23000   0.11390    0.01968    0.02840    0.00188      0.06147      0.02461      0.00209      0.06193      0.02504      
23100   0.11394    0.01967    0.02831    0.00198      0.06152      0.02457      0.00221      0.06190      0.02538      
23200   0.11370    0.01956    0.02826    0.00196      0.06130      0.02623      0.00221      0.06173      0.02656      
23300   0.11346    0.01950    0.02821    0.00192      0.06135      0.02486      0.00213      0.06170      0.02530      
23400   0.11355    0.01945    0.02815    0.00198      0.06150      0.02475      0.00217      0.06178      0.02522      
23500   0.11315    0.01939    0.02805    0.00206      0.06107      0.02572      0.00234      0.06137      0.02608      
23600   0.11295    0.01930    0.02798    0.00190      0.06123      0.02534      0.00212      0.06149      0.02564      
23700   0.11294    0.01925    0.02790    0.00202      0.06113      0.02645      0.00222      0.06132      0.02666      
23800   0.11293    0.01918    0.02780    0.00192      0.06150      0.02544      0.00215      0.06181      0.02570      
23900   0.11246    0.01905    0.02769    0.00193      0.06126      0.02545      0.00222      0.06160      0.02586      
24000   0.11256    0.01904    0.02769    0.00198      0.06120      0.02644      0.00221      0.06151      0.02682      
24100   0.11218    0.01890    0.02757    0.00202      0.06116      0.02527      0.00225      0.06140      0.02578      
24200   0.11213    0.01886    0.02747    0.00196      0.06121      0.02630      0.00224      0.06149      0.02662      
24300   0.11212    0.01881    0.02739    0.00211      0.06120      0.02610      0.00229      0.06145      0.02653      
24400   0.11204    0.01880    0.02735    0.00207      0.06118      0.02637      0.00232      0.06144      0.02675      
24500   0.11174    0.01861    0.02726    0.00198      0.06128      0.02602      0.00218      0.06151      0.02634      
24600   0.11135    0.01854    0.02720    0.00200      0.06104      0.02569      0.00221      0.06134      0.02597      
24700   0.11119    0.01851    0.02715    0.00196      0.06103      0.02526      0.00222      0.06135      0.02579      
24800   0.11125    0.01845    0.02707    0.00201      0.06120      0.02512      0.00224      0.06136      0.02580      
24900   0.11084    0.01835    0.02700    0.00202      0.06097      0.02500      0.00225      0.06119      0.02535      
25000   0.11100    0.01832    0.02695    0.00202      0.06115      0.02566      0.00231      0.06143      0.02615      
25100   0.11077    0.01828    0.02687    0.00192      0.06123      0.02475      0.00221      0.06143      0.02520      
25200   0.11051    0.01815    0.02676    0.00195      0.06121      0.02443      0.00217      0.06144      0.02490      
25300   0.11038    0.01823    0.02675    0.00199      0.06095      0.02465      0.00223      0.06126      0.02524      
25400   0.11036    0.01818    0.02667    0.00208      0.06083      0.02598      0.00228      0.06120      0.02659      
25500   0.11023    0.01805    0.02661    0.00204      0.06091      0.02621      0.00228      0.06134      0.02650      
25600   0.11026    0.01793    0.02649    0.00210      0.06107      0.02674      0.00237      0.06145      0.02712      
25700   0.10987    0.01792    0.02644    0.00210      0.06082      0.02582      0.00224      0.06126      0.02641      
25800   0.10960    0.01785    0.02637    0.00205      0.06077      0.02571      0.00230      0.06112      0.02608      
25900   0.10949    0.01780    0.02629    0.00198      0.06088      0.02539      0.00219      0.06134      0.02596      
26000   0.10938    0.01777    0.02627    0.00198      0.06082      0.02531      0.00227      0.06123      0.02583      
26100   0.10921    0.01767    0.02618    0.00201      0.06082      0.02524      0.00221      0.06131      0.02584      
26200   0.10909    0.01763    0.02611    0.00205      0.06075      0.02555      0.00228      0.06115      0.02608      
26300   0.10886    0.01766    0.02609    0.00196      0.06057      0.02570      0.00218      0.06102      0.02614      
26400   0.10890    0.01755    0.02601    0.00201      0.06082      0.02513      0.00223      0.06120      0.02562      
26500   0.10881    0.01751    0.02596    0.00201      0.06081      0.02524      0.00219      0.06125      0.02561      
26600   0.10888    0.01754    0.02590    0.00207      0.06076      0.02609      0.00223      0.06119      0.02656      
26700   0.10823    0.01728    0.02578    0.00204      0.06052      0.02611      0.00227      0.06100      0.02667      
26800   0.10852    0.01729    0.02581    0.00203      0.06081      0.02586      0.00226      0.06120      0.02644      
26900   0.10824    0.01716    0.02566    0.00209      0.06077      0.02567      0.00228      0.06125      0.02631      
27000   0.10809    0.01719    0.02560    0.00196      0.06079      0.02548      0.00217      0.06129      0.02596      
27100   0.10793    0.01702    0.02550    0.00205      0.06086      0.02501      0.00219      0.06118      0.02546      
27200   0.10755    0.01702    0.02549    0.00197      0.06063      0.02431      0.00219      0.06107      0.02479      
27300   0.10743    0.01691    0.02538    0.00201      0.06064      0.02498      0.00222      0.06101      0.02541      
27400   0.10723    0.01680    0.02531    0.00194      0.06066      0.02522      0.00222      0.06104      0.02566      
27500   0.10734    0.01685    0.02530    0.00192      0.06071      0.02559      0.00221      0.06106      0.02596      
27600   0.10722    0.01682    0.02525    0.00197      0.06069      0.02493      0.00225      0.06108      0.02530      
27700   0.10691    0.01668    0.02514    0.00196      0.06068      0.02451      0.00221      0.06104      0.02503      
27800   0.10676    0.01660    0.02505    0.00194      0.06074      0.02422      0.00218      0.06103      0.02467      
27900   0.10675    0.01657    0.02502    0.00199      0.06069      0.02480      0.00224      0.06108      0.02529      
28000   0.10650    0.01650    0.02496    0.00190      0.06072      0.02413      0.00216      0.06113      0.02466      
28100   0.10650    0.01649    0.02490    0.00197      0.06064      0.02494      0.00225      0.06105      0.02548      
28200   0.10621    0.01641    0.02482    0.00191      0.06062      0.02448      0.00215      0.06101      0.02490      
28300   0.10601    0.01631    0.02477    0.00194      0.06054      0.02445      0.00218      0.06098      0.02493      
28400   0.10601    0.01632    0.02476    0.00192      0.06051      0.02505      0.00220      0.06096      0.02546      
28500   0.10594    0.01625    0.02469    0.00196      0.06042      0.02608      0.00220      0.06092      0.02642      
28600   0.10583    0.01623    0.02467    0.00199      0.06047      0.02468      0.00225      0.06087      0.02516      
28700   0.10576    0.01628    0.02466    0.00199      0.06038      0.02452      0.00222      0.06085      0.02507      
28800   0.10560    0.01617    0.02459    0.00200      0.06020      0.02645      0.00227      0.06058      0.02665      
28900   0.10549    0.01612    0.02454    0.00196      0.06034      0.02536      0.00221      0.06068      0.02566      
29000   0.10552    0.01606    0.02451    0.00204      0.06030      0.02606      0.00234      0.06073      0.02651      
29100   0.10538    0.01603    0.02444    0.00200      0.06041      0.02507      0.00221      0.06082      0.02554      
29200   0.10514    0.01600    0.02440    0.00201      0.06028      0.02449      0.00220      0.06066      0.02503      
29300   0.10502    0.01585    0.02433    0.00198      0.06037      0.02484      0.00223      0.06074      0.02551      
29400   0.10479    0.01584    0.02426    0.00192      0.06027      0.02492      0.00217      0.06074      0.02543      
29500   0.10473    0.01576    0.02420    0.00195      0.06028      0.02527      0.00223      0.06067      0.02572      
29600   0.10465    0.01568    0.02412    0.00201      0.06032      0.02511      0.00226      0.06064      0.02568      
29700   0.10465    0.01566    0.02410    0.00197      0.06044      0.02485      0.00224      0.06078      0.02544      
29800   0.10422    0.01555    0.02403    0.00198      0.06017      0.02498      0.00226      0.06062      0.02551      
29900   0.10428    0.01555    0.02395    0.00203      0.06024      0.02518      0.00229      0.06071      0.02576      
30000   0.10423    0.01546    0.02393    0.00200      0.06036      0.02479      0.00227      0.06081      0.02537      
30100   0.10392    0.01547    0.02392    0.00190      0.06018      0.02443      0.00221      0.06069      0.02501      
30200   0.10395    0.01544    0.02390    0.00195      0.06018      0.02473      0.00223      0.06065      0.02526      
30300   0.10398    0.01547    0.02390    0.00198      0.06012      0.02510      0.00225      0.06056      0.02556      
30400   0.10371    0.01538    0.02383    0.00197      0.06003      0.02499      0.00226      0.06047      0.02540      
30500   0.10366    0.01523    0.02370    0.00199      0.06026      0.02470      0.00228      0.06074      0.02521      
30600   0.10365    0.01529    0.02370    0.00198      0.06012      0.02557      0.00223      0.06065      0.02604      
30700   0.10357    0.01523    0.02362    0.00197      0.06021      0.02540      0.00226      0.06061      0.02585      
30800   0.10332    0.01519    0.02359    0.00194      0.06011      0.02490      0.00221      0.06063      0.02537      
30900   0.10325    0.01508    0.02352    0.00204      0.06003      0.02569      0.00228      0.06054      0.02612      
31000   0.10301    0.01500    0.02346    0.00202      0.06000      0.02530      0.00225      0.06035      0.02591      
31100   0.10298    0.01499    0.02342    0.00200      0.06005      0.02518      0.00220      0.06045      0.02560      
31200   0.10298    0.01494    0.02336    0.00202      0.06008      0.02591      0.00231      0.06052      0.02649      
31300   0.10283    0.01486    0.02329    0.00198      0.06019      0.02502      0.00221      0.06058      0.02548      
31400   0.10275    0.01485    0.02327    0.00196      0.06019      0.02467      0.00224      0.06063      0.02527      
31500   0.10253    0.01482    0.02323    0.00199      0.05999      0.02501      0.00225      0.06043      0.02548      
31600   0.10242    0.01474    0.02315    0.00192      0.06014      0.02472      0.00220      0.06065      0.02528      
31700   0.10231    0.01471    0.02313    0.00196      0.06007      0.02438      0.00221      0.06060      0.02505      
31800   0.10211    0.01462    0.02305    0.00192      0.06006      0.02457      0.00220      0.06053      0.02513      
31900   0.10204    0.01457    0.02300    0.00198      0.06001      0.02488      0.00224      0.06043      0.02532      
32000   0.10213    0.01459    0.02295    0.00198      0.06018      0.02429      0.00221      0.06068      0.02495      
32100   0.10190    0.01442    0.02285    0.00200      0.06013      0.02493      0.00220      0.06063      0.02537      
32200   0.10166    0.01436    0.02280    0.00197      0.06004      0.02497      0.00222      0.06051      0.02548      
32300   0.10162    0.01426    0.02275    0.00200      0.06010      0.02515      0.00220      0.06068      0.02563      
32400   0.10156    0.01427    0.02271    0.00197      0.06014      0.02463      0.00221      0.06062      0.02516      
32500   0.10149    0.01418    0.02264    0.00198      0.06019      0.02506      0.00221      0.06067      0.02548      
32600   0.10123    0.01415    0.02261    0.00198      0.06002      0.02483      0.00224      0.06042      0.02546      
32700   0.10107    0.01406    0.02256    0.00200      0.05989      0.02562      0.00226      0.06032      0.02613      
32800   0.10101    0.01404    0.02248    0.00202      0.05991      0.02563      0.00226      0.06035      0.02626      
32900   0.10100    0.01400    0.02247    0.00193      0.06010      0.02507      0.00220      0.06054      0.02557      
33000   0.10084    0.01395    0.02242    0.00196      0.06000      0.02510      0.00226      0.06039      0.02569      
33100   0.10075    0.01390    0.02237    0.00204      0.05984      0.02606      0.00231      0.06023      0.02652      
33200   0.10083    0.01390    0.02238    0.00202      0.06001      0.02524      0.00228      0.06042      0.02589      
33300   0.10071    0.01387    0.02237    0.00201      0.06000      0.02478      0.00225      0.06043      0.02547      
33400   0.10062    0.01383    0.02229    0.00195      0.05993      0.02621      0.00223      0.06028      0.02661      
33500   0.10052    0.01381    0.02226    0.00196      0.05997      0.02516      0.00223      0.06035      0.02579      
33600   0.10035    0.01375    0.02219    0.00194      0.05998      0.02495      0.00223      0.06036      0.02560      
33700   0.10043    0.01375    0.02217    0.00193      0.06003      0.02558      0.00226      0.06035      0.02616      
33800   0.10038    0.01373    0.02215    0.00191      0.06013      0.02465      0.00215      0.06048      0.02516      
33900   0.10027    0.01370    0.02212    0.00197      0.06006      0.02421      0.00223      0.06040      0.02500      
34000   0.10016    0.01364    0.02210    0.00195      0.06002      0.02458      0.00218      0.06034      0.02521      
34100   0.10013    0.01365    0.02207    0.00196      0.05996      0.02485      0.00222      0.06028      0.02547      
34200   0.10008    0.01362    0.02207    0.00201      0.05985      0.02541      0.00226      0.06022      0.02605      
34300   0.10004    0.01359    0.02203    0.00198      0.05990      0.02531      0.00227      0.06031      0.02601      
34400   0.09994    0.01357    0.02202    0.00199      0.05983      0.02530      0.00225      0.06031      0.02598      
34500   0.09983    0.01348    0.02195    0.00197      0.05991      0.02516      0.00223      0.06037      0.02566      
34600   0.09973    0.01345    0.02192    0.00196      0.05996      0.02456      0.00218      0.06036      0.02514      
34700   0.09969    0.01343    0.02190    0.00198      0.05982      0.02563      0.00226      0.06026      0.02608      
34800   0.09968    0.01341    0.02190    0.00202      0.05983      0.02509      0.00227      0.06017      0.02578      
34900   0.09966    0.01339    0.02188    0.00193      0.05997      0.02479      0.00225      0.06045      0.02558      
35000   0.09939    0.01334    0.02183    0.00195      0.05978      0.02488      0.00224      0.06019      0.02556      
35100   0.09934    0.01333    0.02180    0.00193      0.05986      0.02421      0.00219      0.06030      0.02491      
35200   0.09914    0.01326    0.02175    0.00195      0.05969      0.02489      0.00221      0.06009      0.02548      
35300   0.09908    0.01319    0.02172    0.00198      0.05961      0.02566      0.00228      0.06001      0.02616      
35400   0.09905    0.01314    0.02167    0.00195      0.05982      0.02488      0.00221      0.06031      0.02552      
35500   0.09904    0.01319    0.02168    0.00196      0.05977      0.02444      0.00220      0.06018      0.02511      
35600   0.09897    0.01315    0.02164    0.00196      0.05977      0.02451      0.00221      0.06019      0.02524      
35700   0.09881    0.01300    0.02155    0.00194      0.05983      0.02477      0.00221      0.06026      0.02537      
35800   0.09870    0.01292    0.02149    0.00201      0.05976      0.02518      0.00225      0.06022      0.02573      
35900   0.09858    0.01289    0.02147    0.00199      0.05977      0.02468      0.00223      0.06020      0.02528      
36000   0.09847    0.01284    0.02145    0.00194      0.05972      0.02526      0.00221      0.06023      0.02592      
36100   0.09835    0.01275    0.02139    0.00198      0.05964      0.02586      0.00226      0.06012      0.02635      
36200   0.09813    0.01269    0.02136    0.00199      0.05957      0.02520      0.00224      0.06003      0.02571      
36300   0.09811    0.01268    0.02134    0.00198      0.05964      0.02455      0.00223      0.06007      0.02520      
36400   0.09804    0.01263    0.02131    0.00200      0.05961      0.02491      0.00221      0.06003      0.02543      
36500   0.09811    0.01268    0.02129    0.00195      0.05973      0.02464      0.00222      0.06023      0.02538      
36600   0.09799    0.01264    0.02126    0.00194      0.05970      0.02451      0.00221      0.06016      0.02523      
36700   0.09783    0.01255    0.02120    0.00198      0.05963      0.02460      0.00219      0.06008      0.02517      
36800   0.09778    0.01262    0.02120    0.00194      0.05958      0.02438      0.00217      0.06001      0.02500      
36900   0.09770    0.01251    0.02116    0.00203      0.05951      0.02493      0.00227      0.05996      0.02558      
37000   0.09772    0.01250    0.02113    0.00198      0.05964      0.02469      0.00221      0.06008      0.02526      
37100   0.09749    0.01246    0.02110    0.00192      0.05960      0.02415      0.00217      0.06001      0.02467      
37200   0.09762    0.01248    0.02108    0.00195      0.05960      0.02512      0.00223      0.06000      0.02565      
37300   0.09749    0.01246    0.02107    0.00195      0.05954      0.02470      0.00222      0.05999      0.02516      
37400   0.09733    0.01238    0.02103    0.00197      0.05953      0.02430      0.00219      0.06001      0.02485      
37500   0.09736    0.01235    0.02101    0.00194      0.05963      0.02429      0.00220      0.06013      0.02483      
37600   0.09730    0.01231    0.02099    0.00200      0.05953      0.02467      0.00222      0.06002      0.02524      
37700   0.09724    0.01228    0.02095    0.00195      0.05960      0.02463      0.00219      0.06007      0.02524      
37800   0.09714    0.01222    0.02092    0.00197      0.05955      0.02482      0.00224      0.06003      0.02537      
37900   0.09711    0.01225    0.02090    0.00197      0.05949      0.02504      0.00223      0.06001      0.02558      
38000   0.09692    0.01215    0.02084    0.00198      0.05952      0.02437      0.00222      0.05999      0.02497      
38100   0.09688    0.01213    0.02081    0.00192      0.05959      0.02442      0.00216      0.06006      0.02496      
38200   0.09686    0.01207    0.02077    0.00196      0.05962      0.02453      0.00220      0.06011      0.02517      
38300   0.09678    0.01198    0.02074    0.00201      0.05957      0.02473      0.00225      0.06000      0.02539      
38400   0.09671    0.01195    0.02071    0.00192      0.05964      0.02494      0.00222      0.06011      0.02555      
38500   0.09666    0.01193    0.02069    0.00193      0.05967      0.02442      0.00220      0.06012      0.02504      
38600   0.09658    0.01189    0.02067    0.00192      0.05962      0.02480      0.00224      0.06007      0.02542      
38700   0.09644    0.01185    0.02062    0.00195      0.05957      0.02441      0.00221      0.06009      0.02507      
38800   0.09643    0.01184    0.02059    0.00196      0.05961      0.02439      0.00220      0.06012      0.02502      
38900   0.09626    0.01180    0.02055    0.00192      0.05953      0.02462      0.00218      0.06004      0.02519      
39000   0.09629    0.01172    0.02053    0.00196      0.05965      0.02430      0.00221      0.06013      0.02491      
39100   0.09613    0.01172    0.02052    0.00195      0.05946      0.02484      0.00220      0.05996      0.02538      
39200   0.09612    0.01166    0.02048    0.00196      0.05947      0.02553      0.00224      0.05994      0.02604      
39300   0.09610    0.01165    0.02046    0.00196      0.05953      0.02510      0.00223      0.06007      0.02574      
39400   0.09601    0.01165    0.02045    0.00195      0.05950      0.02473      0.00221      0.05999      0.02529      
39500   0.09604    0.01165    0.02044    0.00191      0.05953      0.02500      0.00221      0.06007      0.02554      
39600   0.09597    0.01162    0.02042    0.00195      0.05946      0.02521      0.00226      0.05995      0.02569      
39700   0.09590    0.01157    0.02038    0.00196      0.05953      0.02470      0.00222      0.05999      0.02521      
39800   0.09580    0.01149    0.02036    0.00193      0.05955      0.02470      0.00223      0.06007      0.02523      
39900   0.09570    0.01145    0.02033    0.00191      0.05959      0.02425      0.00216      0.06015      0.02490      
40000   0.09558    0.01138    0.02029    0.00195      0.05952      0.02433      0.00220      0.06003      0.02499      
40100   0.09553    0.01134    0.02026    0.00191      0.05954      0.02472      0.00220      0.06005      0.02523      
40200   0.09544    0.01127    0.02023    0.00194      0.05948      0.02516      0.00222      0.06000      0.02570      
40300   0.09545    0.01127    0.02021    0.00202      0.05943      0.02517      0.00230      0.05994      0.02568      
40400   0.09529    0.01124    0.02019    0.00190      0.05947      0.02484      0.00220      0.05997      0.02532      
40500   0.09539    0.01127    0.02019    0.00197      0.05951      0.02448      0.00226      0.06004      0.02510      
40600   0.09525    0.01121    0.02016    0.00191      0.05954      0.02433      0.00217      0.06001      0.02489      
40700   0.09518    0.01121    0.02015    0.00191      0.05952      0.02391      0.00219      0.05999      0.02451      
40800   0.09518    0.01118    0.02015    0.00192      0.05951      0.02417      0.00223      0.05999      0.02479      
40900   0.09515    0.01119    0.02014    0.00190      0.05948      0.02444      0.00219      0.05993      0.02499      
41000   0.09511    0.01114    0.02012    0.00189      0.05953      0.02425      0.00216      0.05996      0.02482      
41100   0.09501    0.01111    0.02009    0.00191      0.05944      0.02441      0.00221      0.05986      0.02495      
41200   0.09498    0.01110    0.02008    0.00192      0.05943      0.02449      0.00218      0.05983      0.02495      
41300   0.09489    0.01106    0.02004    0.00193      0.05941      0.02461      0.00221      0.05982      0.02513      
41400   0.09486    0.01103    0.02002    0.00196      0.05944      0.02412      0.00220      0.05983      0.02476      
41500   0.09482    0.01101    0.01999    0.00194      0.05939      0.02485      0.00223      0.05988      0.02547      
41600   0.09474    0.01101    0.01998    0.00193      0.05938      0.02431      0.00219      0.05979      0.02489      
41700   0.09465    0.01090    0.01993    0.00193      0.05941      0.02470      0.00224      0.05983      0.02527      
41800   0.09448    0.01086    0.01991    0.00192      0.05933      0.02463      0.00217      0.05975      0.02513      
41900   0.09450    0.01088    0.01989    0.00188      0.05938      0.02461      0.00218      0.05983      0.02512      
42000   0.09437    0.01085    0.01986    0.00190      0.05931      0.02441      0.00216      0.05978      0.02497      
42100   0.09437    0.01085    0.01983    0.00192      0.05933      0.02429      0.00219      0.05971      0.02481      
42200   0.09429    0.01082    0.01981    0.00192      0.05931      0.02433      0.00218      0.05976      0.02487      
42300   0.09431    0.01081    0.01980    0.00190      0.05936      0.02440      0.00214      0.05979      0.02493      
42400   0.09423    0.01077    0.01978    0.00195      0.05930      0.02434      0.00221      0.05974      0.02488      
42500   0.09419    0.01077    0.01976    0.00196      0.05924      0.02467      0.00221      0.05965      0.02511      
42600   0.09414    0.01069    0.01972    0.00193      0.05935      0.02443      0.00219      0.05980      0.02492      
42700   0.09413    0.01070    0.01971    0.00192      0.05934      0.02451      0.00220      0.05980      0.02506      
42800   0.09420    0.01069    0.01970    0.00192      0.05940      0.02487      0.00219      0.05987      0.02531      
42900   0.09411    0.01070    0.01968    0.00187      0.05941      0.02445      0.00217      0.05989      0.02499      
43000   0.09407    0.01069    0.01967    0.00193      0.05936      0.02427      0.00219      0.05980      0.02489      
43100   0.09413    0.01072    0.01967    0.00188      0.05940      0.02457      0.00218      0.05989      0.02508      
43200   0.09397    0.01067    0.01965    0.00190      0.05927      0.02481      0.00219      0.05972      0.02530      
43300   0.09385    0.01061    0.01963    0.00190      0.05930      0.02418      0.00218      0.05974      0.02476      
43400   0.09382    0.01058    0.01960    0.00191      0.05929      0.02449      0.00219      0.05974      0.02508      
43500   0.09378    0.01059    0.01959    0.00193      0.05921      0.02465      0.00222      0.05961      0.02516      
43600   0.09368    0.01053    0.01957    0.00191      0.05925      0.02418      0.00220      0.05972      0.02478      
43700   0.09369    0.01051    0.01953    0.00190      0.05925      0.02506      0.00223      0.05967      0.02550      
43800   0.09356    0.01048    0.01953    0.00190      0.05920      0.02459      0.00221      0.05961      0.02508      
43900   0.09353    0.01047    0.01951    0.00189      0.05922      0.02433      0.00218      0.05971      0.02493      
44000   0.09345    0.01042    0.01948    0.00194      0.05917      0.02439      0.00222      0.05960      0.02499      
44100   0.09336    0.01038    0.01946    0.00191      0.05917      0.02440      0.00221      0.05961      0.02501      
44200   0.09338    0.01038    0.01946    0.00193      0.05916      0.02453      0.00220      0.05959      0.02512      
44300   0.09335    0.01037    0.01944    0.00190      0.05918      0.02452      0.00218      0.05958      0.02508      
44400   0.09334    0.01037    0.01943    0.00190      0.05923      0.02413      0.00219      0.05966      0.02471      
44500   0.09325    0.01034    0.01941    0.00189      0.05915      0.02446      0.00218      0.05962      0.02500      
44600   0.09320    0.01029    0.01938    0.00194      0.05914      0.02447      0.00223      0.05960      0.02507      
44700   0.09320    0.01027    0.01936    0.00192      0.05919      0.02457      0.00222      0.05963      0.02514      
44800   0.09317    0.01026    0.01934    0.00190      0.05921      0.02454      0.00220      0.05967      0.02518      
44900   0.09307    0.01020    0.01931    0.00194      0.05915      0.02466      0.00221      0.05952      0.02524      
45000   0.09304    0.01016    0.01929    0.00194      0.05916      0.02497      0.00221      0.05959      0.02553      
45100   0.09292    0.01013    0.01927    0.00193      0.05912      0.02468      0.00222      0.05954      0.02526      
45200   0.09292    0.01011    0.01926    0.00191      0.05917      0.02464      0.00219      0.05962      0.02521      
45300   0.09290    0.01012    0.01925    0.00193      0.05914      0.02466      0.00222      0.05962      0.02531      
45400   0.09288    0.01014    0.01924    0.00194      0.05913      0.02429      0.00220      0.05958      0.02492      
45500   0.09277    0.01011    0.01921    0.00194      0.05907      0.02435      0.00220      0.05944      0.02492      
45600   0.09275    0.01007    0.01919    0.00192      0.05911      0.02458      0.00222      0.05954      0.02519      
45700   0.09272    0.01006    0.01917    0.00197      0.05905      0.02456      0.00224      0.05948      0.02517      
45800   0.09273    0.01005    0.01914    0.00195      0.05911      0.02479      0.00221      0.05954      0.02537      
45900   0.09270    0.01004    0.01913    0.00195      0.05913      0.02454      0.00223      0.05955      0.02515      
46000   0.09257    0.00998    0.01910    0.00193      0.05911      0.02447      0.00220      0.05959      0.02504      
46100   0.09250    0.00997    0.01909    0.00192      0.05905      0.02468      0.00219      0.05952      0.02523      
46200   0.09245    0.00994    0.01907    0.00193      0.05909      0.02419      0.00220      0.05952      0.02481      
46300   0.09244    0.00992    0.01906    0.00193      0.05909      0.02440      0.00221      0.05953      0.02503      
46400   0.09241    0.00989    0.01904    0.00193      0.05914      0.02407      0.00218      0.05959      0.02470      
46500   0.09230    0.00983    0.01901    0.00194      0.05904      0.02480      0.00221      0.05950      0.02536      
46600   0.09226    0.00979    0.01898    0.00191      0.05911      0.02471      0.00219      0.05957      0.02521      
46700   0.09228    0.00978    0.01896    0.00192      0.05917      0.02454      0.00219      0.05966      0.02512      
46800   0.09215    0.00970    0.01892    0.00195      0.05916      0.02412      0.00219      0.05963      0.02476      
46900   0.09206    0.00968    0.01892    0.00196      0.05905      0.02451      0.00220      0.05953      0.02513      
47000   0.09201    0.00970    0.01890    0.00190      0.05909      0.02416      0.00218      0.05954      0.02477      
47100   0.09196    0.00965    0.01888    0.00189      0.05911      0.02417      0.00217      0.05957      0.02478      
47200   0.09201    0.00966    0.01887    0.00189      0.05917      0.02413      0.00214      0.05965      0.02473      
47300   0.09197    0.00963    0.01886    0.00192      0.05912      0.02438      0.00219      0.05964      0.02507      
47400   0.09191    0.00956    0.01882    0.00192      0.05914      0.02454      0.00221      0.05960      0.02517      
47500   0.09187    0.00956    0.01881    0.00193      0.05914      0.02434      0.00219      0.05963      0.02497      
47600   0.09183    0.00954    0.01880    0.00196      0.05909      0.02444      0.00220      0.05957      0.02510      
47700   0.09174    0.00950    0.01878    0.00194      0.05906      0.02456      0.00222      0.05951      0.02516      
47800   0.09172    0.00950    0.01876    0.00192      0.05910      0.02437      0.00219      0.05957      0.02499      
47900   0.09168    0.00949    0.01875    0.00193      0.05908      0.02422      0.00218      0.05957      0.02484      
48000   0.09170    0.00950    0.01874    0.00193      0.05912      0.02412      0.00217      0.05955      0.02471      
48100   0.09164    0.00947    0.01872    0.00191      0.05910      0.02436      0.00219      0.05956      0.02493      
48200   0.09162    0.00946    0.01870    0.00191      0.05912      0.02432      0.00219      0.05961      0.02489      
48300   0.09163    0.00943    0.01868    0.00190      0.05916      0.02467      0.00220      0.05962      0.02517      
48400   0.09157    0.00939    0.01866    0.00191      0.05916      0.02437      0.00218      0.05964      0.02487      
48500   0.09151    0.00938    0.01865    0.00192      0.05909      0.02464      0.00220      0.05957      0.02517      
48600   0.09150    0.00935    0.01862    0.00194      0.05915      0.02448      0.00218      0.05961      0.02504      
48700   0.09142    0.00931    0.01860    0.00196      0.05909      0.02463      0.00224      0.05950      0.02514      
48800   0.09143    0.00933    0.01859    0.00192      0.05912      0.02465      0.00222      0.05954      0.02520      
48900   0.09139    0.00931    0.01858    0.00192      0.05913      0.02443      0.00220      0.05954      0.02495      
49000   0.09138    0.00930    0.01857    0.00192      0.05913      0.02458      0.00220      0.05959      0.02513      
49100   0.09134    0.00930    0.01856    0.00191      0.05912      0.02439      0.00219      0.05959      0.02495      
49200   0.09135    0.00928    0.01855    0.00190      0.05916      0.02461      0.00219      0.05959      0.02511      
49300   0.09131    0.00929    0.01853    0.00192      0.05910      0.02464      0.00220      0.05954      0.02521      
49400   0.09128    0.00925    0.01851    0.00198      0.05906      0.02487      0.00224      0.05949      0.02542      
49500   0.09118    0.00923    0.01850    0.00192      0.05906      0.02476      0.00219      0.05951      0.02527      
49600   0.09119    0.00920    0.01849    0.00193      0.05911      0.02455      0.00220      0.05951      0.02511      
49700   0.09111    0.00918    0.01847    0.00194      0.05904      0.02475      0.00221      0.05947      0.02523      
49800   0.09110    0.00917    0.01845    0.00193      0.05908      0.02467      0.00220      0.05953      0.02519      
49900   0.09104    0.00914    0.01845    0.00192      0.05905      0.02477      0.00221      0.05949      0.02522      
50000   0.09103    0.00912    0.01843    0.00193      0.05908      0.02469      0.00220      0.05952      0.02523      
50100   0.09098    0.00910    0.01841    0.00193      0.05906      0.02480      0.00221      0.05951      0.02530      
50200   0.09097    0.00910    0.01841    0.00192      0.05904      0.02494      0.00221      0.05948      0.02542      
50300   0.09092    0.00907    0.01840    0.00193      0.05909      0.02429      0.00220      0.05954      0.02486      
50400   0.09089    0.00906    0.01839    0.00191      0.05905      0.02481      0.00221      0.05948      0.02528      
50500   0.09081    0.00902    0.01837    0.00189      0.05909      0.02444      0.00221      0.05957      0.02498      
50600   0.09081    0.00901    0.01836    0.00190      0.05909      0.02446      0.00220      0.05954      0.02500      
50700   0.09079    0.00899    0.01834    0.00193      0.05911      0.02422      0.00219      0.05956      0.02484      
50800   0.09073    0.00900    0.01834    0.00190      0.05906      0.02434      0.00217      0.05949      0.02484      
50900   0.09073    0.00899    0.01833    0.00192      0.05905      0.02447      0.00218      0.05949      0.02501      
51000   0.09068    0.00897    0.01833    0.00191      0.05901      0.02464      0.00220      0.05940      0.02510      
51100   0.09064    0.00894    0.01831    0.00190      0.05906      0.02424      0.00218      0.05952      0.02479      
51200   0.09061    0.00893    0.01829    0.00190      0.05904      0.02445      0.00219      0.05949      0.02501      
51300   0.09056    0.00890    0.01829    0.00191      0.05906      0.02407      0.00218      0.05948      0.02459      
51400   0.09049    0.00888    0.01828    0.00190      0.05903      0.02400      0.00217      0.05944      0.02453      
51500   0.09047    0.00886    0.01827    0.00192      0.05899      0.02420      0.00220      0.05940      0.02471      
51600   0.09041    0.00884    0.01826    0.00190      0.05898      0.02425      0.00217      0.05945      0.02476      
51700   0.09040    0.00884    0.01825    0.00190      0.05898      0.02439      0.00217      0.05943      0.02490      
51800   0.09039    0.00883    0.01823    0.00190      0.05899      0.02435      0.00218      0.05945      0.02486      
51900   0.09037    0.00881    0.01821    0.00189      0.05902      0.02440      0.00217      0.05947      0.02493      
52000   0.09029    0.00880    0.01821    0.00190      0.05897      0.02424      0.00218      0.05942      0.02477      
52100   0.09029    0.00878    0.01819    0.00190      0.05902      0.02397      0.00217      0.05946      0.02453      
52200   0.09027    0.00876    0.01818    0.00189      0.05904      0.02402      0.00216      0.05950      0.02455      
52300   0.09022    0.00872    0.01816    0.00188      0.05904      0.02416      0.00216      0.05951      0.02472      
52400   0.09024    0.00872    0.01816    0.00191      0.05903      0.02417      0.00218      0.05949      0.02475      
52500   0.09023    0.00869    0.01814    0.00188      0.05912      0.02407      0.00216      0.05960      0.02465      
52600   0.09017    0.00867    0.01813    0.00189      0.05905      0.02434      0.00218      0.05950      0.02485      
52700   0.09017    0.00867    0.01811    0.00188      0.05909      0.02411      0.00215      0.05956      0.02467      
52800   0.09008    0.00862    0.01810    0.00187      0.05906      0.02433      0.00217      0.05954      0.02484      
52900   0.09008    0.00861    0.01810    0.00187      0.05909      0.02416      0.00216      0.05955      0.02467      
53000   0.09008    0.00862    0.01808    0.00192      0.05904      0.02419      0.00219      0.05950      0.02473      
53100   0.09004    0.00862    0.01808    0.00190      0.05903      0.02413      0.00218      0.05950      0.02467      
53200   0.09000    0.00859    0.01807    0.00190      0.05902      0.02420      0.00217      0.05945      0.02475      
53300   0.08996    0.00855    0.01804    0.00189      0.05908      0.02402      0.00216      0.05952      0.02463      
53400   0.08992    0.00854    0.01804    0.00189      0.05904      0.02411      0.00218      0.05948      0.02470      
53500   0.08986    0.00850    0.01802    0.00189      0.05901      0.02428      0.00218      0.05946      0.02483      
53600   0.08986    0.00849    0.01801    0.00190      0.05902      0.02440      0.00218      0.05944      0.02493      
53700   0.08984    0.00848    0.01801    0.00188      0.05907      0.02408      0.00217      0.05952      0.02469      
53800   0.08981    0.00846    0.01800    0.00190      0.05899      0.02458      0.00220      0.05945      0.02515      
53900   0.08975    0.00844    0.01799    0.00189      0.05897      0.02449      0.00218      0.05942      0.02502      
54000   0.08977    0.00844    0.01798    0.00190      0.05901      0.02438      0.00219      0.05943      0.02492      
54100   0.08972    0.00842    0.01797    0.00190      0.05898      0.02441      0.00218      0.05939      0.02501      
54200   0.08968    0.00840    0.01796    0.00191      0.05897      0.02432      0.00219      0.05941      0.02491      
54300   0.08969    0.00840    0.01794    0.00191      0.05899      0.02438      0.00220      0.05940      0.02492      
54400   0.08966    0.00838    0.01794    0.00191      0.05900      0.02426      0.00219      0.05944      0.02483      
54500   0.08962    0.00835    0.01792    0.00188      0.05903      0.02430      0.00218      0.05948      0.02494      
54600   0.08962    0.00835    0.01791    0.00190      0.05902      0.02452      0.00220      0.05944      0.02511      
54700   0.08959    0.00833    0.01790    0.00188      0.05903      0.02438      0.00217      0.05947      0.02500      
54800   0.08954    0.00832    0.01788    0.00189      0.05900      0.02454      0.00218      0.05946      0.02511      
54900   0.08949    0.00830    0.01788    0.00188      0.05902      0.02418      0.00217      0.05949      0.02478      
55000   0.08948    0.00829    0.01787    0.00190      0.05902      0.02406      0.00219      0.05944      0.02470      
55100   0.08944    0.00827    0.01785    0.00190      0.05900      0.02411      0.00216      0.05946      0.02474      
55200   0.08943    0.00827    0.01784    0.00191      0.05898      0.02429      0.00219      0.05942      0.02488      
55300   0.08936    0.00824    0.01783    0.00188      0.05898      0.02429      0.00217      0.05944      0.02488      
55400   0.08936    0.00825    0.01783    0.00188      0.05900      0.02404      0.00216      0.05945      0.02462      
55500   0.08934    0.00822    0.01781    0.00189      0.05901      0.02409      0.00217      0.05945      0.02468      
55600   0.08933    0.00821    0.01780    0.00189      0.05901      0.02424      0.00217      0.05944      0.02490      
55700   0.08928    0.00819    0.01778    0.00187      0.05899      0.02447      0.00217      0.05941      0.02500      
55800   0.08925    0.00817    0.01778    0.00186      0.05904      0.02405      0.00216      0.05948      0.02468      
55900   0.08924    0.00817    0.01777    0.00188      0.05904      0.02384      0.00215      0.05951      0.02447      
56000   0.08921    0.00815    0.01775    0.00187      0.05902      0.02405      0.00216      0.05946      0.02466      
56100   0.08915    0.00811    0.01774    0.00189      0.05902      0.02388      0.00216      0.05947      0.02450      
56200   0.08911    0.00810    0.01773    0.00189      0.05899      0.02405      0.00218      0.05944      0.02463      
56300   0.08913    0.00807    0.01771    0.00187      0.05904      0.02431      0.00217      0.05949      0.02490      
56400   0.08911    0.00807    0.01771    0.00189      0.05904      0.02401      0.00216      0.05952      0.02464      
56500   0.08908    0.00808    0.01770    0.00189      0.05900      0.02409      0.00217      0.05942      0.02467      
56600   0.08903    0.00806    0.01769    0.00187      0.05900      0.02401      0.00215      0.05944      0.02459      
56700   0.08899    0.00802    0.01768    0.00188      0.05900      0.02407      0.00217      0.05946      0.02469      
56800   0.08898    0.00803    0.01768    0.00188      0.05900      0.02394      0.00217      0.05945      0.02456      
56900   0.08894    0.00801    0.01767    0.00187      0.05900      0.02392      0.00216      0.05943      0.02455      
57000   0.08892    0.00801    0.01766    0.00188      0.05897      0.02407      0.00216      0.05941      0.02466      
57100   0.08890    0.00798    0.01764    0.00188      0.05900      0.02399      0.00217      0.05945      0.02462      
57200   0.08886    0.00797    0.01763    0.00187      0.05898      0.02408      0.00216      0.05944      0.02468      
57300   0.08884    0.00796    0.01763    0.00188      0.05899      0.02381      0.00216      0.05944      0.02442      
57400   0.08879    0.00792    0.01762    0.00190      0.05896      0.02399      0.00217      0.05940      0.02458      
57500   0.08879    0.00794    0.01760    0.00191      0.05893      0.02413      0.00219      0.05938      0.02474      
57600   0.08874    0.00790    0.01760    0.00188      0.05894      0.02415      0.00216      0.05941      0.02473      
57700   0.08872    0.00791    0.01759    0.00188      0.05894      0.02405      0.00216      0.05936      0.02465      
57800   0.08872    0.00791    0.01758    0.00186      0.05896      0.02402      0.00214      0.05941      0.02456      
57900   0.08868    0.00789    0.01757    0.00187      0.05892      0.02424      0.00217      0.05937      0.02481      
58000   0.08866    0.00786    0.01755    0.00188      0.05897      0.02397      0.00216      0.05940      0.02456      
58100   0.08863    0.00786    0.01755    0.00189      0.05891      0.02413      0.00218      0.05935      0.02473      
58200   0.08862    0.00786    0.01754    0.00189      0.05891      0.02417      0.00219      0.05936      0.02480      
58300   0.08857    0.00783    0.01754    0.00188      0.05893      0.02388      0.00215      0.05936      0.02449      
58400   0.08853    0.00782    0.01753    0.00188      0.05889      0.02411      0.00216      0.05934      0.02468      
58500   0.08850    0.00780    0.01752    0.00188      0.05890      0.02406      0.00217      0.05935      0.02461      
58600   0.08848    0.00779    0.01751    0.00188      0.05891      0.02395      0.00216      0.05934      0.02455      
58700   0.08845    0.00777    0.01749    0.00188      0.05890      0.02411      0.00216      0.05935      0.02471      
58800   0.08844    0.00777    0.01748    0.00190      0.05888      0.02410      0.00217      0.05932      0.02469      
58900   0.08838    0.00776    0.01747    0.00187      0.05888      0.02392      0.00215      0.05934      0.02449      
59000   0.08834    0.00774    0.01747    0.00187      0.05886      0.02410      0.00217      0.05929      0.02465      
59100   0.08833    0.00775    0.01746    0.00187      0.05885      0.02407      0.00215      0.05931      0.02464      
59200   0.08831    0.00772    0.01745    0.00188      0.05886      0.02397      0.00217      0.05928      0.02458      
59300   0.08829    0.00771    0.01743    0.00187      0.05888      0.02398      0.00215      0.05932      0.02457      
59400   0.08828    0.00770    0.01742    0.00188      0.05888      0.02400      0.00216      0.05932      0.02458      
59500   0.08825    0.00767    0.01741    0.00188      0.05887      0.02420      0.00216      0.05933      0.02479      
59600   0.08820    0.00766    0.01740    0.00189      0.05884      0.02403      0.00217      0.05928      0.02463      
59700   0.08817    0.00766    0.01739    0.00187      0.05886      0.02390      0.00214      0.05932      0.02452      
59800   0.08815    0.00764    0.01738    0.00186      0.05887      0.02393      0.00215      0.05933      0.02455      
59900   0.08814    0.00763    0.01738    0.00187      0.05886      0.02407      0.00216      0.05929      0.02465      
60000   0.08809    0.00762    0.01737    0.00186      0.05884      0.02408      0.00215      0.05929      0.02467      
60100   0.08807    0.00761    0.01737    0.00185      0.05883      0.02405      0.00215      0.05927      0.02461      
60200   0.08806    0.00759    0.01735    0.00187      0.05885      0.02399      0.00215      0.05928      0.02456      
60300   0.08804    0.00758    0.01735    0.00187      0.05882      0.02423      0.00216      0.05924      0.02479      
60400   0.08803    0.00757    0.01734    0.00186      0.05883      0.02416      0.00216      0.05928      0.02473      
60500   0.08801    0.00757    0.01733    0.00187      0.05884      0.02398      0.00215      0.05928      0.02457      
60600   0.08799    0.00756    0.01732    0.00187      0.05883      0.02411      0.00217      0.05927      0.02471      
60700   0.08796    0.00755    0.01731    0.00188      0.05881      0.02409      0.00217      0.05925      0.02469      
60800   0.08795    0.00754    0.01731    0.00186      0.05884      0.02393      0.00214      0.05929      0.02450      
60900   0.08792    0.00753    0.01730    0.00187      0.05883      0.02397      0.00214      0.05929      0.02457      
61000   0.08792    0.00751    0.01729    0.00187      0.05883      0.02411      0.00215      0.05930      0.02471      
61100   0.08791    0.00752    0.01728    0.00189      0.05881      0.02411      0.00217      0.05926      0.02469      
61200   0.08787    0.00751    0.01727    0.00188      0.05881      0.02409      0.00216      0.05926      0.02466      
61300   0.08786    0.00750    0.01726    0.00187      0.05882      0.02404      0.00215      0.05926      0.02462      
61400   0.08783    0.00749    0.01725    0.00187      0.05880      0.02414      0.00216      0.05924      0.02471      
61500   0.08780    0.00747    0.01725    0.00187      0.05881      0.02403      0.00215      0.05928      0.02462      
61600   0.08777    0.00747    0.01724    0.00188      0.05879      0.02398      0.00216      0.05923      0.02455      
61700   0.08775    0.00746    0.01723    0.00187      0.05880      0.02389      0.00215      0.05924      0.02446      
61800   0.08773    0.00745    0.01722    0.00188      0.05879      0.02392      0.00215      0.05923      0.02452      
61900   0.08771    0.00743    0.01721    0.00187      0.05881      0.02391      0.00214      0.05926      0.02449      
62000   0.08769    0.00743    0.01721    0.00186      0.05881      0.02383      0.00214      0.05926      0.02443      
62100   0.08766    0.00741    0.01719    0.00187      0.05880      0.02383      0.00214      0.05926      0.02444      
62200   0.08765    0.00740    0.01719    0.00188      0.05877      0.02406      0.00215      0.05921      0.02466      
62300   0.08765    0.00740    0.01718    0.00186      0.05881      0.02393      0.00215      0.05928      0.02452      
62400   0.08762    0.00739    0.01718    0.00185      0.05881      0.02401      0.00214      0.05927      0.02461      
62500   0.08760    0.00738    0.01717    0.00188      0.05877      0.02409      0.00215      0.05920      0.02467      
62600   0.08758    0.00737    0.01716    0.00185      0.05880      0.02395      0.00214      0.05924      0.02450      
62700   0.08754    0.00735    0.01715    0.00188      0.05877      0.02389      0.00215      0.05921      0.02446      
62800   0.08752    0.00735    0.01715    0.00187      0.05876      0.02395      0.00214      0.05920      0.02453      
62900   0.08750    0.00734    0.01715    0.00186      0.05877      0.02390      0.00214      0.05922      0.02447      
63000   0.08749    0.00734    0.01714    0.00187      0.05876      0.02392      0.00214      0.05922      0.02448      
63100   0.08746    0.00732    0.01713    0.00187      0.05875      0.02390      0.00214      0.05922      0.02449      
63200   0.08745    0.00730    0.01713    0.00184      0.05878      0.02392      0.00213      0.05924      0.02453      
63300   0.08743    0.00730    0.01712    0.00186      0.05876      0.02393      0.00214      0.05920      0.02452      
63400   0.08743    0.00730    0.01711    0.00185      0.05878      0.02386      0.00212      0.05924      0.02443      
63500   0.08741    0.00729    0.01710    0.00186      0.05878      0.02386      0.00213      0.05923      0.02445      
63600   0.08739    0.00728    0.01709    0.00185      0.05877      0.02394      0.00213      0.05924      0.02453      
63700   0.08738    0.00727    0.01709    0.00188      0.05874      0.02398      0.00214      0.05917      0.02456      
63800   0.08737    0.00726    0.01708    0.00187      0.05876      0.02401      0.00214      0.05922      0.02461      
63900   0.08736    0.00725    0.01707    0.00188      0.05877      0.02392      0.00214      0.05920      0.02456      
64000   0.08733    0.00724    0.01706    0.00186      0.05876      0.02394      0.00213      0.05921      0.02453      
64100   0.08729    0.00722    0.01706    0.00187      0.05874      0.02407      0.00215      0.05919      0.02466      
64200   0.08728    0.00721    0.01705    0.00187      0.05875      0.02402      0.00215      0.05921      0.02463      
64300   0.08725    0.00720    0.01704    0.00186      0.05876      0.02389      0.00213      0.05921      0.02447      
64400   0.08724    0.00719    0.01703    0.00185      0.05877      0.02393      0.00212      0.05920      0.02450      
64500   0.08721    0.00719    0.01702    0.00186      0.05876      0.02383      0.00213      0.05920      0.02441      
64600   0.08720    0.00717    0.01701    0.00186      0.05878      0.02388      0.00213      0.05924      0.02447      
64700   0.08717    0.00716    0.01701    0.00186      0.05876      0.02388      0.00214      0.05921      0.02446      
64800   0.08715    0.00715    0.01700    0.00185      0.05876      0.02397      0.00214      0.05922      0.02455      
64900   0.08712    0.00714    0.01699    0.00187      0.05875      0.02388      0.00213      0.05921      0.02442      
65000   0.08711    0.00713    0.01698    0.00186      0.05875      0.02388      0.00214      0.05921      0.02443      
65100   0.08709    0.00712    0.01697    0.00187      0.05873      0.02391      0.00213      0.05917      0.02446      
65200   0.08707    0.00711    0.01696    0.00186      0.05873      0.02404      0.00212      0.05920      0.02459      
65300   0.08706    0.00711    0.01696    0.00188      0.05872      0.02395      0.00214      0.05915      0.02451      
65400   0.08704    0.00710    0.01696    0.00187      0.05872      0.02395      0.00213      0.05917      0.02452      
65500   0.08700    0.00709    0.01695    0.00188      0.05871      0.02377      0.00214      0.05916      0.02437      
65600   0.08699    0.00708    0.01694    0.00187      0.05870      0.02395      0.00214      0.05915      0.02453      
65700   0.08698    0.00707    0.01693    0.00187      0.05870      0.02405      0.00213      0.05916      0.02463      
65800   0.08695    0.00707    0.01692    0.00187      0.05869      0.02404      0.00214      0.05915      0.02461      
65900   0.08693    0.00706    0.01691    0.00188      0.05868      0.02401      0.00215      0.05914      0.02461      
66000   0.08691    0.00704    0.01690    0.00188      0.05867      0.02412      0.00214      0.05913      0.02469      
66100   0.08691    0.00704    0.01690    0.00188      0.05869      0.02403      0.00215      0.05916      0.02462      
66200   0.08688    0.00703    0.01689    0.00187      0.05869      0.02395      0.00214      0.05916      0.02453      
66300   0.08685    0.00702    0.01688    0.00187      0.05869      0.02388      0.00214      0.05915      0.02447      
66400   0.08685    0.00701    0.01688    0.00188      0.05868      0.02399      0.00214      0.05914      0.02460      
66500   0.08683    0.00701    0.01687    0.00186      0.05871      0.02379      0.00213      0.05916      0.02438      
66600   0.08681    0.00700    0.01686    0.00186      0.05870      0.02398      0.00213      0.05916      0.02455      
66700   0.08678    0.00698    0.01685    0.00185      0.05869      0.02395      0.00214      0.05916      0.02455      
66800   0.08676    0.00698    0.01685    0.00187      0.05867      0.02395      0.00215      0.05914      0.02453      
66900   0.08674    0.00697    0.01684    0.00186      0.05869      0.02390      0.00213      0.05915      0.02451      
67000   0.08673    0.00696    0.01683    0.00186      0.05868      0.02397      0.00214      0.05916      0.02458      
67100   0.08671    0.00696    0.01683    0.00185      0.05868      0.02390      0.00213      0.05914      0.02451      
67200   0.08670    0.00695    0.01682    0.00185      0.05868      0.02403      0.00213      0.05916      0.02460      
67300   0.08669    0.00694    0.01681    0.00186      0.05869      0.02389      0.00213      0.05917      0.02448      
67400   0.08668    0.00693    0.01680    0.00187      0.05868      0.02401      0.00215      0.05915      0.02464      
67500   0.08667    0.00692    0.01679    0.00187      0.05868      0.02405      0.00215      0.05914      0.02467      
67600   0.08665    0.00692    0.01678    0.00187      0.05869      0.02396      0.00214      0.05917      0.02457      
67700   0.08663    0.00690    0.01677    0.00187      0.05868      0.02400      0.00214      0.05915      0.02462      
67800   0.08661    0.00689    0.01676    0.00187      0.05869      0.02398      0.00214      0.05915      0.02458      
67900   0.08659    0.00690    0.01676    0.00187      0.05868      0.02388      0.00214      0.05916      0.02448      
68000   0.08657    0.00688    0.01675    0.00187      0.05867      0.02396      0.00215      0.05914      0.02456      
68100   0.08656    0.00688    0.01674    0.00187      0.05868      0.02397      0.00213      0.05915      0.02457      
68200   0.08654    0.00687    0.01673    0.00187      0.05866      0.02407      0.00214      0.05913      0.02463      
68300   0.08653    0.00686    0.01673    0.00188      0.05865      0.02418      0.00215      0.05911      0.02476      
68400   0.08651    0.00685    0.01672    0.00186      0.05867      0.02406      0.00213      0.05914      0.02462      
68500   0.08650    0.00685    0.01671    0.00187      0.05867      0.02406      0.00214      0.05914      0.02465      
68600   0.08650    0.00683    0.01670    0.00186      0.05871      0.02395      0.00213      0.05918      0.02458      
68700   0.08646    0.00683    0.01670    0.00186      0.05866      0.02412      0.00213      0.05913      0.02469      
68800   0.08643    0.00682    0.01669    0.00188      0.05863      0.02409      0.00215      0.05908      0.02469      
68900   0.08641    0.00682    0.01668    0.00186      0.05865      0.02395      0.00214      0.05912      0.02456      
69000   0.08640    0.00681    0.01667    0.00188      0.05864      0.02414      0.00215      0.05911      0.02473      
69100   0.08639    0.00680    0.01666    0.00186      0.05866      0.02408      0.00213      0.05914      0.02466      
69200   0.08636    0.00679    0.01665    0.00187      0.05867      0.02390      0.00213      0.05915      0.02454      
69300   0.08635    0.00678    0.01665    0.00186      0.05866      0.02396      0.00213      0.05915      0.02457      
69400   0.08634    0.00678    0.01664    0.00186      0.05867      0.02382      0.00213      0.05916      0.02443      
69500   0.08633    0.00678    0.01664    0.00187      0.05866      0.02386      0.00213      0.05914      0.02445      
69600   0.08630    0.00676    0.01663    0.00186      0.05865      0.02390      0.00212      0.05912      0.02448      
69700   0.08628    0.00676    0.01662    0.00187      0.05864      0.02397      0.00213      0.05912      0.02453      
69800   0.08627    0.00675    0.01662    0.00186      0.05865      0.02392      0.00212      0.05912      0.02448      
69900   0.08624    0.00673    0.01661    0.00187      0.05866      0.02382      0.00213      0.05912      0.02442      
70000   0.08624    0.00673    0.01660    0.00187      0.05865      0.02388      0.00213      0.05911      0.02446      
70100   0.08622    0.00672    0.01660    0.00186      0.05864      0.02396      0.00213      0.05911      0.02452      
70200   0.08620    0.00671    0.01659    0.00187      0.05864      0.02392      0.00213      0.05912      0.02450      
70300   0.08619    0.00671    0.01659    0.00185      0.05865      0.02393      0.00212      0.05911      0.02450      
70400   0.08617    0.00671    0.01658    0.00187      0.05860      0.02402      0.00214      0.05906      0.02459      
70500   0.08615    0.00670    0.01658    0.00186      0.05863      0.02386      0.00213      0.05911      0.02445      
70600   0.08614    0.00669    0.01657    0.00187      0.05862      0.02385      0.00213      0.05909      0.02445      
70700   0.08612    0.00669    0.01656    0.00186      0.05861      0.02396      0.00214      0.05908      0.02456      
70800   0.08610    0.00668    0.01656    0.00187      0.05860      0.02390      0.00215      0.05907      0.02451      
70900   0.08609    0.00668    0.01655    0.00186      0.05861      0.02390      0.00214      0.05909      0.02452      
71000   0.08605    0.00666    0.01654    0.00186      0.05859      0.02394      0.00214      0.05906      0.02453      
71100   0.08604    0.00666    0.01654    0.00187      0.05858      0.02400      0.00215      0.05906      0.02457      
71200   0.08604    0.00666    0.01653    0.00187      0.05859      0.02397      0.00215      0.05905      0.02455      
71300   0.08603    0.00666    0.01653    0.00186      0.05860      0.02383      0.00213      0.05908      0.02443      
71400   0.08601    0.00664    0.01652    0.00186      0.05860      0.02383      0.00213      0.05908      0.02442      
71500   0.08599    0.00664    0.01652    0.00186      0.05861      0.02375      0.00213      0.05908      0.02436      
71600   0.08598    0.00664    0.01651    0.00187      0.05858      0.02387      0.00213      0.05907      0.02446      
71700   0.08597    0.00663    0.01650    0.00186      0.05859      0.02386      0.00214      0.05907      0.02444      
71800   0.08595    0.00663    0.01650    0.00187      0.05857      0.02387      0.00213      0.05907      0.02446      
71900   0.08594    0.00662    0.01649    0.00185      0.05857      0.02402      0.00213      0.05905      0.02459      
72000   0.08593    0.00661    0.01648    0.00186      0.05858      0.02395      0.00213      0.05905      0.02452      
72100   0.08591    0.00660    0.01648    0.00186      0.05858      0.02394      0.00213      0.05909      0.02452      
72200   0.08590    0.00660    0.01648    0.00186      0.05856      0.02400      0.00214      0.05906      0.02458      
72300   0.08588    0.00659    0.01647    0.00186      0.05856      0.02394      0.00214      0.05904      0.02452      
72400   0.08587    0.00659    0.01646    0.00187      0.05856      0.02394      0.00214      0.05904      0.02455      
72500   0.08585    0.00657    0.01646    0.00186      0.05857      0.02388      0.00214      0.05905      0.02449      
72600   0.08583    0.00657    0.01645    0.00187      0.05855      0.02400      0.00214      0.05903      0.02457      
72700   0.08582    0.00656    0.01645    0.00186      0.05855      0.02395      0.00213      0.05905      0.02453      
72800   0.08581    0.00655    0.01645    0.00187      0.05855      0.02390      0.00214      0.05903      0.02449      
72900   0.08580    0.00654    0.01644    0.00185      0.05857      0.02387      0.00212      0.05906      0.02445      
73000   0.08579    0.00654    0.01643    0.00186      0.05856      0.02391      0.00213      0.05905      0.02450      
73100   0.08578    0.00653    0.01643    0.00186      0.05858      0.02384      0.00213      0.05907      0.02443      
73200   0.08576    0.00653    0.01642    0.00186      0.05856      0.02389      0.00213      0.05904      0.02448      
73300   0.08576    0.00653    0.01642    0.00187      0.05855      0.02397      0.00214      0.05903      0.02454      
73400   0.08574    0.00652    0.01641    0.00187      0.05854      0.02404      0.00214      0.05903      0.02460      
73500   0.08573    0.00652    0.01641    0.00186      0.05853      0.02412      0.00214      0.05901      0.02467      
73600   0.08571    0.00651    0.01640    0.00187      0.05853      0.02399      0.00214      0.05902      0.02456      
73700   0.08569    0.00650    0.01640    0.00187      0.05853      0.02392      0.00213      0.05902      0.02448      
73800   0.08568    0.00650    0.01639    0.00187      0.05853      0.02392      0.00213      0.05903      0.02449      
73900   0.08566    0.00650    0.01639    0.00187      0.05853      0.02377      0.00213      0.05902      0.02434      
74000   0.08565    0.00649    0.01638    0.00186      0.05852      0.02394      0.00213      0.05901      0.02452      
74100   0.08564    0.00649    0.01638    0.00186      0.05852      0.02389      0.00214      0.05901      0.02446      
74200   0.08563    0.00649    0.01637    0.00185      0.05852      0.02394      0.00212      0.05901      0.02448      
74300   0.08561    0.00647    0.01636    0.00187      0.05852      0.02389      0.00214      0.05900      0.02448      
74400   0.08560    0.00646    0.01636    0.00186      0.05852      0.02394      0.00214      0.05899      0.02450      
74500   0.08559    0.00646    0.01636    0.00186      0.05853      0.02384      0.00213      0.05900      0.02439      
74600   0.08558    0.00646    0.01635    0.00186      0.05852      0.02398      0.00213      0.05900      0.02453      
74700   0.08556    0.00645    0.01634    0.00186      0.05851      0.02399      0.00214      0.05899      0.02453      
74800   0.08556    0.00644    0.01634    0.00186      0.05852      0.02390      0.00213      0.05900      0.02447      
74900   0.08555    0.00643    0.01633    0.00187      0.05852      0.02395      0.00214      0.05901      0.02452      
75000   0.08553    0.00643    0.01633    0.00187      0.05850      0.02404      0.00214      0.05899      0.02460      
75100   0.08551    0.00642    0.01632    0.00186      0.05852      0.02392      0.00213      0.05900      0.02448      
75200   0.08551    0.00642    0.01632    0.00186      0.05852      0.02393      0.00213      0.05901      0.02449      
75300   0.08550    0.00642    0.01631    0.00187      0.05853      0.02384      0.00213      0.05901      0.02441      
75400   0.08550    0.00641    0.01631    0.00187      0.05851      0.02397      0.00214      0.05899      0.02455      
75500   0.08548    0.00641    0.01630    0.00186      0.05852      0.02397      0.00214      0.05900      0.02455      
75600   0.08546    0.00641    0.01630    0.00186      0.05851      0.02391      0.00213      0.05899      0.02447      
75700   0.08546    0.00640    0.01629    0.00186      0.05853      0.02383      0.00212      0.05900      0.02441      
75800   0.08545    0.00640    0.01629    0.00186      0.05851      0.02391      0.00213      0.05899      0.02447      
75900   0.08544    0.00639    0.01628    0.00186      0.05851      0.02398      0.00214      0.05898      0.02454      
76000   0.08542    0.00639    0.01628    0.00186      0.05850      0.02391      0.00214      0.05898      0.02446      
76100   0.08542    0.00638    0.01627    0.00186      0.05851      0.02394      0.00214      0.05898      0.02450      
76200   0.08540    0.00638    0.01627    0.00187      0.05849      0.02399      0.00214      0.05897      0.02454      
76300   0.08539    0.00638    0.01626    0.00186      0.05850      0.02396      0.00214      0.05898      0.02452      
76400   0.08539    0.00637    0.01626    0.00187      0.05849      0.02403      0.00213      0.05898      0.02456      
76500   0.08537    0.00636    0.01625    0.00187      0.05848      0.02396      0.00214      0.05897      0.02451      
76600   0.08536    0.00636    0.01625    0.00186      0.05848      0.02402      0.00213      0.05897      0.02456      
76700   0.08534    0.00636    0.01624    0.00185      0.05850      0.02392      0.00213      0.05899      0.02448      
76800   0.08534    0.00635    0.01624    0.00186      0.05850      0.02390      0.00213      0.05899      0.02445      
76900   0.08533    0.00635    0.01623    0.00186      0.05849      0.02379      0.00213      0.05897      0.02435      
77000   0.08531    0.00634    0.01623    0.00187      0.05848      0.02395      0.00213      0.05895      0.02449      
77100   0.08530    0.00633    0.01623    0.00186      0.05848      0.02392      0.00213      0.05898      0.02447      
77200   0.08529    0.00633    0.01622    0.00186      0.05846      0.02405      0.00214      0.05895      0.02457      
77300   0.08528    0.00633    0.01622    0.00187      0.05847      0.02392      0.00214      0.05895      0.02448      
77400   0.08527    0.00632    0.01621    0.00187      0.05846      0.02406      0.00214      0.05894      0.02460      
77500   0.08525    0.00632    0.01621    0.00187      0.05846      0.02396      0.00214      0.05895      0.02452      
77600   0.08524    0.00632    0.01621    0.00186      0.05846      0.02391      0.00213      0.05894      0.02446      
77700   0.08523    0.00632    0.01620    0.00187      0.05845      0.02391      0.00214      0.05893      0.02446      
77800   0.08522    0.00631    0.01620    0.00186      0.05845      0.02397      0.00213      0.05895      0.02453      
77900   0.08521    0.00631    0.01619    0.00187      0.05844      0.02400      0.00214      0.05893      0.02455      
78000   0.08520    0.00630    0.01618    0.00188      0.05844      0.02404      0.00215      0.05892      0.02458      
78100   0.08519    0.00630    0.01618    0.00187      0.05844      0.02396      0.00214      0.05892      0.02450      
78200   0.08518    0.00630    0.01618    0.00186      0.05844      0.02395      0.00214      0.05892      0.02449      
78300   0.08517    0.00629    0.01617    0.00186      0.05845      0.02402      0.00213      0.05893      0.02457      
78400   0.08516    0.00629    0.01617    0.00187      0.05844      0.02395      0.00213      0.05892      0.02451      
78500   0.08514    0.00628    0.01616    0.00186      0.05845      0.02390      0.00212      0.05892      0.02444      
78600   0.08513    0.00628    0.01616    0.00185      0.05845      0.02390      0.00213      0.05893      0.02443      
78700   0.08512    0.00628    0.01616    0.00186      0.05843      0.02393      0.00213      0.05891      0.02448      
78800   0.08510    0.00627    0.01615    0.00186      0.05843      0.02386      0.00213      0.05890      0.02440      
78900   0.08509    0.00626    0.01615    0.00186      0.05844      0.02382      0.00213      0.05891      0.02436      
79000   0.08508    0.00626    0.01614    0.00186      0.05844      0.02378      0.00213      0.05891      0.02434      
79100   0.08508    0.00625    0.01613    0.00187      0.05844      0.02385      0.00214      0.05892      0.02442      
79200   0.08507    0.00625    0.01613    0.00186      0.05844      0.02382      0.00213      0.05892      0.02440      
79300   0.08506    0.00625    0.01613    0.00186      0.05845      0.02379      0.00212      0.05892      0.02436      
79400   0.08505    0.00624    0.01612    0.00186      0.05844      0.02385      0.00213      0.05891      0.02441      
79500   0.08504    0.00624    0.01612    0.00186      0.05843      0.02384      0.00213      0.05891      0.02440      
79600   0.08502    0.00624    0.01612    0.00185      0.05844      0.02378      0.00212      0.05893      0.02435      
79700   0.08502    0.00623    0.01611    0.00186      0.05844      0.02377      0.00212      0.05891      0.02433      
79800   0.08500    0.00623    0.01611    0.00185      0.05844      0.02377      0.00212      0.05890      0.02433      
79900   0.08499    0.00623    0.01610    0.00185      0.05844      0.02376      0.00212      0.05892      0.02432      
80000   0.08499    0.00622    0.01609    0.00186      0.05843      0.02379      0.00212      0.05890      0.02436      
80100   0.08497    0.00621    0.01609    0.00186      0.05843      0.02383      0.00212      0.05890      0.02439      
80200   0.08496    0.00622    0.01609    0.00185      0.05842      0.02385      0.00212      0.05889      0.02441      
80300   0.08496    0.00621    0.01608    0.00185      0.05843      0.02382      0.00213      0.05890      0.02440      
80400   0.08495    0.00621    0.01607    0.00185      0.05842      0.02390      0.00213      0.05890      0.02446      
80500   0.08494    0.00621    0.01607    0.00185      0.05843      0.02381      0.00212      0.05891      0.02438      
80600   0.08493    0.00620    0.01607    0.00186      0.05841      0.02386      0.00213      0.05889      0.02443      
80700   0.08492    0.00620    0.01606    0.00186      0.05841      0.02392      0.00213      0.05889      0.02447      
80800   0.08491    0.00619    0.01606    0.00186      0.05842      0.02379      0.00213      0.05890      0.02436      
80900   0.08489    0.00619    0.01605    0.00186      0.05841      0.02386      0.00213      0.05888      0.02441      
81000   0.08488    0.00618    0.01605    0.00186      0.05841      0.02385      0.00213      0.05888      0.02440      
81100   0.08487    0.00618    0.01604    0.00186      0.05840      0.02389      0.00214      0.05887      0.02444      
81200   0.08486    0.00617    0.01604    0.00186      0.05840      0.02385      0.00213      0.05888      0.02441      
81300   0.08485    0.00617    0.01603    0.00185      0.05841      0.02385      0.00213      0.05889      0.02441      
81400   0.08484    0.00617    0.01602    0.00186      0.05840      0.02380      0.00213      0.05888      0.02436      
81500   0.08484    0.00617    0.01602    0.00186      0.05841      0.02385      0.00213      0.05888      0.02441      
81600   0.08482    0.00616    0.01601    0.00186      0.05840      0.02386      0.00213      0.05887      0.02442      
81700   0.08482    0.00616    0.01601    0.00186      0.05840      0.02382      0.00213      0.05888      0.02438      
81800   0.08481    0.00616    0.01601    0.00187      0.05839      0.02389      0.00214      0.05886      0.02444      
81900   0.08480    0.00615    0.01600    0.00186      0.05841      0.02378      0.00213      0.05889      0.02435      
82000   0.08479    0.00615    0.01600    0.00186      0.05839      0.02393      0.00213      0.05888      0.02448      
82100   0.08479    0.00614    0.01599    0.00186      0.05840      0.02393      0.00213      0.05888      0.02449      
82200   0.08478    0.00614    0.01599    0.00186      0.05840      0.02390      0.00213      0.05887      0.02446      
82300   0.08477    0.00614    0.01598    0.00186      0.05840      0.02385      0.00213      0.05889      0.02441      
82400   0.08475    0.00613    0.01598    0.00186      0.05839      0.02380      0.00213      0.05887      0.02437      
82500   0.08475    0.00613    0.01598    0.00185      0.05840      0.02386      0.00213      0.05888      0.02443      
82600   0.08473    0.00612    0.01597    0.00186      0.05839      0.02382      0.00213      0.05887      0.02438      
82700   0.08472    0.00612    0.01597    0.00186      0.05839      0.02387      0.00212      0.05887      0.02443      
82800   0.08471    0.00611    0.01596    0.00186      0.05839      0.02384      0.00213      0.05887      0.02441      
82900   0.08471    0.00611    0.01596    0.00187      0.05838      0.02387      0.00213      0.05886      0.02444      
83000   0.08470    0.00611    0.01596    0.00187      0.05837      0.02386      0.00214      0.05885      0.02441      
83100   0.08469    0.00611    0.01595    0.00186      0.05839      0.02382      0.00212      0.05887      0.02438      
83200   0.08468    0.00610    0.01595    0.00186      0.05838      0.02383      0.00213      0.05886      0.02440      
83300   0.08468    0.00610    0.01594    0.00187      0.05838      0.02386      0.00213      0.05885      0.02440      
83400   0.08466    0.00610    0.01594    0.00186      0.05838      0.02381      0.00212      0.05886      0.02436      
83500   0.08466    0.00609    0.01593    0.00187      0.05838      0.02387      0.00213      0.05885      0.02443      
83600   0.08465    0.00609    0.01593    0.00186      0.05839      0.02383      0.00212      0.05887      0.02439      
83700   0.08464    0.00609    0.01593    0.00186      0.05838      0.02382      0.00213      0.05886      0.02438      
83800   0.08463    0.00608    0.01592    0.00187      0.05839      0.02374      0.00213      0.05887      0.02431      
83900   0.08462    0.00608    0.01592    0.00186      0.05839      0.02380      0.00212      0.05887      0.02436      
84000   0.08461    0.00608    0.01591    0.00186      0.05838      0.02381      0.00213      0.05885      0.02435      
84100   0.08460    0.00608    0.01591    0.00185      0.05839      0.02371      0.00212      0.05887      0.02427      
84200   0.08459    0.00607    0.01591    0.00185      0.05837      0.02385      0.00212      0.05885      0.02438      
84300   0.08458    0.00607    0.01590    0.00186      0.05838      0.02376      0.00213      0.05884      0.02431      
84400   0.08457    0.00607    0.01590    0.00186      0.05838      0.02371      0.00212      0.05885      0.02427      
84500   0.08456    0.00606    0.01590    0.00186      0.05838      0.02371      0.00212      0.05886      0.02427      
84600   0.08456    0.00606    0.01589    0.00186      0.05837      0.02377      0.00213      0.05885      0.02432      
84700   0.08455    0.00606    0.01589    0.00186      0.05837      0.02375      0.00213      0.05884      0.02431      
84800   0.08454    0.00605    0.01589    0.00186      0.05837      0.02377      0.00213      0.05885      0.02432      
84900   0.08454    0.00606    0.01588    0.00186      0.05837      0.02378      0.00212      0.05886      0.02434      
85000   0.08453    0.00605    0.01588    0.00186      0.05837      0.02375      0.00213      0.05885      0.02431      
85100   0.08453    0.00605    0.01588    0.00186      0.05837      0.02377      0.00213      0.05885      0.02432      
85200   0.08452    0.00604    0.01587    0.00185      0.05837      0.02382      0.00213      0.05885      0.02437      
85300   0.08451    0.00604    0.01587    0.00186      0.05838      0.02372      0.00212      0.05885      0.02428      
85400   0.08451    0.00604    0.01586    0.00185      0.05838      0.02375      0.00212      0.05885      0.02432      
85500   0.08450    0.00604    0.01586    0.00185      0.05837      0.02373      0.00212      0.05885      0.02429      
85600   0.08449    0.00603    0.01586    0.00185      0.05839      0.02369      0.00212      0.05887      0.02427      
85700   0.08448    0.00603    0.01585    0.00185      0.05838      0.02369      0.00212      0.05886      0.02426      
85800   0.08448    0.00603    0.01585    0.00185      0.05839      0.02364      0.00212      0.05887      0.02421      
85900   0.08447    0.00602    0.01584    0.00185      0.05838      0.02370      0.00212      0.05887      0.02427      
86000   0.08446    0.00602    0.01584    0.00186      0.05837      0.02372      0.00212      0.05885      0.02428      
86100   0.08445    0.00602    0.01584    0.00186      0.05836      0.02376      0.00212      0.05884      0.02433      
86200   0.08444    0.00602    0.01584    0.00185      0.05836      0.02373      0.00212      0.05885      0.02431      
86300   0.08443    0.00601    0.01583    0.00185      0.05836      0.02372      0.00212      0.05884      0.02428      
86400   0.08442    0.00601    0.01583    0.00186      0.05835      0.02374      0.00213      0.05882      0.02430      
86500   0.08441    0.00601    0.01582    0.00186      0.05835      0.02376      0.00213      0.05883      0.02433      
86600   0.08441    0.00600    0.01582    0.00186      0.05836      0.02374      0.00212      0.05883      0.02431      
86700   0.08440    0.00600    0.01581    0.00186      0.05835      0.02377      0.00213      0.05882      0.02434      
86800   0.08439    0.00599    0.01581    0.00186      0.05835      0.02374      0.00213      0.05882      0.02430      
86900   0.08438    0.00600    0.01581    0.00185      0.05835      0.02371      0.00212      0.05883      0.02426      
87000   0.08437    0.00599    0.01580    0.00185      0.05835      0.02377      0.00212      0.05883      0.02431      
87100   0.08436    0.00599    0.01580    0.00185      0.05835      0.02365      0.00212      0.05883      0.02420      
87200   0.08435    0.00599    0.01580    0.00185      0.05835      0.02362      0.00212      0.05883      0.02418      
87300   0.08434    0.00599    0.01579    0.00185      0.05835      0.02368      0.00212      0.05883      0.02424      
87400   0.08434    0.00598    0.01579    0.00185      0.05835      0.02369      0.00212      0.05883      0.02425      
87500   0.08434    0.00598    0.01579    0.00186      0.05835      0.02371      0.00213      0.05882      0.02426      
87600   0.08433    0.00598    0.01578    0.00185      0.05835      0.02370      0.00212      0.05884      0.02426      
87700   0.08432    0.00597    0.01578    0.00185      0.05834      0.02370      0.00212      0.05882      0.02427      
87800   0.08432    0.00597    0.01578    0.00186      0.05833      0.02379      0.00213      0.05882      0.02436      
87900   0.08431    0.00597    0.01577    0.00186      0.05835      0.02371      0.00213      0.05884      0.02428      
88000   0.08430    0.00597    0.01577    0.00185      0.05834      0.02376      0.00212      0.05884      0.02433      
88100   0.08430    0.00596    0.01576    0.00185      0.05834      0.02371      0.00212      0.05883      0.02428      
88200   0.08429    0.00596    0.01576    0.00185      0.05834      0.02370      0.00213      0.05884      0.02427      
88300   0.08429    0.00596    0.01576    0.00185      0.05835      0.02364      0.00212      0.05884      0.02421      
88400   0.08427    0.00596    0.01575    0.00185      0.05835      0.02366      0.00212      0.05884      0.02423      
88500   0.08427    0.00595    0.01575    0.00185      0.05835      0.02366      0.00211      0.05883      0.02421      
88600   0.08427    0.00595    0.01575    0.00185      0.05836      0.02362      0.00212      0.05884      0.02421      
88700   0.08426    0.00595    0.01575    0.00185      0.05833      0.02371      0.00213      0.05881      0.02428      
88800   0.08425    0.00595    0.01574    0.00185      0.05834      0.02369      0.00212      0.05883      0.02426      
88900   0.08424    0.00594    0.01574    0.00185      0.05834      0.02365      0.00212      0.05883      0.02423      
89000   0.08423    0.00594    0.01574    0.00185      0.05833      0.02369      0.00212      0.05883      0.02426      
89100   0.08423    0.00594    0.01573    0.00186      0.05833      0.02376      0.00212      0.05881      0.02431      
89200   0.08422    0.00594    0.01573    0.00185      0.05832      0.02374      0.00212      0.05881      0.02430      
89300   0.08422    0.00593    0.01573    0.00186      0.05832      0.02373      0.00213      0.05881      0.02430      
89400   0.08421    0.00593    0.01572    0.00186      0.05832      0.02375      0.00213      0.05881      0.02430      
89500   0.08420    0.00593    0.01572    0.00185      0.05833      0.02367      0.00212      0.05882      0.02424      
89600   0.08419    0.00593    0.01572    0.00186      0.05832      0.02370      0.00212      0.05881      0.02427      
89700   0.08419    0.00593    0.01571    0.00185      0.05833      0.02369      0.00212      0.05881      0.02424      
89800   0.08418    0.00593    0.01571    0.00185      0.05832      0.02370      0.00212      0.05880      0.02424      
89900   0.08418    0.00592    0.01571    0.00185      0.05833      0.02367      0.00212      0.05881      0.02423      
90000   0.08417    0.00592    0.01570    0.00185      0.05832      0.02369      0.00212      0.05881      0.02425      
90100   0.08417    0.00592    0.01570    0.00185      0.05832      0.02374      0.00213      0.05881      0.02430      
90200   0.08415    0.00591    0.01570    0.00185      0.05832      0.02373      0.00212      0.05881      0.02430      
90300   0.08415    0.00591    0.01569    0.00185      0.05832      0.02373      0.00212      0.05880      0.02428      
90400   0.08414    0.00591    0.01569    0.00185      0.05832      0.02367      0.00212      0.05881      0.02422      
90500   0.08413    0.00591    0.01569    0.00185      0.05832      0.02366      0.00212      0.05880      0.02422      
90600   0.08412    0.00590    0.01569    0.00185      0.05832      0.02367      0.00212      0.05880      0.02422      
90700   0.08412    0.00590    0.01568    0.00185      0.05831      0.02375      0.00212      0.05879      0.02430      
90800   0.08411    0.00590    0.01568    0.00184      0.05832      0.02365      0.00212      0.05882      0.02420      
90900   0.08410    0.00589    0.01568    0.00185      0.05831      0.02375      0.00212      0.05880      0.02430      
91000   0.08410    0.00589    0.01567    0.00185      0.05832      0.02367      0.00212      0.05881      0.02423      
91100   0.08409    0.00589    0.01567    0.00185      0.05831      0.02370      0.00212      0.05881      0.02425      
91200   0.08408    0.00588    0.01567    0.00185      0.05831      0.02371      0.00212      0.05879      0.02426      
91300   0.08408    0.00588    0.01566    0.00185      0.05831      0.02370      0.00212      0.05879      0.02423      
91400   0.08407    0.00588    0.01566    0.00185      0.05830      0.02373      0.00212      0.05878      0.02427      
91500   0.08406    0.00588    0.01566    0.00185      0.05829      0.02375      0.00212      0.05877      0.02430      
91600   0.08406    0.00588    0.01566    0.00186      0.05830      0.02369      0.00212      0.05878      0.02425      
91700   0.08405    0.00588    0.01566    0.00185      0.05829      0.02377      0.00212      0.05878      0.02431      
91800   0.08405    0.00587    0.01565    0.00186      0.05830      0.02368      0.00212      0.05878      0.02423      
91900   0.08404    0.00587    0.01565    0.00185      0.05829      0.02373      0.00212      0.05877      0.02427      
92000   0.08403    0.00587    0.01565    0.00186      0.05829      0.02373      0.00212      0.05876      0.02427      
92100   0.08403    0.00587    0.01565    0.00185      0.05829      0.02369      0.00212      0.05877      0.02425      
92200   0.08402    0.00586    0.01565    0.00185      0.05829      0.02372      0.00212      0.05877      0.02427      
92300   0.08402    0.00586    0.01564    0.00185      0.05829      0.02373      0.00212      0.05876      0.02427      
92400   0.08402    0.00586    0.01564    0.00186      0.05828      0.02377      0.00213      0.05876      0.02432      
92500   0.08401    0.00585    0.01564    0.00185      0.05829      0.02371      0.00212      0.05877      0.02426      
92600   0.08400    0.00585    0.01564    0.00185      0.05829      0.02374      0.00212      0.05877      0.02429      
92700   0.08400    0.00585    0.01563    0.00185      0.05829      0.02374      0.00212      0.05877      0.02429      
92800   0.08399    0.00585    0.01563    0.00185      0.05828      0.02374      0.00213      0.05876      0.02430      
92900   0.08399    0.00585    0.01563    0.00185      0.05828      0.02373      0.00212      0.05875      0.02428      
93000   0.08398    0.00585    0.01563    0.00185      0.05828      0.02374      0.00213      0.05876      0.02430      
93100   0.08397    0.00585    0.01562    0.00185      0.05828      0.02368      0.00212      0.05876      0.02424      
93200   0.08396    0.00584    0.01562    0.00185      0.05828      0.02368      0.00212      0.05876      0.02424      
93300   0.08395    0.00584    0.01562    0.00185      0.05827      0.02373      0.00212      0.05875      0.02427      
93400   0.08395    0.00584    0.01562    0.00185      0.05826      0.02372      0.00212      0.05875      0.02426      
93500   0.08395    0.00584    0.01562    0.00185      0.05827      0.02371      0.00213      0.05875      0.02426      
93600   0.08394    0.00584    0.01562    0.00185      0.05826      0.02376      0.00213      0.05874      0.02431      
93700   0.08393    0.00583    0.01561    0.00186      0.05825      0.02374      0.00213      0.05874      0.02429      
93800   0.08393    0.00583    0.01561    0.00185      0.05826      0.02373      0.00213      0.05874      0.02428      
93900   0.08392    0.00583    0.01561    0.00185      0.05826      0.02373      0.00213      0.05875      0.02427      
94000   0.08391    0.00583    0.01561    0.00185      0.05825      0.02375      0.00213      0.05874      0.02429      
94100   0.08391    0.00583    0.01561    0.00185      0.05825      0.02373      0.00212      0.05874      0.02427      
94200   0.08390    0.00582    0.01560    0.00185      0.05826      0.02367      0.00212      0.05874      0.02421      
94300   0.08390    0.00582    0.01560    0.00185      0.05825      0.02371      0.00212      0.05873      0.02424      
94400   0.08389    0.00582    0.01560    0.00185      0.05825      0.02369      0.00212      0.05874      0.02424      
94500   0.08389    0.00582    0.01560    0.00185      0.05825      0.02369      0.00212      0.05874      0.02423      
94600   0.08388    0.00582    0.01560    0.00185      0.05825      0.02364      0.00212      0.05874      0.02419      
94700   0.08388    0.00582    0.01559    0.00185      0.05825      0.02368      0.00212      0.05874      0.02421      
94800   0.08387    0.00582    0.01559    0.00184      0.05825      0.02370      0.00212      0.05873      0.02424      
94900   0.08387    0.00582    0.01559    0.00184      0.05825      0.02368      0.00212      0.05873      0.02422      
95000   0.08387    0.00582    0.01559    0.00185      0.05825      0.02368      0.00213      0.05872      0.02422      
95100   0.08386    0.00581    0.01558    0.00185      0.05824      0.02368      0.00212      0.05872      0.02422      
95200   0.08385    0.00581    0.01558    0.00185      0.05824      0.02370      0.00212      0.05872      0.02424      
95300   0.08385    0.00581    0.01558    0.00185      0.05825      0.02369      0.00212      0.05873      0.02423      
95400   0.08385    0.00581    0.01558    0.00185      0.05824      0.02371      0.00212      0.05873      0.02424      
95500   0.08384    0.00581    0.01557    0.00185      0.05824      0.02376      0.00213      0.05872      0.02430      
95600   0.08384    0.00580    0.01557    0.00185      0.05824      0.02374      0.00212      0.05872      0.02427      
95700   0.08384    0.00580    0.01557    0.00185      0.05824      0.02374      0.00212      0.05872      0.02428      
95800   0.08382    0.00580    0.01557    0.00185      0.05823      0.02376      0.00213      0.05871      0.02431      
95900   0.08382    0.00580    0.01556    0.00185      0.05824      0.02376      0.00213      0.05872      0.02431      
96000   0.08382    0.00579    0.01556    0.00185      0.05825      0.02367      0.00212      0.05873      0.02423      
96100   0.08381    0.00579    0.01556    0.00185      0.05824      0.02371      0.00212      0.05872      0.02425      
96200   0.08381    0.00579    0.01555    0.00185      0.05824      0.02372      0.00213      0.05871      0.02426      
96300   0.08380    0.00579    0.01555    0.00185      0.05824      0.02368      0.00213      0.05872      0.02424      
96400   0.08380    0.00579    0.01555    0.00185      0.05824      0.02369      0.00213      0.05871      0.02423      
96500   0.08379    0.00579    0.01555    0.00185      0.05823      0.02372      0.00213      0.05871      0.02426      
96600   0.08379    0.00578    0.01555    0.00185      0.05823      0.02369      0.00213      0.05871      0.02424      
96700   0.08379    0.00578    0.01554    0.00185      0.05823      0.02376      0.00213      0.05871      0.02430      
96800   0.08378    0.00578    0.01554    0.00185      0.05823      0.02374      0.00212      0.05871      0.02429      
96900   0.08377    0.00578    0.01554    0.00185      0.05822      0.02374      0.00213      0.05870      0.02429      
97000   0.08377    0.00578    0.01554    0.00185      0.05823      0.02371      0.00213      0.05871      0.02426      
97100   0.08376    0.00578    0.01554    0.00185      0.05823      0.02369      0.00212      0.05871      0.02425      
97200   0.08376    0.00578    0.01553    0.00185      0.05822      0.02371      0.00213      0.05871      0.02427      
97300   0.08375    0.00578    0.01553    0.00186      0.05821      0.02374      0.00213      0.05870      0.02429      
97400   0.08375    0.00577    0.01553    0.00185      0.05822      0.02371      0.00213      0.05870      0.02426      
97500   0.08374    0.00577    0.01553    0.00185      0.05822      0.02373      0.00212      0.05869      0.02427      
97600   0.08374    0.00577    0.01553    0.00185      0.05822      0.02371      0.00213      0.05870      0.02427      
97700   0.08374    0.00577    0.01553    0.00185      0.05822      0.02365      0.00213      0.05870      0.02421      
97800   0.08373    0.00577    0.01552    0.00185      0.05822      0.02368      0.00212      0.05869      0.02423      
97900   0.08372    0.00577    0.01552    0.00185      0.05822      0.02364      0.00212      0.05871      0.02420      
98000   0.08372    0.00577    0.01552    0.00185      0.05821      0.02367      0.00213      0.05869      0.02422      
98100   0.08372    0.00577    0.01552    0.00185      0.05822      0.02365      0.00213      0.05870      0.02420      
98200   0.08371    0.00576    0.01552    0.00185      0.05822      0.02363      0.00211      0.05871      0.02418      
98300   0.08371    0.00576    0.01551    0.00185      0.05823      0.02364      0.00212      0.05872      0.02420      
98400   0.08371    0.00576    0.01551    0.00185      0.05822      0.02366      0.00212      0.05871      0.02422      
98500   0.08371    0.00576    0.01551    0.00185      0.05822      0.02367      0.00212      0.05870      0.02422      
98600   0.08370    0.00575    0.01551    0.00185      0.05822      0.02365      0.00212      0.05871      0.02422      
98700   0.08369    0.00575    0.01551    0.00185      0.05822      0.02366      0.00212      0.05870      0.02424      
98800   0.08369    0.00575    0.01550    0.00185      0.05822      0.02367      0.00212      0.05870      0.02424      
98900   0.08368    0.00575    0.01550    0.00184      0.05823      0.02362      0.00212      0.05870      0.02418      
99000   0.08368    0.00575    0.01550    0.00185      0.05822      0.02363      0.00212      0.05869      0.02419      
99100   0.08367    0.00575    0.01550    0.00185      0.05822      0.02362      0.00212      0.05870      0.02419      
99200   0.08368    0.00574    0.01550    0.00185      0.05822      0.02368      0.00212      0.05869      0.02423      
99300   0.08367    0.00574    0.01549    0.00185      0.05822      0.02366      0.00212      0.05870      0.02420      
99400   0.08366    0.00574    0.01549    0.00185      0.05822      0.02360      0.00212      0.05870      0.02416      
99500   0.08366    0.00574    0.01549    0.00185      0.05822      0.02362      0.00212      0.05869      0.02418      
99600   0.08365    0.00574    0.01549    0.00185      0.05821      0.02365      0.00212      0.05869      0.02420      
99700   0.08365    0.00574    0.01549    0.00185      0.05820      0.02370      0.00212      0.05868      0.02424      
99800   0.08364    0.00574    0.01548    0.00185      0.05821      0.02362      0.00212      0.05868      0.02417      
99900   0.08364    0.00574    0.01548    0.00185      0.05821      0.02364      0.00212      0.05869      0.02419      
100000  0.08363    0.00573    0.01548    0.00185      0.05821      0.02364      0.00212      0.05869      0.02419      
100100  0.08363    0.00573    0.01548    0.00185      0.05821      0.02362      0.00212      0.05869      0.02418      
100200  0.08363    0.00573    0.01548    0.00185      0.05821      0.02362      0.00211      0.05869      0.02418      
100300  0.08362    0.00573    0.01547    0.00185      0.05821      0.02361      0.00211      0.05869      0.02416      
100400  0.08361    0.00573    0.01547    0.00185      0.05820      0.02359      0.00212      0.05868      0.02415      
100500  0.08361    0.00573    0.01547    0.00185      0.05819      0.02366      0.00212      0.05867      0.02420      
100600  0.08360    0.00573    0.01547    0.00184      0.05820      0.02363      0.00212      0.05868      0.02419      
100700  0.08360    0.00573    0.01547    0.00184      0.05819      0.02365      0.00212      0.05867      0.02420      
100800  0.08360    0.00572    0.01546    0.00185      0.05820      0.02364      0.00212      0.05868      0.02419      
100900  0.08359    0.00573    0.01546    0.00185      0.05819      0.02367      0.00212      0.05867      0.02422      
101000  0.08359    0.00572    0.01546    0.00185      0.05819      0.02369      0.00212      0.05867      0.02424      
101100  0.08358    0.00572    0.01546    0.00184      0.05819      0.02364      0.00212      0.05867      0.02418      
101200  0.08358    0.00572    0.01545    0.00185      0.05819      0.02368      0.00212      0.05867      0.02422      
101300  0.08358    0.00572    0.01545    0.00185      0.05819      0.02364      0.00212      0.05867      0.02420      
101400  0.08357    0.00572    0.01545    0.00184      0.05820      0.02360      0.00211      0.05868      0.02416      
101500  0.08357    0.00572    0.01545    0.00185      0.05820      0.02358      0.00212      0.05868      0.02413      
101600  0.08356    0.00572    0.01545    0.00184      0.05820      0.02355      0.00211      0.05868      0.02411      
101700  0.08356    0.00571    0.01544    0.00184      0.05820      0.02360      0.00211      0.05867      0.02414      
101800  0.08356    0.00572    0.01544    0.00184      0.05820      0.02360      0.00211      0.05867      0.02416      
101900  0.08355    0.00572    0.01544    0.00184      0.05819      0.02358      0.00212      0.05867      0.02413      
102000  0.08355    0.00572    0.01544    0.00184      0.05820      0.02357      0.00211      0.05867      0.02412      
102100  0.08355    0.00572    0.01544    0.00184      0.05820      0.02358      0.00211      0.05867      0.02413      
102200  0.08354    0.00571    0.01543    0.00184      0.05820      0.02351      0.00211      0.05867      0.02407      
102300  0.08353    0.00571    0.01543    0.00184      0.05819      0.02359      0.00212      0.05866      0.02414      
102400  0.08353    0.00571    0.01543    0.00185      0.05818      0.02359      0.00212      0.05866      0.02414      
102500  0.08353    0.00571    0.01543    0.00184      0.05819      0.02356      0.00211      0.05866      0.02410      
102600  0.08352    0.00571    0.01543    0.00184      0.05818      0.02359      0.00211      0.05866      0.02413      
102700  0.08352    0.00571    0.01543    0.00185      0.05818      0.02355      0.00211      0.05866      0.02410      
102800  0.08352    0.00571    0.01543    0.00184      0.05818      0.02356      0.00211      0.05866      0.02411      
102900  0.08351    0.00571    0.01543    0.00185      0.05817      0.02362      0.00211      0.05865      0.02416      
103000  0.08351    0.00571    0.01542    0.00184      0.05817      0.02357      0.00211      0.05865      0.02412      
103100  0.08351    0.00571    0.01542    0.00185      0.05817      0.02362      0.00212      0.05865      0.02416      
103200  0.08350    0.00570    0.01542    0.00184      0.05817      0.02366      0.00211      0.05864      0.02418      
103300  0.08350    0.00570    0.01542    0.00185      0.05817      0.02360      0.00211      0.05865      0.02413      
103400  0.08349    0.00570    0.01542    0.00184      0.05817      0.02362      0.00211      0.05864      0.02415      
103500  0.08349    0.00570    0.01542    0.00184      0.05817      0.02359      0.00211      0.05865      0.02412      
103600  0.08348    0.00570    0.01541    0.00184      0.05818      0.02355      0.00211      0.05865      0.02408      
103700  0.08348    0.00570    0.01541    0.00183      0.05817      0.02359      0.00211      0.05866      0.02413      
103800  0.08348    0.00570    0.01541    0.00184      0.05817      0.02361      0.00211      0.05864      0.02413      
103900  0.08347    0.00570    0.01541    0.00184      0.05817      0.02358      0.00211      0.05865      0.02412      
104000  0.08347    0.00570    0.01541    0.00184      0.05817      0.02362      0.00211      0.05864      0.02413      
104100  0.08346    0.00569    0.01541    0.00184      0.05817      0.02358      0.00211      0.05865      0.02410      
104200  0.08346    0.00569    0.01540    0.00184      0.05817      0.02360      0.00211      0.05865      0.02413      
104300  0.08346    0.00569    0.01540    0.00184      0.05817      0.02356      0.00211      0.05864      0.02408      
104400  0.08346    0.00569    0.01540    0.00184      0.05817      0.02357      0.00211      0.05863      0.02409      
104500  0.08346    0.00569    0.01540    0.00184      0.05817      0.02354      0.00211      0.05865      0.02408      
104600  0.08345    0.00569    0.01540    0.00184      0.05817      0.02353      0.00210      0.05865      0.02405      
104700  0.08345    0.00569    0.01540    0.00184      0.05817      0.02355      0.00210      0.05864      0.02407      
104800  0.08345    0.00569    0.01540    0.00184      0.05817      0.02353      0.00211      0.05865      0.02407      
104900  0.08344    0.00569    0.01539    0.00184      0.05816      0.02358      0.00211      0.05865      0.02409      
105000  0.08344    0.00569    0.01539    0.00184      0.05816      0.02357      0.00211      0.05864      0.02408      
105100  0.08343    0.00569    0.01539    0.00183      0.05818      0.02350      0.00210      0.05865      0.02403      
105200  0.08342    0.00568    0.01539    0.00184      0.05817      0.02349      0.00211      0.05864      0.02402      
105300  0.08342    0.00568    0.01538    0.00183      0.05817      0.02346      0.00210      0.05865      0.02399      
105400  0.08342    0.00568    0.01538    0.00184      0.05817      0.02354      0.00210      0.05864      0.02406      
105500  0.08342    0.00568    0.01538    0.00183      0.05818      0.02350      0.00211      0.05866      0.02403      
105600  0.08341    0.00568    0.01538    0.00183      0.05817      0.02351      0.00211      0.05865      0.02405      
105700  0.08341    0.00568    0.01538    0.00183      0.05817      0.02352      0.00211      0.05864      0.02405      
105800  0.08340    0.00567    0.01538    0.00184      0.05816      0.02353      0.00211      0.05863      0.02405      
105900  0.08340    0.00568    0.01537    0.00184      0.05816      0.02355      0.00211      0.05863      0.02407      
106000  0.08340    0.00567    0.01537    0.00184      0.05817      0.02349      0.00210      0.05864      0.02401      
106100  0.08340    0.00567    0.01537    0.00184      0.05817      0.02352      0.00210      0.05864      0.02405      
106200  0.08339    0.00567    0.01537    0.00184      0.05816      0.02354      0.00211      0.05864      0.02406      
106300  0.08339    0.00567    0.01537    0.00184      0.05816      0.02352      0.00211      0.05864      0.02405      
106400  0.08338    0.00567    0.01537    0.00184      0.05817      0.02353      0.00211      0.05864      0.02406      
106500  0.08338    0.00567    0.01536    0.00184      0.05817      0.02346      0.00210      0.05864      0.02399      
106600  0.08337    0.00567    0.01536    0.00184      0.05816      0.02347      0.00210      0.05863      0.02401      
106700  0.08337    0.00567    0.01536    0.00183      0.05816      0.02347      0.00210      0.05863      0.02399      
106800  0.08337    0.00566    0.01536    0.00184      0.05816      0.02348      0.00210      0.05863      0.02402      
106900  0.08337    0.00566    0.01536    0.00183      0.05816      0.02353      0.00211      0.05863      0.02406      
107000  0.08336    0.00566    0.01535    0.00184      0.05816      0.02345      0.00210      0.05863      0.02399      
107100  0.08336    0.00566    0.01535    0.00184      0.05816      0.02350      0.00210      0.05864      0.02405      
107200  0.08336    0.00566    0.01535    0.00184      0.05815      0.02352      0.00210      0.05862      0.02405      
107300  0.08335    0.00566    0.01535    0.00184      0.05815      0.02355      0.00211      0.05862      0.02409      
107400  0.08335    0.00566    0.01535    0.00184      0.05815      0.02354      0.00211      0.05862      0.02407      
107500  0.08334    0.00566    0.01535    0.00183      0.05815      0.02350      0.00210      0.05863      0.02403      
107600  0.08334    0.00565    0.01535    0.00184      0.05815      0.02351      0.00211      0.05862      0.02405      
107700  0.08333    0.00565    0.01535    0.00184      0.05815      0.02350      0.00211      0.05861      0.02404      
107800  0.08333    0.00565    0.01534    0.00184      0.05814      0.02351      0.00210      0.05862      0.02405      
107900  0.08332    0.00565    0.01534    0.00184      0.05815      0.02349      0.00210      0.05861      0.02401      
108000  0.08332    0.00565    0.01534    0.00184      0.05814      0.02354      0.00211      0.05861      0.02406      
108100  0.08332    0.00565    0.01534    0.00183      0.05816      0.02342      0.00210      0.05864      0.02395      
108200  0.08331    0.00565    0.01533    0.00184      0.05814      0.02349      0.00210      0.05861      0.02401      
108300  0.08330    0.00565    0.01533    0.00183      0.05815      0.02347      0.00210      0.05862      0.02400      
108400  0.08331    0.00565    0.01533    0.00183      0.05815      0.02352      0.00210      0.05862      0.02403      
108500  0.08330    0.00564    0.01533    0.00184      0.05814      0.02347      0.00210      0.05861      0.02399      
108600  0.08330    0.00564    0.01532    0.00184      0.05814      0.02352      0.00210      0.05861      0.02404      
108700  0.08330    0.00564    0.01532    0.00184      0.05815      0.02346      0.00210      0.05863      0.02401      
108800  0.08329    0.00564    0.01532    0.00184      0.05814      0.02351      0.00211      0.05861      0.02405      
108900  0.08329    0.00564    0.01532    0.00184      0.05813      0.02357      0.00211      0.05860      0.02409      
109000  0.08328    0.00564    0.01532    0.00184      0.05813      0.02353      0.00211      0.05861      0.02405      
109100  0.08327    0.00564    0.01532    0.00183      0.05813      0.02352      0.00210      0.05861      0.02404      
109200  0.08327    0.00564    0.01531    0.00184      0.05813      0.02352      0.00210      0.05862      0.02405      
109300  0.08327    0.00564    0.01531    0.00183      0.05813      0.02353      0.00210      0.05862      0.02406      
109400  0.08326    0.00564    0.01531    0.00184      0.05812      0.02353      0.00211      0.05861      0.02406      
109500  0.08325    0.00563    0.01531    0.00183      0.05813      0.02348      0.00210      0.05861      0.02401      
109600  0.08325    0.00563    0.01530    0.00183      0.05813      0.02347      0.00210      0.05862      0.02400      
109700  0.08324    0.00563    0.01530    0.00183      0.05813      0.02350      0.00211      0.05861      0.02402      
109800  0.08324    0.00563    0.01530    0.00183      0.05813      0.02347      0.00210      0.05862      0.02400      
109900  0.08323    0.00563    0.01529    0.00183      0.05813      0.02348      0.00210      0.05861      0.02401      
110000  0.08323    0.00563    0.01529    0.00183      0.05813      0.02348      0.00210      0.05861      0.02401      
110100  0.08322    0.00563    0.01529    0.00184      0.05812      0.02353      0.00211      0.05860      0.02405      
110200  0.08321    0.00562    0.01528    0.00184      0.05813      0.02344      0.00210      0.05860      0.02397      
110300  0.08321    0.00562    0.01528    0.00183      0.05812      0.02349      0.00210      0.05860      0.02401      
110400  0.08320    0.00562    0.01528    0.00184      0.05812      0.02353      0.00211      0.05859      0.02405      
110500  0.08319    0.00562    0.01527    0.00183      0.05813      0.02351      0.00210      0.05860      0.02404      
110600  0.08319    0.00562    0.01526    0.00183      0.05813      0.02348      0.00210      0.05861      0.02400      
110700  0.08318    0.00561    0.01526    0.00184      0.05812      0.02347      0.00211      0.05860      0.02399      
110800  0.08317    0.00561    0.01525    0.00184      0.05812      0.02347      0.00210      0.05861      0.02400      
110900  0.08316    0.00561    0.01525    0.00184      0.05811      0.02351      0.00211      0.05859      0.02403      
111000  0.08316    0.00561    0.01525    0.00183      0.05812      0.02352      0.00210      0.05861      0.02404      
111100  0.08316    0.00561    0.01524    0.00183      0.05813      0.02345      0.00210      0.05861      0.02399      
111200  0.08315    0.00561    0.01524    0.00184      0.05812      0.02349      0.00211      0.05861      0.02403      
111300  0.08314    0.00560    0.01524    0.00183      0.05812      0.02354      0.00210      0.05861      0.02407      
111400  0.08314    0.00560    0.01523    0.00183      0.05812      0.02350      0.00210      0.05861      0.02405      
111500  0.08313    0.00560    0.01523    0.00183      0.05812      0.02351      0.00210      0.05860      0.02405      
111600  0.08313    0.00560    0.01523    0.00184      0.05812      0.02351      0.00211      0.05860      0.02405      
111700  0.08312    0.00560    0.01522    0.00183      0.05812      0.02351      0.00211      0.05860      0.02405      
111800  0.08312    0.00560    0.01522    0.00183      0.05812      0.02348      0.00210      0.05861      0.02403      
111900  0.08312    0.00560    0.01522    0.00183      0.05813      0.02341      0.00210      0.05862      0.02398      
112000  0.08311    0.00559    0.01522    0.00184      0.05812      0.02345      0.00210      0.05860      0.02399      
112100  0.08311    0.00559    0.01522    0.00183      0.05813      0.02347      0.00210      0.05861      0.02401      
112200  0.08310    0.00559    0.01521    0.00183      0.05812      0.02348      0.00210      0.05860      0.02402      
112300  0.08310    0.00559    0.01521    0.00183      0.05813      0.02342      0.00210      0.05861      0.02398      
112400  0.08310    0.00559    0.01521    0.00183      0.05812      0.02347      0.00210      0.05860      0.02401      
112500  0.08309    0.00559    0.01521    0.00183      0.05812      0.02345      0.00211      0.05860      0.02400      
112600  0.08309    0.00558    0.01521    0.00183      0.05813      0.02337      0.00210      0.05862      0.02392      
112700  0.08309    0.00558    0.01521    0.00183      0.05812      0.02348      0.00210      0.05859      0.02402      
112800  0.08309    0.00558    0.01521    0.00183      0.05812      0.02347      0.00210      0.05860      0.02402      
112900  0.08308    0.00558    0.01521    0.00183      0.05812      0.02346      0.00210      0.05860      0.02401      
113000  0.08308    0.00558    0.01521    0.00183      0.05812      0.02340      0.00210      0.05860      0.02394      
113100  0.08308    0.00558    0.01520    0.00184      0.05812      0.02344      0.00210      0.05859      0.02398      
113200  0.08307    0.00558    0.01520    0.00183      0.05811      0.02342      0.00210      0.05859      0.02396      
113300  0.08306    0.00558    0.01520    0.00183      0.05811      0.02340      0.00210      0.05859      0.02394      
113400  0.08306    0.00558    0.01520    0.00183      0.05811      0.02344      0.00210      0.05860      0.02399      
113500  0.08306    0.00558    0.01520    0.00183      0.05810      0.02342      0.00210      0.05859      0.02396      
113600  0.08306    0.00558    0.01520    0.00183      0.05810      0.02345      0.00210      0.05858      0.02399      
113700  0.08305    0.00558    0.01520    0.00184      0.05809      0.02349      0.00210      0.05858      0.02402      
113800  0.08305    0.00558    0.01520    0.00183      0.05810      0.02347      0.00210      0.05858      0.02402      
113900  0.08305    0.00558    0.01519    0.00184      0.05810      0.02347      0.00210      0.05857      0.02402      
114000  0.08305    0.00557    0.01519    0.00183      0.05810      0.02344      0.00210      0.05858      0.02398      
114100  0.08304    0.00557    0.01519    0.00184      0.05810      0.02343      0.00210      0.05857      0.02397      
114200  0.08304    0.00557    0.01519    0.00183      0.05810      0.02344      0.00210      0.05858      0.02398      
114300  0.08304    0.00557    0.01519    0.00184      0.05809      0.02349      0.00211      0.05857      0.02403      
114400  0.08304    0.00557    0.01519    0.00183      0.05810      0.02349      0.00210      0.05857      0.02402      
114500  0.08304    0.00557    0.01519    0.00183      0.05810      0.02344      0.00210      0.05857      0.02398      
114600  0.08303    0.00557    0.01519    0.00183      0.05810      0.02342      0.00209      0.05858      0.02397      
114700  0.08303    0.00557    0.01519    0.00183      0.05810      0.02345      0.00210      0.05858      0.02400      
114800  0.08303    0.00557    0.01519    0.00184      0.05809      0.02343      0.00210      0.05857      0.02398      
114900  0.08303    0.00557    0.01518    0.00184      0.05809      0.02348      0.00211      0.05857      0.02403      
115000  0.08302    0.00557    0.01518    0.00184      0.05809      0.02348      0.00210      0.05857      0.02403      
115100  0.08302    0.00557    0.01518    0.00183      0.05809      0.02345      0.00210      0.05858      0.02399      
115200  0.08302    0.00557    0.01518    0.00184      0.05809      0.02350      0.00210      0.05857      0.02403      
115300  0.08302    0.00556    0.01518    0.00184      0.05809      0.02349      0.00210      0.05856      0.02401      
115400  0.08302    0.00557    0.01518    0.00183      0.05810      0.02345      0.00210      0.05857      0.02399      
115500  0.08301    0.00556    0.01518    0.00184      0.05809      0.02352      0.00210      0.05856      0.02404      
115600  0.08302    0.00556    0.01517    0.00183      0.05810      0.02346      0.00210      0.05858      0.02399      
115700  0.08301    0.00556    0.01517    0.00183      0.05809      0.02355      0.00210      0.05857      0.02407      
115800  0.08301    0.00556    0.01517    0.00184      0.05809      0.02348      0.00210      0.05857      0.02401      
115900  0.08301    0.00556    0.01517    0.00184      0.05809      0.02348      0.00210      0.05856      0.02400      
116000  0.08300    0.00556    0.01517    0.00183      0.05809      0.02350      0.00210      0.05856      0.02404      
116100  0.08300    0.00556    0.01517    0.00184      0.05809      0.02349      0.00210      0.05856      0.02402      
116200  0.08300    0.00556    0.01517    0.00183      0.05809      0.02348      0.00210      0.05857      0.02403      
116300  0.08300    0.00556    0.01517    0.00184      0.05808      0.02353      0.00210      0.05856      0.02406      
116400  0.08299    0.00555    0.01517    0.00183      0.05809      0.02351      0.00210      0.05856      0.02404      
116500  0.08300    0.00556    0.01516    0.00183      0.05810      0.02345      0.00210      0.05858      0.02400      
116600  0.08299    0.00555    0.01516    0.00183      0.05810      0.02351      0.00210      0.05858      0.02405      
116700  0.08299    0.00555    0.01516    0.00184      0.05810      0.02343      0.00210      0.05859      0.02398      
116800  0.08299    0.00555    0.01516    0.00183      0.05810      0.02343      0.00210      0.05858      0.02397      
116900  0.08299    0.00555    0.01516    0.00183      0.05810      0.02352      0.00210      0.05858      0.02405      
117000  0.08298    0.00555    0.01516    0.00183      0.05810      0.02345      0.00210      0.05858      0.02399      
117100  0.08298    0.00555    0.01516    0.00183      0.05810      0.02345      0.00210      0.05858      0.02399      
117200  0.08298    0.00554    0.01516    0.00184      0.05809      0.02354      0.00211      0.05858      0.02407      
117300  0.08298    0.00555    0.01516    0.00183      0.05810      0.02347      0.00210      0.05859      0.02402      
117400  0.08298    0.00554    0.01515    0.00183      0.05809      0.02350      0.00210      0.05858      0.02404      
117500  0.08298    0.00554    0.01515    0.00184      0.05810      0.02348      0.00210      0.05858      0.02402      
117600  0.08298    0.00554    0.01515    0.00184      0.05810      0.02348      0.00210      0.05858      0.02400      
117700  0.08297    0.00554    0.01515    0.00184      0.05809      0.02346      0.00210      0.05858      0.02400      
117800  0.08297    0.00554    0.01515    0.00184      0.05809      0.02349      0.00210      0.05857      0.02402      
117900  0.08297    0.00554    0.01515    0.00183      0.05811      0.02345      0.00210      0.05859      0.02399      
118000  0.08297    0.00554    0.01515    0.00183      0.05810      0.02347      0.00210      0.05858      0.02400      
118100  0.08296    0.00554    0.01515    0.00183      0.05810      0.02344      0.00210      0.05858      0.02398      
118200  0.08296    0.00554    0.01515    0.00183      0.05810      0.02345      0.00210      0.05858      0.02398      
118300  0.08296    0.00554    0.01514    0.00183      0.05810      0.02345      0.00210      0.05858      0.02399      
118400  0.08295    0.00554    0.01514    0.00183      0.05810      0.02344      0.00210      0.05858      0.02399      
118500  0.08295    0.00554    0.01514    0.00183      0.05809      0.02344      0.00210      0.05858      0.02398      
118600  0.08294    0.00554    0.01514    0.00183      0.05809      0.02344      0.00210      0.05857      0.02397      
118700  0.08295    0.00553    0.01514    0.00183      0.05810      0.02342      0.00209      0.05859      0.02396      
118800  0.08294    0.00553    0.01514    0.00183      0.05810      0.02344      0.00210      0.05857      0.02398      
118900  0.08294    0.00553    0.01514    0.00183      0.05809      0.02345      0.00209      0.05857      0.02397      
119000  0.08294    0.00553    0.01514    0.00183      0.05809      0.02345      0.00209      0.05857      0.02398      
119100  0.08293    0.00553    0.01514    0.00183      0.05809      0.02345      0.00210      0.05857      0.02398      
119200  0.08293    0.00553    0.01514    0.00184      0.05809      0.02340      0.00210      0.05857      0.02394      
119300  0.08293    0.00553    0.01513    0.00184      0.05808      0.02346      0.00210      0.05856      0.02400      
119400  0.08293    0.00553    0.01513    0.00183      0.05809      0.02346      0.00210      0.05857      0.02400      
119500  0.08293    0.00553    0.01513    0.00183      0.05809      0.02347      0.00209      0.05857      0.02400      
119600  0.08292    0.00553    0.01513    0.00183      0.05809      0.02346      0.00210      0.05857      0.02399      
119700  0.08292    0.00552    0.01513    0.00183      0.05809      0.02346      0.00210      0.05857      0.02399      
119800  0.08292    0.00552    0.01513    0.00183      0.05809      0.02342      0.00210      0.05858      0.02396      
119900  0.08291    0.00552    0.01513    0.00183      0.05809      0.02344      0.00210      0.05857      0.02398      
120000  0.08292    0.00552    0.01513    0.00183      0.05809      0.02343      0.00210      0.05857      0.02397      
120100  0.08291    0.00552    0.01513    0.00183      0.05809      0.02342      0.00210      0.05856      0.02396      
120200  0.08290    0.00552    0.01513    0.00183      0.05808      0.02348      0.00210      0.05856      0.02401      
120300  0.08290    0.00552    0.01513    0.00183      0.05808      0.02344      0.00210      0.05856      0.02398      
120400  0.08290    0.00552    0.01513    0.00183      0.05808      0.02346      0.00210      0.05856      0.02399      
120500  0.08290    0.00552    0.01512    0.00184      0.05808      0.02345      0.00210      0.05855      0.02399      
120600  0.08290    0.00552    0.01512    0.00183      0.05807      0.02346      0.00210      0.05855      0.02399      
120700  0.08289    0.00552    0.01512    0.00183      0.05808      0.02341      0.00209      0.05855      0.02394      
120800  0.08289    0.00552    0.01512    0.00183      0.05807      0.02347      0.00210      0.05855      0.02399      
120900  0.08289    0.00552    0.01512    0.00183      0.05807      0.02348      0.00210      0.05855      0.02401      
121000  0.08289    0.00552    0.01512    0.00183      0.05808      0.02341      0.00210      0.05855      0.02394      
121100  0.08289    0.00552    0.01512    0.00183      0.05808      0.02344      0.00210      0.05855      0.02397      
121200  0.08289    0.00552    0.01512    0.00183      0.05808      0.02348      0.00210      0.05856      0.02401      
121300  0.08289    0.00551    0.01511    0.00183      0.05808      0.02353      0.00210      0.05856      0.02406      
121400  0.08289    0.00551    0.01511    0.00183      0.05808      0.02348      0.00210      0.05856      0.02401      
121500  0.08288    0.00551    0.01511    0.00183      0.05808      0.02348      0.00210      0.05856      0.02401      
121600  0.08288    0.00551    0.01511    0.00184      0.05807      0.02348      0.00210      0.05855      0.02399      
121700  0.08288    0.00551    0.01511    0.00183      0.05808      0.02350      0.00210      0.05856      0.02403      
121800  0.08288    0.00551    0.01511    0.00183      0.05808      0.02351      0.00210      0.05855      0.02405      
121900  0.08287    0.00551    0.01511    0.00183      0.05808      0.02347      0.00210      0.05856      0.02401      
122000  0.08287    0.00551    0.01511    0.00183      0.05808      0.02346      0.00210      0.05855      0.02399      
122100  0.08287    0.00551    0.01511    0.00183      0.05807      0.02349      0.00210      0.05855      0.02402      
122200  0.08287    0.00551    0.01511    0.00184      0.05807      0.02349      0.00210      0.05854      0.02402      
122300  0.08286    0.00551    0.01511    0.00183      0.05806      0.02351      0.00210      0.05854      0.02403      
122400  0.08286    0.00551    0.01511    0.00183      0.05807      0.02344      0.00210      0.05855      0.02397      
122500  0.08286    0.00551    0.01511    0.00183      0.05807      0.02345      0.00210      0.05855      0.02397      
122600  0.08286    0.00551    0.01511    0.00183      0.05807      0.02345      0.00210      0.05855      0.02398      
122700  0.08286    0.00551    0.01511    0.00184      0.05806      0.02348      0.00210      0.05854      0.02400      
122800  0.08285    0.00550    0.01510    0.00183      0.05806      0.02347      0.00210      0.05855      0.02398      
122900  0.08285    0.00550    0.01510    0.00183      0.05806      0.02348      0.00210      0.05854      0.02400      
123000  0.08285    0.00550    0.01510    0.00183      0.05807      0.02348      0.00210      0.05855      0.02399      
123100  0.08284    0.00550    0.01510    0.00183      0.05807      0.02346      0.00210      0.05855      0.02398      
123200  0.08284    0.00550    0.01510    0.00183      0.05806      0.02346      0.00210      0.05854      0.02397      
123300  0.08284    0.00550    0.01510    0.00183      0.05806      0.02343      0.00210      0.05854      0.02394      
123400  0.08284    0.00550    0.01510    0.00184      0.05806      0.02348      0.00210      0.05853      0.02399      
123500  0.08284    0.00550    0.01510    0.00184      0.05806      0.02346      0.00210      0.05853      0.02398      
123600  0.08283    0.00550    0.01510    0.00183      0.05806      0.02349      0.00210      0.05853      0.02400      
123700  0.08283    0.00550    0.01510    0.00184      0.05805      0.02347      0.00210      0.05853      0.02398      
123800  0.08283    0.00549    0.01509    0.00184      0.05806      0.02350      0.00210      0.05853      0.02402      
123900  0.08283    0.00549    0.01509    0.00183      0.05806      0.02348      0.00210      0.05854      0.02401      
124000  0.08283    0.00549    0.01509    0.00184      0.05806      0.02350      0.00210      0.05854      0.02401      
124100  0.08283    0.00549    0.01509    0.00183      0.05806      0.02350      0.00210      0.05853      0.02401      
124200  0.08283    0.00549    0.01509    0.00184      0.05805      0.02353      0.00211      0.05852      0.02404      
124300  0.08282    0.00549    0.01509    0.00183      0.05806      0.02351      0.00210      0.05853      0.02402      
124400  0.08282    0.00549    0.01509    0.00184      0.05805      0.02355      0.00210      0.05852      0.02406      
124500  0.08282    0.00549    0.01509    0.00184      0.05806      0.02352      0.00210      0.05853      0.02403      
124600  0.08281    0.00549    0.01509    0.00184      0.05805      0.02354      0.00210      0.05853      0.02405      
124700  0.08282    0.00549    0.01509    0.00183      0.05806      0.02349      0.00210      0.05853      0.02402      
124800  0.08281    0.00549    0.01508    0.00183      0.05806      0.02350      0.00210      0.05853      0.02401      
124900  0.08281    0.00548    0.01508    0.00183      0.05806      0.02351      0.00210      0.05853      0.02402      
125000  0.08281    0.00549    0.01508    0.00183      0.05805      0.02356      0.00210      0.05853      0.02407      
125100  0.08280    0.00548    0.01508    0.00183      0.05806      0.02351      0.00210      0.05854      0.02402      
125200  0.08280    0.00548    0.01508    0.00184      0.05805      0.02355      0.00210      0.05853      0.02405      
125300  0.08280    0.00548    0.01508    0.00184      0.05806      0.02350      0.00210      0.05853      0.02402      
125400  0.08280    0.00548    0.01507    0.00184      0.05806      0.02354      0.00210      0.05853      0.02406      
125500  0.08280    0.00547    0.01507    0.00184      0.05805      0.02353      0.00210      0.05853      0.02404      
125600  0.08280    0.00547    0.01507    0.00184      0.05805      0.02358      0.00210      0.05853      0.02408      
125700  0.08280    0.00547    0.01507    0.00184      0.05806      0.02356      0.00210      0.05854      0.02407      
125800  0.08279    0.00547    0.01507    0.00184      0.05805      0.02361      0.00210      0.05853      0.02410      
125900  0.08279    0.00547    0.01507    0.00184      0.05805      0.02359      0.00210      0.05852      0.02408      
126000  0.08279    0.00547    0.01507    0.00184      0.05805      0.02362      0.00210      0.05853      0.02411      
126100  0.08279    0.00547    0.01506    0.00184      0.05805      0.02357      0.00211      0.05852      0.02408      
126200  0.08279    0.00547    0.01506    0.00184      0.05806      0.02356      0.00211      0.05853      0.02407      
126300  0.08279    0.00547    0.01506    0.00184      0.05806      0.02356      0.00210      0.05853      0.02407      
126400  0.08278    0.00547    0.01506    0.00184      0.05804      0.02365      0.00211      0.05851      0.02414      
126500  0.08279    0.00547    0.01506    0.00184      0.05805      0.02363      0.00211      0.05852      0.02411      
126600  0.08278    0.00547    0.01506    0.00184      0.05806      0.02357      0.00210      0.05854      0.02407      
126700  0.08278    0.00547    0.01506    0.00184      0.05807      0.02357      0.00210      0.05854      0.02407      
126800  0.08278    0.00547    0.01506    0.00184      0.05806      0.02363      0.00210      0.05853      0.02412      
126900  0.08278    0.00547    0.01506    0.00184      0.05805      0.02361      0.00210      0.05852      0.02410      
127000  0.08278    0.00547    0.01505    0.00184      0.05807      0.02351      0.00210      0.05855      0.02401      
127100  0.08277    0.00546    0.01505    0.00184      0.05806      0.02355      0.00210      0.05853      0.02405      
127200  0.08277    0.00546    0.01505    0.00184      0.05806      0.02353      0.00210      0.05853      0.02402      
127300  0.08277    0.00546    0.01505    0.00183      0.05807      0.02350      0.00210      0.05854      0.02400      
127400  0.08277    0.00546    0.01505    0.00184      0.05806      0.02358      0.00210      0.05853      0.02407      
127500  0.08277    0.00546    0.01505    0.00184      0.05806      0.02357      0.00210      0.05853      0.02406      
127600  0.08276    0.00546    0.01505    0.00184      0.05805      0.02354      0.00210      0.05852      0.02403      
127700  0.08276    0.00546    0.01505    0.00184      0.05805      0.02361      0.00210      0.05852      0.02409      
127800  0.08276    0.00546    0.01505    0.00184      0.05805      0.02360      0.00210      0.05852      0.02409      
127900  0.08276    0.00546    0.01505    0.00183      0.05806      0.02360      0.00210      0.05852      0.02409      
128000  0.08275    0.00546    0.01505    0.00184      0.05805      0.02351      0.00210      0.05853      0.02401      
128100  0.08275    0.00546    0.01505    0.00184      0.05805      0.02361      0.00210      0.05852      0.02410      
128200  0.08275    0.00546    0.01505    0.00184      0.05805      0.02355      0.00211      0.05851      0.02406      
128300  0.08275    0.00546    0.01504    0.00184      0.05805      0.02354      0.00210      0.05852      0.02403      
128400  0.08274    0.00546    0.01504    0.00184      0.05805      0.02359      0.00210      0.05852      0.02409      
128500  0.08274    0.00546    0.01504    0.00184      0.05805      0.02355      0.00210      0.05852      0.02405      
128600  0.08274    0.00546    0.01504    0.00184      0.05804      0.02358      0.00210      0.05851      0.02408      
128700  0.08274    0.00545    0.01504    0.00184      0.05806      0.02348      0.00210      0.05853      0.02399      
128800  0.08273    0.00545    0.01504    0.00183      0.05805      0.02356      0.00210      0.05852      0.02405      
128900  0.08273    0.00545    0.01504    0.00184      0.05805      0.02350      0.00210      0.05851      0.02400      
129000  0.08273    0.00546    0.01504    0.00184      0.05804      0.02355      0.00210      0.05851      0.02405      
129100  0.08273    0.00545    0.01504    0.00184      0.05805      0.02351      0.00210      0.05852      0.02402      
129200  0.08272    0.00545    0.01504    0.00184      0.05804      0.02354      0.00210      0.05851      0.02404      
129300  0.08272    0.00545    0.01504    0.00184      0.05804      0.02349      0.00210      0.05851      0.02399      
129400  0.08271    0.00545    0.01504    0.00184      0.05804      0.02347      0.00210      0.05851      0.02397      
129500  0.08271    0.00545    0.01504    0.00184      0.05804      0.02350      0.00210      0.05851      0.02400      
129600  0.08272    0.00545    0.01504    0.00183      0.05804      0.02351      0.00210      0.05852      0.02402      
129700  0.08271    0.00545    0.01503    0.00184      0.05803      0.02359      0.00210      0.05850      0.02408      
129800  0.08271    0.00545    0.01503    0.00184      0.05804      0.02352      0.00210      0.05851      0.02403      
129900  0.08271    0.00545    0.01503    0.00184      0.05804      0.02350      0.00210      0.05852      0.02401      
130000  0.08271    0.00545    0.01503    0.00184      0.05804      0.02352      0.00210      0.05851      0.02402      
130100  0.08270    0.00545    0.01503    0.00183      0.05804      0.02353      0.00210      0.05851      0.02403      
130200  0.08270    0.00545    0.01503    0.00184      0.05803      0.02355      0.00210      0.05850      0.02404      
130300  0.08270    0.00545    0.01503    0.00183      0.05804      0.02348      0.00209      0.05851      0.02399      
130400  0.08270    0.00545    0.01503    0.00184      0.05804      0.02349      0.00209      0.05851      0.02399      
130500  0.08269    0.00544    0.01503    0.00184      0.05803      0.02349      0.00210      0.05850      0.02399      
130600  0.08269    0.00544    0.01503    0.00184      0.05803      0.02351      0.00210      0.05850      0.02400      
130700  0.08269    0.00544    0.01502    0.00184      0.05804      0.02349      0.00210      0.05850      0.02399      
130800  0.08269    0.00544    0.01502    0.00183      0.05805      0.02345      0.00209      0.05851      0.02395      
130900  0.08269    0.00544    0.01502    0.00184      0.05804      0.02344      0.00209      0.05852      0.02394      
131000  0.08268    0.00544    0.01502    0.00183      0.05804      0.02347      0.00210      0.05851      0.02397      
131100  0.08268    0.00544    0.01502    0.00183      0.05804      0.02343      0.00209      0.05852      0.02393      
131200  0.08268    0.00544    0.01502    0.00183      0.05804      0.02342      0.00209      0.05851      0.02392      
131300  0.08267    0.00544    0.01502    0.00183      0.05804      0.02343      0.00209      0.05852      0.02393      
131400  0.08267    0.00544    0.01502    0.00183      0.05804      0.02341      0.00209      0.05852      0.02391      
131500  0.08267    0.00544    0.01502    0.00183      0.05804      0.02342      0.00209      0.05851      0.02393      
131600  0.08267    0.00544    0.01502    0.00183      0.05804      0.02338      0.00209      0.05852      0.02389      
131700  0.08267    0.00543    0.01502    0.00183      0.05804      0.02342      0.00209      0.05852      0.02392      
131800  0.08267    0.00544    0.01502    0.00183      0.05805      0.02340      0.00209      0.05852      0.02391      
131900  0.08266    0.00543    0.01501    0.00183      0.05804      0.02342      0.00209      0.05851      0.02392      
132000  0.08266    0.00543    0.01501    0.00183      0.05804      0.02341      0.00209      0.05851      0.02392      
132100  0.08266    0.00543    0.01501    0.00183      0.05804      0.02340      0.00209      0.05852      0.02391      
132200  0.08266    0.00543    0.01501    0.00183      0.05804      0.02342      0.00209      0.05851      0.02394      
132300  0.08265    0.00543    0.01501    0.00183      0.05804      0.02339      0.00209      0.05851      0.02390      
132400  0.08265    0.00543    0.01501    0.00183      0.05803      0.02344      0.00210      0.05850      0.02395      
132500  0.08265    0.00543    0.01501    0.00183      0.05804      0.02339      0.00209      0.05851      0.02390      
132600  0.08265    0.00543    0.01501    0.00183      0.05803      0.02342      0.00210      0.05851      0.02393      
132700  0.08265    0.00543    0.01501    0.00184      0.05803      0.02343      0.00209      0.05850      0.02394      
132800  0.08265    0.00543    0.01501    0.00184      0.05803      0.02344      0.00210      0.05850      0.02394      
132900  0.08264    0.00543    0.01501    0.00183      0.05803      0.02342      0.00209      0.05851      0.02394      
133000  0.08264    0.00543    0.01501    0.00183      0.05803      0.02346      0.00209      0.05850      0.02396      
133100  0.08264    0.00543    0.01500    0.00183      0.05803      0.02347      0.00209      0.05850      0.02396      
133200  0.08264    0.00543    0.01500    0.00183      0.05803      0.02342      0.00209      0.05850      0.02393      
133300  0.08263    0.00543    0.01500    0.00183      0.05803      0.02338      0.00209      0.05850      0.02389      
133400  0.08263    0.00543    0.01500    0.00183      0.05803      0.02342      0.00209      0.05851      0.02392      
133500  0.08263    0.00543    0.01500    0.00182      0.05804      0.02338      0.00209      0.05851      0.02388      
133600  0.08263    0.00543    0.01500    0.00183      0.05803      0.02339      0.00209      0.05851      0.02389      
133700  0.08263    0.00543    0.01500    0.00183      0.05802      0.02341      0.00209      0.05850      0.02390      
133800  0.08262    0.00542    0.01500    0.00183      0.05802      0.02343      0.00209      0.05850      0.02392      
133900  0.08262    0.00542    0.01500    0.00182      0.05803      0.02341      0.00209      0.05851      0.02391      
134000  0.08262    0.00542    0.01500    0.00183      0.05803      0.02343      0.00209      0.05850      0.02394      
134100  0.08262    0.00542    0.01500    0.00183      0.05802      0.02350      0.00209      0.05849      0.02399      
134200  0.08262    0.00542    0.01500    0.00183      0.05802      0.02346      0.00209      0.05850      0.02396      
134300  0.08262    0.00542    0.01500    0.00183      0.05802      0.02344      0.00209      0.05849      0.02393      
134400  0.08262    0.00542    0.01499    0.00183      0.05802      0.02345      0.00209      0.05849      0.02394      
134500  0.08261    0.00542    0.01499    0.00184      0.05802      0.02346      0.00210      0.05849      0.02395      
134600  0.08262    0.00542    0.01499    0.00184      0.05802      0.02345      0.00209      0.05850      0.02395      
134700  0.08262    0.00542    0.01499    0.00183      0.05803      0.02344      0.00209      0.05851      0.02394      
134800  0.08261    0.00542    0.01499    0.00183      0.05804      0.02340      0.00209      0.05852      0.02391      
134900  0.08261    0.00542    0.01499    0.00183      0.05803      0.02341      0.00209      0.05851      0.02390      
135000  0.08261    0.00542    0.01499    0.00183      0.05803      0.02340      0.00209      0.05851      0.02391      
135100  0.08261    0.00542    0.01499    0.00183      0.05804      0.02343      0.00209      0.05852      0.02393      
135200  0.08261    0.00542    0.01499    0.00183      0.05803      0.02342      0.00209      0.05852      0.02393      
135300  0.08261    0.00541    0.01499    0.00183      0.05803      0.02344      0.00209      0.05851      0.02394      
135400  0.08261    0.00542    0.01499    0.00183      0.05802      0.02349      0.00209      0.05850      0.02399      
135500  0.08261    0.00541    0.01499    0.00184      0.05802      0.02346      0.00210      0.05851      0.02397      
135600  0.08260    0.00541    0.01498    0.00183      0.05803      0.02345      0.00209      0.05851      0.02395      
135700  0.08260    0.00541    0.01498    0.00184      0.05802      0.02350      0.00210      0.05850      0.02400      
135800  0.08260    0.00541    0.01498    0.00183      0.05803      0.02346      0.00209      0.05851      0.02396      
135900  0.08260    0.00541    0.01498    0.00184      0.05802      0.02346      0.00209      0.05851      0.02396      
136000  0.08260    0.00541    0.01498    0.00184      0.05802      0.02346      0.00209      0.05851      0.02396      
136100  0.08260    0.00541    0.01498    0.00183      0.05803      0.02348      0.00209      0.05851      0.02398      
136200  0.08260    0.00541    0.01498    0.00183      0.05803      0.02348      0.00209      0.05851      0.02398      
136300  0.08260    0.00541    0.01498    0.00183      0.05804      0.02340      0.00209      0.05852      0.02391      
136400  0.08259    0.00541    0.01498    0.00183      0.05803      0.02348      0.00209      0.05851      0.02398      
136500  0.08259    0.00541    0.01498    0.00183      0.05803      0.02344      0.00209      0.05851      0.02393      
136600  0.08259    0.00541    0.01498    0.00183      0.05804      0.02338      0.00208      0.05852      0.02389      
136700  0.08259    0.00541    0.01498    0.00183      0.05804      0.02340      0.00209      0.05852      0.02390      
136800  0.08258    0.00541    0.01498    0.00183      0.05803      0.02344      0.00209      0.05851      0.02393      
136900  0.08259    0.00541    0.01498    0.00183      0.05804      0.02340      0.00209      0.05851      0.02389      
137000  0.08258    0.00541    0.01497    0.00183      0.05803      0.02343      0.00209      0.05851      0.02392      
137100  0.08258    0.00541    0.01497    0.00183      0.05802      0.02344      0.00209      0.05850      0.02393      
137200  0.08258    0.00541    0.01497    0.00183      0.05803      0.02344      0.00209      0.05850      0.02394      
137300  0.08258    0.00541    0.01497    0.00183      0.05803      0.02340      0.00208      0.05852      0.02390      
137400  0.08259    0.00541    0.01497    0.00183      0.05803      0.02340      0.00209      0.05851      0.02390      
137500  0.08258    0.00541    0.01497    0.00183      0.05804      0.02338      0.00209      0.05852      0.02388      
137600  0.08258    0.00540    0.01497    0.00183      0.05804      0.02338      0.00208      0.05852      0.02388      
137700  0.08258    0.00540    0.01497    0.00183      0.05803      0.02339      0.00208      0.05851      0.02388      
137800  0.08257    0.00540    0.01497    0.00183      0.05804      0.02339      0.00209      0.05852      0.02389      
137900  0.08257    0.00540    0.01497    0.00183      0.05803      0.02340      0.00209      0.05852      0.02390      
138000  0.08257    0.00540    0.01497    0.00183      0.05804      0.02338      0.00208      0.05853      0.02388      
138100  0.08257    0.00540    0.01497    0.00183      0.05803      0.02335      0.00209      0.05851      0.02386      
138200  0.08257    0.00540    0.01497    0.00183      0.05802      0.02344      0.00209      0.05850      0.02393      
138300  0.08256    0.00540    0.01497    0.00183      0.05803      0.02334      0.00208      0.05851      0.02385      
138400  0.08256    0.00540    0.01497    0.00183      0.05803      0.02338      0.00208      0.05850      0.02388      
138500  0.08256    0.00540    0.01496    0.00183      0.05802      0.02344      0.00209      0.05850      0.02394      
138600  0.08256    0.00540    0.01496    0.00183      0.05802      0.02340      0.00208      0.05850      0.02390      
138700  0.08256    0.00540    0.01496    0.00183      0.05802      0.02346      0.00209      0.05850      0.02395      
138800  0.08255    0.00540    0.01496    0.00183      0.05802      0.02342      0.00209      0.05850      0.02391      
138900  0.08255    0.00540    0.01496    0.00183      0.05802      0.02345      0.00209      0.05849      0.02394      
139000  0.08255    0.00540    0.01496    0.00183      0.05802      0.02342      0.00209      0.05850      0.02392      
139100  0.08255    0.00540    0.01496    0.00183      0.05802      0.02341      0.00209      0.05850      0.02391      
139200  0.08255    0.00540    0.01496    0.00183      0.05802      0.02343      0.00209      0.05849      0.02393      
139300  0.08254    0.00540    0.01496    0.00183      0.05801      0.02343      0.00209      0.05849      0.02393      
139400  0.08254    0.00539    0.01496    0.00183      0.05802      0.02340      0.00209      0.05849      0.02390      
139500  0.08254    0.00539    0.01496    0.00183      0.05803      0.02337      0.00209      0.05850      0.02389      
139600  0.08253    0.00539    0.01496    0.00183      0.05802      0.02342      0.00209      0.05849      0.02392      
139700  0.08253    0.00539    0.01496    0.00182      0.05802      0.02338      0.00209      0.05850      0.02389      
139800  0.08253    0.00539    0.01496    0.00182      0.05802      0.02335      0.00208      0.05850      0.02386      
139900  0.08253    0.00539    0.01496    0.00183      0.05802      0.02333      0.00208      0.05850      0.02384      
140000  0.08253    0.00539    0.01495    0.00183      0.05802      0.02337      0.00208      0.05849      0.02387      
140100  0.08253    0.00539    0.01495    0.00183      0.05802      0.02340      0.00209      0.05849      0.02389      
140200  0.08253    0.00539    0.01495    0.00183      0.05802      0.02339      0.00208      0.05849      0.02389      
140300  0.08252    0.00539    0.01495    0.00183      0.05801      0.02342      0.00209      0.05849      0.02391      
140400  0.08253    0.00539    0.01495    0.00183      0.05802      0.02338      0.00209      0.05849      0.02388      
140500  0.08252    0.00539    0.01495    0.00183      0.05802      0.02338      0.00209      0.05850      0.02388      
140600  0.08252    0.00539    0.01495    0.00183      0.05801      0.02347      0.00209      0.05849      0.02396      
140700  0.08252    0.00539    0.01495    0.00183      0.05802      0.02343      0.00209      0.05849      0.02392      
140800  0.08252    0.00538    0.01495    0.00183      0.05801      0.02345      0.00209      0.05849      0.02395      
140900  0.08252    0.00538    0.01495    0.00183      0.05801      0.02344      0.00209      0.05849      0.02393      
141000  0.08251    0.00538    0.01495    0.00183      0.05801      0.02343      0.00209      0.05849      0.02392      
141100  0.08251    0.00538    0.01494    0.00182      0.05801      0.02342      0.00209      0.05850      0.02392      
141200  0.08251    0.00538    0.01494    0.00183      0.05801      0.02342      0.00209      0.05849      0.02391      
141300  0.08251    0.00538    0.01494    0.00183      0.05802      0.02336      0.00209      0.05850      0.02387      
141400  0.08251    0.00538    0.01494    0.00183      0.05801      0.02342      0.00209      0.05849      0.02392      
141500  0.08250    0.00538    0.01494    0.00183      0.05801      0.02345      0.00209      0.05849      0.02394      
141600  0.08250    0.00538    0.01494    0.00183      0.05801      0.02337      0.00208      0.05849      0.02387      
141700  0.08250    0.00538    0.01494    0.00183      0.05802      0.02338      0.00209      0.05849      0.02388      
141800  0.08250    0.00538    0.01494    0.00183      0.05801      0.02342      0.00209      0.05849      0.02391      
141900  0.08250    0.00538    0.01494    0.00183      0.05801      0.02341      0.00209      0.05848      0.02390      
142000  0.08249    0.00538    0.01494    0.00183      0.05801      0.02339      0.00209      0.05849      0.02389      
142100  0.08249    0.00538    0.01494    0.00183      0.05800      0.02343      0.00209      0.05848      0.02393      
142200  0.08249    0.00538    0.01494    0.00183      0.05800      0.02346      0.00209      0.05847      0.02396      
142300  0.08249    0.00538    0.01494    0.00183      0.05800      0.02346      0.00209      0.05848      0.02396      
142400  0.08249    0.00538    0.01493    0.00183      0.05800      0.02344      0.00209      0.05848      0.02394      
142500  0.08248    0.00538    0.01493    0.00183      0.05800      0.02346      0.00209      0.05847      0.02395      
142600  0.08248    0.00537    0.01493    0.00183      0.05800      0.02346      0.00208      0.05848      0.02394      
142700  0.08248    0.00537    0.01493    0.00183      0.05800      0.02343      0.00209      0.05847      0.02393      
142800  0.08248    0.00537    0.01493    0.00183      0.05800      0.02345      0.00209      0.05847      0.02395      
142900  0.08248    0.00537    0.01493    0.00183      0.05800      0.02346      0.00209      0.05848      0.02395      
143000  0.08247    0.00537    0.01493    0.00182      0.05800      0.02344      0.00209      0.05848      0.02393      
143100  0.08248    0.00537    0.01493    0.00182      0.05801      0.02341      0.00209      0.05848      0.02392      
143200  0.08247    0.00537    0.01493    0.00183      0.05800      0.02343      0.00209      0.05848      0.02392      
143300  0.08247    0.00537    0.01493    0.00183      0.05801      0.02338      0.00209      0.05848      0.02388      
143400  0.08247    0.00537    0.01493    0.00183      0.05800      0.02345      0.00209      0.05848      0.02394      
143500  0.08247    0.00537    0.01493    0.00183      0.05800      0.02345      0.00209      0.05847      0.02395      
143600  0.08246    0.00537    0.01493    0.00183      0.05800      0.02344      0.00209      0.05847      0.02393      
143700  0.08246    0.00537    0.01493    0.00183      0.05799      0.02345      0.00209      0.05847      0.02395      
143800  0.08246    0.00537    0.01493    0.00183      0.05799      0.02345      0.00209      0.05847      0.02394      
143900  0.08246    0.00537    0.01493    0.00183      0.05799      0.02344      0.00209      0.05847      0.02394      
144000  0.08246    0.00537    0.01493    0.00183      0.05799      0.02343      0.00209      0.05847      0.02393      
144100  0.08245    0.00537    0.01493    0.00183      0.05799      0.02345      0.00209      0.05846      0.02395      
144200  0.08245    0.00536    0.01492    0.00183      0.05799      0.02345      0.00209      0.05846      0.02395      
144300  0.08245    0.00537    0.01492    0.00183      0.05799      0.02340      0.00209      0.05847      0.02391      
144400  0.08245    0.00537    0.01492    0.00183      0.05799      0.02343      0.00209      0.05847      0.02393      
144500  0.08244    0.00536    0.01492    0.00183      0.05799      0.02339      0.00208      0.05847      0.02390      
144600  0.08244    0.00536    0.01492    0.00183      0.05799      0.02341      0.00209      0.05847      0.02392      
144700  0.08244    0.00536    0.01492    0.00183      0.05798      0.02344      0.00209      0.05846      0.02395      
144800  0.08244    0.00536    0.01492    0.00183      0.05799      0.02341      0.00209      0.05847      0.02391      
144900  0.08244    0.00536    0.01492    0.00182      0.05799      0.02340      0.00208      0.05848      0.02390      
145000  0.08244    0.00536    0.01492    0.00183      0.05798      0.02341      0.00209      0.05847      0.02392      
145100  0.08244    0.00536    0.01492    0.00182      0.05799      0.02340      0.00208      0.05848      0.02390      
145200  0.08244    0.00536    0.01492    0.00182      0.05799      0.02339      0.00209      0.05848      0.02389      
145300  0.08243    0.00536    0.01492    0.00183      0.05800      0.02335      0.00208      0.05848      0.02386      
145400  0.08243    0.00536    0.01492    0.00183      0.05799      0.02338      0.00209      0.05847      0.02388      
145500  0.08243    0.00536    0.01492    0.00182      0.05799      0.02340      0.00208      0.05848      0.02390      
145600  0.08243    0.00536    0.01492    0.00183      0.05800      0.02332      0.00208      0.05849      0.02384      
145700  0.08243    0.00536    0.01492    0.00183      0.05799      0.02334      0.00208      0.05847      0.02385      
145800  0.08243    0.00536    0.01492    0.00183      0.05798      0.02344      0.00209      0.05846      0.02393      
145900  0.08242    0.00536    0.01491    0.00183      0.05799      0.02336      0.00208      0.05847      0.02386      
146000  0.08242    0.00536    0.01491    0.00183      0.05798      0.02341      0.00209      0.05847      0.02391      
146100  0.08242    0.00536    0.01491    0.00182      0.05799      0.02339      0.00209      0.05846      0.02388      
146200  0.08242    0.00536    0.01491    0.00183      0.05798      0.02338      0.00209      0.05846      0.02388      
146300  0.08242    0.00536    0.01491    0.00183      0.05799      0.02337      0.00208      0.05846      0.02387      
146400  0.08242    0.00536    0.01491    0.00183      0.05798      0.02341      0.00208      0.05846      0.02390      
146500  0.08241    0.00535    0.01491    0.00182      0.05799      0.02337      0.00208      0.05846      0.02386      
146600  0.08241    0.00535    0.01491    0.00182      0.05799      0.02337      0.00208      0.05847      0.02387      
146700  0.08241    0.00535    0.01491    0.00183      0.05798      0.02340      0.00209      0.05846      0.02389      
146800  0.08241    0.00535    0.01491    0.00182      0.05798      0.02339      0.00208      0.05846      0.02388      
146900  0.08241    0.00535    0.01491    0.00183      0.05798      0.02339      0.00208      0.05846      0.02388      
147000  0.08241    0.00535    0.01491    0.00183      0.05799      0.02337      0.00208      0.05847      0.02386      
147100  0.08241    0.00535    0.01491    0.00183      0.05798      0.02338      0.00208      0.05846      0.02386      
147200  0.08241    0.00535    0.01491    0.00183      0.05798      0.02338      0.00208      0.05846      0.02387      
147300  0.08240    0.00535    0.01491    0.00182      0.05798      0.02337      0.00208      0.05846      0.02387      
147400  0.08241    0.00535    0.01491    0.00182      0.05798      0.02340      0.00208      0.05846      0.02388      
147500  0.08240    0.00535    0.01491    0.00182      0.05799      0.02339      0.00208      0.05847      0.02388      
147600  0.08240    0.00535    0.01491    0.00182      0.05798      0.02341      0.00208      0.05846      0.02390      
147700  0.08240    0.00535    0.01491    0.00183      0.05798      0.02335      0.00209      0.05846      0.02385      
147800  0.08240    0.00535    0.01491    0.00183      0.05797      0.02340      0.00209      0.05845      0.02389      
147900  0.08240    0.00535    0.01491    0.00182      0.05798      0.02341      0.00208      0.05846      0.02391      
148000  0.08240    0.00535    0.01491    0.00182      0.05798      0.02336      0.00208      0.05846      0.02386      
148100  0.08239    0.00535    0.01491    0.00183      0.05798      0.02336      0.00208      0.05845      0.02385      
148200  0.08239    0.00535    0.01491    0.00182      0.05798      0.02337      0.00208      0.05845      0.02387      
148300  0.08239    0.00535    0.01491    0.00182      0.05797      0.02337      0.00208      0.05845      0.02387      
148400  0.08239    0.00535    0.01490    0.00183      0.05798      0.02333      0.00208      0.05846      0.02383      
148500  0.08239    0.00535    0.01490    0.00182      0.05798      0.02336      0.00208      0.05846      0.02387      
148600  0.08239    0.00535    0.01490    0.00182      0.05798      0.02335      0.00208      0.05846      0.02386      
148700  0.08239    0.00535    0.01490    0.00182      0.05798      0.02336      0.00208      0.05845      0.02386      
148800  0.08238    0.00535    0.01490    0.00182      0.05798      0.02338      0.00208      0.05845      0.02388      
148900  0.08238    0.00535    0.01490    0.00182      0.05798      0.02336      0.00208      0.05845      0.02386      
149000  0.08238    0.00535    0.01490    0.00182      0.05798      0.02336      0.00208      0.05845      0.02387      
149100  0.08238    0.00535    0.01490    0.00182      0.05798      0.02333      0.00208      0.05846      0.02383      
149200  0.08238    0.00535    0.01490    0.00182      0.05798      0.02334      0.00208      0.05845      0.02385      
149300  0.08237    0.00535    0.01490    0.00182      0.05797      0.02334      0.00208      0.05845      0.02385      
149400  0.08237    0.00534    0.01490    0.00182      0.05797      0.02335      0.00208      0.05845      0.02386      
149500  0.08237    0.00534    0.01490    0.00182      0.05798      0.02337      0.00208      0.05846      0.02389      
149600  0.08237    0.00534    0.01490    0.00183      0.05797      0.02336      0.00208      0.05845      0.02387      
149700  0.08237    0.00534    0.01490    0.00182      0.05797      0.02330      0.00208      0.05846      0.02381      
149800  0.08237    0.00534    0.01490    0.00183      0.05797      0.02332      0.00208      0.05845      0.02383      
149900  0.08237    0.00534    0.01490    0.00182      0.05798      0.02328      0.00208      0.05846      0.02380      
150000  0.08237    0.00534    0.01490    0.00182      0.05798      0.02329      0.00208      0.05845      0.02381      
150100  0.08236    0.00534    0.01490    0.00182      0.05798      0.02328      0.00208      0.05846      0.02379      
150200  0.08236    0.00534    0.01490    0.00182      0.05797      0.02333      0.00208      0.05844      0.02383      
150300  0.08236    0.00534    0.01489    0.00182      0.05797      0.02331      0.00208      0.05845      0.02382      
150400  0.08236    0.00534    0.01489    0.00182      0.05797      0.02330      0.00208      0.05845      0.02380      
150500  0.08236    0.00534    0.01489    0.00182      0.05797      0.02335      0.00208      0.05845      0.02385      
150600  0.08235    0.00534    0.01489    0.00182      0.05797      0.02332      0.00208      0.05845      0.02382      
150700  0.08235    0.00534    0.01489    0.00182      0.05796      0.02335      0.00208      0.05844      0.02385      
150800  0.08235    0.00534    0.01489    0.00182      0.05797      0.02333      0.00208      0.05844      0.02383      
150900  0.08235    0.00534    0.01489    0.00182      0.05797      0.02333      0.00208      0.05845      0.02383      
151000  0.08235    0.00534    0.01489    0.00182      0.05796      0.02337      0.00209      0.05844      0.02387      
151100  0.08235    0.00534    0.01489    0.00182      0.05796      0.02335      0.00208      0.05844      0.02385      
151200  0.08235    0.00534    0.01489    0.00182      0.05796      0.02332      0.00208      0.05844      0.02383      
151300  0.08234    0.00534    0.01489    0.00182      0.05796      0.02332      0.00209      0.05844      0.02382      
151400  0.08234    0.00534    0.01489    0.00182      0.05796      0.02332      0.00208      0.05844      0.02382      
151500  0.08234    0.00534    0.01489    0.00182      0.05796      0.02339      0.00208      0.05843      0.02388      
151600  0.08234    0.00534    0.01489    0.00182      0.05796      0.02333      0.00208      0.05843      0.02383      
151700  0.08233    0.00534    0.01489    0.00182      0.05796      0.02331      0.00208      0.05844      0.02381      
151800  0.08234    0.00534    0.01489    0.00182      0.05795      0.02336      0.00208      0.05844      0.02385      
151900  0.08234    0.00534    0.01489    0.00182      0.05796      0.02333      0.00209      0.05844      0.02384      
152000  0.08233    0.00534    0.01489    0.00182      0.05795      0.02336      0.00208      0.05843      0.02386      
152100  0.08233    0.00533    0.01488    0.00182      0.05795      0.02338      0.00209      0.05843      0.02388      
152200  0.08233    0.00533    0.01489    0.00182      0.05795      0.02336      0.00208      0.05843      0.02386      
152300  0.08233    0.00533    0.01489    0.00182      0.05795      0.02335      0.00208      0.05843      0.02385      
152400  0.08232    0.00533    0.01489    0.00182      0.05795      0.02333      0.00208      0.05843      0.02384      
152500  0.08232    0.00533    0.01488    0.00182      0.05795      0.02332      0.00208      0.05843      0.02383      
152600  0.08232    0.00533    0.01488    0.00182      0.05795      0.02329      0.00208      0.05844      0.02380      
152700  0.08232    0.00533    0.01488    0.00182      0.05796      0.02329      0.00208      0.05844      0.02380      
152800  0.08232    0.00533    0.01488    0.00182      0.05795      0.02335      0.00208      0.05843      0.02385      
152900  0.08232    0.00533    0.01488    0.00182      0.05795      0.02337      0.00209      0.05842      0.02387      
153000  0.08232    0.00533    0.01488    0.00182      0.05795      0.02330      0.00209      0.05843      0.02381      
153100  0.08231    0.00533    0.01488    0.00182      0.05795      0.02332      0.00208      0.05843      0.02383      
153200  0.08231    0.00533    0.01488    0.00182      0.05794      0.02336      0.00208      0.05842      0.02386      
153300  0.08231    0.00533    0.01488    0.00182      0.05795      0.02332      0.00208      0.05843      0.02383      
153400  0.08231    0.00533    0.01488    0.00182      0.05794      0.02334      0.00208      0.05842      0.02383      
153500  0.08231    0.00533    0.01488    0.00182      0.05794      0.02333      0.00209      0.05842      0.02384      
153600  0.08231    0.00533    0.01488    0.00182      0.05795      0.02335      0.00209      0.05842      0.02386      
153700  0.08231    0.00533    0.01488    0.00182      0.05795      0.02333      0.00208      0.05843      0.02384      
153800  0.08231    0.00533    0.01488    0.00182      0.05794      0.02339      0.00209      0.05842      0.02389      
153900  0.08231    0.00533    0.01488    0.00182      0.05794      0.02341      0.00209      0.05842      0.02391      
154000  0.08230    0.00533    0.01488    0.00182      0.05795      0.02333      0.00208      0.05844      0.02385      
154100  0.08230    0.00533    0.01487    0.00182      0.05794      0.02339      0.00208      0.05843      0.02390      
154200  0.08230    0.00533    0.01487    0.00182      0.05795      0.02337      0.00208      0.05843      0.02389      
154300  0.08230    0.00532    0.01487    0.00182      0.05795      0.02338      0.00208      0.05843      0.02388      
154400  0.08230    0.00532    0.01487    0.00182      0.05795      0.02333      0.00208      0.05843      0.02384      
154500  0.08230    0.00532    0.01487    0.00182      0.05795      0.02331      0.00208      0.05843      0.02382      
154600  0.08229    0.00532    0.01487    0.00182      0.05795      0.02331      0.00208      0.05843      0.02383      
154700  0.08229    0.00532    0.01487    0.00182      0.05795      0.02329      0.00208      0.05843      0.02381      
154800  0.08229    0.00532    0.01487    0.00182      0.05794      0.02332      0.00208      0.05843      0.02383      
154900  0.08229    0.00532    0.01487    0.00182      0.05794      0.02330      0.00208      0.05843      0.02382      
155000  0.08228    0.00532    0.01487    0.00182      0.05794      0.02330      0.00208      0.05842      0.02381      
155100  0.08229    0.00532    0.01487    0.00182      0.05794      0.02329      0.00208      0.05842      0.02380      
155200  0.08229    0.00532    0.01487    0.00181      0.05795      0.02327      0.00208      0.05844      0.02379      
155300  0.08228    0.00532    0.01487    0.00181      0.05795      0.02327      0.00208      0.05844      0.02379      
155400  0.08228    0.00533    0.01487    0.00182      0.05794      0.02330      0.00208      0.05843      0.02382      
155500  0.08228    0.00533    0.01487    0.00182      0.05794      0.02331      0.00208      0.05842      0.02382      
155600  0.08228    0.00532    0.01487    0.00181      0.05795      0.02327      0.00208      0.05843      0.02380      
155700  0.08228    0.00532    0.01487    0.00181      0.05795      0.02329      0.00208      0.05844      0.02381      
155800  0.08228    0.00532    0.01487    0.00182      0.05795      0.02326      0.00208      0.05843      0.02379      
155900  0.08228    0.00532    0.01487    0.00182      0.05794      0.02327      0.00208      0.05843      0.02379      
156000  0.08228    0.00532    0.01486    0.00182      0.05794      0.02329      0.00208      0.05843      0.02381      
156100  0.08228    0.00532    0.01486    0.00181      0.05796      0.02325      0.00208      0.05844      0.02378      
156200  0.08228    0.00532    0.01486    0.00182      0.05794      0.02332      0.00209      0.05842      0.02384      
156300  0.08228    0.00532    0.01486    0.00182      0.05795      0.02326      0.00208      0.05843      0.02379      
156400  0.08227    0.00532    0.01486    0.00181      0.05795      0.02325      0.00208      0.05843      0.02378      
156500  0.08227    0.00532    0.01486    0.00182      0.05794      0.02327      0.00208      0.05843      0.02380      
156600  0.08227    0.00532    0.01486    0.00182      0.05794      0.02329      0.00208      0.05841      0.02381      
156700  0.08226    0.00532    0.01486    0.00181      0.05794      0.02329      0.00208      0.05842      0.02381      
156800  0.08226    0.00532    0.01486    0.00182      0.05794      0.02326      0.00208      0.05842      0.02378      
156900  0.08226    0.00532    0.01486    0.00181      0.05794      0.02328      0.00208      0.05842      0.02379      
157000  0.08226    0.00532    0.01486    0.00182      0.05793      0.02328      0.00208      0.05842      0.02379      
157100  0.08225    0.00532    0.01486    0.00182      0.05793      0.02325      0.00208      0.05842      0.02377      
157200  0.08225    0.00532    0.01486    0.00182      0.05793      0.02328      0.00208      0.05842      0.02379      
157300  0.08226    0.00532    0.01486    0.00182      0.05793      0.02328      0.00208      0.05842      0.02379      
157400  0.08226    0.00532    0.01486    0.00182      0.05792      0.02336      0.00209      0.05841      0.02388      
157500  0.08225    0.00532    0.01486    0.00181      0.05793      0.02330      0.00208      0.05841      0.02382      
157600  0.08225    0.00532    0.01486    0.00182      0.05793      0.02328      0.00208      0.05842      0.02380      
157700  0.08225    0.00532    0.01486    0.00182      0.05793      0.02330      0.00208      0.05841      0.02382      
157800  0.08225    0.00532    0.01486    0.00181      0.05793      0.02330      0.00208      0.05842      0.02382      
157900  0.08225    0.00532    0.01486    0.00182      0.05794      0.02325      0.00208      0.05842      0.02378      
158000  0.08225    0.00531    0.01486    0.00182      0.05793      0.02331      0.00208      0.05842      0.02382      
158100  0.08225    0.00531    0.01486    0.00182      0.05792      0.02336      0.00209      0.05841      0.02387      
158200  0.08225    0.00531    0.01485    0.00182      0.05793      0.02334      0.00208      0.05841      0.02385      
158300  0.08225    0.00531    0.01485    0.00182      0.05793      0.02332      0.00208      0.05842      0.02384      
158400  0.08225    0.00531    0.01485    0.00182      0.05793      0.02333      0.00208      0.05841      0.02384      
158500  0.08225    0.00531    0.01485    0.00182      0.05793      0.02333      0.00209      0.05841      0.02385      
158600  0.08225    0.00531    0.01485    0.00182      0.05793      0.02335      0.00208      0.05841      0.02386      
158700  0.08225    0.00531    0.01485    0.00182      0.05793      0.02332      0.00208      0.05841      0.02384      
158800  0.08225    0.00531    0.01485    0.00182      0.05792      0.02333      0.00208      0.05841      0.02384      
158900  0.08224    0.00531    0.01485    0.00182      0.05792      0.02333      0.00208      0.05841      0.02385      
159000  0.08224    0.00531    0.01485    0.00182      0.05792      0.02337      0.00209      0.05840      0.02387      
159100  0.08224    0.00531    0.01485    0.00182      0.05792      0.02337      0.00209      0.05840      0.02388      
159200  0.08224    0.00531    0.01485    0.00182      0.05792      0.02337      0.00208      0.05841      0.02388      
159300  0.08224    0.00531    0.01485    0.00182      0.05792      0.02337      0.00209      0.05840      0.02388      
159400  0.08224    0.00531    0.01485    0.00182      0.05792      0.02336      0.00208      0.05841      0.02389      
159500  0.08224    0.00531    0.01485    0.00182      0.05792      0.02338      0.00209      0.05840      0.02389      
159600  0.08223    0.00531    0.01485    0.00182      0.05792      0.02334      0.00208      0.05840      0.02386      
159700  0.08224    0.00531    0.01485    0.00182      0.05792      0.02337      0.00208      0.05841      0.02388      
159800  0.08224    0.00531    0.01485    0.00182      0.05792      0.02334      0.00208      0.05841      0.02386      
159900  0.08224    0.00531    0.01485    0.00182      0.05792      0.02337      0.00209      0.05841      0.02389      
160000  0.08224    0.00531    0.01485    0.00182      0.05792      0.02336      0.00209      0.05841      0.02388      
160100  0.08223    0.00531    0.01485    0.00182      0.05792      0.02334      0.00208      0.05841      0.02386      
160200  0.08223    0.00531    0.01485    0.00182      0.05792      0.02336      0.00208      0.05841      0.02387      
160300  0.08223    0.00531    0.01485    0.00182      0.05793      0.02334      0.00209      0.05842      0.02386      
160400  0.08223    0.00531    0.01484    0.00182      0.05793      0.02332      0.00208      0.05841      0.02384      
160500  0.08223    0.00531    0.01485    0.00182      0.05792      0.02334      0.00209      0.05842      0.02386      
160600  0.08223    0.00531    0.01484    0.00182      0.05792      0.02337      0.00208      0.05841      0.02389      
160700  0.08223    0.00531    0.01484    0.00182      0.05792      0.02338      0.00208      0.05841      0.02389      
160800  0.08222    0.00531    0.01484    0.00182      0.05792      0.02333      0.00208      0.05841      0.02385      
160900  0.08222    0.00531    0.01484    0.00182      0.05792      0.02333      0.00208      0.05840      0.02384      
161000  0.08222    0.00531    0.01484    0.00182      0.05792      0.02331      0.00209      0.05841      0.02383      
161100  0.08222    0.00531    0.01484    0.00182      0.05792      0.02334      0.00208      0.05840      0.02385      
161200  0.08222    0.00531    0.01484    0.00182      0.05792      0.02333      0.00208      0.05840      0.02384      
161300  0.08222    0.00531    0.01484    0.00182      0.05792      0.02332      0.00208      0.05841      0.02384      
161400  0.08222    0.00531    0.01484    0.00182      0.05792      0.02334      0.00208      0.05841      0.02386      
161500  0.08222    0.00531    0.01484    0.00182      0.05792      0.02332      0.00208      0.05840      0.02384      
161600  0.08222    0.00531    0.01484    0.00182      0.05792      0.02330      0.00208      0.05840      0.02382      
161700  0.08221    0.00531    0.01484    0.00182      0.05792      0.02331      0.00209      0.05840      0.02382      
161800  0.08221    0.00531    0.01484    0.00182      0.05791      0.02334      0.00208      0.05839      0.02384      
161900  0.08221    0.00531    0.01484    0.00182      0.05791      0.02338      0.00209      0.05839      0.02389      
162000  0.08221    0.00531    0.01484    0.00182      0.05792      0.02328      0.00208      0.05840      0.02381      
162100  0.08221    0.00531    0.01484    0.00182      0.05791      0.02333      0.00208      0.05839      0.02384      
162200  0.08221    0.00531    0.01484    0.00182      0.05791      0.02337      0.00208      0.05839      0.02388      
162300  0.08221    0.00530    0.01484    0.00182      0.05791      0.02335      0.00209      0.05839      0.02386      
162400  0.08221    0.00530    0.01484    0.00182      0.05791      0.02334      0.00208      0.05839      0.02384      
162500  0.08221    0.00530    0.01484    0.00182      0.05791      0.02336      0.00208      0.05839      0.02387      
162600  0.08220    0.00530    0.01484    0.00182      0.05791      0.02336      0.00209      0.05839      0.02387      
162700  0.08220    0.00530    0.01484    0.00182      0.05791      0.02333      0.00208      0.05839      0.02384      
162800  0.08220    0.00530    0.01484    0.00182      0.05790      0.02336      0.00209      0.05838      0.02386      
162900  0.08220    0.00530    0.01484    0.00182      0.05790      0.02338      0.00209      0.05838      0.02388      
163000  0.08220    0.00530    0.01484    0.00182      0.05790      0.02336      0.00208      0.05838      0.02386      
163100  0.08220    0.00530    0.01484    0.00182      0.05789      0.02342      0.00209      0.05837      0.02391      
163200  0.08220    0.00530    0.01483    0.00182      0.05790      0.02337      0.00209      0.05838      0.02388      
163300  0.08220    0.00530    0.01483    0.00182      0.05789      0.02344      0.00209      0.05838      0.02394      
163400  0.08220    0.00530    0.01483    0.00183      0.05790      0.02339      0.00209      0.05838      0.02389      
163500  0.08219    0.00530    0.01483    0.00182      0.05790      0.02336      0.00208      0.05839      0.02387      
163600  0.08219    0.00530    0.01483    0.00182      0.05790      0.02337      0.00209      0.05838      0.02387      
163700  0.08219    0.00530    0.01483    0.00182      0.05790      0.02340      0.00208      0.05838      0.02390      
163800  0.08219    0.00530    0.01483    0.00182      0.05791      0.02333      0.00208      0.05839      0.02384      
163900  0.08219    0.00530    0.01483    0.00182      0.05791      0.02334      0.00208      0.05839      0.02384      
164000  0.08219    0.00530    0.01483    0.00182      0.05791      0.02332      0.00208      0.05839      0.02383      
164100  0.08219    0.00530    0.01483    0.00182      0.05790      0.02335      0.00208      0.05838      0.02387      
164200  0.08219    0.00530    0.01483    0.00182      0.05790      0.02340      0.00208      0.05838      0.02391      
164300  0.08218    0.00530    0.01483    0.00182      0.05790      0.02334      0.00208      0.05838      0.02384      
164400  0.08218    0.00530    0.01483    0.00182      0.05790      0.02333      0.00208      0.05838      0.02383      
164500  0.08218    0.00530    0.01483    0.00182      0.05790      0.02334      0.00208      0.05838      0.02385      
164600  0.08218    0.00530    0.01483    0.00182      0.05789      0.02340      0.00208      0.05837      0.02389      
164700  0.08218    0.00530    0.01483    0.00182      0.05790      0.02334      0.00208      0.05838      0.02384      
164800  0.08218    0.00530    0.01483    0.00182      0.05789      0.02339      0.00208      0.05838      0.02388      
164900  0.08218    0.00530    0.01483    0.00182      0.05790      0.02336      0.00208      0.05838      0.02386      
165000  0.08218    0.00530    0.01483    0.00182      0.05790      0.02335      0.00208      0.05839      0.02386      
165100  0.08218    0.00530    0.01483    0.00182      0.05790      0.02337      0.00208      0.05839      0.02388      
165200  0.08218    0.00530    0.01482    0.00182      0.05790      0.02334      0.00208      0.05838      0.02385      
165300  0.08218    0.00530    0.01482    0.00183      0.05789      0.02339      0.00208      0.05837      0.02389      
165400  0.08218    0.00529    0.01482    0.00182      0.05790      0.02341      0.00208      0.05838      0.02390      
165500  0.08218    0.00529    0.01482    0.00183      0.05789      0.02344      0.00209      0.05837      0.02393      
165600  0.08218    0.00529    0.01482    0.00182      0.05790      0.02336      0.00209      0.05839      0.02387      
165700  0.08218    0.00529    0.01482    0.00183      0.05790      0.02336      0.00208      0.05838      0.02386      
165800  0.08217    0.00529    0.01482    0.00183      0.05789      0.02337      0.00209      0.05838      0.02387      
165900  0.08217    0.00529    0.01482    0.00182      0.05790      0.02336      0.00208      0.05838      0.02385      
166000  0.08217    0.00529    0.01482    0.00182      0.05790      0.02333      0.00208      0.05838      0.02383      
166100  0.08217    0.00529    0.01482    0.00183      0.05789      0.02335      0.00209      0.05837      0.02384      
166200  0.08217    0.00529    0.01482    0.00182      0.05790      0.02334      0.00208      0.05838      0.02384      
166300  0.08217    0.00529    0.01482    0.00182      0.05789      0.02338      0.00209      0.05838      0.02387      
166400  0.08217    0.00529    0.01482    0.00182      0.05791      0.02334      0.00208      0.05839      0.02384      
166500  0.08216    0.00529    0.01482    0.00182      0.05790      0.02332      0.00208      0.05839      0.02382      
166600  0.08216    0.00529    0.01482    0.00182      0.05789      0.02335      0.00209      0.05838      0.02385      
166700  0.08216    0.00529    0.01482    0.00182      0.05790      0.02331      0.00208      0.05838      0.02381      
166800  0.08216    0.00529    0.01482    0.00182      0.05790      0.02334      0.00208      0.05838      0.02384      
166900  0.08216    0.00529    0.01482    0.00182      0.05789      0.02336      0.00208      0.05838      0.02386      
167000  0.08216    0.00529    0.01482    0.00182      0.05790      0.02335      0.00208      0.05838      0.02385      
167100  0.08216    0.00529    0.01482    0.00182      0.05790      0.02333      0.00208      0.05839      0.02384      
167200  0.08216    0.00529    0.01482    0.00182      0.05789      0.02333      0.00208      0.05838      0.02384      
167300  0.08215    0.00529    0.01482    0.00182      0.05789      0.02334      0.00208      0.05837      0.02384      
167400  0.08215    0.00529    0.01482    0.00182      0.05789      0.02335      0.00208      0.05837      0.02385      
167500  0.08215    0.00529    0.01482    0.00182      0.05789      0.02336      0.00208      0.05837      0.02386      
167600  0.08215    0.00529    0.01481    0.00182      0.05790      0.02335      0.00208      0.05838      0.02386      
167700  0.08215    0.00528    0.01482    0.00182      0.05789      0.02336      0.00208      0.05838      0.02386      
167800  0.08215    0.00528    0.01481    0.00182      0.05790      0.02330      0.00208      0.05839      0.02382      
167900  0.08215    0.00528    0.01482    0.00182      0.05789      0.02337      0.00208      0.05838      0.02386      
168000  0.08214    0.00528    0.01481    0.00182      0.05789      0.02332      0.00208      0.05838      0.02382      
168100  0.08214    0.00528    0.01481    0.00183      0.05789      0.02332      0.00208      0.05838      0.02382      
168200  0.08214    0.00528    0.01481    0.00183      0.05788      0.02338      0.00208      0.05836      0.02387      
168300  0.08214    0.00528    0.01481    0.00183      0.05788      0.02338      0.00209      0.05836      0.02387      
168400  0.08214    0.00529    0.01481    0.00182      0.05789      0.02334      0.00208      0.05837      0.02384      
168500  0.08214    0.00528    0.01481    0.00182      0.05789      0.02336      0.00208      0.05837      0.02385      
168600  0.08214    0.00528    0.01481    0.00182      0.05789      0.02335      0.00208      0.05837      0.02384      
168700  0.08214    0.00528    0.01481    0.00183      0.05788      0.02340      0.00209      0.05836      0.02388      
168800  0.08214    0.00528    0.01481    0.00182      0.05788      0.02342      0.00209      0.05836      0.02391      
168900  0.08214    0.00528    0.01481    0.00182      0.05788      0.02336      0.00209      0.05837      0.02387      
169000  0.08213    0.00528    0.01481    0.00183      0.05787      0.02341      0.00209      0.05836      0.02390      
169100  0.08213    0.00528    0.01481    0.00183      0.05787      0.02343      0.00209      0.05835      0.02392      
169200  0.08213    0.00528    0.01481    0.00182      0.05787      0.02341      0.00209      0.05836      0.02390      
169300  0.08213    0.00528    0.01481    0.00183      0.05787      0.02342      0.00209      0.05836      0.02392      
169400  0.08213    0.00528    0.01481    0.00183      0.05787      0.02341      0.00209      0.05836      0.02391      
169500  0.08213    0.00528    0.01481    0.00182      0.05788      0.02337      0.00209      0.05837      0.02388      
169600  0.08213    0.00528    0.01481    0.00182      0.05788      0.02338      0.00208      0.05837      0.02388      
169700  0.08213    0.00528    0.01481    0.00182      0.05787      0.02340      0.00209      0.05836      0.02390      
169800  0.08213    0.00528    0.01481    0.00183      0.05788      0.02336      0.00209      0.05836      0.02386      
169900  0.08212    0.00528    0.01481    0.00182      0.05788      0.02334      0.00208      0.05837      0.02384      
170000  0.08212    0.00528    0.01481    0.00182      0.05787      0.02341      0.00209      0.05835      0.02391      
170100  0.08212    0.00528    0.01481    0.00182      0.05788      0.02336      0.00209      0.05836      0.02386      
170200  0.08212    0.00528    0.01481    0.00182      0.05787      0.02337      0.00208      0.05836      0.02385      
170300  0.08212    0.00528    0.01481    0.00182      0.05787      0.02343      0.00209      0.05836      0.02392      
170400  0.08212    0.00528    0.01481    0.00182      0.05788      0.02333      0.00208      0.05836      0.02382      
170500  0.08212    0.00528    0.01481    0.00182      0.05787      0.02342      0.00208      0.05836      0.02390      
170600  0.08212    0.00528    0.01481    0.00182      0.05787      0.02341      0.00208      0.05836      0.02390      
170700  0.08212    0.00528    0.01480    0.00183      0.05787      0.02338      0.00209      0.05836      0.02387      
170800  0.08212    0.00528    0.01480    0.00183      0.05787      0.02338      0.00209      0.05836      0.02386      
170900  0.08211    0.00528    0.01480    0.00183      0.05787      0.02336      0.00208      0.05836      0.02385      
171000  0.08212    0.00528    0.01480    0.00182      0.05787      0.02339      0.00209      0.05836      0.02388      
171100  0.08211    0.00528    0.01480    0.00182      0.05787      0.02339      0.00209      0.05835      0.02388      
171200  0.08211    0.00527    0.01480    0.00183      0.05787      0.02342      0.00209      0.05835      0.02391      
171300  0.08211    0.00527    0.01480    0.00182      0.05787      0.02341      0.00209      0.05836      0.02390      
171400  0.08211    0.00527    0.01480    0.00183      0.05787      0.02342      0.00209      0.05835      0.02390      
171500  0.08211    0.00527    0.01480    0.00183      0.05787      0.02343      0.00209      0.05835      0.02392      
171600  0.08211    0.00528    0.01480    0.00183      0.05786      0.02345      0.00209      0.05835      0.02394      
171700  0.08210    0.00527    0.01480    0.00183      0.05786      0.02342      0.00209      0.05835      0.02391      
171800  0.08210    0.00527    0.01480    0.00183      0.05787      0.02339      0.00209      0.05835      0.02388      
171900  0.08210    0.00527    0.01480    0.00183      0.05787      0.02338      0.00209      0.05835      0.02388      
172000  0.08210    0.00527    0.01480    0.00183      0.05787      0.02337      0.00209      0.05836      0.02388      
172100  0.08210    0.00527    0.01479    0.00182      0.05787      0.02336      0.00209      0.05836      0.02386      
172200  0.08210    0.00527    0.01479    0.00183      0.05787      0.02342      0.00209      0.05835      0.02391      
172300  0.08210    0.00527    0.01479    0.00183      0.05787      0.02338      0.00208      0.05836      0.02387      
172400  0.08210    0.00527    0.01479    0.00182      0.05787      0.02338      0.00208      0.05836      0.02387      
172500  0.08210    0.00527    0.01479    0.00183      0.05787      0.02342      0.00209      0.05835      0.02392      
172600  0.08210    0.00527    0.01479    0.00183      0.05787      0.02337      0.00209      0.05836      0.02386      
172700  0.08210    0.00527    0.01479    0.00182      0.05788      0.02336      0.00208      0.05836      0.02385      
172800  0.08209    0.00527    0.01479    0.00183      0.05786      0.02342      0.00209      0.05835      0.02390      
172900  0.08209    0.00527    0.01479    0.00183      0.05786      0.02342      0.00209      0.05834      0.02391      
173000  0.08209    0.00527    0.01479    0.00183      0.05787      0.02340      0.00209      0.05835      0.02389      
173100  0.08209    0.00527    0.01479    0.00183      0.05787      0.02342      0.00209      0.05835      0.02392      
173200  0.08208    0.00527    0.01479    0.00183      0.05787      0.02341      0.00209      0.05835      0.02390      
173300  0.08209    0.00527    0.01478    0.00183      0.05786      0.02342      0.00209      0.05834      0.02392      
173400  0.08208    0.00527    0.01478    0.00183      0.05786      0.02341      0.00209      0.05834      0.02391      
173500  0.08208    0.00526    0.01478    0.00183      0.05787      0.02338      0.00208      0.05835      0.02388      
173600  0.08208    0.00526    0.01478    0.00182      0.05787      0.02341      0.00209      0.05835      0.02391      
173700  0.08207    0.00526    0.01478    0.00183      0.05786      0.02342      0.00209      0.05835      0.02392      
173800  0.08208    0.00526    0.01478    0.00183      0.05787      0.02342      0.00209      0.05836      0.02392      
173900  0.08207    0.00526    0.01478    0.00182      0.05787      0.02340      0.00209      0.05836      0.02390      
174000  0.08207    0.00526    0.01478    0.00183      0.05786      0.02344      0.00209      0.05834      0.02394      
174100  0.08207    0.00526    0.01478    0.00183      0.05786      0.02345      0.00209      0.05836      0.02394      
174200  0.08207    0.00526    0.01478    0.00183      0.05786      0.02345      0.00209      0.05835      0.02394      
174300  0.08207    0.00526    0.01477    0.00183      0.05787      0.02340      0.00209      0.05836      0.02389      
174400  0.08207    0.00526    0.01477    0.00183      0.05786      0.02347      0.00209      0.05834      0.02395      
174500  0.08207    0.00526    0.01477    0.00183      0.05786      0.02342      0.00209      0.05835      0.02391      
174600  0.08207    0.00526    0.01477    0.00182      0.05787      0.02345      0.00209      0.05836      0.02395      
174700  0.08206    0.00526    0.01477    0.00182      0.05787      0.02344      0.00209      0.05837      0.02394      
174800  0.08206    0.00526    0.01477    0.00182      0.05786      0.02346      0.00209      0.05835      0.02395      
174900  0.08206    0.00526    0.01477    0.00182      0.05786      0.02345      0.00209      0.05835      0.02393      
175000  0.08206    0.00526    0.01477    0.00183      0.05786      0.02344      0.00209      0.05835      0.02393      
175100  0.08206    0.00526    0.01477    0.00183      0.05786      0.02346      0.00209      0.05835      0.02395      
175200  0.08206    0.00526    0.01477    0.00183      0.05786      0.02342      0.00209      0.05835      0.02392      
175300  0.08205    0.00526    0.01477    0.00183      0.05786      0.02344      0.00209      0.05835      0.02393      
175400  0.08205    0.00525    0.01477    0.00183      0.05786      0.02340      0.00209      0.05835      0.02390      
175500  0.08205    0.00526    0.01477    0.00182      0.05786      0.02345      0.00209      0.05834      0.02395      
175600  0.08205    0.00525    0.01477    0.00183      0.05786      0.02339      0.00209      0.05835      0.02389      
175700  0.08204    0.00525    0.01477    0.00182      0.05786      0.02342      0.00209      0.05835      0.02392      
175800  0.08204    0.00525    0.01477    0.00183      0.05785      0.02346      0.00209      0.05833      0.02395      
175900  0.08204    0.00525    0.01477    0.00182      0.05786      0.02342      0.00209      0.05834      0.02392      
176000  0.08204    0.00525    0.01477    0.00182      0.05786      0.02340      0.00209      0.05834      0.02390      
176100  0.08204    0.00525    0.01476    0.00182      0.05786      0.02343      0.00209      0.05834      0.02392      
176200  0.08204    0.00525    0.01476    0.00182      0.05785      0.02343      0.00208      0.05834      0.02392      
176300  0.08204    0.00525    0.01476    0.00182      0.05786      0.02341      0.00209      0.05835      0.02391      
176400  0.08204    0.00525    0.01476    0.00182      0.05786      0.02337      0.00209      0.05835      0.02388      
176500  0.08203    0.00525    0.01476    0.00182      0.05786      0.02338      0.00208      0.05835      0.02388      
176600  0.08203    0.00525    0.01476    0.00182      0.05785      0.02341      0.00209      0.05834      0.02391      
176700  0.08203    0.00525    0.01476    0.00182      0.05785      0.02341      0.00209      0.05834      0.02391      
176800  0.08203    0.00525    0.01476    0.00182      0.05785      0.02342      0.00209      0.05834      0.02392      
176900  0.08202    0.00525    0.01476    0.00183      0.05785      0.02341      0.00209      0.05833      0.02391      
177000  0.08202    0.00525    0.01476    0.00183      0.05785      0.02340      0.00209      0.05834      0.02389      
177100  0.08202    0.00525    0.01476    0.00182      0.05785      0.02340      0.00209      0.05834      0.02389      
177200  0.08203    0.00525    0.01476    0.00182      0.05786      0.02342      0.00208      0.05834      0.02391      
177300  0.08202    0.00525    0.01475    0.00182      0.05787      0.02335      0.00208      0.05835      0.02385      
177400  0.08202    0.00525    0.01475    0.00182      0.05786      0.02340      0.00209      0.05834      0.02390      
177500  0.08202    0.00525    0.01475    0.00182      0.05787      0.02336      0.00208      0.05835      0.02386      
177600  0.08202    0.00525    0.01475    0.00182      0.05786      0.02336      0.00208      0.05835      0.02387      
177700  0.08202    0.00525    0.01475    0.00182      0.05786      0.02338      0.00209      0.05835      0.02387      
177800  0.08202    0.00525    0.01475    0.00182      0.05786      0.02335      0.00208      0.05835      0.02384      
177900  0.08201    0.00525    0.01475    0.00182      0.05786      0.02337      0.00208      0.05835      0.02385      
178000  0.08201    0.00525    0.01475    0.00182      0.05785      0.02343      0.00209      0.05834      0.02391      
178100  0.08201    0.00525    0.01475    0.00182      0.05785      0.02339      0.00209      0.05834      0.02387      
178200  0.08201    0.00525    0.01475    0.00182      0.05785      0.02339      0.00209      0.05834      0.02387      
178300  0.08201    0.00524    0.01475    0.00182      0.05785      0.02343      0.00209      0.05833      0.02391      
178400  0.08200    0.00524    0.01475    0.00182      0.05785      0.02336      0.00208      0.05834      0.02385      
178500  0.08200    0.00524    0.01475    0.00183      0.05784      0.02341      0.00209      0.05833      0.02389      
178600  0.08200    0.00524    0.01475    0.00182      0.05785      0.02338      0.00208      0.05834      0.02387      
178700  0.08200    0.00524    0.01474    0.00182      0.05785      0.02343      0.00209      0.05833      0.02390      
178800  0.08200    0.00524    0.01474    0.00182      0.05786      0.02334      0.00208      0.05835      0.02383      
178900  0.08199    0.00524    0.01474    0.00182      0.05784      0.02340      0.00209      0.05833      0.02388      
179000  0.08199    0.00524    0.01474    0.00182      0.05785      0.02335      0.00209      0.05834      0.02383      
179100  0.08199    0.00524    0.01474    0.00182      0.05785      0.02334      0.00208      0.05834      0.02383      
179200  0.08198    0.00524    0.01474    0.00182      0.05784      0.02336      0.00208      0.05833      0.02384      
179300  0.08198    0.00524    0.01474    0.00182      0.05784      0.02339      0.00208      0.05833      0.02387      
179400  0.08198    0.00524    0.01474    0.00182      0.05785      0.02336      0.00208      0.05833      0.02384      
179500  0.08198    0.00524    0.01474    0.00182      0.05784      0.02337      0.00208      0.05833      0.02384      
179600  0.08197    0.00524    0.01474    0.00182      0.05785      0.02332      0.00208      0.05834      0.02380      
179700  0.08198    0.00524    0.01474    0.00182      0.05785      0.02335      0.00208      0.05833      0.02383      
179800  0.08197    0.00524    0.01474    0.00182      0.05785      0.02331      0.00208      0.05834      0.02379      
179900  0.08197    0.00524    0.01474    0.00182      0.05785      0.02334      0.00208      0.05833      0.02381      
180000  0.08197    0.00524    0.01474    0.00182      0.05784      0.02334      0.00208      0.05833      0.02381      
180100  0.08197    0.00524    0.01474    0.00182      0.05785      0.02330      0.00208      0.05834      0.02378      
180200  0.08197    0.00524    0.01474    0.00182      0.05785      0.02333      0.00208      0.05833      0.02379      
180300  0.08197    0.00523    0.01473    0.00182      0.05785      0.02336      0.00208      0.05833      0.02383      
180400  0.08197    0.00523    0.01473    0.00182      0.05785      0.02333      0.00208      0.05834      0.02381      
180500  0.08196    0.00523    0.01473    0.00182      0.05785      0.02332      0.00208      0.05834      0.02380      
180600  0.08196    0.00523    0.01473    0.00182      0.05785      0.02331      0.00208      0.05834      0.02379      
180700  0.08196    0.00523    0.01473    0.00182      0.05785      0.02334      0.00208      0.05834      0.02382      
180800  0.08196    0.00523    0.01473    0.00182      0.05784      0.02331      0.00208      0.05833      0.02379      
180900  0.08196    0.00523    0.01473    0.00182      0.05785      0.02329      0.00208      0.05833      0.02377      
181000  0.08196    0.00523    0.01473    0.00182      0.05785      0.02329      0.00208      0.05834      0.02377      
181100  0.08196    0.00523    0.01473    0.00182      0.05786      0.02325      0.00207      0.05835      0.02373      
181200  0.08196    0.00523    0.01473    0.00182      0.05785      0.02330      0.00208      0.05834      0.02377      
181300  0.08196    0.00523    0.01473    0.00182      0.05785      0.02331      0.00208      0.05834      0.02378      
181400  0.08196    0.00523    0.01473    0.00182      0.05785      0.02331      0.00208      0.05834      0.02379      
181500  0.08196    0.00523    0.01473    0.00182      0.05785      0.02331      0.00208      0.05834      0.02379      
181600  0.08196    0.00523    0.01473    0.00182      0.05785      0.02333      0.00208      0.05833      0.02381      
181700  0.08195    0.00523    0.01473    0.00182      0.05785      0.02327      0.00208      0.05834      0.02376      
181800  0.08196    0.00523    0.01473    0.00181      0.05786      0.02324      0.00207      0.05836      0.02373      
181900  0.08195    0.00523    0.01473    0.00182      0.05785      0.02328      0.00208      0.05834      0.02377      
182000  0.08195    0.00523    0.01473    0.00182      0.05785      0.02329      0.00208      0.05834      0.02378      
182100  0.08195    0.00523    0.01473    0.00182      0.05785      0.02329      0.00208      0.05834      0.02378      
182200  0.08195    0.00523    0.01473    0.00181      0.05786      0.02325      0.00207      0.05835      0.02376      
182300  0.08195    0.00523    0.01473    0.00182      0.05785      0.02329      0.00208      0.05834      0.02379      
182400  0.08195    0.00523    0.01473    0.00182      0.05785      0.02328      0.00208      0.05833      0.02378      
182500  0.08195    0.00523    0.01473    0.00182      0.05785      0.02329      0.00208      0.05834      0.02378      
182600  0.08195    0.00523    0.01473    0.00182      0.05785      0.02330      0.00208      0.05833      0.02379      
182700  0.08195    0.00523    0.01473    0.00182      0.05785      0.02329      0.00208      0.05834      0.02379      
182800  0.08195    0.00523    0.01473    0.00182      0.05784      0.02329      0.00208      0.05833      0.02378      
182900  0.08195    0.00523    0.01473    0.00182      0.05784      0.02331      0.00208      0.05833      0.02379      
183000  0.08195    0.00523    0.01473    0.00182      0.05785      0.02325      0.00208      0.05834      0.02374      
183100  0.08194    0.00522    0.01472    0.00182      0.05785      0.02328      0.00208      0.05834      0.02378      
183200  0.08194    0.00523    0.01472    0.00182      0.05785      0.02331      0.00208      0.05834      0.02380      
183300  0.08194    0.00522    0.01472    0.00182      0.05784      0.02331      0.00208      0.05833      0.02380      
183400  0.08194    0.00523    0.01472    0.00182      0.05785      0.02328      0.00208      0.05834      0.02378      
183500  0.08194    0.00522    0.01472    0.00182      0.05784      0.02331      0.00208      0.05833      0.02379      
183600  0.08194    0.00522    0.01472    0.00182      0.05785      0.02328      0.00208      0.05833      0.02377      
183700  0.08194    0.00522    0.01472    0.00182      0.05785      0.02329      0.00208      0.05834      0.02378      
183800  0.08194    0.00522    0.01472    0.00182      0.05785      0.02330      0.00208      0.05834      0.02378      
183900  0.08194    0.00522    0.01472    0.00182      0.05784      0.02332      0.00208      0.05833      0.02380      
184000  0.08194    0.00522    0.01472    0.00182      0.05785      0.02327      0.00208      0.05833      0.02375      
184100  0.08193    0.00522    0.01472    0.00182      0.05784      0.02330      0.00208      0.05833      0.02378      
184200  0.08193    0.00522    0.01472    0.00182      0.05785      0.02328      0.00208      0.05834      0.02377      
184300  0.08193    0.00522    0.01472    0.00182      0.05784      0.02333      0.00208      0.05833      0.02381      
184400  0.08193    0.00522    0.01472    0.00182      0.05785      0.02333      0.00208      0.05833      0.02381      
184500  0.08193    0.00522    0.01472    0.00182      0.05784      0.02331      0.00208      0.05833      0.02379      
184600  0.08193    0.00522    0.01472    0.00182      0.05785      0.02330      0.00208      0.05833      0.02379      
184700  0.08193    0.00522    0.01472    0.00182      0.05784      0.02332      0.00208      0.05832      0.02381      
184800  0.08193    0.00522    0.01472    0.00182      0.05784      0.02329      0.00208      0.05833      0.02378      
184900  0.08193    0.00522    0.01472    0.00182      0.05784      0.02333      0.00208      0.05833      0.02382      
185000  0.08192    0.00522    0.01472    0.00182      0.05784      0.02332      0.00209      0.05832      0.02380      
185100  0.08192    0.00522    0.01472    0.00182      0.05784      0.02329      0.00208      0.05833      0.02378      
185200  0.08193    0.00522    0.01472    0.00182      0.05783      0.02339      0.00209      0.05831      0.02387      
185300  0.08193    0.00522    0.01472    0.00182      0.05784      0.02335      0.00208      0.05833      0.02384      
185400  0.08193    0.00521    0.01471    0.00182      0.05784      0.02336      0.00209      0.05833      0.02384      
185500  0.08193    0.00521    0.01471    0.00182      0.05784      0.02335      0.00209      0.05833      0.02384      
185600  0.08193    0.00521    0.01471    0.00182      0.05785      0.02331      0.00208      0.05833      0.02380      
185700  0.08192    0.00521    0.01471    0.00182      0.05784      0.02333      0.00208      0.05833      0.02382      
185800  0.08192    0.00521    0.01471    0.00182      0.05784      0.02334      0.00208      0.05833      0.02383      
185900  0.08192    0.00521    0.01471    0.00182      0.05784      0.02337      0.00209      0.05833      0.02384      
186000  0.08192    0.00521    0.01471    0.00182      0.05784      0.02334      0.00209      0.05833      0.02382      
186100  0.08192    0.00521    0.01471    0.00182      0.05784      0.02337      0.00208      0.05833      0.02385      
186200  0.08192    0.00521    0.01471    0.00182      0.05785      0.02332      0.00208      0.05834      0.02380      
186300  0.08192    0.00521    0.01471    0.00182      0.05784      0.02333      0.00208      0.05833      0.02381      
186400  0.08192    0.00521    0.01471    0.00182      0.05785      0.02329      0.00208      0.05834      0.02378      
186500  0.08192    0.00521    0.01471    0.00182      0.05785      0.02330      0.00208      0.05834      0.02379      
186600  0.08192    0.00521    0.01471    0.00182      0.05784      0.02332      0.00208      0.05833      0.02381      
186700  0.08191    0.00521    0.01471    0.00182      0.05783      0.02334      0.00208      0.05832      0.02383      
186800  0.08191    0.00521    0.01471    0.00182      0.05783      0.02338      0.00208      0.05832      0.02385      
186900  0.08191    0.00521    0.01471    0.00182      0.05784      0.02328      0.00208      0.05833      0.02377      
187000  0.08191    0.00521    0.01471    0.00182      0.05783      0.02333      0.00209      0.05832      0.02381      
187100  0.08191    0.00521    0.01471    0.00182      0.05784      0.02328      0.00208      0.05834      0.02377      
187200  0.08191    0.00521    0.01471    0.00182      0.05784      0.02327      0.00208      0.05833      0.02377      
187300  0.08191    0.00521    0.01471    0.00182      0.05783      0.02336      0.00208      0.05832      0.02384      
187400  0.08191    0.00521    0.01471    0.00182      0.05784      0.02330      0.00208      0.05833      0.02379      
187500  0.08191    0.00521    0.01471    0.00182      0.05783      0.02333      0.00208      0.05832      0.02382      
187600  0.08191    0.00521    0.01471    0.00182      0.05784      0.02331      0.00208      0.05833      0.02380      
187700  0.08191    0.00521    0.01471    0.00181      0.05784      0.02327      0.00208      0.05833      0.02376      
187800  0.08191    0.00521    0.01471    0.00181      0.05785      0.02326      0.00208      0.05833      0.02375      
187900  0.08191    0.00521    0.01471    0.00182      0.05784      0.02332      0.00208      0.05833      0.02381      
188000  0.08190    0.00521    0.01471    0.00181      0.05784      0.02329      0.00208      0.05833      0.02378      
188100  0.08190    0.00521    0.01471    0.00182      0.05784      0.02331      0.00208      0.05833      0.02380      
188200  0.08190    0.00521    0.01471    0.00182      0.05784      0.02331      0.00208      0.05833      0.02380      
188300  0.08190    0.00521    0.01471    0.00182      0.05783      0.02331      0.00208      0.05832      0.02381      
188400  0.08190    0.00521    0.01471    0.00182      0.05783      0.02332      0.00208      0.05832      0.02381      
188500  0.08190    0.00521    0.01471    0.00182      0.05784      0.02323      0.00208      0.05834      0.02374      
188600  0.08190    0.00521    0.01471    0.00181      0.05785      0.02325      0.00208      0.05833      0.02375      
188700  0.08190    0.00521    0.01471    0.00182      0.05784      0.02322      0.00208      0.05833      0.02372      
188800  0.08190    0.00521    0.01471    0.00182      0.05783      0.02330      0.00208      0.05832      0.02379      
188900  0.08190    0.00521    0.01471    0.00181      0.05784      0.02326      0.00208      0.05833      0.02376      
189000  0.08190    0.00521    0.01471    0.00182      0.05784      0.02326      0.00208      0.05833      0.02376      
189100  0.08190    0.00521    0.01471    0.00182      0.05783      0.02331      0.00208      0.05832      0.02381      
189200  0.08190    0.00521    0.01471    0.00182      0.05783      0.02327      0.00208      0.05832      0.02378      
189300  0.08190    0.00521    0.01471    0.00182      0.05783      0.02330      0.00208      0.05832      0.02380      
189400  0.08189    0.00521    0.01471    0.00182      0.05784      0.02324      0.00208      0.05832      0.02374      
189500  0.08189    0.00521    0.01470    0.00181      0.05784      0.02326      0.00208      0.05833      0.02377      
189600  0.08189    0.00521    0.01471    0.00181      0.05784      0.02327      0.00208      0.05833      0.02378      
189700  0.08189    0.00521    0.01470    0.00182      0.05784      0.02328      0.00208      0.05833      0.02378      
189800  0.08189    0.00521    0.01470    0.00182      0.05784      0.02325      0.00208      0.05832      0.02375      
189900  0.08189    0.00521    0.01470    0.00181      0.05784      0.02327      0.00208      0.05832      0.02377      
190000  0.08189    0.00521    0.01470    0.00181      0.05784      0.02323      0.00208      0.05833      0.02374      
190100  0.08189    0.00521    0.01470    0.00181      0.05784      0.02327      0.00208      0.05833      0.02377      
190200  0.08189    0.00521    0.01470    0.00181      0.05783      0.02333      0.00208      0.05832      0.02382      
190300  0.08189    0.00521    0.01470    0.00182      0.05783      0.02331      0.00209      0.05832      0.02380      
190400  0.08189    0.00521    0.01470    0.00181      0.05784      0.02330      0.00208      0.05832      0.02380      
190500  0.08189    0.00520    0.01470    0.00181      0.05784      0.02329      0.00208      0.05832      0.02378      
190600  0.08188    0.00520    0.01470    0.00181      0.05784      0.02326      0.00208      0.05833      0.02375      
190700  0.08188    0.00520    0.01470    0.00181      0.05784      0.02329      0.00209      0.05832      0.02378      
190800  0.08188    0.00520    0.01470    0.00182      0.05783      0.02332      0.00209      0.05832      0.02381      
190900  0.08188    0.00521    0.01470    0.00181      0.05783      0.02327      0.00208      0.05832      0.02376      
191000  0.08188    0.00520    0.01470    0.00181      0.05784      0.02325      0.00208      0.05832      0.02374      
191100  0.08188    0.00520    0.01470    0.00181      0.05783      0.02328      0.00208      0.05832      0.02377      
191200  0.08188    0.00520    0.01470    0.00181      0.05784      0.02327      0.00208      0.05832      0.02375      
191300  0.08187    0.00520    0.01470    0.00181      0.05784      0.02322      0.00208      0.05833      0.02372      
191400  0.08187    0.00520    0.01470    0.00181      0.05784      0.02323      0.00208      0.05832      0.02372      
191500  0.08187    0.00520    0.01470    0.00181      0.05783      0.02327      0.00208      0.05831      0.02375      
191600  0.08187    0.00520    0.01470    0.00181      0.05783      0.02323      0.00208      0.05831      0.02372      
191700  0.08187    0.00520    0.01470    0.00181      0.05783      0.02329      0.00208      0.05831      0.02377      
191800  0.08187    0.00520    0.01470    0.00181      0.05783      0.02328      0.00208      0.05832      0.02376      
191900  0.08187    0.00520    0.01470    0.00181      0.05783      0.02323      0.00208      0.05832      0.02372      
192000  0.08187    0.00520    0.01470    0.00182      0.05782      0.02327      0.00209      0.05831      0.02375      
192100  0.08187    0.00520    0.01470    0.00182      0.05783      0.02322      0.00208      0.05832      0.02371      
192200  0.08187    0.00520    0.01470    0.00182      0.05783      0.02324      0.00208      0.05832      0.02372      
192300  0.08187    0.00520    0.01469    0.00182      0.05783      0.02324      0.00208      0.05832      0.02373      
192400  0.08187    0.00520    0.01469    0.00181      0.05784      0.02322      0.00208      0.05832      0.02370      
192500  0.08186    0.00520    0.01469    0.00181      0.05783      0.02323      0.00208      0.05832      0.02372      
192600  0.08186    0.00520    0.01469    0.00181      0.05783      0.02330      0.00208      0.05831      0.02378      
192700  0.08186    0.00520    0.01469    0.00181      0.05783      0.02328      0.00208      0.05831      0.02376      
192800  0.08186    0.00520    0.01469    0.00181      0.05783      0.02325      0.00208      0.05832      0.02374      
192900  0.08186    0.00520    0.01469    0.00181      0.05784      0.02323      0.00208      0.05833      0.02373      
193000  0.08186    0.00520    0.01469    0.00181      0.05783      0.02324      0.00208      0.05832      0.02373      
193100  0.08186    0.00520    0.01469    0.00182      0.05783      0.02321      0.00208      0.05832      0.02370      
193200  0.08186    0.00520    0.01469    0.00182      0.05783      0.02325      0.00208      0.05832      0.02374      
193300  0.08186    0.00520    0.01469    0.00181      0.05783      0.02326      0.00208      0.05832      0.02375      
193400  0.08186    0.00520    0.01469    0.00181      0.05783      0.02325      0.00208      0.05832      0.02374      
193500  0.08186    0.00520    0.01469    0.00181      0.05783      0.02324      0.00208      0.05832      0.02373      
193600  0.08185    0.00520    0.01469    0.00182      0.05783      0.02326      0.00208      0.05831      0.02375      
193700  0.08185    0.00520    0.01469    0.00181      0.05783      0.02323      0.00207      0.05832      0.02372      
193800  0.08185    0.00520    0.01469    0.00181      0.05783      0.02322      0.00207      0.05832      0.02371      
193900  0.08185    0.00520    0.01469    0.00182      0.05783      0.02323      0.00208      0.05832      0.02372      
194000  0.08185    0.00520    0.01469    0.00182      0.05783      0.02324      0.00208      0.05831      0.02373      
194100  0.08185    0.00520    0.01469    0.00181      0.05783      0.02322      0.00207      0.05832      0.02371      
194200  0.08185    0.00520    0.01469    0.00182      0.05782      0.02325      0.00208      0.05831      0.02373      
194300  0.08185    0.00520    0.01469    0.00182      0.05782      0.02327      0.00208      0.05830      0.02374      
194400  0.08184    0.00520    0.01469    0.00182      0.05782      0.02328      0.00208      0.05830      0.02376      
194500  0.08185    0.00520    0.01469    0.00182      0.05782      0.02326      0.00208      0.05830      0.02373      
194600  0.08185    0.00520    0.01469    0.00181      0.05783      0.02323      0.00208      0.05832      0.02372      
194700  0.08184    0.00520    0.01469    0.00181      0.05782      0.02326      0.00208      0.05831      0.02374      
194800  0.08185    0.00519    0.01468    0.00182      0.05783      0.02326      0.00208      0.05831      0.02375      
194900  0.08184    0.00519    0.01468    0.00181      0.05783      0.02324      0.00208      0.05832      0.02372      
195000  0.08184    0.00519    0.01468    0.00181      0.05783      0.02322      0.00208      0.05832      0.02371      
195100  0.08184    0.00519    0.01468    0.00181      0.05783      0.02321      0.00208      0.05831      0.02370      
195200  0.08184    0.00520    0.01469    0.00182      0.05782      0.02321      0.00208      0.05831      0.02370      
195300  0.08184    0.00519    0.01468    0.00181      0.05783      0.02322      0.00208      0.05832      0.02370      
195400  0.08184    0.00519    0.01468    0.00182      0.05782      0.02325      0.00208      0.05831      0.02373      
195500  0.08184    0.00519    0.01468    0.00181      0.05782      0.02325      0.00208      0.05831      0.02373      
195600  0.08184    0.00519    0.01468    0.00182      0.05782      0.02322      0.00208      0.05831      0.02371      
195700  0.08184    0.00519    0.01468    0.00181      0.05783      0.02319      0.00208      0.05832      0.02368      
195800  0.08184    0.00519    0.01468    0.00182      0.05783      0.02321      0.00208      0.05831      0.02370      
195900  0.08184    0.00519    0.01468    0.00182      0.05783      0.02321      0.00208      0.05831      0.02370      
196000  0.08183    0.00519    0.01468    0.00182      0.05782      0.02323      0.00208      0.05831      0.02372      
196100  0.08183    0.00519    0.01468    0.00182      0.05782      0.02324      0.00208      0.05831      0.02373      
196200  0.08184    0.00519    0.01468    0.00182      0.05783      0.02323      0.00208      0.05832      0.02372      
196300  0.08183    0.00519    0.01468    0.00182      0.05782      0.02323      0.00208      0.05831      0.02372      
196400  0.08183    0.00519    0.01468    0.00181      0.05782      0.02324      0.00208      0.05831      0.02372      
196500  0.08183    0.00519    0.01468    0.00181      0.05782      0.02323      0.00208      0.05831      0.02371      
196600  0.08183    0.00519    0.01468    0.00182      0.05782      0.02328      0.00208      0.05831      0.02375      
196700  0.08183    0.00519    0.01468    0.00181      0.05782      0.02327      0.00208      0.05831      0.02375      
196800  0.08183    0.00519    0.01468    0.00181      0.05782      0.02327      0.00208      0.05831      0.02376      
196900  0.08182    0.00519    0.01468    0.00181      0.05782      0.02325      0.00208      0.05830      0.02374      
197000  0.08182    0.00519    0.01468    0.00181      0.05782      0.02323      0.00208      0.05831      0.02372      
197100  0.08182    0.00519    0.01468    0.00181      0.05782      0.02322      0.00207      0.05831      0.02371      
197200  0.08182    0.00519    0.01467    0.00181      0.05782      0.02322      0.00208      0.05831      0.02371      
197300  0.08182    0.00519    0.01467    0.00181      0.05782      0.02323      0.00208      0.05831      0.02372      
197400  0.08182    0.00519    0.01467    0.00181      0.05783      0.02319      0.00208      0.05832      0.02368      
197500  0.08182    0.00519    0.01467    0.00181      0.05783      0.02317      0.00207      0.05831      0.02367      
197600  0.08181    0.00519    0.01467    0.00181      0.05782      0.02319      0.00207      0.05831      0.02368      
197700  0.08181    0.00519    0.01467    0.00181      0.05782      0.02317      0.00207      0.05831      0.02366      
197800  0.08181    0.00519    0.01467    0.00181      0.05783      0.02318      0.00207      0.05831      0.02367      
197900  0.08181    0.00519    0.01467    0.00181      0.05782      0.02320      0.00207      0.05831      0.02368      
198000  0.08181    0.00519    0.01467    0.00181      0.05782      0.02319      0.00208      0.05832      0.02368      
198100  0.08181    0.00519    0.01467    0.00181      0.05782      0.02320      0.00207      0.05831      0.02369      
198200  0.08181    0.00519    0.01467    0.00181      0.05782      0.02320      0.00207      0.05831      0.02369      
198300  0.08181    0.00519    0.01467    0.00181      0.05782      0.02320      0.00207      0.05831      0.02369      
198400  0.08181    0.00519    0.01467    0.00181      0.05783      0.02319      0.00207      0.05831      0.02368      
198500  0.08181    0.00519    0.01467    0.00181      0.05782      0.02319      0.00207      0.05831      0.02368      
198600  0.08181    0.00519    0.01467    0.00180      0.05782      0.02322      0.00207      0.05832      0.02371      
198700  0.08181    0.00519    0.01467    0.00180      0.05783      0.02318      0.00207      0.05832      0.02367      
198800  0.08180    0.00519    0.01467    0.00181      0.05782      0.02319      0.00207      0.05831      0.02369      
198900  0.08180    0.00518    0.01467    0.00181      0.05782      0.02321      0.00207      0.05831      0.02370      
199000  0.08180    0.00518    0.01467    0.00181      0.05783      0.02316      0.00207      0.05832      0.02366      
199100  0.08180    0.00518    0.01467    0.00181      0.05782      0.02316      0.00207      0.05832      0.02366      
199200  0.08180    0.00518    0.01467    0.00181      0.05782      0.02317      0.00207      0.05831      0.02366      
199300  0.08179    0.00518    0.01467    0.00181      0.05781      0.02322      0.00208      0.05830      0.02369      
199400  0.08179    0.00518    0.01466    0.00181      0.05782      0.02319      0.00208      0.05831      0.02369      
199500  0.08179    0.00518    0.01466    0.00181      0.05782      0.02319      0.00208      0.05830      0.02368      
199600  0.08179    0.00518    0.01466    0.00181      0.05782      0.02324      0.00207      0.05831      0.02372      
199700  0.08179    0.00518    0.01466    0.00181      0.05782      0.02322      0.00207      0.05830      0.02371      
199800  0.08179    0.00518    0.01466    0.00181      0.05782      0.02319      0.00207      0.05831      0.02367      
199900  0.08179    0.00518    0.01466    0.00181      0.05782      0.02317      0.00207      0.05831      0.02366      
200000  0.08179    0.00518    0.01466    0.00181      0.05781      0.02319      0.00207      0.05831      0.02368      
200100  0.08179    0.00518    0.01466    0.00181      0.05781      0.02317      0.00207      0.05831      0.02366      
200200  0.08178    0.00518    0.01466    0.00181      0.05781      0.02322      0.00208      0.05830      0.02371      
200300  0.08178    0.00518    0.01466    0.00181      0.05781      0.02321      0.00207      0.05830      0.02371      
200400  0.08178    0.00518    0.01466    0.00181      0.05781      0.02322      0.00208      0.05830      0.02371      
200500  0.08178    0.00518    0.01466    0.00181      0.05781      0.02322      0.00207      0.05829      0.02371      
200600  0.08178    0.00518    0.01466    0.00181      0.05781      0.02321      0.00207      0.05830      0.02371      
200700  0.08178    0.00518    0.01466    0.00181      0.05781      0.02324      0.00208      0.05830      0.02373      
200800  0.08178    0.00518    0.01466    0.00181      0.05781      0.02320      0.00207      0.05831      0.02370      
200900  0.08178    0.00518    0.01466    0.00181      0.05781      0.02320      0.00208      0.05830      0.02370      
201000  0.08178    0.00518    0.01466    0.00181      0.05781      0.02321      0.00208      0.05830      0.02371      
201100  0.08178    0.00518    0.01466    0.00181      0.05781      0.02321      0.00207      0.05830      0.02371      
201200  0.08178    0.00518    0.01466    0.00181      0.05782      0.02318      0.00207      0.05830      0.02368      
201300  0.08178    0.00518    0.01466    0.00181      0.05781      0.02317      0.00207      0.05830      0.02367      
201400  0.08178    0.00518    0.01466    0.00181      0.05781      0.02322      0.00207      0.05830      0.02371      
201500  0.08178    0.00518    0.01466    0.00181      0.05781      0.02319      0.00207      0.05830      0.02368      
201600  0.08178    0.00518    0.01466    0.00181      0.05781      0.02321      0.00208      0.05830      0.02371      
201700  0.08178    0.00518    0.01465    0.00181      0.05782      0.02320      0.00208      0.05831      0.02370      
201800  0.08178    0.00517    0.01465    0.00181      0.05782      0.02322      0.00207      0.05831      0.02371      
201900  0.08178    0.00517    0.01465    0.00181      0.05781      0.02325      0.00208      0.05830      0.02374      
202000  0.08177    0.00517    0.01465    0.00181      0.05782      0.02319      0.00207      0.05831      0.02369      
202100  0.08177    0.00517    0.01465    0.00181      0.05782      0.02317      0.00207      0.05831      0.02367      
202200  0.08177    0.00517    0.01465    0.00181      0.05782      0.02317      0.00207      0.05831      0.02367      
202300  0.08177    0.00518    0.01465    0.00181      0.05782      0.02319      0.00207      0.05831      0.02369      
202400  0.08177    0.00517    0.01465    0.00181      0.05781      0.02319      0.00207      0.05831      0.02369      
202500  0.08177    0.00518    0.01465    0.00181      0.05781      0.02316      0.00207      0.05830      0.02366      
202600  0.08177    0.00518    0.01465    0.00181      0.05781      0.02320      0.00207      0.05830      0.02370      
202700  0.08177    0.00517    0.01465    0.00181      0.05782      0.02317      0.00207      0.05831      0.02368      
202800  0.08177    0.00518    0.01465    0.00181      0.05782      0.02316      0.00207      0.05831      0.02367      
202900  0.08177    0.00518    0.01465    0.00181      0.05781      0.02319      0.00208      0.05830      0.02370      
203000  0.08177    0.00518    0.01465    0.00181      0.05782      0.02318      0.00207      0.05831      0.02369      
203100  0.08176    0.00517    0.01465    0.00181      0.05781      0.02317      0.00207      0.05831      0.02368      
203200  0.08176    0.00517    0.01465    0.00181      0.05781      0.02317      0.00207      0.05831      0.02368      
203300  0.08176    0.00517    0.01465    0.00181      0.05781      0.02318      0.00207      0.05830      0.02369      
203400  0.08176    0.00517    0.01465    0.00181      0.05780      0.02321      0.00208      0.05830      0.02372      
203500  0.08176    0.00517    0.01465    0.00181      0.05781      0.02321      0.00208      0.05831      0.02372      
203600  0.08176    0.00517    0.01465    0.00181      0.05781      0.02322      0.00208      0.05831      0.02373      
203700  0.08176    0.00517    0.01465    0.00181      0.05781      0.02318      0.00208      0.05831      0.02370      
203800  0.08176    0.00517    0.01465    0.00181      0.05781      0.02320      0.00208      0.05831      0.02371      
203900  0.08176    0.00517    0.01465    0.00181      0.05781      0.02323      0.00208      0.05830      0.02373      
204000  0.08176    0.00517    0.01465    0.00181      0.05781      0.02319      0.00208      0.05830      0.02370      
204100  0.08176    0.00517    0.01465    0.00181      0.05781      0.02321      0.00208      0.05830      0.02372      
204200  0.08175    0.00517    0.01464    0.00181      0.05780      0.02319      0.00208      0.05830      0.02370      
204300  0.08175    0.00517    0.01465    0.00181      0.05781      0.02318      0.00207      0.05831      0.02369      
204400  0.08175    0.00517    0.01465    0.00181      0.05781      0.02317      0.00208      0.05830      0.02369      
204500  0.08175    0.00517    0.01465    0.00181      0.05780      0.02318      0.00208      0.05829      0.02369      
204600  0.08174    0.00517    0.01464    0.00181      0.05780      0.02317      0.00208      0.05830      0.02368      
204700  0.08175    0.00517    0.01464    0.00181      0.05781      0.02315      0.00207      0.05831      0.02366      
204800  0.08175    0.00517    0.01464    0.00181      0.05781      0.02319      0.00207      0.05830      0.02370      
204900  0.08175    0.00517    0.01464    0.00181      0.05781      0.02321      0.00207      0.05830      0.02371      
205000  0.08175    0.00517    0.01464    0.00181      0.05781      0.02318      0.00208      0.05830      0.02370      
205100  0.08174    0.00517    0.01464    0.00181      0.05780      0.02320      0.00208      0.05830      0.02371      
205200  0.08174    0.00517    0.01464    0.00181      0.05781      0.02317      0.00207      0.05831      0.02368      
205300  0.08174    0.00517    0.01464    0.00181      0.05781      0.02316      0.00208      0.05830      0.02367      
205400  0.08174    0.00517    0.01464    0.00181      0.05780      0.02320      0.00208      0.05830      0.02370      
205500  0.08174    0.00517    0.01464    0.00181      0.05781      0.02318      0.00207      0.05831      0.02368      
205600  0.08174    0.00517    0.01464    0.00181      0.05781      0.02316      0.00208      0.05831      0.02366      
205700  0.08174    0.00517    0.01464    0.00181      0.05780      0.02320      0.00208      0.05830      0.02370      
205800  0.08174    0.00517    0.01464    0.00181      0.05781      0.02316      0.00207      0.05830      0.02366      
205900  0.08174    0.00517    0.01464    0.00181      0.05781      0.02319      0.00207      0.05830      0.02369      
206000  0.08174    0.00517    0.01464    0.00181      0.05780      0.02320      0.00208      0.05829      0.02370      
206100  0.08173    0.00517    0.01464    0.00181      0.05780      0.02316      0.00208      0.05830      0.02367      
206200  0.08173    0.00517    0.01464    0.00180      0.05781      0.02316      0.00207      0.05831      0.02367      
206300  0.08173    0.00517    0.01464    0.00181      0.05780      0.02320      0.00207      0.05830      0.02370      
206400  0.08173    0.00517    0.01464    0.00181      0.05781      0.02318      0.00208      0.05831      0.02369      
206500  0.08173    0.00517    0.01464    0.00180      0.05781      0.02313      0.00207      0.05831      0.02365      
206600  0.08173    0.00517    0.01464    0.00181      0.05780      0.02315      0.00207      0.05830      0.02366      
206700  0.08173    0.00517    0.01464    0.00181      0.05780      0.02316      0.00207      0.05830      0.02367      
206800  0.08173    0.00516    0.01464    0.00181      0.05780      0.02316      0.00207      0.05830      0.02367      
206900  0.08173    0.00516    0.01464    0.00181      0.05780      0.02318      0.00207      0.05830      0.02369      
207000  0.08173    0.00516    0.01464    0.00181      0.05780      0.02315      0.00208      0.05830      0.02366      
207100  0.08173    0.00517    0.01464    0.00181      0.05780      0.02316      0.00207      0.05830      0.02367      
207200  0.08173    0.00516    0.01464    0.00181      0.05780      0.02317      0.00207      0.05830      0.02368      
207300  0.08173    0.00516    0.01464    0.00181      0.05780      0.02316      0.00207      0.05830      0.02367      
207400  0.08173    0.00516    0.01464    0.00181      0.05780      0.02316      0.00207      0.05830      0.02367      
207500  0.08172    0.00516    0.01464    0.00181      0.05780      0.02315      0.00207      0.05830      0.02365      
207600  0.08172    0.00516    0.01463    0.00181      0.05780      0.02319      0.00208      0.05829      0.02369      
207700  0.08172    0.00516    0.01463    0.00181      0.05780      0.02318      0.00207      0.05830      0.02369      
207800  0.08173    0.00516    0.01464    0.00181      0.05780      0.02317      0.00207      0.05830      0.02367      
207900  0.08172    0.00516    0.01464    0.00180      0.05781      0.02309      0.00207      0.05831      0.02360      
208000  0.08172    0.00516    0.01464    0.00181      0.05780      0.02315      0.00207      0.05830      0.02366      
208100  0.08172    0.00516    0.01464    0.00181      0.05780      0.02311      0.00207      0.05830      0.02362      
208200  0.08172    0.00516    0.01464    0.00181      0.05780      0.02313      0.00207      0.05830      0.02364      
208300  0.08172    0.00516    0.01463    0.00181      0.05780      0.02315      0.00207      0.05830      0.02365      
208400  0.08172    0.00516    0.01463    0.00181      0.05780      0.02314      0.00207      0.05830      0.02365      
208500  0.08172    0.00516    0.01463    0.00181      0.05780      0.02316      0.00207      0.05830      0.02367      
208600  0.08172    0.00516    0.01463    0.00181      0.05780      0.02316      0.00207      0.05829      0.02367      
208700  0.08172    0.00516    0.01463    0.00181      0.05780      0.02315      0.00207      0.05830      0.02366      
208800  0.08172    0.00516    0.01463    0.00181      0.05780      0.02313      0.00207      0.05830      0.02364      
208900  0.08172    0.00516    0.01463    0.00181      0.05781      0.02313      0.00207      0.05830      0.02365      
209000  0.08172    0.00516    0.01463    0.00181      0.05781      0.02312      0.00207      0.05831      0.02364      
209100  0.08172    0.00516    0.01463    0.00181      0.05781      0.02314      0.00207      0.05831      0.02366      
209200  0.08172    0.00516    0.01463    0.00181      0.05781      0.02317      0.00207      0.05830      0.02368      
209300  0.08172    0.00516    0.01463    0.00181      0.05780      0.02315      0.00207      0.05830      0.02366      
209400  0.08171    0.00516    0.01463    0.00181      0.05780      0.02318      0.00207      0.05829      0.02368      
209500  0.08171    0.00516    0.01463    0.00181      0.05780      0.02316      0.00207      0.05829      0.02367      
209600  0.08172    0.00516    0.01463    0.00181      0.05781      0.02316      0.00207      0.05830      0.02367      
209700  0.08171    0.00516    0.01463    0.00181      0.05780      0.02316      0.00207      0.05829      0.02367      
209800  0.08171    0.00516    0.01463    0.00181      0.05780      0.02318      0.00207      0.05829      0.02368      
209900  0.08171    0.00516    0.01463    0.00181      0.05780      0.02316      0.00207      0.05829      0.02368      
210000  0.08171    0.00516    0.01463    0.00181      0.05780      0.02318      0.00207      0.05829      0.02369      
210100  0.08171    0.00516    0.01463    0.00181      0.05779      0.02317      0.00207      0.05828      0.02368      
210200  0.08171    0.00516    0.01463    0.00181      0.05780      0.02314      0.00207      0.05830      0.02365      
210300  0.08171    0.00516    0.01463    0.00181      0.05780      0.02317      0.00207      0.05829      0.02368      
210400  0.08171    0.00516    0.01463    0.00181      0.05780      0.02317      0.00207      0.05829      0.02367      
210500  0.08171    0.00516    0.01463    0.00181      0.05780      0.02315      0.00207      0.05829      0.02366      
210600  0.08171    0.00516    0.01463    0.00181      0.05779      0.02317      0.00207      0.05828      0.02368      
210700  0.08171    0.00516    0.01463    0.00181      0.05780      0.02315      0.00207      0.05829      0.02366      
210800  0.08171    0.00516    0.01463    0.00181      0.05780      0.02314      0.00207      0.05830      0.02366      
210900  0.08171    0.00516    0.01463    0.00181      0.05780      0.02317      0.00207      0.05829      0.02367      
211000  0.08171    0.00516    0.01463    0.00181      0.05779      0.02318      0.00207      0.05829      0.02368      
211100  0.08170    0.00516    0.01463    0.00181      0.05780      0.02318      0.00207      0.05829      0.02368      
211200  0.08170    0.00516    0.01463    0.00181      0.05779      0.02319      0.00207      0.05828      0.02368      
211300  0.08170    0.00516    0.01463    0.00181      0.05780      0.02315      0.00207      0.05829      0.02365      
211400  0.08170    0.00515    0.01463    0.00181      0.05780      0.02314      0.00207      0.05829      0.02365      
211500  0.08170    0.00516    0.01463    0.00181      0.05780      0.02313      0.00207      0.05829      0.02364      
211600  0.08170    0.00516    0.01463    0.00181      0.05779      0.02317      0.00207      0.05828      0.02367      
211700  0.08170    0.00516    0.01463    0.00181      0.05779      0.02316      0.00207      0.05828      0.02366      
211800  0.08170    0.00516    0.01463    0.00181      0.05779      0.02318      0.00207      0.05829      0.02368      
211900  0.08170    0.00516    0.01463    0.00181      0.05780      0.02315      0.00207      0.05829      0.02366      
212000  0.08170    0.00516    0.01462    0.00181      0.05780      0.02314      0.00207      0.05829      0.02364      
212100  0.08170    0.00515    0.01463    0.00181      0.05780      0.02313      0.00207      0.05829      0.02364      
212200  0.08170    0.00515    0.01462    0.00181      0.05779      0.02317      0.00207      0.05829      0.02367      
212300  0.08170    0.00515    0.01462    0.00181      0.05780      0.02312      0.00207      0.05830      0.02363      
212400  0.08170    0.00515    0.01462    0.00181      0.05780      0.02313      0.00207      0.05829      0.02364      
212500  0.08170    0.00516    0.01462    0.00181      0.05780      0.02315      0.00207      0.05829      0.02364      
212600  0.08170    0.00515    0.01462    0.00180      0.05780      0.02313      0.00207      0.05829      0.02364      
212700  0.08170    0.00516    0.01462    0.00181      0.05780      0.02314      0.00207      0.05829      0.02364      
212800  0.08170    0.00515    0.01462    0.00181      0.05779      0.02315      0.00207      0.05828      0.02364      
212900  0.08170    0.00515    0.01462    0.00181      0.05779      0.02315      0.00207      0.05828      0.02365      
213000  0.08170    0.00515    0.01462    0.00181      0.05780      0.02312      0.00207      0.05829      0.02363      
213100  0.08169    0.00515    0.01462    0.00180      0.05780      0.02314      0.00207      0.05829      0.02364      
213200  0.08170    0.00515    0.01462    0.00181      0.05780      0.02315      0.00207      0.05828      0.02365      
213300  0.08169    0.00515    0.01462    0.00181      0.05779      0.02316      0.00207      0.05828      0.02365      
213400  0.08169    0.00515    0.01462    0.00181      0.05779      0.02315      0.00207      0.05828      0.02364      
213500  0.08169    0.00515    0.01462    0.00181      0.05780      0.02312      0.00207      0.05829      0.02361      
213600  0.08169    0.00515    0.01462    0.00181      0.05779      0.02315      0.00207      0.05829      0.02365      
213700  0.08169    0.00515    0.01462    0.00181      0.05779      0.02319      0.00207      0.05829      0.02368      
213800  0.08169    0.00515    0.01462    0.00181      0.05779      0.02317      0.00207      0.05829      0.02366      
213900  0.08169    0.00515    0.01462    0.00181      0.05780      0.02313      0.00207      0.05829      0.02364      
214000  0.08169    0.00515    0.01462    0.00181      0.05780      0.02313      0.00207      0.05829      0.02363      
214100  0.08169    0.00515    0.01462    0.00181      0.05780      0.02312      0.00207      0.05829      0.02362      
214200  0.08169    0.00515    0.01462    0.00181      0.05780      0.02310      0.00207      0.05830      0.02362      
214300  0.08169    0.00515    0.01462    0.00181      0.05780      0.02314      0.00207      0.05829      0.02364      
214400  0.08169    0.00515    0.01462    0.00181      0.05780      0.02313      0.00207      0.05830      0.02363      
214500  0.08169    0.00515    0.01462    0.00181      0.05780      0.02315      0.00207      0.05829      0.02365      
214600  0.08169    0.00515    0.01462    0.00181      0.05780      0.02314      0.00207      0.05829      0.02365      
214700  0.08168    0.00515    0.01462    0.00181      0.05780      0.02309      0.00207      0.05830      0.02360      
214800  0.08168    0.00515    0.01462    0.00181      0.05779      0.02311      0.00207      0.05829      0.02362      
214900  0.08168    0.00515    0.01462    0.00181      0.05778      0.02317      0.00207      0.05828      0.02367      
215000  0.08168    0.00515    0.01462    0.00181      0.05779      0.02317      0.00207      0.05829      0.02367      
215100  0.08168    0.00515    0.01462    0.00181      0.05780      0.02313      0.00207      0.05829      0.02363      
215200  0.08168    0.00515    0.01462    0.00181      0.05779      0.02315      0.00207      0.05829      0.02365      
215300  0.08168    0.00515    0.01462    0.00181      0.05779      0.02314      0.00207      0.05829      0.02364      
215400  0.08168    0.00515    0.01462    0.00181      0.05779      0.02315      0.00207      0.05829      0.02364      
215500  0.08168    0.00515    0.01462    0.00181      0.05779      0.02314      0.00207      0.05829      0.02364      
215600  0.08168    0.00515    0.01462    0.00181      0.05779      0.02313      0.00207      0.05829      0.02363      
215700  0.08168    0.00515    0.01462    0.00181      0.05779      0.02311      0.00207      0.05829      0.02362      
215800  0.08168    0.00515    0.01462    0.00181      0.05779      0.02309      0.00207      0.05829      0.02360      
215900  0.08168    0.00515    0.01462    0.00181      0.05779      0.02310      0.00207      0.05829      0.02360      
216000  0.08167    0.00515    0.01462    0.00180      0.05779      0.02311      0.00207      0.05829      0.02361      
216100  0.08167    0.00515    0.01462    0.00180      0.05779      0.02311      0.00207      0.05829      0.02361      
216200  0.08167    0.00515    0.01462    0.00180      0.05779      0.02315      0.00207      0.05829      0.02365      
216300  0.08167    0.00515    0.01462    0.00181      0.05779      0.02313      0.00207      0.05828      0.02363      
216400  0.08167    0.00515    0.01462    0.00181      0.05779      0.02315      0.00207      0.05828      0.02364      
216500  0.08167    0.00515    0.01462    0.00181      0.05779      0.02313      0.00207      0.05829      0.02363      
216600  0.08167    0.00515    0.01461    0.00181      0.05779      0.02312      0.00207      0.05829      0.02363      
216700  0.08167    0.00515    0.01462    0.00181      0.05778      0.02315      0.00207      0.05828      0.02365      
216800  0.08167    0.00515    0.01462    0.00181      0.05779      0.02313      0.00207      0.05829      0.02364      
216900  0.08167    0.00515    0.01461    0.00181      0.05779      0.02315      0.00207      0.05828      0.02366      
217000  0.08167    0.00515    0.01461    0.00181      0.05779      0.02313      0.00207      0.05829      0.02364      
217100  0.08167    0.00515    0.01461    0.00181      0.05779      0.02313      0.00207      0.05829      0.02364      
217200  0.08167    0.00515    0.01461    0.00180      0.05779      0.02314      0.00207      0.05829      0.02365      
217300  0.08167    0.00515    0.01461    0.00181      0.05779      0.02315      0.00207      0.05828      0.02366      
217400  0.08167    0.00515    0.01461    0.00181      0.05778      0.02319      0.00207      0.05828      0.02369      
217500  0.08166    0.00515    0.01461    0.00181      0.05778      0.02313      0.00207      0.05828      0.02365      
217600  0.08166    0.00515    0.01461    0.00181      0.05779      0.02312      0.00207      0.05829      0.02364      
217700  0.08166    0.00515    0.01461    0.00181      0.05778      0.02315      0.00207      0.05828      0.02365      
217800  0.08166    0.00515    0.01461    0.00181      0.05778      0.02317      0.00207      0.05827      0.02367      
217900  0.08166    0.00515    0.01461    0.00181      0.05778      0.02317      0.00207      0.05828      0.02368      
218000  0.08166    0.00515    0.01461    0.00181      0.05778      0.02319      0.00208      0.05827      0.02369      
218100  0.08166    0.00515    0.01461    0.00181      0.05778      0.02315      0.00208      0.05828      0.02366      
218200  0.08166    0.00514    0.01461    0.00181      0.05778      0.02317      0.00208      0.05827      0.02367      
218300  0.08166    0.00514    0.01461    0.00181      0.05778      0.02315      0.00207      0.05828      0.02366      
218400  0.08166    0.00514    0.01461    0.00181      0.05779      0.02314      0.00207      0.05829      0.02365      
218500  0.08166    0.00515    0.01461    0.00180      0.05779      0.02311      0.00207      0.05830      0.02362      
218600  0.08166    0.00515    0.01461    0.00181      0.05778      0.02313      0.00207      0.05828      0.02364      
218700  0.08166    0.00515    0.01461    0.00181      0.05778      0.02316      0.00207      0.05828      0.02366      
218800  0.08166    0.00514    0.01461    0.00181      0.05779      0.02313      0.00207      0.05828      0.02363      
218900  0.08166    0.00514    0.01461    0.00180      0.05778      0.02314      0.00207      0.05828      0.02364      
219000  0.08166    0.00514    0.01461    0.00181      0.05778      0.02318      0.00207      0.05828      0.02368      
219100  0.08166    0.00514    0.01461    0.00181      0.05778      0.02319      0.00207      0.05827      0.02368      
219200  0.08166    0.00514    0.01461    0.00181      0.05778      0.02314      0.00207      0.05828      0.02364      
219300  0.08166    0.00514    0.01461    0.00181      0.05778      0.02313      0.00207      0.05828      0.02364      
219400  0.08166    0.00514    0.01461    0.00181      0.05778      0.02315      0.00208      0.05828      0.02365      
219500  0.08166    0.00514    0.01461    0.00181      0.05779      0.02313      0.00207      0.05828      0.02364      
219600  0.08166    0.00514    0.01461    0.00181      0.05778      0.02314      0.00207      0.05828      0.02364      
219700  0.08166    0.00514    0.01461    0.00181      0.05778      0.02314      0.00207      0.05828      0.02364      
219800  0.08166    0.00514    0.01461    0.00181      0.05778      0.02316      0.00207      0.05828      0.02366      
219900  0.08165    0.00514    0.01461    0.00181      0.05778      0.02315      0.00207      0.05828      0.02365      
220000  0.08165    0.00514    0.01461    0.00181      0.05778      0.02313      0.00207      0.05828      0.02363      
220100  0.08165    0.00514    0.01461    0.00180      0.05779      0.02312      0.00207      0.05829      0.02363      
220200  0.08165    0.00514    0.01461    0.00181      0.05779      0.02310      0.00207      0.05829      0.02360      
220300  0.08165    0.00514    0.01461    0.00181      0.05778      0.02312      0.00207      0.05828      0.02363      
220400  0.08165    0.00514    0.01461    0.00181      0.05778      0.02312      0.00207      0.05828      0.02363      
220500  0.08165    0.00514    0.01461    0.00181      0.05778      0.02316      0.00208      0.05828      0.02366      
220600  0.08165    0.00514    0.01461    0.00181      0.05778      0.02315      0.00207      0.05828      0.02366      
220700  0.08165    0.00514    0.01461    0.00180      0.05778      0.02318      0.00208      0.05828      0.02369      
220800  0.08165    0.00514    0.01461    0.00181      0.05778      0.02314      0.00207      0.05828      0.02365      
220900  0.08165    0.00514    0.01461    0.00181      0.05778      0.02316      0.00208      0.05827      0.02367      
221000  0.08164    0.00514    0.01461    0.00181      0.05778      0.02315      0.00207      0.05827      0.02365      
221100  0.08164    0.00514    0.01461    0.00181      0.05778      0.02312      0.00207      0.05828      0.02363      
221200  0.08164    0.00514    0.01461    0.00181      0.05778      0.02311      0.00207      0.05827      0.02363      
221300  0.08164    0.00514    0.01461    0.00181      0.05778      0.02313      0.00207      0.05827      0.02364      
221400  0.08165    0.00514    0.01461    0.00181      0.05778      0.02313      0.00207      0.05827      0.02363      
221500  0.08164    0.00514    0.01460    0.00181      0.05778      0.02315      0.00207      0.05828      0.02366      
221600  0.08164    0.00514    0.01460    0.00180      0.05778      0.02312      0.00207      0.05828      0.02363      
221700  0.08164    0.00514    0.01460    0.00180      0.05779      0.02307      0.00207      0.05829      0.02359      
221800  0.08164    0.00514    0.01461    0.00180      0.05778      0.02311      0.00207      0.05828      0.02363      
221900  0.08164    0.00514    0.01461    0.00181      0.05778      0.02312      0.00207      0.05828      0.02363      
222000  0.08164    0.00514    0.01460    0.00180      0.05778      0.02312      0.00207      0.05828      0.02363      
222100  0.08164    0.00514    0.01460    0.00181      0.05778      0.02313      0.00207      0.05828      0.02364      
222200  0.08164    0.00514    0.01460    0.00181      0.05778      0.02311      0.00207      0.05828      0.02363      
222300  0.08164    0.00514    0.01460    0.00181      0.05777      0.02314      0.00207      0.05827      0.02365      
222400  0.08163    0.00514    0.01460    0.00181      0.05777      0.02313      0.00207      0.05828      0.02364      
222500  0.08164    0.00514    0.01460    0.00181      0.05778      0.02308      0.00207      0.05828      0.02360      
222600  0.08164    0.00514    0.01460    0.00180      0.05778      0.02311      0.00207      0.05828      0.02362      
222700  0.08163    0.00514    0.01460    0.00180      0.05778      0.02311      0.00207      0.05828      0.02362      
222800  0.08163    0.00514    0.01460    0.00180      0.05778      0.02310      0.00207      0.05828      0.02362      
222900  0.08163    0.00514    0.01460    0.00181      0.05778      0.02309      0.00207      0.05828      0.02360      
223000  0.08163    0.00514    0.01460    0.00180      0.05778      0.02304      0.00207      0.05828      0.02356      
223100  0.08163    0.00514    0.01460    0.00181      0.05778      0.02306      0.00207      0.05827      0.02358      
223200  0.08163    0.00514    0.01460    0.00181      0.05778      0.02308      0.00207      0.05828      0.02359      
223300  0.08163    0.00513    0.01460    0.00180      0.05778      0.02308      0.00207      0.05828      0.02360      
223400  0.08163    0.00513    0.01460    0.00181      0.05778      0.02308      0.00207      0.05828      0.02359      
223500  0.08163    0.00513    0.01460    0.00180      0.05778      0.02307      0.00207      0.05828      0.02358      
223600  0.08163    0.00513    0.01460    0.00181      0.05778      0.02307      0.00207      0.05828      0.02359      
223700  0.08163    0.00513    0.01460    0.00180      0.05778      0.02311      0.00207      0.05827      0.02362      
223800  0.08163    0.00513    0.01460    0.00180      0.05778      0.02309      0.00207      0.05827      0.02361      
223900  0.08163    0.00513    0.01460    0.00180      0.05778      0.02307      0.00207      0.05828      0.02359      
224000  0.08163    0.00513    0.01460    0.00180      0.05778      0.02304      0.00206      0.05828      0.02356      
224100  0.08163    0.00513    0.01460    0.00180      0.05778      0.02306      0.00206      0.05828      0.02357      
224200  0.08163    0.00513    0.01460    0.00181      0.05778      0.02305      0.00207      0.05828      0.02357      
224300  0.08162    0.00513    0.01460    0.00181      0.05778      0.02303      0.00207      0.05827      0.02355      
224400  0.08162    0.00513    0.01460    0.00181      0.05778      0.02305      0.00207      0.05827      0.02356      
224500  0.08162    0.00513    0.01460    0.00180      0.05778      0.02306      0.00207      0.05828      0.02358      
224600  0.08162    0.00513    0.01460    0.00181      0.05778      0.02306      0.00207      0.05828      0.02357      
224700  0.08162    0.00513    0.01460    0.00180      0.05778      0.02304      0.00207      0.05828      0.02356      
224800  0.08162    0.00513    0.01460    0.00180      0.05778      0.02308      0.00207      0.05827      0.02360      
224900  0.08162    0.00513    0.01460    0.00181      0.05777      0.02308      0.00207      0.05828      0.02359      
225000  0.08162    0.00513    0.01460    0.00181      0.05778      0.02307      0.00207      0.05828      0.02359      
225100  0.08162    0.00513    0.01460    0.00181      0.05777      0.02308      0.00207      0.05827      0.02360      
225200  0.08162    0.00513    0.01460    0.00180      0.05778      0.02307      0.00207      0.05828      0.02360      
225300  0.08162    0.00513    0.01460    0.00180      0.05778      0.02304      0.00207      0.05828      0.02357      
225400  0.08162    0.00513    0.01460    0.00181      0.05778      0.02304      0.00207      0.05828      0.02356      
225500  0.08162    0.00513    0.01460    0.00181      0.05777      0.02306      0.00207      0.05827      0.02358      
225600  0.08162    0.00513    0.01460    0.00181      0.05777      0.02310      0.00207      0.05827      0.02362      
225700  0.08162    0.00513    0.01460    0.00181      0.05777      0.02309      0.00207      0.05828      0.02361      
225800  0.08161    0.00513    0.01460    0.00181      0.05777      0.02310      0.00207      0.05827      0.02361      
225900  0.08161    0.00513    0.01460    0.00180      0.05778      0.02305      0.00207      0.05828      0.02357      
226000  0.08161    0.00513    0.01460    0.00180      0.05777      0.02308      0.00207      0.05827      0.02360      
226100  0.08161    0.00513    0.01460    0.00180      0.05777      0.02306      0.00207      0.05827      0.02358      
226200  0.08161    0.00513    0.01460    0.00181      0.05777      0.02309      0.00207      0.05827      0.02360      
226300  0.08161    0.00513    0.01460    0.00180      0.05777      0.02306      0.00207      0.05827      0.02357      
226400  0.08161    0.00513    0.01460    0.00180      0.05778      0.02301      0.00206      0.05827      0.02354      
226500  0.08161    0.00513    0.01460    0.00180      0.05777      0.02307      0.00207      0.05827      0.02358      
226600  0.08161    0.00513    0.01460    0.00180      0.05777      0.02312      0.00207      0.05826      0.02363      
226700  0.08161    0.00513    0.01460    0.00180      0.05777      0.02307      0.00207      0.05827      0.02360      
226800  0.08161    0.00513    0.01460    0.00180      0.05777      0.02310      0.00207      0.05826      0.02361      
226900  0.08161    0.00513    0.01460    0.00181      0.05777      0.02307      0.00207      0.05826      0.02359      
227000  0.08161    0.00513    0.01460    0.00180      0.05777      0.02309      0.00207      0.05827      0.02361      
227100  0.08161    0.00513    0.01460    0.00181      0.05776      0.02315      0.00208      0.05825      0.02366      
227200  0.08161    0.00513    0.01460    0.00181      0.05776      0.02313      0.00207      0.05825      0.02365      
227300  0.08160    0.00513    0.01460    0.00180      0.05776      0.02312      0.00207      0.05826      0.02364      
227400  0.08160    0.00513    0.01460    0.00181      0.05776      0.02310      0.00207      0.05826      0.02362      
227500  0.08161    0.00513    0.01460    0.00181      0.05776      0.02311      0.00207      0.05826      0.02363      
227600  0.08160    0.00513    0.01460    0.00180      0.05776      0.02309      0.00207      0.05826      0.02361      
227700  0.08160    0.00513    0.01460    0.00180      0.05776      0.02308      0.00207      0.05826      0.02360      
227800  0.08160    0.00513    0.01460    0.00181      0.05776      0.02309      0.00207      0.05825      0.02361      
227900  0.08160    0.00513    0.01460    0.00181      0.05776      0.02308      0.00207      0.05825      0.02360      
228000  0.08160    0.00513    0.01460    0.00180      0.05776      0.02308      0.00207      0.05826      0.02360      
228100  0.08160    0.00513    0.01460    0.00181      0.05776      0.02312      0.00207      0.05825      0.02363      
228200  0.08160    0.00513    0.01459    0.00180      0.05776      0.02310      0.00207      0.05826      0.02362      
228300  0.08160    0.00513    0.01460    0.00181      0.05776      0.02307      0.00207      0.05825      0.02358      
228400  0.08160    0.00513    0.01459    0.00180      0.05776      0.02309      0.00207      0.05826      0.02360      
228500  0.08159    0.00513    0.01459    0.00180      0.05777      0.02304      0.00207      0.05826      0.02356      
228600  0.08160    0.00513    0.01459    0.00181      0.05776      0.02306      0.00207      0.05825      0.02358      
228700  0.08160    0.00513    0.01459    0.00180      0.05776      0.02307      0.00207      0.05826      0.02359      
228800  0.08160    0.00513    0.01459    0.00180      0.05777      0.02307      0.00207      0.05826      0.02359      
228900  0.08160    0.00513    0.01459    0.00180      0.05777      0.02307      0.00207      0.05826      0.02358      
229000  0.08160    0.00513    0.01459    0.00180      0.05777      0.02310      0.00207      0.05825      0.02361      
229100  0.08160    0.00513    0.01459    0.00180      0.05777      0.02305      0.00207      0.05826      0.02357      
229200  0.08159    0.00513    0.01459    0.00180      0.05776      0.02310      0.00207      0.05825      0.02361      
229300  0.08160    0.00513    0.01459    0.00181      0.05776      0.02311      0.00207      0.05825      0.02362      
229400  0.08160    0.00513    0.01459    0.00181      0.05776      0.02308      0.00207      0.05825      0.02359      
229500  0.08159    0.00513    0.01459    0.00181      0.05776      0.02307      0.00207      0.05825      0.02358      
229600  0.08159    0.00513    0.01459    0.00181      0.05776      0.02309      0.00207      0.05825      0.02360      
229700  0.08160    0.00513    0.01459    0.00180      0.05777      0.02308      0.00207      0.05825      0.02360      
229800  0.08159    0.00513    0.01459    0.00180      0.05776      0.02309      0.00207      0.05825      0.02361      
229900  0.08159    0.00513    0.01459    0.00181      0.05776      0.02307      0.00207      0.05825      0.02360      
230000  0.08159    0.00513    0.01459    0.00181      0.05775      0.02309      0.00207      0.05824      0.02361      
230100  0.08159    0.00513    0.01459    0.00180      0.05776      0.02305      0.00207      0.05825      0.02357      
230200  0.08159    0.00513    0.01459    0.00180      0.05776      0.02306      0.00207      0.05825      0.02359      
230300  0.08159    0.00513    0.01459    0.00181      0.05776      0.02307      0.00207      0.05825      0.02360      
230400  0.08159    0.00513    0.01459    0.00180      0.05776      0.02311      0.00207      0.05825      0.02363      
230500  0.08159    0.00513    0.01459    0.00180      0.05776      0.02307      0.00207      0.05825      0.02360      
230600  0.08159    0.00513    0.01459    0.00180      0.05776      0.02308      0.00207      0.05825      0.02360      
230700  0.08158    0.00513    0.01459    0.00180      0.05776      0.02308      0.00207      0.05825      0.02360      
230800  0.08158    0.00513    0.01459    0.00181      0.05775      0.02306      0.00207      0.05825      0.02358      
230900  0.08158    0.00512    0.01459    0.00181      0.05776      0.02309      0.00207      0.05825      0.02361      
231000  0.08158    0.00512    0.01459    0.00180      0.05776      0.02310      0.00207      0.05825      0.02363      
231100  0.08158    0.00512    0.01459    0.00180      0.05776      0.02308      0.00207      0.05826      0.02361      
231200  0.08158    0.00512    0.01459    0.00180      0.05776      0.02312      0.00207      0.05825      0.02363      
231300  0.08158    0.00512    0.01459    0.00180      0.05776      0.02309      0.00207      0.05825      0.02361      
231400  0.08158    0.00512    0.01459    0.00180      0.05775      0.02311      0.00207      0.05825      0.02363      
231500  0.08158    0.00512    0.01459    0.00180      0.05776      0.02309      0.00206      0.05825      0.02360      
231600  0.08158    0.00512    0.01459    0.00180      0.05776      0.02308      0.00206      0.05825      0.02360      
231700  0.08158    0.00513    0.01459    0.00180      0.05775      0.02307      0.00207      0.05824      0.02359      
231800  0.08158    0.00512    0.01459    0.00180      0.05777      0.02300      0.00206      0.05826      0.02353      
231900  0.08157    0.00512    0.01459    0.00180      0.05776      0.02305      0.00206      0.05825      0.02356      
232000  0.08157    0.00512    0.01459    0.00180      0.05776      0.02302      0.00206      0.05825      0.02354      
232100  0.08157    0.00512    0.01459    0.00180      0.05776      0.02304      0.00206      0.05825      0.02356      
232200  0.08157    0.00512    0.01459    0.00180      0.05776      0.02305      0.00206      0.05825      0.02356      
232300  0.08157    0.00512    0.01459    0.00180      0.05776      0.02304      0.00206      0.05825      0.02355      
232400  0.08157    0.00512    0.01459    0.00180      0.05776      0.02305      0.00207      0.05825      0.02357      
232500  0.08157    0.00512    0.01459    0.00180      0.05776      0.02302      0.00206      0.05825      0.02355      
232600  0.08157    0.00512    0.01459    0.00180      0.05776      0.02304      0.00206      0.05825      0.02356      
232700  0.08157    0.00512    0.01459    0.00180      0.05776      0.02305      0.00207      0.05825      0.02357      
232800  0.08157    0.00512    0.01459    0.00180      0.05776      0.02303      0.00206      0.05826      0.02355      
232900  0.08157    0.00512    0.01459    0.00180      0.05776      0.02305      0.00206      0.05826      0.02357      
233000  0.08157    0.00512    0.01459    0.00180      0.05776      0.02301      0.00206      0.05826      0.02354      
233100  0.08157    0.00512    0.01459    0.00180      0.05776      0.02305      0.00206      0.05825      0.02357      
233200  0.08157    0.00512    0.01459    0.00180      0.05776      0.02301      0.00206      0.05826      0.02355      
233300  0.08157    0.00512    0.01459    0.00180      0.05776      0.02302      0.00206      0.05825      0.02355      
233400  0.08157    0.00512    0.01459    0.00180      0.05776      0.02299      0.00206      0.05826      0.02352      
233500  0.08156    0.00512    0.01459    0.00180      0.05776      0.02297      0.00206      0.05825      0.02351      
233600  0.08157    0.00512    0.01458    0.00180      0.05777      0.02296      0.00206      0.05826      0.02349      
233700  0.08157    0.00512    0.01458    0.00180      0.05776      0.02300      0.00206      0.05826      0.02353      
233800  0.08157    0.00512    0.01458    0.00180      0.05776      0.02303      0.00206      0.05826      0.02355      
233900  0.08156    0.00512    0.01458    0.00180      0.05776      0.02303      0.00206      0.05825      0.02356      
234000  0.08156    0.00512    0.01458    0.00180      0.05775      0.02304      0.00206      0.05825      0.02356      
234100  0.08156    0.00512    0.01458    0.00180      0.05775      0.02307      0.00207      0.05824      0.02358      
234200  0.08156    0.00512    0.01458    0.00180      0.05775      0.02307      0.00206      0.05825      0.02359      
234300  0.08156    0.00512    0.01458    0.00180      0.05776      0.02302      0.00206      0.05825      0.02355      
234400  0.08156    0.00512    0.01458    0.00180      0.05776      0.02303      0.00206      0.05826      0.02356      
234500  0.08156    0.00512    0.01458    0.00180      0.05775      0.02306      0.00206      0.05825      0.02358      
234600  0.08156    0.00512    0.01458    0.00180      0.05775      0.02304      0.00207      0.05824      0.02356      
234700  0.08156    0.00512    0.01458    0.00180      0.05775      0.02302      0.00206      0.05825      0.02355      
234800  0.08156    0.00512    0.01458    0.00180      0.05775      0.02304      0.00207      0.05825      0.02357      
234900  0.08156    0.00512    0.01458    0.00181      0.05774      0.02308      0.00207      0.05824      0.02360      
235000  0.08155    0.00512    0.01458    0.00180      0.05774      0.02309      0.00207      0.05824      0.02360      
235100  0.08155    0.00511    0.01458    0.00180      0.05775      0.02306      0.00207      0.05825      0.02358      
235200  0.08155    0.00512    0.01458    0.00180      0.05775      0.02307      0.00207      0.05825      0.02359      
235300  0.08155    0.00512    0.01458    0.00180      0.05775      0.02306      0.00206      0.05825      0.02358      
235400  0.08155    0.00512    0.01458    0.00180      0.05775      0.02301      0.00206      0.05825      0.02354      
235500  0.08155    0.00512    0.01458    0.00180      0.05775      0.02303      0.00206      0.05825      0.02355      
235600  0.08155    0.00512    0.01458    0.00180      0.05775      0.02306      0.00206      0.05824      0.02357      
235700  0.08155    0.00512    0.01458    0.00180      0.05774      0.02306      0.00207      0.05824      0.02357      
235800  0.08155    0.00512    0.01458    0.00180      0.05775      0.02305      0.00207      0.05824      0.02357      
235900  0.08155    0.00512    0.01458    0.00181      0.05774      0.02306      0.00207      0.05824      0.02358      
236000  0.08155    0.00512    0.01458    0.00180      0.05774      0.02307      0.00206      0.05823      0.02358      
236100  0.08155    0.00512    0.01458    0.00180      0.05774      0.02308      0.00207      0.05823      0.02360      
236200  0.08155    0.00512    0.01458    0.00181      0.05774      0.02308      0.00207      0.05823      0.02359      
236300  0.08155    0.00512    0.01458    0.00180      0.05774      0.02307      0.00207      0.05824      0.02358      
236400  0.08155    0.00512    0.01458    0.00180      0.05774      0.02310      0.00206      0.05824      0.02361      
236500  0.08155    0.00512    0.01458    0.00180      0.05774      0.02309      0.00207      0.05824      0.02361      
236600  0.08155    0.00512    0.01458    0.00180      0.05774      0.02310      0.00207      0.05824      0.02362      
236700  0.08155    0.00512    0.01458    0.00180      0.05774      0.02307      0.00207      0.05823      0.02358      
236800  0.08155    0.00512    0.01458    0.00180      0.05774      0.02310      0.00207      0.05823      0.02361      
236900  0.08155    0.00512    0.01458    0.00180      0.05774      0.02306      0.00207      0.05824      0.02358      
237000  0.08155    0.00512    0.01458    0.00180      0.05774      0.02305      0.00206      0.05824      0.02357      
237100  0.08154    0.00511    0.01458    0.00180      0.05775      0.02302      0.00207      0.05824      0.02354      
237200  0.08154    0.00511    0.01458    0.00180      0.05774      0.02304      0.00207      0.05824      0.02356      
237300  0.08154    0.00511    0.01458    0.00180      0.05774      0.02306      0.00207      0.05824      0.02358      
237400  0.08154    0.00511    0.01458    0.00180      0.05774      0.02304      0.00206      0.05824      0.02356      
237500  0.08154    0.00511    0.01458    0.00180      0.05774      0.02305      0.00207      0.05824      0.02356      
237600  0.08154    0.00511    0.01458    0.00180      0.05774      0.02304      0.00207      0.05825      0.02355      
237700  0.08154    0.00511    0.01458    0.00180      0.05774      0.02304      0.00206      0.05825      0.02356      
237800  0.08154    0.00511    0.01458    0.00180      0.05774      0.02304      0.00206      0.05824      0.02355      
237900  0.08154    0.00511    0.01458    0.00180      0.05774      0.02303      0.00206      0.05824      0.02354      
238000  0.08154    0.00511    0.01458    0.00181      0.05774      0.02308      0.00207      0.05824      0.02359      
238100  0.08154    0.00511    0.01458    0.00180      0.05774      0.02305      0.00207      0.05824      0.02356      
238200  0.08154    0.00511    0.01458    0.00180      0.05774      0.02303      0.00206      0.05824      0.02355      
238300  0.08154    0.00511    0.01458    0.00180      0.05774      0.02302      0.00206      0.05824      0.02354      
238400  0.08154    0.00511    0.01458    0.00180      0.05774      0.02301      0.00206      0.05824      0.02353      
238500  0.08154    0.00511    0.01458    0.00180      0.05774      0.02302      0.00207      0.05824      0.02354      
238600  0.08154    0.00511    0.01458    0.00180      0.05774      0.02303      0.00206      0.05824      0.02354      
238700  0.08153    0.00511    0.01458    0.00180      0.05774      0.02303      0.00206      0.05824      0.02355      
238800  0.08153    0.00511    0.01458    0.00180      0.05774      0.02305      0.00206      0.05824      0.02356      
238900  0.08153    0.00511    0.01458    0.00180      0.05773      0.02306      0.00207      0.05824      0.02357      
239000  0.08153    0.00511    0.01458    0.00180      0.05774      0.02303      0.00207      0.05824      0.02355      
239100  0.08153    0.00511    0.01458    0.00180      0.05774      0.02303      0.00207      0.05824      0.02355      
239200  0.08153    0.00511    0.01458    0.00180      0.05773      0.02304      0.00206      0.05824      0.02355      
239300  0.08153    0.00511    0.01458    0.00180      0.05773      0.02306      0.00207      0.05824      0.02357      
239400  0.08153    0.00511    0.01458    0.00180      0.05773      0.02306      0.00207      0.05824      0.02357      
239500  0.08153    0.00511    0.01458    0.00180      0.05773      0.02305      0.00206      0.05824      0.02356      
239600  0.08153    0.00511    0.01458    0.00180      0.05774      0.02301      0.00206      0.05825      0.02353      
239700  0.08153    0.00511    0.01458    0.00180      0.05773      0.02308      0.00207      0.05823      0.02359      
239800  0.08153    0.00511    0.01458    0.00180      0.05774      0.02303      0.00207      0.05824      0.02355      
239900  0.08153    0.00511    0.01458    0.00180      0.05773      0.02305      0.00207      0.05824      0.02357      
240000  0.08153    0.00511    0.01457    0.00180      0.05773      0.02304      0.00207      0.05824      0.02356      
240100  0.08153    0.00511    0.01457    0.00180      0.05774      0.02303      0.00206      0.05825      0.02355      
240200  0.08152    0.00511    0.01457    0.00180      0.05774      0.02304      0.00207      0.05825      0.02355      
240300  0.08153    0.00511    0.01457    0.00180      0.05775      0.02301      0.00206      0.05825      0.02353      
240400  0.08153    0.00511    0.01457    0.00180      0.05774      0.02304      0.00206      0.05825      0.02355      
240500  0.08153    0.00511    0.01457    0.00180      0.05774      0.02302      0.00206      0.05825      0.02355      
240600  0.08153    0.00511    0.01457    0.00180      0.05774      0.02305      0.00206      0.05824      0.02357      
240700  0.08153    0.00511    0.01457    0.00180      0.05775      0.02302      0.00207      0.05825      0.02355      
240800  0.08153    0.00510    0.01457    0.00180      0.05774      0.02303      0.00207      0.05825      0.02355      
240900  0.08153    0.00510    0.01457    0.00180      0.05775      0.02303      0.00206      0.05825      0.02355      
241000  0.08152    0.00510    0.01457    0.00180      0.05774      0.02306      0.00207      0.05824      0.02358      
241100  0.08152    0.00510    0.01457    0.00180      0.05774      0.02304      0.00207      0.05824      0.02356      
241200  0.08152    0.00510    0.01457    0.00180      0.05774      0.02307      0.00207      0.05824      0.02358      
241300  0.08152    0.00510    0.01457    0.00180      0.05774      0.02306      0.00206      0.05824      0.02358      
241400  0.08152    0.00510    0.01457    0.00180      0.05774      0.02303      0.00206      0.05824      0.02355      
241500  0.08152    0.00510    0.01457    0.00181      0.05773      0.02307      0.00207      0.05823      0.02358      
241600  0.08152    0.00510    0.01457    0.00181      0.05774      0.02304      0.00207      0.05824      0.02356      
241700  0.08152    0.00510    0.01457    0.00180      0.05774      0.02304      0.00206      0.05825      0.02356      
241800  0.08152    0.00510    0.01457    0.00180      0.05774      0.02306      0.00207      0.05824      0.02357      
241900  0.08152    0.00510    0.01457    0.00180      0.05774      0.02304      0.00207      0.05824      0.02355      
242000  0.08152    0.00510    0.01457    0.00180      0.05774      0.02306      0.00207      0.05824      0.02357      
242100  0.08152    0.00510    0.01457    0.00180      0.05774      0.02304      0.00207      0.05824      0.02355      
242200  0.08152    0.00510    0.01457    0.00180      0.05774      0.02302      0.00207      0.05824      0.02354      
242300  0.08152    0.00510    0.01457    0.00180      0.05774      0.02303      0.00207      0.05825      0.02355      
242400  0.08151    0.00510    0.01457    0.00180      0.05774      0.02305      0.00206      0.05824      0.02356      
242500  0.08151    0.00510    0.01457    0.00180      0.05773      0.02307      0.00207      0.05824      0.02358      
242600  0.08152    0.00510    0.01457    0.00180      0.05774      0.02303      0.00207      0.05824      0.02355      
242700  0.08151    0.00510    0.01457    0.00180      0.05774      0.02307      0.00207      0.05824      0.02358      
242800  0.08151    0.00510    0.01457    0.00180      0.05773      0.02305      0.00207      0.05824      0.02357      
242900  0.08151    0.00510    0.01457    0.00181      0.05773      0.02303      0.00207      0.05824      0.02355      
243000  0.08151    0.00510    0.01457    0.00180      0.05773      0.02306      0.00207      0.05824      0.02357      
243100  0.08151    0.00510    0.01457    0.00180      0.05773      0.02309      0.00207      0.05823      0.02359      
243200  0.08151    0.00510    0.01457    0.00180      0.05773      0.02308      0.00207      0.05823      0.02359      
243300  0.08151    0.00510    0.01457    0.00180      0.05773      0.02305      0.00207      0.05823      0.02357      
243400  0.08151    0.00510    0.01457    0.00180      0.05773      0.02306      0.00207      0.05823      0.02357      
243500  0.08151    0.00510    0.01457    0.00180      0.05773      0.02307      0.00207      0.05824      0.02358      
243600  0.08151    0.00510    0.01457    0.00181      0.05773      0.02307      0.00207      0.05823      0.02358      
243700  0.08151    0.00510    0.01457    0.00180      0.05774      0.02305      0.00207      0.05823      0.02356      
243800  0.08151    0.00510    0.01457    0.00180      0.05773      0.02306      0.00207      0.05823      0.02357      
243900  0.08151    0.00510    0.01457    0.00180      0.05773      0.02305      0.00207      0.05823      0.02356      
244000  0.08150    0.00510    0.01457    0.00180      0.05773      0.02306      0.00207      0.05822      0.02356      
244100  0.08150    0.00510    0.01457    0.00180      0.05773      0.02307      0.00207      0.05823      0.02357      
244200  0.08150    0.00510    0.01457    0.00180      0.05773      0.02304      0.00207      0.05823      0.02355      
244300  0.08150    0.00510    0.01456    0.00180      0.05774      0.02301      0.00206      0.05824      0.02353      
244400  0.08150    0.00510    0.01456    0.00180      0.05773      0.02308      0.00206      0.05823      0.02358      
244500  0.08150    0.00510    0.01456    0.00180      0.05773      0.02306      0.00206      0.05823      0.02357      
244600  0.08150    0.00510    0.01456    0.00180      0.05774      0.02302      0.00206      0.05823      0.02353      
244700  0.08150    0.00510    0.01456    0.00180      0.05773      0.02306      0.00207      0.05823      0.02357      
244800  0.08150    0.00510    0.01456    0.00180      0.05773      0.02305      0.00207      0.05822      0.02355      
244900  0.08150    0.00510    0.01456    0.00181      0.05773      0.02301      0.00207      0.05823      0.02352      
245000  0.08150    0.00510    0.01456    0.00180      0.05773      0.02301      0.00206      0.05823      0.02353      
245100  0.08150    0.00510    0.01456    0.00180      0.05773      0.02304      0.00206      0.05823      0.02355      
245200  0.08150    0.00510    0.01456    0.00180      0.05773      0.02302      0.00207      0.05823      0.02353      
245300  0.08149    0.00510    0.01456    0.00180      0.05773      0.02303      0.00207      0.05822      0.02353      
245400  0.08149    0.00510    0.01456    0.00180      0.05773      0.02300      0.00206      0.05823      0.02351      
245500  0.08150    0.00510    0.01456    0.00180      0.05773      0.02303      0.00207      0.05822      0.02354      
245600  0.08149    0.00510    0.01456    0.00180      0.05773      0.02304      0.00206      0.05822      0.02355      
245700  0.08149    0.00510    0.01456    0.00180      0.05773      0.02303      0.00206      0.05823      0.02353      
245800  0.08150    0.00510    0.01456    0.00180      0.05773      0.02303      0.00207      0.05823      0.02355      
245900  0.08150    0.00510    0.01456    0.00180      0.05773      0.02302      0.00207      0.05823      0.02353      
246000  0.08150    0.00510    0.01456    0.00180      0.05773      0.02300      0.00206      0.05823      0.02352      
246100  0.08149    0.00510    0.01456    0.00180      0.05773      0.02302      0.00207      0.05823      0.02354      
246200  0.08150    0.00510    0.01456    0.00180      0.05773      0.02303      0.00207      0.05823      0.02354      
246300  0.08149    0.00510    0.01456    0.00181      0.05773      0.02304      0.00207      0.05822      0.02355      
246400  0.08149    0.00510    0.01456    0.00181      0.05772      0.02306      0.00207      0.05822      0.02356      
246500  0.08149    0.00509    0.01456    0.00181      0.05772      0.02306      0.00207      0.05821      0.02357      
246600  0.08149    0.00509    0.01456    0.00180      0.05773      0.02303      0.00207      0.05823      0.02355      
246700  0.08149    0.00509    0.01456    0.00181      0.05773      0.02304      0.00207      0.05822      0.02354      
246800  0.08149    0.00509    0.01456    0.00180      0.05772      0.02310      0.00207      0.05822      0.02359      
246900  0.08149    0.00509    0.01456    0.00180      0.05772      0.02308      0.00207      0.05822      0.02358      
247000  0.08149    0.00509    0.01456    0.00180      0.05772      0.02307      0.00207      0.05822      0.02357      
247100  0.08149    0.00509    0.01456    0.00180      0.05772      0.02310      0.00207      0.05822      0.02360      
247200  0.08149    0.00509    0.01456    0.00180      0.05773      0.02307      0.00207      0.05823      0.02358      
247300  0.08148    0.00509    0.01456    0.00180      0.05772      0.02305      0.00207      0.05823      0.02356      
247400  0.08148    0.00509    0.01456    0.00180      0.05772      0.02308      0.00207      0.05822      0.02358      
247500  0.08148    0.00509    0.01456    0.00180      0.05772      0.02307      0.00207      0.05822      0.02357      
247600  0.08148    0.00509    0.01456    0.00180      0.05772      0.02307      0.00207      0.05822      0.02358      
247700  0.08148    0.00509    0.01456    0.00180      0.05772      0.02305      0.00207      0.05822      0.02356      
247800  0.08148    0.00509    0.01456    0.00180      0.05772      0.02307      0.00207      0.05822      0.02358      
247900  0.08148    0.00509    0.01456    0.00180      0.05772      0.02306      0.00207      0.05823      0.02357      
248000  0.08148    0.00509    0.01456    0.00180      0.05772      0.02303      0.00207      0.05823      0.02355      
248100  0.08148    0.00509    0.01456    0.00181      0.05772      0.02305      0.00207      0.05822      0.02357      
248200  0.08148    0.00509    0.01456    0.00181      0.05772      0.02307      0.00207      0.05821      0.02359      
248300  0.08148    0.00509    0.01456    0.00181      0.05771      0.02308      0.00207      0.05821      0.02359      
248400  0.08148    0.00509    0.01456    0.00180      0.05772      0.02308      0.00207      0.05822      0.02359      
248500  0.08147    0.00509    0.01456    0.00181      0.05771      0.02308      0.00207      0.05821      0.02358      
248600  0.08147    0.00509    0.01456    0.00181      0.05771      0.02307      0.00207      0.05821      0.02358      
248700  0.08147    0.00509    0.01456    0.00181      0.05771      0.02308      0.00207      0.05821      0.02359      
248800  0.08147    0.00509    0.01456    0.00180      0.05771      0.02309      0.00207      0.05821      0.02359      
248900  0.08147    0.00509    0.01456    0.00181      0.05771      0.02306      0.00207      0.05821      0.02357      
249000  0.08147    0.00509    0.01456    0.00181      0.05770      0.02308      0.00208      0.05821      0.02358      
249100  0.08147    0.00509    0.01456    0.00181      0.05771      0.02306      0.00207      0.05821      0.02357      
249200  0.08147    0.00509    0.01456    0.00181      0.05770      0.02309      0.00207      0.05821      0.02359      
249300  0.08147    0.00509    0.01456    0.00181      0.05771      0.02305      0.00207      0.05821      0.02356      
249400  0.08147    0.00509    0.01456    0.00181      0.05771      0.02305      0.00207      0.05821      0.02357      
249500  0.08147    0.00509    0.01456    0.00180      0.05771      0.02305      0.00207      0.05821      0.02357      
249600  0.08147    0.00509    0.01456    0.00180      0.05771      0.02304      0.00207      0.05822      0.02356      
249700  0.08147    0.00509    0.01456    0.00181      0.05771      0.02305      0.00207      0.05821      0.02357      
249800  0.08147    0.00509    0.01456    0.00181      0.05771      0.02303      0.00207      0.05822      0.02355      
249900  0.08146    0.00509    0.01456    0.00181      0.05770      0.02306      0.00207      0.05821      0.02357      
250000  0.08147    0.00509    0.01456    0.00181      0.05771      0.02305      0.00207      0.05821      0.02356      
250100  0.08146    0.00509    0.01456    0.00181      0.05771      0.02304      0.00207      0.05821      0.02355      
250200  0.08146    0.00509    0.01456    0.00181      0.05770      0.02305      0.00207      0.05820      0.02356      
250300  0.08146    0.00509    0.01456    0.00180      0.05771      0.02301      0.00207      0.05821      0.02353      
250400  0.08146    0.00509    0.01456    0.00180      0.05771      0.02304      0.00207      0.05821      0.02355      
250500  0.08146    0.00509    0.01456    0.00180      0.05771      0.02305      0.00207      0.05821      0.02356      
250600  0.08146    0.00509    0.01456    0.00180      0.05771      0.02303      0.00207      0.05821      0.02355      
250700  0.08146    0.00509    0.01456    0.00180      0.05771      0.02305      0.00207      0.05821      0.02356      
250800  0.08146    0.00509    0.01456    0.00180      0.05771      0.02305      0.00207      0.05821      0.02356      
250900  0.08146    0.00509    0.01456    0.00181      0.05770      0.02304      0.00207      0.05821      0.02356      
251000  0.08146    0.00509    0.01456    0.00181      0.05771      0.02305      0.00207      0.05821      0.02356      
251100  0.08146    0.00509    0.01456    0.00180      0.05771      0.02305      0.00207      0.05821      0.02356      
251200  0.08146    0.00509    0.01456    0.00181      0.05770      0.02309      0.00207      0.05820      0.02359      
251300  0.08146    0.00509    0.01456    0.00180      0.05770      0.02309      0.00207      0.05821      0.02359      
251400  0.08146    0.00509    0.01455    0.00181      0.05770      0.02309      0.00207      0.05821      0.02360      
251500  0.08146    0.00509    0.01455    0.00181      0.05770      0.02309      0.00207      0.05821      0.02360      
251600  0.08146    0.00509    0.01455    0.00181      0.05770      0.02305      0.00207      0.05821      0.02356      
251700  0.08146    0.00509    0.01455    0.00181      0.05770      0.02304      0.00207      0.05821      0.02355      
251800  0.08146    0.00509    0.01455    0.00181      0.05771      0.02302      0.00207      0.05822      0.02354      
251900  0.08146    0.00509    0.01455    0.00181      0.05771      0.02303      0.00207      0.05821      0.02355      
252000  0.08146    0.00509    0.01455    0.00181      0.05770      0.02305      0.00207      0.05821      0.02357      
252100  0.08146    0.00509    0.01455    0.00181      0.05771      0.02304      0.00207      0.05821      0.02356      
252200  0.08145    0.00509    0.01455    0.00181      0.05770      0.02303      0.00207      0.05821      0.02354      
252300  0.08145    0.00508    0.01455    0.00181      0.05770      0.02304      0.00207      0.05821      0.02355      
252400  0.08145    0.00508    0.01455    0.00181      0.05770      0.02307      0.00207      0.05821      0.02358      
252500  0.08145    0.00508    0.01455    0.00181      0.05770      0.02304      0.00207      0.05821      0.02355      
252600  0.08145    0.00508    0.01455    0.00181      0.05770      0.02301      0.00207      0.05821      0.02353      
252700  0.08145    0.00508    0.01455    0.00181      0.05770      0.02302      0.00207      0.05821      0.02354      
252800  0.08145    0.00508    0.01455    0.00181      0.05770      0.02306      0.00207      0.05821      0.02357      
252900  0.08145    0.00508    0.01455    0.00181      0.05770      0.02301      0.00207      0.05821      0.02353      
253000  0.08145    0.00508    0.01455    0.00181      0.05770      0.02303      0.00207      0.05821      0.02355      
253100  0.08145    0.00508    0.01455    0.00181      0.05770      0.02306      0.00207      0.05821      0.02357      
253200  0.08144    0.00508    0.01455    0.00181      0.05770      0.02304      0.00207      0.05821      0.02356      
253300  0.08144    0.00508    0.01455    0.00181      0.05770      0.02303      0.00207      0.05821      0.02355      
253400  0.08144    0.00508    0.01455    0.00181      0.05770      0.02301      0.00207      0.05821      0.02353      
253500  0.08144    0.00508    0.01455    0.00181      0.05770      0.02301      0.00207      0.05821      0.02354      
253600  0.08144    0.00508    0.01455    0.00181      0.05769      0.02305      0.00207      0.05820      0.02356      
253700  0.08144    0.00508    0.01455    0.00181      0.05770      0.02305      0.00207      0.05820      0.02357      
253800  0.08144    0.00509    0.01455    0.00181      0.05769      0.02307      0.00207      0.05820      0.02359      
253900  0.08144    0.00508    0.01455    0.00181      0.05770      0.02301      0.00207      0.05821      0.02354      
254000  0.08144    0.00509    0.01455    0.00180      0.05770      0.02303      0.00207      0.05821      0.02356      
254100  0.08144    0.00508    0.01455    0.00181      0.05769      0.02304      0.00207      0.05820      0.02356      
254200  0.08144    0.00508    0.01455    0.00181      0.05769      0.02302      0.00207      0.05820      0.02355      
254300  0.08144    0.00508    0.01455    0.00181      0.05769      0.02303      0.00207      0.05820      0.02356      
254400  0.08144    0.00508    0.01455    0.00181      0.05769      0.02306      0.00207      0.05820      0.02358      
254500  0.08144    0.00508    0.01455    0.00181      0.05769      0.02305      0.00207      0.05820      0.02357      
254600  0.08144    0.00508    0.01455    0.00181      0.05770      0.02304      0.00207      0.05820      0.02357      
254700  0.08144    0.00508    0.01455    0.00181      0.05770      0.02302      0.00207      0.05820      0.02354      
254800  0.08144    0.00508    0.01455    0.00181      0.05770      0.02299      0.00207      0.05821      0.02351      
254900  0.08144    0.00508    0.01455    0.00180      0.05770      0.02300      0.00207      0.05821      0.02353      
255000  0.08144    0.00509    0.01455    0.00181      0.05769      0.02304      0.00207      0.05820      0.02356      
255100  0.08144    0.00508    0.01455    0.00181      0.05769      0.02306      0.00207      0.05820      0.02358      
255200  0.08144    0.00509    0.01455    0.00181      0.05769      0.02306      0.00207      0.05820      0.02358      
255300  0.08144    0.00509    0.01455    0.00181      0.05769      0.02302      0.00207      0.05820      0.02354      
255400  0.08144    0.00509    0.01455    0.00181      0.05769      0.02306      0.00207      0.05820      0.02358      
255500  0.08144    0.00508    0.01455    0.00181      0.05769      0.02308      0.00207      0.05819      0.02360      
255600  0.08144    0.00508    0.01455    0.00181      0.05768      0.02310      0.00208      0.05819      0.02361      
255700  0.08144    0.00508    0.01455    0.00181      0.05769      0.02308      0.00208      0.05819      0.02360      
255800  0.08144    0.00508    0.01455    0.00181      0.05769      0.02308      0.00207      0.05820      0.02360      
255900  0.08144    0.00508    0.01455    0.00181      0.05769      0.02308      0.00207      0.05821      0.02360      
256000  0.08144    0.00508    0.01455    0.00181      0.05769      0.02310      0.00207      0.05820      0.02361      
256100  0.08144    0.00508    0.01455    0.00181      0.05769      0.02306      0.00207      0.05820      0.02357      
256200  0.08143    0.00508    0.01455    0.00181      0.05769      0.02308      0.00208      0.05819      0.02360      
256300  0.08143    0.00508    0.01455    0.00181      0.05769      0.02306      0.00207      0.05820      0.02358      
256400  0.08143    0.00508    0.01455    0.00181      0.05769      0.02305      0.00207      0.05820      0.02357      
256500  0.08143    0.00508    0.01455    0.00181      0.05769      0.02304      0.00207      0.05819      0.02356      
256600  0.08143    0.00508    0.01455    0.00181      0.05768      0.02308      0.00208      0.05819      0.02359      
256700  0.08143    0.00508    0.01455    0.00181      0.05769      0.02304      0.00207      0.05820      0.02355      
256800  0.08143    0.00508    0.01455    0.00181      0.05768      0.02307      0.00208      0.05819      0.02358      
256900  0.08143    0.00508    0.01455    0.00181      0.05768      0.02308      0.00208      0.05819      0.02360      
257000  0.08143    0.00508    0.01455    0.00181      0.05768      0.02309      0.00208      0.05819      0.02360      
257100  0.08143    0.00508    0.01455    0.00181      0.05768      0.02306      0.00208      0.05819      0.02357      
257200  0.08143    0.00508    0.01455    0.00181      0.05769      0.02306      0.00207      0.05820      0.02357      
257300  0.08143    0.00508    0.01455    0.00181      0.05768      0.02307      0.00208      0.05819      0.02358      
257400  0.08142    0.00508    0.01455    0.00181      0.05768      0.02308      0.00207      0.05819      0.02358      
257500  0.08142    0.00508    0.01455    0.00181      0.05768      0.02306      0.00207      0.05819      0.02358      
257600  0.08142    0.00508    0.01455    0.00181      0.05768      0.02305      0.00207      0.05819      0.02356      
257700  0.08143    0.00508    0.01455    0.00181      0.05768      0.02307      0.00208      0.05819      0.02358      
257800  0.08142    0.00508    0.01454    0.00181      0.05769      0.02305      0.00207      0.05820      0.02356      
257900  0.08142    0.00508    0.01454    0.00181      0.05769      0.02304      0.00207      0.05820      0.02356      
258000  0.08143    0.00508    0.01454    0.00181      0.05769      0.02306      0.00207      0.05820      0.02358      
258100  0.08142    0.00508    0.01454    0.00181      0.05769      0.02306      0.00207      0.05819      0.02357      
258200  0.08142    0.00508    0.01454    0.00181      0.05769      0.02307      0.00207      0.05820      0.02358      
258300  0.08142    0.00508    0.01454    0.00181      0.05769      0.02304      0.00207      0.05819      0.02356      
258400  0.08142    0.00508    0.01454    0.00181      0.05769      0.02303      0.00207      0.05820      0.02354      
258500  0.08142    0.00508    0.01454    0.00181      0.05769      0.02306      0.00207      0.05820      0.02358      
258600  0.08142    0.00508    0.01454    0.00181      0.05769      0.02305      0.00207      0.05820      0.02357      
258700  0.08142    0.00508    0.01454    0.00181      0.05768      0.02306      0.00207      0.05819      0.02357      
258800  0.08142    0.00508    0.01454    0.00181      0.05768      0.02307      0.00207      0.05819      0.02357      
258900  0.08142    0.00508    0.01454    0.00181      0.05769      0.02305      0.00207      0.05819      0.02356      
259000  0.08142    0.00508    0.01454    0.00181      0.05768      0.02308      0.00208      0.05819      0.02359      
259100  0.08142    0.00508    0.01454    0.00181      0.05768      0.02306      0.00207      0.05819      0.02357      
259200  0.08142    0.00508    0.01454    0.00180      0.05769      0.02307      0.00207      0.05819      0.02358      
259300  0.08142    0.00508    0.01454    0.00181      0.05768      0.02308      0.00207      0.05819      0.02358      
259400  0.08141    0.00508    0.01454    0.00181      0.05768      0.02306      0.00207      0.05819      0.02357      
259500  0.08141    0.00508    0.01454    0.00181      0.05768      0.02306      0.00207      0.05819      0.02357      
259600  0.08141    0.00508    0.01454    0.00181      0.05768      0.02307      0.00207      0.05819      0.02358      
259700  0.08141    0.00508    0.01454    0.00181      0.05768      0.02308      0.00207      0.05819      0.02359      
259800  0.08141    0.00508    0.01454    0.00181      0.05768      0.02309      0.00207      0.05819      0.02359      
259900  0.08141    0.00507    0.01454    0.00181      0.05768      0.02307      0.00207      0.05819      0.02358      
260000  0.08141    0.00507    0.01454    0.00181      0.05768      0.02303      0.00207      0.05819      0.02354      
260100  0.08141    0.00507    0.01454    0.00181      0.05768      0.02308      0.00207      0.05819      0.02358      
260200  0.08141    0.00507    0.01454    0.00181      0.05767      0.02311      0.00207      0.05818      0.02360      
260300  0.08141    0.00507    0.01454    0.00181      0.05768      0.02306      0.00207      0.05819      0.02356      
260400  0.08141    0.00507    0.01454    0.00181      0.05768      0.02306      0.00207      0.05819      0.02357      
260500  0.08141    0.00507    0.01454    0.00181      0.05768      0.02309      0.00207      0.05819      0.02359      
260600  0.08141    0.00507    0.01454    0.00181      0.05768      0.02310      0.00207      0.05819      0.02359      
260700  0.08141    0.00507    0.01454    0.00181      0.05767      0.02308      0.00207      0.05818      0.02358      
260800  0.08140    0.00507    0.01454    0.00181      0.05767      0.02309      0.00207      0.05818      0.02359      
260900  0.08140    0.00507    0.01454    0.00181      0.05767      0.02309      0.00207      0.05818      0.02359      
261000  0.08140    0.00507    0.01454    0.00181      0.05767      0.02310      0.00207      0.05818      0.02359      
261100  0.08140    0.00507    0.01454    0.00181      0.05767      0.02311      0.00207      0.05817      0.02360      
261200  0.08140    0.00507    0.01454    0.00181      0.05767      0.02308      0.00207      0.05818      0.02358      
261300  0.08140    0.00507    0.01454    0.00181      0.05767      0.02307      0.00207      0.05818      0.02357      
261400  0.08140    0.00507    0.01454    0.00181      0.05768      0.02305      0.00207      0.05819      0.02355      
261500  0.08140    0.00507    0.01454    0.00181      0.05768      0.02306      0.00207      0.05818      0.02356      
261600  0.08140    0.00507    0.01454    0.00181      0.05768      0.02307      0.00207      0.05818      0.02357      
261700  0.08140    0.00507    0.01454    0.00181      0.05768      0.02307      0.00207      0.05819      0.02356      
261800  0.08140    0.00507    0.01454    0.00181      0.05768      0.02307      0.00207      0.05818      0.02357      
261900  0.08140    0.00507    0.01454    0.00181      0.05768      0.02306      0.00207      0.05818      0.02356      
262000  0.08140    0.00507    0.01454    0.00181      0.05768      0.02307      0.00207      0.05818      0.02356      
262100  0.08140    0.00507    0.01454    0.00181      0.05768      0.02307      0.00207      0.05818      0.02356      
262200  0.08140    0.00507    0.01454    0.00181      0.05767      0.02309      0.00207      0.05818      0.02358      
262300  0.08140    0.00507    0.01454    0.00181      0.05768      0.02307      0.00207      0.05818      0.02357      
262400  0.08140    0.00507    0.01454    0.00181      0.05768      0.02307      0.00207      0.05818      0.02357      
262500  0.08140    0.00507    0.01454    0.00181      0.05767      0.02308      0.00207      0.05818      0.02358      
262600  0.08140    0.00507    0.01454    0.00181      0.05767      0.02310      0.00207      0.05818      0.02360      
262700  0.08140    0.00507    0.01454    0.00181      0.05767      0.02311      0.00207      0.05817      0.02360      
262800  0.08140    0.00507    0.01454    0.00181      0.05767      0.02309      0.00207      0.05818      0.02359      
262900  0.08139    0.00507    0.01454    0.00181      0.05767      0.02309      0.00207      0.05818      0.02359      
263000  0.08139    0.00507    0.01454    0.00181      0.05767      0.02308      0.00207      0.05818      0.02358      
263100  0.08139    0.00507    0.01454    0.00181      0.05767      0.02307      0.00207      0.05818      0.02357      
263200  0.08139    0.00507    0.01454    0.00181      0.05768      0.02304      0.00207      0.05818      0.02355      
263300  0.08139    0.00507    0.01454    0.00181      0.05768      0.02305      0.00207      0.05818      0.02355      
263400  0.08139    0.00507    0.01453    0.00181      0.05767      0.02303      0.00207      0.05818      0.02353      
263500  0.08139    0.00507    0.01453    0.00181      0.05767      0.02304      0.00207      0.05818      0.02354      
263600  0.08139    0.00507    0.01453    0.00181      0.05767      0.02304      0.00207      0.05818      0.02354      
263700  0.08139    0.00507    0.01453    0.00181      0.05767      0.02307      0.00207      0.05818      0.02357      
263800  0.08139    0.00507    0.01453    0.00181      0.05767      0.02308      0.00207      0.05818      0.02358      
263900  0.08139    0.00507    0.01453    0.00181      0.05767      0.02307      0.00207      0.05818      0.02358      
264000  0.08139    0.00507    0.01453    0.00181      0.05767      0.02308      0.00207      0.05818      0.02358      
264100  0.08139    0.00507    0.01453    0.00181      0.05766      0.02311      0.00207      0.05817      0.02360      
264200  0.08139    0.00507    0.01453    0.00181      0.05767      0.02310      0.00207      0.05817      0.02359      
264300  0.08139    0.00507    0.01453    0.00181      0.05767      0.02308      0.00207      0.05818      0.02358      
264400  0.08139    0.00507    0.01453    0.00181      0.05767      0.02311      0.00207      0.05818      0.02361      
264500  0.08139    0.00507    0.01453    0.00181      0.05766      0.02311      0.00207      0.05817      0.02361      
264600  0.08139    0.00507    0.01453    0.00181      0.05767      0.02312      0.00207      0.05818      0.02362      
264700  0.08139    0.00507    0.01453    0.00181      0.05767      0.02311      0.00207      0.05818      0.02361      
264800  0.08139    0.00507    0.01453    0.00181      0.05767      0.02310      0.00207      0.05818      0.02360      
264900  0.08138    0.00507    0.01453    0.00181      0.05767      0.02310      0.00207      0.05817      0.02360      
265000  0.08138    0.00506    0.01453    0.00181      0.05767      0.02310      0.00207      0.05817      0.02360      
265100  0.08138    0.00507    0.01453    0.00181      0.05767      0.02311      0.00207      0.05818      0.02360      
265200  0.08138    0.00506    0.01453    0.00181      0.05766      0.02312      0.00207      0.05817      0.02362      
265300  0.08138    0.00506    0.01453    0.00181      0.05766      0.02314      0.00207      0.05817      0.02362      
265400  0.08138    0.00506    0.01453    0.00181      0.05767      0.02309      0.00207      0.05817      0.02359      
265500  0.08138    0.00506    0.01453    0.00181      0.05767      0.02307      0.00207      0.05818      0.02357      
265600  0.08138    0.00506    0.01453    0.00181      0.05767      0.02309      0.00207      0.05818      0.02359      
265700  0.08138    0.00506    0.01453    0.00181      0.05767      0.02308      0.00207      0.05818      0.02358      
265800  0.08138    0.00506    0.01453    0.00181      0.05767      0.02309      0.00207      0.05818      0.02358      
265900  0.08138    0.00506    0.01453    0.00181      0.05767      0.02312      0.00207      0.05817      0.02360      
266000  0.08138    0.00506    0.01453    0.00181      0.05767      0.02310      0.00207      0.05818      0.02359      
266100  0.08138    0.00506    0.01453    0.00181      0.05767      0.02307      0.00207      0.05818      0.02357      
266200  0.08138    0.00506    0.01453    0.00181      0.05767      0.02308      0.00207      0.05817      0.02358      
266300  0.08138    0.00506    0.01453    0.00181      0.05767      0.02308      0.00207      0.05818      0.02358      
266400  0.08138    0.00506    0.01453    0.00181      0.05766      0.02312      0.00207      0.05817      0.02361      
266500  0.08138    0.00506    0.01453    0.00181      0.05767      0.02309      0.00207      0.05817      0.02359      
266600  0.08138    0.00506    0.01453    0.00181      0.05768      0.02304      0.00206      0.05818      0.02354      
266700  0.08137    0.00506    0.01453    0.00181      0.05767      0.02310      0.00207      0.05817      0.02359      
266800  0.08138    0.00506    0.01452    0.00181      0.05767      0.02305      0.00207      0.05818      0.02355      
266900  0.08138    0.00506    0.01452    0.00181      0.05768      0.02302      0.00207      0.05818      0.02352      
267000  0.08137    0.00506    0.01452    0.00182      0.05767      0.02306      0.00207      0.05817      0.02356      
267100  0.08137    0.00506    0.01452    0.00181      0.05767      0.02306      0.00207      0.05817      0.02355      
267200  0.08137    0.00506    0.01452    0.00181      0.05767      0.02304      0.00207      0.05818      0.02354      
267300  0.08137    0.00506    0.01452    0.00181      0.05767      0.02306      0.00207      0.05818      0.02356      
267400  0.08137    0.00506    0.01452    0.00182      0.05766      0.02308      0.00207      0.05817      0.02358      
267500  0.08137    0.00506    0.01452    0.00181      0.05767      0.02304      0.00207      0.05818      0.02354      
267600  0.08137    0.00506    0.01452    0.00181      0.05767      0.02309      0.00207      0.05817      0.02359      
267700  0.08137    0.00506    0.01452    0.00181      0.05766      0.02311      0.00207      0.05817      0.02360      
267800  0.08137    0.00506    0.01452    0.00181      0.05766      0.02312      0.00207      0.05817      0.02361      
267900  0.08137    0.00506    0.01452    0.00181      0.05766      0.02313      0.00207      0.05817      0.02362      
268000  0.08137    0.00506    0.01452    0.00181      0.05767      0.02308      0.00207      0.05817      0.02358      
268100  0.08137    0.00506    0.01452    0.00181      0.05766      0.02309      0.00207      0.05817      0.02358      
268200  0.08137    0.00506    0.01452    0.00181      0.05766      0.02309      0.00207      0.05817      0.02358      
268300  0.08137    0.00506    0.01452    0.00181      0.05767      0.02306      0.00207      0.05817      0.02356      
268400  0.08137    0.00506    0.01452    0.00181      0.05766      0.02309      0.00207      0.05817      0.02359      
268500  0.08137    0.00506    0.01452    0.00181      0.05767      0.02307      0.00207      0.05817      0.02356      
268600  0.08137    0.00506    0.01452    0.00181      0.05766      0.02310      0.00207      0.05817      0.02358      
268700  0.08136    0.00506    0.01452    0.00181      0.05766      0.02308      0.00207      0.05817      0.02357      
268800  0.08136    0.00506    0.01452    0.00181      0.05766      0.02310      0.00207      0.05817      0.02360      
268900  0.08136    0.00506    0.01452    0.00181      0.05766      0.02309      0.00207      0.05817      0.02359      
269000  0.08136    0.00506    0.01452    0.00181      0.05766      0.02309      0.00207      0.05817      0.02358      
269100  0.08136    0.00506    0.01452    0.00181      0.05766      0.02308      0.00207      0.05817      0.02358      
269200  0.08136    0.00506    0.01452    0.00182      0.05766      0.02307      0.00207      0.05816      0.02357      
269300  0.08136    0.00506    0.01452    0.00181      0.05766      0.02305      0.00207      0.05817      0.02355      
269400  0.08136    0.00506    0.01452    0.00181      0.05766      0.02307      0.00207      0.05817      0.02356      
269500  0.08136    0.00506    0.01452    0.00181      0.05767      0.02306      0.00207      0.05817      0.02356      
269600  0.08136    0.00506    0.01452    0.00181      0.05767      0.02305      0.00207      0.05817      0.02355      
269700  0.08136    0.00506    0.01452    0.00181      0.05767      0.02306      0.00207      0.05817      0.02356      
269800  0.08136    0.00506    0.01452    0.00181      0.05767      0.02303      0.00207      0.05818      0.02353      
269900  0.08136    0.00506    0.01452    0.00181      0.05766      0.02307      0.00207      0.05817      0.02357      
270000  0.08136    0.00506    0.01452    0.00181      0.05767      0.02305      0.00207      0.05817      0.02355      
270100  0.08136    0.00506    0.01452    0.00181      0.05767      0.02305      0.00207      0.05817      0.02354      
270200  0.08136    0.00506    0.01452    0.00181      0.05767      0.02302      0.00207      0.05818      0.02352      
270300  0.08136    0.00506    0.01452    0.00181      0.05767      0.02306      0.00207      0.05817      0.02356      
270400  0.08136    0.00506    0.01452    0.00181      0.05766      0.02306      0.00207      0.05817      0.02356      
270500  0.08136    0.00506    0.01452    0.00181      0.05767      0.02304      0.00207      0.05817      0.02354      
270600  0.08136    0.00506    0.01452    0.00181      0.05766      0.02306      0.00207      0.05817      0.02356      
270700  0.08136    0.00505    0.01452    0.00181      0.05767      0.02304      0.00207      0.05818      0.02354      
270800  0.08136    0.00505    0.01452    0.00181      0.05767      0.02304      0.00207      0.05818      0.02354      
270900  0.08136    0.00505    0.01452    0.00182      0.05766      0.02308      0.00207      0.05817      0.02358      
271000  0.08136    0.00505    0.01452    0.00182      0.05766      0.02309      0.00207      0.05816      0.02360      
271100  0.08136    0.00505    0.01452    0.00181      0.05766      0.02306      0.00207      0.05817      0.02357      
271200  0.08135    0.00505    0.01452    0.00182      0.05766      0.02306      0.00207      0.05816      0.02357      
271300  0.08136    0.00505    0.01452    0.00182      0.05766      0.02309      0.00207      0.05816      0.02359      
271400  0.08136    0.00505    0.01452    0.00182      0.05766      0.02311      0.00207      0.05816      0.02361      
271500  0.08136    0.00505    0.01452    0.00182      0.05766      0.02312      0.00207      0.05816      0.02362      
271600  0.08136    0.00506    0.01452    0.00181      0.05766      0.02304      0.00207      0.05817      0.02355      
271700  0.08135    0.00505    0.01452    0.00181      0.05766      0.02304      0.00207      0.05817      0.02355      
271800  0.08135    0.00505    0.01452    0.00182      0.05766      0.02306      0.00207      0.05816      0.02357      
271900  0.08135    0.00505    0.01452    0.00181      0.05767      0.02304      0.00207      0.05818      0.02355      
272000  0.08135    0.00505    0.01452    0.00181      0.05767      0.02306      0.00207      0.05817      0.02357      
272100  0.08135    0.00505    0.01452    0.00181      0.05767      0.02308      0.00207      0.05817      0.02359      
272200  0.08135    0.00505    0.01452    0.00181      0.05767      0.02307      0.00207      0.05818      0.02359      
272300  0.08135    0.00505    0.01452    0.00182      0.05766      0.02308      0.00207      0.05816      0.02359      
272400  0.08135    0.00505    0.01452    0.00181      0.05766      0.02304      0.00207      0.05817      0.02355      
272500  0.08135    0.00505    0.01452    0.00181      0.05766      0.02309      0.00207      0.05817      0.02360      
272600  0.08135    0.00505    0.01452    0.00181      0.05766      0.02310      0.00207      0.05817      0.02361      
272700  0.08135    0.00505    0.01451    0.00182      0.05766      0.02309      0.00207      0.05816      0.02359      
272800  0.08135    0.00505    0.01452    0.00182      0.05766      0.02307      0.00207      0.05817      0.02358      
272900  0.08135    0.00505    0.01452    0.00181      0.05766      0.02307      0.00207      0.05817      0.02357      
273000  0.08135    0.00505    0.01452    0.00181      0.05766      0.02308      0.00207      0.05817      0.02358      
273100  0.08135    0.00505    0.01451    0.00181      0.05766      0.02307      0.00207      0.05817      0.02357      
273200  0.08135    0.00505    0.01451    0.00182      0.05766      0.02310      0.00207      0.05816      0.02360      
273300  0.08135    0.00505    0.01451    0.00181      0.05766      0.02311      0.00207      0.05816      0.02360      
273400  0.08135    0.00505    0.01451    0.00181      0.05766      0.02309      0.00207      0.05817      0.02359      
273500  0.08135    0.00505    0.01451    0.00182      0.05765      0.02311      0.00207      0.05816      0.02361      
273600  0.08135    0.00505    0.01451    0.00181      0.05766      0.02309      0.00207      0.05817      0.02359      
273700  0.08135    0.00505    0.01451    0.00181      0.05766      0.02311      0.00207      0.05816      0.02361      
273800  0.08135    0.00505    0.01451    0.00181      0.05766      0.02308      0.00207      0.05816      0.02358      
273900  0.08134    0.00505    0.01451    0.00181      0.05766      0.02310      0.00207      0.05817      0.02360      
274000  0.08134    0.00505    0.01451    0.00181      0.05765      0.02310      0.00207      0.05816      0.02360      
274100  0.08135    0.00505    0.01451    0.00181      0.05766      0.02308      0.00207      0.05816      0.02358      
274200  0.08135    0.00505    0.01451    0.00181      0.05766      0.02311      0.00207      0.05817      0.02361      
274300  0.08135    0.00505    0.01451    0.00181      0.05766      0.02309      0.00207      0.05816      0.02359      
274400  0.08135    0.00505    0.01451    0.00182      0.05765      0.02312      0.00207      0.05816      0.02362      
274500  0.08134    0.00505    0.01451    0.00182      0.05765      0.02311      0.00207      0.05816      0.02361      
274600  0.08134    0.00505    0.01451    0.00182      0.05765      0.02310      0.00207      0.05816      0.02359      
274700  0.08134    0.00505    0.01451    0.00181      0.05766      0.02308      0.00207      0.05817      0.02358      
274800  0.08134    0.00505    0.01451    0.00182      0.05766      0.02307      0.00207      0.05816      0.02357      
274900  0.08134    0.00505    0.01451    0.00181      0.05765      0.02308      0.00207      0.05816      0.02357      
275000  0.08134    0.00505    0.01451    0.00182      0.05765      0.02311      0.00207      0.05815      0.02359      
275100  0.08134    0.00505    0.01451    0.00181      0.05765      0.02308      0.00207      0.05816      0.02357      
275200  0.08134    0.00505    0.01451    0.00181      0.05765      0.02308      0.00207      0.05816      0.02358      
275300  0.08133    0.00505    0.01451    0.00181      0.05765      0.02305      0.00207      0.05816      0.02355      
275400  0.08134    0.00505    0.01451    0.00181      0.05765      0.02306      0.00207      0.05816      0.02356      
275500  0.08134    0.00505    0.01451    0.00182      0.05765      0.02307      0.00207      0.05815      0.02357      
275600  0.08133    0.00505    0.01451    0.00181      0.05765      0.02310      0.00207      0.05815      0.02359      
275700  0.08133    0.00505    0.01451    0.00182      0.05764      0.02309      0.00207      0.05815      0.02358      
275800  0.08133    0.00505    0.01451    0.00181      0.05765      0.02307      0.00207      0.05815      0.02357      
275900  0.08133    0.00505    0.01451    0.00181      0.05765      0.02307      0.00207      0.05816      0.02356      
276000  0.08133    0.00505    0.01451    0.00181      0.05765      0.02308      0.00207      0.05815      0.02357      
276100  0.08133    0.00505    0.01451    0.00181      0.05765      0.02307      0.00207      0.05815      0.02357      
276200  0.08133    0.00505    0.01451    0.00181      0.05765      0.02308      0.00207      0.05815      0.02357      
276300  0.08133    0.00505    0.01451    0.00181      0.05765      0.02307      0.00207      0.05815      0.02356      
276400  0.08133    0.00505    0.01451    0.00181      0.05765      0.02305      0.00207      0.05816      0.02355      
276500  0.08133    0.00505    0.01451    0.00181      0.05765      0.02305      0.00206      0.05816      0.02355      
276600  0.08133    0.00505    0.01451    0.00181      0.05765      0.02307      0.00207      0.05816      0.02357      
276700  0.08133    0.00505    0.01451    0.00181      0.05765      0.02304      0.00207      0.05816      0.02354      
276800  0.08133    0.00505    0.01451    0.00181      0.05765      0.02303      0.00207      0.05815      0.02353      
276900  0.08133    0.00505    0.01451    0.00181      0.05765      0.02306      0.00207      0.05816      0.02356      
277000  0.08133    0.00505    0.01451    0.00181      0.05765      0.02307      0.00207      0.05815      0.02357      
277100  0.08133    0.00505    0.01451    0.00181      0.05765      0.02305      0.00207      0.05816      0.02355      
277200  0.08133    0.00505    0.01451    0.00181      0.05765      0.02309      0.00207      0.05815      0.02358      
277300  0.08133    0.00505    0.01451    0.00181      0.05764      0.02309      0.00207      0.05815      0.02358      
277400  0.08133    0.00505    0.01451    0.00181      0.05765      0.02309      0.00207      0.05815      0.02358      
277500  0.08133    0.00505    0.01451    0.00181      0.05765      0.02305      0.00207      0.05816      0.02354      
277600  0.08133    0.00505    0.01451    0.00181      0.05765      0.02306      0.00207      0.05815      0.02355      
277700  0.08133    0.00505    0.01451    0.00181      0.05765      0.02305      0.00207      0.05815      0.02355      
277800  0.08133    0.00505    0.01451    0.00181      0.05765      0.02305      0.00207      0.05815      0.02354      
277900  0.08132    0.00505    0.01451    0.00181      0.05765      0.02303      0.00207      0.05816      0.02353      
278000  0.08132    0.00505    0.01451    0.00181      0.05765      0.02302      0.00207      0.05816      0.02352      
278100  0.08133    0.00505    0.01451    0.00181      0.05765      0.02303      0.00207      0.05816      0.02353      
278200  0.08132    0.00505    0.01451    0.00181      0.05765      0.02302      0.00207      0.05815      0.02353      
278300  0.08132    0.00505    0.01451    0.00181      0.05765      0.02303      0.00206      0.05816      0.02353      
278400  0.08132    0.00505    0.01451    0.00181      0.05766      0.02301      0.00207      0.05816      0.02352      
278500  0.08132    0.00505    0.01451    0.00181      0.05765      0.02302      0.00207      0.05816      0.02352      
278600  0.08132    0.00505    0.01451    0.00181      0.05765      0.02302      0.00207      0.05816      0.02351      
278700  0.08132    0.00505    0.01451    0.00181      0.05765      0.02302      0.00207      0.05816      0.02351      
278800  0.08132    0.00505    0.01451    0.00181      0.05765      0.02300      0.00207      0.05816      0.02349      
278900  0.08132    0.00505    0.01451    0.00181      0.05764      0.02304      0.00207      0.05815      0.02352      
279000  0.08132    0.00505    0.01451    0.00181      0.05765      0.02304      0.00207      0.05815      0.02352      
279100  0.08132    0.00505    0.01451    0.00181      0.05765      0.02301      0.00207      0.05816      0.02349      
279200  0.08132    0.00505    0.01451    0.00181      0.05765      0.02304      0.00207      0.05816      0.02353      
279300  0.08132    0.00505    0.01451    0.00181      0.05765      0.02302      0.00207      0.05815      0.02352      
279400  0.08132    0.00505    0.01451    0.00181      0.05765      0.02299      0.00207      0.05816      0.02349      
279500  0.08132    0.00505    0.01451    0.00181      0.05765      0.02302      0.00207      0.05816      0.02351      
279600  0.08132    0.00505    0.01451    0.00181      0.05765      0.02302      0.00207      0.05815      0.02351      
279700  0.08132    0.00505    0.01451    0.00181      0.05765      0.02303      0.00207      0.05815      0.02352      
279800  0.08132    0.00505    0.01451    0.00181      0.05764      0.02306      0.00207      0.05815      0.02354      
279900  0.08132    0.00505    0.01451    0.00181      0.05765      0.02303      0.00207      0.05816      0.02352      
280000  0.08131    0.00504    0.01451    0.00181      0.05765      0.02304      0.00207      0.05816      0.02353      
280100  0.08131    0.00505    0.01451    0.00181      0.05765      0.02303      0.00207      0.05816      0.02352      
280200  0.08131    0.00504    0.01451    0.00181      0.05765      0.02304      0.00207      0.05816      0.02353      
280300  0.08131    0.00505    0.01451    0.00181      0.05765      0.02302      0.00207      0.05816      0.02352      
280400  0.08131    0.00505    0.01451    0.00181      0.05765      0.02301      0.00206      0.05816      0.02351      
280500  0.08131    0.00504    0.01451    0.00181      0.05765      0.02303      0.00207      0.05816      0.02352      
280600  0.08131    0.00504    0.01451    0.00181      0.05765      0.02301      0.00207      0.05816      0.02351      
280700  0.08131    0.00504    0.01451    0.00181      0.05765      0.02301      0.00207      0.05816      0.02351      
280800  0.08131    0.00504    0.01451    0.00181      0.05765      0.02299      0.00206      0.05816      0.02348      
280900  0.08131    0.00504    0.01451    0.00181      0.05765      0.02298      0.00206      0.05816      0.02348      
281000  0.08131    0.00505    0.01451    0.00180      0.05765      0.02298      0.00206      0.05816      0.02347      
281100  0.08131    0.00505    0.01451    0.00180      0.05765      0.02298      0.00206      0.05816      0.02347      
281200  0.08131    0.00505    0.01451    0.00180      0.05765      0.02296      0.00206      0.05816      0.02346      
281300  0.08131    0.00505    0.01451    0.00181      0.05765      0.02297      0.00206      0.05815      0.02346      
281400  0.08131    0.00505    0.01451    0.00181      0.05765      0.02297      0.00206      0.05815      0.02346      
281500  0.08131    0.00505    0.01451    0.00181      0.05765      0.02298      0.00206      0.05816      0.02348      
281600  0.08131    0.00505    0.01451    0.00180      0.05765      0.02295      0.00206      0.05816      0.02345      
281700  0.08131    0.00505    0.01451    0.00181      0.05765      0.02298      0.00206      0.05816      0.02347      
281800  0.08131    0.00505    0.01451    0.00180      0.05765      0.02300      0.00206      0.05816      0.02349      
281900  0.08131    0.00504    0.01451    0.00180      0.05765      0.02297      0.00206      0.05816      0.02347      
282000  0.08131    0.00504    0.01451    0.00181      0.05765      0.02298      0.00206      0.05816      0.02347      
282100  0.08130    0.00504    0.01451    0.00180      0.05765      0.02298      0.00206      0.05816      0.02347      
282200  0.08131    0.00504    0.01451    0.00181      0.05765      0.02298      0.00206      0.05816      0.02347      
282300  0.08131    0.00504    0.01451    0.00180      0.05765      0.02297      0.00206      0.05816      0.02347      
282400  0.08130    0.00504    0.01451    0.00181      0.05764      0.02303      0.00206      0.05815      0.02351      
282500  0.08130    0.00504    0.01451    0.00180      0.05765      0.02298      0.00206      0.05816      0.02348      
282600  0.08130    0.00504    0.01451    0.00180      0.05765      0.02298      0.00206      0.05816      0.02347      
282700  0.08130    0.00504    0.01451    0.00180      0.05765      0.02300      0.00207      0.05815      0.02349      
282800  0.08130    0.00504    0.01451    0.00181      0.05764      0.02297      0.00206      0.05815      0.02346      
282900  0.08130    0.00504    0.01451    0.00181      0.05764      0.02296      0.00206      0.05815      0.02345      
283000  0.08130    0.00504    0.01451    0.00181      0.05765      0.02297      0.00206      0.05816      0.02346      
283100  0.08130    0.00504    0.01451    0.00181      0.05765      0.02295      0.00206      0.05815      0.02344      
283200  0.08130    0.00504    0.01451    0.00180      0.05765      0.02294      0.00206      0.05816      0.02344      
283300  0.08130    0.00504    0.01451    0.00180      0.05764      0.02301      0.00206      0.05815      0.02349      
283400  0.08130    0.00504    0.01451    0.00181      0.05765      0.02297      0.00206      0.05816      0.02346      
283500  0.08130    0.00504    0.01451    0.00180      0.05765      0.02298      0.00206      0.05816      0.02347      
283600  0.08130    0.00504    0.01451    0.00181      0.05764      0.02302      0.00207      0.05815      0.02351      
283700  0.08130    0.00504    0.01451    0.00181      0.05764      0.02302      0.00207      0.05815      0.02350      
283800  0.08130    0.00504    0.01451    0.00181      0.05765      0.02298      0.00206      0.05816      0.02347      
283900  0.08130    0.00504    0.01451    0.00181      0.05764      0.02300      0.00206      0.05816      0.02349      
284000  0.08130    0.00504    0.01451    0.00181      0.05764      0.02298      0.00206      0.05816      0.02348      
284100  0.08130    0.00504    0.01451    0.00181      0.05764      0.02300      0.00206      0.05815      0.02350      
284200  0.08129    0.00504    0.01451    0.00181      0.05764      0.02299      0.00207      0.05815      0.02348      
284300  0.08129    0.00504    0.01451    0.00181      0.05764      0.02298      0.00207      0.05815      0.02346      
284400  0.08129    0.00504    0.01451    0.00181      0.05764      0.02297      0.00206      0.05815      0.02345      
284500  0.08129    0.00504    0.01451    0.00181      0.05764      0.02298      0.00206      0.05815      0.02347      
284600  0.08129    0.00504    0.01451    0.00181      0.05764      0.02302      0.00206      0.05815      0.02350      
284700  0.08129    0.00504    0.01451    0.00181      0.05764      0.02301      0.00206      0.05815      0.02349      
284800  0.08129    0.00504    0.01451    0.00180      0.05765      0.02299      0.00206      0.05816      0.02348      
284900  0.08129    0.00504    0.01450    0.00181      0.05764      0.02303      0.00207      0.05815      0.02352      
285000  0.08129    0.00504    0.01450    0.00181      0.05764      0.02303      0.00206      0.05815      0.02352      
285100  0.08129    0.00504    0.01450    0.00181      0.05763      0.02305      0.00207      0.05814      0.02354      
285200  0.08129    0.00504    0.01450    0.00181      0.05763      0.02303      0.00206      0.05814      0.02352      
285300  0.08129    0.00504    0.01450    0.00181      0.05764      0.02300      0.00207      0.05815      0.02349      
285400  0.08129    0.00504    0.01450    0.00181      0.05763      0.02305      0.00207      0.05814      0.02354      
285500  0.08129    0.00504    0.01450    0.00181      0.05764      0.02305      0.00207      0.05814      0.02353      
285600  0.08129    0.00504    0.01450    0.00181      0.05763      0.02302      0.00207      0.05814      0.02351      
285700  0.08129    0.00504    0.01450    0.00181      0.05764      0.02301      0.00207      0.05814      0.02350      
285800  0.08129    0.00504    0.01450    0.00181      0.05764      0.02301      0.00206      0.05815      0.02349      
285900  0.08129    0.00504    0.01450    0.00181      0.05763      0.02303      0.00206      0.05814      0.02350      
286000  0.08129    0.00504    0.01450    0.00181      0.05763      0.02303      0.00207      0.05814      0.02350      
286100  0.08129    0.00504    0.01450    0.00181      0.05764      0.02299      0.00207      0.05815      0.02347      
286200  0.08129    0.00504    0.01450    0.00181      0.05764      0.02300      0.00206      0.05815      0.02349      
286300  0.08129    0.00504    0.01450    0.00181      0.05763      0.02301      0.00206      0.05815      0.02349      
286400  0.08129    0.00504    0.01450    0.00181      0.05764      0.02299      0.00206      0.05815      0.02347      
286500  0.08129    0.00504    0.01450    0.00181      0.05764      0.02299      0.00206      0.05815      0.02348      
286600  0.08129    0.00504    0.01450    0.00181      0.05763      0.02298      0.00207      0.05815      0.02347      
286700  0.08129    0.00504    0.01450    0.00180      0.05764      0.02298      0.00206      0.05815      0.02347      
286800  0.08129    0.00504    0.01450    0.00181      0.05764      0.02295      0.00206      0.05816      0.02344      
286900  0.08129    0.00504    0.01450    0.00181      0.05763      0.02300      0.00206      0.05814      0.02349      
287000  0.08129    0.00504    0.01450    0.00181      0.05764      0.02297      0.00206      0.05815      0.02345      
287100  0.08128    0.00504    0.01450    0.00181      0.05764      0.02298      0.00206      0.05815      0.02347      
287200  0.08128    0.00504    0.01450    0.00181      0.05763      0.02300      0.00206      0.05815      0.02349      
287300  0.08129    0.00504    0.01450    0.00181      0.05764      0.02298      0.00206      0.05815      0.02347      
287400  0.08128    0.00504    0.01450    0.00181      0.05763      0.02302      0.00206      0.05814      0.02350      
287500  0.08129    0.00504    0.01450    0.00181      0.05763      0.02303      0.00207      0.05814      0.02352      
287600  0.08128    0.00504    0.01450    0.00181      0.05763      0.02302      0.00206      0.05814      0.02351      
287700  0.08128    0.00504    0.01450    0.00181      0.05764      0.02299      0.00206      0.05815      0.02348      
287800  0.08129    0.00504    0.01450    0.00181      0.05764      0.02298      0.00206      0.05815      0.02347      
287900  0.08129    0.00504    0.01450    0.00181      0.05764      0.02300      0.00206      0.05815      0.02348      
288000  0.08129    0.00504    0.01450    0.00181      0.05763      0.02301      0.00206      0.05815      0.02349      
288100  0.08128    0.00504    0.01450    0.00181      0.05764      0.02296      0.00206      0.05815      0.02346      
288200  0.08128    0.00504    0.01450    0.00181      0.05763      0.02303      0.00207      0.05814      0.02351      
288300  0.08128    0.00504    0.01450    0.00181      0.05763      0.02302      0.00206      0.05814      0.02351      
288400  0.08128    0.00504    0.01450    0.00181      0.05763      0.02301      0.00206      0.05815      0.02350      
288500  0.08128    0.00504    0.01450    0.00181      0.05763      0.02301      0.00206      0.05815      0.02350      
288600  0.08128    0.00504    0.01450    0.00181      0.05763      0.02303      0.00207      0.05814      0.02351      
288700  0.08128    0.00504    0.01450    0.00181      0.05763      0.02302      0.00206      0.05815      0.02351      
288800  0.08128    0.00504    0.01450    0.00181      0.05763      0.02301      0.00207      0.05814      0.02350      
288900  0.08128    0.00504    0.01450    0.00181      0.05763      0.02304      0.00207      0.05814      0.02353      
289000  0.08128    0.00504    0.01450    0.00181      0.05763      0.02304      0.00207      0.05814      0.02353      
289100  0.08128    0.00504    0.01450    0.00181      0.05763      0.02303      0.00207      0.05814      0.02352      
289200  0.08128    0.00504    0.01450    0.00181      0.05762      0.02306      0.00207      0.05814      0.02354      
289300  0.08128    0.00504    0.01450    0.00181      0.05763      0.02303      0.00207      0.05813      0.02352      
289400  0.08128    0.00504    0.01450    0.00181      0.05763      0.02306      0.00207      0.05814      0.02355      
289500  0.08128    0.00504    0.01450    0.00181      0.05763      0.02304      0.00207      0.05814      0.02354      
289600  0.08128    0.00504    0.01450    0.00181      0.05762      0.02307      0.00207      0.05813      0.02356      
289700  0.08128    0.00504    0.01450    0.00181      0.05762      0.02304      0.00207      0.05814      0.02353      
289800  0.08128    0.00504    0.01450    0.00181      0.05763      0.02302      0.00207      0.05813      0.02351      
289900  0.08128    0.00504    0.01450    0.00181      0.05762      0.02306      0.00207      0.05813      0.02355      
290000  0.08128    0.00504    0.01450    0.00181      0.05762      0.02306      0.00207      0.05813      0.02355      
290100  0.08127    0.00504    0.01450    0.00181      0.05762      0.02306      0.00207      0.05812      0.02354      
290200  0.08128    0.00504    0.01450    0.00181      0.05762      0.02304      0.00207      0.05813      0.02352      
290300  0.08128    0.00504    0.01450    0.00181      0.05762      0.02304      0.00207      0.05813      0.02353      
290400  0.08128    0.00504    0.01450    0.00181      0.05762      0.02304      0.00207      0.05814      0.02352      
290500  0.08128    0.00504    0.01450    0.00181      0.05763      0.02302      0.00207      0.05814      0.02351      
290600  0.08127    0.00504    0.01450    0.00181      0.05763      0.02300      0.00207      0.05813      0.02349      
290700  0.08128    0.00504    0.01450    0.00181      0.05762      0.02304      0.00207      0.05813      0.02353      
290800  0.08128    0.00504    0.01450    0.00181      0.05762      0.02305      0.00207      0.05813      0.02354      
290900  0.08127    0.00504    0.01450    0.00181      0.05763      0.02301      0.00207      0.05813      0.02350      
291000  0.08127    0.00504    0.01450    0.00181      0.05762      0.02304      0.00207      0.05813      0.02352      
291100  0.08127    0.00504    0.01450    0.00181      0.05762      0.02306      0.00207      0.05813      0.02354      
291200  0.08127    0.00504    0.01450    0.00181      0.05762      0.02306      0.00207      0.05813      0.02355      
291300  0.08127    0.00504    0.01450    0.00181      0.05762      0.02304      0.00207      0.05813      0.02353      
291400  0.08127    0.00504    0.01450    0.00181      0.05762      0.02302      0.00207      0.05813      0.02352      
291500  0.08127    0.00504    0.01450    0.00181      0.05762      0.02303      0.00207      0.05813      0.02352      
291600  0.08127    0.00504    0.01450    0.00181      0.05762      0.02304      0.00207      0.05813      0.02354      
291700  0.08127    0.00504    0.01450    0.00181      0.05762      0.02304      0.00207      0.05814      0.02353      
291800  0.08127    0.00504    0.01450    0.00181      0.05762      0.02304      0.00207      0.05813      0.02353      
291900  0.08127    0.00504    0.01450    0.00181      0.05762      0.02303      0.00207      0.05814      0.02353      
292000  0.08127    0.00504    0.01450    0.00181      0.05762      0.02305      0.00207      0.05813      0.02354      
292100  0.08127    0.00503    0.01450    0.00181      0.05762      0.02305      0.00207      0.05813      0.02354      
292200  0.08127    0.00503    0.01450    0.00181      0.05762      0.02304      0.00207      0.05813      0.02353      
292300  0.08127    0.00504    0.01450    0.00181      0.05762      0.02305      0.00207      0.05813      0.02354      
292400  0.08127    0.00504    0.01450    0.00181      0.05762      0.02304      0.00207      0.05813      0.02354      
292500  0.08127    0.00504    0.01450    0.00181      0.05762      0.02303      0.00207      0.05813      0.02353      
292600  0.08127    0.00503    0.01450    0.00181      0.05762      0.02305      0.00207      0.05813      0.02355      
292700  0.08127    0.00503    0.01450    0.00181      0.05762      0.02304      0.00207      0.05813      0.02354      
292800  0.08127    0.00503    0.01450    0.00181      0.05762      0.02308      0.00207      0.05813      0.02357      
292900  0.08127    0.00504    0.01450    0.00181      0.05762      0.02305      0.00207      0.05813      0.02354      
293000  0.08126    0.00503    0.01450    0.00181      0.05762      0.02304      0.00207      0.05813      0.02354      
293100  0.08126    0.00503    0.01450    0.00181      0.05762      0.02304      0.00207      0.05813      0.02354      
293200  0.08126    0.00503    0.01450    0.00181      0.05762      0.02305      0.00207      0.05813      0.02355      
293300  0.08126    0.00503    0.01450    0.00181      0.05761      0.02307      0.00207      0.05812      0.02356      
293400  0.08126    0.00503    0.01449    0.00181      0.05762      0.02303      0.00207      0.05813      0.02353      
293500  0.08126    0.00503    0.01449    0.00182      0.05761      0.02306      0.00207      0.05812      0.02355      
293600  0.08126    0.00503    0.01449    0.00181      0.05761      0.02307      0.00207      0.05812      0.02356      
293700  0.08126    0.00503    0.01449    0.00181      0.05761      0.02308      0.00207      0.05812      0.02357      
293800  0.08126    0.00503    0.01449    0.00181      0.05762      0.02308      0.00207      0.05812      0.02357      
293900  0.08126    0.00503    0.01449    0.00181      0.05762      0.02307      0.00207      0.05813      0.02356      
294000  0.08127    0.00503    0.01449    0.00182      0.05762      0.02308      0.00207      0.05812      0.02356      
294100  0.08126    0.00503    0.01449    0.00181      0.05762      0.02309      0.00207      0.05813      0.02358      
294200  0.08126    0.00503    0.01449    0.00182      0.05761      0.02310      0.00207      0.05812      0.02359      
294300  0.08126    0.00503    0.01449    0.00182      0.05761      0.02309      0.00207      0.05812      0.02358      
294400  0.08126    0.00503    0.01449    0.00181      0.05762      0.02309      0.00207      0.05812      0.02357      
294500  0.08126    0.00503    0.01449    0.00181      0.05762      0.02305      0.00207      0.05813      0.02354      
294600  0.08126    0.00503    0.01449    0.00181      0.05762      0.02304      0.00207      0.05813      0.02353      
294700  0.08126    0.00503    0.01449    0.00181      0.05762      0.02303      0.00207      0.05813      0.02353      
294800  0.08126    0.00503    0.01449    0.00181      0.05763      0.02303      0.00207      0.05813      0.02353      
294900  0.08126    0.00503    0.01449    0.00181      0.05762      0.02306      0.00207      0.05813      0.02355      
295000  0.08125    0.00503    0.01449    0.00181      0.05761      0.02307      0.00207      0.05813      0.02356      
295100  0.08126    0.00503    0.01449    0.00181      0.05762      0.02304      0.00207      0.05813      0.02353      
295200  0.08126    0.00503    0.01449    0.00181      0.05762      0.02305      0.00207      0.05813      0.02355      
295300  0.08126    0.00503    0.01449    0.00181      0.05762      0.02307      0.00207      0.05813      0.02356      
295400  0.08126    0.00503    0.01449    0.00181      0.05762      0.02308      0.00207      0.05812      0.02357      
295500  0.08126    0.00503    0.01449    0.00182      0.05761      0.02307      0.00207      0.05812      0.02357      
295600  0.08125    0.00503    0.01449    0.00182      0.05761      0.02308      0.00207      0.05812      0.02357      
295700  0.08126    0.00503    0.01449    0.00181      0.05762      0.02307      0.00207      0.05812      0.02357      
295800  0.08125    0.00503    0.01449    0.00181      0.05762      0.02305      0.00207      0.05813      0.02355      
295900  0.08126    0.00503    0.01449    0.00181      0.05762      0.02308      0.00207      0.05812      0.02358      
296000  0.08125    0.00503    0.01449    0.00181      0.05762      0.02309      0.00207      0.05812      0.02359      
296100  0.08125    0.00503    0.01449    0.00181      0.05762      0.02309      0.00207      0.05812      0.02358      
296200  0.08126    0.00503    0.01449    0.00181      0.05762      0.02309      0.00207      0.05813      0.02358      
296300  0.08125    0.00503    0.01449    0.00182      0.05761      0.02311      0.00207      0.05812      0.02360      
296400  0.08125    0.00503    0.01449    0.00182      0.05762      0.02308      0.00207      0.05812      0.02357      
296500  0.08125    0.00503    0.01448    0.00182      0.05762      0.02309      0.00207      0.05812      0.02358      
296600  0.08125    0.00503    0.01448    0.00181      0.05762      0.02304      0.00207      0.05813      0.02355      
296700  0.08125    0.00503    0.01448    0.00182      0.05762      0.02307      0.00207      0.05812      0.02357      
296800  0.08125    0.00503    0.01449    0.00182      0.05761      0.02309      0.00207      0.05812      0.02359      
296900  0.08125    0.00503    0.01449    0.00181      0.05762      0.02305      0.00207      0.05813      0.02355      
297000  0.08126    0.00503    0.01448    0.00181      0.05762      0.02306      0.00207      0.05813      0.02355      
297100  0.08125    0.00503    0.01448    0.00181      0.05763      0.02303      0.00207      0.05813      0.02353      
297200  0.08125    0.00503    0.01448    0.00181      0.05763      0.02304      0.00207      0.05813      0.02354      
297300  0.08125    0.00503    0.01448    0.00181      0.05762      0.02303      0.00207      0.05813      0.02353      
297400  0.08125    0.00502    0.01448    0.00182      0.05762      0.02306      0.00207      0.05813      0.02355      
297500  0.08125    0.00502    0.01448    0.00182      0.05762      0.02306      0.00207      0.05813      0.02356      
297600  0.08125    0.00502    0.01448    0.00181      0.05762      0.02306      0.00207      0.05813      0.02356      
297700  0.08125    0.00502    0.01448    0.00182      0.05762      0.02307      0.00207      0.05812      0.02356      
297800  0.08125    0.00502    0.01448    0.00182      0.05762      0.02309      0.00207      0.05812      0.02358      
297900  0.08125    0.00503    0.01448    0.00182      0.05762      0.02307      0.00207      0.05812      0.02356      
298000  0.08125    0.00502    0.01448    0.00182      0.05762      0.02307      0.00207      0.05813      0.02356      
298100  0.08125    0.00502    0.01448    0.00182      0.05762      0.02307      0.00207      0.05812      0.02356      
298200  0.08125    0.00502    0.01448    0.00182      0.05762      0.02307      0.00207      0.05812      0.02356      
298300  0.08125    0.00502    0.01448    0.00182      0.05762      0.02306      0.00207      0.05812      0.02355      
298400  0.08125    0.00502    0.01448    0.00182      0.05762      0.02306      0.00207      0.05813      0.02355      
298500  0.08125    0.00502    0.01448    0.00181      0.05762      0.02307      0.00207      0.05813      0.02356      
298600  0.08125    0.00502    0.01448    0.00182      0.05762      0.02307      0.00207      0.05812      0.02356      
298700  0.08125    0.00502    0.01448    0.00182      0.05762      0.02306      0.00207      0.05813      0.02355      
298800  0.08125    0.00502    0.01448    0.00182      0.05762      0.02306      0.00207      0.05813      0.02355      
298900  0.08125    0.00503    0.01448    0.00182      0.05762      0.02304      0.00207      0.05813      0.02354      
299000  0.08125    0.00503    0.01448    0.00182      0.05762      0.02307      0.00207      0.05813      0.02357      
299100  0.08125    0.00502    0.01448    0.00182      0.05762      0.02304      0.00207      0.05813      0.02353      
299200  0.08125    0.00502    0.01448    0.00181      0.05763      0.02304      0.00207      0.05813      0.02353      
299300  0.08125    0.00502    0.01448    0.00182      0.05762      0.02304      0.00207      0.05813      0.02354      
299400  0.08125    0.00502    0.01448    0.00181      0.05763      0.02302      0.00207      0.05814      0.02351      
299500  0.08125    0.00502    0.01448    0.00182      0.05763      0.02302      0.00207      0.05813      0.02352      
299600  0.08125    0.00502    0.01448    0.00181      0.05763      0.02303      0.00207      0.05813      0.02352      
299700  0.08125    0.00502    0.01448    0.00182      0.05762      0.02304      0.00207      0.05813      0.02353      
299800  0.08125    0.00502    0.01448    0.00181      0.05762      0.02306      0.00207      0.05814      0.02355      
299900  0.08124    0.00502    0.01448    0.00181      0.05763      0.02303      0.00206      0.05814      0.02352      
300000  0.08124    0.00502    0.01448    0.00181      0.05762      0.02304      0.00207      0.05813      0.02353      

---------------------------------------------------------------
Time used for training = 103971.009793 s.
---------------------------------------------------------------


---------------------------------------------------------------
Finished running nep.
---------------------------------------------------------------

