
***************************************************************
*                 Welcome to use GPUMD                        *
*    (Graphics Processing Units Molecular Dynamics)           *
*                     version 4.6                             *
*              This is the nep executable                     *
***************************************************************


---------------------------------------------------------------
GPU information:
---------------------------------------------------------------

number of GPUs = 1
Device id:                   0
    Device name:             NVIDIA A100-SXM4-80GB
    Compute capability:      8.0
    Amount of global memory: 79.2517 GB
    Number of SMs:           108

---------------------------------------------------------------
Started running nep.
---------------------------------------------------------------


---------------------------------------------------------------
Started reading nep.in.
---------------------------------------------------------------

Input or default parameters:
    (default) model_type = potential.
    (default) calculation mode = train.
    (input)   use NEP version 4.
    (input)   number of atom types = 2.
        (default) type 0 (Mg with Z = 12) has force weight of 1.
        (default) type 1 (Bi with Z = 83) has force weight of 1.
    (input)   will add the universal ZBL potential with outer cutoff 2.5 A and inner cutoff 1.25 A.
    (input)   radial cutoff = 7 A.
    (input)   angular cutoff = 4 A.
    (default) use global cutoff for NEP.
    (default) use global cutoff for ZBL.
    (input)   n_max_radial = 6.
    (input)   n_max_angular = 6.
    (input)   basis_size_radial = 8.
    (input)   basis_size_angular = 8.
    (input)   l_max_3body = 4.
    (input)   l_max_4body = 2.
    (input)   l_max_5body = 0.
    (input)   number of neurons = 50.
    (default) lambda_1 = 0.0495227.
    (default) lambda_2 = 0.0495227.
    (input)   lambda_e = 1.
    (input)   lambda_f = 1.
    (input)   lambda_v = 0.1.
    (default) atomic_v = 0.
    (default) lambda_shear = 1.
    (default) force_delta = 0.
    (input)   batch size = 1000.
    (input)   population size = 50.
    (input)   maximum number of generations = 300000.
    (default)   save potential every N = 100000 generations.
Some calculated parameters:
    number of radial descriptor components = 7.
    number of angular descriptor components = 35.
    total number of descriptor components = 42.
    NN architecture = 42-50-1.
    number of NN parameters to be optimized = 4401.
    number of descriptor parameters to be optimized = 504.
    total number of parameters to be optimized = 4905.

---------------------------------------------------------------
Finished reading nep.in.
---------------------------------------------------------------


---------------------------------------------------------------
Started reading train.xyz
---------------------------------------------------------------

Number of configurations = 3630.
Number of devices = 1
Number of batches = 4
Hello, I changed the batch_size from 1000 to 908.

Batch 0:
Number of configurations = 908.

---------------------------------------------------------------
Constructing train_set in device  0.
Total number of atoms = 81720.
Number of atoms in the largest configuration = 90.
Number of configurations having virial = 908.
Radial descriptor with a cutoff of 7 A:
    Minimum number of neighbors for one atom = 40.
    Maximum number of neighbors for one atom = 75.
Angular descriptor with a cutoff of 4 A:
    Minimum number of neighbors for one atom = 6.
    Maximum number of neighbors for one atom = 16.
---------------------------------------------------------------


Batch 1:
Number of configurations = 908.

---------------------------------------------------------------
Constructing train_set in device  0.
Total number of atoms = 81720.
Number of atoms in the largest configuration = 90.
Number of configurations having virial = 908.
Radial descriptor with a cutoff of 7 A:
    Minimum number of neighbors for one atom = 40.
    Maximum number of neighbors for one atom = 81.
Angular descriptor with a cutoff of 4 A:
    Minimum number of neighbors for one atom = 6.
    Maximum number of neighbors for one atom = 16.
---------------------------------------------------------------


Batch 2:
Number of configurations = 907.

---------------------------------------------------------------
Constructing train_set in device  0.
Total number of atoms = 81630.
Number of atoms in the largest configuration = 90.
Number of configurations having virial = 907.
Radial descriptor with a cutoff of 7 A:
    Minimum number of neighbors for one atom = 40.
    Maximum number of neighbors for one atom = 72.
Angular descriptor with a cutoff of 4 A:
    Minimum number of neighbors for one atom = 6.
    Maximum number of neighbors for one atom = 16.
---------------------------------------------------------------


Batch 3:
Number of configurations = 907.

---------------------------------------------------------------
Constructing train_set in device  0.
Total number of atoms = 81630.
Number of atoms in the largest configuration = 90.
Number of configurations having virial = 907.
Radial descriptor with a cutoff of 7 A:
    Minimum number of neighbors for one atom = 40.
    Maximum number of neighbors for one atom = 78.
Angular descriptor with a cutoff of 4 A:
    Minimum number of neighbors for one atom = 6.
    Maximum number of neighbors for one atom = 15.
---------------------------------------------------------------


---------------------------------------------------------------
Started reading test.xyz
---------------------------------------------------------------

Number of configurations = 403.

---------------------------------------------------------------
Constructing test_set in device  0.
Total number of atoms = 36270.
Number of atoms in the largest configuration = 90.
Number of configurations having virial = 403.
Radial descriptor with a cutoff of 7 A:
    Minimum number of neighbors for one atom = 40.
    Maximum number of neighbors for one atom = 71.
Angular descriptor with a cutoff of 4 A:
    Minimum number of neighbors for one atom = 7.
    Maximum number of neighbors for one atom = 15.
---------------------------------------------------------------


---------------------------------------------------------------
Time used for initialization = 2.340606 s.
---------------------------------------------------------------


---------------------------------------------------------------
Started training.
---------------------------------------------------------------

Step    Total-Loss L1Reg-Loss L2Reg-Loss RMSE-E-Train RMSE-F-Train RMSE-V-Train RMSE-E-Test  RMSE-F-Test  RMSE-V-Test  
100     0.24868    0.02573    0.03036    0.01118      0.16807      0.13332      0.01220      0.16705      0.13822      
200     0.23639    0.02668    0.03194    0.00875      0.15788      0.11142      0.00891      0.15699      0.11358      
300     0.23191    0.02781    0.03346    0.00915      0.15062      0.10868      0.00858      0.14877      0.10872      
400     0.22121    0.02847    0.03455    0.00648      0.14096      0.10755      0.00619      0.14068      0.10498      
500     0.22228    0.02950    0.03603    0.00708      0.14069      0.08979      0.00705      0.13928      0.08910      
600     0.22132    0.03029    0.03710    0.00570      0.14077      0.07459      0.00584      0.14023      0.07405      
700     0.21493    0.03093    0.03818    0.00473      0.13501      0.06073      0.00478      0.13362      0.06079      
800     0.22822    0.03162    0.03913    0.00815      0.13942      0.09899      0.00854      0.13866      0.10077      
900     0.23091    0.03236    0.04016    0.00697      0.14265      0.08778      0.00726      0.14259      0.08646      
1000    0.21944    0.03311    0.04127    0.00528      0.13346      0.06324      0.00545      0.13228      0.06360      
1100    0.22672    0.03376    0.04211    0.00922      0.12887      0.12764      0.00991      0.12810      0.12888      
1200    0.20935    0.03485    0.04342    0.00489      0.11950      0.06694      0.00515      0.11983      0.06868      
1300    0.21241    0.03568    0.04443    0.00461      0.12174      0.05961      0.00459      0.12058      0.05880      
1400    0.21548    0.03645    0.04536    0.00761      0.11641      0.09647      0.00737      0.11640      0.09315      
1500    0.21661    0.03730    0.04631    0.00454      0.12206      0.06408      0.00475      0.12186      0.06255      
1600    0.21595    0.03793    0.04722    0.00476      0.11968      0.06355      0.00533      0.12012      0.06264      
1700    0.22107    0.03879    0.04827    0.00537      0.12197      0.06678      0.00504      0.12197      0.06582      
1800    0.22270    0.03936    0.04905    0.00509      0.12226      0.06946      0.00503      0.12204      0.07219      
1900    0.21613    0.04005    0.04995    0.00476      0.11528      0.06100      0.00501      0.11581      0.06116      
2000    0.21601    0.04069    0.05087    0.00509      0.11319      0.06162      0.00541      0.11355      0.06302      
2100    0.22665    0.04106    0.05133    0.00460      0.12396      0.05696      0.00421      0.12309      0.05547      
2200    0.20922    0.04162    0.05210    0.00429      0.10623      0.04983      0.00427      0.10634      0.04814      
2300    0.21061    0.04202    0.05267    0.00439      0.10592      0.05602      0.00455      0.10573      0.05424      
2400    0.20777    0.04253    0.05337    0.00471      0.10077      0.06389      0.00472      0.10099      0.06306      
2500    0.21090    0.04287    0.05383    0.00450      0.10448      0.05207      0.00454      0.10419      0.05109      
2600    0.20334    0.04335    0.05452    0.00372      0.09697      0.04771      0.00396      0.09759      0.04673      
2700    0.21085    0.04385    0.05506    0.00602      0.09811      0.07812      0.00614      0.09808      0.07701      
2800    0.21110    0.04402    0.05522    0.00395      0.10227      0.05634      0.00383      0.10173      0.05656      
2900    0.20393    0.04444    0.05570    0.00336      0.09572      0.04702      0.00353      0.09554      0.04591      
3000    0.21367    0.04464    0.05618    0.00518      0.10213      0.05538      0.00531      0.10366      0.05474      
3100    0.20313    0.04509    0.05667    0.00338      0.09327      0.04720      0.00362      0.09391      0.04715      
3200    0.20392    0.04537    0.05701    0.00433      0.09245      0.04753      0.00458      0.09223      0.04711      
3300    0.21211    0.04569    0.05740    0.00567      0.09558      0.07785      0.00633      0.09624      0.07865      
3400    0.20734    0.04597    0.05770    0.00406      0.09458      0.05029      0.00422      0.09461      0.05151      
3500    0.20913    0.04636    0.05824    0.00447      0.09428      0.05788      0.00458      0.09427      0.05652      
3600    0.20543    0.04642    0.05832    0.00428      0.09128      0.05123      0.00461      0.09173      0.05156      
3700    0.20340    0.04649    0.05846    0.00446      0.08876      0.05227      0.00490      0.08886      0.05371      
3800    0.20582    0.04692    0.05906    0.00357      0.09151      0.04757      0.00399      0.09234      0.04783      
3900    0.20203    0.04740    0.05961    0.00376      0.08607      0.05192      0.00430      0.08673      0.05209      
4000    0.20786    0.04756    0.06000    0.00536      0.08884      0.06106      0.00517      0.08892      0.06027      
4100    0.20134    0.04791    0.06045    0.00342      0.08478      0.04775      0.00400      0.08516      0.04831      
4200    0.20334    0.04809    0.06094    0.00334      0.08611      0.04860      0.00353      0.08570      0.04857      
4300    0.20093    0.04841    0.06130    0.00301      0.08431      0.03890      0.00313      0.08404      0.03872      
4400    0.20214    0.04871    0.06173    0.00267      0.08540      0.03629      0.00291      0.08536      0.03524      
4500    0.20564    0.04886    0.06202    0.00303      0.08787      0.03858      0.00312      0.08814      0.03897      
4600    0.20579    0.04927    0.06262    0.00314      0.08736      0.03410      0.00326      0.08775      0.03568      
4700    0.20537    0.04956    0.06296    0.00293      0.08567      0.04246      0.00337      0.08544      0.04272      
4800    0.20807    0.04971    0.06321    0.00356      0.08660      0.04989      0.00366      0.08632      0.05054      
4900    0.20845    0.05001    0.06358    0.00367      0.08641      0.04786      0.00441      0.08663      0.04949      
5000    0.20212    0.05014    0.06373    0.00287      0.08179      0.03580      0.00326      0.08163      0.03600      
5100    0.20618    0.05024    0.06398    0.00326      0.08392      0.04785      0.00346      0.08360      0.04685      
5200    0.20810    0.05070    0.06444    0.00291      0.08574      0.04305      0.00302      0.08536      0.04247      
5300    0.20888    0.05111    0.06491    0.00317      0.08536      0.04318      0.00384      0.08502      0.04383      
5400    0.20411    0.05133    0.06527    0.00273      0.08149      0.03295      0.00286      0.08113      0.03358      
5500    0.20661    0.05162    0.06568    0.00303      0.08216      0.04124      0.00333      0.08187      0.04053      
5600    0.20632    0.05190    0.06600    0.00297      0.08191      0.03542      0.00313      0.08136      0.03542      
5700    0.20538    0.05208    0.06637    0.00295      0.08049      0.03489      0.00342      0.08011      0.03477      
5800    0.20790    0.05226    0.06657    0.00353      0.08086      0.04681      0.00375      0.08062      0.04639      
5900    0.20592    0.05249    0.06685    0.00293      0.07955      0.04100      0.00321      0.07929      0.04128      
6000    0.20385    0.05278    0.06722    0.00289      0.07670      0.04251      0.00319      0.07671      0.04193      
6100    0.20729    0.05285    0.06734    0.00280      0.08079      0.03505      0.00300      0.08063      0.03553      
6200    0.20280    0.05294    0.06749    0.00346      0.07507      0.03844      0.00379      0.07457      0.03818      
6300    0.20910    0.05313    0.06782    0.00332      0.08033      0.04492      0.00352      0.07947      0.04482      
6400    0.20414    0.05339    0.06807    0.00267      0.07655      0.03466      0.00299      0.07618      0.03438      
6500    0.20385    0.05344    0.06815    0.00289      0.07515      0.04228      0.00322      0.07488      0.04142      
6600    0.20565    0.05356    0.06833    0.00333      0.07607      0.04354      0.00382      0.07581      0.04372      
6700    0.20481    0.05379    0.06851    0.00399      0.07434      0.04175      0.00409      0.07418      0.04251      
6800    0.20472    0.05379    0.06866    0.00348      0.07433      0.04451      0.00367      0.07326      0.04461      
6900    0.20567    0.05393    0.06873    0.00289      0.07635      0.03763      0.00308      0.07611      0.03911      
7000    0.20485    0.05419    0.06905    0.00294      0.07465      0.04024      0.00307      0.07395      0.03980      
7100    0.20276    0.05413    0.06914    0.00274      0.07300      0.03738      0.00298      0.07275      0.03683      
7200    0.20579    0.05443    0.06950    0.00295      0.07533      0.03572      0.00302      0.07478      0.03499      
7300    0.20541    0.05449    0.06962    0.00288      0.07487      0.03549      0.00291      0.07449      0.03639      
7400    0.20467    0.05472    0.06990    0.00316      0.07303      0.03854      0.00339      0.07310      0.03954      
7500    0.20634    0.05487    0.07010    0.00266      0.07474      0.03974      0.00309      0.07429      0.03953      
7600    0.20607    0.05512    0.07022    0.00278      0.07469      0.03273      0.00301      0.07394      0.03303      
7700    0.20409    0.05512    0.07035    0.00321      0.07120      0.04213      0.00333      0.07076      0.04122      
7800    0.20634    0.05512    0.07032    0.00341      0.07275      0.04752      0.00367      0.07236      0.04638      
7900    0.20310    0.05512    0.07039    0.00230      0.07237      0.02920      0.00259      0.07171      0.02894      
8000    0.20537    0.05514    0.07049    0.00263      0.07392      0.03197      0.00278      0.07333      0.03228      
8100    0.20119    0.05535    0.07063    0.00237      0.06994      0.02898      0.00275      0.06960      0.02956      
8200    0.20495    0.05551    0.07094    0.00258      0.07242      0.03496      0.00293      0.07188      0.03564      
8300    0.20507    0.05552    0.07089    0.00268      0.07233      0.03643      0.00313      0.07172      0.03727      
8400    0.20447    0.05556    0.07099    0.00248      0.07170      0.03732      0.00295      0.07154      0.03760      
8500    0.20433    0.05556    0.07096    0.00338      0.07006      0.04363      0.00356      0.06966      0.04307      
8600    0.20402    0.05556    0.07094    0.00337      0.06959      0.04554      0.00355      0.06921      0.04471      
8700    0.20133    0.05530    0.07083    0.00234      0.06987      0.02986      0.00279      0.06957      0.03037      
8800    0.20443    0.05554    0.07107    0.00293      0.07127      0.03616      0.00307      0.07080      0.03587      
8900    0.20364    0.05558    0.07112    0.00261      0.07071      0.03614      0.00314      0.07040      0.03632      
9000    0.20432    0.05573    0.07127    0.00244      0.07153      0.03344      0.00286      0.07081      0.03361      
9100    0.20447    0.05600    0.07160    0.00252      0.07113      0.03223      0.00261      0.07037      0.03173      
9200    0.20430    0.05594    0.07153    0.00225      0.07175      0.02841      0.00239      0.07117      0.02837      
9300    0.20342    0.05594    0.07155    0.00231      0.07083      0.02792      0.00254      0.07025      0.02775      
9400    0.20238    0.05620    0.07178    0.00238      0.06923      0.02780      0.00248      0.06918      0.02755      
9500    0.20338    0.05618    0.07190    0.00271      0.06949      0.03094      0.00292      0.06940      0.03119      
9600    0.20226    0.05635    0.07196    0.00238      0.06864      0.02942      0.00250      0.06874      0.02930      
9700    0.20243    0.05598    0.07168    0.00306      0.06801      0.03686      0.00361      0.06815      0.03752      
9800    0.20144    0.05587    0.07167    0.00241      0.06830      0.03175      0.00263      0.06820      0.03218      
9900    0.20187    0.05580    0.07145    0.00221      0.06957      0.02844      0.00251      0.06917      0.02864      
10000   0.20127    0.05589    0.07156    0.00234      0.06847      0.03018      0.00253      0.06868      0.03051      
10100   0.20175    0.05605    0.07169    0.00267      0.06765      0.03694      0.00293      0.06761      0.03739      
10200   0.20213    0.05600    0.07163    0.00241      0.06899      0.03102      0.00253      0.06886      0.03097      
10300   0.20088    0.05598    0.07158    0.00225      0.06805      0.03024      0.00237      0.06753      0.02973      
10400   0.19947    0.05587    0.07132    0.00217      0.06724      0.02875      0.00246      0.06715      0.02831      
10500   0.20111    0.05591    0.07136    0.00214      0.06903      0.02669      0.00230      0.06832      0.02627      
10600   0.19999    0.05582    0.07124    0.00215      0.06779      0.02981      0.00243      0.06737      0.03032      
10700   0.20102    0.05585    0.07126    0.00205      0.06903      0.02828      0.00240      0.06850      0.02806      
10800   0.19945    0.05580    0.07116    0.00215      0.06737      0.02967      0.00246      0.06729      0.02983      
10900   0.20112    0.05580    0.07120    0.00222      0.06876      0.03141      0.00251      0.06841      0.03176      
11000   0.20002    0.05559    0.07114    0.00271      0.06719      0.03394      0.00276      0.06743      0.03388      
11100   0.19959    0.05550    0.07119    0.00247      0.06716      0.03260      0.00315      0.06700      0.03346      
11200   0.19934    0.05539    0.07099    0.00270      0.06679      0.03465      0.00329      0.06649      0.03573      
11300   0.19720    0.05527    0.07094    0.00211      0.06602      0.02858      0.00240      0.06584      0.02865      
11400   0.19637    0.05507    0.07080    0.00210      0.06576      0.02636      0.00240      0.06568      0.02653      
11500   0.19723    0.05487    0.07065    0.00229      0.06643      0.02991      0.00274      0.06618      0.03047      
11600   0.19723    0.05488    0.07061    0.00202      0.06712      0.02601      0.00243      0.06742      0.02651      
11700   0.19574    0.05469    0.07045    0.00211      0.06585      0.02636      0.00244      0.06612      0.02624      
11800   0.19640    0.05464    0.07031    0.00211      0.06677      0.02572      0.00247      0.06705      0.02569      
11900   0.19585    0.05451    0.07028    0.00213      0.06644      0.02484      0.00235      0.06651      0.02494      
12000   0.19517    0.05447    0.07036    0.00221      0.06562      0.02511      0.00247      0.06564      0.02545      
12100   0.19385    0.05433    0.07020    0.00213      0.06457      0.02635      0.00232      0.06448      0.02599      
12200   0.19506    0.05430    0.07012    0.00220      0.06543      0.03004      0.00258      0.06532      0.03022      
12300   0.19433    0.05417    0.07002    0.00209      0.06540      0.02656      0.00244      0.06527      0.02688      
12400   0.19387    0.05403    0.06989    0.00212      0.06476      0.03072      0.00249      0.06490      0.03067      
12500   0.19323    0.05384    0.06979    0.00214      0.06494      0.02520      0.00243      0.06470      0.02503      
12600   0.19185    0.05356    0.06949    0.00219      0.06400      0.02609      0.00238      0.06411      0.02589      
12700   0.19305    0.05346    0.06936    0.00241      0.06521      0.02608      0.00263      0.06543      0.02598      
12800   0.19192    0.05307    0.06894    0.00223      0.06505      0.02621      0.00239      0.06499      0.02643      
12900   0.19168    0.05300    0.06901    0.00264      0.06425      0.02781      0.00290      0.06404      0.02768      
13000   0.19049    0.05279    0.06883    0.00220      0.06419      0.02489      0.00228      0.06416      0.02445      
13100   0.18999    0.05259    0.06863    0.00206      0.06399      0.02718      0.00233      0.06394      0.02691      
13200   0.18977    0.05234    0.06826    0.00223      0.06431      0.02626      0.00234      0.06410      0.02633      
13300   0.18977    0.05226    0.06822    0.00222      0.06434      0.02743      0.00242      0.06460      0.02728      
13400   0.18944    0.05210    0.06797    0.00222      0.06436      0.02799      0.00268      0.06451      0.02866      
13500   0.18867    0.05175    0.06771    0.00243      0.06389      0.02889      0.00273      0.06375      0.02927      
13600   0.18777    0.05178    0.06779    0.00218      0.06333      0.02679      0.00231      0.06319      0.02629      
13700   0.18787    0.05167    0.06767    0.00214      0.06372      0.02680      0.00237      0.06367      0.02701      
13800   0.18707    0.05149    0.06749    0.00197      0.06367      0.02447      0.00218      0.06379      0.02430      
13900   0.18740    0.05155    0.06741    0.00222      0.06377      0.02462      0.00249      0.06367      0.02429      
14000   0.18608    0.05135    0.06724    0.00202      0.06285      0.02617      0.00232      0.06295      0.02595      
14100   0.18608    0.05104    0.06692    0.00206      0.06328      0.02783      0.00241      0.06340      0.02759      
14200   0.18525    0.05085    0.06671    0.00217      0.06266      0.02856      0.00238      0.06259      0.02815      
14300   0.18542    0.05067    0.06646    0.00213      0.06366      0.02502      0.00224      0.06388      0.02524      
14400   0.18391    0.05047    0.06626    0.00198      0.06258      0.02626      0.00222      0.06282      0.02620      
14500   0.18412    0.05028    0.06598    0.00211      0.06326      0.02491      0.00229      0.06327      0.02474      
14600   0.18404    0.05019    0.06590    0.00238      0.06261      0.02954      0.00254      0.06263      0.02913      
14700   0.18334    0.04996    0.06553    0.00236      0.06275      0.02742      0.00243      0.06291      0.02725      
14800   0.18259    0.04982    0.06538    0.00219      0.06259      0.02610      0.00237      0.06268      0.02594      
14900   0.18251    0.04963    0.06510    0.00207      0.06322      0.02487      0.00235      0.06318      0.02486      
15000   0.18239    0.04947    0.06494    0.00206      0.06317      0.02744      0.00247      0.06319      0.02756      
15100   0.18180    0.04933    0.06473    0.00219      0.06276      0.02796      0.00251      0.06286      0.02789      
15200   0.18060    0.04909    0.06448    0.00206      0.06237      0.02594      0.00230      0.06252      0.02553      
15300   0.17999    0.04890    0.06435    0.00213      0.06195      0.02660      0.00247      0.06193      0.02650      
15400   0.18048    0.04886    0.06416    0.00213      0.06237      0.02953      0.00252      0.06242      0.02919      
15500   0.17965    0.04862    0.06390    0.00237      0.06178      0.02972      0.00252      0.06200      0.02916      
15600   0.17894    0.04846    0.06367    0.00202      0.06218      0.02607      0.00240      0.06229      0.02612      
15700   0.17836    0.04820    0.06330    0.00213      0.06212      0.02615      0.00242      0.06223      0.02625      
15800   0.17819    0.04824    0.06325    0.00209      0.06209      0.02531      0.00240      0.06233      0.02529      
15900   0.17759    0.04803    0.06297    0.00209      0.06194      0.02568      0.00245      0.06224      0.02588      
16000   0.17716    0.04791    0.06283    0.00217      0.06165      0.02591      0.00250      0.06197      0.02604      
16100   0.17725    0.04780    0.06267    0.00215      0.06181      0.02817      0.00261      0.06211      0.02837      
16200   0.17615    0.04757    0.06237    0.00217      0.06137      0.02662      0.00250      0.06156      0.02659      
16300   0.17563    0.04748    0.06224    0.00194      0.06147      0.02517      0.00223      0.06155      0.02497      
16400   0.17519    0.04726    0.06202    0.00197      0.06135      0.02580      0.00236      0.06152      0.02579      
16500   0.17476    0.04712    0.06189    0.00204      0.06108      0.02623      0.00232      0.06110      0.02584      
16600   0.17465    0.04705    0.06178    0.00201      0.06129      0.02517      0.00239      0.06130      0.02514      
16700   0.17432    0.04687    0.06154    0.00200      0.06144      0.02469      0.00222      0.06142      0.02469      
16800   0.17353    0.04650    0.06109    0.00203      0.06146      0.02444      0.00216      0.06156      0.02426      
16900   0.17351    0.04641    0.06091    0.00196      0.06182      0.02406      0.00224      0.06185      0.02432      
17000   0.17325    0.04618    0.06068    0.00214      0.06131      0.02937      0.00262      0.06130      0.02962      
17100   0.17193    0.04569    0.06020    0.00203      0.06138      0.02619      0.00238      0.06138      0.02611      
17200   0.17127    0.04551    0.05994    0.00190      0.06152      0.02395      0.00222      0.06151      0.02399      
17300   0.17070    0.04526    0.05960    0.00210      0.06110      0.02638      0.00231      0.06102      0.02596      
17400   0.17021    0.04507    0.05938    0.00186      0.06150      0.02401      0.00222      0.06154      0.02379      
17500   0.16963    0.04479    0.05907    0.00200      0.06128      0.02479      0.00229      0.06135      0.02444      
17600   0.16925    0.04458    0.05881    0.00204      0.06131      0.02509      0.00224      0.06124      0.02470      
17700   0.16880    0.04429    0.05855    0.00223      0.06086      0.02868      0.00243      0.06083      0.02823      
17800   0.16794    0.04407    0.05829    0.00207      0.06101      0.02496      0.00227      0.06107      0.02444      
17900   0.16750    0.04387    0.05802    0.00219      0.06071      0.02715      0.00259      0.06064      0.02711      
18000   0.16640    0.04360    0.05766    0.00191      0.06076      0.02464      0.00226      0.06089      0.02437      
18100   0.16632    0.04348    0.05751    0.00201      0.06061      0.02710      0.00238      0.06065      0.02682      
18200   0.16522    0.04314    0.05717    0.00206      0.06021      0.02637      0.00245      0.06038      0.02633      
18300   0.16536    0.04288    0.05679    0.00202      0.06104      0.02630      0.00224      0.06112      0.02588      
18400   0.16400    0.04252    0.05641    0.00193      0.06071      0.02428      0.00212      0.06098      0.02383      
18500   0.16359    0.04238    0.05616    0.00195      0.06070      0.02402      0.00217      0.06094      0.02383      
18600   0.16326    0.04215    0.05592    0.00208      0.06056      0.02551      0.00220      0.06071      0.02502      
18700   0.16268    0.04196    0.05565    0.00188      0.06075      0.02440      0.00212      0.06088      0.02416      
18800   0.16261    0.04168    0.05539    0.00202      0.06089      0.02621      0.00223      0.06125      0.02572      
18900   0.16168    0.04130    0.05494    0.00198      0.06100      0.02454      0.00212      0.06102      0.02443      
19000   0.16051    0.04106    0.05471    0.00202      0.06028      0.02448      0.00208      0.06034      0.02374      
19100   0.16024    0.04088    0.05448    0.00205      0.06025      0.02574      0.00221      0.06045      0.02506      
19200   0.15905    0.04051    0.05408    0.00196      0.06003      0.02458      0.00216      0.06015      0.02428      
19300   0.15874    0.04025    0.05379    0.00198      0.06021      0.02494      0.00229      0.06044      0.02485      
19400   0.15809    0.04007    0.05358    0.00186      0.06023      0.02344      0.00206      0.06040      0.02320      
19500   0.15789    0.03988    0.05339    0.00190      0.06030      0.02429      0.00221      0.06028      0.02397      
19600   0.15726    0.03968    0.05300    0.00184      0.06040      0.02340      0.00209      0.06042      0.02283      
19700   0.15684    0.03953    0.05288    0.00196      0.06010      0.02372      0.00220      0.06013      0.02356      
19800   0.15680    0.03925    0.05262    0.00210      0.06015      0.02695      0.00229      0.06023      0.02656      
19900   0.15603    0.03906    0.05243    0.00195      0.06025      0.02352      0.00208      0.06046      0.02341      
20000   0.15572    0.03884    0.05225    0.00194      0.06019      0.02490      0.00220      0.06034      0.02481      
20100   0.15472    0.03857    0.05197    0.00198      0.05966      0.02534      0.00216      0.05976      0.02519      
20200   0.15449    0.03828    0.05164    0.00196      0.06021      0.02406      0.00220      0.06036      0.02404      
20300   0.15396    0.03812    0.05149    0.00186      0.06008      0.02412      0.00209      0.06032      0.02386      
20400   0.15358    0.03801    0.05134    0.00192      0.05997      0.02336      0.00220      0.06013      0.02351      
20500   0.15321    0.03786    0.05110    0.00190      0.05997      0.02385      0.00210      0.06009      0.02379      
20600   0.15269    0.03765    0.05095    0.00195      0.05972      0.02418      0.00223      0.05992      0.02424      
20700   0.15218    0.03736    0.05069    0.00190      0.05976      0.02460      0.00218      0.05986      0.02443      
20800   0.15190    0.03719    0.05042    0.00199      0.05975      0.02558      0.00223      0.05996      0.02570      
20900   0.15144    0.03700    0.05020    0.00190      0.05983      0.02508      0.00229      0.05991      0.02531      
21000   0.15111    0.03697    0.05008    0.00201      0.05944      0.02626      0.00232      0.05956      0.02631      
21100   0.15062    0.03670    0.04981    0.00197      0.05973      0.02408      0.00224      0.06006      0.02478      
21200   0.15045    0.03660    0.04963    0.00194      0.05992      0.02369      0.00215      0.06015      0.02385      
21300   0.14978    0.03650    0.04942    0.00200      0.05929      0.02572      0.00221      0.05943      0.02557      
21400   0.14951    0.03638    0.04935    0.00202      0.05924      0.02518      0.00223      0.05932      0.02471      
21500   0.14922    0.03614    0.04909    0.00200      0.05956      0.02422      0.00222      0.05978      0.02379      
21600   0.14923    0.03615    0.04909    0.00205      0.05939      0.02542      0.00229      0.05948      0.02508      
21700   0.14849    0.03604    0.04887    0.00199      0.05921      0.02384      0.00220      0.05934      0.02394      
21800   0.14879    0.03610    0.04891    0.00200      0.05931      0.02455      0.00217      0.05941      0.02420      
21900   0.14841    0.03612    0.04882    0.00188      0.05923      0.02355      0.00213      0.05938      0.02354      
22000   0.14850    0.03601    0.04868    0.00189      0.05951      0.02402      0.00225      0.05960      0.02411      
22100   0.14797    0.03592    0.04854    0.00200      0.05916      0.02350      0.00225      0.05936      0.02369      
22200   0.14772    0.03568    0.04824    0.00200      0.05925      0.02548      0.00219      0.05941      0.02525      
22300   0.14695    0.03551    0.04807    0.00188      0.05917      0.02326      0.00210      0.05945      0.02322      
22400   0.14732    0.03558    0.04807    0.00193      0.05937      0.02379      0.00220      0.05937      0.02364      
22500   0.14694    0.03545    0.04793    0.00194      0.05928      0.02338      0.00209      0.05943      0.02316      
22600   0.14754    0.03530    0.04787    0.00203      0.05991      0.02429      0.00228      0.05983      0.02423      
22700   0.14673    0.03515    0.04771    0.00196      0.05933      0.02584      0.00229      0.05941      0.02592      
22800   0.14638    0.03512    0.04767    0.00188      0.05928      0.02441      0.00216      0.05933      0.02436      
22900   0.14584    0.03496    0.04753    0.00189      0.05904      0.02428      0.00217      0.05911      0.02409      
23000   0.14588    0.03493    0.04745    0.00189      0.05911      0.02505      0.00220      0.05925      0.02491      
23100   0.14511    0.03465    0.04717    0.00187      0.05913      0.02290      0.00215      0.05919      0.02279      
23200   0.14518    0.03447    0.04701    0.00190      0.05943      0.02375      0.00206      0.05967      0.02362      
23300   0.14442    0.03433    0.04687    0.00189      0.05895      0.02385      0.00217      0.05903      0.02396      
23400   0.14439    0.03431    0.04678    0.00191      0.05883      0.02561      0.00225      0.05902      0.02556      
23500   0.14385    0.03399    0.04652    0.00189      0.05899      0.02454      0.00216      0.05919      0.02458      
23600   0.14327    0.03380    0.04629    0.00188      0.05889      0.02413      0.00221      0.05915      0.02434      
23700   0.14332    0.03358    0.04612    0.00192      0.05922      0.02486      0.00227      0.05949      0.02519      
23800   0.14268    0.03351    0.04596    0.00194      0.05886      0.02416      0.00229      0.05902      0.02426      
23900   0.14272    0.03340    0.04580    0.00194      0.05904      0.02531      0.00227      0.05923      0.02545      
24000   0.14233    0.03327    0.04568    0.00183      0.05916      0.02386      0.00221      0.05935      0.02386      
24100   0.14211    0.03313    0.04549    0.00190      0.05923      0.02355      0.00206      0.05943      0.02351      
24200   0.14151    0.03290    0.04530    0.00193      0.05904      0.02346      0.00211      0.05928      0.02353      
24300   0.14118    0.03281    0.04516    0.00190      0.05897      0.02348      0.00213      0.05922      0.02365      
24400   0.14116    0.03265    0.04501    0.00199      0.05911      0.02397      0.00224      0.05935      0.02418      
24500   0.14060    0.03240    0.04471    0.00190      0.05918      0.02410      0.00221      0.05945      0.02420      
24600   0.14035    0.03242    0.04464    0.00186      0.05907      0.02363      0.00218      0.05926      0.02370      
24700   0.14021    0.03234    0.04445    0.00191      0.05913      0.02379      0.00219      0.05928      0.02384      
24800   0.13944    0.03207    0.04430    0.00192      0.05879      0.02370      0.00221      0.05892      0.02389      
24900   0.13949    0.03198    0.04414    0.00189      0.05907      0.02415      0.00225      0.05927      0.02440      
25000   0.13890    0.03183    0.04397    0.00197      0.05873      0.02405      0.00229      0.05894      0.02433      
25100   0.13847    0.03158    0.04375    0.00194      0.05875      0.02444      0.00218      0.05898      0.02467      
25200   0.13839    0.03153    0.04366    0.00199      0.05874      0.02476      0.00220      0.05897      0.02471      
25300   0.13796    0.03135    0.04345    0.00188      0.05896      0.02328      0.00221      0.05926      0.02378      
25400   0.13779    0.03126    0.04341    0.00201      0.05865      0.02465      0.00236      0.05886      0.02512      
25500   0.13755    0.03097    0.04313    0.00190      0.05915      0.02408      0.00224      0.05942      0.02435      
25600   0.13683    0.03084    0.04309    0.00198      0.05856      0.02356      0.00226      0.05877      0.02365      
25700   0.13681    0.03076    0.04292    0.00191      0.05876      0.02449      0.00225      0.05913      0.02470      
25800   0.13634    0.03057    0.04276    0.00205      0.05843      0.02529      0.00240      0.05871      0.02569      
25900   0.13616    0.03047    0.04258    0.00191      0.05876      0.02442      0.00223      0.05894      0.02465      
26000   0.13587    0.03042    0.04254    0.00188      0.05858      0.02454      0.00225      0.05883      0.02458      
26100   0.13520    0.03013    0.04225    0.00189      0.05858      0.02345      0.00219      0.05889      0.02379      
26200   0.13499    0.02987    0.04203    0.00197      0.05869      0.02431      0.00223      0.05897      0.02444      
26300   0.13472    0.02981    0.04194    0.00190      0.05857      0.02506      0.00221      0.05877      0.02499      
26400   0.13440    0.02963    0.04173    0.00199      0.05861      0.02438      0.00226      0.05892      0.02461      
26500   0.13379    0.02936    0.04143    0.00190      0.05870      0.02395      0.00215      0.05899      0.02398      
26600   0.13346    0.02929    0.04128    0.00188      0.05874      0.02268      0.00215      0.05916      0.02267      
26700   0.13330    0.02929    0.04119    0.00187      0.05860      0.02347      0.00215      0.05890      0.02336      
26800   0.13281    0.02911    0.04102    0.00194      0.05840      0.02355      0.00210      0.05871      0.02344      
26900   0.13265    0.02895    0.04077    0.00180      0.05882      0.02318      0.00202      0.05914      0.02314      
27000   0.13291    0.02895    0.04078    0.00192      0.05886      0.02402      0.00218      0.05916      0.02397      
27100   0.13241    0.02890    0.04067    0.00189      0.05860      0.02347      0.00210      0.05898      0.02347      
27200   0.13195    0.02871    0.04054    0.00174      0.05866      0.02308      0.00205      0.05902      0.02302      
27300   0.13191    0.02876    0.04054    0.00184      0.05839      0.02372      0.00205      0.05873      0.02360      
27400   0.13159    0.02863    0.04042    0.00192      0.05822      0.02406      0.00210      0.05857      0.02379      
27500   0.13146    0.02852    0.04033    0.00187      0.05851      0.02227      0.00207      0.05873      0.02249      
27600   0.13114    0.02838    0.04017    0.00180      0.05845      0.02333      0.00206      0.05871      0.02314      
27700   0.13109    0.02821    0.03999    0.00192      0.05870      0.02275      0.00212      0.05889      0.02280      
27800   0.13039    0.02815    0.03986    0.00190      0.05803      0.02454      0.00221      0.05836      0.02444      
27900   0.13030    0.02812    0.03975    0.00190      0.05809      0.02445      0.00209      0.05855      0.02420      
28000   0.13044    0.02813    0.03968    0.00190      0.05829      0.02447      0.00211      0.05868      0.02421      
28100   0.13011    0.02788    0.03948    0.00194      0.05842      0.02393      0.00223      0.05878      0.02396      
28200   0.12981    0.02777    0.03942    0.00191      0.05838      0.02327      0.00207      0.05880      0.02325      
28300   0.12943    0.02762    0.03925    0.00190      0.05835      0.02310      0.00210      0.05862      0.02304      
28400   0.12935    0.02765    0.03926    0.00192      0.05814      0.02384      0.00213      0.05841      0.02372      
28500   0.12912    0.02759    0.03916    0.00185      0.05808      0.02442      0.00208      0.05843      0.02441      
28600   0.12901    0.02743    0.03905    0.00191      0.05831      0.02309      0.00207      0.05854      0.02305      
28700   0.12840    0.02735    0.03896    0.00192      0.05776      0.02400      0.00209      0.05800      0.02389      
28800   0.12840    0.02733    0.03888    0.00186      0.05803      0.02300      0.00213      0.05837      0.02287      
28900   0.12842    0.02733    0.03890    0.00183      0.05804      0.02318      0.00208      0.05839      0.02319      
29000   0.12831    0.02725    0.03880    0.00175      0.05820      0.02304      0.00205      0.05855      0.02309      
29100   0.12810    0.02713    0.03873    0.00181      0.05807      0.02354      0.00214      0.05847      0.02362      
29200   0.12774    0.02703    0.03860    0.00178      0.05801      0.02318      0.00200      0.05829      0.02300      
29300   0.12789    0.02704    0.03851    0.00177      0.05818      0.02393      0.00205      0.05853      0.02390      
29400   0.12744    0.02687    0.03837    0.00189      0.05790      0.02416      0.00207      0.05811      0.02399      
29500   0.12734    0.02673    0.03831    0.00196      0.05802      0.02326      0.00216      0.05825      0.02316      
29600   0.12697    0.02665    0.03814    0.00181      0.05802      0.02345      0.00211      0.05838      0.02342      
29700   0.12641    0.02659    0.03802    0.00194      0.05756      0.02302      0.00208      0.05784      0.02282      
29800   0.12634    0.02654    0.03796    0.00187      0.05752      0.02442      0.00216      0.05787      0.02421      
29900   0.12630    0.02647    0.03789    0.00183      0.05781      0.02308      0.00204      0.05804      0.02302      
30000   0.12600    0.02630    0.03778    0.00180      0.05783      0.02297      0.00203      0.05815      0.02273      
30100   0.12591    0.02619    0.03764    0.00176      0.05802      0.02287      0.00205      0.05832      0.02267      
30200   0.12588    0.02615    0.03756    0.00181      0.05803      0.02336      0.00204      0.05822      0.02320      
30300   0.12564    0.02600    0.03741    0.00191      0.05784      0.02482      0.00220      0.05808      0.02462      
30400   0.12525    0.02592    0.03732    0.00185      0.05788      0.02282      0.00208      0.05817      0.02266      
30500   0.12518    0.02581    0.03719    0.00180      0.05804      0.02335      0.00207      0.05833      0.02316      
30600   0.12486    0.02565    0.03702    0.00185      0.05808      0.02265      0.00208      0.05831      0.02256      
30700   0.12427    0.02539    0.03686    0.00187      0.05782      0.02322      0.00212      0.05813      0.02322      
30800   0.12421    0.02536    0.03681    0.00177      0.05792      0.02346      0.00209      0.05810      0.02332      
30900   0.12393    0.02530    0.03670    0.00183      0.05770      0.02398      0.00209      0.05791      0.02382      
31000   0.12394    0.02522    0.03657    0.00188      0.05785      0.02417      0.00226      0.05814      0.02419      
31100   0.12366    0.02516    0.03652    0.00182      0.05781      0.02339      0.00208      0.05809      0.02312      
31200   0.12358    0.02511    0.03646    0.00185      0.05776      0.02394      0.00208      0.05796      0.02356      
31300   0.12334    0.02494    0.03633    0.00175      0.05793      0.02389      0.00211      0.05827      0.02380      
31400   0.12311    0.02491    0.03624    0.00176      0.05795      0.02251      0.00201      0.05831      0.02237      
31500   0.12291    0.02474    0.03611    0.00181      0.05799      0.02255      0.00208      0.05815      0.02237      
31600   0.12282    0.02472    0.03606    0.00177      0.05800      0.02267      0.00202      0.05825      0.02256      
31700   0.12300    0.02467    0.03596    0.00181      0.05832      0.02224      0.00207      0.05860      0.02222      
31800   0.12275    0.02450    0.03583    0.00179      0.05832      0.02320      0.00214      0.05852      0.02320      
31900   0.12231    0.02448    0.03576    0.00187      0.05792      0.02282      0.00212      0.05806      0.02272      
32000   0.12228    0.02438    0.03569    0.00178      0.05810      0.02332      0.00214      0.05826      0.02333      
32100   0.12214    0.02434    0.03563    0.00180      0.05806      0.02299      0.00210      0.05827      0.02286      
32200   0.12210    0.02422    0.03554    0.00181      0.05828      0.02253      0.00209      0.05847      0.02252      
32300   0.12166    0.02414    0.03549    0.00182      0.05794      0.02273      0.00204      0.05815      0.02262      
32400   0.12151    0.02410    0.03544    0.00178      0.05799      0.02196      0.00204      0.05819      0.02189      
32500   0.12111    0.02394    0.03529    0.00173      0.05788      0.02264      0.00204      0.05811      0.02255      
32600   0.12103    0.02383    0.03522    0.00179      0.05787      0.02314      0.00206      0.05810      0.02287      
32700   0.12074    0.02374    0.03511    0.00181      0.05778      0.02313      0.00209      0.05798      0.02289      
32800   0.12074    0.02365    0.03502    0.00181      0.05791      0.02342      0.00210      0.05818      0.02332      
32900   0.12073    0.02364    0.03500    0.00181      0.05787      0.02409      0.00205      0.05813      0.02376      
33000   0.12060    0.02346    0.03489    0.00185      0.05798      0.02430      0.00218      0.05829      0.02417      
33100   0.12037    0.02339    0.03481    0.00181      0.05811      0.02256      0.00206      0.05841      0.02243      
33200   0.12036    0.02340    0.03478    0.00187      0.05792      0.02391      0.00212      0.05832      0.02375      
33300   0.11992    0.02339    0.03475    0.00177      0.05776      0.02258      0.00208      0.05812      0.02251      
33400   0.11978    0.02331    0.03467    0.00180      0.05779      0.02211      0.00208      0.05802      0.02195      
33500   0.11980    0.02318    0.03456    0.00184      0.05789      0.02318      0.00222      0.05814      0.02307      
33600   0.11956    0.02320    0.03456    0.00174      0.05781      0.02257      0.00204      0.05813      0.02251      
33700   0.11961    0.02311    0.03449    0.00179      0.05792      0.02299      0.00207      0.05820      0.02278      
33800   0.11938    0.02307    0.03445    0.00180      0.05774      0.02309      0.00205      0.05810      0.02305      
33900   0.11952    0.02307    0.03442    0.00190      0.05772      0.02409      0.00216      0.05808      0.02401      
34000   0.11921    0.02296    0.03431    0.00184      0.05780      0.02295      0.00214      0.05811      0.02310      
34100   0.11902    0.02284    0.03421    0.00177      0.05796      0.02249      0.00204      0.05819      0.02254      
34200   0.11868    0.02277    0.03413    0.00177      0.05776      0.02253      0.00207      0.05797      0.02256      
34300   0.11875    0.02266    0.03403    0.00179      0.05803      0.02239      0.00212      0.05824      0.02230      
34400   0.11851    0.02266    0.03398    0.00179      0.05777      0.02312      0.00208      0.05800      0.02308      
34500   0.11832    0.02255    0.03386    0.00181      0.05781      0.02291      0.00214      0.05813      0.02311      
34600   0.11811    0.02245    0.03376    0.00182      0.05778      0.02288      0.00210      0.05803      0.02289      
34700   0.11805    0.02240    0.03372    0.00176      0.05796      0.02208      0.00203      0.05832      0.02210      
34800   0.11790    0.02235    0.03365    0.00188      0.05775      0.02281      0.00221      0.05806      0.02281      
34900   0.11782    0.02235    0.03358    0.00180      0.05785      0.02239      0.00212      0.05812      0.02246      
35000   0.11771    0.02236    0.03358    0.00181      0.05767      0.02289      0.00211      0.05798      0.02291      
35100   0.11762    0.02223    0.03345    0.00187      0.05777      0.02296      0.00216      0.05805      0.02292      
35200   0.11760    0.02223    0.03343    0.00187      0.05772      0.02345      0.00210      0.05810      0.02336      
35300   0.11748    0.02219    0.03337    0.00186      0.05766      0.02409      0.00213      0.05792      0.02401      
35400   0.11728    0.02203    0.03325    0.00180      0.05799      0.02215      0.00213      0.05833      0.02219      
35500   0.11675    0.02191    0.03315    0.00179      0.05764      0.02263      0.00210      0.05790      0.02265      
35600   0.11694    0.02187    0.03309    0.00183      0.05788      0.02261      0.00214      0.05821      0.02273      
35700   0.11670    0.02179    0.03301    0.00180      0.05778      0.02322      0.00218      0.05809      0.02344      
35800   0.11635    0.02172    0.03293    0.00181      0.05763      0.02263      0.00212      0.05794      0.02276      
35900   0.11626    0.02163    0.03282    0.00184      0.05762      0.02338      0.00218      0.05796      0.02366      
36000   0.11633    0.02163    0.03278    0.00180      0.05786      0.02264      0.00216      0.05828      0.02277      
36100   0.11583    0.02142    0.03264    0.00181      0.05759      0.02379      0.00210      0.05795      0.02369      
36200   0.11592    0.02141    0.03260    0.00179      0.05780      0.02323      0.00213      0.05815      0.02324      
36300   0.11585    0.02138    0.03257    0.00185      0.05782      0.02231      0.00208      0.05814      0.02253      
36400   0.11577    0.02133    0.03252    0.00182      0.05785      0.02259      0.00211      0.05817      0.02272      
36500   0.11556    0.02120    0.03236    0.00180      0.05797      0.02230      0.00208      0.05828      0.02245      
36600   0.11521    0.02107    0.03228    0.00184      0.05772      0.02298      0.00209      0.05807      0.02294      
36700   0.11497    0.02098    0.03225    0.00180      0.05763      0.02303      0.00209      0.05796      0.02295      
36800   0.11506    0.02099    0.03226    0.00183      0.05769      0.02281      0.00210      0.05803      0.02281      
36900   0.11520    0.02104    0.03221    0.00180      0.05783      0.02317      0.00214      0.05811      0.02323      
37000   0.11502    0.02095    0.03218    0.00181      0.05773      0.02344      0.00216      0.05813      0.02357      
37100   0.11516    0.02095    0.03211    0.00183      0.05794      0.02327      0.00216      0.05829      0.02322      
37200   0.11499    0.02097    0.03207    0.00185      0.05774      0.02358      0.00225      0.05807      0.02367      
37300   0.11488    0.02080    0.03198    0.00190      0.05787      0.02334      0.00228      0.05808      0.02340      
37400   0.11453    0.02076    0.03192    0.00186      0.05771      0.02285      0.00215      0.05796      0.02289      
37500   0.11468    0.02074    0.03185    0.00188      0.05786      0.02361      0.00217      0.05811      0.02345      
37600   0.11419    0.02057    0.03176    0.00186      0.05769      0.02310      0.00213      0.05795      0.02295      
37700   0.11426    0.02058    0.03171    0.00189      0.05769      0.02389      0.00226      0.05796      0.02395      
37800   0.11394    0.02053    0.03167    0.00186      0.05755      0.02321      0.00216      0.05777      0.02317      
37900   0.11386    0.02045    0.03159    0.00184      0.05768      0.02301      0.00209      0.05792      0.02290      
38000   0.11360    0.02029    0.03148    0.00186      0.05766      0.02317      0.00222      0.05800      0.02336      
38100   0.11358    0.02029    0.03147    0.00186      0.05763      0.02332      0.00217      0.05789      0.02336      
38200   0.11325    0.02018    0.03135    0.00186      0.05757      0.02279      0.00224      0.05779      0.02298      
38300   0.11323    0.02013    0.03132    0.00180      0.05769      0.02286      0.00217      0.05795      0.02296      
38400   0.11305    0.02005    0.03126    0.00185      0.05754      0.02340      0.00224      0.05781      0.02357      
38500   0.11298    0.02001    0.03122    0.00183      0.05764      0.02282      0.00223      0.05789      0.02302      
38600   0.11309    0.02003    0.03121    0.00177      0.05784      0.02231      0.00212      0.05810      0.02230      
38700   0.11286    0.02000    0.03114    0.00184      0.05758      0.02300      0.00212      0.05778      0.02290      
38800   0.11287    0.01996    0.03109    0.00172      0.05789      0.02209      0.00210      0.05818      0.02226      
38900   0.11273    0.02001    0.03111    0.00180      0.05760      0.02216      0.00213      0.05786      0.02232      
39000   0.11271    0.01990    0.03102    0.00181      0.05773      0.02247      0.00215      0.05791      0.02266      
39100   0.11265    0.02002    0.03104    0.00177      0.05755      0.02267      0.00211      0.05773      0.02273      
39200   0.11264    0.01995    0.03097    0.00179      0.05764      0.02283      0.00220      0.05790      0.02309      
39300   0.11268    0.01991    0.03093    0.00176      0.05783      0.02250      0.00219      0.05806      0.02260      
39400   0.11218    0.01983    0.03086    0.00176      0.05753      0.02202      0.00209      0.05774      0.02222      
39500   0.11215    0.01975    0.03078    0.00182      0.05754      0.02250      0.00220      0.05778      0.02269      
39600   0.11190    0.01973    0.03076    0.00178      0.05740      0.02223      0.00210      0.05767      0.02241      
39700   0.11193    0.01963    0.03067    0.00179      0.05764      0.02204      0.00213      0.05783      0.02221      
39800   0.11179    0.01949    0.03056    0.00183      0.05749      0.02411      0.00211      0.05778      0.02389      
39900   0.11158    0.01948    0.03051    0.00175      0.05758      0.02257      0.00210      0.05788      0.02257      
40000   0.11137    0.01939    0.03041    0.00178      0.05752      0.02277      0.00211      0.05771      0.02288      
40100   0.11135    0.01936    0.03038    0.00177      0.05760      0.02241      0.00209      0.05774      0.02250      
40200   0.11114    0.01923    0.03032    0.00178      0.05756      0.02247      0.00210      0.05791      0.02253      
40300   0.11121    0.01921    0.03026    0.00181      0.05754      0.02376      0.00214      0.05785      0.02374      
40400   0.11093    0.01911    0.03019    0.00179      0.05757      0.02276      0.00204      0.05783      0.02273      
40500   0.11083    0.01896    0.03010    0.00182      0.05763      0.02329      0.00217      0.05795      0.02338      
40600   0.11090    0.01906    0.03013    0.00177      0.05761      0.02320      0.00215      0.05790      0.02334      
40700   0.11065    0.01892    0.03003    0.00177      0.05761      0.02323      0.00212      0.05797      0.02336      
40800   0.11062    0.01891    0.02999    0.00176      0.05763      0.02331      0.00212      0.05798      0.02345      
40900   0.11061    0.01884    0.02990    0.00182      0.05774      0.02305      0.00210      0.05804      0.02296      
41000   0.11033    0.01882    0.02986    0.00179      0.05760      0.02269      0.00211      0.05781      0.02270      
41100   0.11018    0.01874    0.02980    0.00176      0.05762      0.02266      0.00212      0.05792      0.02264      
41200   0.11002    0.01873    0.02973    0.00178      0.05757      0.02208      0.00204      0.05786      0.02205      
41300   0.10989    0.01862    0.02965    0.00177      0.05756      0.02291      0.00207      0.05775      0.02279      
41400   0.10974    0.01846    0.02954    0.00175      0.05774      0.02248      0.00214      0.05803      0.02257      
41500   0.10952    0.01837    0.02949    0.00181      0.05752      0.02328      0.00220      0.05776      0.02333      
41600   0.10929    0.01827    0.02943    0.00177      0.05755      0.02273      0.00214      0.05776      0.02281      
41700   0.10936    0.01832    0.02946    0.00181      0.05744      0.02325      0.00223      0.05761      0.02331      
41800   0.10925    0.01822    0.02936    0.00183      0.05751      0.02330      0.00213      0.05780      0.02322      
41900   0.10916    0.01818    0.02929    0.00178      0.05763      0.02274      0.00213      0.05784      0.02279      
42000   0.10890    0.01805    0.02924    0.00180      0.05758      0.02235      0.00212      0.05791      0.02244      
42100   0.10864    0.01807    0.02919    0.00179      0.05737      0.02216      0.00208      0.05761      0.02211      
42200   0.10862    0.01801    0.02913    0.00180      0.05747      0.02214      0.00209      0.05773      0.02213      
42300   0.10874    0.01800    0.02910    0.00178      0.05760      0.02244      0.00209      0.05786      0.02240      
42400   0.10860    0.01792    0.02902    0.00187      0.05746      0.02335      0.00225      0.05770      0.02346      
42500   0.10846    0.01786    0.02898    0.00186      0.05747      0.02292      0.00211      0.05769      0.02265      
42600   0.10822    0.01785    0.02893    0.00179      0.05744      0.02208      0.00211      0.05769      0.02208      
42700   0.10812    0.01776    0.02888    0.00180      0.05747      0.02212      0.00209      0.05767      0.02218      
42800   0.10792    0.01772    0.02883    0.00177      0.05735      0.02247      0.00215      0.05760      0.02254      
42900   0.10794    0.01766    0.02879    0.00183      0.05743      0.02222      0.00212      0.05758      0.02224      
43000   0.10762    0.01756    0.02868    0.00177      0.05733      0.02292      0.00216      0.05756      0.02299      
43100   0.10733    0.01741    0.02862    0.00180      0.05726      0.02241      0.00214      0.05750      0.02252      
43200   0.10745    0.01740    0.02859    0.00182      0.05738      0.02261      0.00211      0.05764      0.02260      
43300   0.10742    0.01737    0.02853    0.00185      0.05736      0.02300      0.00221      0.05759      0.02309      
43400   0.10726    0.01735    0.02852    0.00182      0.05730      0.02270      0.00215      0.05753      0.02272      
43500   0.10717    0.01737    0.02850    0.00180      0.05724      0.02264      0.00211      0.05749      0.02265      
43600   0.10704    0.01727    0.02845    0.00183      0.05721      0.02270      0.00213      0.05750      0.02272      
43700   0.10698    0.01721    0.02841    0.00183      0.05730      0.02231      0.00210      0.05756      0.02226      
43800   0.10666    0.01709    0.02830    0.00178      0.05726      0.02240      0.00211      0.05744      0.02234      
43900   0.10672    0.01710    0.02828    0.00178      0.05729      0.02252      0.00211      0.05756      0.02255      
44000   0.10648    0.01700    0.02821    0.00176      0.05729      0.02223      0.00207      0.05767      0.02218      
44100   0.10651    0.01695    0.02818    0.00183      0.05734      0.02214      0.00212      0.05762      0.02214      
44200   0.10627    0.01686    0.02811    0.00180      0.05725      0.02257      0.00209      0.05754      0.02258      
44300   0.10618    0.01679    0.02805    0.00180      0.05734      0.02210      0.00205      0.05767      0.02208      
44400   0.10594    0.01668    0.02796    0.00179      0.05724      0.02267      0.00208      0.05756      0.02271      
44500   0.10606    0.01673    0.02795    0.00179      0.05730      0.02287      0.00209      0.05755      0.02290      
44600   0.10592    0.01667    0.02790    0.00179      0.05732      0.02245      0.00212      0.05765      0.02255      
44700   0.10582    0.01665    0.02785    0.00180      0.05725      0.02277      0.00211      0.05746      0.02273      
44800   0.10568    0.01658    0.02779    0.00185      0.05717      0.02293      0.00208      0.05742      0.02282      
44900   0.10538    0.01652    0.02774    0.00179      0.05706      0.02264      0.00205      0.05732      0.02250      
45000   0.10529    0.01646    0.02769    0.00177      0.05717      0.02200      0.00201      0.05742      0.02186      
45100   0.10538    0.01635    0.02762    0.00179      0.05730      0.02305      0.00214      0.05751      0.02298      
45200   0.10528    0.01639    0.02764    0.00175      0.05728      0.02230      0.00208      0.05751      0.02230      
45300   0.10509    0.01633    0.02759    0.00180      0.05716      0.02221      0.00201      0.05746      0.02219      
45400   0.10494    0.01624    0.02752    0.00182      0.05711      0.02245      0.00210      0.05729      0.02249      
45500   0.10486    0.01621    0.02748    0.00182      0.05710      0.02239      0.00208      0.05726      0.02229      
45600   0.10478    0.01620    0.02744    0.00181      0.05709      0.02243      0.00203      0.05730      0.02230      
45700   0.10484    0.01623    0.02742    0.00184      0.05709      0.02262      0.00207      0.05730      0.02244      
45800   0.10472    0.01618    0.02739    0.00178      0.05720      0.02182      0.00202      0.05737      0.02173      
45900   0.10451    0.01608    0.02732    0.00182      0.05705      0.02234      0.00207      0.05722      0.02232      
46000   0.10453    0.01612    0.02729    0.00181      0.05706      0.02247      0.00206      0.05722      0.02245      
46100   0.10453    0.01608    0.02724    0.00180      0.05719      0.02211      0.00208      0.05746      0.02214      
46200   0.10423    0.01602    0.02720    0.00178      0.05701      0.02223      0.00205      0.05721      0.02224      
46300   0.10414    0.01599    0.02716    0.00176      0.05703      0.02206      0.00204      0.05727      0.02206      
46400   0.10419    0.01599    0.02717    0.00179      0.05707      0.02176      0.00202      0.05723      0.02169      
46500   0.10422    0.01600    0.02715    0.00179      0.05703      0.02235      0.00203      0.05721      0.02228      
46600   0.10407    0.01590    0.02709    0.00175      0.05716      0.02176      0.00203      0.05740      0.02168      
46700   0.10390    0.01586    0.02705    0.00178      0.05693      0.02275      0.00205      0.05714      0.02269      
46800   0.10396    0.01582    0.02703    0.00177      0.05710      0.02244      0.00211      0.05735      0.02251      
46900   0.10388    0.01571    0.02697    0.00182      0.05712      0.02259      0.00205      0.05734      0.02251      
47000   0.10381    0.01573    0.02695    0.00180      0.05711      0.02229      0.00208      0.05736      0.02229      
47100   0.10359    0.01561    0.02687    0.00177      0.05708      0.02256      0.00208      0.05738      0.02260      
47200   0.10363    0.01564    0.02683    0.00179      0.05706      0.02310      0.00210      0.05729      0.02306      
47300   0.10353    0.01560    0.02684    0.00179      0.05703      0.02265      0.00208      0.05738      0.02256      
47400   0.10363    0.01567    0.02682    0.00180      0.05709      0.02254      0.00209      0.05736      0.02249      
47500   0.10351    0.01560    0.02677    0.00177      0.05714      0.02232      0.00211      0.05751      0.02250      
47600   0.10350    0.01563    0.02675    0.00177      0.05715      0.02200      0.00204      0.05747      0.02201      
47700   0.10331    0.01558    0.02667    0.00179      0.05698      0.02287      0.00210      0.05726      0.02286      
47800   0.10323    0.01555    0.02664    0.00176      0.05705      0.02230      0.00209      0.05745      0.02240      
47900   0.10312    0.01547    0.02659    0.00176      0.05704      0.02258      0.00204      0.05735      0.02245      
48000   0.10301    0.01542    0.02653    0.00177      0.05712      0.02164      0.00205      0.05738      0.02171      
48100   0.10287    0.01538    0.02652    0.00177      0.05699      0.02215      0.00209      0.05728      0.02225      
48200   0.10283    0.01535    0.02651    0.00177      0.05697      0.02233      0.00206      0.05728      0.02240      
48300   0.10287    0.01534    0.02648    0.00178      0.05697      0.02299      0.00211      0.05733      0.02298      
48400   0.10273    0.01524    0.02640    0.00180      0.05704      0.02251      0.00209      0.05727      0.02251      
48500   0.10258    0.01514    0.02635    0.00180      0.05701      0.02274      0.00211      0.05733      0.02270      
48600   0.10263    0.01515    0.02632    0.00179      0.05706      0.02302      0.00212      0.05731      0.02301      
48700   0.10261    0.01513    0.02629    0.00179      0.05712      0.02277      0.00215      0.05746      0.02280      
48800   0.10236    0.01509    0.02624    0.00181      0.05694      0.02275      0.00212      0.05712      0.02269      
48900   0.10226    0.01502    0.02619    0.00180      0.05696      0.02293      0.00213      0.05723      0.02297      
49000   0.10220    0.01492    0.02613    0.00180      0.05709      0.02263      0.00213      0.05741      0.02268      
49100   0.10203    0.01494    0.02613    0.00179      0.05689      0.02291      0.00208      0.05719      0.02279      
49200   0.10209    0.01490    0.02611    0.00182      0.05694      0.02315      0.00218      0.05728      0.02330      
49300   0.10184    0.01485    0.02605    0.00181      0.05688      0.02254      0.00209      0.05721      0.02257      
49400   0.10168    0.01476    0.02599    0.00177      0.05687      0.02287      0.00211      0.05719      0.02284      
49500   0.10169    0.01480    0.02597    0.00179      0.05680      0.02316      0.00208      0.05710      0.02311      
49600   0.10164    0.01480    0.02596    0.00177      0.05685      0.02266      0.00205      0.05720      0.02269      
49700   0.10159    0.01477    0.02592    0.00178      0.05685      0.02274      0.00208      0.05715      0.02282      
49800   0.10159    0.01469    0.02589    0.00180      0.05688      0.02317      0.00209      0.05727      0.02321      
49900   0.10138    0.01464    0.02583    0.00180      0.05678      0.02322      0.00208      0.05715      0.02316      
50000   0.10130    0.01464    0.02580    0.00178      0.05683      0.02247      0.00208      0.05717      0.02246      
50100   0.10120    0.01454    0.02576    0.00177      0.05687      0.02265      0.00209      0.05724      0.02268      
50200   0.10122    0.01456    0.02573    0.00183      0.05679      0.02305      0.00211      0.05720      0.02317      
50300   0.10107    0.01446    0.02567    0.00179      0.05677      0.02389      0.00212      0.05714      0.02396      
50400   0.10104    0.01445    0.02565    0.00180      0.05686      0.02287      0.00210      0.05723      0.02296      
50500   0.10103    0.01445    0.02563    0.00177      0.05692      0.02266      0.00208      0.05721      0.02271      
50600   0.10097    0.01447    0.02560    0.00181      0.05679      0.02301      0.00211      0.05711      0.02301      
50700   0.10089    0.01446    0.02557    0.00180      0.05676      0.02302      0.00207      0.05709      0.02290      
50800   0.10076    0.01438    0.02551    0.00182      0.05679      0.02249      0.00210      0.05713      0.02250      
50900   0.10074    0.01432    0.02547    0.00180      0.05687      0.02282      0.00210      0.05725      0.02279      
51000   0.10065    0.01426    0.02543    0.00184      0.05682      0.02305      0.00210      0.05715      0.02294      
51100   0.10049    0.01421    0.02541    0.00181      0.05678      0.02285      0.00211      0.05711      0.02286      
51200   0.10036    0.01414    0.02536    0.00179      0.05681      0.02258      0.00206      0.05719      0.02248      
51300   0.10030    0.01406    0.02531    0.00181      0.05686      0.02253      0.00209      0.05717      0.02247      
51400   0.10033    0.01405    0.02529    0.00182      0.05687      0.02308      0.00217      0.05729      0.02314      
51500   0.10017    0.01398    0.02524    0.00181      0.05682      0.02320      0.00211      0.05717      0.02326      
51600   0.10007    0.01396    0.02519    0.00181      0.05680      0.02300      0.00213      0.05718      0.02303      
51700   0.10004    0.01393    0.02515    0.00183      0.05683      0.02295      0.00212      0.05719      0.02297      
51800   0.10000    0.01390    0.02512    0.00184      0.05681      0.02324      0.00209      0.05714      0.02310      
51900   0.09993    0.01392    0.02511    0.00181      0.05681      0.02276      0.00206      0.05716      0.02268      
52000   0.09988    0.01389    0.02508    0.00180      0.05680      0.02305      0.00209      0.05720      0.02305      
52100   0.09979    0.01383    0.02503    0.00181      0.05685      0.02267      0.00208      0.05723      0.02265      
52200   0.09970    0.01376    0.02498    0.00180      0.05686      0.02293      0.00212      0.05723      0.02295      
52300   0.09965    0.01377    0.02494    0.00178      0.05689      0.02258      0.00210      0.05728      0.02265      
52400   0.09951    0.01371    0.02492    0.00181      0.05679      0.02273      0.00212      0.05710      0.02277      
52500   0.09945    0.01368    0.02487    0.00182      0.05679      0.02290      0.00209      0.05710      0.02289      
52600   0.09936    0.01359    0.02479    0.00182      0.05686      0.02301      0.00210      0.05718      0.02300      
52700   0.09927    0.01353    0.02475    0.00180      0.05692      0.02281      0.00210      0.05722      0.02281      
52800   0.09920    0.01348    0.02472    0.00181      0.05688      0.02316      0.00210      0.05720      0.02313      
52900   0.09909    0.01343    0.02468    0.00183      0.05687      0.02280      0.00209      0.05720      0.02278      
53000   0.09905    0.01340    0.02465    0.00179      0.05692      0.02287      0.00215      0.05720      0.02290      
53100   0.09894    0.01334    0.02459    0.00179      0.05691      0.02304      0.00212      0.05721      0.02300      
53200   0.09885    0.01330    0.02457    0.00181      0.05685      0.02315      0.00214      0.05717      0.02317      
53300   0.09881    0.01331    0.02453    0.00181      0.05682      0.02337      0.00213      0.05714      0.02336      
53400   0.09865    0.01322    0.02450    0.00179      0.05682      0.02319      0.00212      0.05717      0.02321      
53500   0.09860    0.01318    0.02446    0.00181      0.05691      0.02253      0.00212      0.05724      0.02252      
53600   0.09847    0.01315    0.02443    0.00178      0.05685      0.02264      0.00206      0.05719      0.02265      
53700   0.09846    0.01309    0.02440    0.00180      0.05691      0.02260      0.00205      0.05724      0.02252      
53800   0.09843    0.01308    0.02435    0.00182      0.05689      0.02295      0.00212      0.05720      0.02294      
53900   0.09836    0.01309    0.02434    0.00177      0.05692      0.02233      0.00205      0.05721      0.02235      
54000   0.09835    0.01303    0.02430    0.00179      0.05696      0.02274      0.00207      0.05728      0.02280      
54100   0.09829    0.01306    0.02428    0.00179      0.05689      0.02276      0.00212      0.05722      0.02280      
54200   0.09823    0.01303    0.02427    0.00181      0.05687      0.02255      0.00205      0.05719      0.02250      
54300   0.09824    0.01299    0.02422    0.00183      0.05688      0.02313      0.00211      0.05721      0.02302      
54400   0.09817    0.01300    0.02421    0.00176      0.05696      0.02252      0.00209      0.05728      0.02256      
54500   0.09816    0.01305    0.02422    0.00177      0.05685      0.02274      0.00211      0.05717      0.02277      
54600   0.09803    0.01292    0.02418    0.00177      0.05687      0.02291      0.00211      0.05725      0.02296      
54700   0.09790    0.01291    0.02416    0.00179      0.05677      0.02276      0.00208      0.05711      0.02273      
54800   0.09787    0.01285    0.02412    0.00178      0.05687      0.02245      0.00210      0.05715      0.02245      
54900   0.09785    0.01283    0.02409    0.00180      0.05691      0.02226      0.00209      0.05720      0.02222      
55000   0.09777    0.01278    0.02406    0.00180      0.05690      0.02238      0.00209      0.05724      0.02239      
55100   0.09782    0.01283    0.02407    0.00178      0.05689      0.02255      0.00210      0.05727      0.02255      
55200   0.09776    0.01284    0.02406    0.00178      0.05688      0.02198      0.00209      0.05720      0.02198      
55300   0.09769    0.01283    0.02404    0.00179      0.05677      0.02251      0.00210      0.05713      0.02256      
55400   0.09773    0.01279    0.02400    0.00183      0.05684      0.02275      0.00219      0.05714      0.02282      
55500   0.09773    0.01277    0.02398    0.00182      0.05688      0.02286      0.00214      0.05720      0.02294      
55600   0.09758    0.01274    0.02395    0.00178      0.05684      0.02275      0.00212      0.05720      0.02280      
55700   0.09750    0.01271    0.02391    0.00180      0.05682      0.02261      0.00209      0.05712      0.02263      
55800   0.09750    0.01269    0.02390    0.00178      0.05686      0.02259      0.00209      0.05716      0.02255      
55900   0.09741    0.01264    0.02386    0.00183      0.05684      0.02242      0.00215      0.05717      0.02244      
56000   0.09735    0.01263    0.02385    0.00181      0.05678      0.02283      0.00213      0.05705      0.02282      
56100   0.09726    0.01255    0.02381    0.00179      0.05691      0.02206      0.00206      0.05726      0.02212      
56200   0.09717    0.01256    0.02378    0.00179      0.05679      0.02253      0.00208      0.05709      0.02246      
56300   0.09714    0.01253    0.02376    0.00176      0.05685      0.02237      0.00207      0.05713      0.02230      
56400   0.09712    0.01249    0.02371    0.00177      0.05690      0.02248      0.00207      0.05721      0.02243      
56500   0.09699    0.01249    0.02371    0.00178      0.05678      0.02230      0.00205      0.05710      0.02225      
56600   0.09704    0.01248    0.02369    0.00176      0.05685      0.02263      0.00209      0.05718      0.02254      
56700   0.09693    0.01244    0.02367    0.00176      0.05681      0.02252      0.00208      0.05716      0.02253      
56800   0.09689    0.01240    0.02363    0.00178      0.05683      0.02241      0.00207      0.05712      0.02233      
56900   0.09688    0.01238    0.02360    0.00178      0.05686      0.02266      0.00208      0.05710      0.02257      
57000   0.09679    0.01235    0.02359    0.00177      0.05685      0.02228      0.00210      0.05712      0.02233      
57100   0.09675    0.01234    0.02356    0.00176      0.05687      0.02224      0.00207      0.05718      0.02229      
57200   0.09675    0.01226    0.02351    0.00174      0.05704      0.02209      0.00206      0.05736      0.02227      
57300   0.09665    0.01230    0.02350    0.00176      0.05686      0.02224      0.00207      0.05713      0.02229      
57400   0.09669    0.01231    0.02350    0.00178      0.05686      0.02237      0.00212      0.05713      0.02245      
57500   0.09652    0.01222    0.02346    0.00175      0.05685      0.02228      0.00208      0.05715      0.02233      
57600   0.09651    0.01222    0.02344    0.00176      0.05684      0.02239      0.00209      0.05712      0.02252      
57700   0.09641    0.01220    0.02341    0.00178      0.05679      0.02223      0.00211      0.05708      0.02235      
57800   0.09647    0.01220    0.02340    0.00179      0.05682      0.02265      0.00209      0.05714      0.02276      
57900   0.09640    0.01216    0.02337    0.00177      0.05685      0.02235      0.00207      0.05718      0.02241      
58000   0.09627    0.01209    0.02333    0.00178      0.05681      0.02262      0.00212      0.05713      0.02272      
58100   0.09621    0.01208    0.02332    0.00176      0.05680      0.02251      0.00210      0.05712      0.02256      
58200   0.09610    0.01207    0.02331    0.00174      0.05675      0.02224      0.00208      0.05704      0.02238      
58300   0.09613    0.01208    0.02330    0.00175      0.05673      0.02262      0.00212      0.05704      0.02273      
58400   0.09614    0.01207    0.02327    0.00178      0.05680      0.02231      0.00211      0.05706      0.02238      
58500   0.09611    0.01209    0.02326    0.00177      0.05675      0.02242      0.00208      0.05702      0.02243      
58600   0.09606    0.01202    0.02322    0.00175      0.05683      0.02238      0.00206      0.05715      0.02238      
58700   0.09606    0.01197    0.02321    0.00178      0.05690      0.02206      0.00210      0.05717      0.02213      
58800   0.09598    0.01195    0.02320    0.00179      0.05678      0.02254      0.00216      0.05702      0.02266      
58900   0.09592    0.01195    0.02317    0.00178      0.05674      0.02275      0.00210      0.05699      0.02271      
59000   0.09599    0.01196    0.02315    0.00177      0.05685      0.02245      0.00209      0.05715      0.02250      
59100   0.09593    0.01196    0.02314    0.00179      0.05679      0.02258      0.00214      0.05704      0.02264      
59200   0.09585    0.01193    0.02312    0.00178      0.05679      0.02211      0.00212      0.05706      0.02218      
59300   0.09581    0.01191    0.02310    0.00178      0.05682      0.02213      0.00211      0.05711      0.02226      
59400   0.09574    0.01189    0.02308    0.00179      0.05673      0.02257      0.00213      0.05706      0.02274      
59500   0.09570    0.01188    0.02307    0.00177      0.05669      0.02272      0.00213      0.05699      0.02279      
59600   0.09557    0.01177    0.02301    0.00178      0.05674      0.02280      0.00210      0.05699      0.02278      
59700   0.09546    0.01171    0.02297    0.00176      0.05671      0.02294      0.00211      0.05704      0.02294      
59800   0.09540    0.01174    0.02298    0.00174      0.05672      0.02224      0.00205      0.05703      0.02223      
59900   0.09533    0.01170    0.02296    0.00176      0.05669      0.02228      0.00209      0.05699      0.02235      
60000   0.09532    0.01167    0.02294    0.00172      0.05672      0.02262      0.00210      0.05707      0.02261      
60100   0.09523    0.01165    0.02291    0.00174      0.05667      0.02254      0.00205      0.05696      0.02249      
60200   0.09524    0.01167    0.02291    0.00175      0.05665      0.02265      0.00210      0.05695      0.02264      
60300   0.09522    0.01164    0.02290    0.00173      0.05673      0.02220      0.00207      0.05705      0.02225      
60400   0.09518    0.01162    0.02287    0.00174      0.05676      0.02207      0.00206      0.05706      0.02211      
60500   0.09513    0.01157    0.02283    0.00176      0.05674      0.02222      0.00210      0.05703      0.02225      
60600   0.09506    0.01155    0.02281    0.00176      0.05669      0.02260      0.00206      0.05704      0.02255      
60700   0.09503    0.01151    0.02278    0.00174      0.05679      0.02208      0.00208      0.05711      0.02208      
60800   0.09499    0.01146    0.02275    0.00176      0.05679      0.02226      0.00204      0.05713      0.02221      
60900   0.09491    0.01146    0.02275    0.00173      0.05675      0.02219      0.00206      0.05712      0.02214      
61000   0.09488    0.01143    0.02271    0.00178      0.05669      0.02266      0.00208      0.05701      0.02263      
61100   0.09485    0.01143    0.02270    0.00176      0.05673      0.02235      0.00206      0.05708      0.02234      
61200   0.09485    0.01135    0.02267    0.00178      0.05682      0.02229      0.00211      0.05709      0.02234      
61300   0.09482    0.01133    0.02266    0.00175      0.05687      0.02216      0.00208      0.05723      0.02229      
61400   0.09485    0.01135    0.02265    0.00175      0.05683      0.02264      0.00209      0.05717      0.02266      
61500   0.09480    0.01135    0.02264    0.00177      0.05679      0.02249      0.00211      0.05707      0.02258      
61600   0.09472    0.01128    0.02262    0.00175      0.05680      0.02272      0.00206      0.05708      0.02268      
61700   0.09470    0.01127    0.02258    0.00177      0.05684      0.02242      0.00205      0.05712      0.02237      
61800   0.09462    0.01127    0.02258    0.00177      0.05675      0.02252      0.00210      0.05702      0.02256      
61900   0.09457    0.01122    0.02256    0.00174      0.05683      0.02218      0.00204      0.05714      0.02220      
62000   0.09455    0.01123    0.02255    0.00176      0.05674      0.02268      0.00209      0.05705      0.02265      
62100   0.09449    0.01119    0.02253    0.00175      0.05681      0.02209      0.00208      0.05709      0.02214      
62200   0.09444    0.01119    0.02251    0.00176      0.05671      0.02268      0.00210      0.05704      0.02270      
62300   0.09442    0.01118    0.02250    0.00177      0.05675      0.02230      0.00209      0.05704      0.02239      
62400   0.09434    0.01115    0.02248    0.00177      0.05667      0.02268      0.00209      0.05702      0.02266      
62500   0.09431    0.01115    0.02245    0.00176      0.05674      0.02213      0.00207      0.05703      0.02214      
62600   0.09423    0.01111    0.02243    0.00175      0.05672      0.02219      0.00208      0.05700      0.02225      
62700   0.09422    0.01109    0.02241    0.00177      0.05669      0.02259      0.00208      0.05703      0.02260      
62800   0.09417    0.01109    0.02239    0.00175      0.05675      0.02191      0.00206      0.05704      0.02195      
62900   0.09412    0.01106    0.02238    0.00176      0.05667      0.02245      0.00210      0.05697      0.02249      
63000   0.09400    0.01104    0.02236    0.00176      0.05660      0.02232      0.00209      0.05688      0.02231      
63100   0.09399    0.01100    0.02233    0.00176      0.05669      0.02209      0.00209      0.05699      0.02214      
63200   0.09398    0.01097    0.02231    0.00174      0.05677      0.02201      0.00206      0.05704      0.02204      
63300   0.09395    0.01096    0.02230    0.00173      0.05673      0.02229      0.00207      0.05701      0.02229      
63400   0.09395    0.01099    0.02230    0.00176      0.05668      0.02220      0.00205      0.05691      0.02213      
63500   0.09389    0.01097    0.02229    0.00175      0.05664      0.02243      0.00208      0.05688      0.02236      
63600   0.09388    0.01095    0.02226    0.00175      0.05671      0.02202      0.00203      0.05696      0.02199      
63700   0.09385    0.01093    0.02225    0.00176      0.05668      0.02222      0.00205      0.05696      0.02214      
63800   0.09376    0.01088    0.02222    0.00179      0.05660      0.02266      0.00211      0.05686      0.02257      
63900   0.09372    0.01087    0.02221    0.00178      0.05660      0.02254      0.00209      0.05686      0.02238      
64000   0.09371    0.01086    0.02220    0.00176      0.05661      0.02265      0.00208      0.05688      0.02257      
64100   0.09368    0.01083    0.02219    0.00176      0.05667      0.02222      0.00206      0.05694      0.02211      
64200   0.09363    0.01080    0.02217    0.00175      0.05668      0.02232      0.00209      0.05696      0.02230      
64300   0.09359    0.01080    0.02216    0.00179      0.05658      0.02261      0.00209      0.05682      0.02245      
64400   0.09351    0.01074    0.02214    0.00178      0.05658      0.02265      0.00208      0.05686      0.02253      
64500   0.09352    0.01079    0.02215    0.00177      0.05657      0.02249      0.00206      0.05686      0.02233      
64600   0.09351    0.01078    0.02214    0.00178      0.05659      0.02223      0.00206      0.05690      0.02209      
64700   0.09350    0.01077    0.02211    0.00178      0.05656      0.02284      0.00209      0.05689      0.02276      
64800   0.09342    0.01071    0.02208    0.00179      0.05659      0.02251      0.00208      0.05686      0.02238      
64900   0.09339    0.01071    0.02208    0.00177      0.05655      0.02286      0.00206      0.05683      0.02274      
65000   0.09334    0.01066    0.02205    0.00178      0.05661      0.02247      0.00207      0.05691      0.02236      
65100   0.09328    0.01066    0.02204    0.00177      0.05657      0.02250      0.00205      0.05684      0.02236      
65200   0.09324    0.01064    0.02201    0.00179      0.05657      0.02233      0.00207      0.05685      0.02226      
65300   0.09315    0.01062    0.02200    0.00178      0.05650      0.02265      0.00208      0.05680      0.02255      
65400   0.09319    0.01060    0.02198    0.00178      0.05656      0.02269      0.00210      0.05680      0.02261      
65500   0.09311    0.01056    0.02197    0.00177      0.05662      0.02196      0.00204      0.05686      0.02191      
65600   0.09303    0.01053    0.02194    0.00176      0.05655      0.02245      0.00205      0.05677      0.02233      
65700   0.09301    0.01049    0.02192    0.00178      0.05660      0.02227      0.00208      0.05687      0.02220      
65800   0.09295    0.01048    0.02191    0.00177      0.05658      0.02219      0.00207      0.05681      0.02208      
65900   0.09286    0.01045    0.02189    0.00178      0.05650      0.02241      0.00205      0.05676      0.02234      
66000   0.09290    0.01046    0.02188    0.00178      0.05655      0.02244      0.00209      0.05683      0.02243      
66100   0.09284    0.01043    0.02187    0.00178      0.05654      0.02221      0.00206      0.05681      0.02217      
66200   0.09281    0.01042    0.02185    0.00178      0.05649      0.02268      0.00206      0.05675      0.02257      
66300   0.09278    0.01037    0.02184    0.00178      0.05650      0.02285      0.00208      0.05675      0.02275      
66400   0.09279    0.01039    0.02182    0.00177      0.05654      0.02267      0.00207      0.05681      0.02254      
66500   0.09274    0.01037    0.02180    0.00177      0.05658      0.02225      0.00208      0.05683      0.02220      
66600   0.09270    0.01035    0.02178    0.00178      0.05657      0.02217      0.00207      0.05681      0.02212      
66700   0.09265    0.01034    0.02177    0.00178      0.05653      0.02226      0.00207      0.05679      0.02219      
66800   0.09256    0.01029    0.02175    0.00177      0.05652      0.02225      0.00207      0.05681      0.02221      
66900   0.09260    0.01030    0.02174    0.00179      0.05651      0.02264      0.00209      0.05682      0.02257      
67000   0.09252    0.01027    0.02172    0.00181      0.05645      0.02268      0.00211      0.05679      0.02263      
67100   0.09246    0.01028    0.02171    0.00178      0.05641      0.02271      0.00207      0.05670      0.02258      
67200   0.09243    0.01026    0.02171    0.00178      0.05643      0.02251      0.00209      0.05671      0.02246      
67300   0.09245    0.01026    0.02169    0.00177      0.05649      0.02232      0.00208      0.05679      0.02227      
67400   0.09237    0.01025    0.02169    0.00178      0.05642      0.02228      0.00207      0.05678      0.02226      
67500   0.09230    0.01022    0.02168    0.00178      0.05639      0.02232      0.00208      0.05670      0.02228      
67600   0.09226    0.01019    0.02165    0.00178      0.05640      0.02238      0.00207      0.05672      0.02232      
67700   0.09222    0.01016    0.02163    0.00177      0.05641      0.02245      0.00206      0.05673      0.02237      
67800   0.09219    0.01016    0.02161    0.00176      0.05639      0.02265      0.00206      0.05672      0.02256      
67900   0.09213    0.01011    0.02159    0.00177      0.05642      0.02242      0.00205      0.05671      0.02228      
68000   0.09212    0.01009    0.02157    0.00177      0.05645      0.02233      0.00206      0.05672      0.02226      
68100   0.09210    0.01010    0.02157    0.00178      0.05641      0.02253      0.00205      0.05669      0.02248      
68200   0.09206    0.01006    0.02155    0.00177      0.05643      0.02246      0.00208      0.05672      0.02241      
68300   0.09204    0.01006    0.02154    0.00178      0.05642      0.02247      0.00209      0.05672      0.02245      
68400   0.09203    0.01006    0.02153    0.00174      0.05646      0.02234      0.00205      0.05677      0.02233      
68500   0.09200    0.01004    0.02152    0.00179      0.05642      0.02227      0.00205      0.05673      0.02220      
68600   0.09195    0.01003    0.02151    0.00178      0.05634      0.02293      0.00209      0.05663      0.02280      
68700   0.09190    0.00999    0.02150    0.00179      0.05631      0.02304      0.00209      0.05661      0.02288      
68800   0.09188    0.00999    0.02148    0.00178      0.05639      0.02249      0.00207      0.05668      0.02241      
68900   0.09183    0.00995    0.02146    0.00178      0.05639      0.02249      0.00207      0.05665      0.02243      
69000   0.09182    0.00997    0.02145    0.00177      0.05638      0.02250      0.00205      0.05668      0.02242      
69100   0.09174    0.00993    0.02145    0.00179      0.05633      0.02242      0.00206      0.05664      0.02235      
69200   0.09169    0.00994    0.02144    0.00177      0.05629      0.02253      0.00206      0.05659      0.02246      
69300   0.09168    0.00993    0.02141    0.00177      0.05630      0.02262      0.00206      0.05663      0.02254      
69400   0.09165    0.00993    0.02140    0.00176      0.05633      0.02232      0.00207      0.05665      0.02227      
69500   0.09169    0.00994    0.02140    0.00178      0.05635      0.02223      0.00206      0.05666      0.02222      
69600   0.09166    0.00992    0.02138    0.00177      0.05635      0.02242      0.00207      0.05663      0.02238      
69700   0.09158    0.00987    0.02136    0.00176      0.05632      0.02263      0.00209      0.05663      0.02261      
69800   0.09156    0.00987    0.02135    0.00177      0.05634      0.02230      0.00206      0.05664      0.02232      
69900   0.09152    0.00985    0.02134    0.00179      0.05630      0.02254      0.00206      0.05662      0.02249      
70000   0.09152    0.00986    0.02133    0.00179      0.05628      0.02252      0.00208      0.05659      0.02256      
70100   0.09149    0.00983    0.02132    0.00180      0.05627      0.02273      0.00211      0.05659      0.02274      
70200   0.09142    0.00979    0.02130    0.00178      0.05629      0.02257      0.00207      0.05660      0.02255      
70300   0.09139    0.00973    0.02128    0.00179      0.05634      0.02237      0.00208      0.05664      0.02239      
70400   0.09136    0.00972    0.02127    0.00179      0.05634      0.02240      0.00210      0.05663      0.02243      
70500   0.09134    0.00972    0.02126    0.00178      0.05635      0.02235      0.00207      0.05668      0.02237      
70600   0.09128    0.00967    0.02124    0.00180      0.05628      0.02295      0.00210      0.05658      0.02292      
70700   0.09124    0.00965    0.02123    0.00180      0.05631      0.02262      0.00211      0.05660      0.02264      
70800   0.09122    0.00965    0.02122    0.00179      0.05629      0.02269      0.00207      0.05661      0.02266      
70900   0.09119    0.00966    0.02122    0.00178      0.05627      0.02266      0.00208      0.05663      0.02262      
71000   0.09117    0.00965    0.02120    0.00179      0.05629      0.02242      0.00208      0.05656      0.02245      
71100   0.09109    0.00965    0.02119    0.00177      0.05623      0.02246      0.00207      0.05654      0.02246      
71200   0.09112    0.00963    0.02117    0.00179      0.05627      0.02252      0.00206      0.05655      0.02252      
71300   0.09108    0.00962    0.02115    0.00178      0.05629      0.02249      0.00208      0.05659      0.02254      
71400   0.09105    0.00959    0.02114    0.00179      0.05627      0.02256      0.00207      0.05657      0.02255      
71500   0.09101    0.00959    0.02113    0.00180      0.05623      0.02263      0.00210      0.05651      0.02260      
71600   0.09097    0.00959    0.02112    0.00179      0.05623      0.02247      0.00208      0.05648      0.02244      
71700   0.09095    0.00960    0.02112    0.00178      0.05619      0.02263      0.00208      0.05646      0.02259      
71800   0.09089    0.00954    0.02109    0.00179      0.05622      0.02246      0.00209      0.05651      0.02246      
71900   0.09082    0.00952    0.02108    0.00178      0.05618      0.02256      0.00207      0.05648      0.02254      
72000   0.09083    0.00953    0.02107    0.00178      0.05621      0.02240      0.00207      0.05652      0.02243      
72100   0.09079    0.00953    0.02107    0.00176      0.05619      0.02234      0.00205      0.05649      0.02230      
72200   0.09075    0.00951    0.02106    0.00177      0.05616      0.02245      0.00208      0.05648      0.02246      
72300   0.09072    0.00946    0.02104    0.00177      0.05620      0.02246      0.00205      0.05651      0.02239      
72400   0.09071    0.00947    0.02104    0.00178      0.05618      0.02244      0.00206      0.05648      0.02242      
72500   0.09070    0.00945    0.02103    0.00178      0.05622      0.02231      0.00206      0.05651      0.02226      
72600   0.09065    0.00944    0.02102    0.00177      0.05616      0.02268      0.00207      0.05646      0.02260      
72700   0.09061    0.00942    0.02100    0.00176      0.05617      0.02251      0.00206      0.05646      0.02247      
72800   0.09060    0.00941    0.02099    0.00176      0.05619      0.02243      0.00209      0.05651      0.02245      
72900   0.09054    0.00940    0.02099    0.00176      0.05613      0.02259      0.00206      0.05642      0.02256      
73000   0.09057    0.00941    0.02098    0.00178      0.05616      0.02243      0.00207      0.05645      0.02244      
73100   0.09052    0.00940    0.02097    0.00176      0.05615      0.02240      0.00206      0.05647      0.02240      
73200   0.09050    0.00937    0.02096    0.00177      0.05618      0.02222      0.00206      0.05649      0.02224      
73300   0.09046    0.00933    0.02094    0.00176      0.05619      0.02237      0.00205      0.05650      0.02239      
73400   0.09048    0.00934    0.02093    0.00176      0.05620      0.02234      0.00207      0.05648      0.02238      
73500   0.09046    0.00935    0.02092    0.00178      0.05615      0.02257      0.00207      0.05647      0.02258      
73600   0.09040    0.00931    0.02091    0.00176      0.05615      0.02264      0.00209      0.05645      0.02261      
73700   0.09039    0.00930    0.02090    0.00177      0.05613      0.02294      0.00208      0.05643      0.02290      
73800   0.09034    0.00929    0.02090    0.00179      0.05610      0.02262      0.00208      0.05639      0.02256      
73900   0.09029    0.00926    0.02088    0.00179      0.05609      0.02263      0.00208      0.05644      0.02256      
74000   0.09027    0.00925    0.02088    0.00178      0.05611      0.02260      0.00207      0.05646      0.02256      
74100   0.09025    0.00923    0.02086    0.00179      0.05611      0.02255      0.00207      0.05645      0.02246      
74200   0.09019    0.00921    0.02086    0.00181      0.05605      0.02273      0.00210      0.05638      0.02269      
74300   0.09018    0.00921    0.02085    0.00179      0.05605      0.02282      0.00207      0.05636      0.02274      
74400   0.09018    0.00916    0.02083    0.00180      0.05612      0.02264      0.00210      0.05641      0.02261      
74500   0.09015    0.00915    0.02082    0.00178      0.05613      0.02270      0.00208      0.05644      0.02265      
74600   0.09010    0.00913    0.02081    0.00180      0.05611      0.02255      0.00209      0.05643      0.02250      
74700   0.09007    0.00913    0.02080    0.00180      0.05606      0.02274      0.00211      0.05638      0.02272      
74800   0.09003    0.00911    0.02079    0.00179      0.05606      0.02285      0.00210      0.05638      0.02281      
74900   0.09000    0.00906    0.02078    0.00182      0.05607      0.02275      0.00212      0.05638      0.02273      
75000   0.08997    0.00907    0.02077    0.00178      0.05608      0.02267      0.00209      0.05639      0.02263      
75100   0.08995    0.00905    0.02076    0.00178      0.05612      0.02242      0.00206      0.05642      0.02235      
75200   0.08992    0.00905    0.02075    0.00179      0.05608      0.02249      0.00208      0.05639      0.02245      
75300   0.08989    0.00903    0.02075    0.00178      0.05608      0.02254      0.00209      0.05639      0.02252      
75400   0.08989    0.00902    0.02074    0.00179      0.05603      0.02302      0.00209      0.05635      0.02296      
75500   0.08986    0.00903    0.02073    0.00180      0.05604      0.02255      0.00209      0.05637      0.02246      
75600   0.08983    0.00901    0.02071    0.00180      0.05604      0.02270      0.00211      0.05635      0.02268      
75700   0.08980    0.00899    0.02070    0.00179      0.05603      0.02284      0.00210      0.05637      0.02279      
75800   0.08979    0.00899    0.02069    0.00179      0.05603      0.02288      0.00209      0.05633      0.02279      
75900   0.08975    0.00896    0.02068    0.00181      0.05600      0.02303      0.00212      0.05629      0.02296      
76000   0.08972    0.00895    0.02067    0.00180      0.05600      0.02303      0.00213      0.05630      0.02298      
76100   0.08966    0.00891    0.02065    0.00180      0.05602      0.02281      0.00209      0.05632      0.02273      
76200   0.08964    0.00891    0.02064    0.00179      0.05605      0.02246      0.00211      0.05637      0.02248      
76300   0.08959    0.00888    0.02063    0.00180      0.05601      0.02273      0.00208      0.05635      0.02267      
76400   0.08957    0.00886    0.02062    0.00180      0.05600      0.02278      0.00209      0.05635      0.02271      
76500   0.08952    0.00886    0.02061    0.00179      0.05602      0.02238      0.00208      0.05634      0.02234      
76600   0.08953    0.00885    0.02060    0.00180      0.05599      0.02279      0.00211      0.05635      0.02276      
76700   0.08950    0.00883    0.02060    0.00180      0.05601      0.02259      0.00208      0.05634      0.02252      
76800   0.08945    0.00882    0.02059    0.00179      0.05598      0.02261      0.00208      0.05633      0.02256      
76900   0.08942    0.00882    0.02058    0.00179      0.05595      0.02279      0.00209      0.05627      0.02275      
77000   0.08941    0.00881    0.02058    0.00181      0.05592      0.02292      0.00212      0.05625      0.02290      
77100   0.08941    0.00879    0.02056    0.00181      0.05593      0.02308      0.00212      0.05627      0.02305      
77200   0.08936    0.00878    0.02055    0.00179      0.05596      0.02281      0.00209      0.05627      0.02275      
77300   0.08932    0.00876    0.02054    0.00179      0.05593      0.02307      0.00210      0.05624      0.02300      
77400   0.08929    0.00875    0.02053    0.00179      0.05597      0.02256      0.00208      0.05631      0.02254      
77500   0.08928    0.00875    0.02053    0.00179      0.05594      0.02280      0.00210      0.05628      0.02278      
77600   0.08927    0.00874    0.02051    0.00179      0.05592      0.02300      0.00209      0.05626      0.02293      
77700   0.08927    0.00873    0.02051    0.00181      0.05596      0.02267      0.00208      0.05628      0.02264      
77800   0.08923    0.00870    0.02050    0.00179      0.05594      0.02296      0.00211      0.05628      0.02296      
77900   0.08919    0.00868    0.02049    0.00179      0.05594      0.02293      0.00209      0.05626      0.02288      
78000   0.08917    0.00868    0.02048    0.00178      0.05597      0.02265      0.00211      0.05632      0.02270      
78100   0.08913    0.00869    0.02047    0.00178      0.05593      0.02256      0.00209      0.05625      0.02254      
78200   0.08912    0.00869    0.02046    0.00178      0.05591      0.02277      0.00209      0.05624      0.02276      
78300   0.08909    0.00864    0.02044    0.00177      0.05596      0.02278      0.00209      0.05627      0.02276      
78400   0.08907    0.00863    0.02043    0.00179      0.05595      0.02270      0.00210      0.05626      0.02269      
78500   0.08903    0.00861    0.02042    0.00179      0.05593      0.02277      0.00207      0.05627      0.02270      
78600   0.08902    0.00859    0.02040    0.00178      0.05597      0.02287      0.00210      0.05630      0.02286      
78700   0.08900    0.00858    0.02039    0.00179      0.05596      0.02285      0.00208      0.05626      0.02280      
78800   0.08900    0.00857    0.02038    0.00179      0.05595      0.02309      0.00211      0.05626      0.02308      
78900   0.08895    0.00855    0.02037    0.00180      0.05595      0.02283      0.00211      0.05624      0.02286      
79000   0.08893    0.00854    0.02037    0.00180      0.05595      0.02271      0.00210      0.05624      0.02271      
79100   0.08892    0.00855    0.02036    0.00179      0.05593      0.02294      0.00210      0.05627      0.02290      
79200   0.08884    0.00852    0.02035    0.00179      0.05589      0.02289      0.00209      0.05623      0.02286      
79300   0.08885    0.00852    0.02034    0.00179      0.05591      0.02292      0.00211      0.05625      0.02289      
79400   0.08883    0.00852    0.02034    0.00180      0.05588      0.02300      0.00209      0.05621      0.02296      
79500   0.08879    0.00850    0.02033    0.00179      0.05589      0.02281      0.00211      0.05623      0.02282      
79600   0.08879    0.00850    0.02032    0.00180      0.05589      0.02285      0.00211      0.05621      0.02282      
79700   0.08879    0.00849    0.02031    0.00180      0.05590      0.02288      0.00212      0.05623      0.02286      
79800   0.08874    0.00848    0.02031    0.00179      0.05591      0.02252      0.00209      0.05624      0.02253      
79900   0.08871    0.00847    0.02030    0.00181      0.05586      0.02275      0.00211      0.05619      0.02275      
80000   0.08869    0.00845    0.02029    0.00179      0.05589      0.02275      0.00208      0.05622      0.02268      
80100   0.08868    0.00843    0.02028    0.00180      0.05589      0.02282      0.00210      0.05622      0.02282      
80200   0.08865    0.00843    0.02027    0.00178      0.05590      0.02273      0.00208      0.05622      0.02267      
80300   0.08864    0.00841    0.02026    0.00180      0.05588      0.02279      0.00212      0.05618      0.02277      
80400   0.08863    0.00842    0.02025    0.00179      0.05591      0.02262      0.00210      0.05624      0.02263      
80500   0.08860    0.00840    0.02025    0.00180      0.05589      0.02270      0.00210      0.05619      0.02267      
80600   0.08858    0.00839    0.02023    0.00180      0.05587      0.02279      0.00211      0.05617      0.02277      
80700   0.08857    0.00839    0.02023    0.00178      0.05588      0.02281      0.00208      0.05623      0.02280      
80800   0.08853    0.00838    0.02022    0.00180      0.05587      0.02261      0.00209      0.05621      0.02256      
80900   0.08851    0.00837    0.02021    0.00179      0.05586      0.02285      0.00211      0.05620      0.02286      
81000   0.08849    0.00834    0.02021    0.00180      0.05588      0.02271      0.00211      0.05621      0.02268      
81100   0.08845    0.00832    0.02020    0.00180      0.05585      0.02289      0.00210      0.05620      0.02285      
81200   0.08842    0.00834    0.02019    0.00177      0.05585      0.02263      0.00208      0.05620      0.02260      
81300   0.08839    0.00831    0.02018    0.00180      0.05582      0.02278      0.00209      0.05616      0.02275      
81400   0.08838    0.00832    0.02018    0.00179      0.05582      0.02282      0.00208      0.05613      0.02276      
81500   0.08834    0.00829    0.02016    0.00179      0.05585      0.02247      0.00208      0.05619      0.02245      
81600   0.08835    0.00829    0.02016    0.00181      0.05581      0.02280      0.00210      0.05614      0.02278      
81700   0.08830    0.00827    0.02015    0.00179      0.05584      0.02259      0.00209      0.05618      0.02259      
81800   0.08827    0.00825    0.02014    0.00179      0.05583      0.02264      0.00209      0.05616      0.02266      
81900   0.08825    0.00825    0.02014    0.00177      0.05583      0.02261      0.00207      0.05617      0.02260      
82000   0.08822    0.00824    0.02013    0.00177      0.05582      0.02261      0.00207      0.05618      0.02260      
82100   0.08819    0.00822    0.02012    0.00178      0.05583      0.02246      0.00206      0.05615      0.02244      
82200   0.08816    0.00821    0.02011    0.00177      0.05583      0.02249      0.00207      0.05617      0.02249      
82300   0.08814    0.00820    0.02010    0.00177      0.05581      0.02264      0.00209      0.05613      0.02261      
82400   0.08810    0.00817    0.02009    0.00177      0.05579      0.02275      0.00208      0.05612      0.02270      
82500   0.08811    0.00817    0.02008    0.00177      0.05584      0.02250      0.00207      0.05619      0.02250      
82600   0.08810    0.00818    0.02008    0.00177      0.05580      0.02269      0.00207      0.05612      0.02266      
82700   0.08808    0.00817    0.02007    0.00177      0.05582      0.02257      0.00208      0.05614      0.02254      
82800   0.08804    0.00815    0.02007    0.00176      0.05581      0.02256      0.00208      0.05617      0.02256      
82900   0.08802    0.00815    0.02006    0.00177      0.05578      0.02263      0.00208      0.05611      0.02256      
83000   0.08800    0.00813    0.02006    0.00178      0.05577      0.02255      0.00207      0.05612      0.02252      
83100   0.08797    0.00813    0.02005    0.00177      0.05574      0.02281      0.00209      0.05608      0.02279      
83200   0.08794    0.00812    0.02004    0.00176      0.05576      0.02263      0.00207      0.05611      0.02261      
83300   0.08794    0.00810    0.02003    0.00178      0.05576      0.02264      0.00207      0.05610      0.02264      
83400   0.08793    0.00810    0.02003    0.00177      0.05578      0.02260      0.00206      0.05611      0.02258      
83500   0.08793    0.00810    0.02002    0.00177      0.05578      0.02262      0.00208      0.05614      0.02264      
83600   0.08792    0.00810    0.02002    0.00177      0.05578      0.02256      0.00208      0.05613      0.02257      
83700   0.08789    0.00809    0.02000    0.00177      0.05579      0.02242      0.00207      0.05614      0.02243      
83800   0.08787    0.00807    0.01999    0.00178      0.05578      0.02249      0.00208      0.05612      0.02244      
83900   0.08785    0.00807    0.01999    0.00176      0.05579      0.02243      0.00208      0.05613      0.02245      
84000   0.08784    0.00806    0.01999    0.00176      0.05578      0.02252      0.00206      0.05612      0.02250      
84100   0.08783    0.00804    0.01998    0.00178      0.05578      0.02249      0.00208      0.05611      0.02245      
84200   0.08782    0.00803    0.01997    0.00177      0.05581      0.02236      0.00207      0.05617      0.02233      
84300   0.08778    0.00802    0.01996    0.00177      0.05577      0.02255      0.00207      0.05612      0.02252      
84400   0.08777    0.00801    0.01995    0.00177      0.05579      0.02248      0.00207      0.05613      0.02247      
84500   0.08775    0.00801    0.01995    0.00177      0.05578      0.02257      0.00209      0.05614      0.02257      
84600   0.08772    0.00799    0.01994    0.00177      0.05577      0.02243      0.00207      0.05612      0.02244      
84700   0.08768    0.00799    0.01994    0.00178      0.05572      0.02263      0.00207      0.05608      0.02258      
84800   0.08770    0.00798    0.01993    0.00178      0.05574      0.02263      0.00208      0.05609      0.02262      
84900   0.08765    0.00798    0.01993    0.00178      0.05568      0.02285      0.00209      0.05605      0.02285      
85000   0.08764    0.00796    0.01992    0.00177      0.05573      0.02262      0.00208      0.05609      0.02261      
85100   0.08759    0.00793    0.01991    0.00176      0.05572      0.02270      0.00206      0.05607      0.02270      
85200   0.08757    0.00792    0.01989    0.00177      0.05573      0.02261      0.00207      0.05610      0.02263      
85300   0.08756    0.00792    0.01988    0.00178      0.05571      0.02268      0.00208      0.05607      0.02267      
85400   0.08754    0.00791    0.01988    0.00177      0.05573      0.02269      0.00207      0.05607      0.02267      
85500   0.08753    0.00791    0.01987    0.00178      0.05571      0.02264      0.00208      0.05606      0.02264      
85600   0.08751    0.00790    0.01986    0.00179      0.05570      0.02267      0.00208      0.05603      0.02267      
85700   0.08748    0.00790    0.01986    0.00177      0.05568      0.02266      0.00209      0.05604      0.02267      
85800   0.08747    0.00788    0.01985    0.00177      0.05572      0.02249      0.00207      0.05607      0.02250      
85900   0.08745    0.00786    0.01984    0.00177      0.05572      0.02256      0.00207      0.05607      0.02256      
86000   0.08742    0.00786    0.01983    0.00175      0.05573      0.02251      0.00205      0.05606      0.02250      
86100   0.08742    0.00786    0.01983    0.00177      0.05571      0.02253      0.00206      0.05607      0.02253      
86200   0.08739    0.00784    0.01982    0.00176      0.05570      0.02268      0.00209      0.05605      0.02270      
86300   0.08735    0.00782    0.01981    0.00176      0.05571      0.02253      0.00208      0.05604      0.02256      
86400   0.08734    0.00782    0.01980    0.00177      0.05569      0.02262      0.00207      0.05603      0.02263      
86500   0.08731    0.00780    0.01979    0.00177      0.05567      0.02271      0.00208      0.05599      0.02267      
86600   0.08731    0.00780    0.01979    0.00176      0.05570      0.02259      0.00206      0.05602      0.02257      
86700   0.08730    0.00779    0.01978    0.00176      0.05570      0.02264      0.00206      0.05605      0.02261      
86800   0.08728    0.00778    0.01977    0.00177      0.05571      0.02244      0.00207      0.05606      0.02246      
86900   0.08724    0.00777    0.01976    0.00176      0.05570      0.02255      0.00205      0.05604      0.02252      
87000   0.08722    0.00776    0.01975    0.00177      0.05567      0.02268      0.00207      0.05599      0.02266      
87100   0.08720    0.00775    0.01974    0.00176      0.05569      0.02261      0.00207      0.05601      0.02257      
87200   0.08719    0.00774    0.01973    0.00177      0.05569      0.02267      0.00208      0.05601      0.02268      
87300   0.08717    0.00774    0.01972    0.00176      0.05569      0.02253      0.00206      0.05602      0.02252      
87400   0.08713    0.00773    0.01972    0.00176      0.05566      0.02260      0.00206      0.05599      0.02257      
87500   0.08710    0.00772    0.01971    0.00176      0.05564      0.02264      0.00206      0.05597      0.02259      
87600   0.08709    0.00772    0.01970    0.00176      0.05564      0.02268      0.00207      0.05598      0.02266      
87700   0.08708    0.00771    0.01970    0.00177      0.05565      0.02255      0.00209      0.05599      0.02257      
87800   0.08705    0.00769    0.01968    0.00175      0.05567      0.02249      0.00207      0.05601      0.02250      
87900   0.08703    0.00768    0.01968    0.00176      0.05566      0.02246      0.00205      0.05598      0.02243      
88000   0.08701    0.00768    0.01967    0.00176      0.05564      0.02263      0.00206      0.05597      0.02260      
88100   0.08700    0.00767    0.01966    0.00176      0.05565      0.02244      0.00206      0.05597      0.02240      
88200   0.08698    0.00768    0.01966    0.00176      0.05564      0.02254      0.00206      0.05598      0.02251      
88300   0.08697    0.00767    0.01965    0.00178      0.05563      0.02246      0.00208      0.05596      0.02245      
88400   0.08696    0.00766    0.01965    0.00175      0.05563      0.02270      0.00207      0.05597      0.02266      
88500   0.08696    0.00766    0.01964    0.00177      0.05564      0.02256      0.00208      0.05598      0.02256      
88600   0.08694    0.00765    0.01963    0.00177      0.05562      0.02273      0.00207      0.05594      0.02264      
88700   0.08692    0.00763    0.01962    0.00175      0.05566      0.02253      0.00207      0.05600      0.02251      
88800   0.08691    0.00762    0.01961    0.00177      0.05565      0.02262      0.00207      0.05599      0.02257      
88900   0.08688    0.00760    0.01960    0.00177      0.05563      0.02266      0.00208      0.05597      0.02263      
89000   0.08687    0.00760    0.01959    0.00177      0.05564      0.02261      0.00207      0.05597      0.02257      
89100   0.08685    0.00759    0.01958    0.00176      0.05564      0.02275      0.00206      0.05598      0.02269      
89200   0.08683    0.00757    0.01957    0.00176      0.05564      0.02281      0.00207      0.05598      0.02277      
89300   0.08680    0.00756    0.01957    0.00176      0.05565      0.02257      0.00208      0.05599      0.02258      
89400   0.08678    0.00755    0.01956    0.00177      0.05567      0.02240      0.00207      0.05602      0.02236      
89500   0.08679    0.00753    0.01955    0.00177      0.05565      0.02292      0.00208      0.05596      0.02285      
89600   0.08678    0.00753    0.01954    0.00177      0.05568      0.02260      0.00209      0.05601      0.02259      
89700   0.08676    0.00753    0.01953    0.00177      0.05565      0.02274      0.00206      0.05598      0.02266      
89800   0.08674    0.00753    0.01953    0.00177      0.05565      0.02264      0.00207      0.05599      0.02257      
89900   0.08674    0.00752    0.01952    0.00177      0.05566      0.02275      0.00207      0.05599      0.02269      
90000   0.08671    0.00752    0.01952    0.00177      0.05564      0.02263      0.00209      0.05599      0.02257      
90100   0.08670    0.00751    0.01951    0.00177      0.05564      0.02264      0.00208      0.05598      0.02260      
90200   0.08667    0.00750    0.01950    0.00178      0.05561      0.02274      0.00207      0.05595      0.02268      
90300   0.08666    0.00750    0.01950    0.00177      0.05562      0.02275      0.00208      0.05594      0.02269      
90400   0.08665    0.00749    0.01950    0.00177      0.05562      0.02264      0.00207      0.05594      0.02258      
90500   0.08661    0.00748    0.01948    0.00178      0.05560      0.02277      0.00208      0.05593      0.02269      
90600   0.08661    0.00747    0.01947    0.00177      0.05563      0.02275      0.00208      0.05596      0.02268      
90700   0.08659    0.00745    0.01947    0.00177      0.05563      0.02272      0.00207      0.05599      0.02263      
90800   0.08657    0.00745    0.01946    0.00178      0.05561      0.02270      0.00208      0.05595      0.02265      
90900   0.08657    0.00744    0.01945    0.00178      0.05562      0.02275      0.00208      0.05592      0.02267      
91000   0.08654    0.00743    0.01944    0.00177      0.05561      0.02284      0.00207      0.05594      0.02275      
91100   0.08654    0.00742    0.01944    0.00179      0.05561      0.02281      0.00210      0.05593      0.02275      
91200   0.08651    0.00741    0.01943    0.00178      0.05560      0.02291      0.00209      0.05591      0.02283      
91300   0.08649    0.00740    0.01942    0.00177      0.05563      0.02280      0.00208      0.05595      0.02275      
91400   0.08649    0.00740    0.01942    0.00177      0.05563      0.02277      0.00206      0.05594      0.02269      
91500   0.08647    0.00740    0.01941    0.00177      0.05562      0.02281      0.00208      0.05594      0.02276      
91600   0.08646    0.00739    0.01940    0.00178      0.05561      0.02286      0.00210      0.05593      0.02281      
91700   0.08643    0.00738    0.01939    0.00177      0.05561      0.02276      0.00208      0.05592      0.02268      
91800   0.08643    0.00737    0.01939    0.00177      0.05561      0.02293      0.00207      0.05594      0.02284      
91900   0.08642    0.00738    0.01939    0.00178      0.05559      0.02279      0.00208      0.05592      0.02274      
92000   0.08640    0.00737    0.01938    0.00179      0.05559      0.02271      0.00207      0.05591      0.02262      
92100   0.08636    0.00735    0.01937    0.00178      0.05560      0.02268      0.00209      0.05592      0.02263      
92200   0.08635    0.00735    0.01936    0.00178      0.05560      0.02263      0.00209      0.05593      0.02253      
92300   0.08633    0.00735    0.01935    0.00178      0.05556      0.02288      0.00209      0.05587      0.02279      
92400   0.08632    0.00734    0.01935    0.00178      0.05557      0.02273      0.00209      0.05588      0.02266      
92500   0.08630    0.00734    0.01935    0.00177      0.05556      0.02274      0.00208      0.05587      0.02268      
92600   0.08626    0.00733    0.01934    0.00179      0.05554      0.02265      0.00209      0.05586      0.02260      
92700   0.08627    0.00733    0.01933    0.00178      0.05554      0.02277      0.00208      0.05585      0.02269      
92800   0.08625    0.00732    0.01933    0.00178      0.05553      0.02292      0.00209      0.05586      0.02285      
92900   0.08625    0.00732    0.01932    0.00178      0.05557      0.02269      0.00208      0.05586      0.02262      
93000   0.08623    0.00731    0.01931    0.00179      0.05554      0.02274      0.00207      0.05584      0.02266      
93100   0.08621    0.00730    0.01931    0.00178      0.05554      0.02278      0.00210      0.05585      0.02271      
93200   0.08620    0.00730    0.01930    0.00178      0.05555      0.02279      0.00209      0.05585      0.02273      
93300   0.08618    0.00729    0.01929    0.00177      0.05555      0.02286      0.00208      0.05586      0.02278      
93400   0.08616    0.00727    0.01928    0.00177      0.05557      0.02269      0.00207      0.05589      0.02262      
93500   0.08615    0.00727    0.01928    0.00177      0.05556      0.02265      0.00207      0.05590      0.02258      
93600   0.08614    0.00727    0.01927    0.00177      0.05553      0.02292      0.00208      0.05585      0.02283      
93700   0.08611    0.00726    0.01926    0.00177      0.05555      0.02264      0.00207      0.05588      0.02257      
93800   0.08610    0.00725    0.01926    0.00178      0.05555      0.02265      0.00208      0.05587      0.02258      
93900   0.08609    0.00725    0.01925    0.00177      0.05556      0.02273      0.00207      0.05588      0.02266      
94000   0.08607    0.00724    0.01924    0.00178      0.05554      0.02269      0.00207      0.05585      0.02261      
94100   0.08605    0.00722    0.01924    0.00177      0.05554      0.02275      0.00207      0.05586      0.02270      
94200   0.08604    0.00722    0.01923    0.00178      0.05556      0.02255      0.00208      0.05588      0.02252      
94300   0.08603    0.00722    0.01922    0.00178      0.05554      0.02265      0.00208      0.05587      0.02259      
94400   0.08603    0.00721    0.01921    0.00178      0.05554      0.02284      0.00209      0.05586      0.02278      
94500   0.08602    0.00721    0.01921    0.00178      0.05553      0.02283      0.00207      0.05586      0.02275      
94600   0.08599    0.00719    0.01920    0.00177      0.05556      0.02266      0.00207      0.05589      0.02259      
94700   0.08597    0.00719    0.01919    0.00177      0.05554      0.02271      0.00207      0.05586      0.02265      
94800   0.08596    0.00718    0.01919    0.00178      0.05555      0.02266      0.00206      0.05585      0.02257      
94900   0.08595    0.00717    0.01918    0.00177      0.05556      0.02277      0.00207      0.05587      0.02269      
95000   0.08592    0.00715    0.01917    0.00176      0.05557      0.02260      0.00206      0.05589      0.02253      
95100   0.08592    0.00715    0.01916    0.00177      0.05556      0.02268      0.00208      0.05588      0.02260      
95200   0.08589    0.00715    0.01916    0.00178      0.05554      0.02273      0.00209      0.05586      0.02267      
95300   0.08588    0.00714    0.01915    0.00177      0.05553      0.02280      0.00207      0.05586      0.02272      
95400   0.08587    0.00714    0.01915    0.00178      0.05552      0.02277      0.00208      0.05585      0.02269      
95500   0.08585    0.00714    0.01915    0.00176      0.05554      0.02260      0.00207      0.05587      0.02255      
95600   0.08583    0.00713    0.01914    0.00177      0.05553      0.02269      0.00207      0.05585      0.02260      
95700   0.08583    0.00712    0.01913    0.00176      0.05556      0.02261      0.00207      0.05589      0.02254      
95800   0.08581    0.00711    0.01912    0.00177      0.05554      0.02267      0.00208      0.05587      0.02260      
95900   0.08580    0.00711    0.01911    0.00177      0.05553      0.02278      0.00206      0.05584      0.02270      
96000   0.08579    0.00710    0.01911    0.00177      0.05554      0.02273      0.00208      0.05587      0.02268      
96100   0.08576    0.00709    0.01910    0.00177      0.05553      0.02271      0.00207      0.05586      0.02265      
96200   0.08577    0.00708    0.01909    0.00176      0.05557      0.02264      0.00206      0.05590      0.02258      
96300   0.08574    0.00708    0.01909    0.00176      0.05552      0.02285      0.00207      0.05585      0.02278      
96400   0.08572    0.00707    0.01908    0.00176      0.05554      0.02263      0.00207      0.05588      0.02258      
96500   0.08572    0.00707    0.01907    0.00177      0.05554      0.02257      0.00206      0.05586      0.02247      
96600   0.08569    0.00707    0.01907    0.00176      0.05553      0.02259      0.00206      0.05587      0.02253      
96700   0.08568    0.00706    0.01906    0.00177      0.05553      0.02265      0.00207      0.05584      0.02258      
96800   0.08567    0.00705    0.01905    0.00177      0.05552      0.02278      0.00208      0.05584      0.02273      
96900   0.08565    0.00706    0.01905    0.00177      0.05549      0.02274      0.00207      0.05582      0.02265      
97000   0.08563    0.00705    0.01904    0.00176      0.05552      0.02261      0.00207      0.05587      0.02257      
97100   0.08561    0.00704    0.01904    0.00177      0.05552      0.02249      0.00206      0.05585      0.02242      
97200   0.08559    0.00703    0.01903    0.00177      0.05550      0.02261      0.00205      0.05582      0.02253      
97300   0.08558    0.00703    0.01902    0.00177      0.05550      0.02253      0.00207      0.05581      0.02247      
97400   0.08557    0.00702    0.01902    0.00177      0.05548      0.02271      0.00206      0.05580      0.02261      
97500   0.08553    0.00701    0.01901    0.00176      0.05548      0.02270      0.00206      0.05581      0.02260      
97600   0.08552    0.00701    0.01900    0.00176      0.05550      0.02254      0.00206      0.05582      0.02246      
97700   0.08551    0.00701    0.01900    0.00177      0.05548      0.02257      0.00207      0.05580      0.02250      
97800   0.08549    0.00700    0.01899    0.00176      0.05548      0.02254      0.00205      0.05580      0.02245      
97900   0.08548    0.00699    0.01899    0.00176      0.05549      0.02260      0.00207      0.05583      0.02256      
98000   0.08547    0.00698    0.01898    0.00176      0.05550      0.02250      0.00205      0.05581      0.02244      
98100   0.08544    0.00698    0.01897    0.00176      0.05547      0.02248      0.00206      0.05581      0.02241      
98200   0.08543    0.00698    0.01896    0.00176      0.05548      0.02251      0.00205      0.05580      0.02242      
98300   0.08542    0.00697    0.01896    0.00176      0.05547      0.02263      0.00207      0.05580      0.02254      
98400   0.08541    0.00696    0.01895    0.00176      0.05548      0.02251      0.00207      0.05580      0.02243      
98500   0.08541    0.00696    0.01894    0.00176      0.05549      0.02262      0.00205      0.05580      0.02255      
98600   0.08539    0.00695    0.01893    0.00176      0.05551      0.02239      0.00206      0.05583      0.02235      
98700   0.08537    0.00695    0.01892    0.00176      0.05549      0.02250      0.00206      0.05580      0.02243      
98800   0.08536    0.00694    0.01892    0.00176      0.05547      0.02257      0.00207      0.05579      0.02249      
98900   0.08533    0.00693    0.01892    0.00177      0.05546      0.02255      0.00207      0.05578      0.02246      
99000   0.08531    0.00692    0.01890    0.00176      0.05546      0.02265      0.00207      0.05579      0.02254      
99100   0.08531    0.00692    0.01889    0.00176      0.05547      0.02269      0.00206      0.05579      0.02261      
99200   0.08529    0.00691    0.01889    0.00176      0.05548      0.02256      0.00205      0.05579      0.02248      
99300   0.08528    0.00692    0.01888    0.00176      0.05549      0.02245      0.00205      0.05581      0.02238      
99400   0.08527    0.00691    0.01887    0.00175      0.05549      0.02248      0.00205      0.05581      0.02240      
99500   0.08525    0.00690    0.01886    0.00176      0.05547      0.02262      0.00206      0.05578      0.02252      
99600   0.08523    0.00690    0.01886    0.00176      0.05546      0.02253      0.00206      0.05578      0.02246      
99700   0.08522    0.00689    0.01885    0.00177      0.05547      0.02242      0.00207      0.05579      0.02236      
99800   0.08520    0.00689    0.01884    0.00176      0.05547      0.02244      0.00206      0.05577      0.02237      
99900   0.08520    0.00688    0.01884    0.00177      0.05547      0.02248      0.00207      0.05577      0.02241      
100000  0.08518    0.00688    0.01883    0.00176      0.05547      0.02247      0.00206      0.05579      0.02239      
100100  0.08518    0.00687    0.01883    0.00176      0.05547      0.02248      0.00207      0.05579      0.02242      
100200  0.08515    0.00686    0.01882    0.00176      0.05547      0.02241      0.00207      0.05580      0.02236      
100300  0.08514    0.00686    0.01882    0.00176      0.05546      0.02250      0.00205      0.05577      0.02242      
100400  0.08513    0.00685    0.01881    0.00176      0.05545      0.02263      0.00206      0.05578      0.02254      
100500  0.08512    0.00685    0.01880    0.00176      0.05546      0.02247      0.00205      0.05577      0.02239      
100600  0.08511    0.00684    0.01880    0.00175      0.05546      0.02248      0.00205      0.05580      0.02241      
100700  0.08509    0.00684    0.01879    0.00176      0.05546      0.02243      0.00206      0.05579      0.02236      
100800  0.08507    0.00684    0.01878    0.00175      0.05547      0.02232      0.00206      0.05579      0.02227      
100900  0.08506    0.00683    0.01878    0.00176      0.05545      0.02243      0.00206      0.05576      0.02238      
101000  0.08506    0.00682    0.01877    0.00175      0.05547      0.02246      0.00206      0.05578      0.02239      
101100  0.08504    0.00681    0.01877    0.00176      0.05546      0.02246      0.00206      0.05576      0.02239      
101200  0.08503    0.00681    0.01876    0.00176      0.05546      0.02241      0.00206      0.05576      0.02235      
101300  0.08502    0.00680    0.01875    0.00176      0.05545      0.02255      0.00207      0.05576      0.02247      
101400  0.08501    0.00679    0.01875    0.00177      0.05546      0.02248      0.00208      0.05577      0.02243      
101500  0.08500    0.00678    0.01874    0.00175      0.05547      0.02259      0.00206      0.05579      0.02252      
101600  0.08498    0.00677    0.01873    0.00176      0.05547      0.02251      0.00207      0.05577      0.02244      
101700  0.08497    0.00677    0.01873    0.00176      0.05546      0.02252      0.00206      0.05578      0.02246      
101800  0.08497    0.00676    0.01872    0.00176      0.05549      0.02246      0.00207      0.05579      0.02242      
101900  0.08495    0.00676    0.01871    0.00176      0.05547      0.02247      0.00206      0.05579      0.02241      
102000  0.08494    0.00676    0.01871    0.00176      0.05546      0.02259      0.00207      0.05576      0.02252      
102100  0.08493    0.00674    0.01870    0.00176      0.05546      0.02260      0.00207      0.05576      0.02253      
102200  0.08491    0.00675    0.01869    0.00176      0.05547      0.02241      0.00206      0.05577      0.02235      
102300  0.08490    0.00674    0.01869    0.00176      0.05546      0.02245      0.00206      0.05576      0.02238      
102400  0.08489    0.00674    0.01869    0.00176      0.05545      0.02259      0.00207      0.05576      0.02252      
102500  0.08487    0.00673    0.01868    0.00176      0.05544      0.02260      0.00207      0.05576      0.02252      
102600  0.08487    0.00672    0.01868    0.00176      0.05546      0.02249      0.00207      0.05578      0.02246      
102700  0.08485    0.00672    0.01867    0.00175      0.05546      0.02250      0.00206      0.05576      0.02245      
102800  0.08483    0.00671    0.01866    0.00176      0.05546      0.02242      0.00206      0.05577      0.02236      
102900  0.08482    0.00671    0.01866    0.00176      0.05544      0.02247      0.00206      0.05576      0.02242      
103000  0.08481    0.00671    0.01865    0.00176      0.05544      0.02253      0.00206      0.05574      0.02248      
103100  0.08479    0.00671    0.01865    0.00175      0.05544      0.02251      0.00205      0.05575      0.02244      
103200  0.08478    0.00670    0.01864    0.00175      0.05545      0.02238      0.00205      0.05575      0.02232      
103300  0.08476    0.00669    0.01864    0.00176      0.05543      0.02247      0.00205      0.05573      0.02242      
103400  0.08476    0.00669    0.01863    0.00175      0.05544      0.02246      0.00206      0.05574      0.02242      
103500  0.08475    0.00669    0.01863    0.00174      0.05544      0.02251      0.00205      0.05575      0.02246      
103600  0.08473    0.00668    0.01862    0.00175      0.05544      0.02248      0.00206      0.05575      0.02243      
103700  0.08472    0.00668    0.01861    0.00175      0.05545      0.02239      0.00205      0.05575      0.02234      
103800  0.08471    0.00667    0.01861    0.00175      0.05544      0.02238      0.00205      0.05575      0.02235      
103900  0.08469    0.00666    0.01860    0.00175      0.05543      0.02236      0.00205      0.05574      0.02230      
104000  0.08468    0.00665    0.01860    0.00175      0.05542      0.02259      0.00205      0.05571      0.02252      
104100  0.08468    0.00665    0.01859    0.00175      0.05544      0.02239      0.00206      0.05574      0.02234      
104200  0.08466    0.00665    0.01859    0.00176      0.05543      0.02234      0.00205      0.05572      0.02229      
104300  0.08464    0.00665    0.01858    0.00175      0.05543      0.02233      0.00205      0.05574      0.02230      
104400  0.08464    0.00665    0.01857    0.00174      0.05543      0.02244      0.00206      0.05574      0.02239      
104500  0.08463    0.00664    0.01857    0.00174      0.05546      0.02219      0.00205      0.05576      0.02215      
104600  0.08462    0.00664    0.01857    0.00175      0.05543      0.02227      0.00206      0.05574      0.02225      
104700  0.08461    0.00664    0.01856    0.00175      0.05542      0.02243      0.00205      0.05573      0.02237      
104800  0.08459    0.00663    0.01856    0.00174      0.05542      0.02241      0.00205      0.05571      0.02234      
104900  0.08458    0.00663    0.01855    0.00174      0.05544      0.02223      0.00205      0.05575      0.02220      
105000  0.08456    0.00663    0.01855    0.00175      0.05540      0.02232      0.00205      0.05571      0.02228      
105100  0.08456    0.00663    0.01854    0.00175      0.05540      0.02236      0.00205      0.05572      0.02232      
105200  0.08455    0.00663    0.01854    0.00176      0.05539      0.02241      0.00205      0.05569      0.02235      
105300  0.08453    0.00661    0.01853    0.00175      0.05539      0.02243      0.00206      0.05571      0.02237      
105400  0.08453    0.00661    0.01852    0.00175      0.05539      0.02250      0.00206      0.05570      0.02245      
105500  0.08452    0.00660    0.01852    0.00175      0.05542      0.02235      0.00206      0.05573      0.02232      
105600  0.08450    0.00659    0.01851    0.00174      0.05543      0.02227      0.00204      0.05575      0.02223      
105700  0.08449    0.00659    0.01851    0.00174      0.05541      0.02232      0.00205      0.05573      0.02229      
105800  0.08448    0.00659    0.01851    0.00174      0.05540      0.02229      0.00204      0.05572      0.02226      
105900  0.08448    0.00659    0.01851    0.00174      0.05541      0.02237      0.00205      0.05571      0.02233      
106000  0.08447    0.00658    0.01850    0.00174      0.05541      0.02224      0.00205      0.05572      0.02221      
106100  0.08446    0.00658    0.01850    0.00174      0.05541      0.02224      0.00205      0.05571      0.02223      
106200  0.08443    0.00657    0.01850    0.00174      0.05540      0.02229      0.00204      0.05572      0.02226      
106300  0.08444    0.00657    0.01849    0.00174      0.05540      0.02229      0.00204      0.05572      0.02226      
106400  0.08442    0.00657    0.01849    0.00174      0.05539      0.02231      0.00205      0.05571      0.02230      
106500  0.08441    0.00657    0.01848    0.00173      0.05541      0.02221      0.00204      0.05573      0.02219      
106600  0.08440    0.00656    0.01848    0.00174      0.05537      0.02240      0.00205      0.05569      0.02237      
106700  0.08438    0.00656    0.01848    0.00174      0.05538      0.02229      0.00204      0.05571      0.02227      
106800  0.08438    0.00656    0.01847    0.00174      0.05538      0.02232      0.00204      0.05570      0.02228      
106900  0.08437    0.00656    0.01847    0.00174      0.05539      0.02220      0.00204      0.05571      0.02216      
107000  0.08435    0.00656    0.01847    0.00174      0.05537      0.02223      0.00204      0.05569      0.02220      
107100  0.08436    0.00656    0.01846    0.00174      0.05538      0.02219      0.00205      0.05570      0.02216      
107200  0.08434    0.00655    0.01845    0.00174      0.05537      0.02226      0.00205      0.05569      0.02224      
107300  0.08433    0.00654    0.01845    0.00173      0.05537      0.02228      0.00203      0.05570      0.02223      
107400  0.08432    0.00653    0.01844    0.00174      0.05538      0.02227      0.00205      0.05570      0.02224      
107500  0.08431    0.00653    0.01844    0.00174      0.05537      0.02218      0.00204      0.05569      0.02217      
107600  0.08429    0.00653    0.01844    0.00173      0.05537      0.02221      0.00204      0.05569      0.02219      
107700  0.08428    0.00653    0.01844    0.00173      0.05537      0.02217      0.00204      0.05570      0.02214      
107800  0.08428    0.00652    0.01843    0.00173      0.05537      0.02224      0.00204      0.05568      0.02220      
107900  0.08426    0.00651    0.01843    0.00173      0.05538      0.02217      0.00205      0.05569      0.02216      
108000  0.08426    0.00651    0.01842    0.00173      0.05537      0.02225      0.00204      0.05569      0.02222      
108100  0.08425    0.00651    0.01842    0.00173      0.05537      0.02227      0.00204      0.05569      0.02225      
108200  0.08424    0.00651    0.01841    0.00173      0.05537      0.02220      0.00204      0.05570      0.02217      
108300  0.08423    0.00650    0.01841    0.00173      0.05536      0.02232      0.00204      0.05567      0.02230      
108400  0.08423    0.00650    0.01840    0.00173      0.05538      0.02217      0.00204      0.05570      0.02215      
108500  0.08421    0.00649    0.01840    0.00173      0.05537      0.02218      0.00204      0.05569      0.02216      
108600  0.08420    0.00648    0.01840    0.00173      0.05537      0.02218      0.00205      0.05569      0.02219      
108700  0.08419    0.00648    0.01839    0.00173      0.05538      0.02211      0.00204      0.05570      0.02212      
108800  0.08418    0.00648    0.01839    0.00173      0.05535      0.02222      0.00205      0.05567      0.02220      
108900  0.08418    0.00648    0.01839    0.00174      0.05535      0.02231      0.00204      0.05567      0.02228      
109000  0.08416    0.00648    0.01838    0.00173      0.05535      0.02226      0.00205      0.05568      0.02224      
109100  0.08416    0.00647    0.01838    0.00173      0.05537      0.02217      0.00205      0.05569      0.02216      
109200  0.08415    0.00647    0.01837    0.00173      0.05536      0.02224      0.00204      0.05567      0.02224      
109300  0.08414    0.00646    0.01837    0.00173      0.05536      0.02222      0.00204      0.05568      0.02220      
109400  0.08413    0.00646    0.01836    0.00173      0.05535      0.02222      0.00204      0.05569      0.02222      
109500  0.08413    0.00646    0.01836    0.00174      0.05535      0.02222      0.00204      0.05568      0.02222      
109600  0.08412    0.00646    0.01836    0.00173      0.05535      0.02222      0.00203      0.05568      0.02220      
109700  0.08411    0.00645    0.01835    0.00173      0.05536      0.02214      0.00204      0.05568      0.02214      
109800  0.08410    0.00645    0.01834    0.00173      0.05536      0.02214      0.00203      0.05569      0.02214      
109900  0.08408    0.00644    0.01834    0.00173      0.05536      0.02214      0.00204      0.05568      0.02215      
110000  0.08407    0.00644    0.01834    0.00173      0.05535      0.02221      0.00205      0.05567      0.02221      
110100  0.08406    0.00644    0.01833    0.00173      0.05534      0.02217      0.00204      0.05566      0.02217      
110200  0.08405    0.00642    0.01832    0.00173      0.05535      0.02221      0.00204      0.05568      0.02222      
110300  0.08404    0.00642    0.01832    0.00173      0.05533      0.02233      0.00204      0.05566      0.02231      
110400  0.08403    0.00642    0.01832    0.00173      0.05534      0.02223      0.00204      0.05567      0.02221      
110500  0.08402    0.00641    0.01831    0.00174      0.05535      0.02215      0.00205      0.05567      0.02215      
110600  0.08402    0.00641    0.01831    0.00173      0.05535      0.02216      0.00205      0.05568      0.02216      
110700  0.08400    0.00641    0.01830    0.00173      0.05534      0.02220      0.00205      0.05566      0.02220      
110800  0.08400    0.00640    0.01830    0.00173      0.05535      0.02219      0.00204      0.05568      0.02217      
110900  0.08399    0.00640    0.01829    0.00173      0.05535      0.02221      0.00204      0.05567      0.02221      
111000  0.08398    0.00639    0.01829    0.00173      0.05536      0.02216      0.00204      0.05567      0.02217      
111100  0.08398    0.00639    0.01829    0.00174      0.05535      0.02208      0.00204      0.05567      0.02208      
111200  0.08397    0.00639    0.01828    0.00174      0.05534      0.02218      0.00204      0.05565      0.02217      
111300  0.08395    0.00639    0.01828    0.00173      0.05533      0.02223      0.00204      0.05563      0.02221      
111400  0.08394    0.00638    0.01828    0.00173      0.05533      0.02221      0.00204      0.05565      0.02221      
111500  0.08393    0.00638    0.01827    0.00173      0.05532      0.02221      0.00204      0.05564      0.02219      
111600  0.08392    0.00637    0.01827    0.00173      0.05533      0.02216      0.00204      0.05565      0.02216      
111700  0.08391    0.00637    0.01826    0.00173      0.05533      0.02218      0.00205      0.05565      0.02220      
111800  0.08390    0.00636    0.01826    0.00173      0.05533      0.02219      0.00205      0.05564      0.02221      
111900  0.08389    0.00636    0.01825    0.00173      0.05532      0.02230      0.00205      0.05563      0.02231      
112000  0.08389    0.00635    0.01825    0.00173      0.05532      0.02234      0.00204      0.05563      0.02234      
112100  0.08388    0.00635    0.01824    0.00173      0.05533      0.02224      0.00204      0.05564      0.02225      
112200  0.08388    0.00635    0.01824    0.00173      0.05534      0.02214      0.00204      0.05566      0.02217      
112300  0.08386    0.00635    0.01823    0.00173      0.05533      0.02228      0.00205      0.05564      0.02230      
112400  0.08385    0.00634    0.01823    0.00173      0.05532      0.02232      0.00205      0.05563      0.02235      
112500  0.08384    0.00634    0.01823    0.00173      0.05532      0.02225      0.00205      0.05564      0.02228      
112600  0.08383    0.00634    0.01822    0.00173      0.05532      0.02225      0.00205      0.05564      0.02227      
112700  0.08382    0.00633    0.01822    0.00173      0.05532      0.02223      0.00204      0.05563      0.02223      
112800  0.08382    0.00632    0.01821    0.00173      0.05534      0.02215      0.00204      0.05565      0.02217      
112900  0.08380    0.00632    0.01821    0.00173      0.05532      0.02218      0.00204      0.05563      0.02218      
113000  0.08380    0.00632    0.01820    0.00173      0.05533      0.02209      0.00204      0.05564      0.02210      
113100  0.08379    0.00632    0.01820    0.00173      0.05532      0.02219      0.00204      0.05562      0.02220      
113200  0.08378    0.00631    0.01820    0.00173      0.05533      0.02220      0.00204      0.05564      0.02220      
113300  0.08378    0.00631    0.01819    0.00173      0.05533      0.02220      0.00205      0.05565      0.02220      
113400  0.08377    0.00631    0.01819    0.00173      0.05532      0.02222      0.00204      0.05562      0.02223      
113500  0.08375    0.00630    0.01818    0.00173      0.05532      0.02218      0.00205      0.05563      0.02218      
113600  0.08375    0.00630    0.01818    0.00173      0.05532      0.02223      0.00204      0.05563      0.02223      
113700  0.08374    0.00630    0.01818    0.00173      0.05533      0.02214      0.00204      0.05564      0.02215      
113800  0.08374    0.00629    0.01817    0.00173      0.05533      0.02216      0.00205      0.05563      0.02215      
113900  0.08373    0.00629    0.01817    0.00173      0.05532      0.02220      0.00204      0.05562      0.02219      
114000  0.08372    0.00629    0.01816    0.00173      0.05532      0.02215      0.00203      0.05564      0.02214      
114100  0.08372    0.00628    0.01816    0.00173      0.05533      0.02224      0.00204      0.05564      0.02223      
114200  0.08371    0.00628    0.01815    0.00173      0.05534      0.02214      0.00204      0.05563      0.02214      
114300  0.08370    0.00628    0.01815    0.00173      0.05533      0.02217      0.00205      0.05563      0.02218      
114400  0.08369    0.00627    0.01814    0.00173      0.05533      0.02219      0.00204      0.05564      0.02219      
114500  0.08368    0.00627    0.01814    0.00174      0.05531      0.02219      0.00204      0.05562      0.02218      
114600  0.08367    0.00627    0.01814    0.00173      0.05531      0.02220      0.00204      0.05561      0.02219      
114700  0.08367    0.00627    0.01813    0.00173      0.05532      0.02223      0.00204      0.05563      0.02221      
114800  0.08366    0.00627    0.01813    0.00173      0.05533      0.02212      0.00204      0.05564      0.02212      
114900  0.08366    0.00626    0.01813    0.00174      0.05532      0.02218      0.00205      0.05563      0.02219      
115000  0.08365    0.00626    0.01812    0.00173      0.05532      0.02215      0.00204      0.05564      0.02215      
115100  0.08364    0.00625    0.01812    0.00172      0.05533      0.02214      0.00203      0.05564      0.02212      
115200  0.08363    0.00624    0.01811    0.00173      0.05533      0.02217      0.00204      0.05565      0.02217      
115300  0.08362    0.00624    0.01811    0.00173      0.05532      0.02221      0.00204      0.05562      0.02220      
115400  0.08362    0.00624    0.01811    0.00173      0.05532      0.02226      0.00204      0.05562      0.02225      
115500  0.08361    0.00624    0.01810    0.00173      0.05532      0.02220      0.00203      0.05562      0.02218      
115600  0.08361    0.00624    0.01810    0.00173      0.05532      0.02214      0.00204      0.05563      0.02214      
115700  0.08359    0.00623    0.01810    0.00173      0.05533      0.02207      0.00203      0.05563      0.02207      
115800  0.08360    0.00623    0.01809    0.00173      0.05534      0.02211      0.00203      0.05563      0.02211      
115900  0.08359    0.00623    0.01809    0.00172      0.05533      0.02219      0.00204      0.05563      0.02219      
116000  0.08357    0.00622    0.01808    0.00173      0.05532      0.02210      0.00204      0.05562      0.02209      
116100  0.08356    0.00622    0.01808    0.00173      0.05532      0.02221      0.00204      0.05561      0.02220      
116200  0.08356    0.00622    0.01808    0.00173      0.05531      0.02214      0.00204      0.05561      0.02212      
116300  0.08355    0.00622    0.01807    0.00172      0.05532      0.02217      0.00203      0.05563      0.02216      
116400  0.08354    0.00621    0.01807    0.00172      0.05533      0.02212      0.00204      0.05564      0.02212      
116500  0.08354    0.00621    0.01806    0.00173      0.05532      0.02216      0.00204      0.05562      0.02213      
116600  0.08353    0.00621    0.01806    0.00172      0.05532      0.02214      0.00203      0.05562      0.02213      
116700  0.08352    0.00621    0.01805    0.00173      0.05530      0.02225      0.00205      0.05560      0.02223      
116800  0.08351    0.00621    0.01805    0.00173      0.05530      0.02219      0.00204      0.05560      0.02218      
116900  0.08351    0.00620    0.01804    0.00173      0.05533      0.02215      0.00204      0.05563      0.02214      
117000  0.08350    0.00620    0.01804    0.00173      0.05533      0.02210      0.00204      0.05563      0.02208      
117100  0.08349    0.00620    0.01804    0.00173      0.05531      0.02223      0.00205      0.05561      0.02221      
117200  0.08348    0.00619    0.01803    0.00173      0.05531      0.02224      0.00204      0.05563      0.02223      
117300  0.08348    0.00619    0.01803    0.00173      0.05531      0.02223      0.00204      0.05562      0.02222      
117400  0.08347    0.00619    0.01802    0.00173      0.05531      0.02216      0.00204      0.05562      0.02215      
117500  0.08346    0.00619    0.01802    0.00173      0.05530      0.02221      0.00204      0.05561      0.02218      
117600  0.08345    0.00618    0.01801    0.00173      0.05530      0.02218      0.00205      0.05560      0.02217      
117700  0.08344    0.00618    0.01801    0.00173      0.05531      0.02219      0.00204      0.05561      0.02218      
117800  0.08344    0.00618    0.01801    0.00173      0.05530      0.02223      0.00204      0.05560      0.02221      
117900  0.08343    0.00617    0.01800    0.00173      0.05531      0.02223      0.00204      0.05560      0.02221      
118000  0.08342    0.00617    0.01800    0.00173      0.05531      0.02216      0.00204      0.05561      0.02215      
118100  0.08341    0.00617    0.01799    0.00173      0.05530      0.02221      0.00204      0.05561      0.02218      
118200  0.08341    0.00616    0.01799    0.00173      0.05530      0.02222      0.00204      0.05560      0.02220      
118300  0.08340    0.00616    0.01799    0.00173      0.05530      0.02219      0.00204      0.05561      0.02216      
118400  0.08339    0.00616    0.01799    0.00173      0.05529      0.02221      0.00205      0.05558      0.02219      
118500  0.08338    0.00616    0.01798    0.00173      0.05529      0.02215      0.00203      0.05560      0.02211      
118600  0.08338    0.00616    0.01798    0.00173      0.05529      0.02222      0.00204      0.05559      0.02219      
118700  0.08337    0.00615    0.01797    0.00173      0.05530      0.02215      0.00204      0.05561      0.02214      
118800  0.08336    0.00615    0.01797    0.00173      0.05529      0.02222      0.00204      0.05559      0.02220      
118900  0.08336    0.00615    0.01796    0.00173      0.05530      0.02221      0.00204      0.05561      0.02219      
119000  0.08335    0.00614    0.01796    0.00173      0.05529      0.02225      0.00204      0.05559      0.02222      
119100  0.08334    0.00614    0.01796    0.00173      0.05529      0.02221      0.00204      0.05559      0.02220      
119200  0.08333    0.00614    0.01795    0.00173      0.05529      0.02225      0.00204      0.05558      0.02223      
119300  0.08332    0.00613    0.01795    0.00173      0.05528      0.02226      0.00205      0.05558      0.02226      
119400  0.08331    0.00613    0.01795    0.00173      0.05528      0.02221      0.00205      0.05557      0.02220      
119500  0.08330    0.00613    0.01794    0.00173      0.05528      0.02218      0.00204      0.05558      0.02217      
119600  0.08330    0.00613    0.01794    0.00173      0.05529      0.02218      0.00204      0.05559      0.02216      
119700  0.08329    0.00612    0.01794    0.00173      0.05528      0.02224      0.00204      0.05557      0.02222      
119800  0.08328    0.00612    0.01793    0.00173      0.05527      0.02221      0.00204      0.05558      0.02218      
119900  0.08327    0.00612    0.01793    0.00173      0.05528      0.02215      0.00204      0.05558      0.02214      
120000  0.08327    0.00612    0.01792    0.00173      0.05528      0.02223      0.00204      0.05558      0.02221      
120100  0.08327    0.00611    0.01792    0.00173      0.05529      0.02219      0.00204      0.05559      0.02218      
120200  0.08326    0.00611    0.01792    0.00173      0.05529      0.02221      0.00204      0.05559      0.02221      
120300  0.08326    0.00611    0.01791    0.00174      0.05527      0.02225      0.00204      0.05557      0.02222      
120400  0.08325    0.00610    0.01791    0.00173      0.05528      0.02228      0.00204      0.05557      0.02226      
120500  0.08324    0.00610    0.01790    0.00173      0.05529      0.02219      0.00204      0.05559      0.02217      
120600  0.08323    0.00610    0.01790    0.00173      0.05528      0.02221      0.00204      0.05559      0.02220      
120700  0.08323    0.00609    0.01790    0.00173      0.05529      0.02215      0.00204      0.05560      0.02215      
120800  0.08322    0.00609    0.01789    0.00173      0.05529      0.02219      0.00204      0.05560      0.02217      
120900  0.08321    0.00609    0.01789    0.00173      0.05528      0.02222      0.00205      0.05558      0.02221      
121000  0.08321    0.00609    0.01789    0.00173      0.05528      0.02223      0.00204      0.05559      0.02222      
121100  0.08320    0.00608    0.01788    0.00173      0.05528      0.02217      0.00204      0.05559      0.02215      
121200  0.08319    0.00608    0.01788    0.00173      0.05528      0.02215      0.00204      0.05558      0.02215      
121300  0.08318    0.00608    0.01788    0.00173      0.05528      0.02222      0.00203      0.05559      0.02220      
121400  0.08317    0.00608    0.01787    0.00173      0.05527      0.02219      0.00204      0.05557      0.02219      
121500  0.08317    0.00608    0.01787    0.00173      0.05527      0.02222      0.00204      0.05559      0.02221      
121600  0.08316    0.00607    0.01787    0.00173      0.05527      0.02222      0.00204      0.05558      0.02221      
121700  0.08316    0.00607    0.01786    0.00174      0.05527      0.02218      0.00204      0.05556      0.02218      
121800  0.08315    0.00607    0.01786    0.00173      0.05526      0.02225      0.00203      0.05557      0.02222      
121900  0.08315    0.00607    0.01786    0.00172      0.05529      0.02218      0.00204      0.05559      0.02218      
122000  0.08314    0.00606    0.01785    0.00173      0.05528      0.02217      0.00204      0.05558      0.02215      
122100  0.08313    0.00606    0.01785    0.00173      0.05528      0.02217      0.00204      0.05559      0.02217      
122200  0.08313    0.00606    0.01785    0.00173      0.05528      0.02216      0.00204      0.05558      0.02216      
122300  0.08312    0.00606    0.01784    0.00173      0.05526      0.02229      0.00204      0.05557      0.02227      
122400  0.08311    0.00605    0.01784    0.00173      0.05526      0.02223      0.00205      0.05556      0.02221      
122500  0.08311    0.00606    0.01784    0.00173      0.05527      0.02219      0.00203      0.05557      0.02218      
122600  0.08310    0.00605    0.01783    0.00173      0.05526      0.02226      0.00204      0.05556      0.02224      
122700  0.08309    0.00605    0.01783    0.00173      0.05527      0.02217      0.00204      0.05557      0.02217      
122800  0.08309    0.00605    0.01783    0.00173      0.05526      0.02223      0.00204      0.05557      0.02222      
122900  0.08308    0.00605    0.01782    0.00173      0.05526      0.02221      0.00205      0.05556      0.02220      
123000  0.08308    0.00604    0.01782    0.00173      0.05526      0.02226      0.00205      0.05556      0.02225      
123100  0.08306    0.00604    0.01782    0.00173      0.05525      0.02220      0.00204      0.05555      0.02218      
123200  0.08306    0.00604    0.01781    0.00173      0.05525      0.02222      0.00205      0.05556      0.02222      
123300  0.08305    0.00604    0.01781    0.00174      0.05525      0.02222      0.00205      0.05555      0.02222      
123400  0.08304    0.00603    0.01781    0.00174      0.05525      0.02220      0.00205      0.05556      0.02220      
123500  0.08304    0.00603    0.01780    0.00173      0.05525      0.02225      0.00204      0.05556      0.02222      
123600  0.08304    0.00603    0.01780    0.00173      0.05526      0.02226      0.00204      0.05556      0.02225      
123700  0.08302    0.00603    0.01779    0.00173      0.05525      0.02221      0.00205      0.05556      0.02220      
123800  0.08302    0.00603    0.01779    0.00173      0.05525      0.02222      0.00205      0.05555      0.02221      
123900  0.08302    0.00602    0.01779    0.00174      0.05524      0.02230      0.00205      0.05554      0.02228      
124000  0.08301    0.00602    0.01778    0.00173      0.05525      0.02224      0.00205      0.05555      0.02223      
124100  0.08300    0.00601    0.01778    0.00173      0.05526      0.02220      0.00205      0.05557      0.02218      
124200  0.08299    0.00601    0.01777    0.00173      0.05524      0.02233      0.00204      0.05553      0.02230      
124300  0.08298    0.00601    0.01777    0.00173      0.05524      0.02222      0.00204      0.05554      0.02220      
124400  0.08297    0.00601    0.01777    0.00173      0.05524      0.02220      0.00204      0.05555      0.02219      
124500  0.08297    0.00601    0.01776    0.00173      0.05525      0.02220      0.00205      0.05556      0.02219      
124600  0.08296    0.00600    0.01776    0.00173      0.05523      0.02227      0.00205      0.05554      0.02227      
124700  0.08296    0.00600    0.01776    0.00173      0.05524      0.02229      0.00205      0.05555      0.02228      
124800  0.08295    0.00600    0.01776    0.00173      0.05524      0.02224      0.00205      0.05556      0.02225      
124900  0.08295    0.00600    0.01775    0.00173      0.05524      0.02226      0.00206      0.05554      0.02227      
125000  0.08294    0.00599    0.01775    0.00173      0.05524      0.02226      0.00204      0.05556      0.02225      
125100  0.08293    0.00599    0.01775    0.00173      0.05524      0.02223      0.00204      0.05554      0.02222      
125200  0.08293    0.00599    0.01774    0.00173      0.05524      0.02227      0.00205      0.05555      0.02228      
125300  0.08292    0.00599    0.01774    0.00173      0.05523      0.02226      0.00204      0.05555      0.02226      
125400  0.08292    0.00599    0.01774    0.00173      0.05524      0.02224      0.00205      0.05555      0.02224      
125500  0.08291    0.00599    0.01773    0.00173      0.05523      0.02228      0.00205      0.05553      0.02228      
125600  0.08291    0.00598    0.01773    0.00173      0.05523      0.02221      0.00204      0.05555      0.02221      
125700  0.08289    0.00598    0.01773    0.00173      0.05523      0.02221      0.00205      0.05554      0.02222      
125800  0.08289    0.00598    0.01773    0.00173      0.05523      0.02228      0.00204      0.05555      0.02227      
125900  0.08288    0.00598    0.01772    0.00173      0.05523      0.02224      0.00205      0.05555      0.02225      
126000  0.08288    0.00598    0.01772    0.00173      0.05522      0.02227      0.00205      0.05553      0.02226      
126100  0.08287    0.00597    0.01772    0.00173      0.05522      0.02227      0.00205      0.05552      0.02227      
126200  0.08286    0.00597    0.01772    0.00174      0.05520      0.02229      0.00205      0.05551      0.02228      
126300  0.08285    0.00597    0.01772    0.00173      0.05521      0.02226      0.00205      0.05552      0.02226      
126400  0.08284    0.00597    0.01772    0.00173      0.05520      0.02228      0.00205      0.05551      0.02228      
126500  0.08284    0.00597    0.01771    0.00173      0.05520      0.02223      0.00205      0.05552      0.02222      
126600  0.08283    0.00597    0.01771    0.00173      0.05519      0.02232      0.00205      0.05550      0.02232      
126700  0.08283    0.00596    0.01770    0.00174      0.05520      0.02225      0.00205      0.05552      0.02225      
126800  0.08282    0.00596    0.01770    0.00173      0.05520      0.02228      0.00205      0.05551      0.02227      
126900  0.08281    0.00596    0.01770    0.00173      0.05520      0.02228      0.00205      0.05551      0.02228      
127000  0.08281    0.00596    0.01770    0.00173      0.05519      0.02230      0.00205      0.05550      0.02230      
127100  0.08281    0.00596    0.01770    0.00173      0.05519      0.02231      0.00206      0.05550      0.02230      
127200  0.08280    0.00596    0.01769    0.00173      0.05519      0.02227      0.00205      0.05551      0.02228      
127300  0.08280    0.00595    0.01769    0.00173      0.05519      0.02228      0.00206      0.05550      0.02229      
127400  0.08280    0.00595    0.01769    0.00174      0.05519      0.02226      0.00205      0.05550      0.02226      
127500  0.08279    0.00595    0.01768    0.00173      0.05518      0.02236      0.00205      0.05549      0.02234      
127600  0.08278    0.00595    0.01768    0.00173      0.05518      0.02232      0.00205      0.05550      0.02230      
127700  0.08277    0.00595    0.01768    0.00173      0.05518      0.02232      0.00205      0.05549      0.02231      
127800  0.08277    0.00594    0.01768    0.00173      0.05518      0.02236      0.00205      0.05549      0.02234      
127900  0.08277    0.00594    0.01767    0.00173      0.05519      0.02228      0.00205      0.05550      0.02228      
128000  0.08276    0.00594    0.01767    0.00173      0.05518      0.02232      0.00206      0.05548      0.02230      
128100  0.08276    0.00594    0.01767    0.00173      0.05519      0.02228      0.00206      0.05549      0.02226      
128200  0.08275    0.00594    0.01766    0.00173      0.05518      0.02232      0.00205      0.05548      0.02231      
128300  0.08275    0.00594    0.01766    0.00173      0.05519      0.02231      0.00205      0.05550      0.02231      
128400  0.08274    0.00593    0.01766    0.00174      0.05518      0.02234      0.00205      0.05549      0.02233      
128500  0.08274    0.00593    0.01766    0.00173      0.05519      0.02230      0.00205      0.05549      0.02229      
128600  0.08273    0.00593    0.01765    0.00173      0.05519      0.02227      0.00205      0.05550      0.02227      
128700  0.08273    0.00592    0.01765    0.00173      0.05519      0.02232      0.00205      0.05550      0.02231      
128800  0.08272    0.00592    0.01765    0.00174      0.05519      0.02230      0.00205      0.05550      0.02229      
128900  0.08271    0.00592    0.01765    0.00173      0.05519      0.02224      0.00204      0.05550      0.02223      
129000  0.08271    0.00592    0.01764    0.00173      0.05518      0.02234      0.00205      0.05549      0.02235      
129100  0.08270    0.00592    0.01764    0.00173      0.05519      0.02224      0.00205      0.05549      0.02224      
129200  0.08270    0.00592    0.01764    0.00173      0.05519      0.02227      0.00206      0.05550      0.02229      
129300  0.08269    0.00591    0.01763    0.00173      0.05519      0.02225      0.00205      0.05550      0.02227      
129400  0.08269    0.00591    0.01763    0.00173      0.05519      0.02228      0.00206      0.05550      0.02230      
129500  0.08268    0.00591    0.01763    0.00173      0.05519      0.02224      0.00205      0.05550      0.02225      
129600  0.08268    0.00591    0.01763    0.00173      0.05519      0.02225      0.00205      0.05549      0.02226      
129700  0.08268    0.00591    0.01762    0.00174      0.05519      0.02224      0.00205      0.05549      0.02224      
129800  0.08267    0.00591    0.01762    0.00174      0.05518      0.02229      0.00205      0.05549      0.02228      
129900  0.08267    0.00590    0.01762    0.00174      0.05518      0.02230      0.00206      0.05547      0.02230      
130000  0.08266    0.00590    0.01762    0.00174      0.05518      0.02231      0.00205      0.05549      0.02230      
130100  0.08265    0.00590    0.01761    0.00173      0.05518      0.02231      0.00205      0.05549      0.02231      
130200  0.08265    0.00590    0.01761    0.00173      0.05517      0.02233      0.00205      0.05548      0.02234      
130300  0.08264    0.00590    0.01761    0.00174      0.05517      0.02232      0.00206      0.05548      0.02233      
130400  0.08264    0.00590    0.01761    0.00174      0.05517      0.02231      0.00205      0.05547      0.02231      
130500  0.08263    0.00589    0.01760    0.00173      0.05517      0.02230      0.00206      0.05548      0.02231      
130600  0.08262    0.00589    0.01760    0.00173      0.05516      0.02231      0.00206      0.05547      0.02232      
130700  0.08262    0.00589    0.01760    0.00174      0.05517      0.02230      0.00206      0.05548      0.02230      
130800  0.08261    0.00589    0.01759    0.00173      0.05517      0.02226      0.00205      0.05548      0.02226      
130900  0.08260    0.00589    0.01759    0.00173      0.05516      0.02231      0.00205      0.05546      0.02231      
131000  0.08260    0.00589    0.01759    0.00173      0.05516      0.02229      0.00205      0.05546      0.02229      
131100  0.08259    0.00588    0.01759    0.00173      0.05516      0.02235      0.00205      0.05546      0.02235      
131200  0.08259    0.00588    0.01758    0.00174      0.05517      0.02227      0.00206      0.05547      0.02228      
131300  0.08259    0.00588    0.01758    0.00173      0.05518      0.02218      0.00205      0.05548      0.02220      
131400  0.08258    0.00587    0.01758    0.00173      0.05518      0.02221      0.00206      0.05547      0.02224      
131500  0.08258    0.00587    0.01758    0.00173      0.05516      0.02230      0.00206      0.05547      0.02231      
131600  0.08257    0.00587    0.01758    0.00173      0.05516      0.02232      0.00206      0.05546      0.02233      
131700  0.08256    0.00587    0.01757    0.00174      0.05515      0.02233      0.00206      0.05544      0.02233      
131800  0.08256    0.00587    0.01757    0.00173      0.05517      0.02225      0.00206      0.05547      0.02227      
131900  0.08256    0.00587    0.01757    0.00173      0.05516      0.02229      0.00206      0.05547      0.02231      
132000  0.08255    0.00586    0.01756    0.00174      0.05515      0.02235      0.00206      0.05545      0.02236      
132100  0.08255    0.00586    0.01756    0.00173      0.05517      0.02230      0.00205      0.05547      0.02231      
132200  0.08254    0.00586    0.01756    0.00174      0.05516      0.02228      0.00206      0.05546      0.02231      
132300  0.08253    0.00586    0.01756    0.00173      0.05516      0.02229      0.00206      0.05546      0.02230      
132400  0.08253    0.00586    0.01755    0.00173      0.05515      0.02230      0.00205      0.05546      0.02230      
132500  0.08252    0.00585    0.01755    0.00174      0.05514      0.02234      0.00206      0.05544      0.02234      
132600  0.08252    0.00585    0.01755    0.00173      0.05516      0.02228      0.00206      0.05546      0.02229      
132700  0.08252    0.00585    0.01755    0.00173      0.05515      0.02236      0.00207      0.05545      0.02237      
132800  0.08251    0.00585    0.01754    0.00173      0.05515      0.02227      0.00206      0.05546      0.02229      
132900  0.08250    0.00585    0.01754    0.00173      0.05515      0.02227      0.00206      0.05547      0.02228      
133000  0.08250    0.00585    0.01754    0.00173      0.05515      0.02229      0.00206      0.05546      0.02231      
133100  0.08249    0.00585    0.01754    0.00173      0.05515      0.02226      0.00206      0.05546      0.02228      
133200  0.08249    0.00585    0.01753    0.00173      0.05515      0.02229      0.00206      0.05545      0.02231      
133300  0.08249    0.00584    0.01753    0.00173      0.05515      0.02227      0.00206      0.05546      0.02229      
133400  0.08248    0.00584    0.01753    0.00173      0.05515      0.02228      0.00205      0.05546      0.02229      
133500  0.08248    0.00584    0.01753    0.00173      0.05515      0.02223      0.00205      0.05545      0.02224      
133600  0.08247    0.00584    0.01752    0.00173      0.05514      0.02233      0.00205      0.05544      0.02233      
133700  0.08247    0.00584    0.01752    0.00173      0.05516      0.02218      0.00206      0.05547      0.02221      
133800  0.08246    0.00584    0.01752    0.00173      0.05514      0.02232      0.00206      0.05545      0.02233      
133900  0.08246    0.00584    0.01752    0.00173      0.05514      0.02227      0.00206      0.05544      0.02229      
134000  0.08245    0.00584    0.01752    0.00173      0.05513      0.02234      0.00206      0.05543      0.02234      
134100  0.08245    0.00584    0.01752    0.00173      0.05513      0.02236      0.00206      0.05543      0.02236      
134200  0.08244    0.00584    0.01751    0.00173      0.05514      0.02220      0.00205      0.05544      0.02221      
134300  0.08244    0.00583    0.01751    0.00173      0.05514      0.02224      0.00205      0.05544      0.02224      
134400  0.08244    0.00583    0.01751    0.00173      0.05515      0.02226      0.00205      0.05544      0.02227      
134500  0.08243    0.00583    0.01751    0.00173      0.05514      0.02226      0.00206      0.05545      0.02228      
134600  0.08243    0.00583    0.01750    0.00173      0.05514      0.02230      0.00206      0.05544      0.02232      
134700  0.08243    0.00582    0.01750    0.00173      0.05513      0.02237      0.00206      0.05544      0.02238      
134800  0.08242    0.00582    0.01750    0.00173      0.05514      0.02236      0.00206      0.05543      0.02236      
134900  0.08242    0.00582    0.01750    0.00174      0.05513      0.02232      0.00206      0.05542      0.02232      
135000  0.08241    0.00582    0.01750    0.00173      0.05513      0.02231      0.00206      0.05543      0.02231      
135100  0.08241    0.00582    0.01749    0.00173      0.05514      0.02229      0.00206      0.05544      0.02231      
135200  0.08241    0.00581    0.01749    0.00173      0.05515      0.02230      0.00205      0.05545      0.02232      
135300  0.08241    0.00581    0.01749    0.00173      0.05515      0.02230      0.00206      0.05544      0.02231      
135400  0.08240    0.00582    0.01749    0.00173      0.05513      0.02229      0.00206      0.05544      0.02230      
135500  0.08239    0.00581    0.01748    0.00173      0.05513      0.02231      0.00206      0.05544      0.02232      
135600  0.08239    0.00581    0.01748    0.00173      0.05513      0.02229      0.00206      0.05544      0.02231      
135700  0.08239    0.00581    0.01748    0.00174      0.05513      0.02236      0.00206      0.05543      0.02237      
135800  0.08238    0.00581    0.01748    0.00174      0.05512      0.02231      0.00206      0.05543      0.02232      
135900  0.08238    0.00581    0.01748    0.00174      0.05512      0.02235      0.00206      0.05542      0.02235      
136000  0.08237    0.00581    0.01747    0.00173      0.05512      0.02232      0.00206      0.05542      0.02233      
136100  0.08237    0.00581    0.01747    0.00173      0.05513      0.02225      0.00206      0.05543      0.02227      
136200  0.08236    0.00581    0.01747    0.00173      0.05512      0.02230      0.00206      0.05543      0.02231      
136300  0.08236    0.00581    0.01747    0.00173      0.05513      0.02220      0.00206      0.05543      0.02223      
136400  0.08235    0.00581    0.01747    0.00173      0.05512      0.02228      0.00206      0.05543      0.02231      
136500  0.08235    0.00580    0.01747    0.00173      0.05512      0.02228      0.00205      0.05543      0.02229      
136600  0.08234    0.00580    0.01746    0.00173      0.05512      0.02224      0.00206      0.05543      0.02226      
136700  0.08234    0.00580    0.01746    0.00173      0.05512      0.02227      0.00206      0.05543      0.02228      
136800  0.08234    0.00580    0.01746    0.00173      0.05512      0.02225      0.00206      0.05542      0.02227      
136900  0.08233    0.00580    0.01746    0.00173      0.05511      0.02224      0.00206      0.05541      0.02226      
137000  0.08233    0.00580    0.01746    0.00173      0.05512      0.02225      0.00206      0.05542      0.02226      
137100  0.08233    0.00580    0.01745    0.00173      0.05512      0.02229      0.00206      0.05542      0.02230      
137200  0.08232    0.00580    0.01745    0.00173      0.05512      0.02224      0.00205      0.05543      0.02225      
137300  0.08232    0.00580    0.01745    0.00173      0.05511      0.02232      0.00205      0.05542      0.02233      
137400  0.08232    0.00580    0.01745    0.00173      0.05512      0.02227      0.00206      0.05542      0.02228      
137500  0.08232    0.00580    0.01745    0.00173      0.05511      0.02232      0.00206      0.05541      0.02233      
137600  0.08232    0.00580    0.01744    0.00173      0.05511      0.02231      0.00206      0.05541      0.02232      
137700  0.08231    0.00580    0.01744    0.00173      0.05510      0.02234      0.00206      0.05540      0.02235      
137800  0.08231    0.00580    0.01744    0.00173      0.05511      0.02229      0.00205      0.05541      0.02230      
137900  0.08231    0.00579    0.01744    0.00173      0.05512      0.02228      0.00206      0.05541      0.02229      
138000  0.08230    0.00579    0.01744    0.00173      0.05512      0.02223      0.00206      0.05542      0.02226      
138100  0.08230    0.00579    0.01743    0.00173      0.05512      0.02227      0.00206      0.05542      0.02230      
138200  0.08230    0.00579    0.01743    0.00173      0.05512      0.02225      0.00205      0.05543      0.02227      
138300  0.08229    0.00579    0.01743    0.00173      0.05512      0.02226      0.00206      0.05542      0.02228      
138400  0.08229    0.00579    0.01743    0.00173      0.05511      0.02225      0.00206      0.05542      0.02227      
138500  0.08228    0.00579    0.01743    0.00173      0.05512      0.02221      0.00205      0.05542      0.02223      
138600  0.08229    0.00579    0.01743    0.00173      0.05512      0.02224      0.00205      0.05541      0.02226      
138700  0.08228    0.00578    0.01742    0.00173      0.05512      0.02231      0.00206      0.05542      0.02234      
138800  0.08228    0.00578    0.01742    0.00173      0.05512      0.02224      0.00205      0.05542      0.02226      
138900  0.08228    0.00578    0.01742    0.00173      0.05513      0.02225      0.00205      0.05542      0.02227      
139000  0.08227    0.00578    0.01742    0.00173      0.05512      0.02232      0.00206      0.05541      0.02234      
139100  0.08227    0.00578    0.01742    0.00173      0.05512      0.02229      0.00205      0.05542      0.02230      
139200  0.08227    0.00578    0.01741    0.00173      0.05512      0.02224      0.00206      0.05541      0.02225      
139300  0.08226    0.00578    0.01741    0.00173      0.05511      0.02227      0.00205      0.05541      0.02227      
139400  0.08226    0.00577    0.01741    0.00173      0.05512      0.02226      0.00205      0.05541      0.02227      
139500  0.08225    0.00577    0.01741    0.00173      0.05511      0.02225      0.00206      0.05541      0.02226      
139600  0.08225    0.00577    0.01741    0.00173      0.05510      0.02235      0.00206      0.05540      0.02235      
139700  0.08224    0.00577    0.01740    0.00173      0.05511      0.02225      0.00205      0.05541      0.02226      
139800  0.08224    0.00577    0.01740    0.00173      0.05511      0.02226      0.00205      0.05541      0.02227      
139900  0.08224    0.00577    0.01740    0.00173      0.05510      0.02228      0.00205      0.05541      0.02229      
140000  0.08223    0.00577    0.01740    0.00173      0.05510      0.02230      0.00206      0.05540      0.02231      
140100  0.08223    0.00577    0.01740    0.00173      0.05511      0.02227      0.00205      0.05541      0.02228      
140200  0.08222    0.00577    0.01740    0.00173      0.05511      0.02220      0.00206      0.05541      0.02221      
140300  0.08222    0.00577    0.01739    0.00173      0.05511      0.02227      0.00205      0.05541      0.02227      
140400  0.08222    0.00576    0.01739    0.00173      0.05511      0.02229      0.00205      0.05540      0.02230      
140500  0.08221    0.00576    0.01739    0.00173      0.05510      0.02224      0.00205      0.05541      0.02225      
140600  0.08221    0.00576    0.01739    0.00172      0.05511      0.02224      0.00205      0.05541      0.02225      
140700  0.08221    0.00576    0.01739    0.00173      0.05511      0.02215      0.00205      0.05542      0.02218      
140800  0.08221    0.00576    0.01739    0.00173      0.05511      0.02220      0.00205      0.05540      0.02222      
140900  0.08220    0.00576    0.01739    0.00173      0.05510      0.02221      0.00205      0.05540      0.02222      
141000  0.08220    0.00576    0.01738    0.00173      0.05510      0.02220      0.00205      0.05540      0.02221      
141100  0.08219    0.00576    0.01738    0.00173      0.05511      0.02219      0.00205      0.05541      0.02221      
141200  0.08219    0.00576    0.01738    0.00173      0.05510      0.02221      0.00205      0.05540      0.02223      
141300  0.08219    0.00575    0.01738    0.00173      0.05511      0.02222      0.00205      0.05541      0.02223      
141400  0.08218    0.00575    0.01738    0.00173      0.05510      0.02224      0.00205      0.05540      0.02226      
141500  0.08218    0.00575    0.01738    0.00173      0.05511      0.02220      0.00205      0.05541      0.02222      
141600  0.08218    0.00575    0.01737    0.00173      0.05510      0.02225      0.00205      0.05540      0.02226      
141700  0.08218    0.00575    0.01737    0.00174      0.05510      0.02224      0.00205      0.05540      0.02226      
141800  0.08217    0.00575    0.01737    0.00173      0.05510      0.02224      0.00205      0.05540      0.02225      
141900  0.08217    0.00575    0.01737    0.00173      0.05510      0.02223      0.00206      0.05539      0.02225      
142000  0.08217    0.00575    0.01737    0.00173      0.05510      0.02226      0.00205      0.05539      0.02227      
142100  0.08216    0.00575    0.01736    0.00173      0.05510      0.02219      0.00206      0.05540      0.02221      
142200  0.08216    0.00574    0.01736    0.00173      0.05510      0.02224      0.00205      0.05540      0.02225      
142300  0.08217    0.00574    0.01736    0.00173      0.05511      0.02224      0.00206      0.05541      0.02225      
142400  0.08216    0.00574    0.01736    0.00173      0.05510      0.02223      0.00205      0.05540      0.02224      
142500  0.08215    0.00574    0.01736    0.00173      0.05510      0.02227      0.00205      0.05540      0.02228      
142600  0.08215    0.00574    0.01736    0.00173      0.05510      0.02220      0.00205      0.05541      0.02222      
142700  0.08214    0.00574    0.01736    0.00173      0.05510      0.02222      0.00205      0.05540      0.02224      
142800  0.08214    0.00574    0.01735    0.00173      0.05510      0.02218      0.00205      0.05541      0.02220      
142900  0.08214    0.00573    0.01735    0.00173      0.05511      0.02221      0.00205      0.05541      0.02222      
143000  0.08214    0.00573    0.01735    0.00173      0.05510      0.02225      0.00206      0.05541      0.02228      
143100  0.08214    0.00573    0.01735    0.00173      0.05510      0.02222      0.00205      0.05541      0.02225      
143200  0.08213    0.00573    0.01735    0.00173      0.05510      0.02221      0.00206      0.05541      0.02224      
143300  0.08213    0.00573    0.01735    0.00173      0.05509      0.02223      0.00206      0.05539      0.02225      
143400  0.08212    0.00573    0.01734    0.00173      0.05509      0.02223      0.00205      0.05540      0.02226      
143500  0.08212    0.00573    0.01734    0.00173      0.05509      0.02224      0.00206      0.05540      0.02227      
143600  0.08212    0.00573    0.01734    0.00173      0.05508      0.02229      0.00206      0.05539      0.02232      
143700  0.08212    0.00573    0.01734    0.00173      0.05509      0.02226      0.00206      0.05540      0.02229      
143800  0.08211    0.00573    0.01734    0.00173      0.05508      0.02231      0.00206      0.05537      0.02231      
143900  0.08211    0.00573    0.01734    0.00174      0.05509      0.02225      0.00206      0.05538      0.02227      
144000  0.08210    0.00573    0.01734    0.00173      0.05508      0.02226      0.00205      0.05538      0.02227      
144100  0.08210    0.00573    0.01734    0.00173      0.05508      0.02227      0.00206      0.05538      0.02228      
144200  0.08210    0.00573    0.01733    0.00173      0.05509      0.02220      0.00205      0.05539      0.02222      
144300  0.08210    0.00573    0.01733    0.00173      0.05508      0.02227      0.00206      0.05537      0.02228      
144400  0.08210    0.00573    0.01733    0.00173      0.05508      0.02231      0.00206      0.05538      0.02233      
144500  0.08210    0.00573    0.01733    0.00173      0.05509      0.02221      0.00205      0.05539      0.02223      
144600  0.08209    0.00573    0.01733    0.00173      0.05508      0.02225      0.00205      0.05539      0.02226      
144700  0.08209    0.00573    0.01733    0.00173      0.05507      0.02225      0.00207      0.05538      0.02227      
144800  0.08208    0.00573    0.01733    0.00173      0.05507      0.02224      0.00206      0.05538      0.02226      
144900  0.08208    0.00573    0.01732    0.00173      0.05507      0.02229      0.00206      0.05538      0.02230      
145000  0.08208    0.00572    0.01732    0.00173      0.05509      0.02226      0.00206      0.05539      0.02228      
145100  0.08208    0.00572    0.01732    0.00173      0.05508      0.02232      0.00206      0.05538      0.02233      
145200  0.08208    0.00572    0.01732    0.00173      0.05509      0.02220      0.00206      0.05540      0.02223      
145300  0.08207    0.00572    0.01732    0.00173      0.05507      0.02227      0.00206      0.05538      0.02228      
145400  0.08207    0.00572    0.01732    0.00173      0.05508      0.02228      0.00205      0.05539      0.02230      
145500  0.08207    0.00572    0.01732    0.00173      0.05507      0.02228      0.00206      0.05539      0.02230      
145600  0.08206    0.00572    0.01731    0.00173      0.05508      0.02227      0.00206      0.05538      0.02229      
145700  0.08206    0.00572    0.01731    0.00173      0.05509      0.02223      0.00206      0.05540      0.02225      
145800  0.08206    0.00572    0.01731    0.00173      0.05508      0.02225      0.00205      0.05538      0.02226      
145900  0.08206    0.00572    0.01731    0.00173      0.05508      0.02226      0.00206      0.05537      0.02227      
146000  0.08205    0.00572    0.01731    0.00173      0.05508      0.02219      0.00206      0.05538      0.02222      
146100  0.08205    0.00571    0.01731    0.00173      0.05508      0.02225      0.00206      0.05537      0.02226      
146200  0.08204    0.00571    0.01731    0.00173      0.05507      0.02225      0.00206      0.05539      0.02227      
146300  0.08204    0.00571    0.01730    0.00172      0.05508      0.02227      0.00206      0.05539      0.02228      
146400  0.08204    0.00571    0.01730    0.00173      0.05508      0.02223      0.00206      0.05539      0.02225      
146500  0.08205    0.00571    0.01730    0.00173      0.05507      0.02227      0.00206      0.05538      0.02228      
146600  0.08205    0.00571    0.01730    0.00173      0.05507      0.02234      0.00206      0.05538      0.02234      
146700  0.08204    0.00572    0.01730    0.00173      0.05507      0.02231      0.00206      0.05539      0.02234      
146800  0.08204    0.00572    0.01730    0.00173      0.05506      0.02236      0.00206      0.05538      0.02237      
146900  0.08204    0.00572    0.01730    0.00173      0.05506      0.02233      0.00207      0.05538      0.02234      
147000  0.08205    0.00572    0.01730    0.00173      0.05507      0.02229      0.00207      0.05541      0.02232      
147100  0.08204    0.00572    0.01729    0.00173      0.05508      0.02227      0.00206      0.05540      0.02230      
147200  0.08204    0.00572    0.01730    0.00173      0.05507      0.02227      0.00206      0.05539      0.02230      
147300  0.08204    0.00572    0.01729    0.00173      0.05508      0.02223      0.00207      0.05540      0.02228      
147400  0.08204    0.00572    0.01729    0.00173      0.05507      0.02229      0.00207      0.05538      0.02231      
147500  0.08204    0.00572    0.01729    0.00173      0.05507      0.02231      0.00206      0.05539      0.02234      
147600  0.08204    0.00572    0.01729    0.00173      0.05507      0.02228      0.00206      0.05539      0.02229      
147700  0.08204    0.00572    0.01729    0.00173      0.05507      0.02227      0.00207      0.05540      0.02231      
147800  0.08203    0.00572    0.01729    0.00173      0.05506      0.02229      0.00206      0.05538      0.02231      
147900  0.08204    0.00572    0.01729    0.00173      0.05506      0.02231      0.00206      0.05538      0.02233      
148000  0.08203    0.00572    0.01729    0.00173      0.05506      0.02225      0.00206      0.05538      0.02228      
148100  0.08203    0.00572    0.01729    0.00173      0.05506      0.02228      0.00205      0.05538      0.02229      
148200  0.08203    0.00572    0.01729    0.00174      0.05505      0.02236      0.00206      0.05537      0.02237      
148300  0.08203    0.00573    0.01729    0.00173      0.05505      0.02232      0.00206      0.05538      0.02236      
148400  0.08203    0.00572    0.01729    0.00173      0.05506      0.02231      0.00206      0.05538      0.02233      
148500  0.08202    0.00572    0.01729    0.00173      0.05505      0.02232      0.00206      0.05538      0.02234      
148600  0.08203    0.00572    0.01728    0.00174      0.05505      0.02238      0.00207      0.05537      0.02240      
148700  0.08202    0.00572    0.01728    0.00173      0.05505      0.02234      0.00206      0.05537      0.02236      
148800  0.08202    0.00573    0.01728    0.00173      0.05505      0.02230      0.00206      0.05537      0.02231      
148900  0.08202    0.00573    0.01728    0.00174      0.05505      0.02227      0.00207      0.05538      0.02229      
149000  0.08202    0.00573    0.01728    0.00173      0.05506      0.02231      0.00206      0.05538      0.02234      
149100  0.08202    0.00572    0.01728    0.00173      0.05505      0.02233      0.00206      0.05538      0.02235      
149200  0.08202    0.00573    0.01728    0.00173      0.05505      0.02236      0.00206      0.05538      0.02238      
149300  0.08202    0.00572    0.01728    0.00173      0.05505      0.02231      0.00206      0.05538      0.02234      
149400  0.08202    0.00572    0.01728    0.00173      0.05505      0.02233      0.00207      0.05537      0.02236      
149500  0.08202    0.00573    0.01727    0.00173      0.05506      0.02228      0.00207      0.05538      0.02232      
149600  0.08201    0.00573    0.01728    0.00173      0.05505      0.02225      0.00206      0.05539      0.02228      
149700  0.08201    0.00573    0.01728    0.00173      0.05504      0.02234      0.00206      0.05538      0.02236      
149800  0.08201    0.00572    0.01727    0.00174      0.05504      0.02233      0.00206      0.05536      0.02233      
149900  0.08200    0.00573    0.01727    0.00173      0.05504      0.02233      0.00206      0.05537      0.02234      
150000  0.08201    0.00573    0.01727    0.00173      0.05504      0.02234      0.00206      0.05537      0.02236      
150100  0.08200    0.00573    0.01727    0.00174      0.05504      0.02234      0.00206      0.05536      0.02235      
150200  0.08201    0.00572    0.01727    0.00174      0.05504      0.02237      0.00207      0.05536      0.02239      
150300  0.08200    0.00572    0.01727    0.00173      0.05505      0.02228      0.00206      0.05538      0.02231      
150400  0.08200    0.00572    0.01727    0.00173      0.05504      0.02231      0.00206      0.05536      0.02233      
150500  0.08200    0.00572    0.01727    0.00174      0.05504      0.02233      0.00206      0.05536      0.02235      
150600  0.08200    0.00572    0.01727    0.00174      0.05504      0.02233      0.00206      0.05535      0.02234      
150700  0.08200    0.00572    0.01726    0.00173      0.05504      0.02233      0.00207      0.05537      0.02235      
150800  0.08200    0.00572    0.01726    0.00174      0.05505      0.02232      0.00206      0.05537      0.02233      
150900  0.08200    0.00572    0.01727    0.00174      0.05504      0.02237      0.00207      0.05536      0.02239      
151000  0.08199    0.00572    0.01726    0.00174      0.05503      0.02237      0.00206      0.05536      0.02237      
151100  0.08199    0.00572    0.01726    0.00173      0.05504      0.02231      0.00206      0.05536      0.02233      
151200  0.08198    0.00572    0.01726    0.00173      0.05503      0.02234      0.00206      0.05536      0.02236      
151300  0.08199    0.00572    0.01726    0.00174      0.05503      0.02235      0.00206      0.05536      0.02237      
151400  0.08199    0.00572    0.01726    0.00173      0.05504      0.02235      0.00206      0.05536      0.02237      
151500  0.08198    0.00572    0.01726    0.00173      0.05503      0.02238      0.00206      0.05536      0.02239      
151600  0.08198    0.00572    0.01726    0.00173      0.05503      0.02238      0.00206      0.05536      0.02240      
151700  0.08198    0.00572    0.01726    0.00174      0.05503      0.02236      0.00206      0.05535      0.02237      
151800  0.08198    0.00572    0.01726    0.00173      0.05503      0.02236      0.00206      0.05536      0.02238      
151900  0.08198    0.00572    0.01726    0.00173      0.05504      0.02230      0.00206      0.05537      0.02233      
152000  0.08197    0.00571    0.01726    0.00174      0.05503      0.02233      0.00207      0.05535      0.02235      
152100  0.08198    0.00571    0.01725    0.00173      0.05504      0.02236      0.00206      0.05535      0.02239      
152200  0.08198    0.00571    0.01725    0.00174      0.05504      0.02234      0.00206      0.05535      0.02236      
152300  0.08198    0.00571    0.01725    0.00174      0.05504      0.02239      0.00206      0.05536      0.02242      
152400  0.08197    0.00571    0.01725    0.00174      0.05503      0.02240      0.00206      0.05535      0.02241      
152500  0.08197    0.00571    0.01725    0.00173      0.05504      0.02233      0.00206      0.05536      0.02235      
152600  0.08197    0.00571    0.01725    0.00173      0.05504      0.02233      0.00206      0.05536      0.02235      
152700  0.08197    0.00571    0.01725    0.00173      0.05505      0.02231      0.00206      0.05537      0.02234      
152800  0.08197    0.00571    0.01725    0.00173      0.05504      0.02233      0.00206      0.05536      0.02235      
152900  0.08197    0.00571    0.01724    0.00173      0.05505      0.02229      0.00206      0.05536      0.02230      
153000  0.08196    0.00571    0.01725    0.00173      0.05504      0.02233      0.00206      0.05536      0.02234      
153100  0.08197    0.00571    0.01724    0.00173      0.05505      0.02227      0.00206      0.05536      0.02229      
153200  0.08196    0.00571    0.01724    0.00173      0.05505      0.02227      0.00206      0.05536      0.02230      
153300  0.08196    0.00571    0.01724    0.00173      0.05503      0.02239      0.00206      0.05535      0.02240      
153400  0.08196    0.00571    0.01724    0.00173      0.05505      0.02237      0.00206      0.05536      0.02238      
153500  0.08196    0.00571    0.01724    0.00173      0.05504      0.02238      0.00206      0.05534      0.02239      
153600  0.08195    0.00571    0.01724    0.00173      0.05504      0.02232      0.00206      0.05535      0.02234      
153700  0.08195    0.00571    0.01724    0.00173      0.05505      0.02229      0.00206      0.05535      0.02230      
153800  0.08196    0.00571    0.01724    0.00173      0.05504      0.02237      0.00205      0.05535      0.02238      
153900  0.08195    0.00571    0.01724    0.00173      0.05504      0.02232      0.00206      0.05535      0.02233      
154000  0.08195    0.00571    0.01724    0.00173      0.05504      0.02233      0.00206      0.05535      0.02235      
154100  0.08196    0.00571    0.01723    0.00173      0.05505      0.02232      0.00206      0.05537      0.02234      
154200  0.08195    0.00571    0.01723    0.00173      0.05504      0.02233      0.00206      0.05536      0.02234      
154300  0.08195    0.00571    0.01723    0.00173      0.05504      0.02234      0.00206      0.05536      0.02235      
154400  0.08195    0.00571    0.01723    0.00173      0.05504      0.02230      0.00205      0.05536      0.02231      
154500  0.08195    0.00571    0.01723    0.00173      0.05505      0.02230      0.00206      0.05537      0.02231      
154600  0.08194    0.00571    0.01723    0.00173      0.05504      0.02229      0.00206      0.05536      0.02231      
154700  0.08195    0.00571    0.01723    0.00173      0.05504      0.02232      0.00206      0.05536      0.02233      
154800  0.08194    0.00571    0.01723    0.00173      0.05504      0.02235      0.00206      0.05535      0.02236      
154900  0.08194    0.00571    0.01723    0.00173      0.05504      0.02226      0.00205      0.05537      0.02228      
155000  0.08194    0.00571    0.01723    0.00173      0.05506      0.02222      0.00206      0.05538      0.02226      
155100  0.08194    0.00571    0.01723    0.00173      0.05505      0.02225      0.00205      0.05537      0.02227      
155200  0.08194    0.00571    0.01723    0.00173      0.05505      0.02226      0.00205      0.05536      0.02229      
155300  0.08193    0.00571    0.01723    0.00173      0.05504      0.02226      0.00206      0.05536      0.02229      
155400  0.08193    0.00571    0.01722    0.00173      0.05504      0.02227      0.00206      0.05536      0.02229      
155500  0.08192    0.00571    0.01723    0.00173      0.05503      0.02229      0.00206      0.05536      0.02232      
155600  0.08192    0.00571    0.01723    0.00173      0.05503      0.02226      0.00206      0.05536      0.02229      
155700  0.08192    0.00571    0.01723    0.00173      0.05502      0.02231      0.00206      0.05534      0.02233      
155800  0.08192    0.00570    0.01722    0.00173      0.05503      0.02229      0.00206      0.05535      0.02230      
155900  0.08192    0.00570    0.01722    0.00173      0.05503      0.02230      0.00206      0.05534      0.02230      
156000  0.08192    0.00570    0.01722    0.00174      0.05502      0.02240      0.00206      0.05534      0.02239      
156100  0.08191    0.00570    0.01722    0.00173      0.05503      0.02231      0.00205      0.05535      0.02230      
156200  0.08191    0.00570    0.01722    0.00173      0.05503      0.02233      0.00207      0.05534      0.02234      
156300  0.08191    0.00570    0.01722    0.00173      0.05502      0.02231      0.00206      0.05534      0.02232      
156400  0.08191    0.00570    0.01722    0.00174      0.05502      0.02233      0.00205      0.05534      0.02232      
156500  0.08190    0.00570    0.01722    0.00173      0.05502      0.02230      0.00206      0.05535      0.02231      
156600  0.08190    0.00570    0.01722    0.00173      0.05503      0.02229      0.00206      0.05534      0.02230      
156700  0.08190    0.00570    0.01721    0.00174      0.05503      0.02230      0.00206      0.05533      0.02230      
156800  0.08191    0.00570    0.01721    0.00173      0.05503      0.02231      0.00206      0.05534      0.02231      
156900  0.08190    0.00570    0.01721    0.00173      0.05504      0.02221      0.00206      0.05536      0.02222      
157000  0.08190    0.00570    0.01721    0.00173      0.05503      0.02230      0.00205      0.05535      0.02230      
157100  0.08190    0.00570    0.01721    0.00173      0.05503      0.02237      0.00206      0.05535      0.02238      
157200  0.08190    0.00569    0.01721    0.00173      0.05504      0.02230      0.00206      0.05536      0.02230      
157300  0.08190    0.00569    0.01721    0.00173      0.05503      0.02233      0.00206      0.05535      0.02235      
157400  0.08190    0.00569    0.01721    0.00173      0.05503      0.02234      0.00206      0.05536      0.02235      
157500  0.08189    0.00570    0.01721    0.00173      0.05502      0.02233      0.00206      0.05535      0.02234      
157600  0.08189    0.00569    0.01721    0.00173      0.05503      0.02226      0.00206      0.05535      0.02228      
157700  0.08189    0.00569    0.01720    0.00172      0.05504      0.02223      0.00205      0.05537      0.02225      
157800  0.08188    0.00569    0.01720    0.00173      0.05503      0.02231      0.00205      0.05535      0.02232      
157900  0.08188    0.00569    0.01720    0.00174      0.05502      0.02235      0.00206      0.05534      0.02236      
158000  0.08188    0.00569    0.01720    0.00173      0.05503      0.02227      0.00205      0.05536      0.02229      
158100  0.08188    0.00569    0.01720    0.00173      0.05502      0.02232      0.00206      0.05535      0.02233      
158200  0.08188    0.00569    0.01720    0.00173      0.05502      0.02228      0.00205      0.05534      0.02228      
158300  0.08187    0.00569    0.01720    0.00173      0.05502      0.02228      0.00205      0.05535      0.02229      
158400  0.08188    0.00569    0.01720    0.00173      0.05502      0.02236      0.00206      0.05534      0.02237      
158500  0.08187    0.00569    0.01720    0.00173      0.05502      0.02227      0.00205      0.05534      0.02229      
158600  0.08187    0.00569    0.01720    0.00173      0.05503      0.02228      0.00206      0.05535      0.02231      
158700  0.08187    0.00569    0.01719    0.00173      0.05503      0.02225      0.00206      0.05535      0.02227      
158800  0.08186    0.00569    0.01719    0.00173      0.05502      0.02228      0.00206      0.05534      0.02230      
158900  0.08187    0.00569    0.01719    0.00173      0.05503      0.02232      0.00205      0.05535      0.02233      
159000  0.08186    0.00569    0.01719    0.00173      0.05502      0.02232      0.00206      0.05535      0.02233      
159100  0.08186    0.00569    0.01719    0.00173      0.05502      0.02230      0.00206      0.05535      0.02232      
159200  0.08186    0.00569    0.01719    0.00173      0.05503      0.02227      0.00206      0.05535      0.02229      
159300  0.08186    0.00568    0.01719    0.00173      0.05503      0.02228      0.00206      0.05535      0.02232      
159400  0.08186    0.00568    0.01719    0.00173      0.05503      0.02228      0.00206      0.05534      0.02229      
159500  0.08185    0.00568    0.01719    0.00173      0.05503      0.02227      0.00206      0.05534      0.02227      
159600  0.08185    0.00568    0.01718    0.00173      0.05503      0.02228      0.00205      0.05535      0.02230      
159700  0.08186    0.00568    0.01718    0.00173      0.05504      0.02225      0.00205      0.05535      0.02227      
159800  0.08185    0.00568    0.01718    0.00173      0.05503      0.02230      0.00206      0.05534      0.02232      
159900  0.08185    0.00568    0.01718    0.00172      0.05504      0.02224      0.00206      0.05536      0.02226      
160000  0.08185    0.00568    0.01718    0.00172      0.05504      0.02225      0.00205      0.05537      0.02227      
160100  0.08185    0.00568    0.01718    0.00173      0.05504      0.02228      0.00206      0.05535      0.02230      
160200  0.08185    0.00568    0.01718    0.00172      0.05504      0.02231      0.00206      0.05535      0.02233      
160300  0.08184    0.00568    0.01717    0.00173      0.05503      0.02226      0.00206      0.05535      0.02229      
160400  0.08184    0.00568    0.01717    0.00172      0.05504      0.02229      0.00205      0.05535      0.02230      
160500  0.08184    0.00568    0.01717    0.00173      0.05504      0.02231      0.00205      0.05536      0.02233      
160600  0.08184    0.00567    0.01717    0.00173      0.05503      0.02229      0.00206      0.05536      0.02232      
160700  0.08183    0.00567    0.01717    0.00173      0.05503      0.02230      0.00206      0.05535      0.02232      
160800  0.08184    0.00567    0.01717    0.00173      0.05504      0.02231      0.00206      0.05536      0.02232      
160900  0.08184    0.00567    0.01717    0.00173      0.05503      0.02236      0.00205      0.05535      0.02236      
161000  0.08184    0.00567    0.01717    0.00173      0.05504      0.02231      0.00205      0.05535      0.02233      
161100  0.08183    0.00567    0.01717    0.00173      0.05504      0.02227      0.00205      0.05536      0.02229      
161200  0.08183    0.00567    0.01717    0.00173      0.05503      0.02231      0.00206      0.05535      0.02234      
161300  0.08183    0.00567    0.01716    0.00173      0.05503      0.02230      0.00206      0.05535      0.02232      
161400  0.08183    0.00567    0.01716    0.00173      0.05504      0.02231      0.00207      0.05535      0.02232      
161500  0.08183    0.00567    0.01716    0.00173      0.05505      0.02225      0.00206      0.05536      0.02226      
161600  0.08183    0.00567    0.01716    0.00173      0.05504      0.02227      0.00206      0.05536      0.02229      
161700  0.08182    0.00567    0.01716    0.00173      0.05504      0.02227      0.00206      0.05536      0.02228      
161800  0.08182    0.00567    0.01716    0.00173      0.05504      0.02232      0.00206      0.05534      0.02233      
161900  0.08182    0.00567    0.01716    0.00173      0.05503      0.02233      0.00205      0.05535      0.02232      
162000  0.08182    0.00567    0.01716    0.00173      0.05504      0.02227      0.00205      0.05536      0.02227      
162100  0.08182    0.00567    0.01716    0.00173      0.05504      0.02225      0.00206      0.05536      0.02226      
162200  0.08182    0.00567    0.01715    0.00173      0.05504      0.02232      0.00206      0.05535      0.02233      
162300  0.08182    0.00566    0.01715    0.00173      0.05504      0.02230      0.00206      0.05536      0.02232      
162400  0.08182    0.00566    0.01715    0.00174      0.05503      0.02235      0.00206      0.05535      0.02235      
162500  0.08181    0.00567    0.01715    0.00174      0.05502      0.02235      0.00206      0.05534      0.02235      
162600  0.08181    0.00566    0.01715    0.00173      0.05504      0.02227      0.00205      0.05537      0.02228      
162700  0.08181    0.00567    0.01715    0.00173      0.05504      0.02228      0.00205      0.05537      0.02230      
162800  0.08181    0.00567    0.01715    0.00173      0.05504      0.02232      0.00205      0.05536      0.02234      
162900  0.08181    0.00566    0.01715    0.00173      0.05503      0.02232      0.00205      0.05536      0.02233      
163000  0.08180    0.00566    0.01715    0.00173      0.05503      0.02232      0.00206      0.05537      0.02234      
163100  0.08180    0.00566    0.01714    0.00173      0.05504      0.02228      0.00206      0.05537      0.02230      
163200  0.08179    0.00566    0.01714    0.00173      0.05503      0.02228      0.00206      0.05536      0.02230      
163300  0.08179    0.00566    0.01715    0.00172      0.05503      0.02235      0.00206      0.05537      0.02237      
163400  0.08179    0.00566    0.01714    0.00173      0.05503      0.02230      0.00205      0.05536      0.02231      
163500  0.08179    0.00566    0.01714    0.00173      0.05503      0.02232      0.00205      0.05536      0.02233      
163600  0.08179    0.00566    0.01714    0.00173      0.05502      0.02230      0.00205      0.05535      0.02231      
163700  0.08178    0.00566    0.01714    0.00172      0.05503      0.02231      0.00206      0.05537      0.02233      
163800  0.08178    0.00566    0.01714    0.00173      0.05504      0.02222      0.00206      0.05537      0.02225      
163900  0.08178    0.00566    0.01714    0.00173      0.05502      0.02230      0.00206      0.05535      0.02232      
164000  0.08178    0.00566    0.01714    0.00173      0.05502      0.02231      0.00206      0.05535      0.02232      
164100  0.08178    0.00566    0.01714    0.00173      0.05502      0.02227      0.00206      0.05535      0.02230      
164200  0.08178    0.00566    0.01714    0.00173      0.05503      0.02226      0.00205      0.05536      0.02227      
164300  0.08177    0.00566    0.01714    0.00173      0.05503      0.02225      0.00205      0.05535      0.02226      
164400  0.08177    0.00566    0.01713    0.00173      0.05502      0.02229      0.00206      0.05535      0.02231      
164500  0.08178    0.00566    0.01713    0.00173      0.05502      0.02235      0.00206      0.05534      0.02236      
164600  0.08177    0.00566    0.01713    0.00173      0.05502      0.02231      0.00206      0.05535      0.02233      
164700  0.08177    0.00565    0.01713    0.00173      0.05503      0.02228      0.00206      0.05537      0.02231      
164800  0.08177    0.00565    0.01713    0.00173      0.05503      0.02232      0.00206      0.05535      0.02234      
164900  0.08177    0.00565    0.01713    0.00173      0.05502      0.02236      0.00206      0.05535      0.02238      
165000  0.08177    0.00565    0.01713    0.00173      0.05503      0.02236      0.00206      0.05535      0.02238      
165100  0.08177    0.00565    0.01713    0.00173      0.05503      0.02229      0.00206      0.05536      0.02232      
165200  0.08177    0.00565    0.01712    0.00173      0.05503      0.02231      0.00206      0.05535      0.02233      
165300  0.08176    0.00565    0.01712    0.00173      0.05504      0.02228      0.00205      0.05536      0.02230      
165400  0.08176    0.00565    0.01712    0.00173      0.05504      0.02225      0.00206      0.05536      0.02227      
165500  0.08176    0.00564    0.01712    0.00173      0.05504      0.02231      0.00207      0.05536      0.02234      
165600  0.08175    0.00564    0.01712    0.00173      0.05503      0.02233      0.00206      0.05535      0.02234      
165700  0.08175    0.00564    0.01712    0.00173      0.05504      0.02227      0.00206      0.05535      0.02228      
165800  0.08175    0.00564    0.01712    0.00173      0.05503      0.02225      0.00206      0.05535      0.02227      
165900  0.08175    0.00564    0.01712    0.00173      0.05503      0.02229      0.00206      0.05534      0.02230      
166000  0.08175    0.00564    0.01712    0.00173      0.05503      0.02228      0.00206      0.05535      0.02229      
166100  0.08174    0.00564    0.01712    0.00173      0.05502      0.02229      0.00205      0.05534      0.02229      
166200  0.08174    0.00564    0.01712    0.00173      0.05502      0.02229      0.00206      0.05534      0.02229      
166300  0.08173    0.00564    0.01711    0.00173      0.05502      0.02232      0.00205      0.05534      0.02232      
166400  0.08173    0.00564    0.01711    0.00173      0.05503      0.02227      0.00206      0.05535      0.02228      
166500  0.08173    0.00564    0.01711    0.00173      0.05502      0.02232      0.00206      0.05534      0.02233      
166600  0.08173    0.00564    0.01711    0.00172      0.05503      0.02225      0.00205      0.05535      0.02226      
166700  0.08173    0.00564    0.01711    0.00173      0.05502      0.02227      0.00205      0.05534      0.02228      
166800  0.08172    0.00564    0.01711    0.00173      0.05501      0.02230      0.00206      0.05534      0.02232      
166900  0.08172    0.00563    0.01711    0.00173      0.05502      0.02229      0.00206      0.05534      0.02230      
167000  0.08172    0.00563    0.01711    0.00173      0.05502      0.02229      0.00205      0.05535      0.02231      
167100  0.08172    0.00563    0.01711    0.00173      0.05502      0.02225      0.00205      0.05535      0.02227      
167200  0.08172    0.00563    0.01711    0.00173      0.05502      0.02225      0.00205      0.05535      0.02227      
167300  0.08171    0.00563    0.01711    0.00173      0.05502      0.02225      0.00206      0.05534      0.02227      
167400  0.08171    0.00563    0.01711    0.00173      0.05501      0.02226      0.00206      0.05533      0.02228      
167500  0.08171    0.00563    0.01711    0.00172      0.05502      0.02223      0.00206      0.05535      0.02226      
167600  0.08170    0.00563    0.01711    0.00173      0.05502      0.02222      0.00206      0.05535      0.02225      
167700  0.08171    0.00563    0.01710    0.00173      0.05501      0.02229      0.00206      0.05534      0.02231      
167800  0.08170    0.00563    0.01710    0.00173      0.05502      0.02229      0.00206      0.05534      0.02232      
167900  0.08170    0.00563    0.01710    0.00172      0.05503      0.02223      0.00205      0.05535      0.02226      
168000  0.08170    0.00563    0.01710    0.00172      0.05502      0.02232      0.00206      0.05534      0.02234      
168100  0.08170    0.00563    0.01710    0.00173      0.05501      0.02232      0.00206      0.05533      0.02233      
168200  0.08170    0.00563    0.01710    0.00173      0.05501      0.02234      0.00206      0.05534      0.02237      
168300  0.08170    0.00563    0.01710    0.00173      0.05501      0.02235      0.00206      0.05532      0.02235      
168400  0.08170    0.00563    0.01710    0.00172      0.05502      0.02230      0.00205      0.05534      0.02232      
168500  0.08170    0.00562    0.01710    0.00173      0.05501      0.02235      0.00206      0.05533      0.02236      
168600  0.08169    0.00562    0.01710    0.00172      0.05501      0.02233      0.00206      0.05534      0.02235      
168700  0.08170    0.00562    0.01710    0.00173      0.05501      0.02234      0.00206      0.05533      0.02235      
168800  0.08169    0.00562    0.01710    0.00173      0.05501      0.02233      0.00206      0.05533      0.02234      
168900  0.08168    0.00563    0.01710    0.00173      0.05501      0.02229      0.00205      0.05533      0.02229      
169000  0.08168    0.00562    0.01710    0.00173      0.05501      0.02228      0.00206      0.05534      0.02230      
169100  0.08168    0.00562    0.01709    0.00172      0.05501      0.02230      0.00205      0.05533      0.02230      
169200  0.08168    0.00562    0.01709    0.00172      0.05502      0.02231      0.00206      0.05534      0.02232      
169300  0.08168    0.00562    0.01709    0.00173      0.05501      0.02233      0.00206      0.05534      0.02233      
169400  0.08168    0.00562    0.01709    0.00172      0.05502      0.02230      0.00205      0.05534      0.02230      
169500  0.08167    0.00562    0.01709    0.00172      0.05501      0.02226      0.00205      0.05533      0.02226      
169600  0.08167    0.00562    0.01709    0.00173      0.05500      0.02231      0.00206      0.05532      0.02231      
169700  0.08166    0.00562    0.01709    0.00172      0.05501      0.02223      0.00205      0.05533      0.02224      
169800  0.08167    0.00562    0.01709    0.00173      0.05501      0.02225      0.00206      0.05534      0.02227      
169900  0.08166    0.00562    0.01708    0.00172      0.05501      0.02225      0.00205      0.05534      0.02226      
170000  0.08166    0.00562    0.01708    0.00172      0.05502      0.02221      0.00205      0.05534      0.02222      
170100  0.08166    0.00562    0.01708    0.00172      0.05502      0.02218      0.00205      0.05532      0.02219      
170200  0.08165    0.00561    0.01708    0.00172      0.05501      0.02221      0.00205      0.05532      0.02222      
170300  0.08165    0.00562    0.01708    0.00172      0.05501      0.02223      0.00205      0.05533      0.02224      
170400  0.08165    0.00562    0.01709    0.00172      0.05500      0.02223      0.00205      0.05533      0.02224      
170500  0.08165    0.00561    0.01708    0.00172      0.05501      0.02219      0.00205      0.05534      0.02221      
170600  0.08165    0.00561    0.01708    0.00173      0.05501      0.02224      0.00206      0.05532      0.02225      
170700  0.08165    0.00561    0.01708    0.00172      0.05501      0.02220      0.00205      0.05534      0.02223      
170800  0.08165    0.00561    0.01708    0.00172      0.05501      0.02220      0.00205      0.05534      0.02222      
170900  0.08164    0.00561    0.01708    0.00173      0.05500      0.02225      0.00206      0.05532      0.02227      
171000  0.08165    0.00561    0.01708    0.00172      0.05501      0.02223      0.00205      0.05533      0.02224      
171100  0.08165    0.00561    0.01708    0.00173      0.05501      0.02226      0.00205      0.05533      0.02226      
171200  0.08164    0.00561    0.01708    0.00172      0.05501      0.02220      0.00205      0.05534      0.02222      
171300  0.08164    0.00561    0.01708    0.00172      0.05501      0.02220      0.00205      0.05533      0.02221      
171400  0.08163    0.00561    0.01708    0.00172      0.05501      0.02220      0.00204      0.05534      0.02222      
171500  0.08163    0.00560    0.01708    0.00172      0.05502      0.02213      0.00205      0.05535      0.02216      
171600  0.08163    0.00560    0.01707    0.00173      0.05500      0.02226      0.00205      0.05532      0.02228      
171700  0.08163    0.00560    0.01707    0.00172      0.05501      0.02221      0.00204      0.05533      0.02221      
171800  0.08162    0.00560    0.01707    0.00173      0.05501      0.02218      0.00205      0.05532      0.02220      
171900  0.08163    0.00560    0.01707    0.00172      0.05501      0.02219      0.00205      0.05533      0.02221      
172000  0.08163    0.00560    0.01707    0.00172      0.05500      0.02224      0.00205      0.05532      0.02225      
172100  0.08162    0.00560    0.01707    0.00172      0.05501      0.02218      0.00204      0.05532      0.02219      
172200  0.08162    0.00560    0.01707    0.00172      0.05501      0.02217      0.00205      0.05533      0.02219      
172300  0.08163    0.00560    0.01707    0.00172      0.05501      0.02219      0.00205      0.05533      0.02221      
172400  0.08163    0.00561    0.01707    0.00172      0.05502      0.02213      0.00204      0.05534      0.02215      
172500  0.08162    0.00560    0.01707    0.00172      0.05500      0.02219      0.00205      0.05532      0.02221      
172600  0.08162    0.00560    0.01707    0.00172      0.05501      0.02216      0.00205      0.05533      0.02219      
172700  0.08162    0.00560    0.01707    0.00172      0.05501      0.02222      0.00205      0.05534      0.02224      
172800  0.08162    0.00560    0.01706    0.00172      0.05502      0.02218      0.00205      0.05534      0.02220      
172900  0.08161    0.00560    0.01706    0.00172      0.05501      0.02216      0.00205      0.05533      0.02219      
173000  0.08162    0.00560    0.01707    0.00172      0.05501      0.02222      0.00205      0.05534      0.02223      
173100  0.08161    0.00560    0.01707    0.00172      0.05500      0.02220      0.00205      0.05533      0.02222      
173200  0.08162    0.00560    0.01706    0.00172      0.05500      0.02225      0.00205      0.05532      0.02226      
173300  0.08162    0.00560    0.01706    0.00172      0.05500      0.02222      0.00205      0.05533      0.02223      
173400  0.08162    0.00560    0.01706    0.00173      0.05500      0.02226      0.00205      0.05533      0.02226      
173500  0.08161    0.00560    0.01706    0.00173      0.05501      0.02219      0.00205      0.05532      0.02221      
173600  0.08161    0.00560    0.01706    0.00172      0.05502      0.02218      0.00204      0.05533      0.02219      
173700  0.08161    0.00560    0.01706    0.00172      0.05501      0.02218      0.00205      0.05533      0.02220      
173800  0.08161    0.00560    0.01706    0.00172      0.05502      0.02211      0.00204      0.05535      0.02213      
173900  0.08161    0.00560    0.01706    0.00172      0.05501      0.02217      0.00205      0.05532      0.02219      
174000  0.08161    0.00560    0.01706    0.00172      0.05501      0.02217      0.00205      0.05532      0.02218      
174100  0.08160    0.00560    0.01706    0.00172      0.05501      0.02219      0.00205      0.05532      0.02220      
174200  0.08160    0.00560    0.01706    0.00172      0.05501      0.02215      0.00205      0.05532      0.02217      
174300  0.08160    0.00560    0.01706    0.00172      0.05501      0.02218      0.00204      0.05532      0.02220      
174400  0.08160    0.00560    0.01706    0.00172      0.05500      0.02219      0.00205      0.05532      0.02220      
174500  0.08160    0.00560    0.01706    0.00172      0.05501      0.02220      0.00205      0.05533      0.02221      
174600  0.08160    0.00560    0.01706    0.00172      0.05501      0.02221      0.00204      0.05532      0.02221      
174700  0.08160    0.00560    0.01706    0.00172      0.05500      0.02216      0.00205      0.05531      0.02217      
174800  0.08159    0.00560    0.01705    0.00172      0.05500      0.02216      0.00205      0.05531      0.02217      
174900  0.08160    0.00560    0.01706    0.00172      0.05501      0.02216      0.00204      0.05533      0.02218      
175000  0.08159    0.00560    0.01706    0.00172      0.05500      0.02214      0.00205      0.05532      0.02216      
175100  0.08159    0.00560    0.01705    0.00173      0.05500      0.02215      0.00205      0.05532      0.02216      
175200  0.08159    0.00560    0.01705    0.00172      0.05500      0.02220      0.00205      0.05532      0.02221      
175300  0.08159    0.00560    0.01705    0.00172      0.05500      0.02220      0.00204      0.05533      0.02221      
175400  0.08159    0.00560    0.01705    0.00172      0.05500      0.02220      0.00205      0.05531      0.02222      
175500  0.08159    0.00560    0.01705    0.00172      0.05499      0.02225      0.00205      0.05531      0.02225      
175600  0.08158    0.00560    0.01705    0.00172      0.05500      0.02213      0.00204      0.05532      0.02214      
175700  0.08158    0.00560    0.01705    0.00172      0.05499      0.02217      0.00205      0.05531      0.02219      
175800  0.08158    0.00559    0.01705    0.00172      0.05500      0.02214      0.00205      0.05532      0.02216      
175900  0.08158    0.00560    0.01705    0.00172      0.05500      0.02214      0.00205      0.05532      0.02216      
176000  0.08157    0.00560    0.01705    0.00172      0.05499      0.02215      0.00205      0.05531      0.02216      
176100  0.08158    0.00559    0.01705    0.00172      0.05499      0.02218      0.00205      0.05530      0.02218      
176200  0.08158    0.00559    0.01705    0.00172      0.05500      0.02216      0.00204      0.05532      0.02215      
176300  0.08158    0.00559    0.01705    0.00172      0.05500      0.02218      0.00205      0.05531      0.02220      
176400  0.08157    0.00559    0.01705    0.00172      0.05500      0.02214      0.00204      0.05532      0.02216      
176500  0.08157    0.00559    0.01705    0.00172      0.05500      0.02216      0.00205      0.05531      0.02217      
176600  0.08157    0.00559    0.01704    0.00172      0.05500      0.02214      0.00205      0.05532      0.02217      
176700  0.08157    0.00559    0.01705    0.00172      0.05500      0.02213      0.00205      0.05531      0.02215      
176800  0.08157    0.00559    0.01704    0.00172      0.05500      0.02216      0.00205      0.05531      0.02218      
176900  0.08157    0.00559    0.01704    0.00172      0.05500      0.02217      0.00205      0.05532      0.02220      
177000  0.08157    0.00559    0.01704    0.00172      0.05499      0.02223      0.00205      0.05531      0.02224      
177100  0.08157    0.00559    0.01704    0.00172      0.05500      0.02211      0.00205      0.05532      0.02214      
177200  0.08157    0.00559    0.01704    0.00172      0.05501      0.02210      0.00205      0.05532      0.02213      
177300  0.08156    0.00559    0.01704    0.00172      0.05500      0.02217      0.00205      0.05531      0.02220      
177400  0.08156    0.00559    0.01704    0.00172      0.05500      0.02214      0.00205      0.05532      0.02218      
177500  0.08156    0.00559    0.01704    0.00172      0.05500      0.02218      0.00204      0.05532      0.02220      
177600  0.08156    0.00559    0.01704    0.00172      0.05499      0.02219      0.00205      0.05530      0.02221      
177700  0.08155    0.00559    0.01704    0.00172      0.05499      0.02215      0.00205      0.05530      0.02217      
177800  0.08155    0.00559    0.01704    0.00172      0.05499      0.02220      0.00204      0.05530      0.02221      
177900  0.08155    0.00559    0.01704    0.00172      0.05499      0.02219      0.00205      0.05531      0.02221      
178000  0.08156    0.00559    0.01704    0.00172      0.05500      0.02217      0.00204      0.05532      0.02219      
178100  0.08155    0.00558    0.01703    0.00172      0.05500      0.02220      0.00205      0.05532      0.02223      
178200  0.08155    0.00558    0.01703    0.00172      0.05500      0.02216      0.00205      0.05533      0.02219      
178300  0.08155    0.00558    0.01704    0.00172      0.05500      0.02213      0.00205      0.05532      0.02216      
178400  0.08155    0.00558    0.01704    0.00172      0.05501      0.02210      0.00204      0.05533      0.02213      
178500  0.08155    0.00558    0.01703    0.00172      0.05499      0.02220      0.00204      0.05531      0.02222      
178600  0.08155    0.00558    0.01703    0.00172      0.05500      0.02223      0.00204      0.05531      0.02223      
178700  0.08155    0.00558    0.01703    0.00172      0.05500      0.02220      0.00204      0.05532      0.02221      
178800  0.08155    0.00558    0.01703    0.00172      0.05501      0.02218      0.00205      0.05532      0.02220      
178900  0.08155    0.00558    0.01703    0.00172      0.05500      0.02219      0.00204      0.05531      0.02221      
179000  0.08154    0.00558    0.01703    0.00172      0.05500      0.02216      0.00205      0.05531      0.02218      
179100  0.08154    0.00558    0.01703    0.00172      0.05500      0.02221      0.00204      0.05531      0.02223      
179200  0.08154    0.00558    0.01703    0.00172      0.05499      0.02220      0.00204      0.05531      0.02221      
179300  0.08154    0.00558    0.01703    0.00172      0.05501      0.02216      0.00204      0.05532      0.02218      
179400  0.08154    0.00558    0.01703    0.00171      0.05501      0.02212      0.00204      0.05533      0.02215      
179500  0.08154    0.00558    0.01703    0.00172      0.05500      0.02217      0.00205      0.05531      0.02219      
179600  0.08154    0.00557    0.01703    0.00172      0.05501      0.02214      0.00204      0.05533      0.02216      
179700  0.08153    0.00557    0.01702    0.00172      0.05500      0.02219      0.00204      0.05532      0.02221      
179800  0.08154    0.00557    0.01703    0.00172      0.05501      0.02212      0.00204      0.05533      0.02215      
179900  0.08153    0.00557    0.01702    0.00172      0.05500      0.02220      0.00205      0.05532      0.02221      
180000  0.08154    0.00557    0.01702    0.00172      0.05500      0.02220      0.00204      0.05532      0.02221      
180100  0.08153    0.00557    0.01702    0.00172      0.05501      0.02212      0.00204      0.05532      0.02214      
180200  0.08153    0.00557    0.01702    0.00172      0.05499      0.02220      0.00205      0.05531      0.02222      
180300  0.08153    0.00557    0.01702    0.00172      0.05499      0.02221      0.00205      0.05531      0.02222      
180400  0.08153    0.00557    0.01702    0.00172      0.05499      0.02218      0.00205      0.05531      0.02220      
180500  0.08152    0.00558    0.01702    0.00172      0.05499      0.02219      0.00205      0.05530      0.02221      
180600  0.08152    0.00557    0.01702    0.00172      0.05499      0.02220      0.00205      0.05530      0.02222      
180700  0.08152    0.00557    0.01702    0.00172      0.05499      0.02218      0.00205      0.05531      0.02221      
180800  0.08152    0.00557    0.01702    0.00172      0.05498      0.02220      0.00205      0.05530      0.02223      
180900  0.08152    0.00557    0.01702    0.00172      0.05500      0.02215      0.00205      0.05531      0.02218      
181000  0.08153    0.00557    0.01702    0.00172      0.05501      0.02217      0.00204      0.05532      0.02219      
181100  0.08152    0.00557    0.01701    0.00172      0.05500      0.02222      0.00205      0.05532      0.02224      
181200  0.08152    0.00557    0.01702    0.00172      0.05500      0.02214      0.00205      0.05532      0.02218      
181300  0.08152    0.00557    0.01701    0.00172      0.05500      0.02214      0.00204      0.05532      0.02217      
181400  0.08152    0.00557    0.01701    0.00172      0.05500      0.02219      0.00205      0.05531      0.02222      
181500  0.08151    0.00557    0.01701    0.00172      0.05499      0.02221      0.00205      0.05530      0.02223      
181600  0.08151    0.00557    0.01701    0.00172      0.05499      0.02218      0.00205      0.05531      0.02220      
181700  0.08151    0.00557    0.01701    0.00172      0.05500      0.02214      0.00205      0.05531      0.02216      
181800  0.08151    0.00557    0.01701    0.00172      0.05499      0.02218      0.00205      0.05531      0.02221      
181900  0.08151    0.00557    0.01701    0.00172      0.05499      0.02220      0.00205      0.05531      0.02223      
182000  0.08151    0.00557    0.01701    0.00172      0.05499      0.02222      0.00205      0.05530      0.02225      
182100  0.08151    0.00556    0.01701    0.00172      0.05500      0.02214      0.00205      0.05531      0.02217      
182200  0.08150    0.00556    0.01701    0.00172      0.05499      0.02219      0.00205      0.05530      0.02221      
182300  0.08150    0.00556    0.01701    0.00172      0.05499      0.02215      0.00205      0.05530      0.02217      
182400  0.08150    0.00556    0.01701    0.00172      0.05498      0.02223      0.00205      0.05529      0.02224      
182500  0.08150    0.00556    0.01701    0.00172      0.05499      0.02222      0.00205      0.05530      0.02223      
182600  0.08150    0.00556    0.01701    0.00172      0.05499      0.02223      0.00205      0.05530      0.02225      
182700  0.08150    0.00556    0.01701    0.00172      0.05499      0.02219      0.00205      0.05530      0.02222      
182800  0.08150    0.00556    0.01701    0.00172      0.05498      0.02224      0.00205      0.05529      0.02226      
182900  0.08149    0.00556    0.01700    0.00172      0.05499      0.02215      0.00205      0.05530      0.02217      
183000  0.08150    0.00556    0.01700    0.00172      0.05499      0.02223      0.00205      0.05529      0.02224      
183100  0.08150    0.00556    0.01700    0.00172      0.05499      0.02221      0.00205      0.05530      0.02222      
183200  0.08149    0.00556    0.01700    0.00172      0.05498      0.02225      0.00205      0.05528      0.02226      
183300  0.08149    0.00556    0.01700    0.00172      0.05499      0.02223      0.00204      0.05530      0.02224      
183400  0.08149    0.00556    0.01700    0.00172      0.05499      0.02221      0.00204      0.05529      0.02220      
183500  0.08148    0.00556    0.01700    0.00172      0.05499      0.02217      0.00205      0.05530      0.02218      
183600  0.08148    0.00556    0.01700    0.00172      0.05498      0.02222      0.00205      0.05530      0.02223      
183700  0.08148    0.00556    0.01700    0.00172      0.05498      0.02216      0.00205      0.05529      0.02218      
183800  0.08148    0.00556    0.01700    0.00172      0.05498      0.02220      0.00205      0.05530      0.02222      
183900  0.08148    0.00556    0.01700    0.00172      0.05499      0.02219      0.00205      0.05529      0.02221      
184000  0.08148    0.00556    0.01700    0.00172      0.05498      0.02224      0.00205      0.05529      0.02226      
184100  0.08148    0.00556    0.01700    0.00172      0.05499      0.02218      0.00205      0.05530      0.02222      
184200  0.08147    0.00556    0.01700    0.00172      0.05499      0.02214      0.00206      0.05531      0.02219      
184300  0.08147    0.00555    0.01699    0.00172      0.05499      0.02218      0.00205      0.05530      0.02221      
184400  0.08148    0.00555    0.01699    0.00172      0.05499      0.02221      0.00205      0.05530      0.02223      
184500  0.08147    0.00555    0.01699    0.00172      0.05498      0.02222      0.00205      0.05529      0.02223      
184600  0.08147    0.00555    0.01699    0.00172      0.05498      0.02219      0.00206      0.05529      0.02222      
184700  0.08147    0.00555    0.01699    0.00172      0.05497      0.02226      0.00205      0.05529      0.02228      
184800  0.08146    0.00556    0.01699    0.00172      0.05497      0.02224      0.00205      0.05528      0.02226      
184900  0.08147    0.00555    0.01699    0.00172      0.05498      0.02222      0.00205      0.05529      0.02225      
185000  0.08146    0.00555    0.01699    0.00172      0.05498      0.02222      0.00205      0.05530      0.02224      
185100  0.08146    0.00555    0.01699    0.00172      0.05498      0.02221      0.00206      0.05529      0.02225      
185200  0.08146    0.00555    0.01699    0.00172      0.05498      0.02219      0.00205      0.05530      0.02223      
185300  0.08146    0.00555    0.01699    0.00172      0.05498      0.02218      0.00205      0.05529      0.02221      
185400  0.08146    0.00555    0.01699    0.00172      0.05499      0.02218      0.00205      0.05529      0.02221      
185500  0.08145    0.00555    0.01699    0.00172      0.05498      0.02216      0.00205      0.05529      0.02219      
185600  0.08146    0.00555    0.01699    0.00172      0.05498      0.02224      0.00205      0.05529      0.02226      
185700  0.08146    0.00555    0.01699    0.00172      0.05498      0.02224      0.00206      0.05528      0.02226      
185800  0.08146    0.00555    0.01699    0.00172      0.05499      0.02214      0.00205      0.05531      0.02218      
185900  0.08145    0.00555    0.01698    0.00172      0.05498      0.02219      0.00206      0.05528      0.02222      
186000  0.08145    0.00555    0.01699    0.00172      0.05497      0.02220      0.00205      0.05529      0.02223      
186100  0.08145    0.00555    0.01699    0.00172      0.05497      0.02221      0.00205      0.05528      0.02223      
186200  0.08145    0.00555    0.01698    0.00172      0.05498      0.02222      0.00205      0.05529      0.02224      
186300  0.08145    0.00555    0.01699    0.00172      0.05496      0.02224      0.00206      0.05528      0.02226      
186400  0.08145    0.00555    0.01698    0.00172      0.05497      0.02225      0.00206      0.05528      0.02227      
186500  0.08145    0.00555    0.01698    0.00173      0.05497      0.02224      0.00206      0.05528      0.02227      
186600  0.08145    0.00555    0.01698    0.00172      0.05497      0.02225      0.00205      0.05528      0.02226      
186700  0.08145    0.00554    0.01698    0.00172      0.05497      0.02228      0.00205      0.05528      0.02230      
186800  0.08145    0.00554    0.01698    0.00172      0.05499      0.02223      0.00205      0.05529      0.02224      
186900  0.08144    0.00554    0.01698    0.00172      0.05498      0.02223      0.00206      0.05528      0.02225      
187000  0.08145    0.00554    0.01698    0.00172      0.05498      0.02221      0.00205      0.05529      0.02223      
187100  0.08145    0.00554    0.01698    0.00172      0.05498      0.02227      0.00205      0.05528      0.02228      
187200  0.08145    0.00554    0.01697    0.00172      0.05499      0.02219      0.00205      0.05529      0.02221      
187300  0.08144    0.00554    0.01698    0.00172      0.05498      0.02217      0.00205      0.05529      0.02219      
187400  0.08144    0.00554    0.01698    0.00172      0.05498      0.02219      0.00205      0.05529      0.02220      
187500  0.08144    0.00554    0.01697    0.00173      0.05498      0.02218      0.00205      0.05529      0.02220      
187600  0.08144    0.00554    0.01697    0.00172      0.05498      0.02221      0.00205      0.05529      0.02222      
187700  0.08143    0.00555    0.01697    0.00173      0.05497      0.02219      0.00206      0.05527      0.02221      
187800  0.08143    0.00554    0.01698    0.00172      0.05498      0.02219      0.00205      0.05529      0.02221      
187900  0.08144    0.00554    0.01697    0.00172      0.05497      0.02228      0.00205      0.05527      0.02228      
188000  0.08143    0.00554    0.01697    0.00172      0.05497      0.02225      0.00205      0.05527      0.02226      
188100  0.08143    0.00554    0.01697    0.00172      0.05497      0.02226      0.00205      0.05527      0.02227      
188200  0.08143    0.00554    0.01697    0.00172      0.05497      0.02223      0.00205      0.05528      0.02225      
188300  0.08143    0.00554    0.01697    0.00173      0.05497      0.02226      0.00205      0.05527      0.02228      
188400  0.08143    0.00554    0.01697    0.00172      0.05497      0.02222      0.00206      0.05527      0.02225      
188500  0.08143    0.00554    0.01697    0.00172      0.05498      0.02222      0.00205      0.05528      0.02225      
188600  0.08143    0.00554    0.01697    0.00172      0.05497      0.02222      0.00206      0.05527      0.02224      
188700  0.08142    0.00554    0.01697    0.00172      0.05496      0.02227      0.00206      0.05527      0.02229      
188800  0.08142    0.00554    0.01697    0.00172      0.05497      0.02222      0.00205      0.05528      0.02224      
188900  0.08143    0.00554    0.01697    0.00173      0.05497      0.02226      0.00206      0.05527      0.02228      
189000  0.08143    0.00554    0.01697    0.00173      0.05497      0.02227      0.00205      0.05527      0.02228      
189100  0.08143    0.00554    0.01697    0.00172      0.05497      0.02224      0.00205      0.05528      0.02226      
189200  0.08142    0.00554    0.01697    0.00173      0.05496      0.02222      0.00206      0.05527      0.02224      
189300  0.08142    0.00554    0.01697    0.00173      0.05495      0.02232      0.00206      0.05526      0.02232      
189400  0.08142    0.00554    0.01696    0.00173      0.05496      0.02225      0.00205      0.05527      0.02226      
189500  0.08142    0.00554    0.01697    0.00173      0.05496      0.02224      0.00205      0.05527      0.02226      
189600  0.08142    0.00554    0.01696    0.00172      0.05496      0.02228      0.00206      0.05528      0.02230      
189700  0.08142    0.00554    0.01696    0.00172      0.05496      0.02228      0.00205      0.05527      0.02230      
189800  0.08142    0.00554    0.01696    0.00173      0.05496      0.02226      0.00206      0.05526      0.02228      
189900  0.08142    0.00554    0.01696    0.00173      0.05496      0.02226      0.00206      0.05527      0.02230      
190000  0.08142    0.00554    0.01696    0.00173      0.05496      0.02225      0.00205      0.05527      0.02228      
190100  0.08142    0.00554    0.01696    0.00173      0.05496      0.02231      0.00205      0.05526      0.02232      
190200  0.08141    0.00554    0.01696    0.00173      0.05496      0.02223      0.00206      0.05527      0.02226      
190300  0.08141    0.00554    0.01696    0.00172      0.05497      0.02219      0.00205      0.05528      0.02221      
190400  0.08141    0.00554    0.01696    0.00172      0.05497      0.02222      0.00205      0.05528      0.02225      
190500  0.08141    0.00554    0.01696    0.00173      0.05496      0.02225      0.00206      0.05527      0.02228      
190600  0.08141    0.00554    0.01696    0.00173      0.05496      0.02229      0.00206      0.05527      0.02231      
190700  0.08141    0.00553    0.01695    0.00173      0.05497      0.02224      0.00206      0.05528      0.02228      
190800  0.08140    0.00554    0.01696    0.00172      0.05496      0.02228      0.00205      0.05527      0.02230      
190900  0.08141    0.00554    0.01695    0.00172      0.05497      0.02223      0.00206      0.05528      0.02227      
191000  0.08141    0.00554    0.01696    0.00172      0.05497      0.02227      0.00206      0.05528      0.02229      
191100  0.08141    0.00554    0.01695    0.00172      0.05497      0.02222      0.00205      0.05529      0.02225      
191200  0.08140    0.00553    0.01695    0.00173      0.05496      0.02226      0.00205      0.05527      0.02227      
191300  0.08140    0.00553    0.01695    0.00172      0.05497      0.02224      0.00205      0.05528      0.02226      
191400  0.08140    0.00553    0.01695    0.00172      0.05497      0.02225      0.00205      0.05527      0.02227      
191500  0.08140    0.00553    0.01695    0.00172      0.05497      0.02223      0.00205      0.05528      0.02225      
191600  0.08140    0.00553    0.01695    0.00173      0.05498      0.02221      0.00206      0.05528      0.02224      
191700  0.08141    0.00553    0.01695    0.00173      0.05498      0.02221      0.00205      0.05529      0.02224      
191800  0.08140    0.00553    0.01695    0.00172      0.05498      0.02222      0.00205      0.05530      0.02224      
191900  0.08140    0.00553    0.01695    0.00172      0.05498      0.02222      0.00206      0.05529      0.02227      
192000  0.08139    0.00553    0.01694    0.00172      0.05498      0.02220      0.00206      0.05528      0.02223      
192100  0.08139    0.00553    0.01694    0.00172      0.05498      0.02217      0.00205      0.05529      0.02219      
192200  0.08139    0.00553    0.01694    0.00172      0.05498      0.02220      0.00205      0.05529      0.02222      
192300  0.08139    0.00553    0.01695    0.00172      0.05498      0.02219      0.00205      0.05530      0.02221      
192400  0.08139    0.00553    0.01694    0.00172      0.05498      0.02219      0.00205      0.05529      0.02221      
192500  0.08139    0.00553    0.01695    0.00172      0.05498      0.02222      0.00205      0.05530      0.02224      
192600  0.08139    0.00552    0.01694    0.00172      0.05498      0.02218      0.00205      0.05528      0.02220      
192700  0.08139    0.00552    0.01694    0.00173      0.05498      0.02221      0.00206      0.05529      0.02223      
192800  0.08139    0.00552    0.01694    0.00172      0.05498      0.02223      0.00206      0.05528      0.02225      
192900  0.08138    0.00552    0.01694    0.00173      0.05498      0.02220      0.00206      0.05528      0.02222      
193000  0.08139    0.00552    0.01694    0.00173      0.05497      0.02221      0.00205      0.05528      0.02223      
193100  0.08138    0.00552    0.01694    0.00172      0.05498      0.02216      0.00205      0.05528      0.02218      
193200  0.08139    0.00552    0.01694    0.00173      0.05498      0.02214      0.00205      0.05528      0.02217      
193300  0.08138    0.00552    0.01694    0.00172      0.05498      0.02222      0.00205      0.05528      0.02223      
193400  0.08138    0.00552    0.01694    0.00173      0.05498      0.02217      0.00206      0.05528      0.02219      
193500  0.08138    0.00552    0.01694    0.00173      0.05498      0.02218      0.00205      0.05528      0.02219      
193600  0.08138    0.00552    0.01694    0.00173      0.05498      0.02220      0.00206      0.05528      0.02221      
193700  0.08138    0.00552    0.01694    0.00172      0.05498      0.02218      0.00205      0.05528      0.02219      
193800  0.08137    0.00552    0.01694    0.00173      0.05497      0.02216      0.00206      0.05528      0.02219      
193900  0.08137    0.00552    0.01694    0.00172      0.05498      0.02221      0.00206      0.05528      0.02224      
194000  0.08138    0.00552    0.01694    0.00173      0.05497      0.02223      0.00205      0.05527      0.02225      
194100  0.08138    0.00552    0.01693    0.00172      0.05498      0.02217      0.00205      0.05528      0.02219      
194200  0.08137    0.00552    0.01693    0.00173      0.05498      0.02219      0.00205      0.05527      0.02220      
194300  0.08137    0.00552    0.01693    0.00172      0.05498      0.02217      0.00205      0.05529      0.02220      
194400  0.08137    0.00552    0.01693    0.00172      0.05498      0.02217      0.00205      0.05528      0.02219      
194500  0.08136    0.00552    0.01693    0.00172      0.05497      0.02219      0.00205      0.05527      0.02221      
194600  0.08137    0.00551    0.01693    0.00172      0.05498      0.02221      0.00205      0.05528      0.02223      
194700  0.08137    0.00551    0.01693    0.00172      0.05498      0.02218      0.00205      0.05528      0.02220      
194800  0.08136    0.00552    0.01693    0.00172      0.05497      0.02217      0.00205      0.05527      0.02219      
194900  0.08136    0.00551    0.01693    0.00172      0.05498      0.02220      0.00205      0.05528      0.02220      
195000  0.08136    0.00551    0.01693    0.00172      0.05497      0.02219      0.00205      0.05527      0.02219      
195100  0.08136    0.00552    0.01693    0.00172      0.05496      0.02223      0.00205      0.05527      0.02225      
195200  0.08135    0.00551    0.01693    0.00172      0.05497      0.02219      0.00205      0.05527      0.02222      
195300  0.08136    0.00551    0.01693    0.00172      0.05498      0.02218      0.00205      0.05528      0.02220      
195400  0.08135    0.00551    0.01693    0.00172      0.05497      0.02221      0.00205      0.05528      0.02223      
195500  0.08136    0.00552    0.01693    0.00173      0.05497      0.02215      0.00205      0.05527      0.02218      
195600  0.08135    0.00551    0.01692    0.00172      0.05498      0.02217      0.00205      0.05528      0.02220      
195700  0.08135    0.00551    0.01692    0.00172      0.05497      0.02221      0.00205      0.05527      0.02222      
195800  0.08135    0.00551    0.01692    0.00172      0.05498      0.02215      0.00205      0.05528      0.02218      
195900  0.08135    0.00551    0.01692    0.00172      0.05497      0.02215      0.00204      0.05528      0.02216      
196000  0.08134    0.00551    0.01692    0.00172      0.05497      0.02214      0.00205      0.05527      0.02216      
196100  0.08134    0.00551    0.01692    0.00172      0.05498      0.02215      0.00205      0.05527      0.02216      
196200  0.08135    0.00551    0.01692    0.00172      0.05497      0.02220      0.00205      0.05527      0.02222      
196300  0.08134    0.00551    0.01692    0.00172      0.05498      0.02212      0.00205      0.05528      0.02215      
196400  0.08135    0.00551    0.01692    0.00172      0.05498      0.02216      0.00204      0.05528      0.02218      
196500  0.08134    0.00551    0.01692    0.00172      0.05498      0.02217      0.00205      0.05528      0.02219      
196600  0.08134    0.00551    0.01692    0.00172      0.05498      0.02212      0.00205      0.05529      0.02216      
196700  0.08134    0.00551    0.01692    0.00172      0.05497      0.02219      0.00204      0.05528      0.02221      
196800  0.08134    0.00551    0.01691    0.00172      0.05498      0.02216      0.00205      0.05528      0.02219      
196900  0.08134    0.00551    0.01692    0.00172      0.05497      0.02218      0.00205      0.05529      0.02223      
197000  0.08134    0.00551    0.01691    0.00173      0.05497      0.02220      0.00205      0.05527      0.02223      
197100  0.08133    0.00551    0.01692    0.00172      0.05497      0.02219      0.00205      0.05528      0.02222      
197200  0.08133    0.00551    0.01691    0.00172      0.05496      0.02223      0.00205      0.05527      0.02226      
197300  0.08133    0.00551    0.01691    0.00172      0.05496      0.02223      0.00205      0.05526      0.02225      
197400  0.08133    0.00551    0.01691    0.00172      0.05496      0.02222      0.00205      0.05527      0.02224      
197500  0.08133    0.00551    0.01691    0.00172      0.05497      0.02217      0.00205      0.05527      0.02220      
197600  0.08133    0.00551    0.01691    0.00172      0.05496      0.02221      0.00205      0.05527      0.02223      
197700  0.08132    0.00551    0.01691    0.00172      0.05496      0.02219      0.00205      0.05527      0.02222      
197800  0.08132    0.00551    0.01691    0.00172      0.05496      0.02225      0.00205      0.05526      0.02226      
197900  0.08132    0.00551    0.01691    0.00172      0.05496      0.02220      0.00206      0.05526      0.02222      
198000  0.08132    0.00551    0.01691    0.00172      0.05497      0.02216      0.00205      0.05527      0.02218      
198100  0.08132    0.00550    0.01690    0.00172      0.05497      0.02218      0.00205      0.05528      0.02220      
198200  0.08131    0.00550    0.01691    0.00172      0.05496      0.02218      0.00205      0.05527      0.02220      
198300  0.08131    0.00550    0.01690    0.00172      0.05497      0.02216      0.00206      0.05527      0.02220      
198400  0.08131    0.00550    0.01690    0.00172      0.05496      0.02219      0.00205      0.05527      0.02222      
198500  0.08131    0.00550    0.01690    0.00172      0.05498      0.02215      0.00205      0.05528      0.02219      
198600  0.08131    0.00550    0.01690    0.00172      0.05497      0.02218      0.00205      0.05528      0.02222      
198700  0.08131    0.00550    0.01690    0.00172      0.05497      0.02224      0.00205      0.05527      0.02227      
198800  0.08131    0.00550    0.01690    0.00172      0.05497      0.02219      0.00205      0.05528      0.02222      
198900  0.08131    0.00550    0.01690    0.00172      0.05498      0.02213      0.00205      0.05528      0.02216      
199000  0.08131    0.00550    0.01690    0.00172      0.05497      0.02218      0.00205      0.05527      0.02221      
199100  0.08130    0.00550    0.01690    0.00172      0.05497      0.02213      0.00205      0.05529      0.02216      
199200  0.08130    0.00550    0.01690    0.00172      0.05497      0.02206      0.00205      0.05528      0.02210      
199300  0.08130    0.00550    0.01690    0.00172      0.05496      0.02217      0.00205      0.05527      0.02220      
199400  0.08130    0.00550    0.01690    0.00172      0.05497      0.02216      0.00205      0.05528      0.02219      
199500  0.08130    0.00550    0.01689    0.00172      0.05498      0.02210      0.00205      0.05529      0.02214      
199600  0.08130    0.00550    0.01689    0.00172      0.05498      0.02213      0.00205      0.05528      0.02217      
199700  0.08130    0.00550    0.01689    0.00172      0.05497      0.02215      0.00205      0.05528      0.02218      
199800  0.08129    0.00550    0.01689    0.00172      0.05497      0.02216      0.00205      0.05528      0.02218      
199900  0.08130    0.00550    0.01689    0.00172      0.05497      0.02218      0.00206      0.05528      0.02221      
200000  0.08129    0.00550    0.01689    0.00172      0.05497      0.02214      0.00205      0.05528      0.02217      
200100  0.08129    0.00549    0.01689    0.00172      0.05497      0.02217      0.00204      0.05528      0.02218      
200200  0.08129    0.00549    0.01689    0.00172      0.05497      0.02213      0.00205      0.05528      0.02216      
200300  0.08129    0.00549    0.01689    0.00172      0.05497      0.02213      0.00205      0.05527      0.02216      
200400  0.08129    0.00549    0.01689    0.00172      0.05497      0.02214      0.00206      0.05526      0.02217      
200500  0.08128    0.00549    0.01689    0.00172      0.05497      0.02208      0.00205      0.05528      0.02212      
200600  0.08128    0.00549    0.01689    0.00172      0.05498      0.02207      0.00204      0.05528      0.02209      
200700  0.08128    0.00549    0.01689    0.00172      0.05497      0.02209      0.00205      0.05528      0.02212      
200800  0.08128    0.00549    0.01689    0.00172      0.05497      0.02217      0.00205      0.05528      0.02219      
200900  0.08129    0.00549    0.01688    0.00172      0.05497      0.02213      0.00205      0.05528      0.02215      
201000  0.08128    0.00549    0.01688    0.00172      0.05498      0.02212      0.00205      0.05528      0.02215      
201100  0.08128    0.00549    0.01688    0.00172      0.05497      0.02213      0.00204      0.05528      0.02215      
201200  0.08128    0.00549    0.01688    0.00172      0.05497      0.02212      0.00205      0.05528      0.02215      
201300  0.08128    0.00549    0.01688    0.00172      0.05497      0.02214      0.00205      0.05528      0.02217      
201400  0.08128    0.00549    0.01688    0.00172      0.05498      0.02211      0.00205      0.05528      0.02214      
201500  0.08128    0.00549    0.01688    0.00172      0.05497      0.02216      0.00205      0.05528      0.02220      
201600  0.08127    0.00549    0.01688    0.00172      0.05497      0.02214      0.00206      0.05528      0.02218      
201700  0.08128    0.00549    0.01688    0.00172      0.05498      0.02210      0.00204      0.05529      0.02213      
201800  0.08127    0.00549    0.01688    0.00172      0.05498      0.02209      0.00205      0.05529      0.02212      
201900  0.08127    0.00549    0.01688    0.00172      0.05498      0.02208      0.00205      0.05529      0.02211      
202000  0.08127    0.00549    0.01688    0.00172      0.05497      0.02210      0.00205      0.05528      0.02214      
202100  0.08127    0.00549    0.01688    0.00172      0.05497      0.02214      0.00205      0.05528      0.02216      
202200  0.08127    0.00549    0.01688    0.00172      0.05497      0.02206      0.00205      0.05528      0.02211      
202300  0.08127    0.00549    0.01688    0.00172      0.05497      0.02210      0.00205      0.05528      0.02214      
202400  0.08126    0.00549    0.01688    0.00172      0.05497      0.02212      0.00205      0.05528      0.02215      
202500  0.08126    0.00549    0.01688    0.00172      0.05496      0.02216      0.00206      0.05527      0.02220      
202600  0.08126    0.00548    0.01688    0.00172      0.05497      0.02212      0.00205      0.05528      0.02216      
202700  0.08126    0.00548    0.01688    0.00172      0.05497      0.02211      0.00205      0.05528      0.02215      
202800  0.08126    0.00549    0.01687    0.00172      0.05497      0.02212      0.00206      0.05528      0.02216      
202900  0.08126    0.00548    0.01687    0.00172      0.05497      0.02211      0.00205      0.05528      0.02215      
203000  0.08126    0.00548    0.01687    0.00172      0.05497      0.02211      0.00205      0.05528      0.02215      
203100  0.08126    0.00548    0.01687    0.00172      0.05497      0.02214      0.00205      0.05527      0.02217      
203200  0.08126    0.00548    0.01687    0.00172      0.05497      0.02213      0.00205      0.05527      0.02216      
203300  0.08126    0.00548    0.01687    0.00172      0.05497      0.02215      0.00205      0.05528      0.02218      
203400  0.08126    0.00548    0.01687    0.00172      0.05497      0.02211      0.00205      0.05529      0.02215      
203500  0.08126    0.00548    0.01687    0.00172      0.05497      0.02212      0.00205      0.05528      0.02215      
203600  0.08126    0.00548    0.01687    0.00172      0.05497      0.02220      0.00205      0.05528      0.02222      
203700  0.08125    0.00548    0.01687    0.00172      0.05497      0.02212      0.00205      0.05528      0.02216      
203800  0.08126    0.00548    0.01687    0.00172      0.05498      0.02209      0.00205      0.05528      0.02213      
203900  0.08125    0.00548    0.01687    0.00172      0.05497      0.02211      0.00205      0.05528      0.02215      
204000  0.08125    0.00548    0.01687    0.00172      0.05497      0.02208      0.00205      0.05528      0.02211      
204100  0.08125    0.00548    0.01687    0.00172      0.05497      0.02209      0.00205      0.05527      0.02212      
204200  0.08125    0.00548    0.01687    0.00172      0.05497      0.02214      0.00205      0.05527      0.02218      
204300  0.08125    0.00548    0.01687    0.00172      0.05497      0.02210      0.00205      0.05528      0.02213      
204400  0.08125    0.00548    0.01686    0.00172      0.05498      0.02214      0.00205      0.05528      0.02218      
204500  0.08125    0.00548    0.01687    0.00172      0.05497      0.02213      0.00204      0.05527      0.02217      
204600  0.08125    0.00548    0.01687    0.00172      0.05497      0.02217      0.00205      0.05528      0.02221      
204700  0.08125    0.00548    0.01686    0.00172      0.05498      0.02216      0.00205      0.05528      0.02219      
204800  0.08125    0.00548    0.01686    0.00172      0.05497      0.02214      0.00205      0.05528      0.02217      
204900  0.08124    0.00548    0.01686    0.00172      0.05497      0.02214      0.00204      0.05527      0.02216      
205000  0.08124    0.00548    0.01686    0.00172      0.05496      0.02217      0.00205      0.05527      0.02220      
205100  0.08124    0.00548    0.01686    0.00172      0.05497      0.02215      0.00205      0.05528      0.02218      
205200  0.08124    0.00548    0.01686    0.00172      0.05497      0.02214      0.00205      0.05528      0.02217      
205300  0.08125    0.00548    0.01686    0.00172      0.05498      0.02215      0.00204      0.05528      0.02217      
205400  0.08124    0.00548    0.01686    0.00172      0.05497      0.02213      0.00204      0.05528      0.02216      
205500  0.08124    0.00548    0.01686    0.00172      0.05497      0.02211      0.00204      0.05528      0.02215      
205600  0.08124    0.00548    0.01686    0.00172      0.05498      0.02207      0.00204      0.05529      0.02211      
205700  0.08124    0.00548    0.01686    0.00172      0.05497      0.02215      0.00204      0.05528      0.02217      
205800  0.08124    0.00548    0.01686    0.00172      0.05497      0.02209      0.00204      0.05528      0.02211      
205900  0.08124    0.00547    0.01686    0.00172      0.05497      0.02216      0.00205      0.05528      0.02219      
206000  0.08123    0.00548    0.01686    0.00172      0.05497      0.02210      0.00205      0.05528      0.02214      
206100  0.08123    0.00547    0.01686    0.00172      0.05497      0.02209      0.00205      0.05528      0.02213      
206200  0.08123    0.00548    0.01686    0.00172      0.05497      0.02212      0.00205      0.05527      0.02215      
206300  0.08123    0.00547    0.01685    0.00172      0.05497      0.02215      0.00204      0.05527      0.02218      
206400  0.08123    0.00547    0.01685    0.00172      0.05497      0.02211      0.00204      0.05527      0.02213      
206500  0.08123    0.00547    0.01685    0.00172      0.05497      0.02214      0.00204      0.05528      0.02216      
206600  0.08123    0.00547    0.01685    0.00172      0.05497      0.02210      0.00205      0.05527      0.02213      
206700  0.08123    0.00547    0.01685    0.00172      0.05497      0.02213      0.00205      0.05528      0.02216      
206800  0.08123    0.00547    0.01685    0.00172      0.05497      0.02211      0.00205      0.05528      0.02214      
206900  0.08123    0.00547    0.01685    0.00172      0.05498      0.02212      0.00204      0.05528      0.02214      
207000  0.08123    0.00547    0.01685    0.00172      0.05498      0.02210      0.00204      0.05528      0.02213      
207100  0.08123    0.00547    0.01685    0.00172      0.05498      0.02208      0.00205      0.05528      0.02212      
207200  0.08123    0.00547    0.01685    0.00172      0.05498      0.02208      0.00205      0.05528      0.02212      
207300  0.08123    0.00547    0.01685    0.00172      0.05497      0.02215      0.00204      0.05528      0.02218      
207400  0.08122    0.00547    0.01685    0.00172      0.05498      0.02208      0.00204      0.05527      0.02211      
207500  0.08122    0.00547    0.01685    0.00172      0.05498      0.02208      0.00204      0.05529      0.02211      
207600  0.08122    0.00547    0.01685    0.00172      0.05497      0.02213      0.00204      0.05528      0.02217      
207700  0.08122    0.00547    0.01685    0.00172      0.05497      0.02216      0.00205      0.05527      0.02218      
207800  0.08122    0.00547    0.01685    0.00172      0.05498      0.02214      0.00205      0.05528      0.02218      
207900  0.08122    0.00547    0.01685    0.00172      0.05498      0.02212      0.00205      0.05528      0.02216      
208000  0.08122    0.00546    0.01684    0.00172      0.05498      0.02214      0.00205      0.05528      0.02218      
208100  0.08122    0.00546    0.01684    0.00172      0.05498      0.02215      0.00204      0.05529      0.02219      
208200  0.08122    0.00546    0.01684    0.00172      0.05498      0.02212      0.00204      0.05528      0.02215      
208300  0.08122    0.00547    0.01685    0.00172      0.05497      0.02212      0.00204      0.05528      0.02215      
208400  0.08122    0.00546    0.01684    0.00172      0.05498      0.02209      0.00204      0.05529      0.02213      
208500  0.08122    0.00546    0.01684    0.00172      0.05498      0.02211      0.00205      0.05528      0.02215      
208600  0.08121    0.00546    0.01684    0.00172      0.05497      0.02214      0.00205      0.05528      0.02218      
208700  0.08121    0.00546    0.01684    0.00172      0.05497      0.02210      0.00205      0.05528      0.02214      
208800  0.08121    0.00546    0.01684    0.00172      0.05497      0.02216      0.00204      0.05527      0.02219      
208900  0.08121    0.00546    0.01684    0.00172      0.05498      0.02211      0.00204      0.05528      0.02213      
209000  0.08121    0.00546    0.01684    0.00172      0.05498      0.02211      0.00204      0.05528      0.02214      
209100  0.08121    0.00546    0.01684    0.00172      0.05498      0.02208      0.00204      0.05528      0.02211      
209200  0.08121    0.00546    0.01684    0.00172      0.05498      0.02206      0.00204      0.05528      0.02210      
209300  0.08121    0.00546    0.01684    0.00172      0.05498      0.02209      0.00204      0.05528      0.02212      
209400  0.08120    0.00546    0.01684    0.00172      0.05497      0.02206      0.00204      0.05529      0.02209      
209500  0.08120    0.00546    0.01684    0.00172      0.05498      0.02209      0.00204      0.05528      0.02212      
209600  0.08120    0.00546    0.01684    0.00172      0.05498      0.02207      0.00205      0.05529      0.02211      
209700  0.08120    0.00546    0.01684    0.00172      0.05498      0.02208      0.00205      0.05528      0.02211      
209800  0.08121    0.00546    0.01684    0.00172      0.05498      0.02210      0.00204      0.05529      0.02213      
209900  0.08121    0.00546    0.01684    0.00172      0.05498      0.02210      0.00204      0.05529      0.02214      
210000  0.08121    0.00546    0.01683    0.00172      0.05499      0.02210      0.00205      0.05529      0.02214      
210100  0.08120    0.00546    0.01684    0.00172      0.05498      0.02215      0.00205      0.05528      0.02219      
210200  0.08120    0.00546    0.01684    0.00172      0.05498      0.02212      0.00204      0.05529      0.02217      
210300  0.08120    0.00546    0.01684    0.00172      0.05498      0.02211      0.00204      0.05528      0.02213      
210400  0.08120    0.00546    0.01684    0.00172      0.05499      0.02210      0.00204      0.05529      0.02212      
210500  0.08120    0.00546    0.01684    0.00172      0.05499      0.02205      0.00204      0.05529      0.02209      
210600  0.08120    0.00546    0.01684    0.00172      0.05498      0.02209      0.00204      0.05529      0.02212      
210700  0.08120    0.00545    0.01683    0.00172      0.05499      0.02211      0.00204      0.05529      0.02215      
210800  0.08120    0.00545    0.01683    0.00172      0.05498      0.02213      0.00205      0.05528      0.02216      
210900  0.08121    0.00546    0.01683    0.00172      0.05498      0.02214      0.00204      0.05528      0.02216      
211000  0.08120    0.00546    0.01683    0.00172      0.05499      0.02204      0.00204      0.05529      0.02208      
211100  0.08120    0.00546    0.01683    0.00172      0.05497      0.02210      0.00204      0.05528      0.02212      
211200  0.08120    0.00546    0.01683    0.00172      0.05498      0.02211      0.00205      0.05528      0.02214      
211300  0.08119    0.00545    0.01683    0.00172      0.05497      0.02211      0.00205      0.05528      0.02214      
211400  0.08120    0.00546    0.01683    0.00172      0.05498      0.02208      0.00204      0.05528      0.02210      
211500  0.08119    0.00546    0.01683    0.00172      0.05497      0.02211      0.00204      0.05528      0.02213      
211600  0.08119    0.00545    0.01683    0.00172      0.05497      0.02210      0.00204      0.05528      0.02213      
211700  0.08119    0.00545    0.01683    0.00172      0.05498      0.02209      0.00204      0.05528      0.02211      
211800  0.08119    0.00546    0.01683    0.00172      0.05497      0.02215      0.00205      0.05527      0.02217      
211900  0.08119    0.00545    0.01683    0.00172      0.05497      0.02219      0.00204      0.05528      0.02222      
212000  0.08119    0.00545    0.01683    0.00172      0.05496      0.02220      0.00205      0.05527      0.02223      
212100  0.08119    0.00545    0.01683    0.00172      0.05497      0.02213      0.00205      0.05527      0.02216      
212200  0.08119    0.00545    0.01683    0.00172      0.05498      0.02208      0.00204      0.05529      0.02211      
212300  0.08118    0.00545    0.01683    0.00172      0.05497      0.02209      0.00204      0.05528      0.02213      
212400  0.08118    0.00545    0.01683    0.00172      0.05497      0.02207      0.00204      0.05528      0.02210      
212500  0.08118    0.00545    0.01683    0.00172      0.05498      0.02210      0.00205      0.05527      0.02214      
212600  0.08117    0.00545    0.01683    0.00172      0.05498      0.02204      0.00204      0.05528      0.02208      
212700  0.08118    0.00545    0.01683    0.00172      0.05497      0.02211      0.00204      0.05528      0.02214      
212800  0.08117    0.00545    0.01683    0.00172      0.05497      0.02209      0.00204      0.05528      0.02212      
212900  0.08118    0.00545    0.01683    0.00172      0.05497      0.02213      0.00204      0.05527      0.02217      
213000  0.08118    0.00545    0.01682    0.00172      0.05497      0.02212      0.00204      0.05528      0.02215      
213100  0.08118    0.00545    0.01682    0.00172      0.05498      0.02209      0.00204      0.05528      0.02212      
213200  0.08117    0.00545    0.01682    0.00172      0.05498      0.02207      0.00205      0.05528      0.02211      
213300  0.08117    0.00545    0.01682    0.00172      0.05497      0.02210      0.00205      0.05527      0.02213      
213400  0.08117    0.00545    0.01683    0.00172      0.05497      0.02211      0.00204      0.05527      0.02214      
213500  0.08117    0.00545    0.01682    0.00172      0.05497      0.02204      0.00205      0.05528      0.02208      
213600  0.08117    0.00545    0.01682    0.00172      0.05498      0.02209      0.00204      0.05528      0.02213      
213700  0.08117    0.00544    0.01682    0.00172      0.05497      0.02211      0.00204      0.05528      0.02215      
213800  0.08117    0.00544    0.01682    0.00172      0.05498      0.02210      0.00204      0.05527      0.02213      
213900  0.08117    0.00544    0.01682    0.00172      0.05497      0.02213      0.00204      0.05527      0.02216      
214000  0.08117    0.00544    0.01682    0.00172      0.05498      0.02209      0.00204      0.05527      0.02212      
214100  0.08117    0.00544    0.01682    0.00172      0.05497      0.02216      0.00205      0.05527      0.02220      
214200  0.08117    0.00544    0.01682    0.00172      0.05497      0.02210      0.00205      0.05528      0.02215      
214300  0.08117    0.00544    0.01682    0.00172      0.05496      0.02218      0.00205      0.05527      0.02221      
214400  0.08117    0.00544    0.01682    0.00172      0.05497      0.02214      0.00205      0.05528      0.02218      
214500  0.08117    0.00544    0.01682    0.00172      0.05497      0.02219      0.00204      0.05527      0.02221      
214600  0.08116    0.00544    0.01682    0.00172      0.05497      0.02212      0.00204      0.05528      0.02215      
214700  0.08116    0.00544    0.01682    0.00172      0.05496      0.02215      0.00204      0.05527      0.02218      
214800  0.08116    0.00544    0.01682    0.00173      0.05496      0.02216      0.00204      0.05527      0.02219      
214900  0.08116    0.00544    0.01682    0.00172      0.05496      0.02216      0.00205      0.05527      0.02220      
215000  0.08116    0.00544    0.01682    0.00172      0.05497      0.02213      0.00205      0.05527      0.02217      
215100  0.08116    0.00544    0.01682    0.00172      0.05496      0.02217      0.00204      0.05528      0.02221      
215200  0.08116    0.00544    0.01682    0.00172      0.05496      0.02216      0.00205      0.05527      0.02218      
215300  0.08116    0.00544    0.01682    0.00172      0.05497      0.02211      0.00204      0.05528      0.02214      
215400  0.08115    0.00544    0.01682    0.00172      0.05497      0.02211      0.00204      0.05528      0.02214      
215500  0.08116    0.00544    0.01681    0.00172      0.05497      0.02212      0.00204      0.05527      0.02216      
215600  0.08116    0.00544    0.01681    0.00172      0.05497      0.02210      0.00204      0.05529      0.02214      
215700  0.08115    0.00544    0.01681    0.00172      0.05497      0.02213      0.00204      0.05527      0.02216      
215800  0.08115    0.00544    0.01681    0.00172      0.05496      0.02217      0.00204      0.05526      0.02219      
215900  0.08115    0.00544    0.01681    0.00172      0.05497      0.02216      0.00204      0.05527      0.02219      
216000  0.08115    0.00544    0.01681    0.00172      0.05497      0.02209      0.00204      0.05528      0.02212      
216100  0.08115    0.00544    0.01681    0.00172      0.05497      0.02207      0.00204      0.05528      0.02210      
216200  0.08115    0.00544    0.01681    0.00172      0.05497      0.02208      0.00204      0.05527      0.02212      
