0 0 0 0 0 0 0
0.02 0.00793505 0.00791784 0.00795686 0.198376 0.197946 0.198921
0.04 0.0277218 0.0276587 0.0281002 0.494668 0.493521 0.503585
0.06 0.0500728 0.0499493 0.0517104 0.558774 0.557266 0.590254
0.08 0.0662327 0.0660538 0.070293 0.404 0.402613 0.464565
0.1 0.0723937 0.0721865 0.0796322 0.154025 0.153317 0.233479
0.12 0.070524 0.0703337 0.0806395 -0.0467429 -0.0463206 0.0251828
0.14 0.0660578 0.0659285 0.0774348 -0.111656 -0.110129 -0.0801172
0.16 0.0642938 0.0642399 0.0744054 -0.0441003 -0.0422161 -0.075735
0.18 0.0676762 0.0676617 0.0740658 0.0845616 0.0855461 -0.00849061
0.2 0.0753308 0.0752757 0.0766485 0.191364 0.190349 0.0645673
0.22 0.0845987 0.0844137 0.0810709 0.231696 0.228449 0.11056
0.24 0.0930787 0.0927093 0.0861581 0.212002 0.207392 0.12718
0.26 0.0997762 0.0992293 0.0912325 0.167438 0.162999 0.126862
0.28 0.104975 0.104311 0.0959803 0.129965 0.127052 0.118695
0.3 0.109392 0.108692 0.100094 0.110431 0.109511 0.102837
0.32 0.113451 0.112771 0.103186 0.101463 0.10199 0.0772959
0.34 0.117132 0.116487 0.105044 0.092045 0.0928918 0.0464699
0.36 0.120296 0.119653 0.105911 0.0791008 0.0791552 0.0216554
0.38 0.12301 0.12231 0.106419 0.0678284 0.0664181 0.0127154
0.4 0.125561 0.124742 0.107168 0.0637797 0.0607985 0.0187129
0.42 0.128194 0.127207 0.108231 0.0658289 0.0616291 0.026589
0.44 0.130851 0.129672 0.109034 0.0664374 0.0616193 0.0200638
0.46 0.133179 0.131809 0.108712 0.0581988 0.0534293 -0.00804951
0.48 0.1348 0.133264 0.106718 0.0405057 0.0363757 -0.0498368
0.5 0.135629 0.133969 0.10324 0.020736 0.0176193 -0.0869576
0.52 0.135994 0.134252 0.0991504 0.00911763 0.00707796 -0.102244
0.54 0.136448 0.134658 0.095549 0.0113515 0.0101547 -0.0900358
0.56 0.137429 0.135609 0.0932001 0.0245252 0.0237587 -0.0587219
0.58 0.138993 0.137143 0.0922113 0.0391117 0.0383566 -0.0247199
0.6 0.140804 0.138912 0.0920983 0.0452653 0.0442208 -0.00282434
0.62 0.142353 0.140401 0.0921235 0.0387166 0.037236 0.000628065
0.64 0.143252 0.141224 0.091664 0.0224875 0.0205756 -0.0114863
0.66 0.143418 0.141303 0.0904239 0.00415506 0.00197204 -0.0310013
0.68 0.143069 0.140868 0.088452 -0.00873251 -0.0108682 -0.0492998
0.7 0.142582 0.140315 0.0860411 -0.0121782 -0.0138413 -0.0602702
0.72 0.142309 0.140009 0.0835988 -0.00682826 -0.00762984 -0.0610588
0.74 0.142432 0.140142 0.0815265 0.00307479 0.00331009 -0.0518086
0.76 0.142907 0.140662 0.0801148 0.0118743 0.0129981 -0.0352917
0.78 0.143502 0.141319 0.0794619 0.0148726 0.0164289 -0.0163211
0.8 0.143908 0.14178 0.0794458 0.0101501 0.0115218 -0.000403897
0.82 0.143878 0.141777 0.0797805 -0.000739321 -8.04064e-05 0.00836861
0.84 0.143339 0.141229 0.0801505 -0.0134671 -0.0136921 0.00925037
0.86 0.142425 0.140282 0.080361 -0.0228587 -0.0236702 0.00526161
0.88 0.14141 0.139236 0.0804217 -0.025363 -0.0261488 0.00151796
0.9 0.140575 0.138394 0.0805159 -0.0208883 -0.0210475 0.00235443
0.92 0.140061 0.137911 0.0808793 -0.0128546 -0.0120809 0.00908386
0.94 0.13981 0.137726 0.0816688 -0.00626073 -0.00461449 0.0197374
0.96 0.139615 0.13762 0.0828965 -0.00489096 -0.00266173 0.0306938
0.98 0.139239 0.137345 0.0844532 -0.00938971 -0.00687714 0.0389183
1 0.138547 0.136758 0.0861867 -0.017304 -0.0146732 0.0433371
1.02 0.137552 0.13587 0.0879748 -0.0248811 -0.0221878 0.044701
1.04 0.136376 0.134803 0.0897528 -0.029379 -0.0266906 0.0444516
1.06 0.135159 0.133687 0.091499 -0.0304372 -0.0278985 0.0436557
1.08 0.133968 0.132584 0.0932063 -0.0297738 -0.0275761 0.0426805
1.1 0.13278 0.131464 0.0948662 -0.0296892 -0.027997 0.0414975
1.12 0.131517 0.130246 0.0964691 -0.0315891 -0.0304408 0.0400724
1.14 0.130098 0.12886 0.0980055 -0.0354628 -0.0346489 0.0384118
1.16 0.128484 0.127286 0.099458 -0.0403564 -0.0393698 0.0363107
1.18 0.126675 0.12555 0.100786 -0.0452176 -0.043388 0.0331898
1.2 0.124699 0.123701 0.10192 -0.0494169 -0.0462217 0.0283634
1.22 0.122592 0.121779 0.102786 -0.0526644 -0.0480592 0.0216536
1.24 0.120407 0.119811 0.10334 -0.0546288 -0.0491976 0.0138358
1.26 0.118215 0.117826 0.103596 -0.0548108 -0.04961 0.00640469
1.28 0.116098 0.115866 0.103624 -0.0529161 -0.0490085 0.000697484
1.3 0.114123 0.113975 0.103504 -0.0493769 -0.047267 -0.00299531
1.32 0.112307 0.112186 0.10328 -0.0454033 -0.0447389 -0.00560041
1.34 0.110613 0.1105 0.102937 -0.0423456 -0.042136 -0.0085783
1.36 0.108981 0.1089 0.102421 -0.0407897 -0.0400089 -0.0129039
1.38 0.107378 0.107371 0.101684 -0.0400762 -0.0382291 -0.0184161
1.4 0.105832 0.105934 0.100727 -0.0386493 -0.0359205 -0.0239277
1.42 0.104432 0.104654 0.0996087 -0.0350177 -0.0319998 -0.0279547
1.44 0.103284 0.103614 0.0984267 -0.0286976 -0.0259962 -0.0295493
1.46 0.102461 0.102873 0.0972771 -0.0205799 -0.0185407 -0.0287401
1.48 0.101961 0.102428 0.0962214 -0.0124764 -0.0111146 -0.0263941
1.5 0.101718 0.102219 0.0952751 -0.00609569 -0.00522168 -0.0236559
1.52 0.101634 0.102157 0.0944222 -0.0021007 -0.00155549 -0.0213229
1.54 0.101639 0.10217 0.093641 0.000136121 0.000330849 -0.0195314
1.56 0.101718 0.102238 0.0929252 0.0019818 0.0016895 -0.0178943
1.58 0.101905 0.10239 0.0922889 0.00466083 0.00379528 -0.0159084
1.6 0.102248 0.102678 0.0917561 0.00859152 0.0072054 -0.0133191
1.62 0.102778 0.103139 0.0913466 0.0132398 0.0115228 -0.0102361
1.64 0.103479 0.103769 0.0910671 0.0175304 0.0157606 -0.00698906
1.66 0.104302 0.10453 0.0909125 0.0205742 0.0190087 -0.00386352
1.68 0.105191 0.105367 0.0908755 0.0222115 0.0209441 -0.00092501
1.7 0.106111 0.106242 0.0909528 0.022996 0.0218808 0.00193111
1.72 0.107059 0.107139 0.0911448 0.0237202 0.0224173 0.00479908
1.74 0.108055 0.10806 0.0914508 0.0249036 0.0230218 0.00765043
1.76 0.109119 0.109014 0.0918648 0.026586 0.0238597 0.0103503
1.78 0.110257 0.11001 0.0923743 0.0284435 0.0248968 0.012737
1.8 0.111459 0.111053 0.0929621 0.0300603 0.026076 0.0146957
1.82 0.112707 0.112149 0.0936098 0.0311966 0.0273825 0.0161926
1.84 0.113984 0.1133 0.0943001 0.0319224 0.028788 0.0172577
1.86 0.115286 0.114507 0.0950175 0.0325426 0.0301778 0.0179341
1.88 0.116621 0.115763 0.095747 0.0333759 0.0313803 0.0182374
1.9 0.118003 0.117054 0.0964736 0.0345499 0.0322893 0.0181658
1.92 0.11944 0.118372 0.0971852 0.0359378 0.0329554 0.017791
1.94 0.12093 0.119715 0.097879 0.0372374 0.0335574 0.0173452
1.96 0.122455 0.121086 0.0985658 0.0381293 0.0342779 0.0171685
1.98 0.123993 0.122492 0.0992655 0.0384526 0.0351577 0.017494
2 0.125524 0.123932 0.0999942 0.0382917 0.0360008 0.0182166
2.02 0.127039 0.125389 0.100749 0.0378728 0.0364343 0.01888
2.04 0.128534 0.126834 0.101507 0.0373573 0.0361247 0.018937
2.06 0.130003 0.128235 0.102231 0.0367271 0.0350047 0.0180977
2.08 0.131435 0.129568 0.102892 0.0358085 0.0333301 0.0165245
2.1 0.132811 0.130828 0.103481 0.0343932 0.031501 0.0147367
2.12 0.134107 0.132019 0.104013 0.0323982 0.0297817 0.0132968
2.14 0.135305 0.133145 0.104512 0.0299439 0.0281578 0.0124758
2.16 0.136395 0.134202 0.104996 0.0272719 0.0264042 0.0120936
2.18 0.137379 0.135173 0.105461 0.0245837 0.0242776 0.0116344
2.2 0.138256 0.13604 0.105884 0.0219335 0.021678 0.0105651
2.22 0.139024 0.136787 0.10623 0.0192028 0.0186751 0.00864536
2.24 0.139672 0.137404 0.106471 0.0162036 0.0154238 0.00604136
2.26 0.140187 0.137886 0.106599 0.0128703 0.012055 0.00319906
2.28 0.140561 0.138231 0.106622 0.00935035 0.00863415 0.000569645
2.3 0.140798 0.138441 0.106557 0.00591189 0.00523144 -0.00163815
2.32 0.140908 0.13852 0.106416 0.00277065 0.00199094 -0.00351873
2.34 0.140907 0.138484 0.106202 -4.29867e-05 -0.000898154 -0.00533621
2.36 0.1408 0.138352 0.10591 -0.0026798 -0.00329912 -0.00730808
2.38 0.140587 0.138144 0.105532 -0.0053063 -0.00521196 -0.00944409
2.4 0.140271 0.137873 0.105071 -0.00790227 -0.00677739 -0.0115273
2.42 0.139863 0.137546 0.104542 -0.0102118 -0.00817031 -0.0132232
2.44 0.139387 0.137167 0.103972 -0.0118872 -0.00946514 -0.0142638
2.46 0.138879 0.136743 0.103387 -0.0127189 -0.010616 -0.0146063
2.48 0.138365 0.13628 0.102809 -0.0128357 -0.0115562 -0.0144564
2.5 0.137856 0.13579 0.102244 -0.012718 -0.012265 -0.0141231
2.52 0.137338 0.13528 0.101692 -0.0129504 -0.0127536 -0.0138118
2.54 0.136786 0.134759 0.101152 -0.0138179 -0.0130285 -0.0134888
2.56 0.136183 0.134236 0.100636 -0.0150774 -0.0130717 -0.0129156
2.58 0.135537 0.133722 0.100163 -0.0161296 -0.0128485 -0.0118169
2.6 0.134879 0.133228 0.0997608 -0.0164481 -0.0123459 -0.0100534
2.62 0.134243 0.132762 0.0994535 -0.0159157 -0.0116426 -0.00768216
2.64 0.133648 0.132325 0.099258 -0.0148617 -0.0109413 -0.00488871
2.66 0.133096 0.131905 0.0991826 -0.0138143 -0.0104873 -0.00188489
2.68 0.13257 0.131489 0.099229 -0.0131473 -0.0104128 0.0011592
2.7 0.132055 0.131064 0.0993949 -0.0128797 -0.0106181 0.00414897
2.72 0.131545 0.130632 0.0996769 -0.0127452 -0.0108006 0.00704871
2.74 0.131047 0.130206 0.100069 -0.0124461 -0.0106534 0.00981545
2.76 0.130572 0.129803 0.100564 -0.0118833 -0.010067 0.0123522
2.78 0.130124 0.129436 0.101145 -0.0111992 -0.0091661 0.0145369
2.8 0.129699 0.129109 0.101797 -0.0106238 -0.00817585 0.0162911
2.82 0.129288 0.128819 0.102502 -0.0102586 -0.00725308 0.0176229
2.84 0.12889 0.128563 0.103247 -0.00995234 -0.00640105 0.018642
2.86 0.128515 0.128342 0.104028 -0.00937157 -0.0055276 0.0195243
2.88 0.128186 0.128158 0.104844 -0.0082435 -0.00459544 0.0203819
2.9 0.127922 0.12801 0.105688 -0.00659442 -0.00370177 0.0211094
2.92 0.127731 0.12789 0.106543 -0.00478389 -0.00299223 0.021368
2.94 0.127599 0.12779 0.107375 -0.00329225 -0.00250894 0.0208023
2.96 0.127502 0.127705 0.108148 -0.00242815 -0.00214029 0.0193354
2.98 0.127414 0.127636 0.108839 -0.00218712 -0.00172027 0.017273
3 0.127322 0.12759 0.109445 -0.00231732 -0.00115472 0.0151435
3.02 0.127224 0.127571 0.10998 -0.00244916 -0.000473358 0.0133816
3.04 0.127135 0.127578 0.110463 -0.0022164 0.000196675 0.0120683
3.06 0.127079 0.127608 0.1109 -0.00140721 0.000729821 0.01092
3.08 0.127075 0.127651 0.111281 -9.49359e-05 0.00109212 0.00953592
3.1 0.12713 0.127705 0.111589 0.00138076 0.00133422 0.007687
3.12 0.127234 0.127765 0.111806 0.00259053 0.00151774 0.0054379
3.14 0.127362 0.127831 0.111929 0.00321804 0.00165163 0.00306998
3.16 0.12749 0.127899 0.111964 0.00317932 0.0016825 0.000888872
3.18 0.127596 0.12796 0.111926 0.00264848 0.0015366 -0.000947871
3.2 0.127676 0.128008 0.111828 0.00200207 0.00118728 -0.00246507
3.22 0.127742 0.128035 0.111677 0.00165569 0.000693627 -0.00376972
3.24 0.127814 0.128043 0.11148 0.00180794 0.00018006 -0.00492668
3.26 0.127906 0.128033 0.111242 0.00229466 -0.000232412 -0.00593825
3.28 0.128015 0.128013 0.11097 0.00271696 -0.000515122 -0.00681857
3.3 0.128124 0.127983 0.110664 0.00274052 -0.000735198 -0.00763182
3.32 0.128218 0.127946 0.110327 0.00233696 -0.000934306 -0.00843178
3.34 0.128291 0.127905 0.10996 0.00183449 -0.0010204 -0.00917101
3.36 0.128361 0.127873 0.109573 0.00175289 -0.000808212 -0.00968937
3.38 0.12846 0.127866 0.10918 0.00246845 -0.000165666 -0.0098175
3.4 0.128616 0.127901 0.108799 0.003898 0.000861554 -0.00951941
3.42 0.128835 0.127982 0.108442 0.00548587 0.00203245 -0.00893804
3.44 0.129099 0.128103 0.10811 0.0065831 0.00302281 -0.00829134
3.46 0.129375 0.128248 0.107803 0.00691668 0.00362618 -0.00769049
3.48 0.129645 0.128404 0.107521 0.00674582 0.00390768 -0.00702638
3.5 0.12991 0.128571 0.107281 0.00661799 0.00417673 -0.00601992
3.52 0.13019 0.128763 0.107104 0.00698995 0.00478841 -0.00441887
3.54 0.13051 0.128999 0.107015 0.00800037 0.00591038 -0.00222915
3.56 0.130889 0.129296 0.107023 0.00947654 0.00742967 0.000206127
3.58 0.131332 0.129659 0.107118 0.0110835 0.00905275 0.00238295
3.6 0.131833 0.130079 0.107277 0.0125149 0.0104996 0.00397809
3.62 0.132378 0.130545 0.107481 0.0136422 0.0116675 0.00508246
3.64 0.132959 0.131052 0.107726 0.0145246 0.0126748 0.00612327
3.66 0.13357 0.131602 0.108028 0.015282 0.0137471 0.0075512
3.68 0.13421 0.132202 0.108408 0.0159889 0.0150076 0.00951617
3.7 0.134877 0.132856 0.108878 0.0166628 0.0163373 0.0117337
3.72 0.135568 0.133554 0.109423 0.0172767 0.0174464 0.0136418
3.74 0.136278 0.134278 0.110014 0.0177509 0.0181095 0.0147709
3.76 0.136997 0.135012 0.110616 0.0179715 0.0183358 0.0150545
3.78 0.137711 0.135743 0.11121 0.0178534 0.0182965 0.0148376
3.8 0.138407 0.136468 0.111795 0.0174109 0.0181057 0.0146296
3.82 0.139078 0.137176 0.112387 0.0167638 0.01771 0.0148033
3.84 0.13972 0.137855 0.113003 0.0160573 0.0169716 0.0154
3.86 0.140334 0.138488 0.113649 0.015352 0.0158345 0.0161393
3.88 0.140917 0.139066 0.114313 0.0145766 0.0144367 0.0166101
3.9 0.14146 0.139589 0.114973 0.0135797 0.0130802 0.0164911
3.92 0.14195 0.140071 0.115599 0.0122325 0.0120444 0.0156536
3.94 0.14237 0.140525 0.116164 0.0105067 0.0113519 0.0141281
3.96 0.14271 0.140952 0.116645 0.00849823 0.0106734 0.0120102
3.98 0.142965 0.141332 0.117021 0.00639072 0.00950185 0.00940963
4 0.143141 0.141632 0.117281 0.00438771 0.00749563 0.0064945
4.02 0.143245 0.141821 0.117423 0.00261281 0.00472154 0.00356299
4.04 0.143286 0.141887 0.117464 0.00102172 0.00165544 0.00101964
4.06 0.143263 0.141845 0.117432 -0.000575085 -0.00104178 -0.000795974
4.08 0.143169 0.141731 0.117359 -0.00235499 -0.00285866 -0.00182017
4.1 0.142997 0.141582 0.117266 -0.00430176 -0.00371747 -0.00233144
4.12 0.14275 0.141421 0.117153 -0.00616909 -0.00402965 -0.00281484
4.14 0.142445 0.141243 0.117005 -0.00764215 -0.00444748 -0.00372281
4.16 0.142102 0.141025 0.116795 -0.00856278 -0.00545478 -0.00524721
4.18 0.141741 0.140742 0.116507 -0.00902909 -0.00707175 -0.00719944
4.2 0.141369 0.140388 0.116144 -0.00929272 -0.00884757 -0.00907812
4.22 0.140987 0.139984 0.115731 -0.0095657 -0.0101115 -0.0103237
4.24 0.140591 0.139569 0.115306 -0.00988685 -0.0103623 -0.0106123
4.26 0.140186 0.139186 0.114906 -0.0101146 -0.00957779 -0.0100028
4.28 0.139785 0.138857 0.114552 -0.0100256 -0.00821235 -0.00885071
4.3 0.139407 0.138582 0.114249 -0.00946951 -0.0068848 -0.00756616
4.32 0.139067 0.138342 0.113994 -0.00849192 -0.00600624 -0.00638903
4.34 0.138774 0.138118 0.113782 -0.00731285 -0.00560663 -0.00530295
4.36 0.138527 0.137901 0.113617 -0.00617905 -0.0054058 -0.00411377
4.38 0.138319 0.137702 0.113512 -0.00520231 -0.00498341 -0.00261585
4.4 0.138148 0.137543 0.113484 -0.00428384 -0.0039866 -0.00072374
4.42 0.13802 0.137449 0.113543 -0.00318791 -0.00233876 0.00147784
4.44 0.137951 0.137437 0.113694 -0.00174261 -0.000305564 0.00379037
4.46 0.13795 0.137503 0.113936 -4.45365e-06 0.00166145 0.00603306
4.48 0.13802 0.137631 0.11426 0.00174112 0.00318914 0.00811479
4.5 0.138146 0.137797 0.114659 0.00314942 0.00415585 0.00996314
4.52 0.138307 0.137984 0.115116 0.00402029 0.00466925 0.011422
4.54 0.138483 0.13818 0.115608 0.00439229 0.00491195 0.0122993
4.56 0.138662 0.138381 0.116109 0.00449638 0.00501719 0.0125304
4.58 0.138847 0.138583 0.1166 0.00461631 0.00506303 0.0122708
4.6 0.139045 0.138788 0.117074 0.00494804 0.00511339 0.0118534
4.62 0.139266 0.138997 0.117539 0.00553089 0.00521864 0.0116392
4.64 0.139516 0.139213 0.118012 0.00624498 0.00539623 0.0118197
4.66 0.13979 0.139438 0.118503 0.00685317 0.00562428 0.0122791
4.68 0.140073 0.13967 0.119008 0.00707965 0.00581897 0.0126234
4.7 0.140342 0.139903 0.119504 0.00671385 0.00581233 0.0123898
4.72 0.14057 0.140119 0.119957 0.00569756 0.00540699 0.0113245
4.74 0.140737 0.140299 0.120339 0.00418085 0.00450764 0.00955351
4.76 0.140838 0.140428 0.12064 0.00253405 0.00322515 0.00753025
4.78 0.140889 0.140502 0.120872 0.00125914 0.0018392 0.00578825
4.8 0.14092 0.140528 0.121058 0.000770345 0.000657663 0.00464744
4.82 0.140966 0.140524 0.12122 0.001149 -9.84234e-05 0.00407187
4.84 0.141048 0.14051 0.12137 0.00205869 -0.000370668 0.0037471
4.86 0.141165 0.140498 0.121502 0.00291794 -0.000290992 0.00330013
4.88 0.141294 0.140494 0.121603 0.00323122 -0.000103555 0.00252752
4.9 0.141408 0.140492 0.121663 0.00285556 -4.28478e-05 0.00148879
4.92 0.141489 0.140482 0.121679 0.00202017 -0.000257822 0.000411969
4.94 0.141534 0.140451 0.121661 0.00112236 -0.000773899 -0.000470208
4.96 0.141553 0.140392 0.121619 0.000485884 -0.00146387 -0.00102921
4.98 0.141563 0.140309 0.121569 0.000241441 -0.00207433 -0.00126633
5 0.141577 0.140216 0.121518 0.000354431 -0.0023313 -0.0012641
5.02 0.141605 0.140133 0.121474 0.000705581 -0.00207664 -0.0011039
5.04 0.141651 0.140079 0.121441 0.0011512 -0.00135606 -0.000835868
5.06 0.141715 0.140062 0.121419 0.00158253 -0.000409887 -0.000531521
5.08 0.141793 0.14008 0.121406 0.00195929 0.000440155 -0.000336986
5.1 0.141883 0.140118 0.121388 0.00225848 0.000958433 -0.000438314
5.12 0.141981 0.140163 0.121351 0.0024346 0.00112216 -0.00093333
5.14 0.14208 0.140208 0.121282 0.00247884 0.00111888 -0.00171585
5.16 0.14218 0.140256 0.121184 0.00250942 0.00121361 -0.00246543
5.18 0.142291 0.14032 0.121073 0.00276111 0.00158271 -0.00276269
5.2 0.142427 0.140408 0.120981 0.00340996 0.00221273 -0.00230558
5.22 0.142602 0.140525 0.120936 0.00436204 0.00292081 -0.00112042
5.24 0.142811 0.140664 0.120952 0.00522588 0.00347971 0.000390567
5.26 0.143032 0.140815 0.121018 0.00554117 0.0037661 0.00164216
5.28 0.143237 0.140968 0.121105 0.00511136 0.00383403 0.00218223
5.3 0.143405 0.141124 0.121183 0.00419895 0.00389328 0.00195606
5.32 0.143542 0.141292 0.121238 0.00343465 0.00420783 0.00136373
5.34 0.143681 0.14149 0.12128 0.00346657 0.004933 0.00104751
5.36 0.143863 0.141729 0.12134 0.00455295 0.00599561 0.00150304
5.38 0.144117 0.142014 0.12145 0.00635654 0.00711481 0.00276753
5.4 0.144441 0.142331 0.121627 0.00809946 0.0079353 0.00441457
5.42 0.144801 0.142659 0.121861 0.00900637 0.00819273 0.00585029
5.44 0.145151 0.142973 0.122128 0.00875304 0.00785332 0.00667929
5.46 0.145457 0.14326 0.122404 0.00764219 0.00716122 0.00689968
5.48 0.145712 0.143521 0.122677 0.00638264 0.00653604 0.00682011
5.5 0.145938 0.143774 0.122948 0.0056275 0.00633208 0.00677542
5.52 0.146162 0.144039 0.123224 0.00561726 0.00661675 0.00689368
5.54 0.146408 0.144325 0.123507 0.00613828 0.00714421 0.00708024
5.56 0.146678 0.144626 0.123794 0.00675138 0.00753535 0.00718985
5.58 0.146961 0.144927 0.124083 0.00707218 0.00750809 0.00720561
5.6 0.147238 0.145208 0.124373 0.00693659 0.00702374 0.00725553
5.62 0.147494 0.14546 0.124672 0.00640318 0.00629946 0.00747951
5.64 0.147721 0.145686 0.124987 0.00565603 0.00566139 0.00787894
5.66 0.147916 0.145899 0.125317 0.00489671 0.00531802 0.00825464
5.68 0.148087 0.146108 0.125649 0.00425792 0.00523754 0.00828991
5.7 0.148238 0.146317 0.125959 0.00377893 0.00521513 0.00776049
5.72 0.148376 0.146518 0.126228 0.00345603 0.00503142 0.00671751
5.74 0.148508 0.146702 0.126447 0.00328382 0.0045893 0.00546268
5.76 0.148636 0.14686 0.12662 0.00321051 0.00395436 0.00432264
5.78 0.148759 0.146992 0.126758 0.0030846 0.0032997 0.00345538
5.8 0.148868 0.147103 0.126872 0.00271344 0.00278494 0.00284266
5.82 0.148948 0.147201 0.126967 0.00200885 0.00245063 0.00239728
5.84 0.148991 0.14729 0.127049 0.00107984 0.00221956 0.0020378
5.86 0.148999 0.14737 0.127117 0.000185948 0.0020055 0.00170101
5.88 0.148983 0.147443 0.127171 -0.000404284 0.00181638 0.00134599
5.9 0.148961 0.147512 0.127209 -0.000540064 0.00174009 0.00096566
5.92 0.148951 0.147586 0.127233 -0.000240185 0.0018337 0.000591977
5.94 0.148964 0.147667 0.127245 0.000310074 0.00203098 0.00028662
5.96 0.148996 0.147753 0.127249 0.000813338 0.00214857 0.000121171
5.98 0.149035 0.147832 0.127255 0.000972733 0.0019841 0.000146974
6 0.14906 0.147891 0.127269 0.000619391 0.0014573 0.000342221
6.02 0.149053 0.147919 0.127292 -0.000178027 0.000705249 0.00057383
6.04 0.14901 0.14792 0.127318 -0.00107554 3.95194e-05 0.000658498
6.06 0.148946 0.147911 0.127338 -0.0015908 -0.000228495 0.000499805
6.08 0.14889 0.147912 0.127345 -0.00139544 2.19554e-05 0.00017288
6.1 0.14887 0.147939 0.12734 -0.000522843 0.000662045 -0.000124919
6.12 0.148896 0.147995 0.127332 0.000660364 0.00141112 -0.000203733
6.14 0.148962 0.148074 0.127333 0.00165357 0.00198146 2.22652e-05
6.16 0.149045 0.148161 0.127354 0.00206852 0.00217484 0.000521281
6.18 0.149118 0.148239 0.127401 0.00183483 0.00195006 0.00117352
6.2 0.149168 0.148297 0.127473 0.00123742 0.00143029 0.00180629
6.22 0.149196 0.148329 0.127563 0.000716756 0.000800518 0.00226252
6.24 0.14922 0.148337 0.127663 0.000596866 0.00021675 0.00249627
6.26 0.149258 0.148331 0.127768 0.000939849 -0.000166818 0.00261406
6.28 0.149321 0.148324 0.12788 0.00156591 -0.00016134 0.00279916
6.3 0.149408 0.148339 0.128007 0.00218268 0.000375775 0.00318953
6.32 0.14951 0.148395 0.12816 0.00255735 0.00139312 0.0038114
6.34 0.149616 0.148498 0.128343 0.00265184 0.00257473 0.00456678
6.36 0.149721 0.148636 0.128553 0.0026223 0.00345156 0.00525138
6.38 0.149828 0.148782 0.128779 0.00266879 0.00366161 0.00564955
6.4 0.149943 0.148909 0.129005 0.00287441 0.00316276 0.00566928
6.42 0.150069 0.148998 0.129222 0.00315594 0.00222759 0.00541349
6.44 0.150202 0.149049 0.129427 0.00333344 0.00128442 0.00512775
6.46 0.150333 0.149079 0.129629 0.0032687 0.000742918 0.00506017
6.48 0.150453 0.149112 0.129842 0.00298483 0.000831699 0.00532009
6.5 0.150559 0.149172 0.130075 0.00267271 0.0014894 0.00581253
6.52 0.150663 0.149268 0.130327 0.00257964 0.00241064 0.00629527
6.54 0.150777 0.149398 0.130588 0.00285924 0.00322884 0.00653461
6.56 0.150915 0.149544 0.130846 0.0034514 0.00366251 0.00645258
6.58 0.151078 0.149687 0.131093 0.00406539 0.00356678 0.00617536
6.6 0.151251 0.149805 0.131331 0.00432911 0.00296542 0.00595588
6.62 0.151412 0.149888 0.131571 0.00402437 0.0020708 0.00599934
6.64 0.151541 0.149937 0.131823 0.00323279 0.00121461 0.00628505
6.66 0.151633 0.149964 0.132084 0.00230082 0.000692937 0.0065359
6.68 0.151699 0.149989 0.13234 0.00165118 0.000609362 0.0063972
6.7 0.151761 0.150021 0.132567 0.0015354 0.00080788 0.00568579
6.72 0.151837 0.15006 0.132748 0.00190006 0.000968735 0.00451161
6.74 0.151935 0.150093 0.132876 0.00246918 0.00081443 0.00319612
6.76 0.152053 0.150104 0.132959 0.00294249 0.00027959 0.00208547
6.78 0.152179 0.150086 0.133015 0.00314752 -0.000447359 0.0013963
6.8 0.152302 0.150045 0.133061 0.00306856 -0.00101142 0.00116131
6.82 0.152412 0.150002 0.133112 0.00276676 -0.00108988 0.0012568
6.84 0.152504 0.149978 0.133171 0.00229255 -0.000604383 0.00147752
6.86 0.152571 0.149986 0.133235 0.00167923 0.00020194 0.00161656
6.88 0.152613 0.150021 0.133296 0.00103328 0.00088931 0.00152313
6.9 0.152636 0.150064 0.133342 0.000588089 0.00107789 0.00113457
6.92 0.15266 0.150092 0.133361 0.00059786 0.000684457 0.000492092
6.94 0.152707 0.150092 0.133351 0.00116652 4.21163e-06 -0.000265281
6.96 0.152793 0.150075 0.133313 0.00215988 -0.000434042 -0.000948512
6.98 0.152923 0.150068 0.133258 0.00325915 -0.000175348 -0.00137712
7 0.153088 0.150103 0.133201 0.00411259 0.000891106 -0.00143071
7.02 0.153267 0.150202 0.133157 0.00447106 0.00245961 -0.00108469
7.04 0.153437 0.15036 0.133141 0.00426548 0.00396245 -0.000417436
7.06 0.153584 0.150555 0.133157 0.00365949 0.00488092 0.00041648
7.08 0.153705 0.150756 0.133207 0.00303129 0.00501669 0.00125216
7.1 0.153817 0.150938 0.133287 0.00279579 0.00454278 0.00199248
7.12 0.153943 0.151092 0.133393 0.00315451 0.00386887 0.00264619
7.14 0.154103 0.15123 0.133524 0.00399143 0.0034405 0.0032902
7.16 0.154302 0.151372 0.133684 0.00497891 0.00353989 0.00397838
7.18 0.154533 0.151538 0.133871 0.00576767 0.00415389 0.00468607
7.2 0.154778 0.151738 0.134084 0.00612837 0.00500348 0.00532582
7.22 0.155018 0.151967 0.134315 0.00601149 0.0057345 0.00576933
7.24 0.155239 0.152212 0.13455 0.00553 0.00611805 0.00587162
7.26 0.155435 0.152457 0.134772 0.00489059 0.00611906 0.00556153
7.28 0.155608 0.152691 0.13497 0.00432163 0.00585083 0.00495873
7.3 0.155768 0.15291 0.135145 0.00400346 0.00549107 0.00437166
7.32 0.155928 0.153118 0.135311 0.00399841 0.00519799 0.00413526
7.34 0.156098 0.153321 0.135488 0.00424547 0.0050633 0.00443637
7.36 0.156283 0.153525 0.135698 0.00463691 0.00510118 0.00523477
7.38 0.156486 0.153735 0.135948 0.00507885 0.00524865 0.00626358
7.4 0.156705 0.153951 0.136232 0.00547042 0.00539653 0.00709997
7.42 0.156933 0.154168 0.136526 0.00568221 0.00543983 0.00733686
7.44 0.157156 0.154381 0.136798 0.0055975 0.0053184 0.0068045
7.46 0.157364 0.154583 0.137025 0.0051786 0.00505711 0.00568015
7.48 0.157543 0.154774 0.1372 0.00449514 0.0047641 0.00437962
7.5 0.157692 0.154955 0.137333 0.00370564 0.00452622 0.00330908
7.52 0.157812 0.155127 0.137441 0.00301885 0.00430619 0.002703
7.54 0.157917 0.155286 0.137545 0.00261098 0.00398021 0.0026023
7.56 0.158017 0.155426 0.13766 0.00251216 0.00348041 0.00288135
7.58 0.158121 0.155541 0.137792 0.00259217 0.00287937 0.00329132
7.6 0.158228 0.155634 0.137934 0.00268125 0.00234141 0.00356064
7.62 0.158335 0.155715 0.138075 0.00267653 0.0020051 0.00351459
7.64 0.158437 0.15579 0.1382 0.00254903 0.00189459 0.00312523
7.66 0.158529 0.155867 0.138299 0.00230101 0.0019007 0.00248849
7.68 0.158607 0.15594 0.13837 0.00194836 0.0018495 0.00178132
7.7 0.158668 0.156006 0.138419 0.00151868 0.00162987 0.00121991
7.72 0.15871 0.156057 0.13846 0.00104766 0.00128037 0.00101822
7.74 0.158733 0.156095 0.138512 0.000589903 0.000948752 0.00130688
7.76 0.158742 0.156125 0.138593 0.000204017 0.000765113 0.0020082
7.78 0.158738 0.156156 0.138704 -8.06072e-05 0.000766046 0.002787
7.8 0.158728 0.156193 0.138832 -0.00025906 0.000924637 0.00319611
7.82 0.158715 0.156241 0.13895 -0.000324124 0.00119954 0.002957
7.84 0.158705 0.156303 0.139037 -0.000263327 0.00153651 0.00217201
7.86 0.158701 0.156376 0.139088 -8.53825e-05 0.00184795 0.00127779
7.88 0.158707 0.156457 0.139118 0.000150886 0.00200389 0.000755497
7.9 0.158721 0.156531 0.139152 0.000342673 0.00186884 0.000829664
7.92 0.158737 0.156588 0.139207 0.000398421 0.00141526 0.00137581
7.94 0.158749 0.156621 0.139288 0.00031524 0.000837521 0.00204607
7.96 0.158758 0.156642 0.139388 0.000206974 0.00051815 0.00248129
7.98 0.158767 0.156674 0.139488 0.000236178 0.000805178 0.00249719
8 0.158788 0.156744 0.139575 0.000513148 0.00174615 0.0021719
8.02 0.158829 0.156864 0.139645 0.0010318 0.00298741 0.00177354
8.04 0.158895 0.157021 0.139708 0.00164253 0.00392997 0.00156644
8.06 0.158979 0.157183 0.139774 0.00211683 0.0040578 0.00165483
8.08 0.159072 0.157313 0.139854 0.00230602 0.00325104 0.00198491
8.1 0.159162 0.157388 0.139952 0.0022529 0.00187579 0.00245262
8.12 0.159248 0.157411 0.140071 0.00215645 0.000577696 0.0029925
8.14 0.159337 0.157408 0.140215 0.00222318 -7.82184e-05 0.00357791
8.16 0.159438 0.157413 0.140381 0.00253274 0.000119352 0.00416462
8.18 0.159558 0.157452 0.140567 0.0029903 0.000974609 0.00465426
8.2 0.159693 0.157534 0.140764 0.0033866 0.00204019 0.00491959
8.22 0.159835 0.157648 0.14096 0.00355686 0.00287035 0.00489252
8.24 0.159976 0.157777 0.141146 0.00351554 0.00321908 0.00466143
8.26 0.160113 0.157901 0.141325 0.00343025 0.00308953 0.00446285
8.28 0.160252 0.158007 0.141505 0.00346662 0.00266181 0.00451601
8.3 0.160398 0.158094 0.141698 0.00366149 0.00216421 0.00481331
8.32 0.160555 0.158164 0.141901 0.00390834 0.00175212 0.00508207
8.34 0.160716 0.158223 0.142101 0.00402469 0.00148652 0.00500061
8.36 0.16087 0.15828 0.14228 0.00385484 0.00140269 0.00447705
8.38 0.161005 0.158342 0.14243 0.00338196 0.00155639 0.00374184
8.4 0.161117 0.158421 0.142559 0.00278148 0.0019771 0.0032174
8.42 0.16121 0.158524 0.142689 0.00233838 0.0025694 0.00326091
8.44 0.161301 0.158647 0.142846 0.002273 0.00307842 0.00390886
8.46 0.161405 0.158774 0.143037 0.00260262 0.00319063 0.00479295
8.48 0.16153 0.158883 0.143251 0.00311763 0.002724 0.00534045
8.5 0.161669 0.158955 0.143457 0.00349305 0.00178574 0.00515172
8.52 0.161809 0.158986 0.143627 0.0034762 0.00077248 0.00425798
8.54 0.16193 0.158993 0.14375 0.00302452 0.000180877 0.00307008
8.56 0.162022 0.159005 0.143834 0.00230622 0.000308888 0.00209608
8.58 0.162085 0.159047 0.1439 0.00158952 0.00103534 0.00165791
8.6 0.16213 0.159122 0.143971 0.00110796 0.00189338 0.00176625
8.62 0.162169 0.159219 0.144057 0.000982095 0.00241372 0.00216474
8.64 0.162218 0.159316 0.144157 0.00121619 0.00241363 0.00249657
8.66 0.162286 0.159396 0.144258 0.00171462 0.00201383 0.00250987
8.68 0.162378 0.159456 0.144345 0.00230176 0.00148697 0.0021796
8.7 0.162489 0.1595 0.144412 0.00278027 0.00110032 0.00168599
8.72 0.162611 0.15954 0.144464 0.00302976 0.00100947 0.00128772
8.74 0.162733 0.159589 0.144511 0.00306445 0.00121464 0.00117397
8.76 0.162853 0.159652 0.144566 0.00298352 0.0015884 0.00137164
8.78 0.162968 0.159731 0.144635 0.00288846 0.00196302 0.00174178
8.8 0.163082 0.159818 0.144718 0.00285182 0.00219481 0.00205917
8.82 0.1632 0.159906 0.144804 0.00293365 0.00219274 0.00215079
8.84 0.163327 0.159985 0.144885 0.00318889 0.00198186 0.0020307
8.86 0.163472 0.160056 0.144962 0.00361215 0.00176096 0.0019263
8.88 0.163635 0.160129 0.145047 0.00408421 0.00183053 0.002128
8.9 0.163812 0.160225 0.145157 0.00441717 0.00238744 0.00274706
8.92 0.163991 0.160359 0.145301 0.00447334 0.00336425 0.00358934
8.94 0.164161 0.160538 0.145471 0.00425148 0.00446094 0.00425241
8.96 0.164316 0.16075 0.145646 0.00389091 0.00530751 0.0043946
8.98 0.164461 0.160975 0.145805 0.00361113 0.00562524 0.00397123
9 0.164605 0.161188 0.145936 0.00360838 0.00533668 0.00325883
9.02 0.164763 0.161372 0.146043 0.00396008 0.00460146 0.00267201
9.04 0.164947 0.161521 0.146143 0.00457844 0.00372725 0.00250583
9.06 0.165156 0.161641 0.146254 0.00523793 0.00299997 0.00277273
9.08 0.165383 0.161744 0.146383 0.00566357 0.00257392 0.00323279
9.1 0.165608 0.161844 0.146527 0.00564033 0.00248696 0.00359238
9.12 0.165813 0.161953 0.146675 0.00512058 0.00271837 0.00371322
9.14 0.165984 0.162081 0.146822 0.00426322 0.00320662 0.00365953
9.16 0.166117 0.162234 0.146965 0.00333479 0.00383242 0.00357424
9.18 0.166219 0.16241 0.147106 0.00255511 0.00439951 0.00352325
9.2 0.166301 0.162596 0.147243 0.00203852 0.00465658 0.00344895
9.22 0.166374 0.162772 0.147374 0.00182905 0.00439648 0.00325983
9.24 0.166451 0.162917 0.147493 0.00192474 0.00361421 0.00296787
9.26 0.166541 0.163021 0.147602 0.0022516 0.00259472 0.00273369
9.28 0.166647 0.163093 0.147712 0.00266047 0.00181921 0.00275379
9.3 0.166766 0.163162 0.147836 0.00296461 0.00170322 0.00309166
9.32 0.166886 0.163254 0.14798 0.00299139 0.00230162 0.00360207
9.34 0.166991 0.163382 0.14814 0.00264685 0.00321375 0.00400302
9.36 0.167071 0.163536 0.148302 0.00197824 0.00383724 0.00404003
9.38 0.167118 0.163687 0.148447 0.00118435 0.0037893 0.00363256
9.4 0.167139 0.163812 0.148563 0.000532691 0.00311947 0.00290737
9.42 0.167148 0.1639 0.148648 0.000225445 0.00219455 0.0021149
9.44 0.16716 0.163958 0.148708 0.000293911 0.00144773 0.00151775
9.46 0.167184 0.164004 0.148761 0.000585979 0.00116358 0.00130464
9.48 0.167218 0.164058 0.148822 0.00086294 0.0013534 0.00152737
9.5 0.167256 0.16413 0.148905 0.000948489 0.00179674 0.00208027
9.52 0.16729 0.16422 0.149015 0.00084776 0.00223932 0.00276068
9.54 0.167319 0.164323 0.14915 0.000731693 0.00256917 0.00336747
9.56 0.167351 0.164435 0.1493 0.00078413 0.00281761 0.00374931
9.58 0.167392 0.164556 0.149451 0.00104023 0.00300675 0.00378349
9.6 0.167446 0.164677 0.149586 0.00135636 0.00302974 0.00336484
9.62 0.167507 0.164785 0.149686 0.0015155 0.0027098 0.00248841
9.64 0.167562 0.164865 0.14974 0.00137678 0.00199317 0.00137371
9.66 0.167602 0.164908 0.149759 0.00101074 0.00108456 0.00047008
9.68 0.167631 0.164923 0.149769 0.000707001 0.000380696 0.000249893
9.7 0.167662 0.164933 0.149805 0.000784903 0.000248746 0.000902122
9.72 0.167716 0.164966 0.149893 0.00133832 0.000802074 0.00218034
9.74 0.167801 0.165038 0.150034 0.00214124 0.0018049 0.00353589
9.76 0.167914 0.165149 0.15021 0.00281965 0.00277702 0.00441105
9.78 0.16804 0.16528 0.15039 0.00314339 0.00327067 0.00449947
9.8 0.168167 0.165405 0.150545 0.00316608 0.00314276 0.0038678
9.82 0.168291 0.165509 0.150661 0.0031066 0.00260165 0.00290458
9.84 0.168416 0.16559 0.150746 0.00311924 0.00200964 0.00212023
9.86 0.168544 0.165656 0.150823 0.00320093 0.00164719 0.00191051
9.88 0.168675 0.16572 0.150918 0.00329619 0.00162041 0.00238097
9.9 0.168812 0.165796 0.15105 0.00342627 0.00189777 0.00329309
9.92 0.168959 0.16589 0.151217 0.00366046 0.00234637 0.00417871
9.94 0.169119 0.166001 0.151401 0.00400035 0.0027636 0.00459867
9.96 0.169293 0.166119 0.151576 0.00434968 0.00296308 0.00437626
9.98 0.169476 0.166234 0.151722 0.00457954 0.00287156 0.00365747
10 0.169661 0.166337 0.151835 0.00461689 0.00256723 0.0028151
10.02 0.169841 0.166427 0.151926 0.00451399 0.00224291 0.00227758
10.04 0.170018 0.166511 0.152019 0.00442038 0.00211305 0.00233492
10.06 0.170196 0.166602 0.152138 0.00443641 0.00228301 0.00296181
10.08 0.170375 0.166708 0.152289 0.0044965 0.0026515 0.00377871
10.1 0.170553 0.166826 0.152458 0.00443055 0.00294311 0.00423897
10.12 0.170719 0.166942 0.152617 0.00415108 0.00288283 0.00396894
10.14 0.170869 0.167037 0.152738 0.00376189 0.00239492 0.00303537
10.16 0.171008 0.167104 0.152816 0.00348007 0.00166773 0.00193585
10.18 0.171146 0.167145 0.152868 0.00345028 0.00101793 0.00129847
10.2 0.171291 0.167172 0.152928 0.00361822 0.000670918 0.00150109
10.22 0.171441 0.167198 0.153027 0.00375592 0.000650234 0.00248457
10.24 0.171587 0.16723 0.15318 0.00362849 0.000809084 0.00382578
10.26 0.171714 0.167268 0.153379 0.00319798 0.000940329 0.00495775
10.28 0.171822 0.167305 0.153595 0.00268882 0.000931699 0.00541924
10.3 0.171919 0.167339 0.153796 0.00242655 0.000861584 0.00502922
10.32 0.172021 0.167376 0.153955 0.00255883 0.000917613 0.00395028
10.34 0.172138 0.167424 0.154059 0.0029068 0.00120564 0.00261384
10.36 0.172262 0.167489 0.154119 0.00311456 0.00162875 0.00150736
10.38 0.17238 0.167566 0.154158 0.00294469 0.00192367 0.000957795
10.4 0.172477 0.16764 0.154199 0.00243218 0.0018304 0.00103436
10.42 0.17255 0.167692 0.154263 0.00181559 0.00130622 0.00159101
10.44 0.172605 0.167716 0.154358 0.00137504 0.000610376 0.00238034
10.46 0.172657 0.167722 0.154484 0.00131031 0.000146474 0.00315913
10.48 0.172724 0.16773 0.154634 0.00167419 0.000186596 0.00374207
10.5 0.172818 0.167757 0.154795 0.00233813 0.000687754 0.00401875
10.52 0.172939 0.16781 0.154953 0.00301696 0.00132689 0.00395346
10.54 0.173073 0.167879 0.155096 0.0033664 0.00173328 0.00358509
10.56 0.173198 0.167949 0.155217 0.00310878 0.00173269 0.00302881
10.58 0.173284 0.168006 0.155316 0.00216635 0.00143164 0.00245589
10.6 0.173315 0.168051 0.155397 0.000773201 0.00112308 0.00202302
10.62 0.173294 0.168094 0.155468 -0.000516857 0.00107777 0.00179755
10.64 0.173254 0.168149 0.155538 -0.00102007 0.00137263 0.0017364
10.66 0.173241 0.168225 0.155607 -0.00031395 0.00189246 0.00173644
10.68 0.173298 0.168323 0.155676 0.00141261 0.00246919 0.00172756
10.7 0.173433 0.168443 0.155745 0.00337305 0.00300015 0.0017226
10.72 0.173616 0.168581 0.155817 0.00458535 0.00345024 0.00177998
10.74 0.173793 0.168733 0.155895 0.00442108 0.00379501 0.00195519
10.76 0.173912 0.168893 0.155986 0.00298266 0.00399316 0.002287
10.78 0.173955 0.169053 0.156097 0.00106196 0.00399894 0.00277472
10.8 0.173942 0.169205 0.156231 -0.000321617 0.003812 0.00333344
10.82 0.173921 0.169347 0.156382 -0.000507413 0.00352876 0.00379725
10.84 0.17394 0.169479 0.156543 0.000471252 0.00332208 0.00401369
10.86 0.17402 0.169614 0.156701 0.00199323 0.00335593 0.00395122
10.88 0.174151 0.169761 0.15685 0.00327436 0.00369411 0.00371554
10.9 0.174303 0.169931 0.156989 0.00379987 0.00425091 0.00347977
10.92 0.174444 0.170124 0.157124 0.00351386 0.00481477 0.00338225
10.94 0.174552 0.17033 0.157261 0.00272063 0.00514709 0.00343061
10.96 0.174626 0.170535 0.157401 0.00184282 0.00511538 0.00348733
10.98 0.174675 0.170725 0.157536 0.00122625 0.0047667 0.0033874
11 0.174717 0.170897 0.15766 0.00105766 0.00429459 0.00308769
11.02 0.174771 0.171054 0.157769 0.00135168 0.00391654 0.00272102
11.04 0.174851 0.171203 0.15787 0.00199331 0.00373732 0.0025203
11.06 0.174962 0.17135 0.157976 0.0027794 0.0036811 0.00265619
11.08 0.175099 0.171492 0.1581 0.00341099 0.00354708 0.00309819
11.1 0.17524 0.17162 0.158244 0.00354174 0.00318251 0.00361183
11.12 0.17536 0.171725 0.158401 0.00297892 0.00262394 0.0039083
11.14 0.175435 0.171807 0.158554 0.00188863 0.00206443 0.00382782
11.16 0.175466 0.171876 0.15869 0.0007581 0.00171863 0.00341535
11.18 0.17547 0.171945 0.158804 0.000114271 0.00173021 0.0028545
11.2 0.175479 0.17203 0.158898 0.000230302 0.00213077 0.00234513
11.22 0.17552 0.172142 0.158979 0.00101545 0.00278762 0.00201025
11.24 0.175604 0.172278 0.159054 0.00211048 0.00339511 0.0018767
11.26 0.175728 0.172422 0.15913 0.00308739 0.00361569 0.00191082
11.28 0.175874 0.172554 0.159212 0.00365896 0.00329341 0.00205474
11.3 0.176026 0.172656 0.159302 0.00380025 0.00255796 0.0022395
11.32 0.176174 0.172726 0.159397 0.00368276 0.0017483 0.00238928
11.34 0.176313 0.172775 0.159495 0.00349015 0.00122583 0.00243937
11.36 0.176445 0.172823 0.159589 0.00330811 0.00118938 0.00235807
11.38 0.176572 0.172887 0.159676 0.0031663 0.00159577 0.002177
11.4 0.176697 0.172975 0.159757 0.0031115 0.00220751 0.00201192
11.42 0.176826 0.173085 0.159837 0.0032244 0.00273864 0.00200562
11.44 0.176968 0.173206 0.159925 0.00356775 0.00304045 0.00219599
11.46 0.177132 0.173333 0.160023 0.00408969 0.00317364 0.00245184
11.48 0.177315 0.173464 0.160127 0.00456816 0.00327661 0.00258624
11.5 0.177502 0.173599 0.160227 0.00468644 0.00337255 0.00252207
11.52 0.177672 0.173733 0.160321 0.00424022 0.00333814 0.00232867
11.54 0.177805 0.173855 0.160407 0.00334178 0.00306087 0.00216207
11.56 0.177903 0.173958 0.160495 0.00243069 0.00258271 0.00219237
11.58 0.177984 0.174041 0.160595 0.00204128 0.0020753 0.00251161
11.6 0.178082 0.17411 0.160718 0.00245049 0.00172187 0.00305946
11.62 0.17822 0.174175 0.160864 0.00343969 0.00161748 0.00366089
11.64 0.178396 0.174243 0.16103 0.00441075 0.0017122 0.00415569
11.66 0.178588 0.174317 0.161209 0.00480519 0.00183474 0.00447992
11.68 0.178767 0.17439 0.161395 0.00446142 0.00183226 0.00464414
11.7 0.178913 0.174458 0.161582 0.00364278 0.00170634 0.00466024
11.72 0.179024 0.174522 0.161761 0.00279757 0.00159618 0.00447997
11.74 0.179115 0.174588 0.161921 0.00226608 0.00164084 0.00401655
11.76 0.1792 0.174662 0.162052 0.00212764 0.00185049 0.00326113
11.78 0.179291 0.174745 0.162147 0.00226366 0.00207442 0.00238679
11.8 0.179391 0.174828 0.162216 0.00250856 0.00207162 0.00171087
11.82 0.179501 0.174895 0.162277 0.0027548 0.00167222 0.00151879
11.84 0.17962 0.174932 0.162352 0.00296933 0.000937294 0.00189283
11.86 0.179746 0.174939 0.16246 0.00315606 0.000176745 0.0026956
11.88 0.179879 0.17493 0.162607 0.00332578 -0.000220178 0.00367691
11.9 0.180018 0.174929 0.16279 0.00346908 -3.68674e-05 0.00455866
11.92 0.18016 0.174954 0.162993 0.00353696 0.000631584 0.00507487
11.94 0.180298 0.175012 0.163194 0.00346996 0.00144431 0.00503377
11.96 0.180429 0.175092 0.16337 0.00327218 0.00200213 0.00439482
11.98 0.180551 0.175173 0.163502 0.0030372 0.00203544 0.00330658
12 0.180666 0.175235 0.163585 0.00288212 0.00153529 0.00207229
12.02 0.18078 0.175266 0.163627 0.00284666 0.000778424 0.00105119
12.04 0.180894 0.175273 0.163648 0.0028475 0.000186592 0.000535764
12.06 0.181003 0.175276 0.163675 0.00273747 7.62232e-05 0.000660865
12.08 0.1811 0.175295 0.163729 0.00241645 0.00045728 0.0013596
12.1 0.181177 0.175336 0.163825 0.00192227 0.00103581 0.00239334
12.12 0.181235 0.175393 0.163963 0.00144917 0.00142195 0.00344408
12.14 0.181285 0.175448 0.164131 0.00124897 0.00138426 0.00420466
12.16 0.181343 0.175488 0.164309 0.00145485 0.000980587 0.00444661
12.18 0.181421 0.175508 0.164472 0.00195982 0.000497853 0.00408219
12.2 0.18152 0.175518 0.164601 0.00247283 0.000267857 0.00322391
12.22 0.181629 0.175538 0.164689 0.00271169 0.00048465 0.00219457
12.24 0.181731 0.175583 0.164746 0.00255519 0.00112206 0.00142775
12.26 0.181814 0.175661 0.164796 0.00207619 0.00197194 0.00125512
12.28 0.181874 0.175771 0.164864 0.0014897 0.00273606 0.00169775
12.3 0.181915 0.175896 0.164962 0.00104676 0.0031257 0.00245397
12.32 0.181952 0.176015 0.165087 0.00091678 0.00296764 0.00312206
12.34 0.181997 0.176107 0.165225 0.00111988 0.00231178 0.00345406
12.36 0.182059 0.176166 0.165363 0.0015507 0.00147494 0.00344015
12.38 0.182142 0.176203 0.165492 0.00207125 0.000926867 0.00322663
12.4 0.182245 0.176244 0.165611 0.00258388 0.00103147 0.0029867
12.42 0.182366 0.176317 0.165724 0.00301975 0.00181174 0.00282857
12.44 0.182498 0.176434 0.165836 0.0032921 0.00293276 0.00277758
12.46 0.18263 0.176591 0.165948 0.00331707 0.00391536 0.00281827
12.48 0.182754 0.176768 0.166065 0.00309336 0.00441925 0.00293085
12.5 0.182863 0.176944 0.166189 0.00273336 0.00441993 0.00308731
12.52 0.18296 0.177111 0.166318 0.00241408 0.0041774 0.00322415
12.54 0.183052 0.177272 0.166448 0.00230651 0.00401798 0.00325357
12.56 0.183152 0.177436 0.166574 0.002504 0.00410236 0.00314046
12.58 0.183271 0.17761 0.166693 0.00295531 0.00435214 0.00297892
12.6 0.183408 0.177793 0.166811 0.00344739 0.00455899 0.00296478
12.62 0.183557 0.177976 0.166941 0.00370931 0.00457435 0.00324996
12.64 0.183701 0.178152 0.167093 0.00360241 0.00441136 0.0037889
12.66 0.18383 0.17832 0.167266 0.00322554 0.00418729 0.00432335
12.68 0.183944 0.17848 0.167447 0.00284127 0.00400329 0.00451541
12.7 0.184052 0.178636 0.167612 0.00271266 0.00390315 0.00413898
12.72 0.18417 0.178792 0.167741 0.00294544 0.00390188 0.0032312
12.74 0.184306 0.178952 0.167826 0.0034097 0.00399925 0.0021203
12.76 0.184458 0.179118 0.167877 0.00378827 0.00416315 0.00128169
12.78 0.184608 0.179291 0.16792 0.00375866 0.00431663 0.00106915
12.8 0.184737 0.179465 0.16798 0.00321534 0.00435685 0.00149931
12.82 0.184832 0.179633 0.168071 0.00236719 0.00419368 0.00226771
12.84 0.184897 0.179786 0.16819 0.0016382 0.00381113 0.0029844
12.86 0.184954 0.179918 0.168327 0.00141916 0.00331649 0.00342117
12.88 0.185026 0.180034 0.168471 0.0018066 0.00289579 0.00359446
12.9 0.185127 0.180141 0.168617 0.00252009 0.00267598 0.00365735
12.92 0.185251 0.180246 0.168766 0.00309106 0.00262626 0.00371401
12.94 0.185378 0.18035 0.168915 0.00319262 0.00260476 0.0037205
12.96 0.185492 0.18045 0.169056 0.00283885 0.002483 0.0035377
12.98 0.185584 0.180539 0.169179 0.00231101 0.00223272 0.00306913
13 0.185661 0.180617 0.169274 0.00192419 0.00193874 0.00239044
13.02 0.185734 0.180686 0.169345 0.00181254 0.00174886 0.00176769
13.04 0.185808 0.180757 0.169405 0.00186228 0.00176702 0.00149977
13.06 0.185882 0.180836 0.169473 0.00184528 0.0019614 0.00169705
13.08 0.185948 0.180923 0.169561 0.00164723 0.0021819 0.00221129
13.1 0.186004 0.181014 0.169672 0.00140103 0.00227764 0.00276932
13.12 0.186061 0.181102 0.169798 0.00142162 0.00221157 0.00314356
13.14 0.186139 0.181185 0.169927 0.00194906 0.00207347 0.00321796
13.16 0.186254 0.181266 0.170047 0.00289321 0.00200336 0.00300739
13.18 0.186407 0.181349 0.170153 0.00382513 0.00209095 0.00266036
13.2 0.186578 0.181441 0.170249 0.00425685 0.00230422 0.00239352
13.22 0.186737 0.181541 0.170345 0.00398934 0.00250171 0.00238781
13.24 0.186868 0.181643 0.170453 0.00325649 0.00254221 0.00270779
13.26 0.18697 0.18174 0.170583 0.00255383 0.00241421 0.00325516
13.28 0.187062 0.181831 0.170734 0.00230072 0.00227181 0.00377978
13.3 0.187165 0.181924 0.170894 0.00259287 0.00232738 0.00400001
13.32 0.187294 0.18203 0.171046 0.00320021 0.00267093 0.00378373
13.34 0.187445 0.182157 0.171175 0.00378176 0.00315263 0.00323694
13.36 0.18761 0.182295 0.171281 0.00411814 0.00344869 0.00263405
13.38 0.187777 0.182426 0.171371 0.0041918 0.00328631 0.00225635
13.4 0.187942 0.182532 0.171461 0.00411835 0.00264573 0.00224819
13.42 0.188103 0.182603 0.171563 0.00401923 0.00178142 0.00256302
13.44 0.188261 0.182646 0.171684 0.00394838 0.00108108 0.00301745
13.46 0.188417 0.18268 0.17182 0.00390845 0.000843118 0.00340626
13.48 0.188573 0.182724 0.171965 0.00389561 0.00109427 0.00360912
13.5 0.18873 0.182787 0.172109 0.00392627 0.00159236 0.00362226
13.52 0.18889 0.182868 0.17225 0.00401557 0.00201102 0.00350996
13.54 0.189055 0.182954 0.172383 0.00411478 0.00215369 0.00333658
13.56 0.189219 0.183036 0.172509 0.00410775 0.00205552 0.00314082
13.58 0.189376 0.183112 0.172627 0.00391257 0.00190251 0.00294618
13.6 0.189519 0.183187 0.172738 0.00358511 0.00185336 0.00278693
13.62 0.189652 0.183264 0.172847 0.00332266 0.00192725 0.00271958
13.64 0.189787 0.183345 0.172958 0.00336274 0.00203693 0.00278351
13.66 0.18994 0.183428 0.173076 0.00382183 0.00208119 0.00293382
13.68 0.190121 0.183507 0.173197 0.00454384 0.0019783 0.00304127
13.7 0.190326 0.183574 0.173317 0.0051143 0.00167335 0.00298818
13.72 0.19053 0.183622 0.173427 0.00510952 0.00118406 0.00275329
13.74 0.190706 0.183648 0.173524 0.00440272 0.000644159 0.00242253
13.76 0.190838 0.183659 0.17361 0.00328575 0.000291661 0.00216173
13.78 0.190931 0.183674 0.173696 0.0023227 0.000377508 0.00214761
13.8 0.191011 0.183714 0.173794 0.00201832 0.00098951 0.0024495
13.82 0.191112 0.18379 0.173913 0.00250176 0.00190214 0.00295743
13.84 0.191249 0.183896 0.17405 0.00342886 0.00264719 0.00342773
13.86 0.191416 0.184008 0.174194 0.00418571 0.00280215 0.00361249
13.88 0.191588 0.184099 0.17433 0.00429059 0.00227737 0.00340085
13.9 0.191736 0.184155 0.174446 0.00370002 0.00139461 0.00290307
13.92 0.191846 0.184183 0.174543 0.00276038 0.000701438 0.00240248
13.94 0.191923 0.184208 0.174629 0.00192021 0.000616054 0.00216358
13.96 0.191983 0.184253 0.174719 0.00148943 0.00113904 0.00224423
13.98 0.192044 0.184328 0.174818 0.00153983 0.00187151 0.00248453
14 0.192121 0.184421 0.174925 0.00192627 0.00233349 0.0026584
14.02 0.192218 0.184514 0.175031 0.00241322 0.00231 0.00265422
14.04 0.19233 0.184593 0.175133 0.00279836 0.00197205 0.00256634
14.06 0.192447 0.184661 0.175238 0.00293806 0.00171616 0.00260416
14.08 0.192557 0.184735 0.175352 0.00274716 0.00184738 0.00286933
14.1 0.192647 0.184829 0.175482 0.00224231 0.00233632 0.00323127
14.12 0.19271 0.184942 0.175619 0.00157747 0.00282904 0.00343245
14.14 0.19275 0.185058 0.175751 0.000999587 0.00289899 0.00330549
14.16 0.192779 0.185152 0.175867 0.000731508 0.00236266 0.00290788
14.18 0.192813 0.18521 0.175967 0.000843472 0.00143573 0.00249201
14.2 0.19286 0.185234 0.176061 0.00117985 0.000617256 0.00233745
14.22 0.192917 0.185249 0.176162 0.0014164 0.00037406 0.00253273
14.24 0.192967 0.185283 0.176277 0.00126229 0.000833632 0.00287266
14.26 0.192995 0.185351 0.176397 0.000687755 0.00171623 0.00299991
14.28 0.192994 0.185453 0.176505 -5.7495e-06 0.00254866 0.00270962
14.3 0.192979 0.185572 0.176591 -0.000376083 0.0029708 0.00215843
14.32 0.192973 0.185688 0.176663 -0.000171338 0.0029092 0.00177743
14.34 0.192992 0.18579 0.17674 0.000491826 0.00253471 0.00193716
14.36 0.193042 0.185873 0.176846 0.00125011 0.0020859 0.00264551
14.38 0.193112 0.185941 0.176987 0.0017452 0.00169987 0.00352106
14.4 0.193184 0.185996 0.177149 0.00180334 0.00137773 0.00405638
14.42 0.193244 0.18604 0.177308 0.00148979 0.00109917 0.00397175
14.44 0.193287 0.186078 0.177444 0.00107631 0.000937473 0.00340312
14.46 0.193323 0.186119 0.177556 0.000901847 0.00103936 0.00279434
14.48 0.193368 0.186179 0.177659 0.00112937 0.00148991 0.00257205
14.5 0.193433 0.186267 0.177774 0.00161262 0.00219193 0.00287223
14.52 0.193514 0.186381 0.177914 0.00204518 0.00286607 0.00351283
14.54 0.193604 0.186509 0.17808 0.00223611 0.00320185 0.00415591
14.56 0.193693 0.186633 0.17826 0.00224149 0.0030868 0.0044945
14.58 0.193785 0.186742 0.178436 0.00227756 0.0027257 0.00439663
14.6 0.193885 0.186842 0.178594 0.00252186 0.00250438 0.0039544
14.62 0.194003 0.18695 0.178729 0.00294799 0.00268677 0.00338392
14.64 0.194136 0.187078 0.178844 0.00332354 0.00320254 0.00286494
14.66 0.194271 0.187226 0.178942 0.00337974 0.00370506 0.00245912
14.68 0.194393 0.18738 0.179028 0.00303236 0.00385246 0.00215081
14.7 0.194492 0.187524 0.179106 0.00248211 0.00359279 0.00194427
14.72 0.194576 0.187653 0.179183 0.00210053 0.00322337 0.00192224
14.74 0.194663 0.187779 0.179271 0.00218155 0.00315041 0.00218967
14.76 0.194773 0.187921 0.17938 0.00275167 0.00354843 0.00272507
14.78 0.194916 0.188089 0.179511 0.00355681 0.00421086 0.00328418
14.8 0.195084 0.188277 0.179651 0.00421978 0.0047107 0.00350244
14.82 0.195263 0.188466 0.179777 0.00447532 0.00471443 0.00315504
14.84 0.195437 0.188634 0.179871 0.00433514 0.00419895 0.00234239
14.86 0.195599 0.188772 0.179929 0.00406303 0.00345384 0.0014368
14.88 0.195758 0.188886 0.179962 0.00395704 0.00285423 0.000840139
14.9 0.195923 0.188989 0.179992 0.00412263 0.00256792 0.00074122
14.92 0.1961 0.189088 0.180034 0.0044246 0.00247914 0.00104349
14.94 0.196285 0.189183 0.180094 0.00463332 0.00238225 0.00150125
14.96 0.19647 0.189272 0.180171 0.00462852 0.00222576 0.00193496
14.98 0.196649 0.189359 0.180264 0.00447992 0.00216394 0.00233131
15 0.196823 0.189454 0.180374 0.00433338 0.00237051 0.00274851
15.02 0.196993 0.189567 0.1805 0.00425777 0.00282444 0.00314704
15.04 0.197161 0.189698 0.180634 0.00421388 0.00328709 0.00335653
15.06 0.197327 0.189837 0.180763 0.00414198 0.00346671 0.00322615
15.08 0.197489 0.189966 0.180875 0.00405466 0.00322346 0.00278662
15.1 0.197651 0.190074 0.180966 0.0040433 0.00269114 0.00227178
15.12 0.197819 0.190163 0.181045 0.00419399 0.0022311 0.00198818
15.14 0.197997 0.190251 0.181129 0.00445651 0.00219518 0.00209548
15.16 0.198182 0.190357 0.181228 0.00462719 0.00265029 0.00246265
15.18 0.198363 0.190489 0.181338 0.00450877 0.00330914 0.00276117
15.2 0.198526 0.190639 0.181449 0.00409421 0.003742 0.00276789
15.22 0.19867 0.190786 0.181552 0.00359178 0.00368353 0.00258516
15.24 0.198801 0.190913 0.181653 0.00327693 0.00317876 0.00252892
15.26 0.198934 0.191013 0.181766 0.00332052 0.00250587 0.00282019
15.28 0.199082 0.191092 0.181901 0.00370632 0.00197664 0.0033764
15.3 0.199252 0.191162 0.182056 0.00424628 0.00173494 0.00386933
15.32 0.199438 0.19123 0.182215 0.00466284 0.00169898 0.00396555
15.34 0.199628 0.191297 0.182358 0.00473272 0.00168373 0.0035802
15.36 0.199805 0.19136 0.182477 0.004424 0.00156724 0.00296905
15.38 0.199961 0.191415 0.182579 0.00390671 0.00138428 0.00256351
15.4 0.200099 0.191467 0.182685 0.00343996 0.001291 0.00265653
15.42 0.200228 0.191523 0.182813 0.00323166 0.0014025 0.00319839
15.44 0.200361 0.191589 0.182968 0.0033407 0.00165152 0.00386451
15.46 0.200507 0.191662 0.18314 0.00364936 0.00183187 0.00429759
15.48 0.200665 0.191733 0.183312 0.00392827 0.00177058 0.00431164
15.5 0.200823 0.191791 0.18347 0.00396316 0.00144439 0.00395716
15.52 0.200969 0.19183 0.183609 0.00365623 0.000978897 0.0034542
15.54 0.201092 0.191853 0.18373 0.00306092 0.000569948 0.00303431
15.56 0.201187 0.191867 0.183842 0.00237741 0.000358261 0.00280744
15.58 0.201262 0.19188 0.183952 0.0018752 0.000329063 0.00275402
15.6 0.201331 0.191894 0.184065 0.00173334 0.000345549 0.00280649
15.62 0.201408 0.191906 0.184181 0.00191043 0.000291059 0.00290744
15.64 0.201494 0.191912 0.184301 0.00216121 0.000162988 0.00300079
15.66 0.201582 0.191915 0.184422 0.00218593 5.66702e-05 0.00301979
15.68 0.201655 0.191919 0.184538 0.00182591 0.000108685 0.00291412
15.7 0.201702 0.191936 0.184646 0.0011813 0.000438909 0.00268443
15.72 0.201723 0.191978 0.184741 0.000537177 0.00103976 0.00238978
15.74 0.201731 0.192046 0.184826 0.000180224 0.00168651 0.00212572
15.76 0.201741 0.192127 0.184906 0.000249073 0.002025 0.00199102
15.78 0.201767 0.192199 0.184988 0.000655509 0.00180967 0.00204746
15.8 0.201812 0.192242 0.185079 0.00112257 0.00108792 0.00227665
15.82 0.201867 0.19225 0.185182 0.00137241 0.000188841 0.00256389
15.84 0.20192 0.192233 0.185291 0.00133648 -0.000436551 0.0027298
15.86 0.201967 0.192216 0.185395 0.001179 -0.000425542 0.00259865
15.88 0.202011 0.192228 0.185479 0.0010965 0.000315408 0.00211028
15.9 0.202056 0.19229 0.185536 0.00112317 0.00155161 0.00140924
15.92 0.202102 0.192404 0.185568 0.00115393 0.00283863 0.000805628
15.94 0.202146 0.192554 0.185592 0.00109207 0.00375652 0.000600168
15.96 0.202183 0.192718 0.185628 0.000942926 0.00411002 0.000910844
15.98 0.202216 0.192879 0.185694 0.000814824 0.0040037 0.00163348
16 0.20225 0.193029 0.185794 0.000836288 0.00376787 0.00252145
16.02 0.202292 0.193179 0.185926 0.00104965 0.00374516 0.00329493
16.04 0.202346 0.193341 0.186075 0.00137154 0.00403662 0.00373144
16.06 0.202413 0.193517 0.186225 0.00166581 0.00441341 0.00373936
16.08 0.202488 0.193697 0.18636 0.00187174 0.00450669 0.00337886
16.1 0.202569 0.193863 0.186473 0.00203702 0.004135 0.00281286
16.12 0.202658 0.194002 0.186562 0.00220925 0.00348269 0.00224195
16.14 0.202751 0.194121 0.186637 0.00234149 0.00298296 0.00187269
16.16 0.202845 0.194241 0.186713 0.00234038 0.00300298 0.00189033
16.18 0.202933 0.194385 0.186809 0.00218975 0.00358719 0.00239919
16.2 0.203013 0.194563 0.186943 0.00201178 0.00443987 0.00334477
16.22 0.203093 0.194768 0.187121 0.00200133 0.00513067 0.00446097
16.24 0.203185 0.194982 0.187334 0.00228693 0.00536557 0.00532778
16.26 0.203297 0.195188 0.187557 0.00280925 0.0051376 0.00556444
16.28 0.20343 0.195374 0.187758 0.00332044 0.00464961 0.00503797
16.3 0.203572 0.195537 0.187916 0.00355646 0.00408945 0.00394258
16.32 0.20371 0.195677 0.188024 0.00343966 0.00349259 0.00271106
16.34 0.203835 0.19579 0.188097 0.00312373 0.00283007 0.00181833
16.36 0.203949 0.195878 0.188159 0.00286785 0.00218629 0.00154123
16.38 0.204064 0.195949 0.188231 0.00286188 0.00178508 0.00180915
16.4 0.204188 0.196022 0.188323 0.00311437 0.00182068 0.00229393
16.42 0.204327 0.196113 0.18843 0.0034611 0.00227833 0.00267885
16.44 0.204474 0.19623 0.188544 0.00369171 0.00290982 0.00286006
16.46 0.204622 0.196363 0.188661 0.00368953 0.00334752 0.00292004
16.48 0.204761 0.196495 0.18878 0.00347598 0.00328075 0.00297728
16.5 0.204887 0.196601 0.188904 0.00315553 0.00264824 0.003081
16.52 0.205002 0.196669 0.189031 0.00286325 0.00169902 0.00317865
16.54 0.205111 0.196702 0.189156 0.00273017 0.000843572 0.00313897
16.56 0.205223 0.196719 0.18927 0.00280908 0.000408471 0.00284204
16.58 0.205345 0.196737 0.189362 0.00304428 0.000463101 0.00229812
16.6 0.205479 0.19677 0.189429 0.00333734 0.000810862 0.00167428
16.62 0.205623 0.196815 0.189476 0.00361226 0.00112516 0.00118899
16.64 0.205776 0.19686 0.189515 0.00381269 0.00113499 0.000972626
16.66 0.205931 0.196891 0.189556 0.00389474 0.000776913 0.00100935
16.68 0.206086 0.196901 0.189603 0.00386101 0.000258242 0.00118236
16.7 0.206237 0.1969 0.189658 0.00377199 -4.811e-05 0.00136866
16.72 0.206385 0.196905 0.189719 0.00371735 0.000134957 0.00153065
16.74 0.206537 0.196935 0.189788 0.00378387 0.000744753 0.00173712
16.76 0.206698 0.19699 0.189871 0.00402768 0.00137899 0.00206492
16.78 0.206875 0.197053 0.18997 0.00443297 0.00156529 0.00247858
16.8 0.207071 0.197096 0.190084 0.0048908 0.00108578 0.00283436
16.82 0.20728 0.197101 0.190203 0.00523746 0.000135218 0.00299547
16.84 0.207494 0.19707 0.190321 0.00533212 -0.000776268 0.00292871
16.86 0.207699 0.197026 0.190429 0.00512414 -0.00111432 0.00271342
16.88 0.207886 0.197 0.190529 0.00468834 -0.000638816 0.00249329
16.9 0.208054 0.197019 0.190625 0.00420563 0.000458745 0.00240575
16.92 0.208209 0.197085 0.190725 0.0038666 0.00167334 0.00251018
16.94 0.208359 0.197184 0.190836 0.00373642 0.00245702 0.00275219
16.96 0.208507 0.197284 0.190955 0.00370899 0.00251149 0.00298948
16.98 0.208652 0.197363 0.191078 0.00361862 0.00195872 0.00307064
17 0.208788 0.197412 0.191196 0.00341593 0.00124805 0.00294417
17.02 0.208917 0.197446 0.191305 0.00322647 0.00083921 0.0027374
17.04 0.209046 0.197483 0.191414 0.00322682 0.000925986 0.00272481
17.06 0.209185 0.197539 0.19154 0.00345358 0.00140707 0.00314453
17.08 0.209333 0.197621 0.191698 0.00371404 0.00203988 0.00395328
17.1 0.209481 0.197724 0.191888 0.0037034 0.00257894 0.00474892
17.12 0.209611 0.197838 0.192088 0.00324613 0.00283944 0.00499565
17.14 0.20971 0.197948 0.192265 0.00247086 0.00276197 0.00441997
17.16 0.209781 0.198047 0.192395 0.00177323 0.00246559 0.00326028
17.18 0.209844 0.198134 0.192481 0.00157472 0.00219044 0.00214428
17.2 0.209925 0.19822 0.192548 0.00202609 0.00213894 0.00168082
17.22 0.210039 0.198314 0.192631 0.00284341 0.00234523 0.00207738
17.24 0.210176 0.198421 0.192753 0.0034363 0.00267008 0.00304257
17.26 0.210308 0.198537 0.192913 0.00330076 0.00291652 0.00401102
17.28 0.210404 0.198656 0.193093 0.00239246 0.00296523 0.00449542
17.3 0.210451 0.198769 0.193266 0.00119189 0.00283437 0.00433234
17.32 0.210468 0.198875 0.193414 0.000405527 0.00264836 0.00369999
17.34 0.210488 0.198978 0.193532 0.000516886 0.0025617 0.00293821
17.36 0.210549 0.199084 0.193625 0.00150688 0.00267111 0.00231412
17.38 0.210663 0.199203 0.1937 0.00287191 0.00296665 0.00189727
17.4 0.210819 0.199337 0.193765 0.00389671 0.00334385 0.00162355
17.42 0.210982 0.199483 0.193824 0.004056 0.0036599 0.00146167
17.44 0.211114 0.199636 0.193884 0.00331382 0.00382638 0.00150026
17.46 0.211199 0.199791 0.193958 0.00212076 0.0038761 0.00185746
17.48 0.211243 0.199948 0.194058 0.0011093 0.00391324 0.00250739
17.5 0.211272 0.200107 0.194187 0.000706566 0.00398705 0.00320769
17.52 0.211309 0.200268 0.194332 0.00092797 0.004022 0.00362607
17.54 0.211367 0.200424 0.194475 0.00145062 0.00388667 0.00356923
17.56 0.211441 0.200565 0.194599 0.0018568 0.00354087 0.00311469
17.58 0.211517 0.20069 0.194701 0.00189152 0.00311907 0.00254397
17.6 0.21158 0.200806 0.194787 0.00159356 0.00288774 0.00213946
17.62 0.211629 0.20093 0.194867 0.00122027 0.00309749 0.00200404
17.64 0.211671 0.201081 0.194948 0.00104694 0.00377957 0.00202759
17.66 0.211718 0.201266 0.195028 0.00118097 0.00464403 0.0020178
17.68 0.211779 0.201475 0.195104 0.0015047 0.0052211 0.00187866
17.7 0.211849 0.201681 0.195171 0.00176651 0.00515365 0.00168253
17.72 0.21192 0.201858 0.195235 0.00176229 0.00442041 0.00159324
17.74 0.211979 0.201992 0.195304 0.00149378 0.0033301 0.00172342
17.76 0.212026 0.202085 0.195385 0.00117107 0.00234108 0.00203809
17.78 0.212069 0.202159 0.19548 0.00106388 0.00185009 0.00237265
17.8 0.212122 0.202239 0.195582 0.00131763 0.00200075 0.00254786
17.82 0.212195 0.202343 0.195682 0.00183715 0.00259083 0.00250394
17.84 0.212288 0.202471 0.195776 0.00232157 0.0031976 0.00235557
17.86 0.212387 0.202609 0.195869 0.00247114 0.00346692 0.00230543
17.88 0.212476 0.202742 0.195967 0.00221972 0.00331922 0.00247349
17.9 0.212548 0.202859 0.196079 0.00180106 0.00291568 0.00279258
17.92 0.212611 0.202959 0.196202 0.00159513 0.00249465 0.0030578
17.94 0.212686 0.203048 0.196325 0.00186901 0.00223731 0.00308233
17.96 0.21279 0.203136 0.196439 0.00259013 0.00219273 0.00285005
17.98 0.212927 0.203227 0.196541 0.00342852 0.00228688 0.0025558
18 0.213085 0.203324 0.19664 0.00395194 0.00241677 0.00247015
18.02 0.213241 0.203425 0.196749 0.00389105 0.00252108 0.0027298
18.04 0.213373 0.203527 0.196879 0.00330151 0.00255585 0.00325189
18.06 0.213474 0.203624 0.197031 0.00253786 0.00243199 0.00379714
18.08 0.213557 0.203706 0.197194 0.00208045 0.00205468 0.00408545
18.1 0.213649 0.203765 0.197352 0.00230006 0.0014522 0.00394695
18.12 0.213779 0.203797 0.197491 0.00323493 0.00081346 0.00345754
18.14 0.213959 0.203812 0.197607 0.00450473 0.000377661 0.00290868
18.16 0.214178 0.203824 0.197711 0.00547294 0.000294042 0.00261045
18.18 0.214402 0.203846 0.197819 0.00560921 0.000559461 0.00270249
18.2 0.214595 0.203888 0.197943 0.00482962 0.00104363 0.00309129
18.22 0.214739 0.20395 0.198084 0.00358691 0.00154673 0.00352918
18.24 0.214844 0.204024 0.198235 0.00262766 0.00186342 0.00378017
18.26 0.214945 0.204098 0.198385 0.0025175 0.00184441 0.00373753
18.28 0.215075 0.204156 0.198521 0.00326707 0.00144477 0.00340382
18.3 0.215249 0.204186 0.198634 0.00434911 0.000748472 0.00282363
18.32 0.215453 0.204185 0.198718 0.00508014 -1.44636e-05 0.00208568
18.34 0.215655 0.204166 0.198773 0.00506322 -0.000490751 0.00137734
18.36 0.215831 0.204152 0.198812 0.00439498 -0.000354089 0.000979679
18.38 0.215972 0.204171 0.198857 0.00353305 0.000477196 0.00113018
18.4 0.216091 0.20424 0.19893 0.00296238 0.0017298 0.00182974
18.42 0.216207 0.204355 0.199041 0.00290761 0.00286609 0.00277468
18.44 0.216337 0.204488 0.199181 0.00324322 0.00334575 0.00350323
18.46 0.216483 0.204606 0.199327 0.00365383 0.00293068 0.0036429
18.48 0.216639 0.204679 0.199451 0.00389595 0.00182986 0.00310404
18.5 0.216795 0.204702 0.199536 0.00390642 0.000581423 0.00213161
18.52 0.216944 0.204693 0.199583 0.00373132 -0.000236796 0.0011617
18.54 0.217082 0.204682 0.199605 0.00344154 -0.000275947 0.000547908
18.56 0.217206 0.2047 0.19962 0.0031054 0.000457225 0.000375004
18.58 0.217317 0.204765 0.19964 0.0027777 0.00162023 0.000502923
18.6 0.217417 0.204872 0.19967 0.00249417 0.00268826 0.000760896
18.62 0.217509 0.205001 0.199714 0.00228961 0.00321447 0.00108873
18.64 0.217597 0.205123 0.199775 0.00220598 0.00306376 0.00152472
18.66 0.217688 0.205221 0.199858 0.00226755 0.00243857 0.00208892
18.68 0.217786 0.205288 0.199966 0.00246327 0.0016895 0.0026873
18.7 0.217896 0.205332 0.200091 0.00273913 0.00110033 0.00311885
18.72 0.218015 0.205365 0.200218 0.00299461 0.000822064 0.00318514
18.74 0.21814 0.205402 0.200332 0.00312202 0.000909662 0.00284305
18.76 0.218264 0.205456 0.200423 0.0030977 0.00134756 0.0022813
18.78 0.218385 0.205537 0.200496 0.00302002 0.00203722 0.00182448
18.8 0.218506 0.205649 0.200565 0.00302747 0.00279615 0.00172973
18.82 0.218633 0.205784 0.200647 0.00317363 0.00338275 0.0020508
18.84 0.218768 0.205927 0.200753 0.00337361 0.00357378 0.00264853
18.86 0.218906 0.206059 0.200885 0.00344406 0.00328524 0.00329595
18.88 0.219035 0.206165 0.201037 0.00322005 0.00264987 0.00379315
18.9 0.219142 0.206244 0.201198 0.00269499 0.00198763 0.00403349
18.92 0.219225 0.206311 0.201359 0.00207387 0.00166568 0.00401408
18.94 0.219292 0.206386 0.201512 0.00166663 0.00188929 0.00382075
18.96 0.21936 0.206488 0.201656 0.00170219 0.0025523 0.00360546
18.98 0.219448 0.20662 0.201797 0.00218843 0.00328501 0.00352652
19 0.219563 0.206766 0.201943 0.00289556 0.00366301 0.00366081
19.02 0.219703 0.206904 0.2021 0.00348118 0.00343815 0.00392577
19.04 0.21985 0.207012 0.202264 0.00367864 0.00270077 0.00408988
19.06 0.219987 0.207087 0.202421 0.00341719 0.00186548 0.00391601
19.08 0.220098 0.207143 0.202555 0.00279421 0.00142084 0.00335119
19.1 0.220178 0.207208 0.202659 0.00199607 0.00161388 0.0026118
19.12 0.220229 0.2073 0.202741 0.00126763 0.00229582 0.00205791
19.14 0.220264 0.207421 0.202819 0.000868589 0.00302329 0.00193661
19.16 0.220302 0.207554 0.202907 0.000961549 0.00333886 0.00220504
19.18 0.220363 0.207676 0.20301 0.00152702 0.00304346 0.00256419
19.2 0.220458 0.207768 0.203116 0.00236048 0.00230393 0.00267096
19.22 0.220582 0.20783 0.203212 0.00312299 0.00155681 0.0023877
19.24 0.220721 0.207881 0.203287 0.00345978 0.00127221 0.00188647
19.26 0.220848 0.207949 0.203349 0.00318973 0.00168515 0.00152959
19.28 0.220946 0.208055 0.203413 0.00244772 0.00264563 0.00161139
19.3 0.221012 0.208203 0.203498 0.00163186 0.00370978 0.00212631
19.32 0.221058 0.20838 0.203608 0.00115076 0.00443011 0.00274732
19.34 0.221104 0.208565 0.20373 0.00116686 0.00461126 0.00305407
19.36 0.221166 0.208738 0.203844 0.00153865 0.00432586 0.00283443
19.38 0.221244 0.208889 0.203933 0.00195403 0.00378717 0.00222609
19.4 0.221329 0.209019 0.203997 0.00212541 0.00324293 0.00161626
19.42 0.221407 0.209134 0.204053 0.00194394 0.00289217 0.00139139
19.44 0.221469 0.209247 0.20412 0.00154392 0.00281587 0.00167832
19.46 0.221517 0.209366 0.204209 0.00121883 0.00296125 0.00223624
19.48 0.221565 0.209493 0.204314 0.00119826 0.00319424 0.00262216
19.5 0.221624 0.209628 0.204416 0.00148018 0.00337802 0.00253571
19.52 0.221699 0.209766 0.204498 0.00186659 0.00342837 0.00206098
19.54 0.221784 0.2099 0.204562 0.00212112 0.00335397 0.00160069
19.56 0.221868 0.21003 0.204625 0.00209325 0.00325547 0.00155949
19.58 0.221938 0.21016 0.204706 0.00175629 0.00325656 0.00204106
19.6 0.221986 0.210297 0.204818 0.00120671 0.00342286 0.00280322
19.62 0.222013 0.210446 0.204957 0.000657303 0.00372722 0.00346892
19.64 0.222028 0.210608 0.205109 0.00038253 0.00405127 0.00378588
19.66 0.222052 0.210778 0.205258 0.000592057 0.00423231 0.00373771
19.68 0.222103 0.210944 0.205397 0.00128221 0.00414984 0.00347706
19.7 0.22219 0.211095 0.205525 0.00218821 0.00378282 0.00318594
19.72 0.222307 0.211224 0.205643 0.0029241 0.00321644 0.00297031
19.74 0.222436 0.211329 0.205757 0.00320892 0.00262528 0.00283338
19.76 0.222556 0.211417 0.205866 0.00300478 0.00222108 0.00273315
19.78 0.222657 0.211503 0.205973 0.00251823 0.00214531 0.00266826
19.8 0.222741 0.211598 0.206081 0.0021063 0.00237522 0.00269972
19.82 0.222825 0.211707 0.206196 0.00209737 0.00271635 0.00287279
19.84 0.222928 0.211823 0.206321 0.00259154 0.00290584 0.00312884
19.86 0.223063 0.211934 0.206454 0.00337648 0.00277422 0.00332239
19.88 0.223226 0.212029 0.206587 0.00405669 0.00237024 0.0033401
19.9 0.223399 0.212106 0.206715 0.00433893 0.00193412 0.00320239
19.92 0.223569 0.212175 0.206837 0.00423808 0.00170673 0.00303782
19.94 0.22373 0.212244 0.206956 0.00402896 0.00173119 0.00296482
19.96 0.22389 0.212316 0.207075 0.00400103 0.00180482 0.00299832
19.98 0.224058 0.212381 0.207198 0.00420728 0.00161994 0.0030557
20 0.224235 0.212422 0.207319 0.0044272 0.00102783 0.00303868
20.02 0.224411 0.212431 0.207436 0.00437992 0.00023392 0.00291156
20.04 0.22457 0.21242 0.207545 0.00399374 -0.000284193 0.00271986
20.06 0.22471 0.212414 0.207647 0.00348958 -0.000135833 0.00255308
20.08 0.224839 0.212439 0.207745 0.0032244 0.000623433 0.00247028
20.1 0.224977 0.212498 0.207843 0.00344245 0.00145682 0.00243361
20.12 0.22514 0.212565 0.207936 0.004088 0.00169621 0.00232465
20.14 0.225332 0.212606 0.208018 0.0047917 0.00100932 0.00205386
20.16 0.225535 0.212592 0.208083 0.00507107 -0.000346739 0.00163737
20.18 0.22572 0.212525 0.20813 0.00464187 -0.00166516 0.00116825
20.2 0.225866 0.212436 0.20816 0.00364241 -0.00223757 0.000757347
20.22 0.22597 0.212365 0.208181 0.00259652 -0.00177171 0.000511535
20.24 0.226054 0.212345 0.208203 0.00209809 -0.000498944 0.00054288
20.26 0.226151 0.212385 0.20824 0.00241877 0.0010061 0.000935706
20.28 0.226283 0.212471 0.208306 0.00330912 0.00213522 0.00164301
20.3 0.226449 0.212572 0.208403 0.00415323 0.00252299 0.0024243
20.32 0.226625 0.212659 0.20852 0.00439349 0.00218985 0.00294059
20.34 0.226781 0.212719 0.208639 0.00390682 0.00148278 0.00296705
20.36 0.226904 0.212752 0.20874 0.00306509 0.00083756 0.00253291
20.38 0.227001 0.212774 0.208816 0.00244669 0.000548492 0.00188442
20.4 0.227099 0.212801 0.208869 0.0024274 0.000682161 0.00133849
20.42 0.227216 0.212846 0.208915 0.00293195 0.00112092 0.00113673
20.44 0.227356 0.212913 0.208969 0.00349439 0.00167609 0.00135897
20.46 0.2275 0.213001 0.209046 0.00361233 0.00219304 0.00191363
20.48 0.227626 0.213104 0.20915 0.00313515 0.00258382 0.00260089
20.5 0.22772 0.213216 0.209278 0.00236398 0.00280695 0.0031993
20.52 0.227793 0.213331 0.209419 0.00181344 0.00285574 0.00354286
20.54 0.227867 0.213442 0.209563 0.001852 0.0027787 0.00359177
20.56 0.227965 0.213549 0.209702 0.00246645 0.0026873 0.00346467
20.58 0.228097 0.213657 0.209837 0.00328407 0.00269661 0.00337246
20.6 0.22825 0.213771 0.209975 0.00382911 0.0028436 0.00346101
20.62 0.228403 0.213893 0.210122 0.00381887 0.003062 0.00367875
20.64 0.228534 0.214022 0.210274 0.00329073 0.0032233 0.00380517
20.66 0.228635 0.21415 0.21042 0.00251778 0.00320314 0.00363172
20.68 0.228708 0.214269 0.210545 0.00183043 0.00295822 0.0031374
20.7 0.228767 0.214372 0.210647 0.00145822 0.00257266 0.00253919
20.72 0.228824 0.214461 0.210733 0.00144799 0.00222074 0.00215556
20.74 0.228892 0.214543 0.210819 0.00167704 0.00205232 0.00215346
20.76 0.22897 0.214627 0.210915 0.00194977 0.00210535 0.00240722
20.78 0.229054 0.21472 0.21102 0.00211188 0.0023305 0.00261569
20.8 0.229139 0.214826 0.211123 0.00211649 0.002659 0.00258212
20.82 0.22922 0.214947 0.211218 0.00202248 0.00300789 0.0023761
20.84 0.229296 0.215077 0.211308 0.00191077 0.00326699 0.0022417
20.86 0.229367 0.215211 0.211403 0.00176835 0.00333823 0.00236543
20.88 0.229427 0.215338 0.211511 0.00149948 0.00318459 0.00271398
20.9 0.22947 0.215452 0.211634 0.00109329 0.00284722 0.00307142
20.92 0.2295 0.215551 0.211763 0.000734573 0.00245938 0.00321635
20.94 0.229527 0.21564 0.211885 0.000687894 0.00223771 0.00306287
20.96 0.229571 0.215736 0.211993 0.00107948 0.00238443 0.002687
20.98 0.229642 0.215852 0.212083 0.00178026 0.00291641 0.0022628
21 0.22974 0.215995 0.212161 0.00244864 0.00357155 0.00195124
21.02 0.229848 0.216152 0.212234 0.00270105 0.0039288 0.00181426
21.04 0.229942 0.2163 0.212306 0.00235963 0.00369794 0.00181471
21.06 0.230008 0.216419 0.212381 0.00164145 0.00297819 0.00186212
21.08 0.230051 0.216509 0.212455 0.00107967 0.00224205 0.00185503
21.1 0.230098 0.216589 0.212524 0.00117096 0.00201373 0.00172984
21.12 0.230179 0.21669 0.212585 0.00203166 0.00250745 0.00151229
21.14 0.230311 0.21683 0.212638 0.00330026 0.00350157 0.00132476
21.16 0.230484 0.21701 0.212691 0.0043273 0.00449243 0.00132288
21.18 0.230666 0.217209 0.212755 0.004558 0.00498677 0.00160627
21.2 0.230822 0.2174 0.212841 0.00387798 0.00476829 0.00214877
21.22 0.230929 0.21756 0.212952 0.00267779 0.00399659 0.00277654
21.24 0.230993 0.217683 0.213081 0.00159712 0.00309134 0.00323038
21.26 0.231038 0.217782 0.213213 0.00114404 0.00247618 0.00329158
21.28 0.231096 0.217876 0.213329 0.00143776 0.00235298 0.00290223
21.3 0.231184 0.217983 0.213418 0.00219686 0.00265872 0.00222235
21.32 0.231301 0.21811 0.213481 0.00294296 0.00318926 0.00158954
21.34 0.231433 0.21826 0.213536 0.00329188 0.00373081 0.00136093
21.36 0.23156 0.218423 0.213603 0.00316626 0.00409747 0.00168303
21.38 0.231671 0.218588 0.213698 0.00279042 0.00411519 0.00236219
21.4 0.23177 0.218734 0.213816 0.00246962 0.00364727 0.00297177
21.42 0.231864 0.218842 0.213942 0.00234643 0.00270205 0.0031287
21.44 0.231958 0.218903 0.214051 0.00234427 0.00151948 0.0027402
21.46 0.232051 0.218923 0.214133 0.00232382 0.000506077 0.0020535
21.48 0.232142 0.218925 0.214193 0.00226994 5.51296e-05 0.00149648
21.5 0.232234 0.218939 0.214251 0.00230926 0.000345802 0.00143507
21.52 0.232337 0.218987 0.21433 0.00256769 0.00120096 0.00197491
21.54 0.232457 0.219073 0.214446 0.00301858 0.00213468 0.00290196
21.56 0.232595 0.219178 0.214598 0.00344916 0.00264006 0.00380302
21.58 0.232739 0.219279 0.21477 0.00358122 0.0025192 0.00430039
21.6 0.23287 0.219358 0.21494 0.00328362 0.00197377 0.00424689
21.62 0.232979 0.219414 0.21509 0.00271505 0.00139584 0.00375234
21.64 0.233068 0.219456 0.215212 0.00224372 0.00105729 0.00305423
21.66 0.233156 0.219494 0.215307 0.00218449 0.000951971 0.00236718
21.68 0.233258 0.219529 0.21538 0.00257048 0.00087388 0.00182214
21.7 0.233384 0.219555 0.21544 0.00314987 0.000652757 0.0015007
21.72 0.233528 0.219569 0.215499 0.00358798 0.000343912 0.00148057
21.74 0.233676 0.219577 0.215571 0.00369815 0.000205444 0.00181137
21.76 0.233817 0.219596 0.215668 0.00353777 0.000472307 0.00242902
21.78 0.23395 0.21964 0.215793 0.00331987 0.00110439 0.00310853
21.8 0.234079 0.21971 0.215935 0.00321526 0.00175015 0.00355839
21.82 0.234207 0.21979 0.216079 0.00320302 0.00200314 0.00359956
21.84 0.234332 0.21986 0.216209 0.00312886 0.00174379 0.0032592
21.86 0.234448 0.219909 0.216319 0.00289924 0.00122798 0.00273564
21.88 0.234553 0.219943 0.21641 0.00261093 0.000837453 0.00228684
21.9 0.234653 0.219973 0.216494 0.00250417 0.000760531 0.00208633
21.92 0.234764 0.220009 0.216579 0.00277528 0.000889031 0.00213955
21.94 0.234899 0.220047 0.216672 0.00337989 0.000961158 0.00231944
21.96 0.235058 0.220079 0.21677 0.00398254 0.000795823 0.00245772
21.98 0.235224 0.220097 0.216867 0.00414328 0.000454747 0.00242285
22 0.235369 0.220106 0.216954 0.00363498 0.000224389 0.00216692
22.02 0.235475 0.220123 0.217024 0.00264767 0.000410856 0.00175469
22.04 0.235543 0.220166 0.217078 0.00168243 0.00107963 0.00134685
22.06 0.235591 0.220244 0.217122 0.00121205 0.00194771 0.0011097
22.08 0.235647 0.220345 0.217167 0.00139407 0.00254461 0.00111392
22.1 0.235728 0.220447 0.217219 0.00202084 0.00254674 0.00130496
22.12 0.235835 0.220528 0.217282 0.00268697 0.00202083 0.00156211
22.14 0.235956 0.220583 0.217353 0.00303183 0.00136487 0.00178999
22.16 0.236073 0.220623 0.217432 0.0029047 0.00101738 0.00195552
22.18 0.236169 0.220671 0.217513 0.00240274 0.00118212 0.00204148
22.2 0.23624 0.22074 0.217593 0.00177294 0.00174224 0.0020009
22.22 0.23629 0.220836 0.217665 0.00125095 0.00238321 0.00179366
22.24 0.236328 0.220948 0.217724 0.000970941 0.00280334 0.00146951
22.26 0.236367 0.221063 0.217772 0.000975459 0.00288273 0.00119562
22.28 0.236417 0.221172 0.217819 0.00123853 0.00271835 0.00119573
22.3 0.236483 0.221272 0.217885 0.00164828 0.00251236 0.0016282
22.32 0.236564 0.221369 0.217982 0.00202387 0.00242106 0.00244235
22.34 0.236653 0.221468 0.218116 0.00221867 0.00246613 0.00333643
22.36 0.236742 0.22157 0.218272 0.00222994 0.00254885 0.00391627
22.38 0.23683 0.221672 0.218431 0.00219354 0.00255584 0.00395896
22.4 0.23692 0.221771 0.218574 0.00225028 0.00247795 0.00357201
22.42 0.237016 0.221869 0.218699 0.00241535 0.00244324 0.00312276
22.44 0.237119 0.221974 0.218818 0.00256176 0.00263111 0.00297643
22.46 0.237219 0.222099 0.218946 0.00251942 0.00312379 0.00321832
22.48 0.237308 0.222251 0.219089 0.00220645 0.00380377 0.00357668
22.5 0.237376 0.222427 0.219235 0.00170254 0.00439617 0.0036342
22.52 0.237426 0.222613 0.219362 0.00124373 0.00464506 0.00317524
22.54 0.23747 0.222792 0.219457 0.00111949 0.00447292 0.00237523
22.56 0.23753 0.222952 0.219524 0.00149187 0.00399925 0.00168059
22.58 0.23762 0.223089 0.219584 0.00225106 0.00343264 0.00150084
22.6 0.237742 0.223207 0.219663 0.00305328 0.00294677 0.00196696
22.62 0.237883 0.223313 0.219778 0.00352806 0.00264002 0.00287858
22.64 0.238023 0.223415 0.21993 0.00348496 0.00256051 0.00380894
22.66 0.238142 0.223523 0.220103 0.00298034 0.0026979 0.00431504
22.68 0.238233 0.223641 0.220269 0.00227347 0.00295739 0.00416117
22.7 0.238302 0.223769 0.220406 0.00172053 0.00319587 0.00341538
22.72 0.238365 0.223901 0.220501 0.00159314 0.00329263 0.00236862
22.74 0.238442 0.224029 0.220555 0.00192612 0.00319873 0.00136795
22.76 0.238543 0.224147 0.220583 0.00251511 0.00295865 0.000684842
22.78 0.238665 0.224255 0.2206 0.00305071 0.00270648 0.000443919
22.8 0.238797 0.224359 0.220625 0.00329648 0.00260478 0.000604042
22.82 0.238925 0.224469 0.220665 0.00321288 0.00273237 0.00100552
22.84 0.239045 0.224589 0.220724 0.00298336 0.00301445 0.00146678
22.86 0.239161 0.22472 0.220798 0.00290761 0.00325444 0.00185983
22.88 0.239288 0.224849 0.220883 0.00318442 0.00324337 0.00212053
22.9 0.239438 0.224964 0.220971 0.00373445 0.0028707 0.0022127
22.92 0.239607 0.225052 0.221056 0.00423395 0.00219734 0.00212059
22.94 0.23978 0.225111 0.221132 0.00432777 0.00148512 0.0018891
22.96 0.239934 0.225156 0.221197 0.00385312 0.00111024 0.00164236
22.98 0.240053 0.22521 0.221259 0.00296896 0.0013515 0.00154466
23 0.240138 0.225298 0.221328 0.00211185 0.00219756 0.00173322
23.02 0.240208 0.22543 0.221418 0.00175615 0.00329774 0.00223361
23.04 0.240292 0.225593 0.221533 0.00211055 0.00409633 0.00286868
23.06 0.240411 0.225759 0.221664 0.00297235 0.00412584 0.00327757
23.08 0.240565 0.22589 0.221789 0.00385131 0.00329874 0.00312354
23.1 0.240737 0.22597 0.221883 0.00428774 0.00198846 0.00235853
23.12 0.240902 0.226003 0.221935 0.00413657 0.000832313 0.00131085
23.14 0.241047 0.226018 0.221956 0.00362596 0.000373219 0.000520408
23.16 0.241173 0.226049 0.221975 0.00315176 0.000766182 0.000459526
23.18 0.241292 0.226118 0.222027 0.00296907 0.00171853 0.00130087
23.2 0.241413 0.226224 0.222139 0.00302637 0.00267023 0.00280328
23.22 0.241536 0.226349 0.222314 0.00307241 0.00312326 0.00438257
23.24 0.241653 0.226467 0.222529 0.00292448 0.00293025 0.00538349
23.26 0.241759 0.22656 0.222746 0.00263982 0.0023327 0.00541978
23.28 0.241856 0.226629 0.222928 0.00243843 0.00172723 0.00455872
23.3 0.241956 0.226683 0.223058 0.00248728 0.00135185 0.00324163
23.32 0.242066 0.226729 0.22314 0.0027645 0.0011583 0.0020371
23.34 0.24219 0.226768 0.223195 0.00309543 0.000959642 0.00139163
23.36 0.242321 0.226795 0.223254 0.00328068 0.000671193 0.00145759
23.38 0.242449 0.226811 0.223336 0.00320251 0.000407593 0.00205654
23.4 0.242565 0.226826 0.223448 0.00289177 0.000365593 0.00280375
23.42 0.242667 0.22685 0.223581 0.00253897 0.000615756 0.00332779
23.44 0.242762 0.22689 0.223719 0.00239185 0.00100027 0.00343837
23.46 0.242865 0.22694 0.223845 0.00257439 0.00124239 0.00316635
23.48 0.242984 0.226986 0.223953 0.00297784 0.00116428 0.00268654
23.5 0.243118 0.227019 0.22404 0.00334184 0.000819461 0.00219013
23.52 0.243255 0.227036 0.224112 0.00342745 0.000431738 0.00179719
23.54 0.24338 0.227045 0.224174 0.00313026 0.000201643 0.00154269
23.56 0.243481 0.227052 0.22423 0.00252482 0.000179283 0.00140054
23.58 0.243556 0.227063 0.224283 0.00186346 0.000281543 0.00132092
23.6 0.243615 0.227078 0.224334 0.00147689 0.000381744 0.0012805
23.62 0.243678 0.227094 0.224386 0.0015854 0.000393651 0.00130687
23.64 0.243764 0.227106 0.224444 0.00214595 0.000292172 0.00143083
23.66 0.243879 0.227109 0.224508 0.00285712 9.00267e-05 0.00159949
23.68 0.244011 0.227103 0.224574 0.00331461 -0.000150182 0.00166015
23.7 0.24414 0.227092 0.224633 0.0032327 -0.000289593 0.00148253
23.72 0.244246 0.227085 0.224677 0.00262701 -0.000170426 0.00110428
23.74 0.244319 0.227095 0.224707 0.00182457 0.000249325 0.000740317
23.76 0.244369 0.227128 0.224733 0.00126409 0.000831233 0.000638242
23.78 0.244418 0.227182 0.224769 0.00122928 0.001346 0.000899563
23.8 0.244486 0.227247 0.224825 0.00169493 0.00162138 0.00140996
23.82 0.244581 0.227312 0.224902 0.00237196 0.00163486 0.00192478
23.84 0.244696 0.227372 0.224991 0.00288965 0.00150616 0.00222578
23.86 0.244816 0.227429 0.225081 0.00298396 0.00141474 0.00223871
23.88 0.244921 0.227489 0.225163 0.00262205 0.00149423 0.00206561
23.9 0.245002 0.227559 0.22524 0.00202189 0.00176025 0.00192847
23.92 0.245063 0.227645 0.225322 0.0015364 0.00214914 0.00204979
23.94 0.245122 0.227751 0.225424 0.00146179 0.00263912 0.00253828
23.96 0.245197 0.227882 0.225557 0.0018806 0.00328459 0.00333546
23.98 0.245301 0.228046 0.225726 0.0026063 0.00409791 0.00422844
24 0.245431 0.228243 0.225922 0.00325659 0.00492672 0.0048934
24.02 0.245569 0.228462 0.226123 0.00345498 0.00547693 0.0050104
24.04 0.245692 0.228681 0.2263 0.00306538 0.00546439 0.00444132
24.06 0.245784 0.228873 0.226434 0.00228617 0.00479981 0.00333501
24.08 0.245846 0.229021 0.226517 0.00155002 0.00371607 0.00208957
24.1 0.245897 0.229131 0.226566 0.00129268 0.00273289 0.0012135
24.12 0.245965 0.229226 0.22661 0.00168485 0.00239441 0.00110827
24.14 0.246064 0.229343 0.226683 0.00248741 0.00291488 0.00182622
24.16 0.246192 0.229504 0.226802 0.00319039 0.0040226 0.00298322
24.18 0.246326 0.229709 0.22696 0.00335808 0.00513733 0.00394876
24.2 0.246443 0.229939 0.227129 0.00291673 0.0057291 0.00421274
24.22 0.246531 0.230162 0.227276 0.00219922 0.00559202 0.00368684
24.24 0.2466 0.230358 0.227385 0.00172819 0.00488634 0.00272654
24.26 0.246675 0.230517 0.22746 0.00186863 0.00398591 0.0018587
24.28 0.246778 0.230648 0.227517 0.00257494 0.00326041 0.00143148
24.3 0.246915 0.230764 0.227575 0.00342754 0.00291374 0.00144072
24.32 0.247071 0.230882 0.227639 0.0039144 0.00293953 0.00161668
24.34 0.247221 0.23101 0.227706 0.00374215 0.00319405 0.00167342
24.36 0.247342 0.23115 0.227767 0.00301448 0.00351869 0.0015265
24.38 0.247429 0.231301 0.22782 0.00219011 0.00377914 0.00132159
24.4 0.247501 0.231454 0.227871 0.00180624 0.00382548 0.00126866
24.42 0.247586 0.231595 0.227929 0.0021053 0.00352144 0.00145932
24.44 0.2477 0.231711 0.228003 0.00286001 0.00288289 0.00183088
24.46 0.247843 0.231798 0.228093 0.00357684 0.00217554 0.00226077
24.48 0.247998 0.23187 0.228199 0.00387747 0.00181373 0.00264619
24.5 0.248147 0.231954 0.228315 0.00371331 0.00209713 0.00289866
24.52 0.24828 0.232073 0.228431 0.00333337 0.00296098 0.00291591
24.54 0.248404 0.23223 0.228536 0.00309819 0.00393689 0.00262435
24.56 0.248533 0.232406 0.22862 0.00323405 0.00440879 0.00207901
24.58 0.248679 0.232567 0.228679 0.00365333 0.00401604 0.00149482
24.6 0.24884 0.232683 0.228725 0.00401984 0.00290118 0.00113934
24.62 0.249002 0.232748 0.228771 0.00405068 0.00162102 0.00116269
24.64 0.249152 0.23278 0.228832 0.00375294 0.000797425 0.0015149
24.66 0.249288 0.23281 0.228912 0.00337781 0.000757547 0.00199825
24.68 0.249416 0.232866 0.229007 0.0032167 0.00139367 0.00238758
24.7 0.249553 0.232957 0.22911 0.00342124 0.00228416 0.00256167
24.72 0.249709 0.233076 0.229213 0.00389233 0.00296461 0.00258357
24.74 0.249881 0.233202 0.229319 0.00429543 0.00316262 0.00265138
24.76 0.250051 0.233317 0.229436 0.00426805 0.00288011 0.0029114
24.78 0.250199 0.23341 0.229567 0.00369927 0.00232146 0.00327693
24.8 0.250313 0.233479 0.229704 0.00284136 0.00172842 0.00344216
24.82 0.250399 0.233529 0.229829 0.00215269 0.00122878 0.00310235
24.84 0.250479 0.233561 0.229917 0.00199165 0.000815285 0.00220827
24.86 0.250573 0.233579 0.22996 0.00237055 0.000447095 0.00106839
24.88 0.250692 0.233586 0.229968 0.00295471 0.000164077 0.00020423
24.9 0.250824 0.23359 0.229969 0.00331849 0.000104137 2.95805e-05
24.92 0.250954 0.233605 0.229992 0.00322785 0.00038573 0.000583107
24.94 0.251063 0.233644 0.230053 0.00274013 0.00095977 0.00151124
24.96 0.251148 0.233707 0.230145 0.00212861 0.00157745 0.00231114
24.98 0.251216 0.233783 0.230251 0.0017004 0.00190811 0.00265157
25 0.251281 0.233852 0.230353 0.0016055 0.00172403 0.00254809
25.02 0.251351 0.233894 0.230444 0.00177016 0.00105054 0.00228209
25.04 0.251431 0.233902 0.23053 0.00200293 0.000193379 0.00214466
25.06 0.251517 0.233885 0.23062 0.00214364 -0.000414064 0.00223535
25.08 0.251602 0.233867 0.230718 0.00212691 -0.000464491 0.00246237
25.1 0.251681 0.233868 0.230825 0.0019699 4.28298e-05 0.00267166
25.12 0.251751 0.2339 0.230935 0.00175517 0.000797386 0.00275682
25.14 0.251815 0.233955 0.231044 0.00160276 0.00136758 0.00270991
25.16 0.25188 0.234014 0.231149 0.00161511 0.00147775 0.00263963
25.18 0.251953 0.234061 0.231258 0.0018282 0.00117702 0.00270925
25.2 0.25204 0.234092 0.231377 0.00217387 0.000764591 0.00298919
25.22 0.25214 0.234114 0.231511 0.00249727 0.000543517 0.0033524
25.24 0.252246 0.234139 0.231652 0.00263947 0.000630764 0.00352371
25.26 0.252347 0.234177 0.231783 0.00253306 0.000944569 0.00327318
25.28 0.252437 0.234228 0.231888 0.00225851 0.00128635 0.00260825
25.3 0.252517 0.234285 0.23196 0.00200267 0.0014141 0.00180318
25.32 0.252595 0.234331 0.232009 0.00193889 0.00115627 0.00122577
25.34 0.25268 0.234354 0.232052 0.00212271 0.000575954 0.00109263
25.36 0.252779 0.234355 0.232107 0.00247386 2.79942e-05 0.00135277
25.38 0.252892 0.234354 0.232177 0.00283792 -2.16883e-05 0.00176756
25.4 0.253015 0.234382 0.232261 0.00306716 0.000690433 0.00209382
25.42 0.253139 0.234463 0.23235 0.00310525 0.00202336 0.00222076
25.44 0.253261 0.234601 0.232437 0.00305566 0.00346355 0.00216775
25.46 0.253387 0.234776 0.232516 0.00313036 0.00436529 0.0019978
25.48 0.253525 0.234948 0.232586 0.00345124 0.00430307 0.00174908
25.5 0.253681 0.235083 0.232644 0.00391496 0.00337054 0.00145189
25.52 0.253852 0.23517 0.232691 0.00426729 0.00217748 0.00117493
25.54 0.254024 0.235229 0.232732 0.00429253 0.00148613 0.0010071
25.56 0.254182 0.235299 0.232772 0.00396089 0.00175111 0.000998511
25.58 0.25432 0.235414 0.232818 0.00344672 0.00286936 0.00115092
25.6 0.25444 0.235585 0.232875 0.00301116 0.00427306 0.00143872
25.62 0.254554 0.235797 0.232948 0.00284979 0.00531163 0.00181982
25.64 0.254675 0.236024 0.233037 0.00301122 0.00566986 0.00222509
25.66 0.254811 0.236244 0.233139 0.00341173 0.00550293 0.00255545
25.68 0.254967 0.236453 0.233248 0.00388932 0.00521354 0.00272209
25.7 0.255138 0.236657 0.233356 0.00427169 0.00510848 0.00270607
25.72 0.255316 0.236865 0.233459 0.00445768 0.00519381 0.00257057
25.74 0.255494 0.237074 0.233555 0.00443943 0.00521754 0.0024055
25.76 0.255663 0.23727 0.233646 0.00422845 0.00491387 0.00227261
25.78 0.255815 0.237441 0.233735 0.00379613 0.00426391 0.0022068
25.8 0.255939 0.237583 0.233824 0.00312036 0.00355655 0.00222797
25.82 0.256031 0.237711 0.233916 0.00229566 0.00319714 0.00231382
25.84 0.256094 0.237848 0.234012 0.00157938 0.00341934 0.00238357
25.86 0.256146 0.238012 0.234105 0.0012801 0.00410473 0.00233925
25.88 0.256208 0.238205 0.234191 0.00155066 0.00481855 0.00214219
25.9 0.256298 0.238407 0.234265 0.00225008 0.00504579 0.00185088
25.92 0.256417 0.238587 0.234328 0.0029853 0.00450124 0.00158676
25.94 0.25655 0.238719 0.234388 0.00332455 0.00331942 0.00148597
25.96 0.256672 0.238799 0.234454 0.00306164 0.00199284 0.00165495
25.98 0.256767 0.238843 0.234538 0.0023611 0.00109815 0.00211
26 0.256833 0.238883 0.234648 0.00165738 0.000989596 0.00273786
26.02 0.256888 0.238948 0.234781 0.00135997 0.00164021 0.00332434
26.04 0.256951 0.239056 0.234927 0.00158516 0.0026849 0.00364456
26.06 0.257036 0.2392 0.23507 0.0021225 0.00361507 0.0035719
26.08 0.25714 0.239361 0.235195 0.0026074 0.00401245 0.00313263
26.1 0.257251 0.239509 0.235294 0.0027582 0.00371469 0.00248514
26.12 0.257353 0.239624 0.235369 0.00255139 0.00286127 0.00185753
26.14 0.257441 0.239695 0.235427 0.00220133 0.00179047 0.00146555
26.16 0.257519 0.23973 0.235485 0.00196816 0.000869057 0.00143921
26.18 0.257598 0.239745 0.235555 0.00197585 0.000365462 0.00175941
26.2 0.257686 0.23976 0.235645 0.00217763 0.000374036 0.00225519
26.22 0.257783 0.239791 0.235753 0.00243869 0.000783569 0.00270123
26.24 0.257888 0.239844 0.235871 0.0026331 0.00132821 0.00293587
26.26 0.257997 0.239913 0.235988 0.00271782 0.00173227 0.00291808
26.28 0.258107 0.239987 0.236096 0.00273696 0.00184311 0.00270881
26.3 0.258217 0.240054 0.236192 0.00276047 0.00166154 0.00240441
26.32 0.258329 0.240105 0.236275 0.00280359 0.00129206 0.0020682
26.34 0.25844 0.24014 0.236343 0.00277664 0.00086789 0.0017085
26.36 0.258542 0.24016 0.236396 0.0025376 0.000496287 0.00132915
26.38 0.258624 0.24017 0.236437 0.00204863 0.000254655 0.00101113
26.4 0.258684 0.240179 0.236473 0.00150675 0.00023287 0.000917315
26.42 0.258735 0.2402 0.23652 0.00126859 0.000521833 0.00117084
26.44 0.258798 0.240245 0.236589 0.00158616 0.00111715 0.00171203
26.46 0.258894 0.240318 0.23668 0.00240056 0.00183363 0.00226986
26.48 0.259028 0.240412 0.236779 0.00333995 0.00233472 0.00248641
26.5 0.259184 0.240505 0.236865 0.00390301 0.00232699 0.00213876
26.52 0.259334 0.240576 0.236918 0.00374538 0.00179112 0.00133665
26.54 0.259451 0.240617 0.236939 0.00292084 0.00102236 0.000528991
26.56 0.259526 0.240635 0.236949 0.00189748 0.000448257 0.000241178
26.58 0.259577 0.24065 0.236977 0.0012556 0.000378348 0.000702192
26.6 0.259627 0.240683 0.237043 0.00125858 0.000822061 0.00166163
26.62 0.259694 0.240742 0.237145 0.00166575 0.00147317 0.00254814
26.64 0.259773 0.240819 0.237259 0.00198608 0.00192294 0.00284896
26.66 0.259851 0.240898 0.237357 0.00194649 0.00197293 0.00244223
26.68 0.25992 0.240969 0.237423 0.00171933 0.00177009 0.00165814
26.7 0.259989 0.241034 0.237465 0.00172727 0.00162073 0.00103961
26.72 0.260078 0.2411 0.237504 0.00223883 0.00166853 0.000978931
26.74 0.260201 0.241171 0.237563 0.00307194 0.00177224 0.00147848
26.76 0.260347 0.241238 0.237651 0.00365237 0.00167683 0.00219529
26.78 0.260484 0.241289 0.23776 0.00342814 0.00126711 0.00271222
26.8 0.260578 0.241316 0.237872 0.0023505 0.000683629 0.00281911
26.82 0.26062 0.241326 0.237976 0.00103817 0.000248437 0.00259218
26.84 0.260636 0.241336 0.238066 0.000411674 0.000244509 0.00225885
26.86 0.260677 0.241364 0.238147 0.00101738 0.000706974 0.00202638
26.88 0.260781 0.24142 0.238227 0.00260196 0.00140048 0.00198826
26.9 0.260954 0.2415 0.238312 0.00430748 0.0019953 0.00213409
26.92 0.261164 0.241592 0.238409 0.00527279 0.0022977 0.00242222
26.94 0.26137 0.241687 0.238522 0.00514397 0.0023714 0.00282391
26.96 0.261538 0.241785 0.238654 0.00419011 0.00245184 0.003286
26.98 0.261659 0.241893 0.2388 0.00303265 0.00269978 0.00366757
27 0.261749 0.242014 0.238951 0.0022563 0.00302451 0.00377505
27.02 0.261836 0.242141 0.239091 0.00216125 0.00316323 0.00350461
27.04 0.261945 0.242258 0.239209 0.00272396 0.00293939 0.0029441
27.06 0.262092 0.242356 0.239303 0.00368804 0.00244904 0.00233342
27.08 0.26228 0.242437 0.23938 0.00469038 0.00201681 0.00193735
27.1 0.262495 0.242515 0.239456 0.00538738 0.00196883 0.00190812
27.12 0.262718 0.242612 0.239545 0.00556238 0.0024016 0.00220733
27.14 0.262926 0.242736 0.23965 0.00519959 0.00311932 0.00263129
27.16 0.263106 0.242887 0.239767 0.0044955 0.00377398 0.00293029
27.18 0.263256 0.24305 0.239885 0.00376481 0.0040765 0.00294628
27.2 0.263388 0.243208 0.239992 0.00328354 0.00394616 0.00268188
27.22 0.263515 0.24335 0.240083 0.00318104 0.0035335 0.00227013
27.24 0.263652 0.243473 0.240158 0.00342141 0.00309765 0.00187437
27.26 0.263806 0.243587 0.240222 0.00384884 0.00283317 0.00159758
27.28 0.263976 0.243698 0.24028 0.00426842 0.00278008 0.00145507
27.3 0.264157 0.243813 0.240336 0.00452414 0.00287384 0.00140314
27.32 0.264339 0.243935 0.240392 0.00453616 0.00305786 0.00140207
27.34 0.264511 0.244068 0.24045 0.00431611 0.00332605 0.00144362
27.36 0.26467 0.244214 0.24051 0.00395348 0.00363856 0.00149595
27.38 0.264812 0.244369 0.240568 0.00356673 0.00386773 0.00145806
27.4 0.264942 0.244523 0.240617 0.00323801 0.00386401 0.00121568
27.42 0.265061 0.244666 0.240648 0.00298484 0.00358266 0.00076829
27.44 0.265173 0.244793 0.24066 0.00279493 0.00315523 0.000304036
27.46 0.26528 0.244905 0.240664 0.00267338 0.00281997 0.000109053
27.48 0.265386 0.245016 0.240679 0.00265935 0.00275607 0.00036199
27.5 0.265498 0.245134 0.240718 0.00280123 0.00295268 0.000984961
27.52 0.265622 0.245263 0.240785 0.00309208 0.00323606 0.00168312
27.54 0.265759 0.2454 0.240871 0.00341596 0.00343068 0.00214286
27.56 0.265902 0.24554 0.240959 0.00358704 0.00349312 0.00220124
27.58 0.266041 0.24568 0.241034 0.00348224 0.00348383 0.00188106
27.6 0.266167 0.245818 0.241088 0.0031363 0.00345637 0.00135048
27.62 0.266275 0.245954 0.241123 0.00270109 0.00340494 0.000859103
27.64 0.266368 0.246086 0.241149 0.0023381 0.00329624 0.000652772
27.66 0.266454 0.246211 0.241184 0.00214316 0.00312892 0.000879109
27.68 0.266538 0.246329 0.241245 0.00210744 0.00295913 0.00151366
27.7 0.266624 0.246444 0.241338 0.00213404 0.00286855 0.00234747
27.72 0.266709 0.24656 0.241461 0.00213742 0.00288588 0.00307424
27.74 0.266795 0.246677 0.2416 0.00213468 0.00292631 0.00345403
27.76 0.266883 0.24679 0.241737 0.00221792 0.00283459 0.00344217
27.78 0.26698 0.246891 0.241865 0.00241761 0.00252102 0.0031971
27.8 0.267085 0.246973 0.241984 0.00260879 0.00205371 0.00297359
27.82 0.267188 0.247037 0.242102 0.00258346 0.00160523 0.00295849
27.84 0.267277 0.247089 0.242228 0.00222588 0.00130653 0.00314467
27.86 0.267342 0.247136 0.242362 0.00162495 0.00116208 0.00334647
27.88 0.267383 0.24718 0.242496 0.0010309 0.00110521 0.00335404
27.9 0.267411 0.247225 0.242621 0.000690848 0.00112113 0.00311806
27.92 0.267438 0.247277 0.242733 0.000689667 0.00129411 0.00279681
27.94 0.267475 0.247345 0.242838 0.000912832 0.00171564 0.00261749
27.96 0.267521 0.247438 0.242945 0.00115431 0.00231828 0.00268739
27.98 0.267573 0.24755 0.243061 0.00129574 0.00280941 0.00290212
28 0.267628 0.247664 0.243182 0.00138576 0.00282735 0.00301501
28.02 0.26769 0.247753 0.243295 0.00154609 0.00222743 0.00282868
28.04 0.267763 0.247803 0.243389 0.00181795 0.00126955 0.00235709
28.06 0.267847 0.247824 0.243462 0.00210206 0.000518148 0.00181468
28.08 0.267936 0.247844 0.243519 0.00222646 0.000489349 0.00144049
28.1 0.268019 0.247895 0.243572 0.0020633 0.00128599 0.00130999
28.12 0.268084 0.247995 0.243623 0.0016362 0.00250587 0.00128814
28.14 0.268131 0.248136 0.24367 0.00116917 0.00351201 0.00115926
28.16 0.26817 0.24829 0.243703 0.000981612 0.00386412 0.000825597
28.18 0.268221 0.248433 0.243719 0.00126464 0.00357525 0.000411999
28.2 0.268298 0.248554 0.243726 0.00192761 0.00302007 0.000176176
28.22 0.268405 0.248658 0.243739 0.00267219 0.00259818 0.000308969
28.24 0.268533 0.248756 0.243771 0.00322008 0.00243597 0.000806952
28.26 0.268672 0.24885 0.243831 0.00346456 0.00236899 0.00149694
28.28 0.26881 0.248937 0.243917 0.00344422 0.0021754 0.00215002
28.3 0.26894 0.24901 0.24402 0.00324833 0.00181558 0.00257167
28.32 0.269058 0.24907 0.244125 0.00296905 0.00148926 0.00264036
28.34 0.269167 0.249129 0.244219 0.00270489 0.00148546 0.00233962
28.36 0.269269 0.249206 0.24429 0.00256029 0.00192318 0.00178586
28.38 0.269374 0.24931 0.244338 0.0026214 0.00260297 0.00120628
28.4 0.26949 0.249435 0.244372 0.00290871 0.00312853 0.00083781
28.42 0.269623 0.249563 0.244404 0.0033304 0.00319036 0.000806911
28.44 0.269771 0.249674 0.244448 0.00369584 0.00278979 0.00109081
28.46 0.269924 0.249763 0.244511 0.00381822 0.00222105 0.00158012
28.48 0.27007 0.249837 0.244598 0.00364859 0.0018489 0.00216129
28.5 0.270203 0.249911 0.244707 0.00333871 0.00185667 0.00273114
28.52 0.27033 0.249998 0.244834 0.0031636 0.00215971 0.00317123
28.54 0.270463 0.250098 0.244967 0.0033295 0.00250724 0.00334591
28.56 0.270615 0.250204 0.245093 0.00378732 0.00265848 0.0031454
28.58 0.270784 0.250306 0.245196 0.00422237 0.00254098 0.00256743
28.6 0.270955 0.250398 0.245267 0.00428994 0.00229598 0.00178735
28.62 0.271112 0.250484 0.245312 0.00391051 0.00214776 0.00112382
28.64 0.271245 0.250572 0.245347 0.0033341 0.00221299 0.000875621
28.66 0.271363 0.25067 0.245393 0.00294349 0.00243547 0.0011469
28.68 0.271482 0.250776 0.245465 0.00299071 0.00266074 0.00179534
28.7 0.27162 0.250886 0.245566 0.00343334 0.00273222 0.00253321
28.72 0.271778 0.250988 0.24569 0.00395533 0.00255973 0.00309374
28.74 0.271945 0.251075 0.245824 0.00416831 0.00216565 0.00335214
28.76 0.272099 0.251142 0.245958 0.00386992 0.00168251 0.0033336
28.78 0.272227 0.251194 0.246083 0.00319034 0.00129784 0.00314014
28.8 0.272327 0.25124 0.246199 0.00250942 0.00115697 0.00289155
28.82 0.272415 0.251291 0.246307 0.0022013 0.00128383 0.00269907
28.84 0.272511 0.251355 0.246412 0.00239782 0.00158928 0.00262877
28.86 0.272628 0.251433 0.246518 0.00292666 0.00194827 0.00265218
28.88 0.272766 0.251524 0.246623 0.00344011 0.00227506 0.00263349
28.9 0.272911 0.251625 0.24672 0.00362613 0.00252847 0.00240627
28.92 0.273047 0.251732 0.246797 0.00338762 0.00266431 0.00192744
28.94 0.273163 0.251836 0.246852 0.00289722 0.00261347 0.00137901
28.96 0.273261 0.251929 0.246895 0.00246446 0.00232615 0.00108163
28.98 0.273354 0.252004 0.246946 0.00231823 0.00186389 0.00126087
29 0.273453 0.252061 0.24702 0.00247711 0.0014255 0.00186368
29.02 0.273564 0.25211 0.247123 0.00278196 0.00122984 0.00257254
29.04 0.273685 0.252165 0.247243 0.00302979 0.00136743 0.00299027
29.06 0.273809 0.252235 0.247357 0.00310048 0.00176158 0.00286449
29.08 0.273929 0.252325 0.247446 0.00300174 0.00223799 0.00221829
29.1 0.274043 0.252429 0.247499 0.00283958 0.00260329 0.00131269
29.12 0.274153 0.252537 0.247519 0.00275664 0.00271126 0.00050718
29.14 0.274267 0.252638 0.247523 0.00284133 0.00252862 0.000102715
29.16 0.274389 0.252725 0.247531 0.00305896 0.00217327 0.000209415
29.18 0.27452 0.252799 0.247559 0.00326623 0.0018502 0.00070175
29.2 0.274652 0.252868 0.247611 0.00330937 0.00171268 0.00130041
29.22 0.274777 0.252939 0.24768 0.00312516 0.00177889 0.00172415
29.24 0.274889 0.253017 0.247754 0.00278363 0.00195642 0.00182893
29.26 0.274987 0.253103 0.247821 0.00244571 0.00213412 0.00167659
29.28 0.275077 0.253193 0.24788 0.00226985 0.00226157 0.00147891
29.3 0.275171 0.253288 0.247938 0.00233783 0.00237612 0.00144673
29.32 0.275276 0.25339 0.248004 0.00261746 0.00255483 0.00166432
29.34 0.275394 0.253503 0.248086 0.0029707 0.00280582 0.00205693
29.36 0.275523 0.253624 0.248184 0.00322699 0.00302969 0.00244008
29.38 0.275655 0.253748 0.248289 0.0032879 0.00310945 0.00261822
29.4 0.275782 0.253869 0.248388 0.00317115 0.0030244 0.0024894
29.42 0.2759 0.253984 0.248473 0.00296288 0.00288027 0.00211985
29.44 0.27601 0.254097 0.248542 0.00275189 0.00282866 0.00171968
29.46 0.276114 0.254215 0.248602 0.00259937 0.00292905 0.00151136
29.48 0.276216 0.254338 0.248666 0.00252994 0.003079 0.00159262
29.5 0.276317 0.254462 0.248742 0.00253935 0.0030983 0.00190512
29.52 0.276422 0.254577 0.248835 0.00261525 0.00289467 0.00232023
29.54 0.276531 0.25468 0.248945 0.00274396 0.00255541 0.00274346
29.56 0.276646 0.254771 0.24907 0.00287404 0.00228777 0.00312184
29.58 0.276762 0.254862 0.249205 0.00288533 0.00226654 0.00336972
29.6 0.276868 0.254962 0.249339 0.00265544 0.00250758 0.00336052
29.62 0.276955 0.255076 0.24946 0.00217543 0.00285534 0.00301769
29.64 0.27702 0.2552 0.249556 0.00161256 0.00307953 0.00239947
29.66 0.277071 0.25532 0.249624 0.00127456 0.00302315 0.00170656
29.68 0.277128 0.255428 0.249673 0.00143537 0.00268743 0.00121776
29.7 0.277212 0.255517 0.24972 0.00210321 0.00221396 0.00117422
29.72 0.27733 0.255589 0.249785 0.00293579 0.00180348 0.00162518
29.74 0.277466 0.255653 0.249878 0.0034044 0.00160366 0.00232548
29.76 0.277591 0.255718 0.249991 0.00313108 0.0016228 0.0028356
29.78 0.277678 0.255787 0.250103 0.00218729 0.00174203 0.00280095
29.8 0.277723 0.255861 0.250191 0.0011034 0.00183003 0.00219216
29.82 0.277744 0.255935 0.250244 0.000533254 0.00185356 0.00133004
29.84 0.277777 0.25601 0.250271 0.000823234 0.00187526 0.000682282
29.86 0.277849 0.256089 0.250294 0.00181032 0.00197598 0.000566103
29.88 0.277968 0.256176 0.250332 0.00296562 0.0021895 0.000948295
29.9 0.278117 0.256275 0.250391 0.00372295 0.00247575 0.00148983
29.92 0.278268 0.256385 0.250464 0.00377654 0.00274621 0.00182407
29.94 0.278396 0.256502 0.250538 0.00321323 0.00292455 0.00182916
29.96 0.278494 0.256622 0.250604 0.00243389 0.00299712 0.00165225
29.98 0.27857 0.256743 0.250665 0.0019111 0.00302755 0.00152234
30 0.278647 0.256868 0.250727 0.00192233 0.00311881 0.00156135
30.02 0.278744 0.257001 0.250796 0.00241898 0.00332017 0.00172498
30.04 0.278867 0.257143 0.250871 0.00309009 0.00355789 0.00187558
30.06 0.27901 0.25729 0.250948 0.00355712 0.00367935 0.00191249
30.08 0.279153 0.257433 0.251022 0.00358209 0.00357967 0.00185082
30.1 0.27928 0.257566 0.251094 0.00318312 0.00331154 0.00180033
30.12 0.279385 0.257689 0.251169 0.00261107 0.00306779 0.00187504
30.14 0.279473 0.257809 0.251252 0.00219865 0.00301882 0.00209606
30.16 0.27956 0.257936 0.251347 0.00216885 0.00316876 0.00235368
30.18 0.27966 0.258071 0.251445 0.00252033 0.00336616 0.00246717
30.2 0.279783 0.258208 0.251537 0.00305653 0.00342838 0.00230365
30.22 0.279922 0.258339 0.251612 0.00349651 0.00328537 0.00187204
30.24 0.280066 0.258461 0.251666 0.003599 0.00303661 0.00133697
30.26 0.280199 0.258576 0.251704 0.00331352 0.0028783 0.000953793
30.28 0.280314 0.258693 0.251741 0.00286393 0.00293615 0.000930543
30.3 0.280419 0.258819 0.251792 0.00263669 0.00314338 0.0012675
30.32 0.280534 0.258949 0.25186 0.00288652 0.00325951 0.00171299
30.34 0.280674 0.25907 0.251937 0.00348905 0.00302151 0.00192444
30.36 0.280834 0.259165 0.252006 0.00399733 0.0023574 0.00172401
30.38 0.280993 0.259225 0.252057 0.00398584 0.00149721 0.00125657
30.4 0.281129 0.259259 0.252093 0.00339396 0.00085152 0.000917019
30.42 0.281232 0.259287 0.252136 0.00257648 0.000720693 0.00106463
30.44 0.281314 0.259331 0.252205 0.00204258 0.00107695 0.00173598
30.46 0.281397 0.259394 0.252308 0.00208655 0.00159517 0.0025741
30.48 0.281501 0.25947 0.25243 0.00260338 0.00189766 0.003051
30.5 0.28163 0.259543 0.252544 0.00321092 0.00181186 0.00283501
30.52 0.281772 0.259601 0.252625 0.00355094 0.00145358 0.0020317
30.54 0.281913 0.259645 0.25267 0.00353586 0.00110696 0.00113126
30.56 0.282047 0.259685 0.252697 0.0033521 0.000995681 0.00068011
30.58 0.282178 0.25973 0.252734 0.00325799 0.00111833 0.000905112
30.6 0.282312 0.259781 0.252797 0.00335005 0.00127823 0.00158229
30.62 0.282451 0.259831 0.252886 0.00348663 0.00126653 0.00223109
30.64 0.282588 0.259872 0.252984 0.00342548 0.00102068 0.00245925
30.66 0.28271 0.259898 0.253073 0.00305097 0.000631669 0.00221283
30.68 0.282811 0.259908 0.253144 0.00251339 0.000256465 0.00177719
30.7 0.282897 0.259909 0.253206 0.00216152 3.1078e-05 0.00153628
30.72 0.282989 0.25991 0.253273 0.00229951 1.99991e-05 0.00167476
30.74 0.283107 0.259918 0.253355 0.00294684 0.000206082 0.00205865
30.76 0.28326 0.259939 0.25345 0.00381019 0.000510627 0.00237163
30.78 0.28344 0.259972 0.253545 0.00450886 0.000838259 0.00237299
30.8 0.283632 0.260016 0.253627 0.0048118 0.00109462 0.00205617
30.82 0.283821 0.260064 0.253692 0.00470532 0.00121009 0.00161791
30.84 0.283994 0.260112 0.253743 0.00433533 0.0011823 0.00128105
30.86 0.28415 0.260155 0.253788 0.00391092 0.00108453 0.00112151
30.88 0.284294 0.260196 0.25383 0.00358169 0.00102408 0.0010663
30.9 0.284427 0.260238 0.253871 0.00333762 0.00106482 0.00102405
30.92 0.284549 0.260285 0.253912 0.00305334 0.00116523 0.00100517
30.94 0.284655 0.260333 0.253957 0.00265107 0.001205 0.0011266
30.96 0.284744 0.260378 0.254016 0.0022127 0.00111123 0.00149702
30.98 0.284821 0.260416 0.2541 0.00193843 0.000964107 0.00208635
31 0.284901 0.260454 0.254208 0.00199615 0.000949534 0.00269265
31.02 0.284996 0.260503 0.254329 0.00236727 0.00121401 0.00304004
31.04 0.285108 0.260573 0.254447 0.00280201 0.00175564 0.00294823
31.06 0.285226 0.260669 0.254546 0.00295552 0.00239515 0.00246321
31.08 0.285332 0.260783 0.25462 0.00265549 0.00285184 0.00184818
31.1 0.285415 0.2609 0.254676 0.00206609 0.00293207 0.00140462
31.12 0.285478 0.261007 0.254726 0.00156104 0.00267699 0.00125385
31.14 0.285535 0.261099 0.254778 0.00142901 0.00230278 0.00130465
31.16 0.285602 0.26118 0.254835 0.00167633 0.00201542 0.00141549
31.18 0.285684 0.261256 0.254896 0.00204907 0.00189116 0.00154265
31.2 0.285773 0.261331 0.254966 0.00222471 0.00188306 0.0017449
31.22 0.285854 0.261407 0.25505 0.00204263 0.00190255 0.00208216
31.24 0.285919 0.261484 0.25515 0.00162347 0.00192671 0.00250582
31.26 0.285971 0.261567 0.255263 0.0012817 0.00206972 0.0028382
31.28 0.286022 0.261668 0.255378 0.0012804 0.00251358 0.00287283
31.3 0.286088 0.2618 0.255479 0.00166443 0.00331011 0.0025135
31.32 0.28618 0.261969 0.255552 0.00227897 0.00422571 0.00183729
31.34 0.286295 0.262161 0.255595 0.00287331 0.00480674 0.00106539
31.36 0.286423 0.262348 0.255614 0.00320603 0.00468165 0.000478569
31.38 0.286549 0.262504 0.255625 0.00315381 0.00388156 0.000280982
31.4 0.28666 0.262619 0.255644 0.00277054 0.00288542 0.000470821
31.42 0.286749 0.262713 0.255678 0.0022217 0.00233912 0.00085198
31.44 0.286816 0.262818 0.255726 0.00168517 0.00264063 0.00120487
31.46 0.286869 0.262965 0.255784 0.00132562 0.00365592 0.0014461
31.48 0.286919 0.263155 0.255849 0.00125796 0.00476887 0.001631
31.5 0.286978 0.263366 0.255923 0.00146542 0.00525715 0.00183095
31.52 0.28705 0.263557 0.256004 0.00178863 0.00477479 0.00202909
31.54 0.287131 0.263701 0.256088 0.00203396 0.00360431 0.00211571
31.56 0.287215 0.263799 0.256167 0.00210659 0.00246126 0.00196696
31.58 0.287297 0.263879 0.25623 0.00205546 0.00200528 0.00156869
31.6 0.287378 0.263977 0.256274 0.00202285 0.00243685 0.00109982
31.62 0.287465 0.264114 0.256309 0.00215926 0.00342926 0.000873299
31.64 0.287566 0.264289 0.256354 0.00252677 0.00436728 0.00112926
31.66 0.287686 0.264476 0.256427 0.00300943 0.0046894 0.00183142
31.68 0.287819 0.264643 0.256533 0.00332686 0.00417311 0.0026531
31.7 0.287949 0.264765 0.256661 0.00323609 0.0030551 0.003192
31.72 0.28806 0.264842 0.25679 0.00279368 0.00190171 0.00323269
31.74 0.288156 0.264893 0.256905 0.00238469 0.00129702 0.00286225
31.76 0.288254 0.264954 0.257 0.00244722 0.00152463 0.0023889
31.78 0.288379 0.265051 0.257085 0.00312373 0.00241464 0.0021188
31.8 0.288543 0.265189 0.257171 0.00411928 0.00344608 0.00213871
31.82 0.288738 0.26535 0.257262 0.00487702 0.00403559 0.00228639
31.84 0.288936 0.265504 0.257355 0.00493277 0.00385063 0.00231915
31.86 0.289105 0.265625 0.25744 0.00423354 0.00301402 0.00211702
31.88 0.289234 0.265707 0.25751 0.00321874 0.00205801 0.00176042
31.9 0.289336 0.265771 0.257568 0.00256116 0.00158444 0.00144857
31.92 0.289444 0.265845 0.257622 0.0027004 0.0018543 0.00134045
31.94 0.289585 0.265949 0.257679 0.0035136 0.00261027 0.00142733
31.96 0.28976 0.266079 0.25774 0.00439018 0.00324778 0.00154065
31.98 0.289947 0.266209 0.257801 0.00465262 0.00323713 0.00151653
32 0.290107 0.26631 0.257855 0.00402072 0.00252778 0.00135298
32.02 0.290219 0.266374 0.257903 0.0028009 0.00159811 0.0011886
32.04 0.290287 0.266417 0.257948 0.00169516 0.00109162 0.00114379
32.06 0.290341 0.26647 0.257996 0.00134369 0.00132877 0.00120227
32.08 0.290417 0.266554 0.258046 0.00189722 0.00208869 0.0012436
32.1 0.290534 0.266667 0.258094 0.00294024 0.00282187 0.00119177
32.12 0.290686 0.266789 0.258139 0.00379517 0.00306402 0.00113346
32.14 0.290844 0.266898 0.25819 0.00394533 0.0027082 0.00126212
32.16 0.290976 0.266977 0.258257 0.00330734 0.00199349 0.00167401
32.18 0.291066 0.267029 0.258345 0.00222955 0.00127943 0.00221953
32.2 0.291116 0.26706 0.258449 0.00125156 0.000791304 0.002581
32.22 0.291147 0.267081 0.258549 0.000792991 0.000515174 0.00250599
32.24 0.291187 0.267093 0.258628 0.000983989 0.000303763 0.00198659
32.26 0.291254 0.267096 0.258679 0.00169128 7.4569e-05 0.00126081
32.28 0.291359 0.267092 0.258705 0.00261502 -9.27465e-05 0.000658412
32.3 0.291494 0.267091 0.258721 0.00338052 -4.23311e-05 0.000397481
32.32 0.29164 0.267102 0.258739 0.00365051 0.000278742 0.000458359
32.34 0.291771 0.26713 0.258764 0.00327728 0.000703969 0.000621348
32.36 0.291868 0.267167 0.25879 0.00242208 0.000914859 0.000655572
32.38 0.291929 0.267194 0.258812 0.00151251 0.000675132 0.000526884
32.4 0.291969 0.267195 0.258829 0.00101877 3.96339e-05 0.000442542
32.42 0.292017 0.267169 0.258857 0.00119312 -0.000642032 0.000693623
32.44 0.292094 0.267132 0.258914 0.0019286 -0.00093747 0.00141837
32.46 0.292207 0.267107 0.259012 0.00281039 -0.000610702 0.0024524
32.48 0.292341 0.267116 0.259147 0.00334567 0.00021999 0.00336973
32.5 0.292471 0.267162 0.259295 0.00326146 0.00115017 0.00370767
32.52 0.292578 0.267232 0.259425 0.00267647 0.00174985 0.00325785
32.54 0.292658 0.267305 0.259515 0.00200405 0.00182991 0.00223463
32.56 0.292725 0.267366 0.259562 0.00166829 0.00152237 0.00118046
32.58 0.292799 0.267412 0.259588 0.00185342 0.00114649 0.000645148
32.6 0.292895 0.267451 0.259622 0.0024025 0.000981372 0.000863443
32.62 0.293012 0.267496 0.259688 0.00292168 0.00112176 0.00165375
32.64 0.293135 0.267555 0.259791 0.00306544 0.00147727 0.0025648
32.66 0.293246 0.26763 0.259916 0.00278949 0.00186431 0.00312248
32.68 0.29334 0.267716 0.260038 0.00234082 0.00214732 0.00305611
32.7 0.293421 0.267809 0.260136 0.00201828 0.00231451 0.00244442
32.72 0.293499 0.267905 0.260203 0.00195773 0.00240827 0.00168975
32.74 0.293583 0.268003 0.260254 0.00209725 0.00245191 0.00126958
32.76 0.293674 0.268102 0.260311 0.00227913 0.00248352 0.00142139
32.78 0.293771 0.268206 0.260392 0.00241887 0.00258858 0.00201858
32.8 0.293875 0.268319 0.2605 0.0026113 0.002829 0.00270913
32.82 0.293997 0.268446 0.260626 0.00304013 0.00316642 0.00315621
32.84 0.294147 0.268585 0.260755 0.00374558 0.00349388 0.00320353
32.86 0.294326 0.268735 0.26087 0.00447796 0.00373539 0.00289332
32.88 0.294518 0.26889 0.260965 0.00479945 0.00388059 0.00236808
32.9 0.294693 0.269047 0.261035 0.00437586 0.00392197 0.0017417
32.92 0.294823 0.2692 0.261077 0.00325366 0.00382568 0.00105549
32.94 0.2949 0.269344 0.261091 0.00191825 0.00360363 0.000357232
32.96 0.294942 0.269478 0.261082 0.00105224 0.00335681 -0.000219602
32.98 0.294987 0.269606 0.261063 0.00112301 0.00320059 -0.000494868
33 0.29507 0.269733 0.261048 0.00207346 0.00315864 -0.000363369
33.02 0.295203 0.269859 0.261053 0.00334789 0.00315348 0.000121838
33.04 0.295373 0.269983 0.261083 0.00423967 0.00309592 0.000752536
33.06 0.295546 0.270101 0.261133 0.00431387 0.00295436 0.0012506
33.08 0.295691 0.270211 0.26119 0.0036351 0.00275254 0.00141515
33.1 0.295799 0.270312 0.26124 0.00269013 0.00253422 0.00124711
33.12 0.295881 0.270405 0.261277 0.00207092 0.00232944 0.000940365
33.14 0.295966 0.270491 0.261306 0.00210164 0.0021426 0.000724677
33.16 0.296072 0.27057 0.261335 0.00265738 0.00197322 0.000712965
33.18 0.296205 0.270644 0.26137 0.00332325 0.00183955 0.000886285
33.2 0.296354 0.270715 0.261417 0.00372891 0.00177733 0.00116457
33.22 0.296504 0.270788 0.261475 0.00374698 0.0018206 0.00146035
33.24 0.296642 0.270866 0.261543 0.00346719 0.00196815 0.00168604
33.26 0.296765 0.270952 0.261612 0.00306771 0.00214928 0.00174169
33.28 0.296873 0.271041 0.261675 0.00269136 0.00221689 0.00156053
33.3 0.296968 0.271122 0.261723 0.0023894 0.00202249 0.00120653
33.32 0.297055 0.271185 0.261759 0.00216346 0.00156846 0.00091196
33.34 0.297137 0.271229 0.261798 0.00205714 0.00109997 0.000973546
33.36 0.297224 0.271268 0.26186 0.00217787 0.000976019 0.00154783
33.38 0.297328 0.271323 0.26196 0.0025968 0.00139142 0.00249738
33.4 0.297457 0.271412 0.262098 0.00322984 0.00221322 0.00344052
33.42 0.29761 0.271534 0.262257 0.00382081 0.00306346 0.00396897
33.44 0.297772 0.271677 0.262411 0.00405312 0.00355795 0.00386406
33.46 0.297922 0.271818 0.262539 0.00373746 0.00353052 0.00320001
33.48 0.298041 0.271943 0.262631 0.00298794 0.00312823 0.00230345
33.5 0.298131 0.272052 0.262694 0.0022285 0.00271574 0.00157499
33.52 0.298208 0.272157 0.262745 0.00194193 0.00262946 0.00126657
33.54 0.298302 0.272275 0.2628 0.00233375 0.00296037 0.00137162
33.56 0.29843 0.272416 0.262868 0.00320075 0.0035205 0.00169631
33.58 0.298593 0.272576 0.262949 0.00408971 0.00399125 0.0020334
33.6 0.298776 0.272741 0.263041 0.00457656 0.00412924 0.00229339
33.62 0.298955 0.272897 0.263141 0.00446353 0.00390128 0.00250303
33.64 0.299107 0.273036 0.263248 0.00381511 0.00347922 0.00268816
33.66 0.299223 0.273161 0.263359 0.00287882 0.00311522 0.002769
33.68 0.299301 0.27328 0.263463 0.0019707 0.00297572 0.00259894
33.7 0.299356 0.273401 0.263548 0.00136995 0.00303241 0.00211652
33.72 0.299405 0.273525 0.263606 0.00123298 0.00309475 0.00144618
33.74 0.299468 0.273644 0.263639 0.00155717 0.00296836 0.000844726
33.76 0.299556 0.273748 0.263662 0.00220134 0.00260964 0.000555485
33.78 0.299673 0.273834 0.263689 0.00292298 0.00215639 0.000674381
33.8 0.29981 0.273907 0.263732 0.00342801 0.0018167 0.00108102
33.82 0.299949 0.273976 0.263792 0.00347849 0.00172642 0.00149434
33.84 0.30007 0.274051 0.263858 0.00302796 0.00188252 0.00165918
33.86 0.30016 0.274137 0.263918 0.00224705 0.00215388 0.00150763
33.88 0.300216 0.274231 0.263964 0.00140434 0.00234419 0.00115164
33.9 0.300246 0.274323 0.263995 0.000741837 0.00229546 0.000768106
33.92 0.300263 0.274402 0.264015 0.000431611 0.00196768 0.000499644
33.94 0.300285 0.274459 0.264031 0.000534753 0.00143731 0.000406868
33.96 0.300323 0.274493 0.26405 0.000964738 0.000850229 0.000465681
33.98 0.300384 0.274509 0.264074 0.0015274 0.000386075 0.000604087
34 0.300464 0.274517 0.264104 0.00199289 0.000214806 0.000757732
34.02 0.30055 0.274534 0.26414 0.00215943 0.00040791 0.000898923
34.04 0.300628 0.274568 0.264182 0.00194338 0.000863026 0.00103205
34.06 0.300686 0.274622 0.264228 0.00144234 0.00134401 0.00116454
34.08 0.300722 0.274686 0.264279 0.00089594 0.00161516 0.00127293
34.1 0.300745 0.274749 0.264332 0.000576356 0.00156519 0.00132243
34.12 0.300771 0.2748 0.264385 0.000665716 0.00126804 0.00132532
34.14 0.300817 0.274838 0.26444 0.00115382 0.000954355 0.00136229
34.16 0.300889 0.274873 0.264501 0.00179922 0.0008643 0.0015279
34.18 0.300979 0.274915 0.264574 0.00223343 0.00106002 0.00184194
34.2 0.301067 0.27497 0.264663 0.00221094 0.00137942 0.00222884
34.22 0.30114 0.275033 0.264766 0.00181069 0.00158396 0.00256497
34.24 0.301196 0.275096 0.264875 0.00139982 0.00155433 0.0027323
34.26 0.301252 0.27515 0.264982 0.00140073 0.00136443 0.00267114
34.28 0.301332 0.275199 0.265079 0.00201555 0.00120976 0.00241993
34.3 0.301455 0.27525 0.265163 0.00306643 0.00127775 0.00210941
34.32 0.301618 0.275314 0.26524 0.00407937 0.00161506 0.00191364
34.34 0.301802 0.275397 0.265319 0.00459235 0.00205792 0.00196831
34.36 0.30198 0.27549 0.26541 0.004447 0.0023266 0.00227324
34.38 0.302134 0.275579 0.265516 0.00385296 0.00223807 0.00266265
34.4 0.302263 0.275653 0.265632 0.00321998 0.00183786 0.00289782
34.42 0.302378 0.275707 0.265745 0.00289434 0.0013547 0.00281355
34.44 0.302498 0.275749 0.265841 0.00298361 0.00105824 0.00240459
34.46 0.302632 0.275794 0.265913 0.00336161 0.00111729 0.00181597
34.48 0.302785 0.275854 0.265964 0.00381257 0.00150924 0.00127622
34.5 0.302951 0.275935 0.266004 0.00417196 0.00201379 0.000976675
34.52 0.303126 0.276028 0.266042 0.00435055 0.00233001 0.000953672
34.54 0.303297 0.276119 0.266084 0.00428288 0.00226089 0.00106895
34.56 0.303454 0.276192 0.266129 0.00392325 0.00184683 0.00111018
34.58 0.303587 0.276247 0.266166 0.00333522 0.00135618 0.000937672
34.6 0.303698 0.276291 0.26619 0.00276546 0.00109702 0.000580748
34.62 0.303799 0.276338 0.266199 0.00254253 0.00119147 0.000229917
34.64 0.303913 0.276398 0.266204 0.00284777 0.00150679 0.000120412
34.66 0.304056 0.276469 0.266218 0.00355913 0.0017674 0.00037224
34.68 0.304227 0.27654 0.266254 0.00427889 0.00176936 0.000888037
34.7 0.304409 0.276603 0.266309 0.00454536 0.00156867 0.0013864
34.72 0.304574 0.276661 0.266372 0.00413277 0.00145393 0.00156824
34.74 0.304703 0.276728 0.266425 0.00322107 0.00168425 0.00132096
34.76 0.304794 0.276818 0.266458 0.00227048 0.00223772 0.000816357
34.78 0.304862 0.27693 0.266474 0.00171097 0.00280624 0.000401357
34.8 0.30493 0.277051 0.266488 0.00170329 0.00302913 0.000360337
34.82 0.305015 0.277162 0.266518 0.00210665 0.00276442 0.00075653
34.84 0.305119 0.27725 0.266576 0.00261538 0.00220603 0.00144086
34.86 0.305238 0.277321 0.266663 0.00296822 0.00177225 0.00216552
34.88 0.305362 0.277394 0.26677 0.0031115 0.00181698 0.00268852
34.9 0.30549 0.277488 0.266884 0.0031892 0.00235394 0.00284608
34.92 0.305624 0.277609 0.266989 0.00336293 0.00302892 0.00262792
34.94 0.305769 0.277745 0.267078 0.0036125 0.00339326 0.00221612
34.96 0.305917 0.277875 0.267155 0.00371045 0.00325914 0.00191775
34.98 0.306054 0.277988 0.267234 0.00341704 0.00282541 0.00199222
35 0.306163 0.278087 0.267333 0.00272194 0.00248519 0.00245976
35.02 0.30624 0.278188 0.267454 0.00192289 0.00250947 0.00304261
35.04 0.306298 0.278303 0.267587 0.00144717 0.00287028 0.00331022
35.06 0.30636 0.278434 0.267705 0.00155507 0.00329739 0.00296008
35.08 0.306447 0.278574 0.267788 0.002181 0.00348396 0.00206269
35.1 0.306568 0.278706 0.267831 0.00301427 0.00330747 0.00107615
35.12 0.306716 0.278822 0.267853 0.00369579 0.0029079 0.000569909
35.14 0.306874 0.278925 0.267887 0.00396951 0.0025538 0.000833953
35.16 0.307025 0.279021 0.267954 0.00376706 0.00242161 0.00166901
35.18 0.307154 0.279121 0.268053 0.00322472 0.00248343 0.00249218
35.2 0.307259 0.279224 0.268161 0.00261271 0.002573 0.00269226
35.22 0.307347 0.279325 0.268242 0.00220008 0.00253731 0.00203608
35.24 0.307431 0.279419 0.268276 0.00211824 0.00234338 0.000833626
35.26 0.307524 0.279503 0.268265 0.00230755 0.00210174 -0.000270708
35.28 0.307627 0.279583 0.268237 0.00257613 0.00201151 -0.000706441
35.3 0.307736 0.279672 0.268225 0.00272857 0.00221524 -0.000296162
35.32 0.307843 0.279778 0.268252 0.00268204 0.00264566 0.00068753
35.34 0.307943 0.279899 0.268321 0.00249326 0.00303297 0.00171395
35.36 0.308035 0.280024 0.268413 0.0023016 0.00312132 0.00229965
35.38 0.308124 0.280139 0.268503 0.00223267 0.00286833 0.00225529
35.4 0.308217 0.280236 0.268573 0.0023224 0.0024333 0.00174013
35.42 0.308317 0.280318 0.268618 0.00250878 0.00204851 0.00112345
35.44 0.308424 0.280394 0.268648 0.00267737 0.0019081 0.000761956
35.46 0.308533 0.280478 0.26868 0.0027101 0.00208619 0.000802701
35.48 0.308634 0.280577 0.268725 0.00252912 0.00249154 0.001123
35.5 0.30872 0.280694 0.268784 0.00215063 0.00290286 0.00146237
35.52 0.308788 0.280817 0.268849 0.00170925 0.00309145 0.00162758
35.54 0.308845 0.280935 0.268912 0.00140813 0.00295145 0.00159288
35.56 0.3089 0.281037 0.268971 0.00138352 0.00254709 0.001456
35.58 0.308964 0.28112 0.269025 0.00158597 0.00206875 0.00135086
35.6 0.309036 0.281189 0.26908 0.00182118 0.00172342 0.00137813
35.62 0.309113 0.281254 0.269143 0.00192246 0.00161893 0.00157779
35.64 0.309189 0.281323 0.26922 0.00189189 0.00172711 0.00193759
35.66 0.309265 0.2814 0.269316 0.00189741 0.00193525 0.00239471
35.68 0.30935 0.281485 0.269429 0.00213706 0.00212646 0.00283009
35.7 0.309457 0.281575 0.269553 0.00265928 0.00223708 0.00308369
35.72 0.309588 0.281665 0.269673 0.00326978 0.00225988 0.00301506
35.74 0.309733 0.281753 0.269778 0.00362766 0.0022005 0.00260351
35.76 0.309872 0.281835 0.269858 0.00348919 0.00203886 0.00201045
35.78 0.309989 0.281905 0.269919 0.00291488 0.00175257 0.00153222
35.8 0.31008 0.28196 0.269977 0.00227204 0.00138477 0.00145248
35.82 0.31016 0.282003 0.270052 0.00201244 0.00107355 0.00187405
35.84 0.310256 0.282042 0.270157 0.00238561 0.000977364 0.00262603
35.86 0.310387 0.282087 0.27029 0.00327529 0.00113216 0.00331296
35.88 0.310556 0.282144 0.27043 0.00424614 0.00140589 0.00350978
35.9 0.310748 0.282209 0.270551 0.00479754 0.00162936 0.00301552
35.92 0.310936 0.282278 0.27063 0.00468165 0.00173229 0.00198683
35.94 0.311097 0.282347 0.270665 0.00403442 0.00172924 0.00086496
35.96 0.311226 0.282413 0.270671 0.00323424 0.00164869 0.000151637
35.98 0.311332 0.282474 0.270677 0.00263641 0.0015154 0.00014228
36 0.311427 0.282528 0.270707 0.00236912 0.00135828 0.000749977
36.02 0.311519 0.282576 0.270769 0.00230769 0.00118936 0.00154681
36.04 0.311608 0.282616 0.27085 0.00222831 0.000996541 0.00203342
36.06 0.311689 0.282648 0.270928 0.00202217 0.000816122 0.00195153
36.08 0.311761 0.282679 0.270984 0.00179635 0.000766044 0.00139553
36.1 0.311832 0.282717 0.271011 0.00178022 0.00094002 0.000680235
36.12 0.311917 0.282767 0.271016 0.00211598 0.00127035 0.000133266
36.14 0.312025 0.282828 0.271013 0.00270663 0.00152002 -7.15406e-05
36.16 0.312154 0.282886 0.271014 0.00322834 0.00145735 1.66103e-05
36.18 0.312286 0.282929 0.271023 0.00330664 0.00105764 0.000212702
36.2 0.312397 0.282951 0.271038 0.00276879 0.000544109 0.0003922
36.22 0.312469 0.282962 0.271063 0.00179968 0.000285502 0.00061751
36.24 0.312504 0.282985 0.271105 0.000870758 0.000586849 0.00104675
36.26 0.312523 0.283043 0.271174 0.00047863 0.00145151 0.00172397
36.28 0.312557 0.283143 0.271272 0.000850153 0.0024939 0.00246445
36.3 0.312629 0.283269 0.271389 0.00180003 0.00315086 0.00291653
36.32 0.312742 0.283392 0.2715 0.00282664 0.00306912 0.00276755
36.34 0.312877 0.283486 0.271579 0.00337066 0.00235801 0.00198745
36.36 0.313002 0.283548 0.271616 0.00312639 0.00153014 0.000924579
36.38 0.313092 0.283594 0.271622 0.00225002 0.00116969 0.000148705
36.4 0.313144 0.283656 0.271627 0.00129938 0.00155271 0.000113021
36.42 0.31318 0.283756 0.271661 0.000904308 0.00248212 0.000865496
36.44 0.313235 0.283893 0.271743 0.00137938 0.00343438 0.0020323
36.46 0.313336 0.284049 0.271865 0.00252408 0.0038993 0.00306636
36.48 0.313486 0.284197 0.272008 0.00373825 0.00369026 0.00356719
36.5 0.313661 0.284318 0.272147 0.00439185 0.00303074 0.00347679
36.52 0.31383 0.284413 0.272269 0.00421121 0.00238166 0.00305998
36.54 0.313967 0.284498 0.272377 0.00342657 0.00211572 0.00268201
36.56 0.314071 0.284588 0.272478 0.00259362 0.00225628 0.00253362
36.58 0.31416 0.284688 0.272579 0.00222389 0.00250203 0.00252375
36.6 0.314258 0.284789 0.272676 0.0024672 0.00251428 0.00242092
36.62 0.314381 0.284877 0.27276 0.00306652 0.00221034 0.00209738
36.64 0.314525 0.28495 0.272826 0.003596 0.00182333 0.00164594
36.66 0.314675 0.285019 0.272877 0.00374799 0.00171088 0.00128016
36.68 0.314813 0.285102 0.272923 0.00346767 0.00208818 0.00115156
36.7 0.31493 0.285217 0.272973 0.00292011 0.00286444 0.00124853
36.72 0.315024 0.285364 0.273031 0.00235133 0.0036771 0.00144703
36.74 0.315102 0.285529 0.273097 0.0019544 0.00412674 0.00165134
36.76 0.315175 0.28569 0.273172 0.00181732 0.00404112 0.00187986
36.78 0.315252 0.285833 0.27326 0.00192994 0.00356665 0.00220299
36.8 0.31534 0.285955 0.273364 0.00220247 0.00303997 0.00260989
36.82 0.315439 0.286065 0.273482 0.0024699 0.00274961 0.00293972
36.84 0.31554 0.286176 0.2736 0.00252149 0.00277603 0.00294505
36.86 0.315629 0.286295 0.273698 0.00221153 0.0029879 0.00245287
36.88 0.315692 0.286422 0.273759 0.00158795 0.00315864 0.00151802
36.9 0.315728 0.286547 0.273777 0.000901339 0.00313573 0.000452049
36.92 0.315747 0.286664 0.273764 0.000467967 0.00293638 -0.000319949
36.94 0.315767 0.286772 0.273745 0.000494261 0.00268458 -0.000485609
36.96 0.315806 0.286871 0.273744 0.000979688 0.00247142 -1.42176e-05
36.98 0.315875 0.286963 0.273777 0.00173344 0.00230307 0.00082474
37 0.315974 0.287049 0.273841 0.00247404 0.0021649 0.00160816
37.02 0.316092 0.287132 0.273921 0.00295693 0.00206505 0.00199829
37.04 0.316216 0.287212 0.273998 0.00308057 0.00200339 0.0019318
37.06 0.316332 0.28729 0.274064 0.00291938 0.00194358 0.00162948
37.08 0.316438 0.287364 0.27412 0.00263977 0.00185714 0.00141976
37.1 0.316533 0.287436 0.274181 0.00238412 0.00178987 0.00150622
37.12 0.316623 0.287509 0.274255 0.00223132 0.00184317 0.00184517
37.14 0.316712 0.287593 0.274343 0.00222273 0.00207866 0.00220069
37.16 0.316808 0.28769 0.274436 0.00240433 0.00244168 0.00232759
37.18 0.31692 0.287801 0.274522 0.0028184 0.00276362 0.00214807
37.2 0.317058 0.287915 0.274593 0.00343749 0.00285369 0.00178569
37.22 0.317223 0.28802 0.274651 0.00412281 0.00263689 0.00144048
37.24 0.317409 0.28811 0.2747 0.00465768 0.00223996 0.00124048
37.26 0.317603 0.288187 0.274748 0.00485432 0.00191985 0.0011864
37.28 0.31779 0.288262 0.274796 0.00467397 0.00187132 0.00120107
37.3 0.317961 0.288345 0.274845 0.00426509 0.00208274 0.00122106
37.32 0.318116 0.288439 0.274894 0.00388998 0.00234546 0.0012423
37.34 0.318267 0.288535 0.274946 0.00377446 0.00239696 0.00129822
37.36 0.318425 0.28862 0.275003 0.00394734 0.0021281 0.00142057
37.38 0.318593 0.288688 0.275068 0.00419733 0.00170781 0.0016129
37.4 0.318763 0.288747 0.275141 0.00423418 0.00147335 0.00184032
37.42 0.31892 0.288812 0.275222 0.00392973 0.0016346 0.00202879
37.44 0.319056 0.288895 0.275305 0.00341325 0.00206223 0.00207344
37.46 0.319175 0.28899 0.275381 0.00295756 0.00237366 0.00188559
37.48 0.319286 0.289079 0.275439 0.00278115 0.00221943 0.00146223
37.5 0.319403 0.28914 0.275476 0.00293493 0.00152739 0.000921857
37.52 0.319536 0.289162 0.275495 0.00331201 0.000555303 0.000473811
37.54 0.319684 0.289152 0.275508 0.0037084 -0.000255809 0.000317702
37.56 0.319841 0.28913 0.275529 0.00391071 -0.000537581 0.00052436
37.58 0.319993 0.289122 0.275568 0.00381116 -0.000205008 0.000994137
37.6 0.320132 0.289144 0.27563 0.00347337 0.000543723 0.00152963
37.62 0.320255 0.2892 0.275708 0.00307292 0.00139738 0.00196503
37.64 0.320366 0.289283 0.275798 0.00276924 0.00208924 0.00224778
37.66 0.320471 0.289382 0.275895 0.00262952 0.00246911 0.00241741
37.68 0.320576 0.289482 0.275995 0.00262817 0.00250034 0.00251131
37.7 0.320683 0.289572 0.276095 0.00268834 0.00224449 0.00250539
37.72 0.320793 0.289645 0.27619 0.0027467 0.00183996 0.00235553
37.74 0.320905 0.289703 0.276272 0.0027833 0.00143839 0.002068
37.76 0.321017 0.289749 0.276341 0.00281168 0.00114847 0.0017155
37.78 0.321131 0.289789 0.276398 0.00284735 0.0010097 0.00141436
37.8 0.321246 0.289829 0.276449 0.00286387 0.00100235 0.00128666
37.82 0.321357 0.289873 0.276505 0.00278929 0.00109303 0.00140137
37.84 0.32146 0.289925 0.276574 0.00258285 0.00128768 0.00172636
37.86 0.321553 0.28999 0.27666 0.00231896 0.00163897 0.00214317
37.88 0.32164 0.290076 0.276761 0.00216776 0.00215356 0.00252528
37.9 0.321731 0.290183 0.276873 0.00227678 0.00267284 0.00278941
37.92 0.321837 0.290299 0.276988 0.00266282 0.00289682 0.00288814
37.94 0.321965 0.290403 0.2771 0.00317715 0.00260675 0.00280326
37.96 0.322105 0.290479 0.277203 0.00352084 0.00189089 0.0025715
37.98 0.32224 0.290525 0.277295 0.00336185 0.00114453 0.00229653
38 0.322343 0.290558 0.277379 0.00258134 0.000823429 0.00209835
38.02 0.322401 0.290603 0.27746 0.00145381 0.0011387 0.0020345
38.04 0.322423 0.290679 0.277542 0.000539432 0.00190249 0.00205554
38.06 0.322436 0.290785 0.277623 0.000335312 0.00264146 0.00202284
38.08 0.322474 0.290902 0.277696 0.000947862 0.00291866 0.00180511
38.1 0.322555 0.291007 0.277752 0.00202588 0.00263217 0.00141482
38.12 0.322674 0.291089 0.277794 0.00297393 0.00204951 0.00105626
38.14 0.322805 0.291152 0.277834 0.00327716 0.00157179 0.000983483
38.16 0.322916 0.29121 0.277884 0.00276756 0.00144481 0.00126428
38.18 0.322985 0.291275 0.277952 0.00172061 0.00163907 0.00168693
38.2 0.323013 0.291354 0.278028 0.000694794 0.00197492 0.00190471
38.22 0.32302 0.291447 0.278096 0.000182395 0.00231121 0.00170135
38.24 0.323034 0.29155 0.278143 0.000340968 0.00258721 0.00117498
38.26 0.323073 0.291661 0.278171 0.00098523 0.00276765 0.00070532
38.28 0.323143 0.291773 0.278199 0.00176282 0.00280786 0.000696256
38.3 0.323237 0.29188 0.278249 0.00234916 0.00267855 0.00124121
38.32 0.323339 0.291978 0.278328 0.00254786 0.00244069 0.00198315
38.34 0.323432 0.292069 0.278421 0.00231238 0.00228241 0.00233592
38.36 0.323502 0.292165 0.278498 0.00176263 0.00240382 0.00190726
38.38 0.323549 0.292278 0.278529 0.0011565 0.00282145 0.000787194
38.4 0.323579 0.292411 0.27851 0.000770744 0.00331194 -0.000483913
38.42 0.32361 0.292553 0.278461 0.000764622 0.00356546 -0.00122231
38.44 0.323655 0.292689 0.278421 0.00111516 0.00338225 -0.0010008
38.46 0.32372 0.2928 0.278425 0.00163462 0.00279404 9.90086e-05
38.48 0.323802 0.292884 0.278487 0.00205184 0.00207674 0.00154453
38.5 0.323888 0.292948 0.278594 0.00215983 0.00162353 0.00267096
38.52 0.323967 0.293017 0.278715 0.00196077 0.00170699 0.00304228
38.54 0.324034 0.293109 0.278821 0.00167996 0.00229586 0.00263725
38.56 0.324099 0.293232 0.278892 0.00163027 0.00308081 0.00178181
38.58 0.32418 0.293379 0.278929 0.0020085 0.00367175 0.000921921
38.6 0.32429 0.293532 0.278945 0.00276606 0.00383527 0.000411062
38.62 0.324436 0.293677 0.278962 0.00363471 0.00361627 0.000415388
38.64 0.324607 0.293807 0.278998 0.00427228 0.00324645 0.000903758
38.66 0.324785 0.293925 0.279065 0.00444837 0.00295223 0.00168041
38.68 0.324951 0.294038 0.279164 0.00415963 0.00282531 0.00246612
38.7 0.325096 0.29415 0.279285 0.00361596 0.0028157 0.00301431
38.72 0.325221 0.294262 0.279413 0.00312454 0.00279819 0.0032053
38.74 0.325337 0.294369 0.279536 0.00292114 0.00265989 0.00307687
38.76 0.325459 0.294464 0.279648 0.00303897 0.00238134 0.00279388
38.78 0.325592 0.294546 0.27975 0.00333897 0.0020493 0.00256516
38.8 0.325739 0.294617 0.279851 0.00365202 0.00177105 0.00253187
38.82 0.325894 0.294681 0.279959 0.0038741 0.00160677 0.00267999
38.84 0.326052 0.294744 0.280072 0.0039696 0.00157082 0.00283923
38.86 0.32621 0.294809 0.280184 0.0039355 0.00163082 0.00279857
38.88 0.326361 0.294878 0.280283 0.00378527 0.00171161 0.00246714
38.9 0.326504 0.294948 0.280361 0.00357324 0.00175577 0.00194156
38.92 0.32664 0.295019 0.280418 0.0034019 0.00177202 0.00143032
38.94 0.326775 0.29509 0.280463 0.00337281 0.00177703 0.00112054
38.96 0.326916 0.295159 0.280506 0.00352854 0.00172757 0.00108473
38.98 0.32707 0.295222 0.280556 0.00384523 0.00156825 0.00126089
39 0.327239 0.295274 0.280616 0.00422174 0.00130761 0.00149334
39.02 0.327418 0.295316 0.280681 0.00448157 0.00104791 0.00161917
39.04 0.327596 0.295354 0.280743 0.00444531 0.000947387 0.00155729
39.06 0.327758 0.295398 0.280797 0.00404741 0.00111362 0.00135261
39.08 0.327894 0.295459 0.280842 0.00340402 0.00150774 0.00112288
39.1 0.328005 0.295537 0.280881 0.00277682 0.0019699 0.000965104
39.12 0.328102 0.295631 0.280918 0.00243337 0.00234285 0.000919203
39.14 0.328202 0.295733 0.280957 0.00249778 0.00255262 0.000987298
39.16 0.328318 0.295837 0.281003 0.00289701 0.0025975 0.00113713
39.18 0.328455 0.295937 0.281054 0.0034103 0.00250716 0.00129124
39.2 0.328606 0.296031 0.281108 0.00377383 0.00233403 0.00134893
39.22 0.328757 0.296117 0.281158 0.0037924 0.00215521 0.00124907
39.24 0.328894 0.296199 0.281199 0.00342407 0.00204944 0.00102244
39.26 0.329006 0.296281 0.28123 0.00278664 0.00206502 0.000775394
39.28 0.329089 0.296369 0.281255 0.00207666 0.00219383 0.000614538
39.3 0.329148 0.296464 0.281278 0.00147545 0.00237381 0.000588817
39.32 0.329192 0.296565 0.281306 0.00111491 0.00252307 0.000704222
39.34 0.329236 0.296668 0.281345 0.00109101 0.00257562 0.000970133
39.36 0.329294 0.296768 0.281401 0.00144846 0.00250744 0.00140743
39.38 0.329378 0.296862 0.281482 0.00210479 0.00234906 0.00201722
39.4 0.32949 0.296949 0.281592 0.00280783 0.00217451 0.0027453
39.42 0.329619 0.297032 0.281731 0.00322389 0.00206407 0.00346979
39.44 0.329744 0.297114 0.281891 0.00311044 0.00205649 0.00399891
39.46 0.329843 0.297199 0.282055 0.00247166 0.00210869 0.0041045
39.48 0.329907 0.297283 0.2822 0.00159956 0.00210137 0.00363332
39.5 0.329944 0.29736 0.282306 0.000937348 0.00193837 0.00264326
39.52 0.329977 0.297427 0.282363 0.000823717 0.00166798 0.00142996
39.54 0.330028 0.297486 0.282379 0.00128209 0.00147119 0.000403809
39.56 0.33011 0.297546 0.282375 0.00202802 0.00150666 -0.000100868
39.58 0.330217 0.297617 0.282376 0.00268844 0.00176973 2.01904e-05
39.6 0.330339 0.2977 0.282401 0.00304324 0.0020939 0.000624785
39.62 0.330463 0.297792 0.282459 0.00311067 0.00227946 0.00144497
39.64 0.330585 0.297881 0.282548 0.0030506 0.00223817 0.00222014
39.66 0.330705 0.297963 0.282658 0.00299081 0.00204406 0.00275085
39.68 0.330821 0.298037 0.282774 0.00290368 0.00184628 0.00290529
39.7 0.330927 0.298106 0.28288 0.00264204 0.00172404 0.00264361
39.72 0.331012 0.298171 0.282963 0.00213229 0.00162399 0.00207376
39.74 0.331074 0.298229 0.283021 0.00155016 0.00144432 0.0014517
39.76 0.331125 0.298276 0.283063 0.00127301 0.00118972 0.0010566
39.78 0.331188 0.298317 0.283104 0.00158367 0.00102646 0.00102476
39.8 0.331283 0.298363 0.283154 0.00236566 0.00114725 0.00126076
39.82 0.331408 0.298426 0.283214 0.00312121 0.00158614 0.00148308
39.84 0.331541 0.298513 0.283269 0.00333083 0.00217102 0.00139483
39.86 0.331654 0.298618 0.283305 0.00281932 0.0026261 0.000891121
39.88 0.331728 0.298729 0.283312 0.00186348 0.0027531 0.000171341
39.9 0.331769 0.298832 0.283298 0.00101813 0.00258509 -0.000347734
39.92 0.3318 0.298926 0.283286 0.000769059 0.00235166 -0.000291941
39.94 0.331849 0.299016 0.283303 0.00122067 0.00226222 0.000409374
39.96 0.33193 0.29911 0.283362 0.0020321 0.00233864 0.0014719
39.98 0.332036 0.299208 0.283459 0.00264745 0.00245232 0.00244488
40 0.332143 0.299307 0.283578 0.00267586 0.00247615 0.00296839
40.02 0.33223 0.299403 0.283695 0.00217624 0.00239948 0.00293239
40.04 0.332294 0.299497 0.283794 0.00161364 0.00235359 0.00247071
40.06 0.332354 0.299598 0.283868 0.00149943 0.00250651 0.00183983
40.08 0.332435 0.299713 0.283919 0.00202254 0.00288046 0.00127307
40.1 0.332553 0.299843 0.283954 0.00294278 0.00326209 0.000881656
40.12 0.332704 0.299977 0.28398 0.00376934 0.00333789 0.000641809
40.14 0.332867 0.300096 0.283999 0.00407859 0.00298509 0.000471103
40.16 0.333017 0.300192 0.284012 0.0037573 0.00240804 0.000344928
40.18 0.333138 0.300272 0.284026 0.00302445 0.00198705 0.000334544
40.2 0.33323 0.300353 0.284047 0.00228338 0.00202022 0.000537558
40.22 0.333305 0.300453 0.284087 0.00189717 0.00251837 0.000990893
40.24 0.333385 0.30058 0.284152 0.00198298 0.00315446 0.00161833
40.26 0.333479 0.300717 0.28424 0.00234597 0.00343719 0.0022217
40.28 0.333584 0.300839 0.284343 0.00264091 0.00305297 0.00256538
40.3 0.33369 0.300924 0.284445 0.00265356 0.0021123 0.00254535
40.32 0.333789 0.300968 0.284537 0.00246428 0.00109741 0.00229148
40.34 0.333883 0.300991 0.28462 0.00236268 0.000587662 0.00208022
40.36 0.333987 0.301028 0.284705 0.00259654 0.00092186 0.00213306
40.38 0.334114 0.301106 0.284803 0.00316392 0.00195873 0.00245719
40.4 0.334266 0.301231 0.284917 0.00380677 0.00312577 0.00282964
40.42 0.334433 0.301383 0.285034 0.00417067 0.00378142 0.00293361
40.44 0.334593 0.301528 0.285137 0.0040063 0.00363888 0.00256575
40.46 0.334725 0.301645 0.285208 0.00330103 0.0029197 0.00178977
40.48 0.334817 0.301731 0.285246 0.0023055 0.0021456 0.000934086
40.5 0.334876 0.301801 0.285262 0.00145811 0.00176231 0.000413927
40.52 0.334924 0.301877 0.285282 0.00121418 0.00189606 0.000492305
40.54 0.334996 0.301972 0.285327 0.00180181 0.0023691 0.00112795
40.56 0.335117 0.302087 0.285407 0.00302579 0.00288052 0.00199776
40.58 0.33529 0.302215 0.285514 0.00430393 0.00318986 0.00269233
40.6 0.335489 0.302343 0.285633 0.00497881 0.00320298 0.00295272
40.62 0.335677 0.302461 0.285744 0.00470909 0.00295614 0.00278871
40.64 0.335824 0.302563 0.285841 0.00366652 0.00254015 0.00241543
40.66 0.33592 0.302645 0.285925 0.00239795 0.00206263 0.00210401
40.68 0.335978 0.302712 0.286007 0.00146467 0.00167121 0.00204201
40.7 0.336024 0.302774 0.286096 0.00114644 0.0015404 0.002241
40.72 0.33608 0.302845 0.286198 0.00139554 0.00177758 0.00254201
40.74 0.336159 0.302938 0.286306 0.00197293 0.00233044 0.00271266
40.76 0.336264 0.303057 0.28641 0.00261764 0.00297736 0.00257974
40.78 0.336389 0.303193 0.286494 0.00313931 0.00340644 0.00211217
40.8 0.336526 0.303328 0.286551 0.00342001 0.00336355 0.00142451
40.82 0.336661 0.303441 0.28658 0.00338573 0.0028179 0.000719843
40.84 0.336782 0.303522 0.286588 0.00300653 0.00203016 0.000193721
40.86 0.336876 0.303578 0.286586 0.00235446 0.00141163 -4.65127e-05
40.88 0.336943 0.303628 0.286585 0.00167819 0.0012368 -6.81959e-06
40.9 0.336998 0.303686 0.286595 0.00136581 0.00146736 0.000225523
40.92 0.337066 0.303759 0.286616 0.00170692 0.00182534 0.000548015
40.94 0.337171 0.30384 0.286652 0.00261879 0.0020007 0.000896172
40.96 0.337316 0.303913 0.286701 0.00362431 0.00184204 0.00122936
40.98 0.337481 0.303972 0.28676 0.00414346 0.0014593 0.00147116
41 0.337636 0.304018 0.28682 0.0038726 0.0011559 0.00150452
41.02 0.337756 0.304066 0.286872 0.00298411 0.00119666 0.00128197
41.04 0.337837 0.304129 0.286909 0.0020359 0.00159151 0.000922149
41.06 0.337903 0.304213 0.286935 0.00165034 0.00209679 0.000657918
41.08 0.337988 0.30431 0.286962 0.0021255 0.00242623 0.000685187
41.1 0.338117 0.304408 0.287004 0.00321723 0.00245071 0.00104205
41.12 0.338288 0.304497 0.287067 0.00428753 0.00222818 0.00157448
41.14 0.338478 0.304573 0.287147 0.00473165 0.00190059 0.00199779
41.16 0.338652 0.304637 0.287229 0.00436923 0.00157789 0.00206005
41.18 0.338793 0.304689 0.287298 0.00351915 0.00130471 0.00172513
41.2 0.338902 0.304733 0.287347 0.0027294 0.0011123 0.00120919
41.22 0.338998 0.304776 0.28738 0.00240282 0.00107479 0.000822439
41.24 0.339101 0.304828 0.28741 0.002575 0.00129371 0.000766609
41.26 0.33922 0.3049 0.287453 0.00296635 0.00180302 0.00106174
41.28 0.33935 0.304999 0.287517 0.00325517 0.00248114 0.00159832
41.3 0.339482 0.305122 0.287605 0.00330312 0.00307521 0.00221426
41.32 0.339608 0.305255 0.287715 0.00314722 0.00331867 0.00274606
41.34 0.339722 0.305378 0.287837 0.00285501 0.00306017 0.00304253
41.36 0.33982 0.305472 0.287956 0.00244017 0.00236289 0.00296827
41.38 0.339897 0.305532 0.288055 0.0019145 0.00150919 0.00247482
41.4 0.339952 0.305567 0.288123 0.00139502 0.000867921 0.00170873
41.42 0.339997 0.305594 0.288163 0.00112124 0.000684906 0.00100884
41.44 0.340051 0.305633 0.288193 0.001334 0.00097249 0.000745781
41.46 0.340134 0.305696 0.288237 0.00208271 0.00156012 0.00109591
41.48 0.340258 0.305784 0.288313 0.003097 0.00220504 0.00189615
41.5 0.340413 0.305891 0.288421 0.00387674 0.00267521 0.00270592
41.52 0.340572 0.306003 0.288543 0.00398349 0.00280378 0.00305838
41.54 0.340705 0.306105 0.288653 0.00331125 0.00254513 0.00275014
41.56 0.340791 0.306185 0.288733 0.0021466 0.00200383 0.00197982
41.58 0.340832 0.306242 0.288781 0.00102593 0.00141636 0.00122149
41.6 0.340849 0.306285 0.288818 0.000446606 0.00107199 0.000907805
41.62 0.340873 0.306331 0.288864 0.000578297 0.00116948 0.00116224
41.64 0.340921 0.306399 0.288934 0.0012109 0.00168005 0.00175091
41.66 0.341 0.306492 0.289024 0.00196349 0.00234597 0.00225466
41.68 0.3411 0.306606 0.289118 0.00251338 0.00283377 0.00233962
41.7 0.341208 0.306723 0.289196 0.0026942 0.00293427 0.00195957
41.72 0.341308 0.306831 0.289251 0.00249889 0.00268785 0.0013632
41.74 0.34139 0.306925 0.289287 0.00205785 0.00234877 0.00091098
41.76 0.341454 0.307013 0.289321 0.00160235 0.00221116 0.000844382
41.78 0.34151 0.30711 0.289367 0.00138448 0.00241905 0.0011548
41.8 0.341572 0.307225 0.289432 0.00155196 0.00288524 0.00160688
41.82 0.341653 0.30736 0.289507 0.00204326 0.00335681 0.00188014
41.84 0.341757 0.307503 0.289577 0.00259183 0.00357776 0.0017619
41.86 0.341872 0.307641 0.289629 0.00287268 0.00344962 0.00128448
41.88 0.341981 0.307764 0.289657 0.00272717 0.00309194 0.000698448
41.9 0.342073 0.307874 0.289669 0.00229982 0.00274765 0.000313265
41.92 0.342151 0.307978 0.289682 0.00195532 0.00259411 0.000318845
41.94 0.342232 0.308083 0.289709 0.00201791 0.00262623 0.000680406
41.96 0.342333 0.308191 0.289756 0.0025142 0.0026984 0.00117783
41.98 0.342459 0.308297 0.289819 0.00315258 0.00266237 0.00156153
42 0.342601 0.308397 0.289887 0.00355252 0.00249204 0.00170176
42.02 0.342742 0.308489 0.289952 0.00352766 0.00229732 0.00163667
42.04 0.34287 0.308578 0.290013 0.0032072 0.00221767 0.00151559
42.06 0.342987 0.308669 0.290072 0.00291566 0.00227399 0.00149147
42.08 0.343103 0.308762 0.290137 0.00291405 0.00233273 0.00161483
42.1 0.343231 0.308851 0.290209 0.00318656 0.0022349 0.0017944
42.12 0.343369 0.30893 0.290284 0.00345377 0.00196408 0.00187327
42.14 0.343506 0.308997 0.290354 0.00342349 0.00168174 0.00175615
42.16 0.343628 0.309062 0.290413 0.00304472 0.00160888 0.00148213
42.18 0.343729 0.309136 0.290461 0.00254246 0.00186162 0.00120296
42.2 0.343819 0.309231 0.290505 0.00224131 0.00236621 0.00108595
42.22 0.343913 0.309347 0.290554 0.00235542 0.00289547 0.0012167
42.24 0.344028 0.309474 0.290616 0.00286454 0.00317713 0.00156735
42.26 0.344168 0.309595 0.290697 0.00350427 0.00302772 0.00202525
42.28 0.344324 0.309693 0.290795 0.00390248 0.00245365 0.00245568
42.3 0.344477 0.30976 0.290906 0.0038118 0.00166953 0.0027643
42.32 0.344607 0.309801 0.291022 0.00326957 0.00103058 0.00289856
42.34 0.344711 0.309836 0.291134 0.00258184 0.000880905 0.00280919
42.36 0.344797 0.30989 0.291233 0.00214985 0.00135336 0.00245703
42.38 0.344885 0.30998 0.291307 0.00221671 0.00224458 0.00186677
42.4 0.344993 0.310104 0.291354 0.00269594 0.00309776 0.00117533
42.42 0.345122 0.310242 0.291379 0.00322523 0.00346338 0.000627421
42.44 0.34526 0.310369 0.291399 0.00343647 0.00316245 0.000499279
42.46 0.345389 0.310464 0.291437 0.00323382 0.00237457 0.000950163
42.48 0.345503 0.310525 0.291512 0.00285478 0.00153047 0.00186126
42.5 0.34561 0.310568 0.291624 0.00267286 0.00107576 0.0028168
42.52 0.345726 0.310617 0.291757 0.00290725 0.00121999 0.00331661
42.54 0.345865 0.31069 0.291881 0.00346597 0.00182796 0.00309081
42.56 0.346025 0.310791 0.291971 0.00399117 0.00252212 0.00225997
42.58 0.346187 0.310909 0.292021 0.00406739 0.00294636 0.00123621
42.6 0.346327 0.311028 0.292039 0.00348964 0.00298331 0.00045895
42.62 0.346424 0.311138 0.292045 0.00243729 0.0027533 0.000147788
42.64 0.346481 0.311237 0.292054 0.00142728 0.002471 0.000224053
42.66 0.346522 0.31133 0.292071 0.00101711 0.00232084 0.000434502
42.68 0.34658 0.311426 0.292094 0.00144679 0.00239009 0.000572132
42.7 0.34668 0.311531 0.292119 0.00250749 0.00263463 0.000623049
42.72 0.346828 0.311647 0.292149 0.0036795 0.00289476 0.000738228
42.74 0.347004 0.311767 0.292192 0.00440124 0.00300748 0.00107974
42.76 0.347177 0.311884 0.292259 0.00434756 0.00291827 0.00167397
42.78 0.347322 0.311991 0.292353 0.00360868 0.00267748 0.00235723
42.8 0.347427 0.312086 0.292467 0.00263776 0.00236941 0.00284003
42.82 0.347505 0.312169 0.292582 0.00195335 0.00207765 0.0028918
42.84 0.347578 0.312244 0.292683 0.00181993 0.00187574 0.00251052
42.86 0.347663 0.312316 0.292759 0.00212485 0.00180376 0.00191274
42.88 0.347763 0.312389 0.292814 0.00249946 0.00183033 0.00137208
42.9 0.347868 0.312464 0.292857 0.00261073 0.00187702 0.00106866
42.92 0.347964 0.31254 0.292898 0.00239891 0.00188086 0.00103835
42.94 0.348047 0.312612 0.292946 0.00207487 0.00180848 0.00119864
42.96 0.348123 0.312678 0.293003 0.0019204 0.00164832 0.00140825
42.98 0.348207 0.312735 0.293064 0.00208078 0.00142966 0.00154021
43 0.348305 0.312784 0.293126 0.00246557 0.00121434 0.00155039
43.02 0.348418 0.312826 0.293186 0.00282256 0.00105026 0.00149413
43.04 0.348536 0.312864 0.293245 0.00294854 0.000963854 0.00148575
43.06 0.34865 0.312903 0.293311 0.00283863 0.000979689 0.00163986
43.08 0.348755 0.312948 0.293391 0.00264089 0.00110521 0.0020062
43.1 0.348856 0.313 0.293492 0.00251556 0.00130103 0.00251056
43.12 0.348957 0.313059 0.29361 0.00252589 0.0014893 0.00295202
43.14 0.349061 0.313122 0.293733 0.0025954 0.00158223 0.00308501
43.16 0.349164 0.313183 0.293843 0.00257476 0.00150777 0.00275103
43.18 0.349259 0.313233 0.293923 0.0023815 0.00126314 0.00198708
43.2 0.349343 0.313272 0.293965 0.00209798 0.000967932 0.00104797
43.22 0.349421 0.313305 0.293977 0.00194033 0.000827301 0.000315024
43.24 0.349504 0.313345 0.293981 0.00209386 0.00100563 0.000102013
43.26 0.349606 0.313405 0.294 0.00255312 0.00150382 0.000472723
43.28 0.349731 0.313491 0.294049 0.00311803 0.00212692 0.00121181
43.3 0.349872 0.313594 0.294127 0.0035311 0.00258009 0.00195413
43.32 0.350017 0.3137 0.294222 0.00361172 0.00264807 0.0023764
43.34 0.350149 0.313793 0.294316 0.00331338 0.00233642 0.00234035
43.36 0.350259 0.313868 0.294393 0.00273384 0.00186481 0.00192536
43.38 0.350343 0.313928 0.294447 0.00209528 0.00151009 0.00135727
43.4 0.35041 0.313984 0.294482 0.00167317 0.00140652 0.000879015
43.42 0.350477 0.314043 0.294508 0.00168245 0.00147483 0.000645388
43.44 0.350563 0.314105 0.294535 0.00214229 0.00154639 0.000684063
43.46 0.350675 0.314167 0.294571 0.00282223 0.00153451 0.000904129
43.48 0.350809 0.314226 0.294617 0.00334473 0.00147675 0.00114957
43.5 0.350945 0.314284 0.29467 0.00339997 0.00146581 0.00130543
43.52 0.351062 0.314347 0.294724 0.00293163 0.00157689 0.00136857
43.54 0.351149 0.314421 0.294781 0.00216391 0.00183674 0.00140515
43.56 0.351207 0.314509 0.294839 0.00145498 0.00221308 0.00145654
43.58 0.351251 0.314614 0.294899 0.00109132 0.00261339 0.00150494
43.6 0.351297 0.314731 0.29496 0.00116416 0.00292241 0.00152147
43.62 0.351361 0.314853 0.295021 0.00158668 0.00305978 0.00151727
43.64 0.351448 0.314973 0.295082 0.00218532 0.00299798 0.0015446
43.66 0.351558 0.315083 0.295149 0.0027534 0.00275329 0.00165495
43.68 0.351682 0.315179 0.295222 0.0030872 0.00240039 0.00184735
43.7 0.351805 0.315263 0.295305 0.00307564 0.00209103 0.00206306
43.72 0.351916 0.315344 0.295394 0.00277838 0.00202065 0.00223858
43.74 0.352012 0.315437 0.295489 0.00240065 0.00233231 0.00235897
43.76 0.352099 0.315557 0.295587 0.0021757 0.00300362 0.00245287
43.78 0.352188 0.315709 0.295689 0.00221914 0.00380454 0.0025398
43.8 0.352286 0.315885 0.295792 0.00244452 0.00438823 0.00258652
43.82 0.352391 0.316064 0.295893 0.00264074 0.00448616 0.00252144
43.84 0.352498 0.316227 0.295985 0.00267349 0.00406322 0.00229245
43.86 0.352602 0.316359 0.296061 0.00258719 0.00330834 0.00190872
43.88 0.352702 0.316459 0.296119 0.00250834 0.00249984 0.0014397
43.9 0.352803 0.316534 0.296158 0.00252022 0.00186696 0.000991405
43.92 0.352908 0.316594 0.296186 0.00262249 0.00150291 0.000685812
43.94 0.353018 0.316649 0.29621 0.00274925 0.00137334 0.000621371
43.96 0.353131 0.316706 0.296243 0.00283091 0.00142493 0.000804144
43.98 0.353246 0.316772 0.296287 0.00286917 0.00166317 0.00111946
44 0.353364 0.316856 0.296343 0.00294461 0.00209625 0.00139648
44.02 0.353489 0.316961 0.296404 0.00314186 0.00262599 0.001511
44.04 0.353628 0.317083 0.296462 0.00348031 0.00305046 0.00145057
44.06 0.353784 0.317211 0.296514 0.00388424 0.00318695 0.00130878
44.08 0.353952 0.31733 0.296562 0.00419306 0.00297486 0.00120954
44.1 0.354121 0.31743 0.29661 0.00423808 0.00249366 0.00120024
44.12 0.35428 0.317507 0.296659 0.00396829 0.00193737 0.00121005
44.14 0.35442 0.317569 0.296704 0.00351496 0.00154826 0.00112002
44.16 0.354545 0.317629 0.296739 0.00312389 0.00150267 0.000881045
44.18 0.354665 0.317702 0.296762 0.00300408 0.00181753 0.000576716
44.2 0.354794 0.317795 0.296777 0.00320149 0.00234313 0.000382961
44.22 0.354937 0.31791 0.296796 0.00358158 0.00285499 0.000468881
44.24 0.355093 0.318035 0.296832 0.00391234 0.00314376 0.000907753
44.26 0.355254 0.318158 0.296897 0.00401403 0.00307105 0.00162782
44.28 0.355408 0.318264 0.296994 0.00386497 0.00264911 0.00241918
44.3 0.355551 0.318348 0.297115 0.00357384 0.00209234 0.00301417
44.32 0.355682 0.318417 0.297244 0.00327676 0.001737 0.00322991
44.34 0.355805 0.318491 0.297367 0.00305754 0.00183096 0.00306736
44.36 0.355922 0.318584 0.297473 0.00292952 0.00234365 0.0026686
44.38 0.356037 0.318702 0.297561 0.00286902 0.00293706 0.00219397
44.4 0.356151 0.318827 0.297631 0.00285993 0.00313541 0.00174756
44.42 0.356268 0.318932 0.297686 0.00291444 0.00261887 0.00138394
44.44 0.35639 0.318991 0.297732 0.00306413 0.00146261 0.00114896
44.46 0.356522 0.318997 0.297776 0.00329431 0.000158395 0.00109982
44.48 0.356661 0.318972 0.297828 0.00347995 -0.000612624 0.00128356
44.5 0.356798 0.318957 0.297895 0.00341898 -0.00037348 0.00169274
44.52 0.356918 0.31899 0.297985 0.00298994 0.000806543 0.00223607
44.54 0.35701 0.319081 0.298095 0.00231818 0.00228016 0.00275336
44.56 0.357081 0.319209 0.298218 0.00177278 0.00319362 0.00307502
44.58 0.357151 0.319329 0.298341 0.00174869 0.00301976 0.00308411
44.6 0.357246 0.319404 0.298451 0.00238103 0.00185736 0.00275152
44.62 0.357382 0.319418 0.298537 0.00339224 0.000348657 0.00213174
44.64 0.35755 0.31939 0.298591 0.00420064 -0.000697434 0.00134611
44.66 0.357721 0.319359 0.298614 0.00427784 -0.000759406 0.00058485
44.68 0.357862 0.319364 0.298618 0.00352804 0.000121664 9.10854e-05
44.7 0.357958 0.319421 0.29862 0.00238465 0.00141109 6.88314e-05
44.72 0.358018 0.319519 0.298642 0.00151164 0.00245165 0.00054182
44.74 0.358072 0.319634 0.298693 0.00135276 0.00287355 0.00128656
44.76 0.358147 0.319744 0.298771 0.00187237 0.00275303 0.00192645
44.78 0.358252 0.319841 0.298856 0.00261607 0.00242557 0.00214389
44.8 0.358373 0.319927 0.298931 0.00302997 0.00215538 0.00186456
44.82 0.358486 0.320006 0.298982 0.00283523 0.00197746 0.00128806
44.84 0.358574 0.320078 0.299013 0.00219645 0.00179039 0.000762095
44.86 0.358637 0.320139 0.299036 0.00156356 0.00154205 0.00057858
44.88 0.35869 0.320193 0.299068 0.00131796 0.00132892 0.000799142
44.9 0.35875 0.320246 0.299117 0.00149918 0.0013254 0.00121927
44.92 0.358822 0.32031 0.299178 0.00182182 0.00160853 0.00152849
44.94 0.3589 0.320392 0.29924 0.00194993 0.00205208 0.00154508
44.96 0.358972 0.320488 0.299293 0.00178486 0.00240029 0.0013237
44.98 0.359033 0.320586 0.299336 0.0015361 0.00245426 0.00107282
45 0.359094 0.320675 0.299375 0.00152595 0.00221575 0.000980477
45.02 0.35917 0.32075 0.299419 0.00188861 0.00188465 0.00109934
45.04 0.359267 0.32082 0.299473 0.00242294 0.00173105 0.0013636
45.06 0.359376 0.320896 0.299541 0.00272711 0.00191835 0.00168442
45.08 0.359477 0.320992 0.299621 0.00252715 0.00238865 0.00200455
45.1 0.359553 0.321108 0.299712 0.00191116 0.00289265 0.00227492
45.12 0.359604 0.321234 0.299809 0.00125595 0.00315829 0.00242039
45.14 0.359642 0.321356 0.299903 0.00095478 0.00306256 0.0023623
45.16 0.359689 0.321463 0.299986 0.00117608 0.00267799 0.00207366
45.18 0.35976 0.321552 0.300051 0.00177511 0.00220096 0.00161762
45.2 0.359855 0.321626 0.300097 0.00238991 0.00185665 0.00115288
45.22 0.359963 0.3217 0.300133 0.0026817 0.00184663 0.000889353
45.24 0.360065 0.32179 0.300172 0.00256618 0.00225736 0.000987343
45.26 0.360156 0.321908 0.30023 0.00225286 0.00294065 0.00145777
45.28 0.360237 0.32205 0.300316 0.00204865 0.00355435 0.00214021
45.3 0.360321 0.322201 0.300426 0.00209997 0.00378112 0.00275991
45.32 0.360414 0.322342 0.300548 0.00231265 0.0035361 0.00304499
45.34 0.360514 0.322463 0.300663 0.00250405 0.00300799 0.00286175
45.36 0.360618 0.322564 0.300754 0.0025997 0.00252124 0.00228993
45.38 0.360725 0.322657 0.300818 0.00267971 0.00234607 0.001588
45.4 0.36084 0.32276 0.30086 0.00287735 0.00255168 0.00106141
45.42 0.36097 0.322878 0.300897 0.00323395 0.00296091 0.000910485
45.44 0.361115 0.323009 0.300942 0.00361932 0.00327073 0.00113944
45.46 0.361265 0.323139 0.301005 0.00377356 0.00326309 0.00157571
45.48 0.361405 0.323257 0.301085 0.00348384 0.002946 0.00200011
45.5 0.361516 0.323358 0.301177 0.0027831 0.00252909 0.00228894
45.52 0.361596 0.323449 0.301274 0.00199434 0.00227168 0.00243783
45.54 0.361659 0.323542 0.301373 0.00157003 0.00230865 0.00247299
45.56 0.361731 0.323644 0.301469 0.00181837 0.00257247 0.00240223
45.58 0.361839 0.323759 0.301559 0.00269802 0.00286366 0.00224079
45.6 0.361993 0.323879 0.30164 0.00383941 0.00300487 0.00202664
45.62 0.362183 0.323997 0.301712 0.00475228 0.00294592 0.00180519
45.64 0.362385 0.324106 0.301776 0.00505309 0.00271952 0.00160447
45.66 0.36257 0.324199 0.301833 0.00462394 0.00233899 0.00141098
45.68 0.362717 0.324272 0.30188 0.00366616 0.00181496 0.00117126
45.7 0.362821 0.324322 0.301914 0.00261541 0.0012541 0.000846534
45.72 0.362899 0.324356 0.301932 0.0019414 0.000859219 0.000469463
45.74 0.362977 0.324389 0.301938 0.00194355 0.000820014 0.000154154
45.76 0.363082 0.324437 0.301941 0.00263042 0.00120341 7.23621e-05
45.78 0.36323 0.324513 0.301957 0.00369158 0.00189813 0.000388698
45.8 0.363414 0.324618 0.302003 0.00460419 0.0026219 0.00114212
45.82 0.363609 0.324739 0.302089 0.00487997 0.00301759 0.00215683
45.84 0.363782 0.324853 0.302212 0.00433078 0.00285803 0.00308697
45.86 0.36391 0.324941 0.302355 0.003205 0.0021979 0.0035749
45.88 0.363995 0.324994 0.302492 0.00210768 0.00133336 0.00342869
45.9 0.364063 0.32502 0.302601 0.00170387 0.00063793 0.00271014
45.92 0.364156 0.325035 0.302668 0.00232982 0.000382415 0.00168568
45.94 0.364306 0.32506 0.302697 0.00373961 0.00061184 0.000708829
45.96 0.364513 0.325106 0.302701 0.00518651 0.00115087 0.000100982
45.98 0.364747 0.325175 0.302702 0.00584767 0.00173027 4.10781e-05
46 0.36496 0.32526 0.302721 0.00532109 0.00212466 0.000459156
46.02 0.365114 0.32535 0.302762 0.0038552 0.00224593 0.00103348
46.04 0.365202 0.325436 0.302818 0.00219714 0.00216074 0.00138674
46.06 0.36525 0.325517 0.302872 0.00119233 0.00201874 0.00135589
46.08 0.365303 0.325595 0.302915 0.00133918 0.00194293 0.00108294
46.1 0.365404 0.325673 0.30295 0.00251503 0.00195535 0.000864771
46.12 0.365566 0.325753 0.302988 0.00406509 0.00200873 0.00095072
46.14 0.365774 0.325836 0.303045 0.00519357 0.00207979 0.00142894
46.16 0.36599 0.325925 0.303132 0.00538621 0.00220799 0.00218396
46.18 0.366175 0.326022 0.303249 0.00463865 0.00243142 0.00292207
46.2 0.366311 0.326131 0.303381 0.00338732 0.00271191 0.0033009
46.22 0.366399 0.326248 0.303506 0.00221152 0.00294496 0.00312862
46.24 0.36646 0.326369 0.303606 0.00152918 0.00302038 0.00249139
46.26 0.366519 0.326484 0.303673 0.00147204 0.00287389 0.00168823
46.28 0.366597 0.326585 0.303715 0.00193464 0.00253324 0.00102592
46.3 0.366704 0.326671 0.303741 0.00267918 0.00214045 0.000654712
46.32 0.366841 0.326747 0.303763 0.00342272 0.00188928 0.000559056
46.34 0.366997 0.326823 0.30379 0.00389642 0.00190441 0.000668789
46.36 0.367152 0.326909 0.303828 0.00389261 0.00215777 0.00096402
46.38 0.367285 0.327009 0.303887 0.00332853 0.00249195 0.00147007
46.4 0.367378 0.327117 0.303973 0.00232199 0.00270669 0.00215204
46.42 0.367426 0.327223 0.304087 0.00120452 0.00263947 0.002835
46.44 0.367443 0.327312 0.304217 0.000406452 0.00223615 0.00326607
46.46 0.367453 0.327376 0.304349 0.000258921 0.00160066 0.00329588
46.48 0.367486 0.327415 0.304469 0.000816153 0.000980653 0.003008
46.5 0.367558 0.327441 0.304575 0.00181042 0.000651138 0.00264994
46.52 0.367669 0.327471 0.304672 0.00277556 0.000739133 0.00241723
46.54 0.367799 0.327516 0.304764 0.0032528 0.00112498 0.0022885
46.56 0.36792 0.327577 0.304846 0.00300861 0.00152767 0.00206581
46.58 0.368006 0.327645 0.30491 0.00216948 0.00170163 0.00158252
46.6 0.368052 0.327709 0.304945 0.00115278 0.00159378 0.000894675
46.62 0.36807 0.327764 0.304957 0.000433393 0.0013706 0.000296527
46.64 0.368082 0.327815 0.304962 0.00031362 0.00127433 0.000129718
46.66 0.368114 0.327871 0.304983 0.000794919 0.00140968 0.00052411
46.68 0.368178 0.327938 0.305035 0.00158717 0.00166419 0.00128922
46.7 0.368268 0.32801 0.305116 0.00227096 0.00181617 0.00203687
46.72 0.36837 0.328079 0.305214 0.00253712 0.00172076 0.00243399
46.74 0.368463 0.328136 0.30531 0.0023365 0.00142766 0.00239315
46.76 0.368537 0.328183 0.305392 0.00183777 0.00116057 0.00206023
46.78 0.368589 0.328229 0.305458 0.0012895 0.00116295 0.00164493
46.8 0.368625 0.328289 0.305508 0.000920608 0.00150163 0.00125747
46.82 0.368661 0.32837 0.305543 0.000880458 0.00201837 0.000883411
46.84 0.368707 0.328469 0.305563 0.00117043 0.00248432 0.000488795
46.86 0.368772 0.32858 0.305568 0.00162434 0.00276977 0.000130221
46.88 0.368852 0.328695 0.305567 0.0020016 0.00286828 -3.78076e-05
46.9 0.368938 0.328808 0.305572 0.00213568 0.00281782 0.000136142
46.92 0.36902 0.328914 0.305599 0.00204848 0.002657 0.000660855
46.94 0.369098 0.329012 0.305652 0.00195392 0.00245156 0.00134489
46.96 0.369182 0.329104 0.305728 0.00211235 0.00230736 0.00190195
46.98 0.369287 0.329197 0.305814 0.00261666 0.00233082 0.00214106
47 0.369418 0.3293 0.305897 0.00326592 0.00255294 0.00206936
47.02 0.369564 0.329414 0.30597 0.00365546 0.00286803 0.00183723
47.04 0.369702 0.329537 0.306035 0.00345224 0.00308037 0.00160831
47.06 0.369809 0.329659 0.306093 0.00266813 0.00304392 0.00147061
47.08 0.369877 0.32977 0.30615 0.00171011 0.0027596 0.00142567
47.1 0.369924 0.329864 0.306208 0.00116011 0.00236833 0.00143382
47.12 0.369981 0.329948 0.306266 0.0014247 0.00209069 0.00146477
47.14 0.370079 0.330033 0.306327 0.00246522 0.00211474 0.0015035
47.16 0.370231 0.330131 0.306388 0.0037892 0.00247184 0.00153915
47.18 0.370419 0.330252 0.306451 0.00471725 0.00300631 0.00157396
47.2 0.370611 0.330391 0.306517 0.00478535 0.00347366 0.00164419
47.22 0.370772 0.330538 0.306589 0.00403032 0.00368348 0.00180867
47.24 0.37089 0.330681 0.306673 0.00294443 0.00358538 0.00210106
47.26 0.370976 0.330812 0.306773 0.00214204 0.00327309 0.0024906
47.28 0.371055 0.330929 0.306887 0.00199433 0.00292601 0.00286484
47.3 0.371154 0.331038 0.307009 0.00246798 0.00270383 0.00304412
47.32 0.371283 0.331144 0.307123 0.00322954 0.00266304 0.00285478
47.34 0.371439 0.331254 0.307214 0.00389543 0.00274587 0.00226152
47.36 0.371609 0.331368 0.307273 0.00424331 0.00284336 0.00148104
47.38 0.371779 0.331483 0.30731 0.00426495 0.00287503 0.000933207
47.4 0.371943 0.331595 0.30735 0.00408151 0.00281735 0.00100004
47.42 0.372096 0.331703 0.307421 0.0038279 0.00268662 0.00175321
47.44 0.372239 0.331803 0.307534 0.0035785 0.00251736 0.0028479
47.46 0.372373 0.331898 0.307682 0.00336 0.00235771 0.00368996
47.48 0.372502 0.331988 0.307834 0.00322861 0.00226527 0.00380519
47.5 0.372633 0.33208 0.307961 0.0032759 0.00229476 0.00315962
47.52 0.372774 0.332179 0.308047 0.00351546 0.00247973 0.00216132
47.54 0.372926 0.332291 0.308101 0.00380293 0.00279031 0.00134368
47.56 0.373083 0.332415 0.308142 0.00392528 0.00310242 0.00101663
47.58 0.373234 0.332545 0.308187 0.00376253 0.00324063 0.00113607
47.6 0.373369 0.332668 0.308244 0.00337576 0.00308503 0.00142658
47.62 0.373488 0.332775 0.308309 0.00297673 0.00266757 0.00161149
47.64 0.3736 0.332862 0.308372 0.00279982 0.00219205 0.00158481
47.66 0.373718 0.332939 0.308429 0.00294981 0.00192494 0.00143162
47.68 0.373851 0.33302 0.308482 0.00333574 0.00201275 0.00131094
47.7 0.374 0.333114 0.308534 0.00372788 0.00235608 0.00130523
47.72 0.374156 0.333221 0.308588 0.00388715 0.00265865 0.00134812
47.74 0.374303 0.333327 0.308639 0.0036917 0.00265172 0.00129058
47.76 0.374431 0.33342 0.308682 0.00319064 0.0023297 0.00106064
47.78 0.374534 0.333499 0.308712 0.00256681 0.00197723 0.000753781
47.8 0.374616 0.333576 0.308734 0.00204983 0.00193023 0.000552851
47.82 0.374689 0.333667 0.308756 0.00182236 0.00227692 0.000553402
47.84 0.374767 0.333777 0.308784 0.00194844 0.00274551 0.000685014
47.86 0.374861 0.333892 0.308816 0.00236202 0.00286895 0.000816268
47.88 0.374977 0.333984 0.308852 0.0029026 0.00231648 0.000897871
47.9 0.375111 0.334031 0.308892 0.00335717 0.00117356 0.000988514
47.92 0.375252 0.334029 0.308939 0.00351777 -5.72119e-05 0.00117174
47.94 0.375382 0.333998 0.308997 0.00324859 -0.000771543 0.00146471
47.96 0.375485 0.333972 0.309069 0.00256361 -0.000660997 0.00178776
47.98 0.375552 0.333976 0.309149 0.00169395 0.000106314 0.0020038
48 0.375594 0.334018 0.309229 0.00103839 0.00104347 0.00200878
48.02 0.375633 0.334085 0.309302 0.000971988 0.00168194 0.00181417
48.04 0.375698 0.334158 0.309364 0.00162745 0.00182404 0.00154572
48.06 0.375809 0.334221 0.309418 0.00277161 0.00158513 0.00135195
48.08 0.375963 0.334271 0.30947 0.00386562 0.00124933 0.00130014
48.1 0.376137 0.334314 0.309523 0.00432974 0.00105258 0.00134369
48.12 0.376292 0.334355 0.309579 0.00387765 0.00104776 0.00138131
48.14 0.376399 0.334401 0.309633 0.0026941 0.00114338 0.00136861
48.16 0.376453 0.334451 0.309689 0.00133655 0.00123691 0.00137986
48.18 0.376471 0.334503 0.309751 0.000447411 0.00130738 0.00157003
48.2 0.376488 0.334559 0.309833 0.000424419 0.00140342 0.00205145
48.22 0.376537 0.334622 0.309944 0.00123021 0.00157436 0.00276684
48.24 0.376635 0.334695 0.310083 0.0024415 0.00181829 0.00347355
48.26 0.376774 0.334778 0.310238 0.00348251 0.00207011 0.00386154
48.28 0.376931 0.334867 0.310387 0.00391421 0.00223103 0.00373528
48.3 0.377076 0.334956 0.310513 0.00363181 0.00223183 0.00313957
48.32 0.377191 0.335039 0.310606 0.00288783 0.0020813 0.00233007
48.34 0.377277 0.335114 0.31067 0.0021298 0.00187122 0.00161166
48.36 0.377346 0.335184 0.310717 0.00174318 0.0017377 0.00117725
48.38 0.377421 0.335255 0.31076 0.00187322 0.00177985 0.00106535
48.4 0.377517 0.335335 0.310808 0.00239835 0.00199769 0.00120814
48.42 0.377638 0.335428 0.310868 0.00302091 0.00232208 0.00148263
48.44 0.377775 0.335534 0.310938 0.00341778 0.00266713 0.00176205
48.46 0.377911 0.335651 0.311017 0.00341105 0.00292041 0.00196257
48.48 0.378034 0.335768 0.311098 0.00308156 0.00292966 0.0020462
48.5 0.378143 0.335872 0.311178 0.00271572 0.00259376 0.00198553
48.52 0.378247 0.335952 0.311248 0.0025929 0.00198604 0.00176035
48.54 0.378357 0.336006 0.311305 0.00276327 0.00135375 0.00141287
48.56 0.378477 0.336045 0.311348 0.00299815 0.000983518 0.00107268
48.58 0.378596 0.336087 0.311383 0.00297744 0.00103992 0.000886299
48.6 0.378699 0.336146 0.31142 0.00256517 0.00147864 0.000933489
48.62 0.378776 0.336229 0.311469 0.00193388 0.00209048 0.00120583
48.64 0.378835 0.336335 0.311533 0.00146869 0.00263902 0.0016169
48.66 0.378896 0.336454 0.311613 0.00152021 0.00296322 0.00199838
48.68 0.378982 0.336574 0.311699 0.00214321 0.00300238 0.00214042
48.7 0.379101 0.336685 0.311776 0.00298892 0.00279019 0.00191588
48.72 0.37924 0.336783 0.311831 0.00347912 0.00244387 0.00139213
48.74 0.379368 0.336868 0.311864 0.00320374 0.0021222 0.00081585
48.76 0.379459 0.336946 0.311883 0.00225755 0.00195825 0.000467968
48.78 0.379507 0.337027 0.311903 0.00120152 0.00201392 0.000504546
48.8 0.379533 0.337117 0.311938 0.00066639 0.00226684 0.000878658
48.82 0.379571 0.337222 0.311992 0.000940413 0.00261489 0.0013606
48.84 0.379645 0.337338 0.312059 0.00184099 0.00290275 0.0016604
48.86 0.37976 0.337458 0.312123 0.00288667 0.00299527 0.001619
48.88 0.379905 0.337572 0.312176 0.0036132 0.00285946 0.00132375
48.9 0.380058 0.337676 0.312218 0.00382415 0.00258926 0.00103496
48.92 0.380202 0.33777 0.312258 0.0036206 0.00235458 0.000994984
48.94 0.380333 0.337863 0.312309 0.00325649 0.0023211 0.0012851
48.96 0.380452 0.337966 0.312381 0.00298209 0.00258832 0.001804
48.98 0.38057 0.338092 0.312475 0.00296154 0.00314017 0.00233679
49 0.3807 0.338244 0.312581 0.0032375 0.0038075 0.00266882
49.02 0.380848 0.338417 0.312689 0.00370681 0.00430856 0.00268739
49.04 0.381014 0.338592 0.312785 0.00414132 0.00439387 0.00240375
49.06 0.381185 0.338752 0.312861 0.0042781 0.00399903 0.00190759
49.08 0.381343 0.338884 0.312915 0.00395743 0.0032901 0.00134079
49.1 0.381474 0.338988 0.312951 0.00326759 0.0025944 0.000908642
49.12 0.381577 0.339078 0.312985 0.00256695 0.00224538 0.000846595
49.14 0.381668 0.339174 0.313036 0.00227967 0.0024135 0.00128125
49.16 0.381772 0.339293 0.313119 0.00259265 0.00298336 0.00207553
49.18 0.381904 0.339436 0.313232 0.00330578 0.00357193 0.00282402
49.2 0.382061 0.339586 0.313355 0.00393896 0.0037527 0.00307447
49.22 0.382223 0.339721 0.313462 0.00403199 0.00335264 0.00265342
49.24 0.382361 0.339824 0.313535 0.00345555 0.00258023 0.00183817
49.26 0.382461 0.339899 0.313583 0.00250988 0.00187418 0.00119525
49.28 0.38253 0.339962 0.31363 0.00172591 0.0015848 0.00117687
49.3 0.38259 0.340031 0.313702 0.00148946 0.00172582 0.00179161
49.32 0.382661 0.34011 0.313806 0.00179025 0.00197571 0.00260886
49.34 0.382754 0.340188 0.313929 0.00230211 0.00195386 0.00307685
49.36 0.382861 0.340251 0.314045 0.00268226 0.0015669 0.00290466
49.38 0.382973 0.340295 0.314135 0.00281243 0.00109617 0.00223351
49.4 0.383086 0.340333 0.314195 0.00280882 0.000945849 0.00150703
49.42 0.3832 0.340384 0.31424 0.00285106 0.00129121 0.00113768
49.44 0.38332 0.340461 0.314289 0.00300929 0.00190725 0.00121248
49.46 0.383447 0.340553 0.314348 0.00317833 0.00230976 0.00148654
49.48 0.383574 0.340638 0.314414 0.00316573 0.00211785 0.00164937
49.5 0.383689 0.340693 0.314478 0.00288008 0.00137183 0.00159063
49.52 0.383787 0.340714 0.314536 0.00244146 0.000536912 0.00144657
49.54 0.383871 0.340721 0.314594 0.00210674 0.00016254 0.0014431
49.56 0.383954 0.34074 0.314661 0.00208435 0.000486823 0.00167941
49.58 0.38405 0.340792 0.314742 0.00239427 0.00130253 0.00202965
49.6 0.384165 0.340878 0.314832 0.00287392 0.00214076 0.00225017
49.62 0.384297 0.340981 0.314919 0.00330774 0.00258935 0.00218579
49.64 0.38444 0.341083 0.314995 0.0035621 0.00253703 0.00189325
49.66 0.384585 0.341171 0.315058 0.00363172 0.00219985 0.00157435
49.68 0.384729 0.341248 0.315114 0.00359212 0.00193011 0.0014002
49.7 0.384869 0.341326 0.315169 0.00350255 0.00195565 0.00138577
49.72 0.385003 0.341416 0.315225 0.00334636 0.00223072 0.00139779
49.74 0.385125 0.341514 0.315277 0.0030618 0.00247239 0.00128512
49.76 0.385231 0.341609 0.315318 0.00263505 0.00236735 0.0010388
49.78 0.385317 0.341683 0.315352 0.00216845 0.00183804 0.000836514
49.8 0.385392 0.341729 0.315388 0.00185988 0.00116735 0.000900257
49.82 0.385468 0.341763 0.31544 0.00190608 0.000835019 0.00129515
49.84 0.385563 0.341808 0.315514 0.00237904 0.00114009 0.00184973
49.86 0.385689 0.341885 0.315603 0.00313844 0.00192859 0.0022453
49.88 0.385843 0.341993 0.315692 0.00386163 0.00267792 0.00221343
49.9 0.386012 0.342107 0.315761 0.00420677 0.00285831 0.0017269
49.92 0.386172 0.342198 0.315802 0.00400508 0.00228265 0.0010359
49.94 0.386306 0.342247 0.315823 0.00334674 0.0012228 0.00050344
49.96 0.386406 0.342257 0.315838 0.00252063 0.000251133 0.000372906
49.98 0.386481 0.342253 0.315863 0.00186999 -0.000104235 0.000634033
50 0.386547 0.342266 0.315905 0.00164151 0.000332776 0.0010608
50.02 0.386622 0.342319 0.315961 0.00187665 0.0013238 0.00139425
50.04 0.386718 0.342415 0.316023 0.0024045 0.0024031 0.00153805
50.06 0.386836 0.342541 0.316087 0.0029397 0.00313317 0.00160926
50.08 0.386965 0.342672 0.316159 0.00322168 0.00328594 0.00180517
50.1 0.38709 0.342789 0.316248 0.00313538 0.00291563 0.00220924
50.12 0.3872 0.342881 0.316356 0.00275524 0.00230448 0.00270666
50.14 0.387292 0.342953 0.316478 0.00230602 0.00179265 0.00305549
50.16 0.387374 0.343017 0.3166 0.00204897 0.00159715 0.00304625
50.18 0.38746 0.343087 0.316706 0.00213996 0.00175518 0.00265541
50.2 0.387562 0.343173 0.31679 0.00254649 0.0021607 0.002087
50.22 0.387685 0.343278 0.316856 0.00306732 0.00260929 0.00166196
50.24 0.387822 0.343393 0.31692 0.00344285 0.0028826 0.00160231
50.26 0.387962 0.343508 0.316995 0.00350366 0.00288401 0.00186335
50.28 0.388093 0.343617 0.317082 0.00326815 0.00270899 0.00218961
50.3 0.388209 0.34372 0.317176 0.00289924 0.00258041 0.00234389
50.32 0.388312 0.343827 0.317268 0.00256262 0.00266796 0.00229293
50.34 0.388405 0.343944 0.317356 0.00234375 0.00293277 0.00220673
50.36 0.388496 0.344069 0.317447 0.00226796 0.00313921 0.00227778
50.38 0.38859 0.344191 0.317548 0.00234599 0.00303705 0.0025204
50.4 0.388693 0.344294 0.317657 0.00257914 0.00258544 0.00273437
50.42 0.38881 0.344375 0.317764 0.00291746 0.00202966 0.00267305
50.44 0.388939 0.344446 0.317855 0.00323134 0.00175182 0.00227309
50.46 0.389073 0.344526 0.317924 0.00335714 0.00200619 0.0017233
50.48 0.389201 0.344634 0.317977 0.00319658 0.00271575 0.00131573
50.5 0.389313 0.344774 0.318026 0.00278704 0.00348148 0.00122467
50.52 0.389403 0.344927 0.318081 0.00226778 0.00384108 0.00138387
50.54 0.389475 0.345072 0.318143 0.00178441 0.00360442 0.0015484
50.56 0.389532 0.345192 0.318202 0.00143777 0.00299999 0.00148249
50.58 0.389584 0.345292 0.318247 0.00128494 0.00250573 0.00112503
50.6 0.389637 0.345391 0.318273 0.00133798 0.00248546 0.000638412
50.62 0.389699 0.345507 0.318285 0.00154807 0.00290744 0.00030124
50.64 0.389771 0.345642 0.318297 0.00180221 0.00337057 0.000307657
50.66 0.389849 0.345779 0.318323 0.00194909 0.00342715 0.000634001
50.68 0.389923 0.345897 0.318366 0.00184705 0.0029478 0.00107787
50.7 0.38998 0.345986 0.318422 0.00143171 0.00222971 0.00141925
50.72 0.390012 0.346058 0.318485 0.000794613 0.00177891 0.00155274
50.74 0.39002 0.346135 0.318545 0.000205802 0.00194404 0.00151377
50.76 0.39002 0.346242 0.318601 -1.5907e-05 0.00266982 0.00140712
50.78 0.39003 0.346384 0.318653 0.000268522 0.00354274 0.00128334
50.8 0.390067 0.346547 0.318696 0.000909211 0.00408814 0.00109199
50.82 0.39013 0.346711 0.318728 0.0015776 0.00407925 0.000789637
50.84 0.390209 0.346856 0.318747 0.00198173 0.00363242 0.000471366
50.86 0.390291 0.346978 0.318761 0.0020397 0.00306018 0.000354264
50.88 0.390367 0.347083 0.318786 0.00191444 0.00262901 0.000613968
50.9 0.390443 0.34718 0.318835 0.00189411 0.00240183 0.00122397
50.92 0.390531 0.34727 0.318912 0.00219467 0.00227259 0.00194148
50.94 0.390643 0.347356 0.31901 0.00280693 0.00213364 0.00244716
50.96 0.390784 0.347436 0.319112 0.00351781 0.00200567 0.00254534
50.98 0.390947 0.347516 0.319204 0.00408773 0.00199327 0.00229571
51 0.391124 0.347601 0.319282 0.00441233 0.00212039 0.00196574
51.02 0.391306 0.347691 0.319356 0.00454806 0.00225671 0.00183091
51.04 0.391491 0.34778 0.319435 0.00462876 0.00223288 0.00199773
51.06 0.391681 0.347861 0.31953 0.00474746 0.00201003 0.00237084
51.08 0.391876 0.34793 0.31964 0.00487032 0.0017311 0.0027472
51.1 0.39207 0.347994 0.319759 0.00485906 0.00160123 0.00296491
51.12 0.392255 0.348062 0.319878 0.00461916 0.00169751 0.00298245
51.14 0.392424 0.348138 0.319992 0.0042325 0.00190106 0.00285073
51.16 0.392581 0.348219 0.320098 0.00391627 0.00202228 0.00264912
51.18 0.392734 0.348297 0.320196 0.00383709 0.00196001 0.00243901
51.2 0.392893 0.348367 0.320286 0.00397611 0.00174036 0.00225199
51.22 0.39306 0.348424 0.32037 0.00416839 0.00144472 0.0020987
51.24 0.393231 0.348469 0.320449 0.00427143 0.00111897 0.00197887
51.26 0.393403 0.3485 0.320525 0.00429415 0.000758695 0.0019065
51.28 0.393577 0.348515 0.320603 0.00435298 0.000383647 0.00193657
51.3 0.393757 0.348519 0.320687 0.00450498 0.000114115 0.00212184
51.32 0.393942 0.348525 0.320784 0.00462462 0.000135155 0.00240862
51.34 0.394121 0.348547 0.320888 0.00446886 0.000546454 0.00259785
51.36 0.394277 0.348596 0.320986 0.00391558 0.00122677 0.00245054
51.38 0.394404 0.348669 0.321061 0.00316379 0.00184218 0.00187698
51.4 0.394511 0.348752 0.321103 0.00268074 0.00205067 0.00105677
51.42 0.394627 0.348822 0.321118 0.00288932 0.00177168 0.000361985
51.44 0.394779 0.348873 0.321122 0.00380864 0.00126218 0.000118093
51.46 0.394977 0.34891 0.321138 0.0049417 0.000927361 0.000397576
51.48 0.395199 0.348952 0.321178 0.00556936 0.00104307 0.000993763
51.5 0.39541 0.349015 0.32124 0.00525481 0.0015811 0.0015569
51.52 0.395575 0.349104 0.321312 0.0041432 0.00222308 0.00178871
51.54 0.39569 0.349207 0.321375 0.00285354 0.00256891 0.00159208
51.56 0.395773 0.349304 0.32142 0.00208712 0.00242471 0.00112437
51.58 0.39586 0.349382 0.321449 0.00218659 0.00195839 0.000707713
51.6 0.395977 0.349445 0.321474 0.00290712 0.00158621 0.000624669
51.62 0.396121 0.349513 0.321511 0.00361393 0.00167809 0.000930336
51.64 0.396272 0.349604 0.321568 0.00376715 0.00229564 0.00142199
51.66 0.396403 0.34973 0.32164 0.00327582 0.00313628 0.0018092
51.68 0.396502 0.349879 0.321718 0.00247606 0.00372089 0.00194782
51.7 0.396576 0.350026 0.321794 0.00183667 0.00369005 0.00190595
51.72 0.396641 0.350147 0.321867 0.00164781 0.00301952 0.00181484
51.74 0.396716 0.350229 0.321935 0.00186871 0.00204488 0.00171236
51.76 0.396804 0.35028 0.321998 0.00220126 0.00129158 0.00156225
51.78 0.396897 0.350328 0.322053 0.00232312 0.00118173 0.00137803
51.8 0.396981 0.350399 0.322104 0.00210481 0.00177108 0.00127242
51.82 0.397048 0.350507 0.322159 0.00166517 0.00270978 0.00138327
51.84 0.397098 0.350646 0.322229 0.00124556 0.00347948 0.00175347
51.86 0.397139 0.350795 0.32232 0.00102986 0.0037306 0.00226318
51.88 0.39718 0.350934 0.322427 0.0010321 0.00346151 0.00266749
51.9 0.397225 0.351052 0.322536 0.00112115 0.00295612 0.00274275
51.92 0.397271 0.351155 0.322634 0.00115493 0.0025703 0.00244238
51.94 0.397315 0.351255 0.322712 0.00109555 0.00250687 0.00193776
51.96 0.397355 0.351364 0.322772 0.000999379 0.00273287 0.00151683
51.98 0.397392 0.351487 0.322829 0.000920965 0.00306259 0.0014111
52 0.397426 0.351619 0.322895 0.00085459 0.00330892 0.00166552
52.02 0.397456 0.351754 0.322981 0.000755198 0.00337702 0.00213249
52.04 0.397481 0.351885 0.323084 0.000612791 0.00327159 0.0025978
52.06 0.397501 0.352008 0.323202 0.000508346 0.00307596 0.00293118
52.08 0.397524 0.352125 0.323326 0.000577788 0.00292904 0.0031065
52.1 0.39756 0.352243 0.32345 0.000887149 0.00294236 0.00310066
52.12 0.397613 0.352367 0.323564 0.00134001 0.00310345 0.00284538
52.14 0.397681 0.352499 0.323656 0.00169813 0.00328154 0.00230044
52.16 0.397749 0.352632 0.323718 0.00169885 0.00333275 0.00154808
52.18 0.397798 0.35276 0.32375 0.00121804 0.00321034 0.000818442
52.2 0.397813 0.35288 0.323767 0.000376617 0.00298675 0.00041615
52.22 0.397793 0.352991 0.323789 -0.000500157 0.00277645 0.000549216
52.24 0.397751 0.353096 0.323835 -0.00104636 0.00263401 0.00115417
52.26 0.39771 0.353197 0.323911 -0.00103652 0.00252577 0.00189429
52.28 0.397691 0.353294 0.324007 -0.000471465 0.00240775 0.00238902
52.3 0.397709 0.353386 0.324106 0.00045524 0.00230824 0.00248174
52.32 0.397768 0.353478 0.324198 0.00146419 0.00230914 0.00229907
52.34 0.39786 0.353577 0.324281 0.00229721 0.0024607 0.00207541
52.36 0.39797 0.353686 0.324358 0.00276427 0.00273247 0.00193835
52.38 0.398082 0.353806 0.324432 0.00278526 0.00299936 0.00183078
52.4 0.398179 0.353928 0.324496 0.00244004 0.00306113 0.00160052
52.42 0.398257 0.354038 0.324542 0.00194185 0.00274368 0.00116914
52.44 0.398319 0.35412 0.324568 0.00155598 0.00203813 0.000646857
52.46 0.39838 0.354166 0.32458 0.00152084 0.00116404 0.000290475
52.48 0.398458 0.354186 0.324593 0.00194207 0.00050083 0.000323078
52.5 0.398565 0.354202 0.324623 0.00269663 0.000402423 0.000761492
52.52 0.398704 0.354241 0.324679 0.00346869 0.00097853 0.00138634
52.54 0.398861 0.354321 0.324754 0.00392331 0.00200006 0.00188133
52.56 0.399017 0.354442 0.324835 0.00390194 0.00302245 0.00202905
52.58 0.399158 0.354587 0.324909 0.00352897 0.00362246 0.00183441
52.6 0.399284 0.354731 0.324969 0.00314937 0.00358583 0.00150732
52.62 0.399409 0.354849 0.325021 0.00311055 0.00296913 0.00130205
52.64 0.39955 0.354931 0.325074 0.00352849 0.0020403 0.00132664
52.66 0.399718 0.354978 0.325133 0.00420372 0.00116051 0.00148538
52.68 0.399909 0.355003 0.325198 0.00476661 0.000637003 0.00160996
52.7 0.400108 0.355027 0.325263 0.0049739 0.000601931 0.00164311
52.72 0.400303 0.355067 0.325331 0.00488537 0.00098825 0.00168697
52.74 0.400493 0.35513 0.325406 0.00474992 0.00159054 0.00188285
52.76 0.400683 0.355216 0.325496 0.00474674 0.00214081 0.00224254
52.78 0.400877 0.355311 0.325599 0.00484899 0.0023809 0.00257651
52.8 0.401073 0.355398 0.325703 0.00490333 0.00217685 0.00259833
52.82 0.401266 0.355464 0.32579 0.00481696 0.00164516 0.00216491
52.84 0.401453 0.355509 0.325848 0.00468272 0.00113677 0.00145948
52.86 0.401641 0.355551 0.325885 0.00471159 0.00103165 0.000916054
52.88 0.401842 0.355609 0.325921 0.00501133 0.00146955 0.000908065
52.9 0.402059 0.355697 0.325979 0.00543939 0.00219154 0.00146104
52.92 0.402287 0.355804 0.326069 0.00568795 0.00266431 0.00223986
52.94 0.402507 0.355903 0.326181 0.00550888 0.00247536 0.00281324
52.96 0.402704 0.35597 0.326299 0.00491139 0.00167703 0.00294975
52.98 0.402872 0.356001 0.326408 0.004208 0.000767891 0.0027139
53 0.403025 0.356014 0.326502 0.0038224 0.000344782 0.00234944
53.02 0.403183 0.356042 0.326585 0.0039592 0.000690071 0.00207016
53.04 0.403361 0.356106 0.326661 0.00443116 0.00159004 0.00191109
53.06 0.403553 0.356205 0.326731 0.00481061 0.0024984 0.00174782
53.08 0.403743 0.356322 0.326789 0.00475419 0.00290945 0.00144581
53.1 0.403912 0.356429 0.326829 0.00421162 0.00268111 0.00100452
53.12 0.404048 0.356512 0.326853 0.00341794 0.00207752 0.00059181
53.14 0.404158 0.356573 0.326871 0.00273382 0.0015293 0.000449057
53.16 0.404255 0.356627 0.3269 0.00242763 0.00133582 0.000728266
53.18 0.404356 0.356688 0.326955 0.00252234 0.0015312 0.00137218
53.2 0.404468 0.356766 0.32704 0.00281412 0.00195096 0.00212047
53.22 0.404589 0.356862 0.327146 0.00302642 0.00239336 0.00264919
53.24 0.404708 0.356972 0.327256 0.00297107 0.00275965 0.00275745
53.26 0.404814 0.357095 0.327355 0.00263789 0.00306753 0.00246855
53.28 0.404901 0.357229 0.327434 0.0021757 0.00335713 0.00198455
53.3 0.404971 0.357373 0.327496 0.00176588 0.00360652 0.00155468
53.32 0.405032 0.357522 0.32755 0.00150758 0.00372016 0.00134456
53.34 0.405088 0.357667 0.327605 0.00141702 0.00360764 0.00137711
53.36 0.405149 0.357798 0.327668 0.00150635 0.00329624 0.00156996
53.38 0.405222 0.357916 0.32774 0.00182167 0.00295228 0.0017953
53.4 0.405316 0.358027 0.327816 0.00235503 0.00276232 0.00191916
53.42 0.405433 0.358138 0.32789 0.00293898 0.00278535 0.00184994
53.44 0.405565 0.358256 0.327954 0.00330498 0.00293489 0.00159942
53.46 0.405696 0.358379 0.328006 0.00327338 0.00308974 0.00129806
53.48 0.405812 0.358507 0.328051 0.00288546 0.00319586 0.00112204
53.5 0.405906 0.358638 0.328099 0.00235265 0.00327937 0.00119136
53.52 0.405982 0.358774 0.328159 0.00190963 0.00339872 0.0015092
53.54 0.40605 0.358917 0.328238 0.00168857 0.00357536 0.0019634
53.56 0.406116 0.359066 0.328333 0.00165623 0.00372671 0.00237145
53.58 0.406183 0.359213 0.328435 0.00166944 0.00367347 0.00254937
53.6 0.406247 0.359345 0.328531 0.00161181 0.00327957 0.00240999
53.62 0.406307 0.359449 0.328612 0.00147926 0.00261036 0.00203156
53.64 0.406361 0.359527 0.328677 0.00134923 0.00195192 0.0016097
53.66 0.406411 0.359593 0.328729 0.00127205 0.00165083 0.00130267
53.68 0.40646 0.359668 0.328773 0.00121095 0.00186589 0.00110932
53.7 0.406504 0.359765 0.32881 0.00109792 0.00244402 0.000921452
53.72 0.406541 0.359887 0.328838 0.000921609 0.00303018 0.000691417
53.74 0.40657 0.360018 0.328858 0.000742114 0.00328809 0.000513967
53.76 0.406595 0.360142 0.32888 0.000615459 0.00308293 0.000538303
53.78 0.406616 0.360243 0.328912 0.000531771 0.00254098 0.000809116
53.8 0.406634 0.360321 0.32896 0.000443206 0.00195346 0.00120822
53.82 0.406648 0.360385 0.329023 0.000343627 0.00159949 0.00155515
53.84 0.40666 0.360449 0.329093 0.000315268 0.00159836 0.00175576
53.86 0.40668 0.360524 0.329168 0.000496764 0.00187117 0.00187834
53.88 0.406719 0.360613 0.329252 0.000964952 0.00222767 0.00210307
53.9 0.406783 0.360713 0.329355 0.00161133 0.00248347 0.00256152
53.92 0.40687 0.360813 0.329482 0.00215965 0.00250874 0.0031831
53.94 0.406963 0.360903 0.32963 0.00234657 0.002251 0.00369415
53.96 0.407049 0.360974 0.329781 0.00212814 0.00177055 0.00379169
53.98 0.407118 0.361024 0.329916 0.00174344 0.00124915 0.003372
54 0.407181 0.361061 0.330022 0.00155568 0.000925067 0.00263621
54.02 0.407252 0.3611 0.330101 0.00178324 0.000983052 0.00196986
54.04 0.407345 0.361158 0.330168 0.00232774 0.00146209 0.00168029
54.06 0.407459 0.361247 0.33024 0.00284105 0.00221527 0.00180113
54.08 0.407579 0.361365 0.330324 0.00299766 0.00293622 0.00211252
54.1 0.407689 0.361496 0.330418 0.00275848 0.00327849 0.00233494
54.12 0.407785 0.361618 0.330511 0.00240444 0.00305133 0.00232735
54.14 0.407877 0.361712 0.330597 0.00230819 0.00235416 0.00215242
54.16 0.407982 0.361773 0.330676 0.00262846 0.00152095 0.00198487
54.18 0.408109 0.361809 0.330754 0.00316307 0.000916882 0.00194539
54.2 0.408249 0.361839 0.330834 0.00349257 0.000727801 0.00200298
54.22 0.408382 0.361874 0.330915 0.00333723 0.000878558 0.0020212
54.24 0.408495 0.361919 0.33099 0.00283179 0.00113437 0.00187411
54.26 0.408594 0.361971 0.331051 0.00245373 0.00129085 0.00153477
54.28 0.408699 0.362023 0.331095 0.0026382 0.00129899 0.00109046
54.3 0.408836 0.362072 0.331123 0.00341828 0.00124523 0.00069129
54.32 0.409012 0.362122 0.331142 0.0043941 0.00123864 0.000478715
54.34 0.409213 0.362174 0.331162 0.00502569 0.00129405 0.000516783
54.36 0.409413 0.362226 0.331193 0.00500994 0.00131841 0.000751025
54.38 0.409593 0.362276 0.331234 0.00449163 0.00124269 0.00102677
54.4 0.409751 0.362322 0.33128 0.00394714 0.00114798 0.00116494
54.42 0.409903 0.36237 0.331322 0.00381044 0.00120593 0.00105468
54.44 0.410069 0.36243 0.331351 0.00413931 0.00149871 0.000722542
54.46 0.410253 0.362507 0.331365 0.00461112 0.00192766 0.000353165
54.48 0.410446 0.362598 0.331374 0.00483427 0.00226776 0.000207706
54.5 0.410634 0.362691 0.331393 0.00468349 0.00232186 0.00047125
54.52 0.410809 0.362774 0.331439 0.00438607 0.00208195 0.00115967
54.54 0.410982 0.362845 0.331524 0.00432003 0.00177693 0.00212855
54.56 0.41117 0.362915 0.331649 0.0046898 0.00174398 0.00311291
54.58 0.411383 0.363002 0.331799 0.0053306 0.00216814 0.00377062
54.6 0.411615 0.363118 0.331951 0.0057951 0.00289263 0.00379168
54.62 0.411841 0.363257 0.332074 0.00566686 0.00349093 0.00307818
54.64 0.412036 0.363399 0.332149 0.00487236 0.0035505 0.00187533
54.66 0.412187 0.363517 0.332177 0.0037612 0.00294545 0.000702276
54.68 0.412302 0.363594 0.332181 0.00287945 0.00192827 8.49911e-05
54.7 0.412406 0.363635 0.332192 0.00261424 0.00102205 0.000287947
54.72 0.412526 0.363665 0.33224 0.00298366 0.000736938 0.00119817
54.74 0.412673 0.363714 0.332335 0.00369131 0.0012341 0.00237128
54.76 0.412847 0.363802 0.332465 0.00434897 0.00221494 0.00324769
54.78 0.413035 0.363928 0.332603 0.00468143 0.00312936 0.00345644
54.8 0.413219 0.364068 0.332724 0.00460404 0.0034978 0.00301315
54.82 0.413387 0.364194 0.332815 0.00419617 0.00315913 0.00227106
54.84 0.413532 0.364287 0.332882 0.00362662 0.0023238 0.0016735
54.86 0.413654 0.364344 0.332942 0.00306825 0.00141753 0.00150348
54.88 0.41376 0.364378 0.333013 0.0026427 0.000871002 0.00177241
54.9 0.413856 0.364417 0.333102 0.00239417 0.000954302 0.00224227
54.92 0.413948 0.364483 0.333205 0.00229548 0.00166132 0.00256514
54.94 0.414039 0.364591 0.333305 0.00227992 0.00270338 0.00249293
54.96 0.41413 0.364738 0.333385 0.00226807 0.00365863 0.00201447
54.98 0.414217 0.364904 0.333439 0.00219251 0.00416849 0.00134726
55 0.414298 0.365066 0.333472 0.00202156 0.0040546 0.000821704
55.02 0.414369 0.365201 0.3335 0.00176254 0.00336463 0.000709098
55.04 0.414427 0.365296 0.333543 0.00145075 0.00237525 0.00106129
55.06 0.414472 0.365356 0.33361 0.0011333 0.00151146 0.00167596
55.08 0.414505 0.365403 0.333699 0.000834861 0.00115451 0.0022288
55.1 0.414528 0.365461 0.333798 0.000562134 0.00144822 0.00246681
55.12 0.414542 0.36555 0.33389 0.000360033 0.00223245 0.00231523
55.14 0.414555 0.365675 0.333965 0.000308638 0.00313419 0.0018683
55.16 0.414572 0.365825 0.334018 0.000430548 0.00375477 0.00132128
55.18 0.414598 0.365979 0.334053 0.000641013 0.0038482 0.000886845
55.2 0.41463 0.366116 0.334081 0.000801276 0.00342061 0.000705878
55.22 0.414662 0.366224 0.334113 0.000810086 0.00270317 0.000781543
55.24 0.41469 0.366305 0.334153 0.000691598 0.0020195 0.00100024
55.26 0.414714 0.366371 0.334202 0.00061881 0.00164359 0.00122999
55.28 0.414746 0.366439 0.334258 0.000787058 0.0017002 0.00140513
55.3 0.414795 0.366522 0.334319 0.00122079 0.00208929 0.00153363
55.32 0.414864 0.366623 0.334385 0.00172052 0.00250517 0.00162745
55.34 0.414944 0.366727 0.33445 0.00200457 0.00261437 0.00164458
55.36 0.415021 0.366818 0.334511 0.0019272 0.00227565 0.00152078
55.38 0.415085 0.366884 0.334562 0.0015995 0.00163764 0.00126241
55.4 0.415137 0.366925 0.334602 0.00131042 0.0010416 0.00100328
55.42 0.41519 0.366957 0.33464 0.00131408 0.000794597 0.000942556
55.44 0.415257 0.366996 0.334687 0.00167147 0.00098223 0.00118981
55.46 0.415347 0.367054 0.334754 0.00225032 0.00144299 0.00166062
55.48 0.415459 0.36713 0.334839 0.0028175 0.00190122 0.00212523
55.5 0.415585 0.367217 0.334933 0.00314316 0.00216207 0.00236521
55.52 0.41571 0.367306 0.335026 0.00311275 0.00222514 0.00231846
55.54 0.415822 0.367395 0.335111 0.00281632 0.00223261 0.00212747
55.56 0.415923 0.367487 0.335193 0.00252712 0.00230881 0.0020543
55.58 0.416024 0.367585 0.335284 0.00252657 0.00243514 0.00228247
55.6 0.41614 0.367684 0.335395 0.00289829 0.00247385 0.00275897
55.62 0.416279 0.367776 0.335524 0.00347425 0.00229583 0.00322923
55.64 0.416438 0.367852 0.335662 0.00396999 0.00190636 0.00344006
55.66 0.416606 0.367911 0.335794 0.00418687 0.00148177 0.00331544
55.68 0.416771 0.367962 0.335913 0.00412658 0.00126698 0.0029577
55.7 0.416928 0.368018 0.336014 0.00392485 0.00140128 0.00253407
55.72 0.417076 0.36809 0.336101 0.00370674 0.00181323 0.00218625
55.74 0.417217 0.368181 0.336181 0.00352981 0.00226319 0.00199802
55.76 0.417355 0.368281 0.33626 0.00343904 0.00250533 0.00198033
55.78 0.417495 0.36838 0.336344 0.00350214 0.00246831 0.00207939
55.8 0.417645 0.368473 0.336432 0.00374774 0.00232878 0.00221899
55.82 0.417809 0.368568 0.336526 0.00409943 0.00238038 0.00233223
55.84 0.417985 0.368679 0.336621 0.00441317 0.00277997 0.00237095
55.86 0.418168 0.368815 0.336712 0.00456832 0.0033813 0.00229783
55.88 0.418348 0.368966 0.336796 0.00450592 0.00378967 0.00208384
55.9 0.418517 0.369112 0.336865 0.00422418 0.00363267 0.00174086
55.92 0.418668 0.369226 0.33692 0.00378304 0.00286713 0.00135359
55.94 0.418801 0.369301 0.336961 0.00330829 0.00185866 0.00104542
55.96 0.418919 0.369347 0.336998 0.00295307 0.00116548 0.000904962
55.98 0.419032 0.369396 0.337035 0.00282066 0.00121159 0.000943672
56 0.419148 0.369477 0.33708 0.0029161 0.00204243 0.00111455
56.02 0.419275 0.369609 0.337134 0.00316864 0.0032871 0.00134827
56.04 0.419414 0.369783 0.337196 0.0034681 0.00434753 0.00155713
56.06 0.419561 0.369973 0.337263 0.00367313 0.00474827 0.00166307
56.08 0.419706 0.370149 0.337328 0.0036374 0.00441083 0.00163857
56.1 0.419837 0.370293 0.337388 0.00327811 0.00360696 0.00148399
56.12 0.419943 0.370401 0.337435 0.00264285 0.00268586 0.00117933
56.14 0.42002 0.370476 0.337463 0.0019318 0.00186761 0.000710629
56.16 0.420078 0.370525 0.337469 0.00144241 0.00123135 0.000156933
56.18 0.420135 0.370557 0.337459 0.00142489 0.00081023 -0.000261795
56.2 0.420211 0.370584 0.337449 0.00190718 0.000661102 -0.000261751
56.22 0.420317 0.370618 0.337461 0.00264122 0.000850268 0.000315155
56.24 0.420447 0.370673 0.337515 0.00324415 0.00137401 0.00134088
56.26 0.420584 0.370756 0.337612 0.00342918 0.00207971 0.00243088
56.28 0.420711 0.370863 0.337738 0.0031792 0.00268016 0.00316244
56.3 0.420821 0.370979 0.337871 0.00275308 0.00289389 0.00330863
56.32 0.420921 0.371084 0.337988 0.00250121 0.00262299 0.00292326
56.34 0.421025 0.371164 0.338078 0.00260467 0.00200631 0.00225187
56.36 0.421143 0.371216 0.338141 0.00294996 0.00131124 0.00157128
56.38 0.421273 0.371248 0.338183 0.00324036 0.000799867 0.00106492
56.4 0.421402 0.371274 0.338215 0.00321446 0.000646771 0.000800057
56.42 0.421514 0.37131 0.338247 0.00279736 0.000893726 0.000789637
56.44 0.421599 0.371367 0.338288 0.00214598 0.00143652 0.00103916
56.46 0.421663 0.37145 0.338349 0.00158732 0.00206674 0.00151752
56.48 0.421719 0.371553 0.338433 0.00141104 0.0025718 0.00209749
56.5 0.421785 0.371666 0.338536 0.00165037 0.00281739 0.00257143
56.52 0.421869 0.371777 0.338646 0.00208749 0.00277199 0.00276001
56.54 0.421967 0.371877 0.338751 0.00245074 0.00251265 0.00262063
56.56 0.42207 0.371965 0.338842 0.00257909 0.00218881 0.0022784
56.58 0.422168 0.372042 0.338921 0.00246145 0.00193191 0.00197594
56.6 0.422256 0.372114 0.338999 0.00219462 0.00180339 0.0019542
56.62 0.422332 0.372186 0.339092 0.00189319 0.00180483 0.00230448
56.64 0.422396 0.372263 0.339206 0.0016047 0.00190705 0.00286515
56.66 0.422449 0.372345 0.339337 0.00133253 0.00206146 0.00327389
56.68 0.422495 0.372433 0.339465 0.00114133 0.00219499 0.00320036
56.7 0.422542 0.372522 0.339569 0.00117333 0.0022247 0.00259418
56.72 0.422603 0.372606 0.339638 0.00153445 0.00210147 0.00173643
56.74 0.422691 0.37268 0.33968 0.002185 0.00184819 0.00104226
56.76 0.422808 0.372742 0.339712 0.00292358 0.00155476 0.00078592
56.78 0.422946 0.372795 0.33975 0.00344764 0.00133334 0.00096377
56.8 0.423084 0.372846 0.339804 0.0034663 0.001265 0.00135698
56.82 0.423199 0.372901 0.339872 0.00285612 0.00137092 0.00169941
56.84 0.423271 0.372964 0.339946 0.00181432 0.00158061 0.00183673
56.86 0.423305 0.373034 0.340017 0.000850711 0.00175114 0.00178947
56.88 0.423326 0.373106 0.340084 0.000513907 0.00178964 0.00166958
56.9 0.423367 0.373175 0.340145 0.00102409 0.00173024 0.00153103
56.92 0.423452 0.373242 0.340199 0.00213048 0.00168255 0.00132681
56.94 0.423583 0.373312 0.340239 0.00328061 0.00175417 0.00101354
56.96 0.42374 0.373392 0.340266 0.00392536 0.00199943 0.000667293
56.98 0.423891 0.373487 0.340284 0.0037611 0.00236607 0.000458646
57 0.424005 0.373594 0.340305 0.00285387 0.00268438 0.0005144
57.02 0.42407 0.373704 0.340337 0.00164407 0.00275041 0.000811003
57.04 0.424101 0.373803 0.340384 0.000764317 0.00246639 0.0011841
57.06 0.424128 0.37388 0.340442 0.000681181 0.00193898 0.00143469
57.08 0.424185 0.373938 0.3405 0.00141218 0.00144954 0.00145808
57.1 0.424287 0.37399 0.340552 0.0025482 0.00128759 0.00129724
57.12 0.424428 0.374052 0.340596 0.00353441 0.00155871 0.00108606
57.14 0.424587 0.374137 0.340633 0.00398275 0.00211213 0.000941524
57.16 0.424741 0.374243 0.340669 0.00384642 0.00265096 0.000907191
57.18 0.424877 0.37436 0.340709 0.00338681 0.00292344 0.000987167
57.2 0.424996 0.374474 0.340756 0.00296926 0.00286096 0.00118443
57.22 0.425108 0.374578 0.340815 0.00281978 0.00259806 0.00147817
57.24 0.425225 0.374673 0.340887 0.00292565 0.00236536 0.00179537
57.26 0.425351 0.374766 0.340969 0.00314322 0.00232949 0.00204512
57.28 0.425485 0.374865 0.341056 0.00335668 0.00248431 0.00217519
57.3 0.425627 0.374973 0.341143 0.00353372 0.00268393 0.00217084
57.32 0.425774 0.375084 0.341225 0.00369093 0.00278081 0.00204204
57.34 0.425928 0.375193 0.341298 0.00384687 0.00273067 0.0018475
57.36 0.426088 0.375297 0.341366 0.00399062 0.00260521 0.00169273
57.38 0.426251 0.375399 0.341433 0.00408349 0.00253688 0.00166211
57.4 0.426415 0.375504 0.341503 0.00409599 0.00262539 0.00176042
57.42 0.426577 0.375618 0.34158 0.00405012 0.00285204 0.0019347
57.44 0.426738 0.375741 0.341666 0.00401641 0.00307785 0.0021404
57.46 0.4269 0.375867 0.341761 0.00405317 0.00315095 0.00237795
57.48 0.427066 0.375988 0.341867 0.00415948 0.00301402 0.00265164
57.5 0.427238 0.376096 0.341983 0.00428665 0.00270163 0.00288985
57.52 0.427413 0.376187 0.3421 0.00437531 0.00229165 0.00293563
57.54 0.427588 0.376263 0.342206 0.00438505 0.00189728 0.00263814
57.56 0.427761 0.376329 0.342285 0.00432172 0.00165406 0.00198382
57.58 0.427931 0.376395 0.342332 0.00424999 0.0016506 0.00116963
57.6 0.4281 0.37647 0.342354 0.00422921 0.00187299 0.000544707
57.62 0.428268 0.376559 0.342371 0.00420492 0.00221064 0.000425277
57.64 0.428429 0.376659 0.342407 0.00401551 0.00249852 0.000894458
57.66 0.428571 0.376763 0.342477 0.00355571 0.00260492 0.00175658
57.68 0.428688 0.376863 0.342584 0.00292141 0.00251106 0.00267172
57.7 0.428783 0.376956 0.342717 0.00238076 0.00231625 0.00334484
57.72 0.428871 0.377042 0.342863 0.00219637 0.00216098 0.00364119
57.74 0.428969 0.377127 0.343006 0.00244287 0.00211786 0.00357671
57.76 0.429087 0.377213 0.343135 0.00295018 0.0021533 0.00323236
57.78 0.429223 0.377301 0.343242 0.0034119 0.0021964 0.00266617
57.8 0.429366 0.37739 0.343318 0.0035563 0.00222756 0.00190049
57.82 0.429496 0.377481 0.343358 0.00325677 0.00227162 0.00100177
57.84 0.429598 0.377574 0.343364 0.00256038 0.0023264 0.000146618
57.86 0.429665 0.377668 0.343348 0.00167557 0.00235377 -0.00040669
57.88 0.429701 0.377762 0.343331 0.000903251 0.00232963 -0.00042537
57.9 0.429721 0.377852 0.343338 0.000501171 0.00226741 0.000169286
57.92 0.429744 0.377941 0.343386 0.000561637 0.00220827 0.00120292
57.94 0.429783 0.378028 0.343476 0.000972367 0.00218489 0.00226429
57.96 0.429842 0.378115 0.343592 0.00147377 0.00217856 0.00288791
57.98 0.429913 0.3782 0.343704 0.00179306 0.00211287 0.0027989
58 0.429984 0.378276 0.343786 0.00177603 0.00191156 0.00205858
58.02 0.430043 0.37834 0.343827 0.00146425 0.00160497 0.00101769
58.04 0.430086 0.378395 0.343832 0.00107765 0.00136396 0.000125931
58.06 0.430121 0.37845 0.34382 0.000883607 0.00137821 -0.000289052
58.08 0.430163 0.378518 0.343813 0.00103719 0.00170583 -0.000174521
58.1 0.430223 0.378607 0.343823 0.0015015 0.00221003 0.000242644
58.12 0.430306 0.378711 0.343848 0.00207235 0.0026029 0.000633147
58.14 0.430406 0.378815 0.343881 0.00249009 0.0026063 0.000807742
58.16 0.430509 0.378901 0.343913 0.0025804 0.00214218 0.000815584
58.18 0.430603 0.378957 0.343947 0.00235513 0.00140636 0.000850852
58.2 0.430683 0.378988 0.343991 0.00199312 0.000768667 0.00108426
58.22 0.430751 0.379011 0.344053 0.00171732 0.000580516 0.00155527
58.24 0.430818 0.37905 0.344139 0.00167284 0.000978356 0.00215513
58.26 0.430894 0.379121 0.344246 0.00188775 0.00177139 0.00267433
58.28 0.430985 0.379222 0.344362 0.00228462 0.00252551 0.00290414
58.3 0.431094 0.379335 0.344472 0.00272093 0.00283453 0.00275287
58.32 0.431216 0.379438 0.344565 0.00304793 0.00257517 0.00230909
58.34 0.431343 0.379516 0.344638 0.00316588 0.00195593 0.00182141
58.36 0.431465 0.379571 0.344701 0.0030699 0.00136451 0.00159646
58.38 0.43158 0.379617 0.344775 0.00285645 0.00114883 0.00183451
58.4 0.431686 0.379674 0.344874 0.00265811 0.00143542 0.0024853
58.42 0.431789 0.379757 0.345005 0.00257338 0.00205428 0.00326002
58.44 0.431894 0.379862 0.345157 0.00263115 0.00263051 0.00380352
58.46 0.432006 0.379975 0.345312 0.00279601 0.00282881 0.003893
58.48 0.432126 0.380078 0.345454 0.00299421 0.00257105 0.00352777
58.5 0.432251 0.38016 0.345568 0.00313873 0.00204614 0.00287273
58.52 0.432378 0.380222 0.345654 0.00316377 0.00155083 0.00213623
58.54 0.4325 0.380274 0.345713 0.0030541 0.00130996 0.00148826
58.56 0.432614 0.380328 0.345755 0.00284353 0.0013578 0.00104859
58.58 0.432718 0.38039 0.345791 0.00259791 0.0015375 0.00089414
58.6 0.432813 0.380455 0.345833 0.00238803 0.00163166 0.00104016
58.62 0.432903 0.380516 0.34589 0.00225708 0.00152198 0.00142471
58.64 0.432992 0.380566 0.345966 0.00220555 0.00125318 0.0019169
58.66 0.433079 0.380605 0.346059 0.00219345 0.000971093 0.00232495
58.68 0.433166 0.380638 0.346157 0.00216773 0.000822097 0.00244878
58.7 0.43325 0.380674 0.346245 0.0021084 0.000896917 0.00218139
58.72 0.433333 0.380722 0.346307 0.0020517 0.0011952 0.00155905
58.74 0.433415 0.380785 0.346337 0.00205436 0.00158672 0.000752832
58.76 0.433501 0.380859 0.346339 0.00214813 0.00184825 4.3201e-05
58.78 0.433594 0.380932 0.346328 0.00233497 0.00181337 -0.000273767
58.8 0.433697 0.380992 0.346326 0.00258602 0.00151435 -5.1619e-05
58.82 0.433811 0.381039 0.34635 0.00283111 0.00118388 0.000611061
58.84 0.43393 0.381083 0.346407 0.00298737 0.00109298 0.00142436
58.86 0.434052 0.381138 0.346489 0.00303586 0.00136226 0.00204514
58.88 0.434174 0.381213 0.346578 0.00305872 0.0018827 0.00221603
58.9 0.4343 0.381308 0.346653 0.00315728 0.00237187 0.00187939
58.92 0.434434 0.38141 0.346702 0.00334716 0.00255422 0.00122096
58.94 0.434577 0.381506 0.346725 0.00356126 0.00239262 0.000586065
58.96 0.434726 0.381592 0.346738 0.00372898 0.00215901 0.000310727
58.98 0.434879 0.381681 0.34676 0.00382138 0.00221262 0.000560683
59 0.435032 0.381788 0.346809 0.00383764 0.00268139 0.00123123
59.02 0.435183 0.381922 0.346888 0.00377988 0.00336347 0.00197869
59.04 0.435329 0.382078 0.346985 0.00364877 0.0038872 0.00242343
59.06 0.435468 0.382237 0.347082 0.0034705 0.003973 0.00241361
59.08 0.435601 0.382382 0.347167 0.00332279 0.00364123 0.00212333
59.1 0.435733 0.382511 0.347242 0.00330584 0.00321185 0.00188317
59.12 0.435871 0.382634 0.347318 0.00344858 0.00307033 0.00190803
59.14 0.436017 0.382769 0.347405 0.00363464 0.00338306 0.00215485
59.16 0.436163 0.382929 0.3475 0.00366042 0.00399705 0.00238532
59.18 0.436299 0.383111 0.347595 0.00340767 0.00455856 0.00237317
59.2 0.436418 0.3833 0.347679 0.00297374 0.00472412 0.00210064
59.22 0.436523 0.383475 0.34775 0.00261831 0.00436194 0.00177976
59.24 0.436626 0.383621 0.347818 0.00257705 0.00365724 0.00168975
59.26 0.436742 0.383741 0.347897 0.00288991 0.00301072 0.00196951
59.28 0.436875 0.383852 0.347997 0.003338 0.00276168 0.00251552
59.3 0.437017 0.383971 0.348119 0.00355721 0.00296778 0.00304355
59.32 0.437149 0.384106 0.348249 0.00328764 0.00339631 0.0032622
59.34 0.437252 0.384255 0.348371 0.00257197 0.0037076 0.00305079
59.36 0.437321 0.384402 0.348473 0.00173849 0.00369026 0.00254239
59.38 0.43737 0.384538 0.348555 0.00120579 0.00338354 0.00205447
59.4 0.43742 0.384658 0.348631 0.00125554 0.00301287 0.00189808
59.42 0.437495 0.38477 0.348718 0.00187867 0.00280449 0.00216627
59.44 0.437606 0.384883 0.348824 0.00276878 0.00280657 0.00264269
59.46 0.437745 0.384997 0.348941 0.00347668 0.00285337 0.00292612
59.48 0.437891 0.385106 0.34905 0.00365455 0.00272752 0.0027286
59.5 0.438021 0.385201 0.349135 0.00325491 0.00237539 0.00212969
59.52 0.438123 0.38528 0.349197 0.0025432 0.00197569 0.00154373
59.54 0.4382 0.385352 0.349252 0.00191968 0.00180152 0.00139086
59.56 0.438268 0.385432 0.349323 0.00170205 0.00199786 0.00176286
59.58 0.438347 0.38553 0.349417 0.00199033 0.00244312 0.00236064
59.6 0.438453 0.385642 0.349526 0.00264293 0.00280962 0.0027186
59.62 0.438587 0.385754 0.349627 0.00334741 0.00279466 0.00252486
59.64 0.438738 0.385848 0.3497 0.00378433 0.00234568 0.00182121
59.66 0.43889 0.385915 0.349738 0.00379915 0.00168765 0.000954719
59.68 0.439029 0.385961 0.349752 0.0034727 0.00115739 0.000338309
59.7 0.439151 0.386 0.349759 0.00303106 0.000975533 0.000192671
59.72 0.439257 0.386045 0.349777 0.00266565 0.00110315 0.000436699
59.74 0.439355 0.386097 0.349808 0.00243609 0.00129748 0.000788673
59.76 0.439447 0.386149 0.349848 0.00231783 0.00130898 0.000987221
59.78 0.43954 0.386192 0.349887 0.00231024 0.00107909 0.00097254
59.8 0.439638 0.386224 0.349923 0.00246575 0.000804432 0.000907856
59.82 0.439751 0.386256 0.349964 0.00280457 0.000789961 0.00102025
59.84 0.439879 0.386303 0.350019 0.00320797 0.00117831 0.00137441
59.86 0.440016 0.386374 0.35009 0.00342191 0.00177485 0.00177599
59.88 0.440145 0.386459 0.350166 0.00323319 0.00213265 0.00191184
59.9 0.440252 0.386534 0.350231 0.00266731 0.00185766 0.0016145
59.92 0.440332 0.386571 0.350272 0.00201497 0.000934573 0.00101841
59.94 0.440399 0.386563 0.350291 0.0016692 -0.000200013 0.000488828
59.96 0.440474 0.386525 0.350307 0.00188181 -0.000946189 0.000385257
59.98 0.440578 0.386487 0.35034 0.00257921 -0.000944419 0.000825289
60 0.440712 0.386477 0.350405 0.00336057 -0.000267815 0.00162129
60.02 0.440861 0.386503 0.350501 0.00372485 0.000669596 0.00242006
60.04 0.440997 0.386559 0.350618 0.00340989 0.00138333 0.00292534
60.06 0.441101 0.386623 0.35074 0.00258937 0.00161831 0.0030381
60.08 0.441172 0.386682 0.350853 0.00177096 0.00147401 0.00283832
60.1 0.441231 0.386733 0.350952 0.0014718 0.0012564 0.00247083
60.12 0.441306 0.386781 0.351034 0.00187234 0.00120928 0.00204597
60.14 0.441414 0.386836 0.351099 0.00270406 0.00136877 0.00162899
60.16 0.441552 0.386901 0.351152 0.0034683 0.00163254 0.00131294
60.18 0.441703 0.386977 0.351202 0.00376151 0.00190471 0.00126327
60.2 0.441842 0.387064 0.351267 0.00347353 0.00216418 0.00162858
60.22 0.441954 0.387162 0.351362 0.0027979 0.00244408 0.00237157
60.24 0.442037 0.387272 0.35149 0.00208596 0.0027521 0.00320052
60.26 0.442103 0.387393 0.351639 0.00164384 0.00302118 0.00371324
60.28 0.442167 0.387519 0.351785 0.00161206 0.00316679 0.00366302
60.3 0.442246 0.387647 0.351911 0.00197438 0.00318548 0.0031443
60.32 0.44235 0.387773 0.352013 0.00259349 0.00316653 0.00254676
60.34 0.442479 0.387902 0.352105 0.00322672 0.00322155 0.00228868
60.36 0.442622 0.388038 0.352205 0.00357916 0.00339924 0.00251194
60.38 0.442759 0.388184 0.352324 0.00342641 0.00364704 0.00296642
60.4 0.44287 0.388338 0.352451 0.00275698 0.00385969 0.00318334
60.42 0.442942 0.388496 0.352563 0.00181836 0.00394341 0.00281153
60.44 0.442983 0.388649 0.352639 0.00100385 0.00382889 0.0018841
60.46 0.443008 0.388788 0.352672 0.000641176 0.00347684 0.000833186
60.48 0.443041 0.388904 0.35268 0.000823849 0.00289986 0.000203968
60.5 0.443097 0.388992 0.352691 0.00140404 0.0021895 0.000257662
60.52 0.443182 0.389052 0.352723 0.00212397 0.00150974 0.000798726
60.54 0.443292 0.389094 0.352777 0.00274803 0.00105385 0.00136778
60.56 0.443417 0.389134 0.352841 0.00312519 0.000990081 0.00159834
60.58 0.443545 0.389188 0.352898 0.00318485 0.00135968 0.00142797
60.6 0.44366 0.389267 0.35294 0.00288554 0.00196912 0.00104977
60.62 0.443748 0.389365 0.352969 0.00219288 0.00244013 0.000719611
60.64 0.443795 0.389463 0.352993 0.00117002 0.00245995 0.000587651
60.66 0.443799 0.389544 0.353019 0.000105055 0.0020286 0.000647659
60.68 0.443778 0.389603 0.353051 -0.000513961 0.00146597 0.000814971
60.7 0.443768 0.38965 0.353092 -0.00026123 0.00116822 0.00102692
60.72 0.443804 0.389702 0.353142 0.00089525 0.00130363 0.00125684
60.74 0.443903 0.389769 0.353201 0.0024863 0.00168544 0.00146715
60.76 0.444054 0.389846 0.353265 0.00377806 0.00192829 0.0015941
60.78 0.444222 0.389917 0.353328 0.00419318 0.00176584 0.00158634
60.8 0.444367 0.389968 0.353386 0.00363807 0.00127193 0.00143987
60.82 0.444469 0.390001 0.353434 0.00254062 0.000828981 0.00120428
60.84 0.444532 0.390036 0.353473 0.00157313 0.000862541 0.000971039
60.86 0.444581 0.390096 0.353507 0.00123438 0.00150951 0.000844245
60.88 0.444645 0.390194 0.353543 0.00158509 0.00245546 0.00090348
60.9 0.444737 0.390319 0.35359 0.00229728 0.00311663 0.00118402
60.92 0.444854 0.390442 0.353657 0.00293778 0.00307863 0.00168058
60.94 0.444984 0.390539 0.353751 0.00325122 0.00243528 0.00233606
60.96 0.445114 0.390608 0.353872 0.00324481 0.00170837 0.00301733
60.98 0.445237 0.390665 0.354013 0.00308672 0.0014205 0.00352343
61 0.445356 0.390733 0.354159 0.00295594 0.00170084 0.00365844
61.02 0.445473 0.390822 0.354293 0.00292498 0.0022246 0.00334257
61.04 0.44559 0.390922 0.3544 0.00292953 0.00249886 0.0026876
61.06 0.445705 0.391012 0.354479 0.00287456 0.00226209 0.001973
61.08 0.445816 0.391079 0.354539 0.00277863 0.00167407 0.00150882
61.1 0.445927 0.391125 0.354598 0.00277771 0.00115843 0.00146215
61.12 0.446045 0.391168 0.354669 0.00295956 0.00107752 0.00177445
61.14 0.446174 0.391228 0.354758 0.00322161 0.00150158 0.00222852
61.16 0.446308 0.391317 0.354862 0.00333888 0.00220458 0.00260482
61.18 0.446435 0.391431 0.354974 0.00318205 0.00284705 0.00279531
61.2 0.44655 0.391558 0.355086 0.00286405 0.00318655 0.00280353
61.22 0.446657 0.391685 0.355193 0.00268701 0.00317036 0.00267907
61.24 0.446775 0.3918 0.355292 0.00293325 0.00288955 0.00247314
61.26 0.44692 0.391899 0.355382 0.00363024 0.00247021 0.00223429
61.28 0.447099 0.39198 0.355461 0.00447298 0.00202005 0.00198939
61.3 0.447299 0.392047 0.35553 0.00500034 0.00166363 0.0017331
61.32 0.447495 0.392109 0.355589 0.00490383 0.0015523 0.00147435
61.34 0.447664 0.39218 0.35564 0.0042319 0.00177745 0.00127377
61.36 0.447798 0.392271 0.355689 0.00335793 0.00227919 0.00121236
61.38 0.447909 0.392384 0.355741 0.00275115 0.00283753 0.00130924
61.4 0.448016 0.392511 0.3558 0.00269495 0.00315743 0.00147035
61.42 0.448142 0.392632 0.355862 0.00313146 0.00303943 0.0015403
61.44 0.448291 0.392734 0.355919 0.00374058 0.0025474 0.00142576
61.46 0.448458 0.392814 0.355966 0.00417752 0.0020022 0.00118168
61.48 0.448629 0.392885 0.356005 0.00427688 0.00176041 0.000981
61.5 0.448793 0.392963 0.356045 0.00409285 0.00196562 0.000998375
61.52 0.448945 0.393061 0.356096 0.00379329 0.00245294 0.00127168
61.54 0.449086 0.393176 0.356161 0.00352499 0.00286226 0.00163166
61.56 0.449219 0.393292 0.356233 0.00333325 0.00290445 0.00180266
61.58 0.449345 0.393396 0.356298 0.0031499 0.00259919 0.00162375
61.6 0.449459 0.393486 0.356346 0.0028559 0.0022593 0.00119056
61.62 0.449555 0.393576 0.356377 0.00240151 0.00222984 0.000787861
61.64 0.449632 0.39368 0.356405 0.00190596 0.00260302 0.00069984
61.66 0.449696 0.393806 0.356447 0.00161781 0.00314508 0.00103167
61.68 0.449766 0.393945 0.356511 0.00174062 0.00347559 0.0016174
61.7 0.449857 0.394078 0.356595 0.00226843 0.00333299 0.00208454
61.72 0.449975 0.394188 0.356679 0.00294585 0.00275141 0.00209279
61.74 0.45011 0.394271 0.356742 0.00338776 0.00206319 0.00159219
61.76 0.450241 0.394339 0.356777 0.00328246 0.0017203 0.00087048
61.78 0.450345 0.39442 0.356792 0.00259883 0.00202634 0.000368579
61.8 0.450412 0.394538 0.356809 0.00166755 0.00294108 0.000425799
61.82 0.450452 0.394702 0.356853 0.00100954 0.00410004 0.00110773
61.84 0.450492 0.394903 0.356941 0.00099263 0.00502639 0.00218795
61.86 0.450556 0.395118 0.357071 0.00159263 0.00536458 0.00326327
61.88 0.450653 0.395318 0.357228 0.00241684 0.00501812 0.00392225
61.9 0.450771 0.395486 0.357384 0.00295699 0.00418015 0.00390588
61.92 0.450887 0.395616 0.357513 0.00291695 0.00324981 0.00321483
61.94 0.450983 0.395721 0.357597 0.00239023 0.00263254 0.00210767
61.96 0.451054 0.395822 0.357637 0.00176526 0.00252576 0.000995547
61.98 0.451112 0.395936 0.357649 0.00145619 0.00284129 0.000293292
62 0.451178 0.396067 0.357659 0.00165726 0.00328103 0.000251611
62.02 0.451269 0.396207 0.357692 0.00227117 0.00350125 0.000831657
62.04 0.451389 0.396339 0.357761 0.00301006 0.00330363 0.00172036
62.06 0.451531 0.39645 0.357862 0.0035484 0.00277877 0.00251762
62.08 0.451677 0.396541 0.35798 0.0036483 0.00226098 0.00296007
62.1 0.451808 0.396623 0.3581 0.00325867 0.00205159 0.00300945
62.12 0.45191 0.396709 0.358211 0.00255376 0.00215044 0.0027762
62.14 0.451985 0.396799 0.358307 0.00187082 0.00226216 0.00239646
62.16 0.452046 0.396881 0.358386 0.00154184 0.00204832 0.00197192
62.18 0.452115 0.396937 0.358449 0.00170452 0.0013992 0.00157407
62.2 0.452203 0.396958 0.358499 0.00222104 0.000533668 0.00125775
62.22 0.452314 0.396952 0.358541 0.0027763 -0.000151549 0.00104844
62.24 0.452437 0.396937 0.358579 0.00307123 -0.000374256 0.000937703
62.26 0.452556 0.396931 0.358616 0.00295795 -0.000161161 0.000915712
62.28 0.452655 0.396939 0.358656 0.00248279 0.000207105 0.00100535
62.3 0.452729 0.396955 0.358705 0.0018574 0.00040552 0.00124419
62.32 0.452784 0.396966 0.358771 0.00136196 0.000261173 0.00163047
62.34 0.452832 0.39696 0.358854 0.00121105 -0.000134746 0.00207978
62.36 0.45289 0.396942 0.358951 0.00144708 -0.000472933 0.00242391
62.38 0.452967 0.396924 0.35905 0.00192137 -0.000450092 0.00247751
62.4 0.453062 0.396923 0.359136 0.00237032 -1.00344e-05 0.00214352
62.42 0.453164 0.396947 0.359195 0.00255004 0.000608342 0.00148221
62.44 0.453258 0.39699 0.359223 0.0023654 0.00105444 0.000705106
62.46 0.453335 0.397034 0.359227 0.00192215 0.00111687 9.14231e-05
62.48 0.453395 0.397068 0.359221 0.00148832 0.000848027 -0.000148392
62.5 0.45345 0.397089 0.359222 0.00138538 0.000524142 3.08431e-05
62.52 0.453523 0.397108 0.359243 0.00181015 0.000465241 0.00051189
62.54 0.45363 0.39714 0.359287 0.00267824 0.000816362 0.00110834
62.56 0.453775 0.397198 0.359354 0.00362255 0.00143949 0.00168278
62.58 0.453942 0.397278 0.359442 0.00418212 0.00199505 0.00218869
62.6 0.454104 0.397365 0.359547 0.00406134 0.00217793 0.00261849
62.62 0.454236 0.397442 0.359664 0.00329156 0.00193026 0.00293468
62.64 0.454324 0.397501 0.359786 0.0022121 0.00145803 0.00305913
62.66 0.454377 0.397544 0.359903 0.00130677 0.00108551 0.00292822
62.68 0.454416 0.397587 0.360006 0.00097396 0.00108168 0.0025522
62.7 0.454469 0.397649 0.360087 0.00134044 0.00154988 0.00204524
62.72 0.454558 0.397744 0.360151 0.00222494 0.00236892 0.00159458
62.74 0.454689 0.397872 0.360206 0.00326 0.00320933 0.00137071
62.76 0.454851 0.398021 0.360263 0.0040573 0.00370472 0.00142116
62.78 0.455025 0.398168 0.360328 0.00434646 0.00369252 0.00163051
62.8 0.455188 0.398301 0.3604 0.00408593 0.00331014 0.00179209
62.82 0.455327 0.398416 0.36047 0.00347518 0.00287418 0.00175533
62.84 0.45544 0.398522 0.360532 0.00281622 0.00266629 0.00154305
62.86 0.455533 0.398633 0.360585 0.0023346 0.00276281 0.00134628
62.88 0.455618 0.398754 0.360642 0.00211625 0.00302651 0.00140168
62.9 0.455704 0.398885 0.360714 0.00215231 0.00326728 0.00182275
62.92 0.455799 0.399021 0.360815 0.00238552 0.00341176 0.00250478
62.94 0.455909 0.399162 0.360942 0.0027354 0.00352378 0.00317714
62.96 0.456034 0.399309 0.361084 0.0031191 0.00368108 0.00355144
62.98 0.456172 0.399463 0.361221 0.00345035 0.00384503 0.00344051
63 0.456317 0.399617 0.361333 0.00362273 0.00384263 0.00279867
63.02 0.456458 0.399756 0.361402 0.00353714 0.00348504 0.00172436
63.04 0.456586 0.399867 0.361421 0.00319193 0.00276428 0.000464268
63.06 0.456695 0.399945 0.361397 0.00273624 0.0019636 -0.000597102
63.08 0.456791 0.400006 0.361356 0.00239361 0.00152627 -0.00103641
63.1 0.456884 0.400076 0.361332 0.00231627 0.00174957 -0.000593766
63.12 0.456984 0.400178 0.361357 0.00250606 0.00255203 0.000638898
63.14 0.457098 0.400318 0.361446 0.00284692 0.00350156 0.00220378
63.16 0.457225 0.400481 0.361585 0.00318293 0.0040663 0.00347879
63.18 0.45736 0.400639 0.361744 0.00336276 0.00394316 0.00398848
63.2 0.457491 0.400769 0.36189 0.00328246 0.00326167 0.00363987
63.22 0.457608 0.400869 0.361999 0.00293874 0.00249236 0.00273681
63.24 0.457706 0.400954 0.362071 0.00245153 0.0021198 0.00178272
63.26 0.457788 0.401047 0.362118 0.00203373 0.00233328 0.00118535
63.28 0.457864 0.401165 0.36216 0.00190248 0.00295733 0.00105508
63.3 0.457949 0.40131 0.362209 0.00213823 0.00361435 0.00122076
63.32 0.458054 0.401469 0.362266 0.00261873 0.00398401 0.00142278
63.34 0.458179 0.401628 0.362327 0.00310902 0.00397716 0.00151442
63.36 0.458315 0.401777 0.362387 0.00341426 0.00370603 0.00152266
63.38 0.458454 0.40191 0.36245 0.00347406 0.0033313 0.00155453
63.4 0.458589 0.402028 0.362516 0.00336624 0.00296324 0.00165597
63.42 0.458718 0.402135 0.362585 0.00323269 0.00265672 0.00173939
63.44 0.458844 0.402232 0.362652 0.00316172 0.00242131 0.00166546
63.46 0.45897 0.402321 0.362709 0.00312876 0.00223787 0.00141557
63.48 0.459092 0.402406 0.362754 0.00305405 0.00211393 0.00113254
63.5 0.459208 0.40249 0.362794 0.00289832 0.00210504 0.000991419
63.52 0.459315 0.402579 0.362836 0.00268727 0.00222965 0.00105489
63.54 0.459414 0.402674 0.362885 0.0024736 0.0023811 0.0012285
63.56 0.459507 0.40277 0.362938 0.00231559 0.00238331 0.00132298
63.58 0.459597 0.402856 0.362985 0.00226602 0.00215073 0.00118967
63.6 0.459691 0.402926 0.36302 0.00234437 0.00176694 0.000870137
63.62 0.459792 0.402982 0.363045 0.0025309 0.00139683 0.000622941
63.64 0.459904 0.403028 0.363075 0.00278033 0.00114909 0.00074171
63.66 0.460024 0.403069 0.363126 0.00301717 0.00102728 0.0012894
63.68 0.46015 0.403109 0.363206 0.00313565 0.000985072 0.00199825
63.7 0.460272 0.403149 0.363305 0.00304964 0.00101332 0.00245967
63.72 0.460382 0.403196 0.363403 0.00275584 0.00116305 0.00244785
63.74 0.460476 0.403254 0.363487 0.00236158 0.0014666 0.00210306
63.76 0.460558 0.403327 0.363559 0.0020435 0.00182653 0.00181733
63.78 0.460636 0.403409 0.363637 0.00195212 0.00203751 0.0019352
63.8 0.460721 0.403487 0.363737 0.00210658 0.00196003 0.00251034
63.82 0.460816 0.403553 0.363868 0.00237477 0.00164451 0.00327385
63.84 0.460919 0.403604 0.364021 0.00258287 0.00127324 0.00382677
63.86 0.461024 0.403645 0.364178 0.00262965 0.00102946 0.00390646
63.88 0.461124 0.403685 0.364319 0.00251056 0.00100831 0.00352399
63.9 0.461216 0.403732 0.364435 0.00228884 0.0011542 0.00289986
63.92 0.461298 0.403782 0.364526 0.00204698 0.00125509 0.00227997
63.94 0.461371 0.403826 0.364597 0.00182847 0.00109415 0.0017912
63.96 0.461437 0.403852 0.364655 0.00164412 0.000662934 0.00143895
63.98 0.461498 0.403861 0.364703 0.00152804 0.000211127 0.00119936
64 0.461559 0.403864 0.364746 0.00153717 7.45917e-05 0.00107276
64.02 0.461627 0.403881 0.364788 0.00167984 0.000433004 0.00104287
64.04 0.461701 0.403928 0.364829 0.00186973 0.00117528 0.00102967
64.06 0.461781 0.404006 0.364866 0.00198341 0.00194643 0.000932585
64.08 0.461859 0.404099 0.364895 0.00195017 0.00233724 0.000725144
64.1 0.46193 0.404184 0.364915 0.00178764 0.00212459 0.000505669
64.12 0.461994 0.404241 0.364934 0.00158458 0.00141357 0.00045875
64.14 0.462051 0.404264 0.364963 0.00143845 0.000575808 0.000740346
64.16 0.462107 0.404265 0.365017 0.00138675 3.95779e-05 0.00133806
64.18 0.462162 0.404267 0.365097 0.00139438 4.89356e-05 0.00200718
64.2 0.462218 0.404288 0.365192 0.00140026 0.000523904 0.00237121
64.22 0.462274 0.404334 0.365279 0.0013839 0.00114068 0.00217132
64.24 0.46233 0.404397 0.365338 0.00139664 0.00158912 0.00148432
64.26 0.462391 0.404469 0.365366 0.00152315 0.00178841 0.000699289
64.28 0.462463 0.404544 0.365376 0.00181998 0.00186287 0.000257716
64.3 0.462554 0.404622 0.365391 0.00227323 0.00195287 0.000375517
64.32 0.462666 0.404705 0.36543 0.00278711 0.00207992 0.0009642
64.34 0.462794 0.404791 0.3655 0.00319451 0.00216256 0.00174016
64.36 0.462927 0.404876 0.365595 0.00333144 0.00211785 0.00237708
64.38 0.463052 0.404954 0.365701 0.00314252 0.00193853 0.00265665
64.4 0.463161 0.405022 0.365804 0.00272364 0.00171188 0.00257197
64.42 0.463253 0.405086 0.365896 0.00228531 0.00158536 0.00229818
64.44 0.463335 0.405153 0.365978 0.00206344 0.00167737 0.00204961
64.46 0.463423 0.405232 0.366055 0.0021868 0.00197789 0.00192958
64.48 0.463526 0.405325 0.36613 0.00258045 0.00233862 0.00188734
64.5 0.463646 0.405428 0.366203 0.00300951 0.00257282 0.00180916
64.52 0.463777 0.405531 0.366268 0.00325505 0.00257323 0.00163709
64.54 0.463907 0.405626 0.366325 0.00325617 0.00236014 0.00140854
64.56 0.464031 0.405709 0.366373 0.00309616 0.00208035 0.00122207
64.58 0.464147 0.405788 0.366421 0.00290765 0.00196996 0.0011876
64.6 0.464259 0.405877 0.366476 0.00279134 0.00222617 0.00136861
64.62 0.46437 0.40599 0.366545 0.00278444 0.00283358 0.00173026
64.64 0.464485 0.40613 0.366631 0.0028684 0.00349891 0.00215079
64.66 0.464605 0.406282 0.36673 0.00300846 0.00380334 0.00248377
64.68 0.464733 0.406422 0.366835 0.00319705 0.00349864 0.00262603
64.7 0.464871 0.40653 0.366938 0.00345713 0.00269752 0.00255664
64.72 0.465024 0.406603 0.367031 0.00381286 0.00182849 0.0023334
64.74 0.465193 0.406659 0.367113 0.00422896 0.00140697 0.00204228
64.76 0.465376 0.406728 0.367182 0.00457248 0.00172686 0.00174396
64.78 0.465562 0.406834 0.367241 0.00465845 0.0026508 0.00146677
64.8 0.465737 0.406981 0.36729 0.00435776 0.00366448 0.00122773
64.82 0.465885 0.407149 0.367333 0.00370884 0.0041964 0.00106618
64.84 0.466002 0.407308 0.367376 0.00293355 0.0039884 0.00106934
64.86 0.466096 0.407438 0.367429 0.00234496 0.00323932 0.00134636
64.88 0.466183 0.407535 0.367506 0.00218486 0.00242856 0.00192476
64.9 0.466283 0.407614 0.367612 0.00247946 0.0019784 0.00263133
64.92 0.466404 0.407695 0.367736 0.00303149 0.00202666 0.0031022
64.94 0.466546 0.407792 0.367855 0.00355167 0.00243082 0.00298775
64.96 0.466699 0.40791 0.367944 0.00382982 0.00293166 0.00222588
64.98 0.466852 0.408043 0.36799 0.00382032 0.00333344 0.00113402
65 0.466996 0.408187 0.367998 0.00360204 0.00358708 0.000214589
65.02 0.467128 0.408337 0.367992 0.0032953 0.00374854 -0.000165789
65.04 0.467248 0.408492 0.367993 0.00301265 0.00388018 2.61186e-05
65.06 0.467362 0.408651 0.368014 0.00283637 0.00398315 0.000535004
65.08 0.467474 0.408811 0.368055 0.00281318 0.00399336 0.00103371
65.1 0.467592 0.408964 0.368109 0.00293533 0.00383587 0.00133476
65.12 0.467716 0.409104 0.368167 0.00310823 0.00350243 0.00145316
65.14 0.467843 0.409228 0.368228 0.00317598 0.00309622 0.00153034
65.16 0.467964 0.409339 0.368296 0.00302001 0.00278259 0.00169836
65.18 0.46807 0.409446 0.368375 0.00265307 0.00267492 0.00197127
65.2 0.468159 0.409557 0.368464 0.0022331 0.00276706 0.00222835
65.22 0.468239 0.409676 0.368556 0.00198807 0.00296578 0.00229822
65.24 0.468322 0.409802 0.36864 0.00207836 0.00315627 0.00209362
65.26 0.468421 0.409931 0.368707 0.00246819 0.00322997 0.00168785
65.28 0.468537 0.410056 0.368758 0.00291046 0.00312649 0.00126591
65.3 0.468661 0.410172 0.368798 0.00308859 0.00288206 0.00100821
65.32 0.468773 0.410276 0.368839 0.00281515 0.00259857 0.0010104
65.34 0.468859 0.410369 0.368889 0.00213717 0.00234732 0.00126248
65.36 0.468911 0.410455 0.368956 0.00131428 0.00213415 0.00166228
65.38 0.46894 0.410533 0.369038 0.000705026 0.00194711 0.00206347
65.4 0.468963 0.410603 0.369132 0.000586932 0.0017706 0.00235233
65.42 0.469003 0.410666 0.369232 0.000998926 0.00157504 0.00250378
65.44 0.469072 0.41072 0.369335 0.00172012 0.0013443 0.00256437
65.46 0.469168 0.410765 0.369439 0.0024069 0.00111685 0.00259351
65.48 0.469278 0.410804 0.369543 0.00275379 0.000966685 0.00261805
65.5 0.469382 0.410841 0.369648 0.0025903 0.000938637 0.00261678
65.52 0.46946 0.410882 0.369749 0.00194299 0.00102463 0.00253222
65.54 0.469501 0.410929 0.369842 0.00104533 0.00117483 0.00230607
65.56 0.469511 0.410981 0.369919 0.000245391 0.00130179 0.00192347
65.58 0.469505 0.411034 0.369977 -0.000145393 0.00132869 0.00147034
65.6 0.469506 0.411085 0.370023 7.7692e-06 0.00127133 0.00114846
65.62 0.46953 0.411135 0.37007 0.000597807 0.00124276 0.00117524
65.64 0.469583 0.411189 0.370136 0.00133066 0.00134236 0.00163126
65.66 0.469658 0.41125 0.37023 0.00188983 0.00153962 0.00236983
65.68 0.469743 0.411318 0.370352 0.00211855 0.00169321 0.00304862
65.7 0.469827 0.411385 0.370484 0.00208552 0.00167579 0.00328393
65.72 0.469907 0.411443 0.370598 0.0020033 0.00145492 0.00286567
65.74 0.469989 0.411488 0.370675 0.00206542 0.00111011 0.00191175
65.76 0.470082 0.41152 0.370708 0.00230608 0.00080636 0.000840022
65.78 0.470185 0.411548 0.370715 0.0025838 0.000701382 0.000152113
65.8 0.470292 0.41158 0.370721 0.00268377 0.000813708 0.000161879
65.82 0.470392 0.411619 0.370754 0.00248812 0.000974019 0.000820942
65.84 0.470476 0.411657 0.370824 0.00210092 0.000952726 0.00175435
65.86 0.470549 0.411684 0.370924 0.00181925 0.000671648 0.00249545
65.88 0.470626 0.411696 0.371034 0.00194475 0.000300632 0.00275767
65.9 0.470729 0.411702 0.371136 0.00256479 0.000131541 0.00254211
65.92 0.470867 0.411715 0.371217 0.00345968 0.000333796 0.00203397
65.94 0.471036 0.411747 0.371274 0.00421089 0.00080612 0.00142461
65.96 0.471214 0.411797 0.371307 0.00445274 0.001237 0.000819373
65.98 0.471377 0.41185 0.371318 0.00407758 0.00132104 0.000279581
66 0.471508 0.411888 0.371314 0.00327823 0.000969764 -9.18294e-05
66.02 0.471607 0.411903 0.371309 0.00246299 0.000373806 -0.000137289
66.04 0.47169 0.411898 0.371319 0.00207436 -0.000121048 0.0002612
66.06 0.471784 0.411889 0.371361 0.00234731 -0.000240238 0.00103876
66.08 0.471909 0.411891 0.371436 0.00314058 4.64055e-05 0.00187512
66.1 0.47207 0.411912 0.371529 0.00401116 0.000531233 0.00232624
66.12 0.47225 0.41195 0.371615 0.00451949 0.00096194 0.0021441
66.14 0.472431 0.412001 0.371675 0.00451555 0.00126773 0.00151714
66.16 0.472598 0.412065 0.371714 0.00417297 0.0015922 0.000964123
66.18 0.47275 0.412149 0.371751 0.00380818 0.00209433 0.000933147
66.2 0.472897 0.412258 0.37181 0.0036675 0.00274134 0.00146833
66.22 0.473048 0.41239 0.371898 0.00378635 0.0032904 0.00220372
66.24 0.473208 0.412528 0.372005 0.00398385 0.00344235 0.00265782
66.26 0.473369 0.41265 0.372108 0.00402747 0.00307091 0.00258891
66.28 0.473523 0.412746 0.372194 0.00384781 0.00239166 0.00214498
66.3 0.473667 0.412821 0.372263 0.00361345 0.00188437 0.00171906
66.32 0.473811 0.4129 0.372328 0.00357986 0.00195217 0.00164587
66.34 0.473965 0.413004 0.372408 0.0038593 0.00262235 0.00198647
66.36 0.474138 0.413147 0.372509 0.00431528 0.00355582 0.00252065
66.38 0.474323 0.413319 0.372625 0.00464626 0.00429743 0.00290811
66.4 0.474507 0.4135 0.372741 0.00459393 0.00453949 0.00291009
66.42 0.474672 0.413671 0.372843 0.0041318 0.00425975 0.0025364
66.44 0.474812 0.413819 0.372924 0.00348725 0.00371063 0.00202822
66.46 0.474931 0.41395 0.372991 0.00298216 0.00327109 0.00168501
66.48 0.475044 0.414078 0.373058 0.00281397 0.00321685 0.00165174
66.5 0.475161 0.414221 0.373131 0.00293443 0.00356317 0.0018261
66.52 0.475285 0.414384 0.373209 0.00310439 0.00408311 0.00195865
66.54 0.475408 0.414563 0.373284 0.00307496 0.00445871 0.00186441
66.56 0.475519 0.414742 0.373347 0.00277419 0.00448156 0.0015779
66.58 0.475613 0.41491 0.3734 0.00234217 0.00419447 0.00133037
66.6 0.475693 0.415064 0.373454 0.00199912 0.00385979 0.00135357
66.62 0.475768 0.415214 0.37352 0.00188293 0.00374528 0.00165621
66.64 0.475848 0.415371 0.373599 0.00198296 0.00392374 0.00197489
66.66 0.475935 0.415541 0.373678 0.00219279 0.00424792 0.0019573
66.68 0.476031 0.415719 0.373736 0.00240057 0.00445322 0.00145499
66.7 0.476132 0.415891 0.373763 0.00252491 0.00430532 0.000690712
66.72 0.476232 0.416041 0.373769 0.00249501 0.00375123 0.000142439
66.74 0.476322 0.416161 0.373778 0.00225746 0.00300537 0.000216816
66.76 0.476395 0.416258 0.373816 0.00182419 0.00242785 0.000959327
66.78 0.476448 0.416349 0.373896 0.00131669 0.00226718 0.00200256
66.8 0.476486 0.416449 0.374007 0.000949176 0.00250727 0.00277105
66.82 0.476523 0.416566 0.37412 0.000934299 0.00291848 0.00281514
66.84 0.476577 0.416695 0.374202 0.00134801 0.00321727 0.00206755
66.86 0.476659 0.416824 0.374237 0.00204779 0.0032254 0.000875917
66.88 0.476768 0.416942 0.374229 0.00272751 0.00295561 -0.000214269
66.9 0.47689 0.417045 0.374198 0.0030549 0.00256415 -0.000768464
66.92 0.477003 0.417134 0.374172 0.00281882 0.00222955 -0.000647506
66.94 0.477086 0.417216 0.374172 0.00207181 0.0020634 -7.09029e-06
66.96 0.477133 0.4173 0.374205 0.00117052 0.00209398 0.000836227
66.98 0.477157 0.417392 0.374269 0.000609848 0.00230275 0.0015875
67 0.477186 0.417498 0.374353 0.000714336 0.00264021 0.00211077
67.02 0.477243 0.417618 0.374451 0.00142938 0.00300842 0.00244599
67.04 0.477337 0.417749 0.374559 0.00235674 0.00325724 0.00270205
67.06 0.477457 0.417878 0.374676 0.00298293 0.00324857 0.002932
67.08 0.477575 0.417996 0.3748 0.00296203 0.00294583 0.00309561
67.1 0.477668 0.418094 0.374925 0.0023102 0.00243806 0.00311299
67.12 0.477723 0.41817 0.375042 0.00138758 0.00190194 0.00293002
67.14 0.47775 0.418231 0.375144 0.000672412 0.00152781 0.00254913
67.16 0.47777 0.418288 0.375225 0.000499036 0.00142255 0.0020377
67.18 0.477807 0.418349 0.375287 0.000918055 0.00153338 0.00153141
67.2 0.477874 0.418416 0.375335 0.00169733 0.00167008 0.00121394
67.22 0.477973 0.418482 0.375385 0.00245341 0.00163718 0.00124969
67.24 0.478087 0.418537 0.375453 0.00285965 0.00137461 0.00169337
67.26 0.478199 0.418576 0.37555 0.00280719 0.000989885 0.00241517
67.28 0.478296 0.418603 0.375674 0.00242721 0.000680594 0.00309823
67.3 0.478376 0.418628 0.375809 0.00198528 0.000620949 0.00337852
67.32 0.478446 0.418662 0.375932 0.00174487 0.000834907 0.0030734
67.34 0.47852 0.418706 0.376024 0.00185377 0.00112162 0.00231452
67.36 0.47861 0.418753 0.376083 0.00226339 0.00116351 0.0014706
67.38 0.478721 0.418784 0.37612 0.00275848 0.000783477 0.0009258
67.4 0.478845 0.418789 0.376155 0.00310468 0.000107506 0.000875576
67.42 0.478972 0.418767 0.376205 0.003179 -0.000528557 0.0012385
67.44 0.479092 0.418734 0.376273 0.00300377 -0.000830087 0.00170371
67.46 0.479201 0.418705 0.376349 0.00272109 -0.000744178 0.00190796
67.48 0.479302 0.418685 0.376415 0.00252103 -0.000483085 0.00165111
67.5 0.479403 0.418671 0.376456 0.0025176 -0.000342105 0.00100941
67.52 0.479509 0.418654 0.376467 0.00267089 -0.000448689 0.000277668
67.54 0.479623 0.418628 0.376459 0.0028417 -0.000636329 -0.000202682
67.56 0.47974 0.418606 0.376449 0.00291816 -0.000551031 -0.000232115
67.58 0.479856 0.418608 0.376455 0.00289822 5.01047e-05 0.000133769
67.6 0.479971 0.41865 0.37648 0.00287399 0.00103757 0.000634085
67.62 0.480088 0.418727 0.376519 0.0029301 0.00192679 0.000980339
67.64 0.48021 0.418814 0.37656 0.00304825 0.00219408 0.00103023
67.66 0.480335 0.418881 0.376595 0.00312022 0.00166012 0.000860419
67.68 0.480457 0.418907 0.376623 0.00306158 0.000648013 0.000694213
67.7 0.480574 0.418899 0.376652 0.00291198 -0.000201554 0.000733571
67.72 0.480686 0.418886 0.376693 0.00280807 -0.000321514 0.00102284
67.74 0.4808 0.418903 0.376751 0.00286616 0.000429978 0.00144346
67.76 0.480924 0.41897 0.376824 0.00309968 0.00168514 0.00182733
67.78 0.481062 0.419083 0.376907 0.00343196 0.00281498 0.00209485
67.8 0.481212 0.419216 0.376999 0.00375879 0.00333107 0.00230082
67.82 0.481372 0.419342 0.377101 0.00398487 0.00315044 0.00252779
67.84 0.481533 0.419445 0.37721 0.00403786 0.00256912 0.00273653
67.86 0.481688 0.419526 0.37732 0.00388487 0.00202037 0.00274795
67.88 0.48183 0.419598 0.377416 0.00354823 0.00180473 0.00239397
67.9 0.481955 0.419676 0.377484 0.00311555 0.00195872 0.00171649
67.92 0.482064 0.419769 0.377526 0.00272291 0.00230874 0.00103223
67.94 0.482164 0.419874 0.377556 0.00250471 0.00263647 0.000769373
67.96 0.482266 0.419988 0.377603 0.00254857 0.00283331 0.00117552
67.98 0.48238 0.420105 0.377688 0.00285739 0.00294155 0.00211818
68 0.482512 0.420228 0.377813 0.00330381 0.00307564 0.00312305
68.02 0.482658 0.42036 0.377958 0.0036499 0.00330247 0.00361433
68.04 0.482806 0.420503 0.378087 0.00368608 0.00356348 0.00323359
68.06 0.482941 0.420651 0.37817 0.0033807 0.0036939 0.00207165
68.08 0.483058 0.420793 0.378196 0.00291025 0.00355161 0.000658094
68.1 0.48316 0.420919 0.378184 0.00256645 0.00316731 -0.000310234
68.12 0.483263 0.42103 0.37817 0.00256701 0.0027674 -0.000350027
68.14 0.483378 0.421135 0.378191 0.00287494 0.00263098 0.000536077
68.16 0.483505 0.421251 0.378265 0.00318621 0.00289075 0.00185446
68.18 0.483631 0.421388 0.378382 0.00314171 0.00343827 0.00290239
68.2 0.483735 0.421548 0.378509 0.00260897 0.00399651 0.00318191
68.22 0.483808 0.42172 0.378616 0.00181209 0.00429898 0.00267182
68.24 0.483856 0.421891 0.378687 0.00121297 0.00426013 0.00178095
68.26 0.483905 0.422051 0.378729 0.00120525 0.00400401 0.00104525
68.28 0.483977 0.4222 0.37876 0.00182332 0.00372983 0.000793097
68.3 0.484085 0.422342 0.3788 0.00268785 0.00354513 0.000991018
68.32 0.484214 0.422478 0.378854 0.00323542 0.00339307 0.00133866
68.34 0.484337 0.422603 0.378914 0.00307386 0.00312352 0.00150792
68.36 0.484427 0.422709 0.378968 0.00223432 0.00267293 0.00135587
68.38 0.484473 0.422797 0.379008 0.0011625 0.00218591 0.00099658
68.4 0.484491 0.422875 0.379036 0.000443996 0.00194855 0.000702257
68.42 0.484508 0.422962 0.379065 0.000433958 0.00217723 0.000715671
68.44 0.48455 0.423075 0.379109 0.00104092 0.00282228 0.00109611
68.46 0.484622 0.423217 0.379176 0.00179877 0.00355018 0.00167443
68.48 0.484709 0.423374 0.379261 0.00217629 0.00393625 0.00214245
68.5 0.484786 0.423523 0.379351 0.00193646 0.00371916 0.00223919
68.52 0.484838 0.423641 0.379428 0.00129705 0.00296179 0.00193302
68.54 0.484868 0.423723 0.379486 0.000750493 0.00203412 0.00144358
68.56 0.484896 0.423779 0.379529 0.000694372 0.00140574 0.00107836
68.58 0.484943 0.423833 0.37957 0.00116536 0.00135828 0.00101485
68.6 0.485017 0.423906 0.379618 0.00184891 0.00181304 0.00120125
68.62 0.485109 0.424002 0.379675 0.0023079 0.00239888 0.00144222
68.64 0.4852 0.42411 0.379738 0.00226601 0.00269629 0.00157672
68.66 0.485271 0.424209 0.379802 0.0017779 0.00247513 0.00158735
68.68 0.485318 0.42428 0.379865 0.00118063 0.00179311 0.00156911
68.7 0.485353 0.424318 0.379929 0.000866225 0.000946555 0.00161682
68.72 0.485394 0.424331 0.379998 0.00102441 0.00031269 0.00172594
68.74 0.485455 0.424337 0.38007 0.0015337 0.000149958 0.00178681
68.76 0.485538 0.424355 0.380138 0.00207179 0.000463188 0.00169468
68.78 0.485632 0.424396 0.380197 0.00235537 0.00100652 0.00147714
68.8 0.485726 0.424452 0.380249 0.00233659 0.00141523 0.00129781
68.82 0.485814 0.424509 0.380301 0.00221039 0.00140744 0.00131014
68.84 0.485903 0.424547 0.380362 0.00223825 0.000949985 0.00151541
68.86 0.486005 0.424557 0.380433 0.00254056 0.000267224 0.00177667
68.88 0.486126 0.424545 0.380511 0.00301521 -0.000308771 0.0019517
68.9 0.486262 0.424524 0.38059 0.00341693 -0.000533265 0.00198812
68.92 0.486403 0.424509 0.380668 0.00350927 -0.00036415 0.00193095
68.94 0.486531 0.424511 0.380742 0.00321496 4.27249e-05 0.0018599
68.96 0.486639 0.424528 0.380814 0.00269065 0.000431112 0.00180355
68.98 0.486729 0.424552 0.380883 0.00224429 0.000589806 0.0017196
69 0.486814 0.42457 0.380945 0.00212068 0.000465284 0.00155503
69.02 0.486906 0.424578 0.380998 0.00231386 0.000186519 0.00131126
69.04 0.48701 0.424577 0.381039 0.00259094 -1.17754e-05 0.00104121
69.06 0.487118 0.42458 0.381072 0.00271687 8.15299e-05 0.000818271
69.08 0.487225 0.4246 0.381101 0.00265366 0.000497933 0.000718626
69.1 0.487328 0.424641 0.381133 0.00257617 0.0010296 0.000796199
69.12 0.487436 0.424697 0.381175 0.00271992 0.00139038 0.00105379
69.14 0.487563 0.424755 0.381232 0.00316663 0.00145342 0.00144235
69.16 0.487713 0.424808 0.381308 0.00374055 0.00132154 0.0018799
69.18 0.487877 0.424856 0.381398 0.00411356 0.00120344 0.00224938
69.2 0.488039 0.424906 0.381493 0.00405248 0.00124409 0.00239396
69.22 0.488184 0.424964 0.381581 0.00362503 0.00145011 0.00218289
69.24 0.488311 0.425033 0.381646 0.00316052 0.0017308 0.00162978
69.26 0.48843 0.425113 0.381684 0.00297604 0.00198792 0.000958377
69.28 0.488555 0.425201 0.381705 0.00313932 0.00220455 0.000518373
69.3 0.488694 0.4253 0.381727 0.00346795 0.00246499 0.0005542
69.32 0.488842 0.425414 0.381767 0.00370486 0.00285019 0.00100788
69.34 0.48899 0.425546 0.381829 0.00370451 0.00331237 0.00153085
69.36 0.489131 0.425693 0.381897 0.00351345 0.00366474 0.00172136
69.38 0.489264 0.425841 0.381955 0.00331814 0.00369906 0.00142945
69.4 0.489396 0.425975 0.38199 0.00330339 0.00336188 0.000889389
69.42 0.489536 0.426089 0.382013 0.00350427 0.00285651 0.000572611
69.44 0.489687 0.426192 0.382048 0.00377192 0.00255915 0.000861702
69.46 0.489843 0.426303 0.382118 0.00390492 0.00277434 0.00176574
69.48 0.489995 0.426443 0.382234 0.00380759 0.00350338 0.00288429
69.5 0.490137 0.426619 0.382379 0.00354464 0.00441734 0.00364371
69.52 0.490269 0.426822 0.382524 0.00328189 0.00505626 0.00362008
69.54 0.490395 0.427026 0.382634 0.00316688 0.00509975 0.00275265
69.56 0.490524 0.427207 0.382689 0.00322692 0.00454267 0.00138082
69.58 0.490659 0.427356 0.382694 0.00336323 0.00371205 0.000105055
69.6 0.490796 0.42748 0.382673 0.003436 0.00310703 -0.000505251
69.62 0.490931 0.427605 0.382665 0.00337026 0.00311482 -0.000211159
69.64 0.491059 0.427756 0.382697 0.00320236 0.00376864 0.000791832
69.66 0.491181 0.427944 0.382777 0.00303857 0.00471653 0.00201959
69.68 0.4913 0.428162 0.382896 0.0029885 0.00544554 0.00295908
69.7 0.491424 0.428386 0.383027 0.00310078 0.00559847 0.00327665
69.72 0.491556 0.428591 0.383143 0.00329473 0.00513576 0.00289687
69.74 0.49169 0.428763 0.383222 0.00335491 0.00429922 0.00197302
69.76 0.491813 0.428902 0.383254 0.00306804 0.0034665 0.000805802
69.78 0.49191 0.42902 0.383244 0.00242408 0.00295756 -0.000238491
69.8 0.491977 0.429134 0.383213 0.00168938 0.00284987 -0.000795382
69.82 0.492028 0.429252 0.383188 0.00125166 0.00294962 -0.000620359
69.84 0.492082 0.429372 0.383198 0.00135682 0.00299016 0.000258818
69.86 0.492159 0.429487 0.383258 0.00192879 0.0028741 0.00149693
69.88 0.492263 0.429595 0.383361 0.00260142 0.00270672 0.00257586
69.9 0.492381 0.4297 0.383484 0.00295173 0.00261954 0.00306869
69.92 0.492492 0.429804 0.383598 0.00276428 0.0026016 0.00284405
69.94 0.492577 0.429904 0.383681 0.0021377 0.00250534 0.0020869
69.96 0.492632 0.429992 0.383728 0.00137455 0.00219366 0.00116457
69.98 0.492664 0.430059 0.383745 0.000783384 0.00167544 0.000445292
70 0.492684 0.430104 0.383752 0.000519267 0.00111675 0.000155933
70.02 0.492706 0.430133 0.383765 0.000534005 0.000730374 0.000330149
70.04 0.492732 0.430159 0.383799 0.000660506 0.000652682 0.000851314
70.06 0.492762 0.430195 0.38386 0.000757476 0.000888971 0.00153747
70.08 0.492795 0.430247 0.383949 0.000804054 0.00130651 0.00221178
70.1 0.492829 0.430314 0.384058 0.000864384 0.00167233 0.00272393
70.12 0.492867 0.430384 0.384176 0.000958328 0.00174725 0.00294429
70.14 0.492908 0.430439 0.384286 0.00101122 0.00139371 0.00276807
70.16 0.492946 0.430465 0.384373 0.000963873 0.000640536 0.00216068
70.18 0.492982 0.430454 0.384422 0.000886365 -0.000284493 0.00124111
70.2 0.49302 0.430414 0.384435 0.00094815 -0.0009852 0.000314031
70.22 0.49307 0.430371 0.384426 0.00125505 -0.00107899 -0.000233633
70.24 0.493138 0.430352 0.384421 0.00170831 -0.000479636 -0.000126019
70.26 0.49322 0.430371 0.384446 0.00203634 0.000479074 0.000641281
70.28 0.4933 0.430421 0.384517 0.00199336 0.0012449 0.00177642
70.3 0.493363 0.430478 0.38463 0.00157563 0.00142313 0.00282788
70.32 0.493406 0.430519 0.384766 0.00108759 0.00102181 0.00339798
70.34 0.493445 0.430535 0.384898 0.000970014 0.000407374 0.00330267
70.36 0.493504 0.430536 0.385003 0.00148372 4.15493e-05 0.00261975
70.38 0.493603 0.430543 0.385068 0.00248119 0.000166618 0.00161346
70.4 0.493742 0.430568 0.385091 0.00346216 0.000631099 0.000588974
70.42 0.493898 0.430609 0.385082 0.0038988 0.00101152 -0.000222103
70.44 0.494042 0.430647 0.385055 0.00359159 0.000952867 -0.000683489
70.46 0.494154 0.430665 0.385026 0.00279937 0.00044385 -0.000715502
70.48 0.494236 0.430658 0.385015 0.00206492 -0.000173232 -0.000289537
70.5 0.49431 0.430641 0.385036 0.00185246 -0.000428157 0.000524774
70.52 0.494401 0.430639 0.385097 0.00225974 -4.35088e-05 0.00152456
70.54 0.49452 0.430673 0.385193 0.00299171 0.000842749 0.00241156
70.56 0.494664 0.430742 0.38531 0.00359654 0.00174182 0.00291194
70.58 0.494815 0.430828 0.385427 0.00378047 0.00214855 0.00292012
70.6 0.494959 0.430904 0.385529 0.00358286 0.00189252 0.0025558
70.62 0.495091 0.430953 0.385612 0.00329892 0.00122866 0.00208057
70.64 0.495219 0.430978 0.385681 0.00320913 0.00062889 0.00173056
70.66 0.495353 0.430997 0.385745 0.00334884 0.000478479 0.001586
70.68 0.495493 0.431032 0.385807 0.00351191 0.000855013 0.00154686
70.7 0.495633 0.431092 0.385864 0.00349584 0.00150843 0.00143864
70.72 0.495766 0.431175 0.385911 0.00332705 0.00206725 0.00116729
70.74 0.495895 0.431267 0.385943 0.00322642 0.00229817 0.000792324
70.76 0.49603 0.431356 0.385962 0.00337149 0.00223739 0.000479211
70.78 0.496178 0.431441 0.385977 0.00368667 0.00211523 0.0003836
70.8 0.496333 0.431526 0.385999 0.00387163 0.00214096 0.000549608
70.82 0.496479 0.43162 0.386035 0.00366893 0.00234202 0.000905302
70.84 0.496604 0.431723 0.386089 0.00311033 0.00257427 0.00135395
70.86 0.496704 0.431829 0.386163 0.00251461 0.00265618 0.00183835
70.88 0.496795 0.431931 0.386255 0.00225496 0.00253797 0.00231287
70.9 0.496893 0.432026 0.386363 0.00247333 0.00238293 0.002677
70.92 0.497012 0.432124 0.386473 0.00295672 0.0024501 0.00276588
70.94 0.497143 0.432238 0.386571 0.00328905 0.0028586 0.00244091
70.96 0.49727 0.432377 0.38664 0.00317441 0.00346552 0.00171939
70.98 0.497377 0.432536 0.386673 0.00267746 0.00396535 0.000842097
71 0.497464 0.4327 0.386681 0.00217466 0.00411554 0.000181867
71.02 0.497547 0.432857 0.386682 0.0020703 0.00390874 4.30131e-05
71.04 0.497647 0.432999 0.386702 0.00249174 0.00356411 0.000496428
71.06 0.497774 0.433133 0.386756 0.00317184 0.00334843 0.00134452
71.08 0.497919 0.433268 0.386845 0.00363543 0.00337638 0.0022307
71.1 0.498062 0.43341 0.386958 0.00356112 0.00354635 0.00282799
71.12 0.498183 0.433557 0.387078 0.00303113 0.00366616 0.00298552
71.14 0.498282 0.433702 0.387188 0.00246793 0.00364482 0.00274696
71.16 0.498374 0.433845 0.387278 0.00231146 0.00356839 0.0022658
71.18 0.498481 0.43399 0.387346 0.00267771 0.00360883 0.00169487
71.2 0.498612 0.434144 0.387391 0.00326857 0.00385574 0.00112927
71.22 0.498757 0.434312 0.387417 0.00362025 0.00420463 0.000641837
71.24 0.498896 0.434488 0.387431 0.00348241 0.00440574 0.000347964
71.26 0.499016 0.434659 0.387445 0.00300271 0.00426229 0.000362514
71.28 0.499119 0.43481 0.387472 0.00257971 0.00379528 0.000672705
71.3 0.499221 0.434939 0.387517 0.00255063 0.00321758 0.00111274
71.32 0.49934 0.43505 0.387575 0.00295757 0.00277345 0.00145944
71.34 0.499481 0.435154 0.387637 0.00352794 0.00260459 0.00153928
71.36 0.499636 0.435262 0.387689 0.00387231 0.00269733 0.00132048
71.38 0.499786 0.435378 0.387728 0.00375616 0.00289367 0.000957049
71.4 0.499915 0.435497 0.387756 0.00323129 0.00297315 0.000701698
71.42 0.500017 0.435608 0.387784 0.0025574 0.00277444 0.000710907
71.44 0.500098 0.4357 0.387821 0.0020236 0.00229518 0.000924858
71.46 0.50017 0.435768 0.387867 0.0017944 0.00170325 0.00113395
71.48 0.500244 0.435817 0.387913 0.00183961 0.00122905 0.001161
71.5 0.500322 0.435858 0.387953 0.00196925 0.00102916 0.00101014
71.52 0.500402 0.435903 0.387988 0.00198048 0.00112615 0.000861595
71.54 0.500475 0.43596 0.388025 0.00182337 0.00142172 0.000915749
71.56 0.50054 0.43603 0.388073 0.00163012 0.00174205 0.00121699
71.58 0.500603 0.436106 0.388138 0.00157794 0.00189643 0.00160892
71.6 0.500672 0.436176 0.388212 0.00172414 0.00177059 0.00185623
71.62 0.500751 0.436233 0.388285 0.00197067 0.0014167 0.00182228
71.64 0.500837 0.436274 0.388347 0.00216775 0.00101958 0.00156814
71.66 0.500926 0.436304 0.3884 0.00222267 0.000758003 0.00130997
71.68 0.501012 0.436333 0.38845 0.00213189 0.000723263 0.00126571
71.7 0.50109 0.43637 0.38851 0.00196007 0.000926553 0.00149106
71.72 0.501162 0.436422 0.388583 0.00179997 0.00129367 0.00183111
71.74 0.501231 0.436489 0.388665 0.00171481 0.00167494 0.00203847
71.76 0.501299 0.436566 0.388744 0.00170938 0.00192558 0.00197863
71.78 0.501369 0.436645 0.388814 0.00175794 0.00198765 0.00175727
71.8 0.501442 0.436721 0.38888 0.00181803 0.00188842 0.00164913
71.82 0.501516 0.436788 0.388955 0.00185342 0.0016774 0.00187163
71.84 0.501591 0.436844 0.389051 0.00186312 0.00140798 0.00239532
71.86 0.501666 0.436891 0.389168 0.00187218 0.0011615 0.0029348
71.88 0.501741 0.436932 0.389293 0.00189714 0.00103837 0.00311234
71.9 0.501819 0.436976 0.389401 0.0019278 0.00109731 0.00270301
71.92 0.501895 0.437028 0.389474 0.00192163 0.00129174 0.00181703
71.94 0.501968 0.437086 0.389508 0.00180561 0.00145897 0.000853683
71.96 0.502029 0.437141 0.389517 0.00153264 0.00137524 0.000233076
71.98 0.502076 0.437177 0.389523 0.00118016 0.000900868 0.000150357
72 0.502115 0.437183 0.389545 0.000958601 0.000129612 0.000547286
72.02 0.502157 0.437158 0.389595 0.00106966 -0.000614403 0.00123982
72.04 0.502219 0.437119 0.389676 0.00153259 -0.000976619 0.00202591
72.06 0.502304 0.437086 0.389784 0.00214374 -0.000809883 0.00269757
72.08 0.502409 0.437076 0.389904 0.00260328 -0.000263728 0.00301949
72.1 0.502517 0.437089 0.390016 0.00270405 0.000314921 0.00278411
72.12 0.502615 0.437113 0.390094 0.00245846 0.00061093 0.00196119
72.14 0.502698 0.437135 0.390127 0.00208428 0.000553736 0.000813732
72.16 0.502773 0.437149 0.39012 0.00186429 0.000342842 -0.000177977
72.18 0.502852 0.437159 0.390097 0.00197855 0.00026286 -0.000573753
72.2 0.502948 0.437178 0.390087 0.00239471 0.000465087 -0.000238277
72.22 0.503064 0.437213 0.39011 0.00289286 0.000868605 0.000561996
72.24 0.503192 0.437262 0.390162 0.00321993 0.00123126 0.00130478
72.26 0.503323 0.437316 0.390224 0.00325443 0.00134672 0.00154397
72.28 0.503445 0.437364 0.390272 0.0030579 0.00120276 0.00121158
72.3 0.503557 0.437402 0.390299 0.00280219 0.000960767 0.000667467
72.32 0.503663 0.437434 0.390316 0.00265055 0.000799825 0.000430275
72.34 0.503769 0.437467 0.390347 0.0026498 0.000808397 0.000788267
72.36 0.503877 0.437506 0.390412 0.0027108 0.000993843 0.00160696
72.38 0.503986 0.437559 0.390509 0.0027163 0.00131549 0.00243618
72.4 0.504092 0.437627 0.390621 0.00265328 0.00169278 0.00280062
72.42 0.504197 0.437708 0.390721 0.00263227 0.00202976 0.00248823
72.44 0.504308 0.437798 0.390787 0.00276932 0.00225631 0.00166847
72.46 0.50443 0.437891 0.390818 0.00304866 0.00233204 0.000769283
72.48 0.504562 0.437981 0.390826 0.00329745 0.0022391 0.000192337
72.5 0.504693 0.438062 0.390829 0.00328323 0.00202697 8.7526e-05
72.52 0.504808 0.438137 0.390843 0.00286941 0.00186233 0.000351466
72.54 0.504895 0.438215 0.390875 0.00215899 0.00195969 0.00077845
72.56 0.504955 0.438311 0.390923 0.0015129 0.00241023 0.00119886
72.58 0.50501 0.438436 0.390984 0.00136735 0.00310464 0.00152457
72.6 0.505088 0.438588 0.391053 0.00195369 0.00381831 0.00172457
72.62 0.505213 0.438762 0.391124 0.0031185 0.00434572 0.00179047
72.64 0.505388 0.438945 0.391193 0.0043712 0.00457369 0.00171739
72.66 0.505593 0.439125 0.391254 0.00514175 0.00448459 0.00152606
72.68 0.505797 0.43929 0.391306 0.0050988 0.00413663 0.00131177
72.7 0.50597 0.439436 0.391356 0.00432801 0.00364352 0.0012336
72.72 0.506101 0.439562 0.391412 0.0032661 0.00316401 0.00141174
72.74 0.506199 0.439678 0.391485 0.00245206 0.00288997 0.00181596
72.76 0.506288 0.439797 0.391575 0.00223336 0.00297031 0.0022482
72.78 0.506391 0.439932 0.391673 0.00257921 0.00338648 0.00244619
72.8 0.506516 0.440089 0.391763 0.00312133 0.00391837 0.00224908
72.82 0.506653 0.440259 0.391831 0.00340688 0.00425558 0.00170132
72.84 0.506781 0.440426 0.391871 0.00319784 0.00416169 0.00101921
72.86 0.506885 0.44057 0.39189 0.00261655 0.00360479 0.000467452
72.88 0.506966 0.440682 0.3919 0.00202279 0.00280667 0.0002403
72.9 0.507036 0.440768 0.391916 0.00173598 0.00214945 0.000406545
72.92 0.507109 0.440846 0.391952 0.00184274 0.0019488 0.000907638
72.94 0.507198 0.440936 0.392016 0.00220683 0.00225402 0.00158351
72.96 0.507301 0.441049 0.392104 0.0025953 0.00281311 0.00221303
72.98 0.507414 0.441178 0.392207 0.00280589 0.00323421 0.00256707
73 0.507523 0.441308 0.392307 0.00274322 0.00325175 0.00249625
73.02 0.50762 0.441424 0.392387 0.00241389 0.00289305 0.00201015
73.04 0.507695 0.441521 0.392439 0.00189025 0.00241863 0.00128892
73.06 0.507748 0.441605 0.392463 0.00131732 0.00211036 0.00061367
73.08 0.507785 0.441688 0.392472 0.000913718 0.00208412 0.000234087
73.1 0.50782 0.441779 0.392482 0.000889658 0.00225464 0.00024938
73.12 0.507872 0.441876 0.392506 0.00129728 0.00242775 0.000578221
73.14 0.50795 0.441973 0.392547 0.00193991 0.00244519 0.00102825
73.16 0.508048 0.442064 0.392603 0.00246009 0.002271 0.00140568
73.18 0.508151 0.442143 0.392667 0.00256388 0.00196105 0.00160832
73.2 0.508239 0.442207 0.392734 0.00221783 0.00160691 0.0016669
73.22 0.508307 0.44226 0.392802 0.00167912 0.00132427 0.00170389
73.24 0.508359 0.442309 0.392874 0.00131968 0.00123805 0.00180386
73.26 0.508414 0.442366 0.39295 0.0013741 0.00142225 0.00189881
73.28 0.508485 0.442439 0.393022 0.00177691 0.00182692 0.00180002
73.3 0.508573 0.442529 0.393077 0.00220006 0.00225107 0.00136926
73.32 0.508665 0.442626 0.393105 0.00229194 0.00241509 0.000693092
73.34 0.508743 0.442711 0.393109 0.00194523 0.00213117 9.95523e-05
73.36 0.508798 0.44277 0.393108 0.00138107 0.00145977 -1.1901e-05
73.38 0.508837 0.442798 0.393131 0.000966543 0.000709694 0.0005638
73.4 0.508874 0.442809 0.393197 0.000927904 0.000272158 0.00165437
73.42 0.508923 0.442824 0.393308 0.00121889 0.000384655 0.00277114
73.44 0.508987 0.442864 0.393444 0.00160773 0.000983485 0.00340355
73.46 0.509062 0.442934 0.393577 0.00186591 0.00174536 0.00332964
73.48 0.509138 0.443025 0.393685 0.00191834 0.00227777 0.00270267
73.5 0.509213 0.443118 0.393761 0.00186931 0.00232193 0.00189147
73.52 0.509289 0.443192 0.39381 0.00188917 0.00186266 0.00123712
73.54 0.50937 0.443237 0.393846 0.00204078 0.00111484 0.00089394
73.56 0.509459 0.443253 0.393879 0.00221781 0.000408336 0.000823676
73.58 0.509549 0.443253 0.393915 0.00225721 6.12557e-06 0.000886982
73.6 0.509634 0.443253 0.393953 0.00210385 -8.10324e-06 0.000956167
73.62 0.509709 0.443265 0.393992 0.00188706 0.000305983 0.000989616
73.64 0.509783 0.443298 0.394033 0.00184025 0.000834176 0.00102486
73.66 0.509867 0.443357 0.394078 0.00210663 0.00145795 0.0011266
73.68 0.509971 0.443438 0.394132 0.00259644 0.0020414 0.00133599
73.7 0.510092 0.443535 0.394197 0.00303148 0.00241443 0.00163832
73.72 0.510218 0.443631 0.394276 0.00314229 0.00241023 0.0019663
73.74 0.510333 0.443709 0.394365 0.00287575 0.00195003 0.00223047
73.76 0.510432 0.443755 0.394459 0.00247027 0.00113298 0.00234108
73.78 0.510524 0.443765 0.394547 0.00231571 0.000266057 0.00221392
73.8 0.510631 0.443757 0.39462 0.00267009 -0.000218498 0.00180805
73.82 0.510769 0.443758 0.394667 0.00344196 2.85357e-05 0.00118444
73.84 0.510937 0.443799 0.394688 0.00421561 0.00103739 0.000509729
73.86 0.511118 0.443896 0.394687 0.00450917 0.00242774 -2.43116e-05
73.88 0.511281 0.444039 0.394675 0.00408204 0.00357501 -0.000302162
73.9 0.511404 0.444198 0.394662 0.00308537 0.00395879 -0.000310023
73.92 0.511484 0.444336 0.394659 0.00198513 0.00346361 -8.76965e-05
73.94 0.511536 0.444433 0.394671 0.00131417 0.00242195 0.000321802
73.96 0.511592 0.44449 0.394707 0.00140056 0.00140906 0.000883769
73.98 0.511681 0.444527 0.394769 0.00221239 0.000939886 0.00154184
74 0.511816 0.444576 0.394856 0.0033915 0.0012272 0.00218797
74.02 0.511994 0.44466 0.394962 0.00442914 0.00208486 0.00265889
74.04 0.512189 0.444781 0.395073 0.00488694 0.00302238 0.00276908
74.06 0.512372 0.444922 0.395169 0.00458014 0.00352772 0.0024028
74.08 0.512518 0.445057 0.395235 0.00364801 0.00337605 0.0016343
74.1 0.512618 0.445166 0.395265 0.00248909 0.00273117 0.000761001
74.12 0.512682 0.445246 0.395272 0.00160811 0.00200242 0.000160651
74.14 0.512739 0.44531 0.395274 0.00141472 0.00159396 6.57433e-05
74.16 0.51282 0.445378 0.395293 0.00201994 0.0017002 0.000462113
74.18 0.512946 0.445467 0.395339 0.00315064 0.002227 0.00115926
74.2 0.513117 0.445581 0.395415 0.00428757 0.00284912 0.00190283
74.22 0.513315 0.445708 0.395513 0.00493887 0.00318194 0.00245635
74.24 0.51351 0.445829 0.39562 0.00488486 0.00301799 0.00267365
74.26 0.513681 0.445927 0.395722 0.00428436 0.0024653 0.00254064
74.28 0.513824 0.446002 0.395808 0.00357379 0.00186652 0.00216048
74.3 0.513952 0.446064 0.395876 0.00319289 0.00155874 0.0016926
74.32 0.514084 0.446132 0.395927 0.00330713 0.00168783 0.00126945
74.34 0.514233 0.446218 0.395965 0.00371451 0.00216105 0.000946624
74.36 0.514393 0.446326 0.395994 0.0040133 0.00269882 0.000734493
74.38 0.514549 0.446445 0.39602 0.0038959 0.00296085 0.000644094
74.4 0.514683 0.446554 0.396048 0.00333832 0.00273283 0.000703835
74.42 0.514787 0.446637 0.396085 0.00260167 0.00207548 0.000935694
74.44 0.51487 0.44669 0.396138 0.00207454 0.00131913 0.00130976
74.46 0.514951 0.446725 0.396206 0.00203282 0.000874815 0.00171667
74.48 0.515049 0.446763 0.396286 0.00245809 0.000962386 0.00199641
74.5 0.515171 0.446822 0.396367 0.00304721 0.00146544 0.00201787
74.52 0.515307 0.446903 0.396437 0.00339017 0.00203163 0.00174419
74.54 0.515435 0.446996 0.396487 0.00319543 0.00232197 0.00125235
74.56 0.515534 0.447085 0.396515 0.00246994 0.00221316 0.000696797
74.58 0.515595 0.447157 0.396524 0.00153823 0.00181986 0.000234287
74.6 0.515629 0.447212 0.396523 0.000848237 0.0013616 -4.00239e-05
74.62 0.515656 0.447252 0.396518 0.000676595 0.000993068 -0.000116368
74.64 0.515695 0.447281 0.396517 0.000962643 0.000724512 -3.15005e-05
74.66 0.515751 0.447301 0.396525 0.00141573 0.000499402 0.000196963
74.68 0.515821 0.447314 0.396548 0.00174613 0.000324241 0.000578979
74.7 0.515893 0.447325 0.396592 0.00180287 0.000281356 0.00109643
74.72 0.515957 0.447342 0.396657 0.00159321 0.000436186 0.00163595
74.74 0.516005 0.447372 0.396736 0.00119186 0.000752666 0.00197926
74.76 0.516032 0.447416 0.396813 0.000681412 0.00109075 0.00191864
74.78 0.516039 0.447468 0.39687 0.000180206 0.00129673 0.00143651
74.8 0.516034 0.44752 0.396902 -0.000135362 0.00129724 0.0007809
74.82 0.51603 0.447564 0.396914 -8.21054e-05 0.0011119 0.000318221
74.84 0.516047 0.447597 0.396926 0.000409605 0.000814912 0.000282127
74.86 0.516096 0.447617 0.396951 0.00122043 0.000505169 0.000638537
74.88 0.516178 0.447629 0.396997 0.00205295 0.000294353 0.00114757
74.9 0.516279 0.44764 0.397059 0.00253616 0.000278229 0.00154554
74.92 0.516376 0.44766 0.397128 0.00242597 0.000490461 0.00172808
74.94 0.516447 0.447694 0.3972 0.00177659 0.000863693 0.00180674
74.96 0.516485 0.447743 0.397279 0.000934804 0.00123234 0.00196411
74.98 0.516499 0.447801 0.397369 0.000346685 0.00145136 0.00225197
75 0.51651 0.447863 0.39747 0.000299458 0.00154519 0.00252672
75.02 0.516542 0.447931 0.397573 0.000780721 0.00169453 0.00257481
75.04 0.516603 0.448013 0.397665 0.00153759 0.00205136 0.00231166
75.06 0.516694 0.448115 0.39774 0.00225801 0.00255476 0.00187612
75.08 0.516803 0.448233 0.397802 0.0027409 0.00293918 0.00153701
75.1 0.516922 0.448351 0.397862 0.0029716 0.00294593 0.0014898
75.12 0.517045 0.448453 0.397929 0.00306813 0.00255421 0.00169681
75.14 0.517171 0.448535 0.398005 0.00314667 0.00204856 0.0018967
75.16 0.5173 0.448609 0.398077 0.00323412 0.00184559 0.00180233
75.18 0.517432 0.448697 0.398131 0.00329079 0.00220482 0.00134514
75.2 0.517563 0.448818 0.398161 0.00327267 0.00302561 0.000757948
75.22 0.51769 0.448973 0.398179 0.00317996 0.00388968 0.000428503
75.24 0.517813 0.449147 0.398204 0.00307453 0.00434325 0.000625101
75.26 0.517935 0.449316 0.398256 0.00305089 0.00420831 0.0013057
75.28 0.518062 0.449463 0.398343 0.00318055 0.00369411 0.00216739
75.3 0.5182 0.449593 0.398456 0.00346133 0.00323229 0.00283379
75.32 0.518352 0.449719 0.398576 0.00378927 0.00315917 0.00300889
75.34 0.518511 0.449858 0.398679 0.00397837 0.00348304 0.00257491
75.36 0.518666 0.450014 0.398745 0.00386596 0.00390406 0.0016446
75.38 0.518804 0.450177 0.398767 0.00344393 0.00406506 0.000541624
75.4 0.518918 0.45033 0.398753 0.00286054 0.00382346 -0.000331091
75.42 0.51901 0.450463 0.398726 0.00231363 0.0033273 -0.000679345
75.44 0.519088 0.450578 0.398709 0.00194819 0.00287588 -0.000441309
75.46 0.519161 0.450686 0.398717 0.00181327 0.00271002 0.000219012
75.48 0.519236 0.450801 0.398758 0.00186962 0.00285147 0.00101497
75.5 0.519316 0.450924 0.398825 0.00200683 0.00308154 0.00167462
75.52 0.5194 0.451048 0.398907 0.00208863 0.00311003 0.00204089
75.54 0.519481 0.45116 0.39899 0.00204264 0.00280428 0.0020806
75.56 0.519558 0.451252 0.399063 0.00191189 0.00227873 0.00183059
75.58 0.519631 0.451324 0.399118 0.00182664 0.00180157 0.00137792
75.6 0.519708 0.451388 0.399154 0.0019246 0.0016089 0.000887834
75.62 0.519798 0.451458 0.399176 0.00226504 0.00173997 0.000564369
75.64 0.519909 0.451538 0.399196 0.00276177 0.00200205 0.000502071
75.66 0.520036 0.451622 0.399221 0.00317073 0.00211036 0.000607382
75.68 0.520164 0.451698 0.399249 0.00321173 0.00190301 0.000717882
75.7 0.520276 0.451756 0.399281 0.00279628 0.00144728 0.000780234
75.72 0.520363 0.451795 0.399316 0.00216581 0.000967475 0.000883065
75.74 0.520434 0.451823 0.399361 0.00179038 0.00069393 0.0011353
75.76 0.520517 0.451853 0.399423 0.00206431 0.00075707 0.00155082
75.78 0.520637 0.451899 0.399505 0.00300696 0.00114286 0.00203019
75.8 0.520805 0.451966 0.399601 0.00420857 0.00169439 0.00240467
75.82 0.521008 0.452053 0.399701 0.00507207 0.0021569 0.00251434
75.84 0.521216 0.452144 0.399794 0.00518673 0.002276 0.00230693
75.86 0.521399 0.452221 0.399869 0.0045804 0.00193295 0.00189338
75.88 0.521546 0.45227 0.399929 0.00368226 0.0012301 0.00148343
75.9 0.521668 0.452289 0.399978 0.00304947 0.000462135 0.00124346
75.92 0.521789 0.452288 0.400027 0.00302533 -2.22856e-05 0.00120344
75.94 0.521931 0.452288 0.400077 0.00353041 4.14188e-07 0.00126383
75.96 0.522096 0.452308 0.400128 0.00413987 0.000504713 0.00127794
75.98 0.522272 0.452357 0.400174 0.00440866 0.00122619 0.00115537
76 0.52244 0.452429 0.400212 0.00417979 0.00179838 0.000930405
76.02 0.522585 0.452507 0.400242 0.00362784 0.00194407 0.000752123
76.04 0.522707 0.452572 0.400273 0.00305143 0.00164191 0.000788833
76.06 0.522812 0.452618 0.400317 0.00262898 0.00115215 0.00109514
76.08 0.522905 0.452652 0.400378 0.00233555 0.00083666 0.00153467
76.1 0.522987 0.452687 0.400452 0.00204657 0.000875522 0.00184279
76.12 0.523057 0.452731 0.400525 0.00173315 0.00111297 0.00181995
76.14 0.523119 0.452778 0.400585 0.00154846 0.00116626 0.00149609
76.16 0.523186 0.452807 0.400629 0.00168673 0.000733064 0.00110196
76.18 0.523273 0.452802 0.400665 0.00217284 -0.000126271 0.00089178
76.2 0.523384 0.452763 0.400703 0.00277051 -0.000972291 0.000960113
76.22 0.523507 0.452712 0.400751 0.00308711 -0.00127704 0.0011924
76.24 0.52362 0.452681 0.400806 0.00281529 -0.000792128 0.00138147
76.26 0.523698 0.452692 0.400862 0.00195506 0.000289171 0.00141044
76.28 0.523732 0.45275 0.400916 0.000838117 0.00144833 0.00133675
76.3 0.523729 0.452836 0.400969 -7.32538e-05 0.00215015 0.00131973
76.32 0.523711 0.452922 0.401027 -0.000442838 0.0021513 0.0014628
76.34 0.523703 0.452987 0.401095 -0.000197251 0.00160609 0.00170208
76.36 0.523722 0.453023 0.401169 0.0004694 0.000903116 0.00184873
76.38 0.52377 0.453039 0.401239 0.00119429 0.000409205 0.00175128
76.4 0.523835 0.453051 0.401296 0.00163898 0.000309242 0.00141548
76.42 0.523901 0.453074 0.401336 0.00165471 0.000563701 0.00100004
76.44 0.523953 0.453112 0.401365 0.00130296 0.00095939 0.000717359
76.46 0.523984 0.453162 0.401392 0.000770927 0.00124493 0.000687282
76.48 0.523995 0.453214 0.401426 0.0002783 0.00128956 0.000844823
76.5 0.523996 0.45326 0.401466 1.0257e-05 0.00116779 0.000992369
76.52 0.523998 0.453305 0.401504 6.15366e-05 0.00112008 0.000960026
76.54 0.524015 0.45336 0.401533 0.00040847 0.00137804 0.000739333
76.56 0.524052 0.453439 0.401554 0.00094298 0.00196815 0.00050159
76.58 0.524114 0.453545 0.401573 0.00153205 0.00265997 0.000487722
76.6 0.524195 0.45367 0.401606 0.00202531 0.00312163 0.000814328
76.62 0.524284 0.453796 0.401659 0.00224393 0.00314784 0.00133733
76.64 0.524367 0.453907 0.401728 0.00206764 0.00277998 0.00172767
76.66 0.52443 0.453998 0.401797 0.00157396 0.00227142 0.00170992
76.68 0.524472 0.454076 0.401847 0.00105777 0.00193372 0.0012525
76.7 0.524508 0.454153 0.40187 0.000883076 0.00193211 0.000580006
76.72 0.524558 0.45424 0.401872 0.00125205 0.00217158 4.3023e-05
76.74 0.52464 0.454336 0.401869 0.00204742 0.00240437 -5.90193e-05
76.76 0.524755 0.454435 0.401884 0.00288903 0.00247036 0.000371436
76.78 0.524889 0.454532 0.401931 0.00335485 0.00242697 0.00116516
76.8 0.525018 0.454631 0.402009 0.00321138 0.00248909 0.00196656
76.82 0.52512 0.454745 0.402107 0.00255564 0.00284267 0.00243554
76.84 0.525192 0.454883 0.402204 0.0018015 0.00344517 0.00243233
76.86 0.525251 0.455042 0.402287 0.00147824 0.00397173 0.00206923
76.88 0.525328 0.455203 0.402352 0.00190704 0.00401953 0.00161594
76.9 0.525446 0.45534 0.402405 0.00296168 0.0034367 0.0013419
76.92 0.525611 0.455439 0.40246 0.00413541 0.0024687 0.00137986
76.94 0.525806 0.455503 0.402527 0.00486346 0.0016051 0.00166527
76.96 0.526 0.455554 0.402607 0.00485677 0.0012753 0.00199034
76.98 0.52617 0.455618 0.402692 0.00424416 0.00159153 0.00213675
77 0.526309 0.455709 0.402772 0.00346489 0.00229513 0.00200986
77.02 0.526427 0.455827 0.40284 0.00297045 0.00295047 0.00167848
77.04 0.526546 0.455957 0.402892 0.00296127 0.00324115 0.00130895
77.06 0.526679 0.456084 0.402935 0.00334014 0.00316089 0.00107353
77.08 0.526833 0.456201 0.402978 0.00383389 0.00293109 0.00106809
77.1 0.527 0.45631 0.403028 0.00417216 0.00274107 0.00125507
77.12 0.527168 0.456414 0.403087 0.00421751 0.00259901 0.00148678
77.14 0.527329 0.45651 0.403152 0.0040261 0.00238603 0.00162158
77.16 0.527482 0.456591 0.403218 0.0038113 0.00202156 0.00164134
77.18 0.527633 0.456654 0.403284 0.00377802 0.00158658 0.00165427
77.2 0.527792 0.456706 0.403355 0.00398044 0.00130286 0.00176238
77.22 0.527964 0.456761 0.403432 0.00430542 0.00138034 0.00192953
77.24 0.528146 0.456836 0.403512 0.00454772 0.00185349 0.00201034
77.26 0.528328 0.456937 0.403588 0.00453297 0.00252906 0.00189544
77.28 0.528497 0.45706 0.403652 0.00422193 0.00308194 0.00159637
77.3 0.528646 0.45719 0.4037 0.00372865 0.00324404 0.00120851
77.32 0.528775 0.457308 0.403734 0.00323484 0.00295828 0.000840051
77.34 0.528891 0.457404 0.403757 0.00288502 0.00239052 0.000574697
77.36 0.529 0.457476 0.403776 0.00273669 0.00181281 0.000479766
77.38 0.529111 0.457534 0.4038 0.00276259 0.0014324 0.000611672
77.4 0.529226 0.457585 0.403839 0.00288741 0.00127539 0.000966635
77.42 0.529348 0.457634 0.403896 0.00305046 0.00122798 0.00142451
77.44 0.529477 0.457681 0.403967 0.00323115 0.00119127 0.00177652
77.46 0.529613 0.457728 0.40404 0.00339349 0.00117534 0.0018253
77.48 0.52975 0.457779 0.4041 0.0034268 0.00125766 0.00149639
77.5 0.529878 0.457838 0.404136 0.00318645 0.00147326 0.000902049
77.52 0.529982 0.457908 0.404148 0.00262248 0.00175296 0.000309798
77.54 0.530057 0.457986 0.404148 0.00186308 0.00195208 -9.76073e-07
77.56 0.530104 0.458063 0.404151 0.00117688 0.00194109 7.42997e-05
77.58 0.530138 0.458132 0.404167 0.000851677 0.00170671 0.0003902
77.6 0.53018 0.458187 0.404194 0.00104759 0.00138346 0.000683647
77.62 0.530248 0.458234 0.404225 0.00169166 0.0011778 0.000777029
77.64 0.530347 0.458284 0.404253 0.0024893 0.00124368 0.000682031
77.66 0.53047 0.458347 0.404276 0.00306478 0.00157019 0.000572577
77.68 0.530596 0.458425 0.404302 0.00315542 0.00195128 0.000652212
77.7 0.530706 0.45851 0.404342 0.00275888 0.00211771 0.000997639
77.72 0.530792 0.458586 0.404401 0.00212881 0.00191775 0.0014882
77.74 0.530856 0.458642 0.404477 0.00160435 0.00139122 0.00188618
77.76 0.530912 0.458671 0.404557 0.0014092 0.000736146 0.00201536
77.78 0.530974 0.45868 0.404633 0.001546 0.000212961 0.0018856
77.8 0.531047 0.458681 0.404699 0.00183386 2.26571e-05 0.001657
77.82 0.53113 0.458689 0.404758 0.00206717 0.000209627 0.00148927
77.84 0.531217 0.458715 0.404815 0.00217079 0.000641946 0.00141025
77.86 0.531305 0.458759 0.404868 0.00219604 0.00109525 0.00133164
77.88 0.531393 0.458814 0.404916 0.00220201 0.00137745 0.00119294
77.9 0.53148 0.45887 0.404959 0.0021695 0.00140509 0.00107946
77.92 0.531561 0.458919 0.405006 0.00202599 0.00122161 0.00118107
77.94 0.53163 0.458958 0.405071 0.00173901 0.000969921 0.00162269
77.96 0.531686 0.45899 0.405164 0.00138874 0.000812159 0.00231932
77.98 0.531732 0.459023 0.405283 0.00116219 0.000823313 0.00297899
78 0.531782 0.45906 0.405414 0.00124747 0.000927861 0.00327066
78.02 0.531849 0.459098 0.405535 0.00167523 0.000944855 0.00302745
78.04 0.531938 0.459128 0.405629 0.00223587 0.000740894 0.00234535
78.06 0.532042 0.459142 0.40569 0.00257949 0.000373354 0.00152465
78.08 0.53214 0.459146 0.405726 0.00246919 7.63101e-05 0.00090827
78.1 0.53222 0.459149 0.405755 0.00197995 9.81212e-05 0.000720962
78.12 0.532278 0.45917 0.405794 0.00145105 0.000524807 0.000984943
78.14 0.532327 0.459218 0.405855 0.00124155 0.00118507 0.00151315
78.16 0.532387 0.459287 0.405934 0.00148913 0.00172517 0.00197815
78.18 0.532468 0.459361 0.406017 0.00202407 0.00186521 0.00208549
78.2 0.532568 0.459427 0.406088 0.00249394 0.00163707 0.00177625
78.22 0.532672 0.459482 0.40614 0.00260668 0.00136565 0.00127678
78.24 0.532764 0.459537 0.406176 0.00230803 0.00139598 0.000908134
78.26 0.532836 0.45961 0.406209 0.00180065 0.00180642 0.000827041
78.28 0.532893 0.459703 0.406246 0.00141519 0.00234048 0.000931788
78.3 0.53295 0.459807 0.406286 0.00141709 0.00260487 0.001001
78.32 0.533025 0.459902 0.406323 0.00187618 0.00237367 0.000916279
78.34 0.533131 0.459974 0.406353 0.00267093 0.00179194 0.000748498
78.36 0.533274 0.460027 0.406379 0.003565 0.0013324 0.000658886
78.38 0.533445 0.460086 0.406409 0.00427282 0.00146384 0.000743967
78.4 0.533626 0.460177 0.406448 0.00453576 0.00227852 0.000967303
78.42 0.533796 0.460313 0.406496 0.00423326 0.00340418 0.00120182
78.44 0.533934 0.460482 0.406548 0.00346123 0.00422766 0.00130561
78.46 0.534036 0.460653 0.406596 0.00253725 0.00425943 0.00119742
78.48 0.534111 0.460791 0.406633 0.0018926 0.00344839 0.000932839
78.5 0.534186 0.460881 0.406662 0.00186957 0.00224826 0.000717242
78.52 0.534287 0.460935 0.406693 0.0025324 0.00135703 0.000778374
78.54 0.534431 0.460986 0.40674 0.00359923 0.00128908 0.00117257
78.56 0.534614 0.46107 0.406808 0.00455891 0.00208471 0.00170419
78.58 0.534812 0.461203 0.406891 0.00495203 0.0033356 0.00206385
78.6 0.534998 0.46138 0.406973 0.00465886 0.00442704 0.00206897
78.62 0.535158 0.461575 0.407045 0.00399751 0.00485689 0.00179065
78.64 0.535298 0.461755 0.407104 0.00350757 0.00450055 0.00146692
78.66 0.535441 0.461901 0.407155 0.00355756 0.00366315 0.00129417
78.68 0.535604 0.462016 0.407207 0.00407837 0.00286222 0.00128096
78.7 0.535789 0.462115 0.407258 0.00463169 0.0024924 0.00129164
78.72 0.535979 0.46222 0.407307 0.00475344 0.00262391 0.00121973
78.74 0.536151 0.462342 0.407351 0.00429178 0.00304985 0.00110451
78.76 0.53629 0.462481 0.407395 0.00347648 0.00345681 0.00108124
78.78 0.536398 0.462624 0.407444 0.00271047 0.00359117 0.00123911
78.8 0.53649 0.462759 0.407505 0.00229666 0.00336654 0.00153316
78.82 0.536582 0.462874 0.407578 0.0022927 0.00288623 0.00180769
78.84 0.536683 0.462969 0.407653 0.00253315 0.00237709 0.00188666
78.86 0.536794 0.463052 0.407721 0.00277257 0.0020614 0.00168978
78.88 0.536908 0.463134 0.407774 0.00283543 0.00205913 0.00131999
78.9 0.537014 0.463228 0.407814 0.00266764 0.00234627 0.00102098
78.92 0.537106 0.463338 0.407854 0.00228872 0.0027545 0.00099234
78.94 0.537175 0.46346 0.407903 0.00173512 0.00303714 0.00121526
78.96 0.537217 0.463579 0.407962 0.00105601 0.0029845 0.00147333
78.98 0.537232 0.46368 0.408024 0.000369115 0.00253084 0.00155978
79 0.537228 0.463752 0.408082 -0.000103083 0.00179239 0.00145513
79.02 0.537223 0.463792 0.408135 -0.000118774 0.000995203 0.00131636
79.04 0.537239 0.463806 0.408188 0.000390818 0.000352251 0.00132462
79.06 0.537286 0.463806 0.408249 0.00116939 1.86379e-06 0.00152847
79.08 0.537355 0.463806 0.408321 0.00171935 -4.38729e-06 0.00179254
79.1 0.53742 0.463817 0.408396 0.00162969 0.000284293 0.00187617
79.12 0.537455 0.463847 0.40846 0.000888457 0.000738606 0.00159877
79.14 0.537452 0.463895 0.4085 -8.46468e-05 0.00120501 0.000992914
79.16 0.537423 0.463957 0.408512 -0.0007105 0.00153971 0.000307297
79.18 0.537399 0.464022 0.408506 -0.000604504 0.00163671 -0.000145505
79.2 0.537407 0.46408 0.408499 0.000203298 0.00146024 -0.000182209
79.22 0.53746 0.464123 0.408505 0.00130379 0.00105934 0.000148753
79.24 0.537547 0.464145 0.408529 0.00218202 0.000552938 0.000614091
79.26 0.537649 0.464149 0.408567 0.00254506 9.55305e-05 0.000956818
79.28 0.537747 0.464143 0.40861 0.00246558 -0.000155433 0.00107097
79.3 0.537837 0.464139 0.408652 0.00223858 -9.08668e-05 0.00104815
79.32 0.537921 0.46415 0.408695 0.00211214 0.000274661 0.00106503
79.34 0.538007 0.464182 0.408744 0.00213731 0.000792838 0.00123126
79.36 0.538096 0.464233 0.408805 0.00224004 0.00127237 0.00152634
79.38 0.538191 0.464296 0.408879 0.00237045 0.00157848 0.00183584
79.4 0.538293 0.464363 0.408959 0.00254514 0.00168873 0.00201895
79.42 0.538405 0.464431 0.409038 0.00278851 0.00169534 0.00197155
79.44 0.538527 0.464501 0.409105 0.00307292 0.00175691 0.00167441
79.46 0.53866 0.46458 0.409153 0.00330313 0.00197944 0.00118526
79.48 0.538794 0.464672 0.409177 0.00335137 0.00229196 0.000603283
79.5 0.538919 0.464772 0.40918 0.00312939 0.00248441 7.93385e-05
79.52 0.539026 0.464868 0.409174 0.00267757 0.00241782 -0.000151915
79.54 0.539115 0.464955 0.40918 0.00222844 0.00216368 0.000163568
79.56 0.539201 0.465032 0.409225 0.00214448 0.0019216 0.00110612
79.58 0.539308 0.465105 0.409322 0.00267404 0.0018401 0.00242355
79.6 0.539455 0.465183 0.409465 0.00368345 0.00193403 0.00358366
79.62 0.539641 0.465267 0.409626 0.00464648 0.00212017 0.00403642
79.64 0.53984 0.465358 0.409768 0.00497756 0.00227313 0.00352995
79.66 0.540018 0.465449 0.409859 0.00445375 0.0022727 0.00227936
79.68 0.540154 0.465532 0.409893 0.00339205 0.00207986 0.000863249
79.7 0.540252 0.465605 0.409889 0.00244587 0.00180232 -0.000110073
79.72 0.540339 0.465669 0.409876 0.00217167 0.00162228 -0.000329272
79.74 0.540445 0.465734 0.40988 0.00265848 0.00162505 0.000104382
79.76 0.540585 0.465804 0.409912 0.00349516 0.00173949 0.000800033
79.78 0.540749 0.465878 0.409966 0.00409926 0.00185113 0.00134406
79.8 0.540914 0.465955 0.410027 0.00413062 0.00191524 0.00154113
79.82 0.541061 0.466032 0.410086 0.00367495 0.00194127 0.00146382
79.84 0.541185 0.466109 0.410138 0.00309487 0.00192116 0.00131181
79.86 0.541294 0.466182 0.410188 0.00272379 0.00182897 0.00123046
79.88 0.5414 0.466249 0.410237 0.00265219 0.00167543 0.00123817
79.9 0.541509 0.46631 0.410288 0.00272406 0.00152437 0.00127839
79.92 0.541617 0.466369 0.41034 0.00271521 0.00146207 0.00129197
79.94 0.54172 0.466431 0.41039 0.00256207 0.001546 0.00125502
79.96 0.541818 0.466501 0.410437 0.00244039 0.00175217 0.00118234
79.98 0.541921 0.466579 0.410481 0.00258215 0.0019508 0.0010865
80 0.542041 0.466657 0.410518 0.00300333 0.00196535 0.000933267
80.02 0.542179 0.466726 0.410545 0.00344058 0.00171621 0.000677979
80.04 0.542321 0.466779 0.41056 0.00356982 0.00132854 0.000375587
80.06 0.542452 0.466822 0.410569 0.00327739 0.00107829 0.000215134
80.08 0.542562 0.46687 0.410584 0.00273746 0.00119087 0.000389463
80.1 0.542653 0.466936 0.410621 0.00228012 0.00165977 0.000911245
80.12 0.542739 0.467027 0.410683 0.00215867 0.00225797 0.00154889
80.14 0.542835 0.467134 0.410761 0.00238888 0.00268746 0.00195404
80.16 0.542946 0.467244 0.410837 0.00277556 0.00274665 0.00189117
80.18 0.543069 0.467342 0.410893 0.00307806 0.0024428 0.00139731
80.2 0.543196 0.467421 0.410923 0.00316431 0.00197967 0.000767158
80.22 0.543317 0.467485 0.410938 0.0030366 0.00160944 0.00037606
80.24 0.543428 0.467544 0.410956 0.00276335 0.00146705 0.000443655
80.26 0.543525 0.467605 0.410992 0.00243105 0.00151681 0.000892841
80.28 0.543611 0.46767 0.411048 0.00214261 0.00162617 0.00141657
80.3 0.543691 0.467737 0.411117 0.00199893 0.00168461 0.00170748
80.32 0.543772 0.467804 0.411183 0.00203929 0.00167101 0.00165341
80.34 0.54386 0.467869 0.411237 0.00219536 0.00162481 0.00135607
80.36 0.543953 0.467932 0.411278 0.00231473 0.00158118 0.00102001
80.38 0.544042 0.467994 0.411311 0.00223367 0.00155538 0.0008169
80.4 0.544116 0.468056 0.411342 0.00186075 0.00153882 0.000789529
80.42 0.544167 0.468115 0.411376 0.00127068 0.0014761 0.00085647
80.44 0.544196 0.468166 0.411413 0.000727703 0.00128692 0.0009085
80.46 0.544218 0.468204 0.411449 0.000549605 0.000947996 0.000915653
80.48 0.544253 0.468226 0.411488 0.000878326 0.000551139 0.000966936
80.5 0.544316 0.468237 0.411537 0.00156812 0.000275595 0.00121272
80.52 0.544408 0.468249 0.411605 0.00229097 0.000293216 0.00172218
80.54 0.544517 0.468276 0.411699 0.00273455 0.000680383 0.00234491
80.56 0.544627 0.468332 0.411809 0.00274557 0.00138135 0.00273724
80.58 0.544723 0.46842 0.411913 0.00239085 0.0022174 0.00259787
80.6 0.5448 0.468538 0.41199 0.00192306 0.00293609 0.00192555
80.62 0.544865 0.46867 0.412033 0.00163244 0.00329565 0.00107859
80.64 0.544931 0.468796 0.412055 0.00166015 0.0031715 0.000553957
80.66 0.545008 0.468902 0.41208 0.00192561 0.00263931 0.000636853
80.68 0.545097 0.46898 0.412129 0.0022238 0.0019621 0.00120686
80.7 0.545193 0.469039 0.412203 0.00240553 0.00147131 0.00185835
80.72 0.545292 0.469095 0.412292 0.00246806 0.00139774 0.00221606
80.74 0.545392 0.469165 0.412379 0.00249058 0.00173848 0.00217857
80.76 0.545493 0.469255 0.412456 0.00252263 0.00225527 0.00192494
80.78 0.545595 0.46936 0.412524 0.00254636 0.00262958 0.00170727
80.8 0.545695 0.469467 0.412589 0.00251896 0.00267982 0.00160986
80.82 0.545792 0.469566 0.412648 0.00242198 0.00246523 0.00148947
80.84 0.545884 0.469654 0.412694 0.00229733 0.00221209 0.0011481
80.86 0.545974 0.46974 0.412716 0.00223851 0.00214187 0.00055027
80.88 0.546066 0.469832 0.412711 0.00231383 0.00230045 -0.000122349
80.9 0.546165 0.469933 0.412688 0.0024794 0.00250838 -0.00058531
80.92 0.546268 0.470032 0.412663 0.0025728 0.00249881 -0.0006107
80.94 0.546365 0.470119 0.412657 0.00242081 0.0021645 -0.000146621
80.96 0.546444 0.470186 0.412683 0.00198149 0.00167273 0.000645033
80.98 0.5465 0.470239 0.412742 0.00138663 0.00131417 0.0014635
81 0.546534 0.470289 0.412822 0.000865197 0.0012625 0.00201208
81.02 0.54656 0.470348 0.412907 0.00063988 0.00148142 0.00212637
81.04 0.546594 0.470421 0.41298 0.000851882 0.00181322 0.00182597
81.06 0.546655 0.470506 0.413031 0.00152172 0.0021202 0.00127591
81.08 0.546756 0.470599 0.41306 0.00251642 0.00234088 0.00070503
81.1 0.546898 0.470698 0.413073 0.00355304 0.00246554 0.000324728
81.12 0.547069 0.470798 0.413083 0.0042877 0.00250168 0.000252098
81.14 0.547248 0.470896 0.413101 0.00445713 0.00245371 0.0004586
81.16 0.547408 0.470989 0.413133 0.00401607 0.00233367 0.00079117
81.18 0.547536 0.471077 0.413175 0.00319835 0.00218215 0.00106466
81.2 0.547634 0.471159 0.413222 0.00243497 0.00206721 0.0011681
81.22 0.547719 0.471242 0.413266 0.00214669 0.00205434 0.0011111
81.24 0.54782 0.471328 0.413306 0.00250704 0.00216454 0.00099126
81.26 0.547953 0.471422 0.413343 0.00333484 0.0023479 0.000933338
81.28 0.548122 0.471522 0.413385 0.00422009 0.00251052 0.00103419
81.3 0.548313 0.471626 0.413437 0.00477483 0.00259091 0.00131563
81.32 0.548506 0.471731 0.413505 0.0048237 0.0026099 0.00170125
81.34 0.548684 0.471836 0.413587 0.00445295 0.00264045 0.0020362
81.36 0.548841 0.471945 0.413673 0.00392589 0.00272695 0.0021497
81.38 0.548982 0.472058 0.413751 0.0035206 0.00283021 0.00194963
81.4 0.549117 0.472173 0.413811 0.00337095 0.0028535 0.00150166
81.42 0.549253 0.472282 0.413852 0.00341308 0.00272748 0.0010153
81.44 0.549392 0.472381 0.413881 0.00346411 0.00248014 0.000728115
81.46 0.549526 0.472469 0.413911 0.00335392 0.00221166 0.000767532
81.48 0.549647 0.472549 0.413954 0.00303306 0.00198899 0.00107135
81.5 0.549752 0.47262 0.414012 0.00261447 0.00178349 0.00143205
81.52 0.549844 0.472681 0.414077 0.00230586 0.00152519 0.00163902
81.54 0.549934 0.472729 0.414141 0.00224768 0.00120453 0.00160616
81.56 0.55003 0.472767 0.414197 0.00240452 0.000928909 0.00139531
81.58 0.550135 0.472801 0.414243 0.00261834 0.000872315 0.00115165
81.6 0.550244 0.472847 0.414284 0.00273526 0.00114175 0.00102298
81.62 0.550351 0.472913 0.414327 0.00266767 0.0016531 0.00107992
81.64 0.550447 0.472999 0.414378 0.00239653 0.00213777 0.00126985
81.66 0.550526 0.473091 0.414436 0.00197722 0.0022967 0.00144418
81.68 0.550587 0.47317 0.414493 0.00153008 0.00198033 0.00144021
81.7 0.550635 0.473221 0.414541 0.00118729 0.00128032 0.00118096
81.72 0.550677 0.47324 0.41457 0.00105018 0.000480155 0.000731635
81.74 0.550724 0.473236 0.414582 0.00119519 -9.82112e-05 0.000291549
81.76 0.55079 0.473226 0.414586 0.00164696 -0.00025951 0.000111607
81.78 0.550881 0.473225 0.4146 0.00227491 -1.98917e-05 0.000348078
81.8 0.550992 0.473242 0.414638 0.00275473 0.000423454 0.000938616
81.82 0.551101 0.473275 0.414702 0.0027391 0.000818401 0.00160307
81.84 0.551186 0.473315 0.414781 0.00212861 0.00100671 0.00198768
81.86 0.551233 0.473354 0.414856 0.00117499 0.000978148 0.00186481
81.88 0.551246 0.473387 0.414907 0.000329626 0.000827197 0.00126963
81.9 0.551245 0.473415 0.414926 -3.27569e-05 0.000701867 0.000489871
81.92 0.551252 0.473446 0.414923 0.000183248 0.000761211 -8.50041e-05
81.94 0.551284 0.47349 0.414916 0.000782816 0.00111204 -0.000162883
81.96 0.551341 0.473559 0.414928 0.00143115 0.00171902 0.000305402
81.98 0.551416 0.473654 0.414972 0.00187913 0.00238019 0.00109574
82 0.551501 0.473768 0.415046 0.00211916 0.00283059 0.00183268
82.02 0.551594 0.473884 0.415134 0.00232952 0.00290019 0.0022091
82.04 0.5517 0.473988 0.415221 0.00266002 0.00261843 0.0021633
82.06 0.551824 0.474077 0.415296 0.00308722 0.00221304 0.00187621
82.08 0.551962 0.474156 0.415359 0.00344791 0.00198945 0.00159565
82.1 0.552104 0.474242 0.415417 0.00354696 0.00213241 0.0014464
82.12 0.552235 0.474345 0.415472 0.00327538 0.00257319 0.00136708
82.14 0.552343 0.474467 0.415521 0.00271191 0.00307167 0.0012178
82.16 0.552428 0.474605 0.415559 0.00211012 0.00343054 0.000969384
82.18 0.552498 0.474749 0.415591 0.00176641 0.00361244 0.000788975
82.2 0.552574 0.474896 0.415627 0.00188318 0.00367171 0.000906643
82.22 0.552673 0.475041 0.415682 0.00248786 0.00362332 0.00137315
82.24 0.552809 0.475177 0.41576 0.00339154 0.00340385 0.00195205
82.26 0.552977 0.475295 0.415851 0.00421093 0.00295127 0.0022695
82.28 0.553158 0.475388 0.415935 0.00452384 0.00232402 0.00210081
82.3 0.553323 0.475458 0.415998 0.00411807 0.00174231 0.00156479
82.32 0.553449 0.475517 0.41604 0.00316317 0.00148392 0.00107027
82.34 0.553536 0.475585 0.416082 0.00215137 0.00169279 0.00102846
82.36 0.5536 0.475675 0.416143 0.00160261 0.00224595 0.00153006
82.38 0.55367 0.475787 0.416233 0.00175872 0.0028039 0.0022495
82.4 0.553768 0.475908 0.416339 0.00246213 0.00302172 0.00265406
82.42 0.553899 0.476018 0.416433 0.00325364 0.00276535 0.00234864
82.44 0.554044 0.476106 0.416486 0.00364655 0.00218366 0.00131667
82.46 0.554182 0.47617 0.416483 0.00342842 0.00159599 -6.74941e-05
82.48 0.554293 0.476221 0.416433 0.00277777 0.00128347 -0.00124409
82.5 0.554377 0.476274 0.416363 0.00210222 0.00131972 -0.00175536
82.52 0.554447 0.476336 0.416305 0.00175491 0.00155975 -0.00144706
82.54 0.554522 0.476407 0.416285 0.00186417 0.00177343 -0.000503775
82.56 0.554615 0.476479 0.416311 0.00233462 0.00179906 0.000666519
82.58 0.554733 0.476544 0.416377 0.00294667 0.00162075 0.00163594
82.6 0.554872 0.476597 0.416463 0.00348488 0.00133092 0.00214849
82.62 0.555025 0.476639 0.41655 0.00380777 0.00104378 0.00218974
82.64 0.555178 0.476673 0.416627 0.00382954 0.00084512 0.00190747
82.66 0.555317 0.476704 0.416686 0.00349297 0.000794041 0.00148973
82.68 0.555431 0.476742 0.41673 0.00282753 0.000931754 0.00109204
82.7 0.555512 0.476792 0.416762 0.00204375 0.00126883 0.000800304
82.72 0.555572 0.476862 0.416787 0.00149642 0.00174399 0.000613385
82.74 0.555631 0.47695 0.416805 0.00147362 0.00218909 0.000470121
82.76 0.555711 0.477046 0.416818 0.00199966 0.0023981 0.000322905
82.78 0.555824 0.477138 0.416827 0.00282962 0.00230441 0.000215969
82.8 0.555968 0.47722 0.416839 0.00359039 0.00206348 0.000289432
82.82 0.556126 0.477297 0.416866 0.0039527 0.00192498 0.000675074
82.84 0.556277 0.477379 0.41692 0.00378688 0.00203864 0.00135794
82.86 0.556407 0.477473 0.417005 0.00324505 0.00234579 0.0021325
82.88 0.556514 0.477578 0.417113 0.00267758 0.00262505 0.00269814
82.9 0.556611 0.477684 0.417226 0.00240787 0.00266278 0.00281764
82.92 0.556713 0.477781 0.417324 0.00254625 0.0024166 0.00245441
82.94 0.556831 0.477862 0.417396 0.00295799 0.00203928 0.00181258
82.96 0.556965 0.477933 0.417446 0.00336326 0.00175532 0.00123259
82.98 0.557105 0.478001 0.417485 0.00349953 0.00169628 0.000993131
83 0.557236 0.478074 0.417531 0.00326302 0.00183144 0.00114871
83.02 0.557347 0.478155 0.417592 0.00277049 0.00202202 0.00150297
83.04 0.557439 0.47824 0.417661 0.00230869 0.00212623 0.00173857
83.06 0.557526 0.478323 0.417727 0.00217717 0.00209175 0.00163554
83.08 0.557626 0.478403 0.417776 0.00249317 0.00197996 0.00123998
83.1 0.557749 0.478478 0.41781 0.00308207 0.00189711 0.000838173
83.12 0.557892 0.478554 0.41784 0.00356733 0.00188591 0.000746648
83.14 0.558037 0.478629 0.417883 0.00361832 0.00186753 0.00109542
83.16 0.558164 0.478697 0.417953 0.00317979 0.00171037 0.0017517
83.18 0.558264 0.478752 0.418049 0.00251006 0.00137514 0.00239456
83.2 0.558344 0.478791 0.418156 0.00198404 0.000970793 0.00267899
83.22 0.558416 0.478818 0.418253 0.00181574 0.000678051 0.00240761
83.24 0.558493 0.478843 0.418318 0.0019169 0.000633063 0.00164209
83.26 0.558573 0.478877 0.418345 0.00199446 0.000842767 0.000672011
83.28 0.558644 0.478923 0.418339 0.00178158 0.00115872 -0.00015134
83.3 0.558693 0.478977 0.418316 0.00122445 0.0013384 -0.000580882
83.32 0.558713 0.479025 0.418295 0.000512802 0.00120086 -0.000530278
83.34 0.558711 0.479056 0.418292 -5.98977e-05 0.000771149 -5.59328e-05
83.36 0.5587 0.479067 0.418319 -0.000283895 0.000274736 0.000656737
83.38 0.558695 0.479067 0.418372 -0.000114535 8.10029e-06 0.00132795
83.4 0.55871 0.479074 0.41844 0.000361843 0.000184558 0.00170126
83.42 0.558749 0.479106 0.418507 0.000990505 0.000797804 0.0016807
83.44 0.558813 0.47917 0.418562 0.00158609 0.0015906 0.00136671
83.46 0.55889 0.479257 0.4186 0.00193114 0.00218097 0.000964061
83.48 0.558962 0.479349 0.418627 0.00181394 0.00228184 0.000660439
83.5 0.559009 0.479423 0.418649 0.00116859 0.001862 0.000557201
83.52 0.559018 0.479469 0.418675 0.000215286 0.00114754 0.000647626
83.54 0.558995 0.479489 0.418708 -0.000577686 0.000495697 0.000818386
83.56 0.558965 0.479497 0.418744 -0.000730786 0.000215981 0.000909388
83.58 0.558964 0.479514 0.418777 -3.67397e-05 0.000425495 0.000813129
83.6 0.559015 0.479555 0.418798 0.00127458 0.00102277 0.000540514
83.62 0.559119 0.479627 0.418807 0.00261427 0.00178866 0.00021701
83.64 0.559253 0.479727 0.418808 0.00334642 0.00249886 1.66373e-05
83.66 0.55938 0.479845 0.41881 0.00317575 0.00296582 6.83088e-05
83.68 0.559475 0.479968 0.418826 0.00236156 0.00305808 0.000387807
83.7 0.559537 0.480078 0.418861 0.00155329 0.0027642 0.000876915
83.72 0.559591 0.480169 0.418916 0.00134093 0.00226965 0.00138662
83.74 0.559666 0.480246 0.418988 0.00189586 0.00192692 0.00179989
83.76 0.559783 0.480328 0.419071 0.00292529 0.00205323 0.00207366
83.78 0.559939 0.480436 0.41916 0.00388076 0.00270319 0.00222408
83.8 0.56011 0.480581 0.419252 0.00428889 0.00361416 0.00228473
83.82 0.560271 0.480754 0.419342 0.00402818 0.00433085 0.00226723
83.84 0.560406 0.480931 0.419428 0.00337529 0.00441507 0.00215122
83.86 0.560518 0.481078 0.419506 0.00279006 0.00368319 0.00192901
83.88 0.560623 0.481173 0.419572 0.00261834 0.00237894 0.00166962
83.9 0.560739 0.481218 0.419632 0.00291528 0.00111771 0.00150166
83.92 0.560878 0.481241 0.419693 0.00346358 0.000566071 0.00151945
83.94 0.561035 0.481282 0.419762 0.00392973 0.00104055 0.00171627
83.96 0.561198 0.481375 0.419841 0.00406762 0.00230856 0.00199052
83.98 0.561353 0.481524 0.41993 0.00387065 0.0037375 0.00221669
84 0.561495 0.48171 0.420022 0.00354954 0.00465225 0.00230405
84.02 0.561628 0.481896 0.42011 0.00333561 0.00464555 0.00219788
84.04 0.56176 0.482045 0.420185 0.00330181 0.00373378 0.001869
84.06 0.561895 0.482139 0.420239 0.0033808 0.00233921 0.00134376
84.08 0.562036 0.482182 0.420268 0.00351491 0.00108153 0.000744082
84.1 0.562185 0.4822 0.420278 0.00371943 0.000446396 0.000250528
84.12 0.562346 0.482221 0.420279 0.00402563 0.000521517 1.12587e-05
84.14 0.562522 0.482261 0.420282 0.00440223 0.00100599 7.73372e-05
84.16 0.562711 0.48232 0.420298 0.00471878 0.00147288 0.000396318
84.18 0.562902 0.482386 0.420331 0.00478831 0.00165257 0.000830241
84.2 0.563082 0.482448 0.420379 0.00449958 0.0015556 0.00118603
84.22 0.563239 0.482504 0.42043 0.00393144 0.00139377 0.00129009
84.24 0.563372 0.48256 0.420473 0.00331405 0.00138622 0.00107176
84.26 0.563487 0.482624 0.420497 0.0028773 0.00160554 0.000601397
84.28 0.563596 0.482702 0.4205 0.00272951 0.0019565 7.12657e-05
84.3 0.563709 0.482792 0.420488 0.0028146 0.00224775 -0.000291351
84.32 0.563827 0.482884 0.420474 0.00296696 0.00229356 -0.000345773
84.34 0.563949 0.482965 0.42047 0.00304607 0.0020191 -0.000114897
84.36 0.564071 0.483026 0.42048 0.0030358 0.0015251 0.00024893
84.38 0.564191 0.483067 0.420503 0.00300547 0.00103652 0.00058258
84.4 0.56431 0.483097 0.420536 0.0029853 0.000757699 0.000811324
84.42 0.564427 0.483128 0.420574 0.00291039 0.000774548 0.000967719
84.44 0.564535 0.48317 0.42062 0.0027094 0.00104753 0.00114316
84.46 0.564632 0.483228 0.420676 0.00242364 0.0014465 0.00139231
84.48 0.56472 0.483301 0.420742 0.00219076 0.00182226 0.00165864
84.5 0.564804 0.483384 0.420814 0.00211997 0.00208801 0.00180016
84.52 0.564892 0.483475 0.420882 0.00220075 0.0022575 0.00170584
84.54 0.564985 0.483571 0.420937 0.00231086 0.00240643 0.00137883
84.56 0.565077 0.483674 0.420975 0.00231329 0.00257395 0.000928837
84.58 0.565164 0.483782 0.420996 0.00216432 0.00269354 0.000524585
84.6 0.565241 0.483886 0.421009 0.00193291 0.00261876 0.000332238
84.62 0.565311 0.483976 0.421026 0.00174543 0.00223678 0.000434269
84.64 0.56538 0.48404 0.421057 0.00171063 0.00159012 0.000767795
84.66 0.565453 0.484076 0.421103 0.00184668 0.000911095 0.00115362
84.68 0.565535 0.484098 0.42116 0.00204287 0.000538189 0.00141647
84.7 0.565619 0.484127 0.421219 0.00209064 0.000729117 0.00149185
84.72 0.565691 0.484185 0.421277 0.00181669 0.00145951 0.00143665
84.74 0.565741 0.48428 0.421331 0.00124242 0.00237643 0.00135921
84.76 0.565765 0.4844 0.421385 0.000606618 0.00298871 0.00133757
84.78 0.565774 0.484518 0.42144 0.000211438 0.00295506 0.00138611
84.8 0.565782 0.484609 0.421499 0.000211655 0.00227849 0.00147878
84.82 0.565803 0.484661 0.421563 0.000526787 0.00129731 0.00158561
84.84 0.565841 0.48468 0.42163 0.000928278 0.00048007 0.00167128
84.86 0.565888 0.484686 0.421697 0.00119461 0.000157862 0.00169427
84.88 0.565937 0.484701 0.421763 0.00121492 0.000367315 0.001634
84.9 0.565977 0.484736 0.421823 0.00100886 0.000875917 0.0015058
84.92 0.566005 0.48479 0.421877 0.000691154 0.00135143 0.00135144
84.94 0.566021 0.484853 0.421927 0.000409688 0.00156879 0.00123958
84.96 0.566033 0.484914 0.421977 0.000290308 0.00153022 0.00125422
84.98 0.566049 0.484971 0.422034 0.000412372 0.00142 0.00144163
85 0.566081 0.485028 0.422105 0.000799463 0.00143077 0.00176802
85.02 0.566137 0.485092 0.42219 0.00139743 0.00160659 0.00211685
85.04 0.56622 0.485165 0.422283 0.00206134 0.00181255 0.00232273
85.06 0.566323 0.485239 0.422372 0.002586 0.0018502 0.00224144
85.08 0.566435 0.485304 0.422445 0.0027923 0.00163434 0.00182449
85.1 0.56654 0.485356 0.422492 0.00262526 0.00128942 0.00116246
85.12 0.566627 0.4854 0.42251 0.00217685 0.0010908 0.000453378
85.14 0.566693 0.485451 0.422506 0.00163924 0.00128159 -9.83172e-05
85.16 0.566742 0.485526 0.422491 0.00123838 0.00187699 -0.000374411
85.18 0.566788 0.48563 0.422477 0.00114736 0.00261415 -0.000363869
85.2 0.566844 0.485755 0.422471 0.00139285 0.00310183 -0.000131114
85.22 0.566918 0.485877 0.42248 0.00184697 0.00307042 0.000222445
85.24 0.56701 0.485979 0.422503 0.00231954 0.00254739 0.000573091
85.26 0.567116 0.486053 0.422535 0.00264685 0.00183296 0.000784894
85.28 0.567225 0.486105 0.422565 0.00271454 0.00131726 0.000753817
85.3 0.567324 0.486156 0.422583 0.00248484 0.00126084 0.000464487
85.32 0.567406 0.486221 0.422584 0.00205123 0.00164209 1.45371e-05
85.34 0.567472 0.486308 0.422567 0.00163989 0.0021616 -0.000413267
85.36 0.567532 0.486406 0.422542 0.00149944 0.00244212 -0.000638116
85.38 0.567603 0.486498 0.422519 0.00177496 0.00231152 -0.000567158
85.4 0.567701 0.486575 0.42251 0.00245692 0.00193244 -0.000218328
85.42 0.567836 0.486642 0.422522 0.00337609 0.00166017 0.000299477
85.44 0.568006 0.486713 0.422555 0.0042494 0.00178341 0.000823295
85.46 0.568198 0.486806 0.422603 0.00479581 0.00232041 0.00118785
85.48 0.568393 0.486925 0.422655 0.00486899 0.00298792 0.00129269
85.5 0.568574 0.48706 0.422701 0.00452708 0.00337611 0.00116855
85.52 0.568734 0.487188 0.42274 0.00400241 0.0032015 0.000975722
85.54 0.568878 0.487287 0.422777 0.00359601 0.00246794 0.000907873
85.56 0.569019 0.487346 0.42282 0.00354381 0.00147623 0.0010782
85.58 0.569175 0.487375 0.422878 0.00389426 0.000706078 0.00146522
85.6 0.569354 0.487398 0.422956 0.00446378 0.000595193 0.00193717
85.62 0.56955 0.487449 0.423048 0.00491013 0.00127784 0.00231155
85.64 0.569746 0.487547 0.423145 0.00490624 0.002436 0.00240794
85.66 0.56992 0.487683 0.423229 0.00434845 0.00340911 0.00211171
85.68 0.570059 0.487826 0.423287 0.00346462 0.00356476 0.00145306
85.7 0.570168 0.487935 0.423314 0.0027191 0.00272844 0.000660642
85.72 0.57027 0.487989 0.423318 0.00256441 0.00135246 0.000120015
85.74 0.570398 0.487998 0.423326 0.00318871 0.000219537 0.000197874
85.76 0.570573 0.487994 0.423366 0.00438483 -8.57583e-05 0.000999024
85.78 0.570797 0.488014 0.423456 0.00560421 0.000499003 0.00223333
85.8 0.571046 0.488077 0.423589 0.00621177 0.00156459 0.00333345
85.82 0.57128 0.488178 0.42374 0.00584714 0.00252273 0.00376377
85.84 0.571466 0.488296 0.423873 0.00464556 0.00294929 0.00332711
85.86 0.571592 0.488408 0.423964 0.00316689 0.00280169 0.00229139
85.88 0.571676 0.488503 0.424014 0.00208252 0.00236744 0.00124048
85.9 0.571748 0.488582 0.424043 0.00181196 0.00199664 0.000728742
85.92 0.571841 0.488657 0.424082 0.00231441 0.00186168 0.000969444
85.94 0.571967 0.488733 0.424151 0.00316088 0.00191354 0.001736
85.96 0.572121 0.488814 0.424252 0.00383653 0.00201727 0.00250805
85.98 0.572282 0.488899 0.424362 0.00403785 0.00211097 0.00277316
86 0.572433 0.488988 0.424456 0.00378501 0.00223452 0.00232972
86.02 0.572566 0.489085 0.424511 0.00331329 0.00241818 0.00139428
86.04 0.57268 0.489188 0.424529 0.00284742 0.00257194 0.000433008
86.06 0.572778 0.489288 0.424523 0.00245261 0.0025065 -0.000147247
86.08 0.57286 0.489371 0.424514 0.0020604 0.00208607 -0.000219606
86.1 0.572925 0.489427 0.424516 0.00161895 0.00138429 5.77451e-05
86.12 0.572974 0.489455 0.424533 0.00121432 0.000696912 0.000405272
86.14 0.573015 0.48947 0.424557 0.00104063 0.000376503 0.000607812
86.16 0.573065 0.489494 0.424581 0.00123194 0.000619006 0.000609988
86.18 0.573132 0.489548 0.424601 0.00168749 0.0013326 0.000485907
86.2 0.573215 0.489633 0.424614 0.00206223 0.00214359 0.00032611
86.22 0.573294 0.489737 0.424619 0.00198803 0.00259449 0.000131958
86.24 0.573349 0.489835 0.424612 0.00136175 0.0024438 -0.000187278
86.26 0.573366 0.489907 0.424584 0.000434358 0.00180344 -0.000695965
86.28 0.573352 0.489948 0.424531 -0.000347372 0.00102274 -0.00131501
86.3 0.573328 0.489967 0.424457 -0.000596674 0.000470665 -0.00184762
86.32 0.57332 0.489981 0.424373 -0.000208273 0.000362099 -0.00210258
86.34 0.573342 0.490009 0.424294 0.000549849 0.000694621 -0.00196887
86.36 0.573389 0.490061 0.424238 0.00118018 0.00129562 -0.00141628
86.38 0.573441 0.490138 0.424218 0.00129406 0.00193603 -0.00048989
86.4 0.573476 0.490235 0.424245 0.000885281 0.00241514 0.000668636
86.42 0.573489 0.490339 0.424318 0.000312598 0.0025937 0.00182996
86.44 0.573489 0.490435 0.424427 1.72837e-05 0.00241362 0.00272768
86.46 0.573499 0.490512 0.424552 0.000230611 0.00192803 0.00311751
86.48 0.573534 0.490566 0.424666 0.000878774 0.00133423 0.00286281
86.5 0.573602 0.490603 0.424749 0.00170409 0.000943223 0.00206263
86.52 0.5737 0.490644 0.424794 0.00246014 0.00102076 0.00111676
86.54 0.57382 0.490708 0.424817 0.00300185 0.00159951 0.000591445
86.56 0.57395 0.490806 0.424853 0.00324524 0.00243296 0.000896334
86.58 0.574074 0.49093 0.424932 0.00309995 0.00311436 0.00197919
86.6 0.574175 0.491062 0.425065 0.00251115 0.00328769 0.00331135
86.62 0.574239 0.491176 0.425234 0.0016096 0.00286129 0.00421977
86.64 0.57427 0.49126 0.425407 0.000775517 0.00210036 0.00432563
86.66 0.574289 0.49132 0.425556 0.000473157 0.00149057 0.00374073
86.68 0.574328 0.491377 0.425673 0.00097155 0.00143704 0.00291298
86.7 0.574415 0.491457 0.425764 0.0021744 0.00199436 0.00229037
86.72 0.57456 0.49157 0.425846 0.00363328 0.00281737 0.00204107
86.74 0.57475 0.491705 0.425926 0.00473396 0.00339183 0.00199001
86.76 0.57495 0.49184 0.425998 0.00500489 0.0033769 0.00180917
86.78 0.575126 0.491953 0.426051 0.00439433 0.00281805 0.00132863
86.8 0.575258 0.492037 0.426079 0.00330695 0.00210719 0.000699579
86.82 0.575351 0.492106 0.426089 0.00234142 0.00172145 0.000249636
86.84 0.575429 0.492182 0.426096 0.00192973 0.00189928 0.000179597
86.86 0.575515 0.492281 0.426112 0.00215445 0.00247356 0.000404736
86.88 0.575626 0.492401 0.426139 0.00278846 0.00298839 0.00066932
86.9 0.575765 0.492522 0.42617 0.00346659 0.0030336 0.000766126
86.92 0.575921 0.492624 0.426196 0.00389766 0.00254512 0.000659032
86.94 0.57608 0.492698 0.426215 0.00398372 0.00184189 0.000479932
86.96 0.576232 0.492753 0.426232 0.00378075 0.00138331 0.000407071
86.98 0.576367 0.49281 0.426251 0.00339554 0.00143278 0.000486332
87 0.576485 0.492886 0.426273 0.0029435 0.00188171 0.000558251
87.02 0.576587 0.49298 0.426289 0.00255285 0.00236088 0.000379786
87.04 0.576681 0.493081 0.426282 0.00235397 0.00252284 -0.000161546
87.06 0.576779 0.493172 0.426245 0.00243656 0.00226835 -0.000919766
87.08 0.57689 0.493243 0.426184 0.0027798 0.00177953 -0.00152812
87.1 0.57702 0.493298 0.426121 0.00324412 0.00137401 -0.00158614
87.12 0.577166 0.493349 0.426085 0.00365124 0.00129047 -0.000899959
87.14 0.57732 0.493411 0.4261 0.00386431 0.00154779 0.000379351
87.16 0.577473 0.49349 0.426172 0.00381928 0.00196288 0.00179942
87.18 0.577615 0.493582 0.426284 0.00355118 0.002296 0.00280705
87.2 0.577742 0.493677 0.426404 0.00317568 0.00239664 0.00299476
87.22 0.577855 0.493767 0.426495 0.00282371 0.00223813 0.00228378
87.24 0.577959 0.493842 0.426534 0.00259842 0.0018671 0.000970322
87.26 0.578062 0.493896 0.426518 0.00256421 0.00136473 -0.000396432
87.28 0.578171 0.49393 0.426469 0.00273136 0.000848906 -0.00124161
87.3 0.578293 0.493949 0.42642 0.00304139 0.000471234 -0.00121635
87.32 0.578429 0.493964 0.426405 0.003406 0.000380046 -0.000383127
87.34 0.578579 0.49399 0.426436 0.00375118 0.000631077 0.000780468
87.36 0.578739 0.494034 0.426501 0.00400613 0.00110912 0.0016299
87.38 0.578903 0.494096 0.42657 0.00408875 0.00156153 0.00172804
87.4 0.579061 0.494165 0.426615 0.00394579 0.00172491 0.00110971
87.42 0.579204 0.494224 0.426626 0.00359683 0.00147091 0.000289339
87.44 0.579329 0.49426 0.426625 0.0031193 0.000892568 -3.31022e-05
87.46 0.579434 0.49427 0.426647 0.00261535 0.00024977 0.000565808
87.48 0.579522 0.494262 0.426725 0.00220096 -0.000198044 0.0019293
87.5 0.579601 0.494248 0.42686 0.00196961 -0.0003418 0.00339411
87.52 0.579679 0.494238 0.427028 0.00195211 -0.000253372 0.00418387
87.54 0.579764 0.494235 0.427183 0.00212025 -7.68722e-05 0.00388053
87.56 0.579859 0.494239 0.42729 0.0023846 0.000105446 0.00267685
87.58 0.579962 0.494251 0.427339 0.00257732 0.000294195 0.00123424
87.6 0.580062 0.494271 0.427349 0.00250571 0.000498418 0.000238925
87.62 0.580146 0.494298 0.427349 0.00208362 0.00068425 3.90241e-08
87.64 0.580203 0.49433 0.427364 0.00143395 0.000786006 0.00037979
87.66 0.580237 0.494361 0.427405 0.000861454 0.000789925 0.00101818
87.68 0.580264 0.494393 0.427469 0.000676115 0.000782148 0.00160205
87.7 0.580303 0.494427 0.427548 0.00097321 0.000869503 0.00198157
87.72 0.580365 0.494471 0.427634 0.0015335 0.00107926 0.00214085
87.74 0.580443 0.494525 0.427719 0.00195121 0.00135283 0.00213257
87.76 0.580519 0.494589 0.4278 0.0019138 0.00160383 0.00201713
87.78 0.580576 0.49466 0.427873 0.00141313 0.00176574 0.0018213
87.8 0.580606 0.494732 0.427934 0.000754874 0.00181251 0.00153344
87.82 0.580621 0.494802 0.42798 0.000379644 0.0017479 0.00114189
87.84 0.580645 0.494865 0.428007 0.000593646 0.00158452 0.000689021
87.86 0.580699 0.49492 0.428019 0.00134602 0.00136334 0.000280643
87.88 0.580787 0.494967 0.428019 0.00221741 0.00118043 2.05354e-05
87.9 0.580895 0.495013 0.428017 0.00269879 0.00115901 -7.03468e-05
87.92 0.580998 0.495069 0.428014 0.00255246 0.00138465 -6.60654e-05
87.94 0.581076 0.495143 0.428011 0.00196797 0.00184977 -6.72352e-05
87.96 0.581133 0.49524 0.428006 0.00141298 0.00242286 -0.000127236
87.98 0.581186 0.495354 0.427997 0.00132101 0.00286493 -0.000237806
88 0.58126 0.495472 0.427983 0.00184787 0.00294275 -0.000345561
88.02 0.581371 0.495576 0.427968 0.00279654 0.00259064 -0.000358148
88.04 0.58152 0.495656 0.427962 0.00370626 0.00200813 -0.000168403
88.06 0.581684 0.495719 0.427972 0.00410921 0.00158021 0.000264429
88.08 0.581837 0.495785 0.428005 0.00382334 0.00164189 0.000829062
88.1 0.581959 0.495874 0.428057 0.00304624 0.00222912 0.00128499
88.12 0.582046 0.495994 0.428113 0.00217542 0.00299764 0.00139802
88.14 0.582109 0.496132 0.428156 0.00157113 0.0034444 0.00108523
88.16 0.582166 0.496263 0.428175 0.00142249 0.00328164 0.000481792
88.18 0.582234 0.496369 0.428172 0.00171538 0.00265183 -9.4372e-05
88.2 0.582325 0.49645 0.428161 0.00227927 0.00203011 -0.000271941
88.22 0.582441 0.496526 0.428168 0.00288159 0.00189478 0.000183113
88.24 0.582573 0.496622 0.428216 0.00330959 0.00239348 0.00120696
88.26 0.58271 0.496751 0.428313 0.00342051 0.00324003 0.00242131
88.28 0.582837 0.496909 0.428446 0.00319178 0.00393024 0.00331883
88.3 0.582948 0.497073 0.428588 0.00276082 0.00410908 0.00354126
88.32 0.583044 0.497225 0.42871 0.00240242 0.00380811 0.00304569
88.34 0.583139 0.497361 0.428793 0.00237491 0.00339307 0.00209033
88.36 0.583248 0.497492 0.428837 0.0027205 0.00327206 0.00109338
88.38 0.583377 0.497635 0.428854 0.00322804 0.00358181 0.00043849
88.4 0.583521 0.497798 0.428866 0.00360796 0.00407895 0.000293607
88.42 0.58367 0.497971 0.428889 0.0037155 0.00431941 0.000566097
88.44 0.583815 0.49813 0.42893 0.00363559 0.003983 0.00102665
88.46 0.583959 0.498255 0.428989 0.00358748 0.00310973 0.00146789
88.48 0.584109 0.498339 0.42906 0.00374848 0.00211259 0.00178035
88.5 0.584273 0.4984 0.429137 0.0040939 0.00152724 0.00193308
88.52 0.584447 0.498466 0.429214 0.0043567 0.00164665 0.00191987
88.54 0.584615 0.498559 0.429283 0.00421623 0.00232617 0.00172387
88.56 0.584759 0.498683 0.429336 0.00359821 0.00309618 0.00132404
88.58 0.584871 0.498822 0.429366 0.00278949 0.00346215 0.000745635
88.6 0.584961 0.498949 0.42937 0.00225839 0.00317964 0.0001188
88.62 0.585055 0.499043 0.429357 0.00233077 0.00236374 -0.000343696
88.64 0.585173 0.4991 0.429338 0.00295528 0.00141156 -0.000463818
88.66 0.585322 0.499131 0.429329 0.00372152 0.000779446 -0.000218339
88.68 0.585487 0.49916 0.429339 0.0041314 0.000715313 0.000244454
88.7 0.585645 0.499205 0.429368 0.00394992 0.00112978 0.000709964
88.72 0.585779 0.499272 0.429409 0.00335649 0.00168321 0.00103527
88.74 0.58589 0.499352 0.429457 0.0027628 0.00199955 0.00119403
88.76 0.585989 0.499427 0.429505 0.00248094 0.00187491 0.00120575
88.78 0.58609 0.499482 0.429547 0.00252561 0.00136942 0.00106355
88.8 0.586197 0.499512 0.429578 0.00266954 0.000745966 0.000753569
88.82 0.586303 0.499524 0.429591 0.00266017 0.000307551 0.000327855
88.84 0.5864 0.499534 0.429589 0.0024205 0.000239876 -5.42906e-05
88.86 0.586484 0.499555 0.429581 0.00209888 0.000523339 -0.000190373
88.88 0.586561 0.499593 0.429581 0.00193871 0.000956916 1.03446e-05
88.9 0.586644 0.499645 0.429598 0.00207587 0.0012967 0.000413194
88.92 0.586741 0.499701 0.429626 0.00241822 0.00139669 0.000712528
88.94 0.586849 0.499751 0.429652 0.00270349 0.00125723 0.000637043
88.96 0.586956 0.499791 0.429658 0.0026772 0.000996329 0.000162926
88.98 0.587047 0.499822 0.429642 0.0022618 0.00078651 -0.000408161
89 0.587112 0.499853 0.429618 0.00162105 0.000777939 -0.000592346
89.02 0.587155 0.499894 0.429616 0.00108596 0.00100693 -6.20134e-05
89.04 0.587194 0.499947 0.429659 0.000970703 0.00134471 0.00106638
89.06 0.58725 0.500011 0.42975 0.0013962 0.00158768 0.00228065
89.08 0.587339 0.500077 0.429871 0.00223887 0.00164603 0.00302459
89.1 0.587467 0.500142 0.429991 0.00318475 0.00162043 0.00301836
89.12 0.58762 0.500208 0.430085 0.00384394 0.00165952 0.00232991
89.14 0.587778 0.50028 0.430136 0.00392812 0.00179259 0.0012747
89.16 0.587915 0.500356 0.430146 0.00342471 0.0018979 0.000267461
89.18 0.58802 0.500428 0.430133 0.00262676 0.00179978 -0.000339314
89.2 0.588098 0.500484 0.430118 0.00196622 0.00141504 -0.000364161
89.22 0.588168 0.500519 0.430126 0.00174588 0.000867102 0.000193976
89.24 0.588247 0.500538 0.430173 0.00198187 0.000480055 0.0011867
89.26 0.588345 0.500561 0.430267 0.00244269 0.00057929 0.00234505
89.28 0.588457 0.50061 0.430401 0.00280364 0.00120938 0.00333966
89.3 0.588571 0.50069 0.430556 0.00283751 0.00202053 0.00389047
89.32 0.588673 0.500789 0.430711 0.00255549 0.00245542 0.00386928
89.34 0.588761 0.500874 0.430845 0.00219083 0.00214366 0.00333696
89.36 0.588842 0.500923 0.430945 0.00202998 0.00120683 0.00249766
89.38 0.58893 0.500931 0.431008 0.00220958 0.000215789 0.00159325
89.4 0.589034 0.500924 0.43104 0.00259312 -0.00018188 0.000801169
89.42 0.589147 0.500936 0.431048 0.00283566 0.000298118 0.00019633
89.44 0.589253 0.500991 0.43104 0.00263943 0.0013697 -0.000205199
89.46 0.589333 0.501085 0.431025 0.00200661 0.00236388 -0.000376368
89.48 0.589384 0.501193 0.431014 0.00126544 0.0026835 -0.000273526
89.5 0.589418 0.50128 0.431018 0.000850436 0.00219154 9.70022e-05
89.52 0.589459 0.501331 0.431042 0.0010249 0.00126293 0.000596385
89.54 0.589528 0.501351 0.43108 0.00171753 0.000513161 0.000955911
89.56 0.589629 0.501368 0.431117 0.00254493 0.000411497 0.000931074
89.58 0.58975 0.501408 0.431138 0.00302154 0.00101276 0.000508479
89.6 0.589865 0.501487 0.431136 0.00286864 0.00197574 -3.4692e-05
89.62 0.589953 0.5016 0.431124 0.00220992 0.00281904 -0.000316837
89.64 0.590012 0.501729 0.431118 0.0014743 0.0032314 -0.000146844
89.66 0.590056 0.501858 0.43113 0.00109074 0.00322532 0.000320134
89.68 0.590105 0.50198 0.431158 0.00123571 0.00303305 0.000698733
89.7 0.590178 0.502094 0.431185 0.00180413 0.00284631 0.0006654
89.72 0.590279 0.5022 0.431193 0.00252818 0.00266394 0.000200135
89.74 0.590403 0.502296 0.431178 0.00311565 0.00239508 -0.000371601
89.76 0.590538 0.502378 0.431156 0.00335578 0.00204679 -0.000559751
89.78 0.590665 0.50245 0.431154 0.00318367 0.0017938 -4.20787e-05
89.8 0.590772 0.502524 0.431197 0.00268697 0.00187188 0.00107369
89.82 0.590856 0.502619 0.431289 0.00208113 0.00236543 0.00230576
89.84 0.590922 0.502743 0.431415 0.00165466 0.00309653 0.00313848
89.86 0.590988 0.502891 0.431548 0.00165412 0.0037117 0.0033415
89.88 0.591074 0.503047 0.43167 0.00213903 0.00390073 0.00302863
89.9 0.591191 0.503191 0.431769 0.00294021 0.00358015 0.00248479
89.92 0.591341 0.503308 0.431847 0.0037575 0.00292651 0.00194259
89.94 0.591513 0.503398 0.431905 0.00428752 0.00225732 0.00146237
89.96 0.591686 0.503471 0.431944 0.00432111 0.00183499 0.000981292
89.98 0.591839 0.50354 0.431963 0.0038282 0.00172953 0.000472275
90 0.591959 0.503614 0.431965 0.00301104 0.00182772 4.17339e-05
90.02 0.59205 0.503691 0.43196 0.00225811 0.00193858 -0.000134502
90.04 0.592128 0.503768 0.431962 0.00196043 0.00192505 4.71308e-05
90.06 0.59222 0.50384 0.431983 0.002295 0.00179485 0.000541106
90.08 0.592345 0.503907 0.43203 0.00313739 0.00167878 0.00117337
90.1 0.592511 0.503976 0.432098 0.00413658 0.00173356 0.0016964
90.12 0.592706 0.504058 0.432173 0.00487827 0.00204702 0.00187956
90.14 0.592908 0.504161 0.432239 0.00505862 0.00257104 0.00164219
90.16 0.593094 0.504285 0.432284 0.00463079 0.0031039 0.00112118
90.18 0.593247 0.50442 0.432307 0.00384789 0.00336353 0.000591859
90.2 0.593373 0.504545 0.43232 0.00313127 0.00313945 0.000311333
90.22 0.593485 0.504642 0.432335 0.00281001 0.00242104 0.000383777
90.24 0.593602 0.5047 0.432363 0.00292072 0.00145252 0.000701942
90.26 0.593731 0.504727 0.432403 0.00321441 0.000671697 0.00100163
90.28 0.593865 0.504747 0.432445 0.00335498 0.000498864 0.00103441
90.3 0.593992 0.50479 0.432475 0.00317225 0.00106562 0.000755616
90.32 0.594104 0.504874 0.43249 0.00280389 0.0020988 0.000384454
90.34 0.594208 0.504997 0.432501 0.00259423 0.00306949 0.000268757
90.36 0.594319 0.505136 0.432527 0.00278666 0.00349333 0.000638242
90.38 0.594451 0.505265 0.432584 0.00329442 0.00320586 0.00143176
90.4 0.594602 0.505363 0.432677 0.00377857 0.00245816 0.00233681
90.42 0.594758 0.505433 0.432797 0.00390466 0.00174228 0.00298839
90.44 0.5949 0.50549 0.432923 0.00354341 0.00144641 0.00315531
90.46 0.595013 0.505555 0.433035 0.00282735 0.00160968 0.0028085
90.48 0.595095 0.505633 0.433119 0.00205622 0.00196318 0.00209783
90.5 0.595156 0.505721 0.433171 0.00152513 0.0021841 0.00128791
90.52 0.595212 0.505806 0.433197 0.00139239 0.00212546 0.000650232
90.54 0.595277 0.50588 0.43321 0.00163093 0.00186131 0.00033724
90.56 0.595359 0.505943 0.433223 0.00205129 0.00156945 0.000326288
90.58 0.595455 0.505997 0.433242 0.00239154 0.00135318 0.000466402
90.6 0.595553 0.506044 0.433265 0.00245839 0.00118233 0.000581263
90.62 0.595641 0.506084 0.433287 0.00220631 0.000987027 0.00054434
90.64 0.59571 0.506114 0.4333 0.00172622 0.000758506 0.000311038
90.66 0.595759 0.506136 0.433297 0.00120344 0.000547853 -5.14816e-05
90.68 0.595792 0.506152 0.433282 0.000845973 0.000400136 -0.000385814
90.7 0.595824 0.506166 0.433261 0.000798919 0.000336903 -0.00052454
90.72 0.595867 0.506181 0.433246 0.00107639 0.000390285 -0.000377808
90.74 0.595929 0.506206 0.433247 0.00154694 0.0006156 3.34586e-05
90.76 0.596009 0.506248 0.433271 0.0019947 0.00105304 0.00060232
90.78 0.596098 0.506314 0.433318 0.0022134 0.00164321 0.00116888
90.8 0.596182 0.506401 0.433381 0.00211274 0.00217742 0.00156617
90.82 0.596254 0.506495 0.433448 0.00178965 0.00236087 0.00167821
90.84 0.596313 0.506575 0.433508 0.00148581 0.0019982 0.00150381
90.86 0.59637 0.506623 0.433555 0.00141305 0.00118752 0.00117447
90.88 0.596433 0.506635 0.433591 0.00157959 0.000320432 0.000894049
90.9 0.596505 0.50663 0.433624 0.00179457 -0.000130193 0.000840716
90.92 0.596579 0.506635 0.433668 0.00186048 0.000125113 0.00108815
90.94 0.596651 0.506676 0.433731 0.00178846 0.00102344 0.00157014
90.96 0.596724 0.506762 0.433814 0.00183382 0.0021574 0.00209376
90.98 0.596815 0.506883 0.433911 0.00226858 0.00300136 0.0024058
91 0.596937 0.507011 0.434003 0.00305775 0.00321556 0.00230482
91.02 0.597087 0.507123 0.434073 0.00375395 0.00280405 0.00174992
91.04 0.597239 0.507205 0.434109 0.00379765 0.00205204 0.000913145
91.06 0.59736 0.507259 0.434115 0.00301494 0.00134888 0.000140968
91.08 0.597433 0.507299 0.434109 0.00184153 0.000995509 -0.000161673
91.1 0.597476 0.507343 0.43412 0.00105887 0.0010846 0.000292284
91.12 0.597525 0.507403 0.43418 0.00123906 0.00150758 0.00148462
91.14 0.597618 0.507485 0.4343 0.00231457 0.00205692 0.00300498
91.16 0.597762 0.507586 0.434467 0.00360713 0.0025318 0.0041844
91.18 0.597935 0.507698 0.434644 0.00431157 0.00279163 0.00442834
91.2 0.598097 0.507809 0.434786 0.00407047 0.00278417 0.0035414
91.22 0.598225 0.507912 0.434859 0.00319645 0.00256358 0.00183274
91.24 0.598321 0.508003 0.434858 0.00239009 0.00228565 -3.17944e-05
91.26 0.598409 0.508089 0.434804 0.00219647 0.00213449 -0.00134434
91.28 0.598514 0.508177 0.434737 0.00263312 0.00220137 -0.00168171
91.3 0.598644 0.508274 0.434694 0.00325132 0.00243454 -0.00107112
91.32 0.598786 0.508382 0.434697 0.00353849 0.0026949 7.23225e-05
91.34 0.598919 0.508495 0.434745 0.00333368 0.00283705 0.00118669
91.36 0.599037 0.508607 0.434819 0.00293912 0.00278258 0.0018561
91.38 0.59915 0.50871 0.434898 0.00283526 0.00257688 0.00198532
91.4 0.59928 0.508805 0.434968 0.00325052 0.00236693 0.00174244
91.42 0.599439 0.508896 0.435022 0.00396781 0.00229616 0.0013582
91.44 0.599619 0.508993 0.435062 0.00450138 0.0024151 0.000988638
91.46 0.599798 0.5091 0.43509 0.00447346 0.00267406 0.000712776
91.48 0.599954 0.509219 0.435114 0.0039032 0.00297171 0.00058151
91.5 0.600081 0.509347 0.435139 0.00318644 0.00320898 0.000625486
91.52 0.600193 0.50948 0.435171 0.00278923 0.00331446 0.000804848
91.54 0.600309 0.50961 0.43521 0.00291322 0.00326572 0.000989137
91.56 0.600444 0.509735 0.435251 0.00337163 0.00311228 0.0010168
91.58 0.600594 0.509853 0.435283 0.00375113 0.00295579 0.000791899
91.6 0.600744 0.509968 0.435297 0.00373526 0.00286761 0.000357673
91.62 0.600878 0.510081 0.435293 0.00336033 0.0028321 -9.81852e-05
91.64 0.600998 0.510192 0.435279 0.00300287 0.00278337 -0.000345793
91.66 0.601121 0.510299 0.435269 0.0030748 0.00267393 -0.000251156
91.68 0.601268 0.510399 0.435276 0.00366892 0.00248469 0.000170849
91.7 0.601446 0.510487 0.435308 0.0044459 0.0021956 0.000800927
91.72 0.60164 0.510559 0.435367 0.00485834 0.00181138 0.00147543
91.74 0.601821 0.510616 0.435448 0.00452023 0.00141762 0.00202059
91.76 0.601959 0.510663 0.43554 0.00346131 0.00117528 0.00229194
91.78 0.602045 0.510712 0.435629 0.00213972 0.00122777 0.00222401
91.8 0.602092 0.510775 0.435702 0.00118621 0.00157124 0.00184793
91.82 0.602133 0.510854 0.435753 0.0010014 0.00199171 0.00126953
91.84 0.602193 0.51094 0.435779 0.00150748 0.00214525 0.000649136
91.86 0.602283 0.511011 0.435786 0.00224553 0.0017578 0.000181692
91.88 0.602391 0.511045 0.435788 0.00271162 0.000863133 4.21242e-05
91.9 0.602498 0.51104 0.4358 0.00266398 -0.000119877 0.000296505
91.92 0.602586 0.511015 0.435834 0.00220789 -0.000619126 0.000853142
91.94 0.602652 0.511004 0.435895 0.00164529 -0.000295315 0.00151289
91.96 0.602701 0.511032 0.435977 0.00122121 0.000712205 0.00206692
91.98 0.60274 0.511106 0.436072 0.000992132 0.00184935 0.00237444
92 0.602776 0.511206 0.436169 0.000885275 0.00248787 0.0024073
92.02 0.602808 0.511299 0.436258 0.000815103 0.00232393 0.00223695
92.04 0.602838 0.511361 0.436336 0.000752703 0.00155667 0.00195928
92.06 0.602868 0.51139 0.436402 0.00073739 0.000718248 0.00163951
92.08 0.602901 0.511402 0.436455 0.000834647 0.000312421 0.00133259
92.1 0.602944 0.511424 0.4365 0.00106568 0.000538445 0.00110805
92.12 0.602998 0.511473 0.43654 0.00136098 0.00122485 0.00101412
92.14 0.603061 0.51155 0.436581 0.00157351 0.00192633 0.00101438
92.16 0.603124 0.511637 0.436621 0.00157041 0.0021843 0.000997876
92.18 0.603178 0.511711 0.436655 0.00135104 0.00185842 0.000859309
92.2 0.603221 0.511762 0.436678 0.00107664 0.00125713 0.000565683
92.22 0.60326 0.511798 0.436686 0.000963396 0.00091094 0.000196154
92.24 0.603305 0.511844 0.436683 0.00113029 0.00115839 -5.75696e-05
92.26 0.603366 0.51192 0.436684 0.00152033 0.00190044 2.0851e-05
92.28 0.603444 0.512028 0.436705 0.00194944 0.00269474 0.000520488
92.3 0.603533 0.512151 0.436757 0.00223686 0.00306672 0.00129457
92.32 0.603625 0.512263 0.436837 0.00230532 0.00280269 0.00200334
92.34 0.603714 0.512346 0.436929 0.00220814 0.00206249 0.00230126
92.36 0.603798 0.512396 0.43701 0.00211182 0.00125232 0.00204065
92.38 0.603886 0.512425 0.437064 0.00219803 0.000736162 0.00134183
92.4 0.603987 0.512451 0.437085 0.00251858 0.000640988 0.000515517
92.42 0.604105 0.512487 0.437082 0.00294778 0.00090546 -7.19792e-05
92.44 0.604236 0.512544 0.437076 0.00328179 0.00142478 -0.000149147
92.46 0.604371 0.512628 0.437089 0.00337574 0.00209997 0.000331592
92.48 0.6045 0.51274 0.437135 0.0032087 0.00280673 0.00114342
92.5 0.604614 0.512876 0.43721 0.00286166 0.0033892 0.00186399
92.52 0.604713 0.513023 0.437293 0.00246461 0.00368449 0.00207547
92.54 0.604799 0.513166 0.437356 0.00216502 0.00356576 0.00159283
92.56 0.604883 0.513287 0.43738 0.00209404 0.00301816 0.000588512
92.58 0.604975 0.513375 0.437361 0.00231012 0.00220943 -0.000470638
92.6 0.605086 0.513434 0.437319 0.00275687 0.00146885 -0.00103921
92.62 0.605217 0.513479 0.437289 0.00327815 0.00113198 -0.000770739
92.64 0.605364 0.513532 0.4373 0.00369101 0.0013334 0.000274004
92.66 0.605519 0.513609 0.437365 0.0038723 0.00190999 0.0016382
92.68 0.605672 0.513709 0.437473 0.00381278 0.00251025 0.00270993
92.7 0.605816 0.513822 0.437595 0.00361672 0.00283138 0.00302878
92.72 0.605954 0.513934 0.437694 0.00343428 0.00278631 0.00248501
92.74 0.606088 0.514033 0.437748 0.00335953 0.00248784 0.00134172
92.76 0.606224 0.514118 0.437751 0.00339718 0.00211314 9.52732e-05
92.78 0.606365 0.51419 0.437721 0.00351832 0.00180268 -0.000751275
92.8 0.606513 0.514256 0.437686 0.00371174 0.00164328 -0.000892487
92.82 0.606673 0.514322 0.437673 0.00398384 0.00166001 -0.000315993
92.84 0.606845 0.514394 0.437702 0.00431315 0.00179236 0.00071453
92.86 0.607029 0.514471 0.437772 0.00460515 0.00193406 0.00176443
92.88 0.607218 0.514551 0.437868 0.00470884 0.00200476 0.00240592
92.9 0.607398 0.51463 0.437965 0.00450071 0.00197811 0.00240871
92.92 0.607559 0.514706 0.438038 0.00402103 0.00189243 0.00184117
92.94 0.6077 0.51478 0.438079 0.00354032 0.00184765 0.00101128
92.96 0.607837 0.514859 0.43809 0.00340895 0.00196437 0.000287593
92.98 0.607988 0.514951 0.438088 0.00377822 0.00231175 -6.53561e-05
93 0.608166 0.515064 0.438089 0.00444979 0.00281868 2.76726e-05
93.02 0.608366 0.515194 0.438107 0.00501303 0.00326609 0.000449452
93.04 0.608573 0.515331 0.438146 0.00515869 0.00341118 0.000970981
93.06 0.608768 0.515458 0.438201 0.00489671 0.00317288 0.00138008
93.08 0.608948 0.515566 0.438264 0.00449193 0.00269371 0.00157654
93.1 0.609117 0.515655 0.438328 0.00422368 0.00222633 0.00160628
93.12 0.609284 0.515734 0.438393 0.00418092 0.00199102 0.00161607
93.14 0.609453 0.515817 0.438462 0.004211 0.00207727 0.00173115
93.16 0.609615 0.515913 0.43854 0.00406367 0.00239798 0.00194799
93.18 0.60976 0.516023 0.438625 0.00362471 0.00275245 0.00213018
93.2 0.609882 0.516142 0.438709 0.00304602 0.002968 0.00210101
93.22 0.609988 0.516262 0.43878 0.00264416 0.00298934 0.00176887
93.24 0.610093 0.516376 0.438828 0.00263223 0.00285122 0.0012044
93.26 0.61021 0.51648 0.438852 0.00292937 0.00260135 0.000598282
93.28 0.610339 0.516571 0.438857 0.00321621 0.00227621 0.000120341
93.3 0.610465 0.516648 0.438849 0.00315294 0.00192765 -0.000200945
93.32 0.610569 0.516713 0.43883 0.00258709 0.00162154 -0.000467946
93.34 0.610635 0.516769 0.438799 0.00166272 0.00139336 -0.000780629
93.36 0.610665 0.516818 0.438755 0.00073994 0.00122897 -0.00109105
93.38 0.610671 0.516862 0.438708 0.000152516 0.00111925 -0.00119091
93.4 0.610671 0.516906 0.438673 1.38972e-05 0.00110111 -0.000874559
93.42 0.610679 0.516955 0.438667 0.000198016 0.0012093 -0.000141234
93.44 0.610698 0.517011 0.438697 0.000458738 0.00140164 0.000746562
93.46 0.610721 0.517073 0.438753 0.000589502 0.00155205 0.00141177
93.48 0.610743 0.517134 0.438817 0.000533483 0.00151845 0.00159187
93.5 0.610757 0.517183 0.438868 0.000369165 0.00123177 0.00127833
93.52 0.610765 0.517213 0.438896 0.000186106 0.000738107 0.00070139
93.54 0.610765 0.51722 0.438905 5.62226e-06 0.000187135 0.000209091
93.56 0.610758 0.517211 0.438908 -0.000162971 -0.000216786 9.4642e-05
93.58 0.610748 0.517199 0.438927 -0.000252347 -0.000303237 0.00045354
93.6 0.610741 0.517198 0.438973 -0.00017645 -3.57342e-05 0.00115156
93.62 0.610744 0.517215 0.439049 7.04664e-05 0.000437886 0.00191608
93.64 0.610759 0.517249 0.439149 0.000376651 0.000853437 0.00248609
93.66 0.610783 0.51729 0.439257 0.000585627 0.00101515 0.00271656
93.68 0.610807 0.517328 0.439362 0.000612956 0.000937799 0.00261847
93.7 0.610828 0.517361 0.439456 0.000516979 0.000824161 0.00234158
93.72 0.610847 0.517396 0.439539 0.00047471 0.000885888 0.00208724
93.74 0.610873 0.517441 0.439619 0.000657521 0.00113693 0.00200359
93.76 0.610916 0.517496 0.439704 0.00107545 0.00135559 0.0021222
93.78 0.610977 0.517547 0.439798 0.0015235 0.00128601 0.002338
93.8 0.611046 0.517583 0.439896 0.00173301 0.000907333 0.00245954
93.82 0.611111 0.517604 0.43999 0.00162113 0.000503497 0.00233749
93.84 0.611167 0.517623 0.440069 0.00140216 0.0004839 0.00197826
93.86 0.611225 0.517667 0.44013 0.00143073 0.0010977 0.00153435
93.88 0.6113 0.517755 0.440177 0.00188695 0.00220077 0.00117068
93.9 0.611404 0.517886 0.440215 0.00258866 0.00326805 0.000944233
93.92 0.611527 0.518033 0.440246 0.00309657 0.0036884 0.000790922
93.94 0.611649 0.51816 0.44027 0.00304499 0.00316122 0.00059192
93.96 0.611747 0.518237 0.44028 0.00245324 0.00194151 0.0002484
93.98 0.611818 0.518266 0.44027 0.00177848 0.000731002 -0.000255654
94 0.611883 0.518276 0.440238 0.00161892 0.000243124 -0.000796895
94.02 0.611973 0.518306 0.440193 0.00225484 0.000738024 -0.00112762
94.04 0.612109 0.51838 0.440152 0.00340115 0.00186451 -0.00103396
94.06 0.612285 0.518497 0.440131 0.00438777 0.00291774 -0.000524266
94.08 0.612471 0.518629 0.440137 0.00464246 0.00331123 0.000159721
94.1 0.612634 0.518747 0.440165 0.0040897 0.00293419 0.000702836
94.12 0.612761 0.518834 0.440201 0.00317573 0.00218883 0.000893759
94.14 0.612863 0.518902 0.44023 0.00254549 0.00168041 0.000719398
94.16 0.612968 0.518972 0.440244 0.00262172 0.001768 0.000365402
94.18 0.613102 0.519065 0.440249 0.0033489 0.00232918 0.000115298
94.2 0.613273 0.519182 0.440256 0.00427845 0.00290639 0.000186142
94.22 0.61347 0.519305 0.440281 0.00493105 0.00308346 0.000612451
94.24 0.613675 0.519416 0.440331 0.00512598 0.00278118 0.00124496
94.26 0.613876 0.519508 0.440404 0.00501913 0.00228198 0.00182708
94.28 0.614072 0.519588 0.440488 0.0049016 0.00199895 0.00210525
94.3 0.614271 0.519674 0.440566 0.00496577 0.00215998 0.00195537
94.32 0.614478 0.51978 0.440625 0.00517755 0.00264372 0.00148423
94.34 0.614691 0.519903 0.440666 0.00532702 0.00308806 0.00102128
94.36 0.6149 0.520031 0.440704 0.00523269 0.00319227 0.000939434
94.38 0.615097 0.520149 0.44076 0.00490686 0.00295019 0.0014055
94.4 0.615278 0.520253 0.44085 0.00452714 0.00261186 0.00224484
94.42 0.615449 0.520352 0.440971 0.00428381 0.00245557 0.00302071
94.44 0.61562 0.520456 0.441102 0.00426611 0.0025989 0.00328317
94.46 0.615798 0.520574 0.441215 0.00444778 0.00296059 0.00281893
94.48 0.615986 0.520707 0.441285 0.00472105 0.00333626 0.00175737
94.5 0.616184 0.520849 0.441305 0.00494463 0.00352813 0.000502933
94.52 0.616385 0.520986 0.441287 0.00500996 0.00344806 -0.000462551
94.54 0.61658 0.521113 0.441254 0.00489491 0.00315548 -0.000808638
94.56 0.616767 0.521226 0.441235 0.00465996 0.00283339 -0.000492013
94.58 0.616942 0.521334 0.441245 0.00439041 0.00268715 0.00026577
94.6 0.617108 0.521446 0.44129 0.00413818 0.00280393 0.00112443
94.62 0.617264 0.521569 0.441362 0.00390283 0.00308948 0.00178368
94.64 0.61741 0.521703 0.441444 0.00365722 0.00334885 0.00206963
94.66 0.617546 0.52184 0.441522 0.00339362 0.00341588 0.00195153
94.68 0.617672 0.521969 0.441584 0.00315549 0.00321928 0.00153623
94.7 0.617794 0.522081 0.441626 0.00303253 0.00281036 0.00104583
94.72 0.617918 0.522175 0.441655 0.00310569 0.00235835 0.000737097
94.74 0.618052 0.522258 0.441686 0.00335898 0.00205676 0.000765986
94.76 0.618198 0.522337 0.441729 0.00363918 0.0019792 0.00107314
94.78 0.618347 0.522418 0.441784 0.00373541 0.00203818 0.0013897
94.8 0.618487 0.522502 0.44184 0.00350597 0.00210102 0.00140016
94.82 0.618605 0.522586 0.44188 0.00294989 0.0020898 0.0009792
94.84 0.618694 0.522665 0.441892 0.0022127 0.00197734 0.00030643
94.86 0.618755 0.522736 0.441882 0.00152362 0.00176375 -0.000251511
94.88 0.618798 0.522795 0.441866 0.00108259 0.00148252 -0.000388467
94.9 0.618837 0.522843 0.441864 0.000970156 0.00120049 -4.55236e-05
94.92 0.618882 0.522882 0.441887 0.00111652 0.000975448 0.000562581
94.94 0.618935 0.522915 0.44193 0.00132302 0.000819678 0.00108467
94.96 0.618989 0.522943 0.441981 0.00135763 0.000716334 0.00126038
94.98 0.619032 0.52297 0.442023 0.00108617 0.000661538 0.00106765
95 0.619053 0.522996 0.442051 0.000527839 0.00066513 0.000682251
95.02 0.619047 0.523024 0.442063 -0.000170091 0.000692788 0.000305063
95.04 0.619016 0.523051 0.442064 -0.000772109 0.00066681 3.59671e-05
95.06 0.618975 0.523074 0.44206 -0.001026 0.000576302 -0.000106758
95.08 0.618942 0.523095 0.442056 -0.00081476 0.000527876 -0.000108646
95.1 0.618931 0.523121 0.442059 -0.00028547 0.000640441 7.33391e-05
95.12 0.618938 0.523157 0.442078 0.000183802 0.000903322 0.000473015
95.14 0.618946 0.523202 0.442119 0.000199334 0.00114196 0.00104459
95.16 0.618931 0.523247 0.442185 -0.000375415 0.00111517 0.00164628
95.18 0.61888 0.523274 0.44227 -0.00126701 0.000683888 0.00211227
95.2 0.618805 0.523273 0.442364 -0.00188507 -4.40651e-05 0.00235905
95.22 0.618738 0.523245 0.442461 -0.00166115 -0.00070309 0.00242196
95.24 0.61872 0.523209 0.442556 -0.000467283 -0.000885545 0.00238325
95.26 0.618768 0.523191 0.442647 0.0012001 -0.000464614 0.00228042
95.28 0.618867 0.523202 0.442731 0.00249168 0.000290043 0.00208594
95.3 0.618978 0.523239 0.442802 0.00275304 0.000919074 0.00177055
95.32 0.619055 0.523283 0.442857 0.00193856 0.00109261 0.00139401
95.34 0.61908 0.523315 0.442903 0.000626202 0.000799974 0.00113233
95.36 0.619066 0.523327 0.44295 -0.000365811 0.000306835 0.00118457
95.38 0.619045 0.523324 0.443014 -0.000520538 -6.7616e-05 0.00158917
95.4 0.619048 0.523317 0.443098 8.43035e-05 -0.000173559 0.00210869
95.42 0.619086 0.523315 0.443192 0.000935774 -6.57451e-05 0.00233803
95.44 0.619146 0.52332 0.443271 0.00152121 0.000140565 0.00199457
95.46 0.619213 0.523337 0.443317 0.00167383 0.000421146 0.00115137
95.48 0.619278 0.523371 0.443326 0.00160526 0.000840752 0.000222567
95.5 0.619344 0.523427 0.443315 0.00165943 0.00141213 -0.000291646
95.52 0.619423 0.523506 0.443309 0.00198937 0.00197554 -0.000134501
95.54 0.619521 0.523596 0.44333 0.00242731 0.0022456 0.000524928
95.56 0.619627 0.523677 0.443378 0.0026588 0.00202911 0.00119954
95.58 0.619728 0.523735 0.443435 0.00252672 0.00145278 0.00141328
95.6 0.619816 0.523774 0.443476 0.00220009 0.000974702 0.00102115
95.62 0.619899 0.523818 0.443488 0.00206713 0.00110295 0.000303326
95.64 0.619995 0.523899 0.443478 0.00241657 0.00201571 -0.000241959
95.66 0.620122 0.524035 0.443467 0.00316919 0.00339827 -0.000268703
95.68 0.620279 0.52422 0.443474 0.0039167 0.00461574 0.000170686
95.7 0.620449 0.524423 0.443503 0.00425772 0.00509168 0.000716303
95.72 0.620614 0.52461 0.443544 0.00411438 0.00466523 0.00102624
95.74 0.620764 0.524758 0.443585 0.00376447 0.00369606 0.00102131
95.76 0.620909 0.524871 0.443619 0.00361069 0.00284361 0.000868566
95.78 0.621064 0.524977 0.443651 0.0038719 0.00264465 0.000785223
95.8 0.62124 0.525104 0.443685 0.00441558 0.00315847 0.000859739
95.82 0.621434 0.525262 0.443726 0.00485165 0.0039709 0.0010193
95.84 0.621628 0.525445 0.443771 0.00484708 0.00456481 0.00113599
95.86 0.621805 0.525633 0.443818 0.0044248 0.0047069 0.00116352
95.88 0.621964 0.525814 0.443865 0.00396167 0.00452427 0.00117916
95.9 0.62212 0.525987 0.443917 0.00390997 0.00430898 0.0012863
95.92 0.622299 0.526157 0.443976 0.00447628 0.00425881 0.00147579
95.94 0.622518 0.52633 0.444039 0.00546403 0.00433595 0.00159371
95.96 0.622772 0.526503 0.444098 0.00636147 0.00432797 0.00146441
95.98 0.623038 0.526666 0.444141 0.00664336 0.0040718 0.00107038
96 0.623282 0.526813 0.444165 0.00610684 0.0036579 0.000605736
96.02 0.623483 0.526948 0.444178 0.00501815 0.0033826 0.000333631
96.04 0.623642 0.527087 0.444194 0.00398718 0.00347816 0.000382573
96.06 0.623787 0.527242 0.44422 0.00362997 0.00387557 0.000651166
96.08 0.623955 0.52741 0.444255 0.00418809 0.00420186 0.000871802
96.1 0.624169 0.527572 0.444287 0.00535011 0.0040341 0.000799822
96.12 0.624426 0.527701 0.444303 0.00642439 0.00323272 0.000410186
96.14 0.624696 0.527784 0.444301 0.00674923 0.00207151 -5.94949e-05
96.16 0.624939 0.527826 0.444289 0.00607238 0.00106869 -0.000291314
96.18 0.625127 0.527853 0.444283 0.00469552 0.000655633 -0.000147341
96.2 0.62526 0.527889 0.444293 0.00332466 0.00091463 0.000239815
96.22 0.625366 0.527952 0.444317 0.00266544 0.00156958 0.000616893
96.24 0.625485 0.52804 0.444351 0.00298008 0.00219959 0.00083422
96.26 0.625643 0.528139 0.444389 0.00393967 0.00247534 0.000948215
96.28 0.625838 0.52823 0.444434 0.00487797 0.00227307 0.0011439
96.3 0.626047 0.528298 0.444497 0.0052274 0.00169111 0.00155699
96.32 0.62624 0.528337 0.444582 0.00481247 0.000994202 0.00212249
96.34 0.626394 0.528356 0.444685 0.00386711 0.000461761 0.00257563
96.36 0.626507 0.528365 0.44479 0.00282212 0.000228929 0.00262804
96.38 0.626588 0.528375 0.444878 0.00200697 0.000253838 0.00219599
96.4 0.626647 0.528392 0.444937 0.0014728 0.000416085 0.00149056
96.42 0.62669 0.528417 0.444973 0.0010857 0.000626476 0.000895005
96.44 0.626721 0.528451 0.445002 0.000771322 0.000858926 0.000729878
96.46 0.626746 0.528496 0.445045 0.000627942 0.00111466 0.00106003
96.48 0.626778 0.52855 0.445111 0.00079609 0.00135992 0.00166631
96.5 0.626827 0.528611 0.445199 0.00122009 0.00150988 0.00218574
96.52 0.626889 0.528669 0.445291 0.00156598 0.00147151 0.00231542
96.54 0.626947 0.528718 0.44537 0.00144385 0.00122028 0.00197681
96.56 0.626977 0.528752 0.445425 0.000746099 0.000846379 0.00135771
96.58 0.626968 0.528773 0.445456 -0.000213048 0.000525331 0.000785625
96.6 0.626933 0.52879 0.445476 -0.000883261 0.000423859 0.000505448
96.62 0.626899 0.528813 0.445498 -0.000839033 0.00058121 0.000540827
96.64 0.626896 0.528848 0.445528 -7.27161e-05 0.000874326 0.000743447
96.66 0.626935 0.528893 0.445565 0.000965878 0.00110849 0.000934348
96.68 0.627001 0.528939 0.445605 0.00165071 0.00116451 0.00100409
96.7 0.627066 0.528982 0.445643 0.00160963 0.00107666 0.000940383
96.72 0.627104 0.529021 0.445675 0.000973612 0.000968685 0.000806406
96.74 0.627114 0.529059 0.445702 0.000239736 0.000939212 0.000683545
96.76 0.62711 0.529099 0.445727 -0.000103898 0.00101121 0.000619614
96.78 0.627115 0.529145 0.445752 0.000135442 0.00113619 0.000611659
96.8 0.627148 0.529193 0.445777 0.000811638 0.00120755 0.000625792
96.82 0.627211 0.529237 0.445802 0.00157545 0.00110974 0.000635964
96.84 0.627294 0.529271 0.445828 0.00209063 0.000842348 0.000640425
96.86 0.627382 0.529294 0.445853 0.00220019 0.000586247 0.000623673
96.88 0.62746 0.529318 0.445874 0.00193878 0.000588925 0.000520448
96.9 0.627518 0.529356 0.445885 0.00144012 0.000944984 0.000275459
96.92 0.627552 0.529415 0.445883 0.000867727 0.00149131 -3.91523e-05
96.94 0.627568 0.529492 0.445875 0.000404389 0.00191262 -0.000199213
96.96 0.627578 0.52957 0.445876 0.000233605 0.0019459 3.1212e-05
96.98 0.627597 0.529632 0.445905 0.000474489 0.00154627 0.000706843
97 0.627641 0.529669 0.44597 0.00110484 0.000928595 0.00162663
97.02 0.627718 0.529686 0.446066 0.00193184 0.000421637 0.00241978
97.04 0.627824 0.529695 0.446175 0.00264503 0.000233119 0.00272596
97.06 0.627942 0.529709 0.446271 0.00294703 0.000351425 0.00238157
97.08 0.628051 0.529735 0.446331 0.00272635 0.000638541 0.0015125
97.1 0.628137 0.529773 0.44635 0.0021464 0.000968461 0.000467985
97.12 0.628199 0.529824 0.446336 0.0015469 0.00126491 -0.000350631
97.14 0.628248 0.529883 0.44631 0.0012406 0.00146978 -0.000657364
97.16 0.628303 0.529944 0.446295 0.00136772 0.00154132 -0.000371131
97.18 0.628378 0.530004 0.44631 0.00186975 0.00148832 0.00038804
97.2 0.62848 0.53006 0.446365 0.00254877 0.00139713 0.00135909
97.22 0.628606 0.530116 0.446454 0.00316095 0.00141636 0.00222286
97.24 0.628747 0.530183 0.446562 0.00352027 0.00167556 0.0027086
97.26 0.628889 0.53027 0.446669 0.00356014 0.00215721 0.00268471
97.28 0.629023 0.530375 0.446757 0.00333587 0.00262979 0.00218849
97.3 0.629144 0.530486 0.446813 0.00301605 0.00277039 0.00140808
97.32 0.629258 0.530583 0.446839 0.00285561 0.00243193 0.000636018
97.34 0.629381 0.530655 0.446846 0.00308975 0.00180919 0.000179446
97.36 0.629532 0.530709 0.446854 0.00375788 0.00134457 0.000217312
97.38 0.629716 0.530768 0.446883 0.00460373 0.00147292 0.000704487
97.4 0.629923 0.530861 0.446938 0.00518059 0.00233517 0.00139115
97.42 0.630128 0.531006 0.447015 0.00512267 0.00361217 0.00192788
97.44 0.630305 0.531192 0.447096 0.00441549 0.00465989 0.00201731
97.46 0.630444 0.53139 0.447159 0.00347446 0.00493531 0.00157519
97.48 0.63056 0.531566 0.447192 0.00292211 0.00439596 0.000830526
97.5 0.630687 0.531706 0.447202 0.00317483 0.00350429 0.000244614
97.52 0.630853 0.53182 0.447211 0.00414948 0.00284478 0.000224331
97.54 0.631066 0.531928 0.447244 0.0053036 0.00271935 0.000826177
97.56 0.631304 0.532049 0.447312 0.00597113 0.00301442 0.00168767
97.58 0.631535 0.532184 0.447401 0.00577134 0.00338388 0.00224548
97.6 0.631729 0.532327 0.447486 0.00483873 0.00356488 0.00210857
97.62 0.631878 0.532469 0.447539 0.00371829 0.00355018 0.00132849
97.64 0.631997 0.532609 0.447553 0.0029903 0.00351153 0.000339952
97.66 0.632113 0.532752 0.447538 0.00289503 0.00357826 -0.000374536
97.68 0.632242 0.532899 0.447514 0.00321962 0.00366842 -0.000598721
97.7 0.632382 0.533041 0.447495 0.00350389 0.00353635 -0.000459101
97.72 0.632518 0.533161 0.447485 0.0033939 0.00301365 -0.000252285
97.74 0.632633 0.53325 0.447478 0.00288062 0.00222119 -0.000176123
97.76 0.632723 0.533312 0.44747 0.00226185 0.00154648 -0.000193034
97.78 0.632799 0.533368 0.447465 0.00190301 0.00139155 -0.000122932
97.8 0.632879 0.533442 0.447472 0.0019791 0.00187076 0.000162374
97.82 0.632974 0.53355 0.447497 0.00237382 0.00268424 0.000619766
97.84 0.633085 0.533682 0.447539 0.00279374 0.00329739 0.00105592
97.86 0.633204 0.533813 0.447589 0.00297797 0.00329653 0.00125766
97.88 0.633318 0.53392 0.447636 0.00285067 0.00265038 0.00116212
97.9 0.63342 0.533987 0.447674 0.00254763 0.00169692 0.000944345
97.92 0.633512 0.534023 0.44771 0.00230247 0.000893149 0.000902198
97.94 0.633603 0.534045 0.447758 0.00227413 0.000541007 0.00121364
97.96 0.633701 0.534071 0.44783 0.00242866 0.000663654 0.0017845
97.98 0.633804 0.534114 0.447922 0.00257468 0.00106472 0.00230715
98 0.633904 0.534173 0.448021 0.002512 0.00148756 0.00247625
98.02 0.633991 0.534244 0.448109 0.00217351 0.00175399 0.00221104
98.04 0.634058 0.534317 0.448177 0.00168257 0.00183554 0.00170142
98.06 0.63411 0.534389 0.448227 0.0012969 0.00180925 0.0012358
98.08 0.63416 0.534458 0.448267 0.0012343 0.00171999 0.000993135
98.1 0.63422 0.534518 0.448306 0.00150705 0.00150881 0.000976098
98.12 0.634297 0.534563 0.448349 0.00193721 0.00112076 0.00108672
98.14 0.63439 0.53459 0.448399 0.00231454 0.000659092 0.00125226
98.16 0.63449 0.534605 0.448459 0.0025103 0.000374266 0.00149548
98.18 0.63459 0.534624 0.448535 0.0024935 0.000471292 0.00189024
98.2 0.634683 0.534661 0.448632 0.00231134 0.000937906 0.00242455
98.22 0.634764 0.534723 0.448747 0.00204696 0.00154333 0.0028904
98.24 0.634835 0.534802 0.448865 0.00177262 0.00197573 0.00294869
98.26 0.634897 0.534883 0.44896 0.00153991 0.00201897 0.00236478
98.28 0.634953 0.53495 0.449009 0.00140927 0.00168538 0.00122452
98.3 0.635012 0.534999 0.449006 0.00146372 0.00122746 -6.94233e-05
98.32 0.635082 0.535038 0.448965 0.00175568 0.0009655 -0.0010294
98.34 0.635171 0.535079 0.448911 0.00221941 0.00104308 -0.00135024
98.36 0.635277 0.535133 0.44887 0.0026646 0.00134545 -0.00103004
98.38 0.635393 0.535199 0.448857 0.00289239 0.00163299 -0.000318426
98.4 0.635506 0.535268 0.448875 0.0028324 0.00173378 0.000442261
98.42 0.63561 0.535334 0.448914 0.00258127 0.0016624 0.000997543
98.44 0.635702 0.535398 0.448965 0.00231895 0.00159596 0.00126741
98.46 0.63579 0.535467 0.449017 0.00219078 0.00171046 0.0012989
98.48 0.63588 0.535547 0.449063 0.00224322 0.00200419 0.00115475
98.5 0.635976 0.535638 0.449098 0.00240539 0.00228129 0.000859156
98.52 0.636077 0.53573 0.449115 0.00252171 0.00230559 0.00044121
98.54 0.636175 0.535809 0.449115 0.00245411 0.00197689 -7.65946e-06
98.56 0.636263 0.535865 0.449101 0.0021914 0.0013819 -0.00034911
98.58 0.636338 0.535894 0.449082 0.00187106 0.000722297 -0.000481676
98.6 0.636405 0.535903 0.449066 0.00169133 0.000224608 -0.000401696
98.62 0.636477 0.535905 0.449059 0.00178619 6.73356e-05 -0.00017583
98.64 0.636562 0.535918 0.449064 0.00214634 0.000324229 0.000136241
98.66 0.636667 0.535955 0.449085 0.00262475 0.000923855 0.000522057
98.68 0.636787 0.536021 0.449124 0.0029941 0.00165008 0.000981196
98.7 0.636908 0.53611 0.449182 0.00303144 0.00220953 0.00145032
98.72 0.637014 0.536204 0.449253 0.00263514 0.00235475 0.00177202
98.74 0.637092 0.536284 0.449324 0.00194457 0.00200192 0.00176814
98.76 0.637145 0.536335 0.449379 0.00133005 0.0012746 0.00137466
98.78 0.637193 0.536354 0.449409 0.00119291 0.000481332 0.000749115
98.8 0.63726 0.536355 0.449418 0.00168809 1.42041e-05 0.000241028
98.82 0.637364 0.53636 0.449426 0.00258532 0.00014198 0.000178227
98.84 0.6375 0.536393 0.449451 0.00340143 0.00082163 0.000627102
98.86 0.637648 0.536462 0.449505 0.00370572 0.00172606 0.00135217
98.88 0.637783 0.536562 0.449584 0.00338742 0.00248671 0.00198821
98.9 0.637892 0.536679 0.449675 0.00270784 0.00292311 0.00226124
98.92 0.637976 0.536802 0.44976 0.00210226 0.00308587 0.00212626
98.94 0.638051 0.536928 0.44983 0.00188561 0.00314532 0.00176321
98.96 0.638134 0.537057 0.449888 0.00207443 0.003233 0.00144486
98.98 0.638231 0.537191 0.449943 0.00243393 0.00333984 0.0013669
99 0.63834 0.537324 0.450005 0.002706 0.00334028 0.00155091
99.02 0.638452 0.537449 0.450079 0.00280562 0.00312199 0.00186669
99.04 0.638565 0.537558 0.450164 0.0028241 0.00272496 0.00211995
99.06 0.638681 0.537653 0.45025 0.00289245 0.00235981 0.00214097
99.08 0.638802 0.537743 0.450324 0.00304399 0.00226624 0.0018554
99.1 0.63893 0.537845 0.450376 0.0031876 0.00253709 0.00130775
99.12 0.639058 0.537966 0.450402 0.00319182 0.00303634 0.000631649
99.14 0.639178 0.538105 0.450402 0.00300849 0.00347329 1.91754e-05
99.16 0.639287 0.538249 0.45039 0.00273647 0.00359254 -0.000300078
99.18 0.63939 0.538382 0.450385 0.0025556 0.00333825 -0.000128256
99.2 0.639493 0.538497 0.450408 0.00259336 0.00286938 0.000565554
99.22 0.639607 0.538595 0.450469 0.00283714 0.00243969 0.00153836
99.24 0.639732 0.538684 0.450563 0.00312814 0.00224054 0.00234093
99.26 0.639862 0.538776 0.450666 0.00324573 0.00230213 0.00256373
99.28 0.639984 0.538876 0.450749 0.00306132 0.00248748 0.00207287
99.3 0.640091 0.538981 0.450792 0.00265821 0.00261904 0.00107894
99.32 0.640183 0.539086 0.450793 0.00230421 0.00262667 2.44302e-05
99.34 0.640274 0.539189 0.450767 0.00227528 0.00257062 -0.000646686
99.36 0.640381 0.539291 0.450738 0.00267672 0.0025621 -0.000722037
99.38 0.640516 0.539397 0.450725 0.00337848 0.00265982 -0.000320903
99.4 0.640679 0.53951 0.450734 0.00407118 0.00282241 0.000213377
99.42 0.640855 0.539628 0.450756 0.00441159 0.0029319 0.000553468
99.44 0.641023 0.539741 0.450779 0.00420235 0.0028453 0.000573243
99.46 0.641163 0.53984 0.450794 0.00349863 0.00247069 0.000372289
99.48 0.641266 0.539914 0.4508 0.00255941 0.00184283 0.000162404
99.5 0.641334 0.539959 0.450805 0.00170431 0.00112511 0.000119903
99.52 0.641382 0.53998 0.450816 0.00120663 0.000514537 0.000286914
99.54 0.641432 0.539986 0.450839 0.00124445 0.000149588 0.000572546
99.56 0.641506 0.539989 0.450874 0.00184491 8.49995e-05 0.000856261
99.58 0.641618 0.540001 0.450917 0.00280446 0.000297569 0.00108061
99.6 0.641766 0.540029 0.450966 0.00369903 0.000694544 0.0012398
99.62 0.641928 0.540074 0.451019 0.00406785 0.00113595 0.00130611
99.64 0.642076 0.540134 0.451066 0.00368632 0.00149288 0.00119736
99.66 0.642186 0.540202 0.4511 0.00274623 0.00170028 0.00084036
99.68 0.642256 0.540272 0.451112 0.00176646 0.00175622 0.000287751
99.7 0.642308 0.54034 0.451103 0.00127948 0.00168739 -0.000219434
99.72 0.642368 0.5404 0.451089 0.00151813 0.00151681 -0.000341119
99.74 0.642461 0.54045 0.451095 0.0023077 0.00125648 0.000147707
99.76 0.642589 0.540488 0.451142 0.00320765 0.000939908 0.00116645
99.78 0.642741 0.540515 0.451234 0.00379044 0.000667943 0.00231332
99.8 0.642895 0.540539 0.451357 0.00386421 0.000594964 0.00307692
99.82 0.643035 0.540572 0.451483 0.00350384 0.000828491 0.0031328
99.84 0.643153 0.540625 0.451584 0.00293256 0.0013345 0.00254373
99.86 0.643248 0.540702 0.451653 0.00239162 0.00192759 0.00172155
99.88 0.643331 0.540796 0.451699 0.00205731 0.00233522 0.0011389
99.9 0.643411 0.540889 0.45174 0.00200046 0.0023312 0.00101932
99.92 0.643498 0.540966 0.45179 0.00219488 0.00191854 0.00125324
99.94 0.6436 0.541022 0.451852 0.00254731 0.00139867 0.00154945
99.96 0.643717 0.541069 0.451918 0.00290594 0.00118643 0.00164437
99.98 0.64384 0.541129 0.451975 0.00307929 0.00150041 0.00142963
100 0.643957 0.541217 0.452014 0.00294363 0.00219837 0.000977595
100.02 0.64406 0.541332 0.452033 0.00257663 0.00286851 0.000488494
100.04 0.64415 0.541455 0.452041 0.00223654 0.00307416 0.000182904
100.06 0.644236 0.541559 0.452048 0.00216347 0.00261477 0.000186296
100.08 0.644332 0.541626 0.452067 0.00238099 0.0016661 0.000478305
100.1 0.644439 0.541654 0.452105 0.00268635 0.000693051 0.000934654
100.12 0.644552 0.541661 0.452161 0.00282093 0.000179863 0.0014177
100.14 0.644658 0.541675 0.452235 0.00264883 0.000346537 0.00184205
100.16 0.644747 0.541716 0.452322 0.002238 0.00103666 0.00216919
100.18 0.64482 0.54179 0.452416 0.00180354 0.00184993 0.00235409
100.2 0.644881 0.541886 0.452508 0.00153415 0.0023923 0.00231329
100.22 0.644939 0.541985 0.452588 0.00146077 0.00247168 0.00198881
100.24 0.644999 0.542071 0.452646 0.00149978 0.00215823 0.00144869
100.26 0.645062 0.542139 0.452682 0.00156483 0.00170355 0.0008915
100.28 0.645126 0.542193 0.452703 0.00160321 0.00133444 0.000534516
100.3 0.64519 0.542235 0.452721 0.00158385 0.00107127 0.000460457
100.32 0.64525 0.542267 0.452743 0.00150354 0.000783848 0.000549973
100.34 0.645305 0.542284 0.452767 0.00139461 0.00043559 0.00058257
100.36 0.645357 0.542293 0.452784 0.00129161 0.000209319 0.000430619
100.38 0.645406 0.542307 0.452791 0.00122435 0.000367533 0.000177791
100.4 0.645456 0.542347 0.452793 0.00124374 0.000999471 4.89342e-05
100.42 0.645512 0.542422 0.452801 0.00141227 0.00187306 0.000197847
100.44 0.645581 0.542523 0.452823 0.00172673 0.00252583 0.00055876
100.46 0.645663 0.542626 0.452859 0.00204522 0.00257469 0.000901277
100.48 0.645748 0.542707 0.4529 0.00213233 0.00201719 0.00101638
100.5 0.645821 0.542758 0.452935 0.00181678 0.00126945 0.000865825
100.52 0.645867 0.542793 0.452958 0.0011466 0.000888947 0.000586667
100.54 0.645884 0.542841 0.452973 0.000427269 0.00118437 0.000363525
100.56 0.645887 0.54292 0.452983 6.70402e-05 0.00199054 0.000255438
100.58 0.6459 0.543031 0.452989 0.000317968 0.00277373 0.000143335
100.6 0.645943 0.543152 0.452983 0.0010905 0.00300891 -0.000129632
100.62 0.646022 0.543254 0.452962 0.00197658 0.0025634 -0.000546789
100.64 0.646122 0.543326 0.452927 0.00249302 0.00179664 -0.000854743
100.66 0.646217 0.543378 0.452898 0.00238187 0.00131292 -0.000727389
100.68 0.646288 0.54344 0.452897 0.00177895 0.00153038 -2.45828e-05
100.7 0.646334 0.543534 0.45294 0.00113597 0.00236592 0.00105707
100.72 0.646371 0.543665 0.453023 0.000934598 0.00327532 0.00208029
100.74 0.646426 0.543811 0.453129 0.00138042 0.00363266 0.00265273
100.76 0.646517 0.543938 0.453236 0.00226799 0.00319489 0.00267629
100.78 0.646641 0.54403 0.453331 0.00310089 0.00228282 0.00236948
100.8 0.646778 0.544091 0.453414 0.00341234 0.00152756 0.00208523
100.82 0.646901 0.544147 0.453497 0.00307787 0.00139444 0.00207239
100.84 0.646996 0.544222 0.453589 0.00238101 0.00188736 0.00230712
100.86 0.647069 0.544327 0.45369 0.00181594 0.00262267 0.00250924
100.88 0.647141 0.544452 0.453785 0.00179917 0.00312031 0.00237426
100.9 0.647238 0.544575 0.453858 0.00244007 0.00309213 0.00184118
100.92 0.647377 0.54468 0.453904 0.00347484 0.00260725 0.00114955
100.94 0.647554 0.544761 0.45393 0.00442454 0.0020336 0.000651113
100.96 0.64775 0.544831 0.453953 0.00489264 0.0017587 0.000562971
100.98 0.647942 0.544908 0.453987 0.00479664 0.00190895 0.000849108
101 0.648116 0.545 0.454038 0.00436051 0.00230257 0.00128569
101.02 0.648273 0.545105 0.454103 0.0039148 0.00263263 0.0016295
101.04 0.648421 0.545212 0.454173 0.00370103 0.00267917 0.00173853
101.06 0.648572 0.545309 0.454236 0.00377797 0.00241135 0.00157273
101.08 0.648733 0.545387 0.454282 0.0040173 0.00196583 0.00114576
101.1 0.6489 0.545449 0.454302 0.00417979 0.0015329 0.000503752
101.12 0.649063 0.545498 0.454292 0.0040705 0.00123595 -0.000256876
101.14 0.649211 0.545542 0.454253 0.00369884 0.00108889 -0.000966535
101.16 0.649343 0.545583 0.454196 0.00330431 0.00103898 -0.00143114
101.18 0.64947 0.545625 0.454135 0.0031925 0.00103774 -0.00150679
101.2 0.64961 0.545668 0.45409 0.00349988 0.00107244 -0.00114444
101.22 0.649774 0.545715 0.454073 0.00408599 0.00118428 -0.000427383
101.24 0.649959 0.545773 0.45409 0.00462983 0.00144207 0.000427706
101.26 0.650153 0.545846 0.454135 0.0048383 0.00183704 0.00114352
101.28 0.650337 0.545935 0.454195 0.00461578 0.0022061 0.00149289
101.3 0.6505 0.546027 0.45425 0.00407807 0.00229997 0.00137944
101.32 0.650639 0.546106 0.454285 0.00345372 0.00197631 0.000869453
101.34 0.650758 0.54616 0.454293 0.00297686 0.00134749 0.000188159
101.36 0.65087 0.54619 0.454279 0.00280706 0.000753138 -0.000344541
101.38 0.650989 0.546213 0.454261 0.0029672 0.000586621 -0.000455935
101.4 0.651122 0.546257 0.454258 0.00334362 0.00108705 -7.1238e-05
101.42 0.651272 0.546344 0.454283 0.00375387 0.00217896 0.000642027
101.44 0.651433 0.546481 0.454338 0.00401478 0.00343216 0.0013785
101.46 0.651593 0.54665 0.454413 0.0040017 0.00422236 0.00186887
101.48 0.651742 0.546813 0.454493 0.00372962 0.00408539 0.00200597
101.5 0.651877 0.546936 0.454568 0.0033632 0.00306485 0.00186283
101.52 0.652 0.547006 0.454633 0.00307925 0.00174874 0.00161407
101.54 0.652116 0.547042 0.454689 0.00291207 0.000903808 0.00142225
101.56 0.652227 0.547081 0.454744 0.00276953 0.000973902 0.00136909
101.58 0.652331 0.547154 0.454803 0.00258262 0.001819 0.00145783
101.6 0.652426 0.547267 0.454868 0.00238152 0.00282983 0.0016313
101.62 0.652515 0.5474 0.454939 0.00223181 0.00333735 0.00178671
101.64 0.652601 0.547523 0.455012 0.00215192 0.00306179 0.00181522
101.66 0.652685 0.547614 0.455079 0.00210264 0.00227058 0.00166688
101.68 0.652766 0.547675 0.455134 0.0020155 0.0015407 0.00139103
101.7 0.652839 0.547729 0.455179 0.00183194 0.00133494 0.0011105
101.72 0.652902 0.547796 0.455216 0.00157375 0.00169057 0.00093609
101.74 0.652957 0.547886 0.455251 0.00137344 0.00223283 0.000883471
101.76 0.653012 0.547985 0.455286 0.00137828 0.00249103 0.000874988
101.78 0.653076 0.548076 0.45532 0.00160107 0.00225802 0.000843373
101.8 0.653151 0.548145 0.455353 0.00188098 0.00172252 0.000815532
101.82 0.653231 0.548196 0.455388 0.00199982 0.00129175 0.000888788
101.84 0.653306 0.548247 0.455434 0.00185114 0.00126192 0.00113086
101.86 0.653367 0.548311 0.455493 0.00152911 0.00160328 0.00148613
101.88 0.653418 0.548392 0.455564 0.00127299 0.00202301 0.0017738
101.9 0.65347 0.548482 0.455636 0.0013067 0.00224435 0.00180624
101.92 0.653537 0.548571 0.455698 0.00167412 0.00224242 0.00153511
101.94 0.653624 0.54866 0.455741 0.0021766 0.00221784 0.00108888
101.96 0.653722 0.548754 0.455768 0.00246398 0.00235553 0.000673702
101.98 0.653812 0.548858 0.455785 0.00224679 0.00260612 0.000434829
102 0.653873 0.548966 0.455801 0.00150476 0.00268662 0.000386557
102.02 0.653894 0.549058 0.455819 0.000542194 0.002308 0.000450085
102.04 0.653887 0.549116 0.455841 -0.000171294 0.00144931 0.000551784
102.06 0.653876 0.549134 0.455868 -0.000272275 0.000456381 0.000670998
102.08 0.653888 0.549129 0.4559 0.000300094 -0.000132969 0.000793213
102.1 0.653939 0.549131 0.455934 0.0012694 4.78355e-05 0.000863706
102.12 0.654025 0.549168 0.455967 0.00215615 0.000915553 0.000819283
102.14 0.654127 0.549247 0.455993 0.0025482 0.00198781 0.00065347
102.16 0.654221 0.549355 0.45601 0.00234101 0.00269074 0.00043074
102.18 0.654292 0.549462 0.45602 0.00176212 0.00267352 0.000245358
102.2 0.654338 0.549541 0.456027 0.00116779 0.00197078 0.000181278
102.22 0.654371 0.54958 0.456039 0.000820144 0.00098873 0.000298171
102.24 0.654403 0.549591 0.456064 0.000805497 0.000265948 0.000619437
102.26 0.654446 0.549595 0.456108 0.00107106 9.79804e-05 0.00109153
102.28 0.654506 0.549608 0.45617 0.0014939 0.000344172 0.00156117
102.3 0.654583 0.549633 0.456243 0.0019372 0.000623409 0.00182147
102.32 0.654676 0.549662 0.456311 0.00230565 0.000712 0.00170482
102.34 0.654779 0.549691 0.456358 0.00259023 0.000727022 0.00117158
102.36 0.654894 0.549729 0.456372 0.00285932 0.000947037 0.00035266
102.38 0.655021 0.549789 0.456353 0.00318335 0.00151366 -0.000482302
102.4 0.655162 0.549881 0.456312 0.00352636 0.00228819 -0.00101265
102.42 0.655311 0.549998 0.456273 0.00372849 0.00293233 -0.000982346
102.44 0.655457 0.550123 0.45626 0.00363918 0.00311006 -0.000326752
102.46 0.655588 0.55023 0.45629 0.00327683 0.00269389 0.000745151
102.48 0.655702 0.550305 0.456362 0.00284881 0.00186123 0.00180427
102.5 0.655807 0.550345 0.456459 0.00262186 0.00100414 0.00242341
102.52 0.655917 0.550365 0.456556 0.00275653 0.000510796 0.0024346
102.54 0.656045 0.550388 0.456636 0.00320711 0.000559706 0.00200239
102.56 0.656195 0.55043 0.456695 0.00375531 0.00104642 0.00146018
102.58 0.656362 0.550497 0.456738 0.00415883 0.0016905 0.00108406
102.6 0.656534 0.550587 0.456777 0.00429605 0.00223299 0.00096181
102.62 0.656702 0.55069 0.456817 0.00420416 0.0025828 0.00100115
102.64 0.656862 0.550802 0.456858 0.00400699 0.00281103 0.00104535
102.66 0.657015 0.550923 0.456899 0.00383415 0.00301896 0.00101657
102.68 0.657167 0.551053 0.456938 0.00378212 0.00324048 0.00096313
102.7 0.657321 0.551191 0.456976 0.00386725 0.00345066 0.000966726
102.72 0.657481 0.551335 0.457018 0.00400279 0.00360583 0.0010342
102.74 0.657644 0.551481 0.457062 0.00405838 0.00365801 0.00110221
102.76 0.657802 0.551623 0.457107 0.00396671 0.00355365 0.00112734
102.78 0.657953 0.551754 0.457153 0.00377311 0.00326382 0.00114742
102.8 0.658096 0.551868 0.457203 0.00357772 0.00284806 0.00124457
102.82 0.658234 0.551966 0.45726 0.0034429 0.00245058 0.00143765
102.84 0.65837 0.552055 0.457325 0.00338408 0.00222865 0.00162301
102.86 0.658506 0.552146 0.45739 0.00341058 0.00227258 0.00163381
102.88 0.658647 0.552248 0.457445 0.00351589 0.00255791 0.00137084
102.9 0.658792 0.552366 0.457481 0.00363221 0.002932 0.000898638
102.92 0.658937 0.552493 0.457498 0.00363106 0.00317832 0.000410622
102.94 0.659072 0.552618 0.457502 0.00337847 0.00314437 0.000100449
102.96 0.659185 0.552732 0.457504 0.00281419 0.00284462 5.84702e-05
102.98 0.659266 0.55283 0.457514 0.00202076 0.00245476 0.000263574
103 0.659315 0.552918 0.45754 0.00123947 0.00219189 0.000630937
103.02 0.659346 0.553005 0.457582 0.000773196 0.00216132 0.00104628
103.04 0.659378 0.553096 0.457637 0.000804828 0.00227986 0.00139607
103.06 0.659429 0.55319 0.457701 0.00127647 0.00234432 0.00160004
103.08 0.659506 0.553278 0.457766 0.00192289 0.00221017 0.00161459
103.1 0.659603 0.553354 0.457823 0.00241531 0.00191182 0.00143027
103.12 0.659704 0.553418 0.457867 0.00252413 0.00160203 0.00108468
103.14 0.659793 0.553474 0.457894 0.0022259 0.00139987 0.000684777
103.16 0.659861 0.553527 0.45791 0.00170131 0.00130303 0.000400892
103.18 0.65991 0.553576 0.457925 0.00122856 0.00124642 0.000379437
103.2 0.659951 0.553625 0.45795 0.0010199 0.00121868 0.000620427
103.22 0.659995 0.553678 0.457988 0.00109053 0.00131149 0.000952814
103.24 0.660045 0.553744 0.458033 0.00126579 0.00165524 0.00113215
103.26 0.660099 0.553835 0.458073 0.0013454 0.00228227 0.000989447
103.28 0.66015 0.553956 0.458095 0.00126571 0.00302069 0.000538702
103.3 0.660194 0.554097 0.458093 0.00111065 0.00351882 -2.57602e-05
103.32 0.660234 0.554234 0.458077 0.00099115 0.00343756 -0.000422478
103.34 0.660272 0.554342 0.45806 0.000945581 0.00269803 -0.000410551
103.36 0.660309 0.554405 0.458064 0.000945252 0.00156994 0.000106397
103.38 0.660348 0.554427 0.458105 0.000966435 0.000543862 0.00102591
103.4 0.66039 0.55443 0.458187 0.001042 8.62631e-05 0.00204691
103.42 0.660438 0.554445 0.458298 0.00121209 0.000382879 0.00275546
103.44 0.660496 0.554494 0.45841 0.00145489 0.00121495 0.00280112
103.46 0.660565 0.554577 0.458494 0.0017167 0.00207824 0.00210109
103.48 0.660644 0.554677 0.458532 0.0019785 0.00248614 0.000955738
103.5 0.660734 0.554767 0.458529 0.0022502 0.00225178 -6.09103e-05
103.52 0.660834 0.554829 0.458513 0.00250159 0.00154508 -0.000412306
103.54 0.66094 0.554858 0.458516 0.00265104 0.000738709 8.37926e-05
103.56 0.661046 0.554866 0.458562 0.00263953 0.000192324 0.00114682
103.58 0.661145 0.554869 0.45865 0.00248812 8.44737e-05 0.00220277
103.6 0.661237 0.554883 0.458759 0.00229983 0.000337971 0.00271572
103.62 0.661326 0.55491 0.458858 0.0022212 0.000695147 0.00248385
103.64 0.661421 0.554947 0.458927 0.00236334 0.000915812 0.00172768
103.66 0.661529 0.554984 0.458964 0.00271527 0.000925161 0.000921432
103.68 0.661654 0.555017 0.458984 0.00311969 0.000812505 0.00049003
103.7 0.661789 0.555045 0.459007 0.00336097 0.000705014 0.000572256
103.72 0.661921 0.55507 0.459046 0.00331427 0.000637454 0.000977793
103.74 0.662042 0.555092 0.459099 0.00301526 0.000547102 0.0013365
103.76 0.662146 0.555107 0.459153 0.0025998 0.000367374 0.0013429
103.78 0.662234 0.555111 0.459191 0.00221399 0.000113539 0.000951762
103.8 0.662313 0.555107 0.459207 0.00196245 -0.000110792 0.000387608
103.82 0.662388 0.5551 0.459205 0.00188746 -0.000173468 -3.33682e-05
103.84 0.662467 0.5551 0.459201 0.00197475 9.78157e-06 -0.000109311
103.86 0.662554 0.555117 0.459207 0.00217622 0.000416464 0.000157712
103.88 0.662651 0.555155 0.459231 0.00241297 0.000940022 0.000600378
103.9 0.662754 0.555213 0.459271 0.00257674 0.00146608 0.000985831
103.92 0.662857 0.555289 0.459316 0.00256773 0.00188989 0.00112727
103.94 0.662951 0.555373 0.459354 0.00236609 0.0021074 0.000963963
103.96 0.663034 0.555456 0.459377 0.00206419 0.00206183 0.000574365
103.98 0.663106 0.555528 0.459383 0.00181262 0.0018028 0.00013171
104 0.663177 0.555588 0.459376 0.00176275 0.00149531 -0.000167585
104.02 0.663258 0.555642 0.459369 0.00203162 0.00136945 -0.000178666
104.04 0.663363 0.555706 0.459374 0.00262487 0.00159466 0.000144343
104.06 0.663498 0.555792 0.459403 0.00336966 0.00213826 0.000721579
104.08 0.663656 0.555902 0.459457 0.00395624 0.00274955 0.00135292
104.1 0.663819 0.556026 0.459529 0.00408026 0.00311674 0.00179081
104.12 0.663964 0.556149 0.459604 0.00362567 0.00307068 0.00186339
104.14 0.664076 0.556257 0.459667 0.00279596 0.00269338 0.00157943
104.16 0.664159 0.556349 0.459712 0.002057 0.00228996 0.00113933
104.18 0.664233 0.556437 0.459745 0.00185028 0.00221379 0.000820845
104.2 0.664323 0.556542 0.459777 0.00227119 0.00261621 0.000786764
104.22 0.664444 0.556674 0.459815 0.00301474 0.0033153 0.00095788
104.24 0.66459 0.556831 0.459858 0.0036455 0.00390801 0.00107667
104.26 0.664746 0.556993 0.459895 0.0039038 0.0040472 0.000921064
104.28 0.664898 0.55714 0.459915 0.00379835 0.00367527 0.000507072
104.3 0.665038 0.557261 0.459919 0.00349438 0.00304707 9.78205e-05
104.32 0.665164 0.557363 0.459919 0.00314586 0.0025418 -4.3961e-06
104.34 0.665275 0.55746 0.459931 0.0027896 0.00241224 0.000301028
104.36 0.665371 0.557566 0.459965 0.00238923 0.00265994 0.000853526
104.38 0.66545 0.55769 0.46002 0.00199596 0.00308901 0.00137491
104.4 0.665523 0.557827 0.460087 0.00180361 0.00344577 0.00166172
104.42 0.665602 0.55797 0.460154 0.00199554 0.00356339 0.00168174
104.44 0.665705 0.558108 0.460216 0.00255448 0.00345319 0.0015493
104.46 0.665833 0.558239 0.460273 0.00320986 0.00327055 0.00142762
104.48 0.665976 0.558366 0.460329 0.00358294 0.00317483 0.00140902
104.5 0.666114 0.558494 0.460388 0.00343862 0.00320925 0.0014573
104.52 0.666228 0.558626 0.460446 0.00286372 0.00329911 0.00146566
104.54 0.666317 0.558759 0.460501 0.00222628 0.00331004 0.00136947
104.56 0.666394 0.558884 0.460549 0.00192249 0.00313241 0.00120098
104.58 0.666478 0.558995 0.460591 0.00208632 0.00277578 0.00104776
104.6 0.666578 0.559091 0.46063 0.00249358 0.00239423 0.00098279
104.62 0.666687 0.559178 0.460672 0.00273891 0.00218516 0.00103294
104.64 0.666789 0.559268 0.460719 0.00255737 0.0022394 0.00118235
104.66 0.666871 0.559366 0.460774 0.00204848 0.00246609 0.00138429
104.68 0.666935 0.559472 0.460838 0.00158978 0.00265015 0.00159365
104.7 0.666995 0.559577 0.46091 0.00151124 0.0026108 0.00179591
104.72 0.667069 0.55967 0.460989 0.00184093 0.00234055 0.00198274
104.74 0.667161 0.55975 0.461073 0.00229878 0.0019963 0.00209418
104.76 0.667262 0.559821 0.461153 0.00251749 0.0017566 0.00201168
104.78 0.667355 0.559888 0.461219 0.00233891 0.00169467 0.00163166
104.8 0.667433 0.559958 0.461257 0.001941 0.00175346 0.000957464
104.82 0.6675 0.56003 0.461262 0.00166802 0.0017901 0.000139598
104.84 0.667569 0.560097 0.46124 0.00173105 0.00166779 -0.00056563
104.86 0.667651 0.560151 0.461204 0.00205047 0.00136141 -0.000907452
104.88 0.667744 0.560191 0.461173 0.00233397 0.000986719 -0.000757518
104.9 0.667836 0.560219 0.461167 0.0023051 0.000707416 -0.000163826
104.92 0.667913 0.560243 0.461193 0.00191396 0.000607649 0.000664804
104.94 0.667969 0.56027 0.46125 0.00138785 0.000670941 0.00142621
104.96 0.668012 0.560305 0.461324 0.00107504 0.000859729 0.00184506
104.98 0.668059 0.560351 0.461396 0.00117881 0.00116518 0.0017893
105 0.668123 0.560414 0.461449 0.00161893 0.00156805 0.00132614
105.02 0.668209 0.560493 0.461477 0.00213296 0.00198395 0.000694925
105.04 0.668308 0.560584 0.461484 0.00248292 0.00226383 0.000180264
105.06 0.668411 0.560674 0.461482 0.00257805 0.00225337 -3.41335e-05
105.08 0.668509 0.56075 0.461485 0.0024472 0.00189313 5.38346e-05
105.1 0.668595 0.560802 0.461496 0.00214928 0.00131135 0.00028234
105.12 0.668665 0.560834 0.461514 0.00175642 0.000798451 0.000452852
105.14 0.668721 0.560859 0.461534 0.00138489 0.000635762 0.000494321
105.16 0.668768 0.560896 0.461554 0.00117169 0.000910597 0.000505198
105.18 0.668816 0.560954 0.46158 0.00122301 0.0014516 0.000653097
105.2 0.668879 0.561031 0.461622 0.00156831 0.00192118 0.00103922
105.22 0.668964 0.561112 0.461685 0.00212141 0.00204138 0.00159053
105.24 0.669071 0.561184 0.461767 0.00267357 0.00178987 0.00205333
105.26 0.66919 0.56124 0.461853 0.00298042 0.00139232 0.00214101
105.28 0.669307 0.561285 0.461922 0.00292954 0.00114268 0.0017347
105.3 0.669412 0.561333 0.461961 0.00262432 0.00119204 0.000972284
105.32 0.669504 0.561391 0.461967 0.00228778 0.00144981 0.000153621
105.34 0.669588 0.561458 0.46195 0.00209338 0.00166339 -0.000442661
105.36 0.669671 0.561523 0.461923 0.00208481 0.00162284 -0.00066456
105.38 0.669759 0.561576 0.461903 0.00220841 0.00133566 -0.000493241
105.4 0.669855 0.561617 0.461903 0.0023913 0.00103206 -8.80463e-06
105.42 0.669959 0.561657 0.461929 0.00259223 0.000986687 0.000650624
105.44 0.67007 0.561709 0.461982 0.0027834 0.00129651 0.00132484
105.46 0.670187 0.56178 0.462057 0.00291191 0.00179404 0.00186705
105.48 0.670303 0.561867 0.462143 0.00291278 0.00217001 0.00214841
105.5 0.670413 0.561955 0.462225 0.00275666 0.00220349 0.00204954
105.52 0.670513 0.562032 0.462286 0.00249211 0.00192366 0.00153454
105.54 0.670603 0.562096 0.462317 0.00224929 0.00159062 0.000771179
105.56 0.670691 0.562157 0.462322 0.00220246 0.00153334 0.000129672
105.58 0.67079 0.562235 0.462322 0.00247815 0.00194636 1.07752e-06
105.6 0.670912 0.562344 0.462344 0.00303439 0.00272809 0.000550353
105.62 0.671056 0.562484 0.462407 0.00361606 0.00350204 0.00158243
105.64 0.671211 0.562638 0.462512 0.00387744 0.00385257 0.00261665
105.66 0.671356 0.562783 0.462638 0.00361819 0.00362029 0.0031429
105.68 0.671474 0.562905 0.462755 0.00293694 0.0030374 0.00292331
105.7 0.67156 0.563008 0.46284 0.00216913 0.00257085 0.0021259
105.72 0.671627 0.56311 0.462887 0.00166948 0.00256543 0.00118788
105.74 0.671691 0.563229 0.462909 0.00160295 0.00297898 0.000533734
105.76 0.671766 0.563367 0.462923 0.00188097 0.00344015 0.000354169
105.78 0.671857 0.563509 0.462945 0.00226737 0.00354242 0.000560282
105.8 0.671959 0.563634 0.462981 0.00254065 0.00314103 0.000895047
105.82 0.672063 0.563734 0.463025 0.00259561 0.00248268 0.00110067
105.84 0.672161 0.563816 0.463067 0.00244957 0.00205286 0.00104626
105.86 0.672248 0.563904 0.463098 0.00219303 0.00219799 0.000775271
105.88 0.672325 0.564016 0.463116 0.00192222 0.00281996 0.000458524
105.9 0.672392 0.564154 0.463128 0.00168313 0.00343891 0.000286825
105.92 0.672451 0.564296 0.463142 0.00145669 0.00355328 0.000353672
105.94 0.672499 0.564415 0.463166 0.00120905 0.0029815 0.00059322
105.96 0.672537 0.564494 0.463199 0.000959685 0.00196927 0.000827679
105.98 0.672569 0.564535 0.463235 0.000791881 0.00102565 0.000894555
106 0.672602 0.564559 0.463265 0.000816278 0.000600707 0.000771938
106.02 0.672646 0.564592 0.463289 0.00109648 0.000810748 0.000597949
106.04 0.672708 0.564648 0.463311 0.00156407 0.00140019 0.000542424
106.06 0.672789 0.564725 0.463337 0.0020197 0.00194437 0.000649225
106.08 0.672879 0.564809 0.463369 0.0022532 0.0020958 0.000799481
106.1 0.672968 0.564879 0.463402 0.00221199 0.00174368 0.000816737
106.12 0.67305 0.564921 0.463426 0.00204957 0.00105535 0.000614901
106.14 0.673129 0.564936 0.463438 0.0019881 0.000381919 0.000282279
106.16 0.673215 0.564938 0.463439 0.00214349 4.92136e-05 3.85791e-05
106.18 0.673313 0.564945 0.463443 0.00245163 0.000158384 8.7399e-05
106.2 0.673422 0.564967 0.463461 0.00272742 0.000553997 0.000468074
106.22 0.673534 0.565005 0.463502 0.00281098 0.00096154 0.00102837
106.24 0.673642 0.565052 0.463564 0.00268879 0.00117514 0.00154614
106.26 0.673742 0.565099 0.46364 0.00249977 0.0011762 0.0018917
106.28 0.673841 0.565144 0.463723 0.0024621 0.00111136 0.00207068
106.3 0.673951 0.56519 0.463808 0.00275934 0.00115511 0.0021301
106.32 0.674087 0.565245 0.463891 0.00339786 0.00136752 0.00208524
106.34 0.674252 0.565311 0.463969 0.00412904 0.00165647 0.00193708
106.36 0.674434 0.565386 0.464037 0.00455584 0.00187456 0.00170263
106.38 0.674609 0.565464 0.464094 0.00437971 0.00194427 0.00142059
106.4 0.674753 0.56554 0.46414 0.00360209 0.00189426 0.00114846
106.42 0.674856 0.565612 0.464178 0.00255747 0.00182088 0.000945094
106.44 0.674926 0.565685 0.464211 0.00176204 0.00180971 0.000841373
106.46 0.674992 0.56576 0.464245 0.00163485 0.0018729 0.000837675
106.48 0.675082 0.565839 0.464282 0.00225122 0.00197338 0.000926592
106.5 0.675213 0.565922 0.464326 0.00329168 0.00209293 0.00110141
106.52 0.675382 0.566013 0.464379 0.00422572 0.00225968 0.00133641
106.54 0.675567 0.566113 0.464442 0.00460882 0.00250396 0.0015747
106.56 0.675739 0.566224 0.464512 0.00430961 0.00279039 0.00175541
106.58 0.675881 0.566345 0.464586 0.0035486 0.00301066 0.00184864
106.6 0.67599 0.566467 0.46466 0.00273525 0.00304974 0.00184945
106.62 0.676079 0.566581 0.46473 0.00222078 0.00285896 0.00173918
106.64 0.676165 0.56668 0.464789 0.00214322 0.00246855 0.00147057
106.66 0.676262 0.566759 0.464829 0.00241972 0.00196995 0.00100237
106.68 0.676375 0.56682 0.464844 0.0028291 0.00151817 0.000365699
106.7 0.676501 0.566871 0.464831 0.00314482 0.00128125 -0.000301167
106.72 0.676631 0.566924 0.4648 0.00326296 0.0013231 -0.000794202
106.74 0.676759 0.566986 0.464762 0.00319233 0.00154726 -0.000930566
106.76 0.676878 0.567057 0.464737 0.00296806 0.00177491 -0.000627716
106.78 0.676983 0.567131 0.464739 0.00262682 0.00186909 4.89669e-05
106.8 0.677073 0.567203 0.464775 0.00225461 0.00180062 0.000894024
106.82 0.677153 0.567268 0.464841 0.00199716 0.00162541 0.00163939
106.84 0.677232 0.567326 0.464924 0.00196774 0.0014447 0.00207135
106.86 0.677318 0.567381 0.465008 0.00215353 0.00137743 0.00212104
106.88 0.677415 0.567442 0.465083 0.00243036 0.00151611 0.00186704
106.9 0.67752 0.567516 0.465141 0.00263392 0.00184892 0.00144996
106.92 0.677626 0.567605 0.465181 0.00264015 0.00223556 0.000987796
106.94 0.677725 0.567706 0.465203 0.00246688 0.00251373 0.000568573
106.96 0.677816 0.567811 0.465215 0.0022983 0.00263222 0.0002833
106.98 0.67791 0.567917 0.465223 0.00234453 0.00265642 0.00021549
107 0.678016 0.568024 0.465238 0.00265035 0.00266418 0.000380566
107.02 0.678138 0.568131 0.465266 0.00303555 0.00267006 0.000687838
107.04 0.678266 0.568236 0.465305 0.00320689 0.00262822 0.000966177
107.06 0.678385 0.568336 0.465347 0.00297721 0.00249386 0.00105669
107.08 0.678482 0.568428 0.465384 0.00242855 0.00230602 0.000931835
107.1 0.678557 0.568516 0.465414 0.00186673 0.00220832 0.000758261
107.12 0.678621 0.568611 0.465447 0.00159646 0.00235736 0.000820856
107.14 0.67869 0.568722 0.4655 0.00172758 0.00278519 0.00130912
107.16 0.678776 0.568855 0.465584 0.00216044 0.00332551 0.00211484
107.18 0.678883 0.569002 0.465698 0.00267785 0.00366689 0.00283398
107.2 0.679005 0.569143 0.465818 0.00304905 0.00354058 0.0030141
107.22 0.679129 0.569261 0.465917 0.00309643 0.00293129 0.00245714
107.24 0.679239 0.569345 0.465971 0.00273353 0.00211901 0.00135181
107.26 0.679319 0.569404 0.465977 0.00200917 0.00147381 0.000169697
107.28 0.679364 0.569452 0.465954 0.0011307 0.00119816 -0.000588297
107.3 0.679381 0.569502 0.465928 0.000414965 0.00125233 -0.000635991
107.32 0.679387 0.569562 0.465928 0.000152446 0.00148317 -1.08817e-05
107.34 0.679405 0.569632 0.465967 0.000454274 0.00177067 0.000969341
107.36 0.679452 0.569715 0.466041 0.00116857 0.00205547 0.00186114
107.38 0.679529 0.569806 0.466133 0.00192399 0.0022942 0.00229866
107.4 0.679622 0.569904 0.466219 0.00232615 0.00242817 0.00215075
107.42 0.67971 0.569999 0.466281 0.00220121 0.00239934 0.00155493
107.44 0.679777 0.570087 0.466315 0.00167925 0.00219485 0.00083333
107.46 0.679819 0.570163 0.466328 0.00106207 0.00188577 0.00033919
107.48 0.679845 0.570229 0.46634 0.000628076 0.00164911 0.000285157
107.5 0.679864 0.570296 0.466365 0.000485547 0.00168628 0.000625459
107.52 0.679885 0.570378 0.466408 0.000532117 0.00203718 0.00107465
107.54 0.679908 0.570478 0.466458 0.000576666 0.00250426 0.00126972
107.56 0.67993 0.570589 0.466498 0.000540898 0.00277711 0.000990847
107.58 0.679951 0.570695 0.46651 0.000532616 0.00264427 0.000308847
107.6 0.67998 0.570781 0.466492 0.000711792 0.00215232 -0.000460405
107.62 0.680025 0.570844 0.466454 0.00112111 0.00158772 -0.000951955
107.64 0.68009 0.570895 0.466416 0.0016418 0.00127057 -0.000956674
107.66 0.680174 0.570949 0.466395 0.00208087 0.0013449 -0.000512637
107.68 0.680265 0.571017 0.466401 0.00227865 0.0017068 0.000144975
107.7 0.680352 0.571101 0.46643 0.00217655 0.00209008 0.000736823
107.72 0.680425 0.57119 0.466475 0.00184105 0.00223557 0.00110827
107.74 0.680482 0.571272 0.466526 0.00142651 0.00204224 0.00127718
107.76 0.680526 0.571336 0.466579 0.00109898 0.0015962 0.00132004
107.78 0.680566 0.571381 0.466629 0.000991747 0.00112174 0.00125134
107.8 0.680614 0.571416 0.466671 0.001188 0.000875976 0.00104767
107.82 0.680682 0.571456 0.466701 0.00170092 0.00101831 0.000760498
107.84 0.68078 0.571518 0.466723 0.00246428 0.00153736 0.000554964
107.86 0.680913 0.571607 0.466747 0.00331317 0.00224171 0.000603921
107.88 0.681073 0.571721 0.466786 0.00401175 0.00282679 0.000959228
107.9 0.681248 0.571841 0.466847 0.00437239 0.00300869 0.00152429
107.92 0.681423 0.571947 0.466931 0.00437321 0.00265022 0.00210838
107.94 0.681589 0.57202 0.467032 0.00414683 0.00183911 0.00251344
107.96 0.681743 0.572056 0.467136 0.00384933 0.00088413 0.00261958
107.98 0.681886 0.572064 0.467234 0.00356891 0.000208248 0.00243693
108 0.682019 0.57207 0.467318 0.00334758 0.000142037 0.0020945
108.02 0.682149 0.572098 0.467388 0.00322512 0.00071521 0.00176354
108.04 0.682278 0.572164 0.46745 0.00324084 0.00163855 0.00154712
108.06 0.682415 0.572264 0.467507 0.00342372 0.00249594 0.00141792
108.08 0.682566 0.572382 0.467558 0.00377863 0.00295323 0.00128404
108.1 0.682737 0.572497 0.467603 0.00425809 0.00287697 0.00110986
108.12 0.682926 0.572592 0.46764 0.00474344 0.00238071 0.000945897
108.14 0.683129 0.572662 0.467675 0.00507243 0.00173886 0.000856575
108.16 0.683333 0.572709 0.467709 0.00510768 0.00118485 0.000848884
108.18 0.683526 0.572741 0.467743 0.00480487 0.000786199 0.000870637
108.2 0.683695 0.57276 0.467778 0.00424211 0.000488183 0.000863064
108.22 0.68384 0.572771 0.46781 0.00360414 0.000272911 0.000811857
108.24 0.683964 0.572781 0.46784 0.00310379 0.000252787 0.000738335
108.26 0.684078 0.572804 0.467866 0.00286551 0.000570246 0.000650308
108.28 0.684193 0.572853 0.467887 0.00287336 0.00121275 0.00053712
108.3 0.684315 0.57293 0.467904 0.00303405 0.00193619 0.00041099
108.32 0.684446 0.573025 0.467916 0.00327253 0.00238255 0.000310188
108.34 0.684588 0.573118 0.467927 0.00355921 0.00231713 0.000276989
108.36 0.684743 0.573189 0.467941 0.00387717 0.00178447 0.000341648
108.38 0.68491 0.573233 0.467961 0.00417749 0.00108701 0.000500713
108.4 0.685084 0.573257 0.46799 0.00435371 0.000616076 0.000712196
108.42 0.685255 0.573283 0.468027 0.00427949 0.000636779 0.000933245
108.44 0.685412 0.573328 0.468073 0.00390793 0.00112668 0.00115227
108.46 0.685545 0.573398 0.468128 0.00332959 0.00175443 0.00136662
108.48 0.685654 0.573482 0.46819 0.00271947 0.0020961 0.00155522
108.5 0.685744 0.573561 0.468257 0.00224904 0.00197554 0.00167773
108.52 0.685825 0.573626 0.468324 0.00203318 0.00161699 0.00167998
108.54 0.685909 0.573685 0.468384 0.0020944 0.0014807 0.00149743
108.56 0.686003 0.573761 0.468428 0.00235456 0.00190268 0.00109295
108.58 0.68611 0.573873 0.468449 0.00267015 0.00280073 0.000529651
108.6 0.686225 0.574021 0.468449 0.00287938 0.00368694 1.93429e-06
108.62 0.686339 0.57418 0.468439 0.00284644 0.00398818 -0.000248646
108.64 0.686439 0.574318 0.468436 0.00250095 0.00345745 -7.47936e-05
108.66 0.686514 0.574414 0.468456 0.00188453 0.00238797 0.000498847
108.68 0.686562 0.574472 0.468508 0.00118317 0.00144914 0.00129787
108.7 0.686588 0.574521 0.46859 0.000673394 0.00122427 0.00206171
108.72 0.686611 0.574593 0.468691 0.000569602 0.00180607 0.00251914
108.74 0.686647 0.574704 0.468791 0.000892905 0.00277416 0.00248531
108.76 0.686705 0.574845 0.468869 0.0014455 0.00353335 0.00196028
108.78 0.686781 0.574994 0.468915 0.00190432 0.0037226 0.00115697
108.8 0.686861 0.57513 0.468932 0.00200669 0.0034037 0.000417127
108.82 0.68693 0.575248 0.468934 0.0017152 0.0029271 3.82813e-05
108.84 0.68698 0.575352 0.468937 0.00124867 0.00261296 9.44794e-05
108.86 0.687017 0.575453 0.468953 0.000934867 0.00251871 0.000393844
108.88 0.687057 0.575552 0.468979 0.000985416 0.0024823 0.000636879
108.9 0.687111 0.575647 0.469005 0.00136485 0.00236693 0.000657359
108.92 0.687185 0.575737 0.469027 0.00183764 0.00225412 0.000564548
108.94 0.68727 0.575832 0.469054 0.00212506 0.0023774 0.000653117
108.96 0.687353 0.575946 0.469098 0.00207608 0.00285187 0.0011188
108.98 0.687424 0.576085 0.469171 0.00177736 0.0034752 0.00181387
109 0.687484 0.576238 0.469263 0.00149752 0.00382305 0.00229609
109.02 0.687543 0.576382 0.469349 0.00147977 0.00360228 0.00216532
109.04 0.687613 0.5765 0.469405 0.00176014 0.00293623 0.00140023
109.06 0.687699 0.576591 0.469422 0.00215201 0.00228613 0.000411412
109.08 0.687795 0.576674 0.469413 0.00238666 0.00208084 -0.000226091
109.1 0.687887 0.576769 0.469406 0.00230251 0.0023749 -0.000164572
109.12 0.687964 0.576881 0.469425 0.00193733 0.00279371 0.00047267
109.14 0.688023 0.576994 0.469473 0.00146482 0.00281796 0.00119528
109.16 0.688066 0.577083 0.469533 0.00107264 0.00221971 0.00150532
109.18 0.688101 0.577133 0.469582 0.000877604 0.00127331 0.00122789
109.2 0.688138 0.577155 0.469606 0.000914854 0.000547064 0.000605566
109.22 0.688185 0.577174 0.469611 0.0011737 0.000465679 0.000116634
109.24 0.688249 0.577214 0.469616 0.00161769 0.00100159 0.000132341
109.26 0.688335 0.577282 0.469642 0.00214347 0.00170931 0.000632368
109.28 0.688437 0.577364 0.46969 0.00253756 0.00204309 0.00119857
109.3 0.688539 0.577433 0.469743 0.00256443 0.0017229 0.00132825
109.32 0.688625 0.577469 0.469776 0.00215682 0.000894996 0.000838627
109.34 0.688685 0.577469 0.469777 0.00150076 -2.93529e-06 1.00315e-05
109.36 0.688723 0.577447 0.469751 0.000937534 -0.000532703 -0.000647783
109.38 0.688754 0.577427 0.46972 0.000785568 -0.000502708 -0.000760607
109.4 0.688802 0.577426 0.469709 0.00117891 -2.3246e-05 -0.000284232
109.42 0.68888 0.577452 0.46973 0.00196794 0.000650346 0.000528644
109.44 0.688991 0.577505 0.469782 0.00276172 0.00131601 0.0012941
109.46 0.689117 0.577581 0.46985 0.0031651 0.00188971 0.00171325
109.48 0.689239 0.577673 0.469919 0.0030418 0.00230925 0.00172487
109.5 0.689342 0.577771 0.469979 0.00257333 0.00244234 0.00148518
109.52 0.689426 0.577857 0.470027 0.00210055 0.00216089 0.00121018
109.54 0.689502 0.577917 0.470069 0.0019059 0.00149394 0.00103911
109.56 0.689585 0.577944 0.47011 0.00207924 0.000676467 0.00102514
109.58 0.689685 0.577946 0.470157 0.0024963 4.55443e-05 0.0011771
109.6 0.689802 0.57794 0.470215 0.00291593 -0.000133637 0.00144622
109.62 0.689928 0.577948 0.470283 0.00315337 0.000178375 0.00171476
109.64 0.690056 0.577978 0.470358 0.00319201 0.00076548 0.00185674
109.66 0.690182 0.57803 0.47043 0.00315388 0.00130708 0.00182186
109.68 0.690309 0.578094 0.470497 0.00319176 0.00158796 0.00167338
109.7 0.690445 0.578158 0.470559 0.00339615 0.00161093 0.00154561
109.72 0.690595 0.57822 0.470621 0.00374238 0.00154952 0.00153331
109.74 0.690759 0.578283 0.470685 0.00410158 0.00157632 0.00160626
109.76 0.690932 0.578352 0.47075 0.00432676 0.00171213 0.00163851
109.78 0.691106 0.578425 0.470812 0.00434891 0.00182645 0.00152928
109.8 0.691274 0.578496 0.470864 0.00419968 0.00177606 0.00131456
109.82 0.691433 0.578559 0.47091 0.00397204 0.00156438 0.00115155
109.84 0.691584 0.578614 0.470957 0.00378557 0.0013841 0.00116508
109.86 0.691734 0.578673 0.471009 0.00375122 0.00147981 0.00129343
109.88 0.691891 0.578751 0.47106 0.0039055 0.00193363 0.00129344
109.9 0.692057 0.578853 0.471097 0.00415344 0.00256245 0.00093028
109.92 0.692229 0.578974 0.471105 0.0043068 0.00301346 0.000199566
109.94 0.692398 0.579094 0.471081 0.00421162 0.00300258 -0.000598562
109.96 0.692552 0.579196 0.471041 0.0038507 0.00254772 -0.00100229
109.98 0.692685 0.579275 0.471014 0.00333606 0.00199612 -0.000684552
110 0.692798 0.579347 0.471026 0.00282803 0.00178683 0.000288129
110.02 0.692897 0.579433 0.471083 0.00247135 0.00215039 0.00144842
110.04 0.692991 0.579552 0.471171 0.0023483 0.0029692 0.00219772
110.06 0.693088 0.579705 0.471258 0.00242987 0.00384121 0.00216093
110.08 0.693191 0.579877 0.471314 0.00257532 0.00429652 0.00140366
110.1 0.693296 0.58004 0.47133 0.0026163 0.00407906 0.000390728
110.12 0.693395 0.580173 0.471318 0.00247078 0.0033153 -0.000300382
110.14 0.693481 0.580269 0.471304 0.00217127 0.00241218 -0.000351447
110.16 0.693554 0.580341 0.471308 0.0018128 0.00179035 0.000114755
110.18 0.693614 0.580408 0.471335 0.00150688 0.00167598 0.00067673
110.2 0.693669 0.580489 0.471373 0.00135987 0.00203301 0.00095214
110.22 0.693726 0.580594 0.471408 0.00143214 0.00262023 0.000877461
110.24 0.693793 0.58072 0.471437 0.00166609 0.00314795 0.000711395
110.26 0.693867 0.580858 0.471467 0.00187076 0.00344145 0.000756008
110.28 0.693941 0.580998 0.471509 0.00183278 0.00349869 0.00103859
110.3 0.694001 0.581135 0.471559 0.00150493 0.00342031 0.00126627
110.32 0.694045 0.581266 0.471604 0.00109829 0.00328932 0.00111048
110.34 0.694083 0.581391 0.471625 0.000963426 0.00312794 0.000544123
110.36 0.694137 0.581509 0.471622 0.00134004 0.00295147 -9.3847e-05
110.38 0.694223 0.581622 0.471607 0.00214852 0.00282053 -0.00035608
110.4 0.694343 0.581735 0.471606 0.00299683 0.00282392 -3.20511e-05
110.42 0.69448 0.581856 0.471634 0.00342561 0.00301938 0.000699526
110.44 0.694608 0.581991 0.471691 0.00319957 0.00336793 0.00141153
110.46 0.694706 0.582139 0.471759 0.00245086 0.00370776 0.00172078
110.48 0.69477 0.582292 0.47182 0.00159583 0.00381902 0.00151868
110.5 0.694812 0.582434 0.471861 0.00106434 0.00356216 0.00101601
110.52 0.694854 0.582553 0.471884 0.00103552 0.00298366 0.000589795
110.54 0.694909 0.582646 0.471906 0.00138878 0.00231772 0.000545829
110.56 0.694983 0.582721 0.471944 0.00184901 0.00186659 0.000944094
110.58 0.695069 0.582793 0.472007 0.00215829 0.00179564 0.00158476
110.6 0.695157 0.582872 0.472094 0.00219895 0.00198594 0.00215697
110.62 0.695239 0.582956 0.472191 0.00203259 0.00210811 0.00243954
110.64 0.695313 0.583032 0.472287 0.00185051 0.0018829 0.00240298
110.66 0.695387 0.583084 0.472374 0.00184745 0.00129977 0.00215614
110.68 0.69547 0.583108 0.472447 0.0020745 0.000614665 0.00183452
110.7 0.695566 0.583114 0.472508 0.00241881 0.000147707 0.0015302
110.72 0.695676 0.583117 0.472559 0.00273133 7.8659e-05 0.00127624
110.74 0.695793 0.583131 0.472602 0.00294003 0.000351211 0.00106436
110.76 0.695915 0.58316 0.472637 0.00303737 0.000716841 0.000890785
110.78 0.696035 0.583196 0.472669 0.0030181 0.000899318 0.000790051
110.8 0.696151 0.583227 0.472701 0.00287936 0.000772454 0.000802287
110.82 0.696257 0.583244 0.472738 0.00266794 0.0004242 0.000909522
110.84 0.696357 0.583247 0.472778 0.00248046 6.79058e-05 0.00101412
110.86 0.696453 0.583242 0.472817 0.00240316 -0.000127933 0.000979883
110.88 0.696551 0.583235 0.472846 0.00245555 -0.000163306 0.000710803
110.9 0.696655 0.583228 0.472855 0.00260602 -0.000177403 0.000238328
110.92 0.696768 0.583216 0.472845 0.00282825 -0.000289315 -0.000247931
110.94 0.696893 0.583198 0.472826 0.00310748 -0.000449488 -0.000483958
110.96 0.697028 0.58318 0.472815 0.00338488 -0.000459093 -0.000280944
110.98 0.697169 0.583174 0.472829 0.00353118 -0.000146335 0.000344457
111 0.697306 0.583193 0.472874 0.00342298 0.000460361 0.00113485
111.02 0.697428 0.583236 0.472942 0.00305338 0.00108963 0.00170227
111.04 0.697531 0.583291 0.473011 0.00256917 0.00138065 0.00173485
111.06 0.69762 0.583338 0.473059 0.00223032 0.0011588 0.00117951
111.08 0.697712 0.583361 0.473071 0.0023053 0.000592775 0.000307693
111.1 0.697828 0.583365 0.473055 0.00289756 8.30052e-05 -0.000405946
111.12 0.697981 0.583364 0.473032 0.00381014 -9.9411e-06 -0.00055598
111.14 0.698165 0.583381 0.473031 0.00460263 0.000422176 -3.86329e-05
111.16 0.698358 0.583428 0.473067 0.00483987 0.001168 0.000909664
111.18 0.698533 0.5835 0.473142 0.00436232 0.00180545 0.00185792
111.2 0.698669 0.58358 0.473238 0.00339348 0.0019855 0.00241473
111.22 0.698765 0.583647 0.473335 0.00239966 0.00168544 0.00242362
111.24 0.698837 0.583696 0.473415 0.00181412 0.00123205 0.00200101
111.26 0.69891 0.58374 0.473472 0.00181625 0.00109977 0.00140987
111.28 0.699 0.583805 0.473507 0.00226043 0.00161706 0.000895478
111.3 0.699112 0.583915 0.473531 0.0027903 0.00274895 0.000595273
111.32 0.699235 0.584078 0.473553 0.00308631 0.00406954 0.000535453
111.34 0.699357 0.584276 0.473579 0.00305133 0.0049633 0.000664665
111.36 0.69947 0.584476 0.473615 0.00281188 0.00499116 0.000900566
111.38 0.699573 0.584643 0.473662 0.00258572 0.00417919 0.00116318
111.4 0.699675 0.584763 0.473717 0.00253397 0.0030041 0.00137914
111.42 0.699782 0.584848 0.473776 0.00267343 0.00211201 0.00147961
111.44 0.699896 0.584927 0.473833 0.0028702 0.00197037 0.00141336
111.46 0.700013 0.585032 0.47388 0.00291509 0.00262894 0.00118615
111.48 0.700119 0.58518 0.473916 0.00265922 0.00371927 0.000887497
111.5 0.700205 0.585367 0.473942 0.00213484 0.0046705 0.000654046
111.52 0.700267 0.585567 0.473966 0.001562 0.00500106 0.000594962
111.54 0.700316 0.585749 0.473995 0.00122661 0.00454584 0.000732753
111.56 0.700368 0.58589 0.474035 0.00130023 0.00352122 0.000994663
111.58 0.700437 0.585986 0.474085 0.00172317 0.0024076 0.00127009
111.6 0.700527 0.586054 0.474144 0.00224448 0.00169452 0.00147434
111.62 0.70063 0.586119 0.474207 0.0025808 0.00161761 0.0015701
111.64 0.700733 0.586201 0.474269 0.00256464 0.00205874 0.00155543
111.66 0.700821 0.586307 0.474328 0.00221351 0.00265904 0.00145507
111.68 0.70089 0.58643 0.47438 0.00170373 0.0030505 0.00131681
111.7 0.700941 0.586552 0.474427 0.0012736 0.003067 0.00117767
111.72 0.700985 0.586664 0.474469 0.00110062 0.00280632 0.00103546
111.74 0.701033 0.586765 0.474504 0.0012206 0.00252017 0.000883083
111.76 0.701095 0.586863 0.474535 0.0015345 0.00243499 0.000764355
111.78 0.70117 0.586968 0.474565 0.00188656 0.00262826 0.000744346
111.8 0.701257 0.587088 0.474597 0.00216104 0.00299969 0.00082472
111.82 0.70135 0.587221 0.474635 0.00233649 0.00332359 0.000925382
111.84 0.701449 0.587356 0.474673 0.00246046 0.00338556 0.000952734
111.86 0.701552 0.587482 0.474707 0.00258445 0.00313786 0.000858685
111.88 0.701661 0.587591 0.474733 0.00272674 0.00272353 0.000645984
111.9 0.701775 0.587684 0.474747 0.00286075 0.00233783 0.000366717
111.92 0.701892 0.587767 0.474753 0.00291304 0.00208463 0.000131933
111.94 0.702004 0.587846 0.474756 0.0028078 0.00195246 9.31571e-05
111.96 0.702106 0.587921 0.474771 0.00254509 0.00188558 0.000353155
111.98 0.702195 0.587995 0.474805 0.00221788 0.00185893 0.000850251
112 0.702272 0.588071 0.474858 0.00192951 0.00189763 0.00133874
112.02 0.70234 0.588153 0.47492 0.00171159 0.00203697 0.00153491
112.04 0.702402 0.588243 0.474972 0.00154168 0.00225973 0.00131972
112.06 0.70246 0.588341 0.475005 0.00144121 0.00245798 0.000817573
112.08 0.702521 0.58844 0.475018 0.00152795 0.002471 0.000312509
112.1 0.702598 0.588528 0.475021 0.00193634 0.00219746 8.73785e-05
112.12 0.702704 0.588595 0.475032 0.00264733 0.00166835 0.000263166
112.14 0.702839 0.588635 0.47506 0.00337753 0.00101088 0.000718202
112.16 0.702987 0.588651 0.475107 0.00369142 0.000384802 0.00116573
112.18 0.703119 0.588648 0.475161 0.00329818 -6.21839e-05 0.00134531
112.2 0.703211 0.588639 0.475209 0.00230267 -0.000232417 0.00120024
112.22 0.703259 0.588636 0.475245 0.00119083 -8.62523e-05 0.000915791
112.24 0.703281 0.58865 0.475277 0.000554406 0.000364672 0.000782055
112.26 0.703311 0.588691 0.475316 0.000751646 0.00103091 0.000975915
112.28 0.703379 0.58876 0.475373 0.00169498 0.00172772 0.00142414
112.3 0.703495 0.58885 0.475447 0.00290671 0.00224182 0.00186077
112.32 0.703648 0.588947 0.475528 0.00382013 0.002423 0.00201168
112.34 0.703813 0.589036 0.475598 0.00411891 0.00221518 0.00175937
112.36 0.703968 0.589102 0.475646 0.00387617 0.00164681 0.0012094
112.38 0.704105 0.589135 0.475672 0.00342443 0.000843317 0.000635187
112.4 0.704228 0.589136 0.475684 0.00307975 2.60004e-05 0.000317463
112.42 0.704345 0.589114 0.4757 0.00291995 -0.000561943 0.00038903
112.44 0.704456 0.589084 0.475731 0.00279913 -0.000738226 0.000779417
112.46 0.704559 0.589067 0.475781 0.00256936 -0.000426183 0.00125332
112.48 0.70465 0.589079 0.475842 0.00226222 0.00030329 0.00152907
112.5 0.704733 0.589128 0.4759 0.00207836 0.00120727 0.00144008
112.52 0.704822 0.589205 0.475941 0.00223931 0.00194181 0.00103212
112.54 0.704934 0.589294 0.475962 0.00279859 0.00221511 0.000523407
112.56 0.705076 0.589372 0.475969 0.00352976 0.00193938 0.000178115
112.58 0.705236 0.589423 0.475977 0.00400184 0.00128418 0.000182836
112.6 0.705389 0.589447 0.475998 0.003845 0.00059031 0.000539968
112.62 0.705511 0.589455 0.476039 0.00303429 0.000213665 0.00101478
112.64 0.705588 0.58947 0.476089 0.00193961 0.000377853 0.00124596
112.66 0.705633 0.589513 0.476129 0.00111648 0.00106343 0.00100958
112.68 0.705673 0.589592 0.476146 0.00100303 0.00199381 0.000410748
112.7 0.705739 0.589703 0.476138 0.00165664 0.0027575 -0.000195621
112.72 0.705846 0.589823 0.476119 0.00267374 0.00301219 -0.000476782
112.74 0.705983 0.589931 0.476105 0.00341969 0.00268738 -0.00034568
112.76 0.706121 0.590013 0.476106 0.00344633 0.00206293 3.34583e-05
112.78 0.706232 0.590078 0.476123 0.00276257 0.0016129 0.000418377
112.8 0.706303 0.590145 0.476149 0.00179072 0.00168974 0.000663237
112.82 0.706347 0.590237 0.47618 0.00109744 0.00229167 0.000767007
112.84 0.70639 0.590361 0.476212 0.0010775 0.00309645 0.000805204
112.86 0.706458 0.590509 0.476246 0.00170764 0.00369443 0.000841156
112.88 0.70656 0.590662 0.476282 0.0025388 0.00382844 0.000899857
112.9 0.70668 0.590803 0.476321 0.00300197 0.003529 0.000985886
112.92 0.706792 0.590926 0.476365 0.00279929 0.00308536 0.00107805
112.94 0.706875 0.59104 0.476409 0.00207385 0.00284102 0.00111235
112.96 0.706926 0.591158 0.47645 0.0012736 0.0029579 0.00101676
112.98 0.706961 0.591291 0.476482 0.000869385 0.00332632 0.000796136
113 0.707005 0.591438 0.476505 0.00109562 0.00366022 0.000574213
113.02 0.707077 0.591585 0.476526 0.00180531 0.00367684 0.000533517
113.04 0.707179 0.591715 0.476557 0.00255642 0.00326213 0.000784436
113.06 0.707295 0.591817 0.476608 0.00289531 0.00254923 0.00126395
113.08 0.707401 0.591891 0.476678 0.00265114 0.00185313 0.00175676
113.1 0.707482 0.591952 0.476759 0.0020148 0.00150392 0.00203511
113.12 0.707536 0.592018 0.476839 0.00136539 0.00164762 0.00199873
113.14 0.707578 0.592104 0.476909 0.00103874 0.00216762 0.00173138
113.16 0.707624 0.592215 0.476966 0.00117025 0.00277617 0.00144541
113.18 0.70769 0.592342 0.47702 0.00164419 0.00316085 0.0013401
113.2 0.707777 0.592466 0.477079 0.00217613 0.00311491 0.00147018
113.22 0.707877 0.592572 0.477148 0.00249333 0.002636 0.00172397
113.24 0.707976 0.59265 0.477224 0.00248406 0.00195363 0.00191156
113.26 0.708066 0.592706 0.4773 0.00223945 0.00140785 0.00189312
113.28 0.708145 0.592755 0.477367 0.00198738 0.0012265 0.00166576
113.3 0.708223 0.592811 0.47742 0.00194873 0.00139175 0.00134525
113.32 0.708311 0.592879 0.477463 0.00218677 0.00170035 0.00105796
113.34 0.708413 0.592956 0.477496 0.00255172 0.00192809 0.000840801
113.36 0.708524 0.593035 0.477522 0.00278775 0.00197456 0.000638861
113.38 0.708634 0.593111 0.477538 0.00273164 0.00190468 0.000388699
113.4 0.708733 0.593186 0.477542 0.00246983 0.00186484 0.000107892
113.42 0.708825 0.593263 0.477538 0.0023078 0.00192514 -8.89811e-05
113.44 0.708926 0.593342 0.477536 0.00253408 0.00198796 -4.81032e-05
113.46 0.709053 0.593417 0.477549 0.00316253 0.00185675 0.000308156
113.48 0.709208 0.593473 0.477584 0.00388401 0.00141384 0.000876835
113.5 0.709379 0.593504 0.477639 0.00428212 0.000763185 0.00138972
113.52 0.709545 0.593512 0.477703 0.0041448 0.000212733 0.00158039
113.54 0.70969 0.593515 0.477757 0.00363212 7.82255e-05 0.00136666
113.56 0.709817 0.593533 0.477793 0.003165 0.000430958 0.000894626
113.58 0.709942 0.593573 0.47781 0.00311825 0.00100262 0.000422978
113.6 0.710084 0.593627 0.477816 0.00354437 0.0013543 0.000148873
113.62 0.710249 0.593675 0.477821 0.00413213 0.00120776 0.000118593
113.64 0.710427 0.593702 0.477831 0.00444338 0.00066661 0.000262875
113.66 0.710596 0.593707 0.477851 0.00423464 0.000127043 0.000485624
113.68 0.710741 0.593705 0.47788 0.0036171 -3.65213e-05 0.000737422
113.7 0.71086 0.593716 0.477921 0.00297597 0.000259042 0.0010278
113.72 0.710968 0.593747 0.477976 0.00271934 0.000785582 0.00136973
113.74 0.711088 0.593796 0.478044 0.00300072 0.00122114 0.00170253
113.76 0.711233 0.593851 0.478119 0.00360382 0.00137918 0.00187809
113.78 0.711396 0.593903 0.478189 0.00408693 0.00128329 0.00174465
113.8 0.711559 0.593947 0.47824 0.00407671 0.00110212 0.00127774
113.82 0.7117 0.593987 0.478266 0.00351555 0.00101779 0.000653587
113.84 0.711808 0.594032 0.478273 0.00270664 0.00111172 0.000176241
113.86 0.711892 0.594086 0.478278 0.00210492 0.00135745 0.000109333
113.88 0.711972 0.594154 0.478299 0.0019825 0.00169253 0.000525766
113.9 0.712061 0.594236 0.478349 0.00223809 0.00205148 0.00126092
113.92 0.712162 0.594329 0.478429 0.00251279 0.00233228 0.00199888
113.94 0.712261 0.594425 0.478526 0.00249799 0.0024022 0.00243455
113.96 0.712349 0.594513 0.478623 0.00218189 0.00218684 0.00242368
113.98 0.712424 0.594584 0.478705 0.00187137 0.00177642 0.00204999
114 0.712502 0.594641 0.478768 0.00195499 0.00144151 0.00157183
114.02 0.712604 0.594701 0.478819 0.0025444 0.00147759 0.00125866
114.04 0.712736 0.59478 0.478867 0.00330239 0.00199204 0.00122135
114.06 0.712882 0.594893 0.478922 0.00365794 0.00282369 0.00136333
114.08 0.713012 0.595039 0.478981 0.00324513 0.00363406 0.00146597
114.1 0.7131 0.595202 0.479034 0.00220105 0.00407985 0.00134246
114.12 0.713144 0.595361 0.479073 0.00110393 0.00398011 0.000964674
114.14 0.713169 0.595498 0.479092 0.000620954 0.00341775 0.000482305
114.16 0.713213 0.595606 0.479097 0.00109585 0.00270296 0.000112779
114.18 0.713306 0.595694 0.479097 0.0023249 0.00219748 4.58028e-06
114.2 0.713452 0.595778 0.479104 0.0036498 0.00210953 0.000181117
114.22 0.713624 0.595873 0.479127 0.00431962 0.00238294 0.000559063
114.24 0.713781 0.595983 0.479166 0.00391572 0.0027482 0.000993655
114.26 0.713885 0.596099 0.479219 0.00258945 0.00290007 0.00133033
114.28 0.713923 0.596207 0.479278 0.000970484 0.00269363 0.00145852
114.3 0.713916 0.596298 0.479332 -0.000190112 0.00226156 0.00134407
114.32 0.713899 0.596375 0.479372 -0.000411696 0.00192917 0.00101958
114.34 0.713912 0.596452 0.479394 0.000324964 0.00194353 0.000549416
114.36 0.713978 0.596543 0.479394 0.00163649 0.00226558 1.60121e-06
114.38 0.714095 0.596647 0.479373 0.00292641 0.00260981 -0.00054128
114.4 0.71424 0.596754 0.479335 0.00362375 0.00266557 -0.000951933
114.42 0.714378 0.596847 0.479292 0.0034468 0.00231604 -0.00106947
114.44 0.714481 0.596915 0.479261 0.00258247 0.00170608 -0.000767584
114.46 0.714545 0.596961 0.47926 0.00159155 0.00114848 -4.1082e-05
114.48 0.714586 0.596998 0.479297 0.00103034 0.00093787 0.000946775
114.5 0.71463 0.597046 0.479373 0.0010959 0.00118425 0.00189737
114.52 0.714692 0.597116 0.479473 0.00156301 0.00174813 0.0024969
114.54 0.714773 0.597209 0.479576 0.00202931 0.00232032 0.00256936
114.56 0.714863 0.597314 0.479663 0.00224379 0.00262474 0.00216749
114.58 0.714953 0.597417 0.479724 0.00224068 0.00259404 0.00152732
114.6 0.715041 0.597512 0.479761 0.00221376 0.00236507 0.000920238
114.62 0.715133 0.597598 0.479781 0.00229956 0.00214796 0.000518744
114.64 0.715232 0.597682 0.479796 0.00245984 0.00209513 0.000365207
114.66 0.715333 0.59777 0.479813 0.0025234 0.00221562 0.000424848
114.68 0.715427 0.597866 0.479839 0.00235478 0.00239103 0.0006433
114.7 0.715508 0.597965 0.479878 0.00203045 0.00248447 0.000987838
114.72 0.715581 0.598063 0.479936 0.00182743 0.00244682 0.00145256
114.74 0.715661 0.598157 0.480016 0.00200655 0.00233779 0.00200402
114.76 0.715764 0.598248 0.480117 0.00256879 0.00227713 0.00251672
114.78 0.715892 0.598343 0.480229 0.00318789 0.00237536 0.00279613
114.8 0.716029 0.598449 0.480337 0.00342509 0.00265457 0.00270608
114.82 0.716153 0.598569 0.480429 0.00309547 0.00300376 0.00228748
114.84 0.716251 0.598699 0.480499 0.00246137 0.00324775 0.00175834
114.86 0.716333 0.59883 0.480554 0.00204486 0.00327706 0.00138231
114.88 0.716422 0.598953 0.480606 0.00223443 0.00308506 0.00128359
114.9 0.716542 0.599061 0.48066 0.00299936 0.00269832 0.00135799
114.92 0.716698 0.599147 0.480715 0.00388891 0.00213437 0.00136831
114.94 0.716871 0.599205 0.48076 0.00432573 0.00145146 0.00113599
114.96 0.717031 0.599237 0.480787 0.00399433 0.000792393 0.000673773
114.98 0.717152 0.59925 0.480795 0.00304236 0.00034614 0.000194334
115 0.71723 0.599261 0.480795 0.00195635 0.000256018 8.60542e-06
115.02 0.71728 0.599281 0.480809 0.0012483 0.000509074 0.000341727
115.04 0.717329 0.599317 0.480855 0.00121113 0.000898403 0.00114296
115.06 0.717402 0.599362 0.480936 0.00181741 0.00113499 0.0020336
115.08 0.717511 0.599403 0.481036 0.00274341 0.00102598 0.00249641
115.1 0.717652 0.599427 0.481123 0.00352013 0.000580679 0.00218235
115.12 0.717803 0.599426 0.481167 0.00377192 -6.07932e-06 0.00110915
115.14 0.717939 0.599407 0.481154 0.003406 -0.000479102 -0.000348841
115.16 0.718045 0.59938 0.481088 0.00263677 -0.000681076 -0.00163495
115.18 0.718119 0.599355 0.480998 0.00186603 -0.000631085 -0.00224909
115.2 0.718179 0.599336 0.48092 0.00149021 -0.000463065 -0.00194954
115.22 0.718247 0.599325 0.480886 0.00171434 -0.000273195 -0.000842691
115.24 0.718346 0.599323 0.480912 0.00245304 -4.94875e-05 0.000650186
115.26 0.71848 0.599334 0.48099 0.00336354 0.000260272 0.00193787
115.28 0.71864 0.59936 0.48109 0.00399388 0.000651832 0.00249065
115.3 0.7188 0.599401 0.481173 0.00401349 0.00103675 0.00209006
115.32 0.718937 0.599453 0.481212 0.00342538 0.00128693 0.000973007
115.34 0.719041 0.599506 0.481202 0.00258227 0.00132315 -0.000264882
115.36 0.719119 0.599554 0.481162 0.00196296 0.00120882 -0.000993756
115.38 0.719194 0.5996 0.481126 0.00187484 0.00116089 -0.000901297
115.4 0.719285 0.599657 0.481121 0.00227861 0.00141737 -0.000126509
115.42 0.719399 0.599738 0.481157 0.00283564 0.00202761 0.00090594
115.44 0.719525 0.599849 0.481229 0.00316349 0.00277557 0.0017975
115.46 0.71965 0.599983 0.481325 0.00312536 0.00333939 0.00239678
115.48 0.719766 0.600123 0.481435 0.0028905 0.00351467 0.00276943
115.5 0.719876 0.600257 0.481555 0.00273967 0.00333364 0.00298496
115.52 0.719988 0.600378 0.481674 0.0028077 0.00304007 0.00297133
115.54 0.720106 0.600496 0.481777 0.0029631 0.00293381 0.00258385
115.56 0.720224 0.600622 0.481849 0.00292771 0.00315973 0.00180026
115.58 0.720325 0.600765 0.481883 0.0025369 0.00357515 0.00085142
115.6 0.720401 0.600918 0.481889 0.00190654 0.00382259 0.000147285
115.62 0.720457 0.601062 0.48189 0.00138897 0.00361141 2.86886e-05
115.64 0.720511 0.601181 0.481912 0.00136184 0.00297363 0.000533167
115.66 0.720589 0.601271 0.481965 0.00193803 0.00225294 0.00134639
115.68 0.720701 0.601346 0.482044 0.00280261 0.00185789 0.0019777
115.7 0.720837 0.601425 0.482127 0.00340407 0.00197412 0.00205321
115.72 0.720972 0.601522 0.482188 0.00337668 0.00243209 0.00154012
115.74 0.721084 0.601635 0.482218 0.00278796 0.00283137 0.000741959
115.76 0.721165 0.601748 0.482221 0.00202206 0.00282633 7.59617e-05
115.78 0.721224 0.601843 0.482213 0.00147568 0.00236738 -0.0001907
115.8 0.721276 0.601912 0.48221 0.00132091 0.00172649 -8.13275e-05
115.82 0.721335 0.601964 0.482216 0.00147132 0.00129299 0.00014493
115.84 0.721404 0.602016 0.482224 0.00170884 0.00130972 0.000208004
115.86 0.721478 0.602085 0.482225 0.00185697 0.00172806 9.27381e-06
115.88 0.721553 0.602176 0.482212 0.00188915 0.00225993 -0.000320021
115.9 0.72163 0.602279 0.482191 0.00190392 0.00257538 -0.000528701
115.92 0.72171 0.602379 0.482173 0.00200136 0.00249671 -0.000432866
115.94 0.721797 0.602462 0.482171 0.00218017 0.00207474 -6.17181e-05
115.96 0.72189 0.602523 0.482185 0.00233029 0.00153971 0.000349232
115.98 0.721983 0.60257 0.482206 0.00232664 0.00117923 0.000529848
116 0.722069 0.602618 0.482222 0.00215398 0.00118772 0.000396677
116.02 0.722147 0.602681 0.482227 0.00193127 0.00157581 0.000135737
116.04 0.722218 0.602769 0.48223 0.00179208 0.00220436 5.70961e-05
116.06 0.722288 0.602884 0.482243 0.00175241 0.00287322 0.000344606
116.08 0.722357 0.603019 0.48228 0.00172809 0.00337597 0.000914714
116.1 0.722425 0.60316 0.48234 0.00168244 0.00351708 0.00149461
116.12 0.722494 0.603287 0.482413 0.00172229 0.00316935 0.00182912
116.14 0.722575 0.603382 0.482487 0.0020418 0.00239892 0.0018492
116.16 0.722685 0.603443 0.482554 0.00274136 0.00151865 0.00169049
116.18 0.722832 0.603482 0.482617 0.0036779 0.000969568 0.00157221
116.2 0.723012 0.603526 0.482683 0.00448755 0.00109473 0.0016393
116.22 0.723202 0.603603 0.482758 0.00476016 0.0019181 0.00187466
116.24 0.723373 0.603725 0.482843 0.0042748 0.00307303 0.00213381
116.26 0.7235 0.603884 0.482933 0.0031819 0.0039667 0.00225372
116.28 0.72358 0.604048 0.483019 0.00198167 0.00410849 0.002139
116.3 0.72363 0.604184 0.48309 0.0012573 0.00339756 0.00177165
116.32 0.723684 0.604271 0.483137 0.0013491 0.00217406 0.00118341
116.34 0.723772 0.604312 0.483156 0.00219741 0.00102098 0.000458901
116.36 0.723908 0.604331 0.483147 0.0034006 0.000462631 -0.000224271
116.38 0.724085 0.604358 0.483122 0.00442151 0.00069447 -0.000603647
116.4 0.724279 0.604417 0.483104 0.0048538 0.00147424 -0.000459537
116.42 0.724463 0.604507 0.483113 0.00459914 0.0022464 0.000213427
116.44 0.724616 0.604606 0.483159 0.00384198 0.00246517 0.00114979
116.46 0.724732 0.604684 0.483236 0.00288637 0.00194221 0.00193409
116.48 0.724813 0.604722 0.483325 0.00203998 0.00096008 0.00221661
116.5 0.724877 0.604725 0.4834 0.00157964 7.71073e-05 0.00189461
116.52 0.724944 0.604716 0.483447 0.0016771 -0.000229527 0.00117107
116.54 0.725035 0.604721 0.483466 0.00229306 0.00013965 0.000469427
116.56 0.725161 0.604755 0.483474 0.00314714 0.000834577 0.000209772
116.58 0.725314 0.604806 0.483496 0.00381464 0.00127902 0.000539638
116.6 0.725471 0.604849 0.483545 0.00392385 0.00106295 0.00122314
116.62 0.725606 0.604857 0.483617 0.0033722 0.000213515 0.00179439
116.64 0.725703 0.604824 0.483691 0.00243339 -0.000826153 0.00185635
116.66 0.725768 0.604766 0.483743 0.00162226 -0.00145955 0.00130229
116.68 0.725822 0.604714 0.483757 0.00134347 -0.00127821 0.000357503
116.7 0.725886 0.604703 0.483736 0.00161023 -0.000293178 -0.000536518
116.72 0.72597 0.604746 0.483698 0.00209901 0.00106934 -0.000942782
116.74 0.726068 0.604833 0.483672 0.00244623 0.00219866 -0.000662494
116.76 0.726168 0.604938 0.483678 0.00249559 0.0026194 0.000166712
116.78 0.726261 0.605027 0.483725 0.00232565 0.00222603 0.0011588
116.8 0.726345 0.60508 0.4838 0.00211137 0.00131426 0.00188987
116.82 0.726424 0.605096 0.483884 0.00196563 0.000412802 0.00210129
116.84 0.726499 0.605097 0.483956 0.00187722 6.29959e-06 0.00179565
116.86 0.72657 0.605109 0.484004 0.00177585 0.000307726 0.00120624
116.88 0.726635 0.605156 0.484031 0.00163671 0.00116999 0.000655901
116.9 0.726697 0.605242 0.484046 0.00153377 0.00215637 0.000386679
116.92 0.72676 0.605353 0.484064 0.00158618 0.00277837 0.00045703
116.94 0.726833 0.605465 0.484094 0.00180767 0.00278444 0.000744672
116.96 0.726914 0.605557 0.484136 0.00202874 0.00230784 0.00103497
116.98 0.726995 0.605627 0.484182 0.00201995 0.00176348 0.00115495
117 0.727062 0.60569 0.484225 0.00169789 0.00156934 0.00108611
117.02 0.727111 0.605766 0.484264 0.00122045 0.00189534 0.000968391
117.04 0.727147 0.60587 0.484302 0.000902394 0.00259128 0.00096107
117.06 0.727188 0.606001 0.484345 0.00102125 0.00328653 0.00106547
117.08 0.727254 0.606145 0.48439 0.0016478 0.00359476 0.00111313
117.1 0.727357 0.606279 0.484428 0.0025844 0.00334149 0.000958029
117.12 0.727495 0.606386 0.484454 0.00344101 0.00267831 0.000656662
117.14 0.727649 0.606465 0.484472 0.00383569 0.00197234 0.000448766
117.16 0.727793 0.606527 0.484495 0.00360963 0.00156227 0.000575447
117.18 0.727909 0.606591 0.484539 0.00289955 0.0015924 0.00108673
117.2 0.72799 0.60667 0.484608 0.00203727 0.00198949 0.00174496
117.22 0.728046 0.606771 0.484692 0.00138926 0.00252967 0.00209857
117.24 0.728095 0.606891 0.484763 0.00121895 0.00298175 0.00176026
117.26 0.728158 0.607021 0.484792 0.00157544 0.00324862 0.000724958
117.28 0.728248 0.607156 0.48477 0.00226155 0.0033835 -0.000535855
117.3 0.728366 0.607295 0.484717 0.00294138 0.00347793 -0.00133419
117.32 0.728499 0.607437 0.484667 0.00332984 0.00353983 -0.00124481
117.34 0.728632 0.607576 0.48465 0.00332249 0.00349261 -0.000415713
117.36 0.728752 0.607707 0.484673 0.00300384 0.00326906 0.000557972
117.38 0.728856 0.607823 0.484716 0.00259192 0.00289943 0.00107027
117.4 0.72895 0.607925 0.484752 0.00234527 0.00254585 0.00092104
117.42 0.729047 0.608022 0.48477 0.00243981 0.00241944 0.00043279
117.44 0.729161 0.608126 0.484777 0.00285503 0.00260356 0.000177615
117.46 0.729295 0.608244 0.484797 0.00335139 0.00294554 0.000513854
117.48 0.729439 0.608369 0.484849 0.00359377 0.00313535 0.00130143
117.5 0.729574 0.608486 0.48493 0.00336965 0.00293002 0.00200306
117.52 0.729684 0.60858 0.485013 0.00275015 0.00235007 0.00207458
117.54 0.729767 0.608649 0.485068 0.00208474 0.00171241 0.00137361
117.56 0.72984 0.608707 0.485079 0.00181699 0.00146185 0.000293813
117.58 0.729928 0.608782 0.48506 0.00220958 0.00186027 -0.000491747
117.6 0.730054 0.608892 0.485039 0.00313668 0.00275321 -0.000508801
117.62 0.730218 0.609038 0.485047 0.0041137 0.00364311 0.000190803
117.64 0.730402 0.609198 0.485092 0.00459253 0.00401095 0.00113089
117.66 0.730574 0.609343 0.485166 0.00430254 0.00362448 0.00183637
117.68 0.73071 0.60945 0.485252 0.00340287 0.0026629 0.00217057
117.7 0.730805 0.609514 0.485344 0.00236465 0.00161106 0.00229772
117.72 0.730873 0.609553 0.48544 0.00169547 0.000965976 0.00240368
117.74 0.73094 0.60959 0.48554 0.00167376 0.000922211 0.00248311
117.76 0.731029 0.609641 0.485634 0.00222376 0.00127702 0.00235682
117.78 0.731149 0.609706 0.485709 0.00299921 0.0016395 0.001878
117.8 0.731293 0.609776 0.485754 0.00361978 0.00174606 0.00112856
117.82 0.731449 0.609841 0.485771 0.00388376 0.00161465 0.000406576
117.84 0.731602 0.609899 0.485771 0.00382449 0.00145097 7.81699e-06
117.86 0.731746 0.609956 0.485772 0.00361699 0.00142151 1.95841e-05
117.88 0.731883 0.610015 0.485783 0.00342559 0.00148183 0.000292813
117.9 0.732016 0.610071 0.485806 0.00330076 0.00141025 0.000559142
117.92 0.732143 0.610113 0.48583 0.00318724 0.00103642 0.00061306
117.94 0.732264 0.610129 0.485848 0.0030259 0.000417585 0.00045532
117.96 0.732377 0.610121 0.48586 0.00283175 -0.000199133 0.000282531
117.98 0.732484 0.610099 0.485873 0.00266157 -0.000558037 0.000324194
118 0.732586 0.610076 0.485899 0.00254951 -0.000570189 0.000649699
118.02 0.732685 0.610062 0.485943 0.00248522 -0.000358802 0.00110316
118.04 0.732783 0.610056 0.486 0.00244608 -0.000141097 0.0014219
118.06 0.732881 0.610055 0.486057 0.00245649 -4.29865e-05 0.00142489
118.08 0.732985 0.610055 0.486102 0.00258855 -1.65422e-07 0.00113124
118.1 0.733099 0.610061 0.486131 0.00286076 0.000159762 0.000735925
118.12 0.733225 0.610082 0.48615 0.00314514 0.000526149 0.000452798
118.14 0.733353 0.610122 0.486164 0.00320864 0.000988398 0.000363239
118.16 0.733468 0.610174 0.48618 0.00287129 0.00130564 0.000400568
118.18 0.733555 0.610225 0.486198 0.00216181 0.00127806 0.000445607
118.2 0.733609 0.610261 0.486215 0.00135818 0.000890867 0.000434467
118.22 0.733644 0.610275 0.486232 0.000865156 0.000359584 0.00040795
118.24 0.733683 0.610276 0.486251 0.000977574 3.0149e-05 0.00048142
118.26 0.73375 0.610283 0.486281 0.00166995 0.000181669 0.000754013
118.28 0.733852 0.610318 0.48633 0.00256746 0.000865844 0.00122298
118.3 0.733979 0.610393 0.486401 0.00316077 0.00187734 0.0017656
118.32 0.734104 0.610507 0.486488 0.0031244 0.00285262 0.00217994
118.34 0.734204 0.610645 0.486578 0.00249742 0.00343716 0.00225754
118.36 0.734268 0.610783 0.486654 0.00161872 0.00344868 0.00188824
118.38 0.734305 0.610901 0.486699 0.000910685 0.00296918 0.00114696
118.4 0.734331 0.610994 0.486711 0.000662086 0.00231749 0.000284726
118.42 0.734366 0.611069 0.486696 0.000881314 0.00187932 -0.00036638
118.44 0.734418 0.611145 0.486675 0.00129487 0.00188735 -0.000521029
118.46 0.73448 0.611237 0.486672 0.00155212 0.00229593 -7.16702e-05
118.48 0.73454 0.61135 0.486706 0.0014875 0.00284308 0.000844101
118.5 0.734588 0.61148 0.486781 0.00121236 0.00323247 0.00187439
118.52 0.734627 0.611612 0.486884 0.000978173 0.00329827 0.0025682
118.54 0.734666 0.611735 0.486987 0.000959339 0.00307872 0.00257371
118.56 0.734712 0.611845 0.487061 0.00114694 0.00275749 0.00185361
118.58 0.734768 0.611946 0.487091 0.0014017 0.0025163 0.000751389
118.6 0.734831 0.612043 0.487083 0.00158215 0.00242941 -0.000194853
118.62 0.734897 0.612141 0.487061 0.00163725 0.00246181 -0.00056403
118.64 0.734961 0.612243 0.48705 0.00161721 0.00253624 -0.0002612
118.66 0.735025 0.612346 0.487069 0.00160306 0.00257924 0.000473914
118.68 0.73509 0.612447 0.487118 0.00161822 0.00252822 0.00121154
118.7 0.735155 0.612541 0.48718 0.00161512 0.0023537 0.00155297
118.72 0.735216 0.612625 0.487234 0.00153543 0.00208964 0.0013421
118.74 0.735271 0.612698 0.487264 0.0013818 0.00181907 0.000754446
118.76 0.735322 0.612763 0.487271 0.00126571 0.00162956 0.000194423
118.78 0.735377 0.612827 0.487273 0.00137658 0.0015975 3.30229e-05
118.8 0.73545 0.612897 0.487287 0.0018309 0.00175991 0.000366024
118.82 0.73555 0.612979 0.487326 0.00250271 0.0020483 0.000972198
118.84 0.735672 0.61307 0.487385 0.00304422 0.002275 0.0014677
118.86 0.735798 0.613159 0.487446 0.00313977 0.00223743 0.00153404
118.88 0.735907 0.613235 0.48749 0.00273249 0.00189041 0.00109948
118.9 0.73599 0.613292 0.487506 0.00206466 0.00142175 0.000386856
118.92 0.736052 0.613337 0.487497 0.00156114 0.00113398 -0.000212144
118.94 0.736116 0.613386 0.487483 0.00160424 0.00122104 -0.000351966
118.96 0.736207 0.613451 0.487487 0.00227592 0.00161432 8.90624e-05
118.98 0.736338 0.613531 0.487525 0.00326314 0.00201836 0.000958358
119 0.7365 0.613616 0.487602 0.00404593 0.00211839 0.00191585
119.02 0.736669 0.613689 0.487706 0.0042221 0.00181556 0.00260001
119.04 0.736818 0.613742 0.487818 0.00373892 0.00132072 0.00279454
119.06 0.736934 0.613783 0.487917 0.00290934 0.00102455 0.00248914
119.08 0.737023 0.613832 0.48799 0.00221625 0.00122934 0.00182186
119.1 0.737104 0.613909 0.48803 0.00202838 0.00194116 0.00100209
119.12 0.737201 0.614024 0.488041 0.00241401 0.0028605 0.00028033
119.14 0.737327 0.614166 0.488038 0.00315555 0.00355768 -7.95983e-05
119.16 0.737483 0.614316 0.488043 0.00390916 0.00373791 0.000120261
119.18 0.737658 0.614452 0.488079 0.00435915 0.00340586 0.000889552
119.2 0.73783 0.614565 0.488157 0.00430994 0.00281932 0.00196529
119.22 0.73798 0.614657 0.488272 0.00375089 0.00231373 0.00287908
119.24 0.738095 0.614742 0.4884 0.00288166 0.00212036 0.00318534
119.26 0.738177 0.614832 0.488509 0.00204852 0.00225545 0.00271944
119.28 0.738242 0.614933 0.488577 0.00160276 0.00252112 0.00171963
119.3 0.738312 0.615038 0.488606 0.00176258 0.00261941 0.000707541
119.32 0.738412 0.615131 0.488613 0.00250763 0.00233831 0.000181722
119.34 0.738554 0.6152 0.488626 0.00354399 0.00172011 0.000323675
119.36 0.738731 0.615243 0.488662 0.00441095 0.00107008 0.000908432
119.38 0.738919 0.615274 0.488722 0.00470812 0.00076406 0.00148794
119.4 0.739091 0.615313 0.488789 0.00430841 0.000974551 0.00168708
119.42 0.739229 0.615373 0.488845 0.00343365 0.00151731 0.00139278
119.44 0.73933 0.615451 0.488875 0.00254714 0.00194519 0.000758652
119.46 0.739414 0.615525 0.488878 0.00209793 0.00184651 7.75929e-05
119.48 0.739505 0.615571 0.488863 0.00225735 0.00115841 -0.000392888
119.5 0.739618 0.615581 0.48884 0.00282822 0.000247811 -0.000559589
119.52 0.739754 0.615567 0.488821 0.00340999 -0.000345933 -0.000491416
119.54 0.739901 0.615555 0.488809 0.00367986 -0.000312967 -0.000295871
119.56 0.740044 0.615563 0.488808 0.00355695 0.00021194 -1.53955e-05
119.58 0.74017 0.615595 0.488822 0.00317038 0.000780516 0.000346288
119.6 0.74028 0.615634 0.488851 0.00274348 0.00097952 0.000734524
119.62 0.74038 0.615662 0.488892 0.00248315 0.000708192 0.00100511
119.64 0.740479 0.61567 0.488931 0.00247533 0.000198444 0.000992907
119.66 0.740584 0.615663 0.488957 0.00262881 -0.000172594 0.000637
119.68 0.740693 0.615658 0.488959 0.0027326 -0.000119968 6.20644e-05
119.7 0.740797 0.615674 0.488942 0.00260872 0.0003943 -0.000435069
119.72 0.740887 0.615721 0.488921 0.00223226 0.00116849 -0.000531169
119.74 0.740956 0.615796 0.488917 0.00174382 0.00188738 -9.43017e-05
119.76 0.741012 0.615888 0.488945 0.00138814 0.00228134 0.000708775
119.78 0.741066 0.615978 0.489006 0.00135437 0.00226091 0.00151251
119.8 0.741131 0.616057 0.489084 0.00161074 0.00196484 0.00196871
119.82 0.741208 0.616123 0.489161 0.00192548 0.00164986 0.00192588
119.84 0.74129 0.616183 0.489221 0.00206259 0.00150942 0.00147948
119.86 0.741368 0.616246 0.489256 0.00195136 0.00157683 0.000889303
119.88 0.741436 0.616316 0.489274 0.00170238 0.00174534 0.000452908
119.9 0.741497 0.61639 0.48929 0.0015251 0.00186565 0.000398077
119.92 0.741561 0.616465 0.489322 0.00159023 0.00186102 0.000802092
119.94 0.741636 0.616536 0.489384 0.00187246 0.00178271 0.00153351
119.96 0.741721 0.616607 0.489475 0.00213463 0.00177593 0.00228147
119.98 0.741806 0.616686 0.489584 0.00212111 0.00197459 0.00271474
120 0.741877 0.616782 0.48969 0.00178506 0.00238892 0.00267069
120.02 0.741931 0.616897 0.48978 0.00134861 0.00287396 0.00224384
120.04 0.741977 0.617025 0.489848 0.00113552 0.00321297 0.00170298
120.06 0.742029 0.617155 0.4899 0.00131293 0.00324382 0.00128715
120.08 0.7421 0.617272 0.489942 0.00176223 0.00293567 0.00105138
120.1 0.742186 0.617369 0.489978 0.0021584 0.00240441 0.000908043
120.12 0.742275 0.617443 0.490011 0.00221448 0.00186321 0.000816338
120.14 0.742352 0.617504 0.490046 0.0019234 0.00151757 0.00087284
120.16 0.742414 0.617563 0.490093 0.0015688 0.00146692 0.0011945
120.18 0.742474 0.61763 0.490163 0.00149361 0.00167804 0.00174736
120.2 0.742547 0.617711 0.490255 0.00183221 0.00203724 0.0022968
120.22 0.742644 0.617808 0.490355 0.00241078 0.00241699 0.0025062
120.24 0.742759 0.617916 0.490441 0.00288103 0.00270676 0.00213175
120.26 0.742878 0.618029 0.49049 0.00297102 0.00281308 0.00122219
120.28 0.742985 0.618136 0.490497 0.00268466 0.00267744 0.000177495
120.3 0.743077 0.618229 0.490478 0.00230203 0.00232666 -0.000462424
120.32 0.743163 0.618305 0.490463 0.00214611 0.00190522 -0.000381602
120.34 0.743256 0.61837 0.490475 0.00231306 0.00161986 0.000291421
120.36 0.74336 0.618433 0.490517 0.00261677 0.00159247 0.00106713
120.38 0.743471 0.618504 0.490574 0.00276865 0.0017595 0.00141601
120.4 0.743575 0.618581 0.490618 0.0025954 0.00192167 0.00111347
120.42 0.74366 0.618657 0.490634 0.00213412 0.00190066 0.000381565
120.44 0.743725 0.618724 0.490623 0.00160915 0.00168571 -0.000263533
120.46 0.743778 0.618782 0.490609 0.00132423 0.00144397 -0.000359438
120.48 0.743837 0.618837 0.490616 0.00147164 0.00138002 0.000189939
120.5 0.743915 0.618901 0.490658 0.00195193 0.00158782 0.00104241
120.52 0.744011 0.618981 0.490723 0.00240133 0.00200139 0.00163372
120.54 0.744109 0.619079 0.490785 0.00246054 0.00244767 0.00154762
120.56 0.744192 0.619188 0.490817 0.00206513 0.00274159 0.000802202
120.58 0.744253 0.619299 0.490812 0.00152182 0.0027747 -0.000140445
120.6 0.744304 0.619402 0.490785 0.00129111 0.00256849 -0.000661933
120.62 0.74437 0.619492 0.490769 0.00164432 0.0022521 -0.000396895
120.64 0.744468 0.619571 0.49079 0.00245982 0.00197415 0.000509328
120.66 0.7446 0.619644 0.49085 0.00329151 0.00183466 0.00149755
120.68 0.744747 0.619719 0.49093 0.00366857 0.0018766 0.00199725
120.7 0.744884 0.619803 0.491002 0.00342908 0.00208549 0.00181882
120.72 0.744998 0.619899 0.491052 0.00284642 0.002397 0.0012385
120.74 0.745095 0.620007 0.491081 0.00242231 0.00270703 0.000737497
120.76 0.745195 0.620122 0.491107 0.00251736 0.00288465 0.000627845
120.78 0.74532 0.620235 0.491141 0.00311968 0.00281467 0.000867568
120.8 0.745476 0.620334 0.491188 0.00389765 0.00247529 0.00117489
120.82 0.745655 0.620414 0.491241 0.00446464 0.00199251 0.00130961
120.84 0.745841 0.620478 0.491292 0.00465998 0.00160117 0.00128004
120.86 0.746026 0.620539 0.491344 0.00462894 0.00151851 0.00131154
120.88 0.746212 0.620611 0.491409 0.00465063 0.00182195 0.00161691
120.9 0.746407 0.620707 0.491496 0.00486688 0.0023955 0.0021663
120.92 0.746612 0.620826 0.491602 0.00513886 0.00295995 0.002648
120.94 0.746819 0.620954 0.491708 0.0051721 0.00319881 0.00266029
120.96 0.747012 0.621071 0.491789 0.00481001 0.00293897 0.00201753
120.98 0.74718 0.621162 0.491826 0.00419893 0.00228026 0.000941876
121 0.747326 0.621225 0.491825 0.00366154 0.00156416 -4.03244e-05
121.02 0.747463 0.621272 0.491807 0.00341527 0.00116495 -0.000448704
121.04 0.747599 0.621321 0.4918 0.00341288 0.00124448 -0.000177692
121.06 0.747737 0.621387 0.491818 0.00343596 0.00165114 0.000451571
121.08 0.74787 0.621469 0.491856 0.00332353 0.00203463 0.000949767
121.1 0.747994 0.621552 0.491896 0.00310789 0.00209305 0.00100281
121.12 0.748112 0.621624 0.491922 0.00293943 0.00178529 0.000647382
121.14 0.748228 0.621677 0.49193 0.00290273 0.00133391 0.000204584
121.16 0.748344 0.621718 0.491931 0.00289992 0.00102114 3.92921e-05
121.18 0.748452 0.621758 0.491943 0.00270875 0.000985824 0.000299243
121.2 0.748539 0.621804 0.491977 0.0021864 0.00117404 0.000828385
121.22 0.748597 0.621861 0.492029 0.00143482 0.00140426 0.00130729
121.24 0.748628 0.621919 0.492088 0.00077118 0.00146841 0.00148587
121.26 0.748649 0.62197 0.492141 0.000525318 0.00126083 0.00131833
121.28 0.748681 0.622005 0.492179 0.000807084 0.000871151 0.000938468
121.3 0.748737 0.622025 0.492201 0.00140647 0.000516963 0.000553533
121.32 0.748814 0.622039 0.492214 0.00191817 0.000344075 0.000330292
121.34 0.748895 0.622052 0.492227 0.00202257 0.000313222 0.000317915
121.36 0.748963 0.622062 0.492245 0.00169875 0.00026882 0.000454102
121.38 0.749011 0.622066 0.49227 0.00119693 8.70997e-05 0.000638151
121.4 0.749044 0.622058 0.492302 0.00083792 -0.000208179 0.000800487
121.42 0.749076 0.622041 0.492339 0.000805463 -0.000423165 0.000911507
121.44 0.749118 0.622028 0.492377 0.00104826 -0.000313874 0.000951054
121.46 0.749173 0.622036 0.492413 0.00136205 0.000193962 0.000913693
121.48 0.749236 0.622071 0.492447 0.00158509 0.000870651 0.000833337
121.5 0.749305 0.622123 0.492478 0.00170798 0.00130218 0.000775309
121.52 0.749377 0.62217 0.492509 0.00181311 0.00118768 0.000791939
121.54 0.749455 0.622193 0.492545 0.00195736 0.000562479 0.000883903
121.56 0.74954 0.622184 0.492585 0.00212355 -0.000213099 0.00101089
121.58 0.74963 0.622157 0.49263 0.00223398 -0.000689759 0.00112312
121.6 0.749718 0.622133 0.492678 0.00220656 -0.000599748 0.0011964
121.62 0.749799 0.622134 0.492728 0.00203261 2.86338e-05 0.00125132
121.64 0.749872 0.62217 0.49278 0.00180784 0.000916471 0.00130177
121.66 0.749938 0.622237 0.492832 0.00167223 0.00166152 0.00130054
121.68 0.750006 0.622313 0.492879 0.00168142 0.00191123 0.00118008
121.7 0.750076 0.622375 0.492918 0.00174822 0.00155287 0.000962334
121.72 0.750145 0.622408 0.492949 0.00173748 0.000803894 0.000790504
121.74 0.75021 0.622412 0.492983 0.00162129 0.000121627 0.000832794
121.76 0.750271 0.622411 0.493029 0.00152874 -3.54862e-05 0.00116171
121.78 0.750337 0.622432 0.493097 0.00163741 0.000522346 0.00169969
121.8 0.750417 0.622496 0.493188 0.00200059 0.00159571 0.00225736
121.82 0.750515 0.622604 0.493292 0.00245495 0.00271792 0.0026203
121.84 0.750623 0.622741 0.493397 0.00270594 0.00341932 0.00262892
121.86 0.750725 0.622879 0.493487 0.00253715 0.00345148 0.00223916
121.88 0.750804 0.622995 0.49355 0.00197282 0.00289986 0.00156771
121.9 0.750855 0.623081 0.493585 0.00127935 0.00214657 0.000882756
121.92 0.750887 0.623148 0.493605 0.000796441 0.00167606 0.000506639
121.94 0.750915 0.62322 0.493631 0.00070744 0.00178734 0.00063285
121.96 0.750952 0.623316 0.493678 0.000938551 0.0024021 0.00117315
121.98 0.751003 0.623442 0.493749 0.00126048 0.00315619 0.00178679
122 0.751062 0.62359 0.493832 0.00148885 0.00368712 0.00207621
122.02 0.751127 0.623744 0.493905 0.00161306 0.00386432 0.00181199
122.04 0.751198 0.623896 0.493947 0.00176572 0.00379779 0.00106716
122.06 0.75128 0.624043 0.493955 0.0020612 0.00367144 0.000183844
122.08 0.751377 0.624186 0.493938 0.00243011 0.00358646 -0.000423644
122.1 0.751482 0.624328 0.493917 0.0026288 0.0035387 -0.000520208
122.12 0.751581 0.624467 0.493909 0.00245785 0.00348179 -0.000189704
122.14 0.75166 0.624603 0.493919 0.00198582 0.00339005 0.000248688
122.16 0.751722 0.624734 0.493939 0.0015395 0.00329057 0.000497721
122.18 0.751781 0.624864 0.49396 0.00147804 0.00324628 0.000515742
122.2 0.751859 0.624996 0.493981 0.00194577 0.00329421 0.000520209
122.22 0.75197 0.625132 0.494011 0.00277663 0.00339936 0.000761125
122.24 0.752113 0.625271 0.494062 0.00359256 0.00348785 0.00126933
122.26 0.752274 0.625413 0.494134 0.00401571 0.00352856 0.00179391
122.28 0.75243 0.625554 0.494213 0.00388995 0.00354389 0.001978
122.3 0.752565 0.625697 0.494278 0.00338361 0.00355712 0.00164187
122.32 0.75268 0.625839 0.494316 0.00288439 0.00355071 0.000952011
122.34 0.752791 0.625977 0.494329 0.00275683 0.00346868 0.000324718
122.36 0.752916 0.626108 0.494335 0.00313863 0.00326014 0.000144524
122.38 0.753072 0.626225 0.494356 0.00388792 0.00292296 0.000522222
122.4 0.753259 0.626326 0.494406 0.00468742 0.00252693 0.00125421
122.42 0.753468 0.626414 0.494485 0.00522482 0.00219911 0.00196345
122.44 0.753681 0.626495 0.494577 0.00533194 0.00203785 0.00230613
122.46 0.753883 0.626576 0.494662 0.00503521 0.00201946 0.00213492
122.48 0.754063 0.626656 0.494724 0.00450417 0.00200996 0.00154711
122.5 0.754221 0.626732 0.494757 0.00395187 0.00187682 0.000814979
122.52 0.754364 0.626795 0.494767 0.00356152 0.00159079 0.000251436
122.54 0.754501 0.626845 0.49477 0.0034413 0.00123526 7.76157e-05
122.56 0.754645 0.626882 0.494784 0.00359103 0.000942666 0.000336983
122.58 0.754801 0.626915 0.49482 0.00389619 0.000824626 0.000899917
122.6 0.754968 0.626952 0.494881 0.00417509 0.000922701 0.00154075
122.62 0.755138 0.626999 0.494962 0.00425237 0.0011704 0.00202501
122.64 0.7553 0.627055 0.495049 0.00404505 0.00138869 0.00216601
122.66 0.755444 0.62711 0.495124 0.00362293 0.0013764 0.001882
122.68 0.755571 0.627152 0.495174 0.00316465 0.00106031 0.00126002
122.7 0.755684 0.627175 0.495196 0.00281513 0.000563148 0.000547366
122.72 0.755787 0.62718 0.495198 0.00258328 0.000128471 4.49264e-05
122.74 0.755883 0.627179 0.495197 0.00239468 -2.48536e-05 -3.11125e-05
122.76 0.755971 0.627186 0.495211 0.00221596 0.000193845 0.000349642
122.78 0.756056 0.627215 0.495251 0.00210315 0.000718862 0.00101085
122.8 0.756141 0.627269 0.495317 0.00213715 0.00135541 0.0016388
122.82 0.756233 0.627344 0.495394 0.00229702 0.00186263 0.0019329
122.84 0.756329 0.627427 0.495465 0.00240642 0.00207776 0.00176872
122.86 0.756419 0.627507 0.495515 0.0022467 0.00198788 0.00125413
122.88 0.75649 0.627574 0.495541 0.00176668 0.00167405 0.000638079
122.9 0.756538 0.627623 0.495547 0.00119867 0.00122506 0.000165908
122.92 0.756575 0.627652 0.495547 0.000930539 0.000736842 4.34567e-07
122.94 0.756623 0.627666 0.495555 0.00121106 0.000343941 0.00020352
122.96 0.756701 0.627673 0.495584 0.0019304 0.000169994 0.000707747
122.98 0.756807 0.627682 0.495636 0.00266401 0.000225281 0.00130708
123 0.756925 0.627697 0.495704 0.00294017 0.000396648 0.00170855
123.02 0.757026 0.627719 0.49577 0.00253324 0.000546165 0.00165177
123.04 0.757091 0.627743 0.495813 0.00161188 0.000586959 0.00106333
123.06 0.757117 0.627762 0.495819 0.000652142 0.000490517 0.0001483
123.08 0.757123 0.627774 0.495792 0.000158507 0.000302191 -0.000678756
123.1 0.757138 0.62778 0.495752 0.000376457 0.000133826 -0.00100422
123.12 0.757185 0.627783 0.495726 0.00117729 7.64804e-05 -0.000632132
123.14 0.757271 0.627787 0.495739 0.00215077 0.000108856 0.000316136
123.16 0.757384 0.627792 0.495797 0.00282811 0.000128442 0.00144309
123.18 0.757501 0.627796 0.495887 0.00291748 7.8414e-05 0.00224582
123.2 0.757599 0.627796 0.495981 0.00244578 1.41254e-05 0.00237172
123.22 0.757668 0.627798 0.496054 0.00172056 5.58398e-05 0.00181306
123.24 0.757712 0.62781 0.49609 0.00111207 0.000296199 0.000900077
123.26 0.757745 0.627839 0.496094 0.0008273 0.000714014 9.25232e-05
123.28 0.757779 0.627885 0.496083 0.00085654 0.0011563 -0.000272305
123.3 0.757822 0.627942 0.496078 0.00107369 0.00143034 -0.000108696
123.32 0.757877 0.627999 0.496096 0.00135883 0.00143139 0.000444455
123.34 0.757943 0.628049 0.496141 0.00166802 0.00122757 0.00113011
123.36 0.758025 0.628089 0.496209 0.0020308 0.00102288 0.00168348
123.38 0.758123 0.62813 0.496286 0.00245783 0.00100935 0.0019214
123.4 0.758237 0.628179 0.496357 0.00283923 0.00123596 0.00178052
123.42 0.758356 0.628243 0.49641 0.00297671 0.00158926 0.00132432
123.44 0.758465 0.628318 0.496439 0.00273335 0.00187788 0.000726794
123.46 0.758551 0.628397 0.496448 0.002163 0.00197658 0.000217853
123.48 0.758612 0.628475 0.496448 0.00151896 0.00194848 1.21829e-05
123.5 0.758657 0.628555 0.496457 0.00111958 0.00200881 0.00021416
123.52 0.758703 0.628648 0.496486 0.00115722 0.00230904 0.000737144
123.54 0.758768 0.628758 0.496539 0.00162272 0.00275036 0.00132583
123.56 0.758863 0.628879 0.496607 0.00237903 0.00303307 0.00168646
123.58 0.758993 0.628995 0.496673 0.00323814 0.00290805 0.00165998
123.6 0.759151 0.629091 0.496726 0.00396402 0.00240178 0.00133703
123.62 0.759323 0.629164 0.496767 0.00428634 0.00182573 0.00100632
123.64 0.759484 0.629227 0.496804 0.00401798 0.00156834 0.000931355
123.66 0.759612 0.6293 0.496849 0.00320161 0.00181948 0.0011307
123.68 0.759697 0.629398 0.496904 0.00213777 0.00244219 0.0013769
123.7 0.759749 0.629522 0.496961 0.00128372 0.0031009 0.00141165
123.72 0.759791 0.629662 0.497007 0.00105897 0.00350944 0.00116058
123.74 0.759855 0.629806 0.497038 0.00161138 0.00360358 0.000772292
123.76 0.759963 0.629948 0.497058 0.00269373 0.00353652 0.000498542
123.78 0.760114 0.630088 0.497079 0.00378102 0.00351299 0.000526657
123.8 0.760289 0.630232 0.497114 0.00437791 0.00360781 0.000867193
123.82 0.760461 0.630382 0.497168 0.00429113 0.00372736 0.00135469
123.84 0.760609 0.63053 0.497238 0.00368874 0.00372022 0.00175884
123.86 0.760726 0.630672 0.497315 0.00293943 0.00353844 0.00191504
123.88 0.760821 0.630805 0.497387 0.00236847 0.00332486 0.00179232
123.9 0.760905 0.630937 0.497445 0.00210922 0.00331334 0.0014728
123.92 0.760989 0.631082 0.497489 0.00210254 0.00360599 0.00108908
123.94 0.761077 0.631244 0.49752 0.00219197 0.00405999 0.00077253
123.96 0.761167 0.63142 0.497544 0.002251 0.00439153 0.000612469
123.98 0.761258 0.631595 0.49757 0.00226228 0.00437717 0.000627033
124 0.761349 0.631755 0.4976 0.00229501 0.00400449 0.000771731
124.02 0.761445 0.631894 0.497639 0.00239311 0.00346812 0.000977364
124.04 0.761545 0.632014 0.497686 0.00248651 0.00300611 0.00117472
124.06 0.761642 0.632123 0.497739 0.00243671 0.00271377 0.00130648
124.08 0.76173 0.632222 0.497792 0.00218927 0.00249677 0.00134377
124.1 0.761804 0.63231 0.497845 0.00186836 0.00218889 0.00131068
124.12 0.761872 0.632379 0.497896 0.00168006 0.00172853 0.00127762
124.14 0.76194 0.632429 0.497948 0.00170916 0.00125055 0.00128735
124.16 0.762014 0.632469 0.497998 0.0018426 0.000993974 0.00126969
124.18 0.762089 0.632512 0.498041 0.00188625 0.00108311 0.00106806
124.2 0.762159 0.632568 0.498065 0.00174228 0.00139513 0.000587455
124.22 0.762219 0.632634 0.498061 0.00150257 0.00164558 -7.91527e-05
124.24 0.762275 0.632698 0.498034 0.00140859 0.00160681 -0.000678401
124.26 0.762343 0.632749 0.497996 0.00168225 0.00127315 -0.000956387
124.28 0.762436 0.632783 0.497964 0.00232775 0.000858428 -0.000811001
124.3 0.762559 0.632808 0.49795 0.00308959 0.000622692 -0.000330114
124.32 0.762703 0.632835 0.497961 0.00360239 0.000656561 0.000272779
124.34 0.762848 0.632867 0.497993 0.00362669 0.000813171 0.00078278
124.36 0.762976 0.632901 0.498037 0.003197 0.000846391 0.00110277
124.38 0.76308 0.632926 0.498088 0.00258603 0.000624994 0.00129131
124.4 0.763165 0.632936 0.498147 0.00212312 0.000262083 0.00147486
124.42 0.763245 0.632939 0.498215 0.00199534 5.39798e-05 0.00168262
124.44 0.763332 0.632949 0.498286 0.0021782 0.000256409 0.00177862
124.46 0.763433 0.632984 0.49835 0.00253882 0.000873389 0.0015938
124.48 0.763552 0.633048 0.498395 0.00296867 0.00161689 0.00113969
124.5 0.763689 0.633131 0.498422 0.00341581 0.00206118 0.000672396
124.52 0.763843 0.633207 0.498443 0.00385868 0.00190186 0.000520296
124.54 0.764013 0.633254 0.498476 0.00425291 0.0011766 0.000836156
124.56 0.764192 0.633265 0.498535 0.00447978 0.000274598 0.00146808
124.58 0.764367 0.633252 0.498616 0.00437735 -0.000314463 0.00203524
124.6 0.764522 0.63324 0.498704 0.00385955 -0.00031955 0.00218133
124.62 0.764643 0.633247 0.498777 0.0030319 0.000178455 0.00184243
124.64 0.764731 0.633281 0.49883 0.00221286 0.000858906 0.00132045
124.66 0.764803 0.633336 0.498873 0.00179611 0.00137485 0.00106654
124.68 0.764883 0.633397 0.498925 0.00197952 0.0015264 0.00131296
124.7 0.764986 0.63345 0.498999 0.00258335 0.00132136 0.0018436
124.72 0.765113 0.633486 0.499084 0.00317222 0.000894245 0.00213273
124.74 0.765248 0.633502 0.499155 0.00336945 0.000399302 0.00177108
124.76 0.765372 0.633502 0.499188 0.003102 6.99816e-07 0.000831649
124.78 0.765476 0.633497 0.499183 0.00261572 -0.000127249 -0.000134701
124.8 0.765567 0.633501 0.499164 0.00227266 0.000100399 -0.00048688
124.82 0.765658 0.633524 0.499164 0.00227632 0.000581158 2.11198e-05
124.84 0.76576 0.633567 0.499206 0.00253989 0.00108398 0.001032
124.86 0.765871 0.633625 0.499279 0.00279203 0.00143546 0.00182483
124.88 0.765984 0.63369 0.499352 0.00282434 0.00163738 0.00182357
124.9 0.76609 0.633761 0.499392 0.00264471 0.00178002 0.000995746
124.92 0.766187 0.633837 0.499386 0.00241791 0.00189379 -0.000128569
124.94 0.766279 0.633914 0.499353 0.00229937 0.0019272 -0.000825912
124.96 0.766371 0.633987 0.499326 0.00230326 0.0018207 -0.000679137
124.98 0.766463 0.63405 0.499333 0.00229905 0.00156657 0.000162897
125 0.766549 0.6341 0.499379 0.00215068 0.0012432 0.00115322
125.02 0.766625 0.63414 0.49945 0.00188986 0.00102104 0.00177035
125.04 0.766693 0.634183 0.499523 0.0017219 0.00107536 0.00182992
125.06 0.766767 0.63424 0.499583 0.00183499 0.00141794 0.00149969
125.08 0.766855 0.634313 0.499627 0.00221295 0.00181075 0.00110187
125.1 0.766961 0.634389 0.499661 0.00263888 0.00190615 0.000863844
125.12 0.767075 0.634451 0.499693 0.00285819 0.00154516 0.000788219
125.14 0.767185 0.634489 0.499722 0.002735 0.000962774 0.000730255
125.16 0.767277 0.634515 0.499746 0.00231566 0.000654317 0.000584845
125.18 0.767349 0.634555 0.499762 0.00178624 0.000986461 0.000408474
125.2 0.767404 0.63463 0.499778 0.00136966 0.00188692 0.000390005
125.22 0.767452 0.634744 0.499805 0.0012172 0.00284516 0.000689903
125.24 0.767506 0.634874 0.499856 0.00134614 0.00323826 0.00126961
125.26 0.767572 0.634984 0.499931 0.00165228 0.00275881 0.00186706
125.28 0.767651 0.635049 0.500017 0.00197984 0.00163504 0.00217289
125.3 0.767739 0.63507 0.5001 0.00219007 0.000526634 0.00206772
125.32 0.767828 0.635077 0.500168 0.00222483 0.000154379 0.00169599
125.34 0.767913 0.635111 0.500221 0.00213122 0.000851745 0.00132579
125.36 0.767993 0.635205 0.500267 0.00200143 0.00235137 0.00115336
125.38 0.768069 0.635363 0.500315 0.00188884 0.00396077 0.00120028
125.4 0.768141 0.635562 0.500369 0.00179764 0.00497808 0.00133809
125.42 0.76821 0.635764 0.500424 0.00173085 0.0050553 0.0013914
125.44 0.768278 0.635938 0.500475 0.00170245 0.00433174 0.0012701
125.46 0.768347 0.63607 0.500517 0.00171441 0.00329746 0.00104918
125.48 0.768417 0.636169 0.500554 0.00177098 0.00247584 0.000910223
125.5 0.768493 0.636255 0.500593 0.0018918 0.00214846 0.00098818
125.52 0.768576 0.636347 0.500643 0.00206247 0.00230543 0.00125572
125.54 0.768664 0.636457 0.500705 0.00219678 0.00276411 0.00154322
125.56 0.768751 0.636589 0.500772 0.00219184 0.00329033 0.0016761
125.58 0.768832 0.636736 0.500836 0.00202427 0.00367725 0.00160377
125.6 0.768904 0.636888 0.500893 0.00178766 0.0038052 0.0014078
125.62 0.768969 0.637035 0.50094 0.00163892 0.00365911 0.00119552
125.64 0.769037 0.637165 0.50098 0.00170217 0.00327126 0.000993673
125.66 0.769117 0.637272 0.50101 0.00199718 0.00266206 0.000751923
125.68 0.769215 0.637347 0.501028 0.00243596 0.00188463 0.000447691
125.7 0.76933 0.637392 0.501035 0.00288383 0.00111412 0.000180173
125.72 0.769459 0.637417 0.501041 0.00321696 0.000634357 0.000146116
125.74 0.769592 0.637445 0.501061 0.00333453 0.000694697 0.000500947
125.76 0.769719 0.637499 0.501109 0.00317094 0.00134478 0.00120257
125.78 0.769829 0.637593 0.501188 0.00275819 0.00235667 0.0019601
125.8 0.76992 0.637725 0.501282 0.00227644 0.00329944 0.00236398
125.82 0.769999 0.637874 0.501368 0.0019787 0.00373407 0.00213397
125.84 0.77008 0.638011 0.50142 0.0020194 0.00341004 0.00130921
125.86 0.770175 0.638106 0.501431 0.00235839 0.00239006 0.000262364
125.88 0.770287 0.638149 0.501412 0.00281293 0.00107097 -0.000474905
125.9 0.770414 0.638151 0.501392 0.00317283 4.95961e-05 -0.000498286
125.92 0.770546 0.638145 0.5014 0.00329991 -0.000157991 0.00022006
125.94 0.770674 0.638168 0.501452 0.00320944 0.000573328 0.00130212
125.96 0.770798 0.638242 0.501541 0.00307967 0.001861 0.00220971
125.98 0.770923 0.638363 0.501644 0.00313105 0.00302061 0.0025765
126 0.77106 0.638501 0.501739 0.00343716 0.00345422 0.00238024
126.02 0.771214 0.63862 0.501814 0.00384242 0.00297059 0.00186863
126.04 0.771377 0.638695 0.501868 0.00408798 0.00186774 0.00135287
126.06 0.771539 0.638725 0.501909 0.00403323 0.000743861 0.00101898
126.08 0.77169 0.638731 0.501943 0.00377801 0.000160618 0.000845554
126.1 0.771833 0.638745 0.50197 0.00357276 0.00033724 0.000687181
126.12 0.771977 0.638787 0.501989 0.00360144 0.00105485 0.000461697
126.14 0.772131 0.638861 0.501999 0.00385471 0.00184757 0.000261226
126.16 0.772298 0.638953 0.50201 0.0041792 0.00230563 0.000264111
126.18 0.772475 0.639043 0.502031 0.00442403 0.0022607 0.000540808
126.2 0.772657 0.639115 0.50207 0.00454445 0.00179606 0.000964019
126.22 0.77284 0.639162 0.502121 0.004576 0.00116515 0.00128476
126.24 0.773021 0.639188 0.502173 0.00453273 0.000660081 0.00129536
126.26 0.773196 0.639206 0.502212 0.00436129 0.000453443 0.000968652
126.28 0.773356 0.639227 0.502231 0.00399892 0.000530346 0.000488885
126.3 0.773495 0.639258 0.502237 0.00347084 0.000758934 0.000148024
126.32 0.773612 0.639299 0.502244 0.00293367 0.00102134 0.000167797
126.34 0.773717 0.639349 0.502266 0.00261586 0.00126127 0.000550154
126.36 0.773824 0.639406 0.502308 0.0026816 0.00142303 0.00106214
126.38 0.773948 0.639463 0.502363 0.00309487 0.00142419 0.00137483
126.4 0.774091 0.639513 0.502415 0.00358173 0.0012372 0.00128346
126.42 0.774241 0.639551 0.502449 0.00375136 0.000952954 0.000858516
126.44 0.774375 0.63958 0.502465 0.00335259 0.000721396 0.000408341
126.46 0.774474 0.639606 0.502476 0.00248105 0.00066121 0.000269337
126.48 0.774536 0.639639 0.502499 0.00154531 0.000828253 0.000577161
126.5 0.774577 0.639686 0.502547 0.00101264 0.0011781 0.00118928
126.52 0.774621 0.639747 0.502618 0.00110645 0.00152282 0.00177953
126.54 0.774687 0.639812 0.502699 0.00166235 0.0016128 0.00202348
126.56 0.774777 0.639865 0.50277 0.00225037 0.00132999 0.00177798
126.58 0.774877 0.639897 0.502816 0.00249269 0.000803239 0.00116036
126.6 0.77497 0.639911 0.502836 0.00231467 0.000338615 0.000488762
126.62 0.775047 0.63992 0.50284 0.00192675 0.00022976 9.18516e-05
126.64 0.775111 0.639943 0.502844 0.00160945 0.000594869 0.000103039
126.66 0.775172 0.639995 0.50286 0.00151451 0.00129822 0.000401415
126.68 0.775236 0.640075 0.502889 0.00160246 0.00199047 0.000729591
126.7 0.775305 0.640167 0.502924 0.00172226 0.00229082 0.000886199
126.72 0.775376 0.640248 0.502959 0.00177822 0.00203149 0.00086916
126.74 0.775449 0.640304 0.502994 0.00182876 0.00139755 0.000866481
126.76 0.775529 0.640337 0.503038 0.00199212 0.000829951 0.00110935
126.78 0.775619 0.640366 0.503106 0.00226004 0.000731361 0.00168647
126.8 0.775717 0.640414 0.503203 0.00243826 0.00118988 0.00242913
126.82 0.775808 0.640491 0.503321 0.00229257 0.00192758 0.0029638
126.84 0.775879 0.640591 0.503438 0.00176603 0.00250157 0.00291789
126.86 0.775922 0.640695 0.503525 0.00107775 0.00260022 0.00217654
126.88 0.775946 0.640784 0.503566 0.00060749 0.00223196 0.00101466
126.9 0.775971 0.640851 0.503564 0.000624981 0.00167654 -3.79265e-05
126.92 0.776015 0.640902 0.503544 0.00108146 0.00127416 -0.000518492
126.94 0.776081 0.640952 0.503532 0.00165994 0.00122894 -0.000295959
126.96 0.776162 0.641012 0.503548 0.00202194 0.0015205 0.000400231
126.98 0.776242 0.64109 0.503594 0.0019986 0.00193396 0.00116259
127 0.776307 0.641177 0.50366 0.00163969 0.00219013 0.00164739
127.02 0.776354 0.641262 0.503729 0.00115306 0.0021289 0.00171454
127.04 0.776384 0.641336 0.503786 0.000765853 0.00183157 0.00142136
127.06 0.776408 0.641397 0.503823 0.00059878 0.00154208 0.000930374
127.08 0.776434 0.641454 0.503839 0.000639675 0.00142394 0.000402779
127.1 0.776466 0.641511 0.503837 0.000806222 0.00141453 -4.77478e-05
127.12 0.776507 0.641564 0.503824 0.00102728 0.00132851 -0.0003328
127.14 0.776558 0.641607 0.503808 0.00126963 0.00107623 -0.000382635
127.16 0.776617 0.641639 0.503801 0.00148299 0.000787206 -0.000194854
127.18 0.77668 0.641669 0.503806 0.00156264 0.000751834 0.000126941
127.2 0.776737 0.641717 0.503822 0.00143585 0.00121135 0.000420296
127.22 0.776786 0.641802 0.503845 0.00121183 0.00213278 0.000559466
127.24 0.776833 0.641929 0.503866 0.00117378 0.00315131 0.000519829
127.26 0.776895 0.642079 0.503881 0.00156019 0.00375949 0.000380902
127.28 0.776989 0.642224 0.503892 0.00235469 0.00362776 0.000274541
127.3 0.777119 0.642338 0.503904 0.00325374 0.00284213 0.000307854
127.32 0.777272 0.642413 0.503925 0.00381037 0.00189341 0.000509023
127.34 0.777419 0.642469 0.503957 0.00367498 0.00139598 0.000817807
127.36 0.777532 0.642538 0.504002 0.00284283 0.0017101 0.00112482
127.38 0.777603 0.642647 0.504056 0.00175637 0.00272521 0.0013353
127.4 0.777647 0.642805 0.504112 0.00109738 0.00394995 0.00140497
127.42 0.7777 0.642998 0.504166 0.00134473 0.00482455 0.00134432
127.44 0.777798 0.643199 0.504214 0.00243784 0.00502649 0.00120939
127.46 0.777951 0.643383 0.504258 0.00381742 0.00460492 0.00109136
127.48 0.778143 0.643539 0.504301 0.00481377 0.00390669 0.00108968
127.5 0.778346 0.643674 0.504351 0.0050652 0.00335986 0.00125105
127.52 0.778534 0.643804 0.504412 0.00470646 0.00324896 0.00152875
127.54 0.778703 0.643946 0.504485 0.00423811 0.00356498 0.00180807
127.56 0.778869 0.644107 0.504564 0.0041431 0.00401306 0.00197052
127.58 0.77905 0.644276 0.504642 0.00452629 0.00422194 0.00197023
127.6 0.779253 0.644435 0.504717 0.00505887 0.00399488 0.00186809
127.62 0.779463 0.644571 0.504788 0.00526315 0.00340361 0.00178108
127.64 0.779659 0.644679 0.50486 0.00489851 0.00270009 0.00178967
127.66 0.779826 0.644766 0.504935 0.00416254 0.00216657 0.00186896
127.68 0.779968 0.644846 0.50501 0.00357071 0.00199465 0.00189187
127.7 0.780112 0.644934 0.505079 0.00358283 0.00219361 0.00171142
127.72 0.780281 0.645036 0.50513 0.00422387 0.00256141 0.00127273
127.74 0.780482 0.645148 0.505157 0.00502322 0.00280498 0.000673944
127.76 0.780696 0.645258 0.505161 0.00536192 0.00273166 0.000115801
127.78 0.780893 0.645351 0.505152 0.00492264 0.00233543 -0.000227153
127.8 0.781049 0.645421 0.505141 0.00390576 0.00175144 -0.000287235
127.82 0.781164 0.645468 0.505137 0.00286763 0.00117211 -9.19704e-05
127.84 0.781257 0.645499 0.505148 0.00233057 0.000769639 0.000275248
127.86 0.781356 0.645524 0.505175 0.00246691 0.000622992 0.000664507
127.88 0.781477 0.645551 0.505209 0.00303344 0.000689887 0.000848264
127.9 0.78162 0.645585 0.505234 0.00357275 0.00085373 0.000627302
127.92 0.781769 0.645626 0.505234 0.0037301 0.00101013 2.7346e-06
127.94 0.781908 0.64567 0.505204 0.00347796 0.00110861 -0.000754296
127.96 0.782032 0.645715 0.505154 0.00309682 0.00113296 -0.00122815
127.98 0.782149 0.645759 0.505111 0.0029266 0.00108557 -0.001099
128 0.782273 0.645798 0.505097 0.00308236 0.000989366 -0.000346789
128.02 0.782407 0.645834 0.505125 0.00336578 0.000891558 0.000705595
128.04 0.782545 0.645868 0.505187 0.0034485 0.000853685 0.00155904
128.06 0.782671 0.645905 0.50526 0.00315697 0.000912634 0.00182882
128.08 0.782776 0.645946 0.50532 0.00261907 0.00103211 0.00147768
128.1 0.782864 0.645991 0.505353 0.00218247 0.00111309 0.000837943
128.12 0.78295 0.646034 0.505369 0.00216576 0.00107817 0.000399908
128.14 0.783054 0.646071 0.505389 0.00260028 0.000932743 0.000505696
128.16 0.783181 0.646101 0.505435 0.00317912 0.00075684 0.0011466
128.18 0.78332 0.646128 0.505514 0.0034724 0.000662801 0.00198375
128.2 0.78345 0.646157 0.505617 0.00324044 0.000739983 0.00255267
128.22 0.783554 0.646197 0.505717 0.00259703 0.000996569 0.00252116
128.24 0.78363 0.646251 0.505792 0.00191114 0.00133364 0.0018542
128.26 0.783691 0.646315 0.505825 0.00152459 0.00160172 0.000823857
128.28 0.783751 0.646382 0.50582 0.00150751 0.00168973 -0.00011827
128.3 0.783818 0.646446 0.505797 0.00166144 0.00158173 -0.000557786
128.32 0.783887 0.6465 0.505785 0.00171521 0.00134999 -0.000315094
128.34 0.783947 0.646543 0.505805 0.00151782 0.00109605 0.000490368
128.36 0.783992 0.646579 0.505866 0.00111582 0.000889526 0.00153438
128.38 0.784019 0.646609 0.505965 0.000683147 0.00074424 0.00246676
128.4 0.784035 0.646633 0.506086 0.000384372 0.000617785 0.00304549
128.42 0.784046 0.646651 0.506213 0.000275206 0.000449192 0.00316496
128.44 0.784058 0.646661 0.506326 0.000309461 0.000242307 0.00282357
128.46 0.784075 0.646665 0.50641 0.000421663 0.000107825 0.00210053
128.48 0.784098 0.646672 0.506456 0.00057374 0.000172745 0.0011504
128.5 0.784127 0.646691 0.506464 0.000734566 0.000475821 0.000203598
128.52 0.784161 0.646729 0.506445 0.00085181 0.000942103 -0.000471013
128.54 0.784196 0.646785 0.506418 0.000864438 0.00140127 -0.000673494
128.56 0.784227 0.646851 0.506404 0.000770411 0.0016399 -0.000369403
128.58 0.784253 0.646911 0.506415 0.00065774 0.00151742 0.000292256
128.6 0.784279 0.646955 0.506456 0.000648611 0.00107805 0.00102729
128.62 0.784312 0.646976 0.506517 0.000830566 0.000536376 0.00151753
128.64 0.78436 0.646982 0.506579 0.00120977 0.000145782 0.00155833
128.66 0.784428 0.646986 0.506626 0.0016833 9.41005e-05 0.00117654
128.68 0.784511 0.647005 0.506651 0.00206996 0.000481918 0.000626872
128.7 0.784599 0.647057 0.506661 0.00221357 0.00129847 0.000245848
128.72 0.784683 0.647152 0.50667 0.00208392 0.00237435 0.000229154
128.74 0.784754 0.647289 0.50669 0.00179 0.00341921 0.000490465
128.76 0.784815 0.647454 0.506719 0.00151924 0.00414305 0.000727133
128.78 0.784873 0.647629 0.506745 0.00145436 0.00436982 0.000645996
128.8 0.78494 0.647793 0.506753 0.00167561 0.00409429 0.000189364
128.82 0.785023 0.647932 0.506736 0.00208212 0.00347657 -0.000412718
128.84 0.785121 0.648043 0.506704 0.00243806 0.00277933 -0.000799888
128.86 0.785223 0.648134 0.506675 0.0025574 0.00226623 -0.000720825
128.88 0.785321 0.648218 0.506668 0.00244108 0.00211888 -0.000173096
128.9 0.78541 0.648314 0.506694 0.00223002 0.00239857 0.000648005
128.92 0.785493 0.648435 0.506754 0.00207038 0.00301888 0.00149595
128.94 0.785574 0.648585 0.50684 0.00203774 0.00374549 0.0021534
128.96 0.78566 0.648756 0.506938 0.0021319 0.00428126 0.0024414
128.98 0.785751 0.648933 0.507027 0.0022775 0.00441283 0.00223833
129 0.785845 0.649097 0.507088 0.00234619 0.00410263 0.00152549
129.02 0.785935 0.649236 0.507107 0.00225872 0.00348562 0.000456446
129.04 0.786018 0.649349 0.507083 0.00208016 0.00281122 -0.000604895
129.06 0.786097 0.649442 0.507035 0.00198037 0.00232745 -0.00119266
129.08 0.786181 0.649528 0.506995 0.00210052 0.00214811 -0.00100075
129.1 0.78628 0.649616 0.506991 0.00245694 0.00220672 -9.39504e-05
129.12 0.786396 0.649709 0.507036 0.0029161 0.00232047 0.00112152
129.14 0.786526 0.649801 0.507121 0.00324285 0.00231167 0.0021384
129.16 0.786656 0.649886 0.507226 0.00324304 0.00211998 0.00260539
129.18 0.786772 0.649959 0.507324 0.00291851 0.00181585 0.00244833
129.2 0.786872 0.650019 0.507397 0.00248705 0.00151263 0.0018458
129.22 0.786962 0.650071 0.507442 0.00224626 0.00128839 0.00110793
129.24 0.787057 0.650118 0.507462 0.00238305 0.00118173 0.000519643
129.26 0.787171 0.650166 0.507472 0.00285419 0.0012086 0.000231638
129.28 0.787308 0.65022 0.507482 0.00342616 0.00133277 0.000252833
129.3 0.787462 0.650277 0.507502 0.00383883 0.00144535 0.000502915
129.32 0.78762 0.650334 0.507537 0.00394478 0.00142333 0.000866106
129.34 0.78777 0.650383 0.507586 0.00374654 0.00122485 0.00123531
129.36 0.787905 0.650421 0.507647 0.00337715 0.000933507 0.00152419
129.38 0.788026 0.650449 0.507713 0.00303887 0.000715926 0.00165491
129.4 0.788142 0.650479 0.507776 0.00290349 0.000743061 0.0015719
129.42 0.788263 0.650523 0.507828 0.00302054 0.00109996 0.00128623
129.44 0.788395 0.650591 0.507864 0.00329404 0.00169598 0.000904748
129.46 0.788537 0.650682 0.507887 0.00356131 0.00226759 0.000589004
129.48 0.788685 0.650783 0.507905 0.0037003 0.00252539 0.000454291
129.5 0.788833 0.650877 0.507925 0.00369316 0.00234557 0.000493506
129.52 0.788978 0.65095 0.50795 0.00363028 0.00183658 0.00061675
129.54 0.789123 0.651 0.507979 0.00362837 0.00124715 0.00074029
129.56 0.789272 0.651033 0.508012 0.00371996 0.000836364 0.0008147
129.58 0.789425 0.651065 0.508045 0.00381732 0.000786131 0.000814075
129.6 0.789576 0.65111 0.508074 0.0037829 0.00113406 0.000724684
129.62 0.789719 0.651179 0.508095 0.00356792 0.00173212 0.000538059
129.64 0.789851 0.651272 0.508107 0.00330534 0.00230634 0.000296425
129.66 0.78998 0.651376 0.508113 0.00322979 0.00261419 0.00014746
129.68 0.79012 0.651479 0.508124 0.00348152 0.00256343 0.000270711
129.7 0.790278 0.651567 0.508151 0.00397075 0.00221425 0.000681504
129.72 0.790455 0.651636 0.508196 0.00440663 0.00171711 0.00113303
129.74 0.790633 0.651686 0.508247 0.00446422 0.00125075 0.00126765
129.76 0.790793 0.651725 0.508283 0.00400054 0.000986188 0.000908669
129.78 0.790921 0.651767 0.508293 0.00317968 0.00104559 0.000235739
129.8 0.791016 0.651825 0.50828 0.0023849 0.00143122 -0.000317645
129.82 0.791096 0.651904 0.508266 0.00199453 0.00198008 -0.000357884
129.84 0.791183 0.652001 0.508273 0.00218761 0.00242632 0.000192391
129.86 0.791297 0.652103 0.508315 0.0028494 0.00255271 0.0010457
129.88 0.791442 0.652196 0.508386 0.00361497 0.00231624 0.00176317
129.9 0.791604 0.65227 0.508467 0.00405522 0.00185378 0.00204083
129.92 0.79176 0.652325 0.508541 0.00390544 0.00137993 0.00185001
129.94 0.791887 0.652368 0.508596 0.00317062 0.0010662 0.00137031
129.96 0.79197 0.652407 0.50863 0.00208228 0.000985708 0.000843659
129.98 0.79201 0.652452 0.508649 0.00100152 0.00112241 0.000466154
130 0.792023 0.652507 0.508662 0.000310191 0.00137781 0.000339656
130.02 0.792033 0.652571 0.508681 0.000265574 0.00159253 0.000461832
130.04 0.792068 0.652636 0.508711 0.000866468 0.00163274 0.000747923
130.06 0.792142 0.652695 0.508754 0.00184143 0.00148406 0.00108465
130.08 0.792253 0.652745 0.508809 0.00277216 0.00124627 0.00137956
130.1 0.792383 0.652787 0.508872 0.00325881 0.00104117 0.00157567
130.12 0.792506 0.652825 0.508938 0.00307063 0.000948259 0.00163624
130.14 0.792596 0.652865 0.508999 0.00226414 0.000993613 0.00152842
130.16 0.792644 0.65291 0.509048 0.00119222 0.00114174 0.00123868
130.18 0.792657 0.652963 0.509081 0.000327169 0.00131042 0.00081226
130.2 0.792657 0.653019 0.509096 -1.10459e-05 0.00141067 0.000368385
130.22 0.792664 0.653074 0.509098 0.000192743 0.00137578 5.62003e-05
130.24 0.792692 0.653122 0.509097 0.000695654 0.00120082 -1.8802e-05
130.26 0.792739 0.653162 0.509104 0.00116375 0.000989098 0.000162415
130.28 0.792793 0.653199 0.509124 0.00135496 0.00092321 0.000510171
130.3 0.792842 0.653244 0.509158 0.00123251 0.00114128 0.000841141
130.32 0.79288 0.653309 0.509196 0.000931278 0.00161552 0.000969696
130.34 0.792905 0.653394 0.509229 0.000629823 0.00212896 0.000820148
130.36 0.792923 0.653489 0.509248 0.000464635 0.00237454 0.000467645
130.38 0.792944 0.653575 0.509252 0.000527033 0.00214431 0.000101421
130.4 0.792979 0.653634 0.50925 0.000865095 0.00147408 -4.47154e-05
130.42 0.793036 0.653659 0.509258 0.00142127 0.000625126 0.000204655
130.44 0.793115 0.653657 0.509292 0.00197995 -5.39321e-05 0.000831256
130.46 0.793205 0.653645 0.509354 0.00224287 -0.000293071 0.00154767
130.48 0.793286 0.653644 0.509431 0.00202554 -2.76317e-05 0.00192404
130.5 0.793342 0.653667 0.509497 0.0014138 0.000587642 0.00166769
130.52 0.793373 0.653719 0.509531 0.00075476 0.00130376 0.000844693
130.54 0.793392 0.653797 0.509526 0.000486308 0.00194233 -0.000121022
130.56 0.793427 0.653895 0.509499 0.000876042 0.00244444 -0.000666745
130.58 0.7935 0.654006 0.509483 0.00181851 0.00277486 -0.000417822
130.6 0.793615 0.65412 0.509505 0.00287104 0.00284417 0.000543191
130.62 0.793756 0.654223 0.509572 0.00353266 0.00257527 0.00168038
130.64 0.793897 0.654304 0.509666 0.00353897 0.00202545 0.00235126
130.66 0.794016 0.65436 0.509756 0.00296857 0.00140238 0.00224446
130.68 0.794103 0.654399 0.509818 0.00216562 0.000969301 0.00156198
130.7 0.794165 0.654436 0.509851 0.00156426 0.000935938 0.000828079
130.72 0.794224 0.654491 0.509872 0.00146478 0.00136312 0.000510057
130.74 0.794298 0.654575 0.509902 0.00185741 0.00210813 0.00075261
130.76 0.794396 0.65469 0.509956 0.00244451 0.00288091 0.00135802
130.78 0.794511 0.654827 0.510033 0.0028643 0.00341098 0.00193568
130.8 0.794627 0.65497 0.510118 0.00291411 0.00357794 0.0021103
130.82 0.794732 0.655106 0.510187 0.00262668 0.00339642 0.00172389
130.84 0.794821 0.655224 0.510224 0.00222424 0.00296302 0.000933255
130.86 0.794901 0.655322 0.510228 0.00199636 0.00244406 0.000106272
130.88 0.794986 0.655403 0.510212 0.0021354 0.00203152 -0.000398619
130.9 0.795091 0.655478 0.510196 0.00260509 0.00186447 -0.000406483
130.92 0.795217 0.655557 0.510197 0.00315305 0.00199016 2.3873e-05
130.94 0.795356 0.655652 0.510223 0.00348523 0.00237279 0.000650607
130.96 0.795494 0.655768 0.51027 0.00345042 0.00290609 0.00116591
130.98 0.795618 0.655905 0.510324 0.00309416 0.00340769 0.00135136
131 0.795722 0.656051 0.510371 0.00260848 0.00365065 0.00118226
131.02 0.795812 0.65619 0.510403 0.00222921 0.00348645 0.000801785
131.04 0.795897 0.656309 0.51042 0.00213768 0.00297659 0.000413546
131.06 0.795994 0.656405 0.510427 0.00241413 0.00240324 0.000187205
131.08 0.796114 0.65649 0.510435 0.00300455 0.00210566 0.000193701
131.1 0.796261 0.656578 0.51045 0.00368912 0.00222207 0.000364368
131.12 0.796427 0.656681 0.510471 0.00414776 0.0025602 0.000532903
131.14 0.796593 0.65679 0.510493 0.00415453 0.00273953 0.000565504
131.16 0.796744 0.65689 0.510512 0.0037519 0.00249953 0.00045763
131.18 0.796873 0.656967 0.510525 0.00322984 0.00191709 0.000328743
131.2 0.796989 0.657021 0.510538 0.00290965 0.00135132 0.000336262
131.22 0.797107 0.657068 0.51056 0.00293568 0.00117548 0.000551643
131.24 0.797235 0.657129 0.510596 0.00321619 0.00150886 0.000876664
131.26 0.797374 0.657213 0.51064 0.00347897 0.00212269 0.0011013
131.28 0.797512 0.657316 0.510683 0.00344485 0.00257265 0.0010842
131.3 0.797634 0.657416 0.510718 0.00305904 0.00248997 0.000886547
131.32 0.797737 0.65749 0.510747 0.00256583 0.00185021 0.000723542
131.34 0.79783 0.65753 0.510778 0.00233046 0.00100822 0.000766006
131.36 0.797933 0.657549 0.510817 0.00256568 0.00046772 0.000981228
131.38 0.798059 0.657571 0.510864 0.00315547 0.000544545 0.00116136
131.4 0.798207 0.657617 0.510908 0.00368426 0.00115842 0.00109993
131.42 0.798355 0.657693 0.510938 0.00370748 0.00190243 0.000760293
131.44 0.798479 0.657786 0.510951 0.00310412 0.00231046 0.000321804
131.46 0.798567 0.657871 0.510955 0.00220731 0.00213437 9.3317e-05
131.48 0.79863 0.65793 0.510967 0.00157805 0.00147107 0.000319462
131.5 0.798695 0.657957 0.511007 0.00162071 0.000679715 0.000977784
131.52 0.798789 0.657963 0.511077 0.00234431 0.000142915 0.00175117
131.54 0.798924 0.657964 0.511165 0.00337509 2.73848e-05 0.00221737
131.56 0.79909 0.657973 0.51125 0.00416152 0.000222935 0.00211258
131.58 0.799262 0.657992 0.51131 0.00429298 0.000476058 0.0014953
131.6 0.799413 0.658016 0.511338 0.00376933 0.000594055 0.000701299
131.62 0.799532 0.658039 0.511343 0.00298172 0.000575181 0.000137144
131.64 0.799628 0.658062 0.511345 0.0023955 0.000588128 5.51171e-05
131.66 0.799718 0.658095 0.511363 0.00224186 0.000820874 0.000436159
131.68 0.799816 0.658147 0.511403 0.00246614 0.00129539 0.00101615
131.7 0.799931 0.658219 0.511461 0.00287384 0.00180795 0.00144516
131.72 0.800062 0.658301 0.511521 0.0032596 0.002055 0.00150549
131.74 0.8002 0.658375 0.511571 0.00345469 0.00184817 0.0012256
131.76 0.800334 0.658425 0.511603 0.00334506 0.00125029 0.000804187
131.78 0.800449 0.658447 0.51162 0.00289158 0.000546335 0.000439151
131.8 0.800536 0.65845 0.511629 0.00216105 6.11451e-05 0.000216169
131.82 0.80059 0.658449 0.511634 0.00134512 -2.58565e-05 0.000118253
131.84 0.800618 0.658458 0.511637 0.000702779 0.000247219 9.55243e-05
131.86 0.800635 0.658487 0.511642 0.00042006 0.000704791 0.000119359
131.88 0.800654 0.658534 0.51165 0.000496555 0.0011847 0.000196493
131.9 0.800684 0.658599 0.511663 0.000751848 0.00161546 0.000331251
131.92 0.800722 0.658677 0.511683 0.000948047 0.00196377 0.000488324
131.94 0.80076 0.658763 0.511707 0.000934853 0.00215555 0.000604311
131.96 0.800789 0.658847 0.511732 0.000726544 0.00208249 0.000633878
131.98 0.800807 0.658914 0.511756 0.000460055 0.00169067 0.000599474
132 0.800818 0.658957 0.51178 0.000268084 0.00107107 0.000600053
132.02 0.800825 0.658976 0.51181 0.00018109 0.000463296 0.000741737
132.04 0.800832 0.658982 0.511851 0.000162336 0.000161077 0.00103406
132.06 0.800841 0.658997 0.511906 0.00023056 0.000374157 0.00135582
132.08 0.800861 0.659041 0.511967 0.000492862 0.00109243 0.00152207
132.1 0.800901 0.659122 0.512022 0.00100633 0.002032 0.0013975
132.12 0.800966 0.659232 0.512061 0.00162263 0.00274686 0.000971639
132.14 0.801046 0.659347 0.512076 0.00201428 0.00288787 0.00036443
132.16 0.801122 0.659444 0.512067 0.00187929 0.0024258 -0.000231383
132.18 0.801169 0.659511 0.512041 0.00117994 0.00165691 -0.000629672
132.2 0.801179 0.659551 0.512013 0.000244334 0.00100369 -0.000714711
132.22 0.801164 0.659582 0.511994 -0.000367572 0.000778848 -0.000472216
132.24 0.801157 0.659624 0.511995 -0.000180826 0.00104457 2.15493e-05
132.26 0.801192 0.659688 0.512021 0.000885267 0.00161528 0.000645581
132.28 0.801289 0.659776 0.512071 0.00241723 0.00219187 0.00126572
132.3 0.801437 0.659878 0.512141 0.003696 0.00255799 0.00174491
132.32 0.801601 0.659986 0.51222 0.00411237 0.00270118 0.00197039
132.34 0.801743 0.660096 0.512295 0.00355979 0.00274269 0.00188879
132.36 0.801844 0.660207 0.512356 0.00252118 0.00277771 0.00152009
132.38 0.801915 0.66032 0.512395 0.00175949 0.00281908 0.000959736
132.4 0.801988 0.660435 0.51241 0.00183112 0.00286173 0.000383373
132.42 0.802098 0.660551 0.512411 0.00274179 0.00290846 2.22368e-05
132.44 0.802256 0.660668 0.512414 0.00395616 0.0029216 8.23142e-05
132.46 0.802447 0.660782 0.512438 0.00477224 0.00284425 0.000607449
132.48 0.802639 0.660889 0.512494 0.00480266 0.00268114 0.00139064
132.5 0.802808 0.660989 0.512577 0.0042245 0.00251827 0.00206128
132.52 0.802952 0.661089 0.512669 0.00361683 0.00248568 0.00231033
132.54 0.803093 0.661197 0.512752 0.00350385 0.0027005 0.00206724
132.56 0.803252 0.661324 0.512811 0.00397441 0.00318008 0.00149012
132.58 0.803438 0.661474 0.512845 0.00466012 0.00374897 0.00083413
132.6 0.80364 0.661637 0.512858 0.00503801 0.00407985 0.000343262
132.62 0.803832 0.661794 0.512866 0.00481269 0.00391357 0.000196442
132.64 0.803997 0.661925 0.512884 0.00411658 0.0032746 0.000447439
132.66 0.804133 0.662023 0.512923 0.00339666 0.00245672 0.000976872
132.68 0.804255 0.662096 0.512985 0.00306938 0.00182441 0.0015341
132.7 0.804384 0.662161 0.513059 0.00322864 0.00163457 0.0018612
132.72 0.80453 0.662239 0.513132 0.00362935 0.00193994 0.00181711
132.74 0.804685 0.662341 0.513189 0.00388138 0.00254427 0.00142185
132.76 0.804832 0.662463 0.513221 0.0036876 0.00306401 0.000807273
132.78 0.804954 0.662589 0.513227 0.00303446 0.00314228 0.000147104
132.8 0.805043 0.662696 0.513211 0.00222539 0.00266346 -0.000391932
132.82 0.80511 0.662768 0.513184 0.00168455 0.00180766 -0.000678157
132.84 0.805176 0.662806 0.513158 0.00165004 0.000942961 -0.00063965
132.86 0.805257 0.662823 0.513146 0.00200934 0.000446777 -0.000297634
132.88 0.805353 0.662844 0.513155 0.00240737 0.000515166 0.000216255
132.9 0.805453 0.662886 0.513183 0.00250549 0.00103687 0.00068715
132.92 0.80554 0.662952 0.513218 0.00218574 0.0016589 0.000897612
132.94 0.805606 0.663033 0.513248 0.00162778 0.00203514 0.00074127
132.96 0.805655 0.663115 0.51326 0.00123849 0.00204372 0.000307762
132.98 0.805711 0.663187 0.513255 0.00140424 0.00178673 -0.000139717
133 0.805799 0.663244 0.513242 0.00219897 0.0014478 -0.000312418
133.02 0.805931 0.663292 0.51324 0.00329564 0.0011809 -6.38219e-05
133.04 0.806098 0.663334 0.513262 0.0041659 0.00105597 0.000550437
133.06 0.806274 0.663376 0.513314 0.00441166 0.00105204 0.00131388
133.08 0.806434 0.663421 0.513391 0.00399298 0.0011215 0.00191891
133.1 0.806563 0.663471 0.513474 0.00322007 0.00124126 0.00207323
133.12 0.806664 0.663526 0.51354 0.00252521 0.00139129 0.00164909
133.14 0.806751 0.663587 0.513571 0.00219086 0.00151924 0.000767717
133.16 0.806841 0.663649 0.51356 0.00222878 0.00155282 -0.000255788
133.18 0.806938 0.663707 0.513518 0.00244909 0.00145033 -0.00105513
133.2 0.807044 0.663757 0.513465 0.00264737 0.00124283 -0.0013332
133.22 0.807155 0.663797 0.513427 0.00276135 0.00101633 -0.00094716
133.24 0.80727 0.663832 0.513428 0.00286884 0.000852456 2.93513e-05
133.26 0.80739 0.663863 0.513481 0.00301636 0.000790651 0.00131805
133.28 0.807514 0.663896 0.513582 0.00308673 0.000827197 0.002536
133.3 0.807629 0.663934 0.513716 0.00287889 0.000936717 0.00333622
133.32 0.807721 0.663977 0.513857 0.0023071 0.00108777 0.00353156
133.34 0.807782 0.664027 0.513984 0.00152063 0.00124761 0.0031644
133.36 0.807815 0.664083 0.514083 0.000830124 0.00138683 0.00247469
133.38 0.807836 0.664142 0.514153 0.00051071 0.00148758 0.00176126
133.4 0.807862 0.664205 0.514202 0.000650201 0.00156737 0.00121934
133.42 0.807907 0.664272 0.514237 0.00112583 0.00168153 0.000874474
133.44 0.807974 0.664347 0.514263 0.00168765 0.00186926 0.000666159
133.46 0.808057 0.66443 0.514286 0.00207971 0.00207997 0.000573527
133.48 0.808143 0.664516 0.514312 0.00215094 0.00214888 0.000636436
133.5 0.80822 0.664591 0.514347 0.00191155 0.00187968 0.000866102
133.52 0.80828 0.664639 0.514393 0.00150674 0.00120554 0.00117287
133.54 0.808325 0.664652 0.51445 0.00112367 0.000305202 0.00140915
133.56 0.808361 0.664635 0.51451 0.000890337 -0.000425901 0.00150277
133.58 0.808393 0.664612 0.514571 0.000820337 -0.000565138 0.00152397
133.6 0.808427 0.664615 0.514635 0.000831072 7.66032e-05 0.00159257
133.62 0.808459 0.664666 0.514704 0.000817048 0.00127348 0.00172863
133.64 0.808489 0.664764 0.514776 0.000745368 0.0024385 0.00179868
133.66 0.808517 0.664881 0.51484 0.000693466 0.00294512 0.00159718
133.68 0.808548 0.664982 0.514879 0.000774157 0.00251895 0.000996084
133.7 0.808589 0.665039 0.514882 0.00102706 0.00142832 6.10481e-05
133.72 0.808644 0.665052 0.514844 0.00137674 0.000324472 -0.000942379
133.74 0.808712 0.665045 0.514778 0.00168802 -0.00018744 -0.001661
133.76 0.808785 0.665047 0.514703 0.00184598 5.304e-05 -0.00185565
133.78 0.808857 0.665076 0.514641 0.00179314 0.000719081 -0.00155786
133.8 0.808919 0.665128 0.5146 0.00155645 0.00130879 -0.00102645
133.82 0.80897 0.665188 0.514579 0.00127282 0.00150465 -0.000537382
133.84 0.809016 0.665242 0.51457 0.00114716 0.00133878 -0.000208377
133.86 0.809069 0.665287 0.514571 0.00131701 0.00112296 7.60844e-06
133.88 0.809138 0.665334 0.514578 0.00172669 0.00118678 0.00019015
133.9 0.809224 0.665398 0.514591 0.00214987 0.0015917 0.000323351
133.92 0.809318 0.665481 0.514602 0.00236261 0.00207869 0.000276046
133.94 0.809411 0.665574 0.514599 0.002321 0.00231722 -8.46928e-05
133.96 0.809499 0.665662 0.51457 0.0021922 0.00221122 -0.000725214
133.98 0.809588 0.665741 0.514514 0.00222819 0.00197426 -0.00138725
134 0.809691 0.665819 0.514446 0.00257758 0.00193981 -0.00171656
134.02 0.809818 0.66591 0.514386 0.00316986 0.00229205 -0.00148658
134.04 0.809969 0.666027 0.514357 0.00377151 0.00291099 -0.000737214
134.06 0.810136 0.666165 0.514368 0.00416709 0.00344911 0.000276036
134.08 0.810308 0.666309 0.514418 0.00431227 0.00359841 0.00125696
134.1 0.810482 0.666441 0.514499 0.00433893 0.00331087 0.00202391
134.12 0.810659 0.666553 0.514601 0.0044247 0.00280052 0.00254019
134.14 0.810844 0.666648 0.514714 0.00462928 0.00237937 0.00282805
134.16 0.811037 0.666739 0.514829 0.00482121 0.00226241 0.00288997
134.18 0.811227 0.666837 0.514938 0.00476413 0.00246077 0.00270626
134.2 0.8114 0.666949 0.515029 0.00431272 0.00280702 0.00229488
134.22 0.811543 0.667073 0.5151 0.00358521 0.00308473 0.00177308
134.24 0.811662 0.6672 0.515154 0.00296366 0.00316872 0.00133631
134.26 0.811776 0.667323 0.5152 0.00286964 0.00308999 0.00115386
134.28 0.811914 0.667443 0.51525 0.00343687 0.00298634 0.00126486
134.3 0.812089 0.667562 0.515312 0.00436636 0.0029786 0.00155022
134.32 0.812293 0.667685 0.515384 0.00511739 0.00307116 0.00179119
134.34 0.812504 0.667811 0.515456 0.00526088 0.00316006 0.00180307
134.36 0.812692 0.667936 0.515519 0.00471746 0.00313093 0.0015623
134.38 0.812843 0.668054 0.515567 0.00375632 0.00295091 0.00121666
134.4 0.812955 0.668162 0.515606 0.00280784 0.0026935 0.000965864
134.42 0.813043 0.668261 0.515643 0.0022129 0.00246489 0.000914473
134.44 0.813127 0.668352 0.515684 0.00207744 0.00228462 0.00102732
134.46 0.813219 0.668435 0.515732 0.00230472 0.00206432 0.00120516
134.48 0.813328 0.668504 0.515787 0.00272153 0.00173876 0.00137937
134.5 0.813454 0.66856 0.515848 0.00317149 0.00140004 0.00152959
134.52 0.813596 0.66861 0.515913 0.00353132 0.00124655 0.00162988
134.54 0.813743 0.668666 0.515978 0.00369257 0.00139774 0.00161033
134.56 0.813886 0.668737 0.516033 0.00355691 0.00177396 0.00138142
134.58 0.814009 0.668822 0.516069 0.00308161 0.00211825 0.000904802
134.6 0.814104 0.668907 0.51608 0.0023789 0.00214509 0.000277498
134.62 0.814174 0.668978 0.51607 0.00173554 0.00175364 -0.000269848
134.64 0.814232 0.669024 0.516048 0.0014718 0.00114996 -0.000535396
134.66 0.814301 0.669052 0.516027 0.00172571 0.000714145 -0.000530166
134.68 0.814395 0.66908 0.516008 0.00233141 0.000703035 -0.00046815
134.7 0.814511 0.669123 0.515986 0.00289834 0.00107223 -0.000561085
134.72 0.814632 0.669185 0.515953 0.00304363 0.00154504 -0.000820705
134.74 0.814738 0.669258 0.515912 0.0026455 0.00181728 -0.0010364
134.76 0.814816 0.669327 0.515874 0.00194394 0.00173659 -0.000932882
134.78 0.814872 0.669382 0.515858 0.00139704 0.00136716 -0.000398804
134.8 0.814927 0.669418 0.515874 0.00138265 0.000915003 0.000385956
134.82 0.815006 0.669442 0.515916 0.00195958 0.000590283 0.00104447
134.84 0.815119 0.669462 0.515966 0.00282425 0.00050723 0.00125291
134.86 0.815258 0.669489 0.516004 0.00348545 0.000663874 0.000949947
134.88 0.815401 0.669528 0.516018 0.00356494 0.000987583 0.000360786
134.9 0.815522 0.669585 0.516011 0.00304155 0.00140682 -0.000174783
134.92 0.815612 0.669659 0.515993 0.00225487 0.00186395 -0.000439234
134.94 0.815679 0.66975 0.515976 0.00167336 0.00226445 -0.000432639
134.96 0.815743 0.669848 0.515966 0.00159142 0.00246349 -0.000255582
134.98 0.815821 0.669942 0.515968 0.00193876 0.0023512 5.6813e-05
135 0.815915 0.670021 0.515991 0.00235209 0.00196958 0.00057167
135.02 0.816013 0.670082 0.516045 0.00247152 0.00151716 0.00134933
135.04 0.816102 0.670131 0.516137 0.00222286 0.00122838 0.00229531
135.06 0.816176 0.67018 0.516261 0.00183266 0.00121831 0.00311167
135.08 0.816239 0.670236 0.516399 0.00158633 0.00140258 0.00343348
135.1 0.816303 0.670298 0.516521 0.00158993 0.0015443 0.00306563
135.12 0.816371 0.670354 0.516607 0.00170959 0.00141815 0.00213506
135.14 0.816439 0.670395 0.516649 0.00169937 0.00101356 0.00105655
135.16 0.816496 0.670418 0.516662 0.00141294 0.000587924 0.00033392
135.18 0.816533 0.670437 0.516674 0.000934538 0.000478441 0.000287871
135.2 0.816554 0.670471 0.516709 0.000528507 0.000838389 0.000870856
135.22 0.816571 0.670532 0.516777 0.000422636 0.00153349 0.00170039
135.24 0.816594 0.670621 0.516868 0.00058413 0.00221765 0.00228693
135.26 0.816623 0.670721 0.51696 0.000719579 0.00249115 0.00230717
135.28 0.816643 0.670805 0.517031 0.000503838 0.00210573 0.00176639
135.3 0.816638 0.670851 0.51707 -0.000123252 0.00114376 0.000971041
135.32 0.816605 0.670852 0.517083 -0.000827752 2.43642e-05 0.000320782
135.34 0.816561 0.670824 0.517085 -0.00110593 -0.000700782 4.83087e-05
135.36 0.816533 0.670798 0.517089 -0.000712687 -0.000636476 0.00011375
135.38 0.816538 0.670807 0.517101 0.000131725 0.000233454 0.000304681
135.4 0.816575 0.670867 0.517117 0.00092866 0.00147802 0.000390259
135.42 0.816626 0.670962 0.517126 0.00126343 0.00239547 0.000224572
135.44 0.816668 0.67106 0.517118 0.00106005 0.0024379 -0.000198609
135.46 0.816692 0.671124 0.517089 0.000608418 0.00160724 -0.000731036
135.48 0.816707 0.671143 0.517043 0.000366303 0.000461445 -0.00113958
135.5 0.816733 0.671132 0.516994 0.000652913 -0.000271115 -0.00123167
135.52 0.81679 0.671127 0.516957 0.00143047 -0.000129865 -0.000933162
135.54 0.816883 0.671161 0.516945 0.00233126 0.000863409 -0.000289424
135.56 0.817001 0.671251 0.516968 0.00293421 0.00224744 0.000563853
135.58 0.817124 0.671386 0.517025 0.00308229 0.00338115 0.00142609
135.6 0.817242 0.671539 0.517107 0.00295858 0.00380418 0.0020566
135.62 0.817357 0.671678 0.517196 0.00285301 0.00347508 0.00223279
135.64 0.817472 0.671787 0.517271 0.00288018 0.00272624 0.00185802
135.66 0.81759 0.671867 0.517312 0.00294312 0.00200574 0.00104294
135.68 0.817707 0.671932 0.517316 0.00294456 0.00163113 8.39201e-05
135.7 0.817826 0.672001 0.517289 0.00296773 0.00171226 -0.000666388
135.72 0.817954 0.672088 0.51725 0.00320749 0.00219884 -0.000966199
135.74 0.818104 0.672206 0.517219 0.00375332 0.00293511 -0.00079181
135.76 0.818282 0.672354 0.517205 0.00444746 0.00369599 -0.000333957
135.78 0.81848 0.672523 0.51721 0.00493275 0.00423788 0.000113843
135.8 0.818675 0.672698 0.517223 0.00489116 0.00435901 0.000323775
135.82 0.818848 0.672856 0.517234 0.00430518 0.00396315 0.000276427
135.84 0.818988 0.672981 0.517241 0.0035227 0.00312923 0.000169614
135.86 0.819111 0.673068 0.517252 0.00306023 0.00215537 0.000275417
135.88 0.819241 0.673126 0.517281 0.00325845 0.00146218 0.000740989
135.9 0.819403 0.67318 0.51734 0.00404569 0.00135546 0.00145911
135.92 0.819602 0.673254 0.517424 0.00497989 0.00183348 0.00210245
135.94 0.819824 0.673357 0.517517 0.00554476 0.00258255 0.00231796
135.96 0.820043 0.673483 0.517594 0.00548253 0.00315545 0.00194452
135.98 0.82024 0.673612 0.517639 0.0049132 0.00322564 0.00110713
136 0.820408 0.673723 0.517645 0.00420373 0.00277995 0.000154611
136.02 0.820557 0.673808 0.517625 0.00371789 0.00211154 -0.000502806
136.04 0.820701 0.673872 0.517601 0.00361817 0.00160439 -0.000588785
136.06 0.820854 0.673931 0.517598 0.00381412 0.00148222 -8.75593e-05
136.08 0.821017 0.674 0.517629 0.00406314 0.00171745 0.000786432
136.1 0.821184 0.674084 0.517698 0.00417475 0.00211412 0.00173163
136.12 0.821349 0.674182 0.517797 0.00413172 0.00243782 0.00247703
136.14 0.82151 0.674283 0.517911 0.00404171 0.00253469 0.00284069
136.16 0.82167 0.674379 0.518021 0.00399342 0.00240014 0.00276094
136.18 0.821828 0.674464 0.518113 0.00394748 0.00212249 0.00229187
136.2 0.821979 0.674535 0.518176 0.00377158 0.0017748 0.00156712
136.22 0.822114 0.674591 0.518207 0.00338189 0.00139265 0.00077005
136.24 0.822228 0.674633 0.518211 0.00284361 0.00104168 0.000108198
136.26 0.822322 0.674667 0.518201 0.00234564 0.000847224 -0.000247808
136.28 0.822405 0.674703 0.518192 0.00207887 0.000923392 -0.000231834
136.3 0.822489 0.674754 0.518196 0.00210434 0.00127109 0.000109616
136.32 0.822581 0.674824 0.518222 0.00230645 0.00173261 0.000654865
136.34 0.82268 0.674906 0.518272 0.00247444 0.00206552 0.00124447
136.36 0.822779 0.67499 0.518341 0.00245751 0.00209027 0.00171403
136.38 0.822869 0.675062 0.518418 0.00224932 0.00179689 0.00192962
136.4 0.822947 0.675116 0.518491 0.00194924 0.00135208 0.00181752
136.42 0.823013 0.675156 0.518546 0.00167157 0.00101085 0.00137943
136.44 0.823072 0.675195 0.518574 0.0014597 0.000976405 0.000703683
136.46 0.823123 0.675247 0.518573 0.00127319 0.00129078 -1.99286e-05
136.48 0.823166 0.675319 0.518552 0.00107622 0.00181234 -0.000536265
136.5 0.823203 0.67541 0.518526 0.000926785 0.00227445 -0.000636943
136.52 0.823241 0.675507 0.518514 0.000956877 0.00241499 -0.000293625
136.54 0.823291 0.675591 0.518526 0.00125074 0.00211022 0.000287626
136.56 0.82336 0.675649 0.518556 0.00172047 0.00144152 0.00076334
136.58 0.823444 0.675677 0.518591 0.00209497 0.000687839 0.000869395
136.6 0.823527 0.675686 0.518615 0.00207732 0.000231762 0.000598874
136.62 0.82359 0.675701 0.518623 0.00156843 0.000376949 0.000198447
136.64 0.82362 0.675746 0.518623 0.000768416 0.0011372 -1.28591e-05
136.66 0.823622 0.675833 0.518629 5.26947e-05 0.0021607 0.000150702
136.68 0.823611 0.675948 0.518654 -0.000281468 0.00288364 0.000630455
136.7 0.823604 0.676063 0.5187 -0.000171264 0.00286225 0.00114242
136.72 0.823614 0.676146 0.518753 0.000251656 0.00208566 0.00134094
136.74 0.823646 0.676186 0.518795 0.000800573 0.0010028 0.00104597
136.76 0.8237 0.676195 0.518811 0.00133412 0.000220766 0.000389042
136.78 0.82377 0.6762 0.518801 0.00174321 0.000120988 -0.00024885
136.8 0.823845 0.676226 0.518781 0.00189148 0.000663744 -0.000492898
136.82 0.823911 0.676285 0.518772 0.00165277 0.00147268 -0.000229025
136.84 0.823953 0.676369 0.518786 0.0010481 0.00208311 0.000347835
136.86 0.823967 0.676457 0.518822 0.000336063 0.00220947 0.000911827
136.88 0.823964 0.676533 0.518871 -7.8162e-05 0.00189655 0.00121899
136.9 0.823968 0.676591 0.518919 0.000121871 0.00144354 0.00120618
136.92 0.824006 0.676638 0.518958 0.000942168 0.00117407 0.000974897
136.94 0.824087 0.676687 0.518986 0.00201214 0.0012338 0.000703714
136.96 0.824198 0.676748 0.519007 0.00277685 0.00153243 0.000519144
136.98 0.824312 0.676821 0.519024 0.00285293 0.00182566 0.000415921
137 0.824404 0.676896 0.519036 0.00229523 0.00187561 0.000313014
137.02 0.824465 0.676961 0.519043 0.00153644 0.00161813 0.000177827
137.04 0.824508 0.67701 0.519047 0.00107687 0.00122548 9.83898e-05
137.06 0.824556 0.677049 0.519057 0.00120618 0.00097282 0.000247448
137.08 0.824632 0.67709 0.519087 0.00188804 0.00101652 0.000752335
137.1 0.824744 0.677141 0.519149 0.00280412 0.00129311 0.00155239
137.12 0.824885 0.677206 0.519243 0.00352505 0.00160998 0.00235006
137.14 0.825035 0.677278 0.519353 0.00374585 0.00181112 0.00273611
137.16 0.825172 0.677352 0.51945 0.00343868 0.00185653 0.00243655
137.18 0.825285 0.677425 0.519511 0.00282351 0.00180763 0.0015216
137.2 0.825374 0.677495 0.519528 0.00222095 0.00175268 0.000419515
137.22 0.82545 0.677564 0.519516 0.00188928 0.00172069 -0.000307505
137.24 0.825526 0.67763 0.519504 0.00191024 0.00165684 -0.000301169
137.26 0.825614 0.677689 0.519518 0.00218849 0.00148732 0.000369303
137.28 0.825716 0.677739 0.519569 0.00256633 0.00122679 0.00127447
137.3 0.825834 0.677779 0.519647 0.00293936 0.00101163 0.00194018
137.32 0.825965 0.67782 0.519733 0.00327113 0.00101629 0.00214325
137.34 0.826106 0.677873 0.51981 0.00353345 0.00132356 0.00194377
137.36 0.826253 0.677947 0.519872 0.00366676 0.00186033 0.00152674
137.38 0.826397 0.678044 0.519914 0.00359537 0.002429 0.00105464
137.4 0.826529 0.678157 0.519938 0.00329919 0.00282087 0.000607894
137.42 0.826644 0.678275 0.519946 0.00288418 0.00294426 0.000190892
137.44 0.826746 0.67839 0.519937 0.00255947 0.00287383 -0.000214059
137.46 0.826847 0.678501 0.519914 0.00250315 0.00277319 -0.000574046
137.48 0.826956 0.67861 0.519882 0.00274312 0.00273884 -0.000793794
137.5 0.827082 0.67872 0.519852 0.00315479 0.00274065 -0.000770715
137.52 0.827224 0.678828 0.519833 0.00354122 0.002715 -0.000458077
137.54 0.827374 0.678935 0.519837 0.00374749 0.0026554 9.35341e-05
137.56 0.827524 0.679039 0.519866 0.00375459 0.0026128 0.000724558
137.58 0.827671 0.679146 0.519915 0.00367159 0.00267086 0.00122274
137.6 0.827816 0.679263 0.519972 0.00362246 0.002922 0.00142094
137.62 0.827961 0.679398 0.520022 0.00362006 0.00338182 0.00126265
137.64 0.828103 0.679554 0.520055 0.00356859 0.00390052 0.000827931
137.66 0.828239 0.679724 0.520068 0.0033951 0.00424829 0.000327263
137.68 0.828365 0.679896 0.520069 0.0031447 0.0043034 8.50231e-06
137.7 0.828483 0.68006 0.520069 0.00295978 0.004104 9.18925e-06
137.72 0.828603 0.68021 0.52008 0.00298004 0.00374891 0.000277909
137.74 0.828733 0.680343 0.520106 0.00324863 0.00331705 0.00063735
137.76 0.82888 0.680458 0.520143 0.00367392 0.00288322 0.000933105
137.78 0.829042 0.680561 0.520188 0.00407141 0.00255418 0.00112773
137.8 0.829213 0.680658 0.520239 0.0042597 0.00242645 0.00127096
137.82 0.829378 0.680759 0.520295 0.00413488 0.00252382 0.00140669
137.84 0.829526 0.68087 0.520356 0.00369345 0.00279758 0.00152594
137.86 0.829648 0.680996 0.52042 0.00304447 0.00313609 0.00159069
137.88 0.829745 0.68113 0.520483 0.00242399 0.00336169 0.00158331
137.9 0.829829 0.681262 0.520544 0.00210603 0.00328565 0.00152437
137.92 0.829917 0.681375 0.520602 0.00221027 0.00282359 0.00145508
137.94 0.830021 0.681457 0.520659 0.00257997 0.00206126 0.00141095
137.96 0.830135 0.681506 0.520715 0.00287263 0.00121609 0.00139189
137.98 0.830248 0.681528 0.520769 0.00281651 0.000545339 0.00134888
138 0.830345 0.681537 0.520818 0.00241647 0.000234939 0.0012276
138.02 0.830422 0.681549 0.520859 0.00194349 0.000311363 0.0010345
138.04 0.830491 0.681575 0.520893 0.00171611 0.000634495 0.000857017
138.06 0.830565 0.681614 0.520926 0.00185431 0.000978787 0.00080904
138.08 0.830653 0.681659 0.520962 0.00219661 0.00112842 0.000919196
138.1 0.83075 0.681697 0.521005 0.00242143 0.000956194 0.00106975
138.12 0.830841 0.681717 0.521048 0.00228242 0.00049147 0.00106704
138.14 0.830913 0.681714 0.521079 0.00178638 -7.0607e-05 0.000790465
138.16 0.830959 0.681696 0.521091 0.00116717 -0.000454644 0.000291716
138.18 0.830987 0.681678 0.521082 0.000692645 -0.000447156 -0.000223136
138.2 0.831007 0.681677 0.521062 0.000492298 -2.29449e-05 -0.000512677
138.22 0.831029 0.681702 0.521044 0.000548745 0.000615792 -0.000445966
138.24 0.831061 0.681747 0.521041 0.000805784 0.00113511 -7.17156e-05
138.26 0.83111 0.681797 0.521058 0.00123631 0.00125297 0.000416327
138.28 0.831183 0.681834 0.521089 0.00180257 0.000906937 0.000774105
138.3 0.831277 0.681846 0.521121 0.0023602 0.000304284 0.000820229
138.32 0.831382 0.681838 0.521142 0.00262877 -0.00019636 0.000514445
138.34 0.831476 0.681826 0.52114 0.00233468 -0.000300137 -4.14681e-05
138.36 0.831534 0.681828 0.521114 0.00146564 4.69908e-05 -0.000653804
138.38 0.83155 0.681853 0.521071 0.000387345 0.000618412 -0.00107159
138.4 0.831537 0.681895 0.521031 -0.000317974 0.0010498 -0.00101923
138.42 0.831529 0.681938 0.521017 -0.000195762 0.00109214 -0.000326991
138.44 0.83156 0.68197 0.521053 0.000782323 0.000786532 0.000877728
138.46 0.831647 0.681987 0.521137 0.00216542 0.000438789 0.00212003
138.48 0.831778 0.682004 0.521249 0.00326358 0.000412102 0.00279086
138.5 0.831919 0.682038 0.521349 0.0035485 0.000862246 0.00250736
138.52 0.832038 0.682102 0.521404 0.00295703 0.00160481 0.00137519
138.54 0.832113 0.682191 0.521403 0.00188194 0.00221398 -3.4229e-05
138.56 0.832149 0.682283 0.521362 0.000902592 0.00229668 -0.00101282
138.58 0.832168 0.682354 0.521317 0.000465254 0.00177399 -0.00114095
138.6 0.832195 0.682392 0.521297 0.000686713 0.00095873 -0.000493691
138.62 0.83225 0.682407 0.521317 0.00135866 0.000361103 0.000505533
138.64 0.832333 0.682422 0.521374 0.00209777 0.000381468 0.00141428
138.66 0.832436 0.682465 0.521454 0.00255039 0.00108515 0.00200803
138.68 0.832538 0.682551 0.521545 0.00256959 0.00213758 0.00228268
138.7 0.832629 0.682668 0.521638 0.00227121 0.00293452 0.00230093
138.72 0.832706 0.682786 0.52172 0.00191914 0.00294429 0.00207317
138.74 0.832776 0.68287 0.521785 0.00174024 0.00210786 0.00160292
138.76 0.832848 0.682908 0.521826 0.00181474 0.00093187 0.0010271
138.78 0.832932 0.682914 0.521852 0.00209574 0.000148404 0.000647059
138.8 0.833031 0.682923 0.521881 0.00248181 0.000238205 0.000747253
138.82 0.833145 0.682969 0.521935 0.00285254 0.00115068 0.00133353
138.84 0.833269 0.683063 0.522017 0.00308794 0.0023468 0.0020491
138.86 0.833393 0.683188 0.522113 0.0031148 0.0031265 0.00239597
138.88 0.833511 0.683311 0.522196 0.00294754 0.00306942 0.00208228
138.9 0.833619 0.683403 0.522245 0.00269282 0.00229854 0.0012319
138.92 0.83372 0.683457 0.522258 0.00251298 0.00136958 0.000331365
138.94 0.833821 0.683493 0.522256 0.00253819 0.000892012 -7.09051e-05
138.96 0.833932 0.68354 0.522266 0.00276234 0.00116742 0.000269717
138.98 0.834053 0.683622 0.522311 0.00302935 0.00204298 0.00112403
139 0.834179 0.683743 0.522389 0.00315152 0.00303373 0.00195006
139.02 0.834302 0.683889 0.52248 0.00307255 0.00365097 0.00226432
139.04 0.834419 0.684038 0.522557 0.00293367 0.00371463 0.00192842
139.06 0.834537 0.684174 0.522604 0.00294419 0.00339936 0.00116376
139.08 0.834664 0.684294 0.522617 0.00317681 0.00300185 0.000337709
139.1 0.834804 0.684401 0.522606 0.00351503 0.00269257 -0.000274955
139.12 0.834956 0.6845 0.522583 0.00377724 0.00247867 -0.000582415
139.14 0.83511 0.684593 0.522558 0.00386444 0.00232459 -0.000629929
139.16 0.835262 0.684683 0.522537 0.00380615 0.00225099 -0.000513808
139.18 0.83541 0.684777 0.522525 0.00369472 0.00233077 -0.000312962
139.2 0.835554 0.684882 0.522522 0.00358879 0.00262614 -7.28523e-05
139.22 0.835692 0.685007 0.522528 0.00346609 0.00312299 0.000154404
139.24 0.835824 0.685154 0.522539 0.00328025 0.0036796 0.000283668
139.26 0.835946 0.685316 0.522549 0.00306467 0.00404459 0.000239733
139.28 0.836064 0.685475 0.52255 0.00294709 0.00397851 2.65701e-05
139.3 0.836186 0.685611 0.522539 0.00305182 0.00340543 -0.000258705
139.32 0.836321 0.685711 0.522521 0.00338167 0.00249692 -0.000465516
139.34 0.836473 0.685777 0.522503 0.00379555 0.00164172 -0.000447818
139.36 0.836638 0.685828 0.522498 0.00410895 0.00129111 -0.000133111
139.38 0.836807 0.685897 0.522515 0.00422358 0.00171309 0.000437099
139.4 0.836974 0.686009 0.52256 0.00418595 0.00279858 0.00112771
139.42 0.837139 0.686171 0.52263 0.00412504 0.00406279 0.0017579
139.44 0.837304 0.686366 0.522716 0.00411713 0.0048662 0.0021347
139.46 0.837467 0.686555 0.522799 0.00408241 0.00474152 0.00208418
139.48 0.837619 0.686701 0.522861 0.0037978 0.00363769 0.00153573
139.5 0.837741 0.68678 0.522887 0.00306067 0.00196532 0.000649383
139.52 0.837818 0.686796 0.522881 0.00192318 0.000408025 -0.000152061
139.54 0.83785 0.686779 0.522866 0.000786261 -0.000419613 -0.000363727
139.56 0.837858 0.686768 0.522877 0.00021016 -0.000272357 0.000285624
139.58 0.83788 0.686794 0.522942 0.000554046 0.000643474 0.00162437
139.6 0.837948 0.686867 0.523066 0.001694 0.00181823 0.00308402
139.62 0.838069 0.686975 0.523224 0.0030258 0.00271065 0.00396279
139.64 0.838221 0.687095 0.523375 0.0037915 0.00299573 0.00377671
139.66 0.838361 0.687201 0.523476 0.00351871 0.00265344 0.00251798
139.68 0.838453 0.687277 0.523503 0.00227772 0.00188932 0.000676094
139.7 0.838478 0.687316 0.523464 0.000631676 0.000987383 -0.000974814
139.72 0.838451 0.687324 0.523395 -0.000671129 0.000204904 -0.00173636
139.74 0.838407 0.687314 0.523342 -0.00109506 -0.000261186 -0.0013161
139.76 0.838384 0.687301 0.523343 -0.000586108 -0.000315693 3.60643e-05
139.78 0.838402 0.6873 0.52341 0.000463259 -2.21308e-05 0.00166064
139.8 0.838462 0.687317 0.523523 0.00150419 0.000409237 0.00283191
139.82 0.838547 0.687345 0.523647 0.00211325 0.00071479 0.0031073
139.84 0.838632 0.687374 0.523747 0.00212135 0.000708581 0.00248489
139.86 0.838697 0.68739 0.5238 0.00164102 0.000409635 0.0013257
139.88 0.838737 0.687393 0.523805 0.000985047 6.25427e-05 0.000133066
139.9 0.838755 0.687392 0.523778 0.000465415 -1.80374e-05 -0.000677627
139.92 0.838765 0.687404 0.523742 0.000229928 0.000310838 -0.000913481
139.94 0.838775 0.68744 0.523717 0.000258673 0.000885653 -0.000624301
139.96 0.838793 0.687494 0.523715 0.000446052 0.00134676 -4.32079e-05
139.98 0.838819 0.687549 0.523736 0.000654606 0.00139186 0.000522054
140 0.838849 0.687588 0.523768 0.000759979 0.000965634 0.000816567
140.02 0.838879 0.687599 0.523798 0.000745926 0.000277526 0.00075159
140.04 0.83891 0.687586 0.523816 0.000764077 -0.000320041 0.000444328
140.06 0.838951 0.687565 0.523821 0.00102461 -0.000522361 0.000129232
140.08 0.839015 0.687556 0.523822 0.00159415 -0.000224333 1.23029e-05
140.1 0.839107 0.687575 0.523829 0.00230555 0.000458446 0.000174259
140.12 0.839221 0.687626 0.523852 0.00284369 0.0012899 0.000567706
140.14 0.839338 0.687708 0.523895 0.00293296 0.00203369 0.00109079
140.16 0.839439 0.687808 0.523961 0.00251937 0.00249982 0.00165114
140.18 0.839512 0.687909 0.524047 0.00183658 0.00253995 0.00214828
140.2 0.839564 0.687993 0.524143 0.00130847 0.00209507 0.0024076
140.22 0.839618 0.688045 0.524231 0.00133225 0.00130374 0.00218235
140.24 0.839699 0.688066 0.524283 0.00204026 0.000522064 0.00129499
140.26 0.839826 0.688072 0.524277 0.00316955 0.000154149 -0.000151872
140.28 0.839993 0.688089 0.524209 0.00418286 0.000421114 -0.00167856
140.3 0.840178 0.688138 0.524106 0.00461325 0.00123481 -0.00259243
140.32 0.840353 0.688228 0.524011 0.00436628 0.00223794 -0.00237546
140.34 0.840502 0.688348 0.523969 0.00374539 0.00298993 -0.00103285
140.36 0.840631 0.688476 0.524005 0.00320434 0.00320521 0.000880346
140.38 0.840753 0.688592 0.524107 0.00305248 0.00289823 0.00256069
140.4 0.840885 0.688686 0.524242 0.0033028 0.00235191 0.00337334
140.42 0.841033 0.688764 0.524369 0.00369726 0.00194709 0.00317343
140.44 0.841189 0.688841 0.524463 0.00389872 0.00193479 0.00234357
140.46 0.841338 0.688933 0.524523 0.0037418 0.00228657 0.00151072
140.48 0.841472 0.689042 0.524569 0.00333457 0.00272779 0.00114637
140.5 0.84159 0.68916 0.524622 0.00295654 0.00294781 0.00132617
140.52 0.841703 0.689273 0.524693 0.00283741 0.00282968 0.00176856
140.54 0.841823 0.689374 0.524775 0.00299841 0.00253543 0.00206329
140.56 0.841954 0.689469 0.524853 0.00326825 0.00237872 0.00193548
140.58 0.842091 0.689572 0.524909 0.0034244 0.00257891 0.0014057
140.6 0.842225 0.689697 0.524938 0.00335609 0.0031075 0.000741163
140.62 0.842351 0.689844 0.524948 0.00313404 0.00368453 0.000243144
140.64 0.842468 0.690001 0.52495 0.00293681 0.00392862 5.19694e-05
140.66 0.842584 0.690146 0.524954 0.00289574 0.00361136 0.000104714
140.68 0.842704 0.69026 0.524965 0.00298736 0.00284665 0.000251051
140.7 0.842827 0.690341 0.524981 0.00307949 0.00204692 0.000414553
140.72 0.84295 0.690408 0.525007 0.00308218 0.00166494 0.000640165
140.74 0.843071 0.690484 0.525047 0.00302777 0.00189686 0.000999816
140.76 0.843191 0.690586 0.525105 0.00300839 0.00255591 0.00145111
140.78 0.843314 0.690715 0.525176 0.00306447 0.00320918 0.00178355
140.8 0.843439 0.690853 0.525245 0.00313171 0.00346118 0.0017142
140.82 0.843562 0.69098 0.525288 0.00307236 0.00318729 0.00107349
140.84 0.843673 0.691084 0.525286 0.00278132 0.0025856 -3.67043e-05
140.86 0.843766 0.691165 0.525237 0.00230944 0.00203298 -0.00123828
140.88 0.843841 0.691238 0.525155 0.00187344 0.00182206 -0.00204622
140.9 0.84391 0.691317 0.52507 0.00172675 0.00196409 -0.00212811
140.92 0.84399 0.691405 0.52501 0.00199714 0.00221232 -0.00149281
140.94 0.844094 0.691495 0.524991 0.00260878 0.00225758 -0.000473037
140.96 0.844227 0.691574 0.52501 0.00331372 0.00195126 0.000472231
140.98 0.844379 0.691631 0.52505 0.00380766 0.00143583 0.000999499
141 0.844534 0.691673 0.525091 0.00387745 0.0010388 0.00101693
141.02 0.844674 0.691712 0.525117 0.00350651 0.000986803 0.000669746
141.04 0.844789 0.69176 0.525126 0.00287788 0.00119356 0.000219119
141.06 0.84488 0.691812 0.525121 0.00226094 0.00131885 -0.000116167
141.08 0.844954 0.691855 0.525112 0.00186552 0.00107241 -0.000243441
141.1 0.845026 0.691875 0.525105 0.00178395 0.000493434 -0.000157546
141.12 0.845106 0.691874 0.52511 0.00201123 -3.06853e-05 0.000117398
141.14 0.845205 0.691872 0.525131 0.00245875 -5.76734e-05 0.000530139
141.16 0.845323 0.691893 0.525171 0.00296656 0.000535036 0.000999666
141.18 0.845457 0.69195 0.525229 0.00333726 0.00143469 0.0014465
141.2 0.845592 0.692035 0.525302 0.00339162 0.00211325 0.00182223
141.22 0.845715 0.692122 0.525386 0.00306357 0.00217804 0.00210642
141.24 0.845813 0.692186 0.525477 0.00244819 0.00161108 0.00227682
141.26 0.845883 0.692218 0.525569 0.00176231 0.000778571 0.00229348
141.28 0.845934 0.692226 0.525654 0.00126168 0.000209907 0.00212267
141.3 0.845979 0.692236 0.525725 0.00113954 0.000254019 0.00178534
141.32 0.846037 0.69227 0.525781 0.0014346 0.000844241 0.00137783
141.34 0.846116 0.692332 0.525823 0.00198665 0.00154919 0.00105178
141.36 0.846217 0.692408 0.525861 0.00251895 0.00190263 0.000962027
141.38 0.846329 0.692478 0.525908 0.00280652 0.00174422 0.00116382
141.4 0.846439 0.692529 0.525969 0.00275123 0.00128662 0.00152376
141.42 0.846533 0.692565 0.526039 0.00235226 0.00090555 0.00176441
141.44 0.846601 0.6926 0.526106 0.00170059 0.00087442 0.00166903
141.46 0.846642 0.69265 0.526157 0.00100378 0.00122981 0.00127904
141.48 0.846662 0.692721 0.526193 0.000517105 0.00178338 0.000887142
141.5 0.846678 0.692811 0.526226 0.000399646 0.0022494 0.000830219
141.52 0.846705 0.692909 0.526276 0.000665727 0.00244972 0.00125659
141.54 0.846754 0.693005 0.526356 0.00122896 0.00240317 0.00199369
141.56 0.84683 0.693093 0.52646 0.00189523 0.00220453 0.00259943
141.58 0.846924 0.693168 0.526564 0.00236027 0.00187461 0.00261096
141.6 0.847019 0.693223 0.526638 0.00236642 0.00137801 0.00184331
141.62 0.847096 0.693254 0.526659 0.00193332 0.000778052 0.000522873
141.64 0.847152 0.693267 0.526626 0.00138282 0.000303432 -0.000828462
141.66 0.847196 0.693276 0.526559 0.00111947 0.000228353 -0.00165816
141.68 0.847251 0.693303 0.526493 0.00137024 0.000685105 -0.00165527
141.7 0.847332 0.693365 0.526457 0.00203114 0.0015467 -0.00091208
141.72 0.84744 0.693463 0.526462 0.00268478 0.00246018 0.000120614
141.74 0.847552 0.693585 0.526497 0.00281651 0.00302742 0.000880056
141.76 0.84764 0.693706 0.526536 0.00217795 0.0030264 0.000989267
141.78 0.847681 0.693807 0.526554 0.00104277 0.00253054 0.00043224
141.8 0.847685 0.693881 0.526535 8.99368e-05 0.00184937 -0.000458004
141.82 0.847684 0.693934 0.526488 -2.42726e-05 0.00133827 -0.0011747
141.84 0.84772 0.693983 0.526436 0.00091296 0.00120868 -0.00131615
141.86 0.84782 0.69404 0.526402 0.00249907 0.0014436 -0.000833349
141.88 0.847977 0.694115 0.5264 0.00390905 0.00185606 -5.7644e-05
141.9 0.848153 0.694204 0.526422 0.00439609 0.00222404 0.00054216
141.92 0.848303 0.6943 0.52645 0.00375628 0.00241288 0.000696175
141.94 0.848399 0.694397 0.526469 0.00241263 0.00243227 0.000497699
141.96 0.848444 0.694493 0.52648 0.001115 0.00240214 0.000266341
141.98 0.848464 0.694591 0.52649 0.000502084 0.00244906 0.000258134
142 0.848495 0.694696 0.52651 0.000778053 0.0026179 0.000482336
142.02 0.848562 0.694811 0.52654 0.00165931 0.00287898 0.000749151
142.04 0.848666 0.694938 0.526573 0.00260475 0.00316501 0.000843831
142.06 0.848793 0.695072 0.526601 0.00317301 0.00335914 0.000695588
142.08 0.848922 0.695204 0.52662 0.00324197 0.00330513 0.000457142
142.1 0.849041 0.695321 0.526637 0.00295877 0.00291045 0.000425799
142.12 0.849143 0.695411 0.526669 0.0025572 0.00226333 0.000820729
142.14 0.849231 0.695477 0.526733 0.00220855 0.00162667 0.00158471
142.16 0.84931 0.695529 0.526829 0.00196861 0.0013074 0.00239612
142.18 0.849384 0.695589 0.526945 0.00184335 0.00150379 0.00289879
142.2 0.849459 0.695676 0.527063 0.00187967 0.00218428 0.00295226
142.22 0.849545 0.695798 0.52717 0.00215594 0.00304769 0.00268539
142.24 0.849652 0.695944 0.527264 0.00267008 0.00364787 0.0023456
142.26 0.849782 0.69609 0.527348 0.00325434 0.00364517 0.00211031
142.28 0.849928 0.696211 0.527428 0.00364608 0.00302361 0.00200211
142.3 0.850074 0.696295 0.527506 0.00365013 0.00209853 0.00192787
142.32 0.850205 0.696347 0.527577 0.00327587 0.00131306 0.00178245
142.34 0.850315 0.696387 0.527638 0.00275492 0.000983117 0.00153154
142.36 0.850411 0.696432 0.527686 0.00240151 0.00112323 0.00120579
142.38 0.850508 0.69649 0.52772 0.00242601 0.00146148 0.000850868
142.4 0.850621 0.696556 0.527741 0.00282387 0.00165866 0.000513235
142.42 0.850758 0.696619 0.527751 0.00340459 0.00155862 0.000262372
142.44 0.850914 0.696669 0.527759 0.00392383 0.00125119 0.000183144
142.46 0.851083 0.696707 0.527771 0.00421522 0.000953517 0.000318333
142.48 0.851253 0.696741 0.527796 0.00424739 0.000843801 0.000610785
142.5 0.851417 0.696778 0.527832 0.00409469 0.000941266 0.000898668
142.52 0.851571 0.696823 0.527871 0.00384972 0.00111405 0.000977224
142.54 0.851713 0.696871 0.527899 0.0035543 0.00119668 0.000702163
142.56 0.851842 0.696915 0.527903 0.00322527 0.00110643 0.000105203
142.58 0.851959 0.69695 0.527881 0.0029342 0.000874238 -0.000546497
142.6 0.852073 0.696974 0.527847 0.00283931 0.000607911 -0.00085087
142.62 0.852197 0.696992 0.527826 0.00310459 0.000437802 -0.000536702
142.64 0.852347 0.697011 0.527838 0.00374241 0.000474484 0.000306692
142.66 0.852527 0.697041 0.527888 0.00451465 0.000759715 0.00125204
142.68 0.852728 0.69709 0.527959 0.00501563 0.00122548 0.00177946
142.7 0.852924 0.697159 0.528022 0.00490508 0.00171738 0.00155762
142.72 0.853089 0.697242 0.528047 0.00412885 0.00207403 0.000631054
142.74 0.853209 0.69733 0.528025 0.0029954 0.00219707 -0.000557218
142.76 0.853291 0.697413 0.52797 0.00203952 0.00208785 -0.0013601
142.78 0.853359 0.697487 0.527918 0.00170495 0.00183306 -0.00129518
142.8 0.853442 0.697549 0.527904 0.00206478 0.00156799 -0.00035521
142.82 0.853554 0.697608 0.527944 0.00282205 0.00145898 0.000997608
142.84 0.853696 0.697674 0.528029 0.00353774 0.00165658 0.00212348
142.86 0.85385 0.697761 0.528131 0.00385681 0.0021646 0.00254442
142.88 0.853996 0.697871 0.528217 0.00363941 0.0027493 0.00215203
142.9 0.854115 0.697993 0.528266 0.00299236 0.0030565 0.00121736
142.92 0.854203 0.698108 0.528274 0.0021879 0.00287351 0.000214195
142.94 0.854264 0.698199 0.528256 0.00151717 0.00228853 -0.00044204
142.96 0.854311 0.698264 0.528234 0.00118321 0.00161683 -0.000571925
142.98 0.854361 0.698312 0.528224 0.00126176 0.00119422 -0.000246296
143 0.854429 0.69836 0.528236 0.0016931 0.0011992 0.000316098
143.02 0.854521 0.698422 0.528271 0.00228586 0.00155414 0.000874964
143.04 0.854631 0.698501 0.528322 0.00276399 0.0019863 0.00126009
143.06 0.854747 0.698591 0.528379 0.00289983 0.00224747 0.00142079
143.08 0.854853 0.698682 0.528436 0.00265787 0.00227055 0.00143595
143.1 0.854942 0.698768 0.528495 0.00221871 0.00215347 0.00146294
143.12 0.855016 0.698851 0.528559 0.00183693 0.00206297 0.00161776
143.14 0.855082 0.698935 0.528634 0.00165866 0.00211187 0.00187039
143.16 0.855148 0.699026 0.528717 0.00164587 0.00226232 0.00206358
143.18 0.855213 0.69912 0.528799 0.00162978 0.00235278 0.00204707
143.2 0.855271 0.69921 0.52887 0.00145519 0.00225234 0.00179812
143.22 0.855316 0.699289 0.528928 0.00112844 0.00198955 0.00144294
143.24 0.85535 0.699359 0.528976 0.000846358 0.00173607 0.00118292
143.26 0.855384 0.699427 0.529022 0.000846184 0.00169628 0.00116337
143.28 0.855432 0.699507 0.529077 0.00118588 0.00200229 0.00136201
143.3 0.855498 0.699612 0.52914 0.00165986 0.00262372 0.00159315
143.32 0.855575 0.699744 0.529206 0.00193583 0.00330582 0.00163508
143.34 0.855647 0.69989 0.529261 0.00179758 0.00365357 0.00137636
143.36 0.8557 0.700026 0.529296 0.0013055 0.00338725 0.000893868
143.38 0.85573 0.700127 0.529313 0.000762397 0.00254481 0.000420297
143.4 0.85575 0.700186 0.529321 0.000496549 0.00146901 0.000193511
143.42 0.855775 0.700211 0.529333 0.000635687 0.000629138 0.000296007
143.44 0.855817 0.700227 0.529358 0.00103659 0.000390472 0.000621768
143.46 0.855873 0.700261 0.529397 0.00139772 0.000840809 0.000990468
143.48 0.855933 0.700331 0.529448 0.00150157 0.00176093 0.00126174
143.5 0.855989 0.70044 0.529503 0.00140279 0.00273609 0.00136852
143.52 0.856043 0.700575 0.529555 0.00135676 0.0033576 0.0013006
143.54 0.856106 0.700712 0.529597 0.00156496 0.00342829 0.00106053
143.56 0.856186 0.700833 0.529622 0.00199758 0.00303119 0.000618428
143.58 0.856282 0.70093 0.529619 0.00240577 0.00241615 -6.30939e-05
143.6 0.856381 0.701003 0.529582 0.00247757 0.00183281 -0.000922765
143.62 0.856463 0.70106 0.529514 0.00205972 0.00143393 -0.00171802
143.64 0.856516 0.701111 0.52943 0.00132269 0.00127275 -0.00207905
143.66 0.856545 0.701165 0.529362 0.000714689 0.00133468 -0.00171972
143.68 0.856572 0.701227 0.529335 0.00068486 0.00154799 -0.000666056
143.7 0.856627 0.701298 0.529362 0.0013688 0.00179478 0.00068411
143.72 0.856727 0.701377 0.529432 0.00249872 0.00196394 0.00175019
143.74 0.856871 0.701458 0.529516 0.00359045 0.00202036 0.00209828
143.76 0.857039 0.701538 0.529583 0.00421315 0.00200055 0.00166497
143.78 0.857206 0.701616 0.529613 0.00417393 0.0019562 0.000748262
143.8 0.857349 0.701693 0.529605 0.00357031 0.00193213 -0.000191326
143.82 0.857458 0.701772 0.529574 0.00272235 0.0019773 -0.000773786
143.84 0.857538 0.701858 0.529541 0.00201411 0.00213684 -0.000830152
143.86 0.857607 0.701953 0.529525 0.00171029 0.00238265 -0.00040664
143.88 0.857682 0.702056 0.529536 0.00187224 0.0025582 0.000285696
143.9 0.857778 0.702154 0.529575 0.0024046 0.00245768 0.000964065
143.92 0.857904 0.702234 0.529631 0.00314359 0.00200453 0.00140537
143.94 0.858059 0.702288 0.529693 0.00389534 0.00134866 0.00154736
143.96 0.858238 0.702319 0.529752 0.00445439 0.000771647 0.00148186
143.98 0.858424 0.702339 0.529806 0.00465049 0.000506591 0.00135361
144 0.858601 0.702365 0.529857 0.00442932 0.000635619 0.00127756
144.02 0.858757 0.702408 0.52991 0.00389641 0.00108329 0.00132708
144.04 0.858888 0.702474 0.529972 0.00328979 0.00166061 0.00153926
144.06 0.859004 0.702561 0.530047 0.00289629 0.00215923 0.0018853
144.08 0.85912 0.702658 0.530137 0.00290668 0.00243025 0.00223706
144.1 0.859252 0.702753 0.530234 0.00328824 0.00238922 0.00241811
144.12 0.859404 0.702834 0.530326 0.00380246 0.00202477 0.00231689
144.14 0.859571 0.702892 0.530404 0.00417395 0.00144856 0.00195385
144.16 0.859741 0.702929 0.530463 0.00426364 0.00090227 0.0014732
144.18 0.859906 0.702955 0.530507 0.00411111 0.000651244 0.00109229
144.2 0.86006 0.702987 0.530548 0.00384554 0.000815186 0.00101891
144.22 0.860203 0.703038 0.530602 0.00357619 0.00127371 0.00135021
144.24 0.860337 0.703107 0.530681 0.00335399 0.0017303 0.00198207
144.26 0.860465 0.703183 0.530785 0.00319209 0.00189857 0.00259793
144.28 0.860588 0.703251 0.530897 0.0030838 0.00170087 0.0028035
144.3 0.860708 0.703304 0.530991 0.00301055 0.00132102 0.0023571
144.32 0.860826 0.703347 0.531045 0.00295237 0.00106545 0.00134232
144.34 0.860942 0.703393 0.531051 0.00288881 0.00114431 0.000157082
144.36 0.861054 0.703454 0.531024 0.00279255 0.00152969 -0.000684323
144.38 0.861158 0.703533 0.530991 0.00261515 0.0019872 -0.000823262
144.4 0.861251 0.703624 0.530981 0.0023135 0.00225832 -0.00025007
144.42 0.861328 0.703713 0.531009 0.00193493 0.0022282 0.000689603
144.44 0.861395 0.703792 0.531068 0.00166381 0.0019734 0.00147284
144.46 0.861463 0.70386 0.531134 0.00171677 0.00170533 0.00166441
144.48 0.861549 0.703925 0.53118 0.00214958 0.00161815 0.00113536
144.5 0.86166 0.703995 0.531185 0.00276736 0.00175169 0.00012382
144.52 0.861789 0.704075 0.531149 0.00321478 0.00200244 -0.00090219
144.54 0.861915 0.704164 0.531089 0.00316765 0.00223442 -0.00149763
144.56 0.862017 0.704259 0.53103 0.00252766 0.0023618 -0.00146417
144.58 0.862077 0.704354 0.530993 0.00151457 0.00237373 -0.000918639
144.6 0.8621 0.704447 0.530986 0.000566804 0.00234058 -0.000186144
144.62 0.862103 0.704541 0.531001 9.00451e-05 0.00235875 0.00037948
144.64 0.862113 0.70464 0.531023 0.000243062 0.0024609 0.000553057
144.66 0.862148 0.704743 0.531036 0.000881835 0.0025662 0.000318435
144.68 0.862214 0.704844 0.53103 0.00164695 0.00252748 -0.000137883
144.7 0.8623 0.704934 0.53101 0.00215562 0.00226874 -0.000510957
144.72 0.862389 0.705009 0.530989 0.00221543 0.00186942 -0.000516448
144.74 0.862465 0.705069 0.530988 0.00190933 0.00148595 -3.37873e-05
144.76 0.862525 0.705118 0.53102 0.00149657 0.00122568 0.000808197
144.78 0.862575 0.705162 0.531087 0.00122917 0.00111699 0.00166517
144.8 0.862624 0.705209 0.531173 0.00122954 0.00116913 0.0021428
144.82 0.862683 0.705265 0.531253 0.00147771 0.00140525 0.00201137
144.84 0.862757 0.705338 0.531307 0.0018645 0.00182104 0.00136168
144.86 0.862848 0.705432 0.531331 0.00225486 0.00233849 0.000580483
144.88 0.862949 0.705543 0.531335 0.00253011 0.00279086 0.000117813
144.9 0.863053 0.705661 0.531344 0.00261014 0.00295093 0.000224034
144.92 0.863152 0.705767 0.531379 0.00246637 0.00264358 0.000853341
144.94 0.863238 0.705843 0.531448 0.00214615 0.00189951 0.00174067
144.96 0.863309 0.705884 0.53155 0.00178797 0.00102668 0.00254663
144.98 0.863371 0.705903 0.53167 0.00155438 0.000475951 0.00299629
145 0.863432 0.705925 0.531789 0.00152103 0.000554561 0.00297843
145.02 0.863498 0.705974 0.531892 0.00164493 0.00122319 0.00257345
145.04 0.863571 0.706059 0.531971 0.00183225 0.00212446 0.00198855
145.06 0.863651 0.706171 0.532029 0.00200391 0.00280088 0.00143445
145.08 0.863736 0.706289 0.53207 0.00210776 0.00295375 0.00102611
145.1 0.863821 0.706393 0.5321 0.00212769 0.00258766 0.000761033
145.12 0.863905 0.706472 0.532124 0.00209861 0.00197124 0.000579913
145.14 0.863988 0.70653 0.532142 0.00208265 0.00145618 0.000449759
145.16 0.864073 0.706581 0.532157 0.00212206 0.001279 0.000389007
145.18 0.864161 0.70664 0.532174 0.00219796 0.00145917 0.000428196
145.2 0.864251 0.706714 0.532197 0.00223994 0.00184847 0.000559514
145.22 0.864338 0.706804 0.532225 0.00218448 0.00226055 0.000717235
145.24 0.864419 0.706906 0.532257 0.00203694 0.0025621 0.000792671
145.26 0.864495 0.707014 0.532284 0.00188087 0.00269543 0.000676958
145.28 0.864568 0.707122 0.532298 0.00183254 0.00268409 0.000341934
145.3 0.864648 0.707227 0.532295 0.00198962 0.00262288 -7.75677e-05
145.32 0.864743 0.707331 0.532282 0.00238104 0.00261886 -0.000310897
145.34 0.864859 0.70744 0.532278 0.0029099 0.00271692 -0.000117244
145.36 0.864994 0.707554 0.532298 0.00336168 0.00285555 0.000519169
145.38 0.865136 0.70767 0.532352 0.00354788 0.00288805 0.0013337
145.4 0.865274 0.707777 0.532429 0.00347166 0.00267686 0.00192898
145.42 0.865407 0.707865 0.53251 0.00332359 0.00221443 0.00202341
145.44 0.86554 0.707932 0.532574 0.00332433 0.00167047 0.00161071
145.46 0.865682 0.707984 0.532611 0.00355262 0.00129158 0.000925656
145.48 0.865837 0.708033 0.532622 0.00386439 0.00122997 0.00027261
145.5 0.865996 0.708091 0.532617 0.00396847 0.00145709 -0.000134511
145.52 0.866141 0.708164 0.532607 0.00363994 0.00182342 -0.000233964
145.54 0.866259 0.708251 0.532604 0.00293027 0.00215705 -7.24563e-05
145.56 0.866345 0.708343 0.532615 0.00216627 0.00231336 0.000271957
145.58 0.866415 0.708432 0.532643 0.00174061 0.00221853 0.000700689
145.6 0.86649 0.708508 0.532686 0.00187536 0.00191433 0.00106245
145.62 0.866589 0.70857 0.532733 0.00248999 0.00154995 0.00118343
145.64 0.866719 0.708622 0.532772 0.0032501 0.00129122 0.000980923
145.66 0.86687 0.70867 0.532795 0.00376404 0.00120975 0.000556825
145.68 0.867022 0.708721 0.532801 0.00380108 0.00126761 0.000167811
145.7 0.867158 0.708777 0.532805 0.00339914 0.00138779 8.2983e-05
145.72 0.86727 0.708837 0.532821 0.0028086 0.00149944 0.000419084
145.74 0.867364 0.708898 0.532863 0.00233038 0.00154498 0.00104884
145.76 0.86745 0.708959 0.532929 0.00215677 0.00151708 0.00164758
145.78 0.867542 0.709018 0.533004 0.0023112 0.00148437 0.00186828
145.8 0.86765 0.709079 0.533066 0.00268547 0.00150898 0.00154493
145.82 0.867773 0.70914 0.533098 0.00308759 0.00153319 0.000797538
145.84 0.867905 0.709197 0.533097 0.00329671 0.00141633 -2.71273e-05
145.86 0.868032 0.70924 0.533075 0.00318054 0.00108244 -0.00053275
145.88 0.868144 0.709265 0.533057 0.00278453 0.00060952 -0.000467705
145.9 0.868235 0.709273 0.533063 0.00227802 0.000208909 0.000154825
145.92 0.868308 0.709279 0.533106 0.00182796 0.000143325 0.00108536
145.94 0.868369 0.709301 0.533187 0.00153604 0.000572449 0.00200565
145.96 0.868427 0.709357 0.533295 0.00144224 0.0013887 0.00270291
145.98 0.868488 0.709446 0.533419 0.00153615 0.00221267 0.00310612
146 0.868559 0.70955 0.533547 0.00176964 0.00261726 0.00321336
146.02 0.868642 0.709647 0.533669 0.00207239 0.00241868 0.00303581
146.04 0.868737 0.70972 0.533773 0.00236196 0.00181403 0.00260194
146.06 0.868838 0.70977 0.533852 0.00254497 0.00126174 0.00197366
146.08 0.86894 0.709817 0.533902 0.00253523 0.00117982 0.00125653
146.1 0.869032 0.709884 0.533926 0.00230606 0.00166117 0.000604076
146.12 0.869109 0.70998 0.533934 0.00192803 0.00241143 0.000184103
146.14 0.869171 0.710098 0.533938 0.00154141 0.00295977 0.000101873
146.16 0.869223 0.710218 0.533951 0.00130064 0.00297846 0.00033648
146.18 0.869277 0.710317 0.533982 0.00134477 0.0024919 0.000762709
146.2 0.869347 0.710391 0.53403 0.00174958 0.00184429 0.00121839
146.22 0.869445 0.710449 0.534092 0.00245016 0.00144796 0.0015354
146.24 0.869573 0.710509 0.534155 0.00321295 0.00149971 0.00156738
146.26 0.869722 0.710584 0.534205 0.00372351 0.00187902 0.00126238
146.28 0.869872 0.710675 0.534234 0.00375558 0.00226615 0.000725007
146.3 0.870005 0.71077 0.534241 0.00330557 0.00237922 0.000180054
146.32 0.870109 0.710856 0.534235 0.00260282 0.00214357 -0.000157597
146.34 0.870188 0.710923 0.534227 0.00198916 0.00169086 -0.000204024
146.36 0.870257 0.710972 0.534224 0.00172501 0.00121929 -5.82718e-05
146.38 0.870332 0.711006 0.534226 0.00185735 0.000847547 3.53548e-05
146.4 0.870422 0.711029 0.534219 0.00224935 0.000582016 -0.000171626
146.42 0.870529 0.711045 0.534189 0.00269467 0.000398768 -0.000748313
146.44 0.870649 0.711059 0.53413 0.00299673 0.000337286 -0.00147792
146.46 0.870769 0.711078 0.534052 0.00300156 0.000486088 -0.00193915
146.48 0.870875 0.711113 0.533982 0.00263312 0.000863593 -0.00175236
146.5 0.870952 0.711166 0.533949 0.00193907 0.00134222 -0.000825455
146.52 0.870996 0.711234 0.533971 0.00109844 0.00169456 0.000549364
146.54 0.871011 0.711304 0.534044 0.000369037 0.00173392 0.00182024
146.56 0.871011 0.711362 0.534143 8.26785e-07 0.0014551 0.00247773
146.58 0.871017 0.711404 0.534237 0.000147461 0.00106185 0.00233549
146.6 0.871048 0.711438 0.5343 0.000787769 0.00083909 0.0015807
146.62 0.871116 0.711476 0.534324 0.00168743 0.000950926 0.000606373
146.64 0.871214 0.711529 0.534316 0.00245017 0.00132488 -0.000200195
146.66 0.871321 0.711598 0.534293 0.00268951 0.00171714 -0.000584822
146.68 0.871412 0.711674 0.534274 0.00226196 0.00191005 -0.000466478
146.7 0.871467 0.711749 0.534276 0.00139105 0.00188109 5.91064e-05
146.72 0.87149 0.711821 0.534307 0.000551645 0.00179297 0.000767711
146.74 0.871497 0.711894 0.534364 0.000196729 0.00182776 0.00143493
146.76 0.871518 0.711976 0.534442 0.000522141 0.00204993 0.00194051
146.78 0.871574 0.712072 0.534532 0.00138162 0.0024021 0.00225898
146.8 0.871668 0.712183 0.534629 0.0023717 0.00277608 0.00241101
146.82 0.871791 0.712306 0.534726 0.00306092 0.00307218 0.00243997
146.84 0.871921 0.712435 0.534822 0.0032471 0.00321774 0.0023958
146.86 0.872043 0.712562 0.534915 0.00305142 0.00317475 0.00230757
146.88 0.872153 0.712679 0.535 0.00276673 0.00294186 0.00214351
146.9 0.872259 0.712782 0.535073 0.00263003 0.00256478 0.00182562
146.92 0.872367 0.712869 0.535126 0.00271344 0.00216515 0.00132711
146.94 0.872485 0.712946 0.535157 0.00294636 0.00193601 0.000763798
146.96 0.872613 0.713029 0.535172 0.00320558 0.0020721 0.000377987
146.98 0.87275 0.713134 0.535188 0.00341103 0.00263614 0.000405138
147 0.872892 0.713272 0.535225 0.00356225 0.00344499 0.000912342
147.02 0.87304 0.713437 0.535293 0.00370041 0.00411984 0.00170427
147.04 0.873194 0.713609 0.535388 0.00385285 0.00429798 0.00237792
147.06 0.873355 0.713762 0.53549 0.00401581 0.00384042 0.00253594
147.08 0.873522 0.713879 0.535571 0.00416351 0.00291989 0.00203292
147.1 0.873691 0.713958 0.535614 0.00424744 0.00196201 0.00107575
147.12 0.873859 0.714015 0.535619 0.00419259 0.00143977 0.000115429
147.14 0.874017 0.714079 0.535603 0.00393469 0.00159048 -0.000398591
147.16 0.874157 0.714169 0.535591 0.00350611 0.00224765 -0.00028144
147.18 0.874279 0.714287 0.535603 0.00306091 0.0029462 0.000286775
147.2 0.87439 0.714416 0.53564 0.00277309 0.00322222 0.000918434
147.22 0.874498 0.71453 0.535691 0.00270236 0.00286817 0.00127546
147.24 0.874609 0.714611 0.535739 0.00277795 0.00201338 0.0012185
147.26 0.874725 0.714652 0.535771 0.00289982 0.00103564 0.000791692
147.28 0.874846 0.714666 0.535777 0.00301702 0.000340489 0.000144295
147.3 0.874971 0.714671 0.535756 0.00312494 0.000128389 -0.000512693
147.32 0.8751 0.714684 0.535718 0.0032327 0.000320379 -0.000954733
147.34 0.875234 0.714711 0.535677 0.00333308 0.000680654 -0.00103345
147.36 0.875368 0.714751 0.535647 0.00336607 0.00100369 -0.000752585
147.38 0.875497 0.7148 0.535636 0.00321856 0.00121317 -0.000265706
147.4 0.875609 0.714853 0.535644 0.00279589 0.00132529 0.000209728
147.42 0.875693 0.714908 0.535665 0.00211121 0.00136985 0.000519569
147.44 0.875746 0.714962 0.535691 0.00131432 0.00135908 0.000639165
147.46 0.875771 0.715012 0.535715 0.000637869 0.00125866 0.000616278
147.48 0.875783 0.715052 0.535735 0.000292247 0.000995834 0.000490236
147.5 0.875798 0.715076 0.535747 0.000376436 0.000593332 0.0002898
147.52 0.875832 0.715087 0.535751 0.000852004 0.000289199 9.9054e-05
147.54 0.875894 0.715104 0.535754 0.00154342 0.000422062 8.70342e-05
147.56 0.875981 0.71515 0.535771 0.00217019 0.0011482 0.000424948
147.58 0.87608 0.715241 0.535816 0.00247072 0.00226677 0.00113368
147.6 0.876174 0.715373 0.535896 0.00235892 0.0033033 0.00198831
147.62 0.876252 0.715523 0.535999 0.00194848 0.00376036 0.00258331
147.64 0.876309 0.715659 0.536102 0.00143262 0.00338055 0.00256817
147.66 0.876348 0.715751 0.536179 0.000958909 0.00232091 0.00191418
147.68 0.876372 0.715796 0.536218 0.000608558 0.0011122 0.000988108
147.7 0.876389 0.71581 0.536231 0.000429558 0.000349988 0.000330005
147.72 0.876406 0.715823 0.536243 0.000427525 0.000315884 0.000296983
147.74 0.876429 0.715857 0.536277 0.000560632 0.00084786 0.000858317
147.76 0.87646 0.715917 0.536344 0.000785543 0.00151233 0.00165557
147.78 0.876505 0.715992 0.536434 0.00111864 0.00187734 0.00224584
147.8 0.87657 0.716062 0.536528 0.00162034 0.00173845 0.00236642
147.82 0.87666 0.716111 0.53661 0.00226919 0.00122764 0.0020407
147.84 0.876775 0.71614 0.536669 0.00286831 0.000726733 0.00147866
147.86 0.876901 0.716164 0.536705 0.00313569 0.000595635 0.000896112
147.88 0.877017 0.7162 0.536722 0.00292158 0.000913517 0.000421209
147.9 0.877111 0.716258 0.536727 0.00234716 0.001439 0.00013105
147.92 0.877181 0.716329 0.536732 0.00175005 0.00179124 0.000117625
147.94 0.87724 0.716398 0.53675 0.00147532 0.00170922 0.00046614
147.96 0.877307 0.716447 0.536796 0.00165749 0.00122954 0.00114597
147.98 0.877393 0.716473 0.536873 0.00215244 0.000663226 0.00191847
148 0.877499 0.716488 0.536968 0.00265613 0.000374188 0.00238121
148.02 0.877616 0.71651 0.537056 0.00291978 0.000529476 0.00219969
148.04 0.877731 0.71655 0.537111 0.00289393 0.00100905 0.00137538
148.06 0.87784 0.716611 0.537123 0.00271193 0.00151597 0.000298485
148.08 0.877942 0.716683 0.537104 0.00255459 0.00179724 -0.000485604
148.1 0.878042 0.716754 0.537079 0.00249041 0.00179855 -0.000615957
148.12 0.878139 0.716819 0.537074 0.00242135 0.00162147 -0.000131798
148.14 0.878226 0.716875 0.537096 0.00219354 0.00137935 0.00056589
148.16 0.878298 0.71692 0.537136 0.00178373 0.0011305 0.00099558
148.18 0.878353 0.716955 0.537173 0.00137251 0.000893936 0.000934706
148.2 0.878401 0.716983 0.537195 0.00122041 0.000695004 0.000536156
148.22 0.878461 0.717008 0.5372 0.00147712 0.000606161 0.000136691
148.24 0.878544 0.717036 0.537199 0.00207722 0.000722236 -2.59642e-05
148.26 0.878654 0.717079 0.537202 0.00276283 0.00106899 6.11118e-05
148.28 0.878783 0.717141 0.537212 0.00321113 0.00153658 0.000248999
148.3 0.878911 0.717217 0.537226 0.00320424 0.00191866 0.00036548
148.32 0.879021 0.717299 0.53724 0.0027611 0.00205225 0.00033593
148.34 0.879106 0.717377 0.537248 0.00212945 0.00193998 0.000214595
148.36 0.879171 0.717447 0.537253 0.00162534 0.00174523 0.000105646
148.38 0.87923 0.717514 0.537255 0.00145634 0.00167814 4.78348e-05
148.4 0.879296 0.717588 0.537254 0.00165188 0.00184908 -7.60993e-06
148.42 0.879379 0.717675 0.53725 0.00207702 0.00217139 -0.000102448
148.44 0.879479 0.717771 0.537243 0.0025072 0.00239942 -0.000167798
148.46 0.879591 0.717864 0.537242 0.00279095 0.00233083 -3.57432e-05
148.48 0.87971 0.717944 0.537259 0.00297405 0.0020002 0.00042545
148.5 0.879839 0.718011 0.537305 0.00323379 0.00168403 0.00115237
148.52 0.879986 0.718079 0.53738 0.00368167 0.00170022 0.00186079
148.54 0.880155 0.718165 0.537468 0.00422493 0.00215034 0.002207
148.56 0.880339 0.718278 0.537549 0.00460032 0.00281029 0.00202243
148.58 0.880521 0.718409 0.537606 0.0045484 0.00327138 0.00143777
148.6 0.880682 0.718538 0.537638 0.00401761 0.00323419 0.000805207
148.62 0.880812 0.718646 0.537658 0.00323987 0.0027011 0.000478734
148.64 0.880916 0.718724 0.537682 0.00261048 0.00194728 0.000614802
148.66 0.881015 0.718778 0.537726 0.00247245 0.00134322 0.00110599
148.68 0.881132 0.718824 0.537793 0.00293767 0.00116239 0.00166411
148.7 0.881285 0.718883 0.537873 0.00381456 0.0014584 0.00200296
148.72 0.881472 0.718965 0.537953 0.00467895 0.00205908 0.00200236
148.74 0.881676 0.719072 0.538023 0.00510047 0.00268121 0.00175429
148.76 0.881871 0.719196 0.538082 0.00488124 0.00308435 0.0014582
148.78 0.882037 0.719323 0.538132 0.00414143 0.00317969 0.00126476
148.8 0.882166 0.719444 0.538181 0.00323181 0.00303944 0.00121859
148.82 0.882268 0.719556 0.538233 0.00254266 0.00278155 0.00129941
148.84 0.88236 0.719653 0.538291 0.00229736 0.00244665 0.00145873
148.86 0.882458 0.719735 0.538356 0.00244763 0.00202769 0.00162254
148.88 0.882567 0.719799 0.538424 0.00273422 0.00160273 0.00169439
148.9 0.882682 0.719854 0.538487 0.00287647 0.00137137 0.00158221
148.92 0.882792 0.719914 0.538538 0.00274985 0.00151164 0.00125549
148.94 0.88289 0.719995 0.538569 0.0024459 0.00201998 0.000798338
148.96 0.882977 0.720102 0.538585 0.00217086 0.00269281 0.000390905
148.98 0.88306 0.720231 0.538593 0.00207528 0.00321943 0.000199429
149 0.883146 0.720364 0.538603 0.00215651 0.00332145 0.000252964
149.02 0.883238 0.720481 0.538621 0.00228378 0.00292212 0.000438152
149.04 0.88333 0.72057 0.538645 0.00231964 0.00222477 0.000598933
149.06 0.883419 0.720633 0.538669 0.00221825 0.00158366 0.000609079
149.08 0.8835 0.720684 0.538685 0.0020349 0.00127243 0.000400874
149.1 0.883574 0.720738 0.538685 0.00184697 0.00134229 -5.19951e-06
149.12 0.883641 0.720803 0.538665 0.00165572 0.00163207 -0.000495921
149.14 0.883697 0.720879 0.538629 0.00140159 0.00190261 -0.000905624
149.16 0.883739 0.720959 0.538586 0.00106819 0.00199828 -0.00107474
149.18 0.883769 0.721036 0.53855 0.000749056 0.00191507 -0.000893075
149.2 0.883794 0.721106 0.538536 0.000626846 0.00174758 -0.000348964
149.22 0.883829 0.72117 0.538553 0.000857822 0.00159641 0.000412797
149.24 0.883885 0.721231 0.538597 0.00141257 0.00152446 0.00110095
149.26 0.883967 0.721293 0.538653 0.00203473 0.00155076 0.00141418
149.28 0.884062 0.721359 0.538702 0.00238973 0.00165789 0.00122276
149.3 0.884153 0.721431 0.538729 0.00227054 0.0017954 0.000658702
149.32 0.884221 0.721506 0.53873 0.00169147 0.00187488 4.34457e-05
149.34 0.884255 0.721578 0.538718 0.000858178 0.00180983 -0.000303556
149.36 0.884258 0.721642 0.538709 6.88232e-05 0.00158604 -0.000239488
149.38 0.884241 0.721692 0.538715 -0.000412007 0.0012696 0.000161413
149.4 0.884223 0.721731 0.538743 -0.000456198 0.000959512 0.000695744
149.42 0.884219 0.721761 0.538789 -0.00010707 0.000763959 0.00116146
149.44 0.884238 0.721793 0.538848 0.000471309 0.000788428 0.00145605
149.46 0.884281 0.721836 0.538912 0.00108276 0.00107199 0.0016037
149.48 0.884343 0.721897 0.53898 0.00155646 0.00152332 0.00170026
149.5 0.884414 0.721976 0.539052 0.00176649 0.00197599 0.00181775
149.52 0.88448 0.722066 0.53913 0.00165271 0.00226711 0.00194519
149.54 0.88453 0.722157 0.53921 0.00126358 0.0022537 0.00200666
149.56 0.884561 0.72223 0.539287 0.000771668 0.00183911 0.00192439
149.58 0.884578 0.722272 0.539355 0.000412485 0.00105451 0.00168411
149.6 0.884593 0.722278 0.539409 0.000381611 0.000139773 0.00136405
149.62 0.884623 0.722258 0.539453 0.00073722 -0.000508161 0.00108533
149.64 0.884677 0.722235 0.53949 0.00134913 -0.000552059 0.00092331
149.66 0.884754 0.722238 0.539524 0.001928 6.79304e-05 0.000852805
149.68 0.884841 0.722283 0.539556 0.00217312 0.00111497 0.000797995
149.7 0.88492 0.722372 0.539586 0.00198985 0.00222006 0.000748725
149.72 0.884984 0.722494 0.539618 0.00158733 0.0030493 0.000794701
149.74 0.885038 0.722628 0.539658 0.00135859 0.00336318 0.00101892
149.76 0.885103 0.722751 0.539713 0.00163655 0.00306171 0.00136742
149.78 0.885203 0.72284 0.539779 0.00249173 0.0022457 0.00164458
149.8 0.88535 0.722889 0.539844 0.00367941 0.00121473 0.0016321
149.82 0.88554 0.722904 0.539893 0.00474767 0.000365849 0.00122773
149.84 0.885751 0.722905 0.539914 0.00527247 3.65127e-05 0.000526554
149.86 0.885955 0.722919 0.539906 0.00510195 0.000358061 -0.000209702
149.88 0.886132 0.722966 0.539878 0.00442444 0.00116811 -0.000696885
149.9 0.886276 0.723049 0.539847 0.0036078 0.00206838 -0.000783412
149.92 0.886395 0.723154 0.539826 0.00295331 0.00263948 -0.000513595
149.94 0.886498 0.723261 0.539823 0.00258043 0.00266608 -8.68772e-05
149.96 0.886598 0.72335 0.539833 0.00249407 0.00222449 0.000258548
149.98 0.886706 0.723414 0.539849 0.00270134 0.00158985 0.00039911
150 0.886835 0.723456 0.539864 0.00322245 0.0010587 0.000388978
150.02 0.886994 0.723488 0.539879 0.00398649 0.000795186 0.000366575
150.04 0.887184 0.723519 0.539896 0.00475722 0.000775547 0.000422481
150.06 0.887393 0.723553 0.539918 0.00521338 0.000852257 0.000552181
150.08 0.887598 0.723588 0.539946 0.00513555 0.000880614 0.000701572
150.1 0.88778 0.72362 0.53998 0.0045432 0.000809197 0.00083805
150.12 0.887927 0.723647 0.540019 0.00367781 0.000670923 0.000975991
150.14 0.888042 0.723669 0.540064 0.00286951 0.000533791 0.00113092
150.16 0.888137 0.723688 0.540114 0.00236808 0.000490438 0.00125522
150.18 0.888225 0.723715 0.540163 0.00221622 0.000664591 0.00123015
150.2 0.888316 0.723761 0.540202 0.00227361 0.0011438 0.000960148
150.22 0.888412 0.723835 0.540222 0.00238881 0.00185216 0.000512058
150.24 0.888513 0.723935 0.540227 0.00253363 0.00250471 0.000127328
150.26 0.888624 0.724045 0.540229 0.0027625 0.0027502 4.78123e-05
150.28 0.888747 0.724141 0.540242 0.0030794 0.00241372 0.000325872
150.3 0.888881 0.724208 0.540275 0.00334617 0.00165125 0.00080535
150.32 0.889014 0.724244 0.540326 0.00334588 0.000919259 0.00127522
150.34 0.889134 0.724274 0.540391 0.00299959 0.000740108 0.00162514
150.36 0.889235 0.724329 0.540465 0.00251746 0.00137567 0.00186372
150.38 0.889326 0.724435 0.540546 0.00228351 0.00264269 0.0020245
150.4 0.889428 0.724594 0.540629 0.00255005 0.00399316 0.00207799
150.42 0.889557 0.724786 0.540707 0.00320922 0.00480113 0.00193774
150.44 0.88971 0.724974 0.540769 0.00383184 0.00469707 0.00155401
150.46 0.889869 0.725125 0.540809 0.00396775 0.00378047 0.000993471
150.48 0.890008 0.72523 0.540825 0.00348094 0.00260215 0.000421075
150.5 0.890114 0.725304 0.540825 0.00264298 0.00186921 -1.09492e-06
150.52 0.890191 0.725384 0.540817 0.00192486 0.00198821 -0.00020321
150.54 0.890258 0.725496 0.540809 0.00168405 0.00280942 -0.000208923
150.56 0.890337 0.725647 0.540806 0.00196484 0.00376754 -6.98287e-05
150.58 0.890437 0.725818 0.540814 0.00250809 0.0042757 0.00019179
150.6 0.890556 0.725981 0.540837 0.00296754 0.00408583 0.000588384
150.62 0.890683 0.726117 0.540882 0.00317841 0.00339062 0.00110913
150.64 0.890811 0.726222 0.540946 0.00321083 0.00263111 0.00162013
150.66 0.890939 0.726309 0.54102 0.00318939 0.00217873 0.00184772
150.68 0.891065 0.726396 0.541083 0.00314477 0.00215186 0.0015569
150.7 0.891186 0.726493 0.541114 0.00302599 0.00244136 0.000787493
150.72 0.891297 0.726606 0.54111 0.00278363 0.00281961 -9.60549e-05
150.74 0.891394 0.726728 0.541086 0.00242608 0.00304571 -0.000604254
150.76 0.891475 0.726846 0.541069 0.00202767 0.00296339 -0.000437271
150.78 0.891543 0.726949 0.541081 0.00169473 0.00257505 0.00031073
150.8 0.891604 0.727031 0.54113 0.0015147 0.00203084 0.00122256
150.82 0.891663 0.727092 0.541204 0.00149794 0.00154178 0.00185784
150.84 0.891726 0.727143 0.541285 0.00156585 0.00128051 0.00201972
150.86 0.891792 0.727196 0.541357 0.00163515 0.00131169 0.00179989
150.88 0.891859 0.727259 0.541414 0.00169199 0.00157191 0.00142843
150.9 0.891929 0.727335 0.541457 0.00173371 0.00189332 0.00106389
150.92 0.891996 0.727417 0.541485 0.00169328 0.00206568 0.000708677
150.94 0.892056 0.727495 0.541497 0.00148156 0.00193439 0.00029153
150.96 0.892099 0.727555 0.541489 0.00108378 0.00150041 -0.00018291
150.98 0.892124 0.727592 0.541468 0.000622849 0.000936877 -0.000537267
151 0.892137 0.727612 0.541449 0.000331343 0.000508844 -0.00048047
151.02 0.892153 0.72763 0.541456 0.000401717 0.000432804 0.000170023
151.04 0.892185 0.72766 0.541506 0.000797024 0.000748664 0.00126841
151.06 0.892234 0.727712 0.5416 0.00123306 0.00129813 0.00235338
151.08 0.892291 0.727783 0.541717 0.00140595 0.00179285 0.00291399
151.1 0.89234 0.727862 0.541825 0.00124397 0.00195912 0.00268935
151.12 0.892378 0.72793 0.541896 0.000947306 0.0017108 0.00179633
151.14 0.892411 0.727979 0.541922 0.00081682 0.00121829 0.000636925
151.16 0.892452 0.728011 0.541908 0.00103441 0.000798142 -0.000348054
151.18 0.892514 0.728039 0.541872 0.00154001 0.000699443 -0.000907753
151.2 0.892597 0.728077 0.54183 0.00207424 0.000949076 -0.00103636
151.22 0.892692 0.728131 0.541795 0.00238159 0.00136784 -0.000873128
151.24 0.892789 0.7282 0.541772 0.00241758 0.00171786 -0.000571798
151.26 0.892884 0.728274 0.541764 0.00237331 0.00184827 -0.000216797
151.28 0.892984 0.728344 0.541771 0.002497 0.00175793 0.000173969
151.3 0.893098 0.728408 0.541794 0.00286754 0.00158145 0.000579702
151.32 0.893231 0.728467 0.541831 0.0033191 0.001496 0.000933052
151.34 0.893374 0.72853 0.541877 0.00356315 0.00157357 0.00114117
151.36 0.89351 0.728599 0.541923 0.0034026 0.00172312 0.00114546
151.38 0.893626 0.728671 0.541962 0.00289439 0.00179425 0.000988763
151.4 0.893719 0.728739 0.541994 0.00234049 0.00170621 0.000796807
151.42 0.893803 0.728798 0.542021 0.00209684 0.00146923 0.000666885
151.44 0.893896 0.728844 0.542045 0.00232214 0.00114276 0.000596061
151.46 0.89401 0.728876 0.542065 0.00284692 0.000811304 0.000517959
151.48 0.894141 0.728899 0.542081 0.00328782 0.000578512 0.000398561
151.5 0.894275 0.728921 0.542093 0.00333588 0.000549625 0.000293681
151.52 0.894394 0.728952 0.542107 0.00299068 0.000767141 0.000338401
151.54 0.894496 0.728998 0.542133 0.00254144 0.00114711 0.000661984
151.56 0.894589 0.729058 0.542183 0.00232699 0.00150666 0.00125105
151.58 0.894689 0.729125 0.542259 0.00248793 0.00166343 0.00189173
151.6 0.894804 0.729186 0.54235 0.00287452 0.00154106 0.00226897
151.62 0.89493 0.729235 0.542436 0.00317222 0.00120827 0.00215291
151.64 0.895057 0.729268 0.542498 0.00315266 0.000839695 0.00155339
151.66 0.89517 0.729293 0.542527 0.00283425 0.000627491 0.000736109
151.68 0.895268 0.72932 0.54253 0.00244794 0.000671189 7.32923e-05
151.7 0.895358 0.729356 0.542524 0.00226597 0.000897454 -0.000159597
151.72 0.895455 0.729401 0.542527 0.00241462 0.00111556 8.40589e-05
151.74 0.895566 0.729448 0.542552 0.00278166 0.00118954 0.000631674
151.76 0.895691 0.729495 0.542601 0.0031052 0.00115644 0.0012222
151.78 0.895818 0.729541 0.542667 0.00318336 0.0011696 0.0016448
151.8 0.895938 0.729595 0.54274 0.0030092 0.00134134 0.00181332
151.82 0.896048 0.729661 0.54281 0.00273491 0.0016458 0.00176323
151.84 0.896149 0.729739 0.542873 0.00252245 0.00194594 0.00157762
151.86 0.896245 0.729822 0.542925 0.00242358 0.0020837 0.00130271
151.88 0.896341 0.729901 0.542963 0.00237958 0.00196752 0.000931213
151.9 0.896432 0.729966 0.542981 0.00229336 0.0016406 0.000456427
151.92 0.896516 0.730018 0.542978 0.00209887 0.00129107 -8.20623e-05
151.94 0.896589 0.730065 0.542954 0.00180781 0.00116981 -0.000598026
151.96 0.89665 0.730122 0.542915 0.00152577 0.00143676 -0.000959842
151.98 0.896705 0.730204 0.542875 0.00139272 0.00203547 -0.00100689
152 0.896764 0.730312 0.542849 0.00146105 0.00269801 -0.000640307
152.02 0.89683 0.730436 0.542852 0.0016493 0.0031024 5.40613e-05
152.04 0.896903 0.730559 0.542883 0.00182279 0.00307569 0.000777381
152.06 0.896979 0.730667 0.542929 0.00190057 0.00270154 0.00115421
152.08 0.897054 0.730757 0.542967 0.00189085 0.00225716 0.000963454
152.1 0.897129 0.730839 0.54298 0.00185685 0.00203652 0.00030709
152.12 0.897205 0.730925 0.542963 0.00189647 0.00216428 -0.000423973
152.14 0.89729 0.731026 0.542931 0.00212446 0.00251228 -0.00077931
152.16 0.897393 0.731138 0.54291 0.00259346 0.00280495 -0.000530179
152.18 0.897522 0.731251 0.542917 0.00320619 0.00282275 0.000174274
152.2 0.897671 0.731354 0.542953 0.00372616 0.00256901 0.000904277
152.22 0.897827 0.731444 0.543003 0.0039072 0.0022706 0.00124372
152.24 0.897973 0.731533 0.543046 0.00364601 0.00221596 0.00106316
152.26 0.898095 0.731635 0.543069 0.00305363 0.00254439 0.000579777
152.28 0.898191 0.731759 0.543076 0.00241615 0.00310826 0.000178659
152.3 0.898275 0.731901 0.543082 0.00207799 0.00354791 0.000138924
152.32 0.898365 0.732043 0.543101 0.00226468 0.00353839 0.000475039
152.34 0.898483 0.732163 0.543141 0.00295004 0.00300956 0.00100607
152.36 0.898639 0.732252 0.543203 0.00388627 0.00221803 0.00155002
152.38 0.898828 0.732316 0.543283 0.00473009 0.00161604 0.00200936
152.4 0.899034 0.732379 0.543376 0.00515652 0.00156451 0.00231377
152.42 0.899232 0.732462 0.543471 0.00495134 0.00207056 0.0023743
152.44 0.899397 0.732572 0.543556 0.00412217 0.00276196 0.00213492
152.46 0.899516 0.732698 0.543622 0.00296897 0.00313495 0.0016451
152.48 0.899596 0.732814 0.543664 0.00199415 0.00291836 0.00105876
152.5 0.899661 0.732904 0.543687 0.00164596 0.00224882 0.000555817
152.52 0.899744 0.732965 0.543697 0.00205861 0.00151762 0.000260672
152.54 0.899863 0.733007 0.543705 0.0029728 0.00105907 0.000206203
152.56 0.900018 0.733045 0.543719 0.00388483 0.000953813 0.000336301
152.58 0.900191 0.733087 0.54374 0.00432433 0.00104295 0.00054135
152.6 0.900355 0.73313 0.543769 0.00410383 0.00107785 0.000719467
152.62 0.900491 0.733168 0.543802 0.00339523 0.00093166 0.00081308
152.64 0.900595 0.733197 0.543834 0.00260113 0.000735266 0.000808902
152.66 0.900679 0.733228 0.543863 0.00210644 0.000771904 0.000720869
152.68 0.900762 0.733276 0.543885 0.00205798 0.00120274 0.000553211
152.7 0.900854 0.733351 0.543896 0.00230877 0.00188152 0.000286215
152.72 0.900956 0.733448 0.543893 0.00255659 0.00241711 -7.51088e-05
152.74 0.90106 0.733546 0.543876 0.00258276 0.00245111 -0.000428991
152.76 0.901155 0.733623 0.543852 0.00238575 0.0019267 -0.000598123
152.78 0.901239 0.733668 0.543834 0.00209726 0.00113596 -0.000458276
152.8 0.901312 0.733689 0.543832 0.0018388 0.000523379 -4.47356e-05
152.82 0.90138 0.733706 0.54385 0.00167955 0.000408887 0.000452952
152.84 0.901445 0.733738 0.543882 0.00163822 0.000812605 0.000788905
152.86 0.901512 0.733798 0.543914 0.00166958 0.00149612 0.000801084
152.88 0.90158 0.733884 0.543935 0.0016962 0.00215766 0.000527699
152.9 0.901647 0.733988 0.543943 0.00168855 0.00260056 0.000210096
152.92 0.901715 0.734099 0.543949 0.00168554 0.00277037 0.0001349
152.94 0.901783 0.734207 0.543966 0.00171336 0.00269397 0.000422277
152.96 0.901852 0.734304 0.544003 0.00172876 0.00241909 0.000943066
152.98 0.901919 0.734384 0.544061 0.00167053 0.00200607 0.00143018
153 0.901981 0.734446 0.544127 0.00154373 0.00155803 0.00165907
153.02 0.902038 0.734496 0.544189 0.00143065 0.00124723 0.00155121
153.04 0.902095 0.734547 0.544236 0.00141213 0.00125744 0.00118719
153.06 0.902154 0.734613 0.544266 0.00149012 0.00165922 0.000734703
153.08 0.902218 0.734706 0.544279 0.00158834 0.0023259 0.000317468
153.1 0.902283 0.734824 0.544277 0.0016229 0.0029433 -4.98006e-05
153.12 0.902345 0.73495 0.544261 0.00156445 0.00315456 -0.000382514
153.14 0.902403 0.735061 0.544237 0.0014357 0.00279162 -0.000609017
153.16 0.902454 0.735143 0.544214 0.00128011 0.00202598 -0.000563159
153.18 0.902499 0.735194 0.54421 0.00112711 0.00128481 -0.000107288
153.2 0.902538 0.735234 0.544239 0.000984909 0.00099336 0.000725927
153.22 0.902574 0.735287 0.544307 0.00088029 0.00132787 0.0016898
153.24 0.902609 0.735371 0.544403 0.000887619 0.0021062 0.00241627
153.26 0.902652 0.735486 0.544507 0.00106347 0.00288323 0.00259796
153.28 0.902706 0.735615 0.544593 0.00136136 0.00320507 0.00215087
153.3 0.902772 0.735729 0.544644 0.00164783 0.00287184 0.00126242
153.32 0.902843 0.735811 0.544656 0.00178216 0.00204943 0.000309278
153.34 0.902911 0.735858 0.544644 0.00168291 0.00115419 -0.000309634
153.36 0.902965 0.735882 0.54463 0.00136341 0.000603523 -0.000351548
153.38 0.903003 0.735905 0.544636 0.000937468 0.000584747 0.000159929
153.4 0.903026 0.735944 0.544674 0.000589917 0.000976077 0.000946553
153.42 0.903047 0.736002 0.544739 0.000511254 0.00143812 0.00161745
153.44 0.90308 0.736066 0.544814 0.000823997 0.00161193 0.0018806
153.46 0.90314 0.73612 0.544882 0.00149623 0.00133448 0.00170003
153.48 0.903232 0.73615 0.544933 0.00230754 0.000750618 0.00128841
153.5 0.90335 0.736158 0.544971 0.0029476 0.000217045 0.000940552
153.52 0.903478 0.736161 0.545004 0.00320324 5.94912e-05 0.00083121
153.54 0.903601 0.736176 0.545041 0.00307313 0.00037324 0.000908729
153.56 0.903709 0.736214 0.545079 0.00270724 0.000958991 0.000952354
153.58 0.9038 0.736271 0.545109 0.00227941 0.00142268 0.000767374
153.6 0.903878 0.736328 0.545124 0.00194424 0.00143022 0.000363425
153.62 0.903952 0.736366 0.545122 0.00185009 0.000952984 -5.00249e-05
153.64 0.904036 0.736378 0.545112 0.00209085 0.000303358 -0.000239239
153.66 0.90414 0.736375 0.545107 0.00260944 -7.04789e-05 -0.000128611
153.68 0.904268 0.736381 0.545114 0.00319795 0.000131247 0.000157608
153.7 0.904414 0.736416 0.545129 0.00363961 0.000886324 0.000396157
153.72 0.904567 0.736491 0.545147 0.00384119 0.00187689 0.0004307
153.74 0.904721 0.736598 0.545159 0.00384861 0.00266522 0.000296736
153.76 0.904872 0.736714 0.545166 0.00376894 0.00291212 0.000192519
153.78 0.905019 0.736816 0.545178 0.00368486 0.00253982 0.000293776
153.8 0.905165 0.736887 0.545202 0.00363397 0.00177411 0.00059029
153.82 0.90531 0.736928 0.545237 0.00362588 0.00103428 0.000885881
153.84 0.905457 0.736957 0.545275 0.00367715 0.000721231 0.00095614
153.86 0.90561 0.736998 0.545304 0.0038431 0.001024 0.000718278
153.88 0.905778 0.737071 0.545315 0.00419498 0.00183591 0.000280817
153.9 0.905968 0.737184 0.545311 0.00473245 0.00280693 -0.000114607
153.92 0.906179 0.737324 0.545302 0.00528459 0.00350666 -0.000213079
153.94 0.9064 0.737469 0.545307 0.00552848 0.00363111 0.000120806
153.96 0.906608 0.737596 0.54534 0.00519889 0.0031568 0.000820657
153.98 0.906782 0.737689 0.545405 0.0043406 0.00234367 0.00164019
154 0.906916 0.737752 0.545496 0.00336017 0.00156515 0.00226892
154.02 0.907028 0.737797 0.545595 0.00279044 0.00111842 0.0024726
154.04 0.907145 0.737842 0.545682 0.00293344 0.00114368 0.00216859
154.06 0.907291 0.737906 0.545739 0.00364793 0.00159915 0.00142306
154.08 0.907468 0.737996 0.545756 0.00443363 0.00224809 0.000426194
154.1 0.907658 0.738106 0.545734 0.0047392 0.00274802 -0.000537094
154.12 0.907829 0.73822 0.545688 0.00427904 0.00283864 -0.00114894
154.14 0.907957 0.738319 0.545641 0.00319534 0.00247471 -0.00117538
154.16 0.908036 0.738391 0.545618 0.001972 0.00181488 -0.000594756
154.18 0.908082 0.738437 0.545633 0.00115748 0.0011321 0.000381562
154.2 0.908125 0.738464 0.54569 0.00107158 0.000695795 0.00141923
154.22 0.908191 0.73849 0.545777 0.00164176 0.000637261 0.00219096
154.24 0.908289 0.738526 0.545876 0.00246541 0.000894284 0.00247271
154.26 0.908412 0.738577 0.545965 0.00306257 0.00127597 0.0022155
154.28 0.908538 0.738641 0.546027 0.00314887 0.00160268 0.00156027
154.3 0.908648 0.738713 0.546058 0.00274699 0.00181327 0.000764526
154.32 0.908731 0.738792 0.546061 0.00209895 0.00195393 8.8543e-05
154.34 0.908791 0.738874 0.546049 0.00148253 0.00206645 -0.000305903
154.36 0.908834 0.738959 0.546033 0.00107033 0.00210803 -0.000400689
154.38 0.90887 0.739038 0.546022 0.000918321 0.00198801 -0.000282706
154.4 0.908911 0.739106 0.54602 0.00102667 0.00168683 -4.97275e-05
154.42 0.908965 0.739159 0.54603 0.00134604 0.00134649 0.000251674
154.44 0.909035 0.739209 0.546054 0.00174957 0.00122848 0.000601601
154.46 0.909117 0.73927 0.546092 0.00205222 0.00153988 0.000941772
154.48 0.909201 0.739359 0.546138 0.00209005 0.00223179 0.00116668
154.5 0.909274 0.739478 0.546187 0.00181575 0.00296177 0.00121124
154.52 0.909328 0.73961 0.546232 0.00135687 0.003314 0.00113397
154.54 0.909367 0.739734 0.546275 0.000983408 0.0031007 0.00107923
154.56 0.909405 0.739834 0.546321 0.000948627 0.00249597 0.00114262
154.58 0.909457 0.739911 0.546372 0.00129037 0.00191872 0.00126855
154.6 0.909527 0.739981 0.546422 0.00176722 0.00174362 0.00126728
154.62 0.909608 0.740063 0.54646 0.0020094 0.00204975 0.000935499
154.64 0.909678 0.740167 0.546468 0.00176406 0.0025964 0.000206461
154.66 0.909721 0.740287 0.546438 0.00105938 0.00301146 -0.000755191
154.68 0.909729 0.740409 0.546375 0.000214669 0.00303688 -0.00158019
154.7 0.909716 0.740516 0.5463 -0.000324692 0.00268536 -0.0018599
154.72 0.909706 0.740605 0.546244 -0.000253459 0.00223414 -0.00139648
154.74 0.909723 0.740687 0.546229 0.000419658 0.00203985 -0.000383105
154.76 0.909779 0.740777 0.546255 0.00140044 0.00224637 0.000653032
154.78 0.909871 0.740882 0.546301 0.00229295 0.00261987 0.00114844
154.8 0.909983 0.740991 0.546335 0.00280906 0.00273112 0.000852542
154.82 0.910097 0.741084 0.546336 0.00285714 0.0023405 1.66561e-05
154.84 0.910197 0.741148 0.546307 0.00248935 0.00158269 -0.000724527
154.86 0.910271 0.741181 0.546277 0.00185246 0.000829729 -0.000752877
154.88 0.910318 0.741199 0.546281 0.00117826 0.000447411 0.000113171
154.9 0.910348 0.741223 0.546341 0.000747251 0.000612831 0.00148981
154.92 0.91038 0.741272 0.546448 0.000798549 0.00122226 0.0026811
154.94 0.910436 0.741351 0.546573 0.00140206 0.00195721 0.0031165
154.96 0.910531 0.74145 0.54668 0.00237233 0.00249799 0.00267443
154.98 0.910664 0.741558 0.546748 0.00331896 0.00268907 0.00171192
155 0.910817 0.741659 0.546781 0.00383473 0.00252923 0.000816697
155.02 0.910966 0.741742 0.546799 0.00371933 0.0020799 0.000452046
155.04 0.91109 0.7418 0.546827 0.00311331 0.00143597 0.000713236
155.06 0.911188 0.74183 0.546881 0.00244868 0.000743385 0.00134416
155.08 0.911276 0.741837 0.54696 0.00219808 0.000186461 0.00195781
155.1 0.911378 0.741835 0.54705 0.00254416 -5.54264e-05 0.00227226
155.12 0.911507 0.741839 0.54714 0.00323498 0.000117271 0.00223225
155.14 0.911659 0.741865 0.547219 0.00378793 0.000631504 0.00198505
155.16 0.911813 0.741914 0.547289 0.0038439 0.00123842 0.00173715
155.18 0.911948 0.74198 0.547352 0.00339075 0.00164685 0.00157669
155.2 0.912059 0.742048 0.547407 0.00275465 0.00169517 0.00139193
155.22 0.912154 0.742105 0.547447 0.00237725 0.00143324 0.000978256
155.24 0.912254 0.742148 0.547457 0.00249842 0.00106961 0.000260335
155.26 0.912373 0.742182 0.547434 0.00299762 0.000841567 -0.000574912
155.28 0.912514 0.742217 0.547387 0.00352541 0.000878136 -0.00116215
155.3 0.912666 0.742262 0.547339 0.00378998 0.00112152 -0.00119941
155.32 0.912815 0.742317 0.547312 0.00373038 0.00138099 -0.000674886
155.34 0.912954 0.742377 0.547316 0.00347299 0.00149026 9.07645e-05
155.36 0.913082 0.742434 0.547341 0.00318944 0.00143112 0.000623991
155.38 0.913202 0.742487 0.547365 0.0029936 0.0013398 0.000599065
155.4 0.913318 0.742544 0.547367 0.00291873 0.00141586 6.18985e-05
155.42 0.913436 0.742615 0.547344 0.00293448 0.00176748 -0.000584943
155.44 0.913554 0.742706 0.54731 0.00296315 0.00228526 -0.000854157
155.46 0.913671 0.742813 0.547289 0.00292618 0.00268087 -0.000519846
155.48 0.913784 0.742921 0.547298 0.00282185 0.00269316 0.000216899
155.5 0.913893 0.743013 0.547333 0.00273293 0.00230624 0.000869654
155.52 0.914003 0.743085 0.547373 0.00274091 0.00179432 0.00100976
155.54 0.914117 0.743146 0.547396 0.00284257 0.00153214 0.000565582
155.56 0.914235 0.743215 0.54739 0.00294755 0.00171234 -0.000146105
155.58 0.914352 0.743302 0.547363 0.00293549 0.00218725 -0.000668093
155.6 0.914462 0.743405 0.547335 0.00275118 0.0025671 -0.000710023
155.62 0.914561 0.743506 0.547324 0.00247456 0.00253222 -0.000278222
155.64 0.914653 0.74359 0.54734 0.00229587 0.0021006 0.000413168
155.66 0.914749 0.743655 0.547385 0.00239387 0.00160829 0.00111868
155.68 0.914862 0.743712 0.547452 0.00283345 0.00143955 0.00167457
155.7 0.915003 0.743782 0.547532 0.00351282 0.00174128 0.00199569
155.72 0.915169 0.743875 0.547613 0.00416712 0.00233436 0.00204391
155.74 0.915349 0.743988 0.547687 0.00448754 0.00282708 0.00183199
155.76 0.915521 0.744103 0.547744 0.00431147 0.00285659 0.001438
155.78 0.915671 0.744196 0.547785 0.00373594 0.00234256 0.00100879
155.8 0.915792 0.744259 0.547814 0.00304624 0.00155757 0.000725798
155.82 0.915894 0.744296 0.547842 0.00253286 0.00092599 0.000711889
155.84 0.915989 0.744325 0.54788 0.00236785 0.000731174 0.000943979
155.86 0.916091 0.744364 0.547931 0.00256945 0.000983172 0.00127774
155.88 0.916212 0.744424 0.547994 0.00300765 0.00149315 0.00156926
155.9 0.916349 0.744505 0.548064 0.00344583 0.00202329 0.00175474
155.92 0.916495 0.744601 0.548137 0.00364158 0.00240852 0.00182114
155.94 0.916634 0.744705 0.548207 0.00346122 0.00258076 0.00174899
155.96 0.916751 0.744805 0.548267 0.00293302 0.00251257 0.00150193
155.98 0.916839 0.744892 0.548309 0.00221349 0.00218023 0.00106242
156 0.9169 0.744956 0.548329 0.00150837 0.00160203 0.000486246
156.02 0.91694 0.744993 0.548326 0.00101702 0.000922269 -6.96249e-05
156.04 0.916976 0.74501 0.54831 0.000894363 0.000421113 -0.000401636
156.06 0.917023 0.745025 0.548295 0.0011762 0.00037868 -0.000377716
156.08 0.917092 0.74506 0.548294 0.00171107 0.00088047 -2.73426e-05
156.1 0.91718 0.745129 0.548312 0.00220432 0.00171335 0.000459818
156.12 0.917274 0.745227 0.548345 0.0023644 0.00244919 0.000825732
156.14 0.917357 0.745334 0.54838 0.0020534 0.00268764 0.000882812
156.16 0.917411 0.745426 0.548406 0.00135595 0.0022948 0.000631314
156.18 0.917432 0.745486 0.548416 0.000539651 0.00148414 0.00027074
156.2 0.91743 0.745513 0.548418 -6.35122e-05 0.000683327 3.70555e-05
156.22 0.917421 0.745524 0.548418 -0.000219471 0.000284593 -9.4756e-06
156.24 0.917424 0.745542 0.548417 8.50699e-05 0.000438983 -1.03935e-05
156.26 0.917451 0.745582 0.548412 0.000657856 0.00100573 -0.000115845
156.28 0.9175 0.745648 0.548401 0.00121786 0.00165754 -0.000288826
156.3 0.91756 0.745731 0.548388 0.0015216 0.00207137 -0.000320066
156.32 0.917618 0.745815 0.548387 0.00145247 0.00209432 -3.81884e-05
156.34 0.917661 0.745887 0.548407 0.00107237 0.00179342 0.000500015
156.36 0.917686 0.745942 0.548447 0.000608124 0.001385 0.00100009
156.38 0.917699 0.745986 0.548492 0.000327802 0.00109566 0.00112418
156.4 0.917714 0.746028 0.548522 0.00037818 0.00104216 0.000755666
156.42 0.917742 0.746076 0.548526 0.000698613 0.00120387 0.000101429
156.44 0.917785 0.746135 0.548508 0.00108507 0.00147576 -0.000453508
156.46 0.917839 0.746204 0.548484 0.00134146 0.0017331 -0.000593337
156.48 0.917895 0.74628 0.548475 0.00140918 0.00189651 -0.000232341
156.5 0.917951 0.746359 0.548493 0.00139119 0.00198159 0.000465986
156.52 0.918009 0.746442 0.54854 0.00144444 0.00207845 0.0011704
156.54 0.918075 0.746533 0.548602 0.00164548 0.00227273 0.00154954
156.56 0.918152 0.746636 0.54866 0.00193207 0.0025609 0.00144813
156.58 0.918239 0.746748 0.548698 0.00217185 0.00281473 0.000947636
156.6 0.918331 0.746862 0.54871 0.00230502 0.00284804 0.000302694
156.62 0.918428 0.746965 0.548703 0.00242396 0.00257466 -0.00018203
156.64 0.918535 0.747049 0.548692 0.00267502 0.00209964 -0.000274935
156.66 0.918658 0.747116 0.548696 0.00307912 0.00166417 0.00010585
156.68 0.918798 0.747176 0.54873 0.0034979 0.00150044 0.000861239
156.7 0.918948 0.747243 0.548799 0.00375875 0.00168487 0.00171921
156.72 0.9191 0.747327 0.548892 0.00378924 0.00209022 0.00232051
156.74 0.919247 0.747426 0.548988 0.00367772 0.00248768 0.00240591
156.76 0.919392 0.747535 0.549068 0.00361869 0.00270765 0.0019867
156.78 0.919542 0.747644 0.549121 0.00376811 0.00272992 0.00133937
156.8 0.919707 0.74775 0.549154 0.00412598 0.00264812 0.000822997
156.82 0.919889 0.747852 0.549181 0.00454272 0.00255812 0.000666881
156.84 0.920083 0.747951 0.549215 0.00484418 0.00247707 0.00085909
156.86 0.92028 0.748045 0.549263 0.00493631 0.0023426 0.00119079
156.88 0.920472 0.748128 0.549319 0.00478393 0.00208136 0.00141414
156.9 0.920647 0.748196 0.549376 0.00437533 0.00170284 0.00140911
156.92 0.920797 0.74825 0.549425 0.00375213 0.0013372 0.00123759
156.94 0.920919 0.748297 0.549467 0.00305356 0.00117303 0.00104952
156.96 0.921019 0.74835 0.549505 0.00249908 0.00133282 0.000943955
156.98 0.921111 0.748421 0.549541 0.00228992 0.00176604 0.000902157
157 0.92121 0.748511 0.549574 0.00249517 0.00226799 0.000825894
157.02 0.921331 0.748617 0.5496 0.00301481 0.00262916 0.000633757
157.04 0.921476 0.748727 0.549613 0.00362506 0.00274974 0.000338676
157.06 0.921639 0.748832 0.549615 0.00406943 0.00262789 5.40311e-05
157.08 0.921806 0.748924 0.549612 0.00417757 0.00231705 -9.21545e-05
157.1 0.921964 0.749002 0.549609 0.00395405 0.00193615 -7.47429e-05
157.12 0.922106 0.749067 0.549609 0.00355617 0.00164078 8.7084e-06
157.14 0.922234 0.749129 0.54961 0.00318334 0.00153951 3.80638e-05
157.16 0.922351 0.749194 0.549609 0.00293831 0.00163735 -3.26319e-05
157.18 0.922462 0.749269 0.549603 0.00277374 0.0018619 -0.000158268
157.2 0.922566 0.749354 0.549593 0.00259114 0.00212154 -0.000252458
157.22 0.922661 0.749447 0.549583 0.00238752 0.00231956 -0.000253648
157.24 0.922753 0.749541 0.549576 0.00230014 0.00237086 -0.00015748
157.26 0.922853 0.749631 0.549576 0.00249764 0.00223704 -7.31116e-06
157.28 0.922974 0.749709 0.549581 0.00301179 0.00195283 0.000115592
157.3 0.92312 0.749774 0.549585 0.00366123 0.0016259 0.000112235
157.32 0.923285 0.74983 0.549582 0.00412638 0.00139198 -7.11754e-05
157.34 0.92345 0.749884 0.549567 0.00413372 0.00134934 -0.00037141
157.36 0.923596 0.749944 0.549542 0.00362973 0.00151142 -0.000623659
157.38 0.923708 0.750016 0.549516 0.00281444 0.00179929 -0.00066846
157.4 0.923788 0.750099 0.549498 0.00200376 0.00207152 -0.000431164
157.42 0.923847 0.750187 0.549502 0.00146478 0.00218857 7.89787e-05
157.44 0.923901 0.75027 0.549533 0.00134253 0.00208788 0.000785652
157.46 0.923966 0.750342 0.549594 0.0016436 0.0017974 0.00153121
157.48 0.924056 0.750397 0.549678 0.00224465 0.00138811 0.00208012
157.5 0.924173 0.750435 0.549765 0.00292205 0.000940864 0.00218938
157.52 0.924309 0.750457 0.549835 0.00340443 0.000550471 0.00174636
157.54 0.924447 0.75047 0.549871 0.00345542 0.000314219 0.000897648
157.56 0.924567 0.750482 0.549873 0.00298979 0.000300037 5.22643e-05
157.58 0.924654 0.750503 0.549861 0.00216282 0.000526262 -0.000307041
157.6 0.924706 0.75054 0.549864 0.00132264 0.000935159 8.61216e-05
157.62 0.92474 0.750595 0.549909 0.000826368 0.00137606 0.00111331
157.64 0.924774 0.750662 0.550003 0.000858188 0.00165799 0.00235133
157.66 0.924828 0.750728 0.550135 0.00134893 0.00165529 0.00331071
157.68 0.924909 0.750784 0.550281 0.00201913 0.0013947 0.00365403
157.7 0.925009 0.750825 0.550413 0.00250024 0.00104241 0.00329421
157.72 0.925109 0.750857 0.550508 0.00249876 0.000790865 0.00237462
157.74 0.925187 0.750886 0.550555 0.00196914 0.000734857 0.00118055
157.76 0.925233 0.750919 0.550557 0.00115036 0.000826806 4.34139e-05
157.78 0.925249 0.750957 0.550528 0.000403112 0.000949971 -0.000724434
157.8 0.925251 0.750998 0.550493 3.05212e-05 0.00101934 -0.000887781
157.82 0.925258 0.751039 0.550477 0.000190289 0.00101853 -0.000386949
157.84 0.925291 0.751079 0.5505 0.000821263 0.000994422 0.000578531
157.86 0.925356 0.75112 0.550564 0.00161216 0.00102511 0.00159254
157.88 0.925441 0.751165 0.550652 0.0021263 0.00113534 0.00221132
157.9 0.925523 0.751213 0.55074 0.00205125 0.00121177 0.00218066
157.92 0.925579 0.751256 0.550802 0.00140451 0.00107406 0.00155116
157.94 0.925601 0.751284 0.550828 0.000542796 0.000691214 0.000654413
157.96 0.925599 0.751295 0.550825 -3.26596e-05 0.000282904 -6.2003e-05
157.98 0.925601 0.751303 0.550813 4.4114e-05 0.00017833 -0.000295946
158 0.925633 0.751326 0.55081 0.000809237 0.00058386 -7.54671e-05
158.02 0.925712 0.751383 0.550822 0.00196621 0.00143135 0.000290057
158.04 0.925835 0.751478 0.55084 0.00306419 0.002371 0.000444537
158.06 0.925984 0.751595 0.550848 0.00373551 0.00292651 0.000215606
158.08 0.926138 0.751707 0.550836 0.00385835 0.00280132 -0.000311808
158.1 0.926281 0.751793 0.550801 0.00357401 0.00213619 -0.000880356
158.12 0.926408 0.75185 0.550753 0.0031531 0.00144216 -0.00120365
158.14 0.92652 0.751899 0.550709 0.00281585 0.00121757 -0.00110289
158.16 0.926626 0.751963 0.550685 0.00265647 0.00159032 -0.000599628
158.18 0.926734 0.752054 0.550688 0.00268614 0.00228111 9.09594e-05
158.2 0.92685 0.752168 0.550715 0.00290933 0.00285162 0.000676816
158.22 0.926983 0.752288 0.550752 0.00332805 0.00301363 0.000927089
158.24 0.927138 0.752401 0.550783 0.00386984 0.00281694 0.000756787
158.26 0.927312 0.752504 0.550793 0.00435742 0.00257399 0.00025036
158.28 0.927496 0.752607 0.550778 0.00459511 0.00256261 -0.00037549
158.3 0.927676 0.752718 0.550743 0.00449133 0.00278476 -0.000868224
158.32 0.92784 0.752837 0.550701 0.00409618 0.00296971 -0.00105628
158.34 0.927982 0.752949 0.550664 0.00356138 0.00281609 -0.000904937
158.36 0.928104 0.753041 0.550645 0.00305463 0.0022933 -0.000474505
158.38 0.928211 0.75311 0.550651 0.00266411 0.00172725 0.000149229
158.4 0.928306 0.753173 0.550687 0.00238519 0.00157013 0.000879533
158.42 0.928395 0.753254 0.550751 0.00220682 0.00203628 0.00161032
158.44 0.928481 0.753371 0.550839 0.00216898 0.00290287 0.00219667
158.46 0.928574 0.753516 0.550938 0.00230692 0.00363515 0.00249087
158.48 0.928676 0.753666 0.551036 0.00256129 0.00375924 0.00242592
158.5 0.928787 0.753795 0.551119 0.00278389 0.00320774 0.00207653
158.52 0.928901 0.753889 0.551184 0.0028313 0.00235843 0.00162696
158.54 0.929007 0.75396 0.551234 0.0026457 0.00176703 0.00125849
158.56 0.929098 0.754032 0.551276 0.00229388 0.00181078 0.00105198
158.58 0.929177 0.754131 0.551315 0.00196558 0.00246547 0.00096557
158.6 0.929252 0.754265 0.551351 0.00188763 0.00335125 0.000897705
158.62 0.929339 0.754424 0.551383 0.00216534 0.00399176 0.00080733
158.64 0.929447 0.754589 0.551415 0.00268687 0.00411258 0.000797455
158.66 0.929574 0.75474 0.551457 0.00319245 0.00376506 0.00104641
158.68 0.929712 0.754868 0.551522 0.00343259 0.00321389 0.00162834
158.7 0.929844 0.754977 0.551618 0.00330207 0.00272438 0.00239538
158.72 0.92996 0.755075 0.551739 0.00291671 0.00243548 0.00303285
158.74 0.930063 0.755169 0.551868 0.00256696 0.00236833 0.00323501
158.76 0.930163 0.755267 0.551982 0.0025121 0.00245211 0.00284426
158.78 0.930274 0.755369 0.552058 0.00277337 0.00253814 0.0018868
158.8 0.930399 0.755468 0.55208 0.00311786 0.00247678 0.000572125
158.82 0.930529 0.755556 0.552051 0.00323572 0.00220737 -0.000732052
158.84 0.930647 0.755628 0.551987 0.00296449 0.00179302 -0.00161186
158.86 0.930744 0.755684 0.551915 0.0024287 0.00139785 -0.00178694
158.88 0.930823 0.755732 0.551865 0.00197955 0.00121145 -0.00124504
158.9 0.930901 0.755785 0.551856 0.00194368 0.00132528 -0.000241446
158.92 0.930995 0.755851 0.551888 0.00235794 0.00163362 0.000815636
158.94 0.931112 0.755926 0.55195 0.00290436 0.00188592 0.00153204
158.96 0.931237 0.756001 0.552017 0.00312193 0.00186769 0.0016839
158.98 0.931347 0.756063 0.552068 0.00275397 0.00154296 0.00128553
159 0.931425 0.756104 0.55209 0.00196633 0.00104691 0.00054327
159.02 0.931476 0.756127 0.55208 0.00125871 0.000566694 -0.000262387
159.04 0.93152 0.756136 0.552044 0.0011162 0.000221754 -0.000903389
159.06 0.931586 0.756137 0.551993 0.00164786 2.17538e-05 -0.00127099
159.08 0.931686 0.756133 0.551938 0.00249816 -9.73225e-05 -0.00135869
159.1 0.93181 0.756125 0.55189 0.00310181 -0.000193194 -0.00120543
159.12 0.931934 0.756115 0.551856 0.00308331 -0.000243054 -0.000865195
159.14 0.932034 0.756109 0.551839 0.00252049 -0.000159685 -0.000404249
159.16 0.93211 0.756114 0.551843 0.00188031 0.000116924 9.9445e-05
159.18 0.932176 0.756136 0.551865 0.00166137 0.000550121 0.000548722
159.2 0.932258 0.756175 0.551899 0.00203945 0.000969671 0.000842102
159.22 0.932369 0.756219 0.551936 0.00277771 0.00109936 0.000923653
159.24 0.932505 0.756248 0.551969 0.00341246 0.000731074 0.000829984
159.26 0.932648 0.756245 0.551996 0.0035565 -6.20776e-05 0.000680628
159.28 0.932773 0.756209 0.55202 0.00313896 -0.000897648 0.000598278
159.3 0.932871 0.756157 0.552046 0.00244115 -0.00130781 0.000632534
159.32 0.932947 0.756115 0.552076 0.00190564 -0.00104493 0.000758611
159.34 0.933021 0.756106 0.552113 0.00185698 -0.000242244 0.000933632
159.36 0.933114 0.756132 0.552159 0.00233045 0.000664246 0.00114388
159.38 0.933238 0.75618 0.552215 0.00309368 0.00120444 0.00139699
159.4 0.933391 0.756229 0.552282 0.0038198 0.00120967 0.00167148
159.42 0.933562 0.756266 0.552357 0.00428347 0.000926805 0.0018832
159.44 0.93374 0.756297 0.552434 0.00442969 0.000783703 0.0019159
159.46 0.933912 0.756339 0.552502 0.00430436 0.00104851 0.00170983
159.48 0.934071 0.756405 0.552556 0.00397821 0.00165989 0.001343
159.5 0.934212 0.756497 0.552597 0.00353991 0.00228551 0.00102831
159.52 0.934336 0.756599 0.552637 0.00310039 0.00255548 0.00099354
159.54 0.934447 0.756692 0.552688 0.00275799 0.00232868 0.00129297
159.56 0.93455 0.756764 0.552758 0.0025733 0.00179371 0.0017302
159.58 0.934652 0.756817 0.552837 0.00255605 0.00133684 0.00197875
159.6 0.934759 0.756868 0.552909 0.0026659 0.00127113 0.00180614
159.62 0.934871 0.756934 0.552959 0.00282304 0.0016387 0.00124073
159.64 0.934989 0.757024 0.552981 0.00294776 0.00224445 0.000552358
159.66 0.935109 0.757137 0.552983 0.00299246 0.00283208 6.02529e-05
159.68 0.935227 0.757265 0.55298 0.00295731 0.00319685 -8.09595e-05
159.7 0.935344 0.757394 0.552982 0.0029166 0.00322248 4.53384e-05
159.72 0.935463 0.757511 0.552991 0.00296971 0.00292721 0.000221736
159.74 0.935586 0.75761 0.553001 0.00307616 0.00248159 0.00027222
159.76 0.935705 0.757695 0.553009 0.00298741 0.0021281 0.000175827
159.78 0.935803 0.757777 0.55301 0.00245154 0.00204531 4.84837e-05
159.8 0.935864 0.757867 0.553011 0.00150512 0.00226268 1.85261e-05
159.82 0.935885 0.757973 0.553015 0.000522405 0.00264773 9.26436e-05
159.84 0.935884 0.758092 0.55302 -1.98526e-05 0.00297548 0.000132405
159.86 0.93589 0.758215 0.553019 0.000154136 0.00307516 -2.65884e-05
159.88 0.935928 0.758333 0.553003 0.000947085 0.00294585 -0.000401644
159.9 0.936005 0.758443 0.552971 0.0019233 0.0027375 -0.00079186
159.92 0.936107 0.758548 0.552935 0.00254698 0.00263186 -0.000910514
159.94 0.936206 0.758657 0.55291 0.00249045 0.00271727 -0.000622018
159.96 0.936279 0.758773 0.552907 0.00181225 0.00291422 -8.6656e-05
159.98 0.936315 0.758894 0.55292 0.000911974 0.00301617 0.000328382
160 0.936327 0.759009 0.552933 0.00029644 0.00287093 0.000325369
160.02 0.936338 0.759111 0.55293 0.000276684 0.0025558 -7.29535e-05
160.04 0.93637 0.759205 0.55291 0.000798226 0.00234369 -0.00050407
160.06 0.936432 0.759304 0.552889 0.00154019 0.00247543 -0.000509086
160.08 0.936518 0.759422 0.552895 0.00216441 0.00294557 0.000141154
160.1 0.936618 0.759561 0.552946 0.00248329 0.00349105 0.00128401
160.12 0.936717 0.759712 0.553043 0.00248143 0.0037794 0.00242818
160.14 0.936807 0.759859 0.553163 0.00226449 0.00365337 0.00299118
160.16 0.936887 0.759989 0.553269 0.00198554 0.00325076 0.00264387
160.18 0.936958 0.760105 0.553332 0.00177597 0.00291436 0.00156792
160.2 0.937027 0.760223 0.553347 0.00172829 0.00295847 0.000388861
160.22 0.937103 0.760361 0.553339 0.00190834 0.00343232 -0.000205651
160.24 0.937196 0.760523 0.553344 0.00230786 0.00405388 0.000125174
160.26 0.937306 0.760699 0.553392 0.00276514 0.00439186 0.00120608
160.28 0.937426 0.760864 0.553491 0.00299505 0.00414583 0.0024738
160.3 0.937537 0.760997 0.553623 0.00277425 0.00331761 0.0033041
160.32 0.937623 0.761085 0.553757 0.0021427 0.00220489 0.00333957
160.34 0.93768 0.761136 0.553862 0.00142583 0.00125524 0.00262032
160.36 0.937721 0.761169 0.553921 0.00103323 0.000847226 0.00147411
160.38 0.937769 0.761213 0.553933 0.00119839 0.00109235 0.000312645
160.4 0.937842 0.761284 0.553912 0.00183214 0.00177324 -0.000524402
160.42 0.937945 0.761383 0.553878 0.00256023 0.00246346 -0.000852553
160.44 0.938063 0.761493 0.553852 0.00294628 0.00275442 -0.000664033
160.46 0.938174 0.761591 0.553848 0.00277965 0.0024573 -8.72309e-05
160.48 0.938263 0.761659 0.553876 0.00223526 0.00168759 0.000687755
160.5 0.938333 0.76169 0.553934 0.00175348 0.000786753 0.00146365
160.52 0.938402 0.761695 0.554016 0.00172185 0.000116739 0.00205973
160.54 0.93849 0.761689 0.55411 0.00220497 -0.000147104 0.00232667
160.56 0.938606 0.761685 0.554196 0.00289519 -9.2061e-05 0.00216536
160.58 0.938739 0.761686 0.554258 0.00332946 3.30011e-05 0.00155841
160.6 0.93887 0.761687 0.554283 0.00325337 1.94741e-05 0.000623063
160.62 0.938983 0.761682 0.554269 0.00283595 -0.000138829 -0.000363429
160.64 0.939084 0.761671 0.554227 0.00253317 -0.000264102 -0.00104471
160.66 0.939193 0.761664 0.554181 0.00272142 -0.000187743 -0.00116279
160.68 0.939329 0.761667 0.554152 0.0034021 7.25106e-05 -0.000712463
160.7 0.939497 0.76168 0.554154 0.00420434 0.000328368 5.23628e-05
160.72 0.939684 0.761695 0.554185 0.00466387 0.000384696 0.000769988
160.74 0.939866 0.761703 0.554232 0.00455841 0.000209513 0.00117352
160.76 0.940029 0.761703 0.55428 0.00407239 -5.3176e-06 0.00121039
160.78 0.940175 0.761704 0.55432 0.00363953 1.60088e-05 0.000998407
160.8 0.940318 0.761719 0.554348 0.0035784 0.000381748 0.000685791
160.82 0.940472 0.761755 0.554362 0.00384796 0.000900372 0.000353131
160.84 0.940637 0.761803 0.554363 0.0041254 0.00120732 3.59249e-05
160.86 0.940801 0.761846 0.554356 0.00411534 0.00107214 -0.000188553
160.88 0.940954 0.76187 0.554347 0.00381758 0.000598304 -0.000207018
160.9 0.941096 0.761877 0.554348 0.00353949 0.000161343 4.2143e-06
160.92 0.941241 0.761883 0.554359 0.00363398 0.000152182 0.000287508
160.94 0.941408 0.761911 0.554374 0.00418363 0.000699407 0.000379696
160.96 0.941605 0.761973 0.554379 0.0049075 0.00155625 0.000108824
160.98 0.941819 0.762063 0.55436 0.00536491 0.00224444 -0.000465197
161 0.94203 0.762158 0.554317 0.00525965 0.00239168 -0.00106497
161.02 0.942214 0.762239 0.554264 0.00461035 0.00201463 -0.00134016
161.04 0.942363 0.762299 0.554221 0.00371498 0.00150682 -0.00105919
161.06 0.942482 0.762353 0.554212 0.00298089 0.00134158 -0.000246889
161.08 0.94259 0.762422 0.554243 0.00271204 0.00172996 0.000792619
161.1 0.942709 0.762522 0.554308 0.00296395 0.00249192 0.00161393
161.12 0.942851 0.76265 0.554384 0.00354439 0.00319638 0.00189374
161.14 0.943016 0.762788 0.554449 0.00413616 0.00344906 0.00164466
161.16 0.943195 0.762913 0.554497 0.00446615 0.00313839 0.00119196
161.18 0.943373 0.763013 0.554533 0.00444668 0.00249508 0.000908151
161.2 0.94354 0.763091 0.554571 0.00418737 0.00194922 0.000934203
161.22 0.943695 0.763165 0.554616 0.0038677 0.00185813 0.0011241
161.24 0.943839 0.763256 0.554664 0.00359272 0.00226898 0.00121359
161.26 0.943973 0.763372 0.554706 0.00334842 0.00288897 0.00104225
161.28 0.944095 0.763503 0.554733 0.00306432 0.00329292 0.000675825
161.3 0.944203 0.763632 0.554748 0.00269925 0.00321571 0.000366326
161.32 0.944295 0.763741 0.554763 0.00228576 0.00272516 0.000378577
161.34 0.944371 0.763828 0.554795 0.00191025 0.00216459 0.000816724
161.36 0.944438 0.763903 0.554857 0.00166671 0.00188835 0.00154921
161.38 0.944502 0.763983 0.554947 0.00161022 0.00199966 0.00224833
161.4 0.944571 0.764075 0.555049 0.00171221 0.00230261 0.00253328
161.42 0.944645 0.764175 0.555136 0.00185742 0.00249384 0.00218069
161.44 0.944721 0.764272 0.555188 0.00191449 0.00241379 0.00129518
161.46 0.944794 0.764357 0.555199 0.00181462 0.00213601 0.00028903
161.48 0.944856 0.764432 0.555185 0.00155531 0.00187204 -0.000353525
161.5 0.944903 0.764505 0.55517 0.00116383 0.00181713 -0.000368372
161.52 0.944931 0.764586 0.555177 0.000700215 0.00203477 0.000154948
161.54 0.944942 0.764683 0.555212 0.000277683 0.00242083 0.00088824
161.56 0.944943 0.764794 0.555273 1.74041e-05 0.00277014 0.00152258
161.58 0.944942 0.76491 0.55535 -2.5807e-05 0.00291876 0.00193537
161.6 0.944947 0.765024 0.555436 0.000126581 0.0028497 0.00213691
161.62 0.944964 0.765132 0.555521 0.000425225 0.0026806 0.00212105
161.64 0.944996 0.765234 0.555594 0.00080035 0.00256968 0.00181981
161.66 0.94504 0.765339 0.555642 0.00110766 0.00261144 0.00120507
161.68 0.945086 0.765451 0.555658 0.00114936 0.00280024 0.000417216
161.7 0.945119 0.765573 0.555649 0.000821626 0.0030586 -0.000230439
161.72 0.945128 0.765704 0.555632 0.000232743 0.00327996 -0.000424335
161.74 0.945115 0.765839 0.555629 -0.000314951 0.00337339 -9.09281e-05
161.76 0.945096 0.765971 0.555649 -0.000477505 0.00330003 0.000496815
161.78 0.945093 0.766094 0.555684 -9.32425e-05 0.00307463 0.000877555
161.8 0.94512 0.766204 0.555713 0.000686355 0.0027362 0.000737519
161.82 0.94518 0.766297 0.555719 0.00148897 0.00232858 0.000147647
161.84 0.945258 0.766373 0.555699 0.00195822 0.00191255 -0.000489753
161.86 0.945336 0.766437 0.55567 0.00195297 0.001589 -0.000725668
161.88 0.9454 0.766495 0.555655 0.00160187 0.00145837 -0.000377903
161.9 0.945448 0.766557 0.555668 0.00120568 0.00153846 0.000327965
161.92 0.945491 0.766626 0.555704 0.00105983 0.00174156 0.000896394
161.94 0.945542 0.766704 0.55574 0.00128737 0.00192957 0.000896702
161.96 0.945614 0.766783 0.555751 0.00179134 0.00199632 0.000274553
161.98 0.945709 0.76686 0.555727 0.00236855 0.00191011 -0.000603458
162 0.945823 0.766928 0.555678 0.00286738 0.00170621 -0.00122078
162.02 0.945953 0.766986 0.555628 0.00325044 0.00145549 -0.0012567
162.04 0.946095 0.767035 0.555598 0.00354265 0.00121648 -0.000746507
162.06 0.946246 0.767076 0.555599 0.00376729 0.00102477 3.09027e-05
162.08 0.946403 0.767113 0.55563 0.00392243 0.000929349 0.000781077
162.1 0.946562 0.767152 0.555684 0.00398121 0.000979896 0.00133442
162.12 0.946719 0.767199 0.555749 0.00391391 0.00117119 0.00164072
162.14 0.946868 0.767256 0.555817 0.00374142 0.00141038 0.0016891
162.16 0.947011 0.767318 0.555876 0.00357076 0.00155723 0.001466
162.18 0.947153 0.767379 0.555916 0.00354283 0.00151934 0.00100326
162.2 0.947302 0.767431 0.555934 0.00373411 0.00131688 0.000466608
162.22 0.947466 0.767475 0.555941 0.0041003 0.0010793 0.00015215
162.24 0.947647 0.767514 0.555953 0.00451407 0.000977918 0.000320833
162.26 0.94784 0.767558 0.555993 0.00484307 0.00111671 0.000990418
162.28 0.94804 0.767616 0.556069 0.00499287 0.00144578 0.00188993
162.3 0.948237 0.767687 0.556174 0.00492385 0.00176711 0.00262986
162.32 0.948424 0.767762 0.556291 0.00467745 0.0018718 0.00293625
162.34 0.948599 0.76783 0.556402 0.00437524 0.00171791 0.0027658
162.36 0.948766 0.767888 0.556493 0.00416584 0.00144515 0.00226506
162.38 0.948932 0.767937 0.556559 0.00415408 0.00121601 0.00166268
162.4 0.949106 0.76798 0.556606 0.00435483 0.00108772 0.0011677
162.42 0.949294 0.768022 0.556641 0.0046902 0.0010325 0.000893901
162.44 0.949495 0.768063 0.556676 0.00503075 0.00104415 0.000864401
162.46 0.949705 0.76811 0.556718 0.00523936 0.00117584 0.00105313
162.48 0.949913 0.768169 0.556773 0.00521341 0.00145996 0.00137134
162.5 0.950111 0.768242 0.556839 0.00494879 0.00183638 0.00165179
162.52 0.950294 0.768329 0.556908 0.00456325 0.00216175 0.0017248
162.54 0.950462 0.76842 0.556969 0.00421542 0.00228528 0.00153283
162.56 0.950622 0.768506 0.557016 0.00398446 0.00213982 0.00116326
162.58 0.950775 0.768578 0.557048 0.00383513 0.00179411 0.000790571
162.6 0.950922 0.768634 0.557071 0.00367689 0.00141708 0.00058633
162.62 0.95106 0.768681 0.557096 0.00345097 0.00116936 0.000636781
162.64 0.951187 0.768726 0.557132 0.00317674 0.00113213 0.000890742
162.66 0.951304 0.768778 0.557178 0.00292833 0.00130414 0.001156
162.68 0.951415 0.768843 0.557225 0.00277242 0.0016097 0.00117583
162.7 0.951524 0.768919 0.557256 0.00272596 0.00189597 0.000762872
162.72 0.951635 0.768998 0.557253 0.00276167 0.0019876 -7.62469e-05
162.74 0.951747 0.769069 0.557209 0.00281959 0.00177596 -0.00110787
162.76 0.95186 0.76912 0.55713 0.00281168 0.00127612 -0.00195489
162.78 0.951966 0.769146 0.55704 0.00265569 0.000640799 -0.00226326
162.8 0.952059 0.769151 0.556964 0.00232971 0.000125919 -0.00188751
162.82 0.952135 0.76915 0.556925 0.00187911 -1.97455e-05 -0.000990445
162.84 0.95219 0.769162 0.556925 0.00137839 0.000293803 1.88519e-05
162.86 0.952225 0.769198 0.556953 0.000892772 0.000914438 0.000692383
162.88 0.952244 0.769259 0.556985 0.000477867 0.00151991 0.000801554
162.9 0.952252 0.769331 0.557004 0.00019426 0.00179975 0.000470307
162.92 0.952256 0.769398 0.557006 0.000105537 0.00166011 5.11867e-05
162.94 0.952266 0.76945 0.557 0.000243893 0.00130087 -0.000159115
162.96 0.952289 0.769493 0.556996 0.000564833 0.0010871 -9.66032e-05
162.98 0.952327 0.769545 0.557 0.000948064 0.00130479 0.000115602
163 0.952377 0.769624 0.557013 0.0012534 0.00195976 0.000319165
163.02 0.952432 0.769734 0.557031 0.00137151 0.00274916 0.000445764
163.04 0.952482 0.769864 0.557053 0.00126116 0.00324611 0.000557046
163.06 0.952522 0.769991 0.557085 0.000983788 0.00318293 0.000785292
163.08 0.952549 0.770096 0.557133 0.000681286 0.0026187 0.00121564
163.1 0.952569 0.770171 0.557205 0.000500166 0.00188434 0.0017992
163.12 0.95259 0.770226 0.5573 0.00052121 0.00138448 0.00235733
163.14 0.952618 0.770282 0.557406 0.000716448 0.00138753 0.00266842
163.16 0.952656 0.770358 0.55751 0.000951337 0.00190565 0.00260155
163.18 0.952699 0.770466 0.557599 0.0010767 0.00270845 0.00222203
163.2 0.952742 0.770605 0.55767 0.00107499 0.00345211 0.00177638
163.22 0.952786 0.770759 0.557732 0.00109116 0.00386101 0.00154559
163.24 0.952838 0.770912 0.557799 0.00129393 0.003836 0.00167609
163.26 0.952907 0.77105 0.557883 0.00173008 0.00344662 0.00210548
163.28 0.952999 0.771165 0.557987 0.00229914 0.00287874 0.00260086
163.3 0.953113 0.77126 0.558103 0.00284105 0.0023751 0.00288001
163.32 0.953241 0.771346 0.558213 0.00321513 0.00214308 0.00275829
163.34 0.953374 0.771436 0.558302 0.00331435 0.00223624 0.00222861
163.36 0.953498 0.771536 0.558359 0.00309859 0.00251416 0.00142901
163.38 0.953604 0.771646 0.558382 0.00266832 0.00275013 0.00056749
163.4 0.953695 0.771758 0.558377 0.00226794 0.00278936 -0.000121169
163.42 0.953781 0.771862 0.558361 0.00215617 0.00260214 -0.000413671
163.44 0.953879 0.771952 0.558353 0.00242821 0.00225104 -0.000184493
163.46 0.953996 0.772026 0.558373 0.00293428 0.00185749 0.00048282
163.48 0.95413 0.772089 0.558423 0.00335403 0.00156172 0.00127274
163.5 0.954265 0.772147 0.558495 0.00338357 0.00146902 0.00178113
163.52 0.954383 0.772211 0.558564 0.00294465 0.00159932 0.00174197
163.54 0.954474 0.772286 0.558611 0.00227599 0.00186094 0.00117396
163.56 0.954545 0.772369 0.558625 0.00177882 0.00208769 0.000333003
163.58 0.954615 0.772455 0.558605 0.0017304 0.00213475 -0.000482586
163.6 0.9547 0.772534 0.558561 0.00212292 0.00197121 -0.00109722
163.62 0.954808 0.772601 0.558503 0.00271544 0.0016978 -0.0014604
163.64 0.954937 0.77266 0.558441 0.00321758 0.00146853 -0.00155227
163.66 0.955076 0.772716 0.558388 0.00346941 0.00139287 -0.00132796
163.68 0.955216 0.772775 0.558357 0.00351243 0.00148674 -0.000760673
163.7 0.955357 0.772842 0.55836 0.00350891 0.00165851 6.14784e-05
163.72 0.955499 0.772911 0.558396 0.00357058 0.00173706 0.000891185
163.74 0.955645 0.772974 0.558452 0.00364176 0.00158115 0.00141214
163.76 0.955787 0.773023 0.558509 0.00356051 0.00121273 0.00143077
163.78 0.955918 0.773057 0.55855 0.00326679 0.000853551 0.00102269
163.8 0.956035 0.773089 0.55857 0.00293331 0.000806702 0.000499884
163.82 0.95615 0.773139 0.558578 0.00286992 0.00124294 0.000194017
163.84 0.956282 0.773221 0.558586 0.00329084 0.00204778 0.00020835
163.86 0.956448 0.773334 0.5586 0.00414438 0.00283618 0.000339274
163.88 0.956652 0.77346 0.55861 0.00511624 0.00314586 0.000243791
163.9 0.956885 0.773569 0.5586 0.00580667 0.00272169 -0.0002514
163.92 0.957123 0.773637 0.558562 0.00597311 0.00170656 -0.000937671
163.94 0.957351 0.77366 0.558509 0.005676 0.000573575 -0.00131646
163.96 0.957559 0.773653 0.558471 0.00521587 -0.000180322 -0.000950638
163.98 0.957755 0.773641 0.558479 0.00490612 -0.000310342 0.000201481
164 0.95795 0.773646 0.558549 0.00486752 0.000119776 0.00172939
164.02 0.95815 0.773679 0.558669 0.00498498 0.000847508 0.00302307
164.04 0.95835 0.773742 0.558816 0.00501383 0.00156231 0.00365428
164.06 0.95854 0.773823 0.55896 0.00475559 0.00203525 0.00361315
164.08 0.958709 0.77391 0.559089 0.00420761 0.00217026 0.00321825
164.1 0.958852 0.77399 0.559201 0.00358031 0.00199297 0.00279785
164.12 0.958978 0.774055 0.559298 0.00314534 0.0016272 0.00243862
164.14 0.9591 0.774106 0.559378 0.00305375 0.00126623 0.00199896
164.16 0.959231 0.77415 0.559431 0.00328442 0.00111039 0.00132248
164.18 0.959378 0.7742 0.559449 0.0036822 0.0012505 0.000451328
164.2 0.95954 0.774263 0.559437 0.00403157 0.00157775 -0.000303399
164.22 0.959706 0.774337 0.559417 0.00416327 0.00183852 -0.00050574
164.24 0.959867 0.774409 0.559421 0.00402022 0.00180741 9.61918e-05
164.26 0.960013 0.774467 0.559474 0.00365082 0.00145767 0.00133788
164.28 0.960139 0.774507 0.559582 0.0031608 0.00100151 0.00269665
164.3 0.960247 0.774537 0.559726 0.00268289 0.000749433 0.00359871
164.32 0.96034 0.774573 0.559874 0.00233642 0.000887334 0.00370953
164.34 0.960427 0.774627 0.559996 0.00217343 0.00134573 0.00303062
164.36 0.960514 0.7747 0.560069 0.00217729 0.00184268 0.00183228
164.38 0.960606 0.774783 0.560089 0.00228673 0.00207506 0.000500007
164.4 0.960702 0.774861 0.560064 0.00241349 0.00193662 -0.000623252
164.42 0.960801 0.774924 0.560011 0.00246476 0.0015877 -0.00131825
164.44 0.960895 0.774977 0.559951 0.00236508 0.00130504 -0.00150988
164.46 0.960979 0.775027 0.5599 0.00208889 0.00125969 -0.00128018
164.48 0.961047 0.775084 0.559866 0.00169699 0.00142536 -0.000835396
164.5 0.9611 0.77515 0.559851 0.00132214 0.00165649 -0.000394108
164.52 0.961143 0.775223 0.559848 0.00107824 0.00182995 -7.20893e-05
164.54 0.961182 0.7753 0.559853 0.000983381 0.0019263 0.000139561
164.56 0.961221 0.775381 0.559865 0.000961967 0.00200369 0.000297433
164.58 0.961256 0.775465 0.559882 0.000884943 0.00210891 0.000424209
164.6 0.961282 0.775553 0.559902 0.000649889 0.00219635 0.000501885
164.62 0.961294 0.775638 0.559923 0.000292936 0.00213565 0.000526086
164.64 0.961295 0.775712 0.559944 2.07456e-05 0.00183904 0.000525327
164.66 0.961297 0.775767 0.559965 6.89032e-05 0.00137345 0.000512516
164.68 0.961316 0.775804 0.559983 0.000470474 0.000943698 0.000445857
164.7 0.961355 0.775836 0.559993 0.000965115 0.000783275 0.000265626
164.72 0.961402 0.775876 0.559993 0.00116658 0.00101259 -1.6343e-05
164.74 0.961436 0.775938 0.559982 0.000857776 0.00154558 -0.000266055
164.76 0.961443 0.776023 0.559971 0.00017026 0.00211386 -0.000277569
164.78 0.961423 0.776118 0.559975 -0.000485898 0.00239286 9.97492e-05
164.8 0.961396 0.776206 0.560009 -0.000673778 0.00217868 0.000846444
164.82 0.961388 0.776266 0.560078 -0.000216285 0.00151559 0.00173498
164.84 0.961415 0.776294 0.560174 0.000677762 0.000691357 0.00240301
164.86 0.961477 0.776298 0.560276 0.00156379 0.000114009 0.00254751
164.88 0.96156 0.776303 0.560361 0.00206845 0.000111228 0.00212548
164.9 0.961645 0.776332 0.560416 0.00211765 0.000731224 0.00137296
164.92 0.961721 0.776399 0.560441 0.00190832 0.00167587 0.000633264
164.94 0.961788 0.776497 0.560448 0.00167967 0.00243908 0.000155125
164.96 0.961848 0.776601 0.560448 0.00150492 0.00260528 5.53093e-06
164.98 0.9619 0.776686 0.560453 0.00129384 0.0021331 0.00013208
165 0.96194 0.776742 0.560472 0.000987838 0.00139412 0.000471756
165.02 0.961968 0.776778 0.560511 0.000708 0.000903803 0.000969073
165.04 0.961996 0.776817 0.560571 0.000702675 0.000978041 0.00151819
165.06 0.962042 0.77688 0.560649 0.00115573 0.00155939 0.00194073
165.08 0.962123 0.776971 0.560732 0.00201528 0.00228969 0.00206227
165.1 0.962241 0.77708 0.560805 0.00296143 0.00272821 0.001825
165.12 0.962383 0.777185 0.560858 0.00354893 0.00260946 0.0013452
165.14 0.962522 0.777266 0.560893 0.00346983 0.00202245 0.000875834
165.16 0.962633 0.77732 0.560921 0.0027777 0.00136587 0.000692391
165.18 0.96271 0.777364 0.560959 0.00191254 0.0010917 0.000951692
165.2 0.962769 0.77742 0.561022 0.00147584 0.00140395 0.00157939
165.22 0.962843 0.777506 0.561114 0.0018539 0.00213593 0.00228137
165.24 0.96296 0.777622 0.561221 0.00293273 0.00290716 0.00269331
165.26 0.963127 0.777758 0.561325 0.0041642 0.00340566 0.00259122
165.28 0.963325 0.7779 0.561406 0.00496071 0.00354023 0.00202605
165.3 0.963528 0.778036 0.561457 0.00507197 0.00339719 0.00126778
165.32 0.963714 0.778161 0.561482 0.00464928 0.00313108 0.000622685
165.34 0.963876 0.778277 0.561493 0.00405565 0.00289317 0.000287228
165.36 0.964022 0.778388 0.561506 0.00363196 0.00279045 0.000321709
165.38 0.964163 0.778502 0.561533 0.00353648 0.00284533 0.0006812
165.4 0.964311 0.778621 0.561582 0.00370269 0.00298617 0.00121916
165.42 0.964469 0.778745 0.56165 0.00394677 0.00309907 0.00170292
165.44 0.964634 0.778869 0.561726 0.00413262 0.00309685 0.00189958
165.46 0.964804 0.778988 0.561794 0.00424095 0.00296905 0.00169191
165.48 0.964976 0.779099 0.561839 0.00430512 0.00278607 0.001129
165.5 0.965149 0.779205 0.561854 0.00430845 0.00264066 0.000374741
165.52 0.965316 0.779308 0.561839 0.00418801 0.00257443 -0.000361575
165.54 0.965473 0.77941 0.561804 0.00393322 0.00255888 -0.000878742
165.56 0.965619 0.779512 0.561762 0.00363177 0.0025327 -0.0010645
165.58 0.965755 0.77961 0.561723 0.00340174 0.00244797 -0.000957643
165.6 0.965886 0.779702 0.561695 0.00329303 0.00230316 -0.000714616
165.62 0.966017 0.779787 0.561675 0.00326672 0.00213524 -0.000489553
165.64 0.966147 0.779867 0.561662 0.00323909 0.00199414 -0.000337088
165.66 0.966272 0.779943 0.561653 0.0031352 0.00190828 -0.000218094
165.68 0.966391 0.780017 0.56165 0.00296466 0.00183971 -7.64061e-05
165.7 0.966505 0.780084 0.561653 0.00285421 0.00166654 7.73864e-05
165.72 0.966623 0.780134 0.561659 0.00294397 0.00126563 0.000150958
165.74 0.966752 0.780161 0.561662 0.0032442 0.000666141 5.95621e-05
165.76 0.966898 0.780165 0.561655 0.00363708 9.78295e-05 -0.00015436
165.78 0.967057 0.780159 0.561644 0.00398338 -0.000148692 -0.000295471
165.8 0.967225 0.780162 0.561638 0.00419633 9.17108e-05 -0.000135819
165.82 0.967395 0.780193 0.561654 0.00425339 0.000764234 0.000394105
165.84 0.967562 0.780258 0.561699 0.00417895 0.0016193 0.00112582
165.86 0.967723 0.78035 0.56177 0.00400323 0.00231675 0.00177168
165.88 0.967872 0.780453 0.561855 0.00373372 0.00256515 0.00212176
165.9 0.968008 0.780543 0.561941 0.00340131 0.00225429 0.00216975
165.92 0.968132 0.780603 0.562025 0.00310306 0.00150246 0.00209207
165.94 0.968249 0.780627 0.562109 0.002928 0.000583473 0.00209808
165.96 0.968363 0.780619 0.5622 0.00285498 -0.000180688 0.00226665
165.98 0.968475 0.7806 0.5623 0.00278143 -0.000496703 0.0024992
166 0.968581 0.780592 0.562404 0.00264885 -0.000192682 0.00261188
166.02 0.968681 0.780619 0.562503 0.00250586 0.000666823 0.00248099
166.04 0.968779 0.780688 0.562589 0.00245355 0.00172607 0.00213219
166.06 0.968881 0.780786 0.562658 0.00254374 0.00245536 0.00172459
166.08 0.968989 0.780883 0.562715 0.00270701 0.00243987 0.00143687
166.1 0.9691 0.78095 0.562769 0.00277343 0.00166442 0.00133919
166.12 0.969203 0.780972 0.562824 0.00257485 0.000554139 0.0013731
166.14 0.969285 0.78096 0.562881 0.00206358 -0.000297351 0.00144544
166.16 0.969341 0.780941 0.562942 0.00139177 -0.000492602 0.00151374
166.18 0.969375 0.780939 0.563005 0.000855144 -3.45729e-05 0.00156446
166.2 0.969403 0.780968 0.563066 0.000698586 0.000716345 0.00154541
166.22 0.96944 0.781019 0.563121 0.000925797 0.00128466 0.00137725
166.24 0.969492 0.781075 0.563163 0.00128259 0.00138377 0.00102809
166.26 0.96955 0.781117 0.563185 0.00145567 0.00107447 0.000563131
166.28 0.969602 0.781144 0.563191 0.00131127 0.000650297 0.000146426
166.3 0.969641 0.781159 0.56319 0.000971626 0.000376746 -2.50171e-05
166.32 0.969669 0.781172 0.563196 0.000701819 0.000333182 0.000140343
166.34 0.969697 0.78119 0.563217 0.000692791 0.000442444 0.000529376
166.36 0.969734 0.781213 0.563251 0.000924301 0.000588449 0.000862051
166.38 0.969782 0.781242 0.563285 0.00120169 0.000716861 0.000856787
166.4 0.969834 0.781276 0.563302 0.00130161 0.000864347 0.000424442
166.42 0.96988 0.78132 0.563293 0.0011382 0.00109408 -0.000236506
166.44 0.969913 0.781376 0.563264 0.000831259 0.00139918 -0.00072494
166.46 0.969937 0.781443 0.563236 0.00061347 0.00167252 -0.000697298
166.48 0.969964 0.781514 0.56323 0.00065414 0.00178083 -0.00015738
166.5 0.970001 0.781582 0.563249 0.000925477 0.00170166 0.000476642
166.52 0.970049 0.781645 0.563275 0.00121285 0.00155997 0.000640971
166.54 0.970102 0.781706 0.563276 0.00131211 0.00152415 4.50614e-05
166.56 0.970151 0.781773 0.563233 0.00124663 0.00168491 -0.00107449
166.58 0.970202 0.781853 0.563151 0.00125962 0.00200902 -0.00205862
166.6 0.970265 0.781948 0.563062 0.00158212 0.0023589 -0.00223097
166.62 0.970353 0.782051 0.563008 0.00220365 0.00257365 -0.00134852
166.64 0.970467 0.782154 0.563016 0.00285331 0.00259234 0.000206085
166.66 0.970594 0.782254 0.563082 0.00317262 0.00249873 0.00165528
166.68 0.970712 0.782352 0.563176 0.00295349 0.00242996 0.00234157
166.7 0.970804 0.78245 0.563261 0.00229805 0.00246693 0.00213678
166.72 0.970867 0.782555 0.563319 0.00157495 0.00260945 0.00144461
166.74 0.970915 0.782667 0.563353 0.00118985 0.00280533 0.000841362
166.76 0.970969 0.782786 0.56338 0.00135469 0.00298891 0.000670802
166.78 0.97105 0.782912 0.563416 0.00202552 0.00313795 0.000900912
166.8 0.97117 0.783044 0.563467 0.00299623 0.0033025 0.00128293
166.82 0.97133 0.783185 0.563531 0.00400534 0.00353645 0.00159582
166.84 0.971522 0.783338 0.563601 0.00479933 0.00380785 0.00176383
166.86 0.97173 0.783498 0.563675 0.00519027 0.00401232 0.00183696
166.88 0.971934 0.783661 0.563752 0.0051024 0.00405854 0.00192258
166.9 0.972118 0.783818 0.563836 0.00459783 0.00394232 0.00210751
166.92 0.972273 0.783969 0.563932 0.00387326 0.00375966 0.0023883
166.94 0.972401 0.784114 0.564038 0.0032014 0.0036396 0.00266587
166.96 0.972514 0.78426 0.564151 0.00283208 0.00364415 0.0028254
166.98 0.97263 0.784409 0.564264 0.0029011 0.00371155 0.00282101
167 0.972765 0.784557 0.564372 0.0033639 0.00370037 0.00269606
167.02 0.972924 0.784696 0.564473 0.00398565 0.00349604 0.00253721
167.04 0.973102 0.78482 0.564569 0.00445462 0.00308848 0.00239481
167.06 0.973285 0.784923 0.564658 0.00457788 0.00256672 0.00222162
167.08 0.97346 0.785005 0.564734 0.0043746 0.00206846 0.00189648
167.1 0.97362 0.785075 0.564787 0.00398679 0.00173844 0.00133221
167.12 0.973761 0.785141 0.564811 0.00353645 0.00166497 0.000585622
167.14 0.973885 0.785214 0.564806 0.00309415 0.00180264 -0.000123411
167.16 0.973995 0.785292 0.564785 0.00274639 0.00197059 -0.000514996
167.18 0.9741 0.785371 0.564768 0.00262612 0.00196622 -0.000419766
167.2 0.974213 0.78544 0.564772 0.00283702 0.00171308 8.94742e-05
167.22 0.974347 0.785492 0.5648 0.00333909 0.00130563 0.000708827
167.24 0.974503 0.785529 0.564843 0.00389967 0.000924176 0.0010704
167.26 0.97467 0.785558 0.564881 0.00416701 0.000722542 0.000951122
167.28 0.974824 0.785588 0.564896 0.00385406 0.000765512 0.000366185
167.3 0.974942 0.785629 0.564877 0.00295421 0.00101414 -0.000466116
167.32 0.975016 0.785683 0.564829 0.00184291 0.00135235 -0.0012114
167.34 0.975061 0.785748 0.564766 0.00113145 0.00163704 -0.00155872
167.36 0.975113 0.785818 0.564711 0.0012943 0.00174254 -0.00137761
167.38 0.975206 0.785882 0.56468 0.00232057 0.00158827 -0.000786524
167.4 0.975352 0.785929 0.564676 0.00365621 0.00117533 -8.89356e-05
167.42 0.975532 0.785954 0.564692 0.0045126 0.000637121 0.000386851
167.44 0.975707 0.785964 0.56471 0.00435676 0.000237906 0.000463514
167.46 0.975836 0.785973 0.564718 0.00324547 0.000239881 0.000203624
167.48 0.975908 0.786001 0.564713 0.00177801 0.000698533 -0.000143819
167.5 0.975936 0.786057 0.5647 0.000721783 0.00138282 -0.000310969
167.52 0.97596 0.786133 0.564693 0.000590792 0.00190756 -0.000187956
167.54 0.976016 0.786212 0.564698 0.00139964 0.00197411 0.000130589
167.56 0.976123 0.786274 0.564716 0.0026807 0.00155442 0.000459285
167.58 0.976273 0.78631 0.564744 0.00375344 0.00089447 0.000698912
167.6 0.976437 0.786324 0.564781 0.00410123 0.000355147 0.000916335
167.62 0.976582 0.786332 0.564831 0.0036159 0.000192388 0.00124319
167.64 0.976686 0.786348 0.564899 0.00258796 0.000407182 0.00170044
167.66 0.976746 0.786379 0.564984 0.00151684 0.000782522 0.00213559
167.68 0.976781 0.786422 0.565078 0.000864462 0.00107521 0.00233897
167.7 0.976815 0.78647 0.565166 0.00084604 0.0011838 0.00221568
167.72 0.976869 0.786516 0.565241 0.00136471 0.00116073 0.00186381
167.74 0.976954 0.786561 0.565302 0.00212169 0.00111915 0.00152032
167.76 0.977067 0.786607 0.565358 0.00281239 0.00115071 0.00142191
167.78 0.977198 0.786657 0.565425 0.00327792 0.00126307 0.00165052
167.8 0.977339 0.786712 0.565507 0.00352456 0.00136108 0.00205444
167.82 0.977483 0.786765 0.5656 0.00361569 0.00132362 0.00233611
167.84 0.977626 0.78681 0.565691 0.00356165 0.00112913 0.00227075
167.86 0.977759 0.786846 0.565767 0.00333391 0.000893838 0.00189524
167.88 0.977877 0.786877 0.565827 0.00294608 0.00077289 0.00150882
167.9 0.977977 0.78691 0.565885 0.00248929 0.000834235 0.00145191
167.92 0.978061 0.786951 0.565959 0.00212218 0.0010304 0.00183568
167.94 0.978142 0.787001 0.566056 0.00201245 0.00125783 0.00244571
167.96 0.978231 0.787059 0.566171 0.00222752 0.00144365 0.00286809
167.98 0.978337 0.787123 0.566281 0.00265958 0.00158648 0.00273793
168 0.97846 0.787191 0.566359 0.00305353 0.00171438 0.00195853
168.02 0.978586 0.787264 0.56639 0.00314958 0.00180935 0.000778096
168.04 0.9787 0.787336 0.566377 0.00285345 0.00179983 -0.000336051
168.06 0.978792 0.787402 0.566338 0.00229978 0.00166567 -0.000970597
168.08 0.978862 0.787463 0.566299 0.0017547 0.00151848 -0.000976204
168.1 0.97892 0.787524 0.566279 0.00144713 0.00153163 -0.000484913
168.12 0.978978 0.787596 0.566288 0.00145357 0.0017873 0.000203374
168.14 0.979047 0.787684 0.566319 0.00171906 0.00220802 0.000773899
168.16 0.979132 0.787788 0.56636 0.00213463 0.0026105 0.00103415
168.18 0.979235 0.7879 0.566399 0.00257096 0.00279103 0.000973093
168.2 0.979351 0.788006 0.566426 0.00289346 0.00264229 0.000689757
168.22 0.979471 0.788096 0.566437 0.00300231 0.00225071 0.000264304
168.24 0.979585 0.78817 0.566426 0.00286789 0.00186034 -0.000264648
168.26 0.979687 0.788239 0.566394 0.0025511 0.00172142 -0.000818107
168.28 0.979776 0.788317 0.566344 0.00221317 0.00193551 -0.00124657
168.3 0.979858 0.788412 0.566288 0.00205649 0.00237835 -0.00138308
168.32 0.979946 0.788521 0.566243 0.00218218 0.00273268 -0.00112535
168.34 0.980046 0.788628 0.566222 0.00250048 0.00268116 -0.000526538
168.36 0.980157 0.788716 0.566229 0.00279059 0.00218433 0.00016485
168.38 0.98027 0.788778 0.566254 0.00283209 0.00155894 0.000617288
168.4 0.980371 0.788828 0.566279 0.00252375 0.00124712 0.00064251
168.42 0.98045 0.788887 0.566292 0.00196388 0.00149011 0.000325396
168.44 0.980506 0.788974 0.56629 0.00141107 0.0021614 -6.76202e-05
168.46 0.980552 0.789088 0.566278 0.0011354 0.00285736 -0.000292745
168.48 0.980603 0.789215 0.566268 0.00127753 0.0031742 -0.000256613
168.5 0.980675 0.789335 0.566268 0.00180268 0.00299277 -1.73528e-06
168.52 0.980777 0.789437 0.566283 0.00254283 0.00255594 0.000393291
168.54 0.980907 0.789528 0.566319 0.00325292 0.00226423 0.000881276
168.56 0.981054 0.789622 0.566375 0.00368694 0.0023573 0.00140427
168.58 0.981202 0.789731 0.566448 0.00369905 0.00272845 0.00182027
168.6 0.981335 0.789851 0.566525 0.0033278 0.00299232 0.00193785
168.62 0.981448 0.789962 0.566593 0.0028184 0.00279011 0.00168976
168.64 0.981549 0.790047 0.566643 0.00251363 0.00212502 0.00126717
168.66 0.981655 0.790104 0.566685 0.00266441 0.00141982 0.00104224
168.68 0.981788 0.790153 0.566738 0.00331097 0.00121135 0.00131436
168.7 0.981959 0.790222 0.56682 0.00428605 0.00173058 0.00206501
168.72 0.98217 0.79033 0.566937 0.00526989 0.00271345 0.00292239
168.74 0.982406 0.790474 0.567073 0.0058907 0.00360245 0.00340198
168.76 0.982641 0.790633 0.567203 0.00588916 0.00396461 0.0032481
168.78 0.982851 0.790783 0.567307 0.00525714 0.0037603 0.00259516
168.8 0.983022 0.790914 0.56738 0.00425734 0.00326134 0.0018342
168.82 0.983155 0.791025 0.567433 0.00332313 0.0027705 0.00131452
168.84 0.983269 0.791122 0.567478 0.00286482 0.00243876 0.00111592
168.86 0.983392 0.791213 0.56752 0.00306035 0.00227543 0.00105903
168.88 0.983542 0.791303 0.567557 0.00376624 0.00223746 0.000924461
168.9 0.983726 0.791396 0.567584 0.0046021 0.00231893 0.000685759
168.92 0.983932 0.791498 0.567606 0.00513383 0.00256103 0.000551277
168.94 0.984135 0.791615 0.567637 0.00506863 0.00293273 0.000760943
168.96 0.98431 0.791745 0.56769 0.00437662 0.00324732 0.00131986
168.98 0.984441 0.791876 0.567767 0.00327769 0.00326558 0.00192427
169 0.984526 0.791991 0.567853 0.00212904 0.0028694 0.00214787
169.02 0.984577 0.792077 0.567922 0.00127889 0.00215248 0.00173328
169.04 0.984614 0.792132 0.567953 0.000932649 0.00138991 0.000774193
169.06 0.984657 0.792169 0.567939 0.00107626 0.000911152 -0.000335815
169.08 0.984718 0.792206 0.567894 0.00152587 0.000922063 -0.00112282
169.1 0.9848 0.79226 0.567844 0.00205156 0.00136531 -0.00127014
169.12 0.984899 0.792338 0.567813 0.00245922 0.00193104 -0.00076349
169.14 0.985003 0.792427 0.567817 0.00260499 0.0022351 9.96799e-05
169.16 0.985099 0.792509 0.567851 0.00240779 0.00206278 0.000858362
169.18 0.985176 0.792569 0.567897 0.00190656 0.0014862 0.00113791
169.2 0.985228 0.7926 0.567931 0.00131995 0.000782012 0.000854405
169.22 0.985268 0.792611 0.567941 0.000979896 0.000265159 0.000239461
169.24 0.985312 0.792616 0.567927 0.00111018 0.000136482 -0.000336826
169.26 0.985378 0.792632 0.567903 0.00165065 0.000387499 -0.00060974
169.28 0.98547 0.792665 0.567881 0.00229358 0.000825634 -0.000537957
169.3 0.985577 0.792712 0.567871 0.00267348 0.0011816 -0.000260302
169.32 0.985681 0.792762 0.567872 0.00259922 0.00124659 2.07284e-05
169.34 0.985768 0.792801 0.567878 0.00218513 0.000970979 0.000166787
169.36 0.985839 0.792821 0.567886 0.00177042 0.000495818 0.000188533
169.38 0.985906 0.792824 0.567894 0.00168153 9.36396e-05 0.000212304
169.4 0.985986 0.792825 0.567909 0.00200818 2.83415e-05 0.000356551
169.42 0.986089 0.792841 0.567934 0.00255053 0.000393554 0.000637961
169.44 0.986207 0.792882 0.567973 0.00296592 0.00103249 0.000973786
169.46 0.986327 0.792947 0.568023 0.00298889 0.00161523 0.00123408
169.48 0.986431 0.79302 0.568075 0.00260502 0.00182294 0.00130955
169.5 0.986514 0.793081 0.568122 0.00207904 0.001531 0.00118876
169.52 0.986585 0.793117 0.568161 0.00176684 0.000884189 0.000964244
169.54 0.986659 0.793125 0.568191 0.00185075 0.000219992 0.000749335
169.56 0.986748 0.79312 0.568216 0.0022409 -0.000132343 0.000620789
169.58 0.986856 0.793119 0.568241 0.00269097 -3.51708e-05 0.000640607
169.6 0.986975 0.793136 0.568276 0.00298211 0.000432194 0.000871654
169.62 0.987096 0.793179 0.56833 0.00301373 0.00107086 0.00132861
169.64 0.987208 0.793246 0.568407 0.00280983 0.00166949 0.0019365
169.66 0.987308 0.793328 0.568509 0.00249255 0.00207076 0.00255293
169.68 0.987396 0.793416 0.568629 0.00220678 0.00217732 0.00299213
169.7 0.987478 0.793494 0.568752 0.00205162 0.00195236 0.00306857
169.72 0.987562 0.793552 0.56886 0.00207993 0.00146089 0.00271213
169.74 0.987654 0.793588 0.568942 0.00231322 0.000894869 0.00204529
169.76 0.987762 0.793609 0.568995 0.00270782 0.000526688 0.00131874
169.78 0.987888 0.793633 0.569025 0.00312936 0.000602969 0.000772892
169.8 0.988024 0.793682 0.569047 0.00340168 0.0012302 0.000542432
169.82 0.988159 0.793774 0.569072 0.00339113 0.00228644 0.000625047
169.84 0.988282 0.79391 0.569108 0.00306512 0.00340338 0.000904708
169.86 0.988382 0.794074 0.569157 0.00249998 0.00409965 0.00122339
169.88 0.988455 0.794236 0.569215 0.0018391 0.00405697 0.00144565
169.9 0.988506 0.79437 0.569275 0.00125881 0.00333655 0.00149382
169.92 0.988544 0.794463 0.569329 0.000950829 0.00234763 0.00136558
169.94 0.988587 0.794527 0.569374 0.00107497 0.00159017 0.00112069
169.96 0.988653 0.794582 0.569408 0.00166031 0.00137587 0.000836329
169.98 0.988755 0.79465 0.56943 0.00253745 0.0017024 0.000563499
170 0.98889 0.794742 0.569443 0.00338362 0.00229733 0.000324452
170.02 0.989045 0.794853 0.569449 0.003864 0.0027685 0.000133809
170.04 0.989196 0.794966 0.569448 0.00378785 0.00281996 -9.42727e-06
170.06 0.989324 0.795063 0.569442 0.00319565 0.00243208 -0.000160075
170.08 0.989418 0.795137 0.569425 0.00234799 0.00185358 -0.000418549
170.1 0.989483 0.795193 0.569392 0.00163626 0.00140637 -0.000831643
170.12 0.98954 0.795244 0.56934 0.00141822 0.0012791 -0.0012939
170.14 0.989614 0.795303 0.569277 0.00184362 0.00145855 -0.00156527
170.16 0.989724 0.795375 0.569221 0.0027645 0.00179432 -0.00140225
170.18 0.989876 0.795459 0.569193 0.0037838 0.00210052 -0.000709705
170.2 0.990054 0.795549 0.569208 0.0044602 0.00225457 0.000379883
170.22 0.990237 0.795639 0.569269 0.00457085 0.00226339 0.00152992
170.24 0.990407 0.795729 0.569362 0.00424264 0.00224586 0.00232346
170.26 0.990561 0.795821 0.56946 0.00384828 0.00229484 0.00245074
170.28 0.99071 0.795914 0.569535 0.00374339 0.00233349 0.00187154
170.3 0.990871 0.796002 0.56957 0.00402571 0.00218807 0.000863692
170.32 0.991051 0.796074 0.569566 0.00448779 0.00181617 -9.66318e-05
170.34 0.991242 0.79613 0.569542 0.00478639 0.00139479 -0.000587128
170.36 0.991431 0.796178 0.569524 0.00470516 0.00119085 -0.00045559
170.38 0.991603 0.796233 0.56953 0.00430321 0.00138214 0.000135566
170.4 0.991756 0.796312 0.569563 0.00384186 0.00197048 0.000840076
170.42 0.991899 0.796423 0.569617 0.00357895 0.00277794 0.00135146
170.44 0.992044 0.796563 0.569681 0.00360922 0.00350915 0.00158162
170.46 0.992198 0.796719 0.569747 0.00384554 0.00389676 0.00166403
170.48 0.992362 0.796874 0.569819 0.004119 0.00385551 0.00178597
170.5 0.992534 0.797014 0.569899 0.00430049 0.0035036 0.00200457
170.52 0.992709 0.797135 0.569987 0.00436353 0.00303378 0.00219875
170.54 0.992883 0.797238 0.570074 0.00435549 0.00258178 0.00218165
170.56 0.993055 0.797327 0.570149 0.0043024 0.00221113 0.00187417
170.58 0.993221 0.797406 0.570205 0.00414417 0.0019812 0.00140017
170.6 0.993373 0.797485 0.570245 0.00378591 0.00197574 0.00101056
170.62 0.993502 0.797574 0.570281 0.00323531 0.00222933 0.000895459
170.64 0.993609 0.79768 0.570324 0.00267737 0.00264738 0.00106451
170.66 0.993704 0.797801 0.570378 0.00236268 0.00303169 0.00136641
170.68 0.9938 0.797929 0.570443 0.00240835 0.00319499 0.0016044
170.7 0.993908 0.798051 0.57051 0.00270958 0.00305494 0.00167849
170.72 0.994029 0.798158 0.570576 0.00302159 0.00266305 0.0016452
170.74 0.994154 0.798244 0.570641 0.00312177 0.002156 0.00163975
170.76 0.994272 0.798311 0.57071 0.00294519 0.00166043 0.00173246
170.78 0.994376 0.79836 0.570784 0.00261201 0.00124474 0.00185061
170.8 0.994468 0.798398 0.570857 0.00230317 0.000952969 0.00182121
170.82 0.994552 0.798432 0.570917 0.0020906 0.000837927 0.00149079
170.84 0.994628 0.79847 0.570951 0.00191088 0.000938169 0.000847806
170.86 0.994695 0.798519 0.570954 0.00167095 0.0012374 7.4434e-05
170.88 0.994749 0.798585 0.570933 0.00134863 0.00163992 -0.000528607
170.9 0.99479 0.798664 0.570903 0.00101661 0.0019733 -0.000734294
170.92 0.994821 0.798746 0.570881 0.000788377 0.00204989 -0.000548306
170.94 0.99485 0.798817 0.570874 0.000714082 0.00177853 -0.000183543
170.96 0.994879 0.798866 0.570879 0.0007328 0.00124101 0.000112051
170.98 0.994909 0.798892 0.570887 0.000739119 0.000639147 0.000211748
171 0.994936 0.798899 0.570893 0.000673595 0.000172386 0.000140452
171.02 0.994958 0.798898 0.570893 0.000563759 -2.78681e-05 1.13211e-05
171.04 0.994978 0.798901 0.570891 0.000493603 9.23082e-05 -6.34505e-05
171.06 0.995 0.798921 0.570889 0.000540725 0.000494918 -4.40223e-05
171.08 0.995029 0.798962 0.57089 0.000731412 0.00102484 2.57026e-05
171.1 0.995071 0.79902 0.570893 0.00104906 0.00144737 7.56441e-05
171.12 0.99513 0.799083 0.570896 0.0014758 0.00157175 9.14374e-05
171.14 0.995209 0.799137 0.570902 0.00198356 0.00135656 0.000138398
171.16 0.995309 0.799175 0.570914 0.00249255 0.00093874 0.000295062
171.18 0.995425 0.799198 0.570936 0.00288721 0.000576071 0.000563059
171.2 0.995547 0.799218 0.57097 0.00306994 0.000501333 0.000841998
171.22 0.995668 0.799249 0.57101 0.00301634 0.000768609 0.00100464
171.24 0.995779 0.799297 0.57105 0.00278712 0.00120158 0.00100309
171.26 0.99588 0.799357 0.571087 0.00250102 0.0015043 0.000920211
171.28 0.995971 0.799415 0.571124 0.00229477 0.00146179 0.000916587
171.3 0.996062 0.79946 0.571169 0.00226646 0.00111683 0.00112443
171.32 0.99616 0.799492 0.571232 0.00244227 0.000793637 0.00157156
171.34 0.996271 0.799526 0.571318 0.00277698 0.000865147 0.00214751
171.36 0.996398 0.799584 0.571422 0.00317896 0.00143799 0.00262215
171.38 0.996539 0.799673 0.571532 0.00353044 0.00223381 0.00273632
171.4 0.996687 0.799783 0.571625 0.00370505 0.00274649 0.00233909
171.42 0.996832 0.799886 0.571686 0.00362371 0.00257037 0.00151196
171.44 0.996965 0.799955 0.57171 0.00331406 0.00171767 0.000599594
171.46 0.99708 0.799982 0.571713 0.00289121 0.000683223 7.191e-05
171.48 0.99718 0.799988 0.571722 0.00247701 0.000140623 0.000243371
171.5 0.997266 0.800007 0.571764 0.00215514 0.000480853 0.0010389
171.52 0.997345 0.800069 0.571844 0.00197932 0.00154529 0.00200607
171.54 0.997425 0.800178 0.571948 0.0019932 0.0027238 0.00258537
171.56 0.997514 0.800311 0.572046 0.00222202 0.00332609 0.00245276
171.58 0.997619 0.800431 0.572114 0.00263001 0.0030079 0.00170812
171.6 0.997743 0.800511 0.572146 0.00309948 0.00200441 0.000794175
171.62 0.997881 0.80055 0.572154 0.0034592 0.000981124 0.000213053
171.64 0.998023 0.800573 0.572163 0.00355726 0.000576339 0.000224605
171.66 0.998158 0.800613 0.572191 0.00335907 0.00098027 0.00068357
171.68 0.998276 0.800686 0.572236 0.00296664 0.00183945 0.0011325
171.7 0.998378 0.800788 0.572281 0.00254543 0.00254072 0.00113207
171.72 0.998468 0.800895 0.572305 0.00223561 0.0026694 0.000594906
171.74 0.998551 0.800986 0.5723 0.00208708 0.00229742 -0.000136097
171.76 0.998634 0.801062 0.572278 0.00207241 0.00187802 -0.000530115
171.78 0.998721 0.801135 0.572268 0.00216592 0.00184664 -0.000253919
171.8 0.998816 0.801226 0.572292 0.00237209 0.00227611 0.000583832
171.82 0.998922 0.80134 0.572351 0.00265511 0.00283776 0.00148633
171.84 0.999037 0.801463 0.572426 0.00289173 0.00307572 0.00188118
171.86 0.999156 0.801573 0.572486 0.0029529 0.00276088 0.00149803
171.88 0.999269 0.801656 0.572509 0.00283902 0.00206439 0.000559107
171.9 0.999377 0.801714 0.572494 0.00270674 0.00144454 -0.000358763
171.92 0.999487 0.801767 0.572466 0.00275027 0.00131972 -0.000704313
171.94 0.999609 0.801837 0.572454 0.00304086 0.00174925 -0.00031035
171.96 0.999748 0.801932 0.572475 0.00346828 0.00237355 0.000524122
171.98 0.999901 0.802039 0.572526 0.00383329 0.00268953 0.00128576
172 1.00006 0.802136 0.572591 0.00399442 0.00243135 0.00161543
172.02 1.00022 0.802206 0.572652 0.00395242 0.00174822 0.00153535
172.04 1.00037 0.802249 0.572707 0.00382444 0.00107887 0.00137324
172.06 1.00052 0.802284 0.572765 0.00373418 0.000853046 0.00143965
172.08 1.00067 0.802332 0.572834 0.00370459 0.00119908 0.00173675
172.1 1.00082 0.802406 0.572912 0.00364608 0.00185575 0.00194368
172.12 1.00095 0.802501 0.57298 0.00348215 0.00238285 0.00170672
172.14 1.00109 0.802601 0.57302 0.00327538 0.00249577 0.000990389
172.16 1.00121 0.802691 0.573026 0.00320819 0.00224707 0.000163664
172.18 1.00135 0.802768 0.573016 0.00344027 0.00193333 -0.000268351
172.2 1.00151 0.802841 0.573014 0.00394654 0.0018337 -4.19903e-05
172.22 1.00169 0.802921 0.573041 0.00445504 0.00199699 0.000677381
172.24 1.00187 0.80301 0.573097 0.00457629 0.00222844 0.0014024
172.26 1.00203 0.803102 0.573163 0.00407146 0.00227767 0.00165539
172.28 1.00216 0.803184 0.573215 0.00305858 0.00207084 0.00130444
172.3 1.00224 0.803255 0.573242 0.00199547 0.00177607 0.000657618
172.32 1.00229 0.803321 0.573251 0.00143644 0.00164928 0.000234992
172.34 1.00236 0.803394 0.573267 0.00169334 0.00180984 0.000386589
172.36 1.00247 0.803479 0.573309 0.0026124 0.00213746 0.00105989
172.38 1.00261 0.803574 0.573384 0.00364038 0.0023721 0.00188311
172.4 1.00278 0.803667 0.573482 0.00417543 0.00232322 0.00245011
172.42 1.00294 0.803748 0.573585 0.00395356 0.00202678 0.00256819
172.44 1.00306 0.803817 0.573678 0.00317166 0.00172953 0.00232432
172.46 1.00315 0.803885 0.573756 0.00229758 0.00169649 0.00193968
172.48 1.00323 0.803965 0.573817 0.00176461 0.00198685 0.00153904
172.5 1.0033 0.80406 0.57386 0.00174495 0.00238383 0.00106433
172.52 1.00338 0.804162 0.573877 0.00210155 0.00255961 0.000423268
172.54 1.00348 0.804256 0.573865 0.00251962 0.00233773 -0.000291775
172.56 1.00359 0.804329 0.573835 0.00272509 0.00181902 -0.00075551
172.58 1.00369 0.80438 0.573811 0.00264117 0.00128163 -0.000606738
172.6 1.00379 0.804419 0.573821 0.00237541 0.000974411 0.00025842
172.62 1.00387 0.804458 0.573882 0.00207959 0.000971119 0.00152589
172.64 1.00395 0.804504 0.573985 0.00182711 0.00115781 0.00258781
172.66 1.00401 0.804557 0.574101 0.00160309 0.0013287 0.00289151
172.68 1.00407 0.80461 0.574192 0.00139605 0.00132213 0.00226911
172.7 1.00412 0.804654 0.574233 0.00124106 0.00109685 0.00102761
172.72 1.00416 0.804682 0.574223 0.00115246 0.000706571 -0.000252106
172.74 1.00421 0.804692 0.574181 0.00110553 0.000242454 -0.00105563
172.76 1.00425 0.804685 0.574133 0.00108578 -0.000172225 -0.00117971
172.78 1.00429 0.80467 0.574103 0.00109988 -0.000368452 -0.00075629
172.8 1.00434 0.804663 0.574099 0.00114437 -0.000178757 -0.000108595
172.82 1.00439 0.804682 0.574117 0.00120797 0.00046224 0.000446588
172.84 1.00444 0.804738 0.574146 0.00129495 0.00139645 0.000725034
172.86 1.0045 0.804826 0.574173 0.00142491 0.00221458 0.00068197
172.88 1.00456 0.804925 0.574188 0.00162111 0.00246477 0.000382893
172.9 1.00464 0.805004 0.574189 0.00186968 0.00198326 6.5586e-06
172.92 1.00472 0.805046 0.574181 0.00207721 0.00104441 -0.000189741
172.94 1.0048 0.805054 0.574181 0.00211895 0.000206236 -2.58652e-06
172.96 1.00488 0.805053 0.574204 0.00195077 -1.54278e-05 0.000571413
172.98 1.00495 0.805076 0.574256 0.00165943 0.000553037 0.00131476
173 1.00501 0.805141 0.574333 0.00141948 0.00164332 0.0019167
173.02 1.00506 0.80525 0.574419 0.00140723 0.00271742 0.00214359
173.04 1.00513 0.805382 0.574497 0.00170822 0.00330107 0.00194347
173.06 1.00522 0.805512 0.574555 0.00225966 0.00325096 0.00144957
173.08 1.00534 0.805624 0.574591 0.00287939 0.00279934 0.000909802
173.1 1.00547 0.805718 0.574614 0.00338392 0.00234798 0.000583168
173.12 1.00562 0.805805 0.57464 0.00370766 0.00218012 0.00063489
173.14 1.00577 0.805896 0.574682 0.00389662 0.00227991 0.00106104
173.16 1.00593 0.805992 0.57475 0.0040026 0.0024022 0.00169647
173.18 1.0061 0.806085 0.574842 0.00402978 0.00231357 0.00229794
173.2 1.00626 0.806165 0.574948 0.0039793 0.00200623 0.00264422
173.22 1.00641 0.806235 0.575052 0.0038939 0.0017388 0.00260327
173.24 1.00656 0.806308 0.575138 0.00381567 0.0018199 0.00216349
173.26 1.00671 0.806399 0.575196 0.00373936 0.00229412 0.00143636
173.28 1.00686 0.806513 0.575221 0.0036252 0.00283885 0.000624607
173.3 1.007 0.806632 0.575219 0.0034508 0.00298657 -3.58888e-05
173.32 1.00713 0.806732 0.575206 0.00326041 0.00249877 -0.000343417
173.34 1.00725 0.806796 0.575197 0.00315217 0.00158195 -0.000212357
173.36 1.00738 0.806827 0.575208 0.00321039 0.000791737 0.000263464
173.38 1.00752 0.806854 0.575241 0.00341839 0.000670607 0.000842396
173.4 1.00766 0.806908 0.575292 0.00361535 0.00134682 0.00126581
173.42 1.00781 0.807004 0.575348 0.00357291 0.0024101 0.00139616
173.44 1.00793 0.807132 0.575399 0.00315776 0.00318866 0.00128546
173.46 1.00803 0.807261 0.575444 0.00245312 0.00321751 0.00112239
173.48 1.0081 0.807363 0.575487 0.00175247 0.00254643 0.00107298
173.5 1.00816 0.80743 0.575533 0.00141286 0.00168741 0.00113987
173.52 1.00822 0.807481 0.575579 0.00162314 0.00126482 0.00115885
173.54 1.00831 0.807544 0.575616 0.00224176 0.00159728 0.000929116
173.56 1.00843 0.807645 0.575632 0.00287765 0.00251142 0.000398561
173.58 1.00855 0.807784 0.575623 0.00316485 0.00348425 -0.000231935
173.6 1.00867 0.807943 0.575599 0.00300951 0.00396427 -0.000598342
173.62 1.00878 0.80809 0.575582 0.00262466 0.00366837 -0.00042766
173.64 1.00887 0.808199 0.575591 0.00231646 0.00272463 0.000238749
173.66 1.00896 0.808263 0.575633 0.00221685 0.00161276 0.00104943
173.68 1.00905 0.8083 0.575696 0.00221969 0.000912168 0.00157801
173.7 1.00913 0.808338 0.57576 0.0021439 0.000965613 0.0015863
173.72 1.00921 0.808406 0.575805 0.00192902 0.00168254 0.00113759
173.74 1.00928 0.80851 0.575826 0.00170657 0.00261683 0.000520092
173.76 1.00935 0.80864 0.575828 0.00172109 0.00324038 5.44913e-05
173.78 1.00943 0.808769 0.575825 0.00213824 0.00323437 -7.13869e-05
173.8 1.00955 0.808874 0.575831 0.00284435 0.00262285 0.000131843
173.82 1.00969 0.808943 0.575851 0.00344919 0.00172062 0.000494701
173.84 1.00983 0.808981 0.575882 0.00355325 0.000953326 0.000797508
173.86 1.00995 0.809006 0.575918 0.00305118 0.000628983 0.00089086
173.88 1.01004 0.809037 0.575949 0.00222193 0.000778911 0.000776994
173.9 1.0101 0.809084 0.575974 0.00156804 0.00115337 0.000612235
173.92 1.01016 0.809139 0.575998 0.00152136 0.00139329 0.000600692
173.94 1.01025 0.80919 0.576031 0.00216977 0.00127243 0.000821081
173.96 1.01038 0.809224 0.576076 0.00318158 0.000842621 0.00114217
173.98 1.01054 0.809239 0.57613 0.00402406 0.000391271 0.00134733
174 1.01071 0.809249 0.576184 0.00433861 0.000234213 0.00135881
174.02 1.01088 0.809268 0.576237 0.00415546 0.000488087 0.00131693
174.04 1.01103 0.809308 0.576294 0.00377301 0.000993287 0.00143258
174.06 1.01117 0.809366 0.576365 0.00347862 0.00144887 0.00177165
174.08 1.0113 0.809431 0.576452 0.0033786 0.00162682 0.00216233
174.1 1.01144 0.809491 0.576543 0.00340086 0.00149339 0.00228354
174.12 1.01157 0.809539 0.576619 0.00339197 0.00119248 0.00188893
174.14 1.0117 0.809576 0.57666 0.00325261 0.000944056 0.0010369
174.16 1.01183 0.809613 0.576666 0.00304833 0.000919646 0.000142022
174.18 1.01195 0.809659 0.576655 0.00298498 0.00115665 -0.000258466
174.2 1.01207 0.809722 0.57666 0.00321418 0.00155333 0.00010187
174.22 1.01222 0.809799 0.576699 0.00366771 0.00194188 0.000997213
174.24 1.01238 0.809886 0.576774 0.00410079 0.00217799 0.0018759
174.26 1.01256 0.809974 0.576865 0.00428514 0.00220075 0.00225604
174.28 1.01272 0.810057 0.576946 0.00416007 0.00205482 0.00202744
174.3 1.01288 0.810131 0.577005 0.00381777 0.00186741 0.00147684
174.32 1.01301 0.810204 0.577047 0.00341115 0.00181138 0.00104421
174.34 1.01314 0.810285 0.577086 0.00308804 0.00203698 0.000988743
174.36 1.01325 0.810388 0.577134 0.00292198 0.00255954 0.00118376
174.38 1.01337 0.810515 0.577182 0.00286977 0.00319583 0.0012146
174.4 1.01348 0.81066 0.577212 0.00282469 0.00362569 0.000750703
174.42 1.01359 0.810804 0.577207 0.00270185 0.00359319 -0.000126739
174.44 1.01369 0.810928 0.57717 0.00246833 0.0031057 -0.000937864
174.46 1.01377 0.811026 0.577124 0.00214046 0.00243224 -0.00114516
174.48 1.01384 0.811103 0.577102 0.00177158 0.00193575 -0.0005385
174.5 1.0139 0.811178 0.577127 0.00141144 0.00187206 0.000614391
174.52 1.01394 0.811268 0.577196 0.00107539 0.00226036 0.00172223
174.54 1.01397 0.811383 0.577285 0.000797306 0.00285971 0.00222458
174.56 1.014 0.811514 0.577361 0.000685546 0.00327682 0.00191551
174.58 1.01404 0.811642 0.577403 0.00084779 0.00320374 0.00103259
174.6 1.01409 0.811747 0.577405 0.00124111 0.00262101 6.48467e-05
174.62 1.01415 0.811819 0.577382 0.00164735 0.0017916 -0.000570239
174.64 1.01422 0.811862 0.577353 0.00182804 0.00107897 -0.00073541
174.66 1.01429 0.811891 0.577331 0.0017058 0.00074066 -0.000552397
174.68 1.01435 0.811924 0.577321 0.00142086 0.000812994 -0.000238142
174.7 1.0144 0.811969 0.577324 0.00121737 0.00111897 6.29067e-05
174.72 1.01445 0.812024 0.577338 0.00125238 0.0013922 0.000342954
174.74 1.01451 0.812082 0.577364 0.00148129 0.00144129 0.000668096
174.76 1.01457 0.812131 0.577407 0.00168615 0.00123354 0.00106329
174.78 1.01464 0.812165 0.577465 0.00164484 0.000853335 0.0014411
174.8 1.01469 0.812183 0.57753 0.00134436 0.000443325 0.00162996
174.82 1.01474 0.81219 0.577589 0.00103605 0.000170972 0.00148283
174.84 1.01478 0.812196 0.577629 0.00105801 0.000156666 0.00099664
174.86 1.01484 0.812212 0.577643 0.00159085 0.000390445 0.000358741
174.88 1.01494 0.812242 0.577638 0.00252323 0.000745305 -0.000130277
174.9 1.01508 0.812285 0.577629 0.00348491 0.00108778 -0.000219171
174.92 1.01524 0.81234 0.577636 0.00403762 0.0013604 0.000161709
174.94 1.0154 0.812402 0.577671 0.00392879 0.00156587 0.00087213
174.96 1.01553 0.81247 0.577736 0.00325427 0.00169355 0.00163307
174.98 1.01563 0.812537 0.577822 0.00240543 0.00168361 0.0021505
175 1.0157 0.812597 0.577912 0.00184336 0.00148858 0.00224238
175.02 1.01577 0.812643 0.577988 0.00184852 0.0011616 0.00191664
175.04 1.01587 0.812678 0.578043 0.00238085 0.000879602 0.00137135
175.06 1.016 0.812714 0.578079 0.0031383 0.000878449 0.000905165
175.08 1.01615 0.812766 0.57811 0.00379081 0.00130876 0.000760364
175.1 1.01631 0.81285 0.578149 0.00418071 0.0021045 0.000987037
175.12 1.01649 0.812969 0.578207 0.00432425 0.00298342 0.00143367
175.14 1.01666 0.813113 0.578281 0.00428171 0.00358365 0.00186065
175.16 1.01682 0.813259 0.578364 0.00402974 0.00364808 0.00208491
175.18 1.01696 0.813385 0.578447 0.00345537 0.00316585 0.0020686
175.2 1.01706 0.813481 0.578523 0.0025217 0.00239837 0.00190201
175.22 1.01712 0.813552 0.578592 0.00143815 0.00175817 0.00170793
175.24 1.01714 0.813615 0.578654 0.000645485 0.00157305 0.00156487
175.26 1.01716 0.813689 0.578713 0.000561975 0.00186732 0.00147202
175.28 1.01722 0.813783 0.578768 0.00127837 0.00235004 0.0013615
175.3 1.01732 0.813888 0.578813 0.00247927 0.00262009 0.00114647
175.32 1.01746 0.813985 0.578844 0.00361452 0.0024297 0.000771358
175.34 1.01763 0.814059 0.578855 0.00416631 0.00185165 0.000262857
175.36 1.01778 0.814108 0.578845 0.00389351 0.00122002 -0.00025378
175.38 1.0179 0.814144 0.57882 0.00294883 0.000886655 -0.000620975
175.4 1.01797 0.814183 0.57879 0.00178777 0.000984123 -0.000752607
175.42 1.01801 0.814237 0.578762 0.000901301 0.00136189 -0.000681835
175.44 1.01803 0.814306 0.578741 0.000566307 0.00171737 -0.000530332
175.46 1.01806 0.814379 0.578724 0.000778045 0.0018126 -0.000436501
175.48 1.01811 0.814444 0.578705 0.00133711 0.00162237 -0.000479779
175.5 1.01819 0.814497 0.578679 0.00198844 0.00133554 -0.000631694
175.52 1.0183 0.814546 0.578648 0.00255646 0.00121854 -0.000777751
175.54 1.01842 0.814603 0.578616 0.00300253 0.00143765 -0.000809954
175.56 1.01855 0.814682 0.578588 0.0033659 0.00196881 -0.000701501
175.58 1.0187 0.814787 0.578568 0.00366608 0.00262123 -0.000498669
175.6 1.01885 0.814912 0.578558 0.00386448 0.00313261 -0.000254612
175.62 1.01901 0.815044 0.578559 0.00390792 0.00328666 4.05295e-05
175.64 1.01916 0.815164 0.578578 0.00378327 0.00300282 0.000458973
175.66 1.0193 0.81526 0.578619 0.00353206 0.00239822 0.00104535
175.68 1.01943 0.81533 0.578688 0.00323996 0.00176979 0.00171427
175.7 1.01955 0.815388 0.578777 0.00303224 0.00143469 0.00223796
175.72 1.01967 0.81545 0.578872 0.00304796 0.00155024 0.00237336
175.74 1.01981 0.815532 0.578954 0.00335064 0.00206511 0.00204567
175.76 1.01996 0.815644 0.579012 0.00385963 0.00278934 0.00143704
175.78 1.02014 0.815783 0.579048 0.00439368 0.00347406 0.000905321
175.8 1.02033 0.815938 0.579079 0.00477503 0.00387828 0.000769301
175.82 1.02053 0.816092 0.579123 0.00491772 0.00384733 0.00111073
175.84 1.02072 0.816228 0.579192 0.00487041 0.00339202 0.00173361
175.86 1.02091 0.816336 0.579284 0.00476613 0.00271601 0.00229457
175.88 1.0211 0.816422 0.579384 0.00468406 0.00214111 0.00250545
175.9 1.02128 0.8165 0.579476 0.00454365 0.00194813 0.0022803
175.92 1.02145 0.816589 0.579547 0.00419709 0.00221618 0.00177571
175.94 1.02159 0.8167 0.579599 0.00365096 0.00278292 0.00130748
175.96 1.02172 0.816834 0.579646 0.00314064 0.00335773 0.00116436
175.98 1.02184 0.816981 0.579702 0.00296162 0.00368093 0.00142081
176 1.02197 0.817127 0.579777 0.00322468 0.0036337 0.00187527
176.02 1.02212 0.817257 0.579864 0.00374667 0.00325976 0.00216004
176.04 1.02228 0.817366 0.579943 0.0041589 0.00272597 0.0019692
176.06 1.02245 0.817455 0.579993 0.00416464 0.00222775 0.00126077
176.08 1.0226 0.817531 0.580005 0.00375312 0.00188135 0.000296828
176.1 1.02273 0.817598 0.579985 0.00320207 0.00169904 -0.00048858
176.12 1.02284 0.817664 0.579956 0.0028483 0.00163676 -0.000728082
176.14 1.02296 0.81773 0.579943 0.0028089 0.00165635 -0.000328369
176.16 1.02307 0.817801 0.579962 0.00289572 0.00176452 0.000473704
176.18 1.02318 0.817879 0.580011 0.00279038 0.00196596 0.00123203
176.2 1.02327 0.817966 0.580073 0.00229506 0.00217435 0.00153294
176.22 1.02333 0.818055 0.580122 0.00148273 0.00221818 0.00122714
176.24 1.02336 0.818134 0.580142 0.000697354 0.00197889 0.000503298
176.26 1.02338 0.818194 0.580132 0.000375383 0.00149832 -0.000247524
176.28 1.02341 0.818232 0.580105 0.000736593 0.000942081 -0.00067956
176.3 1.02347 0.818252 0.580077 0.00158966 0.000499296 -0.000682981
176.32 1.02357 0.818264 0.580061 0.00243969 0.000300797 -0.000404496
176.34 1.02368 0.818278 0.580056 0.00280801 0.000361863 -0.000123413
176.36 1.02378 0.818302 0.580054 0.00252894 0.0005801 -6.9364e-05
176.38 1.02385 0.818334 0.580042 0.00183997 0.000813451 -0.000290548
176.4 1.0239 0.818373 0.580016 0.00120848 0.000971108 -0.000650974
176.42 1.02394 0.818415 0.579979 0.00101015 0.00105837 -0.000926666
176.44 1.024 0.818461 0.579942 0.00130136 0.00113935 -0.000923903
176.46 1.02407 0.818511 0.579919 0.0018402 0.00125624 -0.000559737
176.48 1.02416 0.818567 0.579923 0.002297 0.00138557 9.26195e-05
176.5 1.02426 0.818626 0.579956 0.00246985 0.00148456 0.000812996
176.52 1.02435 0.818689 0.580009 0.00237648 0.00156859 0.00133363
176.54 1.02444 0.818757 0.580068 0.00220134 0.00169966 0.00147254
176.56 1.02453 0.818833 0.580116 0.0021276 0.00190489 0.00120137
176.58 1.02461 0.818918 0.580141 0.00216721 0.00213243 0.000621536
176.6 1.0247 0.819009 0.580138 0.00214748 0.00227237 -7.64281e-05
176.62 1.02478 0.819097 0.580112 0.00190723 0.00221011 -0.000638335
176.64 1.02484 0.819174 0.580081 0.00151155 0.00192269 -0.000784756
176.66 1.02489 0.819237 0.580069 0.00124945 0.00156136 -0.000293251
176.68 1.02494 0.819292 0.580104 0.0014084 0.00137773 0.000876063
176.7 1.02502 0.819353 0.580203 0.00203857 0.0015308 0.00248026
176.72 1.02514 0.819432 0.580364 0.0028897 0.00197326 0.00401267
176.74 1.02528 0.819532 0.58056 0.00353793 0.00249965 0.00490954
176.76 1.02543 0.819647 0.580754 0.00365922 0.00287175 0.00484605
176.78 1.02556 0.819765 0.580911 0.00326018 0.00294003 0.00392037
176.8 1.02566 0.819873 0.581014 0.00265654 0.00272013 0.00258013
176.82 1.02575 0.819969 0.581068 0.00222618 0.00238423 0.00135634
176.84 1.02584 0.820054 0.581093 0.00215909 0.00213186 0.000616985
176.86 1.02594 0.820135 0.581112 0.00241812 0.00202723 0.00047818
176.88 1.02605 0.820213 0.581146 0.00287583 0.00195149 0.000842012
176.9 1.02619 0.820283 0.581205 0.00342232 0.00173836 0.00147421
176.92 1.02635 0.820337 0.581288 0.00395514 0.0013676 0.0020811
176.94 1.02652 0.820378 0.581384 0.00434176 0.00102702 0.00240432
176.96 1.0267 0.820418 0.581477 0.00442828 0.000978902 0.00232341
176.98 1.02686 0.820472 0.581552 0.00411767 0.00135305 0.00188195
177 1.027 0.820553 0.581601 0.00347844 0.00203529 0.00121101
177.02 1.02711 0.820662 0.581619 0.00276021 0.00271187 0.000447353
177.04 1.0272 0.820784 0.581608 0.00227762 0.00305121 -0.00027324
177.06 1.02729 0.8209 0.581576 0.00223334 0.00291649 -0.000800388
177.08 1.0274 0.820999 0.581536 0.00257832 0.00246131 -0.00100806
177.1 1.02752 0.82108 0.581501 0.0030401 0.0020357 -0.000867516
177.12 1.02765 0.821158 0.581482 0.00332789 0.00194858 -0.000476039
177.14 1.02778 0.821248 0.58148 0.00331215 0.00224415 -3.74077e-05
177.16 1.02791 0.821354 0.581488 0.00305409 0.00264666 0.000201903
177.18 1.02801 0.821464 0.581492 0.0027267 0.00275008 8.28772e-05
177.2 1.02811 0.821557 0.581478 0.00250932 0.00233616 -0.000335642
177.22 1.02821 0.82162 0.581447 0.00248808 0.00157927 -0.000776924
177.24 1.02832 0.821659 0.58141 0.00260146 0.000968072 -0.000920376
177.26 1.02843 0.821698 0.581386 0.00269281 0.000967827 -0.000619845
177.28 1.02853 0.821764 0.581385 0.00263763 0.00166057 -1.81204e-05
177.3 1.02863 0.82187 0.581406 0.0024431 0.00264375 0.000528598
177.32 1.02872 0.822002 0.581434 0.00224028 0.00331022 0.000705515
177.34 1.02881 0.822134 0.581454 0.00219444 0.0033007 0.000488967
177.36 1.0289 0.822244 0.58146 0.00239086 0.00274894 0.00015853
177.38 1.02901 0.82233 0.581463 0.002737 0.00214027 7.35549e-05
177.4 1.02913 0.822406 0.581479 0.0029866 0.00190973 0.000403845
177.42 1.02925 0.822491 0.58152 0.00293358 0.00210299 0.00101851
177.44 1.02935 0.822586 0.581585 0.00259427 0.00239554 0.00161507
177.46 1.02944 0.822684 0.581663 0.00221322 0.00243889 0.00196216
177.48 1.02953 0.822771 0.581744 0.00211265 0.00217079 0.00203251
177.5 1.02962 0.822844 0.581822 0.00247 0.00183087 0.00194247
177.52 1.02975 0.822913 0.581894 0.00315698 0.00172476 0.00181104
177.54 1.0299 0.822991 0.581962 0.00377142 0.00195826 0.00168522
177.56 1.03006 0.823086 0.582024 0.00388514 0.00236448 0.00156216
177.58 1.03019 0.823192 0.582083 0.00335861 0.00266441 0.00145558
177.6 1.03029 0.8233 0.58214 0.0024959 0.00267915 0.0014408
177.62 1.03037 0.823396 0.582205 0.00189463 0.00241667 0.00162016
177.64 1.03045 0.823477 0.582285 0.00203471 0.00202637 0.00200451
177.66 1.03056 0.823545 0.582382 0.00291171 0.00168581 0.00242541
177.68 1.03073 0.823605 0.582487 0.00403702 0.00149678 0.00261249
177.7 1.03092 0.823663 0.582582 0.00477812 0.00145612 0.00239329
177.72 1.03111 0.823723 0.582656 0.00475492 0.00150524 0.00183014
177.74 1.03127 0.823787 0.582703 0.00402693 0.00160657 0.00118311
177.76 1.03139 0.823858 0.582732 0.00299337 0.00177007 0.000731658
177.78 1.03147 0.823938 0.582756 0.00210565 0.00199228 0.0005962
177.8 1.03154 0.824025 0.582784 0.001612 0.00218031 0.000696776
177.82 1.0316 0.824113 0.582818 0.00150147 0.00219126 0.00084156
177.84 1.03166 0.824192 0.582852 0.00161949 0.00197711 0.000856726
177.86 1.03173 0.824258 0.582879 0.00183053 0.00166723 0.000666712
177.88 1.03182 0.824318 0.58289 0.00210222 0.00148798 0.000294189
177.9 1.03192 0.824382 0.582883 0.00244722 0.00161093 -0.000173695
177.92 1.03203 0.824464 0.582859 0.0027972 0.00204853 -0.000599146
177.94 1.03215 0.824569 0.582827 0.0029731 0.00262391 -0.000803944
177.96 1.03226 0.824691 0.582802 0.00279873 0.00305104 -0.000634994
177.98 1.03235 0.824815 0.5828 0.00225944 0.0031022 -5.09597e-05
178 1.03241 0.824926 0.582833 0.0015711 0.00275851 0.000821713
178.02 1.03246 0.825015 0.5829 0.00108565 0.002225 0.00167876
178.04 1.0325 0.825087 0.582985 0.00108749 0.00180076 0.00212607
178.06 1.03256 0.825153 0.58306 0.0016132 0.00166618 0.0018791
178.08 1.03266 0.825223 0.583099 0.00241128 0.00174564 0.000975552
178.1 1.03278 0.825295 0.583092 0.00309151 0.00179619 -0.000178097
178.12 1.03292 0.825361 0.583052 0.00336468 0.00165069 -0.00101131
178.14 1.03305 0.825417 0.583006 0.00318278 0.00138398 -0.00113386
178.16 1.03315 0.825466 0.582984 0.00270965 0.00124601 -0.000560921
178.18 1.03324 0.825523 0.582997 0.00220192 0.00142263 0.000337928
178.2 1.03332 0.825596 0.583041 0.00187184 0.0018277 0.00109336
178.22 1.03339 0.825681 0.583097 0.00178857 0.002122 0.0013957
178.24 1.03347 0.82576 0.583146 0.00190445 0.00197616 0.00123434
178.26 1.03355 0.825815 0.583182 0.00217971 0.00135779 0.000886353
178.28 1.03366 0.825838 0.583211 0.00263222 0.000586427 0.000727801
178.3 1.03379 0.825843 0.583249 0.00324228 0.000112822 0.000955746
178.32 1.03394 0.825851 0.583307 0.00385212 0.000221102 0.00144023
178.34 1.03411 0.825886 0.58338 0.00419066 0.000851344 0.00184413
178.36 1.03427 0.825951 0.583457 0.00404385 0.00164668 0.00190912
178.38 1.03441 0.826039 0.583523 0.00344144 0.00220246 0.00165906
178.4 1.03452 0.826132 0.583578 0.00270366 0.00230311 0.0013684
178.42 1.03461 0.826211 0.583631 0.00228399 0.00197397 0.00133309
178.44 1.03471 0.826267 0.583696 0.00248373 0.00141981 0.00161765
178.46 1.03484 0.826305 0.583775 0.00322712 0.000942454 0.00198209
178.48 1.035 0.826338 0.583858 0.00408748 0.000818552 0.00206754
178.5 1.03518 0.826385 0.583926 0.00456717 0.00117878 0.00170857
178.52 1.03536 0.826463 0.58397 0.00440514 0.00195114 0.00109826
178.54 1.03551 0.826577 0.583996 0.0037108 0.00285666 0.000641579
178.56 1.03562 0.826717 0.584021 0.00287624 0.0034851 0.000622868
178.58 1.03572 0.826857 0.58406 0.00233471 0.00349914 0.00097482
178.6 1.03581 0.826972 0.584113 0.00229817 0.00287923 0.00134035
178.62 1.03591 0.827052 0.584168 0.00267854 0.00200142 0.00135819
178.64 1.03605 0.827109 0.584205 0.00325417 0.00142293 0.000930582
178.66 1.0362 0.827168 0.584216 0.00384784 0.00149016 0.000275634
178.68 1.03637 0.827253 0.584206 0.00432947 0.00210717 -0.000253952
178.7 1.03655 0.827367 0.584189 0.0045594 0.00284789 -0.00041074
178.72 1.03673 0.827497 0.584182 0.00440187 0.00326677 -0.000181809
178.74 1.03688 0.827624 0.584192 0.00379809 0.00316073 0.00024057
178.76 1.037 0.827729 0.584216 0.00285726 0.00263808 0.000602997
178.78 1.03707 0.827809 0.584246 0.00187604 0.00198572 0.000745449
178.8 1.03712 0.827868 0.584273 0.00124025 0.0014826 0.000673709
178.82 1.03717 0.827919 0.584294 0.00122997 0.00128829 0.000528342
178.84 1.03724 0.827977 0.584313 0.00183546 0.00142935 0.000480732
178.86 1.03735 0.82805 0.584337 0.00272866 0.00184067 0.000604558
178.88 1.03749 0.828146 0.58437 0.00344186 0.00238886 0.000813988
178.9 1.03764 0.828261 0.584407 0.00362094 0.00288742 0.000925002
178.92 1.03776 0.828387 0.584438 0.00319497 0.00313129 0.000794002
178.94 1.03786 0.828505 0.584456 0.00242257 0.00295569 0.000438684
178.96 1.03793 0.828599 0.584458 0.00177231 0.00234794 4.28179e-05
178.98 1.038 0.82866 0.584451 0.0016234 0.00152937 -0.000170702
179 1.03808 0.828696 0.584447 0.00200218 0.000894011 -9.15131e-05
179.02 1.03818 0.828728 0.584456 0.00260248 0.000811695 0.000217872
179.04 1.0383 0.828784 0.584479 0.00303001 0.00140605 0.000578412
179.06 1.03842 0.828882 0.584512 0.00303117 0.00242896 0.000818523
179.08 1.03853 0.829015 0.584547 0.00261922 0.0033419 0.000886492
179.1 1.03861 0.82916 0.584583 0.00206773 0.00361517 0.000883995
179.12 1.03868 0.829282 0.584622 0.00172013 0.00305057 0.000981852
179.14 1.03875 0.829358 0.584673 0.00174617 0.0019026 0.00127989
179.16 1.03883 0.829387 0.584742 0.00204091 0.000735818 0.00171789
179.18 1.03892 0.829393 0.584826 0.00233273 0.000140013 0.00210089
179.2 1.03902 0.82941 0.584915 0.00239463 0.000434186 0.00221875
179.22 1.03911 0.82947 0.584994 0.00218285 0.00148854 0.0019798
179.24 1.03918 0.829582 0.585052 0.00185101 0.00279289 0.00146775
179.26 1.03925 0.829731 0.585088 0.00165349 0.00374563 0.000881769
179.28 1.03932 0.82989 0.585104 0.00176883 0.00396597 0.000414333
179.3 1.0394 0.830028 0.585111 0.00216838 0.00345011 0.000162424
179.32 1.03951 0.830129 0.585116 0.00265383 0.00252859 0.000126576
179.34 1.03963 0.830196 0.585127 0.0030013 0.00167895 0.000270913
179.36 1.03975 0.830248 0.585149 0.00308406 0.00130032 0.00056144
179.38 1.03987 0.83031 0.585187 0.00294868 0.00154664 0.000945808
179.4 1.03998 0.830401 0.58524 0.00278971 0.00227759 0.00132721
179.42 1.0401 0.830527 0.585304 0.00279612 0.00314922 0.00159714
179.44 1.04022 0.830679 0.585372 0.00301181 0.00378931 0.00169868
179.46 1.04035 0.830837 0.585438 0.00332725 0.00395134 0.00164147
179.48 1.04049 0.830981 0.585496 0.00357011 0.00359465 0.00146004
179.5 1.04064 0.831096 0.585543 0.00359911 0.0028855 0.00118636
179.52 1.04077 0.831181 0.585578 0.0033712 0.00213233 0.000855293
179.54 1.04089 0.831248 0.585598 0.00299366 0.00166668 0.00051101
179.56 1.041 0.831316 0.585606 0.00269919 0.00170186 0.000205444
179.58 1.04111 0.831406 0.585606 0.00269923 0.00223912 -4.30505e-06
179.6 1.04123 0.831527 0.585603 0.00301712 0.00303047 -8.02164e-05
179.62 1.04137 0.831672 0.585601 0.00346273 0.00363333 -5.00798e-05
179.64 1.04152 0.831816 0.585601 0.00374282 0.00359985 -5.53527e-06
179.66 1.04166 0.831927 0.5856 0.00361114 0.00276708 -1.62916e-05
179.68 1.04178 0.831984 0.585598 0.00300558 0.00142191 -5.44029e-05
179.7 1.04186 0.831991 0.585597 0.00211418 0.000179516 -2.03112e-05
179.72 1.04192 0.831977 0.585604 0.00131164 -0.000353882 0.000172461
179.74 1.04196 0.831979 0.585625 0.000952928 5.80089e-05 0.00052644
179.76 1.042 0.832024 0.585663 0.00115068 0.00111558 0.00093896
179.78 1.04207 0.832109 0.585712 0.00170634 0.00214208 0.00123796
179.8 1.04216 0.832209 0.585763 0.00222529 0.00249893 0.00127616
179.82 1.04225 0.832288 0.585804 0.00235679 0.00197396 0.00102843
179.84 1.04233 0.832323 0.585828 0.00203486 0.000871875 0.000602102
179.86 1.0424 0.832315 0.585835 0.00155242 -0.000219246 0.000175777
179.88 1.04245 0.832282 0.585833 0.00135481 -0.000809008 -7.13382e-05
179.9 1.04252 0.832252 0.585832 0.00167817 -0.000756148 -1.62623e-05
179.92 1.04261 0.832241 0.585846 0.00234671 -0.000263226 0.000358509
179.94 1.04273 0.832254 0.585884 0.00290637 0.0003208 0.00093612
179.96 1.04285 0.832284 0.585944 0.00297622 0.000741476 0.00151548
179.98 1.04295 0.832322 0.586021 0.00254282 0.00095683 0.00191767
180 1.04303 0.832365 0.586103 0.00197924 0.00107251 0.00205211
180.02 1.0431 0.832412 0.58618 0.00175824 0.00118525 0.00191498
180.04 1.04318 0.832464 0.586243 0.00207601 0.00129878 0.00157653
180.06 1.04329 0.832519 0.58629 0.00270123 0.0013668 0.00117086
180.08 1.04342 0.832573 0.586324 0.00319091 0.00135667 0.000856779
180.1 1.04355 0.832624 0.586354 0.00325928 0.00126052 0.000752608
180.12 1.04367 0.832668 0.58639 0.00296255 0.00110989 0.000897291
180.14 1.04377 0.832708 0.58644 0.00260005 0.000989454 0.00125679
180.16 1.04387 0.832746 0.58651 0.00247984 0.000967165 0.00173871
180.18 1.04398 0.832787 0.586597 0.00271096 0.00100712 0.00218019
180.2 1.0441 0.832827 0.586691 0.00314149 0.00101805 0.00236513
180.22 1.04424 0.832868 0.586777 0.00350341 0.00100224 0.00212939
180.24 1.04439 0.832912 0.586836 0.00363083 0.00110425 0.00149185
180.26 1.04453 0.832971 0.586864 0.0035326 0.0014866 0.000690256
180.28 1.04466 0.833058 0.586867 0.00330779 0.00217336 7.74507e-05
180.3 1.04478 0.833177 0.586864 0.00304981 0.00297832 -6.70293e-05
180.32 1.0449 0.833318 0.586876 0.00279039 0.00352791 0.000293853
180.34 1.045 0.833456 0.586913 0.00251327 0.00344369 0.000924954
180.36 1.04509 0.833562 0.586971 0.00223539 0.00265829 0.00145863
180.38 1.04517 0.833626 0.587036 0.00206016 0.00158421 0.00160395
180.4 1.04525 0.833662 0.587087 0.00213782 0.000904941 0.00129048
180.42 1.04536 0.833707 0.587115 0.0025428 0.0011269 0.000685931
180.44 1.04548 0.833796 0.587118 0.00318829 0.00222792 9.43947e-05
180.46 1.04564 0.833943 0.58711 0.00386009 0.00365864 -0.000205377
180.48 1.04581 0.83413 0.587106 0.00432105 0.00468934 -0.000114491
180.5 1.04599 0.834323 0.587115 0.00440401 0.00482689 0.000240933
180.52 1.04615 0.834485 0.58714 0.00408164 0.0040571 0.000620489
180.54 1.04629 0.834598 0.587173 0.00348268 0.00280999 0.000813372
180.56 1.0464 0.834666 0.587201 0.00281849 0.00169253 0.000717381
180.58 1.04649 0.834713 0.587216 0.00227544 0.00117407 0.000362422
180.6 1.04657 0.834769 0.587212 0.00197521 0.00140489 -0.000100366
180.62 1.04665 0.834856 0.587194 0.00197822 0.00219054 -0.000450888
180.64 1.04674 0.83498 0.587174 0.00225217 0.00309804 -0.000496797
180.66 1.04685 0.835127 0.587167 0.00264175 0.00366256 -0.000172529
180.68 1.04696 0.835272 0.587184 0.00293138 0.00362021 0.00042609
180.7 1.04708 0.835394 0.587228 0.00296713 0.00305031 0.00110166
180.72 1.04719 0.835486 0.587295 0.00273899 0.00230978 0.00166388
180.74 1.04729 0.835558 0.587375 0.0024015 0.00180342 0.00200738
180.76 1.04738 0.835628 0.587459 0.00219698 0.00175364 0.00209848
180.78 1.04747 0.835712 0.587535 0.00228319 0.00210454 0.00191193
180.8 1.04757 0.835817 0.587593 0.00259791 0.00261073 0.00142935
180.82 1.04769 0.835937 0.587621 0.0028992 0.00300521 0.000717397
180.84 1.04781 0.836062 0.587621 0.00295941 0.00312561 -1.59776e-05
180.86 1.04792 0.836181 0.587602 0.00274377 0.00296138 -0.000476237
180.88 1.04801 0.836285 0.587584 0.00241717 0.0026217 -0.000437039
180.9 1.0481 0.836376 0.587589 0.00221501 0.00226701 0.000116214
180.92 1.04819 0.836458 0.587628 0.00230248 0.00204174 0.000976919
180.94 1.0483 0.836538 0.587701 0.00267096 0.00201588 0.00183748
180.96 1.04842 0.836625 0.587799 0.00312518 0.00217696 0.00244241
180.98 1.04856 0.836724 0.587906 0.00340582 0.00246281 0.0026848
181 1.0487 0.836835 0.588011 0.00337172 0.00278761 0.00260816
181.02 1.04882 0.836958 0.588103 0.00308495 0.00305193 0.0023147
181.04 1.04893 0.837084 0.588178 0.00274325 0.00315511 0.00186865
181.06 1.04903 0.837204 0.588231 0.00253581 0.0030001 0.00131303
181.08 1.04913 0.837305 0.588261 0.00254094 0.00252117 0.000760277
181.1 1.04924 0.837376 0.588277 0.00270988 0.00177534 0.000402755
181.12 1.04936 0.837416 0.588292 0.00292104 0.000997499 0.000385081
181.14 1.04948 0.837436 0.588319 0.00305114 0.000512195 0.000668284
181.16 1.0496 0.837458 0.588361 0.00299272 0.000540829 0.00104556
181.18 1.04971 0.837499 0.588413 0.00267504 0.00104152 0.00128738
181.2 1.04979 0.837568 0.588464 0.00213548 0.00172379 0.00128012
181.22 1.04985 0.837657 0.588507 0.00156236 0.00222249 0.00107136
181.24 1.0499 0.837749 0.588539 0.00123383 0.00229806 0.000811658
181.26 1.04996 0.837827 0.588564 0.00135819 0.00193973 0.000628668
181.28 1.05003 0.837881 0.588585 0.00192562 0.0013525 0.000525779
181.3 1.05014 0.837914 0.588601 0.0027046 0.000842022 0.000398505
181.32 1.05028 0.83794 0.588607 0.00336943 0.00064486 0.000150748
181.34 1.05042 0.837973 0.5886 0.00365991 0.000812014 -0.000184867
181.36 1.05056 0.838021 0.588582 0.00348421 0.00120415 -0.000446821
181.38 1.05068 0.838084 0.588562 0.00295528 0.00158962 -0.00048842
181.4 1.05077 0.838156 0.58855 0.00232981 0.00177542 -0.00031661
181.42 1.05085 0.838224 0.588547 0.00185608 0.00170026 -7.96589e-05
181.44 1.05091 0.838282 0.588549 0.00165331 0.00146128 6.88633e-05
181.46 1.05098 0.838331 0.588553 0.00168249 0.00122597 9.37944e-05
181.48 1.05105 0.838375 0.588557 0.0018199 0.00109126 8.70924e-05
181.5 1.05113 0.838416 0.588563 0.00197621 0.00103814 0.000163327
181.52 1.05122 0.838456 0.588577 0.00214139 0.000996651 0.000342423
181.54 1.05131 0.838493 0.588598 0.00234059 0.000935912 0.000525562
181.56 1.05142 0.83853 0.588621 0.00255987 0.00091097 0.000582415
181.58 1.05152 0.838571 0.58864 0.00269949 0.00102892 0.000466888
181.6 1.05163 0.838625 0.58865 0.00259432 0.00134517 0.000258762
181.62 1.05171 0.838696 0.588654 0.00214838 0.00177816 0.000107723
181.64 1.05177 0.838782 0.588659 0.00147719 0.00214611 0.00012249
181.66 1.05181 0.838873 0.588671 0.000872685 0.00227692 0.000294051
181.68 1.05183 0.838957 0.588692 0.000635901 0.00209664 0.000534252
181.7 1.05187 0.839023 0.588724 0.000896427 0.00165973 0.000794731
181.72 1.05193 0.839069 0.588769 0.0015118 0.00113532 0.00112682
181.74 1.05201 0.839099 0.588834 0.0021463 0.000754813 0.00160537
181.76 1.05211 0.839127 0.588921 0.00249104 0.000713152 0.00218359
181.78 1.05221 0.83917 0.589027 0.00245572 0.00107341 0.00265458
181.8 1.0523 0.83924 0.589139 0.00219372 0.00173334 0.00279612
181.82 1.05238 0.839339 0.589242 0.00196087 0.00248041 0.00256742
181.84 1.05246 0.839463 0.589328 0.0019525 0.00309849 0.00216816
181.86 1.05255 0.8396 0.589404 0.00221801 0.00344159 0.00190201
181.88 1.05265 0.839738 0.589482 0.00263818 0.00344623 0.00193822
181.9 1.05277 0.839863 0.589568 0.00298528 0.00312631 0.00214638
181.92 1.05289 0.839967 0.589654 0.00309867 0.00258095 0.0021657
181.94 1.05302 0.840047 0.589722 0.00301528 0.0020091 0.00169659
181.96 1.05313 0.840113 0.589754 0.00291404 0.00165268 0.000789495
181.98 1.05325 0.84018 0.589749 0.00294534 0.00166303 -0.000125977
182 1.05337 0.84026 0.589728 0.00311583 0.0020094 -0.000510757
182.02 1.05351 0.840361 0.589725 0.00329819 0.00252013 -7.4565e-05
182.04 1.05364 0.84048 0.589766 0.00334112 0.00297406 0.00102429
182.06 1.05377 0.840607 0.589857 0.0032192 0.00317454 0.00225359
182.08 1.05389 0.840728 0.589977 0.00309598 0.00304158 0.00301153
182.1 1.05402 0.840836 0.590096 0.00318692 0.00267933 0.0029722
182.12 1.05416 0.840928 0.590185 0.00352107 0.0023149 0.00222251
182.14 1.05432 0.841014 0.59023 0.00386413 0.00213719 0.00112281
182.16 1.05447 0.841101 0.590232 0.00390118 0.00217777 6.35322e-05
182.18 1.05461 0.841193 0.590205 0.00350335 0.00231812 -0.000691229
182.2 1.05473 0.841289 0.590164 0.00285945 0.0023856 -0.00102524
182.22 1.05482 0.84138 0.590126 0.00236182 0.00228293 -0.000940107
182.24 1.05491 0.841462 0.590104 0.00233634 0.0020554 -0.000542038
182.26 1.05503 0.841536 0.590103 0.00281675 0.00184345 -2.5547e-05
182.28 1.05517 0.841607 0.590119 0.00350073 0.0017636 0.000393754
182.3 1.05532 0.84168 0.590142 0.00393062 0.00182402 0.00057375
182.32 1.05548 0.841757 0.590162 0.00380554 0.00193688 0.000494009
182.34 1.0556 0.841837 0.590172 0.00317526 0.00200483 0.000255737
182.36 1.0557 0.841917 0.590173 0.00238493 0.00200011 2.53507e-05
182.38 1.05577 0.841996 0.59017 0.00184259 0.00195891 -7.73572e-05
182.4 1.05584 0.842072 0.590167 0.00177291 0.0019102 -7.21664e-05
182.42 1.05593 0.842145 0.590163 0.00211249 0.00183316 -8.71801e-05
182.44 1.05603 0.842213 0.590155 0.00260588 0.00169809 -0.000224061
182.46 1.05615 0.842274 0.590137 0.00301889 0.00151256 -0.000448497
182.48 1.05628 0.842327 0.590113 0.00329544 0.00133993 -0.000590334
182.5 1.05643 0.84238 0.590095 0.00352854 0.00130732 -0.000452055
182.52 1.05658 0.842441 0.590096 0.0037839 0.00154306 2.68989e-05
182.54 1.05674 0.842523 0.590123 0.00397601 0.00203868 0.000670835
182.56 1.05689 0.842626 0.590169 0.00393068 0.00258347 0.00114677
182.58 1.05704 0.842742 0.590216 0.00355239 0.00290116 0.00119175
182.6 1.05715 0.842857 0.590249 0.00293811 0.00286083 0.000814032
182.62 1.05725 0.842959 0.590261 0.00236532 0.00255191 0.0002983
182.64 1.05733 0.843046 0.590261 0.00213512 0.00218728 7.76725e-06
182.66 1.05743 0.843124 0.590267 0.00234727 0.00194076 0.000145052
182.68 1.05754 0.843198 0.590293 0.00279491 0.00184856 0.000643212
182.7 1.05766 0.843271 0.590342 0.00309421 0.00183443 0.00124473
182.72 1.05778 0.843344 0.59041 0.00298495 0.00182539 0.00169846
182.74 1.05788 0.843418 0.590488 0.002559 0.00184789 0.00193193
182.76 1.05797 0.843498 0.59057 0.00219811 0.00199773 0.0020553
182.78 1.05806 0.84359 0.590658 0.00225861 0.0023047 0.0022048
182.8 1.05817 0.843696 0.590754 0.00274822 0.00264721 0.00240209
182.82 1.0583 0.84381 0.590857 0.00328555 0.00283336 0.00256157
182.84 1.05844 0.843921 0.59096 0.00340014 0.00278598 0.00258787
182.86 1.05856 0.844026 0.591058 0.00294879 0.00262747 0.00244172
182.88 1.05865 0.844129 0.591144 0.0022717 0.00256022 0.00215894
182.9 1.05872 0.844236 0.591217 0.00191367 0.00267842 0.00182782
182.92 1.05881 0.844351 0.591278 0.00217064 0.0028939 0.00152591
182.94 1.05892 0.844471 0.59133 0.00283177 0.00299161 0.00127951
182.96 1.05906 0.844582 0.591373 0.00334499 0.00277429 0.00107807
182.98 1.05919 0.844672 0.59141 0.00327286 0.00225078 0.000928193
183 1.0593 0.84474 0.591445 0.00263971 0.00171037 0.000885084
183.02 1.05937 0.844803 0.591485 0.00191765 0.00155063 0.00100364
183.04 1.05944 0.844881 0.591535 0.00166801 0.00195198 0.00124249
183.06 1.05952 0.844989 0.591592 0.0020812 0.0027046 0.00143561
183.08 1.05963 0.845123 0.591647 0.00279544 0.00335725 0.00136734
183.1 1.05976 0.845264 0.591683 0.00317662 0.00352895 0.000902508
183.12 1.05987 0.845389 0.591687 0.00281166 0.00313158 0.000104756
183.14 1.05995 0.845485 0.591658 0.00179841 0.00238757 -0.000740197
183.16 1.05997 0.845552 0.591607 0.000654276 0.0016737 -0.00125937
183.18 1.05997 0.845604 0.591558 -2.49087e-05 0.00129346 -0.00122531
183.2 1.05997 0.845656 0.59153 6.34147e-05 0.00130179 -0.000715548
183.22 1.06 0.845716 0.591527 0.000754133 0.00151443 -7.32419e-05
183.24 1.06007 0.845784 0.59154 0.00157499 0.00168097 0.000318808
183.26 1.06015 0.84585 0.591551 0.00209739 0.00166591 0.00028138
183.28 1.06024 0.845911 0.591547 0.00216045 0.00152645 -8.87283e-05
183.3 1.06031 0.845969 0.591526 0.00185546 0.00143192 -0.000530936
183.32 1.06037 0.846028 0.591494 0.00139864 0.00147939 -0.000795081
183.34 1.06041 0.846092 0.591464 0.00102724 0.00159826 -0.000760075
183.36 1.06044 0.846156 0.591445 0.000913733 0.00161495 -0.000466814
183.38 1.06049 0.846212 0.591443 0.00110447 0.0013998 -6.43124e-05
183.4 1.06055 0.846252 0.591455 0.0015293 0.000988 0.000310966
183.42 1.06063 0.846275 0.591479 0.00204901 0.000578303 0.000606803
183.44 1.06073 0.846291 0.591512 0.00249971 0.000409447 0.000815874
183.46 1.06084 0.846315 0.591549 0.00275883 0.000585485 0.000928206
183.48 1.06095 0.846355 0.591587 0.00280497 0.000995746 0.000945154
183.5 1.06106 0.846411 0.591623 0.00271538 0.00140636 0.000893026
183.52 1.06117 0.846475 0.591655 0.00260076 0.00161651 0.00080689
183.54 1.06127 0.846538 0.591684 0.0025504 0.00156514 0.000715801
183.56 1.06137 0.846592 0.59171 0.00261252 0.0013465 0.000655102
183.58 1.06148 0.846637 0.591737 0.00278423 0.00113341 0.000675618
183.6 1.06161 0.84668 0.59177 0.00302549 0.00107101 0.00082609
183.62 1.06174 0.846728 0.591815 0.00329231 0.00120833 0.00111832
183.64 1.06188 0.846787 0.591874 0.00354137 0.0014735 0.00149883
183.66 1.06203 0.846857 0.591949 0.00369967 0.00172907 0.00185654
183.68 1.06217 0.846932 0.592031 0.00366281 0.00189269 0.00206415
183.7 1.06231 0.847012 0.592113 0.00336469 0.00200033 0.00203825
183.72 1.06242 0.847099 0.592184 0.00287418 0.00216355 0.00178991
183.74 1.06252 0.847199 0.592242 0.00240804 0.0024941 0.00143965
183.76 1.06261 0.847319 0.592289 0.00221891 0.00300368 0.00118037
183.78 1.06271 0.84746 0.592337 0.0024553 0.00353783 0.00119239
183.8 1.06283 0.847614 0.592399 0.003092 0.00384447 0.00156099
183.82 1.06299 0.847765 0.592489 0.00393095 0.00376698 0.00223702
183.84 1.06317 0.8479 0.59261 0.00464583 0.00338137 0.003026
183.86 1.06337 0.848017 0.592754 0.00491675 0.00293608 0.00360848
183.88 1.06355 0.848124 0.5929 0.00462836 0.0026767 0.00364029
183.9 1.06371 0.848232 0.593018 0.00396219 0.00268333 0.00295499
183.92 1.06385 0.848345 0.593088 0.00329709 0.00282748 0.00174018
183.94 1.06397 0.848461 0.593107 0.00301362 0.00290966 0.000493092
183.96 1.0641 0.848576 0.593097 0.00330288 0.00286068 -0.000255377
183.98 1.06426 0.848687 0.593087 0.00402636 0.0027809 -0.000258707
184 1.06445 0.848799 0.593099 0.00474752 0.00280569 0.000309861
184.02 1.06465 0.848917 0.593138 0.00499447 0.00295109 0.000981019
184.04 1.06483 0.84904 0.59319 0.00457794 0.00306757 0.00127823
184.06 1.06498 0.849157 0.593229 0.00369676 0.00291863 0.000984488
184.08 1.06509 0.84925 0.593238 0.00279325 0.0023449 0.000233519
184.1 1.06518 0.849308 0.593214 0.00231114 0.00142815 -0.000601225
184.12 1.06528 0.849329 0.593169 0.002453 0.000527478 -0.00114218
184.14 1.0654 0.849332 0.593119 0.00304591 9.23975e-05 -0.00122822
184.16 1.06555 0.849347 0.59308 0.00365071 0.000378746 -0.000988974
184.18 1.0657 0.849399 0.593051 0.00386546 0.00127861 -0.000729826
184.2 1.06585 0.849492 0.593022 0.00358707 0.00234568 -0.000706829
184.22 1.06597 0.849614 0.592984 0.0030358 0.00302626 -0.000956276
184.24 1.06607 0.849733 0.592932 0.00256585 0.0029876 -0.00129505
184.26 1.06617 0.849825 0.592874 0.00241479 0.00229024 -0.00145717
184.28 1.06627 0.849876 0.592824 0.00254795 0.00128576 -0.00125647
184.3 1.06638 0.849892 0.592796 0.00269889 0.000388539 -0.000697795
184.32 1.06648 0.849887 0.592796 0.00257637 -0.000108812 1.26725e-05
184.34 1.06656 0.849883 0.59282 0.00208362 -0.000102929 0.000584772
184.36 1.06662 0.849897 0.592854 0.00143285 0.000350648 0.000847184
184.38 1.06666 0.849942 0.592888 0.00104801 0.0011145 0.0008663
184.4 1.06671 0.850022 0.592923 0.00125238 0.00201788 0.000868153
184.42 1.06679 0.850136 0.592965 0.00197856 0.00284939 0.00103836
184.44 1.0669 0.850271 0.593019 0.00277805 0.00337649 0.0013677
184.46 1.06703 0.85041 0.593086 0.00312976 0.00345127 0.0016665
184.48 1.06714 0.850534 0.593156 0.00279301 0.0031051 0.00174613
184.5 1.06722 0.850634 0.593221 0.00195658 0.00251638 0.00162069
184.52 1.06726 0.85071 0.593282 0.00110236 0.0018957 0.00153176
184.54 1.06729 0.850767 0.593352 0.000692843 0.00141369 0.00174527
184.56 1.06733 0.850814 0.593444 0.000884069 0.00118707 0.00230449
184.58 1.06738 0.850864 0.593563 0.00144663 0.00124756 0.00296916
184.6 1.06746 0.850925 0.593698 0.00194037 0.00152272 0.0033727
184.62 1.06754 0.851001 0.593829 0.00202613 0.00188691 0.00327554
184.64 1.06761 0.851089 0.593937 0.00167794 0.00222106 0.00271552
184.66 1.06766 0.851186 0.594016 0.00115173 0.00241562 0.00195768
184.68 1.06769 0.851281 0.594068 0.000776135 0.00236899 0.00131684
184.7 1.06772 0.851363 0.594108 0.00076061 0.00205603 0.000997224
184.72 1.06776 0.851427 0.594149 0.00109905 0.0015999 0.0010274
184.74 1.06782 0.851477 0.5942 0.00156904 0.00124139 0.00127768
184.76 1.0679 0.851525 0.594262 0.0018716 0.00119651 0.00154727
184.78 1.06797 0.851586 0.59433 0.00183503 0.00152648 0.00168469
184.8 1.06803 0.85167 0.594396 0.00152207 0.00210891 0.00164839
184.82 1.06808 0.851777 0.594453 0.00116747 0.00267756 0.00144628
184.84 1.06812 0.851894 0.594496 0.00101379 0.00293 0.00105755
184.86 1.06817 0.852002 0.594514 0.001156 0.00269083 0.000464619
184.88 1.06823 0.852084 0.594504 0.00148083 0.00204154 -0.000253224
184.9 1.0683 0.852136 0.594468 0.00174713 0.00131733 -0.000902603
184.92 1.06837 0.852173 0.594417 0.00178377 0.000913975 -0.00127686
184.94 1.06843 0.852214 0.594365 0.00162117 0.00103917 -0.00129608
184.96 1.06849 0.852279 0.594323 0.00145953 0.00161154 -0.00106112
184.98 1.06855 0.852372 0.594291 0.00153076 0.0023382 -0.000781149
185 1.06863 0.852488 0.594266 0.00193023 0.00288671 -0.00063736
185.02 1.06873 0.852609 0.594239 0.00254134 0.00302603 -0.000683262
185.04 1.06886 0.852716 0.594205 0.00310852 0.00268829 -0.000829157
185.06 1.06899 0.852796 0.594168 0.00339894 0.00199712 -0.000927073
185.08 1.06912 0.852847 0.594133 0.0033382 0.00126265 -0.000889211
185.1 1.06925 0.852882 0.594104 0.00304818 0.000870324 -0.000720854
185.12 1.06936 0.852925 0.594085 0.00276118 0.00107737 -0.0004653
185.14 1.06946 0.852999 0.594079 0.00265278 0.00184654 -0.000157327
185.16 1.06957 0.853111 0.594086 0.00274277 0.00281954 0.000168515
185.18 1.06969 0.85325 0.594104 0.00295159 0.00346842 0.00045619
185.2 1.06982 0.853385 0.59413 0.00320327 0.00338197 0.000649862
185.22 1.06996 0.853487 0.59416 0.00344925 0.00253895 0.000739078
185.24 1.0701 0.853542 0.59419 0.00363891 0.00136576 0.000760193
185.26 1.07025 0.853562 0.594221 0.00373501 0.000501749 0.000775162
185.28 1.0704 0.853578 0.594256 0.00376105 0.000415398 0.000866839
185.3 1.07055 0.853622 0.5943 0.00378384 0.0011064 0.00111513
185.32 1.07071 0.853707 0.594362 0.00384953 0.00211167 0.00154413
185.34 1.07087 0.853819 0.594446 0.00395778 0.00281042 0.00208889
185.36 1.07103 0.853932 0.59455 0.00407328 0.00282065 0.00260433
185.38 1.07119 0.854021 0.594666 0.00412884 0.00222361 0.00290879
185.4 1.07136 0.854079 0.594781 0.00405369 0.00145549 0.00286387
185.42 1.07151 0.854119 0.594879 0.00387151 0.000989456 0.00246869
185.44 1.07166 0.854161 0.594956 0.00374275 0.00105106 0.00191149
185.46 1.07181 0.854222 0.595016 0.00384312 0.00152744 0.00149196
185.48 1.07198 0.854307 0.595073 0.0042102 0.0021177 0.00144084
185.5 1.07217 0.854409 0.595144 0.00470064 0.00255001 0.00177485
185.52 1.07237 0.854517 0.595236 0.00505732 0.00269999 0.00228514
185.54 1.07258 0.854621 0.595342 0.00503899 0.00260042 0.00266071
185.56 1.07276 0.854716 0.595449 0.0045766 0.00239082 0.00266976
185.58 1.07291 0.854806 0.59554 0.00385304 0.00223128 0.00228629
185.6 1.07304 0.854894 0.595607 0.00319891 0.00219982 0.00167234
185.62 1.07316 0.854984 0.595649 0.00287763 0.00226105 0.00104235
185.64 1.07327 0.855077 0.59567 0.00294669 0.00232558 0.00052865
185.66 1.0734 0.855171 0.595676 0.00327991 0.00234189 0.000147383
185.68 1.07355 0.855264 0.59567 0.00366506 0.00233911 -0.000136802
185.7 1.07371 0.85536 0.595657 0.00389945 0.00238313 -0.000323427
185.72 1.07386 0.85546 0.595643 0.00385953 0.00250761 -0.000357912
185.74 1.074 0.855567 0.595635 0.00352883 0.00268069 -0.000205053
185.76 1.07412 0.85568 0.595637 0.00299185 0.00281719 6.35165e-05
185.78 1.07422 0.855793 0.595648 0.0024066 0.00282063 0.000266533
185.8 1.0743 0.855898 0.595657 0.00193685 0.00264062 0.000230279
185.82 1.07436 0.855991 0.595655 0.00167235 0.00232435 -5.36892e-05
185.84 1.07443 0.856071 0.59564 0.00160694 0.00198743 -0.000392854
185.86 1.07449 0.85614 0.595618 0.00167437 0.00171813 -0.000540979
185.88 1.07457 0.856201 0.595602 0.00178456 0.00154795 -0.000391003
185.9 1.07464 0.856261 0.5956 0.00184175 0.00148451 -4.68104e-05
185.92 1.07471 0.856321 0.595611 0.00178938 0.00150673 0.000261117
185.94 1.07478 0.856383 0.595624 0.00167735 0.00153645 0.000334681
185.96 1.07484 0.856442 0.595629 0.00164365 0.00147573 0.000131216
185.98 1.07492 0.856494 0.595621 0.00179472 0.00130295 -0.000207716
186 1.075 0.856538 0.595604 0.00210633 0.00110597 -0.000419349
186.02 1.0751 0.856579 0.595594 0.00242944 0.0010291 -0.000250539
186.04 1.0752 0.856627 0.59561 0.00257514 0.00118955 0.000382772
186.06 1.0753 0.85669 0.595662 0.00241928 0.00157379 0.00130001
186.08 1.07538 0.85677 0.595746 0.00197244 0.0020029 0.00211999
186.1 1.07543 0.856859 0.595845 0.00137793 0.00222857 0.00246991
186.12 1.07546 0.856943 0.595933 0.000849631 0.00210725 0.00220572
186.14 1.07549 0.857012 0.595993 0.000567176 0.00171609 0.00149875
186.16 1.07551 0.857064 0.596023 0.000598126 0.00129914 0.00072727
186.18 1.07555 0.857107 0.596032 0.000883813 0.00108755 0.000236983
186.2 1.0756 0.857153 0.596038 0.00127882 0.00113532 0.000159603
186.22 1.07566 0.857205 0.596055 0.00162436 0.00131306 0.00041092
186.24 1.07574 0.857264 0.596088 0.00181999 0.00146946 0.000828456
186.26 1.07581 0.857327 0.59614 0.00186752 0.00157904 0.00128962
186.28 1.07588 0.857396 0.596208 0.00184511 0.00173216 0.00170295
186.3 1.07596 0.857477 0.596286 0.00181921 0.00201932 0.0019534
186.32 1.07603 0.857575 0.596363 0.00179737 0.00243439 0.00192336
186.34 1.0761 0.857689 0.596426 0.00174618 0.00284911 0.00158668
186.36 1.07616 0.857811 0.596468 0.00164733 0.00306611 0.0010565
186.38 1.07623 0.857929 0.59649 0.00155948 0.00294187 0.000531719
186.4 1.07629 0.858029 0.596498 0.00161163 0.00250686 0.000207662
186.42 1.07637 0.858108 0.596506 0.00189337 0.00197862 0.000198546
186.44 1.07646 0.858174 0.596525 0.00235085 0.00164373 0.000471857
186.46 1.07657 0.858242 0.596558 0.0028126 0.00170472 0.000829096
186.48 1.0767 0.85833 0.596598 0.00310945 0.00218462 0.00100282
186.5 1.07682 0.858446 0.596632 0.00316229 0.00290016 0.000837084
186.52 1.07694 0.858587 0.596648 0.00300881 0.00352395 0.00041746
186.54 1.07706 0.858737 0.59665 0.0028021 0.00375407 3.40184e-05
186.56 1.07717 0.858877 0.596649 0.00276574 0.00350908 -1.68202e-05
186.58 1.07729 0.858996 0.596663 0.00305746 0.00297896 0.000345734
186.6 1.07743 0.859096 0.596699 0.00361587 0.00249083 0.000910287
186.62 1.0776 0.859188 0.596752 0.00416183 0.00230685 0.00131463
186.64 1.07778 0.859287 0.596804 0.00439285 0.00247286 0.00131195
186.66 1.07794 0.859399 0.596843 0.004204 0.00279695 0.000961294
186.68 1.07809 0.859518 0.596866 0.00375022 0.00297931 0.000573816
186.7 1.07823 0.859631 0.596884 0.00332675 0.00282735 0.000449335
186.72 1.07835 0.859726 0.596909 0.00317455 0.00237916 0.000638451
186.74 1.07849 0.8598 0.596946 0.00334412 0.00184692 0.00092229
186.76 1.07864 0.859858 0.596986 0.00370082 0.0014524 0.000989757
186.78 1.0788 0.85991 0.597012 0.00404052 0.00129275 0.000668566
186.8 1.07897 0.859963 0.597015 0.00420948 0.00131073 5.54784e-05
186.82 1.07913 0.860017 0.596993 0.00415068 0.00135654 -0.000540303
186.84 1.07929 0.860069 0.596961 0.00387982 0.0013106 -0.000797399
186.86 1.07943 0.860116 0.596937 0.00344923 0.00115996 -0.000594606
186.88 1.07954 0.860155 0.596934 0.00293865 0.000977738 -8.77563e-05
186.9 1.07964 0.86019 0.59695 0.00248056 0.000884314 0.000414488
186.92 1.07973 0.86023 0.596978 0.0022675 0.000998843 0.000688421
186.94 1.07983 0.860284 0.597008 0.00245332 0.00133712 0.000749529
186.96 1.07995 0.860353 0.597039 0.0030099 0.00174398 0.000787456
186.98 1.0801 0.860432 0.597078 0.00368507 0.00196828 0.000953133
187 1.08026 0.860505 0.597126 0.00412156 0.00183464 0.00120254
187.02 1.08043 0.860561 0.597178 0.00407481 0.00138326 0.00131756
187.04 1.08057 0.860595 0.597221 0.00357674 0.000865972 0.00107456
187.06 1.08069 0.860619 0.59724 0.00290605 0.000589183 0.000457351
187.08 1.08078 0.860647 0.597229 0.00238794 0.000706665 -0.000254712
187.1 1.08087 0.860692 0.597204 0.00220387 0.00112771 -0.000634097
187.12 1.08096 0.860756 0.597188 0.00232503 0.00159981 -0.00040062
187.14 1.08106 0.860831 0.597202 0.00254214 0.00186956 0.000354445
187.16 1.08117 0.860903 0.597251 0.00258184 0.00180408 0.00121026
187.18 1.08126 0.860961 0.597319 0.00230324 0.0014322 0.00170225
187.2 1.08133 0.860998 0.597384 0.0018231 0.000938629 0.00164037
187.22 1.08139 0.861023 0.597434 0.00142483 0.000611391 0.00123036
187.24 1.08144 0.861051 0.59747 0.00133322 0.000701476 0.000898361
187.26 1.08151 0.861101 0.597508 0.00157372 0.00125948 0.000952556
187.28 1.08159 0.861184 0.597562 0.00199792 0.00208526 0.00136328
187.3 1.08168 0.861297 0.597635 0.00239322 0.00281206 0.00182063
187.32 1.08179 0.86142 0.597715 0.00258209 0.00308324 0.00198915
187.34 1.08188 0.861531 0.597784 0.00249303 0.00277597 0.00173853
187.36 1.08197 0.861616 0.597832 0.0022019 0.00211188 0.00118816
187.38 1.08205 0.861676 0.597855 0.00189102 0.00150534 0.000575914
187.4 1.08212 0.861727 0.597858 0.00172696 0.00126588 8.3037e-05
187.42 1.08219 0.861784 0.597848 0.00175904 0.00142627 -0.000238717
187.44 1.08226 0.861855 0.597832 0.00191016 0.00178787 -0.000402927
187.46 1.08235 0.861939 0.597817 0.00205612 0.00210051 -0.000385733
187.48 1.08243 0.86203 0.597813 0.00211587 0.00226578 -9.60572e-05
187.5 1.08251 0.862127 0.597835 0.00209077 0.00242233 0.000546623
187.52 1.0826 0.862239 0.597894 0.00205844 0.00280396 0.0014704
187.54 1.08268 0.862378 0.597988 0.00213094 0.00347171 0.00235127
187.56 1.08278 0.862545 0.598096 0.00235693 0.00418667 0.00269552
187.58 1.08288 0.862728 0.598181 0.00264581 0.00457052 0.00213789
187.6 1.083 0.862903 0.598212 0.00283887 0.00437903 0.000760687
187.62 1.08311 0.863049 0.598178 0.00285746 0.00364999 -0.000849042
187.64 1.08322 0.863156 0.598101 0.00277612 0.0026709 -0.00190381
187.66 1.08333 0.863229 0.598025 0.00276479 0.00181801 -0.00189795
187.68 1.08345 0.863284 0.597989 0.00292922 0.0013799 -0.000914653
187.7 1.08358 0.863342 0.598007 0.00316621 0.00144582 0.00045742
187.72 1.0837 0.863416 0.598067 0.00317493 0.00185567 0.00149449
187.74 1.08381 0.863508 0.598137 0.00269785 0.00228885 0.00174226
187.76 1.08388 0.863606 0.598186 0.00180455 0.00246709 0.00122661
187.78 1.08392 0.8637 0.598201 0.000946913 0.00235134 0.000373222
187.8 1.08395 0.863787 0.598189 0.000709554 0.00216444 -0.00029361
187.82 1.08401 0.863874 0.59817 0.00140107 0.00218227 -0.000463511
187.84 1.08412 0.863973 0.598163 0.00277099 0.00248141 -0.000173498
187.86 1.08428 0.864088 0.598174 0.0041162 0.0028696 0.000274724
187.88 1.08447 0.864209 0.598196 0.00474535 0.00302682 0.000529076
187.9 1.08465 0.864319 0.598212 0.00442052 0.00274167 0.000403143
187.92 1.08479 0.864403 0.598211 0.00344059 0.0020897 -2.38025e-05
187.94 1.08488 0.86446 0.598192 0.00239784 0.00142767 -0.000478442
187.96 1.08495 0.864507 0.598165 0.00183853 0.0011731 -0.000674653
187.98 1.08503 0.864567 0.598146 0.00198234 0.0015016 -0.000477553
188 1.08514 0.864655 0.598147 0.00263656 0.00219827 4.48684e-05
188.02 1.08527 0.864767 0.598175 0.00337835 0.00280287 0.0006934
188.04 1.08543 0.864884 0.598226 0.00385504 0.00294484 0.00126643
188.06 1.08559 0.864988 0.598292 0.00394926 0.0025924 0.00164683
188.08 1.08574 0.86507 0.598363 0.00373855 0.00204836 0.00179225
188.1 1.08587 0.865139 0.598431 0.00337054 0.0017333 0.00169014
188.12 1.08599 0.865215 0.598485 0.00299471 0.00189304 0.00134448
188.14 1.0861 0.865311 0.598517 0.0027667 0.0024031 0.000805763
188.16 1.08621 0.865425 0.598526 0.00282865 0.00283414 0.000216309
188.18 1.08634 0.865535 0.598518 0.00323185 0.00277059 -0.000185754
188.2 1.0865 0.865621 0.598512 0.00385881 0.00214074 -0.000155599
188.22 1.08668 0.865672 0.598528 0.00442282 0.00128085 0.00041117
188.24 1.08686 0.8657 0.598583 0.00458717 0.000692249 0.00137378
188.26 1.08703 0.865727 0.598678 0.00416641 0.000674958 0.00237835
188.28 1.08716 0.865772 0.5988 0.00329768 0.00112314 0.00303818
188.3 1.08725 0.865837 0.598925 0.00241988 0.00163444 0.00312175
188.32 1.08734 0.86591 0.59903 0.00202833 0.00182974 0.00262322
188.34 1.08743 0.865976 0.599099 0.00236362 0.00163098 0.00172935
188.36 1.08756 0.866027 0.599128 0.00323217 0.00128563 0.000728642
188.38 1.08772 0.866072 0.599123 0.00410094 0.00112523 -0.000128712
188.4 1.0879 0.866123 0.599093 0.00445597 0.00127053 -0.000740075
188.42 1.08807 0.866185 0.599049 0.00415923 0.00153883 -0.00111578
188.44 1.08821 0.86625 0.598998 0.00348958 0.00162444 -0.00125975
188.46 1.08832 0.866304 0.598954 0.00287276 0.00137373 -0.00110906
188.48 1.08842 0.866341 0.59893 0.00256796 0.000912567 -0.000591656
188.5 1.08853 0.866363 0.598941 0.00254219 0.000539169 0.000258985
188.52 1.08863 0.866383 0.59899 0.00258569 0.000499656 0.00122914
188.54 1.08873 0.866416 0.599069 0.00254053 0.000836328 0.00197447
188.56 1.08883 0.866471 0.599157 0.00244328 0.00138635 0.0021943
188.58 1.08893 0.866547 0.599228 0.00244141 0.00188897 0.00179769
188.6 1.08903 0.866632 0.599266 0.00260456 0.00213157 0.000936558
188.62 1.08914 0.866714 0.599262 0.00281652 0.00203233 -8.83973e-05
188.64 1.08926 0.866778 0.599224 0.002832 0.00162325 -0.000958691
188.66 1.08936 0.866819 0.599166 0.00246515 0.00100436 -0.00145506
188.68 1.08943 0.866831 0.599105 0.00175862 0.000315756 -0.00152775
188.7 1.08947 0.86682 0.599054 0.0010041 -0.000270479 -0.00128063
188.72 1.08949 0.866798 0.599018 0.000562328 -0.00056449 -0.000887644
188.74 1.08951 0.866781 0.598998 0.000590026 -0.000412525 -0.000498737
188.76 1.08955 0.86679 0.598991 0.000933231 0.000219499 -0.000179423
188.78 1.0896 0.866837 0.598994 0.0012778 0.00118307 8.61896e-05
188.8 1.08966 0.866925 0.599009 0.00139703 0.00219356 0.00035857
188.82 1.08971 0.867043 0.599037 0.00128844 0.00295567 0.000707624
188.84 1.08975 0.867174 0.599083 0.00113178 0.00326974 0.00116072
188.86 1.0898 0.867298 0.599149 0.00111621 0.00309338 0.00163586
188.88 1.08985 0.867401 0.599226 0.00128612 0.00257104 0.00193769
188.9 1.08991 0.867481 0.599301 0.00154511 0.00199595 0.00186972
188.92 1.08998 0.867548 0.599357 0.00176094 0.00167884 0.00139841
188.94 1.09006 0.86762 0.599386 0.00184703 0.00179775 0.000726939
188.96 1.09013 0.867712 0.599395 0.00180835 0.00231574 0.000220386
188.98 1.0902 0.867833 0.599404 0.00174166 0.00300597 0.000222554
189 1.09027 0.867975 0.599437 0.00176086 0.00355968 0.000835269
189.02 1.09034 0.868124 0.599509 0.00189166 0.00372609 0.00179594
189.04 1.09043 0.868261 0.599613 0.00205448 0.00342246 0.00259857
189.06 1.09051 0.868372 0.599725 0.00214426 0.00276915 0.00280214
189.08 1.0906 0.868454 0.599817 0.00211316 0.00205713 0.00229074
189.1 1.09068 0.86852 0.599869 0.00199299 0.00164469 0.00130978
189.12 1.09075 0.868591 0.599881 0.00185967 0.00177358 0.000285083
189.14 1.09082 0.868687 0.599864 0.00177952 0.00239606 -0.000408712
189.16 1.09089 0.868813 0.59984 0.00178418 0.00315694 -0.000596195
189.18 1.09097 0.868956 0.599827 0.00188812 0.00358716 -0.000336381
189.2 1.09105 0.869092 0.599833 0.00213435 0.00338516 0.000161127
189.22 1.09116 0.869196 0.59986 0.00259207 0.00260003 0.000672594
189.24 1.09129 0.869261 0.599902 0.00324977 0.00162683 0.00104375
189.26 1.09144 0.869301 0.59995 0.00392623 0.00100091 0.001188
189.28 1.09162 0.869344 0.599993 0.00434497 0.00108663 0.00107481
189.3 1.09179 0.869418 0.600022 0.00429744 0.00183818 0.000749091
189.32 1.09194 0.86953 0.600036 0.00378399 0.00281051 0.000335821
189.34 1.09206 0.869668 0.600035 0.00306173 0.00343706 -1.45247e-05
189.36 1.09217 0.869803 0.600027 0.00254225 0.00338285 -0.000204996
189.38 1.09227 0.869912 0.600019 0.00255109 0.00273648 -0.000215266
189.4 1.09239 0.86999 0.600016 0.00309481 0.00193449 -7.05878e-05
189.42 1.09255 0.870049 0.600023 0.00384693 0.00148623 0.000190177
189.44 1.09272 0.870116 0.600044 0.00438578 0.00167889 0.000507489
189.46 1.0929 0.870213 0.600075 0.00447908 0.00241836 0.000776165
189.48 1.09307 0.870346 0.60011 0.00420345 0.00331845 0.000876374
189.5 1.09322 0.870504 0.60014 0.00383359 0.0039492 0.000752304
189.52 1.09337 0.870665 0.600158 0.00359015 0.00403718 0.000451311
189.54 1.0935 0.870807 0.600161 0.00347284 0.00354694 7.94849e-05
189.56 1.09364 0.870915 0.60015 0.00333456 0.00270264 -0.000267199
189.58 1.09376 0.870992 0.60013 0.00311286 0.00191335 -0.000509298
189.6 1.09388 0.871055 0.600108 0.00296728 0.00156764 -0.000561313
189.62 1.09401 0.871128 0.600093 0.00316023 0.00183091 -0.000352019
189.64 1.09416 0.871231 0.600098 0.00376499 0.00258155 0.00012078
189.66 1.09434 0.87137 0.600128 0.00448901 0.00347385 0.0007462
189.68 1.09453 0.871533 0.600181 0.00481312 0.00406738 0.00131488
189.7 1.0947 0.871694 0.600244 0.00436037 0.00403236 0.00159235
189.72 1.09483 0.871828 0.600302 0.0032264 0.00335713 0.00144117
189.74 1.09491 0.871924 0.600339 0.00199013 0.00238551 0.000933584
189.76 1.09497 0.871989 0.600354 0.00135552 0.00161897 0.000354661
189.78 1.09503 0.872044 0.600356 0.00166461 0.00138943 6.2675e-05
189.8 1.09514 0.872111 0.600367 0.00263879 0.00166383 0.000275277
189.82 1.09528 0.872196 0.600403 0.00359185 0.00212142 0.000907484
189.84 1.09544 0.872292 0.600467 0.0039574 0.00241543 0.00159493
189.86 1.09559 0.872387 0.600544 0.00366543 0.00238227 0.00190755
189.88 1.09571 0.87247 0.600608 0.00310831 0.00207455 0.00162118
189.9 1.09582 0.872538 0.600643 0.00280282 0.00167777 0.000867438
189.92 1.09594 0.872592 0.600645 0.00300299 0.00136564 4.06299e-05
189.94 1.09609 0.872639 0.600627 0.00353112 0.00116747 -0.000444199
189.96 1.09624 0.872678 0.600613 0.00395247 0.000979626 -0.000356064
189.98 1.0964 0.872707 0.600623 0.00392514 0.000718066 0.000266064
190 1.09654 0.872725 0.600669 0.00343587 0.000448956 0.00114602
190.02 1.09665 0.872739 0.600745 0.00280517 0.000351549 0.00189409
190.04 1.09675 0.872759 0.600832 0.00246669 0.000504327 0.00217456
190.06 1.09686 0.872788 0.600906 0.00265875 0.000738226 0.00185841
190.08 1.09699 0.872819 0.60095 0.00324747 0.000772019 0.00108812
190.1 1.09714 0.872839 0.600958 0.00381536 0.000479771 0.000214882
190.12 1.0973 0.872839 0.600944 0.00398041 1.55501e-05 -0.000357614
190.14 1.09744 0.872827 0.600929 0.00366403 -0.000297626 -0.000377881
190.16 1.09757 0.872819 0.600933 0.00308799 -0.000210725 0.000100278
190.18 1.09767 0.872829 0.600963 0.00256545 0.000252007 0.000749932
190.2 1.09776 0.872861 0.601011 0.00228455 0.000794669 0.00119149
190.22 1.09785 0.872904 0.60106 0.0022295 0.00107166 0.00123259
190.24 1.09794 0.872942 0.601098 0.00224865 0.000956264 0.000945841
190.26 1.09803 0.872967 0.60112 0.00219095 0.000627984 0.000547928
190.28 1.09811 0.872985 0.601128 0.00201226 0.000439519 0.000220278
190.3 1.09818 0.87301 0.601129 0.00179843 0.000646296 2.09149e-05
190.32 1.09825 0.873058 0.601125 0.00170202 0.00119811 -9.84913e-05
190.34 1.09832 0.873129 0.601117 0.00181092 0.00177586 -0.000216257
190.36 1.0984 0.873212 0.601103 0.00207351 0.00205791 -0.000353958
190.38 1.0985 0.873291 0.601085 0.0023462 0.00198036 -0.000435889
190.4 1.0986 0.873361 0.601072 0.00245579 0.00174927 -0.000337576
190.42 1.09869 0.873426 0.601072 0.00224905 0.00163933 1.98533e-05
190.44 1.09875 0.873499 0.601097 0.00169987 0.00180879 0.000604068
190.46 1.09879 0.873588 0.601147 0.000989565 0.00222612 0.00124989
190.48 1.09881 0.873695 0.601214 0.000425042 0.00267839 0.00167788
190.5 1.09882 0.87381 0.601278 0.000246786 0.00288601 0.00160718
190.52 1.09884 0.873918 0.601316 0.000484697 0.00268688 0.000940173
190.54 1.09888 0.874004 0.601311 0.000945666 0.00216435 -0.000109799
190.56 1.09893 0.874068 0.601268 0.00132907 0.00159271 -0.0010756
190.58 1.09899 0.874118 0.601209 0.00141735 0.00124128 -0.00148991
190.6 1.09903 0.874167 0.601161 0.00118993 0.00122073 -0.00118065
190.62 1.09907 0.874226 0.601147 0.000777574 0.00147795 -0.000370254
190.64 1.09908 0.874301 0.601167 0.000364935 0.00188568 0.000502095
190.66 1.09909 0.874395 0.60121 0.000131699 0.002337 0.00107521
190.68 1.09909 0.874506 0.601259 0.000203549 0.00277627 0.00124107
190.7 1.09912 0.874633 0.601303 0.000594501 0.00317116 0.00110239
190.72 1.09916 0.874771 0.601336 0.00117977 0.00346353 0.000813805
190.74 1.09923 0.874914 0.601355 0.00174063 0.00356277 0.000474712
190.76 1.09932 0.87505 0.60136 0.00206172 0.0034102 0.000132856
190.78 1.0994 0.875172 0.601354 0.00204712 0.00305534 -0.000163944
190.8 1.09947 0.875279 0.601341 0.00180116 0.0026639 -0.000325901
190.82 1.09953 0.875376 0.601331 0.00159457 0.00242138 -0.000234457
190.84 1.0996 0.875472 0.601338 0.00169705 0.00240816 0.000167957
190.86 1.09969 0.875575 0.601369 0.00218245 0.0025673 0.000781784
190.88 1.0998 0.875686 0.601424 0.002841 0.00277694 0.00136431
190.9 1.09993 0.875804 0.601491 0.00328036 0.00294925 0.00167146
190.92 1.10006 0.875927 0.601555 0.00320279 0.00307541 0.00161104
190.94 1.10017 0.876054 0.601606 0.00264279 0.00317255 0.00128004
190.96 1.10025 0.876183 0.601642 0.00195423 0.00323061 0.00089441
190.98 1.10031 0.876312 0.60167 0.00158584 0.00322431 0.000687912
191 1.10038 0.876437 0.601702 0.00182777 0.00313552 0.000799219
191.02 1.10049 0.876556 0.601749 0.00265182 0.00296775 0.00118076
191.04 1.10064 0.876667 0.601814 0.00371181 0.00276469 0.00162018
191.06 1.10082 0.876771 0.601889 0.00452976 0.00260966 0.00188314
191.08 1.10101 0.876874 0.601963 0.00477658 0.00256504 0.00184891
191.1 1.10119 0.876978 0.602025 0.00445874 0.0026016 0.00154349
191.12 1.10134 0.877082 0.602069 0.00387857 0.00261754 0.00110783
191.14 1.10148 0.877185 0.602098 0.00340234 0.00255605 0.000726164
191.16 1.10161 0.877284 0.602119 0.00324165 0.00247628 0.000529309
191.18 1.10175 0.877384 0.602141 0.00340785 0.00250433 0.00054145
191.2 1.1019 0.877493 0.602169 0.00379158 0.00272454 0.00070275
191.22 1.10207 0.877616 0.602206 0.00426049 0.00308556 0.000923591
191.24 1.10226 0.877752 0.60225 0.00470497 0.00338681 0.00111071
191.26 1.10246 0.877887 0.602297 0.00503328 0.00337919 0.00116346
191.28 1.10266 0.878004 0.602336 0.00515699 0.00293637 0.000988023
191.3 1.10286 0.878091 0.602359 0.00500528 0.00217525 0.000554296
191.32 1.10305 0.878148 0.602357 0.00458252 0.0014238 -5.00666e-05
191.34 1.10321 0.87819 0.602331 0.00401699 0.00105491 -0.000626285
191.36 1.10335 0.878241 0.602293 0.00351243 0.00127209 -0.000949363
191.38 1.10348 0.87832 0.602259 0.00322924 0.00196036 -0.000868998
191.4 1.10361 0.878429 0.602244 0.0032188 0.00272356 -0.000367374
191.42 1.10374 0.878553 0.602261 0.00345009 0.00311154 0.000419956
191.44 1.1039 0.878669 0.602309 0.00383845 0.00290198 0.00121468
191.46 1.10407 0.878759 0.602377 0.00423988 0.00223451 0.00167853
191.48 1.10425 0.878818 0.602439 0.0044632 0.00149668 0.00157224
191.5 1.10442 0.878861 0.602476 0.00432466 0.00106251 0.000909267
191.52 1.10457 0.878904 0.602475 0.00373251 0.00107562 -1.62726e-05
191.54 1.10468 0.878959 0.602444 0.00279861 0.0013854 -0.000772476
191.56 1.10476 0.879025 0.602404 0.00188986 0.00164976 -0.00100929
191.58 1.10481 0.879088 0.602378 0.0014774 0.00155945 -0.000639685
191.6 1.10489 0.879129 0.602384 0.00184269 0.00104359 0.000130723
191.62 1.105 0.879142 0.602421 0.00285815 0.00031243 0.000938224
191.64 1.10516 0.879131 0.602479 0.00401122 -0.000277635 0.00145523
191.66 1.10535 0.879113 0.60254 0.0046838 -0.000442247 0.00151738
191.68 1.10553 0.879108 0.602586 0.00450158 -0.000134335 0.00114071
191.7 1.10567 0.879126 0.602605 0.00354162 0.000460901 0.000473284
191.72 1.10576 0.879169 0.602594 0.00229465 0.00105657 -0.000264704
191.74 1.10582 0.879225 0.602561 0.00138923 0.00141682 -0.000832873
191.76 1.10587 0.879284 0.602519 0.00122884 0.001463 -0.00103226
191.78 1.10594 0.879335 0.602489 0.00177071 0.00127352 -0.000764021
191.8 1.10604 0.879375 0.602486 0.00259103 0.00100285 -5.80344e-05
191.82 1.10617 0.879406 0.602523 0.00317022 0.000781674 0.000916701
191.84 1.1063 0.879432 0.602598 0.00318785 0.000650157 0.0018707
191.86 1.10641 0.879455 0.602697 0.00268534 0.000570728 0.00247742
191.88 1.10649 0.879475 0.602798 0.00201768 0.000502999 0.00252047
191.9 1.10655 0.879494 0.602879 0.00157781 0.00047305 0.00202765
191.92 1.10661 0.879518 0.60293 0.00151885 0.000590311 0.00127621
191.94 1.10668 0.879557 0.602956 0.00172872 0.000980406 0.00064032
191.96 1.10676 0.879623 0.602971 0.00199456 0.00165462 0.00037484
191.98 1.10684 0.87972 0.602989 0.00214893 0.00243087 0.000467861
192 1.10693 0.87984 0.603016 0.00213157 0.00300609 0.0006726
192.02 1.10701 0.879965 0.603045 0.0020096 0.00312317 0.000709527
192.04 1.10709 0.880075 0.603064 0.00193144 0.00273025 0.000484618
192.06 1.10717 0.880157 0.60307 0.00200854 0.00207032 0.000152124
192.08 1.10726 0.880221 0.60307 0.00221767 0.00159029 -1.35036e-05
192.1 1.10735 0.880287 0.603077 0.00241812 0.00164902 0.000181753
192.12 1.10745 0.880376 0.603105 0.0024576 0.00223242 0.000705243
192.14 1.10754 0.880494 0.603157 0.00227534 0.00294064 0.00129111
192.16 1.10762 0.880625 0.603221 0.00196346 0.00329067 0.00159677
192.18 1.10769 0.880749 0.603278 0.00173523 0.00308947 0.00143622
192.2 1.10776 0.880853 0.603315 0.00176334 0.00259258 0.000922456
192.22 1.10784 0.880945 0.60333 0.0020276 0.00230463 0.000388143
192.24 1.10794 0.881047 0.603335 0.00233701 0.00255932 0.00012066
192.26 1.10804 0.881177 0.603341 0.00248497 0.00325212 0.000149643
192.28 1.10813 0.881335 0.603353 0.00237129 0.00395009 0.000283493
192.3 1.10821 0.881504 0.603366 0.00203526 0.00422452 0.000326994
192.32 1.10828 0.881661 0.603375 0.00162791 0.00391619 0.000234957
192.34 1.10833 0.881789 0.603379 0.00133974 0.00320312 8.79426e-05
192.36 1.10838 0.881889 0.603378 0.0013036 0.00248601 -1.85724e-05
192.38 1.10844 0.881975 0.603376 0.00151956 0.00215193 -5.31742e-05
192.4 1.10852 0.882068 0.603374 0.00187177 0.00233573 -5.30028e-05
192.42 1.10861 0.882181 0.603371 0.00222995 0.00283385 -6.74262e-05
192.44 1.10871 0.882312 0.603367 0.00254272 0.0032664 -8.72623e-05
192.46 1.10882 0.882447 0.603366 0.00282591 0.00335992 -3.03582e-05
192.48 1.10894 0.882571 0.603374 0.00308034 0.00310221 0.000191211
192.5 1.10907 0.882678 0.603397 0.00324856 0.00269627 0.000580315
192.52 1.10921 0.882774 0.603438 0.00326658 0.00238974 0.00102689
192.54 1.10933 0.882867 0.603493 0.00313485 0.00232311 0.00136589
192.56 1.10945 0.882966 0.603551 0.00291291 0.00248405 0.00146435
192.58 1.10956 0.883075 0.603603 0.00269339 0.00272499 0.00128393
192.6 1.10966 0.883189 0.603638 0.00262202 0.00283856 0.000887875
192.62 1.10977 0.883296 0.603655 0.00284603 0.00267496 0.000413534
192.64 1.10991 0.883385 0.603656 0.0033454 0.00223958 2.29636e-05
192.66 1.11006 0.883454 0.603649 0.00387365 0.0017043 -0.000174004
192.68 1.11023 0.883507 0.603642 0.00414376 0.00132708 -0.000174591
192.7 1.11039 0.883559 0.60364 0.00405555 0.00131552 -4.11342e-05
192.72 1.11054 0.883628 0.603648 0.00372735 0.00172255 0.000194598
192.74 1.11067 0.883725 0.60367 0.00337911 0.00243168 0.000543519
192.76 1.1108 0.883854 0.603708 0.00319858 0.00320592 0.000969794
192.78 1.11093 0.884004 0.603762 0.00322014 0.00375715 0.00134261
192.8 1.11106 0.884157 0.603823 0.00329261 0.00383633 0.00151881
192.82 1.11119 0.884291 0.603881 0.00321788 0.00334117 0.00145669
192.84 1.11131 0.884386 0.60393 0.0029436 0.0023736 0.00122382
192.86 1.11141 0.884435 0.603967 0.00260343 0.00122635 0.000927124
192.88 1.11151 0.884447 0.603994 0.00240633 0.00030895 0.000676198
192.9 1.11161 0.884447 0.604017 0.00249854 -1.35332e-05 0.000572643
192.92 1.11172 0.884462 0.604044 0.00286491 0.000373324 0.000666298
192.94 1.11186 0.884512 0.60408 0.00332144 0.00125506 0.000908807
192.96 1.112 0.884602 0.604127 0.00360726 0.00224903 0.00116198
192.98 1.11214 0.884723 0.604177 0.00355253 0.00301658 0.00127082
193 1.11227 0.884856 0.604224 0.00319281 0.00334272 0.00115231
193.02 1.11238 0.884982 0.604257 0.00276037 0.00313097 0.00084901
193.04 1.11248 0.885079 0.604278 0.00255009 0.00242663 0.000513994
193.06 1.11259 0.885137 0.604291 0.00272211 0.00145246 0.000316588
193.08 1.11272 0.885159 0.604303 0.00316714 0.000556468 0.000312194
193.1 1.11286 0.885162 0.604319 0.00355831 6.29159e-05 0.000403982
193.12 1.11301 0.885166 0.604337 0.00358561 0.000113638 0.000452292
193.14 1.11313 0.885191 0.604354 0.0031928 0.000611497 0.000402928
193.16 1.11324 0.885242 0.604366 0.00262873 0.00127691 0.000304194
193.18 1.11333 0.885312 0.604376 0.00228221 0.00176335 0.000251497
193.2 1.11343 0.885385 0.604389 0.00241471 0.00182102 0.000331112
193.22 1.11355 0.885443 0.604411 0.00298073 0.00144526 0.000560785
193.24 1.11369 0.885479 0.604445 0.00366974 0.000892241 0.000849634
193.26 1.11386 0.8855 0.604487 0.00412343 0.000535261 0.00103917
193.28 1.11402 0.885525 0.604527 0.00415929 0.000622725 0.00101132
193.3 1.11418 0.885569 0.604559 0.0038611 0.00110993 0.000776809
193.32 1.11432 0.885637 0.604577 0.00349741 0.00170003 0.0004561
193.34 1.11445 0.885719 0.604583 0.00331846 0.00205491 0.000163388
193.36 1.11459 0.885799 0.60458 0.00339325 0.00199578 -7.9615e-05
193.38 1.11473 0.885863 0.604568 0.00360183 0.00158573 -0.000298516
193.4 1.11488 0.885905 0.60455 0.00376713 0.00106966 -0.000465422
193.42 1.11503 0.885934 0.604531 0.00379083 0.00071874 -0.000472311
193.44 1.11518 0.885962 0.604522 0.00367636 0.00068511 -0.000212466
193.46 1.11532 0.886 0.604535 0.00348125 0.000952678 0.000318223
193.48 1.11545 0.886055 0.604575 0.00325808 0.00137408 0.000996699
193.5 1.11557 0.886126 0.604639 0.00301662 0.00177464 0.00161392
193.52 1.11568 0.886208 0.604717 0.00273902 0.00205852 0.00195208
193.54 1.11578 0.886297 0.604793 0.00245084 0.00222476 0.00189491
193.56 1.11587 0.886389 0.604853 0.00225392 0.00229429 0.0015016
193.58 1.11596 0.886479 0.604892 0.00226278 0.00225463 0.000966496
193.6 1.11606 0.886563 0.604912 0.00250015 0.00211166 0.000505926
193.62 1.11617 0.886642 0.604922 0.0028472 0.00196589 0.000256748
193.64 1.1163 0.886722 0.604932 0.00310046 0.0019934 0.000230922
193.66 1.11642 0.886814 0.604945 0.0031053 0.00231161 0.00033757
193.68 1.11653 0.886928 0.604964 0.00286296 0.00283254 0.000465768
193.7 1.11664 0.887058 0.604987 0.00252776 0.00327115 0.000581026
193.72 1.11673 0.887193 0.605017 0.00230223 0.00335934 0.000738872
193.74 1.11682 0.887316 0.605056 0.00229717 0.00306909 0.000995608
193.76 1.11692 0.887421 0.60511 0.00245158 0.00262967 0.00132776
193.78 1.11702 0.887515 0.605175 0.00258401 0.00236412 0.0016417
193.8 1.11712 0.887615 0.605249 0.00254293 0.00248904 0.00183561
193.82 1.11722 0.887734 0.605322 0.0023256 0.00297417 0.00183667
193.84 1.1173 0.887876 0.605387 0.0020751 0.00354223 0.00162387
193.86 1.11738 0.888029 0.605438 0.00197786 0.00384869 0.00126089
193.88 1.11746 0.888178 0.605472 0.0021224 0.00372501 0.000874901
193.9 1.11756 0.88831 0.605495 0.00240209 0.00327928 0.000556067
193.92 1.11766 0.888421 0.605506 0.00256882 0.00278064 0.000291466
193.94 1.11776 0.88852 0.605508 0.0024398 0.00247088 3.6596e-05
193.96 1.11784 0.888618 0.605501 0.00207825 0.00245919 -0.000167162
193.98 1.11791 0.888726 0.605494 0.00175726 0.00270889 -0.000188086
194 1.11798 0.88885 0.605497 0.00174173 0.00308132 7.61816e-05
194.02 1.11807 0.888986 0.605519 0.00207813 0.00340907 0.000569551
194.04 1.11817 0.889129 0.605562 0.0025516 0.00356344 0.00105825
194.06 1.11828 0.889269 0.605612 0.0028441 0.0035053 0.00125674
194.08 1.11839 0.889401 0.605653 0.00275338 0.00329751 0.00101385
194.1 1.11848 0.889523 0.60567 0.00230864 0.00305089 0.000422819
194.12 1.11855 0.889637 0.605661 0.00174687 0.00285793 -0.000223282
194.14 1.11861 0.889748 0.605636 0.0013775 0.00277702 -0.000604627
194.16 1.11867 0.889861 0.605614 0.00140028 0.00282953 -0.000570788
194.18 1.11874 0.889981 0.605605 0.00177402 0.00297969 -0.000223469
194.2 1.11883 0.890106 0.605612 0.00223379 0.00312801 0.000174295
194.22 1.11892 0.890231 0.605628 0.00248701 0.00313924 0.000401282
194.24 1.11902 0.890347 0.605645 0.00244169 0.00289802 0.000422897
194.26 1.11911 0.890443 0.605659 0.00225539 0.002399 0.000360874
194.28 1.1192 0.890515 0.605673 0.00217998 0.00180349 0.000355639
194.3 1.11929 0.89057 0.605691 0.00234187 0.00136619 0.000452637
194.32 1.1194 0.89062 0.605715 0.00264364 0.00126179 0.000582074
194.34 1.11951 0.890679 0.60574 0.00285837 0.00146733 0.000639298
194.36 1.11963 0.890751 0.605764 0.00279682 0.00180285 0.000602118
194.38 1.11972 0.890834 0.605788 0.0024439 0.00206511 0.00057983
194.4 1.1198 0.890919 0.605816 0.00199504 0.00212399 0.000724174
194.42 1.11987 0.890996 0.605859 0.00172947 0.00193278 0.00106213
194.44 1.11994 0.891057 0.605916 0.00181201 0.00151239 0.00142261
194.46 1.12003 0.891094 0.605978 0.00219497 0.000944368 0.00155797
194.48 1.12014 0.891109 0.606032 0.00268678 0.000365668 0.00134623
194.5 1.12026 0.891107 0.606067 0.00309641 -5.64183e-05 0.000866625
194.52 1.1204 0.8911 0.60608 0.00333667 -0.000172072 0.000332394
194.54 1.12053 0.891104 0.606078 0.00343234 9.58557e-05 -3.82255e-05
194.56 1.12067 0.891133 0.606073 0.00346339 0.000730848 -0.000131831
194.58 1.12081 0.891197 0.606074 0.00350418 0.00160235 1.15337e-05
194.6 1.12096 0.891295 0.606084 0.00359668 0.00243963 0.000247453
194.62 1.12111 0.891411 0.606102 0.00374576 0.00290124 0.000455615
194.64 1.12126 0.891521 0.606128 0.00392057 0.00276173 0.000645119
194.66 1.12143 0.891604 0.606165 0.00407343 0.00206437 0.00092648
194.68 1.12159 0.891648 0.60622 0.00417311 0.00111757 0.00137275
194.7 1.12176 0.891663 0.606296 0.00423238 0.000365438 0.00191347
194.72 1.12193 0.891671 0.60639 0.00428857 0.0002036 0.002346
194.74 1.12211 0.891703 0.606487 0.00436043 0.000785533 0.00243361
194.76 1.12229 0.891778 0.606568 0.00443885 0.0018849 0.00202935
194.78 1.12247 0.891896 0.606615 0.00449454 0.00296113 0.00117127
194.8 1.12265 0.892035 0.606619 0.00447058 0.0034627 9.39876e-05
194.82 1.12282 0.892161 0.606585 0.00429006 0.00314981 -0.000858788
194.84 1.12297 0.892249 0.60653 0.00392018 0.00220883 -0.00135609
194.86 1.12311 0.892294 0.606483 0.00343745 0.00111711 -0.00118781
194.88 1.12323 0.89231 0.606468 0.0030167 0.000391045 -0.000369103
194.9 1.12335 0.892323 0.606501 0.00284723 0.000347981 0.000820292
194.92 1.12347 0.892362 0.606578 0.00302927 0.000966281 0.00192745
194.94 1.12361 0.892438 0.606678 0.00351594 0.00190218 0.00250657
194.96 1.12377 0.892545 0.606771 0.00411844 0.00266702 0.00230643
194.98 1.12395 0.89266 0.606827 0.00455348 0.00288839 0.00140648
195 1.12414 0.892761 0.606836 0.0045304 0.00250343 0.000218865
195.02 1.12429 0.892831 0.606807 0.00390655 0.00176525 -0.000715762
195.04 1.12441 0.892875 0.606766 0.0028517 0.0010837 -0.00101882
195.06 1.12448 0.892906 0.60674 0.0018239 0.000791456 -0.000657921
195.08 1.12453 0.892945 0.606742 0.00131364 0.000958779 6.05316e-05
195.1 1.12459 0.893 0.60677 0.00156339 0.00139959 0.000689489
195.12 1.12469 0.893075 0.606806 0.00244464 0.00185474 0.000909827
195.14 1.12483 0.893161 0.606834 0.003531 0.00214998 0.000697244
195.16 1.12501 0.89325 0.606847 0.0043292 0.00224385 0.000309454
195.18 1.12519 0.893338 0.606851 0.00453348 0.00219766 0.000106137
195.2 1.12535 0.893423 0.606863 0.00415763 0.00210972 0.000304159
195.22 1.12549 0.893504 0.606896 0.00347102 0.00204143 0.000834526
195.24 1.1256 0.893584 0.606952 0.00279546 0.00199119 0.00140277
195.26 1.1257 0.893662 0.60702 0.00233607 0.00195972 0.00169027
195.28 1.12578 0.893743 0.607082 0.00214376 0.00200496 0.00155165
195.3 1.12587 0.89383 0.607126 0.00216994 0.00217392 0.00109274
195.32 1.12596 0.893926 0.607149 0.00232037 0.00240516 0.000583721
195.34 1.12606 0.894028 0.60716 0.00246437 0.0025499 0.000273219
195.36 1.12616 0.894127 0.60717 0.00246958 0.00248827 0.000239541
195.38 1.12625 0.894216 0.607185 0.00229858 0.00221749 0.000388071
195.4 1.12633 0.894291 0.607208 0.00206003 0.00186286 0.000558969
195.42 1.12641 0.894356 0.607234 0.00192183 0.00163963 0.000659259
195.44 1.12649 0.894426 0.607263 0.00196646 0.00174909 0.000730371
195.46 1.12658 0.894515 0.607299 0.00213794 0.00221807 0.000889469
195.48 1.12667 0.894628 0.607346 0.00229436 0.00283248 0.00118426
195.5 1.12676 0.894759 0.607406 0.00230661 0.00326811 0.00150129
195.52 1.12685 0.894892 0.607471 0.00214941 0.00332069 0.00161835
195.54 1.12692 0.895013 0.607526 0.00191638 0.00303581 0.0013693
195.56 1.12699 0.895119 0.607558 0.0017529 0.00263972 0.000801829
195.58 1.12706 0.895214 0.607566 0.00177392 0.00237885 0.00020295
195.6 1.12714 0.89531 0.607563 0.00199502 0.00239908 -7.37038e-05
195.62 1.12724 0.895418 0.607567 0.00230234 0.00269743 0.000113372
195.64 1.12734 0.895543 0.60759 0.00252487 0.00313774 0.000556218
195.66 1.12744 0.895684 0.607623 0.00255634 0.00351662 0.00084287
195.68 1.12754 0.89583 0.60765 0.00242388 0.00366451 0.000673632
195.7 1.12763 0.895972 0.607655 0.0022609 0.00352874 0.000122345
195.72 1.12771 0.896099 0.607641 0.00221095 0.00318238 -0.000369136
195.74 1.12781 0.89621 0.607629 0.00232193 0.00276613 -0.000299169
195.76 1.12791 0.896307 0.607649 0.00249139 0.00242773 0.000500836
195.78 1.12801 0.896397 0.607716 0.00254069 0.00226617 0.00169475
195.8 1.1281 0.896488 0.607821 0.00239242 0.00227637 0.00262051
195.82 1.12819 0.896583 0.607929 0.00216056 0.00235857 0.00269295
195.84 1.12827 0.896679 0.608 0.00204619 0.00241069 0.00176483
195.86 1.12836 0.896775 0.608008 0.00216213 0.00240716 0.00021454
195.88 1.12846 0.89687 0.607957 0.00243884 0.00237491 -0.00127653
195.9 1.12856 0.896963 0.607873 0.00266275 0.00230883 -0.00209697
195.92 1.12867 0.897049 0.607793 0.00261631 0.00215537 -0.00199179
195.94 1.12876 0.897125 0.607748 0.00223589 0.00189194 -0.00113802
195.96 1.12882 0.897189 0.607748 0.00168278 0.00160674 3.66245e-06
195.98 1.12887 0.897248 0.607787 0.00125512 0.00146754 0.000967231
196 1.12892 0.89731 0.607847 0.00118195 0.00156482 0.00150575
196.02 1.12898 0.897382 0.607912 0.00148748 0.00180526 0.00163146
196.04 1.12906 0.897462 0.607972 0.00200294 0.00198092 0.00148922
196.06 1.12916 0.897539 0.60802 0.00247601 0.00193569 0.00120466
196.08 1.12927 0.897607 0.608054 0.00273374 0.00169446 0.000845501
196.1 1.12938 0.897665 0.608074 0.00278366 0.00144292 0.000496686
196.12 1.12949 0.89772 0.608087 0.00278625 0.00139538 0.000320685
196.14 1.12961 0.897787 0.608106 0.00292928 0.00165531 0.000483491
196.16 1.12974 0.897872 0.608146 0.00327041 0.0021312 0.00100009
196.18 1.12989 0.897975 0.608212 0.00366316 0.00257209 0.00166123
196.2 1.13004 0.898084 0.608297 0.0038469 0.00273694 0.0021216
196.22 1.13019 0.898187 0.608381 0.00366315 0.0025702 0.00210297
196.24 1.13032 0.898276 0.608445 0.00320737 0.00222359 0.00158335
196.26 1.13043 0.898353 0.608478 0.00275617 0.00191679 0.000822058
196.28 1.13053 0.898424 0.608485 0.00257448 0.00178766 0.000188882
196.3 1.13064 0.898498 0.608483 0.0027811 0.00185491 -4.68706e-05
196.32 1.13077 0.89858 0.60849 0.00327458 0.00203924 0.000181342
196.34 1.13092 0.898667 0.608521 0.0037504 0.00218031 0.000756852
196.36 1.13108 0.898751 0.608579 0.00387381 0.00208578 0.00144421
196.38 1.13122 0.898817 0.608658 0.00352458 0.0016586 0.00198082
196.4 1.13133 0.898858 0.608745 0.00290291 0.00101918 0.00218898
196.42 1.13143 0.898877 0.608827 0.0024055 0.000471858 0.00203525
196.44 1.13152 0.898889 0.608891 0.00236673 0.000322059 0.00160156
196.46 1.13164 0.898917 0.608931 0.00282131 0.000688641 0.00100222
196.48 1.13178 0.898974 0.608945 0.00346256 0.00141636 0.000343108
196.5 1.13193 0.899059 0.608935 0.00385538 0.00212826 -0.000248872
196.52 1.13208 0.899156 0.60891 0.00377088 0.00242199 -0.000618815
196.54 1.13222 0.899241 0.608884 0.00336723 0.00212907 -0.00065721
196.56 1.13234 0.899299 0.608869 0.00306345 0.00145366 -0.000373387
196.58 1.13247 0.899333 0.608873 0.0032282 0.000860301 0.000102555
196.6 1.13262 0.899364 0.608895 0.00390998 0.000762873 0.000558171
196.62 1.13282 0.899414 0.608926 0.00478881 0.00125004 0.00077506
196.64 1.13303 0.899496 0.608952 0.00537718 0.0020579 0.000652434
196.66 1.13324 0.899607 0.608964 0.00534342 0.00277366 0.000301824
196.68 1.13343 0.899731 0.608964 0.00472215 0.00309874 -1.35164e-05
196.7 1.13359 0.89985 0.60896 0.00384919 0.0029835 -8.70124e-05
196.72 1.13371 0.899954 0.608963 0.003131 0.00258002 6.87799e-05
196.74 1.13383 0.900038 0.608974 0.0028472 0.00211842 0.00026415
196.76 1.13395 0.900109 0.608986 0.00304856 0.00177093 0.000310906
196.78 1.13409 0.900172 0.608993 0.00356382 0.00158015 0.000162496
196.8 1.13425 0.900233 0.608989 0.0040906 0.00152351 -8.20536e-05
196.82 1.13443 0.900298 0.608979 0.00433592 0.00162777 -0.000266655
196.84 1.13459 0.900377 0.608968 0.00416997 0.001967 -0.000271775
196.86 1.13474 0.900478 0.608965 0.00368858 0.00251912 -7.68633e-05
196.88 1.13487 0.9006 0.608974 0.00312308 0.00305016 0.000233686
196.9 1.13497 0.900728 0.608995 0.00267401 0.00320242 0.000535706
196.92 1.13507 0.900837 0.609025 0.00239864 0.00273436 0.000748593
196.94 1.13516 0.900907 0.60906 0.00223853 0.00174874 0.000858074
196.96 1.13525 0.900937 0.609095 0.00214729 0.000738649 0.000890483
196.98 1.13533 0.90095 0.609131 0.00215404 0.000318702 0.000901258
197 1.13542 0.900982 0.60917 0.00229788 0.000801649 0.000956061
197.02 1.13553 0.90106 0.609213 0.00256127 0.00196211 0.0010823
197.04 1.13564 0.901187 0.609263 0.00287696 0.00316027 0.0012464
197.06 1.13577 0.901336 0.609318 0.00313837 0.00373602 0.00139298
197.08 1.1359 0.901473 0.609378 0.00321583 0.00342342 0.00150144
197.1 1.13602 0.901574 0.609442 0.00303342 0.00252036 0.00160015
197.12 1.13612 0.901641 0.609512 0.00264856 0.00168433 0.00173417
197.14 1.13621 0.9017 0.609589 0.00224626 0.00147948 0.00192351
197.16 1.13629 0.90178 0.609674 0.0020542 0.00199236 0.00213346
197.18 1.13638 0.901891 0.609765 0.0022066 0.00277859 0.00227347
197.2 1.13649 0.902019 0.609855 0.00261952 0.00318796 0.00224154
197.22 1.13661 0.902132 0.609934 0.00300341 0.00283258 0.00198441
197.24 1.13673 0.902206 0.609996 0.00304395 0.0018607 0.0015374
197.26 1.13683 0.902241 0.610036 0.00259887 0.000867051 0.00101516
197.28 1.1369 0.902261 0.610059 0.00177368 0.000506959 0.000565103
197.3 1.13694 0.902303 0.610071 0.000887006 0.0010455 0.000305727
197.32 1.13695 0.90239 0.610082 0.000334688 0.00216239 0.000264831
197.34 1.13697 0.902517 0.610097 0.00037763 0.003182 0.000376119
197.36 1.13701 0.902658 0.610118 0.00097761 0.00353285 0.000539407
197.38 1.13708 0.902782 0.610145 0.00179753 0.00309148 0.000670447
197.4 1.13717 0.902869 0.610173 0.00237947 0.00217351 0.000693643
197.42 1.13727 0.902919 0.610194 0.00239235 0.00124623 0.000520922
197.44 1.13734 0.902944 0.610197 0.00180623 0.000637166 8.63637e-05
197.46 1.13738 0.902962 0.610174 0.000907754 0.000454734 -0.00058174
197.48 1.13739 0.90299 0.610121 0.000166503 0.000678629 -0.00131578
197.5 1.13739 0.903038 0.610048 3.19884e-06 0.00122138 -0.00182762
197.52 1.13741 0.903115 0.609976 0.000544932 0.00192393 -0.00180935
197.54 1.13747 0.903218 0.609932 0.0015308 0.00256899 -0.0011015
197.56 1.13757 0.903336 0.609938 0.00247163 0.00294392 0.000158119
197.58 1.13769 0.903453 0.609999 0.00295161 0.00293733 0.00152893
197.6 1.1378 0.903558 0.610098 0.00285851 0.00262396 0.00246006
197.62 1.1379 0.903648 0.6102 0.00239957 0.00224654 0.00257248
197.64 1.13797 0.903731 0.610275 0.00193851 0.00207998 0.00185808
197.66 1.13804 0.903822 0.610302 0.00176288 0.00225789 0.000678096
197.68 1.13812 0.903929 0.610284 0.00192263 0.00267393 -0.000436682
197.7 1.13821 0.90405 0.610242 0.00224582 0.00303617 -0.00105128
197.72 1.13831 0.904173 0.610202 0.00250996 0.00308114 -0.000999517
197.74 1.13842 0.904285 0.610186 0.00262907 0.00279057 -0.000399987
197.76 1.13852 0.904381 0.610205 0.00271229 0.00239496 0.000455559
197.78 1.13864 0.904468 0.610255 0.00294828 0.00217704 0.00125778
197.8 1.13878 0.904559 0.610327 0.0034138 0.0022679 0.00180431
197.82 1.13894 0.904662 0.610409 0.00397782 0.00259675 0.00204231
197.84 1.13911 0.904781 0.61049 0.0043889 0.00297508 0.00202338
197.86 1.13929 0.90491 0.610563 0.00446615 0.003202 0.00182209
197.88 1.13946 0.905036 0.610622 0.00422674 0.00316202 0.00149151
197.9 1.13962 0.905152 0.610666 0.00385031 0.00290493 0.00109976
197.92 1.13976 0.905257 0.610697 0.00355625 0.00263131 0.000779391
197.94 1.1399 0.905359 0.610725 0.00348464 0.00253056 0.000684401
197.96 1.14004 0.905463 0.610759 0.00361349 0.00261974 0.000864959
197.98 1.14019 0.905573 0.610807 0.00377524 0.00274314 0.00119716
198 1.14035 0.905681 0.610866 0.00381136 0.00270542 0.00146504
198.02 1.14049 0.905779 0.610927 0.00372375 0.00243614 0.00151529
198.04 1.14064 0.905861 0.61098 0.00366308 0.00206327 0.00133921
198.06 1.14079 0.905934 0.611022 0.00378861 0.00181115 0.0010369
198.08 1.14096 0.906007 0.611051 0.00414344 0.00182823 0.000723796
198.1 1.14114 0.906091 0.611069 0.00462297 0.00209383 0.000463496
198.12 1.14134 0.906189 0.61108 0.00504851 0.00244482 0.00027989
198.14 1.14155 0.906296 0.611088 0.00524308 0.00268051 0.000193185
198.16 1.14176 0.906403 0.611096 0.00507763 0.00267426 0.000209965
198.18 1.14194 0.906501 0.611108 0.00453563 0.00245787 0.000294139
198.2 1.14209 0.906589 0.611124 0.00374874 0.00219911 0.000386687
198.22 1.14221 0.906672 0.611142 0.00297757 0.00206537 0.000467203
198.24 1.14231 0.906755 0.611165 0.00254794 0.00208816 0.000564861
198.26 1.14242 0.906841 0.611193 0.0027235 0.00214289 0.000691951
198.28 1.14256 0.906923 0.611224 0.00355355 0.00206617 0.000797837
198.3 1.14275 0.906996 0.611256 0.00477718 0.00181354 0.000796136
198.32 1.14299 0.907057 0.611282 0.00587786 0.00152715 0.000630256
198.34 1.14324 0.907115 0.611294 0.00633731 0.00143503 0.000321235
198.36 1.14348 0.90718 0.611293 0.00592469 0.00164422 -2.46097e-05
198.38 1.14367 0.907261 0.611283 0.00481611 0.00201648 -0.000252368
198.4 1.14381 0.907352 0.611274 0.00348215 0.00227196 -0.000232217
198.42 1.14391 0.907441 0.611277 0.00244 0.00221778 6.75819e-05
198.44 1.14399 0.907515 0.611299 0.00201998 0.00185367 0.000552991
198.46 1.14408 0.907567 0.611341 0.00223145 0.00131278 0.00104596
198.48 1.14419 0.907599 0.611396 0.00278469 0.000782906 0.0013719
198.5 1.14432 0.907617 0.611453 0.00328309 0.000472599 0.00142946
198.52 1.14446 0.907639 0.611501 0.00347024 0.000540152 0.00120468
198.54 1.14459 0.907678 0.611532 0.00333925 0.000983614 0.000766208
198.56 1.14471 0.907743 0.611543 0.00306103 0.00161222 0.000272971
198.58 1.14483 0.907829 0.61154 0.00283046 0.00214691 -5.2415e-05
198.6 1.14494 0.907923 0.61154 0.00270269 0.00236287 -2.07356e-05
198.62 1.14504 0.908011 0.611556 0.00253783 0.00218271 0.000415758
198.64 1.14512 0.908078 0.611601 0.00216191 0.00169865 0.00112396
198.66 1.14519 0.908123 0.611674 0.00156039 0.00111341 0.00183134
198.68 1.14522 0.908149 0.611763 0.000921054 0.000642423 0.0022269
198.7 1.14524 0.908166 0.611847 0.000523539 0.000432805 0.00209935
198.72 1.14527 0.908187 0.611906 0.000561496 0.000518556 0.00146083
198.74 1.14531 0.908219 0.611929 0.00101695 0.00080115 0.000574599
198.76 1.14537 0.908262 0.611923 0.00166167 0.00107672 -0.000156775
198.78 1.14546 0.908309 0.611907 0.00220521 0.00116938 -0.00039436
198.8 1.14556 0.908351 0.611905 0.002473 0.00106829 -4.86348e-05
198.82 1.14566 0.908388 0.611932 0.00248542 0.000919992 0.0006679
198.84 1.14576 0.908424 0.611987 0.00237888 0.000883631 0.001385
198.86 1.14584 0.908464 0.612059 0.00222079 0.00102143 0.00180407
198.88 1.14592 0.908517 0.612132 0.00195191 0.00130509 0.0018185
198.9 1.14598 0.908583 0.612191 0.00150433 0.00164911 0.00148419
198.92 1.14602 0.908659 0.612229 0.000921135 0.00191766 0.000940294
198.94 1.14603 0.908738 0.612243 0.000384944 0.00197483 0.000357741
198.96 1.14604 0.90881 0.61224 0.00014293 0.00180538 -9.23743e-05
198.98 1.14606 0.908873 0.612228 0.000364711 0.00155458 -0.000277542
199 1.1461 0.908928 0.612223 0.00100701 0.00139063 -0.000140266
199.02 1.14617 0.908983 0.612233 0.00179382 0.00137144 0.000258203
199.04 1.14626 0.909042 0.612261 0.00237618 0.00148261 0.000705502
199.06 1.14636 0.909111 0.612298 0.00254542 0.00171726 0.000918349
199.08 1.14646 0.909193 0.612328 0.00233555 0.00205166 0.000736045
199.1 1.14654 0.909289 0.612338 0.00197249 0.00238609 0.000257749
199.12 1.14661 0.909392 0.61233 0.00172303 0.00257124 -0.000197887
199.14 1.14668 0.909491 0.612319 0.00175458 0.0024901 -0.000267449
199.16 1.14676 0.909577 0.61233 0.00207109 0.00213924 0.000257259
199.18 1.14686 0.909644 0.61238 0.00253204 0.00167346 0.00126375
199.2 1.14698 0.909698 0.612472 0.00294405 0.00134773 0.00229123
199.22 1.1471 0.909753 0.612581 0.00315217 0.00137724 0.00273982
199.24 1.14723 0.909825 0.612671 0.00308262 0.0017986 0.00223931
199.26 1.14734 0.909921 0.612708 0.00278506 0.00241564 0.00091981
199.28 1.14744 0.910036 0.612683 0.00244343 0.00287762 -0.00062123
199.3 1.14753 0.910152 0.612617 0.00231674 0.00288401 -0.00164322
199.32 1.14763 0.910248 0.61255 0.00258507 0.00239858 -0.00168213
199.34 1.14776 0.910315 0.612518 0.00317803 0.00168648 -0.000802088
199.36 1.14791 0.910361 0.612538 0.00377941 0.00115157 0.000500307
199.38 1.14807 0.910405 0.612603 0.00405135 0.0010996 0.00164352
199.4 1.14823 0.910468 0.612694 0.00388327 0.00156112 0.00225456
199.42 1.14837 0.910558 0.612784 0.00346112 0.00227361 0.00225793
199.44 1.14849 0.910673 0.612856 0.0031241 0.00285332 0.00180709
199.46 1.14862 0.910794 0.612902 0.00314019 0.00304207 0.00114178
199.48 1.14876 0.910909 0.61292 0.00355675 0.00287427 0.000460401
199.5 1.14893 0.911015 0.612915 0.00415984 0.00264663 -0.000125976
199.52 1.14911 0.911121 0.612893 0.00457933 0.00265281 -0.00055729
199.54 1.14929 0.911237 0.612863 0.004543 0.00290501 -0.000760897
199.56 1.14945 0.911363 0.612837 0.00408783 0.00313467 -0.000642271
199.58 1.1496 0.911485 0.61283 0.00354167 0.00305967 -0.000167347
199.6 1.14973 0.911591 0.612852 0.0032741 0.00263406 0.000537818
199.62 1.14986 0.911674 0.6129 0.00344136 0.00207775 0.00119875
199.64 1.15002 0.911744 0.612961 0.00392976 0.00175055 0.00153295
199.66 1.1502 0.911822 0.613018 0.00447057 0.00194777 0.0014311
199.68 1.15039 0.911929 0.61306 0.00481119 0.00268956 0.00104531
199.7 1.15059 0.912076 0.613088 0.00482142 0.00366495 0.00068983
199.72 1.15077 0.912253 0.613113 0.0044983 0.00442386 0.000623444
199.74 1.15092 0.912439 0.613148 0.00394972 0.00465724 0.000883228
199.76 1.15106 0.912612 0.613199 0.00338241 0.00432071 0.00128446
199.78 1.15118 0.912755 0.613262 0.00301175 0.00357326 0.00156352
199.8 1.1513 0.912862 0.613323 0.00293521 0.00267312 0.00154143
199.82 1.15142 0.912938 0.613372 0.00310901 0.00191238 0.00120432
199.84 1.15156 0.913 0.613399 0.00341537 0.00154141 0.000678913
199.86 1.15171 0.913066 0.613405 0.0036983 0.00166062 0.000153356
199.88 1.15186 0.913153 0.613398 0.0037732 0.00217591 -0.000172824
199.9 1.152 0.913267 0.613393 0.00350242 0.00284829 -0.0001243
199.92 1.15211 0.913403 0.613407 0.00291873 0.00339423 0.000359049
199.94 1.1522 0.913547 0.613452 0.00225997 0.00360836 0.00112061
199.96 1.15228 0.913686 0.613524 0.00185188 0.0034648 0.00179832
199.98 1.15235 0.91381 0.613604 0.00192535 0.00310399 0.00199592
