0 0 0 0 0 0 0
0.02 0.00791543 0.00791663 0.00798548 0.197886 0.197916 0.199637
0.04 0.0276488 0.0276514 0.0281992 0.493333 0.493368 0.505343
0.06 0.0499294 0.0499272 0.0518864 0.557016 0.556896 0.592179
0.08 0.0660293 0.0660093 0.0705223 0.402498 0.402053 0.465897
0.1 0.0721703 0.0721194 0.0798821 0.153525 0.152751 0.233997
0.12 0.0703397 0.0702534 0.0808905 -0.0457646 -0.0466498 0.02521
0.14 0.065968 0.0658536 0.0776895 -0.109293 -0.109995 -0.0800264
0.16 0.064326 0.0641977 0.0746836 -0.0410512 -0.0413965 -0.0751472
0.18 0.0678168 0.067688 0.0743934 0.087272 0.0872587 -0.00725442
0.2 0.0755308 0.0754076 0.0770478 0.192848 0.192989 0.0663602
0.22 0.0847964 0.0846761 0.0815556 0.23164 0.231711 0.112693
0.24 0.0932311 0.0931014 0.0867314 0.210868 0.210633 0.129397
0.26 0.0998813 0.0997193 0.0918879 0.166257 0.165448 0.128912
0.28 0.105072 0.104845 0.0967028 0.129777 0.128138 0.120373
0.3 0.109541 0.109212 0.100864 0.11172 0.10917 0.104025
0.32 0.1137 0.113242 0.103984 0.103978 0.100766 0.0780046
0.34 0.117502 0.116912 0.105859 0.0950319 0.0917327 0.0468687
0.36 0.120769 0.120071 0.10674 0.081691 0.07899 0.0220388
0.38 0.123544 0.122779 0.107275 0.0693635 0.0677014 0.0133651
0.4 0.126105 0.125309 0.108064 0.0640297 0.0632544 0.0197146
0.42 0.128707 0.127884 0.109174 0.0650619 0.0643604 0.0277564
0.44 0.131318 0.130428 0.110016 0.0652651 0.0635926 0.0210663
0.46 0.133609 0.13259 0.109718 0.0572781 0.05407 -0.00745569
0.48 0.135219 0.134024 0.107732 0.0402519 0.0358477 -0.0496601
0.5 0.136065 0.134688 0.104251 0.0211477 0.0166052 -0.0870083
0.52 0.136457 0.134939 0.100159 0.0098074 0.00627477 -0.1023
0.54 0.136929 0.135334 0.09656 0.0117865 0.00986221 -0.089987
0.56 0.137902 0.136286 0.0942173 0.0243284 0.0238097 -0.0585667
0.58 0.139432 0.137821 0.0932394 0.0382394 0.0383728 -0.0244473
0.6 0.14119 0.13958 0.0931462 0.0439506 0.0439622 -0.00233108
0.62 0.14268 0.141051 0.0932042 0.0372569 0.0367813 0.00145022
0.64 0.143523 0.141859 0.0927873 0.0210663 0.0202077 -0.0104211
0.66 0.143634 0.141934 0.0915844 0.00279157 0.00187419 -0.030074
0.68 0.143229 0.1415 0.0896227 -0.0101305 -0.010844 -0.049041
0.7 0.142681 0.140936 0.0871809 -0.0136996 -0.0141027 -0.0610469
0.72 0.142344 0.140596 0.0846688 -0.00842045 -0.0085059 -0.0628003
0.74 0.142411 0.140672 0.0825108 0.0016718 0.00189496 -0.0539516
0.76 0.142852 0.141136 0.0810297 0.0110174 0.0115917 -0.0370263
0.78 0.143442 0.141768 0.0803489 0.0147588 0.015805 -0.0170205
0.8 0.143867 0.142258 0.0803516 0.0106266 0.012264 6.76662e-05
0.82 0.143863 0.142342 0.0807388 -0.000103588 0.00208389 0.00968043
0.84 0.143339 0.141916 0.0811738 -0.0131032 -0.0106415 0.0108737
0.86 0.142421 0.141092 0.0814424 -0.0229465 -0.0206093 0.00671574
0.88 0.14139 0.140137 0.0815397 -0.0257848 -0.0238629 0.00243112
0.9 0.140534 0.139343 0.081637 -0.0213801 -0.0198647 0.00243448
0.92 0.140006 0.138871 0.0819627 -0.0132141 -0.0117778 0.00814145
0.94 0.139748 0.138686 0.0826742 -0.00644099 -0.00463598 0.0177889
0.96 0.139552 0.138587 0.0837968 -0.00489849 -0.00247668 0.028064
0.98 0.139189 0.138338 0.0852463 -0.0090853 -0.00621968 0.0362378
1 0.138536 0.137796 0.0869014 -0.0163319 -0.0135488 0.0413774
1.02 0.13762 0.136967 0.0886638 -0.022881 -0.0207251 0.0440607
1.04 0.136567 0.135967 0.090473 -0.0263406 -0.0250021 0.0452295
1.06 0.135491 0.134925 0.0922866 -0.0269015 -0.0260529 0.0453401
1.08 0.134423 0.133899 0.0940623 -0.0266858 -0.0256626 0.0443908
1.1 0.133307 0.132852 0.0957614 -0.027913 -0.0261671 0.0424786
1.12 0.132053 0.131697 0.0973669 -0.0313481 -0.0288692 0.0401368
1.14 0.130609 0.130358 0.0988888 -0.0360911 -0.0334711 0.0380487
1.16 0.128985 0.128811 0.100344 -0.0405947 -0.0386686 0.0363907
1.18 0.12723 0.127083 0.101722 -0.0438792 -0.0432127 0.0344335
1.2 0.125391 0.12522 0.102957 -0.0459836 -0.0465629 0.0308893
1.22 0.123491 0.123269 0.103953 -0.0475051 -0.0487915 0.0248866
1.24 0.121538 0.121266 0.104626 -0.0488064 -0.0500681 0.0168253
1.26 0.119553 0.119254 0.10496 -0.049626 -0.0503109 0.00834887
1.28 0.117579 0.117281 0.105015 -0.0493696 -0.0493235 0.00137474
1.3 0.115669 0.115393 0.104891 -0.0477494 -0.0471945 -0.00309527
1.32 0.113862 0.113613 0.10467 -0.0451748 -0.0445042 -0.00552657
1.34 0.112161 0.11193 0.104373 -0.042512 -0.0420663 -0.00742457
1.36 0.110546 0.110317 0.103962 -0.0403762 -0.0403337 -0.0102755
1.38 0.109004 0.108759 0.103378 -0.0385479 -0.0389514 -0.0145888
1.4 0.107562 0.107284 0.102592 -0.0360561 -0.0368749 -0.0196522
1.42 0.106285 0.105962 0.101628 -0.0319204 -0.0330473 -0.0241125
1.44 0.105246 0.104875 0.100552 -0.0259698 -0.0271744 -0.0268879
1.46 0.104483 0.104074 0.0994434 -0.0190808 -0.0200222 -0.0277203
1.48 0.103978 0.103554 0.098361 -0.012634 -0.0130081 -0.0270597
1.5 0.103673 0.103259 0.0973397 -0.0076226 -0.00737233 -0.0255337
1.52 0.103509 0.103118 0.0964 -0.00409031 -0.00351158 -0.0234919
1.54 0.103458 0.103083 0.0955619 -0.0012756 -0.000890015 -0.0209531
1.56 0.103527 0.103143 0.0948462 0.00172947 0.0014992 -0.0178914
1.58 0.103741 0.103321 0.0942663 0.00533507 0.00447105 -0.0144981
1.6 0.104112 0.103649 0.0938194 0.0092796 0.00819315 -0.0111723
1.62 0.10463 0.104137 0.0934875 0.0129569 0.0121991 -0.00829886
1.64 0.105266 0.104769 0.093247 0.015905 0.0157947 -0.00601098
1.66 0.105989 0.10551 0.0930826 0.018064 0.0185148 -0.00411085
1.68 0.106776 0.106323 0.0929945 0.0196679 0.0203272 -0.00220325
1.7 0.107615 0.107184 0.0929962 0.0209729 0.0215372 4.39793e-05
1.72 0.108499 0.108085 0.093104 0.0221023 0.0225311 0.00269455
1.74 0.109423 0.109028 0.0933259 0.0230997 0.0235697 0.00554776
1.76 0.110385 0.110018 0.0936587 0.0240662 0.0247407 0.00832051
1.78 0.111393 0.111059 0.094092 0.0251968 0.0260228 0.0108318
1.8 0.11246 0.112154 0.0946139 0.0266639 0.0273736 0.0130475
1.82 0.113597 0.113304 0.0952127 0.0284303 0.0287467 0.0149707
1.84 0.114805 0.114505 0.0958736 0.0301978 0.0300477 0.0165228
1.86 0.116069 0.115751 0.096576 0.0316026 0.0311421 0.0175578
1.88 0.117369 0.117029 0.0972962 0.0325045 0.0319576 0.0180063
1.9 0.118694 0.118332 0.0980169 0.0331202 0.0325731 0.0180167
1.92 0.120048 0.119659 0.0987335 0.0338534 0.0331738 0.0179157
1.94 0.121445 0.121015 0.0994525 0.0349319 0.033897 0.0179736
1.96 0.122892 0.122404 0.10018 0.0361604 0.034726 0.0181982
1.98 0.124373 0.123824 0.100915 0.0370216 0.0354959 0.0183576
2 0.125855 0.125263 0.101643 0.0370578 0.0359799 0.0182075
2.02 0.127304 0.126703 0.102352 0.0362359 0.0359877 0.0177272
2.04 0.128704 0.12812 0.103038 0.0349973 0.0354405 0.0171589
2.06 0.13006 0.129497 0.10371 0.0338997 0.0344059 0.0167997
2.08 0.131386 0.130819 0.104379 0.0331446 0.0330485 0.0167107
2.1 0.132683 0.132079 0.105043 0.0324329 0.0315111 0.0166061
2.12 0.133934 0.133272 0.105685 0.0312564 0.0298286 0.0160505
2.14 0.135106 0.13439 0.106278 0.0293064 0.0279491 0.0148122
2.16 0.136173 0.135423 0.106801 0.0266777 0.0258165 0.0130745
2.18 0.137125 0.136359 0.107252 0.0237873 0.0233974 0.0112977
2.2 0.137967 0.137186 0.107645 0.0210562 0.0206817 0.00982022
2.22 0.138709 0.137895 0.107988 0.0185619 0.0177322 0.00855871
2.24 0.139348 0.138484 0.108271 0.0159775 0.014712 0.00707698
2.26 0.139864 0.138956 0.108469 0.0128973 0.011815 0.00496486
2.28 0.140235 0.139323 0.108558 0.00927864 0.00916067 0.00220537
2.3 0.140458 0.139592 0.108527 0.00557282 0.00674335 -0.000774122
2.32 0.140555 0.13977 0.10839 0.00240479 0.00444374 -0.00340927
2.34 0.140559 0.139853 0.108175 9.98087e-05 0.00208189 -0.00538841
2.36 0.140497 0.139834 0.107902 -0.0015424 -0.000475884 -0.00681469
2.38 0.140374 0.139707 0.107579 -0.00307258 -0.00318666 -0.00807499
2.4 0.140175 0.139476 0.107197 -0.00496217 -0.00577885 -0.00955293
2.42 0.139885 0.139161 0.106742 -0.00725473 -0.0078717 -0.0113778
2.44 0.139504 0.138794 0.106208 -0.00953785 -0.00918432 -0.0133347
2.46 0.139054 0.138406 0.105609 -0.0112445 -0.0096919 -0.0149944
2.48 0.138572 0.138019 0.104969 -0.0120604 -0.00966585 -0.0159882
2.5 0.138087 0.137637 0.104321 -0.0121071 -0.00956613 -0.0162051
2.52 0.137615 0.137244 0.10369 -0.0118052 -0.00980484 -0.0157672
2.54 0.137151 0.136824 0.103096 -0.0115911 -0.0105124 -0.014865
2.56 0.136684 0.136365 0.102552 -0.0116946 -0.0114743 -0.0136035
2.58 0.136201 0.135874 0.102073 -0.0120719 -0.0122737 -0.0119551
2.6 0.135702 0.135372 0.10168 -0.0124791 -0.0125568 -0.00984516
2.62 0.135196 0.134881 0.101388 -0.0126373 -0.0122644 -0.00727884
2.64 0.1347 0.134415 0.101213 -0.0124057 -0.0116509 -0.00438275
2.66 0.134225 0.133972 0.101159 -0.0118673 -0.0110759 -0.00135538
2.68 0.133774 0.133541 0.101223 -0.0112794 -0.0107753 0.00161023
2.7 0.133338 0.13311 0.101399 -0.0109065 -0.0107692 0.00440156
2.72 0.132904 0.132675 0.10168 -0.0108401 -0.0108738 0.00702683
2.74 0.132467 0.132244 0.102063 -0.0109395 -0.0107913 0.00956809
2.76 0.132029 0.131832 0.102546 -0.0109369 -0.0102953 0.0120712
2.78 0.131604 0.131455 0.103124 -0.0106228 -0.00942331 0.0144619
2.8 0.131206 0.131116 0.103787 -0.00995795 -0.00847462 0.016572
2.82 0.130844 0.130805 0.104517 -0.00904952 -0.00776867 0.0182429
2.84 0.130522 0.130509 0.105293 -0.0080505 -0.0074058 0.0194097
2.86 0.130239 0.13022 0.106098 -0.00707953 -0.00723444 0.0201224
2.88 0.129991 0.12994 0.106919 -0.00619407 -0.0069912 0.0205106
2.9 0.129775 0.129681 0.107746 -0.0054039 -0.00648424 0.0206859
2.92 0.129587 0.129453 0.108571 -0.00469751 -0.00569974 0.0206305
2.94 0.129425 0.129262 0.109379 -0.00404968 -0.00477008 0.0201927
2.96 0.129288 0.129108 0.110148 -0.00341319 -0.00384353 0.0192208
2.98 0.129179 0.128989 0.110857 -0.00272797 -0.00298425 0.0177354
3 0.1291 0.128901 0.111496 -0.00196847 -0.00218862 0.0159652
3.02 0.129053 0.128842 0.112064 -0.00117881 -0.00146781 0.0141956
3.04 0.129036 0.128808 0.112566 -0.000439788 -0.000872044 0.0125634
3.06 0.129043 0.12879 0.113005 0.000172345 -0.000438109 0.010966
3.08 0.129066 0.128784 0.113372 0.000583135 -0.000147234 0.00917191
3.1 0.129095 0.128787 0.113654 0.000721388 6.2621e-05 0.00704981
3.12 0.129118 0.128797 0.113842 0.000587901 0.000254638 0.00471504
3.14 0.129131 0.128814 0.113941 0.000306129 0.00042303 0.00245946
3.16 0.129133 0.128832 0.113962 5.48779e-05 0.000454353 0.000540486
3.18 0.12913 0.12884 0.113922 -5.70356e-05 0.000196442 -0.000999919
3.2 0.129129 0.128825 0.113828 -4.49255e-05 -0.000376771 -0.00235264
3.22 0.129129 0.128783 0.113677 -4.62252e-06 -0.00105409 -0.00378194
3.24 0.129127 0.128724 0.113461 -3.21747e-05 -0.00146348 -0.00538973
3.26 0.129122 0.128672 0.113181 -0.000142579 -0.00128914 -0.00700207
3.28 0.129112 0.128653 0.112849 -0.000232511 -0.000492068 -0.00829819
3.3 0.129106 0.128677 0.112487 -0.000158154 0.000617047 -0.00906917
3.32 0.129111 0.128739 0.112112 0.000116047 0.0015308 -0.00936469
3.34 0.129129 0.128812 0.111736 0.0004622 0.0018382 -0.00940993
3.36 0.129157 0.128872 0.111359 0.000708875 0.0014832 -0.00940682
3.38 0.12919 0.128904 0.110983 0.000811011 0.000807738 -0.00939918
3.4 0.129226 0.128917 0.110612 0.000902038 0.000331816 -0.00927718
3.42 0.129274 0.128934 0.110256 0.00119188 0.000431274 -0.00889753
3.44 0.129346 0.128981 0.109928 0.00181454 0.00116143 -0.00820971
3.46 0.129455 0.129074 0.109636 0.00273162 0.00233597 -0.00729435
3.48 0.129605 0.129223 0.109384 0.0037387 0.00372784 -0.00629599
3.5 0.129789 0.129431 0.109173 0.00460443 0.00520039 -0.00528617
3.52 0.129999 0.1297 0.109006 0.00525461 0.00671165 -0.00418455
3.54 0.130233 0.130029 0.108893 0.00584968 0.00824089 -0.00281783
3.56 0.130501 0.130418 0.108851 0.00668781 0.00970627 -0.0010518
3.58 0.130821 0.130856 0.108894 0.00800833 0.0109492 0.00108578
3.6 0.131214 0.131329 0.109029 0.00982115 0.0118414 0.00337058
3.62 0.131688 0.131827 0.109249 0.0118475 0.0124393 0.00549869
3.64 0.132233 0.132347 0.10954 0.0136301 0.0129972 0.00726846
3.66 0.132825 0.132898 0.109887 0.0148097 0.0137913 0.00867136
3.68 0.13344 0.133495 0.11028 0.0153551 0.0149082 0.00984067
3.7 0.13406 0.134143 0.110718 0.0155176 0.0161961 0.0109429
3.72 0.134685 0.134839 0.111202 0.0156237 0.0174013 0.0121062
3.74 0.135323 0.135572 0.111737 0.0159321 0.0183386 0.0133792
3.76 0.135986 0.136331 0.112326 0.0165749 0.0189615 0.0147029
3.78 0.136686 0.137104 0.112963 0.0175131 0.0193219 0.0159311
3.8 0.137427 0.137883 0.113639 0.0185206 0.0194777 0.0168988
3.82 0.138197 0.138659 0.114338 0.0192483 0.0193999 0.0174738
3.84 0.138972 0.139417 0.115041 0.0193838 0.0189569 0.0175757
3.86 0.139724 0.140137 0.115728 0.0187908 0.0180048 0.0171779
3.88 0.140425 0.140798 0.11638 0.0175247 0.0165246 0.016316
3.9 0.141056 0.141386 0.116984 0.0157769 0.0146957 0.0150887
3.92 0.141609 0.1419 0.117529 0.0138169 0.0128389 0.0136213
3.94 0.142086 0.142349 0.118009 0.0119226 0.0112409 0.0120074
3.96 0.142497 0.142748 0.118421 0.0102768 0.00997191 0.0102904
3.98 0.142852 0.143101 0.11876 0.00888842 0.00883365 0.00848675
4 0.143157 0.143401 0.119025 0.00761734 0.00748577 0.0066211
4.02 0.143407 0.143628 0.119215 0.00626333 0.0056793 0.00474384
4.04 0.143593 0.143765 0.119332 0.00464257 0.00342751 0.00292133
4.06 0.143699 0.143805 0.11938 0.00265216 0.00100857 0.00120398
4.08 0.143712 0.143758 0.119363 0.000317702 -0.00119661 -0.000424984
4.1 0.143624 0.14364 0.11928 -0.00220017 -0.00292716 -0.0020637
4.12 0.143438 0.143473 0.119127 -0.0046437 -0.00419566 -0.00382569
4.14 0.143169 0.143262 0.118898 -0.00673356 -0.00526109 -0.00573941
4.16 0.142838 0.143005 0.11859 -0.00825907 -0.00641846 -0.00769452
4.18 0.142473 0.142695 0.118211 -0.00914276 -0.00777036 -0.00946145
4.2 0.142096 0.142329 0.117782 -0.00942444 -0.00913614 -0.0107421
4.22 0.141727 0.141922 0.117331 -0.00922091 -0.0101754 -0.0112721
4.24 0.141377 0.141497 0.116892 -0.00874874 -0.0106371 -0.0109742
4.26 0.141044 0.141076 0.116491 -0.00831796 -0.0105107 -0.0100333
4.28 0.140717 0.140678 0.116139 -0.00817962 -0.00996607 -0.0087915
4.3 0.140384 0.14031 0.115838 -0.00832005 -0.00918317 -0.00752793
4.32 0.140048 0.139981 0.115586 -0.00841698 -0.00823076 -0.00630067
4.34 0.139726 0.139698 0.115388 -0.00803782 -0.00707475 -0.00494235
4.36 0.139449 0.13947 0.115259 -0.00693472 -0.00569755 -0.00321565
4.38 0.139239 0.139301 0.115217 -0.00522985 -0.00422606 -0.00105258
4.4 0.139105 0.139185 0.115271 -0.00335587 -0.00291486 0.00132987
4.42 0.139034 0.139107 0.115413 -0.00177487 -0.00194998 0.00355349
4.44 0.139007 0.139057 0.115626 -0.0006849 -0.00124917 0.00532402
4.46 0.139009 0.139038 0.11589 5.81624e-05 -0.000475742 0.0066058
4.48 0.139041 0.139066 0.116194 0.000793511 0.000705711 0.00760834
4.5 0.139114 0.13916 0.116539 0.00182589 0.00234426 0.00860988
4.52 0.139242 0.139325 0.116929 0.00321208 0.00412652 0.00977094
4.54 0.139429 0.139547 0.117371 0.00466736 0.00556362 0.0110406
4.56 0.139658 0.139798 0.117858 0.00571291 0.00628123 0.0121804
4.58 0.139898 0.140047 0.118374 0.00601049 0.00621267 0.012889
4.6 0.140123 0.140272 0.118894 0.00562074 0.00561936 0.0129962
4.62 0.140321 0.14047 0.119398 0.00496004 0.00494781 0.0126032
4.64 0.140502 0.140652 0.119878 0.00450832 0.00457149 0.0120057
4.66 0.140682 0.140835 0.120336 0.00450918 0.00457026 0.0114413
4.68 0.140875 0.141024 0.120771 0.00482461 0.00470872 0.0108786
4.7 0.141076 0.141209 0.121173 0.00502629 0.00463313 0.0100557
4.72 0.141265 0.141374 0.121523 0.00471262 0.00412919 0.00875862
4.74 0.141417 0.141505 0.121807 0.00381946 0.00326064 0.00709164
4.76 0.141523 0.141597 0.122026 0.00264748 0.00232037 0.00547694
4.78 0.141587 0.141662 0.122201 0.00160192 0.00162402 0.00436811
4.8 0.141623 0.141714 0.122358 0.000905151 0.00128755 0.00392451
4.82 0.141644 0.14176 0.122514 0.000516018 0.00115548 0.00390483
4.84 0.141655 0.141797 0.122667 0.000266258 0.000931956 0.00383558
4.86 0.141657 0.141813 0.1228 5.26175e-05 0.000403189 0.00332061
4.88 0.141654 0.141797 0.122892 -8.28048e-05 -0.000421777 0.00227998
4.9 0.141652 0.141743 0.12293 -4.80841e-05 -0.00133178 0.000957298
4.92 0.141657 0.141662 0.122919 0.000137271 -0.00202633 -0.000266433
4.94 0.141669 0.141572 0.122876 0.000303686 -0.00224558 -0.0010882
4.96 0.141679 0.141496 0.122819 0.000248899 -0.00190343 -0.00140331
4.98 0.141675 0.14145 0.122768 -0.000102823 -0.00116008 -0.00128825
5 0.14165 0.141436 0.122732 -0.000616009 -0.000347853 -0.000900439
5.02 0.141611 0.141445 0.122717 -0.000997336 0.000228362 -0.000383587
5.04 0.141571 0.141464 0.122722 -0.000985228 0.000476596 0.00014379
5.06 0.14155 0.141486 0.122744 -0.000530499 0.000546266 0.000534374
5.08 0.141557 0.141513 0.122768 0.000182512 0.000683384 0.000610294
5.1 0.141592 0.141555 0.12278 0.000861984 0.00103819 0.000300278
5.12 0.141643 0.141618 0.122771 0.0012752 0.00157724 -0.000222609
5.14 0.141698 0.141703 0.122747 0.00137333 0.00213585 -0.000613961
5.16 0.14175 0.141805 0.122722 0.00131913 0.00253098 -0.000616789
5.18 0.141806 0.141912 0.122712 0.00138198 0.00267174 -0.000257282
5.2 0.141876 0.142017 0.12272 0.00174636 0.00264172 0.000211821
5.22 0.141971 0.142124 0.122742 0.00238936 0.00267184 0.000535436
5.24 0.142096 0.142244 0.122768 0.00313211 0.00299378 0.000650172
5.26 0.142248 0.142392 0.122796 0.0037949 0.00370916 0.000718729
5.28 0.14242 0.142582 0.122836 0.00430127 0.00475191 0.000980104
5.3 0.142608 0.142819 0.122897 0.00469137 0.00590923 0.00153569
5.32 0.142811 0.143094 0.122988 0.00507488 0.00689459 0.00226422
5.34 0.143033 0.143393 0.123105 0.00555692 0.0074721 0.00292735
5.36 0.14328 0.143697 0.123238 0.0061685 0.0075807 0.00334214
5.38 0.143552 0.143991 0.123378 0.00680747 0.00735303 0.00348807
5.4 0.143843 0.144272 0.123518 0.00727132 0.00702726 0.00351033
5.42 0.144139 0.144545 0.123664 0.00740719 0.00683352 0.00363426
5.44 0.144429 0.14482 0.123825 0.00724337 0.0068822 0.00403729
5.46 0.144708 0.145104 0.124015 0.0069823 0.00710182 0.00474166
5.48 0.144983 0.145396 0.124239 0.00686926 0.00730069 0.00559393
5.5 0.145265 0.14569 0.124493 0.00703364 0.00733028 0.00635264
5.52 0.145561 0.145978 0.124766 0.00740135 0.0071961 0.00683768
5.54 0.14587 0.146258 0.125048 0.00774294 0.00700923 0.00704649
5.56 0.146184 0.146532 0.125333 0.0078313 0.00685352 0.00713543
5.58 0.146486 0.1468 0.125624 0.00757066 0.0066987 0.00726403
5.6 0.146767 0.147056 0.125922 0.00701464 0.00639944 0.00743848
5.62 0.14702 0.147287 0.126221 0.00632885 0.00578632 0.00748999
5.64 0.147249 0.147481 0.126509 0.0057188 0.00483191 0.00720498
5.66 0.147462 0.147631 0.12677 0.00531988 0.00375876 0.00651099
5.68 0.147666 0.147748 0.126993 0.00511994 0.00293177 0.00557107
5.7 0.147865 0.147852 0.12718 0.00497245 0.00259682 0.0046911
5.72 0.148052 0.147961 0.127344 0.00467255 0.00270841 0.00409077
5.74 0.148215 0.148079 0.127495 0.00406634 0.00297381 0.0037649
5.76 0.148341 0.148201 0.127637 0.00314764 0.00304907 0.00357072
5.78 0.148424 0.148312 0.127774 0.00208775 0.00275619 0.00340793
5.8 0.148472 0.148399 0.127905 0.00118011 0.00218362 0.00329148
5.82 0.1485 0.148463 0.128036 0.000707259 0.00158777 0.00326478
5.84 0.148531 0.14851 0.128167 0.00078182 0.00118905 0.00328863
5.86 0.148581 0.148552 0.128296 0.00124338 0.00106017 0.00322105
5.88 0.14865 0.148598 0.128412 0.00172643 0.00114844 0.00290243
5.9 0.148725 0.148651 0.128504 0.00187775 0.00132184 0.00229992
5.92 0.148787 0.148707 0.128568 0.00155426 0.0014021 0.00158344
5.94 0.148823 0.148756 0.12861 0.000892286 0.00122546 0.0010451
5.96 0.148831 0.148786 0.128645 0.000207394 0.000738899 0.000898414
5.98 0.148822 0.148789 0.12869 -0.000229138 8.24111e-05 0.00110865
6 0.148807 0.148771 0.128746 -0.000366553 -0.000444834 0.00140578
6.02 0.148793 0.14875 0.128805 -0.000358053 -0.000544596 0.00148113
6.04 0.148778 0.148746 0.128854 -0.000377139 -9.68696e-05 0.00120976
6.06 0.14876 0.148776 0.128883 -0.000443006 0.000755767 0.000736972
6.08 0.148744 0.148842 0.128898 -0.000408307 0.00164234 0.000359256
6.1 0.14874 0.148927 0.12891 -0.000100954 0.00214021 0.000300038
6.12 0.148759 0.149009 0.128932 0.000490587 0.00204671 0.000560355
6.14 0.148806 0.149071 0.12897 0.00115728 0.00153322 0.000955452
6.16 0.148871 0.149111 0.129022 0.00162006 0.00101614 0.00129867
6.18 0.14894 0.149145 0.129084 0.00174452 0.000855306 0.00154651
6.2 0.149005 0.149191 0.129155 0.00161103 0.00113758 0.00176866
6.22 0.149061 0.149258 0.129235 0.00140255 0.00168488 0.00201956
6.24 0.149112 0.149347 0.129326 0.00126729 0.0022213 0.0022626
6.26 0.149163 0.149449 0.129422 0.00127677 0.00254933 0.00239038
6.28 0.149221 0.149555 0.129514 0.001464 0.00265191 0.00231008
6.3 0.149295 0.149662 0.129596 0.00185241 0.00267484 0.00204004
6.32 0.149392 0.149774 0.129665 0.00241517 0.00278936 0.00174431
6.34 0.149512 0.149895 0.129731 0.00300557 0.00302213 0.00164369
6.36 0.149647 0.150022 0.129805 0.00336926 0.00317601 0.0018493
6.38 0.149778 0.15014 0.129896 0.00328034 0.00295438 0.00227356
6.4 0.149887 0.150231 0.130005 0.00271755 0.00226882 0.00271915
6.42 0.149965 0.150288 0.130127 0.00194286 0.00142672 0.00306451
6.44 0.15002 0.150325 0.130262 0.00139168 0.000945089 0.00335537
6.46 0.150077 0.150371 0.13041 0.00141033 0.0011498 0.00370879
6.48 0.150157 0.150449 0.130577 0.00201235 0.00193572 0.0041738
6.5 0.150272 0.150563 0.130765 0.00286287 0.00284515 0.00470901
6.52 0.150412 0.150696 0.130976 0.00351382 0.00332627 0.0052583
6.54 0.15056 0.150818 0.131208 0.00368591 0.00304385 0.00580972
6.56 0.150695 0.150902 0.131462 0.00338333 0.00210877 0.00636113
6.58 0.150807 0.150943 0.131736 0.00281274 0.00103825 0.00683979
6.6 0.150897 0.15096 0.132019 0.00222811 0.000423055 0.00708145
6.62 0.150969 0.150982 0.132297 0.00180955 0.000549238 0.00693342
6.64 0.151033 0.151032 0.132552 0.00160464 0.00125473 0.00637271
6.66 0.151094 0.151115 0.132772 0.00153064 0.00205723 0.00550743
6.68 0.151153 0.151212 0.132952 0.00146035 0.00242251 0.00451199
6.7 0.151207 0.151294 0.133096 0.00135786 0.00204876 0.00360418
6.72 0.15126 0.151336 0.133217 0.00131772 0.00106063 0.00302449
6.74 0.151318 0.151335 0.133335 0.00144918 -1.47643e-05 0.00294126
6.76 0.151387 0.151315 0.133468 0.00172771 -0.000521952 0.00333184
6.78 0.151466 0.151311 0.133626 0.00197077 -7.76141e-05 0.00393998
6.8 0.151544 0.151357 0.1338 0.00195329 0.00114504 0.00433936
6.82 0.151606 0.151457 0.133964 0.00156244 0.00248358 0.00411765
6.84 0.151642 0.151585 0.13409 0.000897528 0.00320222 0.00313471
6.86 0.151652 0.151703 0.134156 0.000252112 0.0029689 0.00165597
6.88 0.15165 0.151785 0.134165 -5.01249e-05 0.00203096 0.000218218
6.9 0.151656 0.151824 0.134137 0.000143432 0.000990721 -0.000686796
6.92 0.151685 0.15184 0.134101 0.00073248 0.000394963 -0.000893945
6.94 0.151743 0.151858 0.134077 0.00145207 0.000448654 -0.000619193
6.96 0.151826 0.151898 0.134066 0.00205434 0.00100695 -0.000259058
6.98 0.151923 0.151968 0.134062 0.00243624 0.00175172 -0.000105826
7 0.152029 0.152065 0.134055 0.00263663 0.00241231 -0.000185952
7.02 0.152138 0.152181 0.134043 0.00273674 0.00290296 -0.000301254
7.04 0.152248 0.152312 0.134034 0.00274921 0.00327698 -0.000218383
7.06 0.152353 0.152455 0.13404 0.00261691 0.00357063 0.000150244
7.08 0.152446 0.152604 0.134068 0.00233152 0.00372492 0.000700333
7.1 0.152527 0.15275 0.134117 0.00202121 0.00365602 0.00123504
7.12 0.152602 0.152884 0.134182 0.00189318 0.00335728 0.00162151
7.14 0.152687 0.153002 0.134258 0.00210131 0.00294016 0.0018884
7.16 0.152793 0.153107 0.134345 0.00265477 0.0026156 0.00218884
7.18 0.152928 0.153211 0.134451 0.00339437 0.00261301 0.00265348
7.2 0.15309 0.153334 0.134583 0.00404622 0.00306543 0.00328443
7.22 0.153265 0.15349 0.134742 0.00435436 0.00390303 0.0039846
7.24 0.153434 0.153683 0.134928 0.00424334 0.00481902 0.00464815
7.26 0.153589 0.153898 0.135136 0.00385936 0.00537723 0.00519457
7.28 0.153727 0.154108 0.135357 0.00345265 0.00525724 0.00554181
7.3 0.153856 0.154287 0.135582 0.00323771 0.00447932 0.00561552
7.32 0.153989 0.154424 0.135799 0.0033106 0.003411 0.00542348
7.34 0.154134 0.154527 0.136003 0.00363611 0.00257119 0.00510298
7.36 0.154298 0.154622 0.136198 0.00409443 0.00237815 0.00486706
7.38 0.15448 0.154738 0.136392 0.00454108 0.00291562 0.00486049
7.4 0.154674 0.154891 0.136594 0.00485098 0.00381751 0.00503257
7.42 0.154871 0.155069 0.1368 0.00493067 0.00445015 0.00515361
7.44 0.155059 0.155243 0.136999 0.00471569 0.0043508 0.00498036
7.46 0.155227 0.155386 0.137176 0.00420012 0.0035794 0.0044382
7.48 0.155367 0.155494 0.137325 0.00349227 0.00268367 0.00370963
7.5 0.15548 0.155584 0.137451 0.00281733 0.00227207 0.00315911
7.52 0.155577 0.155686 0.137575 0.00242088 0.00254672 0.00308608
7.54 0.155674 0.155813 0.137713 0.00243307 0.00317447 0.0034659
7.56 0.155786 0.155956 0.13787 0.00279974 0.00357579 0.00391151
7.58 0.155919 0.156091 0.138027 0.00332159 0.00337194 0.00392751
7.6 0.156069 0.156197 0.138158 0.00376565 0.00264676 0.00328191
7.62 0.156228 0.156272 0.138246 0.00396642 0.00186871 0.00220373
7.64 0.156382 0.156334 0.138296 0.0038591 0.0015479 0.00125338
7.66 0.156521 0.156408 0.138334 0.00346161 0.0018633 0.000947849
7.68 0.156635 0.15651 0.13839 0.00285235 0.00253509 0.00139734
7.7 0.156722 0.156632 0.13848 0.00217176 0.00304945 0.0022446
7.72 0.156787 0.156753 0.138598 0.00162863 0.00304197 0.00294708
7.74 0.156845 0.156855 0.138724 0.0014376 0.0025379 0.00314185
7.76 0.156911 0.156931 0.138837 0.00167064 0.00190655 0.00282626
7.78 0.156998 0.156995 0.138928 0.00215429 0.00160014 0.00228526
7.8 0.157099 0.157069 0.139002 0.00252719 0.00184389 0.00186065
7.82 0.157197 0.157168 0.139072 0.00244751 0.00248471 0.00174273
7.84 0.157269 0.157293 0.139148 0.0018242 0.00312945 0.00189821
7.86 0.157306 0.157431 0.139234 0.000921925 0.00344967 0.00213833
7.88 0.157316 0.157566 0.139324 0.000235173 0.00336035 0.00225247
7.9 0.157323 0.157685 0.139409 0.000175749 0.00298179 0.00213601
7.92 0.157355 0.157786 0.139483 0.000792343 0.00252893 0.0018576
7.94 0.157424 0.157875 0.139548 0.00173177 0.00222245 0.00161164
7.96 0.157522 0.157962 0.139611 0.00246704 0.00218151 0.0015706
7.98 0.157628 0.158056 0.139682 0.00262864 0.00234172 0.00177428
8 0.157716 0.158157 0.139767 0.00221926 0.0025298 0.00214249
8.02 0.15778 0.158263 0.139869 0.0015838 0.00263122 0.00253462
8.04 0.157827 0.158369 0.13998 0.00117013 0.00265268 0.0027823
8.06 0.157876 0.158475 0.14009 0.0012447 0.00265015 0.00274807
8.08 0.157946 0.158581 0.140187 0.00173933 0.00265363 0.00242448
8.1 0.158039 0.158688 0.140266 0.00232116 0.00267154 0.00198163
8.12 0.158145 0.158797 0.140334 0.00265464 0.00273357 0.0016958
8.14 0.158251 0.158913 0.140406 0.00266079 0.00288766 0.0018055
8.16 0.158353 0.159038 0.140502 0.00255161 0.00313924 0.00238067
8.18 0.158458 0.159174 0.140632 0.00261879 0.00340982 0.00326499
8.2 0.158578 0.159317 0.140798 0.00298688 0.00356351 0.00414505
8.22 0.158719 0.159456 0.140987 0.00353683 0.0034798 0.00471979
8.24 0.158879 0.159581 0.141181 0.00400394 0.00312185 0.00485363
8.26 0.159046 0.159684 0.141366 0.00416076 0.00257275 0.00463312
8.28 0.159205 0.159765 0.141539 0.00398693 0.00201866 0.00431303
8.3 0.159353 0.159832 0.141706 0.00370091 0.00167296 0.0041777
8.32 0.159497 0.159898 0.141881 0.00359495 0.00166481 0.00437787
8.34 0.159649 0.159976 0.142074 0.00379735 0.00195559 0.00483162
8.36 0.159814 0.16007 0.142284 0.00413811 0.00234672 0.00525656
8.38 0.159984 0.160173 0.142498 0.00423653 0.00256318 0.00533435
8.4 0.160136 0.160268 0.142694 0.0037901 0.00237045 0.00491605
8.42 0.160249 0.160335 0.142859 0.00283158 0.00169176 0.00412158
8.44 0.160318 0.160362 0.14299 0.0017268 0.000667342 0.00325609
8.46 0.160355 0.160347 0.143094 0.000932348 -0.000377622 0.00262254
8.48 0.160384 0.160304 0.143189 0.000718987 -0.00107623 0.0023613
8.5 0.160425 0.160255 0.143284 0.00102582 -0.00122026 0.00238808
8.52 0.160485 0.16022 0.143383 0.00150512 -0.000879566 0.00246082
8.54 0.160555 0.160206 0.143477 0.00174872 -0.000342824 0.00235376
8.56 0.160617 0.160209 0.143558 0.00154782 6.7546e-05 0.00201563
8.58 0.160657 0.160216 0.143621 0.00099269 0.000168549 0.00157907
8.6 0.160672 0.160215 0.143671 0.000371115 -8.36087e-06 0.00125446
8.62 0.160671 0.160205 0.143719 -2.36064e-05 -0.000263218 0.00120125
8.64 0.160669 0.16019 0.143777 -3.76175e-05 -0.000367814 0.00143853
8.66 0.160681 0.160182 0.14385 0.000287013 -0.000209214 0.00183342
8.68 0.16071 0.160188 0.143937 0.000738903 0.000159719 0.0021726
8.7 0.160752 0.160211 0.144028 0.00103833 0.000576967 0.0022847
8.72 0.160792 0.160246 0.144114 0.000996318 0.000881285 0.00214928
8.74 0.160817 0.160287 0.14419 0.000644089 0.00101703 0.00190707
8.76 0.160826 0.16033 0.14426 0.000208157 0.00107032 0.00173679
8.78 0.160824 0.160377 0.144328 -4.62896e-05 0.0011863 0.00171371
8.8 0.160825 0.160434 0.1444 3.02784e-05 0.00142404 0.00177698
8.82 0.160842 0.160503 0.144472 0.000414614 0.00171206 0.00181092
8.84 0.160879 0.160581 0.144542 0.000948453 0.00195902 0.00176151
8.86 0.160936 0.160667 0.14461 0.00142411 0.00214651 0.00169342
8.88 0.161003 0.160759 0.14468 0.00166479 0.00228776 0.00173364
8.9 0.161066 0.160854 0.144757 0.00157436 0.00237943 0.00194369
8.92 0.161114 0.160951 0.144847 0.00119137 0.00243729 0.00223754
8.94 0.161143 0.161051 0.144944 0.000730547 0.00250684 0.00243685
8.96 0.161164 0.161156 0.145042 0.000523921 0.00261564 0.00243653
8.98 0.161197 0.161267 0.145134 0.000831955 0.00276406 0.00231092
9 0.161263 0.161385 0.145224 0.00165142 0.00294701 0.00225687
9.02 0.161371 0.16151 0.145322 0.00268718 0.00314327 0.00244825
9.04 0.161511 0.161642 0.145438 0.00350929 0.00329729 0.00290282
9.06 0.161663 0.161776 0.145576 0.00380201 0.00335684 0.00344645
9.08 0.161805 0.16191 0.145729 0.00355129 0.00333028 0.00382058
9.1 0.161927 0.162041 0.145883 0.00303965 0.00329135 0.00384648
9.12 0.162033 0.162175 0.146024 0.00266291 0.00334234 0.00352622
9.14 0.162141 0.162317 0.146145 0.00269084 0.00355514 0.00303353
9.16 0.162265 0.162473 0.14625 0.00311123 0.00389891 0.00262291
9.18 0.162412 0.162642 0.146351 0.00366313 0.00423203 0.00251846
9.2 0.162574 0.162819 0.146463 0.00404088 0.00441052 0.0028075
9.22 0.162738 0.162996 0.146598 0.00410639 0.00443001 0.00337639
9.24 0.162896 0.163173 0.146757 0.00395228 0.0044284 0.00396829
9.26 0.163047 0.163354 0.146931 0.00378791 0.00452386 0.00434877
9.28 0.163198 0.163541 0.147109 0.00376718 0.00466371 0.00444321
9.3 0.163354 0.163727 0.147283 0.0038954 0.00464722 0.00435726
9.32 0.163516 0.163899 0.147455 0.00405223 0.00431056 0.00428484
9.34 0.163679 0.164047 0.147629 0.004086 0.00370225 0.00435423
9.36 0.163836 0.164171 0.147809 0.00391305 0.00310003 0.00450543
9.38 0.163978 0.164285 0.147989 0.00355087 0.00283821 0.00449698
9.4 0.164101 0.164407 0.148152 0.00308537 0.00306139 0.00407731
9.42 0.164207 0.164552 0.14828 0.00263763 0.00361314 0.00320266
9.44 0.164301 0.164717 0.148365 0.00235618 0.00414647 0.00211581
9.46 0.164397 0.164891 0.148413 0.00239189 0.00434973 0.00121764
9.48 0.16451 0.165056 0.148447 0.00282132 0.00412444 0.000846515
9.5 0.164652 0.165201 0.148492 0.00354782 0.00361358 0.00111257
9.52 0.164823 0.165325 0.148566 0.0042858 0.00309046 0.00184938
9.54 0.165011 0.165436 0.148674 0.00469071 0.00278659 0.00269796
9.56 0.165192 0.165546 0.148805 0.00454225 0.00275389 0.00327965
9.58 0.165347 0.16566 0.148939 0.00386438 0.00285664 0.00336617
9.6 0.165464 0.165777 0.149058 0.0029361 0.0029228 0.0029653
9.62 0.165551 0.165894 0.14915 0.0021765 0.00291448 0.00229161
9.64 0.165629 0.166011 0.149215 0.00192992 0.00293034 0.00163827
9.66 0.165719 0.166133 0.149264 0.0022669 0.00305513 0.0012214
9.68 0.165837 0.166263 0.149307 0.00294778 0.00324308 0.00107805
9.7 0.165981 0.166397 0.149351 0.00359354 0.0033421 0.00108419
9.72 0.166139 0.166525 0.149394 0.00394545 0.00321647 0.00108072
9.74 0.166299 0.16664 0.149434 0.00401069 0.00286551 0.000997988
9.76 0.166459 0.166739 0.14947 0.00398796 0.0024647 0.000910364
9.78 0.166621 0.16683 0.14951 0.00406601 0.00227879 0.00100701
9.8 0.166791 0.166928 0.149569 0.00425237 0.00245506 0.00146619
9.82 0.166965 0.167042 0.14966 0.00434437 0.00286159 0.00228102
9.84 0.167128 0.167168 0.149787 0.00407702 0.00314417 0.00317612
9.86 0.167263 0.167288 0.149937 0.00335627 0.00299178 0.00374389
9.88 0.167358 0.167383 0.150086 0.00238508 0.0023826 0.00372311
9.9 0.167421 0.167448 0.150214 0.00156433 0.00161266 0.0031898
9.92 0.167471 0.167491 0.150314 0.00126419 0.00108698 0.002503
9.94 0.167536 0.167532 0.150396 0.00161687 0.00103195 0.0020649
9.96 0.167633 0.167587 0.15048 0.0024198 0.00135465 0.00208384
9.98 0.167761 0.167656 0.150579 0.00321459 0.00173346 0.00248307
10 0.167903 0.16773 0.150698 0.0035387 0.00185604 0.00298646
10.02 0.16803 0.167796 0.150831 0.0031932 0.0016336 0.0033205
10.04 0.168124 0.167845 0.150967 0.00234804 0.00123971 0.00339424
10.06 0.168182 0.167883 0.151099 0.00142978 0.000950691 0.00330829
10.08 0.168215 0.16792 0.151228 0.000843188 0.000923106 0.00320778
10.1 0.168244 0.167965 0.151354 0.000711481 0.00111571 0.0031578
10.12 0.168278 0.168021 0.15148 0.000848667 0.00139494 0.00315115
10.14 0.168316 0.168087 0.151607 0.000966209 0.00166397 0.00317424
10.16 0.168353 0.168162 0.151736 0.000905088 0.00186803 0.00323653
10.18 0.168381 0.168239 0.151871 0.000711598 0.00192764 0.00336369
10.2 0.168403 0.168308 0.152013 0.000553652 0.00172888 0.00356099
10.22 0.168426 0.168357 0.152164 0.000577858 0.00121159 0.00376131
10.24 0.168457 0.168376 0.152317 0.00078118 0.000493159 0.0038248
10.26 0.168496 0.168372 0.152462 0.000973082 -9.87409e-05 0.00362743
10.28 0.168532 0.168365 0.152589 0.000901364 -0.000175988 0.00317498
10.3 0.168551 0.168383 0.152695 0.000462788 0.000452664 0.00264189
10.32 0.168543 0.168448 0.152787 -0.000191728 0.00161438 0.00229535
10.34 0.168514 0.168561 0.15288 -0.000737001 0.00281963 0.00234133
10.36 0.168479 0.168701 0.152992 -0.000881356 0.00349544 0.00278729
10.38 0.168456 0.168832 0.153128 -0.000564 0.0032933 0.0034087
10.4 0.168456 0.168925 0.153282 2.67518e-07 0.00231477 0.00384344
10.42 0.168474 0.168968 0.153433 0.000454916 0.00107779 0.00377563
10.44 0.168495 0.168976 0.153558 0.00052363 0.00020441 0.00312457
10.46 0.168502 0.168978 0.153643 0.000182567 5.29509e-05 0.00212037
10.48 0.168489 0.169001 0.153691 -0.00032759 0.000558932 0.00120219
10.5 0.168463 0.169054 0.153722 -0.000646877 0.00134056 0.000790816
10.52 0.168443 0.169132 0.153765 -0.000515829 0.00194463 0.00106643
10.54 0.168445 0.169216 0.15384 5.67189e-05 0.00209359 0.00188038
10.56 0.168477 0.169288 0.153953 0.000794154 0.00181337 0.00282825
10.58 0.16853 0.169343 0.154091 0.00133406 0.00136704 0.00344776
10.6 0.168589 0.169385 0.15423 0.00147129 0.00105307 0.00346799
10.62 0.16864 0.169426 0.154347 0.00128111 0.00100981 0.00293752
10.64 0.168682 0.169472 0.154432 0.00104314 0.00115568 0.00211842
10.66 0.168723 0.169523 0.154483 0.00102904 0.00129143 0.00128065
10.68 0.168775 0.169574 0.154508 0.0012943 0.00126788 0.000610408
10.7 0.168841 0.169619 0.154518 0.00166074 0.0011091 0.00024542
10.72 0.168918 0.169659 0.154529 0.00190662 0.00100917 0.000290842
10.74 0.168996 0.169706 0.154559 0.00194999 0.00116617 0.000754484
10.76 0.169071 0.169768 0.154619 0.00187395 0.00157128 0.00148215
10.78 0.169145 0.169848 0.154707 0.00184974 0.00199383 0.00220232
10.8 0.169225 0.169935 0.154814 0.00201442 0.00218237 0.00266875
10.82 0.169319 0.170018 0.154925 0.00235671 0.00207097 0.00278883
10.84 0.169428 0.170092 0.155031 0.00271085 0.00183447 0.00264998
10.86 0.169544 0.170162 0.155128 0.00289468 0.00176489 0.00242807
10.88 0.169658 0.170244 0.155218 0.00286755 0.00205008 0.00225648
10.9 0.169768 0.170349 0.155305 0.00274611 0.00261963 0.00216955
10.92 0.169876 0.170476 0.155391 0.00270481 0.00318235 0.00214246
10.94 0.169991 0.170614 0.155478 0.00286738 0.00343102 0.00217249
10.96 0.170121 0.170745 0.155571 0.00325156 0.00328154 0.00232467
10.98 0.170273 0.170863 0.155678 0.00378284 0.00296079 0.00268766
11 0.170446 0.170977 0.155809 0.00432715 0.00284866 0.00326249
11.02 0.170635 0.171104 0.155965 0.00472493 0.00318152 0.00389427
11.04 0.170828 0.171257 0.156138 0.00482857 0.00382359 0.00433323
11.06 0.171011 0.171431 0.156314 0.00457466 0.00432825 0.00440034
11.08 0.171174 0.171602 0.156479 0.00407172 0.00428421 0.00412046
11.1 0.171316 0.171748 0.156627 0.00356886 0.0036539 0.00369682
11.12 0.171448 0.171861 0.15676 0.003301 0.00283401 0.00334251
11.14 0.171583 0.171957 0.156886 0.00335851 0.00238714 0.00313604
11.16 0.17173 0.172063 0.157007 0.00368926 0.00264036 0.00302146
11.18 0.171898 0.172201 0.157123 0.00418288 0.00345354 0.00291011
11.2 0.172086 0.172374 0.157234 0.00472049 0.00432385 0.0027659
11.22 0.172293 0.172563 0.157338 0.00517091 0.00474324 0.00261961
11.24 0.172508 0.172745 0.157439 0.00537904 0.00453483 0.0025198
11.26 0.172716 0.172902 0.157538 0.00518323 0.0039216 0.0024795
11.28 0.172895 0.173035 0.157638 0.00448664 0.00332418 0.0024846
11.3 0.173029 0.173157 0.157739 0.00335228 0.00305572 0.00252259
11.32 0.173111 0.173282 0.157842 0.00204741 0.00313487 0.00257526
11.34 0.173151 0.173416 0.157946 0.000985456 0.00334692 0.00261317
11.36 0.173174 0.173554 0.158051 0.00058171 0.00345369 0.0026248
11.38 0.173217 0.173689 0.158157 0.00107154 0.00336859 0.00264194
11.4 0.17331 0.173817 0.158266 0.00233981 0.00319659 0.00271965
11.42 0.173466 0.173942 0.158381 0.0038892 0.00311719 0.00287703
11.44 0.173668 0.17407 0.158503 0.0050524 0.0032003 0.00304412
11.46 0.173881 0.174204 0.158625 0.00533315 0.0033516 0.00305972
11.48 0.174067 0.174341 0.158736 0.00464285 0.00342899 0.00276858
11.5 0.1742 0.174475 0.158823 0.00332942 0.00335116 0.00217175
11.52 0.17428 0.174599 0.158882 0.00200498 0.00310411 0.00147886
11.54 0.17433 0.174709 0.158922 0.00123819 0.00275376 0.000998471
11.56 0.174381 0.174808 0.15896 0.00128103 0.00246614 0.000961218
11.58 0.174461 0.174905 0.159016 0.00198239 0.00242414 0.00140285
11.6 0.174577 0.175012 0.159103 0.00292006 0.00267557 0.00216044
11.62 0.174723 0.175136 0.159222 0.00365303 0.00309807 0.0029827
11.64 0.174881 0.175276 0.159369 0.00393303 0.00350733 0.0036827
11.66 0.175031 0.175426 0.159537 0.00376127 0.00375671 0.00418166
11.68 0.175163 0.175576 0.159713 0.00328945 0.0037482 0.00440298
11.7 0.175269 0.175713 0.159881 0.00266639 0.00342483 0.00419795
11.72 0.175348 0.175826 0.160018 0.00197289 0.00281767 0.00343563
11.74 0.1754 0.175909 0.160105 0.00127902 0.00207807 0.00217094
11.76 0.175428 0.175966 0.160134 0.000721464 0.00141823 0.000731633
11.78 0.175448 0.176006 0.160119 0.000494792 0.0010066 -0.00037043
11.8 0.175477 0.176042 0.160092 0.000719988 0.000900626 -0.000679972
11.82 0.175529 0.176084 0.16009 0.00130754 0.00104273 -4.58037e-05
11.84 0.175608 0.176135 0.160142 0.0019573 0.00129307 0.00128213
11.86 0.175699 0.176195 0.160252 0.00229349 0.00148539 0.0027663
11.88 0.175781 0.176255 0.160406 0.00204877 0.00149645 0.00384107
11.9 0.17583 0.176307 0.160572 0.00122177 0.00129607 0.00415914
11.92 0.175836 0.176345 0.16072 0.000139088 0.000949338 0.00369987
11.94 0.175809 0.176367 0.16083 -0.000674276 0.000560569 0.00273659
11.96 0.175777 0.176375 0.160898 -0.000787884 0.00020094 0.00169803
11.98 0.175773 0.176371 0.160937 -0.000114198 -0.000109845 0.000979689
12 0.175815 0.176356 0.160969 0.00105467 -0.000357141 0.00079828
12.02 0.175903 0.176337 0.161015 0.00221129 -0.000482684 0.00115446
12.04 0.176018 0.176321 0.16109 0.00287531 -0.000406171 0.00188538
12.06 0.17613 0.176316 0.1612 0.00280138 -0.000112906 0.00274319
12.08 0.176214 0.176328 0.161339 0.00208127 0.00030295 0.00346641
12.1 0.176257 0.176356 0.161492 0.00108015 0.000685936 0.00383857
12.12 0.176267 0.176392 0.161642 0.000246008 0.000909667 0.00373811
12.14 0.176262 0.17643 0.161769 -0.000123453 0.000953077 0.00318783
12.16 0.176261 0.176467 0.161865 -2.00552e-05 0.000913913 0.00238368
12.18 0.176274 0.176504 0.161931 0.000329685 0.000933848 0.00165187
12.2 0.1763 0.176548 0.161983 0.000646583 0.00109965 0.00131467
12.22 0.176331 0.176604 0.162045 0.000764902 0.00140512 0.0015397
12.24 0.176359 0.176675 0.162135 0.000710799 0.0017537 0.00226082
12.26 0.176386 0.176754 0.162263 0.00066964 0.00199868 0.00318656
12.28 0.176418 0.176837 0.162419 0.000812666 0.00205072 0.00390435
12.3 0.176462 0.176915 0.162582 0.0010997 0.00196303 0.00408704
12.32 0.176514 0.176991 0.16273 0.00128486 0.00188751 0.00369218
12.34 0.176559 0.177069 0.162849 0.00112822 0.00195143 0.00297193
12.36 0.176583 0.177156 0.16294 0.000602986 0.00218309 0.00227504
12.38 0.176581 0.177257 0.163013 -4.9676e-05 0.00252716 0.00183088
12.4 0.176563 0.177373 0.163081 -0.000455067 0.00290491 0.0016822
12.42 0.176549 0.177504 0.163151 -0.000343565 0.00326945 0.00176903
12.44 0.17656 0.177648 0.163232 0.000283116 0.0036064 0.00202358
12.46 0.176607 0.177803 0.163328 0.00117309 0.0038675 0.00238425
12.48 0.176687 0.17796 0.163438 0.00198791 0.00392891 0.00276765
12.5 0.176786 0.178107 0.16356 0.00247486 0.00366567 0.00305141
12.52 0.176889 0.17823 0.163684 0.00257042 0.00307562 0.00309231
12.54 0.176985 0.178324 0.163796 0.0024228 0.00235171 0.00280489
12.56 0.177077 0.178397 0.163887 0.00229972 0.00183707 0.00228163
12.58 0.177174 0.17847 0.16396 0.00240423 0.00182948 0.00181632
12.6 0.177284 0.178565 0.164029 0.00275481 0.00237104 0.00172913
12.62 0.177412 0.178694 0.164114 0.00320533 0.00321684 0.00211667
12.64 0.177553 0.178854 0.164224 0.0035348 0.00398829 0.00275567
12.66 0.177696 0.179028 0.164354 0.00355829 0.00436461 0.00323391
12.68 0.177826 0.179196 0.164482 0.00325742 0.0041998 0.00320041
12.7 0.17794 0.179338 0.164585 0.00284681 0.00354633 0.0025795
12.72 0.178046 0.179443 0.16465 0.00264767 0.00261483 0.00163006
12.74 0.178159 0.179511 0.164682 0.00284009 0.00171011 0.000809275
12.76 0.178292 0.179557 0.164703 0.0033213 0.00114396 0.000512822
12.78 0.178445 0.179601 0.164738 0.00380779 0.00110949 0.000874343
12.8 0.178607 0.179664 0.164807 0.00406866 0.00157651 0.00173285
12.82 0.17877 0.179757 0.164916 0.00407545 0.00231147 0.00272771
12.84 0.178929 0.179877 0.165055 0.00396319 0.00300386 0.00346963
12.86 0.179084 0.180013 0.165204 0.00387602 0.00339846 0.00371338
12.88 0.179238 0.180147 0.16534 0.00385455 0.00336974 0.00341959
12.9 0.179392 0.180265 0.165448 0.00383836 0.00293614 0.00269579
12.92 0.179541 0.180355 0.165518 0.00374501 0.00224141 0.00173588
12.94 0.179683 0.180416 0.165551 0.00354649 0.00153176 0.000825744
12.96 0.179815 0.18046 0.165564 0.00330088 0.0011133 0.000328973
12.98 0.179941 0.18051 0.165586 0.00314015 0.00122771 0.000545333
13 0.180069 0.180585 0.165645 0.0032018 0.00187949 0.00149699
13.02 0.18021 0.180696 0.16576 0.00351296 0.00277669 0.00286706
13.04 0.180366 0.180835 0.165927 0.00392346 0.00347956 0.00416893
13.06 0.180533 0.18098 0.166125 0.00416213 0.00362726 0.00496192
13.08 0.180693 0.181104 0.166325 0.00399853 0.00309806 0.00499585
13.1 0.180829 0.181187 0.166497 0.00340696 0.00207882 0.00429911
13.12 0.180934 0.181228 0.166625 0.00261688 0.00101302 0.00318819
13.14 0.181014 0.181242 0.16671 0.00201023 0.000368132 0.00213819
13.16 0.18109 0.181257 0.166773 0.00190223 0.000361435 0.0015696
13.18 0.181183 0.181292 0.166841 0.0023193 0.000874549 0.00169059
13.2 0.1813 0.181355 0.166939 0.0029327 0.00156982 0.00244669
13.22 0.18143 0.181438 0.167079 0.00324325 0.00207477 0.00352241
13.24 0.181547 0.181523 0.167256 0.0029187 0.0021463 0.00441868
13.26 0.181627 0.181594 0.167443 0.00200813 0.00177586 0.00467283
13.28 0.181663 0.181641 0.167607 0.000882599 0.00116878 0.00410921
13.3 0.181663 0.181666 0.167725 1.14473e-05 0.000618837 0.00294778
13.32 0.181652 0.181681 0.167794 -0.000282102 0.00036834 0.00170832
13.34 0.181652 0.181701 0.167832 1.94845e-05 0.000515473 0.000955049
13.36 0.181678 0.181741 0.167872 0.000634607 0.000983952 0.00100239
13.38 0.181725 0.181803 0.167942 0.00117066 0.00155694 0.00174494
13.4 0.18178 0.181882 0.168051 0.00137477 0.00197896 0.00272433
13.42 0.18183 0.181966 0.168187 0.00126732 0.00208689 0.00341157
13.44 0.181874 0.182042 0.168328 0.00108407 0.00190875 0.00352053
13.46 0.181918 0.182108 0.168453 0.00109655 0.00165156 0.0031233
13.48 0.181975 0.18217 0.168553 0.00143148 0.00155553 0.00251242
13.5 0.182054 0.182239 0.168631 0.00197196 0.00172467 0.00194617
13.52 0.18215 0.182322 0.168691 0.00240056 0.00206291 0.00149769
13.54 0.182246 0.182416 0.168736 0.00240476 0.00234818 0.00112021
13.56 0.182322 0.182511 0.168769 0.00191327 0.00239489 0.000811911
13.58 0.182369 0.1826 0.168796 0.00117111 0.00221595 0.000682673
13.6 0.182393 0.182682 0.168831 0.000602288 0.00205399 0.000869181
13.62 0.182416 0.18277 0.168887 0.000561518 0.00219856 0.00140649
13.64 0.182461 0.182879 0.168973 0.00113225 0.00271675 0.00216189
13.66 0.182544 0.183012 0.169088 0.00207487 0.00333512 0.00286204
13.68 0.182662 0.183157 0.169217 0.00295153 0.00360657 0.00322931
13.7 0.182797 0.183287 0.169344 0.00337067 0.00325416 0.00317079
13.72 0.182925 0.183383 0.169458 0.00319784 0.00240029 0.00284532
13.74 0.183029 0.183443 0.169559 0.00259998 0.00150067 0.00252587
13.76 0.183106 0.183485 0.169654 0.00191466 0.00106073 0.0023801
13.78 0.183164 0.183538 0.169748 0.00146939 0.00133125 0.00236539
13.8 0.183222 0.183624 0.169841 0.00144366 0.00213629 0.00231898
13.82 0.183294 0.183742 0.169926 0.00179702 0.0029657 0.002127
13.84 0.183387 0.183875 0.17 0.00231676 0.00330616 0.00182925
13.86 0.183497 0.183994 0.170064 0.00277153 0.00297187 0.00160118
13.88 0.183619 0.184082 0.170129 0.00304136 0.00221016 0.00163845
13.9 0.183746 0.184144 0.17021 0.00316148 0.00153731 0.00203508
13.92 0.183877 0.1842 0.17032 0.00328528 0.00141962 0.00273403
13.94 0.184019 0.184279 0.170462 0.00355591 0.00197639 0.00355333
13.96 0.184177 0.184395 0.170632 0.00394207 0.00288193 0.00425073
13.98 0.184345 0.184537 0.170816 0.00419643 0.00356038 0.00459615
14 0.184506 0.18468 0.170994 0.0040281 0.00357693 0.00444482
14.02 0.184641 0.184798 0.171146 0.00336743 0.00294759 0.0038122
14.04 0.18474 0.184882 0.171263 0.00248355 0.00210958 0.00291585
14.06 0.184814 0.184947 0.171348 0.00184709 0.00160696 0.00213362
14.08 0.184888 0.185018 0.171422 0.0018431 0.00177739 0.00184983
14.1 0.184987 0.185121 0.171511 0.00249751 0.00258397 0.00222823
14.12 0.185124 0.185266 0.171633 0.00341325 0.00362867 0.00305597
14.14 0.185284 0.185441 0.171787 0.00401139 0.00437691 0.00382697
14.16 0.185441 0.185621 0.171949 0.0039248 0.0044811 0.00406565
14.18 0.185571 0.18578 0.172094 0.00324807 0.00397681 0.00363162
14.2 0.18567 0.185909 0.172205 0.00246071 0.00322947 0.00277488
14.22 0.185753 0.186016 0.172284 0.00208445 0.00268735 0.00195271
14.24 0.185845 0.186121 0.172345 0.00230219 0.00260449 0.00154802
14.26 0.185957 0.186236 0.172411 0.0028025 0.00289838 0.00164359
14.28 0.186078 0.186366 0.172491 0.0030073 0.00323324 0.00199725
14.3 0.186179 0.186497 0.172581 0.00253213 0.00327991 0.00224351
14.32 0.186239 0.186615 0.172667 0.00150099 0.00295817 0.00216465
14.34 0.186258 0.186715 0.172741 0.00047494 0.00249734 0.0018312
14.36 0.18626 0.186806 0.172801 5.79478e-05 0.00226404 0.00151816
14.38 0.18628 0.186905 0.17286 0.000482767 0.00247083 0.00146237
14.4 0.186339 0.187024 0.172926 0.00149035 0.00298821 0.00166456
14.42 0.186441 0.187161 0.173003 0.0025348 0.0034158 0.00190271
14.44 0.186565 0.187296 0.173079 0.00311602 0.00337915 0.00191317
14.46 0.186687 0.187409 0.173143 0.00304173 0.00283704 0.00160795
14.48 0.186787 0.187495 0.173191 0.00249378 0.00214317 0.00118257
14.5 0.186861 0.187567 0.17323 0.00185821 0.00178481 0.000988764
14.52 0.186919 0.187648 0.173281 0.00144375 0.00202537 0.0012553
14.54 0.186971 0.187756 0.173357 0.00131709 0.00271827 0.0019017
14.56 0.187026 0.187891 0.17346 0.00135499 0.00337959 0.00258625
14.58 0.187082 0.188031 0.173577 0.00140147 0.00348483 0.00292911
14.6 0.187138 0.188144 0.173688 0.00139731 0.00282819 0.00275799
14.62 0.187195 0.188212 0.173777 0.00142625 0.00169143 0.00222892
14.64 0.18726 0.188238 0.173846 0.00162826 0.000668009 0.00173899
14.66 0.187341 0.188249 0.173913 0.00203133 0.000265746 0.00167167
14.68 0.18744 0.188272 0.173999 0.00246647 0.000576826 0.00215065
14.7 0.187546 0.188322 0.174118 0.0026518 0.0012482 0.0029807
14.72 0.18764 0.188392 0.17427 0.00236771 0.00174728 0.00378641
14.74 0.187704 0.18846 0.174438 0.00159157 0.0017098 0.00421258
14.76 0.187726 0.188506 0.174601 0.0005372 0.00113448 0.00407257
14.78 0.187709 0.188519 0.174738 -0.000419506 0.000341703 0.00341247
14.8 0.187672 0.18851 0.174837 -0.00091484 -0.000229901 0.00247158
14.82 0.187641 0.188499 0.174899 -0.000781406 -0.0002905 0.00155465
14.84 0.187635 0.188503 0.174935 -0.000139074 0.000123277 0.000912076
14.86 0.187662 0.188531 0.174963 0.000656835 0.000689753 0.000700787
14.88 0.18771 0.188572 0.175003 0.00121108 0.00103039 0.000986345
14.9 0.187763 0.188611 0.175072 0.00132536 0.00096054 0.0017353
14.92 0.187807 0.188635 0.175184 0.00109233 0.000603109 0.0027976
14.94 0.187838 0.188646 0.17534 0.000776008 0.000290351 0.00389905
14.96 0.187861 0.188659 0.175527 0.000590833 0.00032065 0.00468119
14.98 0.187884 0.18869 0.17572 0.000565535 0.000758526 0.00482631
15 0.187908 0.188746 0.17589 0.000597121 0.00141995 0.00423356
15.02 0.187933 0.188827 0.176014 0.000627698 0.00201664 0.00311015
15.04 0.187964 0.18892 0.176089 0.000763846 0.00232335 0.00188458
15.06 0.188011 0.189011 0.176128 0.00118978 0.00226458 0.00097192
15.08 0.188089 0.189087 0.176151 0.00195587 0.00191686 0.000555705
15.1 0.188204 0.189146 0.176174 0.00286088 0.00147258 0.000577026
15.12 0.188345 0.189193 0.176209 0.00352834 0.00116481 0.000879609
15.14 0.18849 0.189239 0.176262 0.00362029 0.00115207 0.00133168
15.16 0.188613 0.189296 0.176337 0.00309014 0.0014333 0.00186215
15.18 0.188706 0.189372 0.176434 0.00231181 0.00188753 0.00243837
15.2 0.188782 0.189467 0.176554 0.00189349 0.00238933 0.00300927
15.22 0.188872 0.189582 0.176692 0.00226374 0.00286534 0.00344979
15.24 0.189007 0.189712 0.176835 0.00337142 0.00325729 0.00356861
15.26 0.189196 0.189851 0.176964 0.00471034 0.00348048 0.00321189
15.28 0.18942 0.189989 0.177059 0.00560844 0.00343543 0.00239446
15.3 0.189645 0.190111 0.177114 0.0056264 0.00306844 0.00135818
15.32 0.189839 0.190209 0.177134 0.00484907 0.0024485 0.0005078
15.34 0.189992 0.190281 0.177143 0.00383596 0.00178955 0.000225026
15.36 0.190121 0.190336 0.177169 0.00322479 0.0013657 0.000645246
15.38 0.190253 0.190391 0.177231 0.00330362 0.00137969 0.00155052
15.4 0.190409 0.190466 0.17733 0.00389782 0.00187392 0.00248929
15.42 0.190594 0.190574 0.177453 0.0046054 0.00269451 0.00305721
15.44 0.190798 0.190715 0.177578 0.00510635 0.00353253 0.0031232
15.46 0.19101 0.190878 0.177692 0.00529361 0.00407336 0.00285065
15.48 0.191218 0.191044 0.177793 0.00521493 0.0041617 0.00254274
15.5 0.191416 0.191198 0.177891 0.0049421 0.00384051 0.00243436
15.52 0.191596 0.191328 0.177994 0.00450726 0.0032589 0.00256759
15.54 0.191754 0.191431 0.178106 0.00395055 0.00256771 0.00281729
15.56 0.191889 0.191507 0.178226 0.00336449 0.00188911 0.00299506
15.58 0.192003 0.191561 0.178343 0.00286886 0.00135836 0.00293436
15.6 0.192106 0.191607 0.178445 0.00257057 0.0011433 0.00254238
15.62 0.192208 0.191661 0.17852 0.00253146 0.00135453 0.00187126
15.64 0.192316 0.191738 0.178567 0.00271853 0.00194013 0.00118276
15.66 0.192436 0.191847 0.178603 0.00298573 0.00270834 0.000884853
15.68 0.192562 0.191984 0.178655 0.00315944 0.00342421 0.00131001
15.7 0.192688 0.192138 0.178754 0.00315721 0.00386146 0.0024724
15.72 0.192808 0.192292 0.178913 0.00299347 0.00383687 0.00396728
15.74 0.192915 0.192424 0.179117 0.00268056 0.00330391 0.0051171
15.76 0.193004 0.192521 0.179331 0.00220581 0.00243959 0.00534293
15.78 0.193069 0.192586 0.179512 0.0016336 0.00161015 0.00453353
15.8 0.193115 0.192634 0.179637 0.00114518 0.00120152 0.00311649
15.82 0.193152 0.19269 0.179708 0.00092673 0.00140404 0.00177096
15.84 0.193193 0.192774 0.179748 0.00103693 0.00210266 0.00100045
15.86 0.193248 0.192892 0.179783 0.00136441 0.0029463 0.000873095
15.88 0.193315 0.193034 0.179827 0.00168074 0.00355591 0.00111685
15.9 0.193385 0.193182 0.179885 0.00175328 0.00370699 0.00143739
15.92 0.193444 0.193318 0.179955 0.00145943 0.00339822 0.00175701
15.94 0.193478 0.193431 0.180043 0.000861163 0.00282707 0.00218357
15.96 0.193486 0.193522 0.180154 0.000195821 0.0022611 0.00277309
15.98 0.193476 0.193597 0.180288 -0.000238179 0.00187887 0.00335856
16 0.193465 0.193665 0.180433 -0.000273995 0.001705 0.00361871
16.02 0.193466 0.193732 0.180565 5.88049e-06 0.00165932 0.00330839
16.04 0.19348 0.193797 0.180663 0.000363205 0.00163425 0.00245742
16.06 0.193504 0.193859 0.180719 0.00060192 0.00155716 0.00139816
16.08 0.193531 0.193916 0.180743 0.000665782 0.00142846 0.000594602
16.1 0.193555 0.193968 0.180758 0.000591678 0.00130144 0.000367201
16.12 0.193572 0.194017 0.180785 0.000432066 0.00120989 0.000687876
16.14 0.193581 0.194062 0.180834 0.000231713 0.00112278 0.00120975
16.16 0.193583 0.194101 0.180895 4.55366e-05 0.000980634 0.00152829
16.18 0.193581 0.194132 0.180953 -4.69147e-05 0.000763527 0.00146564
16.2 0.193583 0.194152 0.181 3.63744e-05 0.000516257 0.00117406
16.22 0.193595 0.194165 0.181041 0.000305999 0.000312534 0.00101074
16.24 0.19362 0.194173 0.181092 0.000640601 0.000203471 0.00128746
16.26 0.193654 0.194181 0.181175 0.000843042 0.000204743 0.00206668
16.28 0.193686 0.194194 0.1813 0.000803866 0.000321865 0.00311614
16.3 0.193712 0.194216 0.18146 0.000637094 0.000545852 0.00401585
16.32 0.193737 0.194249 0.181634 0.000635547 0.000825982 0.0043542
16.34 0.193778 0.194292 0.181791 0.00102658 0.00108284 0.00392739
16.36 0.193848 0.194342 0.181905 0.00174037 0.00124391 0.00284749
16.38 0.193945 0.194393 0.181966 0.00243065 0.00127242 0.00150853
16.4 0.194054 0.194441 0.181983 0.00273077 0.00120952 0.000444113
16.42 0.194155 0.194488 0.181988 0.00251569 0.00118004 0.000126737
16.44 0.194234 0.19454 0.182018 0.00198257 0.00129528 0.000750177
16.46 0.194295 0.194601 0.182102 0.00152219 0.00152741 0.00209179
16.48 0.194354 0.19467 0.182245 0.00146824 0.00171451 0.00357326
16.5 0.194429 0.194739 0.182427 0.00186927 0.00172628 0.00453636
16.52 0.194528 0.194804 0.18261 0.00248015 0.00161715 0.00458846
16.54 0.194647 0.194868 0.182762 0.00299228 0.0015993 0.00380522
16.56 0.194778 0.194942 0.182869 0.00325653 0.00187174 0.00266783
16.58 0.19491 0.19504 0.18294 0.00329753 0.00244552 0.00178068
16.6 0.195038 0.195164 0.183002 0.00320185 0.00309929 0.00154522
16.62 0.195159 0.195304 0.183081 0.00302792 0.00350626 0.00197271
16.64 0.19527 0.195443 0.18319 0.0027782 0.00346663 0.00271944
16.66 0.195367 0.195567 0.183323 0.00243594 0.00308597 0.00333183
16.68 0.19545 0.195676 0.183465 0.00205854 0.00272454 0.0035394
16.7 0.195523 0.195785 0.183599 0.00182742 0.00272913 0.00337122
16.72 0.1956 0.195911 0.183721 0.0019245 0.00315808 0.00304194
16.74 0.195693 0.19606 0.183831 0.00233234 0.00371991 0.00275445
16.76 0.195805 0.196219 0.183935 0.0028049 0.00398006 0.00258167
16.78 0.195927 0.196366 0.184033 0.00305012 0.00368596 0.00246866
16.8 0.196045 0.196486 0.184126 0.00293621 0.00298023 0.00231929
16.82 0.196147 0.196579 0.184209 0.00254898 0.00234207 0.00208367
16.84 0.196232 0.19667 0.184281 0.00212553 0.00227435 0.00178203
16.86 0.196309 0.196788 0.18434 0.0019344 0.00293288 0.00147041
16.88 0.196393 0.196947 0.184387 0.00210787 0.00398598 0.00118173
16.9 0.196495 0.19714 0.184423 0.00253505 0.00482684 0.000909725
16.92 0.196613 0.197338 0.184449 0.00295889 0.00495777 0.000642638
16.94 0.19674 0.197509 0.184465 0.00318157 0.00425333 0.000399894
16.96 0.196866 0.197627 0.184475 0.00314938 0.00296722 0.000257946
16.98 0.196983 0.19769 0.184488 0.0029105 0.00156299 0.000320571
17 0.197087 0.19771 0.184513 0.00259519 0.000506908 0.000629777
17.02 0.197183 0.197714 0.184557 0.00240389 9.36172e-05 0.00109141
17.04 0.197282 0.197728 0.184617 0.00248695 0.000357577 0.00150232
17.06 0.197394 0.197773 0.184684 0.00279855 0.0011125 0.00167389
17.08 0.197519 0.197855 0.184746 0.00312277 0.00207122 0.00154004
17.1 0.197649 0.197973 0.184793 0.0032538 0.00293428 0.00117566
17.12 0.197775 0.198109 0.184823 0.00313642 0.00340766 0.000763184
17.14 0.19789 0.198239 0.184845 0.00287517 0.0032574 0.000539302
17.16 0.197996 0.198338 0.184873 0.00266499 0.0024694 0.000703265
17.18 0.198104 0.198392 0.184925 0.0026836 0.00135541 0.00130426
17.2 0.198223 0.19841 0.185013 0.00298591 0.000438168 0.00219434
17.22 0.198362 0.198417 0.185137 0.0034677 0.000171821 0.00310174
17.24 0.198519 0.198444 0.185287 0.00392235 0.000684952 0.00376641
17.26 0.198685 0.198512 0.18545 0.0041522 0.00170446 0.00405286
17.28 0.198848 0.198621 0.18561 0.00407583 0.002722 0.00400763
17.3 0.198998 0.198753 0.185763 0.00374972 0.00329221 0.00382056
17.32 0.199129 0.198883 0.18591 0.00329027 0.00325758 0.00368317
17.34 0.19924 0.198994 0.186056 0.00277513 0.00276962 0.00365412
17.36 0.19933 0.19908 0.186202 0.00224326 0.00214326 0.003652
17.38 0.199402 0.199146 0.186344 0.00178536 0.00165842 0.0035452
17.4 0.199464 0.199203 0.186474 0.00157088 0.00142277 0.00324497
17.42 0.199534 0.199258 0.186585 0.00174516 0.00136397 0.00277357
17.44 0.199626 0.199311 0.186676 0.00228937 0.00133558 0.00228363
17.46 0.199745 0.199361 0.186756 0.00298535 0.00125222 0.00198473
17.48 0.199885 0.199407 0.186836 0.0034913 0.00114267 0.00200187
17.5 0.200024 0.199451 0.186927 0.00348883 0.0010955 0.00228615
17.52 0.200139 0.199497 0.187033 0.00285989 0.00115426 0.00264864
17.54 0.200211 0.199547 0.187148 0.00179486 0.0012656 0.00288453
17.56 0.200239 0.199601 0.187264 0.000716999 0.0013307 0.00288943
17.58 0.200241 0.199652 0.187371 4.67147e-05 0.0012918 0.00268746
17.6 0.20024 0.199699 0.187467 -1.83586e-05 0.00117228 0.00239116
17.62 0.200257 0.199741 0.187553 0.000409788 0.00104485 0.00213752
17.64 0.200297 0.19978 0.187634 0.00100327 0.000970737 0.00202802
17.66 0.200355 0.199819 0.187718 0.00144583 0.000971134 0.00209509
17.68 0.200419 0.199861 0.187809 0.00160793 0.00104769 0.00228486
17.7 0.200481 0.19991 0.187907 0.00154521 0.00122583 0.00245455
17.72 0.200537 0.199972 0.188005 0.00138967 0.00155459 0.00243586
17.74 0.200586 0.200053 0.188091 0.00123026 0.00202383 0.00214951
17.76 0.200628 0.200153 0.188157 0.00105577 0.00251135 0.00167228
17.78 0.20066 0.200267 0.188205 0.000807112 0.00285069 0.00119369
17.8 0.20068 0.200385 0.188242 0.000496692 0.00295322 0.000915745
17.82 0.200691 0.2005 0.18828 0.000266127 0.00285284 0.000957851
17.84 0.200702 0.200606 0.188331 0.000289439 0.00265367 0.00128015
17.86 0.200726 0.200705 0.188399 0.000603419 0.00247774 0.00167975
17.88 0.200768 0.200802 0.188475 0.00104058 0.00242526 0.00190775
17.9 0.200822 0.200903 0.188548 0.0013423 0.00252069 0.001831
17.92 0.200876 0.20101 0.188608 0.00134995 0.00267743 0.0015082
17.94 0.20092 0.20112 0.188654 0.00110608 0.00274531 0.00112954
17.96 0.200952 0.201225 0.18869 0.000804617 0.00262933 0.000899731
17.98 0.200978 0.20132 0.188728 0.000649556 0.00237272 0.000954955
18 0.201006 0.201404 0.18878 0.000702548 0.00211403 0.0013117
18.02 0.20104 0.201483 0.188854 0.000849 0.00196343 0.00185652
18.04 0.201077 0.201559 0.18895 0.000911784 0.00191956 0.00239695
18.06 0.201109 0.201635 0.18906 0.000797298 0.00188484 0.00274792
18.08 0.201131 0.201706 0.189173 0.000558665 0.0017694 0.00280908
18.1 0.201145 0.20177 0.189277 0.000356768 0.00160369 0.00260502
18.12 0.20116 0.201831 0.189368 0.000360538 0.00152911 0.00227381
18.14 0.201185 0.201897 0.189448 0.000635885 0.00164235 0.00199875
18.16 0.201229 0.201971 0.189524 0.00108961 0.00187119 0.00191242
18.18 0.20129 0.202053 0.189606 0.00152627 0.00204342 0.00203887
18.2 0.201362 0.202135 0.189698 0.00179533 0.0020348 0.00231578
18.22 0.201438 0.202208 0.189805 0.00191419 0.00183557 0.00266375
18.24 0.201519 0.202269 0.189926 0.00202005 0.00152861 0.00302124
18.26 0.201607 0.202318 0.190059 0.00219016 0.00121074 0.00333286
18.28 0.201701 0.202354 0.190201 0.00234929 0.00090919 0.00354076
18.3 0.201795 0.202378 0.190345 0.002354 0.000605633 0.00360553
18.32 0.201881 0.202393 0.190486 0.00215045 0.000371985 0.00352265
18.34 0.201955 0.202409 0.190618 0.00186065 0.000407501 0.00331047
18.36 0.202023 0.202444 0.190738 0.00170972 0.000869037 0.00300121
18.38 0.202097 0.202511 0.190844 0.00184962 0.00167414 0.00265194
18.4 0.202187 0.202611 0.190938 0.00224629 0.00249384 0.00234737
18.42 0.202296 0.202728 0.191025 0.00272858 0.00293003 0.00217759
18.44 0.202421 0.202838 0.191114 0.00312406 0.00275931 0.00220231
18.46 0.202555 0.202923 0.19121 0.00334092 0.00211207 0.00242397
18.48 0.20269 0.20298 0.191322 0.00337148 0.00143342 0.00277941
18.5 0.20282 0.203028 0.191447 0.00325928 0.00119651 0.00312934
18.52 0.202943 0.203091 0.191578 0.00307316 0.00157754 0.00327301
18.54 0.203059 0.203185 0.191699 0.00290285 0.00235634 0.00303268
18.56 0.203173 0.20331 0.191795 0.0028466 0.00310074 0.00238582
18.58 0.203292 0.203449 0.191856 0.00296391 0.00347631 0.00154382
18.6 0.20342 0.203587 0.191892 0.00321492 0.00345584 0.000882201
18.62 0.203558 0.203718 0.191921 0.00344674 0.00327419 0.000729306
18.64 0.203697 0.203845 0.191967 0.00347023 0.00318375 0.00115452
18.66 0.203825 0.203975 0.192043 0.00319221 0.00324265 0.00190035
18.68 0.203933 0.204107 0.192143 0.00269911 0.00330405 0.00250912
18.7 0.204022 0.204234 0.192247 0.00223737 0.00318535 0.00259652
18.72 0.204107 0.204349 0.192331 0.00210974 0.00285464 0.00210022
18.74 0.204207 0.204447 0.192384 0.00250658 0.00246151 0.00131179
18.76 0.20434 0.204535 0.19241 0.00332843 0.00219097 0.000668338
18.78 0.204506 0.204618 0.192429 0.00415537 0.00208453 0.00046522
18.8 0.204686 0.204699 0.192458 0.0044829 0.00201591 0.000715635
18.82 0.204849 0.204772 0.192507 0.00408561 0.00184003 0.00123187
18.84 0.204977 0.204834 0.192579 0.0031982 0.00155017 0.00179148
18.86 0.205071 0.204886 0.192668 0.00236089 0.0012914 0.0022332
18.88 0.205153 0.204935 0.192766 0.0020543 0.00122534 0.00245591
18.9 0.205249 0.20499 0.192862 0.0023922 0.00137096 0.00239279
18.92 0.205372 0.205052 0.192943 0.00307723 0.00156498 0.00203454
18.94 0.205517 0.205115 0.193002 0.00362939 0.00157522 0.00147524
18.96 0.205666 0.205167 0.193039 0.00370595 0.00129146 0.000917615
18.98 0.205797 0.205201 0.193063 0.0032943 0.000837548 0.000605301
19 0.205904 0.20522 0.193092 0.00267204 0.000487363 0.000711657
19.02 0.205992 0.205239 0.193141 0.00218337 0.000469582 0.00123608
19.04 0.206072 0.205272 0.19322 0.00199708 0.000832703 0.00197434
19.06 0.206153 0.20533 0.193325 0.00204218 0.00143893 0.00262007
19.08 0.206239 0.205411 0.193443 0.00214389 0.00204329 0.00294945
19.1 0.206327 0.205508 0.193561 0.00220136 0.00241445 0.00294479
19.12 0.206418 0.205606 0.193671 0.00226176 0.00245839 0.00275988
19.14 0.206515 0.205697 0.193775 0.0024477 0.0022686 0.00259086
19.16 0.206628 0.205779 0.193877 0.00280887 0.00203928 0.00255548
19.18 0.206757 0.205855 0.193983 0.00322094 0.00190576 0.00264768
19.2 0.206894 0.205931 0.194094 0.00343024 0.00189394 0.00278791
19.22 0.207023 0.206011 0.19421 0.0032208 0.00199619 0.00290175
19.24 0.207125 0.206101 0.194329 0.00256951 0.00225704 0.00295782
19.26 0.207193 0.206211 0.194446 0.00168878 0.00275817 0.002945
19.28 0.20723 0.206351 0.19456 0.000921074 0.00349118 0.00284544
19.3 0.207251 0.20652 0.194666 0.000532449 0.0042276 0.00265575
19.32 0.207274 0.206703 0.194764 0.000572159 0.00456589 0.00243342
19.34 0.20731 0.206871 0.194856 0.000894132 0.00420426 0.00229845
19.36 0.207361 0.207 0.19495 0.00127097 0.00322283 0.00236873
19.38 0.207421 0.207084 0.195058 0.00150569 0.00210912 0.0026901
19.4 0.207481 0.207143 0.195187 0.00149577 0.00147391 0.00322094
19.42 0.207531 0.207209 0.195341 0.00126457 0.00165633 0.00384472
19.44 0.207569 0.207309 0.195516 0.000939442 0.0025046 0.00437827
19.46 0.207595 0.207449 0.1957 0.000660974 0.00348293 0.00460064
19.48 0.207616 0.207609 0.195874 0.000512375 0.00400908 0.00434529
19.5 0.207637 0.207761 0.196018 0.000518661 0.00379479 0.00360383
19.52 0.207663 0.20788 0.19612 0.000654743 0.00298736 0.00254867
19.54 0.207696 0.207962 0.196178 0.000822621 0.00204101 0.00146149
19.56 0.207731 0.208019 0.196203 0.000884218 0.00142247 0.000607389
19.58 0.207762 0.208073 0.196208 0.000771246 0.0013531 0.000135972
19.6 0.207785 0.208142 0.196211 0.00056883 0.00173385 7.56066e-05
19.62 0.207804 0.208232 0.196226 0.000475503 0.00224046 0.000367798
19.64 0.20783 0.208333 0.196261 0.000662047 0.00251909 0.000892877
19.66 0.207875 0.208428 0.196321 0.00113238 0.00238845 0.00148483
19.68 0.207942 0.208505 0.196399 0.0016626 0.00191115 0.00196557
19.7 0.208017 0.208557 0.196488 0.00189048 0.00130606 0.0022028
19.72 0.208081 0.20859 0.196573 0.00157898 0.000818041 0.00214656
19.74 0.208115 0.208615 0.196646 0.000866644 0.00062907 0.00182569
19.76 0.208125 0.208647 0.1967 0.000254318 0.000801863 0.00134876
19.78 0.208136 0.208697 0.196737 0.000272189 0.00124239 0.000903456
19.8 0.208179 0.208766 0.196764 0.00106368 0.00172868 0.000695627
19.82 0.208268 0.208847 0.196797 0.00223382 0.00203243 0.00082031
19.84 0.208392 0.208929 0.196844 0.00309543 0.00205297 0.00117971
19.86 0.208518 0.209003 0.196907 0.00314206 0.00185517 0.00156228
19.88 0.208615 0.209066 0.196979 0.00241842 0.0015761 0.00180226
19.9 0.208675 0.209118 0.197054 0.00150276 0.00129673 0.00187468
19.92 0.208718 0.209159 0.197129 0.00108435 0.00101163 0.00187342
19.94 0.208777 0.209187 0.197205 0.00147023 0.000703878 0.00190876
19.96 0.208872 0.209204 0.197286 0.00239204 0.000424596 0.00201252
19.98 0.209001 0.209216 0.197371 0.00321834 0.00030741 0.00213067
20 0.209137 0.209237 0.197459 0.0034063 0.00050942 0.00219559
20.02 0.209253 0.20928 0.197547 0.0028828 0.00108721 0.00220013
20.04 0.209336 0.209356 0.197636 0.00207973 0.00189337 0.00221959
20.06 0.2094 0.209459 0.19773 0.0015982 0.00257428 0.00235262
20.08 0.20947 0.209568 0.197834 0.00176322 0.00271952 0.00260903
20.1 0.209566 0.209653 0.197948 0.00240154 0.0021361 0.00284954
20.12 0.209687 0.209695 0.198063 0.00300225 0.00104979 0.00287996
20.14 0.209811 0.209695 0.198169 0.00311128 1.10731e-05 0.00263622
20.16 0.209917 0.209677 0.198259 0.00263743 -0.000452251 0.0022613
20.18 0.209992 0.209671 0.198339 0.00187984 -0.000145823 0.0019971
20.2 0.210043 0.2097 0.198419 0.001287 0.00071907 0.00199772
20.22 0.210088 0.209767 0.198508 0.00112357 0.00166768 0.00222088
20.24 0.21014 0.209856 0.198607 0.00130758 0.00221594 0.00248067
20.26 0.210202 0.209941 0.198712 0.0015441 0.00213964 0.00261549
20.28 0.210267 0.210005 0.198817 0.00162085 0.00158942 0.00262625
20.3 0.210331 0.210043 0.198923 0.00158958 0.000955995 0.00266241
20.32 0.210397 0.210068 0.199038 0.00167012 0.00062543 0.00286424
20.34 0.210477 0.2101 0.199166 0.00199921 0.000808408 0.00319677
20.36 0.210576 0.21016 0.199303 0.00245363 0.00148733 0.00343149
20.38 0.210683 0.210257 0.199435 0.00269387 0.00243785 0.00330564
20.4 0.21078 0.21039 0.199545 0.00242673 0.00331558 0.00274756
20.42 0.210849 0.210542 0.199625 0.00171442 0.00380464 0.00198982
20.44 0.21089 0.210692 0.199682 0.00102168 0.00375416 0.00144564
20.46 0.210925 0.210822 0.199739 0.000883485 0.00324662 0.00142445
20.48 0.210984 0.210925 0.199815 0.00147936 0.0025687 0.00189777
20.5 0.211085 0.211008 0.199916 0.00250957 0.00206999 0.00250747
20.52 0.211223 0.211087 0.200029 0.00345072 0.00198824 0.00282511
20.54 0.21138 0.211182 0.200135 0.0039226 0.00235749 0.00264882
20.56 0.211535 0.211303 0.200219 0.00387659 0.00303363 0.00211048
20.58 0.211675 0.211454 0.200281 0.00351964 0.00376865 0.00153948
20.6 0.211799 0.211625 0.200329 0.00308423 0.00428317 0.00120961
20.62 0.211906 0.211799 0.200376 0.00267122 0.00435572 0.00117098
20.64 0.211998 0.211956 0.200427 0.00230073 0.00390951 0.00127904
20.66 0.212079 0.212078 0.200481 0.00203005 0.00306614 0.00135452
20.68 0.212157 0.212164 0.200533 0.00195811 0.00214301 0.00130789
20.7 0.212243 0.212225 0.200579 0.00215282 0.00153325 0.00113879
20.72 0.212347 0.212285 0.200614 0.00259149 0.00149584 0.000882006
20.74 0.212472 0.212366 0.200638 0.00311435 0.00201308 0.000592581
20.76 0.21261 0.212478 0.200652 0.00345285 0.00281514 0.000358682
20.78 0.212746 0.212619 0.200664 0.00340065 0.00350825 0.000285609
20.8 0.212866 0.212768 0.200682 0.00299794 0.00372583 0.000446248
20.82 0.212967 0.2129 0.200715 0.00252634 0.00330321 0.00084477
20.84 0.213059 0.212996 0.200771 0.00230056 0.00240075 0.00140153
20.86 0.213156 0.213053 0.20085 0.00243847 0.00143016 0.00196339
20.88 0.213268 0.213086 0.200944 0.00278183 0.000818607 0.00235937
20.9 0.213388 0.213117 0.201044 0.00300481 0.000790036 0.00248306
20.92 0.213501 0.213168 0.201138 0.00284329 0.0012638 0.00235211
20.94 0.213594 0.213244 0.201222 0.00231662 0.00189621 0.00209472
20.96 0.213665 0.213335 0.201297 0.00176874 0.00228825 0.00187775
20.98 0.213731 0.213426 0.20137 0.0016497 0.00225809 0.00184104
21 0.213818 0.213503 0.201452 0.00217619 0.00194616 0.00204503
21.02 0.213943 0.21357 0.201549 0.00313007 0.00167195 0.00242497
21.04 0.214101 0.213637 0.201661 0.00395616 0.00167867 0.00279034
21.06 0.214265 0.213716 0.201777 0.00410234 0.00197264 0.00291899
21.08 0.2144 0.213811 0.201886 0.00337351 0.00236363 0.00272506
21.1 0.214484 0.213916 0.201981 0.00208069 0.00262404 0.00235975
21.12 0.214519 0.214021 0.202066 0.000872764 0.00263676 0.0021327
21.14 0.214532 0.21412 0.202158 0.000338433 0.00247425 0.00230712
21.16 0.214558 0.214214 0.202275 0.000646833 0.00233996 0.00291128
21.18 0.214618 0.214309 0.202423 0.00149125 0.0023831 0.00369346
21.2 0.214711 0.214413 0.202593 0.00233956 0.00258766 0.00426677
21.22 0.214822 0.214526 0.202768 0.00276207 0.00283519 0.00435925
21.24 0.214927 0.214647 0.202927 0.00263014 0.00301247 0.00397387
21.26 0.215012 0.214769 0.20306 0.00212726 0.00304921 0.00333163
21.28 0.215076 0.214885 0.203167 0.00159552 0.00291509 0.00266913
21.3 0.215128 0.21499 0.20325 0.00131002 0.00262446 0.00208931
21.32 0.215182 0.215079 0.203314 0.00133779 0.00222995 0.00159961
21.34 0.215244 0.215151 0.203364 0.00155125 0.00179683 0.00124138
21.36 0.215313 0.215207 0.203409 0.00174273 0.00139413 0.00113421
21.38 0.215383 0.215251 0.203465 0.00175017 0.00109971 0.00138319
21.4 0.215445 0.21529 0.203543 0.00154972 0.000962092 0.00195228
21.42 0.215496 0.215327 0.203648 0.00126885 0.000940406 0.00263012
21.44 0.21554 0.215364 0.203772 0.00108674 0.00091557 0.00310401
21.46 0.215583 0.215394 0.203896 0.00108523 0.000744693 0.00309104
21.48 0.21563 0.215406 0.203995 0.00117295 0.000310956 0.00247332
21.5 0.215677 0.21539 0.204049 0.00116804 -0.00040357 0.00137211
21.52 0.215715 0.215341 0.204054 0.00096083 -0.00123 0.000114376
21.54 0.215739 0.215268 0.204018 0.00059247 -0.00182008 -0.000901847
21.56 0.215747 0.215195 0.203964 0.000211565 -0.00182655 -0.00135862
21.58 0.215746 0.215148 0.203918 -3.61548e-05 -0.00116124 -0.00114046
21.6 0.215742 0.215144 0.203902 -0.000105144 -0.000112813 -0.000397526
21.62 0.215739 0.215176 0.203923 -6.99229e-05 0.000793491 0.000521916
21.64 0.215736 0.215219 0.203974 -6.0611e-05 0.00108635 0.00127744
21.66 0.215731 0.215244 0.204043 -0.000147635 0.000620223 0.00173325
21.68 0.21572 0.215231 0.204122 -0.000276221 -0.000318823 0.00197667
21.7 0.215707 0.215184 0.204208 -0.000308461 -0.00117995 0.00214929
21.72 0.215702 0.215124 0.204299 -0.000129956 -0.0014866 0.00226555
21.74 0.215712 0.215081 0.204386 0.00024367 -0.00109438 0.00217733
21.76 0.215737 0.215072 0.204455 0.000641564 -0.000206405 0.0017134
21.78 0.215771 0.215104 0.204491 0.000832236 0.000796711 0.000901496
21.8 0.215798 0.215167 0.204494 0.000678828 0.00156243 7.19113e-05
21.82 0.215808 0.215243 0.204482 0.000244055 0.00191676 -0.000294888
21.84 0.215799 0.21532 0.204486 -0.000218956 0.00190444 9.69854e-05
21.86 0.215784 0.215388 0.20453 -0.000374137 0.00171464 0.001119
21.88 0.215785 0.21545 0.204622 2.12295e-05 0.0015564 0.00229739
21.9 0.215822 0.215512 0.204748 0.00093118 0.00154532 0.0031344
21.92 0.215901 0.215579 0.204884 0.00198299 0.00166994 0.00340169
21.94 0.216008 0.215654 0.205012 0.00267407 0.00186244 0.00321281
21.96 0.216117 0.215737 0.205127 0.00271908 0.00209786 0.00287751
21.98 0.216207 0.215834 0.205234 0.00224723 0.00241491 0.00267377
22 0.216275 0.215948 0.205342 0.00169467 0.00285575 0.00269026
22.02 0.216335 0.216084 0.205455 0.00151281 0.00340259 0.00282298
22.04 0.216412 0.216243 0.205571 0.00191438 0.00397326 0.00290249
22.06 0.216523 0.216422 0.205685 0.00278889 0.00446237 0.00283753
22.08 0.216676 0.216612 0.205791 0.00381366 0.00476511 0.00265859
22.1 0.216862 0.216803 0.205889 0.00465557 0.00475375 0.00245763
22.12 0.217066 0.216975 0.205981 0.00510511 0.00430217 0.00230469
22.14 0.21727 0.217112 0.20607 0.00510187 0.00344158 0.0022168
22.16 0.217459 0.217212 0.206158 0.00472395 0.00250465 0.00219302
22.18 0.217625 0.217293 0.206248 0.00414054 0.00201787 0.00225546
22.2 0.217766 0.217388 0.206346 0.00353154 0.00236437 0.0024591
22.22 0.217889 0.217527 0.206459 0.00305814 0.00348694 0.00282945
22.24 0.218004 0.217721 0.20659 0.00287671 0.00485086 0.00326585
22.26 0.218127 0.21795 0.206732 0.00309512 0.00571349 0.00354127
22.28 0.218274 0.218172 0.206869 0.0036579 0.00555042 0.003442
22.3 0.218446 0.218347 0.206987 0.00431087 0.00438737 0.00293238
22.32 0.218636 0.21846 0.207075 0.00473518 0.00280914 0.00220219
22.34 0.218825 0.218524 0.207138 0.00472964 0.00160642 0.00157987
22.36 0.218997 0.218576 0.207193 0.00430235 0.00131095 0.00136686
22.38 0.219143 0.218653 0.207259 0.00366098 0.001922 0.00165025
22.4 0.219268 0.218772 0.207347 0.00312193 0.00297039 0.00220705
22.42 0.219387 0.218926 0.207451 0.0029593 0.00385701 0.00260433
22.44 0.219517 0.219095 0.20755 0.0032627 0.00420434 0.00246802
22.46 0.219671 0.219254 0.207619 0.00384852 0.00398242 0.00173672
22.48 0.219843 0.219391 0.207648 0.00429554 0.00341952 0.000722647
22.5 0.22001 0.219503 0.207646 0.00416745 0.00281105 -5.58814e-05
22.52 0.220142 0.219597 0.207639 0.00331258 0.00234381 -0.000176838
22.54 0.220223 0.219678 0.207657 0.00201905 0.00203582 0.000439625
22.56 0.220259 0.219751 0.207716 0.000899484 0.00181566 0.00148902
22.58 0.220281 0.219817 0.207814 0.00055523 0.00165971 0.00245715
22.6 0.220329 0.219883 0.20793 0.00119687 0.0016331 0.00288932
22.62 0.220429 0.219955 0.208034 0.00249257 0.00181158 0.00260611
22.64 0.220579 0.220042 0.208105 0.00375647 0.00217325 0.00176999
22.66 0.220752 0.220145 0.208136 0.00434085 0.00256296 0.000783851
22.68 0.22091 0.220255 0.208139 0.00395083 0.00276439 7.3961e-05
22.7 0.22102 0.22036 0.208134 0.00274123 0.00261713 -0.00012218
22.72 0.221069 0.220444 0.208141 0.00122205 0.00210054 0.000160752
22.74 0.221069 0.220498 0.208169 1.2434e-05 0.00134974 0.00070055
22.76 0.221051 0.220522 0.208219 -0.00045606 0.000600574 0.0012644
22.78 0.221046 0.220525 0.208289 -0.000125091 8.40459e-05 0.00174336
22.8 0.221074 0.220522 0.208374 0.000702917 -7.65789e-05 0.0021314
22.82 0.221136 0.220526 0.208471 0.00154413 8.94305e-05 0.00240173
22.84 0.221215 0.220543 0.208569 0.001979 0.000425408 0.00245962
22.86 0.221289 0.220573 0.208659 0.00184216 0.000755048 0.00224815
22.88 0.221339 0.220613 0.208734 0.00125656 0.000998775 0.00188256
22.9 0.22136 0.22066 0.2088 0.000527531 0.00118713 0.0016518
22.92 0.22136 0.220715 0.208874 -3.61832e-06 0.00136292 0.00185666
22.94 0.221356 0.220774 0.208978 -0.000106449 0.00146785 0.00258395
22.96 0.221365 0.220828 0.209121 0.000230243 0.00135243 0.00357716
22.98 0.221398 0.220864 0.209293 0.000809239 0.000917856 0.00431323
23 0.221452 0.220875 0.209465 0.00135142 0.000253574 0.0042924
23.02 0.221517 0.22086 0.209601 0.00162435 -0.000374472 0.00338977
23.04 0.221577 0.220832 0.209681 0.00151385 -0.00068348 0.00199443
23.06 0.221619 0.220811 0.209713 0.00105105 -0.000534559 0.000801971
23.08 0.221635 0.22081 0.209729 0.000391687 -1.14941e-05 0.000409397
23.1 0.221626 0.220835 0.209769 -0.000227287 0.000623253 0.00100192
23.12 0.221604 0.220878 0.209861 -0.000551813 0.00107729 0.00229931
23.14 0.221587 0.220927 0.210011 -0.000404886 0.00120441 0.00373762
23.16 0.221595 0.22097 0.210201 0.000197334 0.00108252 0.00475071
23.18 0.221635 0.221006 0.2104 0.00098681 0.000903222 0.00498525
23.2 0.221697 0.221038 0.210576 0.00154657 0.000789091 0.00439132
23.22 0.221758 0.221066 0.210705 0.00152803 0.000718774 0.00322409
23.24 0.221792 0.22109 0.210783 0.000848053 0.000593241 0.00194897
23.26 0.221783 0.221104 0.210824 -0.00022201 0.000356859 0.00103567
23.28 0.221737 0.221108 0.210853 -0.00114314 8.35352e-05 0.000727115
23.3 0.221681 0.221106 0.210891 -0.00141458 -3.72271e-05 0.000937281
23.32 0.221644 0.221113 0.210945 -0.000901267 0.000171706 0.00135164
23.34 0.221649 0.221142 0.21101 0.000107309 0.000712092 0.00164019
23.36 0.221693 0.221196 0.211076 0.00111098 0.00136418 0.00164509
23.38 0.221761 0.221269 0.211133 0.00168608 0.00182087 0.00143559
23.4 0.221829 0.221344 0.211182 0.00171035 0.00188888 0.00120576
23.42 0.221886 0.221408 0.211226 0.00141836 0.00159874 0.0010962
23.44 0.221934 0.221455 0.211269 0.00119835 0.00115255 0.00108453
23.46 0.221985 0.221486 0.21131 0.00129061 0.000774654 0.00103093
23.48 0.222052 0.22151 0.211343 0.00166536 0.000620381 0.00083095
23.5 0.222137 0.221541 0.211366 0.00211316 0.000763854 0.000553341
23.52 0.222232 0.221588 0.211383 0.00239048 0.00118101 0.000442189
23.54 0.222325 0.221658 0.211413 0.00233396 0.00173688 0.000741661
23.56 0.222403 0.221747 0.211472 0.00193064 0.00224219 0.00146995
23.58 0.222456 0.22185 0.211565 0.00133317 0.00255764 0.00234273
23.6 0.222489 0.221956 0.211682 0.000816009 0.00265701 0.00291928
23.62 0.222516 0.222061 0.211797 0.000677877 0.00261982 0.00286645
23.64 0.22256 0.222163 0.211883 0.00110616 0.0025655 0.00216505
23.66 0.222642 0.222265 0.211929 0.00205428 0.00255502 0.00113282
23.68 0.22277 0.222367 0.211939 0.00319743 0.00253906 0.000255618
23.7 0.222931 0.222465 0.211936 0.00403032 0.00243993 -6.44506e-05
23.72 0.223096 0.222556 0.211949 0.00412196 0.00227763 0.000304304
23.74 0.223233 0.222643 0.211996 0.00340857 0.00218211 0.0011901
23.76 0.223324 0.222735 0.212086 0.00229447 0.00229836 0.00223443
23.78 0.223382 0.222842 0.212208 0.00144083 0.00267808 0.003064
23.8 0.223437 0.222972 0.212345 0.00137959 0.00323629 0.00343434
23.82 0.223525 0.223123 0.212478 0.00219218 0.00379386 0.00331469
23.84 0.223663 0.223291 0.212593 0.0034437 0.00418302 0.00287639
23.86 0.223841 0.223464 0.212688 0.00445073 0.00433917 0.00237441
23.88 0.22403 0.223637 0.212769 0.00473808 0.0043096 0.00201273
23.9 0.224203 0.223804 0.212844 0.00432029 0.00419262 0.00188684
23.92 0.224347 0.223967 0.212924 0.00360491 0.00406009 0.00198703
23.94 0.22447 0.224124 0.213012 0.00307643 0.00392294 0.00221572
23.96 0.224591 0.224275 0.213109 0.00303164 0.00377587 0.0024279
23.98 0.22473 0.224421 0.21321 0.00346109 0.0036601 0.00251315
24 0.224892 0.224567 0.213308 0.00405684 0.00363928 0.00245449
24.02 0.225067 0.224715 0.213401 0.00438128 0.00371709 0.00232218
24.04 0.225233 0.224868 0.21349 0.00414716 0.00381179 0.0022366
24.06 0.225369 0.225021 0.213583 0.00340189 0.00382962 0.00231532
24.08 0.225469 0.225171 0.213687 0.002488 0.00375358 0.00260383
24.1 0.225543 0.225317 0.213809 0.00184982 0.00364401 0.00303883
24.12 0.225616 0.22546 0.213947 0.00181567 0.0035665 0.00346928
24.14 0.225712 0.2256 0.214096 0.00242343 0.00351513 0.00371872
24.16 0.225848 0.225736 0.214243 0.00337604 0.00339253 0.00366768
24.18 0.226015 0.225858 0.214376 0.0041826 0.00306681 0.00331736
24.2 0.226191 0.225958 0.214486 0.00441109 0.0024958 0.00277311
24.22 0.226347 0.226032 0.214573 0.00390481 0.00183605 0.00216104
24.24 0.226461 0.226087 0.214636 0.0028479 0.00139297 0.00157081
24.26 0.226528 0.226143 0.214678 0.00166982 0.00139614 0.00106733
24.28 0.226562 0.226216 0.214707 0.000841858 0.00180493 0.000722112
24.3 0.226588 0.226309 0.214732 0.000643182 0.00232828 0.000616814
24.32 0.226628 0.226413 0.214764 0.00101346 0.00261617 0.000795605
24.34 0.226693 0.226512 0.214812 0.00162419 0.00247534 0.00120173
24.36 0.226778 0.226591 0.214879 0.00211311 0.00197961 0.00166881
24.38 0.22687 0.226648 0.214958 0.00231778 0.00141157 0.00198879
24.4 0.226964 0.226691 0.215039 0.00234222 0.00106827 0.00202593
24.42 0.227061 0.226733 0.215112 0.00241736 0.00104846 0.00180637
24.44 0.227167 0.22678 0.215172 0.00266899 0.00119353 0.00150155
24.46 0.227286 0.22683 0.215223 0.00297452 0.00124153 0.00129677
24.48 0.227408 0.226872 0.215273 0.00303484 0.00104598 0.00124107
24.5 0.227513 0.226899 0.215322 0.00261898 0.000682581 0.00121437
24.52 0.227584 0.226915 0.215364 0.00177471 0.000395137 0.00104771
24.54 0.227616 0.226932 0.215391 0.000822004 0.000422683 0.000679834
24.56 0.227623 0.226965 0.2154 0.000154498 0.000829659 0.000236545
24.58 0.227623 0.227023 0.215401 1.43716e-05 0.00145255 1.36592e-05
24.6 0.227639 0.227103 0.215414 0.00039842 0.00200411 0.000336491
24.62 0.227684 0.227194 0.215467 0.00111788 0.00226669 0.0013149
24.64 0.22776 0.227283 0.215574 0.00190964 0.00221863 0.0026858
24.66 0.227861 0.227362 0.215732 0.0025216 0.00199356 0.00393186
24.68 0.227972 0.227432 0.215915 0.00276745 0.00173976 0.00459371
24.7 0.228075 0.227493 0.216096 0.00257121 0.00152283 0.00451366
24.72 0.228154 0.227547 0.21625 0.00199037 0.00133965 0.00386105
24.74 0.228202 0.227594 0.216369 0.00120274 0.00118843 0.00297522
24.76 0.228221 0.227638 0.216456 0.000465823 0.00110568 0.00216892
24.78 0.228223 0.227684 0.216521 4.54128e-05 0.001141 0.00162633
24.8 0.228227 0.227736 0.216578 0.000104206 0.00129139 0.00141294
24.82 0.22825 0.227795 0.216638 0.000585161 0.00147456 0.00151922
24.84 0.228299 0.227858 0.216714 0.00121873 0.00158218 0.00187994
24.86 0.228367 0.22792 0.216809 0.00169394 0.00155724 0.0023746
24.88 0.228441 0.227978 0.216923 0.00185535 0.00143497 0.00285104
24.9 0.228512 0.22803 0.21705 0.00176323 0.00130827 0.00317996
24.92 0.228575 0.228079 0.217182 0.0015924 0.00123207 0.00329824
24.94 0.228634 0.228125 0.217311 0.00146521 0.00115199 0.00322322
24.96 0.228688 0.228164 0.217432 0.00134729 0.000957171 0.00303341
24.98 0.228731 0.228188 0.217544 0.00109087 0.000609532 0.00280537
25 0.228756 0.228196 0.217646 0.000604409 0.000198658 0.00255599
25.02 0.228755 0.228192 0.217737 -1.07938e-05 -9.1091e-05 0.00225472
25.04 0.228736 0.22819 0.217812 -0.000489125 -5.76536e-05 0.00189449
25.06 0.228713 0.228206 0.217875 -0.000559697 0.000392913 0.00155607
25.08 0.228708 0.228251 0.217931 -0.000126741 0.00113357 0.00139762
25.1 0.228734 0.228325 0.217993 0.00063668 0.00183731 0.00155542
25.12 0.228788 0.228412 0.218074 0.00134839 0.00218291 0.00202528
25.14 0.228852 0.228496 0.218178 0.00162217 0.00209432 0.00259871
25.16 0.228905 0.228567 0.218295 0.00131811 0.0017963 0.00292572
25.18 0.228932 0.228632 0.218404 0.000657677 0.00162506 0.00272877
25.2 0.228935 0.228703 0.218485 7.83391e-05 0.00175211 0.00201594
25.22 0.228932 0.228785 0.218529 -7.06271e-05 0.00206784 0.00111223
25.24 0.228942 0.228878 0.218548 0.000259887 0.00230773 0.000470626
25.26 0.228976 0.228969 0.218563 0.0008444 0.002276 0.000385336
25.28 0.229031 0.229049 0.218596 0.00137641 0.00200422 0.000819623
25.3 0.229098 0.229118 0.218654 0.00167555 0.00174261 0.00144146
25.32 0.229169 0.229189 0.218727 0.0017691 0.00176487 0.00183385
25.34 0.229241 0.229274 0.218798 0.00179354 0.00213114 0.00176533
25.36 0.229314 0.22938 0.21885 0.00182399 0.002639 0.00131897
25.38 0.229386 0.229501 0.218882 0.00181198 0.00301661 0.000789456
25.4 0.229453 0.229626 0.218901 0.00168255 0.00314253 0.000471733
25.42 0.229512 0.229751 0.218921 0.00146269 0.00311441 0.000510825
25.44 0.229564 0.229876 0.218956 0.00129842 0.00313639 0.000862933
25.46 0.229618 0.230009 0.21901 0.00134841 0.00332323 0.0013459
25.48 0.229684 0.230153 0.21908 0.00165222 0.00358363 0.00175211
25.5 0.229767 0.2303 0.219158 0.00208647 0.00368083 0.00195719
25.52 0.229866 0.230438 0.219237 0.00246273 0.00344523 0.00197174
25.54 0.229973 0.230556 0.219314 0.00268175 0.00295931 0.00191913
25.56 0.230085 0.230657 0.219392 0.00279475 0.00252925 0.00196304
25.58 0.230203 0.230756 0.219481 0.00295012 0.00246983 0.00222625
25.6 0.230334 0.230871 0.21959 0.00327003 0.00287992 0.00271897
25.62 0.230483 0.231014 0.219722 0.00372468 0.00356298 0.00330929
25.64 0.230647 0.23118 0.219874 0.00410993 0.00415322 0.00378047
25.66 0.230815 0.231354 0.220032 0.00419574 0.00436616 0.00396252
25.68 0.230972 0.231522 0.220187 0.0039301 0.00417901 0.00386507
25.7 0.231112 0.231674 0.220334 0.00350354 0.00380529 0.00367069
25.72 0.231241 0.231814 0.220476 0.00322173 0.00351753 0.00356515
25.74 0.231373 0.231953 0.220619 0.00329049 0.00345649 0.00357497
25.76 0.23152 0.232095 0.220762 0.00368703 0.00354968 0.00356195
25.78 0.231688 0.232239 0.220897 0.00418821 0.00360892 0.00337577
25.8 0.231869 0.23238 0.221017 0.00452601 0.003532 0.00301444
25.82 0.232052 0.232516 0.221124 0.00457872 0.00339845 0.00265876
25.84 0.23223 0.23265 0.221225 0.0044453 0.00334383 0.00253498
25.86 0.232402 0.232786 0.221333 0.00432013 0.0033867 0.00270872
25.88 0.232573 0.232922 0.221454 0.00427368 0.00342114 0.0030081
25.9 0.23274 0.233056 0.221579 0.00417211 0.00333438 0.00313869
25.92 0.232893 0.233179 0.221695 0.00381911 0.00308047 0.00289241
25.94 0.233019 0.233286 0.221786 0.00315692 0.00267059 0.00228617
25.96 0.233113 0.233372 0.221848 0.00234742 0.00215672 0.00153095
25.98 0.233181 0.233439 0.221883 0.00170198 0.0016644 0.000880949
26 0.233241 0.233494 0.221903 0.00149927 0.00139168 0.000493829
26.02 0.233313 0.233553 0.221918 0.00179179 0.00147351 0.0003817
26.04 0.233407 0.233626 0.221936 0.00235632 0.00182956 0.000451195
26.06 0.23352 0.233714 0.221959 0.00282526 0.00218766 0.00058368
26.08 0.233636 0.233805 0.221987 0.00289852 0.00227226 0.000691485
26.1 0.233737 0.233884 0.222017 0.00252281 0.00197923 0.000750108
26.12 0.233814 0.23394 0.222049 0.00192136 0.00141031 0.000808378
26.14 0.233871 0.233972 0.222087 0.00143096 0.000802161 0.000941438
26.16 0.233922 0.233989 0.222134 0.00126287 0.000424263 0.00118232
26.18 0.233977 0.234008 0.222194 0.00137444 0.000454586 0.00149374
26.2 0.234038 0.234043 0.222265 0.00154301 0.000878865 0.00178448
26.22 0.2341 0.234102 0.222343 0.00154226 0.00148725 0.00193201
26.24 0.234151 0.234181 0.222416 0.00127901 0.0019773 0.00183078
26.26 0.234185 0.234266 0.222475 0.000836148 0.00211373 0.0014856
26.28 0.234201 0.234341 0.222518 0.000412244 0.00187288 0.00105852
26.3 0.234209 0.2344 0.222549 0.000188238 0.00147405 0.000788559
26.32 0.234218 0.234449 0.222583 0.000223025 0.0012283 0.000844949
26.34 0.234236 0.234501 0.222633 0.000447295 0.00130222 0.00124128
26.36 0.234264 0.234565 0.222707 0.00071027 0.0016018 0.00185223
26.38 0.234298 0.23464 0.222807 0.000854639 0.00187021 0.00249786
26.4 0.234331 0.234715 0.222927 0.000818547 0.00188282 0.00301927
26.42 0.234358 0.234779 0.22306 0.00067502 0.00159072 0.0033055
26.44 0.23438 0.234825 0.223192 0.000550149 0.00116437 0.00330016
26.46 0.2344 0.234862 0.223313 0.000509853 0.000910371 0.00303406
26.48 0.234421 0.234904 0.223419 0.000524424 0.00106294 0.00265627
26.5 0.234442 0.234968 0.223514 0.000516696 0.00158203 0.0023781
26.52 0.234459 0.235054 0.223608 0.000423592 0.00215638 0.00234486
26.54 0.234469 0.235152 0.22371 0.000255533 0.00244239 0.00254939
26.56 0.234474 0.235244 0.223824 0.000132038 0.00230718 0.00284518
26.58 0.234483 0.235318 0.223945 0.000224053 0.00185888 0.00303701
26.6 0.234508 0.23537 0.224065 0.000620688 0.00130651 0.002993
26.62 0.234557 0.235404 0.224174 0.00123338 0.000834909 0.00272282
26.64 0.23463 0.235426 0.224268 0.00182108 0.000559453 0.00235967
26.66 0.234716 0.235447 0.224351 0.00213942 0.000511932 0.00205483
26.68 0.2348 0.235472 0.224426 0.0021059 0.000639727 0.00189165
26.7 0.234873 0.235506 0.224502 0.00183142 0.000837294 0.00188506
26.72 0.234934 0.235546 0.224582 0.00150387 0.00101611 0.00202002
26.74 0.234984 0.235593 0.224673 0.00124917 0.00115633 0.0022544
26.76 0.235027 0.235643 0.224773 0.00109552 0.00126149 0.00250955
26.78 0.235068 0.235694 0.224881 0.00101897 0.00127606 0.00268887
26.8 0.235107 0.235739 0.224989 0.000983428 0.00110978 0.00269957
26.82 0.235146 0.235768 0.225087 0.000973957 0.00073527 0.00246973
26.84 0.235187 0.235778 0.225167 0.00102672 0.00025023 0.00198439
26.86 0.235236 0.235773 0.22522 0.00121431 -0.000136109 0.0013386
26.88 0.235299 0.235765 0.22525 0.0015732 -0.000192422 0.00074404
26.9 0.23538 0.235773 0.225268 0.00201459 0.000194452 0.00044029
26.92 0.235472 0.235809 0.225289 0.00231965 0.000898382 0.000537523
26.94 0.235563 0.235871 0.225326 0.00226003 0.00156346 0.000916764
26.96 0.235633 0.235943 0.225378 0.0017647 0.00179204 0.00129639
26.98 0.235674 0.235999 0.225435 0.00100622 0.00141158 0.00143158
27 0.235687 0.236025 0.225487 0.000338397 0.000635788 0.00129349
27.02 0.235691 0.236024 0.22553 0.000106634 -2.47571e-05 0.00107763
27.04 0.235709 0.236021 0.225571 0.000434922 -7.37881e-05 0.00102545
27.06 0.235755 0.236047 0.225619 0.00115143 0.000658145 0.00121718
27.08 0.235831 0.236124 0.22568 0.00191033 0.00191889 0.00151889
27.1 0.235928 0.236252 0.225749 0.00242141 0.00319678 0.00172498
27.12 0.236033 0.236412 0.22582 0.00263469 0.00401385 0.00176293
27.14 0.236144 0.23658 0.225891 0.00275049 0.00418106 0.00177364
27.16 0.236264 0.236734 0.22597 0.00301312 0.00386447 0.00199474
27.18 0.236402 0.236872 0.226072 0.00344915 0.00343759 0.00254838
27.2 0.236555 0.237001 0.226204 0.0038138 0.00323552 0.00328912
27.22 0.236707 0.237137 0.226358 0.0038152 0.00340532 0.00385107
27.24 0.236843 0.237294 0.226514 0.00338469 0.00392865 0.00388713
27.26 0.236953 0.237482 0.226647 0.00275305 0.00467917 0.0033318
27.28 0.237045 0.237699 0.226746 0.00230069 0.00542721 0.00247611
27.3 0.237137 0.237935 0.226818 0.00231529 0.00591063 0.00179527
27.32 0.23725 0.238175 0.226884 0.00280568 0.00599013 0.00166884
27.34 0.237389 0.238403 0.226972 0.00347501 0.00571277 0.00218183
27.36 0.237544 0.238613 0.227096 0.00389814 0.00523334 0.00310151
27.38 0.237696 0.238801 0.227256 0.00378635 0.00472174 0.00400522
27.4 0.237822 0.238974 0.227435 0.00315141 0.00431729 0.00448314
27.42 0.237913 0.239138 0.227608 0.00228709 0.0041015 0.00433015
27.44 0.237978 0.239302 0.227754 0.00160847 0.00409865 0.00363376
27.46 0.238035 0.239473 0.227862 0.00142689 0.0042803 0.002702
27.48 0.238105 0.239655 0.227937 0.00176287 0.00454002 0.00187741
27.5 0.238199 0.239843 0.227991 0.00232982 0.00470173 0.00135419
27.52 0.238307 0.240027 0.228035 0.00271821 0.00459797 0.00110423
27.54 0.238414 0.240193 0.228074 0.00266706 0.00416292 0.000966951
27.56 0.238504 0.240333 0.228107 0.00223973 0.00347842 0.000819168
27.58 0.238575 0.240443 0.228134 0.00178055 0.00276574 0.000680847
27.6 0.238641 0.240535 0.228161 0.00165876 0.00229198 0.000686446
27.62 0.23872 0.240623 0.2282 0.0019758 0.00219739 0.000960717
27.64 0.23882 0.240718 0.22826 0.00248864 0.00238511 0.00150023
27.66 0.238932 0.240821 0.228346 0.00281134 0.00258343 0.00214699
27.68 0.239041 0.240922 0.228452 0.00271393 0.00252063 0.00265899
27.7 0.239133 0.241007 0.228566 0.00230137 0.00211145 0.00285257
27.72 0.239211 0.241067 0.228675 0.00194964 0.00150902 0.00271812
27.74 0.239292 0.241105 0.228771 0.00202997 0.000956567 0.00240644
27.76 0.239397 0.24113 0.228855 0.00262704 0.000624534 0.00210329
27.78 0.239536 0.241153 0.228931 0.00347352 0.000568788 0.00190322
27.8 0.2397 0.241183 0.229003 0.00410735 0.000743821 0.00178986
27.82 0.239865 0.241224 0.229072 0.00411651 0.00103661 0.00172162
27.84 0.24 0.241278 0.229141 0.00338331 0.0013396 0.00172431
27.86 0.240089 0.241342 0.229217 0.00221114 0.0016036 0.0019019
27.88 0.240136 0.241414 0.229311 0.00118796 0.00180807 0.00234306
27.9 0.24017 0.24149 0.22943 0.000837851 0.00188933 0.00298796
27.92 0.240222 0.241559 0.229573 0.00130463 0.00172486 0.00356769
27.94 0.240313 0.241608 0.229722 0.00228763 0.00122821 0.00371626
27.96 0.240443 0.241627 0.22985 0.00323967 0.00047116 0.003214
27.98 0.24059 0.241615 0.229937 0.00366648 -0.000291745 0.00217495
28 0.240724 0.241586 0.229977 0.00336605 -0.000732177 0.00100705
28.02 0.240824 0.241561 0.229985 0.00249516 -0.000630486 0.000194114
28.04 0.240882 0.241559 0.229988 0.00144638 -3.42834e-05 5.7741e-05
28.06 0.240908 0.241589 0.230012 0.000638962 0.000731087 0.000606749
28.08 0.240921 0.241639 0.230073 0.000333255 0.00125655 0.00151807
28.1 0.240943 0.241691 0.230164 0.000543744 0.00131124 0.00229491
28.12 0.240986 0.24173 0.230267 0.00107488 0.000968719 0.00256156
28.14 0.241051 0.241751 0.230357 0.00164282 0.000524899 0.00226782
28.16 0.241132 0.241763 0.230424 0.00200661 0.000286014 0.0016588
28.18 0.241213 0.241778 0.230467 0.00203315 0.000389346 0.00108258
28.2 0.241282 0.241809 0.230499 0.00171803 0.000764913 0.000801975
28.22 0.24133 0.241857 0.230535 0.0011991 0.00121731 0.000895439
28.24 0.241359 0.241919 0.230585 0.000729004 0.00155171 0.00124491
28.26 0.241381 0.241987 0.230649 0.000561033 0.00167889 0.00161116
28.28 0.241413 0.242052 0.23072 0.000801936 0.00163861 0.00175832
28.3 0.241467 0.242113 0.230783 0.00133963 0.00153213 0.00157742
28.32 0.241543 0.24217 0.230829 0.00189382 0.00142405 0.00116633
28.34 0.241629 0.242223 0.230862 0.00217148 0.00132129 0.00081013
28.36 0.241711 0.242272 0.230895 0.00204204 0.00121681 0.000839979
28.38 0.241776 0.242317 0.230953 0.00161902 0.00112916 0.00143947
28.4 0.241823 0.242362 0.231053 0.00118475 0.00111856 0.00251339
28.42 0.241864 0.242412 0.231202 0.00101682 0.00126528 0.00370956
28.44 0.241914 0.242476 0.231386 0.00123932 0.00159712 0.00459614
28.46 0.241984 0.242557 0.231581 0.00175006 0.0020041 0.00488676
28.48 0.242074 0.242647 0.231763 0.00224856 0.00225583 0.00455128
28.5 0.242169 0.242733 0.231913 0.002389 0.00215892 0.00375427
28.52 0.242249 0.242803 0.232023 0.00200732 0.00174059 0.00273568
28.54 0.2423 0.242854 0.232093 0.00127064 0.00129294 0.00175937
28.56 0.242324 0.242902 0.232137 0.000606899 0.00119377 0.00109762
28.58 0.242343 0.242967 0.232176 0.000463911 0.00162352 0.000974989
28.6 0.242385 0.243064 0.232234 0.00105024 0.00241492 0.00145941
28.62 0.242472 0.24319 0.232329 0.00217945 0.0031521 0.00237421
28.64 0.242605 0.243327 0.232463 0.00331828 0.00344147 0.00333563
28.66 0.24276 0.243455 0.23262 0.00387009 0.00318605 0.00393612
28.68 0.242902 0.243561 0.232779 0.00354484 0.00266093 0.00397085
28.7 0.243003 0.243654 0.23292 0.00253957 0.00231556 0.00352434
28.72 0.243059 0.243752 0.233034 0.00139253 0.00245067 0.00284947
28.74 0.243085 0.243872 0.233121 0.000644819 0.00299976 0.00217513
28.76 0.243107 0.244016 0.233185 0.000567346 0.00358791 0.0015998
28.78 0.243151 0.244168 0.233229 0.00110003 0.00381622 0.00110835
28.8 0.243229 0.24431 0.233257 0.00194648 0.0035455 0.000686828
28.82 0.243338 0.244429 0.233274 0.00272395 0.00298232 0.000435951
28.84 0.243463 0.24453 0.233296 0.00313224 0.00252735 0.000539122
28.86 0.243587 0.24463 0.233339 0.00308294 0.0025015 0.00106973
28.88 0.243694 0.244748 0.233412 0.00269243 0.0029388 0.00183152
28.9 0.24378 0.244892 0.23351 0.00214434 0.00359334 0.0024442
28.92 0.243843 0.245057 0.233615 0.00157011 0.00413427 0.00262004
28.94 0.243885 0.245231 0.233709 0.00104868 0.00434332 0.00235941
28.96 0.243912 0.245399 0.233785 0.000675422 0.00419387 0.00189175
28.98 0.243935 0.245551 0.233843 0.000571155 0.00381737 0.00145732
29 0.243966 0.245688 0.233888 0.000785107 0.00340886 0.00113046
29.02 0.244015 0.245813 0.233921 0.00122292 0.00312456 0.000811764
29.04 0.244083 0.245934 0.233936 0.0016953 0.00302759 0.000377436
29.06 0.244164 0.246058 0.23393 0.00203477 0.00310438 -0.000144882
29.08 0.244252 0.24619 0.233909 0.00218133 0.0033072 -0.000510482
29.1 0.244339 0.246333 0.233894 0.00218958 0.00356874 -0.000387676
29.12 0.244426 0.246484 0.233909 0.00216127 0.00378863 0.000380854
29.14 0.244512 0.246638 0.233973 0.00214672 0.00384637 0.00159268
29.16 0.244596 0.246785 0.234083 0.00211415 0.00365944 0.00274935
29.18 0.244677 0.246915 0.234217 0.00203263 0.00325618 0.00335952
29.2 0.244756 0.247027 0.234348 0.00196828 0.00279659 0.00326416
29.22 0.244839 0.247126 0.234457 0.00207476 0.00248652 0.00272206
29.24 0.244937 0.247223 0.234544 0.00245944 0.00242399 0.00218933
29.26 0.245059 0.247324 0.234624 0.00303224 0.00251919 0.00198732
29.28 0.245198 0.247427 0.234708 0.00347796 0.00257279 0.00211451
29.3 0.245335 0.247524 0.234801 0.00343538 0.00243139 0.00231534
29.32 0.245446 0.247607 0.234894 0.00275867 0.00208313 0.00232386
29.34 0.245512 0.247674 0.234978 0.00166293 0.00165268 0.00210801
29.36 0.245538 0.247726 0.235055 0.000657637 0.00131589 0.0019277
29.38 0.245549 0.247773 0.235141 0.000271831 0.00117807 0.00213268
29.4 0.245578 0.247822 0.235255 0.000715907 0.00120917 0.00285112
29.42 0.245646 0.247873 0.235408 0.00171134 0.00129418 0.00382941
29.44 0.245752 0.247927 0.235591 0.00263754 0.00134087 0.00457592
29.46 0.245869 0.24798 0.235778 0.00293664 0.00133333 0.00468541
29.48 0.245969 0.248032 0.235942 0.00248567 0.00128934 0.00408764
29.5 0.246035 0.24808 0.236065 0.00165528 0.00119624 0.00307141
29.52 0.246076 0.248121 0.236148 0.0010161 0.00102097 0.00208761
29.54 0.246112 0.248151 0.236207 0.000918564 0.000767538 0.0014708
29.56 0.246164 0.248171 0.236259 0.00128172 0.000495337 0.0012879
29.58 0.246233 0.248183 0.236314 0.0017339 0.000298582 0.00139942
29.6 0.24631 0.248194 0.236379 0.00193357 0.000271402 0.0016208
29.62 0.246382 0.248212 0.236452 0.00179985 0.000446611 0.00182732
29.64 0.246443 0.248242 0.236531 0.00152526 0.000743091 0.00197465
29.66 0.2465 0.248282 0.236614 0.00140783 0.00100003 0.00207284
29.68 0.246565 0.248325 0.2367 0.00162098 0.00108975 0.0021311
29.7 0.246648 0.248365 0.236784 0.00207612 0.000991919 0.00211277
29.72 0.246747 0.248396 0.236861 0.00249074 0.000767225 0.00193458
29.74 0.246851 0.248416 0.236922 0.0026067 0.000503393 0.00152514
29.76 0.246947 0.248428 0.23696 0.00238606 0.000311722 0.000929627
29.78 0.247028 0.248442 0.236974 0.00203264 0.000333726 0.000360201
29.8 0.247101 0.248469 0.236978 0.00182055 0.000675761 9.98554e-05
29.82 0.247177 0.248521 0.236991 0.00188732 0.00131399 0.000312126
29.84 0.247263 0.248604 0.237028 0.00216405 0.0020804 0.000928253
29.86 0.247361 0.248714 0.237095 0.00245274 0.00273858 0.00169311
29.88 0.247463 0.248837 0.237187 0.00255405 0.00306847 0.00230181
29.9 0.247559 0.248955 0.23729 0.00239907 0.00295973 0.00255428
29.92 0.247643 0.249054 0.237388 0.00209316 0.00248027 0.00244711
29.94 0.247716 0.249128 0.237473 0.00182524 0.00185666 0.00213852
29.96 0.247786 0.249184 0.237547 0.00174944 0.00138737 0.00184146
29.98 0.247863 0.249237 0.237616 0.00192117 0.00131802 0.00173603
30 0.247954 0.249306 0.237693 0.00227549 0.00173777 0.00191624
30.02 0.24806 0.249408 0.237787 0.00264455 0.00254248 0.00234605
30.04 0.248173 0.249546 0.237901 0.00283855 0.00346357 0.00285287
30.06 0.248284 0.249714 0.238029 0.00277181 0.004185 0.00321542
30.08 0.248385 0.249894 0.238162 0.00252146 0.00449585 0.00330385
30.1 0.248475 0.250068 0.238287 0.00226147 0.00436162 0.00314598
30.12 0.248561 0.250224 0.238402 0.0021413 0.00388946 0.00286071
30.14 0.248648 0.250354 0.238504 0.00218425 0.00326528 0.00255021
30.16 0.248739 0.250463 0.238595 0.00227234 0.00272392 0.00226822
30.18 0.248829 0.250563 0.238677 0.00224552 0.00248876 0.0020564
30.2 0.248911 0.250668 0.238756 0.00204172 0.00263065 0.00197219
30.22 0.248982 0.250787 0.238839 0.0017703 0.00297711 0.00207469
30.24 0.249047 0.250916 0.238933 0.00163582 0.00322321 0.00235842
30.26 0.249117 0.251043 0.239041 0.00175428 0.00317195 0.00269998
30.28 0.249199 0.251158 0.239157 0.00203355 0.00287254 0.0028913
30.3 0.249288 0.251259 0.239268 0.00223968 0.00253719 0.00277234
30.32 0.249375 0.251354 0.239362 0.00218015 0.00236806 0.00235819
30.34 0.249449 0.251452 0.239435 0.00183871 0.00244587 0.00182519
30.36 0.249504 0.251559 0.23949 0.0013753 0.00268853 0.0013674
30.38 0.249545 0.251675 0.239533 0.00102547 0.00288536 0.00107515
30.4 0.249584 0.251788 0.23957 0.000966204 0.00282829 0.000946911
30.42 0.249633 0.251886 0.239609 0.00122825 0.00244719 0.000964282
30.44 0.249701 0.25196 0.239654 0.00169373 0.00184254 0.00112003
30.46 0.249787 0.252009 0.239709 0.00216651 0.00123494 0.00138242
30.48 0.249887 0.252044 0.239776 0.00250097 0.000868815 0.00166796
30.5 0.249996 0.252079 0.239851 0.00270729 0.000883485 0.00187531
30.52 0.250112 0.252129 0.239928 0.00290367 0.00123791 0.00193697
30.54 0.250237 0.252199 0.240002 0.00312269 0.00176295 0.00183684
30.56 0.250364 0.25229 0.240066 0.00318711 0.00227837 0.0016094
30.58 0.250477 0.252396 0.24012 0.00282603 0.00264935 0.00134032
30.6 0.250555 0.252507 0.240165 0.00193607 0.00277372 0.00113859
30.62 0.250585 0.252611 0.240209 0.000756068 0.00260634 0.00107994
30.64 0.250577 0.252701 0.240256 -0.000183574 0.00224689 0.00117776
30.66 0.250563 0.25278 0.240312 -0.000348506 0.00196187 0.00139969
30.68 0.25058 0.252861 0.240379 0.000418262 0.00203903 0.00169355
30.7 0.250649 0.252963 0.240459 0.00170892 0.00255256 0.00198488
30.72 0.250759 0.253093 0.240546 0.00276562 0.00324095 0.00216797
30.74 0.250878 0.253239 0.240631 0.00296399 0.00363666 0.00213721
30.76 0.250966 0.253374 0.240706 0.00221022 0.00339431 0.0018659
30.78 0.251005 0.253476 0.240765 0.000982612 0.00255402 0.00147391
30.8 0.251006 0.253538 0.240813 2.02496e-05 0.00153125 0.00120411
30.82 0.251001 0.253572 0.240865 -0.000127362 0.000862232 0.00129377
30.84 0.251024 0.253608 0.240937 0.000575208 0.000889567 0.00180763
30.86 0.25109 0.25367 0.241039 0.00164398 0.00156098 0.0025511
30.88 0.251186 0.253769 0.241165 0.00241035 0.00245768 0.00316217
30.9 0.251285 0.253891 0.241298 0.00247255 0.00306693 0.00332852
30.92 0.251362 0.254016 0.241417 0.00192118 0.00312007 0.00296861
30.94 0.25141 0.254125 0.241507 0.00120641 0.0027232 0.00225249
30.96 0.251443 0.254213 0.241566 0.000813363 0.00219791 0.00147743
30.98 0.251482 0.254285 0.241603 0.000966198 0.00180605 0.000910942
31 0.251542 0.254348 0.241631 0.00151705 0.00158321 0.000692772
31.02 0.251626 0.254404 0.241664 0.0020835 0.00137838 0.000829262
31.04 0.25172 0.254446 0.241715 0.00234888 0.00106321 0.00127124
31.06 0.251811 0.254475 0.241794 0.00228176 0.000726341 0.0019834
31.08 0.251894 0.2545 0.24191 0.00208735 0.000623065 0.00289511
31.1 0.251974 0.254536 0.242061 0.00198431 0.000910723 0.00378016
31.12 0.252055 0.254596 0.242231 0.00202746 0.00148284 0.00424531
31.14 0.252139 0.254678 0.242388 0.00210573 0.00204333 0.00392656
31.16 0.252223 0.25477 0.242499 0.00208903 0.0023111 0.00277928
31.18 0.252302 0.254858 0.242548 0.00198385 0.00219366 0.00121998
31.2 0.25238 0.254931 0.242546 0.00194392 0.00182814 -4.03169e-05
31.22 0.252464 0.254989 0.242529 0.00210968 0.00146186 -0.000417032
31.24 0.252562 0.255039 0.242536 0.00243974 0.00125381 0.000175351
31.26 0.25267 0.255087 0.242589 0.00271647 0.00118861 0.0013043
31.28 0.252779 0.255134 0.242683 0.00272799 0.00117854 0.0023554
31.3 0.252877 0.255182 0.2428 0.00245011 0.00120304 0.00292991
31.32 0.252961 0.255236 0.242921 0.00207882 0.0013305 0.00301763
31.34 0.253036 0.2553 0.243036 0.00188668 0.00160477 0.00287615
31.36 0.253117 0.255377 0.243147 0.00201902 0.00192145 0.00277663
31.38 0.253212 0.255459 0.24326 0.0023834 0.00205656 0.00281616
31.4 0.253321 0.255534 0.243375 0.0027148 0.00186941 0.00289124
31.42 0.253433 0.255593 0.243488 0.0027966 0.00148647 0.0028184
31.44 0.253539 0.255643 0.243588 0.00264971 0.00125872 0.00250991
31.46 0.253638 0.255703 0.24367 0.00247657 0.00148617 0.00205137
31.48 0.253734 0.255789 0.243735 0.0024202 0.00214939 0.00160443
31.5 0.253831 0.255905 0.243785 0.00241711 0.00289438 0.00125898
31.52 0.253922 0.256036 0.243825 0.00227992 0.00328706 0.00100698
31.54 0.253998 0.25616 0.243859 0.00188803 0.00311008 0.000844873
31.56 0.25405 0.25626 0.243892 0.00130575 0.00248587 0.000835527
31.58 0.254081 0.256331 0.243934 0.000772434 0.00177754 0.00102793
31.6 0.254104 0.256385 0.243988 0.000572034 0.00134945 0.0013594
31.62 0.254137 0.256439 0.244055 0.000833608 0.00134442 0.00167428
31.64 0.254193 0.256504 0.244128 0.00140131 0.00163218 0.00182423
31.66 0.25427 0.256582 0.244198 0.00191297 0.00194759 0.00175287
31.68 0.254351 0.256666 0.244259 0.00204085 0.00209872 0.00153089
31.7 0.254419 0.256749 0.244312 0.00169837 0.00208296 0.00132504
31.72 0.254462 0.256831 0.244364 0.0010657 0.00203741 0.00129393
31.74 0.25448 0.256915 0.244423 0.000449943 0.00210322 0.00147449
31.76 0.254484 0.257007 0.244493 0.000112664 0.00230754 0.00175284
31.78 0.254491 0.257109 0.244571 0.000162056 0.00253533 0.00193805
31.8 0.254512 0.257213 0.244646 0.000526781 0.00260577 0.00187618
31.82 0.254552 0.25731 0.244707 0.001004 0.00242491 0.00154139
31.84 0.254607 0.257394 0.24475 0.00136986 0.00209764 0.00107179
31.86 0.254667 0.257468 0.244779 0.00150157 0.00186318 0.000719641
31.88 0.254725 0.257544 0.244808 0.0014399 0.00190515 0.000719162
31.9 0.254778 0.257633 0.244854 0.0013372 0.00220667 0.00115654
31.92 0.254831 0.257735 0.244931 0.00132258 0.00255961 0.00191517
31.94 0.254888 0.257843 0.24504 0.00142684 0.00270148 0.00272718
31.96 0.254953 0.257943 0.245172 0.00161467 0.00248392 0.00330933
31.98 0.255026 0.258021 0.245312 0.00182362 0.00196065 0.00350261
32 0.255105 0.258075 0.245446 0.0019787 0.00134899 0.00334105
32.02 0.255186 0.258111 0.245566 0.00203701 0.000904658 0.00300552
32.04 0.255268 0.258144 0.245674 0.00203052 0.000810462 0.00269123
32.06 0.255349 0.258188 0.245773 0.00204614 0.00111696 0.00249384
32.08 0.255436 0.258257 0.245869 0.00216492 0.00172793 0.00239224
32.1 0.255532 0.258354 0.245961 0.00240581 0.00241394 0.00230378
32.12 0.255641 0.258469 0.246048 0.00271123 0.00287622 0.00216397
32.14 0.25576 0.258584 0.246127 0.00298916 0.00286552 0.0019772
32.16 0.255887 0.258676 0.246199 0.00316792 0.00231804 0.00181173
32.18 0.256016 0.258734 0.24627 0.00322013 0.00143315 0.00176108
32.2 0.256141 0.258758 0.246346 0.00314064 0.000606709 0.00190139
32.22 0.256259 0.258768 0.246436 0.00294114 0.000241928 0.00224876
32.24 0.256366 0.258789 0.246544 0.00266669 0.000539977 0.00271668
32.26 0.256461 0.258844 0.246669 0.00238222 0.00137118 0.00310869
32.28 0.256547 0.258937 0.246796 0.00215894 0.00232433 0.0031857
32.3 0.25663 0.259054 0.246909 0.00207605 0.00291899 0.00281788
32.32 0.256718 0.259169 0.246993 0.00219312 0.00287639 0.00210607
32.34 0.256817 0.259261 0.247047 0.0024858 0.00230235 0.00134136
32.36 0.25693 0.259326 0.24708 0.00281042 0.00163107 0.000822598
32.38 0.257049 0.259379 0.247107 0.00297295 0.00132137 0.000682622
32.4 0.257163 0.25944 0.247141 0.00285704 0.00153216 0.00084301
32.42 0.257263 0.259522 0.247184 0.00249443 0.00204375 0.00108794
32.44 0.257344 0.259621 0.247232 0.00203239 0.00247416 0.00119889
32.46 0.25741 0.259725 0.247276 0.00165174 0.00260605 0.00108309
32.48 0.25747 0.259827 0.247308 0.00149009 0.00254613 0.000819884
32.5 0.257533 0.25993 0.247332 0.00156642 0.00258583 0.000586076
32.52 0.257602 0.260047 0.247353 0.00174463 0.00290984 0.000518104
32.54 0.257674 0.260184 0.247377 0.00179936 0.00341895 0.000611851
32.56 0.257737 0.260336 0.247406 0.00157494 0.00380199 0.000736228
32.58 0.257782 0.260487 0.247437 0.00112234 0.00378485 0.000762457
32.6 0.257809 0.260621 0.247465 0.000675118 0.00335551 0.00069991
32.62 0.257829 0.260733 0.247493 0.000494459 0.00279992 0.000692217
32.64 0.257857 0.260834 0.247527 0.00071277 0.00252448 0.000869171
32.66 0.257908 0.260945 0.247576 0.0012545 0.00276791 0.00121741
32.68 0.257982 0.261082 0.24764 0.00186251 0.00341376 0.00159459
32.7 0.258071 0.261244 0.247714 0.00223135 0.00407333 0.00185241
32.72 0.258159 0.26142 0.247792 0.00218448 0.00437557 0.00195479
32.74 0.258231 0.261588 0.247872 0.00180371 0.00420266 0.00199784
32.76 0.258287 0.261735 0.247957 0.00139064 0.00367665 0.0021176
32.78 0.258336 0.261855 0.248052 0.00123864 0.00299754 0.00236897
32.8 0.258393 0.261948 0.248159 0.00141246 0.00234481 0.00269093
32.82 0.258462 0.262023 0.248279 0.00173105 0.00187291 0.00298783
32.84 0.258539 0.262091 0.248408 0.00193027 0.00168638 0.00322267
32.86 0.258613 0.262162 0.248544 0.0018563 0.00178668 0.0034159
32.88 0.258676 0.262245 0.248688 0.00157095 0.00206314 0.00358921
32.9 0.258728 0.262339 0.248837 0.00129183 0.00234982 0.00372376
32.92 0.258776 0.262439 0.248987 0.00120626 0.00250724 0.00374653
32.94 0.258829 0.262538 0.249129 0.00131685 0.00247824 0.00355438
32.96 0.258887 0.26263 0.249253 0.00145848 0.00229591 0.00309512
32.98 0.258945 0.262711 0.24935 0.00145242 0.00203267 0.00243088
33 0.258995 0.262781 0.249418 0.00124594 0.0017348 0.00171564
33.02 0.259033 0.262837 0.249464 0.000946646 0.00140638 0.00113835
33.04 0.259064 0.262879 0.249499 0.000774757 0.00104637 0.000878119
33.06 0.259101 0.262906 0.24954 0.000930796 0.000691309 0.00102818
33.08 0.259158 0.262923 0.249601 0.00141847 0.000423554 0.0015064
33.1 0.259237 0.262937 0.249683 0.00198834 0.000344185 0.00206031
33.12 0.259329 0.262958 0.249779 0.00230081 0.000517681 0.00239396
33.14 0.259417 0.262994 0.249872 0.00218201 0.0009094 0.00232332
33.16 0.259487 0.263048 0.249946 0.00175176 0.00135386 0.00185591
33.18 0.259539 0.263113 0.249992 0.00131593 0.0016165 0.00115631
33.2 0.259585 0.263175 0.25001 0.0011489 0.00156036 0.000455722
33.22 0.259639 0.263227 0.25001 0.00134025 0.00128557 -7.97977e-06
33.24 0.25971 0.26327 0.250008 0.001783 0.00107724 -4.8236e-05
33.26 0.259801 0.263317 0.250023 0.00227231 0.00116482 0.000361682
33.28 0.259907 0.263377 0.250063 0.00264384 0.00150789 0.00102046
33.3 0.260021 0.26345 0.250127 0.00285838 0.00182392 0.00158215
33.32 0.260139 0.263523 0.250197 0.00295183 0.00183003 0.00176223
33.34 0.260257 0.263582 0.250258 0.00293696 0.00147929 0.0015291
33.36 0.260368 0.263622 0.250304 0.00279049 0.00100482 0.00113546
33.38 0.260469 0.263653 0.250342 0.00250662 0.00076031 0.000947405
33.4 0.260554 0.263692 0.25039 0.00214437 0.000967564 0.00120153
33.42 0.260628 0.263753 0.250465 0.00184152 0.00154196 0.00187174
33.44 0.260699 0.263839 0.250573 0.00176011 0.00214546 0.00270473
33.46 0.260777 0.263936 0.250707 0.00196826 0.002427 0.00336062
33.48 0.260872 0.264026 0.25085 0.00237431 0.00225323 0.00357248
33.5 0.260983 0.264097 0.25098 0.00277867 0.00177024 0.00325865
33.52 0.261103 0.264148 0.251082 0.00298362 0.00128479 0.00254789
33.54 0.261218 0.26419 0.251151 0.00289137 0.0010474 0.00171073
33.56 0.26132 0.264234 0.251192 0.0025396 0.00108969 0.00104214
33.58 0.261403 0.264284 0.251223 0.00207133 0.00125525 0.0007611
33.6 0.26147 0.264339 0.25126 0.00167198 0.00138292 0.00093527
33.62 0.261529 0.264397 0.251318 0.00149229 0.00142911 0.00143914
33.64 0.261593 0.264454 0.251398 0.00158067 0.00144414 0.00201417
33.66 0.261667 0.264514 0.251496 0.00185294 0.00149343 0.00243082
33.68 0.261752 0.264578 0.251601 0.00212823 0.00159537 0.00262099
33.7 0.261842 0.264646 0.251707 0.00224447 0.00169594 0.00267081
33.72 0.261928 0.264714 0.251816 0.00217013 0.00169731 0.00271272
33.74 0.262009 0.264776 0.251929 0.0020213 0.00155304 0.00282491
33.76 0.262088 0.26483 0.252048 0.00197616 0.00135196 0.00298832
33.78 0.262174 0.264881 0.252172 0.00214675 0.00126953 0.00308677
33.8 0.262274 0.264937 0.252291 0.00250199 0.00140521 0.0029716
33.82 0.26239 0.265004 0.252394 0.00288611 0.00167854 0.00258384
33.84 0.262514 0.26508 0.252475 0.00310342 0.0019056 0.00202112
33.86 0.262635 0.265159 0.252534 0.00302187 0.0019595 0.00148422
33.88 0.262741 0.265233 0.252581 0.0026555 0.00186846 0.00116686
33.9 0.262828 0.265305 0.252628 0.0021797 0.00180322 0.0011791
33.92 0.262902 0.265384 0.252689 0.00185709 0.00196298 0.00151666
33.94 0.262977 0.26548 0.252771 0.00187191 0.00239988 0.002055
33.96 0.263065 0.265597 0.252875 0.00218446 0.00293148 0.00258873
33.98 0.263167 0.265727 0.25299 0.00255758 0.00325497 0.00289833
34 0.263276 0.265854 0.253103 0.00273615 0.00317375 0.00282266
34.02 0.263381 0.265965 0.253196 0.00260811 0.00275835 0.00232582
34.04 0.263471 0.266059 0.253258 0.00224676 0.00234736 0.00153867
34.06 0.263545 0.266152 0.253287 0.00185793 0.00234129 0.000727976
34.08 0.263611 0.266268 0.253294 0.00164897 0.0028832 0.000180456
34.1 0.263678 0.266416 0.253297 0.00168521 0.00371601 6.51044e-05
34.12 0.263753 0.266592 0.253311 0.00187253 0.00439426 0.0003583
34.14 0.263836 0.266777 0.253346 0.0020801 0.00463632 0.000875748
34.16 0.263925 0.266956 0.253402 0.00222534 0.00447543 0.00139966
34.18 0.264015 0.267122 0.253474 0.00224627 0.00414491 0.00179546
34.2 0.264099 0.267277 0.253555 0.00209761 0.00386677 0.00201717
34.22 0.264171 0.267425 0.253637 0.00178671 0.0037064 0.00204984
34.24 0.264225 0.267568 0.253712 0.00136458 0.00358027 0.00187745
34.26 0.264262 0.267704 0.253772 0.000918627 0.00340152 0.00150582
34.28 0.264286 0.267833 0.253813 0.00060733 0.00322332 0.00102549
34.3 0.264311 0.267962 0.253839 0.000612027 0.00322121 0.000645343
34.32 0.26435 0.268102 0.253863 0.000969782 0.00349864 0.000607164
34.34 0.264408 0.268258 0.253903 0.00146949 0.00388525 0.00100313
34.36 0.264479 0.268417 0.25397 0.00176349 0.00398759 0.00166863
34.38 0.264543 0.268558 0.254061 0.00161306 0.00351889 0.00227516
34.4 0.264586 0.268661 0.254164 0.00106164 0.00258578 0.00256096
34.42 0.264602 0.268727 0.254264 0.000415052 0.00164739 0.00251252
34.44 0.264603 0.268776 0.254359 1.52718e-05 0.00122339 0.00236886
34.46 0.264603 0.268839 0.254456 -1.44815e-05 0.00157261 0.00243211
34.48 0.26461 0.268938 0.254568 0.00017782 0.00248285 0.00279929
34.5 0.264623 0.269072 0.254699 0.000324112 0.00333325 0.00326366
34.52 0.264632 0.269211 0.254838 0.000247784 0.0034791 0.00348068
34.54 0.264634 0.269318 0.254967 3.05751e-05 0.00268592 0.00323665
34.56 0.264634 0.269369 0.255071 -1.58998e-06 0.00127817 0.00258617
34.58 0.264652 0.269367 0.255142 0.000463641 -5.76417e-05 0.00178768
34.6 0.264708 0.26934 0.255188 0.00140424 -0.00068478 0.00114881
34.62 0.264803 0.269324 0.255224 0.00237315 -0.00040234 0.00088935
34.64 0.264914 0.269342 0.255267 0.00276701 0.000455568 0.00107974
34.66 0.265005 0.269392 0.255333 0.00227465 0.00126359 0.0016436
34.68 0.265051 0.269453 0.255428 0.00115412 0.00152729 0.00238823
34.7 0.265056 0.269501 0.25555 0.000111073 0.00119049 0.00305116
34.72 0.265049 0.269525 0.255685 -0.000153873 0.000606552 0.00337947
34.74 0.265073 0.269534 0.255815 0.000595505 0.000223225 0.00324098
34.76 0.265153 0.269544 0.255924 0.00199382 0.000252378 0.00271603
34.78 0.265287 0.269568 0.256007 0.0033426 0.000585038 0.00208646
34.8 0.265449 0.269606 0.256074 0.0040567 0.000946261 0.00167779
34.82 0.265608 0.26965 0.25614 0.0039865 0.00109933 0.00164371
34.84 0.265746 0.269689 0.256215 0.00345209 0.000985951 0.00187955
34.86 0.265866 0.269719 0.256301 0.00298597 0.000761387 0.0021383
34.88 0.265984 0.269747 0.256389 0.00296228 0.000693414 0.00221516
34.9 0.26612 0.269786 0.256471 0.00338691 0.00097159 0.00204774
34.92 0.266278 0.269849 0.25654 0.00396415 0.00156334 0.00172666
34.94 0.266453 0.269938 0.256598 0.00435098 0.00222512 0.00145217
34.96 0.266629 0.270044 0.256655 0.00440256 0.00266481 0.00141754
34.98 0.266798 0.270153 0.256721 0.00422469 0.00272899 0.00165811
35 0.266959 0.270253 0.256802 0.00403372 0.00247837 0.00200819
35.02 0.267118 0.270338 0.256891 0.00398428 0.00212467 0.00223167
35.04 0.267282 0.270413 0.25698 0.00408945 0.00189218 0.00221441
35.06 0.267452 0.270489 0.257062 0.00425894 0.00189297 0.00205178
35.08 0.267629 0.270572 0.25714 0.00440645 0.00208024 0.00196148
35.1 0.26781 0.270664 0.257224 0.00452882 0.00229434 0.00209163
35.12 0.267996 0.270759 0.257319 0.00466838 0.00238126 0.0023776
35.14 0.268188 0.270851 0.257421 0.00479115 0.00229722 0.00256294
35.16 0.268377 0.270936 0.257517 0.0047265 0.00211673 0.00239121
35.18 0.268549 0.271014 0.25759 0.00428611 0.00196241 0.00182283
35.2 0.268687 0.271091 0.257633 0.00347078 0.00192078 0.00108498
35.22 0.26879 0.271171 0.257654 0.00255379 0.00200238 0.000527231
35.24 0.268867 0.271257 0.257671 0.00193447 0.00214516 0.000407036
35.26 0.268942 0.271346 0.2577 0.00186639 0.00223896 0.000737062
35.28 0.269032 0.271434 0.257751 0.00227166 0.00219473 0.00126262
35.3 0.269143 0.271516 0.257815 0.00277562 0.00203573 0.00160653
35.32 0.269262 0.271592 0.257876 0.00295625 0.00191181 0.00153572
35.34 0.269368 0.271671 0.257923 0.00264584 0.00197879 0.00116047
35.36 0.26945 0.271762 0.257958 0.00205267 0.00225799 0.000877387
35.38 0.269513 0.271866 0.258001 0.00159013 0.00261806 0.0010676
35.4 0.269575 0.271981 0.258072 0.00154743 0.00287376 0.00177817
35.42 0.26965 0.272097 0.258178 0.00186791 0.00290092 0.00265726
35.44 0.269738 0.272205 0.258306 0.00220178 0.00268216 0.00319933
35.46 0.269825 0.272297 0.25843 0.00218245 0.00229638 0.00310236
35.48 0.269894 0.272373 0.25853 0.00171992 0.00190644 0.00248415
35.5 0.269936 0.272441 0.258601 0.00106039 0.00170817 0.00179737
35.52 0.269959 0.272514 0.258661 0.00056391 0.00182692 0.00149614
35.54 0.269975 0.272604 0.258729 0.00040877 0.00223948 0.00170101
35.56 0.269995 0.272715 0.258815 0.000485447 0.00277702 0.00214162
35.58 0.270017 0.272843 0.258912 0.000562082 0.00319902 0.00241435
35.6 0.270038 0.272975 0.259004 0.000528744 0.00330177 0.00230276
35.62 0.270057 0.273096 0.25908 0.000462953 0.00301806 0.00190859
35.64 0.270077 0.273194 0.259142 0.000510161 0.00245493 0.00154195
35.66 0.270107 0.273267 0.259201 0.000751836 0.00183929 0.00148452
35.68 0.270154 0.273323 0.259273 0.0011526 0.00139492 0.00180623
35.7 0.270216 0.273373 0.259368 0.00157168 0.00123825 0.00235847
35.72 0.270289 0.273427 0.259484 0.00182042 0.0013656 0.0029177
35.74 0.270359 0.273496 0.259617 0.00175065 0.00172503 0.00332104
35.76 0.270413 0.273587 0.259756 0.00133725 0.00225838 0.00348125
35.78 0.270442 0.2737 0.25989 0.000721201 0.00284568 0.00334729
35.8 0.270448 0.273831 0.260007 0.000161536 0.0032743 0.00290922
35.82 0.270443 0.273966 0.260097 -0.000121831 0.00335755 0.00225179
35.84 0.27044 0.27409 0.26016 -7.1195e-05 0.00310893 0.00157862
35.86 0.270449 0.274201 0.260205 0.000222323 0.00276381 0.00111981
35.88 0.270473 0.274305 0.260244 0.000598948 0.00260719 0.000977961
35.9 0.270509 0.274416 0.260286 0.00089569 0.00276685 0.00106308
35.92 0.270549 0.274541 0.260334 0.00099451 0.00313307 0.00119229
35.94 0.270584 0.274678 0.260385 0.000871105 0.00343634 0.00126552
35.96 0.270608 0.274815 0.260439 0.0006222 0.00342579 0.00135298
35.98 0.270625 0.274938 0.260503 0.000411707 0.00305873 0.00161492
36 0.27064 0.275041 0.260588 0.000375925 0.00257064 0.00212043
36.02 0.270662 0.275134 0.260697 0.000562303 0.00232448 0.00271847
36.04 0.270699 0.275235 0.26082 0.00090354 0.00254093 0.00308227
36.06 0.270747 0.27536 0.260937 0.00122094 0.00312345 0.00291603
36.08 0.270799 0.275508 0.261024 0.0012986 0.0037053 0.0021779
36.1 0.270841 0.275664 0.26107 0.00102934 0.00388239 0.00116188
36.12 0.270862 0.275803 0.261085 0.000545092 0.00347797 0.000372619
36.14 0.270871 0.27591 0.261095 0.000203287 0.00268111 0.000234165
36.16 0.270885 0.275988 0.261127 0.000362175 0.00195595 0.000809131
36.18 0.270929 0.276058 0.261197 0.00108947 0.00174632 0.00175393
36.2 0.271011 0.276144 0.261299 0.00205963 0.00215211 0.00253823
36.22 0.271121 0.276258 0.261409 0.00274784 0.00283531 0.00276476
36.24 0.271232 0.276388 0.261505 0.00278359 0.00325353 0.002401
36.26 0.27132 0.276509 0.261577 0.00219436 0.00302924 0.0017925
36.28 0.271376 0.276597 0.261634 0.00139195 0.00219194 0.00142971
36.3 0.271413 0.276643 0.261698 0.000927135 0.00116482 0.00159883
36.32 0.271458 0.276664 0.261785 0.00113414 0.000517136 0.00217642
36.34 0.271534 0.276688 0.261895 0.00190795 0.000614149 0.00273656
36.36 0.271647 0.276743 0.26201 0.00280399 0.00137267 0.00288111
36.38 0.271781 0.276836 0.262111 0.00336864 0.00231058 0.00252697
36.4 0.271918 0.276951 0.262188 0.00342777 0.00287159 0.00193075
36.42 0.272044 0.277062 0.262247 0.00314476 0.00277475 0.00147142
36.44 0.272158 0.277148 0.262303 0.00285037 0.00215072 0.00139254
36.46 0.27227 0.277204 0.26237 0.00279915 0.00141406 0.00167761
36.48 0.272392 0.277243 0.262454 0.00303368 0.000970806 0.00209899
36.5 0.272528 0.277282 0.26255 0.00340745 0.000965317 0.00239278
36.52 0.272676 0.277331 0.262647 0.00369459 0.00123464 0.00244352
36.54 0.272825 0.277391 0.262741 0.00372267 0.00148999 0.00234857
36.56 0.272964 0.277453 0.262833 0.00348632 0.00154972 0.00229526
36.58 0.273091 0.277509 0.262928 0.00317986 0.00141986 0.00236019
36.6 0.273215 0.277558 0.263025 0.0031004 0.0012157 0.0024473
36.62 0.273353 0.2776 0.263122 0.00345022 0.00105614 0.00241628
36.64 0.27352 0.277641 0.263212 0.00417755 0.00102654 0.00224528
36.66 0.27372 0.277689 0.263294 0.00498907 0.00118113 0.00205634
36.68 0.273941 0.27775 0.263374 0.00552561 0.00152325 0.00199721
36.7 0.274163 0.277829 0.263458 0.00555693 0.00197966 0.00208739
36.72 0.274367 0.277925 0.263544 0.00508249 0.00241401 0.00215578
36.74 0.27454 0.278032 0.263622 0.00433839 0.00266737 0.00195133
36.76 0.274688 0.278137 0.263677 0.00370674 0.00262472 0.00137705
36.78 0.274829 0.278229 0.263703 0.00350593 0.00230834 0.000656006
36.8 0.27498 0.278306 0.263713 0.00377787 0.00191724 0.000236567
36.82 0.27515 0.278375 0.263731 0.00426466 0.0017159 0.00046129
36.84 0.275334 0.278448 0.263782 0.00459289 0.00182824 0.00127435
36.86 0.275514 0.278533 0.263872 0.0045114 0.00213938 0.00223874
36.88 0.275676 0.278629 0.263986 0.00403613 0.00239538 0.00286025
36.9 0.275813 0.278725 0.264103 0.00343076 0.00240305 0.0029281
36.92 0.275934 0.278812 0.264207 0.00301883 0.00218056 0.00258483
36.94 0.276052 0.27889 0.264292 0.00294206 0.00193591 0.00214075
36.96 0.276174 0.278965 0.264365 0.00306736 0.00187941 0.00182837
36.98 0.276299 0.279047 0.264432 0.00311094 0.00204284 0.00166586
37 0.276413 0.279138 0.264493 0.00286051 0.00227961 0.00151576
37.02 0.276506 0.279235 0.264544 0.00233428 0.00243632 0.00129546
37.04 0.276577 0.279335 0.26459 0.00176906 0.0024967 0.00113669
37.06 0.276635 0.279437 0.264641 0.00145676 0.0025533 0.00128753
37.08 0.276697 0.279544 0.264715 0.00154558 0.00266275 0.00183611
37.1 0.276774 0.279653 0.264817 0.00192943 0.00273814 0.00255476
37.12 0.276866 0.279757 0.264938 0.00229587 0.00259183 0.00303812
37.14 0.276958 0.279842 0.265059 0.00230371 0.00212334 0.00301094
37.16 0.27703 0.279901 0.26516 0.00179227 0.00148252 0.00252681
37.18 0.277066 0.279942 0.265236 0.000898304 0.00101015 0.00190939
37.2 0.277066 0.279981 0.265297 -1.07357e-05 0.000985938 0.00151668
37.22 0.277043 0.280038 0.265357 -0.000554962 0.00141397 0.00150723
37.24 0.277021 0.280119 0.265427 -0.000556329 0.00202361 0.00175398
37.26 0.277017 0.280217 0.265506 -0.00011047 0.00244606 0.00196776
37.28 0.277037 0.280313 0.265583 0.000500265 0.00241967 0.00192924
37.3 0.277076 0.28039 0.265648 0.000973425 0.00191251 0.00162553
37.32 0.277121 0.280435 0.265697 0.00112707 0.00113652 0.00121932
37.34 0.277159 0.280453 0.265734 0.00095341 0.000451179 0.000932333
37.36 0.277182 0.280461 0.265771 0.000581039 0.000193437 0.000922336
37.38 0.27719 0.280482 0.26582 0.000185635 0.000510479 0.00120843
37.4 0.277186 0.280532 0.265887 -8.99178e-05 0.00127195 0.0016835
37.42 0.277179 0.280617 0.265974 -0.000187387 0.00211836 0.00218618
37.44 0.277174 0.280723 0.266077 -0.000125565 0.00265568 0.00255807
37.46 0.277176 0.28083 0.266183 6.98161e-05 0.00267061 0.00266572
37.48 0.277192 0.280919 0.26628 0.000392275 0.00221799 0.00242443
37.5 0.277224 0.280982 0.266355 0.000793747 0.00157339 0.00185393
37.52 0.27727 0.281026 0.266399 0.00114669 0.00110152 0.00112191
37.54 0.277322 0.281069 0.26642 0.00130208 0.00107419 0.000501994
37.56 0.277369 0.28113 0.26643 0.00118827 0.00152193 0.000268343
37.58 0.277404 0.281219 0.266454 0.000865258 0.00222751 0.000597995
37.6 0.277424 0.281333 0.266514 0.000493212 0.00285981 0.00149755
37.62 0.277433 0.281459 0.266624 0.000236335 0.00314278 0.00274555
37.64 0.27744 0.281578 0.26678 0.000179523 0.00297913 0.00391089
37.66 0.277453 0.281678 0.266961 0.00031511 0.00250204 0.00451729
37.68 0.277476 0.281759 0.267133 0.000590154 0.00202911 0.00429612
37.7 0.277514 0.281835 0.267267 0.000945127 0.00189723 0.00335301
37.72 0.277567 0.281925 0.267352 0.00132286 0.00223667 0.00212471
37.74 0.277634 0.282039 0.267398 0.0016718 0.00286238 0.00115846
37.76 0.277711 0.282175 0.267432 0.0019361 0.00339822 0.000834482
37.78 0.277793 0.282317 0.267479 0.00203217 0.00353653 0.00118866
37.8 0.277868 0.282446 0.267557 0.00187778 0.00323672 0.00193373
37.82 0.277927 0.282556 0.267662 0.00148906 0.00274262 0.00263231
37.84 0.277969 0.282653 0.267779 0.00103992 0.0024349 0.00291854
37.86 0.278001 0.282756 0.267886 0.000796349 0.00257963 0.00267312
37.88 0.27804 0.282881 0.267969 0.000970403 0.0031271 0.00207714
37.9 0.278104 0.283031 0.268029 0.00159768 0.00374718 0.00150487
37.92 0.278204 0.283195 0.268081 0.00249956 0.00408454 0.00130135
37.94 0.278337 0.283354 0.268144 0.00334246 0.00398764 0.00157167
37.96 0.278489 0.283497 0.268228 0.00378544 0.00356712 0.0021088
37.98 0.278635 0.283621 0.268329 0.00365957 0.0031045 0.00252048
38 0.278758 0.283735 0.268427 0.00306338 0.00283683 0.00246396
38.02 0.27885 0.283845 0.268501 0.00231989 0.00276445 0.00184611
38.04 0.278923 0.283953 0.268537 0.00182311 0.00270012 0.000901635
38.06 0.278997 0.284053 0.268541 0.00183531 0.0024894 8.79853e-05
38.08 0.279091 0.284138 0.268534 0.00234717 0.00213818 -0.000172347
38.1 0.279215 0.28421 0.268545 0.00309928 0.00178845 0.000266846
38.12 0.279365 0.284275 0.268593 0.00374937 0.00162799 0.00121346
38.14 0.279528 0.284346 0.268684 0.0040782 0.00178539 0.00226443
38.16 0.279691 0.284436 0.268805 0.00409456 0.00223397 0.00302061
38.18 0.279851 0.284546 0.268936 0.00399113 0.00276758 0.00328836
38.2 0.280011 0.28467 0.269062 0.00399211 0.00310028 0.00314163
38.22 0.280178 0.284792 0.269173 0.0041901 0.00304208 0.00278982
38.24 0.280358 0.284897 0.269269 0.00448074 0.00262906 0.00239746
38.26 0.280543 0.284981 0.26935 0.00462988 0.00208842 0.00202202
38.28 0.28072 0.285047 0.269418 0.00444111 0.00165906 0.00168571
38.3 0.280877 0.285104 0.269476 0.00392075 0.00143307 0.00144915
38.32 0.28101 0.285158 0.269531 0.00331398 0.00134271 0.00138342
38.34 0.281129 0.285209 0.269591 0.00297589 0.00127576 0.0014914
38.36 0.281254 0.285257 0.269658 0.00313754 0.0011951 0.00168891
38.38 0.281404 0.285304 0.269733 0.00372946 0.00116219 0.00187343
38.4 0.281581 0.285355 0.269814 0.00442345 0.00128083 0.00201524
38.42 0.281774 0.285419 0.269901 0.00484558 0.00159972 0.00219441
38.44 0.281966 0.2855 0.270002 0.00478579 0.0020236 0.00252406
38.46 0.282138 0.285593 0.270122 0.00429849 0.00232641 0.00298269
38.48 0.282284 0.285685 0.270255 0.00365957 0.00229935 0.00333628
38.5 0.282411 0.285762 0.270387 0.0031722 0.00192428 0.00328712
38.52 0.282529 0.285818 0.270496 0.0029545 0.00140333 0.00273719
38.54 0.282645 0.285858 0.270573 0.00289768 0.00101122 0.00192056
38.56 0.282757 0.285895 0.270624 0.00279533 0.000915974 0.0012732
38.58 0.282857 0.285939 0.270669 0.00251366 0.00109717 0.00112522
38.6 0.282941 0.285994 0.270728 0.00209002 0.00139232 0.0014702
38.62 0.28301 0.28606 0.270807 0.0017117 0.00163251 0.00199091
38.64 0.283074 0.28613 0.270899 0.00160397 0.0017553 0.00229247
38.66 0.283149 0.286203 0.270986 0.00188737 0.0018142 0.00217747
38.68 0.283248 0.286279 0.271056 0.00246321 0.00191491 0.00175769
38.7 0.283368 0.286364 0.27111 0.00300485 0.00213095 0.0013352
38.72 0.283493 0.286461 0.271157 0.00311811 0.00242245 0.00117987
38.74 0.283597 0.286566 0.271212 0.0026069 0.0026176 0.00136628
38.76 0.283663 0.286667 0.271282 0.00164626 0.00251891 0.00175843
38.78 0.283691 0.286749 0.271367 0.000697413 0.00206577 0.00213452
38.8 0.283699 0.286806 0.271462 0.000211698 0.00142326 0.00235321
38.82 0.283712 0.286843 0.271558 0.000331468 0.000907172 0.00242174
38.84 0.283744 0.286874 0.271655 0.00079585 0.000787283 0.0024059
38.86 0.283789 0.286919 0.271746 0.00112381 0.00111979 0.00229313
38.88 0.283827 0.286988 0.271826 0.000958444 0.00172167 0.00198184
38.9 0.283841 0.287079 0.271883 0.000334717 0.00226944 0.00142171
38.92 0.283827 0.287177 0.271913 -0.00034649 0.00245902 0.000765424
38.94 0.283802 0.287263 0.271927 -0.000622789 0.0021618 0.000355123
38.96 0.28379 0.287323 0.271948 -0.000306346 0.00150035 0.000510327
38.98 0.283806 0.287355 0.271999 0.000395174 0.000798715 0.00128537
39 0.283847 0.287372 0.272094 0.00102969 0.000418352 0.0023751
39.02 0.283895 0.287394 0.272224 0.00121319 0.000558278 0.00325068
39.04 0.283931 0.28744 0.272363 0.000886763 0.00114332 0.00347201
39.06 0.283944 0.287516 0.272481 0.000335091 0.00189387 0.00295965
39.08 0.283942 0.287616 0.272562 -4.42562e-05 0.00250444 0.00201767
39.1 0.283942 0.287728 0.272607 -2.36136e-05 0.00279337 0.00111532
39.12 0.283955 0.287838 0.272631 0.000344547 0.00276257 0.00061216
39.14 0.283988 0.287941 0.272657 0.00081796 0.00255545 0.000630745
39.16 0.284034 0.288035 0.272701 0.00116077 0.00235872 0.00110477
39.18 0.284087 0.288127 0.272775 0.00131778 0.00231081 0.00185696
39.2 0.284144 0.288225 0.27288 0.0014256 0.00243974 0.00262991
39.22 0.28421 0.288331 0.273006 0.00165171 0.00265455 0.00313918
39.24 0.28429 0.288443 0.273133 0.00200173 0.00280442 0.00317713
39.26 0.284382 0.288556 0.273241 0.00229082 0.0028098 0.00271169
39.28 0.284475 0.288666 0.273318 0.00232214 0.00275134 0.0019215
39.3 0.284558 0.288778 0.273364 0.00208855 0.00280708 0.00113491
39.32 0.28463 0.288902 0.273391 0.00179009 0.00309061 0.000685413
39.34 0.284697 0.289043 0.273421 0.00167077 0.00353634 0.000756049
39.36 0.28477 0.2892 0.273473 0.00183997 0.0039255 0.00130083
39.38 0.284858 0.289361 0.273557 0.00220135 0.00403146 0.00208144
39.4 0.284959 0.289512 0.273668 0.00252476 0.00377174 0.00279482
39.42 0.285064 0.289643 0.273797 0.00262055 0.00326871 0.00321256
39.44 0.285164 0.289755 0.273927 0.00248799 0.0027911 0.00324671
39.46 0.285256 0.289858 0.274044 0.00231367 0.00258207 0.00292758
39.48 0.28535 0.289965 0.274138 0.0023444 0.00268201 0.00236465
39.5 0.285459 0.290082 0.274207 0.00271829 0.00293124 0.00172356
39.52 0.285593 0.290208 0.274255 0.0033481 0.00313862 0.00120158
39.54 0.28575 0.290337 0.274295 0.00393952 0.00321546 0.000979091
39.56 0.285917 0.290464 0.274341 0.00416411 0.00318319 0.00115085
39.58 0.286072 0.290589 0.274407 0.0038877 0.00312386 0.00165315
39.6 0.286203 0.290714 0.274497 0.00326751 0.00312598 0.00225276
39.62 0.286309 0.290843 0.274603 0.00265784 0.00322951 0.0026598
39.64 0.286406 0.290979 0.274711 0.00240258 0.00338809 0.00269624
39.66 0.286512 0.291118 0.274806 0.00265052 0.00349519 0.00237997
39.68 0.286644 0.291257 0.274881 0.00329885 0.00346519 0.00188079
39.7 0.286805 0.291389 0.274939 0.00404395 0.00329795 0.00143421
39.72 0.286986 0.291511 0.274989 0.00450752 0.00305751 0.00125441
39.74 0.287163 0.291623 0.275047 0.0044259 0.00279537 0.00143923
39.76 0.287314 0.291724 0.275123 0.00378914 0.00251575 0.00190476
39.78 0.287428 0.291813 0.27522 0.00283535 0.00222185 0.00242004
39.8 0.287505 0.291892 0.275329 0.00193543 0.00197579 0.00273878
39.82 0.287562 0.291967 0.275438 0.00143333 0.00188782 0.00273011
39.84 0.287622 0.292048 0.275536 0.00150128 0.00202776 0.00242977
39.86 0.287705 0.292142 0.275615 0.00206244 0.00234441 0.00199738
39.88 0.287818 0.292249 0.27568 0.00281659 0.00267707 0.00161718
39.9 0.287953 0.292362 0.275737 0.00338111 0.0028163 0.00142043
39.92 0.288092 0.292465 0.275795 0.00348882 0.00259459 0.00146078
39.94 0.288216 0.292546 0.275864 0.00310285 0.00200854 0.00170903
39.96 0.288312 0.292595 0.275946 0.00238276 0.00123761 0.00206285
39.98 0.288376 0.292616 0.276042 0.00159296 0.000508648 0.00240041
40 0.288416 0.292615 0.276148 0.00102281 -1.27649e-05 0.00264418
40.02 0.288452 0.292606 0.276259 0.000895926 -0.000221009 0.00277755
40.04 0.288503 0.292603 0.276372 0.00126798 -7.15779e-05 0.0028164
40.06 0.288582 0.292619 0.276483 0.00197634 0.000379003 0.00279031
40.08 0.28869 0.292657 0.276594 0.00270349 0.000959341 0.00275336
40.1 0.288815 0.292714 0.276704 0.00311406 0.00141959 0.00276956
40.12 0.288935 0.292774 0.276818 0.00299959 0.00150757 0.00283668
40.14 0.28903 0.292817 0.276931 0.00237623 0.00108513 0.0028354
40.16 0.289089 0.292827 0.277036 0.00148635 0.000240531 0.00261006
40.18 0.289117 0.292799 0.27712 0.000705614 -0.000693552 0.00212061
40.2 0.289132 0.292749 0.27718 0.0003745 -0.00125296 0.00149826
40.22 0.289157 0.292707 0.277218 0.000611342 -0.00106353 0.00094951
40.24 0.289206 0.292703 0.277243 0.0012306 -8.19065e-05 0.000623156
40.26 0.289279 0.292756 0.277266 0.00183007 0.00130813 0.000568258
40.28 0.28936 0.292855 0.277297 0.00202799 0.00247715 0.000777788
40.3 0.289429 0.292972 0.277346 0.00170622 0.00292771 0.0012106
40.32 0.289472 0.293075 0.277416 0.00107566 0.0025737 0.00177415
40.34 0.289492 0.293144 0.27751 0.000517943 0.00172917 0.00232873
40.36 0.289506 0.293179 0.277618 0.000335418 0.000876545 0.0027016
40.38 0.28953 0.293196 0.277726 0.000595824 0.000411568 0.00271604
40.4 0.289575 0.293216 0.277817 0.00112786 0.000498159 0.00227309
40.42 0.28964 0.293258 0.277876 0.00163522 0.00105728 0.00146669
40.44 0.289715 0.293332 0.277901 0.00187214 0.00184963 0.000614274
40.46 0.289787 0.293436 0.277906 0.0017926 0.00260764 0.000131722
40.48 0.289849 0.293562 0.277918 0.00156546 0.00314249 0.000299784
40.5 0.289907 0.293696 0.27796 0.00145101 0.00336369 0.00106822
40.52 0.289972 0.293826 0.278043 0.00161841 0.00324636 0.00206518
40.54 0.290053 0.29394 0.278156 0.00202101 0.0028333 0.00283079
40.56 0.29015 0.29403 0.27828 0.00242751 0.00227224 0.0030894
40.58 0.290254 0.294103 0.278395 0.00259116 0.00180247 0.00286761
40.6 0.290351 0.294169 0.278492 0.00243678 0.00165262 0.00242638
40.62 0.290436 0.294245 0.278575 0.00211555 0.00189925 0.00207449
40.64 0.290511 0.29434 0.278653 0.00187149 0.00238412 0.00197011
40.66 0.290584 0.294452 0.278735 0.00184307 0.00278913 0.0020424
40.68 0.290663 0.294565 0.278819 0.00196464 0.00284068 0.00209341
40.7 0.290745 0.294665 0.278898 0.00203853 0.00249073 0.00198784
40.72 0.290822 0.294743 0.27897 0.00193118 0.00195497 0.00178356
40.74 0.290891 0.294806 0.279038 0.00172487 0.00157873 0.00169874
40.76 0.290958 0.294871 0.279115 0.00167958 0.00162116 0.0019294
40.78 0.291038 0.294954 0.279213 0.00201096 0.00208664 0.00245658
40.8 0.291145 0.295063 0.279334 0.00266283 0.00271997 0.00301445
40.82 0.291277 0.29519 0.279464 0.00330422 0.0031709 0.00325802
40.84 0.29142 0.295318 0.279584 0.00356509 0.00319551 0.00299467
40.86 0.291552 0.295429 0.279676 0.0033087 0.00277455 0.00230984
40.88 0.291662 0.295513 0.279737 0.00273731 0.00209542 0.00152456
40.9 0.291752 0.29557 0.279778 0.00225896 0.00143909 0.00102429
40.92 0.29184 0.295613 0.27982 0.00220238 0.00106775 0.00105456
40.94 0.291944 0.295659 0.279884 0.00259553 0.00114231 0.00160366
40.96 0.292071 0.295725 0.279982 0.00318695 0.0016622 0.00243541
40.98 0.292217 0.295822 0.28011 0.00364701 0.0024334 0.00320389
41 0.292368 0.295948 0.280253 0.00376883 0.00312555 0.00358078
41.02 0.29251 0.296085 0.280389 0.00355766 0.0034303 0.00339855
41.04 0.292638 0.296214 0.280499 0.00319511 0.00323867 0.00275518
41.06 0.292755 0.296322 0.280578 0.00291207 0.00270397 0.00196506
41.08 0.292868 0.296408 0.280633 0.00283392 0.00213562 0.00137508
41.1 0.292985 0.29648 0.28068 0.00292442 0.00181087 0.00116947
41.12 0.293107 0.296553 0.280732 0.00305607 0.00182527 0.00129451
41.14 0.293231 0.296636 0.280794 0.00310095 0.00205668 0.00155828
41.16 0.293351 0.296726 0.280866 0.00298445 0.00225895 0.00179874
41.18 0.293459 0.296815 0.280944 0.00271914 0.0022358 0.0019586
41.2 0.293556 0.296895 0.281025 0.00240642 0.00198753 0.00203066
41.22 0.293643 0.296964 0.281105 0.00218679 0.00173304 0.00199584
41.24 0.29373 0.297035 0.281178 0.00217027 0.0017659 0.00182249
41.26 0.293825 0.297123 0.281238 0.00237194 0.00220542 0.00148433
41.28 0.293932 0.297237 0.281277 0.00268479 0.0028376 0.000983084
41.3 0.294048 0.297366 0.281292 0.00290603 0.00323084 0.000388392
41.32 0.294162 0.297488 0.281287 0.00283085 0.00305563 -0.000135726
41.34 0.294257 0.297581 0.281272 0.00238627 0.00232005 -0.000365058
41.36 0.294326 0.297636 0.281268 0.00171435 0.00137878 -0.000105938
41.38 0.294371 0.297666 0.281296 0.00112962 0.000755011 0.000697616
41.4 0.294409 0.297699 0.281372 0.000956221 0.000833349 0.00188818
41.42 0.294461 0.297763 0.281495 0.0013033 0.00158149 0.00309571
41.44 0.294538 0.297865 0.28165 0.00192787 0.00254624 0.00385301
41.46 0.294633 0.297991 0.281802 0.00236272 0.00316957 0.00382355
41.48 0.294723 0.298119 0.281923 0.00225348 0.00318693 0.00302407
41.5 0.294788 0.298231 0.281998 0.00163787 0.00280121 0.00186116
41.52 0.294826 0.29833 0.282034 0.000948089 0.00248471 0.000901275
41.54 0.294855 0.298433 0.282055 0.000716119 0.00257419 0.000527355
41.56 0.294902 0.298554 0.282085 0.00117411 0.003024 0.000749903
41.58 0.294984 0.298694 0.282137 0.00205676 0.00348681 0.00131031
41.6 0.295096 0.298837 0.282215 0.00278682 0.00358884 0.00193736
41.62 0.295212 0.298965 0.282316 0.00290403 0.00319277 0.00252101
41.64 0.295307 0.299065 0.28244 0.00238101 0.00250095 0.00310117
41.66 0.295371 0.299142 0.282588 0.00159406 0.0019302 0.00371151
41.68 0.295412 0.299215 0.282758 0.00101928 0.00181936 0.00423188
41.7 0.295447 0.299303 0.282934 0.000888318 0.00219757 0.00441208
41.72 0.295489 0.299415 0.283097 0.00103847 0.00280946 0.00406775
41.74 0.295532 0.299548 0.283227 0.00109172 0.00332268 0.00325937
41.76 0.295566 0.299689 0.283319 0.000841762 0.0035157 0.00229804
41.78 0.295586 0.299823 0.283383 0.000501152 0.00334372 0.0015905
41.8 0.295608 0.299939 0.28344 0.000544904 0.00290302 0.00143279
41.82 0.295658 0.300033 0.283514 0.00126442 0.00235545 0.00185774
41.84 0.295756 0.300107 0.283619 0.00243338 0.00186011 0.00260729
41.86 0.295892 0.300169 0.283749 0.00339639 0.001531 0.00327184
41.88 0.296032 0.300225 0.283891 0.00351147 0.00141563 0.00352854
41.9 0.296137 0.300285 0.284023 0.00261877 0.0015008 0.00331596
41.92 0.296184 0.300354 0.284137 0.00119018 0.00172808 0.00283392
41.94 0.296186 0.300434 0.284232 3.07675e-05 0.0019955 0.00238572
41.96 0.296176 0.300521 0.28432 -0.000245406 0.00216313 0.00219237
41.98 0.296193 0.300604 0.284411 0.000420234 0.00209443 0.00228427
42 0.296255 0.300674 0.284511 0.0015668 0.00174046 0.00249754
42.02 0.296357 0.300723 0.284614 0.002552 0.00121255 0.00256848
42.04 0.296475 0.300753 0.284705 0.00292976 0.000761843 0.00229269
42.06 0.296581 0.300778 0.284772 0.00266846 0.000632513 0.00166586
42.08 0.296666 0.300814 0.284808 0.00211107 0.00088669 0.000906974
42.1 0.296734 0.300868 0.284821 0.00170999 0.00136416 0.00032471
42.12 0.296803 0.30094 0.284826 0.00172541 0.0017949 0.000117761
42.14 0.296887 0.301018 0.284836 0.00208381 0.00194835 0.000251505
42.16 0.296985 0.301088 0.284856 0.00245724 0.00173737 0.000496216
42.18 0.297085 0.301138 0.28488 0.00249889 0.00125597 0.000604251
42.2 0.297168 0.301168 0.2849 0.0020796 0.000743293 0.000493272
42.22 0.297223 0.301186 0.284911 0.00137657 0.000472417 0.000283597
42.24 0.297254 0.301211 0.284918 0.000764156 0.000612712 0.000181486
42.26 0.297277 0.301257 0.284932 0.000584483 0.00115205 0.000328353
42.28 0.297315 0.301334 0.28496 0.000954615 0.00191809 0.00071055
42.3 0.297384 0.30144 0.285007 0.0017092 0.00265534 0.00116952
42.32 0.297483 0.301564 0.285067 0.00249723 0.00310076 0.00150192
42.34 0.297603 0.301687 0.28513 0.00298513 0.00307239 0.00157651
42.36 0.297724 0.30179 0.285186 0.003028 0.00257387 0.00141063
42.38 0.297832 0.301863 0.285233 0.00269965 0.00182337 0.0011736
42.4 0.29792 0.30191 0.285277 0.00219894 0.00116924 0.00108026
42.42 0.29799 0.301947 0.285326 0.00174385 0.000944812 0.00123512
42.44 0.29805 0.302 0.285389 0.00149601 0.00130656 0.00157127
42.46 0.298111 0.302085 0.285467 0.00153972 0.00213766 0.0019616
42.48 0.298187 0.302208 0.285562 0.0019002 0.00307382 0.00236487
42.5 0.298288 0.302355 0.285675 0.00252649 0.00366371 0.00281902
42.52 0.298418 0.302499 0.285808 0.00324871 0.00361091 0.00333316
42.54 0.29857 0.302617 0.285961 0.00379427 0.0029478 0.00383335
42.56 0.298726 0.302698 0.286129 0.00390727 0.0020299 0.00418531
42.58 0.298867 0.302751 0.286299 0.00352321 0.00132853 0.00426209
42.6 0.298981 0.302797 0.28646 0.00285422 0.00113869 0.004026
42.62 0.299072 0.302853 0.286603 0.00225665 0.00141128 0.00357835
42.64 0.299151 0.302927 0.286728 0.00198149 0.00184765 0.00311828
42.66 0.299232 0.303013 0.286841 0.00204123 0.00215207 0.00282077
42.68 0.299323 0.303101 0.28695 0.00227519 0.00219222 0.00272557
42.7 0.299424 0.30318 0.287059 0.00251155 0.00197996 0.00272447
42.72 0.299531 0.303244 0.287165 0.00267582 0.00160363 0.00266093
42.74 0.299643 0.303292 0.287264 0.00279327 0.00119491 0.00247304
42.76 0.29976 0.303328 0.287354 0.00292478 0.000886768 0.002251
42.78 0.299883 0.303358 0.28744 0.00307174 0.000764112 0.00214483
42.8 0.300008 0.303393 0.287529 0.00313023 0.000858658 0.00221106
42.82 0.300126 0.303439 0.287622 0.00296165 0.00117235 0.00234279
42.84 0.300227 0.303506 0.287716 0.00252907 0.00166683 0.00234695
42.86 0.300307 0.303596 0.2878 0.00198154 0.0022376 0.00209616
42.88 0.30037 0.303705 0.287864 0.0015869 0.00272848 0.00161313
42.9 0.300433 0.303824 0.287906 0.00156566 0.00298868 0.00102768
42.92 0.300511 0.303942 0.287925 0.00194888 0.00294033 0.000482662
42.94 0.300612 0.304047 0.287927 0.00253623 0.00262311 5.92835e-05
42.96 0.300732 0.304134 0.287918 0.00300086 0.00218834 -0.000232519
42.98 0.300856 0.304208 0.287902 0.0030874 0.00182961 -0.000397264
43 0.300967 0.304275 0.287887 0.00276977 0.00169699 -0.000384535
43.02 0.301057 0.30435 0.287883 0.00226749 0.00185516 -8.78115e-05
43.04 0.301134 0.30444 0.287905 0.00191139 0.00225011 0.000546016
43.06 0.301211 0.304547 0.28796 0.00193253 0.00268892 0.00137675
43.08 0.301303 0.304664 0.288043 0.00229488 0.00290867 0.00206365
43.1 0.301411 0.304773 0.288134 0.00271005 0.00273411 0.00227185
43.12 0.301525 0.304861 0.288211 0.00285642 0.00221553 0.0019464
43.14 0.30163 0.304926 0.288267 0.00262048 0.00161378 0.0013873
43.16 0.301717 0.304976 0.288308 0.00216537 0.00125262 0.0010327
43.18 0.301788 0.30503 0.288354 0.00177666 0.00134237 0.00114455
43.2 0.301853 0.305103 0.288419 0.00163405 0.00184094 0.00163866
43.22 0.301921 0.305202 0.288506 0.00169909 0.00246455 0.00217335
43.24 0.301993 0.305317 0.288603 0.00178426 0.0028837 0.00241795
43.26 0.302062 0.305435 0.288695 0.00172798 0.00295201 0.00228733
43.28 0.302123 0.305546 0.288774 0.00153604 0.00277227 0.00197727
43.3 0.302178 0.305649 0.288846 0.00137483 0.00256803 0.00179893
43.32 0.302235 0.305749 0.288923 0.00141645 0.00249237 0.00193811
43.34 0.302302 0.30585 0.289016 0.00167847 0.00252844 0.0023163
43.36 0.302382 0.305952 0.289123 0.00199256 0.00254439 0.00266733
43.38 0.302466 0.306049 0.289233 0.00210855 0.00244044 0.00277243
43.4 0.30254 0.30614 0.289339 0.00185623 0.00226302 0.00263918
43.42 0.302592 0.306227 0.289438 0.001298 0.00218721 0.00248265
43.44 0.302622 0.306322 0.289541 0.000756972 0.00236936 0.00255727
43.46 0.302648 0.306434 0.289659 0.000632098 0.00279446 0.00296166
43.48 0.302692 0.306564 0.2898 0.00109806 0.00324569 0.00352592
43.5 0.302769 0.306701 0.289956 0.00193952 0.00343912 0.00389513
43.52 0.302876 0.30683 0.290107 0.0026691 0.00322351 0.00377165
43.54 0.30299 0.306938 0.290232 0.00285624 0.00270437 0.00313266
43.56 0.303087 0.307027 0.290322 0.0024095 0.00220744 0.00225104
43.58 0.303151 0.307109 0.290382 0.00160605 0.00205743 0.00150305
43.6 0.303187 0.307202 0.290428 0.000900182 0.00233069 0.00113183
43.62 0.303212 0.307315 0.290473 0.000628174 0.00281153 0.00114421
43.64 0.303244 0.307442 0.290529 0.000787744 0.00318381 0.00139058
43.66 0.303287 0.307572 0.290598 0.00109315 0.00325193 0.00172531
43.68 0.303338 0.307692 0.290681 0.00126906 0.00300936 0.00208436
43.7 0.30339 0.307796 0.290779 0.00129105 0.00258253 0.00244014
43.72 0.303443 0.307881 0.290887 0.00133588 0.00213939 0.00271405
43.74 0.303505 0.307954 0.290999 0.00154064 0.00180915 0.00277593
43.76 0.303579 0.308019 0.2911 0.00184912 0.00163122 0.00254511
43.78 0.303661 0.308082 0.291183 0.0020703 0.00156442 0.00206417
43.8 0.303744 0.308143 0.291242 0.00205323 0.00153292 0.00147988
43.82 0.303817 0.308202 0.291281 0.0018304 0.00148052 0.000983101
43.84 0.303881 0.308259 0.291311 0.00161009 0.00141755 0.000731968
43.86 0.303946 0.308315 0.291341 0.00160738 0.00140546 0.00077013
43.88 0.30402 0.308375 0.291382 0.00186548 0.00150342 0.00100572
43.9 0.304109 0.308444 0.291433 0.00223027 0.00172688 0.00128552
43.92 0.304209 0.308525 0.291493 0.0024785 0.0020303 0.0014969
43.94 0.304308 0.308616 0.291557 0.00247652 0.00227308 0.00159987
43.96 0.304398 0.308705 0.291621 0.00227233 0.00221985 0.00160112
43.98 0.304481 0.308773 0.291682 0.00206384 0.00169567 0.00152596
44 0.304563 0.308804 0.291738 0.00204082 0.000780867 0.00139106
44.02 0.304652 0.308797 0.291786 0.00223038 -0.000171452 0.00120971
44.04 0.304751 0.308768 0.291827 0.00247961 -0.000723318 0.00102134
44.06 0.304855 0.308745 0.291863 0.0025872 -0.000593118 0.000893369
44.08 0.304953 0.308752 0.291898 0.00244976 0.000186141 0.000882112
44.1 0.305036 0.308803 0.291938 0.00209906 0.00126967 0.000996648
44.12 0.305103 0.308891 0.291985 0.00165915 0.00219563 0.00118631
44.14 0.305154 0.308996 0.292039 0.00128898 0.00264063 0.00135087
44.16 0.3052 0.309098 0.292096 0.00113204 0.00253704 0.00140376
44.18 0.30525 0.309179 0.29215 0.00126336 0.00203223 0.00136213
44.2 0.305316 0.309235 0.292205 0.00164458 0.00139906 0.00137272
44.22 0.305401 0.309273 0.292269 0.00212893 0.000945882 0.00161489
44.24 0.305502 0.309309 0.292355 0.00250906 0.000894914 0.00213511
44.26 0.305605 0.30936 0.292465 0.00259487 0.00127751 0.00275495
44.28 0.305698 0.309436 0.292591 0.00232169 0.00191493 0.00314574
44.3 0.305772 0.309536 0.292713 0.00183947 0.00249421 0.00303959
44.32 0.30583 0.309645 0.29281 0.00146739 0.00272448 0.00243087
44.34 0.30589 0.309746 0.292874 0.00149013 0.00251 0.00160578
44.36 0.305968 0.309827 0.292913 0.00194592 0.00202664 0.000979529
44.38 0.306071 0.309891 0.292947 0.00257304 0.00161386 0.000850914
44.4 0.306189 0.309953 0.292997 0.00296465 0.00153876 0.00124875
44.42 0.306303 0.310026 0.293076 0.00283791 0.00182492 0.00197927
44.44 0.306393 0.310116 0.293188 0.00224561 0.00226602 0.00279302
44.46 0.306455 0.310219 0.293328 0.00156076 0.0025621 0.00350486
44.48 0.306504 0.310318 0.293489 0.001232 0.00248742 0.00400923
44.5 0.306564 0.3104 0.293658 0.00148675 0.00202916 0.0042389
44.52 0.306652 0.310456 0.293824 0.00219889 0.0014213 0.00413604
44.54 0.306772 0.310497 0.293971 0.00300084 0.00102382 0.00368482
44.56 0.306912 0.310541 0.29409 0.00351163 0.00109103 0.00298443
44.58 0.307054 0.310605 0.294182 0.00354116 0.00159317 0.00228494
44.6 0.307181 0.310695 0.294258 0.00317039 0.00225966 0.0019164
44.62 0.307287 0.310807 0.294342 0.00264921 0.00278804 0.0020831
44.64 0.307375 0.310927 0.294448 0.00219535 0.0030039 0.00266275
44.66 0.307449 0.311042 0.294577 0.00186619 0.00288869 0.00322557
44.68 0.307513 0.311144 0.29471 0.00159375 0.00253724 0.00331963
44.7 0.307567 0.311228 0.294823 0.00133972 0.00209992 0.002814
44.72 0.307614 0.311297 0.294903 0.00119627 0.00171849 0.00200821
44.74 0.307667 0.311355 0.294959 0.00130276 0.00146328 0.00139642
44.76 0.307733 0.311409 0.29501 0.0016716 0.00133894 0.00127858
44.78 0.307818 0.311463 0.295071 0.00211247 0.00135397 0.00153512
44.8 0.307911 0.311525 0.29514 0.00233353 0.00154829 0.0017266
44.82 0.307997 0.311602 0.295198 0.00213211 0.00193043 0.00143841
44.84 0.308058 0.311698 0.295223 0.00153465 0.00240217 0.000614024
44.86 0.308091 0.311809 0.295208 0.000823787 0.00278344 -0.000372423
44.88 0.308108 0.311926 0.295169 0.00042717 0.0029117 -0.000972161
44.9 0.308135 0.312035 0.295135 0.00067379 0.00271725 -0.000846469
44.92 0.308197 0.312125 0.295131 0.0015413 0.00225104 -8.82399e-05
44.94 0.308301 0.312192 0.295166 0.00261306 0.0016884 0.000873271
44.96 0.308434 0.312244 0.295229 0.0033262 0.00128531 0.00158039
44.98 0.308567 0.312294 0.295301 0.0033113 0.00125217 0.00179996
45 0.30867 0.312358 0.295365 0.00258326 0.00160803 0.00158514
45.02 0.308731 0.312444 0.295412 0.00152771 0.00215555 0.00117864
45.04 0.308759 0.312549 0.295445 0.000699049 0.00261399 0.000830171
45.06 0.30878 0.312661 0.295471 0.000513863 0.00279909 0.000646448
45.08 0.308821 0.312769 0.295495 0.00104705 0.00271878 0.00058623
45.1 0.308904 0.312871 0.295518 0.0020714 0.00254952 0.000594218
45.12 0.309033 0.312973 0.295547 0.00320817 0.00253131 0.000724538
45.14 0.309195 0.313085 0.295592 0.00405316 0.00281963 0.00111035
45.16 0.309367 0.31322 0.295664 0.00430047 0.00336777 0.00180162
45.18 0.309522 0.313377 0.29577 0.00388148 0.00392039 0.00264693
45.2 0.309643 0.313544 0.295904 0.00301186 0.00416443 0.0033493
45.22 0.309726 0.313702 0.29605 0.00208801 0.00395339 0.00364958
45.24 0.309787 0.313838 0.296189 0.00151584 0.00341801 0.00349125
45.26 0.309848 0.313953 0.296312 0.00153516 0.00286572 0.0030607
45.28 0.309932 0.314056 0.296419 0.00210619 0.00257933 0.00268132
45.3 0.31005 0.314163 0.296523 0.00293702 0.00266969 0.00260962
45.32 0.310196 0.314285 0.296638 0.00365009 0.00304631 0.0028693
45.34 0.310354 0.314425 0.296768 0.00396564 0.00349315 0.00325499
45.36 0.310507 0.314577 0.296907 0.00380296 0.00380239 0.00347727
45.38 0.310638 0.314732 0.297041 0.00329389 0.00388272 0.00334923
45.4 0.310746 0.314882 0.297158 0.00269043 0.00375554 0.00291838
45.42 0.310834 0.31502 0.297256 0.00219666 0.00345444 0.00245172
45.44 0.310908 0.315139 0.297347 0.00184748 0.00296547 0.00226547
45.46 0.31097 0.31523 0.297447 0.00155152 0.00228252 0.00250497
45.48 0.31102 0.31529 0.297568 0.00125741 0.00150398 0.00303628
45.5 0.311062 0.315325 0.29771 0.0010588 0.000862131 0.00353027
45.52 0.311108 0.31535 0.297856 0.00113645 0.00062634 0.00366817
45.54 0.311172 0.315387 0.297989 0.00159334 0.00091823 0.00332165
45.56 0.311264 0.315449 0.298093 0.00230111 0.00155978 0.00259813
45.58 0.311379 0.315533 0.298163 0.00288179 0.00210098 0.00174566
45.6 0.311495 0.315617 0.298203 0.00290537 0.00208711 0.000992101
45.62 0.311584 0.315672 0.298221 0.00221411 0.00139025 0.000447672
45.64 0.311627 0.315685 0.298226 0.00109087 0.000330302 0.00013738
45.66 0.311632 0.315665 0.29823 0.000122569 -0.000508091 0.000102752
45.68 0.311627 0.31564 0.298247 -0.000137433 -0.000634303 0.000420099
45.7 0.311646 0.315641 0.29829 0.000478078 3.0586e-05 0.00106967
45.72 0.31171 0.315684 0.298363 0.00161056 0.00108378 0.00183058
45.74 0.311815 0.31576 0.298458 0.00260653 0.00190107 0.00236474
45.76 0.311933 0.315842 0.298554 0.00296444 0.00204753 0.00241841
45.78 0.312039 0.315903 0.298633 0.00264358 0.00153024 0.00196698
45.8 0.31212 0.315933 0.298682 0.00202575 0.000728744 0.00121953
45.82 0.312185 0.315937 0.298702 0.00162154 0.000111546 0.000499351
45.84 0.312254 0.315936 0.298705 0.00172268 -1.72254e-05 6.90502e-05
45.86 0.312342 0.315952 0.298705 0.0021993 0.000399444 6.84247e-06
45.88 0.312445 0.316001 0.298713 0.00259365 0.0012183 0.000213407
45.9 0.312545 0.316088 0.298735 0.0024822 0.00217592 0.000539424
45.92 0.312618 0.316207 0.298771 0.00182346 0.00297628 0.000913717
45.94 0.312657 0.316343 0.298826 0.000991458 0.00338409 0.00135421
45.96 0.312677 0.316474 0.298901 0.000486241 0.00328078 0.00188343
45.98 0.3127 0.316582 0.298998 0.000578377 0.00270811 0.00242474
46 0.312745 0.316659 0.299109 0.00113607 0.00190917 0.0027843
46.02 0.312815 0.316709 0.29922 0.00174327 0.00127104 0.00277909
46.04 0.312896 0.316755 0.299317 0.00202248 0.00113765 0.00241235
46.06 0.312972 0.316819 0.299393 0.00189781 0.00160927 0.0019096
46.08 0.313036 0.316918 0.299456 0.00159357 0.00246499 0.00157008
46.1 0.313092 0.317048 0.29952 0.00140961 0.00325758 0.00159232
46.12 0.313151 0.31719 0.299599 0.00147437 0.00354441 0.00198085
46.14 0.313218 0.317316 0.299701 0.00166426 0.00315027 0.00254714
46.16 0.313286 0.317408 0.299821 0.00172147 0.00229659 0.00300494
46.18 0.313345 0.317467 0.299946 0.00145713 0.00148119 0.00312582
46.2 0.313381 0.317514 0.300061 0.000920102 0.00118241 0.00286588
46.22 0.313397 0.317577 0.300156 0.000389346 0.00157094 0.00238838
46.24 0.313405 0.317673 0.300235 0.000192286 0.00239547 0.00196663
46.26 0.313424 0.317798 0.300308 0.000487963 0.0031273 0.00182365
46.28 0.313471 0.317929 0.300389 0.00116467 0.00328313 0.00201487
46.3 0.313547 0.318038 0.300486 0.00191054 0.00272525 0.00242528
46.32 0.313643 0.318108 0.3006 0.00240184 0.00174601 0.00286113
46.34 0.313742 0.318144 0.300726 0.00247572 0.00088572 0.00316036
46.36 0.31383 0.318167 0.300856 0.00218547 0.000591583 0.00323792
46.38 0.313899 0.318205 0.300979 0.00174065 0.00094943 0.00306553
46.4 0.313955 0.318272 0.301085 0.00138478 0.00167467 0.00265941
46.42 0.314006 0.318366 0.301169 0.00127446 0.00233863 0.00209211
46.44 0.314063 0.31847 0.301228 0.00142258 0.00261525 0.00149561
46.46 0.314132 0.318566 0.30127 0.00172873 0.00237772 0.00102914
46.48 0.314214 0.318634 0.301302 0.00205072 0.0017116 0.00080694
46.5 0.314304 0.31867 0.301335 0.00226309 0.000892979 0.000835419
46.52 0.314397 0.31868 0.301376 0.00232257 0.000262432 0.00102383
46.54 0.314489 0.318682 0.301427 0.00230225 4.2041e-05 0.00125759
46.56 0.314582 0.318692 0.301485 0.00231627 0.000257686 0.00146003
46.58 0.314679 0.318724 0.301549 0.00241597 0.000799723 0.00160873
46.6 0.314781 0.318784 0.301618 0.00256411 0.00150068 0.00171392
46.62 0.314889 0.318871 0.301689 0.00268295 0.00215735 0.0017839
46.64 0.314997 0.318973 0.301762 0.00271993 0.00256137 0.00181013
46.66 0.315105 0.319077 0.301833 0.00268528 0.00259326 0.0017823
46.68 0.315211 0.319168 0.301901 0.00265126 0.00228464 0.0016965
46.7 0.315319 0.31924 0.301963 0.00269391 0.00178649 0.00155055
46.72 0.315431 0.319293 0.302017 0.00282053 0.00133453 0.0013589
46.74 0.31555 0.319341 0.302064 0.00296006 0.00121043 0.001179
46.76 0.315671 0.319405 0.302109 0.0030225 0.00159264 0.0011126
46.78 0.315789 0.3195 0.302159 0.00295636 0.00236272 0.00125085
46.8 0.3159 0.319623 0.302223 0.00276688 0.00309214 0.00159118
46.82 0.316 0.319755 0.302303 0.00250986 0.00330154 0.00201956
46.84 0.316091 0.319867 0.302399 0.00227358 0.00280135 0.002386
46.86 0.316176 0.319941 0.302502 0.00213893 0.00184648 0.00258735
46.88 0.316263 0.319981 0.302606 0.00215183 0.000994266 0.00258211
46.9 0.316355 0.320011 0.3027 0.00230014 0.000742566 0.00236968
46.92 0.316454 0.320058 0.302779 0.0024752 0.00119323 0.00197799
46.94 0.316553 0.320138 0.302838 0.00249185 0.00198274 0.00146894
46.96 0.316641 0.320239 0.302877 0.00219448 0.00252027 0.000958018
46.98 0.316705 0.320334 0.302901 0.00160524 0.00238838 0.000604175
47 0.316745 0.3204 0.302922 0.000993356 0.00164669 0.000541981
47.02 0.316774 0.320432 0.302954 0.000729508 0.000789388 0.000792499
47.04 0.316814 0.320446 0.303004 0.00099099 0.000373323 0.00125089
47.06 0.316877 0.320471 0.303075 0.00158727 0.000623763 0.00177242
47.08 0.316961 0.320525 0.303165 0.00208057 0.00132995 0.00226034
47.1 0.317045 0.320607 0.303272 0.00211103 0.00204832 0.00267408
47.12 0.317111 0.320703 0.303391 0.00165494 0.00239957 0.00297274
47.14 0.317153 0.320794 0.303515 0.00103536 0.002288 0.00308896
47.16 0.31718 0.320872 0.303634 0.000691977 0.00194429 0.00297252
47.18 0.317215 0.320942 0.30374 0.000858671 0.00174551 0.00266047
47.2 0.31727 0.321018 0.303832 0.00139411 0.00191065 0.00230161
47.22 0.317347 0.321111 0.303916 0.00191299 0.00233043 0.00209162
47.24 0.31743 0.321219 0.304002 0.00207996 0.00269579 0.00215022
47.26 0.317502 0.32133 0.304099 0.00180639 0.00277274 0.00241816
47.28 0.317553 0.321433 0.304206 0.00127405 0.00257962 0.00267316
47.3 0.317586 0.321527 0.304312 0.000817894 0.00235272 0.00266055
47.32 0.317615 0.321621 0.304402 0.000721565 0.0023356 0.0022556
47.34 0.317656 0.321724 0.304465 0.00103594 0.00257314 0.0015795
47.36 0.317718 0.321839 0.304504 0.00154454 0.00287569 0.000976403
47.38 0.317795 0.321958 0.304537 0.00191288 0.00297342 0.000817039
47.4 0.317872 0.322067 0.304587 0.00192985 0.0027454 0.00124966
47.42 0.317938 0.322161 0.30467 0.00164883 0.00232901 0.00207652
47.44 0.31799 0.322241 0.304784 0.00131456 0.0020068 0.00285018
47.46 0.318037 0.32232 0.304909 0.00115757 0.00198416 0.00313264
47.48 0.318086 0.32241 0.30502 0.00123762 0.00225403 0.00275955
47.5 0.318143 0.322515 0.305097 0.00142597 0.00261779 0.00193263
47.52 0.318204 0.322628 0.30514 0.0015265 0.00281254 0.00107885
47.54 0.318262 0.322734 0.305164 0.00144314 0.0026664 0.000584612
47.56 0.318312 0.322822 0.305187 0.00125334 0.00220129 0.000591144
47.58 0.318358 0.322888 0.305226 0.00113941 0.00163513 0.000957188
47.6 0.318407 0.322939 0.305282 0.00123789 0.0012691 0.00140206
47.62 0.318468 0.322991 0.30535 0.00153066 0.00130859 0.00171341
47.64 0.318543 0.32306 0.305424 0.00185821 0.00172736 0.00184494
47.66 0.318624 0.323151 0.305499 0.00203336 0.00227248 0.001865
47.68 0.318704 0.323256 0.305573 0.00198759 0.00261895 0.00184911
47.7 0.318777 0.323358 0.305645 0.00183193 0.00256984 0.00181685
47.72 0.318848 0.323445 0.305715 0.00176706 0.00215861 0.0017493
47.74 0.318925 0.323509 0.305781 0.00193575 0.00160878 0.00163843
47.76 0.319019 0.323557 0.305842 0.00234876 0.0012054 0.00152111
47.78 0.319134 0.323603 0.3059 0.0028823 0.00113651 0.00145816
47.8 0.319266 0.323658 0.305959 0.00330657 0.00139004 0.00148132
47.82 0.319402 0.323729 0.306022 0.00339872 0.00176705 0.00157069
47.84 0.319527 0.323808 0.30609 0.00310369 0.00197707 0.00169812
47.86 0.319631 0.323879 0.306165 0.00260438 0.00178217 0.00188639
47.88 0.319719 0.323926 0.306253 0.00221797 0.00115654 0.00219956
47.9 0.319807 0.323939 0.306359 0.00219284 0.000344072 0.00265058
47.92 0.319908 0.323929 0.306484 0.00253016 -0.000264506 0.00310478
47.94 0.320027 0.323915 0.306616 0.00295623 -0.000340474 0.00329738
47.96 0.320152 0.323924 0.306735 0.00312624 0.000218159 0.00298699
47.98 0.320268 0.323973 0.306822 0.00291268 0.00122197 0.00217293
48 0.320369 0.324063 0.306869 0.00251415 0.00225314 0.00118821
48.02 0.32046 0.324177 0.30689 0.00227696 0.00284762 0.000516215
48.04 0.320555 0.324286 0.306908 0.00238933 0.00273365 0.000449579
48.06 0.320664 0.324366 0.306943 0.00272086 0.00199341 0.000884615
48.08 0.320781 0.324407 0.307 0.00293094 0.00102317 0.00142548
48.1 0.320891 0.32442 0.307069 0.00274693 0.000322095 0.00170182
48.12 0.32098 0.324429 0.307134 0.00221536 0.000230974 0.00164289
48.14 0.321049 0.32446 0.307194 0.00172023 0.000769088 0.0014879
48.16 0.321117 0.324526 0.307255 0.00169892 0.00166767 0.0015346
48.18 0.321208 0.324628 0.30733 0.00227137 0.00253582 0.00186828
48.2 0.321332 0.32475 0.307422 0.00309834 0.00304574 0.00229712
48.22 0.321476 0.324873 0.307523 0.00360823 0.00308152 0.00252141
48.24 0.321613 0.324984 0.307617 0.00342241 0.00277242 0.00236767
48.26 0.321718 0.325079 0.307694 0.0026399 0.0023736 0.0019195
48.28 0.321788 0.325163 0.307753 0.00174635 0.00209519 0.00146663
48.3 0.321839 0.325243 0.307805 0.00125892 0.00199897 0.00129495
48.32 0.321895 0.325323 0.307864 0.00140508 0.00201007 0.00148526
48.34 0.321975 0.325404 0.307939 0.00201355 0.00201653 0.00188553
48.36 0.322081 0.325483 0.30803 0.0026355 0.00197803 0.00225827
48.38 0.322194 0.325561 0.308128 0.00283606 0.00194328 0.0024602
48.4 0.322294 0.325639 0.308229 0.00249913 0.00196074 0.00250874
48.42 0.32237 0.325719 0.308328 0.00189497 0.00200719 0.00249238
48.44 0.322427 0.3258 0.308426 0.00143535 0.00202703 0.00244346
48.46 0.322482 0.325881 0.308519 0.00136458 0.00200994 0.00232421
48.48 0.322548 0.32596 0.308603 0.00165028 0.00199061 0.00210379
48.5 0.32263 0.32604 0.308676 0.00206218 0.00198797 0.00181215
48.52 0.322723 0.326119 0.308736 0.00232133 0.00198456 0.00151128
48.54 0.322814 0.326197 0.308786 0.00227428 0.001941 0.00124585
48.56 0.322894 0.326269 0.308828 0.00200385 0.00181187 0.00106505
48.58 0.322964 0.326333 0.308871 0.00173675 0.00158434 0.00106256
48.6 0.323028 0.326386 0.308924 0.00160943 0.00133088 0.00132719
48.62 0.32309 0.326434 0.308997 0.00154917 0.0012005 0.00182341
48.64 0.323146 0.326486 0.309091 0.00138925 0.00130931 0.00234272
48.66 0.323188 0.326551 0.309195 0.00105782 0.0016239 0.00259967
48.68 0.323214 0.32663 0.309291 0.000659698 0.00197731 0.00239925
48.7 0.323231 0.326719 0.309361 0.000419812 0.00220502 0.00175246
48.72 0.323253 0.326808 0.309396 0.000542693 0.00222976 0.000882338
48.74 0.323295 0.32689 0.309401 0.00104123 0.00205432 0.000112562
48.76 0.323361 0.326961 0.309388 0.00165655 0.00176342 -0.000317063
48.78 0.323441 0.327022 0.309373 0.00199401 0.00152869 -0.000377644
48.8 0.323513 0.327083 0.309365 0.00180133 0.00152628 -0.000184983
48.82 0.323559 0.327155 0.309372 0.00115794 0.0018082 0.000175011
48.84 0.323576 0.327245 0.309401 0.000420743 0.0022515 0.000723035
48.86 0.323575 0.327351 0.309461 -1.24255e-05 0.00263668 0.00150113
48.88 0.323577 0.327462 0.309558 4.53443e-05 0.0027935 0.00241525
48.9 0.323595 0.327571 0.309684 0.000455485 0.00270608 0.00315878
48.92 0.32363 0.327671 0.309818 0.00085928 0.00249868 0.00333292
48.94 0.323668 0.327764 0.309926 0.000947456 0.0023434 0.00271991
48.96 0.323695 0.327859 0.309987 0.000690076 0.00237303 0.00150827
48.98 0.323709 0.327964 0.309997 0.000337874 0.00261786 0.000268901
49 0.323717 0.328083 0.309983 0.000207056 0.00297729 -0.00035556
49.02 0.323735 0.328213 0.309981 0.000442737 0.00325346 -5.00471e-05
49.04 0.323773 0.328344 0.310021 0.000946389 0.00326665 0.000994774
49.06 0.323832 0.328463 0.310111 0.00148211 0.0029848 0.00225291
49.08 0.323905 0.328566 0.31024 0.00183514 0.0025584 0.00321287
49.1 0.323981 0.328654 0.310385 0.00190027 0.00221199 0.0036378
49.12 0.324049 0.328737 0.310528 0.00169624 0.00206497 0.00357514
49.14 0.324103 0.328818 0.310655 0.001335 0.00203622 0.00317043
49.16 0.324142 0.328895 0.310755 0.000974083 0.00192644 0.0025072
49.18 0.324173 0.32896 0.310821 0.000779845 0.00161292 0.00164536
49.2 0.324207 0.329007 0.310852 0.000856028 0.00118804 0.000773734
49.22 0.324254 0.329044 0.310862 0.00116474 0.000931404 0.000248652
49.24 0.324315 0.32909 0.310879 0.00154573 0.00113194 0.000414634
49.26 0.324389 0.329164 0.310932 0.00184442 0.00185783 0.00133065
49.28 0.324469 0.329276 0.311037 0.00200283 0.00280834 0.00261998
49.3 0.324551 0.329413 0.311181 0.00205008 0.00342697 0.00360722
49.32 0.324634 0.329545 0.31133 0.00206892 0.00327929 0.00371717
49.34 0.32472 0.32964 0.311445 0.0021448 0.00239332 0.00287306
49.36 0.324812 0.329691 0.311509 0.00230333 0.00126144 0.0016046
49.38 0.324912 0.329711 0.311538 0.0025004 0.000500661 0.000739154
49.4 0.325019 0.329729 0.311572 0.00267736 0.000456896 0.000842006
49.42 0.325132 0.329771 0.311644 0.00281075 0.00103944 0.00180499
49.44 0.325248 0.329844 0.311761 0.00291373 0.00183592 0.00291705
49.46 0.325369 0.32994 0.311896 0.00301459 0.00238992 0.00337594
49.48 0.325494 0.330038 0.312009 0.00312667 0.00244903 0.00283612
49.5 0.325623 0.33012 0.312074 0.0032334 0.00205306 0.00160697
49.52 0.325755 0.330178 0.312089 0.00330139 0.00145634 0.000396267
49.54 0.325888 0.330216 0.312082 0.00331273 0.000950905 -0.000183752
49.56 0.326019 0.330244 0.312082 0.00327732 0.000709967 5.56596e-06
49.58 0.326148 0.330275 0.312108 0.00322103 0.0007687 0.000632006
49.6 0.326275 0.330319 0.312157 0.00317867 0.00110224 0.00123911
49.62 0.326402 0.330386 0.312221 0.00318845 0.00165663 0.00159116
49.64 0.326533 0.330478 0.31229 0.00325706 0.00231183 0.00174064
49.66 0.326664 0.330593 0.312365 0.00329628 0.0028764 0.00185356
49.68 0.32679 0.330719 0.312445 0.00313736 0.00314342 0.00200276
49.7 0.326897 0.330837 0.312529 0.00268284 0.00295716 0.00210684
49.72 0.326979 0.330928 0.31261 0.00204341 0.00228394 0.00202503
49.74 0.327039 0.33098 0.312678 0.00150127 0.00130111 0.00170327
49.76 0.327093 0.330997 0.312728 0.00134177 0.000400566 0.00125951
49.78 0.32716 0.330997 0.312766 0.00168862 1.3032e-05 0.000932236
49.8 0.327257 0.331012 0.312802 0.00243022 0.000366566 0.000916499
49.82 0.327386 0.331066 0.312852 0.00322557 0.00135369 0.0012311
49.84 0.327532 0.331169 0.312921 0.00363909 0.00257455 0.00172925
49.86 0.327668 0.33131 0.313009 0.00340553 0.00351948 0.00221373
49.88 0.327773 0.331461 0.313111 0.00261457 0.00378637 0.00254192
49.9 0.327839 0.331591 0.313217 0.00164668 0.00325863 0.00266067
49.92 0.327876 0.331679 0.313321 0.000928796 0.0021813 0.00258954
49.94 0.327904 0.331721 0.313417 0.000712559 0.00105417 0.00238912
49.96 0.327944 0.331735 0.313502 0.000991874 0.00035979 0.00213474
49.98 0.328006 0.331747 0.313579 0.00153809 0.000306797 0.00192248
50 0.328086 0.331779 0.313654 0.0020155 0.000776253 0.00186441
50.02 0.328172 0.331837 0.313735 0.00214746 0.00146183 0.00202913
50.04 0.328247 0.331919 0.31383 0.00188242 0.00205759 0.00237712
50.06 0.328305 0.332015 0.313939 0.00144973 0.00238574 0.00273987
50.08 0.328353 0.332111 0.314054 0.0011913 0.00241181 0.00286013
50.1 0.328405 0.332199 0.314154 0.00129772 0.00218259 0.00250912
50.12 0.328473 0.332269 0.314221 0.00169576 0.00177346 0.00165993
50.14 0.328558 0.332322 0.314244 0.00213485 0.00130107 0.000597087
50.16 0.328652 0.33236 0.314237 0.00234152 0.000952834 -0.000175352
50.18 0.328739 0.332397 0.314229 0.00217534 0.000925071 -0.000215322
50.2 0.328808 0.332448 0.314252 0.00174225 0.00128679 0.000570069
50.22 0.328861 0.332524 0.314325 0.00132476 0.00190662 0.00183727
50.24 0.328908 0.332624 0.314444 0.00115798 0.00249254 0.00298535
50.26 0.328959 0.332733 0.314584 0.00127541 0.00273056 0.00348819
50.28 0.329021 0.332833 0.314711 0.0015526 0.00248961 0.00317656
50.3 0.329094 0.332911 0.314803 0.00183877 0.0019597 0.00228972
50.32 0.329176 0.332974 0.314855 0.00204506 0.0015771 0.00130857
50.34 0.329263 0.333043 0.314883 0.00215883 0.0017157 0.000702381
50.36 0.329351 0.333137 0.314912 0.00220951 0.00235054 0.000712784
50.38 0.329439 0.333257 0.314962 0.00220918 0.00299968 0.00124879
50.4 0.329524 0.333379 0.315039 0.00211219 0.00306272 0.00194248
50.42 0.329598 0.333471 0.315134 0.00184291 0.0022918 0.00236263
50.44 0.329654 0.333512 0.315225 0.00139993 0.00100939 0.00227706
50.46 0.329692 0.333509 0.315297 0.000960295 -6.57407e-05 0.00180703
50.48 0.329725 0.333498 0.315352 0.000834775 -0.000264686 0.00136712
50.5 0.329775 0.333522 0.315408 0.00125346 0.000595762 0.00140581
50.52 0.329862 0.333606 0.315492 0.00215481 0.00208759 0.00210162
50.54 0.329988 0.333744 0.315621 0.00315661 0.00345455 0.00321129
50.56 0.330138 0.333907 0.315787 0.00373895 0.00407734 0.00417345
50.58 0.330279 0.334058 0.315964 0.0035338 0.00377585 0.00442201
50.6 0.330381 0.33417 0.316113 0.00255866 0.00281223 0.00371197
50.62 0.330431 0.334238 0.316203 0.00124811 0.00167683 0.00225801
50.64 0.330441 0.33427 0.316228 0.000235537 0.000810111 0.000626311
50.66 0.330441 0.334287 0.316207 1.71414e-05 0.000420565 -0.000533945
50.68 0.330469 0.334306 0.316176 0.000691084 0.000484262 -0.000783545
50.7 0.330545 0.334342 0.316172 0.0019072 0.000891095 -8.58254e-05
50.72 0.330667 0.334405 0.316219 0.00304729 0.00157235 0.00117797
50.74 0.330809 0.334503 0.316315 0.00354125 0.00246462 0.00239919
50.76 0.330935 0.334639 0.316437 0.00314793 0.00339419 0.00305077
50.78 0.331017 0.334802 0.316555 0.00206431 0.00406812 0.00295382
50.8 0.33105 0.33497 0.316649 0.000828651 0.0042168 0.00233214
50.82 0.331053 0.335122 0.316713 5.63251e-05 0.00378646 0.00161686
50.84 0.331058 0.335243 0.31676 0.000127538 0.00301953 0.0011635
50.86 0.331098 0.335336 0.316803 0.00099872 0.00234137 0.0010756
50.88 0.331188 0.335421 0.316851 0.0022562 0.00210735 0.00120617
50.9 0.331322 0.335515 0.316903 0.00335349 0.00236162 0.00130092
50.92 0.331477 0.335628 0.316951 0.00386953 0.00282125 0.00118653
50.94 0.331624 0.335752 0.316986 0.00367375 0.00311017 0.000894169
50.96 0.331741 0.335874 0.317011 0.00293726 0.00303484 0.00061874
50.98 0.331822 0.335982 0.317033 0.00200907 0.00270194 0.000553181
51 0.331872 0.336078 0.317064 0.00124849 0.0024106 0.000759578
51.02 0.331907 0.336174 0.31711 0.000892759 0.00239362 0.00115167
51.04 0.331947 0.336278 0.317172 0.00100301 0.00260824 0.00156371
51.06 0.332007 0.336389 0.317247 0.00149787 0.00277411 0.00186718
51.08 0.332096 0.336495 0.31733 0.00221357 0.00263277 0.00206973
51.1 0.332214 0.336582 0.317422 0.00294689 0.00218236 0.00230877
51.12 0.332353 0.336649 0.31753 0.00349161 0.00168454 0.00269717
51.14 0.332501 0.336708 0.317656 0.00368813 0.00146861 0.00315117
51.16 0.33264 0.336774 0.317792 0.00347794 0.00166269 0.00338751
51.18 0.332758 0.336858 0.317916 0.00293973 0.00208127 0.00312154
51.2 0.332849 0.336954 0.318009 0.00227848 0.00239455 0.00231934
51.22 0.332919 0.337049 0.31806 0.00175394 0.00238652 0.00128045
51.24 0.332982 0.337131 0.31808 0.00156578 0.00205959 0.000485666
51.26 0.333051 0.337194 0.318094 0.00174667 0.00156248 0.000344911
51.28 0.333137 0.337237 0.318133 0.00213068 0.00106648 0.000988162
51.3 0.333234 0.337264 0.318221 0.00242675 0.000685362 0.00218609
51.32 0.333328 0.337283 0.318358 0.00236003 0.000472273 0.00343935
51.34 0.333401 0.337301 0.318527 0.00182534 0.000456964 0.00421005
51.36 0.33344 0.337327 0.318694 0.000980796 0.000650191 0.00418325
51.38 0.333448 0.337367 0.31883 0.000200702 0.000991252 0.00340563
51.4 0.333443 0.337419 0.318919 -0.000134768 0.00130507 0.00222256
51.42 0.333447 0.337473 0.318962 9.55448e-05 0.00135147 0.00107289
51.44 0.333473 0.337512 0.318973 0.000652289 0.000973228 0.000284916
51.46 0.333517 0.337521 0.318973 0.00110752 0.000232719 -9.4656e-06
51.48 0.333563 0.337498 0.31898 0.00114476 -0.000580314 0.000165136
51.5 0.333593 0.337455 0.319007 0.00075968 -0.00107841 0.000690838
51.52 0.333604 0.337415 0.319062 0.000257443 -0.00098569 0.00137959
51.54 0.333606 0.337402 0.319142 5.79873e-05 -0.000326422 0.0020023
51.56 0.333622 0.337424 0.319237 0.000402495 0.00054625 0.00237053
51.58 0.333668 0.337471 0.319335 0.00115745 0.00116323 0.00243693
51.6 0.333744 0.337522 0.319428 0.0019008 0.00126816 0.00232058
51.62 0.333833 0.337561 0.319516 0.00221569 0.000992849 0.00220446
51.64 0.333911 0.337591 0.319603 0.00194321 0.00073859 0.00218636
51.66 0.333962 0.337625 0.319691 0.00127435 0.000856142 0.0022041
51.68 0.333988 0.33768 0.319775 0.000654964 0.00136229 0.00208813
51.7 0.334009 0.337756 0.319843 0.000514889 0.00192086 0.00170304
51.72 0.334048 0.337841 0.319887 0.000983731 0.0021101 0.00108743
51.74 0.334121 0.337911 0.319906 0.0018239 0.00176737 0.000480488
51.76 0.334226 0.337957 0.319913 0.00262616 0.00113892 0.000171587
51.78 0.334349 0.337986 0.319924 0.00308267 0.000716761 0.000275141
51.8 0.334474 0.338021 0.319949 0.00311857 0.000892582 0.000641922
51.82 0.334588 0.338089 0.319989 0.00285922 0.00169 0.000994126
51.84 0.334689 0.338198 0.320035 0.00251382 0.00273141 0.00115022
51.86 0.334778 0.338336 0.320081 0.0022368 0.00345378 0.00114494
51.88 0.33486 0.338475 0.320128 0.00205153 0.00346943 0.00117369
51.9 0.334937 0.338588 0.320185 0.00190647 0.00282552 0.00142786
51.92 0.335009 0.338667 0.320262 0.00181404 0.00196284 0.00193414
51.94 0.335086 0.338723 0.320362 0.00191031 0.00140903 0.0024924
51.96 0.335179 0.338782 0.320473 0.00234097 0.00146105 0.00277355
51.98 0.335303 0.338864 0.320575 0.00309377 0.00207108 0.00254914
52 0.335461 0.338982 0.320651 0.00395902 0.002949 0.00189151
52.02 0.335647 0.339132 0.320697 0.0046521 0.00374883 0.00117272
52.04 0.335846 0.339301 0.320732 0.00496909 0.00422982 0.000852087
52.06 0.336041 0.339474 0.320779 0.00485959 0.00432489 0.00118749
52.08 0.336218 0.339639 0.320861 0.00442929 0.00410255 0.00205584
52.1 0.336373 0.339786 0.320982 0.00387387 0.00368324 0.00301728
52.12 0.336507 0.339914 0.321126 0.00335596 0.00320762 0.0035889
52.14 0.336624 0.340028 0.321267 0.00293093 0.00284393 0.00353845
52.16 0.336728 0.340138 0.321387 0.00260063 0.00275505 0.00300254
52.18 0.336824 0.340259 0.321482 0.00240319 0.00301221 0.00237576
52.2 0.336921 0.340399 0.321565 0.0024209 0.00350838 0.00206077
52.22 0.33703 0.340557 0.321654 0.00272775 0.00396128 0.00222455
52.24 0.337163 0.340719 0.321762 0.00331849 0.00405075 0.00270763
52.26 0.337325 0.340865 0.321888 0.00405954 0.00363566 0.00314709
52.28 0.337514 0.34098 0.322017 0.0047075 0.00288186 0.00322087
52.3 0.337714 0.341067 0.32213 0.00500181 0.00217113 0.00284056
52.32 0.337905 0.341141 0.322217 0.00478491 0.00185703 0.00216469
52.34 0.338069 0.341223 0.322275 0.00408611 0.00203688 0.00145791
52.36 0.338194 0.341322 0.322312 0.00312745 0.00248596 0.000929355
52.38 0.338283 0.341434 0.322339 0.00222635 0.00279971 0.000669636
52.4 0.338348 0.341541 0.322366 0.00163814 0.00267148 0.00068016
52.42 0.338407 0.341626 0.322403 0.00147658 0.00211187 0.000905623
52.44 0.338476 0.341682 0.322452 0.00171964 0.00142177 0.00123052
52.46 0.338565 0.341721 0.322511 0.00221871 0.000958026 0.00147805
52.48 0.338675 0.341757 0.32257 0.00274218 0.000919008 0.00147294
52.5 0.338798 0.341809 0.322616 0.00308756 0.00128427 0.00115613
52.52 0.338925 0.341884 0.322642 0.00316395 0.00186819 0.000652661
52.54 0.339043 0.34198 0.322651 0.00296099 0.00241242 0.000216766
52.56 0.339142 0.342088 0.322654 0.0024835 0.0026902 8.28249e-05
52.58 0.339213 0.342192 0.322668 0.00177136 0.00261341 0.00033712
52.6 0.339252 0.342283 0.322703 0.000967857 0.00227713 0.000887001
52.62 0.339264 0.342359 0.322764 0.000307211 0.00188092 0.00151697
52.64 0.339265 0.342423 0.322843 4.95779e-06 0.00160817 0.00198086
52.66 0.33927 0.342485 0.322927 0.00013749 0.00156021 0.00209643
52.68 0.339294 0.342555 0.323 0.000587883 0.00173413 0.00182181
52.7 0.339337 0.342635 0.323051 0.00108181 0.00201982 0.00126952
52.72 0.33939 0.342725 0.323077 0.00132402 0.00224437 0.00066443
52.74 0.339436 0.342816 0.323088 0.00115585 0.00227283 0.000274987
52.76 0.339461 0.3429 0.323101 0.000623972 0.00210103 0.000310887
52.78 0.339459 0.342974 0.323133 -5.30352e-05 0.00184317 0.000817393
52.8 0.339436 0.343038 0.323198 -0.000582279 0.00161116 0.00163055
52.82 0.339407 0.343095 0.323296 -0.000722983 0.00141031 0.00243207
52.84 0.339391 0.343142 0.323412 -0.000386575 0.0011825 0.00291179
52.86 0.339405 0.343179 0.32353 0.000340349 0.000926079 0.00295282
52.88 0.339454 0.343208 0.323638 0.00122335 0.000727629 0.00268228
52.9 0.33953 0.343236 0.323731 0.00190519 0.000688461 0.00232411
52.92 0.33961 0.343269 0.323811 0.00200643 0.000840482 0.00201566
52.94 0.339665 0.343314 0.323882 0.00136561 0.00112734 0.00177455
52.96 0.339675 0.343372 0.323946 0.000252839 0.00143593 0.00158802
52.98 0.339647 0.343437 0.324005 -0.00070423 0.00163754 0.00148794
53 0.339611 0.343504 0.324067 -0.000903097 0.00165354 0.00154875
53.02 0.339604 0.343564 0.32414 -0.000159835 0.00152064 0.00182801
53.04 0.339652 0.343619 0.324232 0.00119122 0.00137613 0.002304
53.06 0.339752 0.343674 0.324347 0.00250792 0.00135366 0.00285349
53.08 0.33988 0.343732 0.324478 0.00319479 0.00146871 0.00328351
53.1 0.34 0.343796 0.324614 0.00299473 0.00159892 0.00341367
53.12 0.340083 0.34386 0.324742 0.00206822 0.00158569 0.00318067
53.14 0.340117 0.343914 0.324849 0.000851064 0.00136363 0.00268433
53.16 0.34011 0.343955 0.324935 -0.000166667 0.0010072 0.00213728
53.18 0.340085 0.343982 0.325005 -0.000622227 0.00068762 0.00176472
53.2 0.34007 0.344006 0.325073 -0.000375607 0.000590118 0.00170309
53.22 0.340089 0.344038 0.325151 0.000482084 0.000818776 0.00193843
53.24 0.340155 0.344092 0.325243 0.00164824 0.00133463 0.00231462
53.26 0.340262 0.344171 0.325348 0.00266658 0.00197307 0.00261053
53.28 0.340385 0.344272 0.325454 0.00308843 0.00253409 0.00265887
53.3 0.340494 0.344387 0.325552 0.00271982 0.00287802 0.00244444
53.32 0.340565 0.344506 0.325636 0.00177702 0.00296273 0.00209153
53.34 0.340597 0.344619 0.325706 0.000789562 0.00282152 0.00176242
53.36 0.340609 0.344719 0.325769 0.000313979 0.0025026 0.00156833
53.38 0.340635 0.3448 0.325831 0.000638493 0.00203524 0.0015408
53.4 0.3407 0.344859 0.325895 0.00161686 0.00148079 0.00161918
53.42 0.340809 0.344898 0.325961 0.00273039 0.000972013 0.00164671
53.44 0.340944 0.344925 0.326019 0.00338329 0.000659174 0.00144734
53.46 0.341075 0.34495 0.326057 0.0032656 0.000626563 0.000943976
53.48 0.341176 0.344985 0.326065 0.00253723 0.000878178 0.00020754
53.5 0.341245 0.34504 0.326043 0.00170766 0.00137788 -0.000563005
53.52 0.341297 0.345122 0.325998 0.00131421 0.00204313 -0.00110384
53.54 0.341362 0.34523 0.32595 0.00161554 0.00270167 -0.00120238
53.56 0.341461 0.345354 0.325918 0.00247557 0.00310921 -0.000808755
53.58 0.341599 0.345476 0.325916 0.00346596 0.00305234 -5.73391e-05
53.6 0.341764 0.345575 0.325948 0.00411246 0.00247899 0.000813228
53.62 0.34193 0.345639 0.326012 0.00415011 0.0015957 0.00158912
53.64 0.342076 0.345673 0.326098 0.00364866 0.000841094 0.0021629
53.66 0.342195 0.3457 0.326199 0.00296787 0.000689233 0.00251469
53.68 0.342297 0.345754 0.326305 0.00256153 0.00133904 0.00264249
53.7 0.342405 0.345854 0.326406 0.00270493 0.00250108 0.00253277
53.72 0.342538 0.345995 0.326494 0.00331432 0.00353111 0.00220599
53.74 0.342698 0.34615 0.326566 0.00401086 0.00386533 0.00178554
53.76 0.342873 0.346285 0.326625 0.00437961 0.00338962 0.00149572
53.78 0.343043 0.346384 0.326688 0.0042339 0.0024591 0.00156002
53.8 0.343191 0.346448 0.32677 0.00370932 0.00161658 0.00204513
53.82 0.343317 0.346499 0.326881 0.00315644 0.00127798 0.00277747
53.84 0.343434 0.346561 0.327018 0.00291311 0.00154975 0.00343466
53.86 0.343558 0.34665 0.327168 0.00308961 0.00221641 0.00374501
53.88 0.343698 0.346765 0.327313 0.00350825 0.00288245 0.00363221
53.9 0.343852 0.346893 0.327442 0.00384258 0.00319322 0.00321911
53.92 0.344005 0.347012 0.327551 0.0038417 0.00298356 0.00272614
53.94 0.344144 0.347104 0.327645 0.00346573 0.00229104 0.00235016
53.96 0.344259 0.347157 0.327732 0.00287174 0.00131032 0.0021882
53.98 0.344351 0.34717 0.327821 0.00230005 0.000339372 0.00222395
54 0.344428 0.347159 0.327916 0.00192174 -0.000286871 0.00235262
54.02 0.344497 0.347147 0.328013 0.00174333 -0.000303086 0.00242845
54.04 0.344564 0.34716 0.328106 0.00165403 0.000341992 0.00232848
54.06 0.344626 0.347216 0.328186 0.00156431 0.00139333 0.00201201
54.08 0.344685 0.347311 0.328248 0.001485 0.00236532 0.00154262
54.1 0.344745 0.347422 0.328291 0.00149206 0.00278312 0.00106276
54.12 0.344811 0.34752 0.328319 0.00164324 0.00245517 0.000722941
54.14 0.344887 0.347584 0.328343 0.00190982 0.00159892 0.000601142
54.16 0.344973 0.347614 0.32837 0.00214492 0.00073813 0.000674095
54.18 0.345059 0.34763 0.328405 0.00213568 0.000409607 0.000865493
54.2 0.345129 0.347664 0.32845 0.0017508 0.000850742 0.00111713
54.22 0.345172 0.347739 0.328506 0.00108138 0.00186857 0.00139385
54.24 0.34519 0.347857 0.328571 0.000448892 0.00295865 0.00162704
54.26 0.345198 0.348 0.328639 0.000211332 0.00358311 0.00170509
54.28 0.345218 0.348139 0.328701 0.00049824 0.00346722 0.00155231
54.3 0.345263 0.34825 0.328749 0.00111493 0.00276951 0.00120977
54.32 0.34533 0.348329 0.328782 0.00168335 0.0019765 0.00082894
54.34 0.345406 0.348392 0.328806 0.00189343 0.00156614 0.000601153
54.36 0.345473 0.348461 0.328833 0.00167841 0.00172338 0.000665426
54.38 0.345522 0.348553 0.328874 0.00123165 0.00230998 0.00101977
54.4 0.345557 0.348673 0.328933 0.000879543 0.00300957 0.00148763
54.42 0.345592 0.348814 0.329005 0.000863309 0.00350779 0.0017851
54.44 0.345639 0.348959 0.329072 0.00116676 0.00363809 0.00166931
54.46 0.3457 0.349096 0.329116 0.00152882 0.00342391 0.00109918
54.48 0.345765 0.349216 0.329128 0.0016383 0.00299706 0.000311242
54.5 0.34582 0.349315 0.329117 0.00135735 0.00248403 -0.000280247
54.52 0.345853 0.349395 0.329104 0.000834421 0.00198894 -0.000322445
54.54 0.345871 0.349461 0.329114 0.000446391 0.00164635 0.000256079
54.56 0.345893 0.349525 0.329162 0.000555186 0.00160435 0.0012018
54.58 0.345942 0.349602 0.329246 0.00121788 0.0019274 0.00209338
54.6 0.346026 0.349703 0.329349 0.00210389 0.00251557 0.0025712
54.62 0.346135 0.349827 0.329449 0.00272265 0.00311913 0.00250894
54.64 0.346245 0.349965 0.329532 0.00276362 0.00343796 0.00207231
54.66 0.346336 0.350096 0.329597 0.00226061 0.00327228 0.00162957
54.68 0.346396 0.350202 0.329658 0.00151839 0.00265183 0.00151902
54.7 0.346434 0.350276 0.329731 0.000933193 0.00185547 0.00181906
54.72 0.346466 0.350327 0.329824 0.000798058 0.00127095 0.00232345
54.74 0.346511 0.350374 0.329933 0.00113342 0.00116753 0.00273162
54.76 0.346578 0.350436 0.330048 0.00167532 0.00154926 0.00288067
54.78 0.346661 0.350523 0.330161 0.0020771 0.00218013 0.00282727
54.8 0.346747 0.350632 0.330271 0.00215666 0.00272272 0.00274785
54.82 0.346827 0.350748 0.330382 0.00198153 0.00291018 0.00278015
54.84 0.346897 0.350855 0.3305 0.00176977 0.00267352 0.00293246
54.86 0.346966 0.350941 0.330623 0.00171098 0.0021549 0.00308443
54.88 0.34704 0.351006 0.330746 0.00185055 0.00160862 0.00307846
54.9 0.347123 0.351055 0.330861 0.0020888 0.00124679 0.00286804
54.92 0.347214 0.3511 0.330964 0.00225082 0.00111835 0.00258193
54.94 0.347301 0.351144 0.331061 0.00217703 0.00110597 0.00241452
54.96 0.347374 0.351186 0.331159 0.00182907 0.00104157 0.00245525
54.98 0.347428 0.35122 0.331264 0.00136525 0.000848055 0.00262412
55 0.347472 0.351245 0.331374 0.00108132 0.000619451 0.00274542
55.02 0.34752 0.351268 0.33148 0.00121829 0.00057772 0.0026599
55.04 0.347592 0.351304 0.331571 0.00179649 0.000903852 0.00228091
55.06 0.347697 0.351366 0.331636 0.00260691 0.00154713 0.00160321
55.08 0.34783 0.351454 0.331664 0.00332991 0.00219828 0.00070614
55.1 0.347978 0.351554 0.331655 0.00369716 0.00249338 -0.000219294
55.12 0.348123 0.351644 0.33162 0.00362792 0.00226162 -0.000876514
55.14 0.348252 0.351709 0.331581 0.00323984 0.00162736 -0.000975659
55.16 0.348362 0.351746 0.331565 0.00273515 0.000922422 -0.000407193
55.18 0.348454 0.351765 0.331591 0.00230164 0.000484041 0.000654471
55.2 0.348537 0.351784 0.331663 0.00208606 0.000464863 0.00180299
55.22 0.348624 0.351815 0.331766 0.00217627 0.000772861 0.00257688
55.24 0.348726 0.351862 0.331872 0.00254963 0.00118205 0.00265994
55.26 0.348848 0.351922 0.331953 0.0030345 0.00149509 0.00202647
55.28 0.348983 0.351988 0.331992 0.00337412 0.00164248 0.000972602
55.3 0.349118 0.352055 0.331991 0.00337521 0.00168303 -3.2836e-05
55.32 0.349239 0.352124 0.331967 0.00303147 0.00171351 -0.000612788
55.34 0.34934 0.352194 0.33194 0.0025166 0.00176303 -0.000666822
55.36 0.349422 0.352265 0.331926 0.0020698 0.00176188 -0.000345179
55.38 0.349497 0.352329 0.331931 0.00186978 0.00161868 0.000122625
55.4 0.349575 0.352383 0.331954 0.00195308 0.00133444 0.000587603
55.42 0.349664 0.352425 0.331996 0.00220737 0.00105364 0.00104455
55.44 0.349761 0.352464 0.332059 0.00243925 0.000987614 0.00158108
55.46 0.34986 0.352514 0.332149 0.00247241 0.00124687 0.00224177
55.48 0.349949 0.352583 0.332265 0.00222988 0.0017215 0.00289734
55.5 0.35002 0.352668 0.332395 0.00177967 0.00213411 0.0032585
55.52 0.350074 0.352758 0.332519 0.0013294 0.00224855 0.00309679
55.54 0.350119 0.352842 0.33262 0.00114646 0.00208296 0.00251067
55.56 0.350176 0.352919 0.332697 0.00142401 0.0019229 0.00193754
55.58 0.350263 0.353002 0.332771 0.00215982 0.00208691 0.00183917
55.6 0.350387 0.353107 0.332864 0.00309808 0.00263226 0.00234163
55.62 0.350539 0.353238 0.332991 0.00380199 0.00326593 0.00315279
55.64 0.350694 0.35338 0.333142 0.00388849 0.00355962 0.00379706
55.66 0.350826 0.353512 0.3333 0.00328725 0.003286 0.00392935
55.68 0.350919 0.353617 0.33344 0.00232314 0.00262021 0.00349893
55.7 0.35098 0.353699 0.333549 0.0015386 0.00204757 0.00274216
55.72 0.351034 0.353779 0.333631 0.00135447 0.00200706 0.00203959
55.74 0.351107 0.353881 0.333699 0.00181603 0.00254708 0.00169309
55.76 0.351211 0.354012 0.33377 0.00258913 0.00327825 0.00178004
55.78 0.351338 0.354159 0.333856 0.00318697 0.00366987 0.00216336
55.8 0.351469 0.354296 0.333961 0.00327016 0.00343392 0.00261685
55.82 0.351583 0.354405 0.334079 0.00285751 0.00272589 0.00294565
55.84 0.351676 0.354487 0.3342 0.00232137 0.0020451 0.00302571
55.86 0.35176 0.354562 0.334312 0.00210172 0.00188714 0.00281122
55.88 0.351853 0.354657 0.334406 0.00232903 0.00236961 0.00234068
55.9 0.351962 0.354782 0.334475 0.00272299 0.00312032 0.00173222
55.92 0.352077 0.354924 0.334522 0.00286875 0.00354185 0.00116171
55.94 0.352181 0.355054 0.334555 0.00258911 0.00325174 0.000828293
55.96 0.352263 0.355148 0.33459 0.00206687 0.00234544 0.000869269
55.98 0.35233 0.3552 0.334639 0.00166283 0.00130005 0.00124388
56 0.352395 0.355225 0.334707 0.0016206 0.000641895 0.0017014
56.02 0.352469 0.35525 0.334784 0.00187107 0.000626032 0.00190938
56.04 0.352552 0.355295 0.33485 0.00207317 0.00113085 0.00166442
56.06 0.352628 0.355368 0.334891 0.00188322 0.00180742 0.0010214
56.08 0.352678 0.355461 0.334902 0.00124783 0.00232379 0.000259866
56.1 0.352696 0.355562 0.33489 0.000469209 0.00253239 -0.000281838
56.12 0.352696 0.355661 0.334875 -7.45469e-06 0.00248387 -0.000392493
56.14 0.3527 0.355753 0.334871 9.29132e-05 0.00230156 -8.41655e-05
56.16 0.352727 0.355835 0.334889 0.000685896 0.00204239 0.000451486
56.18 0.352782 0.355902 0.334928 0.00137684 0.0016818 0.000980349
56.2 0.352851 0.355951 0.334982 0.00171483 0.00121743 0.00133334
56.22 0.35291 0.355981 0.335039 0.00148319 0.00075178 0.00143514
56.24 0.352943 0.356 0.335091 0.00082497 0.000463504 0.00130127
56.26 0.352949 0.35602 0.335132 0.000134201 0.000505343 0.00102852
56.28 0.352941 0.356056 0.335163 -0.000192246 0.000910002 0.000767946
56.3 0.352942 0.356119 0.33519 1.96449e-05 0.00156166 0.00066582
56.32 0.352968 0.356209 0.335221 0.000647284 0.00224313 0.000785354
56.34 0.353022 0.356318 0.335263 0.00135874 0.00272676 0.00105544
56.36 0.353094 0.356432 0.335315 0.00179743 0.00287106 0.00129845
56.38 0.353165 0.35654 0.335369 0.00179009 0.00268049 0.00133086
56.4 0.353224 0.356631 0.335412 0.00145347 0.00228441 0.00109359
56.42 0.353268 0.356705 0.335442 0.00111428 0.00184438 0.000730746
56.44 0.353312 0.356764 0.335463 0.00108842 0.00147168 0.000535375
56.46 0.353371 0.356813 0.335495 0.00147853 0.00122451 0.000793474
56.48 0.353456 0.356859 0.335559 0.00213887 0.00116163 0.00161549
56.5 0.353568 0.356913 0.335673 0.00279233 0.00135652 0.00283537
56.52 0.353695 0.356986 0.335835 0.00318149 0.00182613 0.00405652
56.54 0.353823 0.357085 0.336029 0.00319133 0.00245785 0.00484645
56.56 0.35394 0.357206 0.336228 0.00291649 0.00302294 0.00497145
56.58 0.354044 0.357337 0.336408 0.00261839 0.00328023 0.00450775
56.6 0.354146 0.357461 0.336558 0.00254972 0.00310989 0.00375388
56.62 0.354256 0.357565 0.336679 0.00275349 0.00258626 0.00302272
56.64 0.354378 0.357643 0.336778 0.00303045 0.00195083 0.00247934
56.66 0.354503 0.357702 0.336863 0.00312646 0.00149249 0.00211843
56.68 0.354621 0.357758 0.336937 0.00295917 0.00138588 0.00184994
56.7 0.354728 0.357821 0.337002 0.0026829 0.00158785 0.00162137
56.72 0.354831 0.357897 0.337061 0.002564 0.00188664 0.00148381
56.74 0.354941 0.357979 0.337122 0.00274784 0.00205799 0.00152698
56.76 0.355065 0.358059 0.337193 0.0030973 0.00199248 0.00175828
56.78 0.355195 0.358128 0.337276 0.00325907 0.00173599 0.00207551
56.8 0.355313 0.358186 0.337369 0.00293824 0.00144906 0.00232976
56.82 0.355399 0.358239 0.337465 0.00217021 0.00131662 0.00239484
56.84 0.355453 0.358297 0.337553 0.0013424 0.00143967 0.00220307
56.86 0.355491 0.358367 0.337623 0.000935456 0.00175425 0.00175488
56.88 0.355538 0.358449 0.337668 0.0011786 0.00205155 0.00112382
56.9 0.355612 0.358533 0.337686 0.00186296 0.00210108 0.000456627
56.92 0.355711 0.358604 0.337684 0.00246184 0.00178008 -5.89983e-05
56.94 0.355811 0.358649 0.337673 0.00249873 0.00113653 -0.0002781
56.96 0.355887 0.358665 0.337665 0.00190187 0.000396633 -0.000191464
56.98 0.355929 0.358661 0.337667 0.00106676 -0.00010038 5.43651e-05
57 0.355952 0.358659 0.337677 0.000569613 -6.83441e-05 0.000249925
57.02 0.355982 0.358681 0.337687 0.000742426 0.000556947 0.000256687
57.04 0.356039 0.358743 0.33769 0.0014225 0.00156024 7.23255e-05
57.06 0.356122 0.358845 0.337683 0.00207314 0.00253849 -0.000190283
57.08 0.356209 0.358969 0.337668 0.00219061 0.00309275 -0.000369877
57.1 0.356277 0.35909 0.337655 0.00170169 0.00303545 -0.000328831
57.12 0.356319 0.35919 0.337655 0.00103939 0.00249119 1.63723e-05
57.14 0.356352 0.359262 0.337683 0.000816352 0.00181188 0.000686778
57.16 0.356407 0.359316 0.337747 0.00137497 0.00135745 0.00159732
57.18 0.356509 0.359368 0.337847 0.00254978 0.00130038 0.00250349
57.2 0.35666 0.359431 0.337969 0.00378103 0.0015772 0.00306285
57.22 0.356839 0.359511 0.338091 0.00448047 0.00198308 0.00304377
57.24 0.357016 0.359604 0.338192 0.00441936 0.00232007 0.002509
57.26 0.357171 0.359703 0.338263 0.00386693 0.00248756 0.0017967
57.28 0.357305 0.359803 0.338316 0.00335297 0.00248881 0.00131482
57.3 0.357435 0.359899 0.338368 0.00326018 0.00239693 0.00130355
57.32 0.357579 0.35999 0.338437 0.00359569 0.00229896 0.00172177
57.34 0.357741 0.36008 0.338529 0.004062 0.00224158 0.00230896
57.36 0.357913 0.360169 0.338641 0.00429216 0.00222292 0.00278307
57.38 0.358077 0.360258 0.338762 0.00408553 0.00223269 0.00304106
57.4 0.358218 0.36035 0.33889 0.00353591 0.00229022 0.00318626
57.42 0.358337 0.360446 0.339025 0.00296771 0.00240796 0.00336866
57.44 0.358445 0.360546 0.339169 0.00270393 0.00250311 0.00360895
57.46 0.358558 0.360643 0.33932 0.00283205 0.00240577 0.00377036
57.48 0.358684 0.360723 0.339467 0.00315581 0.00201444 0.00367436
57.5 0.358818 0.360781 0.339597 0.00335371 0.00144374 0.00325792
57.52 0.358947 0.360821 0.339704 0.00320317 0.00100559 0.00266674
57.54 0.359055 0.360861 0.339792 0.00270797 0.0010006 0.00219692
57.56 0.359138 0.360921 0.339875 0.00207404 0.00148789 0.00208458
57.58 0.359201 0.361009 0.339967 0.00156808 0.00221897 0.00230813
57.6 0.359255 0.36112 0.340071 0.00134822 0.00276752 0.00258099
57.62 0.35931 0.361231 0.340172 0.0013766 0.00277787 0.0025392
57.64 0.359368 0.361319 0.340252 0.00146928 0.00220083 0.00199005
57.66 0.359426 0.361373 0.340294 0.00144701 0.00134973 0.00105304
57.68 0.359477 0.361402 0.340298 0.00126475 0.000714332 9.58059e-05
57.7 0.359517 0.361427 0.340278 0.00101313 0.000628424 -0.000483541
57.72 0.35955 0.361469 0.340259 0.000818679 0.00105566 -0.000488593
57.74 0.35958 0.361537 0.340258 0.000742665 0.00169585 -2.0488e-05
57.76 0.35961 0.361627 0.340282 0.000743607 0.00224504 0.000612976
57.78 0.359639 0.361729 0.340326 0.000731854 0.00255395 0.0010988
57.8 0.359665 0.361834 0.340377 0.000657569 0.00262984 0.00127418
57.82 0.359687 0.361937 0.340423 0.000548814 0.00256829 0.00114218
57.84 0.359706 0.362036 0.340455 0.000475965 0.00246735 0.000791441
57.86 0.359725 0.36213 0.340468 0.000469822 0.00236373 0.000334028
57.88 0.359744 0.36222 0.340465 0.000477344 0.00224839 -8.94542e-05
57.9 0.359761 0.362306 0.340452 0.000427006 0.00214997 -0.000321259
57.92 0.359775 0.362393 0.340442 0.00034702 0.00218149 -0.00025083
57.94 0.359791 0.362493 0.340447 0.000390757 0.00248981 0.000139387
57.96 0.359819 0.362619 0.340478 0.000714621 0.0031434 0.000777545
57.98 0.359872 0.36278 0.340539 0.00132471 0.00404213 0.00151253
58 0.359954 0.362976 0.340624 0.0020349 0.00489911 0.0021399
58.02 0.360056 0.36319 0.340723 0.00256776 0.00534127 0.00247236
58.04 0.360165 0.363395 0.340821 0.00272318 0.00513056 0.00243839
58.06 0.360265 0.363569 0.340907 0.00250071 0.00434597 0.00214304
58.08 0.360349 0.363704 0.34098 0.00210562 0.00336639 0.00182642
58.1 0.360423 0.36381 0.341049 0.00182967 0.00266062 0.00174015
58.12 0.360497 0.363911 0.34113 0.00186451 0.00252327 0.00201036
58.14 0.360585 0.364027 0.341232 0.0021832 0.00290646 0.00255364
58.16 0.360689 0.364165 0.341356 0.00260108 0.00344894 0.00311167
58.18 0.360806 0.364314 0.341492 0.00294009 0.00371389 0.00339367
58.2 0.360931 0.364453 0.341621 0.0031183 0.00348426 0.00323195
58.22 0.361056 0.364569 0.341727 0.00312568 0.00288604 0.00264915
58.24 0.361175 0.364659 0.3418 0.00297094 0.00224499 0.00182997
58.26 0.361281 0.364732 0.341843 0.00265865 0.00182829 0.00105687
58.28 0.36137 0.3648 0.341868 0.00222787 0.00171126 0.000629293
58.3 0.361443 0.364873 0.341898 0.00181627 0.00182196 0.00074674
58.32 0.361508 0.364954 0.341954 0.00163561 0.00202564 0.00139434
58.34 0.361581 0.365041 0.342046 0.00181986 0.00216684 0.00232342
58.36 0.361672 0.365125 0.342173 0.00227137 0.00210868 0.00315698
58.38 0.361779 0.365196 0.342315 0.00268038 0.0017841 0.00355355
58.4 0.361888 0.365246 0.342448 0.0027256 0.00123414 0.00333694
58.42 0.36198 0.36527 0.34255 0.00228665 0.000608306 0.00254556
58.44 0.362041 0.365275 0.342607 0.00152896 0.000122395 0.0014134
58.46 0.362074 0.365274 0.342619 0.000833247 -2.76995e-05 0.000304177
58.48 0.362097 0.365282 0.342602 0.000582197 0.000213638 -0.000416378
58.5 0.362133 0.365311 0.342581 0.000899888 0.000703594 -0.000530655
58.52 0.362195 0.365358 0.342579 0.00154663 0.00117507 -5.49184e-05
58.54 0.362278 0.365413 0.34261 0.00207543 0.00139147 0.000769381
58.56 0.362364 0.365464 0.342673 0.00213609 0.00127578 0.00158181
58.58 0.362432 0.365502 0.342756 0.00171399 0.000944329 0.00208589
58.6 0.362478 0.365527 0.342844 0.00114041 0.000632221 0.00218903
58.62 0.362512 0.365549 0.342924 0.00085463 0.000538957 0.00199875
58.64 0.362556 0.365576 0.342993 0.00109075 0.000687625 0.00171943
58.66 0.362625 0.365613 0.343054 0.00173171 0.000908382 0.00154122
58.68 0.362722 0.365652 0.343116 0.00241679 0.000976599 0.0015508
58.7 0.362833 0.365684 0.343184 0.00278961 0.000802631 0.0016879
58.72 0.362943 0.365705 0.343256 0.00273689 0.000523461 0.00179501
58.74 0.363041 0.365721 0.343325 0.00245236 0.000411385 0.00172545
58.76 0.363131 0.365748 0.343381 0.00224106 0.000665802 0.00140843
58.78 0.36322 0.365798 0.343416 0.00224498 0.00124722 0.000870312
58.8 0.363315 0.365873 0.343426 0.00236417 0.00187643 0.000263002
58.82 0.363411 0.365962 0.34342 0.002413 0.00222584 -0.000147879
58.84 0.363504 0.366048 0.343418 0.00232058 0.00215882 -7.10813e-05
58.86 0.363592 0.366121 0.343444 0.0022031 0.00181372 0.000670139
58.88 0.363683 0.36618 0.343524 0.00227 0.0014885 0.00198346
58.9 0.363789 0.366237 0.343661 0.00263484 0.00142272 0.00342788
58.92 0.363917 0.366303 0.343835 0.00319913 0.00163915 0.00435152
58.94 0.364064 0.366381 0.344004 0.00369367 0.00194654 0.00423959
58.96 0.364218 0.366465 0.344126 0.00384638 0.00210417 0.00304196
58.98 0.364361 0.366546 0.344176 0.00358118 0.00202682 0.00123812
59 0.364485 0.36662 0.344159 0.00309469 0.00184469 -0.000423044
59.02 0.364594 0.366691 0.344106 0.00273023 0.00177662 -0.00132598
59.04 0.364703 0.366769 0.344056 0.00272524 0.00194578 -0.00125296
59.06 0.364825 0.36686 0.34404 0.00303621 0.00228157 -0.000393831
59.08 0.36496 0.366962 0.344072 0.00338004 0.00254926 0.000817904
59.1 0.365098 0.367061 0.344149 0.00345169 0.00248311 0.00192206
59.12 0.365224 0.367141 0.344253 0.00313883 0.00199753 0.00260154
59.14 0.365326 0.367193 0.344363 0.0025712 0.00130573 0.00272951
59.16 0.365407 0.367225 0.344456 0.00201425 0.000794055 0.00233819
59.18 0.365475 0.367254 0.34452 0.00169935 0.000727562 0.00159694
59.2 0.365543 0.367297 0.344552 0.00169707 0.00106994 0.000795802
59.22 0.36562 0.367359 0.344563 0.00191705 0.00156001 0.000267238
59.24 0.365708 0.367436 0.344571 0.00220612 0.00192244 0.000218811
59.26 0.365806 0.367518 0.344595 0.00245747 0.00203245 0.0005877
59.28 0.365912 0.367595 0.344638 0.00264453 0.00194304 0.00107914
59.3 0.366022 0.367667 0.344693 0.0027631 0.00179937 0.00137656
59.32 0.366133 0.367735 0.344747 0.00276825 0.00170598 0.00135988
59.34 0.366238 0.367802 0.344794 0.00261955 0.00166186 0.00117218
59.36 0.366333 0.367867 0.344839 0.00238409 0.00162348 0.00110887
59.38 0.366423 0.367931 0.344896 0.00223037 0.00160626 0.0014282
59.4 0.366514 0.367999 0.344983 0.00228779 0.00170026 0.00218317
59.42 0.366615 0.368079 0.345109 0.00251444 0.00200201 0.00314791
59.44 0.366723 0.368181 0.345265 0.00271423 0.00253934 0.00389369
59.46 0.36683 0.36831 0.345425 0.00268097 0.00322552 0.00399954
59.48 0.366924 0.368465 0.345556 0.00234738 0.00387022 0.00328736
59.5 0.366999 0.368635 0.345634 0.00185589 0.00425402 0.00194097
59.52 0.367058 0.368804 0.345652 0.00148899 0.00424058 0.000441483
59.54 0.367117 0.36896 0.345626 0.00148001 0.00387818 -0.000643256
59.56 0.367191 0.369095 0.345589 0.00183195 0.00339739 -0.00091637
59.58 0.367282 0.369219 0.345576 0.00229267 0.00307709 -0.00033986
59.6 0.367384 0.369342 0.345606 0.00254259 0.00307975 0.000752789
59.62 0.367481 0.369477 0.345679 0.00243682 0.00339092 0.00184316
59.64 0.367564 0.369631 0.34578 0.00206847 0.00385088 0.00250928
59.66 0.36763 0.3698 0.345885 0.00164219 0.00422493 0.00262434
59.68 0.367684 0.369972 0.345979 0.00135072 0.00429914 0.00235198
59.7 0.367737 0.370132 0.346058 0.00132047 0.00398779 0.00197374
59.72 0.367799 0.370268 0.346125 0.00155147 0.0033917 0.00167402
59.74 0.367874 0.370377 0.346182 0.0018785 0.00274312 0.00143514
59.76 0.367956 0.370468 0.346227 0.0020482 0.0022695 0.00111556
59.78 0.368031 0.370551 0.346253 0.00188078 0.00206788 0.000643419
59.8 0.368087 0.370633 0.346259 0.0013938 0.00206641 0.000157666
59.82 0.368119 0.370717 0.346256 0.000813466 0.00209523 -6.02632e-05
59.84 0.368138 0.370797 0.346263 0.000470004 0.00200186 0.000174604
59.86 0.368163 0.370866 0.346294 0.000608656 0.00172677 0.000772173
59.88 0.368211 0.370919 0.346351 0.00121275 0.00132192 0.00141921
59.9 0.36829 0.370956 0.346424 0.00197671 0.000917169 0.00181334
59.92 0.368389 0.370982 0.346499 0.00246133 0.000641332 0.00188574
59.94 0.368483 0.371003 0.346572 0.00234901 0.000537912 0.00182169
59.96 0.368549 0.371025 0.346646 0.00166217 0.000548672 0.0018648
59.98 0.36858 0.371048 0.34673 0.000781165 0.000573015 0.00207897
60 0.368589 0.37107 0.346821 0.000211681 0.000549702 0.00227217
60.02 0.3686 0.37109 0.346906 0.000269316 0.000495915 0.00213644
60.04 0.368635 0.371109 0.346965 0.000895547 0.000488873 0.00148262
60.06 0.368704 0.371134 0.346982 0.00170798 0.00061945 0.000412975
60.08 0.368794 0.371172 0.346956 0.00225918 0.00093845 -0.000646737
60.1 0.368887 0.371228 0.346912 0.00233227 0.00140288 -0.00110531
60.12 0.36897 0.371303 0.34689 0.00205965 0.00187169 -0.000539695
60.14 0.369042 0.37139 0.346929 0.00180194 0.00219087 0.000973479
60.16 0.369117 0.371482 0.347041 0.00188905 0.00229352 0.00279651
60.18 0.369213 0.371571 0.347204 0.00239332 0.00223555 0.00407165
60.2 0.369336 0.371658 0.347374 0.00307029 0.0021576 0.00425931
60.22 0.369476 0.371746 0.347513 0.00351388 0.00219826 0.00346795
60.24 0.369614 0.371842 0.347606 0.00344645 0.0024121 0.00232318
60.26 0.369731 0.371952 0.347666 0.00292441 0.00273687 0.00150695
60.28 0.369823 0.372073 0.34772 0.00229198 0.0030239 0.00133556
60.3 0.369901 0.372198 0.347786 0.00194339 0.00313851 0.00165667
60.32 0.369984 0.37232 0.347869 0.00208951 0.00305466 0.00209088
60.34 0.370091 0.372435 0.347964 0.00267179 0.00286277 0.00237027
60.36 0.370228 0.372543 0.348063 0.00342232 0.00270556 0.00247785
60.38 0.370388 0.37265 0.348164 0.00401107 0.00268531 0.00252345
60.4 0.370556 0.372761 0.348266 0.00418844 0.00277472 0.00254194
60.42 0.370711 0.372874 0.348363 0.00386813 0.0028163 0.00243086
60.44 0.370836 0.37298 0.348446 0.00314159 0.00264272 0.00205934
60.46 0.370926 0.373069 0.348503 0.00222947 0.00223325 0.00142827
60.48 0.370981 0.373139 0.348531 0.00138698 0.00175302 0.000714861
60.5 0.371013 0.373197 0.348537 0.000807053 0.00143411 0.000154984
60.52 0.371036 0.373253 0.348533 0.000567013 0.0014104 -0.000107643
60.54 0.371061 0.373318 0.348529 0.000635249 0.00162554 -9.36174e-05
60.56 0.371098 0.373393 0.348531 0.000923428 0.00186269 4.67918e-05
60.58 0.371152 0.373467 0.348537 0.00133204 0.00187167 0.000142332
60.6 0.371222 0.37353 0.348542 0.00176496 0.00155464 0.000124129
60.62 0.371307 0.373573 0.348545 0.00210838 0.00107687 7.42551e-05
60.64 0.371395 0.373603 0.348551 0.00221487 0.000765841 0.000148003
60.66 0.371474 0.373638 0.348568 0.00196578 0.000854735 0.000430609
60.68 0.37153 0.373689 0.348603 0.00140666 0.00129349 0.00086696
60.7 0.371562 0.37376 0.348654 0.000809183 0.00178018 0.00129074
60.72 0.371585 0.373839 0.348714 0.000555881 0.00197536 0.00150009
60.74 0.371622 0.373909 0.34877 0.000925689 0.00174591 0.001379
60.76 0.371698 0.37396 0.348809 0.00190537 0.00125492 0.000997524
60.78 0.371823 0.373993 0.348833 0.00311664 0.000835716 0.000595676
60.8 0.371981 0.374024 0.348851 0.00395907 0.000773218 0.000454466
60.82 0.37214 0.37407 0.348881 0.00397543 0.00115912 0.000743115
60.84 0.372267 0.374145 0.348938 0.00318591 0.00186418 0.0014298
60.86 0.372352 0.374249 0.349031 0.00211541 0.00259473 0.00230372
60.88 0.372411 0.37437 0.349154 0.00147753 0.00303377 0.00309116
60.9 0.37248 0.374491 0.349297 0.00172072 0.00303087 0.00356185
60.92 0.372589 0.3746 0.34944 0.00273603 0.00271004 0.0035861
60.94 0.372747 0.374695 0.349567 0.00392927 0.00237806 0.00316488
60.96 0.372932 0.374787 0.349664 0.0046334 0.00229921 0.00243297
60.98 0.373114 0.374888 0.34973 0.00455291 0.00252348 0.00163717
61 0.37327 0.375003 0.349772 0.00390846 0.00287905 0.00106309
61.02 0.373399 0.375127 0.349809 0.00321721 0.00310721 0.000919873
61.04 0.373515 0.375248 0.349859 0.00290329 0.00302809 0.00125025
61.06 0.373636 0.375355 0.349935 0.00301846 0.00266168 0.00189632
61.08 0.373766 0.375443 0.350037 0.00325267 0.00221584 0.00256
61.1 0.373895 0.37552 0.350156 0.00322615 0.00192035 0.00296438
61.12 0.374008 0.375594 0.350276 0.00283106 0.00185397 0.0030092
61.14 0.374101 0.375671 0.350388 0.00231764 0.00192688 0.00279476
61.16 0.374183 0.375751 0.350488 0.00204771 0.00199182 0.0025028
61.18 0.37427 0.375828 0.350578 0.00217196 0.00193492 0.00224886
61.2 0.37437 0.375896 0.350659 0.00251708 0.00169624 0.00202058
61.22 0.37448 0.375948 0.350727 0.00274193 0.00128457 0.00171793
61.24 0.374584 0.375979 0.350778 0.00260736 0.000796551 0.00125783
61.26 0.37467 0.375995 0.350805 0.00214213 0.000383085 0.000675923
61.28 0.374734 0.376001 0.35081 0.00160387 0.000164756 0.00012944
61.3 0.374785 0.376008 0.350801 0.00126912 0.000160411 -0.000217916
61.32 0.374833 0.376019 0.350789 0.00120668 0.00029142 -0.000298263
61.34 0.374882 0.376037 0.350784 0.00122867 0.000438357 -0.000140592
61.36 0.374926 0.376057 0.350791 0.00108499 0.000496875 0.000195347
61.38 0.374955 0.376074 0.350818 0.000719631 0.000417139 0.000656582
61.4 0.374969 0.376083 0.350864 0.000353696 0.000238923 0.00116525
61.42 0.374982 0.376086 0.350927 0.000325177 8.20011e-05 0.00156725
61.44 0.375014 0.376089 0.350994 0.000812149 6.82573e-05 0.00166231
61.46 0.37508 0.376099 0.351047 0.00164149 0.000246034 0.00133105
61.48 0.375173 0.376122 0.351073 0.0023334 0.000581451 0.000652032
61.5 0.375269 0.376162 0.351069 0.00239017 0.00100003 -0.000102512
61.52 0.375336 0.376219 0.351045 0.00167341 0.00142932 -0.000588926
61.54 0.375359 0.376292 0.351023 0.000569661 0.00180365 -0.000553006
61.56 0.37535 0.376374 0.351025 -0.00022787 0.00205184 4.19271e-05
61.58 0.375343 0.376459 0.351064 -0.000163009 0.0021261 0.000987179
61.6 0.375376 0.376541 0.351141 0.000812819 0.00205032 0.00192615
61.62 0.375463 0.376617 0.351242 0.00218715 0.00191808 0.00252585
61.64 0.375591 0.37669 0.351347 0.00321007 0.00181679 0.00262046
61.66 0.375727 0.376761 0.351438 0.00338114 0.00177903 0.00227724
61.68 0.375837 0.376834 0.351509 0.00276715 0.00182627 0.00177348
61.7 0.375914 0.376914 0.351567 0.00192216 0.00200171 0.00145599
61.72 0.375974 0.377008 0.351629 0.00149732 0.00233608 0.00155148
61.74 0.376047 0.37712 0.351711 0.00182209 0.00279955 0.00204817
61.76 0.376156 0.377251 0.35182 0.00272675 0.0032918 0.00271537
61.78 0.376304 0.377398 0.35195 0.00369778 0.00366619 0.00324505
61.8 0.376473 0.377549 0.352087 0.00422709 0.00378211 0.00342889
61.82 0.376638 0.377693 0.352218 0.00412981 0.00360211 0.00327585
61.84 0.376783 0.377825 0.352337 0.00362245 0.00328693 0.00298552
61.86 0.376908 0.377951 0.352449 0.0031112 0.00313926 0.00278103
61.88 0.377022 0.378085 0.352558 0.00286677 0.0033641 0.00272856
61.9 0.377136 0.37824 0.352666 0.00285048 0.00386683 0.00269851
61.92 0.377249 0.378412 0.352766 0.00282271 0.00431118 0.00251616
61.94 0.377354 0.378588 0.352853 0.00261359 0.00438696 0.00217485
61.96 0.377445 0.37875 0.352929 0.00228006 0.00404703 0.0018796
61.98 0.377526 0.37889 0.353002 0.00203095 0.00352241 0.00183164
62 0.377607 0.379015 0.353081 0.00201629 0.00311954 0.00197311
62.02 0.377693 0.379135 0.35316 0.00215097 0.00300062 0.00198708
62.04 0.377779 0.37926 0.353223 0.00214854 0.00310995 0.00155937
62.06 0.37785 0.37939 0.353249 0.00178877 0.00325 0.000669697
62.08 0.377897 0.379519 0.353237 0.00117756 0.00323284 -0.000315101
62.1 0.377926 0.37964 0.353203 0.000715283 0.00301769 -0.000842676
62.12 0.377957 0.379749 0.353181 0.000766583 0.00273599 -0.000564004
62.14 0.37801 0.379852 0.353196 0.00132249 0.00257357 0.000379751
62.16 0.378088 0.379957 0.353253 0.00195908 0.00261472 0.00142525
62.18 0.378174 0.380068 0.353331 0.002152 0.00278353 0.0019657
62.2 0.378242 0.380184 0.353401 0.00169979 0.00289743 0.00173927
62.22 0.378278 0.380295 0.353439 0.000894201 0.00277088 0.000942916
62.24 0.37829 0.380388 0.353441 0.000306556 0.00232339 4.66292e-05
62.26 0.378305 0.380453 0.35342 0.000379566 0.00163396 -0.000518264
62.28 0.378349 0.380489 0.353397 0.00110432 0.000908584 -0.000577872
62.3 0.37843 0.380505 0.353387 0.0020165 0.000389761 -0.000233236
62.32 0.378532 0.380515 0.353398 0.00255706 0.000247584 0.000270238
62.34 0.378632 0.380534 0.353426 0.00249691 0.000489012 0.000708293
62.36 0.378714 0.380572 0.353466 0.00205531 0.000945462 0.000978413
62.38 0.378781 0.380627 0.35351 0.00165958 0.00136572 0.00110286
62.4 0.378845 0.38069 0.353557 0.00160115 0.00156595 0.00117418
62.42 0.37892 0.380751 0.353608 0.00186961 0.00152754 0.00129222
62.44 0.379009 0.380805 0.353668 0.00223541 0.0013651 0.00150166
62.46 0.379108 0.380853 0.353739 0.00246256 0.00119952 0.00175873
62.48 0.379207 0.380895 0.353817 0.00248871 0.00105501 0.00196357
62.5 0.379305 0.38093 0.353898 0.00244721 0.000855613 0.00202718
62.52 0.379406 0.38095 0.353975 0.00251992 0.000512079 0.00192
62.54 0.379515 0.380952 0.354043 0.00273979 4.41505e-05 0.00168253
62.56 0.379633 0.380938 0.354099 0.0029381 -0.000356952 0.00141403
62.58 0.379749 0.380921 0.354148 0.00290396 -0.000426595 0.00123056
62.6 0.379853 0.380919 0.354197 0.00260732 -3.64921e-05 0.0012191
62.62 0.379945 0.380946 0.354254 0.00227905 0.000681318 0.00141631
62.64 0.380035 0.381002 0.354326 0.00225066 0.00140154 0.00180678
62.66 0.380142 0.381075 0.354418 0.00268034 0.00182483 0.00230872
62.68 0.380278 0.381149 0.354528 0.00340297 0.00184419 0.00274945
62.7 0.380439 0.381211 0.354645 0.00402649 0.00155119 0.00291059
62.72 0.380607 0.381257 0.354751 0.00419645 0.00114754 0.00265732
62.74 0.38076 0.38129 0.354833 0.00383063 0.00082149 0.00204727
62.76 0.380886 0.381316 0.354887 0.00315796 0.000662253 0.00134696
62.78 0.380988 0.381343 0.354923 0.00254609 0.000673153 0.0009143
62.8 0.381078 0.381377 0.354963 0.00224959 0.000837265 0.000989319
62.82 0.381169 0.381423 0.355024 0.00226535 0.00114349 0.00152646
62.84 0.381265 0.381485 0.355112 0.00240259 0.00154756 0.00220536
62.86 0.381364 0.381562 0.355218 0.00248308 0.00192786 0.00264708
62.88 0.381464 0.381647 0.355324 0.00248601 0.00212515 0.00265747
62.9 0.381565 0.381729 0.355416 0.00252939 0.00205978 0.00228299
62.92 0.381674 0.381802 0.355483 0.00272318 0.00181242 0.00169056
62.94 0.381795 0.381864 0.355525 0.00302729 0.00156953 0.00105126
62.96 0.381924 0.381924 0.355546 0.00322969 0.00148815 0.000526311
62.98 0.382048 0.381987 0.355557 0.00308891 0.00158044 0.000255666
63 0.382151 0.382055 0.355568 0.00257541 0.00170491 0.000286615
63.02 0.382229 0.382123 0.35559 0.00196443 0.00169715 0.000546235
63.04 0.382295 0.382184 0.355626 0.00164631 0.00152614 0.000896639
63.06 0.382368 0.382237 0.355673 0.00181824 0.00133137 0.00117848
63.08 0.382461 0.38229 0.355722 0.0023336 0.00131458 0.00123056
63.1 0.382574 0.382353 0.35576 0.00281747 0.0015637 0.000951445
63.12 0.382691 0.382431 0.355776 0.00292975 0.00194933 0.000395146
63.14 0.382795 0.382519 0.355768 0.00259237 0.00220714 -0.000192911
63.16 0.382876 0.382606 0.355749 0.00204085 0.00218216 -0.000481247
63.18 0.382942 0.382685 0.355739 0.00164791 0.00198289 -0.000249217
63.2 0.383009 0.38276 0.355758 0.00165574 0.00187355 0.00046125
63.22 0.38309 0.382842 0.355812 0.00204033 0.00204196 0.00135383
63.24 0.383193 0.38294 0.355894 0.00257342 0.00245891 0.00204764
63.26 0.383313 0.383057 0.355986 0.0029896 0.0029034 0.00229545
63.28 0.383438 0.383181 0.35607 0.00314264 0.0031071 0.0021006
63.3 0.383561 0.383299 0.356136 0.00307034 0.00294749 0.00166343
63.32 0.383678 0.383401 0.356185 0.00292375 0.00254488 0.00122428
63.34 0.383792 0.383488 0.356222 0.00284238 0.00218483 0.00093118
63.36 0.383906 0.383573 0.356255 0.00286394 0.00213012 0.000813436
63.38 0.384023 0.383671 0.356289 0.00291255 0.00244528 0.000842692
63.4 0.384138 0.383789 0.356329 0.00288156 0.00295991 0.00100717
63.42 0.384247 0.383925 0.356383 0.00272592 0.0033894 0.00134288
63.44 0.384346 0.384066 0.356458 0.00247736 0.00351775 0.00188074
63.46 0.384434 0.384197 0.356559 0.0022031 0.00329542 0.00254033
63.48 0.384513 0.38431 0.356683 0.00196602 0.00281026 0.00308818
63.5 0.384586 0.384399 0.356813 0.00182392 0.00221774 0.00324619
63.52 0.384659 0.384467 0.356928 0.00181292 0.00170048 0.00287459
63.54 0.384734 0.384523 0.357011 0.00189204 0.00141531 0.00208427
63.56 0.384812 0.38458 0.357059 0.00193351 0.00141436 0.00120548
63.58 0.384884 0.384645 0.357084 0.00179982 0.00162495 0.000610092
63.6 0.384941 0.384722 0.357103 0.0014431 0.00191938 0.000491444
63.62 0.38498 0.38481 0.357134 0.000957484 0.00220266 0.000773531
63.64 0.385001 0.384907 0.357183 0.000544279 0.00243052 0.00121809
63.66 0.385017 0.38501 0.357247 0.000382451 0.00257252 0.00160049
63.68 0.385036 0.385114 0.357319 0.000492587 0.00260311 0.00179888
63.7 0.385065 0.385215 0.357391 0.000715661 0.0025235 0.00178819
63.72 0.385098 0.38531 0.357455 0.000832123 0.00237878 0.00161511
63.74 0.385127 0.3854 0.35751 0.00073135 0.00223913 0.00137462
63.76 0.385148 0.385486 0.357556 0.000502005 0.00216028 0.00115801
63.78 0.385162 0.385573 0.357596 0.000357212 0.00216665 0.0010003
63.8 0.385179 0.385663 0.357632 0.00043602 0.00224912 0.000883327
63.82 0.385207 0.385758 0.357664 0.000683906 0.00237955 0.000797144
63.84 0.385244 0.385859 0.357694 0.000927841 0.00254349 0.000768785
63.86 0.385285 0.385969 0.357727 0.00103308 0.00273915 0.000804995
63.88 0.385325 0.386086 0.357761 0.00098873 0.00293049 0.000847929
63.9 0.385361 0.386207 0.357794 0.000900754 0.00301967 0.000823784
63.92 0.385397 0.386323 0.357822 0.000910107 0.00289287 0.000716418
63.94 0.38544 0.386424 0.357845 0.00107677 0.00253575 0.00058144
63.96 0.385493 0.386508 0.357866 0.00131548 0.00210634 0.000507174
63.98 0.38555 0.386582 0.357888 0.00143705 0.00184845 0.000559908
64 0.385602 0.386659 0.357917 0.00128547 0.00190587 0.000733137
64.02 0.385637 0.386747 0.357954 0.000894065 0.00219746 0.000926575
64.04 0.385659 0.386845 0.357994 0.000530101 0.00245076 0.000995442
64.06 0.385679 0.38694 0.358029 0.000520383 0.00238876 0.000863694
64.08 0.385719 0.387018 0.358054 0.000982393 0.00194928 0.000619037
64.1 0.385787 0.387073 0.358073 0.00170848 0.00136221 0.000485051
64.12 0.38588 0.387112 0.358099 0.00232269 0.000994857 0.000661514
64.14 0.385983 0.387156 0.358145 0.00256309 0.00107897 0.00114378
64.16 0.38608 0.387217 0.358213 0.00244443 0.00154313 0.00169117
64.18 0.386168 0.3873 0.358293 0.00219549 0.00207394 0.00199567
64.2 0.386251 0.387394 0.358369 0.00206213 0.00233862 0.00190607
64.22 0.386337 0.387481 0.358431 0.00215411 0.00218393 0.00154733
64.24 0.386434 0.387549 0.358481 0.00242777 0.00170209 0.00125836
64.26 0.386544 0.387595 0.358536 0.00275654 0.00115322 0.00137019
64.28 0.386665 0.387627 0.358614 0.00302393 0.000803539 0.00194203
64.3 0.386793 0.387658 0.35872 0.00320962 0.000759827 0.0026514
64.32 0.386931 0.387694 0.358839 0.00342873 0.000911423 0.00298265
64.34 0.387085 0.387736 0.358944 0.00384979 0.00104752 0.00261976
64.36 0.387266 0.387778 0.359013 0.00452293 0.00105485 0.00172788
64.38 0.387476 0.387819 0.359047 0.00526154 0.00101205 0.000854907
64.4 0.387704 0.387862 0.359068 0.00570275 0.00108169 0.0005237
64.42 0.387926 0.387915 0.359102 0.0055525 0.00131509 0.000860276
64.44 0.38812 0.387978 0.359165 0.00483887 0.00158319 0.00155343
64.46 0.388279 0.388047 0.359251 0.00397021 0.00171872 0.0021475
64.48 0.38842 0.388114 0.359346 0.00352672 0.00168314 0.00239444
64.5 0.388575 0.388176 0.359441 0.00389169 0.00154131 0.00236895
64.52 0.388774 0.38823 0.359533 0.00495647 0.00134978 0.00229573
64.54 0.389018 0.388274 0.359625 0.00611872 0.00111084 0.00229091
64.56 0.389283 0.388307 0.359715 0.00662577 0.000808893 0.0022664
64.58 0.389525 0.388326 0.359797 0.00603991 0.000482844 0.00205645
64.6 0.389706 0.388336 0.359862 0.00452401 0.000253127 0.00162455
64.62 0.389817 0.388347 0.359908 0.00278912 0.000280587 0.00114695
64.64 0.389886 0.388374 0.359944 0.00170377 0.000662182 0.000886153
64.66 0.389957 0.388427 0.359983 0.00177639 0.0013206 0.00097038
64.68 0.390071 0.388506 0.360034 0.00286173 0.00199023 0.00128659
64.7 0.390242 0.3886 0.360097 0.00427771 0.00234042 0.00157254
64.72 0.390451 0.388687 0.360161 0.00521563 0.00217468 0.0016053
64.74 0.390658 0.38875 0.360215 0.00516813 0.00157207 0.00134722
64.76 0.390824 0.388784 0.360253 0.00414808 0.000855267 0.000942405
64.78 0.390928 0.3888 0.360276 0.00261041 0.000402828 0.000575253
64.8 0.390975 0.388818 0.36029 0.00117919 0.000441221 0.000346088
64.82 0.390989 0.388855 0.3603 0.000352825 0.000938652 0.000262409
64.84 0.391001 0.388921 0.360312 0.000305706 0.00165567 0.000302525
64.86 0.391036 0.389013 0.360331 0.000853841 0.00230145 0.000468566
64.88 0.3911 0.38912 0.360362 0.00159748 0.00266129 0.000773868
64.9 0.391186 0.389226 0.360409 0.00215892 0.00264493 0.00117479
64.92 0.39128 0.389317 0.360469 0.00235692 0.00229416 0.0015105
64.94 0.391369 0.389388 0.360532 0.00222273 0.00176042 0.00155929
64.96 0.391445 0.389438 0.360581 0.00189747 0.0012531 0.00122747
64.98 0.391505 0.389477 0.360609 0.00150287 0.000975626 0.000700148
65 0.391548 0.389519 0.360623 0.00106891 0.00105953 0.000350027
65.02 0.391571 0.389579 0.36064 0.000570281 0.00149361 0.000433465
65.04 0.391572 0.389663 0.360674 2.71417e-05 0.00210263 0.000858951
65.06 0.391555 0.389768 0.360725 -0.000419498 0.00262047 0.0012637
65.08 0.391533 0.38988 0.360778 -0.000556906 0.00280022 0.00133092
65.1 0.391522 0.389981 0.36082 -0.000258096 0.00253257 0.00105298
65.12 0.391538 0.390059 0.360849 0.000383026 0.00193259 0.00071281
65.14 0.391579 0.390111 0.360874 0.0010367 0.00130074 0.000636977
65.16 0.391631 0.390149 0.360912 0.00129969 0.000948568 0.000941708
65.18 0.39167 0.390189 0.360971 0.000974001 0.00100783 0.00146488
65.2 0.391681 0.390244 0.361047 0.000261098 0.00138446 0.00191347
65.22 0.391667 0.39032 0.36113 -0.000327139 0.0018844 0.00207312
65.24 0.391655 0.390414 0.361208 -0.00030207 0.00236187 0.00193844
65.26 0.391674 0.390524 0.361276 0.000456233 0.0027322 0.00171749
65.28 0.391736 0.39064 0.361344 0.00157052 0.00291981 0.00168791
65.3 0.391831 0.390756 0.361423 0.00236269 0.0028916 0.00198061
65.32 0.391923 0.390865 0.361522 0.00229053 0.00272436 0.00246507
65.34 0.391977 0.390968 0.361635 0.00135337 0.00256852 0.00282936
65.36 0.391982 0.391069 0.361747 0.000142692 0.00253109 0.00279395
65.38 0.391961 0.391174 0.361839 -0.000541111 0.00262146 0.00230508
65.4 0.391952 0.391285 0.361901 -0.000231028 0.00278709 0.00156092
65.42 0.391988 0.391403 0.361936 0.000903989 0.00293549 0.000875014
65.44 0.392075 0.391521 0.361957 0.00219117 0.0029496 0.000508048
65.46 0.392191 0.391632 0.361979 0.00289664 0.00277505 0.000571519
65.48 0.392298 0.391731 0.36202 0.00267112 0.00249446 0.00101452
65.5 0.392367 0.391823 0.362087 0.00173489 0.00227714 0.00166886
65.52 0.392395 0.391913 0.362179 0.000699352 0.00226083 0.00231078
65.54 0.392402 0.392012 0.362288 0.000161304 0.00248103 0.00272306
65.56 0.392416 0.392127 0.362399 0.00034606 0.00285739 0.0027661
65.58 0.392456 0.392256 0.362496 0.00100705 0.00323282 0.00243519
65.6 0.392521 0.392395 0.362571 0.00163499 0.00347669 0.00185934
65.62 0.392595 0.392537 0.36262 0.00183542 0.00356394 0.0012391
65.64 0.392658 0.392679 0.362651 0.00157507 0.00353489 0.000769469
65.66 0.392704 0.392815 0.362674 0.00114411 0.00340989 0.00057673
65.68 0.39274 0.392942 0.362701 0.000913373 0.00318042 0.00068622
65.7 0.392783 0.393058 0.362743 0.0010702 0.00287616 0.00103245
65.72 0.392844 0.393162 0.362802 0.00151917 0.00260786 0.00149385
65.74 0.392923 0.393262 0.362879 0.00199537 0.00250268 0.00191997
65.76 0.393014 0.393367 0.362966 0.00227325 0.00261554 0.00216121
65.78 0.393106 0.393483 0.36305 0.0022973 0.00290381 0.00211819
65.8 0.393193 0.393612 0.363122 0.00216068 0.0032356 0.00178962
65.82 0.393273 0.393749 0.363173 0.0020048 0.00342811 0.00127437
65.84 0.393351 0.393882 0.363202 0.00193991 0.00333139 0.000713348
65.86 0.393431 0.393999 0.36321 0.00200673 0.00291297 0.000200967
65.88 0.393518 0.39409 0.3632 0.0021754 0.00227664 -0.000236181
65.9 0.393614 0.394155 0.363178 0.0023956 0.00161138 -0.000563132
65.92 0.39372 0.3942 0.363151 0.00267164 0.00112572 -0.000666252
65.94 0.393843 0.394239 0.363136 0.00305239 0.00097732 -0.000381061
65.96 0.393984 0.394286 0.36315 0.00353515 0.0011955 0.000364817
65.98 0.394144 0.394352 0.363206 0.00399627 0.00162864 0.00138552
66 0.394313 0.394431 0.363295 0.00421786 0.0019871 0.00223095
66.02 0.394473 0.394511 0.363392 0.00400642 0.00200334 0.00242208
66.04 0.394607 0.394576 0.363463 0.00335607 0.00161993 0.00178219
66.06 0.394709 0.394617 0.363487 0.00254252 0.0010174 0.000593391
66.08 0.39479 0.394635 0.363465 0.00203928 0.000467231 -0.000553518
66.1 0.394881 0.394642 0.363421 0.00226234 0.00015616 -0.00108073
66.12 0.395013 0.394645 0.363393 0.00329625 8.69231e-05 -0.000713369
66.14 0.395204 0.394649 0.363409 0.00479251 0.000100227 0.000396074
66.16 0.395448 0.394649 0.363479 0.00608478 -2.57152e-06 0.00176243
66.18 0.395709 0.394637 0.363592 0.00652118 -0.000306685 0.00282446
66.2 0.395943 0.394609 0.363722 0.00586826 -0.000701815 0.00323362
66.22 0.396123 0.394571 0.363842 0.00448536 -0.000940479 0.0030084
66.24 0.396247 0.394539 0.363941 0.00311246 -0.000806479 0.00246563
66.26 0.396345 0.394528 0.36402 0.0024399 -0.000282042 0.00199267
66.28 0.396454 0.394544 0.364093 0.0027395 0.000411058 0.00181524
66.3 0.396604 0.394583 0.36417 0.00373041 0.000963303 0.00191546
66.32 0.396794 0.39463 0.364255 0.0047652 0.00118535 0.00212622
66.34 0.397004 0.394673 0.364346 0.00525122 0.00108568 0.00228053
66.36 0.397204 0.394705 0.364438 0.00498142 0.000801819 0.0023038
66.38 0.39737 0.394725 0.364527 0.00416446 0.000500239 0.00222201
66.4 0.397498 0.394738 0.364611 0.00320706 0.000304142 0.0021097
66.42 0.397596 0.394748 0.364692 0.00244176 0.000261449 0.00202082
66.44 0.397676 0.394763 0.36477 0.00198828 0.000382797 0.00194937
66.46 0.397748 0.394791 0.364844 0.00181493 0.000683406 0.00184548
66.48 0.397823 0.394837 0.36491 0.00186634 0.00115249 0.00166364
66.5 0.397906 0.394905 0.364967 0.00208868 0.00171015 0.00142603
66.52 0.398001 0.394994 0.365017 0.00236554 0.00221242 0.00123446
66.54 0.398102 0.395093 0.365064 0.00251242 0.00248676 0.00117677
66.56 0.398197 0.395189 0.365113 0.0023757 0.00240004 0.00122507
66.58 0.398273 0.395267 0.365164 0.00191008 0.00193898 0.00126605
66.6 0.39832 0.395316 0.365213 0.00116836 0.00123994 0.00122666
66.62 0.398332 0.395338 0.365258 0.000308825 0.000548418 0.00112634
66.64 0.398317 0.395344 0.365299 -0.000384315 0.000146137 0.0010251
66.66 0.398292 0.395355 0.365338 -0.000611392 0.000260434 0.000975255
66.68 0.398282 0.395392 0.365378 -0.000262766 0.000940744 0.00100737
66.7 0.398301 0.395471 0.365422 0.000490109 0.00196693 0.00109405
66.72 0.398353 0.395588 0.365467 0.00130243 0.00292643 0.00113103
66.74 0.398426 0.395725 0.365508 0.00182478 0.00343613 0.00101533
66.76 0.398499 0.395859 0.365537 0.00182429 0.00334028 0.000741356
66.78 0.39855 0.39597 0.365553 0.00127242 0.00276663 0.000404582
66.8 0.398566 0.396051 0.365558 0.000387699 0.00202428 0.000116575
66.82 0.398549 0.396108 0.365555 -0.000421851 0.0014391 -6.78036e-05
66.84 0.39852 0.396157 0.36555 -0.000725305 0.00122783 -0.000144239
66.86 0.398509 0.396215 0.365545 -0.000283056 0.00143261 -0.00012275
66.88 0.398541 0.396292 0.365544 0.000804747 0.00193355 -8.55859e-06
66.9 0.398625 0.396393 0.365552 0.00210594 0.00253691 0.000199911
66.92 0.398746 0.396516 0.365572 0.00302457 0.00305936 0.000498238
66.94 0.39887 0.396651 0.365607 0.00309314 0.00337129 0.000868277
66.96 0.39896 0.396787 0.365658 0.00225088 0.00340847 0.00126836
66.98 0.398997 0.396914 0.365722 0.000926721 0.00316816 0.00160942
67 0.398991 0.397023 0.365793 -0.000155016 0.00272021 0.00176307
67.02 0.398975 0.397111 0.365858 -0.000378677 0.00221998 0.00163572
67.04 0.39899 0.397186 0.365908 0.00037379 0.00187314 0.00125867
67.06 0.399055 0.39726 0.365941 0.00161861 0.00184048 0.000818295
67.08 0.399158 0.397346 0.365965 0.00257542 0.00215071 0.000585756
67.1 0.399266 0.397453 0.365995 0.00269326 0.00267394 0.0007583
67.12 0.399347 0.39758 0.366048 0.00202526 0.00317966 0.00132278
67.14 0.399393 0.397719 0.36613 0.00116151 0.00346662 0.00206249
67.16 0.399425 0.397858 0.366238 0.000780946 0.00347186 0.0026909
67.18 0.399471 0.397988 0.366358 0.00116799 0.00327043 0.0029971
67.2 0.399552 0.398109 0.366475 0.00201669 0.00300381 0.00292655
67.22 0.399659 0.398221 0.366578 0.00267711 0.0028105 0.00257718
67.24 0.399766 0.398333 0.366663 0.00268324 0.00279725 0.00213149
67.26 0.399851 0.398454 0.366734 0.00212108 0.0030286 0.00177121
67.28 0.399913 0.398594 0.366799 0.00153094 0.00350297 0.00162665
67.3 0.399971 0.398759 0.36687 0.00145331 0.00411852 0.00176229
67.32 0.40005 0.398945 0.366956 0.00199441 0.00465562 0.00214975
67.34 0.40016 0.399139 0.367061 0.00274732 0.00483945 0.00264388
67.36 0.400285 0.39932 0.367182 0.00312822 0.00452118 0.00302237
67.38 0.4004 0.399473 0.367306 0.00286624 0.00384883 0.00308173
67.4 0.400489 0.399602 0.367415 0.00223053 0.00321829 0.00273744
67.42 0.400561 0.399723 0.367498 0.00179861 0.00301685 0.00208546
67.44 0.40064 0.399857 0.367553 0.00197948 0.00335875 0.0013694
67.46 0.400748 0.400016 0.367587 0.00268721 0.00397824 0.000846773
67.48 0.400884 0.400191 0.367612 0.00339654 0.0043616 0.000627667
67.5 0.401025 0.400354 0.367637 0.00352116 0.00408776 0.000630654
67.52 0.40114 0.400479 0.367665 0.00287203 0.00312078 0.000699283
67.54 0.401213 0.400553 0.367695 0.00184094 0.00184828 0.000752484
67.56 0.401258 0.400588 0.367728 0.00111642 0.000870451 0.000813944
67.58 0.401305 0.400614 0.367765 0.00117823 0.000642838 0.000918753
67.6 0.401384 0.400661 0.367806 0.00198218 0.00118677 0.00102595
67.62 0.401505 0.400744 0.367847 0.00301026 0.00206996 0.00102512
67.64 0.401649 0.400851 0.36788 0.00360797 0.00268967 0.000819025
67.66 0.401784 0.400958 0.367896 0.0033824 0.00266523 0.000413591
67.68 0.401882 0.40104 0.367894 0.00244167 0.00204338 -5.41753e-05
67.7 0.401936 0.401087 0.367878 0.00134284 0.00119211 -0.000391662
67.72 0.401965 0.401108 0.36786 0.000742834 0.000514198 -0.000468523
67.74 0.402004 0.401117 0.367849 0.000966839 0.000230237 -0.000274479
67.76 0.402077 0.401131 0.367853 0.00182003 0.000333413 9.97624e-05
67.78 0.402187 0.401156 0.367873 0.00274981 0.000636695 0.000510329
67.8 0.402315 0.401191 0.367906 0.00320528 0.000885006 0.000822811
67.82 0.402434 0.401228 0.367945 0.00297032 0.000911981 0.000984532
67.84 0.402524 0.401257 0.367987 0.00225633 0.00072873 0.00104663
67.86 0.402585 0.401276 0.368031 0.00151827 0.000474001 0.00109877
67.88 0.402632 0.401288 0.368079 0.00117828 0.000294473 0.00120111
67.9 0.402689 0.401298 0.368135 0.00143531 0.000261727 0.00138484
67.92 0.402777 0.401313 0.368202 0.0021966 0.000365253 0.00167646
67.94 0.402901 0.401334 0.368285 0.00310067 0.000532694 0.00207237
67.96 0.403049 0.40136 0.368384 0.00368373 0.000641957 0.00247777
67.98 0.403195 0.401382 0.368492 0.00365751 0.000556382 0.0027095
68 0.403319 0.40139 0.368596 0.00309141 0.000205661 0.00259902
68.02 0.403413 0.401378 0.368681 0.0023533 -0.000316442 0.00213417
68.04 0.403488 0.401348 0.368742 0.00187285 -0.000748145 0.00152514
68.06 0.403563 0.401316 0.368787 0.00187886 -0.000802883 0.00111614
68.08 0.403654 0.4013 0.368834 0.00226897 -0.000386379 0.00117056
68.1 0.403763 0.401312 0.368901 0.00272511 0.00028835 0.0016855
68.12 0.403881 0.401345 0.368996 0.00296274 0.000825935 0.00237908
68.14 0.403997 0.401382 0.369112 0.00291076 0.000929334 0.0028802
68.16 0.404106 0.401406 0.369231 0.00271669 0.000611554 0.00298053
68.18 0.40421 0.401414 0.369341 0.00259242 0.000184618 0.00274586
68.2 0.404315 0.401415 0.369436 0.00262359 3.63836e-05 0.00238627
68.22 0.404423 0.40143 0.369517 0.00269438 0.000376521 0.00203492
68.24 0.404526 0.401475 0.369584 0.00258816 0.00112024 0.00166598
68.26 0.404613 0.401553 0.369632 0.00217671 0.0019475 0.00120728
68.28 0.404675 0.401653 0.369661 0.00155425 0.00250145 0.000717661
68.3 0.404716 0.401757 0.369678 0.0010107 0.00259927 0.000421176
68.32 0.40475 0.401849 0.3697 0.000848224 0.00229298 0.000556594
68.34 0.404796 0.401921 0.369747 0.00117038 0.00179275 0.0011746
68.36 0.404869 0.401975 0.369829 0.00180273 0.00136978 0.00204377
68.38 0.404964 0.402025 0.369938 0.00239764 0.00124297 0.00273593
68.4 0.405071 0.402084 0.370053 0.00267122 0.00147467 0.00285563
68.42 0.405175 0.402162 0.370143 0.00259146 0.00194764 0.00226056
68.44 0.405269 0.40226 0.370189 0.00235553 0.0024466 0.00113865
68.46 0.405357 0.402372 0.370185 0.00218321 0.00279383 -8.01366e-05
68.48 0.405442 0.402489 0.370148 0.00213003 0.00294361 -0.000925664
68.5 0.405526 0.402608 0.370104 0.00209391 0.00296593 -0.00111974
68.52 0.405605 0.402726 0.370076 0.00198744 0.00295295 -0.000694941
68.54 0.40568 0.402845 0.370079 0.00188055 0.00296415 7.64833e-05
68.56 0.405758 0.402966 0.370113 0.00194681 0.00304292 0.000856786
68.58 0.405849 0.403094 0.370169 0.00226021 0.00319562 0.00139386
68.6 0.405955 0.403227 0.370233 0.00266501 0.00332575 0.0015922
68.62 0.406069 0.403358 0.370292 0.00285714 0.00327054 0.0014877
68.64 0.406174 0.403477 0.370339 0.00262067 0.0029634 0.00117901
68.66 0.406255 0.403578 0.370371 0.00202614 0.00254696 0.000783059
68.68 0.406312 0.403671 0.370387 0.00140664 0.00231418 0.000418074
68.7 0.406357 0.403772 0.370395 0.00113929 0.00252114 0.000192575
68.72 0.406413 0.403899 0.370402 0.00139117 0.00319048 0.00018315
68.74 0.406492 0.404061 0.370419 0.00198581 0.0040497 0.000418718
68.76 0.406592 0.404249 0.370454 0.00249567 0.00467821 0.000867329
68.78 0.406693 0.404439 0.37051 0.00253162 0.00476466 0.00140493
68.8 0.406774 0.404611 0.370583 0.00202084 0.00428536 0.00182566
68.82 0.406824 0.40475 0.370661 0.00124912 0.00347757 0.00195313
68.84 0.40685 0.404857 0.370732 0.000646478 0.00267315 0.00177502
68.86 0.40687 0.404942 0.370791 0.000507778 0.00214342 0.00147712
68.88 0.406904 0.405023 0.370844 0.000834903 0.00202013 0.00133003
68.9 0.406958 0.405114 0.370905 0.00136768 0.00227982 0.00150949
68.92 0.407029 0.405225 0.370984 0.00176961 0.00276427 0.00198516
68.94 0.407104 0.405355 0.371086 0.00186119 0.0032499 0.00255041
68.96 0.407173 0.405497 0.371204 0.00173242 0.00354986 0.00295227
68.98 0.407238 0.40564 0.371325 0.001631 0.00358054 0.00301077
69 0.407307 0.405775 0.371431 0.00173126 0.00337205 0.0026607
69.02 0.407387 0.405895 0.37151 0.00199167 0.00300728 0.00196527
69.04 0.407476 0.405998 0.371556 0.00221429 0.00255715 0.00114647
69.06 0.407565 0.406081 0.371578 0.00224193 0.00209796 0.000554378
69.08 0.407649 0.406152 0.371598 0.0021024 0.00175999 0.000497548
69.1 0.407729 0.406221 0.371639 0.0019832 0.00171973 0.00103786
69.12 0.407812 0.406304 0.371716 0.00207144 0.00208292 0.00193134
69.14 0.407907 0.406414 0.371827 0.00238437 0.00274209 0.0027586
69.16 0.408016 0.406548 0.371953 0.00273848 0.00336026 0.00314877
69.18 0.408132 0.406689 0.372071 0.00289752 0.00352589 0.00294449
69.2 0.408243 0.40681 0.37216 0.00276796 0.00301043 0.00224356
69.22 0.408341 0.406888 0.372214 0.00245605 0.00195278 0.00134462
69.24 0.408428 0.40692 0.372239 0.00216867 0.000817307 0.000620821
69.26 0.40851 0.406925 0.372253 0.0020547 0.000124174 0.000353243
69.28 0.408595 0.406931 0.372277 0.00210967 0.000143503 0.000595053
69.3 0.408683 0.406962 0.372323 0.00220606 0.00076861 0.00115264
69.32 0.408771 0.407026 0.372391 0.00220889 0.00161701 0.00170105
69.34 0.408855 0.407117 0.37247 0.00208604 0.00225886 0.0019687
69.36 0.408932 0.407214 0.372544 0.00192032 0.00242645 0.0018649
69.38 0.409004 0.407299 0.372604 0.00181427 0.00211774 0.00148956
69.4 0.409076 0.40736 0.372646 0.00178816 0.00154564 0.00104481
69.42 0.409146 0.407399 0.372674 0.00177052 0.000965041 0.000702273
69.44 0.409213 0.40742 0.372694 0.00166991 0.000526779 0.000514066
69.46 0.409271 0.407431 0.372712 0.00145051 0.000267459 0.000429854
69.48 0.409318 0.407437 0.372727 0.0011612 0.000161149 0.000383902
69.5 0.409353 0.407442 0.372741 0.000894062 0.000130245 0.000364004
69.52 0.409383 0.407446 0.372758 0.000726764 7.66085e-05 0.000418182
69.54 0.409411 0.407444 0.372782 0.000710687 -3.24858e-05 0.000596544
69.56 0.409445 0.407439 0.372817 0.000856594 -0.000126031 0.000884576
69.58 0.409489 0.407435 0.372865 0.00109049 -0.000109955 0.0011848
69.6 0.409539 0.407435 0.372919 0.00125097 6.048e-06 0.00135829
69.62 0.409586 0.407438 0.372971 0.00118808 8.57922e-05 0.00130509
69.64 0.409622 0.407438 0.373013 0.000901888 -9.77695e-06 0.00102989
69.66 0.409646 0.407427 0.373038 0.000583397 -0.000275173 0.000643793
69.68 0.409666 0.407405 0.373051 0.000508914 -0.000545917 0.000311698
69.7 0.4097 0.407379 0.373057 0.000843529 -0.000651396 0.00015694
69.72 0.40976 0.407357 0.373064 0.00150352 -0.000545668 0.000168395
69.74 0.409848 0.407346 0.373073 0.00221019 -0.00029293 0.000220095
69.76 0.409956 0.407347 0.373081 0.00269047 3.29239e-05 0.000222289
69.78 0.41007 0.407364 0.373092 0.00285547 0.000417031 0.000258267
69.8 0.410184 0.4074 0.373114 0.00283248 0.000906805 0.000549502
69.82 0.410297 0.407461 0.373164 0.00284496 0.00153761 0.00124779
69.84 0.410419 0.40755 0.373254 0.00303278 0.00221582 0.00224873
69.86 0.410553 0.407658 0.373382 0.00335022 0.0026996 0.0032097
69.88 0.410698 0.407769 0.373532 0.00362575 0.00276331 0.00376011
69.9 0.410847 0.407865 0.373682 0.00372225 0.00241014 0.00373876
69.92 0.410993 0.407941 0.373813 0.00365509 0.00191176 0.00327912
69.94 0.411135 0.408007 0.373921 0.0035631 0.00163711 0.00270491
69.96 0.411278 0.40808 0.374014 0.00356262 0.00182003 0.00232724
69.98 0.411424 0.408177 0.374105 0.00364276 0.00242301 0.00225326
70 0.411572 0.408303 0.374198 0.00369957 0.00316398 0.00233334
70.02 0.411717 0.408451 0.37429 0.00364475 0.00368401 0.00230367
70.04 0.411857 0.4086 0.374371 0.00348072 0.00374847 0.00202046
70.06 0.411988 0.408735 0.374434 0.00327525 0.00336912 0.00158696
70.08 0.412111 0.408846 0.374485 0.00307426 0.00278014 0.0012674
70.1 0.412224 0.408938 0.374536 0.00284851 0.00227848 0.0012806
70.12 0.412326 0.40902 0.374602 0.00254567 0.00205207 0.00164863
70.14 0.412413 0.409105 0.37469 0.00216902 0.00213122 0.0021961
70.16 0.412484 0.409203 0.374796 0.001785 0.00245311 0.00265919
70.18 0.412544 0.40932 0.374909 0.00149251 0.00291278 0.00281256
70.2 0.412599 0.409454 0.375011 0.00136887 0.00335748 0.00255622
70.22 0.412655 0.409598 0.375089 0.00139991 0.00360611 0.00193672
70.24 0.412714 0.409739 0.375133 0.00146828 0.00352515 0.00110524
70.26 0.412771 0.409863 0.375143 0.00144083 0.00310928 0.000248973
70.28 0.412822 0.409964 0.375124 0.00127481 0.0025095 -0.000465544
70.3 0.412865 0.410044 0.375088 0.00105908 0.0019989 -0.000915413
70.32 0.412903 0.410119 0.375046 0.000955685 0.00186743 -0.00103712
70.34 0.412945 0.410208 0.375012 0.00105018 0.00224485 -0.000844169
70.36 0.412994 0.410327 0.374995 0.00123365 0.00295847 -0.000431909
70.38 0.413045 0.41047 0.374997 0.00127722 0.00358716 5.48137e-05
70.4 0.413088 0.410619 0.375017 0.00106726 0.00372488 0.000483332
70.42 0.413119 0.41075 0.375048 0.000765238 0.0032739 0.000776316
70.44 0.413148 0.410851 0.375085 0.000723581 0.0025354 0.000932642
70.46 0.413197 0.410932 0.375126 0.00122667 0.0020247 0.00103005
70.48 0.413287 0.411018 0.375173 0.00225884 0.00212906 0.00116744
70.5 0.413426 0.411132 0.375228 0.00346602 0.00285493 0.00137714
70.52 0.413599 0.411285 0.375292 0.0043278 0.00382375 0.00160847
70.54 0.413776 0.411464 0.375364 0.00443152 0.00448379 0.00178749
70.56 0.413924 0.411641 0.375438 0.0037082 0.00441957 0.00186258
70.58 0.414025 0.411786 0.37551 0.00251895 0.00361825 0.00179965
70.6 0.414085 0.411886 0.375574 0.00149678 0.00250871 0.0015903
70.62 0.414132 0.411954 0.375626 0.00118741 0.00170116 0.00129514
70.64 0.414202 0.412018 0.375667 0.00174199 0.00159638 0.0010462
70.66 0.414317 0.412104 0.375707 0.00288255 0.00216453 0.000992851
70.68 0.414482 0.412225 0.375757 0.00410257 0.00302364 0.00124103
70.7 0.414679 0.412373 0.375829 0.00493128 0.0036971 0.00180324
70.72 0.414884 0.412528 0.375931 0.0051224 0.00385803 0.00255688
70.74 0.415072 0.412666 0.376061 0.00469781 0.00346208 0.00323726
70.76 0.415226 0.412774 0.376202 0.0038681 0.0027079 0.00352602
70.78 0.415344 0.41285 0.376332 0.0029332 0.00187837 0.00324472
70.8 0.415432 0.412898 0.376431 0.00220839 0.00119864 0.00249503
70.82 0.415509 0.412929 0.376496 0.00192625 0.000787164 0.00161768
70.84 0.415593 0.412957 0.376536 0.00211139 0.000691334 0.00100844
70.86 0.415695 0.412993 0.376572 0.00253987 0.000906498 0.000900205
70.88 0.41581 0.413046 0.376622 0.00286763 0.00133442 0.00122866
70.9 0.415923 0.413117 0.376689 0.00283059 0.00176109 0.0016772
70.92 0.416018 0.413194 0.376765 0.00236347 0.00193953 0.00190156
70.94 0.416082 0.413264 0.376836 0.0016056 0.0017495 0.00178128
70.96 0.416115 0.413316 0.376896 0.000841306 0.00128866 0.00149915
70.98 0.416131 0.413348 0.376951 0.000381297 0.000796657 0.00136943
71 0.416146 0.413367 0.377012 0.000394962 0.000477363 0.00154143
71.02 0.416178 0.413382 0.377086 0.000787622 0.000386689 0.0018392
71.04 0.416227 0.413401 0.377162 0.00123414 0.000469031 0.00188973
71.06 0.416282 0.413427 0.377219 0.0013696 0.000643156 0.00143448
71.08 0.416323 0.41346 0.377241 0.00102423 0.000820346 0.000560233
71.1 0.416337 0.413496 0.377228 0.000343444 0.000904801 -0.000331402
71.12 0.416325 0.41353 0.377197 -0.00030618 0.000851404 -0.000770647
71.14 0.416301 0.413558 0.377176 -0.000579494 0.000705488 -0.000529801
71.16 0.416287 0.41358 0.377185 -0.000351607 0.000543528 0.000225092
71.18 0.416297 0.413596 0.377228 0.000241387 0.000401953 0.00106478
71.2 0.416333 0.413608 0.377292 0.000909469 0.000311004 0.00160575
71.22 0.416388 0.413623 0.377361 0.001372 0.00036054 0.00173372
71.24 0.416448 0.413649 0.377425 0.00148204 0.000652922 0.00158893
71.26 0.416498 0.413695 0.377481 0.00125268 0.00115543 0.00140607
71.28 0.416529 0.41376 0.377535 0.000794839 0.00162803 0.00134688
71.3 0.416539 0.41383 0.377591 0.000242917 0.00175522 0.0013955
71.32 0.416528 0.413886 0.377646 -0.000269732 0.00137915 0.00137317
71.34 0.416505 0.413911 0.37769 -0.000595187 0.000637425 0.00109947
71.36 0.416481 0.413907 0.377713 -0.000577318 -8.86518e-05 0.000582822
71.38 0.416477 0.413892 0.377715 -0.000114873 -0.000390216 6.29599e-05
71.4 0.416507 0.413888 0.377709 0.000743326 -8.53845e-05 -0.000152249
71.42 0.416577 0.413915 0.377713 0.00175322 0.000654028 8.54003e-05
71.44 0.416678 0.413971 0.37774 0.00254338 0.00140953 0.000668469
71.46 0.416789 0.414042 0.377792 0.00275937 0.00178046 0.00130628
71.48 0.416878 0.414106 0.37786 0.00223867 0.00160067 0.0017045
71.5 0.416925 0.414146 0.37793 0.00116915 0.000992542 0.00173936
71.52 0.416929 0.414158 0.37799 9.45588e-05 0.000294773 0.00150685
71.54 0.416915 0.414154 0.378039 -0.000347323 -8.71784e-05 0.00123473
71.56 0.416922 0.414159 0.378084 0.000177646 0.000106061 0.00112532
71.58 0.416981 0.414192 0.378134 0.00147245 0.000826816 0.00123844
71.6 0.417097 0.414261 0.378194 0.00289462 0.00174513 0.00149425
71.62 0.417245 0.414359 0.378264 0.0037041 0.00243661 0.00176374
71.64 0.417386 0.414463 0.378342 0.00351795 0.00260338 0.00195419
71.66 0.41749 0.414553 0.378424 0.00260409 0.00224364 0.00205052
71.68 0.417558 0.41462 0.378508 0.00171195 0.00167996 0.00209683
71.7 0.417618 0.414674 0.378593 0.00149702 0.00135956 0.00213358
71.72 0.417701 0.414736 0.378679 0.00206031 0.00153544 0.00214688
71.74 0.41782 0.41482 0.378763 0.0029782 0.00209759 0.002087
71.76 0.417967 0.414928 0.378841 0.00369129 0.00269843 0.00195622
71.78 0.418122 0.415049 0.378915 0.00386862 0.00302426 0.00184769
71.8 0.418264 0.415168 0.37899 0.00354831 0.00299468 0.00186993
71.82 0.418387 0.41528 0.379072 0.00306023 0.00278927 0.00204972
71.84 0.418498 0.415387 0.379164 0.00277553 0.00268681 0.00229912
71.86 0.418611 0.415501 0.379262 0.00284046 0.00285111 0.00244599
71.88 0.418735 0.415631 0.379354 0.00310324 0.00323588 0.0023064
71.9 0.418867 0.415777 0.379426 0.00329273 0.00364967 0.00179227
71.92 0.418998 0.415933 0.379465 0.00326815 0.0039064 0.000996503
71.94 0.419122 0.416091 0.379473 0.0031128 0.00395137 0.000187991
71.96 0.419243 0.416246 0.379461 0.00301043 0.0038646 -0.000308987
71.98 0.419365 0.416396 0.379448 0.00304999 0.00374541 -0.000302377
72 0.419491 0.416539 0.379454 0.00316144 0.00359862 0.000144254
72.02 0.419619 0.416673 0.379484 0.00320912 0.0033444 0.000754562
72.04 0.419745 0.416791 0.379533 0.00312719 0.00294747 0.0012205
72.06 0.419864 0.416892 0.379588 0.00298898 0.00253047 0.00138161
72.08 0.419983 0.416986 0.37964 0.0029689 0.00233407 0.00127923
72.1 0.420111 0.417087 0.379682 0.00320476 0.00253159 0.00106558
72.12 0.420257 0.41721 0.379717 0.00365189 0.00308506 0.000860146
72.14 0.42042 0.417361 0.379744 0.00407652 0.00376222 0.000672497
72.16 0.420589 0.417532 0.379762 0.00421633 0.00427121 0.000460547
72.18 0.420747 0.417709 0.379772 0.00395564 0.00442807 0.00025871
72.2 0.420883 0.417879 0.379782 0.00338779 0.00424941 0.00023094
72.22 0.420993 0.418034 0.379804 0.00275781 0.00388502 0.000570901
72.24 0.421086 0.418173 0.379857 0.00233236 0.00346696 0.0013227
72.26 0.421177 0.418294 0.379948 0.00225902 0.00303735 0.0022548
72.28 0.421277 0.418398 0.380065 0.00251102 0.00259638 0.00293184
72.3 0.421395 0.418486 0.380184 0.00295328 0.00218445 0.00298615
72.32 0.421532 0.418562 0.380279 0.00342883 0.00191989 0.00237562
72.34 0.421683 0.418641 0.380336 0.00377633 0.00195774 0.00142716
72.36 0.421836 0.418736 0.380362 0.00382673 0.00237001 0.000637547
72.38 0.421975 0.418857 0.380377 0.00347056 0.00303033 0.000376514
72.4 0.422086 0.419002 0.380404 0.00275991 0.00362521 0.000689044
72.42 0.422163 0.419155 0.380457 0.001946 0.00382132 0.00132058
72.44 0.422219 0.419294 0.380534 0.00139433 0.00348108 0.00191642
72.46 0.422275 0.419404 0.380623 0.00139368 0.00275265 0.00222387
72.48 0.422353 0.419483 0.380711 0.00195904 0.00197222 0.00219455
72.5 0.422464 0.419542 0.380789 0.00276026 0.0014665 0.00195063
72.52 0.422594 0.419597 0.380855 0.00326226 0.00137876 0.00165925
72.54 0.422716 0.419661 0.380912 0.00303211 0.00160751 0.00141324
72.56 0.422796 0.419736 0.380959 0.00202317 0.00188185 0.00119662
72.58 0.422821 0.419813 0.380998 0.000623801 0.00191884 0.000955673
72.6 0.422799 0.419876 0.381026 -0.000563667 0.00157398 0.000703963
72.62 0.422757 0.419913 0.381047 -0.00105539 0.000925549 0.000533038
72.64 0.422727 0.419923 0.381068 -0.000742669 0.000253782 0.000524023
72.66 0.422729 0.419919 0.381095 5.42254e-05 -0.000103817 0.000673439
72.68 0.422761 0.419921 0.381131 0.000785676 3.91079e-05 0.000908835
72.7 0.422802 0.419945 0.381178 0.00103122 0.000601779 0.00115446
72.72 0.422832 0.419996 0.381233 0.000759285 0.00127926 0.00138397
72.74 0.422843 0.420064 0.381297 0.000276388 0.00169697 0.00161314
72.76 0.42284 0.420128 0.381372 -7.00293e-05 0.00160425 0.00185285
72.78 0.422834 0.420169 0.381455 -0.000161503 0.00102085 0.00208634
72.8 0.422828 0.420179 0.381546 -0.000138433 0.000263202 0.00227135
72.82 0.42282 0.42017 0.38164 -0.000208658 -0.000221046 0.00234608
72.84 0.422803 0.420164 0.38173 -0.000421984 -0.00014946 0.00225427
72.86 0.422778 0.42018 0.381809 -0.000624288 0.0003976 0.0019655
72.88 0.422754 0.420222 0.381868 -0.00061439 0.00103468 0.00147455
72.9 0.422741 0.420275 0.3819 -0.000326839 0.00132948 0.000822149
72.92 0.422745 0.420319 0.381906 0.000113419 0.00110124 0.000136104
72.94 0.422764 0.420341 0.381891 0.000462471 0.000556193 -0.000367914
72.96 0.422784 0.420346 0.381873 0.000504145 0.000123546 -0.000464365
72.98 0.422793 0.42035 0.381871 0.00022287 0.000105252 -3.82675e-05
73 0.422787 0.420368 0.381904 -0.000133214 0.000452384 0.00083185
73.02 0.422779 0.420402 0.38198 -0.000205145 0.00084934 0.00188083
73.04 0.422788 0.420442 0.38209 0.000222063 0.000986481 0.00275861
73.06 0.422831 0.420473 0.382217 0.00106953 0.000788082 0.0031664
73.08 0.422911 0.420491 0.382334 0.00201026 0.000437365 0.00294792
73.1 0.423018 0.420499 0.38242 0.00265674 0.000201668 0.00213998
73.12 0.423129 0.420508 0.382459 0.00277721 0.000221731 0.000984188
73.14 0.423225 0.420525 0.382454 0.00242227 0.000438436 -0.000144241
73.16 0.423301 0.420553 0.382418 0.00188414 0.000689699 -0.000883601
73.18 0.423361 0.420587 0.382377 0.00149177 0.000846115 -0.00103381
73.2 0.423417 0.420622 0.382353 0.0014127 0.000877474 -0.000609885
73.22 0.423481 0.420657 0.382361 0.00160078 0.000868154 0.00021367
73.24 0.423557 0.420695 0.382409 0.00190195 0.000965316 0.00119863
73.26 0.423645 0.420745 0.382494 0.00219706 0.00123422 0.00211327
73.28 0.423743 0.420807 0.382605 0.00245274 0.00155794 0.00277721
73.3 0.42385 0.420876 0.382728 0.0026819 0.00171561 0.00309475
73.32 0.423966 0.420938 0.382851 0.0028966 0.00156819 0.00305306
73.34 0.42409 0.420986 0.382958 0.00309255 0.00119265 0.0026933
73.36 0.42422 0.421021 0.383043 0.00325802 0.000876782 0.00210767
73.38 0.424355 0.421059 0.3831 0.00336841 0.000954815 0.00144081
73.4 0.42449 0.421123 0.383134 0.00338544 0.00158256 0.000854297
73.42 0.424622 0.421226 0.383153 0.00329635 0.0025986 0.000474305
73.44 0.424749 0.42137 0.383168 0.00315706 0.00357932 0.000366867
73.46 0.424872 0.421533 0.38319 0.00308295 0.00407792 0.000543363
73.48 0.424999 0.421689 0.383228 0.00317491 0.00390309 0.00095532
73.5 0.425136 0.421819 0.383287 0.00342988 0.00325981 0.001465
73.52 0.425285 0.421924 0.38336 0.003725 0.00262356 0.00184415
73.54 0.425442 0.422021 0.383436 0.00391349 0.00242178 0.00188592
73.56 0.4256 0.422132 0.3835 0.00395382 0.00277304 0.0015931
73.58 0.425757 0.42227 0.383549 0.00393651 0.00345758 0.00124428
73.6 0.425917 0.422434 0.383597 0.0039929 0.00409259 0.00119443
73.62 0.426085 0.422609 0.38366 0.00419415 0.00438521 0.00156342
73.64 0.426265 0.422782 0.383744 0.0044966 0.00430352 0.00210515
73.66 0.426455 0.422944 0.383839 0.00475307 0.00406503 0.00237204
73.68 0.426647 0.423102 0.383921 0.00480553 0.00394439 0.00204794
73.7 0.426831 0.423263 0.383969 0.00460169 0.00403533 0.00119626
73.72 0.427 0.42343 0.383978 0.00423482 0.00417439 0.000248747
73.74 0.427155 0.423594 0.383968 0.00387365 0.00408453 -0.000251778
73.76 0.427302 0.423738 0.383969 0.00367645 0.00361404 2.46111e-05
73.78 0.427452 0.423854 0.384009 0.00373499 0.00289071 0.00100296
73.8 0.427612 0.423944 0.384099 0.00400572 0.00226389 0.00223976
73.82 0.427784 0.424027 0.384226 0.00429719 0.00207512 0.00316681
73.84 0.427959 0.424124 0.384362 0.00436829 0.00241903 0.00339715
73.86 0.428121 0.424248 0.384478 0.00406833 0.00308885 0.00291097
73.88 0.428258 0.424397 0.384558 0.00341836 0.00373677 0.00200905
73.9 0.428363 0.42456 0.384602 0.002621 0.00407116 0.00110094
73.92 0.428443 0.424719 0.384622 0.00199016 0.00396458 0.000489763
73.94 0.428514 0.424858 0.384632 0.00178763 0.00347377 0.000255577
73.96 0.428596 0.424969 0.384644 0.00204558 0.00279441 0.000290338
73.98 0.428697 0.425056 0.384661 0.00252164 0.00215349 0.000429559
74 0.428811 0.425124 0.384684 0.00284659 0.00171399 0.000566626
74.02 0.42892 0.425186 0.384711 0.00274525 0.00154705 0.000680003
74.04 0.429008 0.425252 0.384742 0.00217964 0.00164215 0.000776855
74.06 0.429062 0.425328 0.384776 0.00136994 0.0019076 0.000845264
74.08 0.42909 0.425415 0.38481 0.00068038 0.00218407 0.00085276
74.1 0.429105 0.425508 0.384841 0.00038712 0.00230788 0.000766483
74.12 0.429125 0.425596 0.384864 0.000485741 0.0021988 0.000582707
74.14 0.429153 0.425671 0.384877 0.000717517 0.0018954 0.000334858
74.16 0.429185 0.425732 0.384881 0.000805864 0.00151776 8.69718e-05
74.18 0.429213 0.425779 0.384878 0.000679312 0.00118326 -6.08728e-05
74.2 0.429232 0.425818 0.384879 0.000481042 0.00095549 9.70227e-06
74.22 0.429248 0.425852 0.384893 0.000401386 0.000865676 0.000354317
74.24 0.429268 0.425889 0.384928 0.000503112 0.000920763 0.000882811
74.26 0.429295 0.425932 0.384984 0.000678252 0.00108249 0.00138598
74.28 0.429325 0.425983 0.38505 0.000748704 0.00126018 0.00166007
74.3 0.42935 0.426036 0.385115 0.000617024 0.00133299 0.00163499
74.32 0.429364 0.426085 0.385172 0.00036327 0.0012113 0.00142359
74.34 0.429372 0.426121 0.385222 0.000200818 0.000912141 0.00124731
74.36 0.429385 0.426145 0.385273 0.000305066 0.000588916 0.0012739
74.38 0.429411 0.426163 0.385334 0.000667807 0.000463154 0.00150932
74.4 0.429456 0.42619 0.385407 0.00110518 0.000667217 0.00183097
74.42 0.429511 0.426234 0.38549 0.00138719 0.00110576 0.00208169
74.44 0.429566 0.426294 0.385576 0.00137347 0.00149518 0.00213714
74.46 0.42961 0.426357 0.385654 0.00109323 0.00157852 0.00195737
74.48 0.429639 0.426409 0.385718 0.000722668 0.00131103 0.00160707
74.5 0.429657 0.426444 0.385768 0.000466107 0.000871117 0.0012329
74.52 0.429675 0.426465 0.385808 0.000440221 0.000526437 0.00101834
74.54 0.4297 0.426484 0.385853 0.000628343 0.00046377 0.00110645
74.56 0.429737 0.426512 0.385913 0.00092097 0.000704273 0.00150671
74.58 0.429785 0.426556 0.385995 0.00119693 0.00109698 0.00206269
74.6 0.429839 0.42661 0.386096 0.00136399 0.00134368 0.00252578
74.62 0.429894 0.426655 0.386203 0.00135888 0.00113628 0.00267411
74.64 0.42994 0.426672 0.3863 0.00115132 0.000413172 0.00240719
74.66 0.429971 0.426652 0.386371 0.000778084 -0.000499634 0.00178729
74.68 0.429985 0.426608 0.386411 0.000364101 -0.00108136 0.00100167
74.7 0.42999 0.426569 0.386422 0.000104332 -0.00098383 0.000283907
74.72 0.429997 0.426559 0.386416 0.000197706 -0.00024815 -0.00015166
74.74 0.430026 0.426589 0.38641 0.00070971 0.000746368 -0.000164107
74.76 0.430084 0.42665 0.38642 0.00144667 0.00151306 0.000252523
74.78 0.430164 0.426719 0.386457 0.00200974 0.00173423 0.000937783
74.8 0.430247 0.426776 0.386522 0.00206761 0.00143764 0.00162194
74.82 0.430313 0.426814 0.386604 0.00164973 0.000943601 0.00204456
74.84 0.43036 0.426839 0.386686 0.00117949 0.000622072 0.00205286
74.86 0.430407 0.426866 0.386752 0.00117603 0.000678728 0.00164519
74.88 0.430481 0.426911 0.386791 0.00185155 0.00111283 0.00098317
74.9 0.430599 0.426983 0.386805 0.00293863 0.00179708 0.000347868
74.92 0.430753 0.427085 0.386806 0.00387049 0.00254796 5.73571e-06
74.94 0.43092 0.427211 0.386808 0.00415609 0.00317208 7.04676e-05
74.96 0.431068 0.427353 0.386827 0.00370316 0.00353551 0.000470418
74.98 0.431183 0.427497 0.386868 0.00287517 0.00359881 0.00101503
75 0.431272 0.427632 0.386927 0.00222742 0.00339189 0.00147852
75.02 0.431357 0.427752 0.386994 0.00213811 0.0029892 0.00167574
75.04 0.431462 0.427853 0.387056 0.00262321 0.00252583 0.00154885
75.06 0.431599 0.427941 0.387104 0.00340727 0.00219339 0.00120667
75.08 0.431765 0.428027 0.387138 0.00414701 0.00216671 0.000857314
75.1 0.431951 0.428127 0.387166 0.0046555 0.00250043 0.000699468
75.12 0.432149 0.428251 0.3872 0.00496696 0.00308447 0.000852028
75.14 0.432356 0.428399 0.387253 0.00516804 0.00369686 0.00130084
75.16 0.432564 0.428563 0.387327 0.005203 0.00409562 0.00186602
75.18 0.432761 0.428727 0.387418 0.00490705 0.00410464 0.00226332
75.2 0.43293 0.428874 0.387508 0.0042253 0.00368916 0.00226855
75.22 0.433063 0.428994 0.387583 0.00334714 0.00298992 0.00185367
75.24 0.433168 0.429085 0.38763 0.00261768 0.00226921 0.00118195
75.26 0.433262 0.429156 0.38765 0.00235915 0.00177586 0.000498656
75.28 0.433371 0.42922 0.38765 0.00270143 0.00160289 6.90598e-06
75.3 0.433509 0.429286 0.387642 0.00345571 0.00165834 -0.000199014
75.32 0.433675 0.429357 0.387638 0.00416454 0.00176698 -0.000110535
75.34 0.433851 0.429429 0.387648 0.00438366 0.00181006 0.000251161
75.36 0.43401 0.429502 0.387681 0.00398794 0.00181217 0.000837674
75.38 0.434139 0.429578 0.387743 0.00322337 0.00190677 0.00153366
75.4 0.434239 0.429666 0.387829 0.00250233 0.00219901 0.00215305
75.42 0.434325 0.429771 0.387928 0.00214168 0.0026332 0.0024935
75.44 0.434413 0.42989 0.388025 0.00220043 0.00297746 0.00242258
75.46 0.434512 0.43001 0.388104 0.00248292 0.00298927 0.00196811
75.48 0.43462 0.430116 0.388158 0.0026812 0.00265207 0.00134574
75.5 0.434722 0.430205 0.388193 0.00257198 0.00223548 0.000866658
75.52 0.434809 0.430289 0.388223 0.00216224 0.00209942 0.000769349
75.54 0.434876 0.430386 0.388266 0.0016685 0.00241679 0.00107516
75.56 0.434929 0.430507 0.388329 0.00133801 0.00302389 0.00155627
75.58 0.43498 0.430648 0.388403 0.00126369 0.00351662 0.00187121
75.6 0.435033 0.430789 0.388476 0.00133968 0.00353394 0.00181104
75.62 0.435089 0.430909 0.388535 0.00139213 0.00300886 0.00147222
75.64 0.435143 0.430998 0.388582 0.00135006 0.0022176 0.00118766
75.66 0.435194 0.431063 0.388633 0.00128606 0.00162979 0.00126824
75.68 0.435246 0.431129 0.388703 0.00129479 0.00163339 0.00175664
75.7 0.435301 0.431219 0.388798 0.00137422 0.00226987 0.0023771
75.72 0.435358 0.431346 0.388907 0.00143026 0.00315919 0.00271739
75.74 0.435413 0.431494 0.389007 0.00137057 0.00370608 0.00249759
75.76 0.435462 0.431634 0.389077 0.00121332 0.00348903 0.00174599
75.78 0.435506 0.431736 0.389108 0.00109857 0.00255552 0.000769347
75.8 0.435552 0.431793 0.389107 0.00116795 0.00142582 -2.59823e-05
75.82 0.43561 0.431825 0.389094 0.00143357 0.000792842 -0.000313456
75.84 0.435681 0.431868 0.389095 0.00178364 0.00108602 3.12629e-05
75.86 0.435764 0.431955 0.38913 0.00208159 0.00217944 0.000861274
75.88 0.435853 0.432093 0.389202 0.00222192 0.003444 0.00180638
75.9 0.435938 0.432258 0.3893 0.00212961 0.004124 0.00245037
75.92 0.436009 0.432409 0.3894 0.00177363 0.00377511 0.00251245
75.94 0.436058 0.432509 0.389478 0.00121899 0.00250749 0.00194242
75.96 0.436084 0.432546 0.389516 0.000657658 0.000917237 0.000945737
75.98 0.436099 0.432536 0.389513 0.000358912 -0.000258773 -7.54193e-05
76 0.43612 0.432512 0.389485 0.000524314 -0.000578124 -0.000703127
76.02 0.436164 0.432507 0.389456 0.00111337 -0.000141842 -0.000713272
76.04 0.436236 0.432527 0.38945 0.00179621 0.00050942 -0.00015848
76.06 0.436322 0.432558 0.389478 0.00213756 0.000777192 0.000694124
76.08 0.436397 0.432575 0.389537 0.00188968 0.000406191 0.00148282
76.1 0.436444 0.43256 0.389613 0.00117357 -0.000365195 0.00189519
76.12 0.436462 0.43252 0.389685 0.000435636 -0.00100383 0.00180479
76.14 0.436469 0.432477 0.389738 0.000192754 -0.00107732 0.00132175
76.16 0.436497 0.432455 0.389767 0.000702138 -0.000544634 0.000714504
76.18 0.436568 0.432466 0.389777 0.00176035 0.000267335 0.000273726
76.2 0.436679 0.432502 0.389786 0.0027908 0.000910945 0.000210857
76.22 0.436808 0.432545 0.389809 0.00321755 0.00107616 0.000581471
76.24 0.436922 0.432574 0.389859 0.00285577 0.000723113 0.00123376
76.26 0.437003 0.432576 0.389932 0.00201035 5.76309e-05 0.00184748
76.28 0.437053 0.432553 0.390017 0.00125237 -0.000578076 0.0021108
76.3 0.437095 0.432519 0.390094 0.00104584 -0.000846891 0.00193516
76.32 0.437154 0.432497 0.390155 0.00147481 -0.000561296 0.0015173
76.34 0.437243 0.432506 0.390203 0.00224297 0.000225226 0.00119031
76.36 0.437359 0.432555 0.39025 0.0028835 0.00123863 0.00118646
76.38 0.437481 0.432641 0.39031 0.00304689 0.00213075 0.00149934
76.4 0.43759 0.432747 0.390387 0.0027425 0.00266359 0.00193103
76.42 0.437683 0.432859 0.390477 0.00232882 0.00279446 0.00224608
76.44 0.437771 0.432964 0.390569 0.00218418 0.00263638 0.00230346
76.46 0.437865 0.433058 0.390653 0.002363 0.00234826 0.00209754
76.48 0.43797 0.43314 0.390722 0.00260972 0.00203591 0.00172705
76.5 0.438076 0.43321 0.390776 0.00266737 0.00174475 0.0013508
76.52 0.438177 0.43327 0.390821 0.00250641 0.0015123 0.00113048
76.54 0.438269 0.433326 0.390868 0.00231403 0.0014002 0.00115837
76.56 0.438362 0.433385 0.390924 0.00232359 0.00147841 0.00141569
76.58 0.438467 0.433456 0.390995 0.00261635 0.00177672 0.00177054
76.6 0.438587 0.433545 0.391076 0.00301337 0.00222823 0.00202122
76.62 0.438714 0.433652 0.391156 0.00316795 0.00265712 0.00200094
76.64 0.438828 0.433766 0.391224 0.00283657 0.00285567 0.00168832
76.66 0.438912 0.433875 0.391273 0.00210565 0.00272216 0.00124423
76.68 0.438967 0.433969 0.391311 0.00137558 0.00235066 0.000927521
76.7 0.43901 0.434048 0.391348 0.00108924 0.00198194 0.000939616
76.72 0.439066 0.434122 0.3914 0.00138088 0.00184326 0.00130854
76.74 0.439144 0.434202 0.391475 0.00195769 0.00200539 0.00187242
76.76 0.439238 0.434297 0.39157 0.00234682 0.00236808 0.00236256
76.78 0.439329 0.434407 0.391672 0.00228571 0.00276207 0.00254418
76.8 0.439405 0.434529 0.391765 0.00189182 0.00305163 0.0023227
76.82 0.439465 0.434656 0.391835 0.0014944 0.0031686 0.00175589
76.84 0.439518 0.43478 0.391875 0.00133046 0.00309625 0.000995672
76.86 0.439573 0.434894 0.391884 0.00136658 0.00286206 0.000223715
76.88 0.439627 0.434996 0.391868 0.00136364 0.00254028 -0.000383782
76.9 0.439672 0.435086 0.391841 0.00111768 0.00224706 -0.000676026
76.92 0.439699 0.43517 0.391818 0.000676315 0.0021137 -0.00057136
76.94 0.439712 0.43526 0.391814 0.000334856 0.00223826 -0.000119122
76.96 0.439728 0.435365 0.391833 0.000398009 0.00262826 0.000477378
76.98 0.439765 0.435491 0.39187 0.000915764 0.00315307 0.000930471
77 0.43983 0.435633 0.391911 0.00162707 0.00355148 0.00102164
77.02 0.439916 0.435776 0.39194 0.00215927 0.00356188 0.000738657
77.04 0.440008 0.435901 0.391952 0.00229536 0.00313367 0.000287665
77.06 0.440092 0.436002 0.39195 0.00208594 0.00252376 -5.1528e-05
77.08 0.440162 0.436088 0.391945 0.00175983 0.00214983 -0.000109515
77.1 0.440223 0.43618 0.391949 0.00153502 0.00229787 8.87184e-05
77.12 0.440282 0.436296 0.391964 0.00147389 0.00289738 0.000368956
77.14 0.440342 0.436438 0.391986 0.00149408 0.00354966 0.000553043
77.16 0.440403 0.43659 0.39201 0.00151239 0.00380977 0.000618311
77.18 0.440465 0.43673 0.392039 0.00156649 0.00350587 0.000722309
77.2 0.440537 0.436844 0.392081 0.00178534 0.00282722 0.001038
77.22 0.440626 0.436929 0.392143 0.00224116 0.00214059 0.00154933
77.24 0.44074 0.436999 0.392224 0.00284226 0.00173745 0.00202613
77.26 0.440875 0.437066 0.392312 0.00336629 0.00168982 0.00220918
77.28 0.441019 0.437141 0.392394 0.0036077 0.00187148 0.00203248
77.3 0.44116 0.437225 0.392461 0.00353258 0.00209613 0.00169253
77.32 0.441292 0.437315 0.392521 0.00329838 0.00225256 0.00150227
77.34 0.441416 0.437408 0.392587 0.00310009 0.00232791 0.0016419
77.36 0.441536 0.437502 0.392668 0.0030009 0.0023415 0.00202346
77.38 0.441653 0.437593 0.392763 0.00293038 0.00227244 0.0023681
77.4 0.441767 0.437675 0.39286 0.00283158 0.00205544 0.00241976
77.42 0.441877 0.437742 0.392945 0.0027657 0.00166977 0.00214074
77.44 0.441991 0.43779 0.393015 0.00284522 0.0012143 0.00174516
77.46 0.442114 0.437825 0.393076 0.00307315 0.000856077 0.00153322
77.48 0.442245 0.437853 0.393142 0.00327218 0.000701726 0.00165301
77.5 0.442374 0.437882 0.393222 0.00321638 0.000722084 0.0019863
77.52 0.442488 0.437913 0.393312 0.00286536 0.000790052 0.00225335
77.54 0.442586 0.437944 0.393401 0.00245227 0.000776353 0.00222767
77.56 0.442678 0.43797 0.393476 0.00230145 0.000634483 0.0018845
77.58 0.44278 0.437987 0.393532 0.00254613 0.000438766 0.00139497
77.6 0.4429 0.438 0.393572 0.00300279 0.000331213 0.000980987
77.62 0.443031 0.438016 0.393602 0.00327767 0.000403911 0.000761467
77.64 0.443153 0.438041 0.393631 0.0030302 0.000622806 0.000716284
77.66 0.443242 0.438075 0.393661 0.00223323 0.00084718 0.000756271
77.68 0.443291 0.438111 0.393692 0.00122649 0.000901523 0.000789109
77.7 0.443312 0.438139 0.393722 0.000529159 0.000684018 0.000743533
77.72 0.443334 0.438149 0.393745 0.000547019 0.000268754 0.000573563
77.74 0.443387 0.438145 0.393755 0.00133235 -0.000102513 0.000256754
77.76 0.443488 0.438138 0.393749 0.00251887 -0.000172045 -0.000171799
77.78 0.443628 0.438145 0.393726 0.00349719 0.000157349 -0.00057159
77.8 0.443778 0.438175 0.393697 0.00374882 0.000752337 -0.00072523
77.82 0.443903 0.438228 0.393678 0.00311658 0.00132088 -0.000457694
77.84 0.443978 0.438291 0.393688 0.00187524 0.00158594 0.000233118
77.86 0.444002 0.43835 0.393733 0.000600882 0.00145967 0.00112277
77.88 0.443997 0.438394 0.393806 -0.000121041 0.00110101 0.00182821
77.9 0.443997 0.438426 0.393886 2.42859e-06 0.000799769 0.00199619
77.92 0.444031 0.438456 0.393947 0.000845438 0.000768853 0.00152659
77.94 0.44411 0.438497 0.393973 0.00197487 0.00101704 0.00066952
77.96 0.444225 0.438552 0.393969 0.00288944 0.00138309 -0.000111146
77.98 0.444355 0.438619 0.393953 0.00323795 0.00167116 -0.000410059
78 0.444473 0.438691 0.393949 0.00294712 0.00178811 -7.99676e-05
78.02 0.444561 0.438762 0.393978 0.00221167 0.00178966 0.000715118
78.04 0.444616 0.438835 0.394041 0.00137289 0.00181313 0.00158186
78.06 0.444647 0.438914 0.394125 0.000769068 0.00197003 0.00209982
78.08 0.444671 0.439005 0.394208 0.000615174 0.00228883 0.0020634
78.1 0.444708 0.439114 0.394272 0.000926001 0.00271727 0.0016083
78.12 0.444769 0.43924 0.394317 0.0015022 0.00315271 0.00111615
78.14 0.44485 0.439379 0.394355 0.00204051 0.00347804 0.000959927
78.16 0.444942 0.439523 0.394406 0.00230641 0.00359259 0.00126123
78.18 0.445032 0.43966 0.394479 0.00222642 0.00344042 0.00182566
78.2 0.445107 0.439783 0.394571 0.0018833 0.0030564 0.00231671
78.22 0.445166 0.439887 0.394672 0.00148587 0.00260041 0.00251627
78.24 0.445218 0.439979 0.394769 0.00128836 0.00231074 0.0024342
78.26 0.445275 0.440074 0.394858 0.00143723 0.00237438 0.00222105
78.28 0.44535 0.440186 0.394939 0.00186815 0.00279401 0.00201506
78.3 0.445444 0.440321 0.395013 0.00236183 0.00336749 0.00184638
78.32 0.445552 0.440474 0.395079 0.00269521 0.0038269 0.00166714
78.34 0.445663 0.440634 0.395138 0.00276667 0.00401391 0.00145627
78.36 0.445768 0.440793 0.395189 0.00263286 0.00396003 0.00128403
78.38 0.445866 0.440946 0.39524 0.0024508 0.00382843 0.00126807
78.4 0.44596 0.441096 0.395298 0.00235029 0.00376492 0.00145767
78.42 0.446053 0.441247 0.395368 0.00232646 0.00376301 0.00174621
78.44 0.446144 0.441393 0.395444 0.00225796 0.00364858 0.00189997
78.46 0.446225 0.441522 0.395512 0.00204287 0.00322318 0.00170184
78.48 0.446294 0.441621 0.395557 0.0017229 0.0024703 0.00111754
78.5 0.446353 0.441687 0.395571 0.00147375 0.00166168 0.000357945
78.52 0.446412 0.441736 0.395562 0.00147416 0.00122852 -0.000231328
78.54 0.446483 0.441794 0.395546 0.00176393 0.00144381 -0.000385785
78.56 0.446571 0.441881 0.395542 0.00221321 0.00218162 -0.000108464
78.58 0.446677 0.442 0.395554 0.00263269 0.00297139 0.000316211
78.6 0.446793 0.442131 0.395575 0.00291557 0.00328497 0.000523022
78.62 0.446917 0.442246 0.395589 0.00308588 0.00285837 0.000337439
78.64 0.447046 0.44232 0.395585 0.00323587 0.00186565 -8.944e-05
78.66 0.447183 0.442353 0.39557 0.00342127 0.00082858 -0.000389273
78.68 0.447327 0.442366 0.39556 0.00359345 0.000301272 -0.000238804
78.7 0.447472 0.442387 0.395577 0.00362653 0.000530539 0.000413908
78.72 0.447609 0.442439 0.395629 0.0034323 0.00130224 0.00130101
78.74 0.447731 0.442521 0.395709 0.00305649 0.00205543 0.00199598
78.76 0.447838 0.44261 0.395796 0.00266821 0.0022235 0.00219255
78.78 0.447936 0.442675 0.395872 0.00244926 0.00162063 0.0018882
78.8 0.448035 0.442698 0.395926 0.00246866 0.0005851 0.00134634
78.82 0.44814 0.442687 0.395962 0.00264023 -0.000269493 0.00089872
78.84 0.448253 0.442668 0.395991 0.0028075 -0.000485249 0.000741917
78.86 0.448368 0.442668 0.396026 0.00287663 2.00599e-06 0.000857661
78.88 0.448483 0.442706 0.396069 0.00286908 0.000945636 0.00107673
78.9 0.448597 0.442785 0.396117 0.00286827 0.00198063 0.00120897
78.92 0.448714 0.442895 0.396163 0.00292923 0.00274538 0.00115972
78.94 0.448835 0.443014 0.396203 0.00301765 0.0029704 0.000990673
78.96 0.448955 0.443117 0.396238 0.00300702 0.00258889 0.000878095
78.98 0.449066 0.443189 0.396277 0.0027745 0.00178767 0.000980558
79 0.44916 0.443226 0.39633 0.00233652 0.000935924 0.00131708
79.02 0.449235 0.443244 0.3964 0.00187904 0.00043004 0.00175436
79.04 0.4493 0.443264 0.396484 0.00163552 0.00052353 0.00208104
79.06 0.449369 0.443313 0.396568 0.00171001 0.00120833 0.00210761
79.08 0.449448 0.4434 0.396639 0.0019891 0.00218306 0.00177547
79.1 0.449537 0.443518 0.396687 0.00221581 0.00294631 0.00121506
79.12 0.449624 0.44364 0.396715 0.00216291 0.003046 0.000687383
79.14 0.449695 0.443735 0.396733 0.0017872 0.00237757 0.000439226
79.16 0.449746 0.443788 0.396755 0.00127655 0.00132035 0.000566325
79.18 0.449783 0.44381 0.396793 0.000929977 0.000568524 0.000956201
79.2 0.449821 0.443838 0.396848 0.00094701 0.000690729 0.00135747
79.22 0.449874 0.443905 0.39691 0.0013148 0.00168414 0.00155111
79.24 0.449948 0.444022 0.396969 0.00185906 0.00291166 0.00148441
79.26 0.450042 0.444163 0.39702 0.00234723 0.00353209 0.0012667
79.28 0.450145 0.444287 0.397063 0.00256804 0.00310701 0.00107532
79.3 0.450241 0.444364 0.397106 0.00241717 0.00192284 0.00106726
79.32 0.45032 0.444396 0.397157 0.00197634 0.000799235 0.00129392
79.34 0.45038 0.444418 0.397223 0.00149008 0.000537229 0.00164512
79.36 0.450428 0.444472 0.397299 0.00119904 0.00135529 0.0018963
79.38 0.450475 0.44458 0.397374 0.00117394 0.00269553 0.0018727
79.4 0.450527 0.444723 0.397438 0.00130362 0.00358313 0.00159983
79.42 0.450583 0.444856 0.39749 0.00139996 0.0033207 0.00129464
79.44 0.450636 0.444936 0.397537 0.0013102 0.00199737 0.00118554
79.46 0.450675 0.444953 0.39759 0.000996524 0.000421961 0.00132661
79.48 0.450698 0.444935 0.397653 0.000565008 -0.000448484 0.00157942
79.5 0.450707 0.444928 0.397723 0.000223434 -0.000165082 0.00174346
79.52 0.450714 0.444966 0.397791 0.000172136 0.000933161 0.00169407
79.54 0.450733 0.445045 0.397848 0.000477655 0.00199557 0.0014392
79.56 0.450774 0.445136 0.397892 0.00102779 0.00225872 0.00109649
79.58 0.450838 0.445198 0.397924 0.00160885 0.00155541 0.000800115
79.6 0.450919 0.445214 0.397948 0.00202067 0.000411726 0.000600096
79.62 0.451005 0.445201 0.397967 0.00214205 -0.00034824 0.000464054
79.64 0.451083 0.445192 0.397982 0.00195337 -0.00021326 0.000368586
79.66 0.451145 0.445219 0.397996 0.00155124 0.000664051 0.000358851
79.68 0.451191 0.445284 0.398017 0.00114115 0.00164305 0.000521803
79.7 0.451228 0.445368 0.398053 0.000941318 0.00209555 0.000903291
79.72 0.451271 0.445441 0.39811 0.00105315 0.00181382 0.00142929
79.74 0.451327 0.445483 0.398185 0.00142223 0.00106783 0.00188175
79.76 0.451403 0.445498 0.398264 0.00188883 0.000355166 0.00197818
79.78 0.451493 0.4455 0.398326 0.00225523 5.04853e-05 0.00154312
79.8 0.451588 0.445507 0.398353 0.00238182 0.000177515 0.000667433
79.82 0.45168 0.445525 0.398341 0.00227692 0.000462097 -0.00029671
79.84 0.451763 0.445551 0.398304 0.00208435 0.000635037 -0.000921332
79.86 0.451841 0.445578 0.398267 0.00195859 0.000696642 -0.00092567
79.88 0.451919 0.445614 0.398255 0.00194187 0.000897562 -0.000305621
79.9 0.451998 0.445673 0.398282 0.00198678 0.00147485 0.000672347
79.92 0.452081 0.445768 0.398346 0.00206632 0.0023789 0.0016059
79.94 0.45217 0.445898 0.398433 0.00223013 0.00323526 0.00216597
79.96 0.452272 0.446041 0.398523 0.00254263 0.0035719 0.00226031
79.98 0.452392 0.446167 0.398605 0.00299169 0.00315133 0.00204776
80 0.45253 0.446254 0.398678 0.00346703 0.00217462 0.00182028
80.02 0.452683 0.446302 0.398751 0.00380845 0.00120762 0.00182952
80.04 0.452838 0.446337 0.398836 0.00387662 0.00086174 0.00212331
80.06 0.452983 0.446394 0.398936 0.00362659 0.00143368 0.00251025
80.08 0.453108 0.446502 0.399044 0.00314101 0.0027055 0.0027022
80.1 0.453212 0.446664 0.399145 0.00259047 0.00404475 0.00251845
80.12 0.453298 0.446856 0.399225 0.00216072 0.00479342 0.00199925
80.14 0.453378 0.447043 0.39928 0.00199223 0.00468616 0.00137187
80.16 0.453464 0.447202 0.399316 0.00214148 0.00397895 0.000909078
80.18 0.453566 0.447331 0.399347 0.00256479 0.0032116 0.000772308
80.2 0.453692 0.447444 0.399385 0.00315115 0.00284276 0.000937783
80.22 0.453843 0.447565 0.399434 0.00376978 0.00300211 0.00124164
80.24 0.454014 0.447704 0.399495 0.00427581 0.00347792 0.00150593
80.26 0.454195 0.447861 0.39956 0.00450876 0.00392516 0.00164568
80.28 0.454369 0.448025 0.399627 0.00435674 0.0041 0.00165644
80.3 0.454523 0.448182 0.399688 0.00385215 0.00394132 0.00153263
80.32 0.454651 0.448322 0.399737 0.00319297 0.00349543 0.00123023
80.34 0.454757 0.448435 0.399766 0.00265663 0.00281765 0.000714389
80.36 0.454855 0.448514 0.399768 0.00245231 0.00197128 5.85042e-05
80.38 0.454959 0.448558 0.399748 0.00260582 0.00109912 -0.00050581
80.4 0.455078 0.448575 0.399721 0.00296173 0.000443419 -0.000680296
80.42 0.45521 0.448585 0.399708 0.00329763 0.000251268 -0.000306266
80.44 0.455348 0.44861 0.399728 0.00345235 0.000624902 0.000489994
80.46 0.455483 0.448668 0.399782 0.00338794 0.00143381 0.00134682
80.48 0.45561 0.448762 0.399856 0.00316604 0.00234946 0.00186255
80.5 0.455725 0.448881 0.399929 0.00288913 0.00299157 0.00180666
80.52 0.455832 0.449006 0.399978 0.00265525 0.00310441 0.00124008
80.54 0.455933 0.449112 0.399997 0.00254027 0.00265504 0.000473273
80.56 0.456037 0.449184 0.399992 0.00258288 0.00180781 -0.000131222
80.58 0.456146 0.449218 0.399977 0.00274245 0.000836957 -0.000370591
80.6 0.456262 0.44922 0.399967 0.00288589 6.46961e-05 -0.000257663
80.62 0.456377 0.449212 0.399971 0.00287146 -0.000202222 9.44726e-05
80.64 0.456483 0.449221 0.399995 0.00265545 0.000213 0.000605242
80.66 0.456575 0.44927 0.400045 0.00230363 0.00122353 0.00124603
80.68 0.456652 0.449367 0.400123 0.00192482 0.00244412 0.00195599
80.7 0.456717 0.449501 0.400226 0.0016151 0.00334302 0.00256657
80.72 0.456773 0.449642 0.40034 0.00141926 0.0035351 0.00284787
80.74 0.456826 0.449764 0.400446 0.00132539 0.00303308 0.00266967
80.76 0.456879 0.449853 0.400532 0.00131103 0.00223303 0.00213943
80.78 0.456934 0.449919 0.400594 0.00137281 0.00163708 0.00156006
80.8 0.456993 0.44998 0.400643 0.00149024 0.00153573 0.00122523
80.82 0.457056 0.450055 0.400693 0.00157886 0.00186727 0.00123079
80.84 0.457117 0.450147 0.40075 0.00151029 0.00230967 0.00144031
80.86 0.457165 0.450247 0.400814 0.00119731 0.00250962 0.0015949
80.88 0.457192 0.45034 0.400874 0.000689965 0.00230724 0.00150068
80.9 0.457201 0.450412 0.400921 0.000211367 0.00180906 0.00118155
80.92 0.457203 0.450463 0.400956 5.32479e-05 0.00127887 0.0008659
80.94 0.457217 0.450502 0.400989 0.000363559 0.00095915 0.000820108
80.96 0.457258 0.450539 0.401035 0.00101699 0.000945293 0.00116504
80.98 0.457325 0.450586 0.401107 0.00166877 0.00116868 0.00179456
81 0.457402 0.450645 0.401204 0.0019322 0.00146511 0.00242352
81.02 0.457466 0.450712 0.401313 0.00160313 0.00168063 0.00272462
81.04 0.457499 0.450782 0.401413 0.000826591 0.00175364 0.00250008
81.06 0.457501 0.450851 0.401485 4.68754e-05 0.00170852 0.0017894
81.08 0.457491 0.450914 0.401518 -0.000265506 0.00157945 0.000835204
81.1 0.457494 0.450968 0.401516 9.59609e-05 0.00135713 -4.88148e-05
81.12 0.457533 0.451009 0.401492 0.000956845 0.00102982 -0.000592795
81.14 0.457608 0.451036 0.401467 0.00188398 0.000671572 -0.00063429
81.16 0.457706 0.451054 0.401461 0.00245267 0.000454247 -0.000159901
81.18 0.457805 0.451077 0.401488 0.0024736 0.00056143 0.000693287
81.2 0.457888 0.451119 0.401556 0.00207206 0.00104995 0.00168836
81.22 0.457952 0.451188 0.401658 0.00159022 0.0017297 0.00254769
81.24 0.458005 0.451276 0.401777 0.00133755 0.00219191 0.00299449
81.26 0.45806 0.451358 0.401891 0.00137668 0.00205898 0.00283438
81.28 0.458122 0.451409 0.401974 0.00153661 0.00128963 0.00209018
81.3 0.458186 0.45142 0.402017 0.00160947 0.000268037 0.00105739
81.32 0.458247 0.451403 0.402023 0.0015229 -0.000426798 0.000164101
81.34 0.458303 0.451387 0.402012 0.00139499 -0.000399216 -0.000276395
81.36 0.458361 0.4514 0.402003 0.00146501 0.000317741 -0.000221483
81.38 0.458438 0.451452 0.402009 0.00190659 0.00131109 0.00014111
81.4 0.458544 0.451536 0.402032 0.00264884 0.0020869 0.000561817
81.42 0.458679 0.451631 0.402066 0.00338235 0.00238001 0.000868029
81.44 0.458829 0.451721 0.402107 0.00375528 0.00225025 0.00100936
81.46 0.458972 0.451799 0.402148 0.00357698 0.00194886 0.00104441
81.48 0.459088 0.451867 0.402192 0.00290312 0.00169766 0.00109004
81.5 0.459169 0.45193 0.402242 0.0020139 0.00156849 0.00124529
81.52 0.459221 0.451991 0.402303 0.00131204 0.00154668 0.00153274
81.54 0.459267 0.452057 0.402379 0.00113453 0.00164687 0.00189302
81.56 0.459329 0.452134 0.402467 0.00156725 0.00190826 0.00221398
81.58 0.459426 0.452226 0.402561 0.00240277 0.00230383 0.00234834
81.6 0.459556 0.452334 0.402647 0.00326181 0.00271013 0.00215348
81.62 0.459708 0.452453 0.402711 0.00378731 0.00295711 0.00158569
81.64 0.45986 0.452569 0.402742 0.0038033 0.00290405 0.000783331
81.66 0.459995 0.45267 0.402744 0.00337693 0.00252755 5.52701e-05
81.68 0.460105 0.45275 0.402735 0.00276797 0.00200001 -0.000247938
81.7 0.460197 0.452815 0.402738 0.00228899 0.00164137 7.44982e-05
81.72 0.460284 0.452884 0.402774 0.00216376 0.0017129 0.000921647
81.74 0.460381 0.452973 0.40285 0.00243692 0.00221552 0.00188031
81.76 0.460499 0.453087 0.402946 0.00295547 0.0028614 0.00240537
81.78 0.460638 0.453217 0.403031 0.00347558 0.00325745 0.0021291
81.8 0.460792 0.453344 0.403076 0.00383178 0.00316299 0.00111471
81.82 0.460952 0.453449 0.40307 0.00401188 0.00263177 -0.000143243
81.84 0.461115 0.453528 0.40303 0.00408349 0.00197446 -0.000994574
81.86 0.461279 0.453591 0.40299 0.00408363 0.00157332 -0.00100817
81.88 0.461438 0.453657 0.402982 0.00398958 0.0016482 -0.00020514
81.9 0.461589 0.453742 0.403021 0.00377699 0.00212076 0.000996942
81.92 0.461729 0.453849 0.403104 0.00348838 0.00267517 0.00207411
81.94 0.461859 0.453968 0.403212 0.00325 0.00297565 0.00268748
81.96 0.461987 0.454083 0.403322 0.00320333 0.00287508 0.00276548
81.98 0.462123 0.454182 0.403419 0.00338756 0.00246771 0.00240483
82 0.46227 0.454261 0.40349 0.00368007 0.00198806 0.00177242
82.02 0.462424 0.454328 0.403533 0.00385926 0.00167028 0.0010819
82.04 0.462574 0.454394 0.403556 0.00375737 0.00165148 0.000572585
82.06 0.46271 0.454471 0.403574 0.00338221 0.00192208 0.000446514
82.08 0.462826 0.454564 0.403604 0.00290662 0.00232229 0.00076743
82.1 0.462927 0.454669 0.40366 0.00253267 0.0026351 0.00138713
82.12 0.463021 0.454778 0.403739 0.00234653 0.00273002 0.00198809
82.14 0.463112 0.454883 0.40383 0.00228064 0.00262293 0.00226553
82.16 0.4632 0.45498 0.403915 0.00219178 0.00241435 0.00212012
82.18 0.463279 0.455067 0.403982 0.00197472 0.00218925 0.00169392
82.2 0.463344 0.455147 0.404033 0.00162691 0.00197948 0.00125276
82.22 0.463394 0.455219 0.404074 0.00123543 0.00180026 0.00103097
82.24 0.463429 0.455286 0.404118 0.000894494 0.00168831 0.00111053
82.26 0.463454 0.455353 0.404173 0.000614136 0.00167792 0.00137045
82.28 0.463467 0.455423 0.404235 0.000335063 0.00173546 0.00154775
82.3 0.46347 0.455492 0.404292 6.01603e-05 0.00174248 0.00141349
82.32 0.463466 0.455554 0.404329 -8.6687e-05 0.00154755 0.000943628
82.34 0.463467 0.455597 0.404343 1.59491e-05 0.00106984 0.000350904
82.36 0.46348 0.455613 0.404341 0.000330083 0.000403087 -5.74465e-05
82.38 0.463506 0.455606 0.404337 0.000638046 -0.000180098 -8.79124e-05
82.4 0.463532 0.455591 0.404347 0.000670185 -0.000366013 0.000236446
82.42 0.463545 0.455591 0.404376 0.000306739 -1.70535e-06 0.000728947
82.44 0.463533 0.455622 0.404423 -0.000290389 0.000777824 0.00117276
82.46 0.463504 0.455686 0.404481 -0.000734859 0.00159087 0.00145282
82.48 0.463477 0.455766 0.404545 -0.0006686 0.0019917 0.0015992
82.5 0.463474 0.455834 0.404613 -6.85214e-05 0.00171243 0.00168657
82.52 0.463501 0.455868 0.40468 0.000670551 0.000852321 0.00169444
82.54 0.463542 0.455863 0.404741 0.00102182 -0.000124252 0.00150748
82.56 0.463572 0.455838 0.404783 0.000742393 -0.000637601 0.00106085
82.58 0.463574 0.455824 0.404802 5.86736e-05 -0.000341433 0.000480946
82.6 0.463554 0.455852 0.404805 -0.000492433 0.000685619 7.0536e-05
82.62 0.463537 0.455932 0.40481 -0.000420553 0.00200338 0.000130643
82.64 0.463554 0.456053 0.40484 0.000409667 0.00304331 0.000746357
82.66 0.463622 0.45619 0.404907 0.00170801 0.00340477 0.00167911
82.68 0.46374 0.456313 0.405006 0.00295085 0.0030849 0.00247498
82.7 0.463888 0.456412 0.405117 0.00369486 0.00247374 0.00276563
82.72 0.46404 0.456496 0.405218 0.00379638 0.00209715 0.00252832
82.74 0.464175 0.456587 0.4053 0.00339344 0.0022715 0.00205756
82.76 0.464285 0.456703 0.405368 0.00273218 0.00290709 0.00168075
82.78 0.464366 0.456847 0.405427 0.00202834 0.00360023 0.00148574
82.8 0.464424 0.457004 0.405479 0.0014527 0.00392118 0.0012986
82.82 0.464471 0.457151 0.405516 0.00118588 0.00368089 0.000916798
82.84 0.464528 0.457271 0.405531 0.0014185 0.00300938 0.000379219
82.86 0.464618 0.457361 0.405531 0.00224427 0.00225036 7.96168e-07
82.88 0.464758 0.457432 0.405536 0.00351051 0.00176428 0.000121144
82.9 0.464949 0.457501 0.405567 0.00476599 0.00171329 0.000790488
82.92 0.465166 0.457579 0.405635 0.00543517 0.00195931 0.00168453
82.94 0.465373 0.457667 0.405728 0.00516088 0.00220049 0.00232626
82.96 0.465535 0.457756 0.405824 0.00406096 0.002232 0.00239705
82.98 0.465643 0.457839 0.4059 0.00269971 0.00206957 0.00190589
83 0.465715 0.457913 0.405946 0.00178501 0.0018393 0.00115752
83.02 0.465785 0.457976 0.405969 0.00176048 0.00159608 0.000560225
83.04 0.465887 0.458028 0.405984 0.00254698 0.00128969 0.000374885
83.06 0.466032 0.458063 0.406007 0.0036275 0.000880417 0.00057354
83.08 0.466209 0.458081 0.406043 0.00441433 0.000442558 0.000902386
83.1 0.466393 0.458088 0.406087 0.00461793 0.000175357 0.00110852
83.12 0.466567 0.4581 0.406133 0.00434637 0.000303426 0.00115245
83.14 0.466724 0.458136 0.406182 0.00392658 0.000891657 0.00121187
83.16 0.46687 0.458204 0.40624 0.00365054 0.0017033 0.0014664
83.18 0.467015 0.458295 0.406315 0.00362457 0.0022803 0.00187797
83.2 0.467167 0.458386 0.406403 0.00379377 0.00226543 0.00219149
83.22 0.46733 0.458454 0.406489 0.00406939 0.0017091 0.0021414
83.24 0.467507 0.458497 0.406556 0.0044192 0.00107018 0.00167232
83.26 0.4677 0.458533 0.406596 0.00484456 0.000907281 0.00101262
83.28 0.467911 0.458592 0.406618 0.005277 0.00148214 0.000536677
83.3 0.468132 0.458693 0.406638 0.00552261 0.0025258 0.000503612
83.32 0.468346 0.458827 0.406673 0.00534787 0.00334918 0.000875044
83.34 0.468533 0.458959 0.406728 0.00466122 0.00329565 0.0013723
83.36 0.468678 0.459049 0.406796 0.00363844 0.00225446 0.00170652
83.38 0.468785 0.459083 0.406866 0.00267731 0.000833617 0.00176328
83.4 0.468873 0.459083 0.406931 0.00220244 -1.34261e-06 0.00161364
83.42 0.46897 0.459099 0.406987 0.00241246 0.00039864 0.00139191
83.44 0.469095 0.459174 0.407034 0.00313699 0.00189414 0.00118837
83.46 0.469252 0.45932 0.407076 0.00390379 0.00362625 0.00103996
83.48 0.469418 0.459502 0.407114 0.00416998 0.00456608 0.000968168
83.5 0.469563 0.459669 0.407155 0.00361589 0.00417891 0.00100573
83.52 0.469657 0.459779 0.407201 0.00235177 0.00274799 0.00117017
83.54 0.469693 0.459825 0.407258 0.00089547 0.00115119 0.00140818
83.56 0.469688 0.459837 0.407322 -0.000121737 0.000296252 0.00159207
83.58 0.469674 0.459862 0.407385 -0.000341691 0.000619091 0.00159418
83.6 0.469679 0.459938 0.407441 0.000125209 0.00189784 0.00138643
83.62 0.469712 0.460075 0.407484 0.000819446 0.00342969 0.00107761
83.64 0.469762 0.460253 0.407517 0.00125104 0.00444162 0.00082699
83.66 0.469809 0.460433 0.407546 0.00116712 0.00449618 0.000718505
83.68 0.469834 0.460579 0.407575 0.000627705 0.00366806 0.000726979
83.7 0.469831 0.460676 0.407606 -7.79736e-05 0.00242261 0.000770717
83.72 0.469806 0.460729 0.407637 -0.000613562 0.00132135 0.000777398
83.74 0.469775 0.460758 0.407666 -0.000793704 0.000732215 0.000731822
83.76 0.469748 0.460786 0.407693 -0.000669692 0.000696713 0.000684207
83.78 0.46973 0.460827 0.407722 -0.000443537 0.00101581 0.000716853
83.8 0.469718 0.460885 0.407758 -0.00029282 0.00144786 0.000898025
83.82 0.469708 0.460958 0.407807 -0.000269832 0.00183754 0.00121891
83.84 0.469694 0.461042 0.407869 -0.00033056 0.00210489 0.00156032
83.86 0.469678 0.46113 0.407938 -0.000409398 0.00218477 0.00172951
83.88 0.46966 0.461211 0.408001 -0.000459926 0.00202058 0.00156444
83.9 0.469641 0.461275 0.408043 -0.000472253 0.00161197 0.00105288
83.92 0.469621 0.461318 0.408058 -0.00048071 0.00106752 0.000366183
83.94 0.469601 0.461342 0.408048 -0.00051863 0.000602915 -0.000227715
83.96 0.469579 0.46136 0.408028 -0.000537946 0.00044847 -0.000502002
83.98 0.469563 0.461389 0.408014 -0.00039834 0.00072744 -0.000358604
84 0.469565 0.461444 0.40802 3.99723e-05 0.00137072 0.000154778
84.02 0.469597 0.461529 0.408054 0.000797641 0.00212077 0.000855833
84.04 0.469665 0.461634 0.408114 0.00170492 0.00264507 0.00147956
84.06 0.469763 0.461743 0.408186 0.0024419 0.00271808 0.0018099
84.08 0.469871 0.461837 0.408258 0.00271854 0.00235811 0.00181068
84.1 0.469971 0.46191 0.408324 0.00248979 0.00182612 0.00164389
84.12 0.470052 0.46197 0.408386 0.00202364 0.00149151 0.00154577
84.14 0.470122 0.462036 0.408453 0.00174829 0.00164034 0.00166208
84.16 0.470201 0.462128 0.408531 0.00198969 0.00231677 0.00196763
84.18 0.470313 0.462259 0.408624 0.00278148 0.0032683 0.0023072
84.2 0.470467 0.462421 0.408723 0.00385295 0.00405731 0.00249499
84.22 0.470658 0.462594 0.40882 0.00478129 0.00431302 0.00241192
84.24 0.470867 0.462753 0.408903 0.00522184 0.00397658 0.00208062
84.26 0.471071 0.462887 0.40897 0.00509749 0.00333905 0.00166733
84.28 0.471256 0.462999 0.409026 0.00462741 0.00281008 0.00139662
84.3 0.471423 0.463103 0.409082 0.00416552 0.00261111 0.00141352
84.32 0.471581 0.46321 0.409149 0.00395967 0.00266087 0.00166827
84.34 0.471741 0.463318 0.409226 0.00400821 0.00269967 0.00192452
84.36 0.471906 0.463419 0.409302 0.00411007 0.00251718 0.00191453
84.38 0.472068 0.463503 0.409364 0.00406806 0.00210991 0.00153461
84.4 0.472223 0.46357 0.4094 0.00387488 0.00168798 0.000915549
84.42 0.472371 0.463631 0.409414 0.00370244 0.00152001 0.000334296
84.44 0.47252 0.4637 0.409417 0.00370585 0.00170869 7.36884e-05
84.46 0.472673 0.463783 0.409428 0.00384373 0.00208626 0.000273907
84.48 0.472829 0.463877 0.40946 0.0038881 0.00233572 0.000812857
84.5 0.472974 0.463966 0.409514 0.00361903 0.0022315 0.00134582
84.52 0.473096 0.464038 0.409576 0.00305488 0.00180509 0.00154493
84.54 0.473197 0.464091 0.409629 0.00251837 0.00131658 0.00132111
84.56 0.473294 0.464133 0.409662 0.0024292 0.00106156 0.000833823
84.58 0.473412 0.46418 0.409676 0.00296384 0.00117366 0.000341366
84.6 0.473567 0.464242 0.409678 0.00386888 0.00154509 4.84581e-05
84.62 0.473751 0.464318 0.409679 0.00459757 0.0019052 3.88017e-05
84.64 0.473938 0.464398 0.40969 0.00466655 0.00199234 0.000275517
84.66 0.474096 0.464466 0.409716 0.00396603 0.00169474 0.000638871
84.68 0.474209 0.46451 0.409755 0.00282247 0.00110517 0.000979865
84.7 0.474281 0.464529 0.409802 0.00179337 0.000490407 0.00117529
84.72 0.474334 0.464536 0.409849 0.00133583 0.0001609 0.00118324
84.74 0.474397 0.464547 0.409893 0.00156448 0.000284509 0.00108877
84.76 0.474486 0.464578 0.409936 0.00223409 0.000776934 0.00107161
84.78 0.474603 0.464632 0.409986 0.00291498 0.00134657 0.00126742
84.8 0.474733 0.464699 0.410051 0.00324054 0.00167136 0.00161894
84.82 0.474856 0.464763 0.410127 0.00308881 0.00159497 0.00188546
84.84 0.474961 0.464811 0.4102 0.00261094 0.00121356 0.00184459
84.86 0.475045 0.464844 0.41026 0.00210144 0.000811496 0.00150064
84.88 0.475116 0.464871 0.410304 0.00178585 0.000682469 0.00109924
84.9 0.475183 0.464909 0.410342 0.00168013 0.000949861 0.000944618
84.92 0.475249 0.464969 0.410389 0.00163271 0.0014971 0.00117385
84.94 0.475309 0.465051 0.410455 0.0015036 0.00205254 0.00164806
84.96 0.475361 0.465145 0.410537 0.00130045 0.002355 0.00204024
84.98 0.475407 0.465237 0.410619 0.00115845 0.00228893 0.0020613
85 0.475455 0.465314 0.410685 0.00120178 0.00193952 0.00165394
85.02 0.475512 0.465377 0.410725 0.00141315 0.00155656 0.00100158
85.04 0.475576 0.465434 0.410741 0.00161781 0.00142437 0.000393136
85.06 0.475641 0.465501 0.410744 0.00160332 0.00168924 7.85394e-05
85.08 0.475692 0.465592 0.410751 0.00129487 0.00226399 0.000171766
85.1 0.475726 0.465707 0.410776 0.000847513 0.00288818 0.000623364
85.12 0.475748 0.465839 0.410827 0.000552685 0.00329097 0.00126623
85.14 0.475773 0.465972 0.410902 0.000611104 0.00332952 0.00189327
85.16 0.475812 0.466093 0.410995 0.000968888 0.00301462 0.00231879
85.18 0.475865 0.466191 0.411091 0.00134467 0.00245311 0.00240202
85.2 0.475922 0.466263 0.411175 0.00141275 0.00181585 0.00208721
85.22 0.475963 0.466317 0.411234 0.00104231 0.00133988 0.00147817
85.24 0.475981 0.466368 0.411268 0.000441408 0.00126469 0.000851727
85.26 0.475983 0.466435 0.41129 5.37639e-05 0.00169102 0.000540626
85.28 0.475992 0.466534 0.411319 0.000220144 0.00246167 0.00072948
85.3 0.476028 0.466661 0.411371 0.000886857 0.00318561 0.00130007
85.32 0.476092 0.466799 0.411445 0.00160928 0.00345534 0.00186154
85.34 0.476166 0.466924 0.411524 0.00185814 0.00311281 0.00197992
85.36 0.476223 0.467019 0.411583 0.00143014 0.00236601 0.00147395
85.38 0.476249 0.467085 0.411606 0.000629068 0.00165782 0.000557075
85.4 0.476251 0.467139 0.411594 5.32557e-05 0.0013486 -0.000296936
85.42 0.476257 0.467197 0.411567 0.000145188 0.00144452 -0.000655892
85.44 0.47629 0.467261 0.411552 0.000843701 0.00162298 -0.000380846
85.46 0.476355 0.467324 0.411565 0.0016224 0.0015564 0.000330871
85.48 0.476432 0.467373 0.41161 0.00190909 0.00122356 0.0011183
85.5 0.476493 0.46741 0.411678 0.00154657 0.000923862 0.00168872
85.52 0.476529 0.46745 0.411755 0.000898181 0.0010087 0.0019333
85.54 0.476551 0.467513 0.41183 0.000530914 0.00156986 0.00187875
85.56 0.476581 0.467606 0.411893 0.000768703 0.00232536 0.00157135
85.58 0.476641 0.467718 0.411934 0.00149502 0.00280685 0.00102997
85.6 0.476734 0.467827 0.411947 0.00232107 0.00271216 0.000319823
85.62 0.47685 0.467912 0.411933 0.0029032 0.00213393 -0.000348167
85.64 0.476976 0.467971 0.411907 0.00313851 0.00147916 -0.00065925
85.66 0.477101 0.468018 0.411891 0.00313946 0.00116337 -0.000385635
85.68 0.477224 0.468071 0.411909 0.00307967 0.00132896 0.00044741
85.7 0.477347 0.468143 0.411971 0.00306043 0.00179345 0.00154623
85.72 0.47747 0.468232 0.41207 0.00307777 0.00224126 0.00247688
85.74 0.477594 0.468332 0.412186 0.00310731 0.00248688 0.00288694
85.76 0.477722 0.468434 0.412294 0.00319983 0.00255528 0.00270627
85.78 0.47786 0.468536 0.412381 0.00344939 0.00255931 0.00217217
85.8 0.478015 0.468638 0.412447 0.00386403 0.00255355 0.00164563
85.82 0.478187 0.468738 0.412501 0.00430366 0.00248911 0.00136714
85.84 0.478369 0.468829 0.412555 0.00455741 0.00228089 0.00134302
85.86 0.478548 0.468906 0.412611 0.00447133 0.00191438 0.00140968
85.88 0.47871 0.468966 0.412667 0.00404564 0.00150279 0.0014015
85.9 0.478848 0.469016 0.412719 0.00344413 0.0012428 0.0012919
85.92 0.478964 0.469067 0.412767 0.00290616 0.00128719 0.00119047
85.94 0.479069 0.469132 0.412816 0.00263075 0.00162498 0.00122341
85.96 0.479178 0.469215 0.412872 0.00271677 0.00207012 0.00141618
85.98 0.479304 0.46931 0.412939 0.00314972 0.00238968 0.00166777
86 0.479455 0.469409 0.413012 0.00377823 0.00246172 0.00181855
86.02 0.479628 0.469501 0.413082 0.0043255 0.00229805 0.00174554
86.04 0.479808 0.469579 0.413139 0.00450765 0.00194832 0.00142575
86.06 0.479976 0.469637 0.413176 0.00418705 0.00145321 0.000940335
86.08 0.480114 0.469673 0.413194 0.00344398 0.000903458 0.000432565
86.1 0.480215 0.469693 0.413195 0.00253421 0.000501348 3.93178e-05
86.12 0.480286 0.469714 0.413188 0.00177289 0.000513861 -0.00016879
86.14 0.480343 0.469758 0.413181 0.0014192 0.00110753 -0.000197717
86.16 0.480406 0.469844 0.413176 0.00159285 0.00215661 -0.000105003
86.18 0.480495 0.469972 0.413178 0.0022194 0.00320515 4.47274e-05
86.2 0.480616 0.47012 0.413187 0.00303283 0.00369289 0.000227995
86.22 0.480763 0.470253 0.413207 0.00366866 0.00331975 0.000482428
86.24 0.480917 0.470344 0.413241 0.00384807 0.00226928 0.000863008
86.26 0.481059 0.470389 0.413295 0.00355002 0.00112423 0.00134771
86.28 0.48118 0.47041 0.413367 0.00302249 0.000532076 0.00179744
86.3 0.481283 0.470443 0.413447 0.00257804 0.000825402 0.00201137
86.32 0.481377 0.470516 0.41352 0.00233624 0.00182068 0.00182381
86.34 0.481463 0.470633 0.413568 0.00216175 0.00294306 0.00119543
86.36 0.481537 0.470777 0.413579 0.00184636 0.00359376 0.000279211
86.38 0.48159 0.470917 0.413556 0.0013385 0.00348888 -0.000592469
86.4 0.481623 0.471028 0.413514 0.000803717 0.0027725 -0.00103034
86.42 0.481643 0.471104 0.413483 0.000510746 0.00190149 -0.0007791
86.44 0.481669 0.47116 0.413489 0.000656406 0.00139444 0.000134585
86.46 0.481718 0.471221 0.413544 0.0012233 0.00154214 0.0013876
86.48 0.481796 0.47131 0.413643 0.00194583 0.0022243 0.00248447
86.5 0.481894 0.471429 0.413763 0.00243932 0.0029814 0.00299342
86.52 0.481992 0.471562 0.413874 0.00245283 0.00331749 0.00276908
86.54 0.482073 0.471682 0.413954 0.00204572 0.00299885 0.00199926
86.56 0.482134 0.471769 0.413996 0.0015143 0.0021713 0.00105957
86.58 0.48218 0.471819 0.414008 0.00114016 0.00126096 0.000295416
86.6 0.48222 0.471848 0.414003 0.000999946 0.000708155 -0.000132489
86.62 0.482259 0.471876 0.413993 0.000983708 0.000702736 -0.000251939
86.64 0.482297 0.47192 0.413987 0.000948989 0.00111359 -0.000154199
86.66 0.482332 0.471986 0.413992 0.000867719 0.00164679 0.000132488
86.68 0.482366 0.472069 0.414017 0.00086241 0.00205733 0.000639645
86.7 0.482409 0.472159 0.414071 0.00107808 0.00225823 0.00133041
86.72 0.482469 0.472251 0.414152 0.00150036 0.00230051 0.00202299
86.74 0.482547 0.472342 0.414251 0.00193272 0.00227341 0.00247991
86.76 0.482633 0.47243 0.414353 0.002154 0.00221335 0.00255749
86.78 0.482716 0.472514 0.414444 0.00208483 0.00209114 0.00227586
86.8 0.482789 0.472589 0.414516 0.00182847 0.0018818 0.00178922
86.82 0.482852 0.472655 0.414567 0.00155883 0.00163617 0.00129106
86.84 0.482907 0.472714 0.414604 0.00137132 0.0014853 0.000913658
86.86 0.482956 0.472777 0.414631 0.00124155 0.00156407 0.000684759
86.88 0.483001 0.472853 0.414654 0.00111555 0.0019008 0.000566321
86.9 0.483041 0.472947 0.414675 0.00101426 0.00235577 0.000519331
86.92 0.483083 0.473054 0.414696 0.0010341 0.00268074 0.000525732
86.94 0.483134 0.473162 0.414719 0.00127013 0.00270705 0.00057648
86.96 0.483203 0.473263 0.414746 0.00172542 0.0025017 0.00067122
86.98 0.483293 0.473356 0.414779 0.00227269 0.00232624 0.000836839
87 0.483402 0.473453 0.414824 0.00271076 0.00242753 0.00112843
87.02 0.483517 0.473565 0.414886 0.00287986 0.00280904 0.00155236
87.04 0.483628 0.473693 0.414965 0.0027758 0.00320445 0.00197161
87.06 0.483731 0.473825 0.41505 0.00256518 0.00329417 0.0021296
87.08 0.483829 0.473944 0.415123 0.00245115 0.00296592 0.00182129
87.1 0.483929 0.474039 0.415166 0.00249663 0.00238254 0.00106691
87.12 0.484032 0.474112 0.415171 0.00258104 0.00182987 0.000122713
87.14 0.484133 0.474173 0.415145 0.00253318 0.00153197 -0.000647176
87.16 0.484226 0.474236 0.415108 0.00232118 0.00157101 -0.000932374
87.18 0.484311 0.474312 0.415083 0.00212232 0.00188437 -0.000614135
87.2 0.484398 0.474404 0.41509 0.00218449 0.00230129 0.000172491
87.22 0.484503 0.474509 0.415134 0.00260662 0.0026217 0.00109951
87.24 0.484632 0.474616 0.415206 0.00322501 0.00269391 0.00179148
87.26 0.484779 0.474714 0.415285 0.00369011 0.00244926 0.00198511
87.28 0.484927 0.474791 0.415351 0.0036968 0.00191505 0.00165188
87.3 0.485055 0.474841 0.415392 0.00320787 0.00124237 0.00103258
87.32 0.485155 0.474869 0.415413 0.00248953 0.000700221 0.000506164
87.34 0.485232 0.474891 0.415426 0.0019238 0.000572072 0.000340269
87.36 0.485302 0.47493 0.415448 0.00174499 0.000973622 0.000544004
87.38 0.485378 0.474999 0.415486 0.00191076 0.00172417 0.000959379
87.4 0.485466 0.475094 0.415544 0.00218513 0.00237574 0.00143238
87.42 0.485559 0.475192 0.415618 0.00233852 0.00243003 0.00186848
87.44 0.485651 0.475259 0.415706 0.00230718 0.00167415 0.00218954
87.46 0.485739 0.475275 0.415798 0.00220001 0.000401353 0.0022948
87.48 0.485826 0.475246 0.415881 0.00216901 -0.000708442 0.00209027
87.5 0.485917 0.475206 0.415944 0.00227313 -0.00101939 0.00157233
87.52 0.486014 0.47519 0.41598 0.002434 -0.000385229 0.000899584
87.54 0.486115 0.47522 0.415994 0.00251147 0.00073926 0.000353227
87.56 0.486213 0.475284 0.416001 0.00244422 0.00159837 0.000166848
87.58 0.486306 0.475349 0.416016 0.00232159 0.0016385 0.00037071
87.6 0.486398 0.475385 0.416047 0.00231461 0.000883894 0.000789858
87.62 0.486499 0.47538 0.416095 0.00252574 -0.000101907 0.00117603
87.64 0.486614 0.475355 0.416148 0.00287341 -0.000646024 0.0013467
87.66 0.486739 0.475338 0.416199 0.00311537 -0.000417653 0.00126578
87.68 0.486859 0.475355 0.416241 0.00301696 0.000426426 0.00104373
87.7 0.486961 0.475411 0.416276 0.00254233 0.00139839 0.0008683
87.72 0.487037 0.47549 0.416312 0.00190349 0.00198845 0.000911889
87.74 0.487094 0.475569 0.416361 0.00142116 0.00196618 0.00123695
87.76 0.487147 0.475628 0.416431 0.00131806 0.00148441 0.0017336
87.78 0.48721 0.475665 0.416517 0.0015881 0.000921293 0.00215125
87.8 0.487291 0.47569 0.416606 0.0020141 0.000609204 0.00222678
87.82 0.487384 0.475717 0.41668 0.00232337 0.000683544 0.00185179
87.84 0.487479 0.475761 0.416727 0.00237055 0.00110935 0.00117947
87.86 0.487567 0.475831 0.41675 0.00220015 0.00175057 0.000567105
87.88 0.487645 0.475928 0.416764 0.00196266 0.00242653 0.000359209
87.9 0.487717 0.476047 0.416791 0.00179701 0.00297363 0.000659268
87.92 0.487788 0.476179 0.416841 0.00176764 0.00330141 0.0012722
87.94 0.487862 0.476316 0.416916 0.00185459 0.00341973 0.00185839
87.96 0.487941 0.476453 0.417002 0.00198259 0.00341828 0.00215722
87.98 0.488024 0.476589 0.417087 0.00207437 0.00340618 0.00211145
88 0.488107 0.476727 0.41716 0.00208156 0.00344583 0.00182653
88.02 0.488187 0.476867 0.417217 0.00199667 0.0035085 0.00143538
88.04 0.488261 0.477007 0.417257 0.00185174 0.0034798 0.00100373
88.06 0.488329 0.477137 0.417279 0.00169185 0.00325974 0.000548164
88.08 0.488391 0.477252 0.417284 0.00155587 0.00288311 0.000122817
88.1 0.48845 0.477353 0.417278 0.00146932 0.00250584 -0.00013858
88.12 0.488507 0.477444 0.417275 0.00142933 0.00229091 -9.58132e-05
88.14 0.488564 0.477538 0.417285 0.00140735 0.0023342 0.000256748
88.16 0.488619 0.477643 0.417314 0.00137691 0.00264761 0.000731442
88.18 0.488672 0.47777 0.417356 0.00134159 0.00316912 0.00104151
88.2 0.488726 0.477922 0.417396 0.00135286 0.00380132 0.000995709
88.22 0.488785 0.478099 0.417422 0.00147714 0.0044235 0.000666613
88.24 0.488854 0.478294 0.417437 0.00170963 0.00486241 0.000356494
88.26 0.488931 0.478491 0.417451 0.00192256 0.00492688 0.00035054
88.28 0.489008 0.478672 0.417478 0.00193968 0.0045287 0.000684897
88.3 0.489076 0.478823 0.417523 0.00168778 0.00376718 0.00113081
88.32 0.489126 0.478938 0.417578 0.0012574 0.00289509 0.0013716
88.34 0.48916 0.479027 0.417626 0.000855105 0.00221195 0.00120278
88.36 0.489189 0.479104 0.417653 0.000714113 0.00193436 0.000664852
88.38 0.489229 0.479187 0.417655 0.000994428 0.00207331 5.3026e-05
88.4 0.489296 0.479284 0.417645 0.00168265 0.00241064 -0.000249927
88.42 0.489398 0.479389 0.417643 0.00254642 0.00264251 -3.64904e-05
88.44 0.489527 0.479494 0.417667 0.0032327 0.00260646 0.000584656
88.46 0.489666 0.479589 0.417719 0.00347677 0.00238349 0.00130567
88.48 0.489797 0.479676 0.417793 0.00325902 0.002178 0.00185233
88.5 0.489908 0.479761 0.417878 0.00278659 0.00211519 0.00211403
88.52 0.490001 0.479846 0.417963 0.00233114 0.002134 0.0021313
88.54 0.490085 0.479928 0.418044 0.0020856 0.00205867 0.00202627
88.56 0.49017 0.48 0.418121 0.00213645 0.00178411 0.00191318
88.58 0.490269 0.480055 0.418193 0.00248278 0.00138613 0.00181414
88.6 0.490391 0.480098 0.41826 0.00303942 0.00107195 0.00166003
88.62 0.490537 0.480139 0.418315 0.00364464 0.00102219 0.00138544
88.64 0.490701 0.480189 0.418356 0.0040978 0.00124583 0.00102577
88.66 0.490869 0.480252 0.418385 0.00421735 0.00157273 0.000734615
88.68 0.491027 0.480323 0.418414 0.00393629 0.00178448 0.000704443
88.7 0.491163 0.480394 0.418455 0.00339642 0.00177273 0.00103367
88.72 0.49128 0.480459 0.41852 0.00292927 0.00162729 0.00162417
88.74 0.491395 0.480522 0.418608 0.00287584 0.00156995 0.00220193
88.76 0.491528 0.480592 0.418707 0.00333502 0.00174392 0.00246393
88.78 0.49169 0.480673 0.418797 0.00404754 0.0020376 0.00225058
88.8 0.491872 0.480759 0.418862 0.00453269 0.00214843 0.00164422
88.82 0.492047 0.480834 0.4189 0.00439769 0.00186172 0.000942815
88.84 0.492192 0.480884 0.41892 0.00361095 0.00127162 0.000491523
88.86 0.492293 0.480913 0.418939 0.00252048 0.000704644 0.000472005
88.88 0.492358 0.48093 0.418971 0.00162498 0.000446812 0.000820504
88.9 0.492409 0.480953 0.419024 0.00127063 0.00055683 0.001315
88.92 0.492467 0.480988 0.419093 0.00145515 0.000879579 0.00172277
88.94 0.492542 0.481034 0.419169 0.00188567 0.00115262 0.00190063
88.96 0.492631 0.48108 0.419241 0.0022298 0.0011494 0.00180758
88.98 0.492724 0.481113 0.4193 0.00232147 0.000817808 0.00145901
89 0.492812 0.481125 0.419335 0.00219204 0.000305707 0.00088795
89.02 0.492891 0.481119 0.419342 0.0019795 -0.000155342 0.000161732
89.04 0.492963 0.481103 0.419319 0.00180247 -0.000396467 -0.000564024
89.06 0.49303 0.481087 0.419277 0.00167952 -0.000387128 -0.00104411
89.08 0.493092 0.481078 0.419236 0.00154441 -0.000228997 -0.00103631
89.1 0.493145 0.481075 0.419217 0.00132688 -6.81958e-05 -0.000470217
89.12 0.493186 0.481076 0.419234 0.00102898 1.99362e-05 0.000428003
89.14 0.493217 0.481078 0.419283 0.000753253 4.60419e-05 0.00121455
89.16 0.493243 0.48108 0.419343 0.000661643 3.62995e-05 0.00150581
89.18 0.493277 0.48108 0.419392 0.000837924 3.01441e-06 0.0012336
89.2 0.493323 0.48108 0.419419 0.00115614 1.84751e-06 0.000668291
89.22 0.493376 0.481086 0.419428 0.00132162 0.000152557 0.000229169
89.24 0.493419 0.481107 0.419438 0.00108664 0.000538015 0.0002359
89.26 0.493438 0.481151 0.419466 0.000478831 0.00107802 0.000720159
89.28 0.493433 0.481211 0.419523 -0.000141564 0.00152347 0.0014085
89.3 0.493421 0.481276 0.419599 -0.000288403 0.00162443 0.00191333
89.32 0.493433 0.481331 0.419679 0.000288105 0.00135724 0.00198302
89.34 0.493487 0.481371 0.419744 0.00135741 0.00101113 0.00163475
89.36 0.493579 0.481412 0.419789 0.0022927 0.00102672 0.00112813
89.38 0.493678 0.481479 0.419822 0.00247409 0.00168092 0.00082618
89.4 0.493747 0.481593 0.419862 0.0017371 0.00283061 0.000993443
89.42 0.493768 0.48175 0.419927 0.000534188 0.00392792 0.00162768
89.44 0.493754 0.481924 0.420025 -0.000350465 0.00435545 0.00245676
89.46 0.493741 0.482078 0.420149 -0.000340846 0.00385868 0.00310274
89.48 0.493762 0.482188 0.42028 0.00054257 0.0027399 0.00326443
89.5 0.493832 0.482255 0.420393 0.00173707 0.00167161 0.00281554
89.52 0.493934 0.482305 0.420466 0.00256096 0.0012658 0.00184257
89.54 0.494041 0.482373 0.420492 0.00265944 0.00169959 0.000642808
89.56 0.494128 0.482479 0.420477 0.00217188 0.00264412 -0.000365549
89.58 0.49419 0.48262 0.420444 0.00155794 0.00351575 -0.000822125
89.6 0.494239 0.482774 0.42042 0.00123847 0.00386113 -0.000602288
89.62 0.494292 0.482919 0.420425 0.00131218 0.0036124 0.000116261
89.64 0.494354 0.483042 0.420463 0.00155916 0.00307534 0.000956399
89.66 0.494422 0.48315 0.420525 0.0016997 0.00269963 0.00155165
89.68 0.494489 0.483261 0.420595 0.0016712 0.00279248 0.00173033
89.7 0.494556 0.483395 0.420657 0.00166405 0.00333062 0.00156795
89.72 0.494631 0.483553 0.420709 0.00188428 0.00396868 0.00128028
89.74 0.494723 0.483725 0.42075 0.00229809 0.00427787 0.00104913
89.76 0.494827 0.483887 0.420787 0.00260473 0.00405069 0.000923437
89.78 0.494927 0.484024 0.420822 0.00248317 0.00342331 0.000856071
89.8 0.495003 0.484133 0.420854 0.00192159 0.00274934 0.000813628
89.82 0.495055 0.484227 0.420887 0.00129875 0.00233739 0.000823367
89.84 0.4951 0.484318 0.420924 0.00111767 0.00226666 0.000915574
89.86 0.495164 0.484413 0.420966 0.00161056 0.00238736 0.00105653
89.88 0.495266 0.484512 0.421012 0.00253463 0.00248275 0.00115197
89.9 0.495399 0.484611 0.421057 0.00332767 0.00246501 0.0011296
89.92 0.495539 0.484708 0.421098 0.00350598 0.00242847 0.00101897
89.94 0.49566 0.484809 0.421135 0.00302818 0.00252001 0.000924922
89.96 0.495754 0.48492 0.421172 0.00235308 0.00278103 0.000913204
89.98 0.495838 0.485043 0.421209 0.00209951 0.00307586 0.000937455
90 0.495941 0.485169 0.421245 0.00257083 0.00314667 0.000891537
90.02 0.496083 0.485281 0.421274 0.00354354 0.00279459 0.000737529
90.04 0.496262 0.485364 0.421298 0.00446851 0.00207994 0.000583852
90.06 0.496457 0.485419 0.421322 0.00487296 0.001362 0.000616883
90.08 0.496643 0.485462 0.421359 0.00464609 0.00109003 0.000928091
90.1 0.496805 0.485522 0.421415 0.00406581 0.00148664 0.00138002
90.12 0.496948 0.485616 0.42148 0.00356845 0.00234864 0.00164459
90.14 0.497085 0.48574 0.421538 0.00342738 0.00311584 0.00143115
90.16 0.497229 0.485869 0.421567 0.00360755 0.00322541 0.000742602
90.18 0.497385 0.48597 0.421564 0.00388638 0.00252335 -7.10311e-05
90.2 0.497548 0.486026 0.421543 0.00409075 0.00139635 -0.000525128
90.22 0.497718 0.486046 0.42153 0.00423462 0.000497845 -0.000325673
90.24 0.497895 0.486058 0.421548 0.00443645 0.000306777 0.000441378
90.26 0.498083 0.486092 0.421604 0.00470642 0.0008471 0.00138531
90.28 0.498278 0.486161 0.421687 0.0048719 0.00171309 0.00208685
90.3 0.498468 0.486255 0.421782 0.00474089 0.00235303 0.00238637
90.32 0.49864 0.486351 0.42188 0.0042928 0.00241706 0.00244574
90.34 0.498788 0.486429 0.421981 0.00370361 0.00193318 0.00252628
90.36 0.498916 0.486478 0.422089 0.00319819 0.00121884 0.00269363
90.38 0.499031 0.486504 0.422198 0.00288305 0.000649212 0.00272182
90.4 0.49914 0.486522 0.422289 0.00271758 0.000455481 0.00228547
90.42 0.499245 0.486548 0.422341 0.00261871 0.000662227 0.00128113
90.44 0.499347 0.486594 0.422342 0.00255383 0.00114291 2.36091e-05
90.46 0.499448 0.486662 0.422307 0.00254083 0.00169738 -0.000862776
90.48 0.499552 0.486746 0.422273 0.00260194 0.00210797 -0.000844511
90.5 0.499661 0.486834 0.422278 0.00272175 0.00219662 0.000117973
90.52 0.499774 0.48691 0.422338 0.00282427 0.00191186 0.00150989
90.54 0.499886 0.486966 0.422442 0.00279623 0.00139855 0.0026033
90.56 0.499989 0.487005 0.42256 0.00257751 0.000965593 0.0029289
90.58 0.500079 0.487042 0.42266 0.00224192 0.000911919 0.00251557
90.6 0.500157 0.487094 0.422731 0.00194712 0.00131038 0.00176601
90.62 0.500228 0.487172 0.422776 0.00178072 0.00193942 0.00112332
90.64 0.500294 0.487269 0.422808 0.00165495 0.00242635 0.000792359
90.66 0.500349 0.487369 0.422834 0.00135817 0.00250876 0.000671474
90.68 0.500379 0.487458 0.422854 0.000753189 0.0022168 0.000491367
90.7 0.500377 0.487531 0.422856 -4.16551e-05 0.00182352 5.65509e-05
90.72 0.500351 0.487596 0.422834 -0.000658446 0.00162921 -0.000555702
90.74 0.500323 0.487666 0.422794 -0.000693886 0.00175831 -0.000992377
90.76 0.500323 0.48775 0.422759 -3.69329e-06 0.00209082 -0.000887027
90.78 0.500368 0.487845 0.422751 0.00113455 0.00237312 -0.000186967
90.8 0.500453 0.487941 0.422782 0.0021238 0.00241493 0.000774798
90.82 0.500548 0.488029 0.422843 0.00238126 0.00219411 0.00151867
90.84 0.500617 0.488102 0.422912 0.00171953 0.00182483 0.00172881
90.86 0.500637 0.488162 0.422969 0.000498556 0.0014947 0.00142287
90.88 0.500613 0.488217 0.423005 -0.000602414 0.00139097 0.000903239
90.9 0.500571 0.48828 0.423027 -0.00104591 0.00157364 0.000529649
90.92 0.500541 0.488357 0.423046 -0.000754162 0.00191009 0.000483405
90.94 0.500538 0.488443 0.423073 -6.38061e-05 0.00216722 0.000675048
90.96 0.500562 0.48853 0.423107 0.000581965 0.00216396 0.000847179
90.98 0.5006 0.488605 0.423139 0.000954324 0.00186462 0.000801673
91 0.500646 0.48866 0.423162 0.00114201 0.0013963 0.000589168
91.02 0.500701 0.488699 0.423182 0.00138773 0.000967192 0.000498651
91.04 0.500774 0.488728 0.423216 0.0018162 0.000730165 0.000829603
91.06 0.500865 0.488757 0.42328 0.00227706 0.000711625 0.00162278
91.08 0.500962 0.488792 0.423383 0.00242643 0.000875338 0.00256094
91.1 0.501042 0.48884 0.423508 0.00200686 0.00120423 0.0031372
91.12 0.501087 0.488906 0.423628 0.00112759 0.00165939 0.00298243
91.14 0.5011 0.488991 0.423712 0.000309552 0.00210478 0.00211915
91.16 0.501106 0.489084 0.42375 0.000171703 0.00234786 0.000947329
91.18 0.501144 0.489175 0.423749 0.00094649 0.00227144 -2.12542e-05
91.2 0.501235 0.489252 0.423731 0.00225681 0.00192262 -0.000463712
91.22 0.50137 0.489312 0.423716 0.00337446 0.00148802 -0.000367725
91.24 0.501519 0.489359 0.423719 0.00373423 0.0011784 7.61108e-05
91.26 0.501651 0.489404 0.423747 0.00329012 0.00112132 0.000682801
91.28 0.50175 0.489457 0.423801 0.00248826 0.00132578 0.00136855
91.3 0.501827 0.489525 0.423884 0.00193441 0.00170231 0.00207157
91.32 0.501907 0.489609 0.42399 0.00199505 0.00209434 0.00264139
91.34 0.502011 0.489701 0.424104 0.00258187 0.00231347 0.00285457
91.36 0.50214 0.489791 0.424206 0.00324945 0.00224207 0.00255216
91.38 0.502282 0.489869 0.424277 0.00353569 0.00195261 0.00177407
91.4 0.502414 0.489936 0.424308 0.00329199 0.00168676 0.000781914
91.42 0.502524 0.490003 0.424306 0.00275028 0.00167428 -5.23101e-05
91.44 0.502616 0.490082 0.424288 0.00231135 0.00196595 -0.00045557
91.46 0.502706 0.490179 0.424271 0.00225982 0.00241527 -0.000430789
91.48 0.502811 0.490289 0.424261 0.00260896 0.00277043 -0.000236133
91.5 0.502936 0.490402 0.424255 0.00313335 0.00280793 -0.000155163
91.52 0.503077 0.4905 0.424245 0.00352837 0.00246743 -0.000258073
91.54 0.503221 0.490577 0.42423 0.00358827 0.00191626 -0.00036533
91.56 0.503353 0.490636 0.424221 0.00329854 0.00148032 -0.000219745
91.58 0.503465 0.490694 0.424234 0.0028184 0.00144522 0.000313667
91.6 0.503561 0.490768 0.42428 0.00239138 0.00184822 0.00114561
91.62 0.50365 0.490865 0.424359 0.00222097 0.00243347 0.00197124
91.64 0.503745 0.490978 0.424456 0.00237642 0.00282585 0.00242673
91.66 0.503855 0.49109 0.424548 0.00275749 0.00278944 0.00231892
91.68 0.50398 0.491185 0.424618 0.00312703 0.00237661 0.00174548
91.7 0.50411 0.49126 0.424659 0.00322862 0.00187499 0.00101195
91.72 0.504228 0.491325 0.424676 0.00296298 0.00161967 0.000425738
91.74 0.504328 0.491397 0.424681 0.00250023 0.00180341 0.000130354
91.76 0.504416 0.491491 0.424684 0.00220948 0.00235647 7.93352e-05
91.78 0.504513 0.491611 0.42469 0.00240575 0.00298403 0.000143462
91.8 0.504636 0.491746 0.4247 0.00307373 0.00337769 0.000253072
91.82 0.504788 0.491883 0.424718 0.0038178 0.00342869 0.000454448
91.84 0.504954 0.492013 0.424751 0.00412927 0.00324451 0.000823933
91.86 0.505104 0.492132 0.424804 0.00377032 0.00299303 0.00133222
91.88 0.505223 0.492243 0.424877 0.00295944 0.00277206 0.00181078
91.9 0.505312 0.492348 0.42496 0.00222747 0.00260887 0.00207818
91.92 0.505394 0.492448 0.425043 0.00206458 0.00250948 0.00207191
91.94 0.505498 0.492548 0.425117 0.002582 0.00248889 0.00185577
91.96 0.505635 0.49265 0.425179 0.00342011 0.00256791 0.00155131
91.98 0.505794 0.492759 0.42523 0.00399733 0.00271951 0.00126295
92 0.505952 0.492872 0.425271 0.00393329 0.00282285 0.00104237
92.02 0.506084 0.49298 0.425307 0.00331517 0.00270597 0.000897419
92.04 0.506189 0.493071 0.42534 0.00260547 0.0022733 0.000813717
92.06 0.50628 0.493136 0.425371 0.00229501 0.0016245 0.000772537
92.08 0.506383 0.493178 0.425401 0.00255407 0.00104222 0.000762547
92.1 0.506507 0.493211 0.425433 0.00310277 0.000825373 0.000786805
92.12 0.506643 0.493255 0.425467 0.00341439 0.00110045 0.000859799
92.14 0.506769 0.493323 0.425507 0.00313324 0.00171075 0.000993653
92.16 0.506864 0.493413 0.425554 0.00239406 0.00225202 0.00117283
92.18 0.506934 0.493506 0.425607 0.00174626 0.00231595 0.0013315
92.2 0.507003 0.493577 0.425662 0.00172297 0.00178764 0.00138279
92.22 0.5071 0.493616 0.425714 0.00242199 0.000965894 0.00130271
92.24 0.507236 0.493631 0.425761 0.00340401 0.0003692 0.00116847
92.26 0.507395 0.493645 0.425805 0.00397231 0.000356941 0.00108492
92.28 0.507542 0.493681 0.425848 0.00367176 0.000891541 0.00109025
92.3 0.507648 0.493745 0.425894 0.00264474 0.00160903 0.00113678
92.32 0.50771 0.493829 0.425939 0.00154653 0.00210274 0.00113985
92.34 0.507753 0.493917 0.425981 0.00108271 0.00219399 0.00103915
92.36 0.507814 0.493998 0.426014 0.00152355 0.00203089 0.000832143
92.38 0.507915 0.494076 0.426037 0.00254054 0.00194606 0.000567579
92.4 0.508054 0.494163 0.42605 0.00345668 0.00216809 0.000322696
92.42 0.508202 0.494268 0.426057 0.00370251 0.00261701 0.000191236
92.44 0.508328 0.494386 0.426068 0.00315769 0.00296055 0.000261646
92.46 0.508415 0.494502 0.426091 0.00218482 0.00290688 0.000580194
92.48 0.508471 0.494601 0.426136 0.00138115 0.0024754 0.00112667
92.5 0.508519 0.494681 0.426208 0.0012044 0.00199912 0.00180356
92.52 0.508587 0.494756 0.426305 0.00170595 0.00186631 0.00242645
92.54 0.508689 0.494844 0.426416 0.00253799 0.00220765 0.00275739
92.56 0.508816 0.494955 0.42652 0.00319188 0.00278206 0.00262136
92.58 0.508948 0.495081 0.426602 0.00328545 0.00314952 0.00203266
92.6 0.509058 0.4952 0.426651 0.00274931 0.00297409 0.00122588
92.62 0.509131 0.49529 0.426673 0.0018356 0.00224597 0.000547497
92.64 0.509169 0.495342 0.426684 0.000949411 0.00129764 0.00027967
92.66 0.509186 0.495366 0.426704 0.000422719 0.000598918 0.000503928
92.68 0.509201 0.495384 0.426746 0.000373912 0.00044553 0.00105492
92.7 0.50923 0.495415 0.42681 0.000719142 0.000779258 0.0016043
92.72 0.50928 0.495466 0.426884 0.00124973 0.00126906 0.00185107
92.74 0.509349 0.495528 0.426952 0.00172364 0.00156381 0.00168523
92.76 0.509428 0.495589 0.427 0.00197604 0.00151652 0.00121156
92.78 0.509507 0.495638 0.427027 0.00199385 0.00122516 0.000660238
92.8 0.509583 0.495674 0.427038 0.00188678 0.000903719 0.00028441
92.82 0.509654 0.495703 0.427049 0.00177698 0.000721638 0.0002659
92.84 0.509723 0.495732 0.427074 0.00171709 0.000729956 0.000633597
92.86 0.50979 0.495766 0.427123 0.00168542 0.000854675 0.00122957
92.88 0.509855 0.495804 0.427193 0.00162878 0.000934649 0.00175495
92.9 0.509916 0.495837 0.42727 0.00152472 0.000825918 0.00191654
92.92 0.509973 0.495858 0.427334 0.00141231 0.000524227 0.00160582
92.94 0.510027 0.495866 0.427374 0.0013466 0.000198123 0.000988375
92.96 0.51008 0.495869 0.427391 0.00132484 8.90868e-05 0.000423445
92.98 0.510131 0.495883 0.4274 0.00128204 0.000351446 0.000225384
93 0.510178 0.495921 0.427418 0.00118216 0.000933533 0.000444202
93.02 0.510222 0.495985 0.427452 0.00109835 0.00159458 0.000870428
93.04 0.510269 0.496067 0.427502 0.00116519 0.00206712 0.00124253
93.06 0.510326 0.496156 0.42756 0.00143391 0.00222424 0.00143662
93.08 0.510398 0.496241 0.427619 0.00180109 0.00211794 0.00148502
93.1 0.510482 0.496318 0.427678 0.00209882 0.0019177 0.00146745
93.12 0.510571 0.49639 0.427734 0.00222176 0.00179886 0.00140273
93.14 0.510658 0.496463 0.427784 0.00217593 0.00183428 0.00124456
93.16 0.51074 0.496542 0.427822 0.00205621 0.0019715 0.000965028
93.18 0.51082 0.496626 0.427848 0.00198981 0.00210342 0.00063641
93.2 0.510902 0.496712 0.427865 0.00206697 0.00215997 0.00042793
93.22 0.510994 0.496799 0.427885 0.00227683 0.00216469 0.000500601
93.24 0.511093 0.496888 0.427919 0.00248216 0.00222862 0.000866286
93.26 0.511193 0.496986 0.427973 0.00249209 0.00245581 0.00134301
93.28 0.511281 0.4971 0.42804 0.00222082 0.00283256 0.00167891
93.3 0.511353 0.497228 0.42811 0.00178692 0.00321706 0.00174291
93.32 0.51141 0.497366 0.428174 0.00144045 0.00343176 0.00160116
93.34 0.511466 0.4975 0.42823 0.00139913 0.00337032 0.00140469
93.36 0.511535 0.497622 0.428279 0.00171535 0.0030398 0.00121646
93.38 0.511624 0.497724 0.428317 0.00221536 0.00255076 0.000961642
93.4 0.511726 0.497808 0.428339 0.00256729 0.00209207 0.000536438
93.42 0.511826 0.497882 0.428337 0.00249257 0.00186796 -4.09324e-05
93.44 0.511906 0.497962 0.428314 0.00198779 0.0019852 -0.000573054
93.46 0.51196 0.498056 0.428284 0.00137313 0.00236494 -0.000762755
93.48 0.512004 0.498167 0.428268 0.001099 0.00276648 -0.000398738
93.5 0.512062 0.498284 0.428287 0.00145113 0.00291917 0.000468993
93.52 0.512156 0.498392 0.428347 0.00234426 0.00269406 0.00149923
93.54 0.51229 0.49848 0.428436 0.00333646 0.00221057 0.00222568
93.56 0.512445 0.498551 0.428529 0.0038898 0.00178392 0.00232572
93.58 0.512594 0.498621 0.428601 0.00372779 0.00172966 0.00179844
93.6 0.512716 0.498707 0.428639 0.00304181 0.0021584 0.000953813
93.62 0.512811 0.498823 0.428648 0.00236344 0.00289656 0.00022602
93.64 0.512897 0.498966 0.428645 0.00216886 0.0035723 -8.14016e-05
93.66 0.512999 0.499119 0.428647 0.00254675 0.00382949 6.31536e-05
93.68 0.513126 0.499261 0.428666 0.00318 0.00355771 0.000469748
93.7 0.513271 0.49938 0.428703 0.00361266 0.00297929 0.00091728
93.72 0.513415 0.499481 0.428756 0.00359864 0.00251162 0.0013296
93.74 0.513546 0.49958 0.428827 0.00328132 0.00247452 0.00177964
93.76 0.513669 0.499694 0.42892 0.00307957 0.0028684 0.00232825
93.78 0.513804 0.499831 0.429035 0.0033551 0.00341064 0.00288684
93.8 0.513968 0.499982 0.429165 0.00410935 0.00377169 0.00324767
93.82 0.514166 0.500133 0.429295 0.00495001 0.00378452 0.00323196
93.84 0.51438 0.500273 0.429407 0.00535654 0.00348865 0.00281158
93.86 0.514582 0.500394 0.429492 0.00505394 0.00302784 0.00213072
93.88 0.514751 0.500495 0.42955 0.00421856 0.00252995 0.00144122
93.9 0.514886 0.500578 0.429588 0.00336296 0.00207287 0.000961969
93.92 0.515005 0.500647 0.429619 0.00299175 0.0017235 0.00075477
93.94 0.515136 0.500709 0.429648 0.0032568 0.00156249 0.000735841
93.96 0.515289 0.500775 0.42968 0.00383122 0.00164498 0.000793835
93.98 0.515454 0.500852 0.429715 0.00414073 0.0019255 0.000873353
94 0.515607 0.500941 0.429754 0.00381208 0.00222422 0.000968811
94.02 0.515726 0.501034 0.429797 0.00297763 0.00230986 0.00108592
94.04 0.515814 0.501116 0.429845 0.00218823 0.00205487 0.00119545
94.06 0.515893 0.501176 0.429893 0.00199147 0.00151651 0.00119897
94.08 0.515993 0.501211 0.429931 0.0024901 0.000876928 0.000960952
94.1 0.516122 0.501225 0.429948 0.0032404 0.000339978 0.00041699
94.12 0.516265 0.501228 0.429935 0.00357367 7.09483e-05 -0.000328184
94.14 0.516389 0.501233 0.429895 0.00309572 0.00013926 -0.000999838
94.16 0.516469 0.501251 0.429844 0.00199588 0.000438837 -0.00126905
94.18 0.516506 0.501279 0.429807 0.000916403 0.000704684 -0.000926819
94.2 0.516525 0.501307 0.429805 0.000480559 0.000702539 -3.90933e-05
94.22 0.516559 0.501324 0.429846 0.000854124 0.000428715 0.00101026
94.24 0.516626 0.501329 0.429914 0.00166473 0.000108902 0.0016961
94.26 0.516718 0.501329 0.429981 0.00230866 -3.05197e-06 0.00168639
94.28 0.516813 0.501336 0.430024 0.00238051 0.000170069 0.00106624
94.3 0.516889 0.501356 0.430034 0.00189335 0.000507238 0.000257836
94.32 0.516936 0.501388 0.430023 0.00118235 0.000812964 -0.000266102
94.34 0.516962 0.501426 0.430013 0.000649082 0.00094668 -0.000251906
94.36 0.516983 0.501462 0.430023 0.000529656 0.000893021 0.000232095
94.38 0.517015 0.501492 0.430058 0.000781218 0.000744361 0.000895264
94.4 0.51706 0.501517 0.430116 0.0011397 0.000621992 0.00143699
94.42 0.517113 0.501541 0.430184 0.00131881 0.000610209 0.00171284
94.44 0.517161 0.50157 0.430254 0.00120797 0.0007316 0.00175089
94.46 0.517198 0.501608 0.430321 0.000922264 0.000947919 0.00166636
94.48 0.517225 0.501656 0.430384 0.000676366 0.00119767 0.0015707
94.5 0.51725 0.501714 0.430445 0.000613297 0.00145911 0.00152173
94.52 0.517279 0.501784 0.430506 0.00073015 0.00174722 0.00153294
94.54 0.517316 0.501866 0.430571 0.000922913 0.00203898 0.00161005
94.56 0.51736 0.501955 0.430641 0.00110083 0.00223769 0.00176974
94.58 0.517411 0.502044 0.430722 0.00128548 0.00222089 0.00201555
94.6 0.517475 0.502121 0.430813 0.00158229 0.00191932 0.00227577
94.62 0.517556 0.502176 0.430908 0.00203425 0.00138229 0.00236896
94.64 0.517657 0.502208 0.430991 0.00252471 0.000782299 0.00208638
94.66 0.517771 0.502222 0.431046 0.00285185 0.000353785 0.00137106
94.68 0.517886 0.502234 0.431063 0.00288163 0.000301915 0.000435847
94.7 0.517992 0.502262 0.431052 0.00263506 0.000710537 -0.000291256
94.72 0.518083 0.502321 0.431036 0.00227024 0.00147544 -0.000394364
94.74 0.518162 0.502413 0.431046 0.00197385 0.00229821 0.000248246
94.76 0.518235 0.502525 0.431099 0.00184714 0.00279995 0.00133385
94.78 0.51831 0.502634 0.431191 0.00186913 0.00272132 0.00229012
94.8 0.518388 0.502717 0.431296 0.00195345 0.00206491 0.00263377
94.82 0.51847 0.502761 0.431387 0.0020498 0.00110019 0.00227661
94.84 0.518558 0.502771 0.431449 0.00220124 0.000252479 0.0015356
94.86 0.518658 0.502767 0.431483 0.00249124 -9.19194e-05 0.000856321
94.88 0.518775 0.502775 0.431504 0.00293013 0.000206104 0.000526664
94.9 0.518911 0.502814 0.431528 0.00339296 0.000962034 0.000595189
94.92 0.519058 0.502886 0.431565 0.00367368 0.00180335 0.000936655
94.94 0.519202 0.502982 0.431619 0.00361436 0.00240382 0.00134303
94.96 0.51933 0.503088 0.431683 0.00318187 0.00264852 0.00161
94.98 0.519429 0.503194 0.431748 0.00246964 0.00266232 0.00161017
95 0.519496 0.503302 0.431801 0.00168703 0.00268904 0.00133709
95.02 0.51954 0.503418 0.431837 0.00110865 0.00289076 0.000891152
95.04 0.519579 0.503547 0.431854 0.000954608 0.00322049 0.000413038
95.06 0.519629 0.503685 0.431855 0.00127096 0.00347363 3.50984e-05
95.08 0.519705 0.503825 0.43185 0.00189632 0.0034793 -0.000132588
95.1 0.519807 0.503955 0.431848 0.00253673 0.00326303 -2.95983e-05
95.12 0.519923 0.504076 0.43186 0.00290744 0.00303175 0.00029795
95.14 0.520038 0.504196 0.431888 0.00286448 0.00298761 0.000686875
95.16 0.520136 0.504322 0.431926 0.00246174 0.00315999 0.000942166
95.18 0.520213 0.504458 0.431963 0.00192841 0.00338517 0.000947907
95.2 0.520276 0.504595 0.431993 0.00156764 0.00342783 0.000729464
95.22 0.520339 0.504722 0.432009 0.00158663 0.0031838 0.00042193
95.24 0.520418 0.504835 0.432016 0.00197535 0.00281328 0.000170362
95.26 0.52052 0.504941 0.432019 0.00253659 0.0026586 6.32996e-05
95.28 0.520641 0.50506 0.432024 0.00302608 0.00297347 0.000137873
95.3 0.520772 0.505208 0.43204 0.00329105 0.00369663 0.000387298
95.32 0.520905 0.505386 0.43207 0.00331921 0.00446294 0.000742642
95.34 0.521034 0.50558 0.432113 0.00321814 0.00483232 0.00107761
95.36 0.52116 0.505762 0.432163 0.00314467 0.00455169 0.00125169
95.38 0.521288 0.50591 0.43221 0.0031991 0.00370032 0.00116986
95.4 0.521423 0.506015 0.432243 0.00337554 0.0026389 0.000838576
95.42 0.521567 0.506087 0.432259 0.00359734 0.00179375 0.000394277
95.44 0.521718 0.506144 0.432262 0.00377406 0.00142528 8.31562e-05
95.46 0.521871 0.506205 0.432269 0.00384503 0.00153357 0.000158711
95.48 0.522023 0.506282 0.432297 0.00379895 0.00192143 0.000707702
95.5 0.522171 0.506376 0.432359 0.00368208 0.00234163 0.00154218
95.52 0.522314 0.506482 0.432451 0.0035837 0.00265474 0.00230315
95.54 0.522456 0.506598 0.432559 0.00356053 0.00289659 0.0027025
95.56 0.5226 0.506725 0.432666 0.00358671 0.00318563 0.00267596
95.58 0.522744 0.506867 0.43276 0.00360533 0.00354135 0.00235861
95.6 0.522888 0.507019 0.432839 0.00359098 0.0037984 0.00196768
95.62 0.52303 0.507167 0.432906 0.00354635 0.0037026 0.00168398
95.64 0.523169 0.507291 0.432969 0.00347834 0.0030976 0.00157637
95.66 0.523305 0.507374 0.433034 0.00341375 0.00206651 0.00161329
95.68 0.523441 0.507411 0.433103 0.00339191 0.000944111 0.00173564
95.7 0.523576 0.507418 0.433179 0.00337878 0.00016701 0.00188655
95.72 0.523705 0.507419 0.433258 0.00321652 1.76916e-05 0.00198545
95.74 0.523814 0.507436 0.433335 0.00272076 0.000434461 0.00192789
95.76 0.523889 0.507478 0.433401 0.00187499 0.00104705 0.00164069
95.78 0.523926 0.507535 0.433447 0.000937232 0.0014263 0.00114545
95.8 0.523939 0.507589 0.43347 0.000320024 0.00135379 0.000587913
95.82 0.523952 0.507625 0.433478 0.000331982 0.000890544 0.000202112
95.84 0.523991 0.507635 0.433485 0.000978573 0.000255273 0.000172905
95.86 0.524069 0.507623 0.433505 0.00192984 -0.000303366 0.000493243
95.88 0.524175 0.507599 0.433543 0.00265954 -0.000588585 0.000950144
95.9 0.524284 0.507578 0.433593 0.00271818 -0.000537114 0.00125443
95.92 0.524363 0.507568 0.433642 0.00199423 -0.000242978 0.00122036
95.94 0.524394 0.507574 0.433677 0.000769336 0.00013401 0.000871453
95.96 0.524376 0.507593 0.433693 -0.000447037 0.000483155 0.000409165
95.98 0.524329 0.507624 0.433696 -0.00117193 0.000767608 6.75542e-05
96 0.524283 0.507663 0.433693 -0.00114998 0.000972879 -5.79657e-05
96.02 0.524266 0.507705 0.433691 -0.000425119 0.00105218 -6.5385e-05
96.04 0.524294 0.507741 0.433685 0.000701988 0.000914551 -0.000138737
96.06 0.524366 0.507761 0.433669 0.00178821 0.000489846 -0.00039685
96.08 0.524462 0.507755 0.433637 0.00240131 -0.000153778 -0.000808522
96.1 0.524554 0.507725 0.433589 0.00228958 -0.000753271 -0.0011926
96.12 0.524615 0.507687 0.433538 0.00152514 -0.000947107 -0.00128982
96.14 0.524636 0.507667 0.433501 0.000540698 -0.000497726 -0.00092035
96.16 0.524635 0.507687 0.433496 -3.41023e-05 0.000504289 -0.000134759
96.18 0.524646 0.507752 0.433528 0.000282927 0.00163249 0.000797464
96.2 0.524705 0.507846 0.433589 0.00147485 0.0023511 0.00153816
96.22 0.524823 0.507939 0.433663 0.00294624 0.00232946 0.00184192
96.24 0.524978 0.508005 0.433729 0.00387517 0.0016337 0.00166117
96.26 0.525129 0.508031 0.433776 0.003771 0.000667879 0.0011625
96.28 0.525241 0.508028 0.433801 0.00280398 -8.59359e-05 0.00063958
96.3 0.525308 0.508014 0.433816 0.00167776 -0.000344004 0.000364604
96.32 0.525355 0.508009 0.433834 0.00115925 -0.000128752 0.00046241
96.34 0.525418 0.508023 0.433869 0.00158659 0.00035 0.000869029
96.36 0.525525 0.50806 0.433924 0.00268572 0.000909506 0.00138262
96.38 0.525678 0.50812 0.433997 0.00380663 0.00150354 0.0018063
96.4 0.525853 0.508204 0.43408 0.00437098 0.00211988 0.00208511
96.42 0.526021 0.508309 0.434172 0.00421531 0.00261473 0.0023021
96.44 0.526165 0.508419 0.434274 0.00360616 0.00275282 0.00254515
96.46 0.526284 0.508516 0.434385 0.00296046 0.00241329 0.0027814
96.48 0.526386 0.508584 0.434499 0.00256283 0.00171141 0.00285037
96.5 0.526486 0.508623 0.434603 0.00249139 0.0009624 0.00260056
96.52 0.526594 0.508644 0.434686 0.00269733 0.000543274 0.00206546
96.54 0.526717 0.508672 0.434746 0.00308171 0.00069469 0.00150311
96.56 0.526858 0.508727 0.434795 0.00351895 0.00138251 0.001235
96.58 0.527012 0.50882 0.434852 0.00384717 0.00232291 0.00141559
96.6 0.527167 0.508946 0.434929 0.0038725 0.00314328 0.0019155
96.62 0.527305 0.509089 0.435025 0.00345193 0.00356275 0.00240829
96.64 0.527411 0.509229 0.435128 0.00266095 0.00350304 0.00258297
96.66 0.527487 0.509353 0.435221 0.00188257 0.00310778 0.00230859
96.68 0.527551 0.509459 0.435287 0.00161023 0.0026513 0.00166607
96.7 0.527634 0.509554 0.435322 0.0020645 0.00237369 0.000880386
96.72 0.527752 0.509649 0.435331 0.00297253 0.00236267 0.000211635
96.74 0.527901 0.509751 0.435324 0.00371738 0.00255394 -0.000161646
96.76 0.528051 0.509864 0.435316 0.00374155 0.00283618 -0.00021708
96.78 0.528168 0.50999 0.435313 0.00291903 0.00314505 -7.77125e-05
96.8 0.528233 0.510128 0.435316 0.00164685 0.00344233 7.52466e-05
96.82 0.528257 0.510274 0.43532 0.000600283 0.00366004 0.000117687
96.84 0.52827 0.510424 0.435323 0.000306639 0.00373617 5.5109e-05
96.86 0.528303 0.510571 0.435322 0.000823391 0.00368628 -7.43451e-06
96.88 0.528372 0.510715 0.435323 0.00173431 0.00359809 2.24298e-05
96.9 0.52847 0.510858 0.435329 0.00246038 0.00357279 0.000140428
96.92 0.528577 0.511005 0.435339 0.00267021 0.00366754 0.000262373
96.94 0.528676 0.511158 0.435352 0.00247598 0.00384471 0.00030507
96.96 0.528767 0.511317 0.435361 0.00226959 0.00397597 0.000239699
96.98 0.528861 0.511475 0.435365 0.00235676 0.00395379 9.33322e-05
97 0.528969 0.511628 0.435362 0.00269069 0.003808 -6.70182e-05
97.02 0.529086 0.511775 0.435355 0.00292595 0.00366969 -0.000178647
97.04 0.529196 0.511919 0.435346 0.00273824 0.00362043 -0.0002327
97.06 0.529281 0.512064 0.435336 0.00213966 0.0036118 -0.000246376
97.08 0.529342 0.512204 0.435328 0.00152042 0.00351451 -0.000189455
97.1 0.529397 0.512333 0.435329 0.00137581 0.00322096 2.15302e-05
97.12 0.529474 0.512443 0.435347 0.00193117 0.0027532 0.000440932
97.14 0.529592 0.512536 0.435388 0.00294835 0.002304 0.00102545
97.16 0.529747 0.51262 0.435454 0.00386355 0.00211608 0.0016673
97.18 0.529912 0.512711 0.435545 0.00414047 0.00227651 0.00226191
97.2 0.530056 0.512817 0.435653 0.00359148 0.00263293 0.0027118
97.22 0.530155 0.512932 0.43577 0.0024814 0.00289317 0.00290858
97.24 0.530211 0.513046 0.435881 0.00139501 0.00283469 0.00279348
97.26 0.530248 0.513145 0.435979 0.000927362 0.00248149 0.00242718
97.28 0.530302 0.513229 0.436058 0.00134306 0.00208941 0.0019746
97.3 0.530399 0.513306 0.436122 0.00241906 0.00192665 0.00160694
97.32 0.530542 0.513388 0.436178 0.0035912 0.00205053 0.00141145
97.34 0.530714 0.513478 0.436233 0.00430578 0.00227082 0.00136395
97.36 0.530887 0.513571 0.436288 0.0043232 0.00231156 0.00136821
97.38 0.531038 0.513653 0.436341 0.00377406 0.00204029 0.00134495
97.4 0.531158 0.513716 0.436394 0.00299092 0.00158079 0.0013098
97.42 0.53125 0.513764 0.436449 0.00228988 0.00121708 0.0013755
97.44 0.531323 0.513811 0.436515 0.00182847 0.0011539 0.00165544
97.46 0.531386 0.513864 0.4366 0.00157514 0.00133619 0.00212818
97.48 0.531442 0.513924 0.436703 0.00139732 0.00150185 0.00257439
97.5 0.53149 0.513981 0.43681 0.00121468 0.00141914 0.00267161
97.52 0.531535 0.514024 0.436898 0.0011076 0.00108612 0.00220882
97.54 0.531585 0.514054 0.436948 0.00126253 0.000741806 0.00124344
97.56 0.531656 0.514082 0.436952 0.00177359 0.000691132 8.71132e-05
97.58 0.531756 0.514123 0.436917 0.00249099 0.00103609 -0.000854899
97.6 0.531878 0.514184 0.436866 0.00306669 0.00153386 -0.00128217
97.62 0.532004 0.514254 0.436821 0.00314504 0.00174923 -0.00111977
97.64 0.532107 0.514311 0.436801 0.00256691 0.00141249 -0.000501621
97.66 0.532166 0.514338 0.436814 0.00147972 0.000675064 0.000330823
97.68 0.532178 0.514339 0.436859 0.000301631 1.47543e-05 0.00111539
97.7 0.532159 0.514333 0.436924 -0.000464345 -0.000130308 0.00163006
97.72 0.53214 0.514346 0.436994 -0.000485853 0.000307109 0.00174568
97.74 0.532149 0.514385 0.437052 0.000237197 0.000984774 0.00145215
97.76 0.532206 0.514442 0.437086 0.00140177 0.00142603 0.000853731
97.78 0.532308 0.514497 0.437092 0.00257274 0.0013653 0.000148997
97.8 0.532443 0.514533 0.437076 0.00336546 0.000912141 -0.000404518
97.82 0.532586 0.514552 0.437054 0.00357517 0.0004702 -0.000561067
97.84 0.532716 0.51457 0.437045 0.00325007 0.000450947 -0.000209331
97.86 0.532823 0.514608 0.437066 0.00266173 0.000942685 0.00052534
97.88 0.532908 0.514672 0.437119 0.00214105 0.00160597 0.0013225
97.9 0.532984 0.514749 0.437193 0.0018835 0.00191953 0.00183762
97.92 0.533059 0.514813 0.437267 0.00187753 0.00160145 0.00186865
97.94 0.533138 0.514847 0.437325 0.00198905 0.0008499 0.00143488
97.96 0.533222 0.514854 0.437355 0.0020968 0.000192494 0.000764521
97.98 0.53331 0.514858 0.437363 0.00218936 9.2247e-05 0.000186987
98 0.533404 0.514884 0.437361 0.00236497 0.00063565 -4.16635e-05
98.02 0.533513 0.514944 0.437366 0.00271477 0.00150775 0.000113701
98.04 0.533641 0.515033 0.437385 0.00319371 0.00222741 0.000469466
98.06 0.533786 0.515131 0.437416 0.00363895 0.00245373 0.000791827
98.08 0.533943 0.515218 0.437455 0.00391059 0.00217229 0.000978798
98.1 0.534101 0.515284 0.437499 0.00395739 0.00165259 0.00110072
98.12 0.534252 0.515333 0.437551 0.00377959 0.00122237 0.00129245
98.14 0.534389 0.515376 0.437615 0.00341264 0.00106394 0.00160343
98.16 0.534506 0.515422 0.437692 0.00293336 0.00116684 0.00190976
98.18 0.534604 0.515479 0.437771 0.00245587 0.00141749 0.00197749
98.2 0.534689 0.515547 0.437837 0.00212294 0.00170594 0.00165469
98.22 0.534771 0.515626 0.437878 0.00205694 0.00198242 0.00102219
98.24 0.534862 0.515717 0.437892 0.0022548 0.0022523 0.000364222
98.26 0.534963 0.515817 0.437892 0.00254787 0.00250415 -6.03909e-06
98.28 0.535072 0.515923 0.437895 0.00271623 0.00265971 7.08373e-05
98.3 0.535178 0.516028 0.437916 0.00264979 0.00261783 0.000514898
98.32 0.535274 0.516122 0.437958 0.00240817 0.00235785 0.00106488
98.34 0.53536 0.516201 0.438016 0.00214631 0.00198235 0.00144872
98.36 0.53544 0.516268 0.438078 0.00199615 0.00165715 0.00154164
98.38 0.535519 0.516329 0.438134 0.00197984 0.0015252 0.00140078
98.4 0.535598 0.516394 0.438181 0.00197838 0.00163359 0.00117605
98.42 0.535671 0.516469 0.43822 0.00181748 0.00187983 0.00098178
98.44 0.535729 0.516551 0.438254 0.00145937 0.00204689 0.000839882
98.46 0.535774 0.51663 0.438283 0.00110469 0.00196317 0.000726794
98.48 0.535816 0.516696 0.438309 0.00105072 0.00166052 0.000645652
98.5 0.535873 0.516751 0.438334 0.00142475 0.00136079 0.000636567
98.52 0.535955 0.516803 0.438363 0.0020619 0.00131388 0.000720275
98.54 0.536061 0.516869 0.438396 0.00263415 0.00164759 0.000824371
98.56 0.536176 0.51696 0.438428 0.0028903 0.00228431 0.000794138
98.58 0.536288 0.517078 0.438448 0.00279534 0.00294892 0.000513954
98.6 0.536388 0.517211 0.438449 0.00250631 0.00331727 3.00618e-05
98.62 0.536479 0.517341 0.438432 0.00226232 0.00324051 -0.000435521
98.64 0.536568 0.517455 0.438409 0.0022436 0.00286152 -0.00057475
98.66 0.536666 0.517555 0.438404 0.0024494 0.00250829 -0.000133018
98.68 0.536775 0.517653 0.438441 0.00270552 0.00244968 0.000938232
98.7 0.536888 0.517762 0.438536 0.00283275 0.00270593 0.00237513
98.72 0.537 0.517884 0.438682 0.00281178 0.00306085 0.00363745
98.74 0.537111 0.518014 0.438847 0.00276852 0.00325387 0.00414172
98.76 0.537224 0.518141 0.438991 0.0028309 0.00317362 0.00359231
98.78 0.537346 0.518257 0.439079 0.00303187 0.00289639 0.00218863
98.8 0.537478 0.518361 0.439101 0.0033005 0.0025999 0.000552505
98.82 0.537618 0.518459 0.439077 0.00349638 0.00245106 -0.0005853
98.84 0.537756 0.518559 0.439046 0.00346738 0.00249146 -0.000770671
98.86 0.537883 0.518663 0.439044 0.003157 0.00259667 -5.14796e-05
98.88 0.537991 0.518766 0.439088 0.00271258 0.00259444 0.00108524
98.9 0.538088 0.518864 0.439168 0.00242046 0.00243721 0.00200764
98.92 0.538186 0.518953 0.43926 0.00245804 0.00223675 0.00228852
98.94 0.538295 0.519039 0.439336 0.00271494 0.00215204 0.00191339
98.96 0.538411 0.51913 0.439385 0.00289947 0.00225658 0.00123141
98.98 0.538523 0.519228 0.439412 0.0028022 0.00246469 0.000674485
99 0.53862 0.519331 0.43943 0.00244132 0.00257536 0.000450487
99.02 0.538701 0.519428 0.439449 0.00200431 0.00242619 0.000465167
99.04 0.538769 0.519509 0.439469 0.00170335 0.00201193 0.00050426
99.06 0.538835 0.519568 0.439488 0.00166132 0.00148063 0.000458189
99.08 0.53891 0.51961 0.439503 0.00185914 0.00105966 0.000384655
99.1 0.538996 0.519649 0.439519 0.00216659 0.000957181 0.00040035
99.12 0.539094 0.519699 0.439541 0.00245012 0.00124497 0.000540415
99.14 0.539201 0.51977 0.439569 0.00266562 0.00177986 0.000722262
99.16 0.539314 0.51986 0.439602 0.00283411 0.00225722 0.000824813
99.18 0.539432 0.519955 0.439634 0.00295142 0.00238367 0.000799138
99.2 0.539551 0.520037 0.439663 0.00297922 0.00205067 0.000725314
99.22 0.539668 0.520093 0.439694 0.00291059 0.001402 0.000769385
99.24 0.539779 0.520124 0.439736 0.00278913 0.00077149 0.00104007
99.26 0.539887 0.520144 0.439794 0.00267961 0.000503566 0.00145678
99.28 0.539992 0.520174 0.439865 0.00263681 0.000739904 0.00177171
99.3 0.540099 0.520227 0.439935 0.0026784 0.00132882 0.00173844
99.32 0.54021 0.520304 0.439986 0.00277362 0.00193052 0.00129803
99.34 0.540326 0.520394 0.440012 0.00289085 0.00223576 0.000646459
99.36 0.540448 0.52048 0.440018 0.00305698 0.00214247 0.000131793
99.38 0.540581 0.520551 0.440019 0.0033142 0.00179869 4.16451e-05
99.4 0.540725 0.52061 0.440036 0.0036117 0.0014743 0.000431855
99.42 0.540877 0.520664 0.440081 0.00379712 0.00133504 0.00110147
99.44 0.541026 0.520717 0.440149 0.00373065 0.00133272 0.00170664
99.46 0.541162 0.52077 0.440227 0.00339389 0.00133107 0.00194784
99.48 0.541279 0.520822 0.440296 0.00293354 0.00128484 0.00172821
99.5 0.541384 0.520872 0.440343 0.00261344 0.00125904 0.00117551
99.52 0.541489 0.520926 0.440364 0.00263851 0.00133419 0.000525839
99.54 0.541608 0.520986 0.440363 0.00295383 0.00151258 -1.1279e-05
99.56 0.541737 0.521054 0.440351 0.00323762 0.00168862 -0.000312041
99.58 0.541863 0.521122 0.440338 0.00315732 0.00171804 -0.000317413
99.6 0.541969 0.521184 0.440338 0.002636 0.00154511 2.40986e-07
99.62 0.542045 0.521236 0.440362 0.00190674 0.00128639 0.000604378
99.64 0.5421 0.521283 0.440415 0.00136336 0.00117815 0.00131798
99.66 0.542152 0.521338 0.440489 0.0013114 0.00139081 0.00183492
99.68 0.542222 0.521413 0.440564 0.00175608 0.00186976 0.00187297
99.7 0.542317 0.521507 0.440618 0.00237684 0.00235189 0.00135827
99.72 0.542427 0.521609 0.440638 0.00274937 0.00255706 0.000504149
99.74 0.542533 0.521704 0.440627 0.00265069 0.00237552 -0.0002846
99.76 0.542621 0.52178 0.440602 0.00219548 0.00189707 -0.000626624
99.78 0.542689 0.521833 0.440587 0.0017039 0.00132594 -0.000355406
99.8 0.542747 0.521869 0.440604 0.00143637 0.000885237 0.000414291
99.82 0.542804 0.521899 0.440658 0.00143626 0.000756895 0.00135807
99.84 0.542867 0.52194 0.440743 0.00155981 0.00101817 0.00210809
99.86 0.542931 0.522003 0.44084 0.0016072 0.00156921 0.00243347
99.88 0.54299 0.522088 0.440933 0.00146444 0.00214118 0.00232449
99.9 0.543037 0.522185 0.441011 0.00118928 0.00243098 0.00194362
99.92 0.543076 0.522277 0.441071 0.000975395 0.00228226 0.00151166
99.94 0.543116 0.522349 0.441119 0.000999516 0.0017958 0.00119238
99.96 0.543167 0.5224 0.44116 0.00128138 0.00128283 0.00102256
99.98 0.543234 0.522442 0.441198 0.00167052 0.00105832 0.000947218
100 0.543312 0.522491 0.441234 0.00194219 0.00122181 0.000919878
100.02 0.543389 0.522555 0.441273 0.00193348 0.00159308 0.00096839
100.04 0.543456 0.522628 0.44132 0.00165684 0.0018411 0.00116872
100.06 0.543508 0.522697 0.441382 0.00130294 0.00172245 0.00154965
100.08 0.543551 0.522748 0.441462 0.00109493 0.00127675 0.0020126
100.1 0.543596 0.522781 0.441556 0.0011176 0.000821433 0.00234658
100.12 0.543647 0.522811 0.44165 0.00128302 0.00073539 0.00234379
100.14 0.543705 0.522859 0.441727 0.00143685 0.00121139 0.00193805
100.16 0.543764 0.522944 0.441778 0.00148862 0.00211745 0.00125616
100.18 0.543823 0.523065 0.441799 0.00147154 0.00302334 0.000543653
100.2 0.543883 0.523202 0.441801 0.00149325 0.00342194 3.07665e-05
100.22 0.543949 0.523324 0.441794 0.00163695 0.00306329 -0.000156852
100.24 0.544025 0.523411 0.441794 0.00190292 0.00217413 -1.57725e-05
100.26 0.544113 0.523464 0.441808 0.00219861 0.00133224 0.000345801
100.28 0.544207 0.523507 0.441837 0.00236748 0.00105721 0.00073334
100.3 0.544299 0.523566 0.441874 0.00229978 0.00146815 0.000934065
100.32 0.544381 0.523656 0.441908 0.00205069 0.00226882 0.000835063
100.34 0.544454 0.523777 0.441928 0.00182461 0.00301282 0.000511273
100.36 0.544528 0.523913 0.441936 0.00183137 0.00339848 0.000194348
100.38 0.544614 0.524048 0.441941 0.00214943 0.00338349 0.000131977
100.4 0.544721 0.524172 0.441958 0.00268231 0.00310574 0.000417052
100.42 0.544849 0.524282 0.441994 0.00320413 0.00274902 0.000893607
100.44 0.544989 0.524381 0.442044 0.00348944 0.00247385 0.00125544
100.46 0.545127 0.524477 0.442096 0.003459 0.00240341 0.00130434
100.48 0.545255 0.524581 0.442141 0.0032115 0.00259091 0.00112465
100.5 0.545372 0.524699 0.44218 0.00292363 0.00296248 0.000971516
100.52 0.545481 0.524832 0.442219 0.00271238 0.00331333 0.000981207
100.54 0.545584 0.524968 0.44226 0.00258171 0.00341111 0.00102387
100.56 0.545683 0.525095 0.442294 0.00248392 0.00315721 0.000837472
100.58 0.54578 0.525202 0.442306 0.00241516 0.00267554 0.000299101
100.6 0.545878 0.525291 0.44229 0.00245244 0.00223718 -0.000393914
100.62 0.545986 0.525375 0.442258 0.00269722 0.00208924 -0.000793884
100.64 0.546113 0.525468 0.442238 0.00317322 0.00232092 -0.000493135
100.66 0.546263 0.525579 0.442261 0.00375562 0.00279572 0.000560332
100.68 0.546431 0.525706 0.442339 0.00420182 0.00316565 0.00195761
100.7 0.546603 0.525828 0.44246 0.00429659 0.00304144 0.00301703
100.72 0.546763 0.525919 0.442586 0.00400153 0.00229136 0.00314909
100.74 0.546903 0.525968 0.442674 0.0034831 0.00122379 0.00220526
100.76 0.547023 0.525986 0.442697 0.00301056 0.000439389 0.00058859
100.78 0.547136 0.526004 0.442659 0.00281981 0.000444677 -0.000959743
100.8 0.547256 0.526056 0.442589 0.00299914 0.00130171 -0.00174618
100.82 0.547393 0.526157 0.442531 0.00344232 0.00254026 -0.00146389
100.84 0.54755 0.526295 0.442518 0.00390506 0.00342769 -0.00032062
100.86 0.547715 0.526432 0.442562 0.00414313 0.00343216 0.00109394
100.88 0.547878 0.526534 0.442647 0.00405557 0.00254911 0.00212515
100.9 0.548027 0.526585 0.442742 0.00373122 0.00127307 0.00239015
100.92 0.548161 0.526595 0.44282 0.00335784 0.00026259 0.00194543
100.94 0.548285 0.526593 0.442868 0.00309217 -4.72954e-05 0.00119637
100.96 0.548404 0.526608 0.442893 0.00298326 0.000355849 0.000621611
100.98 0.548523 0.526653 0.442912 0.00297168 0.00113163 0.000492363
101 0.548641 0.526727 0.442943 0.00294671 0.00185245 0.000775889
101.02 0.548754 0.526818 0.442994 0.00282495 0.00227968 0.00125949
101.04 0.548858 0.526916 0.443063 0.00260585 0.00244694 0.00173589
101.06 0.548953 0.527016 0.443147 0.00236016 0.00251317 0.00209051
101.08 0.549039 0.527119 0.443238 0.00216511 0.00256828 0.00226704
101.1 0.549122 0.527222 0.443326 0.00206296 0.00256416 0.00219909
101.12 0.549204 0.527318 0.443398 0.00206332 0.0024027 0.00180926
101.14 0.549289 0.527401 0.443442 0.00212677 0.00207548 0.00109443
101.16 0.549375 0.527469 0.44345 0.00213947 0.00170641 0.000218601
101.18 0.549453 0.527528 0.443431 0.00195627 0.00146048 -0.000493923
101.2 0.549514 0.527584 0.443403 0.00151759 0.00141777 -0.000698143
101.22 0.549551 0.527646 0.443393 0.000939516 0.00153998 -0.000240464
101.24 0.549571 0.527716 0.443421 0.00048451 0.00174177 0.000708972
101.26 0.549587 0.527793 0.44349 0.000409272 0.00193574 0.001709
101.28 0.549619 0.527874 0.44358 0.000787966 0.00201823 0.00226361
101.3 0.549677 0.52795 0.443664 0.00144952 0.00189992 0.00208628
101.32 0.549759 0.528013 0.443714 0.00206933 0.00157403 0.00124804
101.34 0.549854 0.528058 0.443719 0.00235965 0.00113959 0.000138351
101.36 0.549945 0.528089 0.443691 0.00226928 0.000778074 -0.000710211
101.38 0.550026 0.528117 0.443657 0.00202573 0.000689444 -0.000853133
101.4 0.550103 0.528155 0.44365 0.00193418 0.000962895 -0.000176953
101.42 0.550187 0.528213 0.443688 0.00211365 0.00144884 0.000963844
101.44 0.550285 0.528285 0.443764 0.00242703 0.00179023 0.0018877
101.46 0.550389 0.528352 0.443844 0.00262035 0.00168089 0.00200554
101.48 0.55049 0.528398 0.443893 0.00251606 0.00114038 0.00122954
101.5 0.550576 0.52842 0.443895 0.00213931 0.000544629 4.44805e-05
101.52 0.550644 0.528435 0.443862 0.00172067 0.000390459 -0.000811593
101.54 0.550707 0.528474 0.44383 0.00156612 0.000962254 -0.000820795
101.56 0.550781 0.528558 0.44383 0.00185307 0.00210786 9.66229e-06
101.58 0.550881 0.528689 0.443878 0.00249115 0.00328052 0.00118759
101.6 0.551008 0.528843 0.44396 0.00318733 0.00384788 0.00207012
101.62 0.551155 0.528982 0.444051 0.0036595 0.00347599 0.00226904
101.64 0.551306 0.529076 0.444125 0.00379112 0.00234681 0.00185801
101.66 0.551452 0.529119 0.444175 0.00363928 0.00106291 0.00123808
101.68 0.551586 0.52913 0.444206 0.00335951 0.000283902 0.000782104
101.7 0.55171 0.529143 0.444229 0.00309005 0.000335795 0.000570869
101.72 0.551824 0.529186 0.444246 0.00285342 0.00107343 0.000416818
101.74 0.551927 0.529269 0.44425 0.00258252 0.00205815 0.000111752
101.76 0.552017 0.529382 0.444237 0.00224073 0.00283855 -0.000332462
101.78 0.552093 0.529508 0.444211 0.00190919 0.00315508 -0.000647615
101.8 0.552164 0.529629 0.444191 0.00176801 0.00302051 -0.000487944
101.82 0.552243 0.529736 0.444203 0.00196942 0.00265997 0.000297575
101.84 0.552342 0.529829 0.444263 0.00248823 0.00233805 0.00149655
101.86 0.552465 0.529916 0.444368 0.00307042 0.00217955 0.00261939
101.88 0.5526 0.530001 0.444496 0.00336225 0.00211851 0.00319884
101.9 0.552725 0.530081 0.444619 0.00314236 0.00199678 0.00307074
101.92 0.552825 0.53015 0.444715 0.00247998 0.0017164 0.00241685
101.94 0.552894 0.530203 0.444778 0.0017292 0.00132911 0.00156614
101.96 0.552947 0.530243 0.444809 0.00132907 0.00101566 0.000765629
101.98 0.553007 0.530282 0.444813 0.00149295 0.00097376 0.000118048
102 0.553088 0.530334 0.4448 0.00203854 0.001293 -0.000339955
102.02 0.553189 0.53041 0.444777 0.0025273 0.00190643 -0.000566203
102.04 0.553293 0.530516 0.444757 0.00259623 0.0026296 -0.000505891
102.06 0.553381 0.530645 0.444752 0.00220647 0.00324314 -0.000115408
102.08 0.553447 0.530789 0.444776 0.00163801 0.00358754 0.000586542
102.1 0.553498 0.530934 0.444835 0.00126842 0.00363207 0.00146984
102.12 0.55355 0.531072 0.444928 0.00130191 0.00345078 0.00232291
102.14 0.553616 0.531197 0.445045 0.00165318 0.00312645 0.00294422
102.16 0.553698 0.531305 0.445173 0.00205158 0.00270435 0.00319419
102.18 0.553787 0.531395 0.445293 0.00224021 0.00223739 0.00300682
102.2 0.553873 0.531469 0.44539 0.00213797 0.00185842 0.00242117
102.22 0.553949 0.531539 0.445454 0.00189895 0.00175513 0.00160121
102.24 0.554022 0.531621 0.445486 0.00181822 0.00204716 0.000795722
102.26 0.554106 0.531728 0.445496 0.00210049 0.00267452 0.000242156
102.28 0.554212 0.531863 0.445498 0.00265199 0.00336083 5.62866e-05
102.3 0.554336 0.532011 0.445505 0.00311731 0.00370752 0.000178617
102.32 0.554462 0.532148 0.445522 0.00313935 0.00342717 0.000414688
102.34 0.554567 0.532252 0.445544 0.00262134 0.002599 0.000544327
102.36 0.554639 0.532321 0.445561 0.00181105 0.00171222 0.000446209
102.38 0.554686 0.532376 0.445568 0.00116399 0.00138179 0.000174608
102.4 0.554729 0.532452 0.445565 0.00106996 0.00191044 -7.57876e-05
102.42 0.554792 0.532574 0.445561 0.00159211 0.00305284 -0.00010238
102.44 0.554888 0.53274 0.445567 0.00239358 0.00413849 0.000151411
102.46 0.555006 0.532918 0.445588 0.00294727 0.00445232 0.00051968
102.48 0.555121 0.533065 0.445616 0.00288384 0.0036691 0.000706918
102.5 0.555211 0.533149 0.445637 0.00222953 0.0021069 0.00050769
102.52 0.555267 0.533173 0.445636 0.00140203 0.000593649 -1.06828e-05
102.54 0.555304 0.533172 0.445616 0.000943876 -2.31429e-05 -0.000510842
102.56 0.55535 0.533196 0.445592 0.00114579 0.000594893 -0.000605641
102.58 0.555424 0.533277 0.445586 0.00183994 0.00204415 -0.00014184
102.6 0.555525 0.533413 0.445613 0.00252155 0.00339868 0.000677426
102.62 0.555633 0.533564 0.44567 0.00270675 0.00377543 0.0014349
102.64 0.555724 0.53368 0.445742 0.00226597 0.00290278 0.00179136
102.66 0.555784 0.533733 0.44581 0.0015066 0.00130566 0.00169316
102.68 0.555822 0.533731 0.445864 0.000961009 -4.77851e-05 0.00135571
102.7 0.555863 0.533715 0.445906 0.00102083 -0.000401095 0.00105535
102.72 0.555931 0.533728 0.445943 0.00168601 0.000326046 0.000912238
102.74 0.556035 0.533791 0.445977 0.00259875 0.00157024 0.000867716
102.76 0.556166 0.533892 0.446011 0.00329711 0.00254748 0.000848499
102.78 0.556306 0.534002 0.446048 0.00348859 0.00273829 0.000908029
102.8 0.556433 0.534087 0.446094 0.00317842 0.00212717 0.00116154
102.82 0.556538 0.534131 0.446158 0.00261613 0.00109404 0.00159113
102.84 0.556623 0.534136 0.446236 0.00212065 0.000121924 0.001965
102.86 0.556698 0.534118 0.446316 0.00189547 -0.000434082 0.0019932
102.88 0.556777 0.534101 0.446379 0.00195373 -0.000434703 0.00158251
102.9 0.556864 0.534103 0.446417 0.00218744 6.19607e-05 0.000939337
102.92 0.556963 0.534138 0.446434 0.00247248 0.000865797 0.000422101
102.94 0.557072 0.534206 0.446446 0.00272357 0.00171011 0.0002923
102.96 0.557188 0.534298 0.446469 0.00291544 0.0022886 0.00058899
102.98 0.557311 0.534392 0.446516 0.00306897 0.00234622 0.00116005
103 0.55744 0.534466 0.446585 0.00322301 0.00184337 0.00173597
103.02 0.557576 0.534508 0.446666 0.00340486 0.00104849 0.00203499
103.04 0.55772 0.534524 0.446742 0.00359728 0.000419087 0.00189859
103.06 0.557869 0.534537 0.446797 0.0037254 0.000319814 0.0013559
103.08 0.558017 0.534568 0.44682 0.00369618 0.000774343 0.000588126
103.1 0.558157 0.534626 0.446814 0.00349465 0.00143804 -0.000153781
103.12 0.558286 0.534699 0.446788 0.00323394 0.00184155 -0.000635595
103.14 0.558409 0.534768 0.44676 0.00306367 0.00172429 -0.000706958
103.16 0.55853 0.534816 0.446747 0.00302512 0.00120506 -0.000341979
103.18 0.558651 0.534843 0.44676 0.00301928 0.000672966 0.000348072
103.2 0.558767 0.534863 0.446806 0.00292085 0.00049892 0.00113173
103.22 0.558876 0.534895 0.446875 0.00270796 0.000798354 0.00172912
103.24 0.558975 0.534951 0.446952 0.00247534 0.00139207 0.00193022
103.26 0.559069 0.535029 0.44702 0.00235853 0.00196361 0.00169837
103.28 0.559167 0.535121 0.447067 0.00245726 0.00229241 0.00117521
103.3 0.559278 0.535216 0.44709 0.00277405 0.00237232 0.00058002
103.32 0.559405 0.535309 0.447094 0.0031669 0.00233481 9.75062e-05
103.34 0.559541 0.535402 0.447087 0.00340178 0.00230336 -0.000183892
103.36 0.559673 0.535494 0.447076 0.00330752 0.00230653 -0.000279274
103.38 0.559789 0.535585 0.447065 0.00289132 0.00228946 -0.000266745
103.4 0.559883 0.535673 0.447057 0.00233882 0.0021921 -0.000208725
103.42 0.55996 0.535754 0.447053 0.00193401 0.00203261 -0.000101619
103.44 0.560037 0.535832 0.447056 0.00191722 0.00193078 9.75919e-05
103.46 0.560129 0.535913 0.447073 0.00230982 0.00202826 0.000402672
103.48 0.560243 0.536007 0.447103 0.00286164 0.00235617 0.000754962
103.5 0.560372 0.536118 0.447144 0.00321331 0.00277677 0.00104257
103.52 0.560497 0.536241 0.447192 0.00311922 0.00306276 0.00117818
103.54 0.5606 0.536363 0.447238 0.00257162 0.00306238 0.00116355
103.56 0.560672 0.536476 0.447281 0.0017993 0.00281496 0.00107273
103.58 0.560718 0.536576 0.44732 0.00115797 0.00250892 0.000977319
103.6 0.560756 0.536669 0.447356 0.000954001 0.00232417 0.000894285
103.62 0.560807 0.536761 0.447389 0.00128268 0.00229737 0.000816833
103.64 0.560887 0.536853 0.447419 0.00198727 0.00230639 0.000757931
103.66 0.560997 0.536941 0.447449 0.00275198 0.00218702 0.000741409
103.68 0.561127 0.537017 0.447479 0.00325398 0.00191212 0.000770731
103.7 0.561258 0.537083 0.447512 0.00327376 0.0016496 0.000825015
103.72 0.561368 0.537148 0.447548 0.00275308 0.00161611 0.000889805
103.74 0.561441 0.537223 0.447587 0.00182276 0.00187599 0.000983169
103.76 0.561472 0.537314 0.447633 0.00077865 0.00227643 0.00114014
103.78 0.561471 0.537416 0.447688 -2.99667e-05 0.00256425 0.0013749
103.8 0.561457 0.537519 0.447754 -0.000354145 0.00256308 0.00164679
103.82 0.561451 0.53761 0.447828 -0.000138807 0.00228824 0.00185461
103.84 0.56147 0.537688 0.447903 0.000463331 0.00194129 0.00188629
103.86 0.561515 0.53776 0.447971 0.00113953 0.00179302 0.00169495
103.88 0.561578 0.53784 0.448025 0.00156951 0.0020144 0.00133811
103.9 0.561643 0.537943 0.448063 0.00161459 0.00255578 0.000959938
103.92 0.561698 0.538069 0.448092 0.00136802 0.00316969 0.000714046
103.94 0.561739 0.538212 0.448118 0.00103192 0.00356807 0.00064732
103.96 0.561769 0.538356 0.448144 0.000761036 0.00359145 0.00066761
103.98 0.561793 0.538487 0.44817 0.000592669 0.00326985 0.000637854
104 0.561812 0.538598 0.44819 0.000473912 0.00277742 0.000515464
104.02 0.561826 0.538691 0.448206 0.000363406 0.00234163 0.000397525
104.04 0.561839 0.538777 0.448223 0.000323677 0.00214476 0.000409393
104.06 0.561859 0.538867 0.448245 0.000489721 0.00224512 0.000548051
104.08 0.561897 0.538969 0.448271 0.000937611 0.00255829 0.000648857
104.1 0.56196 0.539086 0.448291 0.0015853 0.00292579 0.000523142
104.12 0.562049 0.539215 0.448298 0.00221837 0.00320522 0.000165184
104.14 0.562153 0.539347 0.448291 0.00261056 0.00330492 -0.000178979
104.16 0.562259 0.539474 0.448283 0.00264882 0.00318099 -0.000196232
104.18 0.562355 0.539588 0.448291 0.00240201 0.00284302 0.000195512
104.2 0.562439 0.539683 0.448321 0.00208983 0.00237406 0.000745441
104.22 0.562517 0.53976 0.448364 0.00195195 0.00193639 0.00108838
104.24 0.562601 0.539829 0.448407 0.00211636 0.00173009 0.00106805
104.26 0.562703 0.539904 0.448441 0.00254295 0.00186609 0.000862583
104.28 0.562825 0.539994 0.448474 0.00305404 0.00223864 0.000811869
104.3 0.562963 0.540096 0.448518 0.00344163 0.00256161 0.00109009
104.32 0.563107 0.540199 0.448578 0.00359083 0.00257581 0.00150116
104.34 0.563248 0.540289 0.448642 0.00353277 0.00224122 0.00160807
104.36 0.563384 0.540359 0.448687 0.00339275 0.00174825 0.00113697
104.38 0.563515 0.540414 0.448699 0.00329375 0.00137629 0.000297287
104.4 0.563647 0.540466 0.448686 0.00329939 0.00131675 -0.000326195
104.42 0.563784 0.540529 0.448677 0.00341434 0.00155875 -0.000236886
104.44 0.563929 0.540605 0.448699 0.00361734 0.00190967 0.000565752
104.46 0.564084 0.540691 0.448762 0.00388856 0.00215164 0.0015685
104.48 0.564252 0.54078 0.448847 0.00420647 0.00221054 0.00211432
104.5 0.564433 0.540867 0.448922 0.00450799 0.00217627 0.00187374
104.52 0.564618 0.540953 0.448964 0.00464306 0.0021665 0.00106802
104.54 0.564795 0.541041 0.448975 0.00442372 0.00218811 0.000271576
104.56 0.564947 0.541126 0.448974 0.00379044 0.00212755 -3.24217e-05
104.58 0.565065 0.541201 0.448983 0.00293727 0.00187179 0.000221314
104.6 0.565155 0.541259 0.449011 0.00225805 0.00144429 0.000715421
104.62 0.56524 0.5413 0.449054 0.00213309 0.0010266 0.00107361
104.64 0.565348 0.541334 0.4491 0.00268678 0.000849442 0.00115041
104.66 0.565495 0.541375 0.449143 0.00369093 0.00103219 0.00105952
104.68 0.565683 0.541433 0.449182 0.00468205 0.00145422 0.000976637
104.7 0.565891 0.541505 0.449219 0.00519915 0.00180618 0.000938269
104.72 0.566091 0.541579 0.449253 0.00500835 0.00184036 0.00083408
104.74 0.56626 0.541642 0.449276 0.00422301 0.00158925 0.000575456
104.76 0.56639 0.541695 0.449286 0.00325124 0.0013182 0.000251043
104.78 0.566493 0.541747 0.44929 0.00257111 0.00128406 0.0001097
104.8 0.566591 0.541808 0.449305 0.00246255 0.00154763 0.000376035
104.82 0.566706 0.541887 0.449347 0.00286223 0.00195283 0.00105399
104.84 0.566843 0.541976 0.449423 0.0034358 0.0022342 0.00188388
104.86 0.566996 0.542064 0.449523 0.00382043 0.00220525 0.00249493
104.88 0.567149 0.542141 0.449628 0.00383328 0.00191665 0.0026398
104.9 0.567289 0.542207 0.449722 0.0035051 0.0016455 0.0023362
104.92 0.567409 0.542274 0.449794 0.00297855 0.00167316 0.00181967
104.94 0.567505 0.542354 0.449849 0.00240723 0.00202334 0.00136178
104.96 0.567581 0.542451 0.449892 0.00190735 0.00242049 0.00108758
104.98 0.567643 0.542552 0.449929 0.0015407 0.00250864 0.000925886
105 0.567695 0.542637 0.449958 0.00131289 0.00213953 0.000708929
105.02 0.567744 0.542697 0.449971 0.00121606 0.00150299 0.000321085
105.04 0.567795 0.542737 0.449963 0.00127457 0.0010003 -0.000196653
105.06 0.567856 0.542775 0.449937 0.00151944 0.000952327 -0.000635676
105.08 0.567932 0.54283 0.449908 0.00191558 0.00136248 -0.000723912
105.1 0.568025 0.542907 0.449896 0.0023126 0.00192163 -0.000299165
105.12 0.568124 0.542997 0.449918 0.00247595 0.00224217 0.000536969
105.14 0.568213 0.543082 0.449974 0.00221802 0.00213055 0.00141113
105.16 0.568274 0.543149 0.45005 0.00153353 0.00167644 0.00188433
105.18 0.5683 0.543194 0.450119 0.000648899 0.0011422 0.00174373
105.2 0.568297 0.543226 0.450164 -7.44322e-05 0.00077961 0.00112782
105.22 0.568283 0.543253 0.45018 -0.000340538 0.000694303 0.000385002
105.24 0.568281 0.543286 0.450173 -7.03399e-05 0.000817245 -0.000180489
105.26 0.568304 0.543326 0.450155 0.000576052 0.000994016 -0.000443428
105.28 0.568355 0.543371 0.450138 0.00128098 0.00112828 -0.000411925
105.3 0.568423 0.543421 0.450133 0.0017072 0.00124166 -0.000142005
105.32 0.568489 0.543477 0.450144 0.00165255 0.00140669 0.000281784
105.34 0.568536 0.543544 0.450173 0.00116664 0.00166658 0.000734015
105.36 0.568557 0.543624 0.450217 0.000539391 0.0020006 0.00108638
105.38 0.568562 0.543717 0.450268 0.000123414 0.00232946 0.00128514
105.4 0.568566 0.543819 0.450323 0.000102542 0.00256115 0.00137129
105.42 0.568582 0.543925 0.45038 0.000398361 0.00264136 0.00141137
105.44 0.568613 0.544027 0.450437 0.000770488 0.00255312 0.00142349
105.46 0.568653 0.544119 0.450491 0.00100113 0.002301 0.00136891
105.48 0.568694 0.544197 0.450539 0.00102985 0.00195367 0.00120325
105.5 0.568733 0.544265 0.450577 0.000970286 0.00168296 0.000945656
105.52 0.568773 0.544332 0.450606 0.00100416 0.00169184 0.000707301
105.54 0.568823 0.544415 0.450631 0.00123514 0.00207252 0.000642672
105.56 0.568888 0.544523 0.450664 0.00162185 0.00269218 0.00083039
105.58 0.568969 0.544651 0.450712 0.00202183 0.00321154 0.00119114
105.6 0.56906 0.544782 0.450773 0.00228321 0.00327787 0.00153339
105.62 0.569153 0.544894 0.450841 0.00233324 0.00277918 0.00167733
105.64 0.569242 0.544972 0.450903 0.00222817 0.00196059 0.00156091
105.66 0.569327 0.545023 0.450953 0.00211367 0.00128072 0.00126256
105.68 0.569412 0.545068 0.450991 0.00212272 0.00110909 0.000942604
105.7 0.569503 0.545127 0.451021 0.00227816 0.00149306 0.000748268
105.72 0.569601 0.545213 0.451051 0.00245754 0.00214547 0.000740591
105.74 0.5697 0.545319 0.451086 0.00246695 0.00265324 0.000880691
105.76 0.569788 0.54543 0.451128 0.00221215 0.00276602 0.00106226
105.78 0.569861 0.545531 0.451175 0.00182172 0.00253706 0.00116306
105.8 0.569925 0.54562 0.45122 0.00158753 0.00222511 0.00111613
105.82 0.569995 0.545703 0.451258 0.00175803 0.00207754 0.000960615
105.84 0.570089 0.54579 0.45129 0.00233915 0.00216898 0.000794933
105.86 0.57021 0.545886 0.451316 0.00304364 0.00239513 0.000666167
105.88 0.570348 0.545989 0.451338 0.00344093 0.00256555 0.000525919
105.9 0.570478 0.54609 0.45135 0.00324141 0.00253903 0.000305371
105.92 0.570578 0.546184 0.451351 0.00251049 0.00234893 2.43276e-05
105.94 0.570645 0.546271 0.451344 0.00166049 0.00217607 -0.000167745
105.96 0.570694 0.546358 0.451341 0.00124333 0.00216985 -6.74454e-05
105.98 0.57076 0.546452 0.451358 0.00163964 0.00233809 0.000421182
106 0.570872 0.546556 0.451404 0.00280184 0.00260759 0.00115899
106.02 0.571041 0.546673 0.451477 0.00423302 0.00291734 0.00180477
106.04 0.571251 0.546802 0.451558 0.00524964 0.00322492 0.00202445
106.06 0.571466 0.54694 0.451626 0.00536695 0.0034605 0.00172065
106.08 0.571648 0.547081 0.45167 0.0045528 0.00352335 0.00109133
106.1 0.571776 0.547214 0.45169 0.00321047 0.00333761 0.000490873
106.12 0.571854 0.547331 0.451698 0.00194764 0.00290381 0.000217324
106.14 0.571906 0.547424 0.451713 0.00130025 0.00233258 0.000358622
106.16 0.571967 0.547498 0.451743 0.00152704 0.00184925 0.000763913
106.18 0.572068 0.547567 0.45179 0.00251184 0.00172297 0.00115437
106.2 0.57222 0.54765 0.451842 0.00380777 0.00208424 0.00130871
106.22 0.572413 0.54776 0.451889 0.00482668 0.00275237 0.00118275
106.24 0.572618 0.547892 0.451925 0.00511037 0.00329988 0.000885443
106.26 0.572799 0.548026 0.451947 0.00453691 0.00335156 0.000569816
106.28 0.572933 0.548141 0.451961 0.00334006 0.00285855 0.000343608
106.3 0.573012 0.548225 0.451971 0.00197149 0.00211464 0.000249929
106.32 0.573048 0.548287 0.451983 0.000917031 0.00154212 0.000296899
106.34 0.57307 0.548344 0.452002 0.000533807 0.00142044 0.000482951
106.36 0.573106 0.548413 0.452034 0.000918425 0.00172266 0.000790576
106.38 0.573181 0.548499 0.45208 0.0018624 0.00215727 0.0011572
106.4 0.5733 0.548594 0.452138 0.0029657 0.00238127 0.00145418
106.42 0.573453 0.548684 0.4522 0.00384176 0.00224158 0.0015381
106.44 0.573623 0.548759 0.452254 0.00425538 0.0018729 0.00136268
106.46 0.573789 0.548821 0.452295 0.00412685 0.00156532 0.00101992
106.48 0.573929 0.548882 0.452322 0.00351546 0.00151526 0.000666116
106.5 0.574035 0.54895 0.45234 0.00265688 0.00170192 0.000445349
106.52 0.574113 0.549029 0.452358 0.00195224 0.00196293 0.000464935
106.54 0.574186 0.549114 0.452389 0.0018182 0.00213938 0.000755847
106.56 0.574284 0.5492 0.452437 0.0024413 0.00215519 0.00121383
106.58 0.574427 0.549281 0.452502 0.00358968 0.00200789 0.00163053
106.6 0.574614 0.54935 0.452576 0.00465914 0.00173596 0.00183141
106.62 0.574813 0.549406 0.452647 0.00499166 0.00140056 0.00178275
106.64 0.574985 0.549449 0.45271 0.00429433 0.00107045 0.00157488
106.66 0.5751 0.549481 0.452763 0.0028631 0.000805323 0.0013337
106.68 0.575157 0.549507 0.452809 0.00142235 0.00063531 0.00114244
106.7 0.575185 0.549528 0.452849 0.000715058 0.000547407 0.0010054
106.72 0.575229 0.549549 0.452885 0.00110148 0.00050237 0.00088786
106.74 0.575323 0.549567 0.452916 0.00233495 0.000466801 0.000793948
106.76 0.575468 0.549584 0.452948 0.00364184 0.000427086 0.000784951
106.78 0.575634 0.5496 0.452984 0.0041392 0.000388683 0.000907116
106.8 0.575769 0.549616 0.453029 0.00338605 0.000395812 0.00111237
106.82 0.575836 0.549636 0.453079 0.00166872 0.000509722 0.00125084
106.84 0.575829 0.549665 0.453124 -0.000168226 0.000719063 0.00114351
106.86 0.575782 0.549701 0.453152 -0.00119404 0.000910884 0.000694345
106.88 0.575746 0.549741 0.453152 -0.000900617 0.000985091 -1.0821e-05
106.9 0.575766 0.54978 0.453125 0.000501249 0.000973542 -0.000676542
106.92 0.575853 0.54982 0.453088 0.00219273 0.00100644 -0.000910721
106.94 0.575982 0.549867 0.453069 0.00322633 0.00118784 -0.000470929
106.96 0.576105 0.549928 0.45309 0.00305232 0.00152454 0.000524901
106.98 0.576176 0.550005 0.453155 0.00179622 0.00192558 0.00162473
107 0.576184 0.550095 0.453248 0.000185972 0.00223633 0.00231573
107.02 0.57615 0.550188 0.453342 -0.000835417 0.00232025 0.00233845
107.04 0.576124 0.550274 0.453414 -0.000658982 0.00216872 0.00181445
107.06 0.576148 0.550351 0.453458 0.000601977 0.00192139 0.00110201
107.08 0.576236 0.550421 0.453479 0.00220825 0.00175472 0.000520038
107.1 0.576369 0.550492 0.453486 0.00331086 0.00175514 0.000185259
107.12 0.576507 0.550567 0.453489 0.00345954 0.00188439 5.49107e-05
107.14 0.576618 0.550649 0.45349 0.00277188 0.00203907 4.27901e-05
107.16 0.576689 0.550734 0.453494 0.00176591 0.0021437 8.13797e-05
107.18 0.57673 0.550823 0.453499 0.00103337 0.00221479 0.000130127
107.2 0.576768 0.550917 0.453506 0.000936974 0.00234539 0.000176397
107.22 0.576827 0.551021 0.453516 0.00147653 0.00260996 0.000242522
107.24 0.576921 0.55114 0.453531 0.00235731 0.00296933 0.000378356
107.26 0.577049 0.55127 0.453556 0.00319058 0.00326386 0.000622281
107.28 0.577196 0.551403 0.453594 0.00368736 0.003314 0.000959266
107.3 0.577345 0.551525 0.453646 0.00372809 0.00305334 0.00130535
107.32 0.577479 0.551629 0.453707 0.00335169 0.00259199 0.00152928
107.34 0.577589 0.551716 0.453768 0.00273541 0.00216908 0.00152145
107.36 0.577674 0.551796 0.453819 0.00214189 0.0020192 0.00127393
107.38 0.577747 0.551886 0.453855 0.00181448 0.00223029 0.000895164
107.4 0.577822 0.551993 0.453877 0.00187 0.00267924 0.00054407
107.42 0.577912 0.552117 0.453891 0.00226113 0.00310281 0.000349709
107.44 0.578025 0.552248 0.453906 0.00282203 0.00327578 0.000373494
107.46 0.578159 0.552375 0.45393 0.00335906 0.00316836 0.000608778
107.48 0.578308 0.552492 0.45397 0.00371711 0.00293447 0.000998811
107.5 0.57846 0.552602 0.454028 0.00379703 0.00274077 0.00145477
107.52 0.578603 0.552707 0.454103 0.00358104 0.00262746 0.00186882
107.54 0.57873 0.552807 0.454188 0.00316253 0.00251931 0.0021247
107.56 0.578838 0.5529 0.454273 0.00271251 0.00231846 0.0021258
107.58 0.578934 0.55298 0.454347 0.00238703 0.00199109 0.00185457
107.6 0.579025 0.553045 0.454404 0.00228159 0.00163227 0.00142407
107.62 0.579122 0.553104 0.454446 0.00242627 0.00146206 0.00104207
107.64 0.579233 0.553171 0.454481 0.00276136 0.00168131 0.000892062
107.66 0.579358 0.553262 0.454522 0.00314026 0.00228017 0.00101624
107.68 0.579494 0.553382 0.454573 0.00340413 0.00299906 0.00127722
107.7 0.579633 0.553521 0.454631 0.00347258 0.00346909 0.001441
107.72 0.579767 0.553657 0.454684 0.00334438 0.00340012 0.00132216
107.74 0.579889 0.553766 0.454719 0.00304366 0.00272921 0.000892824
107.76 0.579994 0.553834 0.454732 0.00262292 0.001699 0.000314468
107.78 0.580082 0.553865 0.454727 0.00221102 0.000786782 -0.000118559
107.8 0.580162 0.553884 0.454722 0.00199438 0.000469621 -0.000128339
107.82 0.580246 0.553923 0.454737 0.00209211 0.000970322 0.000374943
107.84 0.580343 0.554008 0.454786 0.00243227 0.00212886 0.00121479
107.86 0.580454 0.554146 0.454867 0.00276749 0.00345217 0.00203182
107.88 0.580567 0.55432 0.454966 0.00283776 0.00434812 0.00248054
107.9 0.580669 0.554499 0.455063 0.00255878 0.00446003 0.002415
107.92 0.580753 0.554653 0.45514 0.00209345 0.00385973 0.00193532
107.94 0.580823 0.554771 0.455192 0.00174286 0.00294403 0.00129324
107.96 0.580893 0.554858 0.455222 0.00174454 0.0021764 0.000742391
107.98 0.580977 0.554933 0.455238 0.00211863 0.00188016 0.000400924
108 0.581083 0.555018 0.455247 0.00263549 0.00213048 0.00022372
108.02 0.5812 0.555127 0.455251 0.00292097 0.00272734 0.000110151
108.04 0.581307 0.555259 0.455252 0.0026953 0.00329497 1.91675e-05
108.06 0.581388 0.555399 0.455251 0.00200487 0.00350307 -2.05119e-05
108.08 0.581437 0.55553 0.455253 0.00123574 0.00325651 5.31406e-05
108.1 0.581472 0.555637 0.455265 0.000867579 0.00268547 0.000307968
108.12 0.581518 0.555717 0.455295 0.00115372 0.0019904 0.000749065
108.14 0.581596 0.55577 0.455345 0.00195971 0.00134059 0.001243
108.16 0.58171 0.555805 0.455408 0.00283759 0.000877274 0.00156292
108.18 0.58184 0.555833 0.45547 0.00326496 0.000700582 0.00155438
108.2 0.581959 0.555866 0.455521 0.00295935 0.00081673 0.00127103
108.22 0.582042 0.555911 0.455559 0.00208976 0.00112327 0.000952579
108.24 0.58209 0.555968 0.455593 0.00118134 0.00143169 0.000846025
108.26 0.58212 0.556029 0.455632 0.000757953 0.00152013 0.000993503
108.28 0.58216 0.556079 0.455679 0.000997631 0.00124416 0.00117466
108.3 0.582225 0.556105 0.455723 0.00163912 0.00066563 0.00109371
108.32 0.582313 0.556108 0.455749 0.00217758 6.75431e-05 0.000645613
108.34 0.582401 0.556099 0.455749 0.0022049 -0.000217991 7.33382e-06
108.36 0.582468 0.556097 0.455729 0.00167319 -6.04622e-05 -0.000501702
108.38 0.582504 0.556111 0.455703 0.000914747 0.000360518 -0.000639532
108.4 0.582521 0.556139 0.455689 0.000413072 0.000690606 -0.000368534
108.42 0.58254 0.556166 0.455696 0.000481763 0.00067134 0.000175384
108.44 0.582582 0.556179 0.455728 0.00105647 0.000333723 0.000794604
108.46 0.582652 0.556178 0.45578 0.00174643 -3.56047e-05 0.00132114
108.48 0.582737 0.556172 0.455847 0.00212283 -0.00013636 0.00166317
108.5 0.582818 0.556177 0.455919 0.00202946 0.000105707 0.00179493
108.52 0.582886 0.556197 0.455987 0.00168611 0.000508399 0.00170895
108.54 0.582946 0.55623 0.456043 0.00150867 0.00082403 0.00140971
108.56 0.583017 0.556268 0.456082 0.00178668 0.000964438 0.000971185
108.58 0.583116 0.55631 0.456105 0.00247111 0.00103717 0.000567959
108.6 0.583245 0.556358 0.456121 0.00321014 0.00119144 0.000398647
108.62 0.583388 0.556416 0.456143 0.00358142 0.00146143 0.000553057
108.64 0.583523 0.556485 0.456181 0.00337839 0.00173588 0.000949548
108.66 0.583634 0.55656 0.456237 0.00277521 0.00185235 0.0013919
108.68 0.583723 0.556629 0.456304 0.00221755 0.00174741 0.00168036
108.7 0.583807 0.556691 0.456372 0.00211673 0.00154298 0.00169537
108.72 0.58391 0.55675 0.456429 0.00257326 0.00145933 0.00143141
108.74 0.584043 0.556815 0.456468 0.00330847 0.0016257 0.000980933
108.76 0.584197 0.556894 0.456488 0.00384866 0.00199719 0.000481587
108.78 0.584351 0.556992 0.456491 0.0038472 0.00243126 8.46772e-05
108.8 0.584483 0.557104 0.456488 0.0033095 0.00279655 -6.44559e-05
108.82 0.584585 0.557225 0.456493 0.00256129 0.00303208 0.000118513
108.84 0.584667 0.557351 0.456517 0.00203783 0.0031651 0.000585955
108.86 0.584748 0.557482 0.456562 0.00202182 0.00327155 0.00113663
108.88 0.584846 0.557617 0.456622 0.00246276 0.00338026 0.00150253
108.9 0.584967 0.557755 0.456682 0.00301466 0.0034384 0.00149432
108.92 0.585098 0.557891 0.456726 0.00326683 0.00341065 0.00109957
108.94 0.585219 0.558026 0.456745 0.00302847 0.00335653 0.000484225
108.96 0.585317 0.55816 0.456741 0.00246676 0.00335429 -9.7605e-05
108.98 0.585397 0.558296 0.456725 0.00197931 0.00339654 -0.000410206
109 0.585474 0.558431 0.456712 0.00193039 0.00339142 -0.000324861
109.02 0.585571 0.558561 0.456717 0.00243122 0.0032385 0.000135862
109.04 0.585702 0.558678 0.45675 0.00326938 0.00293173 0.000809876
109.06 0.585862 0.558783 0.456808 0.00400179 0.00261818 0.00145965
109.08 0.58603 0.558884 0.456883 0.00419787 0.00253526 0.00186203
109.1 0.586178 0.558998 0.456958 0.00371589 0.00284182 0.00189646
109.12 0.586291 0.559136 0.457022 0.00280764 0.00345998 0.00159131
109.14 0.586369 0.5593 0.457067 0.00196228 0.0040819 0.00111635
109.16 0.586433 0.559475 0.457095 0.00160112 0.00437099 0.000717731
109.18 0.586507 0.559641 0.45712 0.00183297 0.00416925 0.00060237
109.2 0.586604 0.559783 0.457153 0.00242352 0.00354637 0.000825255
109.22 0.586723 0.559892 0.457203 0.00298357 0.00271014 0.00125258
109.24 0.586851 0.559967 0.457268 0.00320003 0.001892 0.00163465
109.26 0.58697 0.560019 0.457338 0.00297377 0.00128616 0.00175558
109.28 0.587068 0.56006 0.457401 0.00244636 0.00103739 0.00156376
109.3 0.587144 0.560109 0.457449 0.00190004 0.00123218 0.00119884
109.32 0.587207 0.560184 0.457486 0.0015704 0.0018585 0.000918739
109.34 0.587267 0.560293 0.457523 0.00150763 0.00273546 0.000945287
109.36 0.587331 0.560433 0.457575 0.00159853 0.00349443 0.00127932
109.38 0.587399 0.560582 0.457641 0.00170392 0.00373033 0.00165788
109.4 0.587469 0.560712 0.45771 0.00175346 0.00325644 0.00173108
109.42 0.587539 0.560803 0.457763 0.00175512 0.00225294 0.00133193
109.44 0.58761 0.56085 0.457788 0.00175996 0.00118555 0.000603177
109.46 0.587682 0.560872 0.457783 0.00181029 0.000537496 -0.000110188
109.48 0.587758 0.560892 0.457763 0.00189185 0.00050911 -0.000497853
109.5 0.587836 0.560929 0.457745 0.00195044 0.000924932 -0.000456858
109.52 0.587914 0.560986 0.457741 0.00195872 0.0014201 -0.000100484
109.54 0.587993 0.561054 0.457756 0.00196286 0.00170756 0.000373172
109.56 0.588074 0.561122 0.457789 0.00204097 0.0016999 0.000839553
109.58 0.588162 0.561181 0.457841 0.00219644 0.00147357 0.00129458
109.6 0.588255 0.561229 0.457912 0.00231258 0.00119174 0.00176157
109.62 0.588344 0.561269 0.457999 0.00223147 0.00101059 0.00217389
109.64 0.588419 0.561309 0.458093 0.00188163 0.000989156 0.0023505
109.66 0.588473 0.561352 0.458176 0.00134257 0.00107409 0.00207546
109.68 0.588506 0.561399 0.458227 0.000819248 0.00119714 0.00127467
109.7 0.588527 0.561454 0.458235 0.000539316 0.00137347 0.000200863
109.72 0.588552 0.561521 0.45821 0.000609772 0.00166634 -0.00061139
109.74 0.588589 0.561604 0.458182 0.000934772 0.00206676 -0.000695866
109.76 0.58864 0.561702 0.458181 0.00128403 0.00244779 -2.62374e-05
109.78 0.588699 0.561808 0.45822 0.00145516 0.00265944 0.000956375
109.8 0.588754 0.561915 0.458286 0.00139155 0.00266864 0.00166237
109.82 0.588802 0.562019 0.458355 0.0011856 0.00259801 0.00171661
109.84 0.588841 0.562123 0.458401 0.000989089 0.00261476 0.00114836
109.86 0.588877 0.562234 0.458415 0.000905206 0.0027696 0.000355819
109.88 0.588915 0.562351 0.458409 0.000929464 0.00293099 -0.000141169
109.9 0.588954 0.562467 0.458408 0.000983752 0.00288691 -2.96612e-05
109.92 0.588994 0.562568 0.458433 0.00101189 0.00251904 0.000612626
109.94 0.589037 0.562644 0.458489 0.00106116 0.00192298 0.00140352
109.96 0.589088 0.5627 0.458565 0.00126956 0.00139592 0.00190949
109.98 0.589158 0.562751 0.45864 0.0017607 0.00126232 0.00187778
110 0.589259 0.562816 0.458694 0.00253188 0.00164093 0.00135128
110.02 0.589396 0.56291 0.45872 0.00342541 0.00234626 0.000637656
110.04 0.589564 0.56303 0.458726 0.00419629 0.00300647 0.000147285
110.06 0.589748 0.563162 0.458733 0.00460687 0.00329269 0.00017505
110.08 0.58993 0.563285 0.458762 0.00454035 0.00307727 0.000734209
110.1 0.590094 0.563383 0.458824 0.00409107 0.00244549 0.00154744
110.12 0.590235 0.563448 0.458913 0.00353848 0.00162825 0.00222324
110.14 0.590363 0.563485 0.459013 0.00319671 0.000914043 0.00249896
110.16 0.590493 0.563507 0.459108 0.00325065 0.000561 0.00236781
110.18 0.590641 0.563536 0.459188 0.00370182 0.000711624 0.00202241
110.2 0.590817 0.563588 0.459256 0.00439451 0.00130977 0.00169107
110.22 0.59102 0.563672 0.459316 0.00506297 0.00209088 0.00149112
110.24 0.591237 0.56378 0.459371 0.00543153 0.0027159 0.00137243
110.26 0.59145 0.563899 0.459418 0.00533878 0.00296723 0.00117288
110.28 0.591642 0.564012 0.459448 0.00478613 0.00282847 0.000760941
110.3 0.591798 0.564109 0.459455 0.00390521 0.00241452 0.000168661
110.32 0.591915 0.564184 0.459439 0.00291553 0.00187971 -0.000386917
110.34 0.591998 0.564239 0.459414 0.00208323 0.00138394 -0.000635853
110.36 0.592064 0.564283 0.459395 0.00165811 0.00108653 -0.000457914
110.38 0.592136 0.564326 0.459396 0.00178607 0.00108348 2.19161e-05
110.4 0.592232 0.56438 0.459418 0.00241616 0.00133765 0.000529063
110.42 0.592363 0.564449 0.45945 0.00325962 0.00172531 0.000824433
110.44 0.592518 0.564535 0.459484 0.00388852 0.00215077 0.000827149
110.46 0.592677 0.564637 0.459508 0.00395749 0.00255271 0.000607746
110.48 0.592813 0.564749 0.45952 0.00340138 0.00279912 0.000312466
110.5 0.592912 0.564856 0.459524 0.00247658 0.00268459 7.90486e-05
110.52 0.592976 0.564941 0.459522 0.00161649 0.00211626 -2.8113e-05
110.54 0.593024 0.564991 0.459521 0.00118854 0.00126673 -3.51398e-05
110.56 0.593076 0.565012 0.459521 0.00129647 0.000514509 -8.17194e-06
110.58 0.593146 0.565021 0.459522 0.00175196 0.00023109 2.20723e-05
110.6 0.593235 0.565045 0.459525 0.00222663 0.000583785 8.9336e-05
110.62 0.593333 0.565102 0.459535 0.002445 0.00143166 0.0002512
110.64 0.593425 0.565196 0.459556 0.00230105 0.00235698 0.00052068
110.66 0.593501 0.565311 0.45959 0.00189491 0.00286746 0.000843263
110.68 0.59356 0.565418 0.459635 0.00148689 0.00267873 0.00112904
110.7 0.593614 0.565494 0.459687 0.00133834 0.00189795 0.00129575
110.72 0.593674 0.565533 0.459739 0.00151632 0.0009718 0.00131387
110.74 0.593748 0.56555 0.459789 0.0018393 0.000419877 0.00123969
110.76 0.59383 0.56557 0.459837 0.00204982 0.000521648 0.00119151
110.78 0.593911 0.565617 0.459888 0.0020423 0.00116384 0.00129022
110.8 0.593988 0.565696 0.459953 0.00190354 0.00196247 0.00161135
110.82 0.594058 0.565797 0.460038 0.00175784 0.00252683 0.00212862
110.84 0.594123 0.565903 0.460144 0.00163431 0.00265251 0.00266659
110.86 0.594183 0.565998 0.460262 0.00149885 0.00238518 0.002952
110.88 0.594238 0.566077 0.460374 0.00137074 0.00196368 0.00278418
110.9 0.594293 0.566144 0.460462 0.00137524 0.00167745 0.00219352
110.92 0.59436 0.566213 0.46052 0.00166845 0.00172123 0.00145978
110.94 0.594451 0.566297 0.460558 0.00228368 0.00210368 0.000954968
110.96 0.594572 0.566402 0.460594 0.00303123 0.00263778 0.000906923
110.98 0.594714 0.566524 0.460644 0.0035469 0.00303602 0.00124277
111 0.594854 0.566647 0.460709 0.00349641 0.00307162 0.00163234
111.02 0.594967 0.566754 0.460777 0.00281359 0.00269213 0.00169658
111.04 0.595038 0.566835 0.460827 0.00178977 0.00202241 0.00124992
111.06 0.595076 0.566887 0.460845 0.000938019 0.00130082 0.000448213
111.08 0.595104 0.56692 0.460834 0.000705658 0.000808389 -0.0002796
111.1 0.595152 0.566951 0.460814 0.00119294 0.000786023 -0.000500218
111.12 0.595234 0.567003 0.460811 0.002045 0.0013076 -8.14265e-05
111.14 0.59534 0.567091 0.460839 0.00266028 0.00218687 0.000701497
111.16 0.595445 0.567213 0.460894 0.00261809 0.00304721 0.00137185
111.18 0.595523 0.567354 0.460958 0.00196794 0.0035299 0.00160437
111.2 0.595569 0.567492 0.461015 0.00114863 0.00346195 0.00141752
111.22 0.595595 0.567608 0.461057 0.000645543 0.00289558 0.00105969
111.24 0.595622 0.567691 0.461086 0.000663978 0.00208147 0.000728743
111.26 0.595662 0.567747 0.461103 0.00101639 0.00139068 0.000412335
111.28 0.595714 0.567793 0.461101 0.00127824 0.00115807 -3.01796e-05
111.3 0.595758 0.567854 0.461074 0.00112341 0.00151701 -0.000674706
111.32 0.595782 0.567948 0.461019 0.00059075 0.00233816 -0.0013929
111.34 0.595784 0.568079 0.460945 4.7255e-05 0.00329691 -0.0018404
111.36 0.595779 0.56824 0.46088 -0.000120005 0.00401808 -0.00161698
111.38 0.595787 0.568409 0.460859 0.000188938 0.00422794 -0.000539517
111.4 0.595816 0.568563 0.460905 0.000732199 0.00385021 0.00115497
111.42 0.595862 0.568685 0.461019 0.00115007 0.0030449 0.00285206
111.44 0.595912 0.568772 0.461173 0.00125732 0.00217077 0.00385009
111.46 0.595959 0.568838 0.461322 0.00116286 0.00164177 0.00372694
111.48 0.596004 0.568906 0.461425 0.00113559 0.00172165 0.00257092
111.5 0.596058 0.569002 0.461462 0.00135006 0.00238402 0.000916542
111.52 0.596127 0.569135 0.461439 0.00172493 0.00333184 -0.000566539
111.54 0.596207 0.569301 0.461384 0.00198972 0.00414594 -0.00138405
111.56 0.596284 0.569481 0.461329 0.00193197 0.00450094 -0.00136344
111.58 0.596349 0.569655 0.461304 0.00161034 0.00434922 -0.000639667
111.6 0.596402 0.569812 0.461322 0.00133958 0.00392276 0.000468283
111.62 0.59646 0.569953 0.461386 0.00144984 0.00352693 0.00160428
111.64 0.59654 0.570086 0.461485 0.00200278 0.00331748 0.00246837
111.66 0.596649 0.570216 0.461599 0.00270988 0.00326246 0.00285354
111.68 0.596774 0.570346 0.461706 0.00314045 0.00324869 0.00266992
111.7 0.596896 0.570473 0.461786 0.00303624 0.00318449 0.00200053
111.72 0.596996 0.570596 0.461832 0.00250189 0.00306107 0.00114309
111.74 0.597074 0.570714 0.461853 0.00195548 0.00294482 0.000516673
111.76 0.597148 0.570829 0.46187 0.00184005 0.00287124 0.000432066
111.78 0.597239 0.570938 0.461905 0.00228624 0.00273819 0.000886925
111.8 0.59736 0.571032 0.461968 0.00301236 0.00235505 0.00155483
111.82 0.597502 0.571098 0.462047 0.00355062 0.00164359 0.00199345
111.84 0.597645 0.57113 0.462124 0.00359747 0.000789959 0.00193058
111.86 0.597774 0.571136 0.462182 0.00320704 0.000161707 0.00142992
111.88 0.597883 0.571137 0.462214 0.00272328 2.81522e-05 0.000817295
111.9 0.597984 0.571151 0.462231 0.00254258 0.00034222 0.000426172
111.92 0.598099 0.571182 0.462246 0.00285477 0.000770146 0.000367764
111.94 0.598239 0.571218 0.462266 0.00352017 0.000919289 0.000503233
111.96 0.598407 0.571242 0.462291 0.00418175 0.000594433 0.000616577
111.98 0.598587 0.57124 0.462316 0.00451525 -6.17454e-05 0.000628789
112 0.598764 0.571214 0.462342 0.0044192 -0.00065384 0.000656884
112.02 0.598926 0.571181 0.462377 0.00403798 -0.000827186 0.000855813
112.04 0.599071 0.571159 0.462425 0.00362615 -0.000532209 0.00121571
112.06 0.599205 0.571158 0.462486 0.00336261 -3.0914e-05 0.00152587
112.08 0.599336 0.571171 0.462547 0.0032724 0.000331075 0.00153032
112.1 0.599468 0.571186 0.462592 0.00329984 0.00037355 0.00112333
112.12 0.599605 0.571193 0.462611 0.00341993 0.000173364 0.000453989
112.14 0.599751 0.571192 0.462606 0.00366052 -1.84138e-05 -0.000121033
112.16 0.599912 0.571194 0.462596 0.00402088 5.1313e-05 -0.000244204
112.18 0.600088 0.571213 0.462604 0.00439066 0.000472982 0.000193984
112.2 0.60027 0.571258 0.462641 0.00456767 0.00112804 0.000942116
112.22 0.600446 0.57133 0.462703 0.00438057 0.00178674 0.0015325
112.24 0.600599 0.57142 0.462767 0.00382627 0.00224698 0.00160466
112.26 0.600723 0.571517 0.462813 0.00311698 0.00242235 0.00115588
112.28 0.600827 0.571611 0.462835 0.00259008 0.00235506 0.000534949
112.3 0.600927 0.571697 0.462842 0.00249149 0.00216419 0.00018106
112.32 0.601038 0.571776 0.462854 0.00277979 0.00196152 0.000303662
112.34 0.601164 0.571848 0.462884 0.00315218 0.00179334 0.000759678
112.36 0.601295 0.571915 0.462932 0.00328134 0.00167173 0.00120195
112.38 0.601417 0.571981 0.462986 0.0030574 0.00166405 0.00133981
112.4 0.601523 0.572057 0.46303 0.00263569 0.00190411 0.00110813
112.42 0.601614 0.572156 0.463057 0.00228213 0.00247177 0.000675366
112.44 0.601701 0.572286 0.46307 0.00218111 0.00324987 0.000317063
112.46 0.601795 0.572442 0.463079 0.00234966 0.00390349 0.000223734
112.48 0.601902 0.572605 0.463094 0.00265518 0.00406528 0.000386013
112.5 0.602017 0.572751 0.463121 0.00289149 0.00364289 0.000653791
112.52 0.602133 0.572869 0.463156 0.00289026 0.00295322 0.000890402
112.54 0.602238 0.572969 0.463198 0.00262958 0.00251262 0.00105751
112.56 0.602328 0.573076 0.463246 0.00226219 0.00265813 0.00117814
112.58 0.602409 0.573207 0.463297 0.00200721 0.00329138 0.00127961
112.6 0.602488 0.573364 0.463351 0.00196941 0.00392134 0.00135575
112.62 0.60257 0.573524 0.463405 0.00206578 0.0040029 0.00135762
112.64 0.602655 0.573659 0.463455 0.0021311 0.00335836 0.00123207
112.66 0.602738 0.573752 0.463494 0.00205211 0.00232832 0.000993976
112.68 0.60281 0.573812 0.463524 0.00180181 0.00151497 0.000735011
112.7 0.602867 0.573866 0.463545 0.00142765 0.00135244 0.000527221
112.72 0.602908 0.57394 0.46356 0.0010399 0.00183859 0.000368249
112.74 0.602939 0.574043 0.463569 0.000765909 0.00257713 0.000240331
112.76 0.602966 0.574166 0.463576 0.000673714 0.00308129 0.000181911
112.78 0.602995 0.574291 0.463587 0.000732273 0.00312678 0.000275935
112.8 0.603029 0.574406 0.46361 0.000845879 0.00286706 0.000575417
112.82 0.603066 0.574511 0.463652 0.000933799 0.0026185 0.00104164
112.84 0.603107 0.574613 0.463714 0.00100458 0.00255881 0.00153558
112.86 0.603152 0.574718 0.463788 0.00114794 0.00261097 0.00186717
112.88 0.60321 0.57482 0.463864 0.001439 0.00256075 0.00189176
112.9 0.603284 0.57491 0.463927 0.00184244 0.00226261 0.00158546
112.92 0.603371 0.574981 0.463969 0.00217663 0.00176877 0.00104388
112.94 0.603458 0.575033 0.463986 0.0021862 0.0013057 0.000424303
112.96 0.603527 0.575079 0.463982 0.00172279 0.00112974 -0.000113278
112.98 0.603564 0.575133 0.463964 0.000914823 0.0013601 -0.000433233
113 0.60357 0.575209 0.463947 0.000149686 0.00190708 -0.000436349
113.02 0.603563 0.575311 0.463943 -0.000155505 0.00254493 -8.64599e-05
113.04 0.603571 0.575433 0.463965 0.000184253 0.00304094 0.000543998
113.06 0.603611 0.575562 0.464015 0.00101011 0.0032369 0.00125658
113.08 0.603688 0.575686 0.464087 0.0019162 0.00308508 0.00178218
113.1 0.603787 0.575792 0.464163 0.0024826 0.00266842 0.0018979
113.12 0.603888 0.57588 0.464225 0.00251569 0.0021832 0.00155312
113.14 0.603974 0.575954 0.464262 0.00215103 0.00186802 0.000935826
113.16 0.604043 0.57603 0.464278 0.00172524 0.00188361 0.000408975
113.18 0.604103 0.576117 0.46429 0.00151167 0.00218213 0.000299054
113.2 0.604164 0.576217 0.464317 0.00151933 0.00249339 0.000660445
113.22 0.604225 0.576318 0.464366 0.00151099 0.00251881 0.00121925
113.24 0.604274 0.576405 0.464429 0.00124666 0.00218726 0.00157834
113.26 0.604304 0.576474 0.464489 0.000743585 0.00172208 0.00151753
113.28 0.604316 0.576532 0.464535 0.000301921 0.00145582 0.00114042
113.3 0.604328 0.576595 0.464566 0.000289538 0.00157878 0.000770216
113.32 0.604363 0.576675 0.464593 0.000878482 0.00200519 0.000685988
113.34 0.604439 0.576772 0.46463 0.00189123 0.00241768 0.000908276
113.36 0.604553 0.576872 0.464678 0.00286098 0.00248998 0.00120904
113.38 0.604685 0.576958 0.464731 0.00330351 0.00216115 0.00131698
113.4 0.604806 0.577027 0.464776 0.00302576 0.00171654 0.00113508
113.42 0.604897 0.577089 0.464808 0.00225727 0.00154939 0.000792034
113.44 0.604957 0.577161 0.464828 0.00150657 0.00180745 0.000513331
113.46 0.605006 0.577251 0.464846 0.00122934 0.0022531 0.000442996
113.48 0.605068 0.57735 0.464869 0.00155414 0.00245603 0.000571309
113.5 0.605159 0.577435 0.464901 0.00226172 0.00214533 0.000815651
113.52 0.605278 0.577493 0.464947 0.00297826 0.00144179 0.00113079
113.54 0.605414 0.577525 0.465007 0.00341454 0.000799879 0.00151892
113.56 0.605554 0.577553 0.465085 0.00350322 0.000703 0.00194764
113.58 0.60569 0.577606 0.465176 0.00337665 0.00131822 0.00227221
113.6 0.605818 0.5777 0.465266 0.00322114 0.00235468 0.0022473
113.62 0.605944 0.57783 0.465332 0.0031342 0.00324804 0.0016585
113.64 0.606068 0.577971 0.465353 0.00309495 0.00352646 0.00052501
113.66 0.606189 0.578094 0.465322 0.00304168 0.00307857 -0.000782397
113.68 0.606308 0.578181 0.465256 0.0029645 0.00216996 -0.00166368
113.7 0.606425 0.578231 0.465191 0.00293187 0.00125586 -0.00161675
113.72 0.606547 0.57826 0.465168 0.00304406 0.000720293 -0.000564617
113.74 0.606681 0.578287 0.46521 0.00334444 0.0006834 0.00104052
113.76 0.606831 0.578327 0.465308 0.00375305 0.000982446 0.00244089
113.78 0.606994 0.57838 0.465428 0.00408962 0.00133932 0.00300411
113.8 0.607162 0.578443 0.465531 0.00418692 0.00157701 0.00257245
113.82 0.607322 0.578511 0.465591 0.00400778 0.00169841 0.00149708
113.84 0.607469 0.578583 0.465605 0.00366617 0.00178839 0.000367016
113.86 0.607602 0.578658 0.465592 0.00333767 0.00187407 -0.000339936
113.88 0.607728 0.578733 0.465573 0.00314935 0.00188295 -0.000471083
113.9 0.607854 0.578802 0.465565 0.0031337 0.00171458 -0.000203
113.92 0.607984 0.578855 0.46557 0.00326511 0.00134481 0.000128978
113.94 0.608124 0.578891 0.46558 0.00348548 0.000897134 0.000252572
113.96 0.608271 0.578916 0.465584 0.00367614 0.000621462 9.98002e-05
113.98 0.608417 0.578945 0.465576 0.00366758 0.000732373 -0.000194526
114 0.608551 0.578994 0.46556 0.00334329 0.00121756 -0.000401074
114.02 0.608661 0.579067 0.465547 0.00275059 0.00182295 -0.000324466
114.04 0.608745 0.579156 0.465552 0.002104 0.00223077 0.000118844
114.06 0.608813 0.579247 0.465587 0.00168312 0.00225582 0.000882443
114.08 0.608881 0.579324 0.465659 0.00170906 0.00194207 0.00179402
114.1 0.608969 0.579386 0.465762 0.0022088 0.00153809 0.00257873
114.12 0.609086 0.579441 0.46588 0.00292139 0.00137051 0.00293925
114.14 0.609222 0.579507 0.465988 0.0033925 0.00165437 0.00269754
114.16 0.609353 0.579601 0.466064 0.00326855 0.0023506 0.00191985
114.18 0.609455 0.579728 0.466101 0.00254895 0.00319238 0.00092253
114.2 0.609518 0.579883 0.466106 0.00157504 0.00386973 0.000129404
114.22 0.60955 0.580051 0.466101 0.000805638 0.00420293 -0.000132242
114.24 0.609572 0.580218 0.46611 0.000560932 0.0041756 0.000225325
114.26 0.609607 0.580373 0.466151 0.000869107 0.00386335 0.00102819
114.28 0.609667 0.580507 0.466229 0.00149215 0.0033506 0.00193769
114.3 0.609751 0.580616 0.466334 0.00210621 0.00271505 0.00261715
114.32 0.609851 0.580699 0.466449 0.00250673 0.00208215 0.00288668
114.34 0.609958 0.580765 0.466559 0.00267076 0.00165629 0.00276109
114.36 0.610064 0.580831 0.466654 0.00264222 0.00163624 0.00235466
114.38 0.610161 0.580913 0.466725 0.00242573 0.00206477 0.00177456
114.4 0.610242 0.581024 0.466769 0.00203539 0.00277587 0.00110556
114.42 0.610306 0.581163 0.466788 0.00158978 0.00347736 0.000470784
114.44 0.610358 0.581318 0.46679 0.00130134 0.0038673 7.06905e-05
114.46 0.610412 0.581468 0.466795 0.00134396 0.0037465 0.000106173
114.48 0.61048 0.581593 0.466819 0.00170805 0.00311856 0.000599087
114.5 0.610567 0.581681 0.466869 0.00217352 0.00221169 0.0012699
114.52 0.610665 0.581736 0.466935 0.00244569 0.00137795 0.0016373
114.54 0.610759 0.581772 0.466988 0.00236811 0.000908232 0.00133227
114.56 0.61084 0.581808 0.467004 0.00202794 0.000890204 0.000402651
114.58 0.610907 0.581855 0.466978 0.00167275 0.00118491 -0.000662976
114.6 0.610968 0.581915 0.466928 0.00151894 0.00149792 -0.00125403
114.62 0.611033 0.581978 0.466886 0.0016132 0.00156544 -0.00104491
114.64 0.611106 0.582032 0.466878 0.00183349 0.00135755 -0.00019027
114.66 0.611186 0.582076 0.46691 0.00201093 0.00109773 0.000799948
114.68 0.611269 0.582119 0.466966 0.00206826 0.00107608 0.00140305
114.7 0.611351 0.582176 0.467022 0.00203998 0.00142682 0.00139401
114.72 0.611429 0.582258 0.467059 0.00196402 0.00203133 0.000915358
114.74 0.611502 0.582361 0.467071 0.00181569 0.00258393 0.000313236
114.76 0.611565 0.582471 0.467067 0.00157373 0.00275054 -9.75219e-05
114.78 0.611617 0.582565 0.46706 0.00129658 0.00234868 -0.000173511
114.8 0.611661 0.582625 0.467063 0.00111648 0.00149461 5.48002e-05
114.82 0.611708 0.582649 0.46708 0.00116881 0.000601111 0.000435596
114.84 0.611767 0.582655 0.46711 0.00146497 0.000165769 0.000749535
114.86 0.611838 0.582674 0.467142 0.00178908 0.00045312 0.000807724
114.88 0.61191 0.582726 0.467165 0.00178553 0.00130843 0.000575355
114.9 0.611959 0.582816 0.467174 0.0012367 0.00225492 0.000218499
114.92 0.611971 0.582928 0.467175 0.000296205 0.00279286 2.34295e-05
114.94 0.611949 0.583035 0.467184 -0.000546774 0.0026799 0.000219737
114.96 0.611918 0.583116 0.467216 -0.000773286 0.00203761 0.000811284
114.98 0.611911 0.583168 0.467278 -0.000192647 0.00128095 0.00155218
115 0.611947 0.583204 0.467363 0.00089832 0.000901773 0.00210549
115.02 0.612022 0.583251 0.467453 0.00187937 0.00119306 0.00224757
115.04 0.61211 0.583334 0.467532 0.00220453 0.00207054 0.00197887
115.06 0.61218 0.583459 0.467592 0.00175204 0.00310891 0.00149978
115.08 0.612215 0.583609 0.467635 0.00087412 0.00376252 0.00107721
115.1 0.61222 0.583755 0.46767 0.000128877 0.00365736 0.000889119
115.12 0.612216 0.583868 0.467708 -9.30654e-05 0.00280719 0.000942265
115.14 0.612225 0.583933 0.467752 0.000205467 0.00163087 0.0011018
115.16 0.612253 0.583962 0.467801 0.000699087 0.00072986 0.0012121
115.18 0.612294 0.583984 0.46785 0.00104817 0.000552607 0.00122468
115.2 0.612342 0.58403 0.467898 0.00118932 0.00115179 0.00121733
115.22 0.612396 0.584117 0.46795 0.00135211 0.00217256 0.00129007
115.24 0.612468 0.58424 0.468008 0.00180113 0.00306923 0.00144628
115.26 0.61257 0.584376 0.46807 0.00255797 0.00339151 0.00156994
115.28 0.612704 0.584495 0.468132 0.00333596 0.0029855 0.0015285
115.3 0.612854 0.584577 0.468184 0.00374465 0.00205764 0.00130413
115.32 0.612997 0.58462 0.468225 0.00359375 0.00106863 0.00102403
115.34 0.613119 0.584639 0.468259 0.00304925 0.000474193 0.000857621
115.36 0.61322 0.584658 0.468294 0.00252396 0.000462578 0.000883958
115.38 0.613316 0.584693 0.468336 0.00239203 0.000895045 0.00105146
115.4 0.613425 0.584752 0.468386 0.00272549 0.00146553 0.00122789
115.42 0.613555 0.584828 0.468437 0.00325557 0.00190101 0.00128653
115.44 0.6137 0.58491 0.468484 0.00361426 0.00205327 0.00117296
115.46 0.613846 0.584987 0.46852 0.00365502 0.00191453 0.000900559
115.48 0.613988 0.585051 0.46854 0.00354935 0.0015967 0.00050089
115.5 0.614132 0.585101 0.46854 0.00359327 0.00126256 2.22641e-06
115.52 0.614289 0.585143 0.468519 0.00393353 0.00104047 -0.000525225
115.54 0.614466 0.585182 0.468483 0.00442678 0.000969299 -0.00091415
115.56 0.614656 0.585223 0.468446 0.00474215 0.00102397 -0.000923835
115.58 0.614841 0.58527 0.46843 0.00463193 0.00118453 -0.000380769
115.6 0.615007 0.585328 0.468456 0.00413763 0.00144915 0.000649342
115.62 0.615149 0.585399 0.468528 0.00356234 0.00178472 0.00180335
115.64 0.615279 0.585484 0.468631 0.00323561 0.00210922 0.00256775
115.66 0.615409 0.585577 0.468734 0.00325211 0.00232348 0.00257055
115.68 0.615545 0.585672 0.468807 0.00341366 0.00237577 0.00182049
115.7 0.615682 0.585764 0.468835 0.00341276 0.00231635 0.00070888
115.72 0.615805 0.585855 0.468826 0.00308081 0.00227389 -0.000230741
115.74 0.615905 0.58595 0.468801 0.00250441 0.0023677 -0.000627375
115.76 0.615983 0.586055 0.468783 0.00194723 0.00263322 -0.000438562
115.78 0.61605 0.586176 0.468787 0.00167346 0.00301245 8.80087e-05
115.8 0.616122 0.586311 0.468811 0.00178939 0.00338036 0.00059219
115.82 0.616209 0.586454 0.468843 0.00217643 0.00358715 0.000813133
115.84 0.616311 0.586596 0.468872 0.00257031 0.00354754 0.000719692
115.86 0.616421 0.586729 0.468891 0.00273073 0.00331892 0.000491317
115.88 0.616523 0.586852 0.468907 0.00256065 0.00306181 0.000389905
115.9 0.616607 0.586968 0.46893 0.00210279 0.00291498 0.000581139
115.92 0.616667 0.587085 0.468971 0.00148457 0.00291915 0.0010103
115.94 0.616702 0.587207 0.469028 0.000880152 0.00304129 0.00144325
115.96 0.61672 0.587336 0.469094 0.000452126 0.00322541 0.00164323
115.98 0.616731 0.587472 0.469156 0.000283213 0.00341712 0.00153259
116 0.616746 0.587615 0.469204 0.000361754 0.00355829 0.00121443
116.02 0.616771 0.587758 0.46924 0.000629668 0.00359558 0.000887527
116.04 0.616812 0.587899 0.469269 0.00102924 0.00351381 0.000742482
116.06 0.616872 0.588033 0.469304 0.00149565 0.00334197 0.000867513
116.08 0.616949 0.588158 0.469352 0.00194031 0.00312164 0.00118926
116.1 0.61704 0.588273 0.469412 0.00227309 0.00288853 0.0015034
116.12 0.617137 0.588381 0.469476 0.00242147 0.00269204 0.00159854
116.14 0.617231 0.588485 0.469531 0.00234691 0.00260823 0.0013874
116.16 0.617314 0.588593 0.469569 0.00207555 0.00268761 0.0009536
116.18 0.617382 0.588708 0.469589 0.00169902 0.00288052 0.000495378
116.2 0.617436 0.588829 0.469598 0.00134127 0.00303418 0.000228936
116.22 0.617481 0.588948 0.469611 0.00114125 0.0029757 0.000308584
116.24 0.617531 0.589053 0.469641 0.00122945 0.00262361 0.000759154
116.26 0.617596 0.589135 0.469699 0.00162723 0.00205119 0.0014408
116.28 0.617682 0.589193 0.469782 0.00216896 0.00144806 0.00209695
116.3 0.617786 0.589234 0.469882 0.00259107 0.0010134 0.00247965
116.32 0.617895 0.589269 0.46998 0.00271909 0.000872774 0.00246236
116.34 0.617997 0.58931 0.470062 0.00256086 0.00103189 0.00205881
116.36 0.618087 0.589365 0.470118 0.00224731 0.00137662 0.00138275
116.38 0.618165 0.589434 0.470142 0.00194311 0.00173636 0.000608414
116.4 0.618237 0.589513 0.47014 0.00179817 0.00195661 -5.96498e-05
116.42 0.618313 0.589591 0.470123 0.0019003 0.00194894 -0.000406811
116.44 0.618401 0.589659 0.470113 0.00220643 0.00170306 -0.00026928
116.46 0.618502 0.58971 0.470126 0.00252211 0.00128592 0.000328696
116.48 0.618607 0.589744 0.47017 0.00261987 0.000844431 0.0010935
116.5 0.618704 0.589767 0.470234 0.00242726 0.000568003 0.00160137
116.52 0.618788 0.589791 0.470297 0.00209664 0.000603023 0.00158809
116.54 0.618864 0.589829 0.470342 0.00190883 0.00096629 0.00112256
116.56 0.618947 0.58989 0.470363 0.00207545 0.00152629 0.000514568
116.58 0.619049 0.589973 0.470366 0.00255182 0.00205429 8.3551e-05
116.6 0.61917 0.590065 0.470365 0.00301835 0.00230908 -2.35684e-05
116.62 0.619294 0.590151 0.47037 0.00309477 0.00215524 0.000114431
116.64 0.619399 0.590218 0.47038 0.00263289 0.00167643 0.000268311
116.66 0.619472 0.590265 0.470389 0.0018345 0.00115673 0.000221856
116.68 0.619517 0.590301 0.470387 0.0011154 0.000900356 -6.01831e-05
116.7 0.61955 0.590342 0.470371 0.000835106 0.00104062 -0.000396939
116.72 0.619593 0.590402 0.47035 0.00107655 0.00149565 -0.00053394
116.74 0.619658 0.590484 0.470336 0.00162193 0.00205916 -0.000335339
116.76 0.619743 0.590585 0.470342 0.00212528 0.00252737 0.000145443
116.78 0.619837 0.590697 0.470372 0.00233331 0.00279166 0.000746494
116.8 0.619925 0.590811 0.470424 0.00222001 0.00285685 0.0013074
116.82 0.620005 0.590923 0.470493 0.00197624 0.00278145 0.00171279
116.84 0.620079 0.591027 0.470568 0.00185251 0.00260379 0.00187172
116.86 0.620157 0.59112 0.470636 0.00196244 0.00232293 0.00171446
116.88 0.620245 0.591198 0.470686 0.00218522 0.00194673 0.00125253
116.9 0.620335 0.59126 0.470712 0.00225005 0.00155669 0.00063761
116.92 0.620413 0.591312 0.470717 0.00196021 0.00131058 0.000133907
116.94 0.620468 0.591366 0.470717 0.00136751 0.00134644 6.24522e-07
116.96 0.620498 0.591433 0.470731 0.0007494 0.00166885 0.000353966
116.98 0.620515 0.591518 0.470775 0.000423973 0.00212875 0.0010907
117 0.620538 0.591619 0.470852 0.000589475 0.00251876 0.00193413
117.02 0.620589 0.591727 0.470955 0.00126179 0.00271169 0.0025808
117.04 0.620679 0.591837 0.47107 0.00225175 0.00273953 0.00285514
117.06 0.620807 0.591947 0.47118 0.00319604 0.00275929 0.00276555
117.08 0.620954 0.592064 0.471278 0.00369379 0.0029209 0.00243571
117.1 0.621095 0.592193 0.471358 0.00350921 0.00321731 0.00199517
117.12 0.621204 0.59233 0.471419 0.00272891 0.00344207 0.00152477
117.14 0.621274 0.592463 0.471462 0.00175953 0.00330755 0.00108362
117.16 0.621319 0.592569 0.471492 0.00112479 0.0026531 0.000745555
117.18 0.621365 0.592633 0.471515 0.00114925 0.00159479 0.000571051
117.2 0.621435 0.592653 0.471537 0.00175167 0.000507481 0.000556444
117.22 0.621536 0.592647 0.471562 0.00251636 -0.000157772 0.000619661
117.24 0.621655 0.592642 0.471587 0.00296748 -0.000113744 0.000641023
117.26 0.621769 0.592667 0.471608 0.00285662 0.000611057 0.000521124
117.28 0.621861 0.592734 0.471618 0.00230033 0.00167999 0.000239052
117.3 0.621929 0.592838 0.471613 0.00169624 0.00261745 -0.000104369
117.32 0.621987 0.59296 0.471601 0.00146184 0.00304247 -0.000324051
117.34 0.622058 0.593073 0.471589 0.0017635 0.00282414 -0.000281593
117.36 0.622155 0.593158 0.471589 0.00243013 0.00211565 -1.28701e-05
117.38 0.622279 0.593209 0.4716 0.00309983 0.00127563 0.00028103
117.4 0.622417 0.593237 0.471616 0.00344616 0.000708974 0.000388096
117.42 0.62255 0.593265 0.471625 0.00333176 0.000693388 0.000240465
117.44 0.622664 0.593315 0.471623 0.00283955 0.00124339 -5.92363e-05
117.46 0.622751 0.593398 0.47161 0.00217907 0.00208934 -0.000330977
117.48 0.622813 0.593511 0.471592 0.00154742 0.00282663 -0.000426982
117.5 0.622855 0.593636 0.471581 0.00106437 0.00312746 -0.00029664
117.52 0.622887 0.593752 0.471581 0.00079992 0.00289182 2.08312e-05
117.54 0.62292 0.593844 0.4716 0.000808935 0.00230163 0.000457258
117.56 0.622965 0.593914 0.471638 0.00112584 0.00175337 0.00095216
117.58 0.623033 0.593979 0.471695 0.00172103 0.00162932 0.0014243
117.6 0.623131 0.59406 0.471763 0.0024324 0.00201674 0.00171614
117.62 0.623249 0.594165 0.471828 0.00294698 0.00263444 0.00161981
117.64 0.623366 0.594288 0.47187 0.00293147 0.00306076 0.00104701
117.66 0.623457 0.59441 0.471878 0.00226966 0.00305144 0.000198254
117.68 0.623505 0.594518 0.471859 0.00121229 0.00270107 -0.000481512
117.7 0.623516 0.594613 0.471836 0.000281199 0.00237333 -0.000564042
117.72 0.623515 0.59471 0.471839 -2.94318e-05 0.00242719 8.12949e-05
117.74 0.623533 0.594826 0.471887 0.000449804 0.00289477 0.00118072
117.76 0.623591 0.594962 0.471975 0.00143941 0.0034137 0.00219767
117.78 0.623685 0.595103 0.472081 0.00234336 0.00352963 0.00264967
117.8 0.623788 0.595227 0.472176 0.00259553 0.00307952 0.00237806
117.82 0.623869 0.59532 0.472239 0.00200952 0.00232872 0.00159277
117.84 0.623905 0.595391 0.472268 0.000907509 0.00177052 0.000715188
117.86 0.623904 0.595461 0.472274 -3.10071e-05 0.0017621 0.000155737
117.88 0.623898 0.595552 0.47228 -0.000145316 0.00227168 0.000134439
117.9 0.62393 0.595668 0.472303 0.000805887 0.00291201 0.000594935
117.92 0.62403 0.595797 0.472354 0.00248358 0.00321863 0.00126048
117.94 0.624196 0.595917 0.472426 0.00415924 0.00298612 0.00181711
117.96 0.624401 0.596014 0.47251 0.00513165 0.0024294 0.00208792
117.98 0.624605 0.596095 0.472593 0.00510011 0.0020246 0.00208311
118 0.624777 0.59618 0.472671 0.00428281 0.00212972 0.00194121
118.02 0.624906 0.596287 0.472744 0.00324098 0.00268326 0.00183067
118.04 0.625008 0.596417 0.472819 0.00254822 0.00325103 0.00185832
118.06 0.625109 0.596553 0.4729 0.00251299 0.00338815 0.00203121
118.08 0.625231 0.596672 0.47299 0.00306196 0.00298227 0.00226426
118.1 0.625385 0.596765 0.473087 0.00383732 0.00230866 0.00241621
118.12 0.625562 0.596836 0.473181 0.00443916 0.00179448 0.00234319
118.14 0.625748 0.596905 0.47326 0.00463518 0.00170723 0.0019775
118.16 0.625925 0.596985 0.473315 0.00443817 0.00200326 0.00138274
118.18 0.626087 0.597082 0.473344 0.00405079 0.00241958 0.000717227
118.2 0.626235 0.597189 0.47335 0.00370325 0.00267768 0.000144412
118.22 0.626375 0.597294 0.47334 0.00348242 0.00263788 -0.000232446
118.24 0.626507 0.597387 0.473324 0.0033055 0.00233298 -0.000397489
118.26 0.626629 0.597462 0.473308 0.00305013 0.00187231 -0.000413566
118.28 0.626736 0.597516 0.473293 0.00267988 0.00133527 -0.000370581
118.3 0.626826 0.597547 0.47328 0.00225444 0.000770298 -0.000329474
118.32 0.626902 0.597558 0.473268 0.00189511 0.00027739 -0.000307342
118.34 0.626971 0.597559 0.473255 0.00172987 3.16002e-05 -0.000302042
118.36 0.627043 0.597565 0.473243 0.00179661 0.000160885 -0.00031933
118.38 0.627122 0.597589 0.473228 0.00196695 0.000597896 -0.000374659
118.4 0.627201 0.597631 0.473209 0.00199055 0.00105024 -0.000469428
118.42 0.627268 0.597678 0.473187 0.00167849 0.00116228 -0.000551239
118.44 0.627312 0.597709 0.473166 0.00108367 0.000773483 -0.000518627
118.46 0.627332 0.597712 0.473154 0.000506729 7.7072e-05 -0.000298942
118.48 0.627345 0.597693 0.473158 0.000316808 -0.00047008 8.31211e-05
118.5 0.627373 0.597675 0.473177 0.000696079 -0.000462687 0.000499048
118.52 0.627431 0.597681 0.473208 0.00146082 0.000153765 0.000766608
118.54 0.627516 0.597723 0.473238 0.00211762 0.00105012 0.000750714
118.56 0.627603 0.597793 0.473257 0.00218908 0.00175698 0.000473099
118.58 0.627666 0.597872 0.473263 0.00155853 0.00196994 0.000136672
118.6 0.627688 0.59794 0.473263 0.000555564 0.00171635 1.71713e-05
118.62 0.627678 0.597992 0.473275 -0.000255001 0.00129746 0.000292199
118.64 0.62766 0.598034 0.473311 -0.00044611 0.00104026 0.000905352
118.66 0.62766 0.598077 0.473374 1.08974e-05 0.00107341 0.00156242
118.68 0.627691 0.598129 0.47345 0.000761931 0.00131358 0.00190924
118.7 0.627743 0.598195 0.473522 0.00130956 0.00163193 0.0017969
118.72 0.627797 0.598274 0.473579 0.00133588 0.00199109 0.00142572
118.74 0.627832 0.598371 0.473627 0.000896054 0.00242032 0.00121008
118.76 0.627846 0.598487 0.473686 0.000338415 0.00290569 0.00146278
118.78 0.627847 0.59862 0.473773 3.06005e-05 0.00331535 0.00217375
118.8 0.627852 0.598758 0.473894 0.000123485 0.00345057 0.00302695
118.82 0.627872 0.598886 0.474038 0.0005071 0.00320567 0.00359902
118.84 0.62791 0.598994 0.474182 0.000935755 0.00270387 0.00359883
118.86 0.627959 0.599085 0.474302 0.00121824 0.00226069 0.00300897
118.88 0.628013 0.599171 0.474385 0.00135209 0.0021589 0.00206119
118.9 0.628072 0.599268 0.474428 0.0014899 0.00242394 0.00107603
118.92 0.628143 0.599381 0.474439 0.00176131 0.00281298 0.000295873
118.94 0.628228 0.599502 0.474433 0.00213587 0.00302503 -0.000158667
118.96 0.628326 0.599619 0.474424 0.00243905 0.00292761 -0.000228423
118.98 0.628425 0.599723 0.474429 0.00249332 0.0026167 0.000119649
119 0.628516 0.599815 0.474463 0.00227773 0.00230025 0.00084498
119.02 0.628596 0.599901 0.474534 0.00198269 0.00214265 0.00177659
119.04 0.628671 0.599988 0.474639 0.00187707 0.00217847 0.00262813
119.06 0.628755 0.600081 0.474762 0.00209163 0.0023202 0.0030781
119.08 0.628856 0.600179 0.474877 0.0025401 0.00244835 0.00287946
119.1 0.628977 0.60028 0.474956 0.00301603 0.00252269 0.00198389
119.12 0.62911 0.600384 0.474981 0.00332301 0.00259322 0.00062432
119.14 0.629243 0.600491 0.474952 0.00334065 0.00268796 -0.000742171
119.16 0.629365 0.6006 0.474886 0.00305308 0.0027277 -0.00164423
119.18 0.629467 0.600704 0.474813 0.0025507 0.00258161 -0.00182859
119.2 0.629547 0.600792 0.474759 0.00200011 0.00221094 -0.00135666
119.22 0.629612 0.600862 0.474737 0.00160606 0.00175591 -0.000527491
119.24 0.629673 0.600921 0.474749 0.00153147 0.00147244 0.000289883
119.26 0.629745 0.600984 0.474781 0.00178832 0.00156102 0.000802972
119.28 0.629833 0.601064 0.474816 0.00220003 0.00200642 0.00086389
119.3 0.629933 0.601165 0.474835 0.00250592 0.00254218 0.000484076
119.32 0.630034 0.601277 0.474828 0.0025378 0.00279608 -0.000174117
119.34 0.630128 0.601379 0.474794 0.00233084 0.00254747 -0.00085173
119.36 0.630211 0.601456 0.474742 0.00209607 0.00191459 -0.00129793
119.38 0.630295 0.601509 0.474688 0.00209108 0.00132264 -0.00136207
119.4 0.630392 0.601559 0.474647 0.00242982 0.00125017 -0.00102092
119.42 0.630509 0.601635 0.474632 0.00292899 0.00190477 -0.00036419
119.44 0.630637 0.601757 0.474649 0.0031943 0.00305158 0.00042856
119.46 0.630755 0.601923 0.474695 0.00294384 0.0041389 0.00114077
119.48 0.630846 0.602107 0.474759 0.00226901 0.00462391 0.00159532
119.5 0.630909 0.602278 0.474828 0.00159128 0.00427238 0.00173435
119.52 0.630965 0.60241 0.474895 0.00139729 0.00329122 0.0016686
119.54 0.631043 0.602499 0.47496 0.00195676 0.00222889 0.0016328
119.56 0.631169 0.602567 0.475034 0.00313889 0.00168526 0.00183242
119.58 0.631346 0.602646 0.475125 0.00443253 0.00198588 0.00229387
119.6 0.631555 0.602766 0.475239 0.00521794 0.00299464 0.00284835
119.62 0.63176 0.602934 0.475369 0.00512782 0.00420071 0.00325274
119.64 0.63193 0.603135 0.475502 0.00424358 0.00503976 0.00332181
119.66 0.632051 0.603343 0.475622 0.00301935 0.00519879 0.00298903
119.68 0.632132 0.603532 0.475715 0.00203374 0.00471658 0.00232942
119.7 0.632201 0.603687 0.475778 0.00172295 0.00388137 0.00156882
119.72 0.632289 0.603809 0.475818 0.00219003 0.00303337 0.00101264
119.74 0.632415 0.603904 0.475854 0.00316348 0.00239446 0.000885494
119.76 0.632581 0.603985 0.475902 0.00415687 0.00200646 0.00121158
119.78 0.632771 0.604056 0.475975 0.00473659 0.00178159 0.00181248
119.8 0.632959 0.60412 0.476071 0.00471415 0.00161393 0.00239946
119.82 0.633126 0.60418 0.476179 0.0041768 0.0014761 0.0027011
119.84 0.633262 0.604237 0.476281 0.00338838 0.00142669 0.00256503
119.86 0.633367 0.604298 0.476361 0.00262307 0.00152897 0.00199767
119.88 0.633448 0.604368 0.476406 0.00203729 0.00175453 0.0011304
119.9 0.633515 0.604446 0.476413 0.00166234 0.00194509 0.000160827
119.92 0.633575 0.604522 0.476385 0.00151086 0.00190146 -0.000684368
119.94 0.63364 0.604584 0.476338 0.00162857 0.00155197 -0.00119278
119.96 0.633722 0.604626 0.476289 0.00204144 0.00104071 -0.00122016
119.98 0.633828 0.604651 0.476259 0.00265457 0.000626963 -0.000758384
120 0.633957 0.604671 0.476259 0.0032092 0.000498137 1.67041e-06
120.02 0.634091 0.604697 0.476287 0.00335992 0.000659003 0.000706784
120.04 0.634206 0.604734 0.476327 0.00286532 0.00093652 0.00100189
120.06 0.634278 0.604778 0.476356 0.00180155 0.00108343 0.000724596
120.08 0.634301 0.604816 0.476356 0.000594184 0.000952798 3.92019e-06
120.1 0.634293 0.604841 0.476325 -0.000216122 0.000632375 -0.00078565
120.12 0.63428 0.604857 0.476277 -0.000318774 0.000406116 -0.00120139
120.14 0.634287 0.60488 0.476238 0.000160648 0.000568667 -0.000976274
120.16 0.634317 0.604929 0.47623 0.000757008 0.00121546 -0.000182375
120.18 0.634357 0.605014 0.476263 0.00100403 0.0021258 0.000816391
120.2 0.634387 0.605128 0.476327 0.000749124 0.00285412 0.00159843
120.22 0.634396 0.605249 0.476404 0.000234795 0.00302075 0.0019332
120.24 0.634393 0.605352 0.476479 -8.57245e-05 0.00257211 0.00187392
120.26 0.634397 0.605423 0.476545 0.000101765 0.00179329 0.00164545
120.28 0.634425 0.605467 0.476602 0.000702994 0.00110328 0.00143647
120.3 0.634475 0.605501 0.476654 0.00124698 0.00082598 0.0012809
120.32 0.634524 0.605543 0.476699 0.0012297 0.00106139 0.0011244
120.34 0.634544 0.60561 0.476738 0.00050671 0.00167017 0.000980412
120.36 0.634522 0.605704 0.476777 -0.000563083 0.00235192 0.000986909
120.38 0.634469 0.605816 0.476829 -0.00131124 0.00279565 0.00128373
120.4 0.634423 0.605929 0.476902 -0.00116388 0.00283931 0.00182468
120.42 0.634422 0.606031 0.476995 -1.35176e-05 0.00253188 0.0023283
120.44 0.63449 0.606113 0.477092 0.0016869 0.00206741 0.00243696
120.46 0.634617 0.60618 0.477171 0.00318234 0.00165955 0.00197286
120.48 0.634771 0.606238 0.477215 0.00384316 0.00145437 0.00110405
120.5 0.634911 0.606298 0.477226 0.00349749 0.00149876 0.000269745
120.52 0.63501 0.606367 0.477222 0.00247727 0.00172738 -0.000104232
120.54 0.635065 0.606446 0.477227 0.0013862 0.00197996 0.000119877
120.56 0.635096 0.606529 0.477256 0.000761671 0.00207739 0.000729341
120.58 0.635129 0.606607 0.47731 0.000830784 0.00193637 0.0013517
120.6 0.635188 0.606673 0.477379 0.00147981 0.00165507 0.00173472
120.62 0.635284 0.606731 0.477454 0.00239781 0.00145965 0.0018667
120.64 0.635414 0.606792 0.477529 0.0032398 0.00153088 0.00186838
120.66 0.635563 0.606867 0.477601 0.003735 0.00185739 0.00180479
120.68 0.635713 0.606956 0.477666 0.00374891 0.00222644 0.00161778
120.7 0.635846 0.60705 0.477715 0.00331866 0.00235431 0.00122884
120.72 0.635951 0.607133 0.477742 0.00264254 0.00206654 0.000681869
120.74 0.636032 0.60719 0.477749 0.00200319 0.00144162 0.000171716
120.76 0.636098 0.607223 0.477746 0.00166491 0.000813829 -7.65959e-05
120.78 0.636169 0.607246 0.477747 0.0017804 0.000577331 2.9019e-05
120.8 0.636262 0.607283 0.477762 0.0023206 0.000916085 0.000375594
120.82 0.636384 0.607349 0.477791 0.00304943 0.00167105 0.000718901
120.84 0.636528 0.607448 0.477825 0.003599 0.0024571 0.000859423
120.86 0.636674 0.607564 0.477857 0.00365557 0.00292061 0.000795672
120.88 0.636801 0.607682 0.477886 0.0031617 0.00293531 0.000726115
120.9 0.636896 0.607787 0.477921 0.00238387 0.00263908 0.000870797
120.92 0.636966 0.60788 0.477971 0.00175432 0.00230718 0.00125849
120.94 0.637031 0.607966 0.478038 0.00160501 0.00214683 0.0016662
120.96 0.637111 0.608053 0.478109 0.00201267 0.00217428 0.00177829
120.98 0.637223 0.608144 0.478167 0.00280227 0.00228331 0.00145702
121 0.637368 0.608239 0.478203 0.00362242 0.00238773 0.000888119
121.02 0.637533 0.608339 0.478221 0.00411096 0.00248092 0.000454225
121.04 0.637697 0.608443 0.478238 0.0041035 0.00261276 0.000433351
121.06 0.637845 0.608557 0.47827 0.00370922 0.00284026 0.000785113
121.08 0.637973 0.608683 0.478317 0.00319818 0.00315905 0.00118639
121.1 0.638085 0.608821 0.478368 0.00281084 0.00345089 0.00126794
121.12 0.638191 0.608963 0.478403 0.00264881 0.00354847 0.000886032
121.14 0.638299 0.609099 0.478413 0.00268974 0.00339566 0.000238366
121.16 0.638413 0.609224 0.478402 0.00285364 0.00312408 -0.000266761
121.18 0.638535 0.609342 0.47839 0.00303809 0.0029563 -0.000296837
121.2 0.638659 0.609463 0.478397 0.00311818 0.00302742 0.00016746
121.22 0.638779 0.609595 0.47843 0.00298277 0.00328146 0.000832555
121.24 0.638883 0.609735 0.478484 0.00262019 0.00351668 0.00133458
121.26 0.638971 0.609877 0.478545 0.00217663 0.00353438 0.00152615
121.28 0.639047 0.610007 0.478607 0.00191143 0.00327177 0.0015594
121.3 0.639129 0.610121 0.478675 0.00205295 0.00284953 0.00169507
121.32 0.639234 0.610222 0.478756 0.00262274 0.00251102 0.00202051
121.34 0.639368 0.61032 0.478849 0.00334521 0.00246453 0.00232978
121.36 0.639518 0.610429 0.478939 0.00376319 0.00272505 0.00225567
121.38 0.639659 0.610553 0.479002 0.00351689 0.00309202 0.00156541
121.4 0.639763 0.610685 0.479018 0.00259515 0.00330632 0.000402621
121.42 0.639819 0.610816 0.478989 0.00140282 0.00325974 -0.000722784
121.44 0.639842 0.610938 0.478941 0.000571867 0.00305494 -0.00120456
121.46 0.639864 0.611052 0.478912 0.000558041 0.00285747 -0.000712587
121.48 0.639917 0.611161 0.478935 0.00132757 0.00271618 0.000573658
121.5 0.640014 0.611263 0.479017 0.00242238 0.0025634 0.00205087
121.52 0.640146 0.611358 0.47914 0.00329683 0.00235602 0.00305482
121.54 0.64029 0.611444 0.479269 0.0036009 0.00215267 0.00323658
121.56 0.640421 0.611526 0.479377 0.00326957 0.00205615 0.00270134
121.58 0.640519 0.61161 0.479451 0.00246628 0.00210861 0.00185625
121.6 0.640578 0.6117 0.479496 0.00146697 0.00224377 0.00112574
121.62 0.640601 0.611793 0.479526 0.000573157 0.00232097 0.00073736
121.64 0.640603 0.611881 0.479553 5.76871e-05 0.00221181 0.000668733
121.66 0.640607 0.611958 0.479583 9.5525e-05 0.00190324 0.000749599
121.68 0.640634 0.612019 0.479615 0.000676504 0.00154116 0.000818257
121.7 0.640697 0.612073 0.479647 0.00156208 0.00134885 0.000804229
121.72 0.64079 0.612131 0.479676 0.0023386 0.00143899 0.000719613
121.74 0.640894 0.612198 0.479701 0.00259148 0.00168117 0.000614157
121.76 0.64098 0.612269 0.479723 0.00214921 0.00178427 0.00054979
121.78 0.641029 0.612331 0.479746 0.00123065 0.00155218 0.000592104
121.8 0.641043 0.612374 0.479778 0.000341874 0.00107539 0.000784923
121.82 0.641041 0.612402 0.479822 -3.45554e-05 0.000678887 0.00111171
121.84 0.641052 0.612429 0.479881 0.000265765 0.000677383 0.00146504
121.86 0.641092 0.612474 0.479947 0.00100996 0.00112392 0.00165829
121.88 0.641162 0.612543 0.480008 0.00174502 0.00173052 0.00151256
121.9 0.641246 0.612625 0.480048 0.00208559 0.0020423 0.000993447
121.92 0.641323 0.612696 0.480059 0.00192078 0.00178116 0.000291145
121.94 0.64138 0.612739 0.480048 0.00144169 0.00108178 -0.000277709
121.96 0.64142 0.612754 0.480029 0.00099222 0.000384895 -0.000473449
121.98 0.641454 0.612759 0.480019 0.000844305 0.000124274 -0.000249822
122 0.641495 0.612778 0.48003 0.00104238 0.000468386 0.000266646
122.02 0.641552 0.612827 0.480065 0.00141457 0.00121493 0.00087367
122.04 0.641621 0.612903 0.480121 0.00173552 0.00190039 0.00140904
122.06 0.641696 0.612987 0.480193 0.00187751 0.00210231 0.00179717
122.08 0.64177 0.613056 0.480273 0.00182895 0.00172299 0.0019904
122.1 0.641836 0.613097 0.480349 0.00164975 0.00102978 0.00191243
122.12 0.641893 0.613114 0.480409 0.00143456 0.000430299 0.00150938
122.14 0.641944 0.613122 0.480444 0.00127336 0.000197929 0.000871281
122.16 0.641993 0.613137 0.480455 0.0012158 0.000362846 0.000255951
122.18 0.642044 0.613168 0.480452 0.00128207 0.000790188 -6.06132e-05
122.2 0.642103 0.61322 0.480453 0.00148657 0.00129264 3.13821e-05
122.22 0.642176 0.613288 0.48047 0.00182633 0.00170169 0.000426108
122.24 0.642267 0.613365 0.480506 0.00225591 0.0019156 0.000885751
122.26 0.642375 0.613443 0.480553 0.00270707 0.00194876 0.00118827
122.28 0.642499 0.61352 0.480603 0.0030948 0.00192628 0.00125185
122.3 0.64263 0.613599 0.48065 0.00329385 0.0019911 0.0011591
122.32 0.642758 0.613687 0.480693 0.00319623 0.00220058 0.0010696
122.34 0.642872 0.613786 0.480736 0.00284171 0.00247902 0.0010767
122.36 0.64297 0.613893 0.480781 0.00244418 0.0026602 0.00112123
122.38 0.64306 0.613998 0.480823 0.00224563 0.00262338 0.00104985
122.4 0.643153 0.614094 0.480853 0.00233287 0.00241138 0.000770279
122.42 0.643256 0.614182 0.480867 0.00258944 0.00220347 0.000353245
122.44 0.643369 0.61427 0.480868 0.00281342 0.00218231 8.71397e-06
122.46 0.643484 0.614366 0.480867 0.00288817 0.00241238 -3.14341e-05
122.48 0.643599 0.614478 0.480881 0.00285947 0.00280595 0.000349381
122.5 0.643713 0.614605 0.480923 0.0028633 0.00315933 0.00105957
122.52 0.643833 0.614735 0.480995 0.00299015 0.00325386 0.00181161
122.54 0.643962 0.614855 0.481086 0.00321465 0.00301181 0.0022597
122.56 0.644098 0.614959 0.481173 0.00340835 0.00259579 0.00218953
122.58 0.644234 0.615052 0.481239 0.00341427 0.00232287 0.00164977
122.6 0.644361 0.615149 0.481277 0.00316871 0.00242168 0.000951368
122.62 0.644472 0.615263 0.481297 0.00276113 0.00284153 0.000496484
122.64 0.644566 0.615395 0.481318 0.002362 0.00331034 0.000530002
122.66 0.644651 0.615538 0.481358 0.00211729 0.00356266 0.00099588
122.68 0.644735 0.615678 0.481422 0.00211027 0.00350358 0.00159225
122.7 0.64483 0.615807 0.4815 0.00236804 0.00322209 0.00195805
122.72 0.644944 0.615923 0.481575 0.00284246 0.00291105 0.00185926
122.74 0.645079 0.616033 0.481627 0.00337991 0.00274556 0.00130349
122.76 0.645231 0.616143 0.481649 0.00379174 0.00276157 0.000548695
122.78 0.64539 0.616256 0.481648 0.00399215 0.00282741 -1.76229e-05
122.8 0.645552 0.616367 0.481645 0.0040339 0.00276388 -8.13374e-05
122.82 0.645712 0.616467 0.481662 0.00400584 0.00250908 0.00043569
122.84 0.645868 0.616555 0.481716 0.00391387 0.0021938 0.00133415
122.86 0.646015 0.616637 0.481804 0.00365521 0.00205055 0.00221293
122.88 0.646139 0.616725 0.48191 0.00310288 0.00220127 0.00264281
122.9 0.646229 0.616826 0.482006 0.00226854 0.00252526 0.00239661
122.92 0.646287 0.616936 0.48207 0.00142614 0.00275303 0.00160518
122.94 0.646327 0.617044 0.482098 0.00101305 0.00269306 0.000691388
122.96 0.646379 0.617139 0.482101 0.00130807 0.0023654 9.42347e-05
122.98 0.646466 0.617216 0.482101 0.00217147 0.00194443 -8.6075e-06
123 0.64659 0.617282 0.48211 0.0030954 0.00162823 0.000231863
123.02 0.64673 0.617344 0.48213 0.00350663 0.00154755 0.000493306
123.04 0.646853 0.617412 0.482151 0.00307418 0.00170359 0.000518165
123.06 0.646928 0.61749 0.482162 0.00187468 0.00195374 0.0002725
123.08 0.646944 0.617575 0.482159 0.000384992 0.00212065 -6.12148e-05
123.1 0.646915 0.61766 0.482149 -0.000727774 0.0021457 -0.000243575
123.12 0.646875 0.617745 0.482143 -0.000979582 0.00212284 -0.000163235
123.14 0.646861 0.617833 0.482148 -0.000368352 0.00218751 0.000120445
123.16 0.646887 0.617929 0.482168 0.000658067 0.00239243 0.000498124
123.18 0.646948 0.618035 0.482205 0.00152242 0.00267262 0.000932525
123.2 0.647022 0.618151 0.482262 0.00186289 0.00287982 0.00143847
123.22 0.64709 0.618265 0.482341 0.001682 0.00284575 0.00195133
123.24 0.64714 0.618364 0.482431 0.0012712 0.00247794 0.0022605
123.26 0.64718 0.618437 0.482516 0.000996939 0.00184068 0.00211485
123.28 0.647222 0.618484 0.482573 0.00105175 0.00116829 0.00143463
123.3 0.647276 0.618516 0.482591 0.00134482 0.000788883 0.000458911
123.32 0.647341 0.618554 0.482579 0.00162183 0.000958573 -0.000318693
123.34 0.647409 0.618621 0.482562 0.00169984 0.00167163 -0.00040282
123.36 0.647473 0.618725 0.482579 0.00160909 0.00261486 0.000414723
123.38 0.647534 0.618859 0.482655 0.00152547 0.0033355 0.00190054
123.4 0.647597 0.618999 0.482793 0.00156553 0.00349486 0.00345938
123.42 0.647663 0.61912 0.48297 0.00165466 0.00303585 0.0044143
123.44 0.647727 0.619207 0.483144 0.00159374 0.00218733 0.00433896
123.46 0.647778 0.61926 0.483274 0.00126357 0.00132441 0.00327116
123.48 0.647809 0.619291 0.483342 0.000780193 0.000762731 0.00170001
123.5 0.647826 0.619316 0.483356 0.000437833 0.000613717 0.00033016
123.52 0.647846 0.619346 0.483345 0.000485409 0.000773317 -0.000268649
123.54 0.647883 0.619387 0.483347 0.000939675 0.00100977 5.69183e-05
123.56 0.647946 0.619431 0.483387 0.00156599 0.00109696 0.00100187
123.58 0.648027 0.619469 0.483468 0.00202501 0.000955587 0.00201051
123.6 0.64811 0.619497 0.483571 0.00208235 0.000690703 0.00258451
123.62 0.64818 0.619516 0.483671 0.00174144 0.000473399 0.00250247
123.64 0.648229 0.619531 0.483745 0.00123001 0.000396784 0.00185703
123.66 0.648263 0.619549 0.483783 0.000852966 0.000446281 0.000937049
123.68 0.648295 0.619572 0.483785 0.000796574 0.000559763 4.49243e-05
123.7 0.648336 0.619599 0.48376 0.00102847 0.000681023 -0.000627117
123.72 0.648391 0.61963 0.483719 0.00137249 0.000776924 -0.0010078
123.74 0.648459 0.619664 0.483676 0.00169194 0.000845455 -0.0010843
123.76 0.648539 0.6197 0.483642 0.00199606 0.000914049 -0.000853329
123.78 0.648634 0.619741 0.483628 0.00237964 0.00100973 -0.000343489
123.8 0.648749 0.619786 0.483641 0.00287084 0.00112979 0.000322326
123.82 0.648882 0.619835 0.483678 0.00333435 0.00123596 0.000920052
123.84 0.649024 0.619887 0.483726 0.00354345 0.00129362 0.00120056
123.86 0.649159 0.619942 0.483766 0.00337225 0.00136203 0.000997737
123.88 0.649277 0.620006 0.483779 0.00294756 0.00162177 0.000332872
123.9 0.649381 0.620095 0.483758 0.00261839 0.0022225 -0.000529469
123.92 0.64949 0.620218 0.483711 0.00272092 0.00306826 -0.00117105
123.94 0.649622 0.62037 0.483661 0.00330489 0.00379066 -0.00125977
123.96 0.649785 0.620529 0.483631 0.00407811 0.00398384 -0.000750747
123.98 0.649971 0.62067 0.483635 0.00463358 0.00351714 0.000114192
124 0.65016 0.620776 0.483674 0.00473113 0.00265408 0.000966509
124.02 0.650337 0.620852 0.483734 0.00441736 0.00189816 0.00151409
124.04 0.650495 0.620919 0.483802 0.00394936 0.00168822 0.00168863
124.06 0.650639 0.621004 0.483867 0.00360597 0.00211702 0.0016347
124.08 0.650779 0.621118 0.48393 0.00349856 0.00286157 0.00155672
124.1 0.65092 0.621256 0.483992 0.00352386 0.00343132 0.00156963
124.12 0.651061 0.621397 0.484059 0.00352331 0.00354339 0.0016752
124.14 0.6512 0.621529 0.484132 0.00347525 0.00328719 0.00181505
124.16 0.65134 0.621648 0.484208 0.00351624 0.00298395 0.00190115
124.18 0.651491 0.621765 0.484282 0.00376397 0.00290783 0.00183964
124.2 0.651656 0.621888 0.484345 0.00413198 0.00309613 0.00159863
124.22 0.65183 0.622023 0.484396 0.00435054 0.00335252 0.00125951
124.24 0.651997 0.622159 0.484435 0.00417469 0.00341678 0.000969874
124.26 0.652141 0.622286 0.484469 0.00358786 0.00317581 0.000846164
124.28 0.652255 0.622396 0.484505 0.00284527 0.00275129 0.000914895
124.3 0.652348 0.622492 0.48455 0.00232601 0.00239839 0.00112491
124.32 0.652439 0.622585 0.484606 0.00228293 0.00232406 0.00139776
124.34 0.652545 0.622688 0.484673 0.00264301 0.00256591 0.00166922
124.36 0.652666 0.622808 0.484749 0.00302146 0.00299513 0.00190389
124.38 0.652786 0.622945 0.484833 0.00300467 0.00342323 0.00209068
124.4 0.652886 0.623093 0.484922 0.00249972 0.00371233 0.00222542
124.42 0.652958 0.623245 0.485013 0.00180821 0.00381003 0.00227396
124.44 0.653012 0.623394 0.485098 0.00135071 0.00371593 0.00214473
124.46 0.653066 0.623533 0.485168 0.00134396 0.00346358 0.00173218
124.48 0.653134 0.623658 0.485209 0.00170622 0.0031335 0.00102296
124.5 0.653221 0.623771 0.485216 0.00216852 0.00282133 0.000176767
124.52 0.653319 0.623875 0.485195 0.00244884 0.00259235 -0.000503647
124.54 0.653415 0.623974 0.485166 0.00239897 0.00249508 -0.000727245
124.56 0.653497 0.624077 0.48515 0.00206364 0.0025682 -0.00041107
124.58 0.653562 0.624189 0.485159 0.00162526 0.00279765 0.000236201
124.6 0.653614 0.624312 0.485193 0.00128305 0.0030837 0.000832175
124.62 0.653659 0.624443 0.485236 0.00114431 0.00327396 0.00107175
124.64 0.653707 0.624573 0.485272 0.00118396 0.00324953 0.000916351
124.66 0.653758 0.624693 0.485295 0.00127879 0.00298957 0.000562924
124.68 0.65381 0.624795 0.485305 0.00129347 0.00255475 0.000248504
124.7 0.653856 0.624876 0.485308 0.00116169 0.00202451 7.68131e-05
124.72 0.653894 0.624935 0.485307 0.000935296 0.00147544 -8.86498e-06
124.74 0.653924 0.624976 0.485302 0.000765452 0.00102295 -0.000145797
124.76 0.653956 0.625009 0.485284 0.000800657 0.000837012 -0.000428507
124.78 0.653999 0.625051 0.485253 0.00107328 0.00103397 -0.00079533
124.8 0.654058 0.625112 0.485212 0.00146287 0.00154031 -0.00101573
124.82 0.654129 0.625197 0.485179 0.00178227 0.00210825 -0.000830549
124.84 0.654204 0.625296 0.485172 0.00188645 0.00247376 -0.000156745
124.86 0.654273 0.625395 0.485205 0.00172874 0.00249182 0.000823694
124.88 0.654328 0.625482 0.485276 0.00136897 0.00217505 0.00175875
124.9 0.654366 0.62555 0.485368 0.000948121 0.00168952 0.00231407
124.92 0.654392 0.625601 0.485462 0.00063773 0.0012876 0.00234009
124.94 0.654414 0.625647 0.485539 0.000565918 0.00112615 0.00193129
124.96 0.654445 0.625692 0.485593 0.000775536 0.00114001 0.00134871
124.98 0.654494 0.625737 0.485627 0.00122446 0.00112858 0.000855738
125 0.654566 0.625775 0.485651 0.00178852 0.000954908 0.000593593
125.02 0.654657 0.625802 0.485674 0.00227906 0.00066708 0.000569755
125.04 0.654758 0.625821 0.485703 0.00251623 0.000460104 0.000717236
125.06 0.654855 0.625842 0.485741 0.00242901 0.000527372 0.000971449
125.08 0.654939 0.625878 0.485795 0.00209886 0.000915597 0.00133017
125.1 0.655007 0.625937 0.485868 0.00171004 0.00147695 0.00183698
125.12 0.655065 0.626015 0.485967 0.00143713 0.00194278 0.00247827
125.14 0.655119 0.626098 0.486091 0.00135156 0.00206228 0.00310234
125.16 0.655176 0.626167 0.48623 0.00142875 0.00173911 0.0034627
125.18 0.65524 0.626211 0.486364 0.00160174 0.00110027 0.00335682
125.2 0.655312 0.626229 0.486474 0.00179718 0.000454306 0.00274736
125.22 0.655391 0.626235 0.486546 0.00196763 0.000135367 0.0017981
125.24 0.655476 0.626247 0.486579 0.00212822 0.000299602 0.000815455
125.26 0.65557 0.626279 0.486583 0.00234594 0.000812857 0.000118985
125.28 0.655676 0.626332 0.486579 0.00265889 0.00133141 -0.000106468
125.3 0.655795 0.626394 0.486584 0.00298928 0.00153669 0.000111705
125.32 0.655922 0.626448 0.486607 0.0031622 0.00135835 0.000591576
125.34 0.656044 0.626488 0.486653 0.00306226 0.000992448 0.00113815
125.36 0.656155 0.626516 0.486718 0.0027588 0.000712693 0.00163242
125.38 0.656254 0.626544 0.486798 0.0024716 0.000679796 0.00200507
125.4 0.65635 0.62658 0.486885 0.00240901 0.000898888 0.0021769
125.42 0.656454 0.626631 0.486968 0.00259732 0.00128165 0.00206147
125.44 0.656567 0.626699 0.487032 0.00283731 0.00171201 0.00161781
125.46 0.656681 0.626782 0.487068 0.00283201 0.00207583 0.000890183
125.48 0.656778 0.626874 0.487069 0.00243262 0.00228143 2.20861e-05
125.5 0.656851 0.626966 0.487039 0.00182166 0.00229915 -0.00075892
125.52 0.656908 0.627053 0.48699 0.00142781 0.00219264 -0.00122131
125.54 0.656972 0.627137 0.486939 0.0016054 0.00209255 -0.00126413
125.56 0.657065 0.627222 0.486899 0.00232187 0.00211781 -0.00100108
125.58 0.65719 0.627314 0.486871 0.00311783 0.00229816 -0.000693893
125.6 0.657326 0.627415 0.486849 0.00341212 0.00254388 -0.000572085
125.62 0.657443 0.627523 0.486822 0.00292524 0.00269015 -0.000672173
125.64 0.657519 0.627628 0.486789 0.00189247 0.00261282 -0.000817129
125.66 0.657556 0.627721 0.486759 0.000915655 0.00234664 -0.00075472
125.68 0.657579 0.627805 0.486745 0.000581843 0.00210208 -0.000346043
125.7 0.657623 0.62789 0.486758 0.00109811 0.00211858 0.000331117
125.72 0.65771 0.627989 0.486799 0.0021773 0.0024639 0.00102309
125.74 0.65784 0.628107 0.486857 0.00326022 0.00296271 0.00144048
125.76 0.657996 0.628241 0.486913 0.00388166 0.00333562 0.00142003
125.78 0.658152 0.628378 0.486954 0.00390214 0.00342749 0.00102037
125.8 0.658292 0.62851 0.486974 0.00350597 0.00329381 0.000493887
125.82 0.658413 0.628634 0.48698 0.00303846 0.00310122 0.000156593
125.84 0.658525 0.628753 0.486989 0.00277837 0.00299572 0.000227806
125.86 0.658635 0.628875 0.487018 0.00277216 0.00304571 0.000723484
125.88 0.65875 0.629005 0.487076 0.00286753 0.00323164 0.00145011
125.9 0.658866 0.629143 0.487161 0.00290668 0.00347151 0.00210724
125.92 0.658981 0.629291 0.487259 0.00286076 0.00368713 0.00245778
125.94 0.659093 0.629445 0.487358 0.0027979 0.00386425 0.00247323
125.96 0.659205 0.629607 0.487452 0.00279943 0.00403273 0.0023523
125.98 0.659322 0.629774 0.487547 0.00292223 0.00418045 0.00238624
126 0.659449 0.629944 0.487657 0.00318977 0.00424256 0.00274249
126.02 0.659592 0.630111 0.487789 0.00356883 0.00417784 0.00330339
126.04 0.659749 0.630271 0.487938 0.00393543 0.00400016 0.00370632
126.06 0.659913 0.630421 0.488081 0.00408934 0.00375467 0.00359621
126.08 0.660067 0.630561 0.488197 0.00384869 0.00350836 0.00289047
126.1 0.660194 0.630695 0.488271 0.00318002 0.00333167 0.00184967
126.12 0.660285 0.630825 0.488308 0.00227441 0.00325482 0.000922531
126.14 0.660344 0.630955 0.488327 0.00147857 0.00325658 0.000465596
126.16 0.660389 0.631088 0.488347 0.00112345 0.00331608 0.000523807
126.18 0.660444 0.631225 0.488381 0.0013643 0.00344039 0.000836001
126.2 0.660528 0.631369 0.488423 0.00209963 0.00359844 0.00105399
126.22 0.660648 0.631515 0.488462 0.00300265 0.00364233 0.000979527
126.24 0.660794 0.631649 0.488488 0.00366607 0.00334579 0.000636816
126.26 0.660946 0.631752 0.488495 0.00377933 0.00258372 0.000190211
126.28 0.661076 0.631812 0.488488 0.00324789 0.00150403 -0.000181294
126.3 0.661165 0.631833 0.488473 0.0022356 0.000517269 -0.000371414
126.32 0.661209 0.631836 0.488458 0.00110218 7.19081e-05 -0.00036952
126.34 0.661219 0.631851 0.48845 0.000238497 0.000370434 -0.000212521
126.36 0.661215 0.6319 0.488453 -9.07195e-05 0.00122948 6.94287e-05
126.38 0.661222 0.631986 0.48847 0.000183101 0.00215232 0.000434726
126.4 0.66126 0.632089 0.488501 0.000944846 0.00258219 0.000780644
126.42 0.661337 0.632178 0.488539 0.00191114 0.00222309 0.000932213
126.44 0.661444 0.632227 0.488568 0.00268254 0.00122467 0.000721967
126.46 0.66156 0.632231 0.488573 0.00289592 9.06022e-05 0.00014374
126.48 0.661657 0.632207 0.488551 0.00242892 -0.000597657 -0.000549087
126.5 0.661716 0.632188 0.488513 0.00147747 -0.000480808 -0.000964474
126.52 0.661733 0.632203 0.488479 0.000433903 0.00037495 -0.000843519
126.54 0.661721 0.632263 0.48847 -0.000310017 0.00150742 -0.000212941
126.56 0.6617 0.632356 0.488497 -0.000530046 0.00233485 0.000670757
126.58 0.66169 0.632456 0.488556 -0.000244925 0.00248747 0.00146327
126.6 0.661704 0.632535 0.488631 0.000354937 0.00197676 0.00188029
126.62 0.661746 0.63258 0.488704 0.00104329 0.00112601 0.00182368
126.64 0.661811 0.632594 0.488761 0.00163605 0.000347083 0.00142145
126.66 0.661892 0.632591 0.488798 0.0020183 -7.44279e-05 0.000937873
126.68 0.661978 0.632589 0.488823 0.00214486 -5.70743e-05 0.00061869
126.7 0.662059 0.632601 0.488846 0.00202566 0.000321446 0.000581893
126.72 0.662128 0.632637 0.488879 0.00172481 0.000884487 0.000812348
126.74 0.662182 0.632693 0.488928 0.00136011 0.00141275 0.00121844
126.76 0.662225 0.632762 0.488995 0.00107068 0.00172158 0.00168142
126.78 0.662264 0.632831 0.489078 0.000968028 0.00173112 0.00207157
126.8 0.662308 0.632891 0.489168 0.00111321 0.00149583 0.00225628
126.82 0.662368 0.632938 0.489254 0.00150468 0.0011719 0.00214084
126.84 0.66245 0.632975 0.489323 0.00204019 0.000926318 0.00173662
126.86 0.662551 0.633009 0.489371 0.00252132 0.000855557 0.00120398
126.88 0.662661 0.633048 0.489403 0.00276341 0.000970254 0.000800111
126.9 0.66277 0.633097 0.489433 0.00272448 0.0012181 0.000737784
126.92 0.662871 0.633157 0.489475 0.0025188 0.0015104 0.00105344
126.94 0.662963 0.633228 0.489538 0.0023065 0.00176163 0.00158776
126.96 0.663051 0.633305 0.489621 0.0021836 0.00191794 0.00206509
126.98 0.663138 0.633382 0.48971 0.00217308 0.00193932 0.00221943
127 0.663228 0.633454 0.489787 0.00226378 0.00179591 0.00193561
127.02 0.663325 0.633515 0.48984 0.00241041 0.00151928 0.00132362
127.04 0.663426 0.633563 0.489867 0.00252203 0.00120849 0.000664958
127.06 0.663527 0.633601 0.489877 0.00252859 0.000958294 0.000252443
127.08 0.663626 0.633634 0.489886 0.0024862 0.000821278 0.000230706
127.1 0.663728 0.633668 0.489908 0.00255472 0.000840067 0.000536099
127.12 0.663842 0.63371 0.489946 0.00283745 0.00104743 0.000968995
127.14 0.663972 0.633766 0.489999 0.00326286 0.00140916 0.00132666
127.16 0.664117 0.633838 0.490059 0.00362466 0.00180847 0.00148625
127.18 0.664265 0.633922 0.490116 0.00370291 0.00210066 0.00141788
127.2 0.664401 0.634009 0.490162 0.00337632 0.00216873 0.00116499
127.22 0.664509 0.634087 0.490195 0.00271165 0.00195228 0.000814066
127.24 0.664588 0.634147 0.490213 0.00198069 0.00148836 0.000468501
127.26 0.66465 0.634185 0.490222 0.00155277 0.000959656 0.00021351
127.28 0.664717 0.634211 0.490225 0.00167884 0.000657036 7.42346e-05
127.3 0.66481 0.634244 0.490225 0.00230083 0.000812708 4.67689e-07
127.32 0.664932 0.634301 0.490221 0.00306459 0.00142008 -9.03756e-05
127.34 0.665074 0.634389 0.490212 0.00355967 0.00219933 -0.000241072
127.36 0.665219 0.634499 0.490195 0.00360116 0.00276576 -0.000405883
127.38 0.665352 0.634616 0.490177 0.00333639 0.00290232 -0.000457022
127.4 0.665476 0.634724 0.490167 0.00309717 0.00272199 -0.000256691
127.42 0.665601 0.634827 0.490177 0.00311787 0.00256204 0.000242212
127.44 0.665735 0.634935 0.490214 0.00335204 0.00270144 0.000927107
127.46 0.665875 0.635061 0.490276 0.00351508 0.00314797 0.00154903
127.48 0.666008 0.635208 0.49035 0.00330721 0.00366867 0.00185417
127.5 0.666115 0.635367 0.490419 0.0026813 0.0039764 0.00172898
127.52 0.666192 0.635523 0.490469 0.00193779 0.00391095 0.00124347
127.54 0.666253 0.635665 0.490493 0.00151279 0.00355329 0.000597065
127.56 0.666319 0.635794 0.490494 0.00164753 0.00321628 4.66121e-05
127.58 0.666408 0.635924 0.490488 0.00223427 0.00325378 -0.000167345
127.6 0.666525 0.636075 0.490491 0.00292397 0.00377655 8.08252e-05
127.62 0.66666 0.636256 0.490519 0.00337287 0.00452805 0.000710375
127.64 0.666797 0.636459 0.490577 0.00342921 0.00507199 0.00144673
127.66 0.666924 0.636663 0.490656 0.00317348 0.00510539 0.00196663
127.68 0.667037 0.636848 0.490739 0.00281932 0.00462215 0.00207714
127.7 0.667138 0.637004 0.490811 0.00253002 0.00388477 0.00179596
127.72 0.66723 0.637135 0.490863 0.00230626 0.00328411 0.00130882
127.74 0.667312 0.63726 0.490898 0.00204737 0.00311542 0.000863561
127.76 0.66738 0.637395 0.490924 0.00169141 0.00338185 0.000654248
127.78 0.667432 0.637547 0.490954 0.00129385 0.00380208 0.00075114
127.8 0.667472 0.637708 0.490998 0.00100549 0.00403306 0.00110687
127.82 0.667511 0.637865 0.491062 0.000987538 0.00391023 0.00160067
127.84 0.667563 0.638005 0.491145 0.00129226 0.00351727 0.0020719
127.86 0.667634 0.638129 0.491239 0.00177486 0.00308217 0.00233865
127.88 0.66772 0.638241 0.491329 0.00213951 0.00280385 0.00225362
127.9 0.667804 0.638349 0.491401 0.00211411 0.00271502 0.00179272
127.92 0.66787 0.638457 0.491444 0.00163467 0.00268523 0.00108184
127.94 0.667906 0.638559 0.491457 0.000904353 0.00254773 0.000332082
127.96 0.667917 0.638648 0.491447 0.000286652 0.00224433 -0.000246338
127.98 0.667921 0.638723 0.491428 9.23246e-05 0.0018701 -0.000483406
128 0.667936 0.638787 0.491417 0.000388923 0.00160089 -0.000272431
128.02 0.667975 0.638852 0.491432 0.000967233 0.00160555 0.00036552
128.04 0.668035 0.638931 0.491481 0.00148714 0.00197633 0.0012387
128.06 0.668102 0.639036 0.491563 0.00169232 0.00263607 0.00203446
128.08 0.668164 0.639167 0.49166 0.00155487 0.00328107 0.00243447
128.1 0.668215 0.639307 0.49175 0.00126337 0.00349645 0.00224092
128.12 0.668259 0.639429 0.491809 0.00108923 0.00304334 0.00148653
128.14 0.668307 0.639512 0.491828 0.00122032 0.00207271 0.000470962
128.16 0.668373 0.639555 0.491814 0.00163716 0.00107712 -0.000355335
128.18 0.668457 0.639579 0.491789 0.0021084 0.000604604 -0.000626846
128.2 0.668551 0.639616 0.491778 0.00234436 0.000915772 -0.000252475
128.22 0.66864 0.639688 0.491801 0.00221648 0.00180168 0.000554101
128.24 0.668714 0.639796 0.491856 0.00186597 0.00269843 0.0013791
128.26 0.668778 0.639917 0.491927 0.00159836 0.00303978 0.0017907
128.28 0.668844 0.640022 0.49199 0.00163745 0.00261043 0.00155595
128.3 0.668922 0.640089 0.492022 0.00196474 0.00167534 0.000802023
128.32 0.669017 0.64012 0.492021 0.00236854 0.000790034 -1.08231e-05
128.34 0.669122 0.640138 0.492007 0.00262939 0.00043057 -0.000361212
128.36 0.669229 0.640166 0.492006 0.00266328 0.000706142 -9.68137e-06
128.38 0.66933 0.640218 0.492041 0.0025214 0.00131137 0.000856554
128.4 0.669421 0.640287 0.492111 0.00228528 0.00172018 0.00175254
128.42 0.6695 0.640348 0.492198 0.00198458 0.0015221 0.00217531
128.44 0.669566 0.640376 0.492273 0.00163983 0.000699539 0.00187161
128.46 0.66962 0.640361 0.492311 0.00134447 -0.000363265 0.000960171
128.48 0.669669 0.640315 0.492305 0.00123366 -0.00115594 -0.000162258
128.5 0.669724 0.64026 0.492263 0.00136727 -0.00137289 -0.00105039
128.52 0.669791 0.640218 0.492206 0.00167194 -0.00106184 -0.00140701
128.54 0.66987 0.640196 0.49216 0.00198324 -0.000536597 -0.00115518
128.56 0.669956 0.64019 0.492144 0.00215909 -0.000144628 -0.000409013
128.58 0.670044 0.640188 0.492168 0.00218341 -5.08705e-05 0.000606837
128.6 0.67013 0.640181 0.492233 0.00216851 -0.000181548 0.00163549
128.62 0.670221 0.640167 0.492331 0.00225488 -0.000343945 0.00243236
128.64 0.67032 0.640151 0.492443 0.00248342 -0.000419871 0.0028034
128.66 0.670431 0.640132 0.49255 0.002766 -0.000454875 0.00266982
128.68 0.670549 0.640111 0.492635 0.00296556 -0.000542582 0.00212
128.7 0.670669 0.640084 0.49269 0.00299576 -0.000666172 0.00138053
128.72 0.670785 0.640056 0.492719 0.00288853 -0.000692692 0.000732909
128.74 0.670896 0.640037 0.492736 0.00279434 -0.000490199 0.000421369
128.76 0.671012 0.640036 0.492757 0.00289274 -2.46874e-05 0.000535861
128.78 0.671143 0.640061 0.492795 0.0032775 0.000629477 0.000930983
128.8 0.671298 0.640114 0.492847 0.00387141 0.0013214 0.00130006
128.82 0.671476 0.640189 0.492902 0.00443727 0.00187907 0.00139457
128.84 0.671664 0.640277 0.492951 0.00470793 0.00219048 0.00121543
128.86 0.671846 0.640367 0.492991 0.00455737 0.00226336 0.00101298
128.88 0.672009 0.640456 0.493035 0.00408191 0.00222268 0.0010937
128.9 0.67215 0.640546 0.493098 0.00351342 0.0022399 0.00157971
128.92 0.672272 0.640643 0.49319 0.00305758 0.00244426 0.00229502
128.94 0.672385 0.640758 0.493305 0.00281696 0.00285384 0.0028582
128.96 0.672497 0.640893 0.493421 0.00280652 0.00338454 0.00291325
128.98 0.672616 0.64105 0.493515 0.00296979 0.00391687 0.0023365
129 0.672743 0.641222 0.493566 0.0031846 0.00431376 0.00128709
129.02 0.672876 0.641399 0.49357 0.00331797 0.00442742 0.000108908
129.04 0.673009 0.641567 0.493538 0.00332574 0.0041847 -0.000814349
129.06 0.67314 0.641714 0.49349 0.00327498 0.00369072 -0.00119917
129.08 0.67327 0.641843 0.493451 0.00323706 0.00322426 -0.000963281
129.1 0.673397 0.641966 0.493441 0.00318409 0.00308101 -0.000248543
129.12 0.673518 0.642102 0.493466 0.00302882 0.00338335 0.000623435
129.14 0.673629 0.642263 0.493517 0.00276019 0.00402758 0.00126743
129.16 0.673729 0.642453 0.493574 0.00250119 0.00476223 0.00142028
129.18 0.673825 0.642666 0.493617 0.00240565 0.00531539 0.0010837
129.2 0.673925 0.642887 0.493638 0.00251294 0.00551571 0.000509357
129.22 0.674034 0.643101 0.493639 0.00270573 0.0053622 3.61712e-05
129.24 0.674145 0.643301 0.493635 0.00277722 0.0049926 -0.000100025
129.26 0.674248 0.643484 0.49364 0.00258075 0.00458289 0.000128156
129.28 0.674336 0.643655 0.493663 0.0021903 0.00427628 0.000568944
129.3 0.674411 0.643822 0.493703 0.00189375 0.00416264 0.00101379
129.32 0.67449 0.643992 0.493756 0.00196843 0.00426013 0.00130425
129.34 0.674587 0.644171 0.493811 0.00243421 0.00448295 0.0013752
129.36 0.674708 0.644357 0.493861 0.0030078 0.00463771 0.00125656
129.38 0.674839 0.644537 0.493903 0.00327971 0.00450942 0.00104796
129.4 0.674959 0.644698 0.493938 0.00299671 0.00402205 0.000871749
129.42 0.675049 0.644831 0.493971 0.00225169 0.00333091 0.000833343
129.44 0.675106 0.644942 0.494011 0.00143492 0.00276278 0.00101192
129.46 0.675146 0.645048 0.494069 0.000989374 0.00264644 0.00144042
129.48 0.675191 0.645171 0.494151 0.00113538 0.00309094 0.00203726
129.5 0.675261 0.645325 0.494253 0.00174696 0.0038406 0.00256746
129.52 0.675359 0.645499 0.494362 0.00245737 0.00435028 0.00272888
129.54 0.675476 0.645663 0.494456 0.0029043 0.00409037 0.00232905
129.56 0.675593 0.64578 0.494513 0.00293513 0.00292332 0.00142623
129.58 0.675698 0.645831 0.494526 0.00263396 0.00127545 0.000323007
129.6 0.675785 0.645828 0.494503 0.00217581 -5.64722e-05 -0.000575435
129.62 0.675852 0.645813 0.494465 0.00167654 -0.000377845 -0.000946695
129.64 0.6759 0.645832 0.494437 0.00119073 0.000456709 -0.000682236
129.66 0.675932 0.645909 0.494441 0.000802108 0.00193803 9.70377e-05
129.68 0.675958 0.646037 0.494485 0.000648363 0.00320664 0.00109766
129.7 0.675991 0.64618 0.494563 0.000823328 0.00355579 0.00194035
129.72 0.676041 0.646292 0.494655 0.00125641 0.00281389 0.00229911
129.74 0.676109 0.646347 0.494737 0.00169978 0.00137682 0.00205883
129.76 0.676183 0.646343 0.494792 0.00185304 -9.58409e-05 0.00137826
129.78 0.676246 0.6463 0.494816 0.00156008 -0.00108396 0.000604234
129.8 0.676284 0.646243 0.49482 0.000943591 -0.00142094 9.97216e-05
129.82 0.676296 0.646194 0.494824 0.000324378 -0.00123338 8.21298e-05
129.84 0.676296 0.646165 0.494844 -1.21793e-05 -0.00073053 0.000513068
129.86 0.676297 0.646163 0.494889 1.88066e-05 -4.71818e-05 0.00110777
129.88 0.676308 0.646191 0.494948 0.000289131 0.000711248 0.00147844
129.9 0.676331 0.646245 0.495002 0.000578536 0.00134084 0.00134905
129.92 0.676362 0.646307 0.49503 0.000756763 0.00154319 0.000721966
129.94 0.676397 0.64635 0.495026 0.000869484 0.00109508 -0.000119636
129.96 0.676438 0.646353 0.494994 0.00102777 5.41714e-05 -0.000780002
129.98 0.676487 0.646305 0.494956 0.00122919 -0.00118279 -0.000973133
130 0.676539 0.646223 0.494929 0.00131361 -0.00205275 -0.00065366
130.02 0.676584 0.646138 0.494929 0.00110636 -0.0021252 3.2989e-07
130.04 0.676608 0.646084 0.494958 0.000614217 -0.00134653 0.000724623
130.06 0.676612 0.646081 0.495012 0.000105831 -8.69832e-05 0.00132984
130.08 0.676612 0.646123 0.495082 -1.11555e-05 0.00106633 0.00175002
130.1 0.676632 0.64619 0.49516 0.000510974 0.00165672 0.00196991
130.12 0.676693 0.646254 0.495239 0.00150913 0.00160757 0.0019655
130.14 0.676792 0.646302 0.495309 0.00248864 0.00120739 0.00174292
130.16 0.676912 0.646337 0.495365 0.00300036 0.000872656 0.00139714
130.18 0.67703 0.646373 0.495408 0.00294865 0.000884782 0.00109272
130.2 0.677134 0.646423 0.495447 0.0025893 0.00125435 0.000962034
130.22 0.677226 0.646494 0.495488 0.0022935 0.00177334 0.00101853
130.24 0.677316 0.646581 0.495534 0.00225694 0.00219309 0.00116302
130.26 0.67741 0.646677 0.495584 0.00236576 0.00237798 0.00125728
130.28 0.677505 0.64677 0.495633 0.00235936 0.00232814 0.00121178
130.3 0.67759 0.646855 0.495675 0.00213973 0.00212789 0.00106119
130.32 0.677666 0.646931 0.495715 0.00189115 0.00191818 0.000985543
130.34 0.677742 0.647006 0.495763 0.0018865 0.00185732 0.00119742
130.36 0.67783 0.647087 0.495832 0.00221232 0.00203856 0.00174374
130.38 0.677938 0.647185 0.495929 0.00269911 0.00243892 0.00240842
130.4 0.678061 0.647302 0.496041 0.00306987 0.00292853 0.00281367
130.42 0.678187 0.647435 0.496147 0.003145 0.00332267 0.00263958
130.44 0.678306 0.647573 0.496219 0.00298592 0.00345903 0.00181329
130.46 0.67842 0.647704 0.496242 0.00286006 0.00327272 0.000560315
130.48 0.67854 0.647818 0.496214 0.00299897 0.00284785 -0.000701577
130.5 0.678675 0.647914 0.496152 0.00337139 0.00239316 -0.00155329
130.52 0.678823 0.647999 0.496081 0.00369967 0.00212677 -0.00175325
130.54 0.678971 0.648086 0.496028 0.00368801 0.00216991 -0.00132579
130.56 0.679102 0.648187 0.496007 0.00327346 0.00252277 -0.000532287
130.58 0.67921 0.64831 0.496018 0.00270215 0.00307385 0.000265792
130.6 0.679304 0.648454 0.496049 0.00235712 0.00362035 0.000789612
130.62 0.679403 0.648612 0.496088 0.00248361 0.00394088 0.000955146
130.64 0.679526 0.648768 0.496122 0.00306066 0.00390996 0.000861946
130.66 0.679681 0.648911 0.49615 0.00387037 0.00357215 0.00068966
130.68 0.679866 0.649035 0.496173 0.00463648 0.00310292 0.000576532
130.7 0.680071 0.649143 0.496195 0.00513401 0.00269069 0.000563666
130.72 0.68028 0.649241 0.49622 0.00522093 0.00244536 0.000620697
130.74 0.680474 0.649337 0.496248 0.00483417 0.00240772 0.000693987
130.76 0.680635 0.64944 0.496278 0.00403124 0.0025807 0.00074553
130.78 0.680756 0.649557 0.496309 0.00303833 0.00291359 0.000783759
130.8 0.680844 0.64969 0.496344 0.00220011 0.00331741 0.000871662
130.82 0.680918 0.649838 0.496387 0.00183004 0.00371149 0.00108018
130.84 0.681 0.649998 0.496443 0.00205051 0.00400135 0.00139301
130.86 0.681108 0.650161 0.496509 0.0027014 0.00406029 0.0016571
130.88 0.681243 0.650313 0.496576 0.0033785 0.00380841 0.00167659
130.9 0.681389 0.650445 0.496632 0.00364386 0.00330673 0.00139682
130.92 0.681521 0.650555 0.496672 0.00331442 0.002756 0.000992962
130.94 0.681625 0.650651 0.496702 0.00259252 0.00239031 0.000764743
130.96 0.681701 0.650745 0.49674 0.00191164 0.00233995 0.000930136
130.98 0.681766 0.650846 0.496799 0.00162676 0.00253663 0.00148036
131 0.681838 0.650956 0.496886 0.00178181 0.00275259 0.00218169
131.02 0.681922 0.651067 0.496994 0.00211604 0.00278083 0.00270169
131.04 0.682014 0.651172 0.497106 0.00229332 0.00260327 0.00278821
131.06 0.682101 0.651267 0.497201 0.00217152 0.00237907 0.0023898
131.08 0.682176 0.651358 0.497268 0.00188703 0.00229309 0.00165972
131.1 0.682244 0.651455 0.497302 0.00169349 0.00240986 0.000855168
131.12 0.682314 0.65156 0.49731 0.00173734 0.00262744 0.000215315
131.14 0.682392 0.65167 0.497306 0.00197075 0.00275986 -0.000105018
131.16 0.68248 0.651778 0.497303 0.00219465 0.00269649 -6.90051e-05
131.18 0.682568 0.651878 0.497312 0.00218604 0.00248618 0.000224868
131.2 0.682643 0.651968 0.497336 0.0018766 0.00225711 0.000583861
131.22 0.6827 0.652051 0.497369 0.00143884 0.00207888 0.000819191
131.24 0.682746 0.652127 0.497402 0.00115295 0.00190083 0.000843652
131.26 0.682793 0.652192 0.497431 0.00116365 0.00161516 0.000714393
131.28 0.682847 0.652239 0.497454 0.00136183 0.00118624 0.000586556
131.3 0.682907 0.652269 0.497478 0.00147888 0.000736881 0.000586061
131.32 0.682959 0.652288 0.497505 0.00131247 0.000486378 0.000690643
131.34 0.682996 0.652311 0.497535 0.000911721 0.000569153 0.000741787
131.36 0.683018 0.652347 0.497559 0.000561728 0.000906608 0.000590168
131.38 0.68304 0.652397 0.497568 0.000559546 0.00123493 0.00022245
131.4 0.683079 0.652447 0.497559 0.000968955 0.00126214 -0.000226674
131.42 0.683142 0.652482 0.497536 0.00156622 0.000868418 -0.00055492
131.44 0.683222 0.65249 0.497512 0.00201037 0.000214802 -0.000603806
131.46 0.683306 0.652476 0.497499 0.0020816 -0.00034633 -0.000338701
131.48 0.683378 0.652457 0.497504 0.00180862 -0.000496355 0.000127928
131.5 0.683435 0.652451 0.497527 0.00142842 -0.000142874 0.000590629
131.52 0.683484 0.652472 0.497562 0.00121429 0.000528698 0.000869343
131.54 0.683535 0.652519 0.497599 0.0012763 0.00116727 0.000914117
131.56 0.683594 0.652578 0.497632 0.00149289 0.00147638 0.000827497
131.58 0.68366 0.652634 0.497664 0.00163412 0.0013979 0.000793169
131.6 0.683722 0.652678 0.497701 0.00156261 0.00111239 0.00094613
131.62 0.683776 0.652713 0.497752 0.00134941 0.000879157 0.00127363
131.64 0.683825 0.652748 0.497817 0.00121235 0.000863001 0.00161534
131.66 0.683878 0.652791 0.497887 0.0013357 0.00107607 0.0017645
131.68 0.683947 0.652849 0.497952 0.00172243 0.0014456 0.00160021
131.7 0.684035 0.652925 0.497998 0.00220544 0.00190643 0.00115848
131.72 0.684139 0.653021 0.498022 0.00259231 0.00239713 0.000610122
131.74 0.68425 0.653132 0.498029 0.00278222 0.00277603 0.000170708
131.76 0.684361 0.653246 0.498029 0.00277423 0.0028446 2.30886e-06
131.78 0.684466 0.653347 0.498036 0.00262433 0.00253145 0.000162899
131.8 0.684563 0.653428 0.49806 0.00241519 0.00201709 0.000609652
131.82 0.684652 0.653493 0.498109 0.00223467 0.00162185 0.00122722
131.84 0.684738 0.653555 0.498184 0.00213393 0.00155602 0.0018619
131.86 0.684822 0.653626 0.498278 0.00211038 0.00177025 0.00236485
131.88 0.684908 0.653707 0.498384 0.0021496 0.00202482 0.00263337
131.9 0.684998 0.653791 0.498489 0.00224186 0.00210625 0.00262905
131.92 0.685091 0.653871 0.498584 0.0023477 0.00200507 0.00238045
131.94 0.685187 0.653947 0.498663 0.00239876 0.00190088 0.00197319
131.96 0.685282 0.654026 0.498724 0.00236035 0.00198465 0.00151598
131.98 0.685374 0.654117 0.498767 0.0022981 0.002263 0.00108036
132 0.685468 0.654218 0.498794 0.00235603 0.00251588 0.000670778
132.02 0.685574 0.654317 0.498805 0.00263698 0.00248609 0.000276381
132.04 0.685697 0.654403 0.498803 0.00309705 0.00214491 -3.34391e-05
132.06 0.685839 0.654474 0.4988 0.00354251 0.00177304 -8.52099e-05
132.08 0.685988 0.654544 0.49881 0.00372508 0.00175642 0.000258732
132.1 0.686127 0.654634 0.498846 0.00348494 0.00225226 0.000904436
132.12 0.686242 0.654755 0.498907 0.00286867 0.00301141 0.00151317
132.14 0.686329 0.654896 0.498976 0.00216169 0.00353847 0.00172535
132.16 0.6864 0.655035 0.499033 0.00177675 0.00346224 0.00141545
132.18 0.686479 0.655147 0.499063 0.00198505 0.00281271 0.000757028
132.2 0.686586 0.655227 0.499065 0.00267405 0.00200441 6.51859e-05
132.22 0.686721 0.65529 0.499049 0.0033832 0.00157938 -0.000419769
132.24 0.686866 0.655365 0.499023 0.00361845 0.00186818 -0.000633364
132.26 0.686994 0.655476 0.498998 0.00319479 0.00275988 -0.000636778
132.28 0.687088 0.655626 0.498977 0.00236082 0.00375276 -0.000517434
132.3 0.687153 0.655796 0.498963 0.0016198 0.00426854 -0.000351639
132.32 0.687209 0.655957 0.498954 0.00138387 0.00401949 -0.000218154
132.34 0.687277 0.656084 0.498947 0.00171721 0.00317757 -0.000181509
132.36 0.68737 0.656174 0.498937 0.0023144 0.00224181 -0.000255194
132.38 0.687479 0.656243 0.498922 0.00271923 0.0017309 -0.000373435
132.4 0.687585 0.656319 0.498906 0.00265147 0.00188605 -0.000394748
132.42 0.687673 0.656421 0.498899 0.00220201 0.00254559 -0.000168698
132.44 0.687743 0.656552 0.498913 0.00175092 0.00327832 0.000338641
132.46 0.68781 0.656699 0.498951 0.00167073 0.00368948 0.000956894
132.48 0.687891 0.656846 0.499006 0.0020363 0.00367659 0.001379
132.5 0.687993 0.656984 0.499061 0.00255942 0.0034502 0.00137693
132.52 0.688105 0.657117 0.499101 0.00279614 0.00331668 0.000988738
132.54 0.688206 0.657254 0.499122 0.0025064 0.00343442 0.000513032
132.56 0.688281 0.657404 0.499134 0.00189316 0.00372978 0.00032049
132.58 0.68834 0.657563 0.49916 0.00146382 0.00398922 0.000642337
132.6 0.688404 0.657723 0.499219 0.00160094 0.00400886 0.00146817
132.62 0.688493 0.657871 0.49932 0.00223464 0.00368749 0.00253313
132.64 0.688609 0.657994 0.499457 0.0028889 0.00307652 0.00341521
132.66 0.68873 0.658089 0.499607 0.00303894 0.00238649 0.00374986
132.68 0.68883 0.658165 0.499743 0.00250354 0.00188226 0.00340945
132.7 0.688893 0.658234 0.499844 0.00157246 0.00172423 0.00252556
132.72 0.688924 0.658309 0.4999 0.000771975 0.00188291 0.00140657
132.74 0.688944 0.658396 0.499918 0.000484061 0.00216836 0.000429501
132.76 0.688973 0.658489 0.499913 0.000735352 0.00232252 -0.000110405
132.78 0.689023 0.658574 0.499908 0.00125235 0.00213852 -0.000131279
132.8 0.68909 0.658637 0.499918 0.00166966 0.00157173 0.000242884
132.82 0.68916 0.658668 0.49995 0.00176276 0.000776311 0.00080616
132.84 0.689224 0.658669 0.500005 0.0015828 2.61379e-05 0.00136992
132.86 0.689279 0.658652 0.500076 0.00138385 -0.000423547 0.00179349
132.88 0.689334 0.658634 0.500156 0.00137584 -0.00046112 0.00199163
132.9 0.689396 0.658627 0.500233 0.00154979 -0.000173719 0.00193315
132.92 0.689466 0.658635 0.500299 0.00173941 0.000196725 0.00163396
132.94 0.689538 0.65865 0.500346 0.00180756 0.000385805 0.00117534
132.96 0.689608 0.658661 0.500374 0.00175992 0.000264597 0.000717778
132.98 0.689677 0.658658 0.500392 0.00172245 -7.95026e-05 0.000449067
133 0.689751 0.658642 0.500411 0.00183808 -0.000396614 0.000472881
133.02 0.689837 0.658625 0.500441 0.00214479 -0.000427764 0.000731829
133.04 0.689938 0.658622 0.500482 0.00252426 -6.09525e-05 0.00102683
133.06 0.690049 0.658646 0.500527 0.00278668 0.000588443 0.00112109
133.08 0.690162 0.658695 0.500561 0.00281125 0.00122291 0.000873543
133.1 0.690267 0.658756 0.500575 0.0026401 0.00153845 0.000341661
133.12 0.690365 0.658813 0.500567 0.00245429 0.00141418 -0.000207831
133.14 0.690462 0.658852 0.50055 0.00242445 0.000977619 -0.000429011
133.16 0.690565 0.658872 0.500545 0.0025606 0.000512905 -0.000114119
133.18 0.690674 0.658884 0.500571 0.00272738 0.000302012 0.000645575
133.2 0.690786 0.658904 0.50063 0.00279299 0.0004963 0.00148113
133.22 0.690894 0.658946 0.500709 0.00271486 0.00103961 0.00196721
133.24 0.690995 0.659013 0.500784 0.00252794 0.00167521 0.00187592
133.26 0.691088 0.659096 0.500835 0.00232651 0.00207292 0.00127284
133.28 0.691178 0.659177 0.500852 0.00223176 0.00202719 0.000432734
133.3 0.69127 0.659241 0.500839 0.00232077 0.00159518 -0.000326934
133.32 0.691374 0.659283 0.500807 0.00258662 0.00106123 -0.000790936
133.34 0.691492 0.659313 0.500771 0.0029442 0.00075012 -0.000910226
133.36 0.691621 0.659347 0.50074 0.00323011 0.000843177 -0.000766681
133.38 0.691751 0.659398 0.500721 0.00325717 0.00128132 -0.000472848
133.4 0.69187 0.65947 0.500717 0.00296383 0.00180001 -0.000110281
133.42 0.69197 0.659554 0.500727 0.00249778 0.00210217 0.000259869
133.44 0.692054 0.659636 0.50075 0.00210928 0.00205094 0.000573
133.46 0.692134 0.659707 0.500781 0.00199016 0.00177692 0.000766723
133.48 0.692222 0.659771 0.500813 0.00220106 0.00159868 0.000812308
133.5 0.692328 0.659842 0.500843 0.00265014 0.00176286 0.000750563
133.52 0.692452 0.659931 0.500872 0.00311776 0.00224256 0.00070972
133.54 0.692587 0.660043 0.500906 0.00336866 0.00277727 0.000852762
133.56 0.692719 0.660166 0.500956 0.00329673 0.00307864 0.00124067
133.58 0.692837 0.660286 0.501025 0.00296194 0.00300494 0.0017234
133.6 0.692938 0.660391 0.501104 0.00250482 0.00262786 0.00199208
133.62 0.693021 0.66048 0.501176 0.0020754 0.00221688 0.00179715
133.64 0.693093 0.660564 0.501224 0.00181408 0.0021143 0.00119091
133.66 0.693166 0.660665 0.501247 0.00181396 0.00251517 0.000578646
133.68 0.693248 0.660796 0.501266 0.00205601 0.00327979 0.00047202
133.7 0.693343 0.660955 0.501309 0.00237842 0.00396285 0.00109162
133.72 0.693445 0.661119 0.501395 0.00254848 0.00411783 0.00214198
133.74 0.693542 0.661265 0.501514 0.00241198 0.00363663 0.00298038
133.76 0.693622 0.661377 0.501637 0.00200468 0.00281819 0.00306832
133.78 0.693683 0.661463 0.501731 0.00152887 0.00214102 0.00234312
133.8 0.693731 0.661541 0.501781 0.00120988 0.00194828 0.00124376
133.82 0.693776 0.661632 0.501796 0.00112392 0.00227041 0.000388853
133.84 0.693821 0.661747 0.501802 0.00113209 0.00287641 0.000155296
133.86 0.693861 0.661886 0.501821 0.000991887 0.00348344 0.000473346
133.88 0.693884 0.662044 0.50186 0.000576932 0.0039324 0.000957983
133.9 0.693886 0.662211 0.501909 3.28272e-05 0.00419735 0.00122961
133.92 0.693874 0.662384 0.501955 -0.000282542 0.00430596 0.00116628
133.94 0.693871 0.662555 0.501992 -6.92364e-05 0.00428216 0.000919379
133.96 0.693898 0.66272 0.502021 0.000656939 0.00413384 0.000721042
133.98 0.693959 0.662876 0.502048 0.00152351 0.00388601 0.000680242
134 0.694039 0.663021 0.502078 0.00200636 0.00361941 0.000748616
134.02 0.69411 0.663159 0.502111 0.00177656 0.00345222 0.000817621
134.04 0.694149 0.663297 0.502143 0.000967457 0.00345954 0.000791989
134.06 0.694154 0.66344 0.502167 0.000128202 0.00358527 0.000620296
134.08 0.694148 0.663586 0.502181 -0.000152361 0.00364847 0.000334931
134.1 0.694161 0.663726 0.502183 0.000338114 0.00349235 5.4418e-05
134.12 0.694213 0.663851 0.502179 0.00129641 0.00312446 -0.000104087
134.14 0.694299 0.663959 0.502174 0.0021377 0.00269819 -0.000113175
134.16 0.694396 0.664055 0.502174 0.00243412 0.00239024 -9.3728e-06
134.18 0.694485 0.664147 0.502182 0.00222162 0.00230518 0.000202892
134.2 0.694562 0.664245 0.502205 0.00191871 0.00245068 0.000576158
134.22 0.694639 0.664353 0.50225 0.0019403 0.00271684 0.00112581
134.24 0.694733 0.664468 0.502318 0.00235245 0.0028752 0.0017104
134.26 0.694847 0.664576 0.5024 0.00284525 0.00269933 0.00204704
134.28 0.694968 0.664661 0.502476 0.00302298 0.00212437 0.00188655
134.3 0.695078 0.664712 0.502524 0.0027462 0.00127109 0.00119433
134.32 0.695168 0.664727 0.502531 0.00225182 0.000360413 0.00019484
134.34 0.695247 0.664712 0.502502 0.00197177 -0.00036376 -0.000723735
134.36 0.695335 0.664684 0.502455 0.00219843 -0.000710625 -0.00118168
134.38 0.695449 0.664658 0.502415 0.00285231 -0.000633403 -0.00099403
134.4 0.695589 0.664648 0.502404 0.00351072 -0.00025721 -0.000284914
134.42 0.695737 0.664656 0.502426 0.00370458 0.000190731 0.000559573
134.44 0.695869 0.664675 0.50247 0.00329954 0.000485429 0.00109451
134.46 0.695974 0.664694 0.502512 0.00261658 0.000478666 0.00105586
134.48 0.69606 0.6647 0.502533 0.00214554 0.000144792 0.000504848
134.5 0.696146 0.664686 0.502524 0.00214953 -0.000362353 -0.000208637
134.52 0.696247 0.664657 0.502499 0.00252048 -0.000726756 -0.000638616
134.54 0.696363 0.664632 0.502479 0.00291154 -0.000623164 -0.000489872
134.56 0.696483 0.664634 0.502488 0.00298839 6.99875e-05 0.000213756
134.58 0.696589 0.66468 0.502534 0.00264381 0.00114569 0.00115014
134.6 0.69667 0.664767 0.50261 0.00204702 0.00215741 0.00190554
134.62 0.696731 0.664874 0.502699 0.00150261 0.00268863 0.00222625
134.64 0.69678 0.664978 0.502784 0.00123525 0.0025975 0.002133
134.66 0.696831 0.665061 0.502858 0.00126731 0.0020647 0.00183506
134.68 0.696889 0.665119 0.50292 0.00145287 0.00146632 0.00155792
134.7 0.696954 0.665166 0.502977 0.00162736 0.00117985 0.00141332
134.72 0.697024 0.665222 0.503031 0.00175283 0.00140223 0.0013689
134.74 0.697101 0.665305 0.503084 0.0019241 0.00205645 0.00131994
134.76 0.697191 0.665418 0.503132 0.00224549 0.00283605 0.00120827
134.78 0.697299 0.665554 0.503177 0.00271953 0.00339104 0.00110383
134.8 0.697428 0.665695 0.503223 0.00322068 0.00353579 0.00117283
134.82 0.69757 0.665828 0.503285 0.00354444 0.003327 0.00153819
134.84 0.697711 0.665947 0.50337 0.00352704 0.00296278 0.00213067
134.86 0.697838 0.666051 0.503477 0.0031824 0.00259909 0.00267826
134.88 0.697948 0.666142 0.503592 0.00274526 0.00228777 0.00287531
134.9 0.69805 0.666224 0.503696 0.00255074 0.00204964 0.00258145
134.92 0.698163 0.666301 0.503771 0.00280861 0.00191978 0.00189462
134.94 0.6983 0.666378 0.503814 0.00344529 0.00191788 0.00106483
134.96 0.698466 0.666458 0.503827 0.00414917 0.00201485 0.000326785
134.98 0.698649 0.666544 0.503818 0.00456369 0.00214582 -0.000216891
135 0.698828 0.666633 0.503795 0.00446946 0.00222803 -0.000591918
135.02 0.698984 0.666721 0.503761 0.00390598 0.0021888 -0.000853866
135.04 0.699111 0.666802 0.503721 0.00317315 0.00201504 -0.000984669
135.06 0.699217 0.666872 0.503686 0.00264382 0.00177325 -0.000886708
135.08 0.699318 0.666936 0.503666 0.00252831 0.00158197 -0.000493234
135.1 0.699429 0.666997 0.503671 0.00278902 0.00154291 0.000123635
135.12 0.699557 0.667064 0.503701 0.00320287 0.00166331 0.00075831
135.14 0.699697 0.667138 0.503748 0.00347542 0.00183951 0.00117673
135.16 0.699832 0.667215 0.503798 0.00338284 0.00193745 0.00124802
135.18 0.699948 0.667291 0.503839 0.00289341 0.00189755 0.00102219
135.2 0.700034 0.667361 0.503867 0.00217045 0.00176157 0.000686807
135.22 0.700093 0.667426 0.503883 0.00146273 0.00162314 0.000412523
135.24 0.700133 0.667489 0.503893 0.000998457 0.00157264 0.000235271
135.26 0.700169 0.667556 0.503896 0.00091494 0.00165667 9.46166e-05
135.28 0.700217 0.667629 0.503894 0.00119348 0.00183832 -6.07794e-05
135.3 0.700282 0.66771 0.503884 0.00162869 0.00201854 -0.000239441
135.32 0.700359 0.667795 0.503868 0.00190923 0.00212162 -0.000407535
135.34 0.70043 0.66788 0.503849 0.00179333 0.00214215 -0.000473451
135.36 0.700481 0.667966 0.503836 0.00125399 0.00213995 -0.000321709
135.38 0.7005 0.668054 0.503839 0.00048776 0.00221321 7.85177e-05
135.4 0.700492 0.668152 0.503864 -0.000189594 0.00244824 0.00062078
135.42 0.700473 0.668266 0.50391 -0.00049684 0.00284748 0.00114318
135.44 0.700459 0.668398 0.503971 -0.00032834 0.00328274 0.00152706
135.46 0.700467 0.668539 0.504039 0.00018469 0.00354135 0.00170617
135.48 0.700496 0.668678 0.504105 0.00073142 0.00346666 0.00164244
135.5 0.700536 0.668802 0.504159 0.000994371 0.00309407 0.00134144
135.52 0.70057 0.668908 0.504194 0.000855495 0.00266195 0.000888841
135.54 0.700589 0.669008 0.504212 0.00047798 0.00248418 0.000456752
135.56 0.700596 0.669118 0.504222 0.000164208 0.00275097 0.000243975
135.58 0.7006 0.669252 0.504237 0.00010982 0.00334817 0.000364803
135.6 0.700612 0.669406 0.504268 0.000286824 0.00386982 0.000774839
135.62 0.700634 0.669562 0.50432 0.000550183 0.00389672 0.00129883
135.64 0.700666 0.669695 0.504389 0.000804341 0.0033091 0.00173276
135.66 0.700708 0.669789 0.504466 0.00104647 0.00236049 0.00193671
135.68 0.70076 0.669849 0.504542 0.00131343 0.00150351 0.00188467
135.7 0.700825 0.669894 0.504608 0.00161474 0.0011309 0.001661
135.72 0.7009 0.669949 0.504664 0.00188714 0.00135894 0.00140278
135.74 0.700981 0.670027 0.504714 0.00202663 0.00195303 0.00122867
135.76 0.701061 0.670126 0.504761 0.00198529 0.00246764 0.00117882
135.78 0.701135 0.670228 0.504809 0.00184508 0.00255475 0.00121442
135.8 0.701206 0.670316 0.50486 0.00177595 0.00220703 0.00127923
135.82 0.701282 0.670385 0.504914 0.00190294 0.00171474 0.0013303
135.84 0.70137 0.67044 0.504966 0.00220709 0.0013969 0.00131199
135.86 0.701472 0.670495 0.505013 0.00254466 0.00136286 0.00116103
135.88 0.701582 0.670555 0.505048 0.00274774 0.00149457 0.000874101
135.9 0.701691 0.670619 0.50507 0.00272785 0.00160525 0.000559467
135.92 0.701792 0.670682 0.505085 0.00251853 0.00158648 0.000376686
135.94 0.701881 0.670741 0.505101 0.00224517 0.00145534 0.000399119
135.96 0.701964 0.670793 0.505122 0.00205432 0.00131816 0.000533067
135.98 0.702045 0.670844 0.505145 0.00204086 0.00127406 0.000575174
136 0.702133 0.670898 0.50516 0.00220226 0.00133098 0.000378967
136.02 0.702231 0.670955 0.505161 0.00244222 0.0014238 3.63057e-06
136.04 0.702335 0.671015 0.505148 0.00261175 0.00151397 -0.000309772
136.06 0.702439 0.67108 0.505134 0.00257903 0.00162204 -0.000351603
136.08 0.702531 0.67115 0.505128 0.00231922 0.00173905 -0.000143727
136.1 0.702609 0.67122 0.505132 0.00194731 0.00176963 8.1924e-05
136.12 0.702676 0.671285 0.505136 0.00165916 0.00161094 9.90065e-05
136.14 0.70274 0.671336 0.505132 0.00161712 0.00128071 -0.000103081
136.16 0.702814 0.671375 0.505119 0.00185382 0.000965891 -0.000307558
136.18 0.702905 0.671411 0.505109 0.00225072 0.000919438 -0.000263264
136.2 0.703009 0.671462 0.505113 0.00262293 0.00126472 0.000101403
136.22 0.703123 0.671537 0.505137 0.00283342 0.00186913 0.000610228
136.24 0.703237 0.671634 0.505176 0.00284704 0.00241997 0.000962907
136.26 0.703345 0.67174 0.505215 0.00271835 0.00265172 0.000972285
136.28 0.703447 0.671841 0.505243 0.00254058 0.00252883 0.000721064
136.3 0.703543 0.67193 0.505264 0.00240161 0.0022341 0.000505731
136.32 0.703638 0.67201 0.505288 0.00237329 0.00200348 0.00060247
136.34 0.703738 0.672089 0.505329 0.00250816 0.00195892 0.00104107
136.36 0.70385 0.67217 0.505392 0.00279237 0.00203626 0.00157498
136.38 0.703974 0.672252 0.505467 0.00310841 0.00205097 0.00187703
136.4 0.704106 0.672327 0.505539 0.00329745 0.00188341 0.00179832
136.42 0.704238 0.672392 0.505599 0.00329019 0.0016246 0.00148615
136.44 0.704365 0.672453 0.505649 0.00317925 0.00150861 0.00126435
136.46 0.70449 0.672521 0.505704 0.00313533 0.00171399 0.00135379
136.48 0.70462 0.67261 0.50577 0.00323801 0.00222798 0.00167245
136.5 0.704756 0.672725 0.505846 0.00340714 0.00285201 0.00189919
136.52 0.704896 0.672857 0.505916 0.00349128 0.00331816 0.00174253
136.54 0.705031 0.672995 0.505963 0.00338809 0.00344117 0.00117529
136.56 0.705156 0.673123 0.505981 0.0031137 0.00321233 0.000443844
136.58 0.705268 0.673234 0.505976 0.00280214 0.00276027 -0.00011757
136.6 0.705373 0.673323 0.505965 0.00262426 0.00223061 -0.000290346
136.62 0.70548 0.673392 0.505962 0.00266311 0.0017303 -6.85366e-05
136.64 0.705593 0.673447 0.505977 0.00283574 0.0013631 0.000386495
136.66 0.70571 0.673497 0.506012 0.00292616 0.00125078 0.000865438
136.68 0.70582 0.673556 0.50606 0.00274604 0.00147925 0.0012062
136.7 0.705913 0.673637 0.506112 0.00232666 0.00201539 0.0013074
136.72 0.70599 0.673743 0.506157 0.00193369 0.00266546 0.0011144
136.74 0.706064 0.673869 0.506183 0.0018487 0.00313993 0.000649416
136.76 0.706149 0.673997 0.506185 0.00212561 0.00320539 5.28106e-05
136.78 0.706251 0.67411 0.506167 0.00254023 0.00283245 -0.000442818
136.8 0.706361 0.6742 0.506142 0.00276408 0.0022408 -0.000629564
136.82 0.706466 0.67427 0.506124 0.00260728 0.00175953 -0.000450036
136.84 0.706552 0.674334 0.506124 0.00216791 0.0015936 -6.98506e-06
136.86 0.706623 0.674403 0.506145 0.00176539 0.00171165 0.000530151
136.88 0.706691 0.67448 0.506186 0.00169134 0.00194041 0.00101469
136.9 0.70677 0.674565 0.50624 0.00199126 0.00213278 0.00135914
136.92 0.706868 0.674655 0.506301 0.00243725 0.00224718 0.00152943
136.94 0.706975 0.674748 0.506362 0.00268769 0.00231289 0.00151089
136.96 0.707077 0.674842 0.506413 0.00252903 0.0023608 0.00127558
136.98 0.707158 0.674937 0.506445 0.00203254 0.00237611 0.000809571
137 0.707217 0.67503 0.506454 0.00148652 0.00230988 0.000217195
137.02 0.707264 0.675115 0.506444 0.00116489 0.0021409 -0.000245374
137.04 0.707309 0.675193 0.506432 0.00113629 0.00193441 -0.000300446
137.06 0.707359 0.675265 0.506438 0.00124704 0.00180462 0.000146515
137.08 0.70741 0.675336 0.506474 0.00127924 0.00178899 0.000912328
137.1 0.707457 0.675408 0.50654 0.00115848 0.00180019 0.00164307
137.12 0.707498 0.675478 0.506621 0.00103025 0.00172874 0.00203267
137.14 0.707543 0.67554 0.506701 0.00111682 0.00155714 0.00199498
137.16 0.707601 0.675595 0.506768 0.00146723 0.00137045 0.00166495
137.18 0.707675 0.675646 0.506817 0.00185315 0.00129017 0.00124254
137.2 0.707753 0.675702 0.506851 0.00194304 0.00139669 0.000845
137.22 0.707817 0.675769 0.506871 0.00158785 0.00165769 0.00049656
137.24 0.707854 0.675846 0.50688 0.000943394 0.00192539 0.000231312
137.26 0.707869 0.675927 0.506888 0.000370519 0.00204231 0.000181177
137.28 0.707878 0.676005 0.506908 0.000216964 0.00193593 0.000516549
137.3 0.707901 0.67607 0.506959 0.000584399 0.00164239 0.00125573
137.32 0.707951 0.676122 0.507044 0.00123771 0.00129009 0.00213051
137.34 0.708022 0.676164 0.507151 0.00177223 0.00104195 0.00268701
137.36 0.708098 0.676204 0.507254 0.00190759 0.00101248 0.00257364
137.38 0.708164 0.676252 0.507325 0.00166044 0.00119935 0.00178282
137.4 0.708216 0.676311 0.507353 0.00128713 0.00148307 0.000679065
137.42 0.708259 0.676379 0.507345 0.00107364 0.00169516 -0.000195937
137.44 0.708305 0.676448 0.507328 0.00115953 0.00170913 -0.000430395
137.46 0.708364 0.676509 0.507328 0.00147774 0.00153087 1.70675e-05
137.48 0.708437 0.676562 0.50736 0.00180559 0.00131831 0.000799165
137.5 0.708513 0.676612 0.507416 0.00191516 0.00127132 0.00139065
137.52 0.708583 0.676672 0.507472 0.00174275 0.00148614 0.00140191
137.54 0.70864 0.676748 0.507504 0.00144092 0.00190579 0.000803654
137.56 0.708691 0.676844 0.507502 0.0012604 0.00238585 -5.84805e-05
137.58 0.708746 0.676956 0.507475 0.00137642 0.00280098 -0.000669625
137.6 0.708817 0.677079 0.507448 0.00177543 0.00307722 -0.000671318
137.62 0.708907 0.677204 0.507444 0.00225154 0.00314403 -0.000102591
137.64 0.709009 0.677321 0.507469 0.00254684 0.00291854 0.000629679
137.66 0.709111 0.677417 0.507511 0.00256256 0.00239719 0.0010431
137.68 0.709209 0.677487 0.507548 0.00243612 0.00175189 0.000914633
137.7 0.709305 0.677539 0.507564 0.0024002 0.00128453 0.000409645
137.72 0.709409 0.677588 0.507561 0.00259485 0.00123547 -6.74312e-05
137.74 0.709528 0.677652 0.507555 0.00299522 0.00160693 -0.000155575
137.76 0.709667 0.677739 0.507565 0.00346422 0.00215886 0.000259493
137.78 0.709821 0.677842 0.507606 0.00385333 0.00257365 0.00101035
137.8 0.709983 0.677947 0.507676 0.00405602 0.00264227 0.00174575
137.82 0.710144 0.678042 0.50776 0.00400968 0.0023658 0.00210414
137.84 0.710292 0.67812 0.507836 0.0037007 0.00195231 0.00190931
137.86 0.710419 0.678187 0.507887 0.00318105 0.0016761 0.00128058
137.88 0.710522 0.678254 0.50791 0.00258281 0.00167402 0.000560598
137.9 0.710607 0.678328 0.507914 0.00210368 0.00185963 9.81489e-05
137.92 0.710684 0.67841 0.507916 0.00194145 0.0020302 5.61548e-05
137.94 0.710772 0.678492 0.50793 0.00218768 0.00205855 0.000361482
137.96 0.710882 0.678571 0.507962 0.00275101 0.00198144 0.00079346
137.98 0.711018 0.678649 0.508008 0.00340139 0.00193863 0.00114465
138 0.711173 0.678731 0.508061 0.00389161 0.00204858 0.00133902
138.02 0.711335 0.678823 0.508118 0.00404255 0.00231358 0.00141762
138.04 0.711486 0.678927 0.508176 0.0037813 0.00260339 0.00144319
138.06 0.711613 0.679037 0.508233 0.00315249 0.0027335 0.00143761
138.08 0.711705 0.679141 0.508289 0.0023103 0.00262084 0.00138612
138.1 0.711765 0.679237 0.50834 0.00149448 0.00238247 0.00127274
138.12 0.711803 0.679327 0.508384 0.00095032 0.00225882 0.00110432
138.14 0.711835 0.679425 0.508421 0.000816764 0.00243933 0.000929186
138.16 0.711878 0.679542 0.508454 0.00105562 0.00292362 0.000833901
138.18 0.711937 0.679681 0.508489 0.00147648 0.00348971 0.000872919
138.2 0.712011 0.679834 0.508529 0.00185054 0.00381039 0.000991686
138.22 0.712092 0.679981 0.508571 0.00202352 0.00368296 0.00104842
138.24 0.712169 0.68011 0.508609 0.00194635 0.00321436 0.000948475
138.26 0.712236 0.680221 0.508639 0.0016527 0.00277916 0.000756966
138.28 0.712286 0.680331 0.508666 0.00124871 0.00274951 0.000662155
138.3 0.712321 0.680458 0.508699 0.000884648 0.00318649 0.000823576
138.32 0.712349 0.680609 0.508748 0.000700277 0.00377238 0.00124521
138.34 0.712379 0.680771 0.508819 0.00075996 0.00404236 0.00176515
138.36 0.71242 0.68092 0.508905 0.00102495 0.0037315 0.00215481
138.38 0.712475 0.681038 0.508995 0.0013745 0.00295552 0.00224749
138.4 0.712541 0.681123 0.509076 0.00164767 0.00210789 0.00202381
138.42 0.71261 0.681187 0.50914 0.00171904 0.00160459 0.001608
138.44 0.712673 0.681252 0.509187 0.00158776 0.00164355 0.00116383
138.46 0.712729 0.681337 0.509218 0.00139231 0.00210253 0.000776009
138.48 0.712781 0.681442 0.509235 0.00130506 0.00263817 0.000436064
138.5 0.712837 0.681559 0.509241 0.00139414 0.00292269 0.000144213
138.52 0.7129 0.681673 0.509241 0.00157978 0.00284339 3.37602e-06
138.54 0.712969 0.681774 0.509249 0.00172161 0.00252335 0.000178675
138.56 0.713039 0.681861 0.509277 0.00173738 0.00218384 0.000714372
138.58 0.713104 0.68194 0.509332 0.00163626 0.00197691 0.00137528
138.6 0.713163 0.682016 0.5094 0.0014756 0.00189622 0.00170873
138.62 0.713217 0.682089 0.509454 0.00133344 0.00182368 0.00134396
138.64 0.713269 0.682155 0.509467 0.00130207 0.00165223 0.000308092
138.66 0.713327 0.682209 0.50943 0.00145622 0.00135364 -0.000908599
138.68 0.7134 0.682248 0.509366 0.00182234 0.000966952 -0.00161342
138.7 0.713494 0.682271 0.509311 0.00235424 0.000567444 -0.00135505
138.72 0.71361 0.682281 0.509302 0.00290358 0.000270692 -0.000245609
138.74 0.71374 0.68229 0.509345 0.00324548 0.000219245 0.00109317
138.76 0.713868 0.68231 0.509422 0.0032082 0.000493162 0.00191975
138.78 0.713981 0.68235 0.509495 0.00281315 0.00100653 0.0018189
138.8 0.714072 0.68241 0.509532 0.00227856 0.00150941 0.000922521
138.82 0.714147 0.682479 0.509523 0.00188522 0.00172157 -0.000212365
138.84 0.71422 0.682539 0.509484 0.00180752 0.00150188 -0.000972303
138.86 0.7143 0.682578 0.509443 0.0020228 0.000967104 -0.00104007
138.88 0.714394 0.682596 0.509423 0.00233895 0.000459893 -0.000507199
138.9 0.714495 0.682609 0.509434 0.00252789 0.000319569 0.000286181
138.92 0.714594 0.682634 0.509475 0.00248229 0.000630182 0.00103117
138.94 0.714685 0.682681 0.50954 0.00227371 0.00117083 0.00161389
138.96 0.714768 0.682745 0.509621 0.00207665 0.00159886 0.00204185
138.98 0.71485 0.682813 0.509713 0.0020406 0.0016985 0.00227956
139 0.714938 0.682874 0.509802 0.00219378 0.00151457 0.0022266
139.02 0.715035 0.682926 0.509875 0.00243211 0.00130392 0.00184242
139.04 0.715139 0.68298 0.509926 0.00259819 0.00134268 0.00125608
139.06 0.715242 0.683048 0.509955 0.00257901 0.00170243 0.000741964
139.08 0.715337 0.683135 0.509979 0.0023634 0.00217779 0.000589118
139.1 0.715419 0.683233 0.510016 0.00204426 0.00244798 0.000939743
139.12 0.715489 0.683327 0.510084 0.00177058 0.00235014 0.00168263
139.14 0.715557 0.683408 0.510183 0.00169557 0.00203347 0.00248127
139.16 0.715634 0.683481 0.510301 0.00192924 0.00183184 0.00294998
139.18 0.715734 0.68356 0.510416 0.00248523 0.00196117 0.00286684
139.2 0.715864 0.683654 0.510507 0.00326419 0.00234355 0.00229156
139.22 0.716027 0.683761 0.510568 0.00406913 0.0026856 0.00150856
139.24 0.716212 0.683868 0.510602 0.00463432 0.00268454 0.000850549
139.26 0.716401 0.683958 0.510623 0.00471739 0.00223601 0.000526014
139.28 0.716571 0.68402 0.510644 0.00424995 0.00154237 0.000526448
139.3 0.716709 0.68406 0.510671 0.00343558 0.00100623 0.000671125
139.32 0.716816 0.684098 0.510702 0.0026813 0.000955919 0.000775345
139.34 0.716911 0.684155 0.510733 0.00237532 0.00141715 0.000785554
139.36 0.717017 0.684238 0.510764 0.00266136 0.0020925 0.000765628
139.38 0.717152 0.684341 0.510795 0.00336973 0.0025597 0.000788892
139.4 0.717317 0.684443 0.510829 0.00413116 0.00254773 0.000854184
139.42 0.7175 0.684528 0.510865 0.00457582 0.00212259 0.000889723
139.44 0.717681 0.684594 0.510898 0.00451384 0.00165328 0.000821137
139.46 0.717842 0.684656 0.510924 0.00402643 0.00155497 0.000651258
139.48 0.717979 0.684735 0.510944 0.0034174 0.00198246 0.000491637
139.5 0.7181 0.684844 0.510963 0.0030253 0.00271948 0.000481006
139.52 0.71822 0.684978 0.510989 0.00300558 0.00334218 0.000649859
139.54 0.71835 0.685117 0.511024 0.0032576 0.00348664 0.000878281
139.56 0.718492 0.685239 0.511064 0.00354084 0.00304119 0.000998483
139.58 0.718638 0.685327 0.511101 0.00364461 0.00221536 0.000924668
139.6 0.718777 0.685385 0.511128 0.00348129 0.00144944 0.000687804
139.62 0.718901 0.685432 0.511144 0.00309417 0.00117622 0.000395368
139.64 0.719006 0.685495 0.511151 0.00262164 0.00157586 0.000178569
139.66 0.719095 0.685595 0.511157 0.00222838 0.00248821 0.000138317
139.68 0.719176 0.685735 0.511169 0.00202797 0.00351133 0.0002933
139.7 0.719257 0.685904 0.511191 0.00204246 0.0042093 0.000569575
139.72 0.719345 0.686076 0.511225 0.0021928 0.00431298 0.000850173
139.74 0.719439 0.686229 0.511268 0.00234205 0.0038261 0.00105321
139.76 0.719535 0.68635 0.511314 0.00239505 0.00301011 0.00117092
139.78 0.719628 0.68644 0.511363 0.00234242 0.00226463 0.00122641
139.8 0.719716 0.686518 0.511412 0.00219326 0.0019348 0.00120978
139.82 0.719792 0.686603 0.511455 0.00189529 0.00212773 0.00108021
139.84 0.719847 0.68671 0.511488 0.00138807 0.00267729 0.000830202
139.86 0.719877 0.686842 0.51151 0.000741753 0.00329499 0.00053575
139.88 0.719885 0.686992 0.511523 0.00018862 0.00374863 0.00033598
139.9 0.719884 0.687149 0.511537 -1.92671e-05 0.00392622 0.000356761
139.92 0.719892 0.687302 0.511562 0.000193003 0.00382075 0.000626446
139.94 0.719917 0.687442 0.511604 0.000631278 0.0035208 0.00104374
139.96 0.719954 0.68757 0.511661 0.000930139 0.0031872 0.00143108
139.98 0.719986 0.687689 0.511727 0.000793505 0.00297091 0.00163512
140 0.719995 0.687806 0.511791 0.000230647 0.00294155 0.00160777
140.02 0.719979 0.68793 0.511848 -0.000409482 0.00307969 0.00142208
140.04 0.719952 0.688061 0.511897 -0.000663606 0.00329434 0.00122086
140.06 0.719941 0.688199 0.511942 -0.000273032 0.00344649 0.00111734
140.08 0.719967 0.688335 0.511986 0.000639729 0.00340391 0.00111696
140.1 0.720033 0.68846 0.512031 0.00165358 0.00311659 0.00112327
140.12 0.720125 0.688566 0.512072 0.00231259 0.00265506 0.00102907
140.14 0.720221 0.688653 0.512104 0.00237847 0.00216729 0.000801699
140.16 0.720297 0.688725 0.512124 0.00191081 0.00179393 0.000489358
140.18 0.720345 0.688789 0.512132 0.00120538 0.00161049 0.000194612
140.2 0.720371 0.688853 0.512134 0.000652929 0.00160388 5.23991e-05
140.22 0.720393 0.688921 0.512142 0.00055409 0.0016853 0.000196206
140.24 0.720433 0.68899 0.512169 0.000981235 0.0017407 0.000683175
140.26 0.720503 0.689058 0.512225 0.00175972 0.00169815 0.00140307
140.28 0.720605 0.689121 0.512309 0.00254055 0.00156229 0.00209298
140.3 0.720723 0.689176 0.512408 0.00294529 0.00137315 0.00248062
140.32 0.720834 0.689222 0.512506 0.00278125 0.00115916 0.00243646
140.34 0.720921 0.68926 0.512587 0.00217171 0.000947474 0.00202444
140.36 0.720979 0.689292 0.512644 0.00145647 0.000789804 0.00143486
140.38 0.721017 0.689321 0.512678 0.000960704 0.000741579 0.000860319
140.4 0.721051 0.689353 0.512695 0.000851604 0.000807566 0.000410095
140.42 0.721096 0.68939 0.512699 0.00112526 0.000909421 0.000108243
140.44 0.721162 0.689426 0.512697 0.00163257 0.000902899 -5.60954e-05
140.46 0.721247 0.689453 0.512694 0.00211977 0.000664978 -8.13358e-05
140.48 0.72134 0.689461 0.512696 0.00232657 0.000218973 5.77244e-05
140.5 0.721425 0.689452 0.512711 0.00212528 -0.00023737 0.00038699
140.52 0.721488 0.689433 0.512747 0.00159599 -0.000464106 0.000878972
140.54 0.721528 0.689419 0.512803 0.000981543 -0.000349937 0.00140453
140.56 0.72155 0.68942 0.512873 0.000552148 1.43578e-05 0.00174922
140.58 0.721569 0.689437 0.512942 0.000477789 0.000418223 0.00172899
140.6 0.7216 0.689464 0.512995 0.000768327 0.000681322 0.00132561
140.62 0.721652 0.689494 0.513024 0.00130182 0.000754774 0.000723207
140.64 0.721728 0.689522 0.513031 0.00191019 0.000707149 0.000191398
140.66 0.721826 0.689547 0.513028 0.00245092 0.0006181 -9.269e-05
140.68 0.721939 0.689567 0.513023 0.00283143 0.000492014 -0.000125965
140.7 0.722059 0.689578 0.513022 0.00299488 0.000282829 -2.17591e-05
140.72 0.722175 0.689578 0.513026 0.00290376 4.33168e-06 9.36778e-05
140.74 0.722278 0.689569 0.513031 0.00255424 -0.000222244 0.000142402
140.76 0.722358 0.689559 0.513035 0.00202271 -0.000261184 9.66803e-05
140.78 0.722418 0.689556 0.513034 0.0014971 -7.77909e-05 -2.69121e-05
140.8 0.722467 0.689566 0.513028 0.00122662 0.000250019 -0.000154804
140.82 0.722523 0.68959 0.513021 0.00138066 0.000616207 -0.000163363
140.84 0.7226 0.689629 0.513023 0.00193621 0.000962024 4.61488e-05
140.86 0.722708 0.68968 0.513041 0.00269663 0.00126933 0.000443018
140.88 0.722844 0.68974 0.513075 0.00339254 0.00151688 0.00084608
140.9 0.722996 0.689807 0.513116 0.00379834 0.00166264 0.00103197
140.92 0.723149 0.689874 0.513152 0.00383915 0.00167029 0.000898826
140.94 0.723294 0.689936 0.513174 0.00362044 0.00156462 0.000548468
140.96 0.723428 0.689994 0.513182 0.0033424 0.0014537 0.000213712
140.98 0.723555 0.690053 0.513187 0.00317399 0.00147046 0.000119623
141 0.723682 0.690121 0.513202 0.00317994 0.00168253 0.000375681
141.02 0.723815 0.690203 0.513239 0.00333095 0.00205851 0.000925358
141.04 0.723957 0.690303 0.513302 0.00355802 0.00249479 0.00157265
141.06 0.724109 0.690417 0.513386 0.00379445 0.00285952 0.00208483
141.08 0.724269 0.69054 0.513478 0.00399041 0.00307197 0.00231753
141.1 0.724433 0.690667 0.513569 0.00410561 0.00318723 0.00227302
141.12 0.724597 0.690802 0.513652 0.00408875 0.00336802 0.00206118
141.14 0.724753 0.690951 0.513725 0.00391661 0.00372579 0.00182935
141.16 0.724901 0.691119 0.513793 0.00369345 0.00418594 0.00170493
141.18 0.725047 0.6913 0.513862 0.00365482 0.00453429 0.00173459
141.2 0.725206 0.691484 0.513936 0.0039787 0.00458951 0.00184877
141.22 0.725389 0.691656 0.514013 0.00456161 0.00432309 0.00190708
141.24 0.72559 0.691812 0.514085 0.00502001 0.00388096 0.00180123
141.26 0.725788 0.691953 0.514146 0.00495495 0.00352805 0.00153321
141.28 0.725958 0.692093 0.514195 0.00425497 0.00351061 0.00122193
141.3 0.726087 0.692249 0.514237 0.0032225 0.00389687 0.00104089
141.32 0.726184 0.69243 0.51428 0.0024182 0.00451366 0.00108855
141.34 0.726275 0.692631 0.514331 0.00227763 0.00504323 0.0012763
141.36 0.726386 0.692839 0.514386 0.00278568 0.00519577 0.00136741
141.38 0.726526 0.693034 0.514432 0.00350224 0.00485805 0.00115133
141.4 0.726682 0.693201 0.514456 0.00390361 0.00417567 0.000614633
141.42 0.726832 0.693341 0.514455 0.00374173 0.00351085 -3.78074e-05
141.44 0.726959 0.69347 0.514433 0.00316599 0.00323306 -0.000537329
141.46 0.727061 0.693609 0.514404 0.00255495 0.00346693 -0.000747734
141.48 0.727149 0.693769 0.514374 0.00221455 0.00400484 -0.000730783
141.5 0.727236 0.693947 0.514348 0.00217152 0.00443464 -0.000660372
141.52 0.727325 0.694123 0.514321 0.00221285 0.00440307 -0.000671431
141.54 0.727409 0.694276 0.514291 0.00210551 0.00383694 -0.000740395
141.56 0.727481 0.694395 0.514264 0.00179654 0.00296066 -0.000696736
141.58 0.727539 0.69448 0.514249 0.00144358 0.00214475 -0.000367734
141.6 0.727589 0.694549 0.514259 0.00126197 0.00170917 0.000251867
141.62 0.727643 0.69462 0.514297 0.00134557 0.00177454 0.000940594
141.64 0.727707 0.694709 0.514351 0.00160159 0.00221925 0.00135197
141.66 0.72778 0.694818 0.5144 0.00182335 0.0027417 0.00122688
141.68 0.727853 0.694938 0.514423 0.00183074 0.00299882 0.000577159
141.7 0.727916 0.695049 0.514411 0.0015626 0.00277481 -0.000283142
141.72 0.727959 0.695133 0.514376 0.00109603 0.0021022 -0.000889601
141.74 0.727983 0.695183 0.51434 0.000586552 0.00125109 -0.000889124
141.76 0.72799 0.695207 0.51433 0.000170575 0.000596789 -0.000250177
141.78 0.727987 0.695225 0.514359 -8.06842e-05 0.000442885 0.000724822
141.8 0.727981 0.69526 0.514423 -0.000139635 0.000883274 0.00158805
141.82 0.727982 0.695331 0.514503 1.69708e-05 0.00176615 0.00200647
141.84 0.727997 0.695441 0.51458 0.000394286 0.00276501 0.00193187
141.86 0.728034 0.695582 0.514643 0.000918687 0.00351129 0.00157715
141.88 0.72809 0.695731 0.514692 0.00140876 0.00371828 0.0012231
141.9 0.728155 0.695861 0.514733 0.00162388 0.00325565 0.00102065
141.92 0.72821 0.695949 0.514771 0.00137197 0.00219536 0.000939274
141.94 0.728235 0.695982 0.514806 0.000626273 0.000836479 0.00087808
141.96 0.728219 0.695968 0.514838 -0.000407631 -0.000352571 0.000811387
141.98 0.728166 0.695931 0.514872 -0.00132505 -0.000920168 0.000841691
142 0.728099 0.695905 0.514917 -0.00168403 -0.000664613 0.00112276
142.02 0.728049 0.695915 0.514984 -0.00123973 0.000253196 0.00167678
142.04 0.728045 0.695971 0.515075 -0.000111458 0.00139611 0.00227296
142.06 0.728094 0.696061 0.515176 0.00123344 0.0022675 0.00253371
142.08 0.728182 0.696163 0.515265 0.00220284 0.00254407 0.00222619
142.1 0.728278 0.696251 0.515325 0.00239111 0.00220757 0.00148496
142.12 0.728349 0.696311 0.515355 0.00178166 0.00149087 0.000758265
142.14 0.728379 0.69634 0.515376 0.000745413 0.00071653 0.000520573
142.16 0.728373 0.696346 0.515414 -0.000155052 0.000146606 0.000946123
142.18 0.728354 0.696341 0.515485 -0.000455669 -0.000118972 0.00177221
142.2 0.728353 0.696334 0.515583 -2.85738e-05 -0.000158523 0.00244986
142.22 0.728387 0.696329 0.515682 0.000850818 -0.000142407 0.00249463
142.24 0.728454 0.696321 0.515755 0.00166603 -0.000190557 0.00180982
142.26 0.728534 0.69631 0.515784 0.00198941 -0.000284554 0.000740894
142.28 0.728604 0.696297 0.515778 0.00176586 -0.000312065 -0.000168287
142.3 0.728657 0.696291 0.515757 0.00133332 -0.00016574 -0.000515821
142.32 0.728704 0.696298 0.515747 0.00115895 0.000182332 -0.000260754
142.34 0.728764 0.696324 0.515758 0.00150432 0.00065325 0.000295332
142.36 0.728854 0.696367 0.515787 0.00225682 0.00108252 0.000726159
142.38 0.728975 0.696419 0.515818 0.00301603 0.00128875 0.000759164
142.4 0.72911 0.696466 0.515836 0.00338134 0.00118276 0.000444136
142.42 0.72924 0.696499 0.515839 0.00324914 0.000824941 8.27599e-05
142.44 0.729355 0.696514 0.515838 0.00286012 0.000377751 -3.03356e-05
142.46 0.729457 0.696515 0.515844 0.00256546 8.77111e-06 0.000158683
142.48 0.729559 0.696508 0.515862 0.00255474 -0.000176406 0.000437815
142.5 0.729669 0.696503 0.515882 0.00275062 -0.000110414 0.0005122
142.52 0.729785 0.696513 0.515892 0.00289696 0.000245703 0.000250081
142.54 0.729897 0.696546 0.515884 0.00279173 0.000834958 -0.000195946
142.56 0.729997 0.696606 0.515864 0.00248998 0.00149198 -0.000493001
142.58 0.730086 0.696688 0.515849 0.00224154 0.00203985 -0.000379569
142.6 0.730176 0.696783 0.515855 0.00224683 0.00237122 0.000134176
142.62 0.730276 0.696881 0.515885 0.0024908 0.00245551 0.000758345
142.64 0.730388 0.696975 0.51593 0.00279564 0.00234523 0.00112032
142.66 0.730506 0.697062 0.515971 0.00297441 0.00218562 0.00102502
142.68 0.730624 0.697148 0.515994 0.00293659 0.00213982 0.000581506
142.7 0.730734 0.697238 0.515999 0.00274523 0.00226779 0.000115829
142.72 0.730837 0.697338 0.515996 0.00258191 0.00248664 -5.96081e-05
142.74 0.730941 0.697444 0.516002 0.00260526 0.0026612 0.000140756
142.76 0.731054 0.697554 0.516024 0.00282086 0.00274567 0.000539912
142.78 0.731178 0.697668 0.516059 0.00309481 0.00284083 0.000879603
142.8 0.73131 0.697792 0.5161 0.00330237 0.0030986 0.00103429
142.82 0.731447 0.697934 0.516142 0.00342003 0.00354939 0.00104639
142.84 0.731586 0.698095 0.516182 0.00347756 0.00402664 0.001012
142.86 0.731726 0.698265 0.516222 0.00350241 0.00425673 0.000988343
142.88 0.731868 0.698428 0.516262 0.00355888 0.0040689 0.00100138
142.9 0.732019 0.69857 0.516306 0.00375484 0.00356978 0.00109848
142.92 0.732183 0.698695 0.51636 0.0041239 0.00310625 0.00134603
142.94 0.732365 0.698815 0.516429 0.00453181 0.00301519 0.0017383
142.96 0.732554 0.69895 0.516514 0.00472746 0.00337374 0.0021188
142.98 0.732734 0.699108 0.516604 0.00449941 0.00395337 0.00223611
143 0.732887 0.699283 0.51668 0.00383997 0.00436972 0.00192057
143.02 0.733008 0.699456 0.51673 0.00302187 0.00431713 0.00123647
143.04 0.733108 0.699607 0.516749 0.00249508 0.00377451 0.000478604
143.06 0.733212 0.699729 0.51675 0.00260687 0.00305372 2.18538e-05
143.08 0.733346 0.699834 0.516754 0.00334904 0.00261881 0.000115878
143.1 0.733519 0.699945 0.516784 0.00432212 0.00277965 0.000736093
143.12 0.733717 0.700084 0.516847 0.00495237 0.00346448 0.00158439
143.14 0.73391 0.700253 0.516937 0.00482847 0.00423858 0.00223746
143.16 0.734068 0.700436 0.517031 0.00394215 0.00456567 0.00236517
143.18 0.734176 0.700602 0.517108 0.0026909 0.00415497 0.00191032
143.2 0.734241 0.700729 0.517152 0.0016418 0.00316685 0.00110239
143.22 0.734289 0.700813 0.517164 0.00120011 0.00211826 0.000298784
143.24 0.734346 0.700876 0.517155 0.00141244 0.00155899 -0.000217432
143.26 0.734426 0.700946 0.51714 0.00200458 0.00175333 -0.000376391
143.28 0.73453 0.701048 0.517128 0.00260375 0.00255868 -0.000303341
143.3 0.734649 0.701189 0.517122 0.00296521 0.0035166 -0.000162035
143.32 0.734771 0.701353 0.517121 0.0030427 0.00410202 -4.57622e-06
143.34 0.734886 0.701514 0.517131 0.00289705 0.00403133 0.000242175
143.36 0.734989 0.701651 0.517157 0.00256202 0.00341801 0.000645246
143.38 0.73507 0.701757 0.517202 0.00201388 0.00264604 0.00113616
143.4 0.735121 0.701841 0.517263 0.00127969 0.00210646 0.0015281
143.42 0.735143 0.701921 0.51733 0.000556238 0.00199169 0.00165895
143.44 0.73515 0.70201 0.517391 0.000164532 0.00222778 0.00152212
143.46 0.735163 0.702112 0.517441 0.000330494 0.0025613 0.00125954
143.48 0.735202 0.702222 0.517482 0.000979895 0.00273846 0.00103287
143.5 0.735271 0.702328 0.517518 0.00172572 0.00265312 0.000886932
143.52 0.735355 0.702423 0.517547 0.00209336 0.00238654 0.000721803
143.54 0.735427 0.702509 0.517563 0.00181639 0.00214117 0.000398333
143.56 0.735467 0.702594 0.517558 0.000999371 0.00212277 -0.000108582
143.58 0.73547 0.70269 0.517533 7.7438e-05 0.00241106 -0.000626253
143.6 0.735454 0.702806 0.5175 -0.000417303 0.00288795 -0.000842612
143.62 0.735446 0.702938 0.517479 -0.000182969 0.00329238 -0.000506522
143.64 0.735472 0.703072 0.517493 0.000631087 0.00337364 0.00035113
143.66 0.735531 0.703194 0.517548 0.00149126 0.00304125 0.0013731
143.68 0.735604 0.703291 0.517631 0.00181631 0.00242136 0.0020779
143.7 0.735659 0.703363 0.517718 0.00137119 0.0017981 0.00216885
143.72 0.735676 0.703422 0.517787 0.000437558 0.0014665 0.00172974
143.74 0.735662 0.703484 0.517833 -0.000365353 0.00157335 0.00115377
143.76 0.735642 0.703566 0.517867 -0.000491874 0.00203972 0.000837369
143.78 0.735649 0.70367 0.517903 0.000172837 0.00260697 0.00089379
143.8 0.735699 0.703789 0.517947 0.00125915 0.00296213 0.00111373
143.82 0.735786 0.703904 0.517994 0.00217907 0.00287614 0.00117829
143.84 0.735886 0.703997 0.518032 0.00247989 0.00231723 0.000942875
143.86 0.735968 0.704056 0.518054 0.00205961 0.00148844 0.000550792
143.88 0.736015 0.704086 0.518066 0.00117096 0.000746549 0.000293963
143.9 0.736025 0.704102 0.518081 0.000252486 0.000410562 0.000376623
143.92 0.736013 0.704125 0.518112 -0.000299966 0.000555295 0.000774057
143.94 0.736001 0.704162 0.518163 -0.000303696 0.000946576 0.00127317
143.96 0.736008 0.704211 0.518228 0.000170632 0.00121198 0.00163602
143.98 0.736044 0.704256 0.518298 0.000904614 0.00112632 0.0017535
144 0.73611 0.704286 0.518366 0.00166578 0.000742171 0.0016896
144.02 0.736201 0.704296 0.51843 0.0022655 0.000259211 0.00159105
144.04 0.736303 0.704289 0.518491 0.00255737 -0.000177495 0.00154668
144.06 0.736401 0.704267 0.518552 0.0024445 -0.000551291 0.00151807
144.08 0.736479 0.70423 0.518607 0.00193507 -0.000911426 0.00137144
144.1 0.736526 0.70418 0.518647 0.0011923 -0.001261 0.00099898
144.12 0.736547 0.704121 0.518665 0.000505376 -0.00147743 0.00046029
144.14 0.736553 0.704067 0.518665 0.000153092 -0.00135024 -1.70138e-05
144.16 0.736562 0.704037 0.518656 0.000234546 -0.000759331 -0.000209453
144.18 0.736586 0.704042 0.518653 0.000603484 0.000140629 -7.63856e-05
144.2 0.736626 0.70408 0.518661 0.000984508 0.000941519 0.000199448
144.22 0.736673 0.704129 0.518675 0.00119565 0.0012385 0.000353242
144.24 0.736725 0.704166 0.518686 0.00128994 0.000921906 0.000261007
144.26 0.736784 0.704176 0.518688 0.00147158 0.000251521 4.94456e-05
144.28 0.736859 0.704163 0.518688 0.00186983 -0.000337649 2.35235e-06
144.3 0.736954 0.704142 0.518701 0.00239025 -0.00052253 0.000320978
144.32 0.737065 0.704131 0.518738 0.00276848 -0.000265253 0.000920881
144.34 0.737176 0.704141 0.518796 0.00276512 0.000235496 0.001448
144.36 0.73727 0.70417 0.518857 0.00236093 0.000742052 0.00152584
144.38 0.737343 0.704216 0.518899 0.00181687 0.00114154 0.00105638
144.4 0.737403 0.704275 0.518912 0.00152028 0.00147887 0.000319206
144.42 0.737472 0.70435 0.518903 0.00171198 0.0018654 -0.000222957
144.44 0.737565 0.704443 0.518893 0.00232276 0.00232478 -0.000250491
144.46 0.737687 0.704551 0.518901 0.00305403 0.00271195 0.000213859
144.48 0.737831 0.704665 0.518936 0.00360342 0.00283111 0.00088201
144.5 0.737985 0.704771 0.518994 0.00384614 0.0026619 0.00144492
144.52 0.738139 0.704867 0.519064 0.00385847 0.00241203 0.00173924
144.54 0.738292 0.704961 0.519134 0.00381733 0.00232804 0.00175129
144.56 0.738446 0.705061 0.519195 0.00385697 0.00249863 0.00153606
144.58 0.738605 0.705173 0.519241 0.00396285 0.00281951 0.00115197
144.6 0.738765 0.705297 0.519268 0.00400971 0.00310218 0.000671082
144.62 0.738922 0.705426 0.519277 0.00392511 0.00321183 0.000211719
144.64 0.739075 0.705553 0.519274 0.00381962 0.00317136 -5.77303e-05
144.66 0.739232 0.705679 0.519276 0.00392766 0.00316851 4.69506e-05
144.68 0.739408 0.705815 0.519301 0.00439615 0.00339523 0.000619648
144.7 0.739613 0.705969 0.519362 0.00511671 0.00384437 0.00151994
144.72 0.739843 0.70614 0.519456 0.00575996 0.00427659 0.00235305
144.74 0.740083 0.706316 0.519563 0.00598687 0.00440417 0.00267922
144.76 0.740309 0.706482 0.519656 0.00566813 0.00413459 0.00231465
144.78 0.740508 0.706628 0.519715 0.00497183 0.00365599 0.00147223
144.8 0.740679 0.70676 0.519739 0.00428216 0.00329446 0.000617954
144.82 0.740838 0.70689 0.519746 0.00396996 0.00326014 0.000164201
144.84 0.741003 0.70703 0.519755 0.00411845 0.00349562 0.000234298
144.86 0.741181 0.70718 0.519781 0.0044392 0.00374608 0.000639811
144.88 0.741361 0.707331 0.519823 0.00451794 0.00377002 0.00105323
144.9 0.741529 0.707471 0.519873 0.00419181 0.00351066 0.00123676
144.92 0.741676 0.707595 0.519919 0.00368887 0.00310662 0.00116831
144.94 0.741813 0.707707 0.519959 0.00341204 0.00278847 0.000993163
144.96 0.741956 0.707817 0.519994 0.00356827 0.0027576 0.000864415
144.98 0.742114 0.70794 0.520027 0.00395603 0.00305995 0.0008251
145 0.742279 0.70808 0.52006 0.00411563 0.00351546 0.000830917
145.02 0.742427 0.708233 0.520094 0.00371706 0.00382553 0.00084446
145.04 0.742541 0.708385 0.520129 0.00285358 0.00380016 0.000884884
145.06 0.742621 0.708524 0.520168 0.00199936 0.00348106 0.000985181
145.08 0.742688 0.708648 0.520213 0.00165767 0.00308494 0.00111611
145.1 0.742766 0.708762 0.520259 0.00196063 0.00285386 0.00115521
145.12 0.742867 0.708879 0.520298 0.00253193 0.00293454 0.000957714
145.14 0.742977 0.709012 0.520318 0.00274123 0.00331728 0.000514191
145.16 0.743064 0.709165 0.52032 0.00218155 0.00381794 4.3042e-05
145.18 0.743105 0.709331 0.520315 0.00101672 0.00415149 -0.000126072
145.2 0.743101 0.709495 0.520323 -0.000102111 0.00409904 0.000198712
145.22 0.74308 0.70964 0.520359 -0.000523445 0.00362752 0.000896593
145.24 0.743077 0.709756 0.520422 -6.43356e-05 0.0028951 0.00157405
145.26 0.743113 0.709842 0.520494 0.000897293 0.00216835 0.00180824
145.28 0.743181 0.709911 0.520551 0.00169711 0.00171868 0.00143947
145.3 0.743253 0.70998 0.520579 0.00179846 0.00172501 0.000692795
145.32 0.743297 0.710067 0.52058 0.00111121 0.00217832 1.43473e-05
145.34 0.7433 0.710181 0.520569 5.79046e-05 0.00285086 -0.000260089
145.36 0.743272 0.710316 0.520565 -0.000690244 0.00337787 -0.000120689
145.38 0.743245 0.710454 0.520572 -0.000679875 0.00343932 0.000198351
145.4 0.743246 0.710572 0.520591 1.85348e-05 0.00294778 0.000469177
145.42 0.743281 0.710656 0.520616 0.00088386 0.00209895 0.000632073
145.44 0.743333 0.710705 0.520647 0.00130887 0.00122329 0.000762327
145.46 0.743373 0.710728 0.520685 0.000981213 0.000571883 0.000950803
145.48 0.743374 0.710737 0.520733 3.78318e-05 0.000220841 0.00121055
145.5 0.743332 0.710741 0.520792 -0.00105096 0.000121846 0.00145244
145.52 0.743262 0.710749 0.520854 -0.001744 0.000198242 0.0015588
145.54 0.743194 0.710765 0.520913 -0.00170144 0.00039125 0.00148101
145.56 0.743156 0.710791 0.520963 -0.0009521 0.000643824 0.00125555
145.58 0.743161 0.710825 0.521001 0.000112976 0.000865771 0.000949403
145.6 0.743199 0.710862 0.521026 0.000962591 0.000921382 0.000622694
145.62 0.743249 0.710889 0.52104 0.0012488 0.000682586 0.000344285
145.64 0.743288 0.710896 0.521048 0.000976554 0.000150305 0.000205512
145.66 0.743305 0.710878 0.52106 0.000414253 -0.000446543 0.000284943
145.68 0.7433 0.710848 0.521083 -0.000130243 -0.000748972 0.000595339
145.7 0.743281 0.710826 0.521126 -0.000474309 -0.000536165 0.00106668
145.72 0.743257 0.71083 0.521188 -0.000584654 9.31853e-05 0.00155616
145.74 0.743237 0.710861 0.521264 -0.000512812 0.00077317 0.00187858
145.76 0.743224 0.710906 0.521339 -0.000308017 0.00111735 0.00189242
145.78 0.743226 0.710945 0.521404 3.25727e-05 0.000976056 0.00161105
145.8 0.743247 0.710965 0.521452 0.000536031 0.00052156 0.00121963
145.82 0.743294 0.71097 0.52149 0.00117569 0.000101634 0.000944423
145.84 0.743367 0.710969 0.521526 0.00181479 -2.14637e-05 0.000892011
145.86 0.743457 0.710976 0.521566 0.00224453 0.000176346 0.000991715
145.88 0.743549 0.710997 0.521608 0.0023163 0.000537752 0.00106506
145.9 0.743631 0.711033 0.521647 0.0020518 0.000889924 0.000976258
145.92 0.743697 0.711079 0.521678 0.00164504 0.00115245 0.000764243
145.94 0.743752 0.711133 0.521703 0.00138137 0.0013571 0.000639209
145.96 0.743812 0.711197 0.521735 0.00150208 0.00158717 0.000794645
145.98 0.743894 0.711271 0.521783 0.00203706 0.00185416 0.00119017
146 0.744003 0.711352 0.521844 0.00273276 0.00202606 0.00152022
146.02 0.744131 0.711429 0.521901 0.00319563 0.00192905 0.00143304
146.04 0.744258 0.711491 0.521934 0.00317477 0.00154462 0.000837411
146.06 0.744368 0.711534 0.521935 0.00275334 0.00107249 1.70652e-05
146.08 0.74446 0.711565 0.521913 0.0022966 0.000792128 -0.000543603
146.1 0.744548 0.711599 0.521893 0.00219708 0.000847375 -0.000506862
146.12 0.744652 0.711645 0.521896 0.00260817 0.0011358 7.72102e-05
146.14 0.744786 0.711701 0.521929 0.00334171 0.0013978 0.000814246
146.16 0.744946 0.711758 0.521979 0.00399866 0.00143982 0.00124741
146.18 0.745117 0.711811 0.522026 0.00426689 0.00130811 0.00119045
146.2 0.745282 0.711861 0.52206 0.00414321 0.00126326 0.000853294
146.22 0.745438 0.711924 0.522086 0.00389119 0.00156478 0.000632901
146.24 0.745589 0.712013 0.522116 0.00378403 0.00222749 0.000757805
146.26 0.745744 0.712131 0.52216 0.00386639 0.00295576 0.00110746
146.28 0.745902 0.712264 0.522214 0.00394251 0.0033292 0.00133693
146.3 0.746053 0.712388 0.522261 0.00378769 0.00310445 0.00117779
146.32 0.74619 0.712485 0.522287 0.00341552 0.00241508 0.000661289
146.34 0.746315 0.712553 0.522292 0.00313553 0.00170985 0.000115629
146.36 0.746448 0.712612 0.52229 0.00332119 0.00145385 -4.53454e-05
146.38 0.746611 0.712684 0.522305 0.00406412 0.00181372 0.000360605
146.4 0.746812 0.712787 0.522349 0.00503782 0.00258382 0.00110805
146.42 0.747041 0.712923 0.522418 0.00571187 0.00339362 0.00172412
146.44 0.74727 0.713082 0.522492 0.00572201 0.00397601 0.00185342
146.46 0.747473 0.713254 0.522552 0.0050946 0.00428148 0.00149286
146.48 0.747641 0.71343 0.522589 0.00419532 0.0044066 0.000931171
146.5 0.74778 0.713607 0.522609 0.00346414 0.00443559 0.000504457
146.52 0.747905 0.713781 0.522624 0.00313329 0.0043326 0.000383776
146.54 0.748031 0.713941 0.522645 0.00313979 0.00400391 0.000525566
146.56 0.748161 0.71408 0.522676 0.00326143 0.00348918 0.000768457
146.58 0.748294 0.714203 0.522716 0.00332524 0.00306949 0.000983082
146.6 0.748426 0.714328 0.522762 0.00330895 0.00311356 0.00116511
146.62 0.748557 0.714478 0.522818 0.00327549 0.00377283 0.00139523
146.64 0.748687 0.714671 0.522886 0.00324247 0.00481854 0.00170817
146.66 0.748812 0.714901 0.522967 0.00312545 0.00575333 0.00201469
146.68 0.748925 0.715146 0.523053 0.00283294 0.00611655 0.00215694
146.7 0.749022 0.715376 0.523134 0.00240461 0.00575315 0.00201284
146.72 0.749103 0.715571 0.523196 0.00202431 0.00486336 0.00155752
146.74 0.749178 0.715725 0.523232 0.00189022 0.00385856 0.000901053
146.76 0.749261 0.71585 0.523243 0.00205829 0.0031323 0.000271894
146.78 0.749356 0.715965 0.523239 0.00239183 0.00286381 -0.000106809
146.8 0.749462 0.716083 0.523232 0.00264693 0.00296206 -0.000163783
146.82 0.749568 0.716211 0.523232 0.00263559 0.00318224 5.42933e-07
146.84 0.749662 0.716344 0.523242 0.00235413 0.00333352 0.00024113
146.86 0.749741 0.71648 0.523262 0.00197428 0.00339652 0.00050316
146.88 0.749809 0.716617 0.523295 0.00170216 0.00343347 0.000816727
146.9 0.749874 0.716755 0.523342 0.00163325 0.00343439 0.00118045
146.92 0.749942 0.716886 0.523401 0.00169893 0.00329047 0.00148737
146.94 0.750011 0.717002 0.523465 0.00171762 0.00289763 0.00158571
146.96 0.750072 0.717092 0.523521 0.00152082 0.00225808 0.00141676
146.98 0.750115 0.717152 0.523564 0.00108286 0.0015017 0.00106616
147 0.750137 0.717187 0.523591 0.00055834 0.000863229 0.000679156
147.02 0.750144 0.717211 0.523605 0.000176267 0.000601578 0.000352823
147.04 0.750147 0.717245 0.523609 7.8266e-05 0.000839514 9.83678e-05
147.06 0.750157 0.717302 0.523604 0.000236176 0.00143056 -0.00012134
147.08 0.750176 0.717383 0.523592 0.000472056 0.00202319 -0.00030307
147.1 0.750198 0.717474 0.523578 0.000549808 0.00228838 -0.000348863
147.12 0.75021 0.717558 0.523573 0.000315326 0.00208255 -0.000137146
147.14 0.750203 0.717617 0.523586 -0.000178163 0.0014721 0.00034333
147.16 0.750175 0.717644 0.523624 -0.000694331 0.000686913 0.000934519
147.18 0.750137 0.717646 0.523679 -0.000963677 3.82542e-05 0.0013819
147.2 0.750104 0.717637 0.523739 -0.000828612 -0.00021275 0.00149608
147.22 0.750091 0.717637 0.523791 -0.000320366 -1.0215e-05 0.0012927
147.24 0.750104 0.717655 0.52383 0.000330489 0.000449989 0.000993389
147.26 0.750136 0.71769 0.523866 0.000800422 0.000875574 0.000876605
147.28 0.750171 0.717733 0.523908 0.000862475 0.00108373 0.00106454
147.3 0.750192 0.717776 0.523965 0.000522322 0.00106885 0.00142166
147.32 0.750193 0.717813 0.524032 2.42911e-05 0.000920223 0.00167127
147.34 0.750182 0.717841 0.524097 -0.000258451 0.000708378 0.00163107
147.36 0.750181 0.717859 0.524151 -2.49146e-05 0.000456744 0.00136064
147.38 0.75021 0.717867 0.524195 0.000728719 0.000202464 0.00109496
147.4 0.750276 0.717869 0.524237 0.00163947 4.54273e-05 0.00103098
147.42 0.750363 0.717873 0.524283 0.00218823 0.000104976 0.0011514
147.44 0.750446 0.71789 0.524333 0.00206872 0.000413809 0.00125226
147.46 0.750503 0.717925 0.524379 0.0014191 0.000872108 0.00116203
147.48 0.750532 0.717977 0.524416 0.000728168 0.0012993 0.000922113
147.5 0.750553 0.718038 0.524446 0.000510698 0.00152387 0.000749219
147.52 0.750591 0.718096 0.524479 0.000967411 0.00145814 0.000822389
147.54 0.750665 0.718141 0.524522 0.001837 0.00112593 0.00108909
147.56 0.750767 0.718168 0.524574 0.0025671 0.00066777 0.0012768
147.58 0.750876 0.718181 0.524618 0.00271175 0.000321996 0.00110671
147.6 0.750965 0.718194 0.52464 0.00224032 0.000333806 0.000544084
147.62 0.751026 0.718226 0.524635 0.00152174 0.000806466 -0.000108258
147.64 0.751069 0.71829 0.52462 0.00105915 0.00158855 -0.000390638
147.66 0.751117 0.718382 0.524618 0.00119755 0.00231014 -3.17866e-05
147.68 0.751194 0.718486 0.524652 0.00194443 0.00260818 0.000829971
147.7 0.751313 0.718581 0.52472 0.002957 0.0023758 0.00172207
147.72 0.751462 0.718655 0.524806 0.00373471 0.00182739 0.00214001
147.74 0.75162 0.718708 0.524881 0.00393782 0.00134085 0.00186971
147.76 0.751763 0.718756 0.524925 0.00358088 0.00120442 0.00111651
147.78 0.751881 0.718814 0.524939 0.00294521 0.00145257 0.000346513
147.8 0.751975 0.71889 0.524937 0.00235983 0.00189252 -5.23586e-05
147.82 0.752057 0.718981 0.524936 0.00205339 0.00227897 -2.06112e-05
147.84 0.752142 0.719081 0.524945 0.00212028 0.00249786 0.000215955
147.86 0.752243 0.719186 0.524961 0.00253348 0.00263002 0.000409111
147.88 0.75237 0.7193 0.524981 0.00316916 0.00284597 0.000494766
147.9 0.752524 0.719429 0.525004 0.00384186 0.00322263 0.000579066
147.92 0.752698 0.719574 0.525035 0.00436025 0.00362718 0.000770133
147.94 0.752881 0.719725 0.525076 0.00456996 0.00377324 0.0010313
147.96 0.753056 0.719863 0.525124 0.00436902 0.00343721 0.00118793
147.98 0.753206 0.71997 0.525167 0.00375943 0.002684 0.00107618
148 0.753323 0.720046 0.525195 0.00292191 0.00189444 0.000697345
148.02 0.75341 0.720107 0.525205 0.00218817 0.00153413 0.000246207
148.04 0.753486 0.720181 0.525205 0.00189789 0.00185476 -1.30777e-06
148.06 0.753576 0.720291 0.52521 0.00222779 0.00273885 0.000136921
148.08 0.753698 0.720441 0.525235 0.0030715 0.00375228 0.000615947
148.1 0.753861 0.720617 0.525281 0.00405837 0.00438696 0.00116561
148.12 0.754049 0.720791 0.525339 0.00470687 0.00436302 0.00143298
148.14 0.754236 0.720942 0.525386 0.0046762 0.00378471 0.0011898
148.16 0.754396 0.721064 0.525406 0.00400874 0.00303787 0.000486025
148.18 0.754522 0.721165 0.525392 0.00315139 0.00253571 -0.000340878
148.2 0.754629 0.721266 0.525359 0.00267386 0.00251246 -0.000819763
148.22 0.754745 0.721384 0.525335 0.0028809 0.00294864 -0.000604331
148.24 0.754889 0.721529 0.525348 0.00361883 0.00361691 0.000310691
148.26 0.755065 0.721697 0.52541 0.00439517 0.00420537 0.00156963
148.28 0.755254 0.721876 0.525516 0.00471225 0.00448156 0.00264615
148.3 0.755429 0.722053 0.525641 0.00439247 0.00441347 0.00312347
148.32 0.755577 0.722218 0.525757 0.00369048 0.00413616 0.00289404
148.34 0.755701 0.72237 0.525843 0.00310936 0.00379986 0.00216055
148.36 0.755823 0.722509 0.525894 0.00303636 0.00346465 0.0012689
148.38 0.755962 0.722634 0.525914 0.00346982 0.00313082 0.000504784
148.4 0.756123 0.722747 0.525914 0.00404685 0.0028398 -2.00512e-06
148.42 0.756297 0.722856 0.525905 0.00433756 0.00271305 -0.000222226
148.44 0.756462 0.722969 0.5259 0.00413669 0.00283466 -0.000124614
148.46 0.756605 0.723093 0.525914 0.00355495 0.00309458 0.000345713
148.48 0.756721 0.723221 0.525961 0.00290178 0.0032039 0.00116663
148.5 0.756819 0.723338 0.526046 0.00245388 0.00291542 0.00213095
148.52 0.75691 0.723428 0.526161 0.00227322 0.00225032 0.00287181
148.54 0.756999 0.723489 0.526282 0.00222773 0.00152072 0.00302568
148.56 0.757085 0.723534 0.526379 0.00214811 0.00113143 0.00242657
148.58 0.757162 0.723587 0.526428 0.00193833 0.00132695 0.00122763
148.6 0.757225 0.723667 0.526423 0.00157551 0.00200053 -0.000131676
148.62 0.757269 0.723774 0.526378 0.00108683 0.00268096 -0.00112817
148.64 0.757292 0.723886 0.526321 0.000567154 0.00280415 -0.00141633
148.66 0.757298 0.723972 0.526282 0.000165382 0.00213714 -0.000979447
148.68 0.757299 0.724012 0.526278 1.90557e-05 0.00100581 -8.98171e-05
148.7 0.757306 0.724016 0.526312 0.000179546 9.21617e-05 0.000840014
148.72 0.757329 0.724014 0.526369 0.000566507 -5.16988e-05 0.00143275
148.74 0.757368 0.724038 0.526429 0.000972611 0.000611692 0.00150017
148.76 0.757413 0.724102 0.526473 0.00113247 0.00160244 0.00110262
148.78 0.757447 0.724193 0.526493 0.00085335 0.00226605 0.000481083
148.8 0.757453 0.724281 0.52649 0.000154354 0.00220747 -6.64432e-05
148.82 0.757425 0.724343 0.526477 -0.000699727 0.00153282 -0.000317096
148.84 0.757372 0.724372 0.526468 -0.00134184 0.000741854 -0.000226693
148.86 0.757311 0.724386 0.526471 -0.00151762 0.000351238 7.32942e-05
148.88 0.757263 0.724408 0.526487 -0.00118601 0.000541239 0.000407954
148.9 0.757244 0.724452 0.526515 -0.000481163 0.00109194 0.00068272
148.92 0.757259 0.724515 0.52655 0.000361747 0.0015791 0.000892665
148.94 0.757302 0.724581 0.526594 0.00107262 0.0016438 0.00108036
148.96 0.757359 0.724629 0.526645 0.00144487 0.00120037 0.00128824
148.98 0.757416 0.724648 0.526706 0.00142486 0.000487411 0.00151135
149 0.757461 0.724644 0.526773 0.00110253 -9.01127e-05 0.00167762
149.02 0.757487 0.724635 0.52684 0.000652973 -0.000231913 0.00167909
149.04 0.757498 0.724638 0.526898 0.000288644 7.94161e-05 0.00145812
149.06 0.757506 0.724663 0.526942 0.000196733 0.000616103 0.00108859
149.08 0.757524 0.724707 0.526972 0.00045515 0.00109653 0.000750327
149.1 0.757564 0.724762 0.526995 0.00099221 0.00137161 0.000592462
149.12 0.757628 0.724821 0.52702 0.0016108 0.00147218 0.000623103
149.14 0.757712 0.724882 0.52705 0.00207846 0.00153572 0.000740327
149.16 0.757802 0.72495 0.527084 0.00226161 0.00170649 0.000837895
149.18 0.75789 0.725032 0.527118 0.00220592 0.00203057 0.000860531
149.2 0.757974 0.725127 0.527151 0.0021013 0.00239371 0.000823699
149.22 0.75806 0.725231 0.527184 0.00215458 0.00258718 0.000829181
149.24 0.758159 0.72533 0.527225 0.00245871 0.0024706 0.00101607
149.26 0.758276 0.725413 0.527283 0.00293713 0.00209108 0.00144477
149.28 0.758412 0.72548 0.527362 0.00339987 0.00166752 0.00199864
149.3 0.758559 0.725538 0.527459 0.00365895 0.0014595 0.00240141
149.32 0.758703 0.725603 0.527553 0.00360057 0.00160672 0.00235333
149.34 0.758831 0.725684 0.527621 0.00321403 0.00204135 0.00170282
149.36 0.758936 0.725785 0.527643 0.00263192 0.00253004 0.000567965
149.38 0.759021 0.725898 0.527617 0.00212521 0.00282386 -0.000664972
149.4 0.7591 0.726011 0.527557 0.0019746 0.00281947 -0.00149428
149.42 0.759192 0.726115 0.527495 0.00227554 0.00260768 -0.00154434
149.44 0.759306 0.726211 0.527465 0.00286326 0.00239682 -0.000755555
149.46 0.759443 0.726307 0.527488 0.00343654 0.00238731 0.000581078
149.48 0.759594 0.726413 0.527566 0.00375133 0.00266612 0.00194484
149.5 0.759743 0.72654 0.527678 0.00373502 0.00316984 0.00280731
149.52 0.759881 0.726689 0.527793 0.00346049 0.00371506 0.00286892
149.54 0.760003 0.726852 0.52788 0.00304094 0.00407478 0.00217976
149.56 0.760105 0.727015 0.527923 0.00254941 0.00407493 0.00105704
149.58 0.760186 0.727163 0.527919 0.00203707 0.00370395 -9.30818e-05
149.6 0.760251 0.727289 0.527882 0.00162511 0.00315634 -0.000914818
149.62 0.760313 0.727398 0.527835 0.00152901 0.00272152 -0.00119428
149.64 0.760389 0.727502 0.527798 0.0019204 0.0026016 -0.000912788
149.66 0.760499 0.727615 0.527789 0.00274207 0.00281828 -0.000237223
149.68 0.760645 0.727744 0.527811 0.0036487 0.00323397 0.000567699
149.7 0.76081 0.727889 0.527862 0.00412663 0.00362123 0.00125795
149.72 0.760961 0.72804 0.527929 0.0037657 0.00375871 0.00167975
149.74 0.761064 0.728182 0.528 0.00257511 0.00355985 0.00177882
149.76 0.761107 0.728308 0.528064 0.00108772 0.0031458 0.00159007
149.78 0.761111 0.728418 0.528112 9.15698e-05 0.00276856 0.0012045
149.8 0.761117 0.728524 0.528141 0.000156576 0.00262608 0.000722697
149.82 0.761168 0.728632 0.52815 0.00127467 0.00272272 0.000239464
149.84 0.761282 0.728748 0.528145 0.00285642 0.00289056 -0.00013311
149.86 0.761446 0.728865 0.528134 0.0040889 0.0029293 -0.000261623
149.88 0.761622 0.728976 0.528132 0.00440365 0.00275896 -5.72031e-05
149.9 0.761773 0.729075 0.52815 0.00376041 0.00248895 0.00043855
149.92 0.761877 0.729168 0.528191 0.0026043 0.00232865 0.00103808
149.94 0.76194 0.729263 0.52825 0.00156934 0.00237191 0.00147866
149.96 0.761985 0.729362 0.528313 0.00112579 0.00246411 0.00155997
149.98 0.762039 0.729454 0.528364 0.00136524 0.00230296 0.00128123
150 0.762121 0.729521 0.528399 0.00204413 0.00167447 0.00086982
150.02 0.762234 0.729547 0.528424 0.00282897 0.000649675 0.000642179
150.04 0.762374 0.729532 0.528456 0.00349804 -0.000367419 0.000780897
150.06 0.762532 0.729499 0.528503 0.00394518 -0.000820123 0.00119315
150.08 0.762696 0.729484 0.528566 0.00409907 -0.000376374 0.00155591
150.1 0.762852 0.729515 0.528627 0.00391052 0.000766332 0.00153534
150.12 0.762989 0.729593 0.528668 0.0034151 0.00194546 0.00102631
150.14 0.763101 0.729691 0.528678 0.0027945 0.00246669 0.000246869
150.16 0.763195 0.729774 0.528663 0.00235604 0.0020686 -0.000368591
150.18 0.76329 0.729817 0.528647 0.00237361 0.0010676 -0.000417005
150.2 0.763404 0.729821 0.528656 0.00285174 0.000105136 0.000224778
150.22 0.763542 0.729809 0.528708 0.00345363 -0.000294468 0.00131164
150.24 0.763691 0.729807 0.528802 0.00371408 -4.61272e-05 0.00235762
150.26 0.763826 0.729828 0.528918 0.00338149 0.000511017 0.00289965
150.28 0.76393 0.729865 0.529028 0.00261301 0.00092765 0.00275043
150.3 0.764005 0.729905 0.529111 0.00187169 0.000994249 0.00207174
150.32 0.764069 0.729939 0.52916 0.00159621 0.000859283 0.00121991
150.34 0.764144 0.729974 0.52918 0.00187924 0.000866484 0.000511115
150.36 0.76424 0.730024 0.529184 0.00239878 0.00124371 8.23788e-05
150.38 0.764346 0.730099 0.52918 0.00265293 0.00188359 -8.90034e-05
150.4 0.764439 0.730195 0.529178 0.00231366 0.00240833 -6.58577e-05
150.42 0.764497 0.730293 0.529184 0.00144626 0.00245521 0.000149213
150.44 0.764515 0.730371 0.529208 0.000456587 0.00194344 0.000600945
150.46 0.764508 0.730416 0.529258 -0.000178083 0.00112778 0.00126904
150.48 0.764499 0.730434 0.529337 -0.00020841 0.000450543 0.00197116
150.5 0.76451 0.730446 0.529433 0.000257781 0.000291725 0.00239056
150.52 0.764545 0.730476 0.529523 0.000871098 0.000739186 0.00224509
150.54 0.764596 0.730537 0.529582 0.0012804 0.00154117 0.0014853
150.56 0.764649 0.730628 0.529597 0.00133648 0.00227878 0.000374488
150.58 0.764695 0.730734 0.529572 0.00113255 0.00264144 -0.000627392
150.6 0.764729 0.730838 0.529528 0.000849962 0.00260871 -0.0011091
150.62 0.764752 0.730934 0.529491 0.000577705 0.0023955 -0.000924605
150.64 0.764764 0.731023 0.52948 0.000301728 0.00222834 -0.000256697
150.66 0.764765 0.731109 0.529499 4.04023e-05 0.00214706 0.000478996
150.68 0.764762 0.731189 0.529533 -7.44128e-05 0.00200867 0.000848522
150.7 0.764767 0.731257 0.52956 0.000121348 0.00168045 0.000667201
150.72 0.764794 0.731306 0.529565 0.000674453 0.00122697 0.000131247
150.74 0.764851 0.731342 0.529552 0.00143078 0.000908108 -0.000325657
150.76 0.764935 0.731381 0.529539 0.00209727 0.000974908 -0.000338564
150.78 0.765032 0.73144 0.529545 0.00242493 0.00146706 0.000162945
150.8 0.765127 0.731527 0.529583 0.00236181 0.00218755 0.000944434
150.82 0.765209 0.731641 0.529649 0.00205469 0.00283566 0.00163928
150.84 0.765278 0.731767 0.529727 0.00173574 0.00315813 0.00196487
150.86 0.765343 0.731889 0.529801 0.00160127 0.00305388 0.00185551
150.88 0.765413 0.731995 0.529859 0.00175189 0.00264057 0.00144605
150.9 0.7655 0.732083 0.529898 0.00217838 0.00220113 0.000956913
150.92 0.76561 0.732163 0.529921 0.00275177 0.002008 0.000594984
150.94 0.765739 0.732249 0.529941 0.00324197 0.00213772 0.000483139
150.96 0.765876 0.732347 0.529966 0.00342518 0.0024457 0.000622071
150.98 0.766005 0.732456 0.530002 0.00322256 0.0027314 0.000914088
151 0.766116 0.732573 0.530052 0.00275699 0.00291898 0.00123798
151.02 0.766207 0.732697 0.530113 0.00229536 0.00310263 0.00152476
151.04 0.766293 0.732834 0.530183 0.00213391 0.00342529 0.00176888
151.06 0.766391 0.73299 0.530262 0.00246121 0.00391764 0.00197061
151.08 0.766519 0.733168 0.530345 0.00319125 0.00443365 0.00207696
151.1 0.766675 0.733357 0.530425 0.00389635 0.00472612 0.00200229
151.12 0.766836 0.733543 0.530494 0.004029 0.00464435 0.00171135
151.14 0.766969 0.733714 0.530544 0.00333096 0.00428424 0.00126534
151.16 0.767052 0.733871 0.530576 0.00207291 0.00391998 0.000798076
151.18 0.767089 0.734022 0.530595 0.00091516 0.00379039 0.000473503
151.2 0.767108 0.734179 0.530612 0.00049305 0.00392236 0.000417645
151.22 0.767149 0.734344 0.530637 0.00100612 0.00412558 0.000636273
151.24 0.767232 0.73451 0.530677 0.0020721 0.00414612 0.000989486
151.26 0.76735 0.734664 0.530727 0.00296458 0.00385847 0.00125932
151.28 0.767474 0.734799 0.530779 0.00310073 0.00337207 0.00128784
151.3 0.767571 0.734918 0.530823 0.00242078 0.00297211 0.00109631
151.32 0.767627 0.735035 0.530858 0.00139033 0.00291125 0.000885667
151.34 0.767653 0.735162 0.530894 0.000666763 0.00319295 0.000905342
151.36 0.76768 0.735303 0.530945 0.000660315 0.00352274 0.00126001
151.38 0.767731 0.735443 0.531016 0.00128769 0.00349524 0.0017783
151.4 0.767814 0.735559 0.531099 0.00208212 0.00288777 0.00206573
151.42 0.767917 0.735632 0.531169 0.0025527 0.00184273 0.00176592
151.44 0.768017 0.735665 0.531203 0.00250284 0.000807016 0.000853794
151.46 0.7681 0.735675 0.531192 0.00208051 0.000260915 -0.00029514
151.48 0.768164 0.735692 0.531147 0.00160489 0.00042902 -0.00111975
151.5 0.768217 0.735738 0.531099 0.00133087 0.00114738 -0.0012069
151.52 0.76827 0.735816 0.531078 0.00131043 0.00195235 -0.000519983
151.54 0.768328 0.735909 0.531102 0.00144516 0.00232942 0.000603443
151.56 0.768394 0.735988 0.531169 0.00165415 0.00197827 0.00166783
151.58 0.768471 0.736027 0.53126 0.00194318 0.000953386 0.0022775
151.6 0.768564 0.736012 0.531351 0.00231544 -0.000369705 0.00228174
151.62 0.768671 0.735953 0.531423 0.00268107 -0.00146729 0.00178918
151.64 0.768787 0.735877 0.531465 0.00289027 -0.00191395 0.00107255
151.66 0.768901 0.735813 0.531482 0.00285199 -0.00159376 0.000413856
151.68 0.769006 0.735783 0.531481 0.00261729 -0.000745617 -2.35289e-05
151.7 0.7691 0.735791 0.531472 0.0023473 0.000191201 -0.000217733
151.72 0.769187 0.735823 0.531463 0.00219314 0.000806982 -0.000229871
151.74 0.769275 0.735859 0.531457 0.00219755 0.000893716 -0.000143547
151.76 0.769367 0.735879 0.531456 0.00228312 0.000503068 -2.59663e-05
151.78 0.76946 0.735874 0.531461 0.00232593 -0.000113274 0.000109122
151.8 0.76955 0.735849 0.531473 0.00226896 -0.000637431 0.000308874
151.82 0.769638 0.735816 0.531498 0.00217936 -0.000826678 0.000625628
151.84 0.769725 0.735792 0.531539 0.00218799 -0.000597817 0.00102998
151.86 0.769819 0.73579 0.531594 0.00235188 -3.57614e-05 0.00137001
151.88 0.769922 0.735817 0.531652 0.00257762 0.000678409 0.00145463
151.9 0.770029 0.735873 0.531701 0.00267788 0.00137645 0.00121316
151.92 0.77013 0.735951 0.531732 0.00250459 0.00195146 0.000772821
151.94 0.770212 0.736044 0.531747 0.00206145 0.00232912 0.000380291
151.96 0.770273 0.736141 0.531756 0.00152414 0.00242969 0.000233628
151.98 0.770318 0.736229 0.53177 0.00112402 0.00219448 0.000349302
152 0.770356 0.736296 0.531793 0.000964208 0.00167224 0.000564641
152.02 0.770395 0.736339 0.53182 0.000960461 0.00107751 0.000670092
152.04 0.770434 0.736369 0.531842 0.000967093 0.000746562 0.000570359
152.06 0.770471 0.736408 0.531856 0.000945119 0.000989498 0.000348399
152.08 0.770511 0.736483 0.531864 0.00100073 0.00187026 0.000188961
152.1 0.770562 0.736605 0.531873 0.00126322 0.00305246 0.000230995
152.12 0.770631 0.736761 0.531892 0.00172887 0.00390843 0.000482043
152.14 0.77072 0.736917 0.531926 0.00223002 0.00390003 0.000850477
152.16 0.770823 0.737036 0.531976 0.00257438 0.0029735 0.00122735
152.18 0.770931 0.737103 0.532037 0.00270207 0.0016645 0.00153127
152.2 0.77104 0.737134 0.532105 0.00271052 0.000784874 0.00169679
152.22 0.77115 0.737169 0.532171 0.00274689 0.000867063 0.00165999
152.24 0.771265 0.737241 0.532226 0.0028732 0.00179007 0.00138059
152.26 0.771385 0.737356 0.532263 0.00301303 0.00289256 0.000914764
152.28 0.771506 0.737495 0.532281 0.00301962 0.00346636 0.00044085
152.3 0.771619 0.737624 0.532287 0.00282535 0.00322868 0.000163277
152.32 0.771721 0.737722 0.532294 0.00254616 0.00245138 0.000170078
152.34 0.771818 0.737791 0.532309 0.00242151 0.00173241 0.000382844
152.36 0.771922 0.737856 0.532335 0.00261641 0.00160529 0.000633115
152.38 0.772044 0.737944 0.532366 0.00305548 0.00221223 0.000788377
152.4 0.772182 0.738073 0.532399 0.00344559 0.00323283 0.000835212
152.42 0.772322 0.738237 0.532434 0.00348901 0.00409825 0.000871194
152.44 0.772447 0.738411 0.532475 0.00312918 0.00434513 0.00101695
152.46 0.772552 0.738567 0.532526 0.00261219 0.00390344 0.00127982
152.48 0.772643 0.738692 0.532585 0.00228258 0.00311519 0.0014807
152.5 0.772735 0.738791 0.53264 0.00231579 0.00247705 0.00135335
152.52 0.772841 0.738885 0.53267 0.0026345 0.00235877 0.000769736
152.54 0.772961 0.739 0.532667 0.00300061 0.00286319 -9.02244e-05
152.56 0.773088 0.739152 0.532634 0.00316963 0.00380162 -0.000806646
152.58 0.773209 0.739343 0.532594 0.00303971 0.00476468 -0.00100456
152.6 0.773318 0.739555 0.532569 0.00271283 0.00530804 -0.000623743
152.62 0.773414 0.739762 0.532571 0.00240821 0.00518947 5.09863e-05
152.64 0.773506 0.739942 0.532596 0.00230492 0.00449626 0.000619447
152.66 0.773604 0.740086 0.532631 0.00244898 0.00358469 0.000862237
152.68 0.773714 0.740201 0.532665 0.00274507 0.00288616 0.000867866
152.7 0.773834 0.740308 0.532702 0.00299993 0.00267619 0.000910055
152.72 0.773955 0.740426 0.532749 0.00301249 0.00295659 0.00119392
152.74 0.774062 0.740567 0.532817 0.00268092 0.00351681 0.00167596
152.76 0.774145 0.74073 0.5329 0.0020777 0.00407528 0.00208957
152.78 0.774203 0.740906 0.532986 0.00145167 0.00439341 0.00213543
152.8 0.774248 0.74108 0.533053 0.00112774 0.00434767 0.00168269
152.82 0.774301 0.741238 0.533087 0.00132107 0.00395116 0.00086313
152.84 0.77438 0.741372 0.533088 0.00198255 0.00335398 1.91607e-05
152.86 0.774493 0.741484 0.533069 0.00281258 0.00279901 -0.000486807
152.88 0.77463 0.741584 0.53305 0.00344288 0.00250205 -0.000471926
152.9 0.774775 0.741685 0.53305 0.00361622 0.00252955 -1.24853e-07
152.92 0.774905 0.741796 0.533077 0.0032584 0.00277251 0.000681365
152.94 0.775005 0.741917 0.533128 0.00248328 0.00301694 0.00128042
152.96 0.775067 0.742039 0.533192 0.00156525 0.00305902 0.00160621
152.98 0.775101 0.742151 0.533259 0.000852002 0.0027997 0.00166486
153 0.775127 0.742242 0.533324 0.00062779 0.00228232 0.00161456
153.02 0.775165 0.74231 0.533387 0.000973167 0.00168618 0.0015827
153.04 0.775233 0.74236 0.533448 0.00168001 0.00125711 0.00152961
153.06 0.775326 0.742407 0.5335 0.00234155 0.00116484 0.00129937
153.08 0.775431 0.742462 0.533532 0.00261566 0.00138806 0.000802786
153.1 0.775529 0.742532 0.533539 0.00244561 0.00173113 0.000164973
153.12 0.775611 0.74261 0.533527 0.00205802 0.00195529 -0.000302483
153.14 0.775681 0.742686 0.533514 0.00175175 0.00189624 -0.00031771
153.16 0.775747 0.742747 0.53352 0.00164809 0.00153461 0.000147341
153.18 0.775811 0.742787 0.533553 0.00160469 0.00100009 0.00083432
153.2 0.775867 0.742807 0.533608 0.00139433 0.000491815 0.0013595
153.22 0.775906 0.742814 0.533665 0.000982116 0.00017295 0.00144251
153.24 0.77593 0.742818 0.533708 0.000593663 0.000114416 0.00107369
153.26 0.77595 0.74283 0.533729 0.000485161 0.000305177 0.000514672
153.28 0.775977 0.742857 0.533734 0.000683693 0.000664649 0.000130849
153.3 0.776015 0.742898 0.53374 0.000945013 0.00103452 0.000156365
153.32 0.776052 0.742947 0.533763 0.000939748 0.00120799 0.000561112
153.34 0.776073 0.742988 0.533807 0.000513333 0.00103251 0.00109422
153.36 0.776066 0.74301 0.533865 -0.000161924 0.000554002 0.00145511
153.38 0.77604 0.743012 0.533924 -0.000652739 5.34939e-05 0.00148275
153.4 0.776019 0.743007 0.533974 -0.000537911 -0.000138021 0.00124969
153.42 0.77603 0.743011 0.534014 0.000277262 9.99456e-05 0.000998946
153.44 0.776087 0.743033 0.534053 0.00142532 0.000557199 0.000964121
153.46 0.776178 0.743066 0.534101 0.00227319 0.000834355 0.00120364
153.48 0.776271 0.743093 0.534163 0.00233617 0.000659647 0.00155923
153.5 0.776335 0.743098 0.534234 0.00158856 0.000123864 0.00177023
153.52 0.776353 0.743083 0.534301 0.000457959 -0.000375437 0.00167042
153.54 0.776336 0.743065 0.534353 -0.000436677 -0.000437284 0.00130529
153.56 0.776311 0.743066 0.534388 -0.000612718 2.66644e-05 0.000881062
153.58 0.776313 0.743094 0.534412 4.23182e-05 0.00069877 0.000596751
153.6 0.776362 0.743137 0.534432 0.00123573 0.00107595 0.000505087
153.62 0.77646 0.743171 0.534453 0.00244591 0.000854555 0.000525221
153.64 0.776588 0.743179 0.534476 0.00321049 0.000188012 0.000573468
153.66 0.776722 0.743163 0.534503 0.00334957 -0.00040598 0.000662472
153.68 0.776842 0.743145 0.534537 0.00299433 -0.00045187 0.000866085
153.7 0.776941 0.743148 0.534585 0.00246612 9.57249e-05 0.00120022
153.72 0.777026 0.743182 0.534647 0.00212658 0.000825653 0.00153565
153.74 0.777114 0.74323 0.534713 0.00220558 0.00122008 0.001649
153.76 0.777221 0.743273 0.534769 0.00267965 0.00107596 0.00140456
153.78 0.777354 0.7433 0.534804 0.00330675 0.000674425 0.00087453
153.8 0.777505 0.743323 0.534815 0.00379252 0.000563829 0.00028458
153.82 0.777664 0.743367 0.534809 0.00396389 0.00110088 -0.000149534
153.84 0.777817 0.743452 0.534796 0.00383909 0.00211685 -0.000336094
153.86 0.777961 0.743572 0.534784 0.00358375 0.00300809 -0.000305594
153.88 0.778096 0.7437 0.534777 0.00338919 0.00320259 -0.000164531
153.9 0.778229 0.743804 0.534776 0.003326 0.00261121 -4.00983e-05
153.92 0.778361 0.743873 0.534775 0.00330021 0.00171865 -4.97794e-06
153.94 0.778488 0.743923 0.534775 0.00316901 0.00125379 -1.97093e-05
153.96 0.778604 0.74399 0.534776 0.00289889 0.00167434 4.15067e-05
153.98 0.778709 0.744104 0.534788 0.00261671 0.00284767 0.000285631
154 0.778809 0.744271 0.534816 0.00251842 0.00416047 0.000716353
154.02 0.778918 0.744469 0.534866 0.00270188 0.00495477 0.00123551
154.04 0.779039 0.744667 0.534933 0.00304853 0.00495606 0.00169217
154.06 0.779171 0.744843 0.535011 0.00328495 0.00438817 0.00193584
154.08 0.779299 0.744992 0.535085 0.00319625 0.00372924 0.0018606
154.1 0.779411 0.745125 0.535143 0.00279859 0.00333763 0.00145458
154.12 0.779503 0.745255 0.535177 0.00231351 0.0032409 0.000843773
154.14 0.779582 0.745384 0.535188 0.00198127 0.00322258 0.000280439
154.16 0.779659 0.745508 0.53519 0.00190458 0.00310884 3.4126e-05
154.18 0.77974 0.745627 0.535199 0.00202757 0.00297248 0.000228293
154.2 0.779828 0.745749 0.535229 0.00219961 0.00303706 0.000749058
154.22 0.779919 0.745885 0.535282 0.00227166 0.0034125 0.00132137
154.24 0.780007 0.746044 0.53535 0.00220479 0.00396074 0.00171197
154.26 0.780091 0.746219 0.535426 0.00209471 0.00438971 0.00188715
154.28 0.780174 0.746398 0.535505 0.002074 0.00446432 0.0019941
154.3 0.780261 0.746564 0.535593 0.00218308 0.00416504 0.00219314
154.32 0.780354 0.746712 0.535693 0.00233111 0.00369642 0.0024918
154.34 0.780449 0.746845 0.535801 0.00238233 0.00333407 0.0027016
154.36 0.78054 0.746974 0.535902 0.00227582 0.00320107 0.00253286
154.38 0.780623 0.7471 0.535974 0.00206442 0.00316193 0.00179911
154.4 0.780697 0.747218 0.535999 0.00185837 0.00295037 0.000630141
154.42 0.780767 0.747315 0.535979 0.00174644 0.00242651 -0.000507379
154.44 0.780837 0.747385 0.535937 0.00175031 0.00174732 -0.00105958
154.46 0.78091 0.747437 0.535907 0.00181775 0.00130275 -0.000736795
154.48 0.780984 0.747495 0.53592 0.00185422 0.00143822 0.000310684
154.5 0.781056 0.747582 0.535984 0.0018075 0.00217436 0.00159636
154.52 0.781125 0.747708 0.536085 0.00172662 0.0031534 0.0025442
154.54 0.781194 0.74786 0.536195 0.00171105 0.00381815 0.00273646
154.56 0.781267 0.748009 0.536278 0.00182839 0.00372329 0.00207945
154.58 0.781349 0.748122 0.536311 0.00205318 0.00281828 0.000832685
154.6 0.781439 0.748181 0.536291 0.00225772 0.00146759 -0.000512996
154.62 0.781532 0.748189 0.536232 0.00230127 0.000215771 -0.00146542
154.64 0.781617 0.74817 0.536162 0.00214068 -0.000478352 -0.0017599
154.66 0.781691 0.748155 0.536104 0.00184499 -0.000387748 -0.00144638
154.68 0.781753 0.748171 0.536072 0.00154931 0.000414869 -0.000799874
154.7 0.781809 0.748234 0.536066 0.00139208 0.00155377 -0.000136433
154.72 0.781866 0.748334 0.536081 0.00142263 0.00250075 0.000357091
154.74 0.781928 0.748447 0.536108 0.00155975 0.00282564 0.000682475
154.76 0.781995 0.748543 0.536146 0.00167457 0.00240614 0.000943558
154.78 0.782063 0.748602 0.536194 0.00170062 0.00148536 0.00119503
154.8 0.782129 0.748624 0.536248 0.00164424 0.000543655 0.00136439
154.82 0.78219 0.748626 0.536301 0.00152728 5.32539e-05 0.00131561
154.84 0.782244 0.748635 0.536341 0.00135825 0.000231138 0.000995952
154.86 0.78229 0.748672 0.536362 0.00115721 0.000915743 0.000530276
154.88 0.78233 0.748739 0.536368 0.000988283 0.00166283 0.000165845
154.9 0.782367 0.748819 0.536373 0.00093748 0.00201975 0.000103156
154.92 0.782409 0.748891 0.536387 0.00103659 0.00179213 0.000352134
154.94 0.782458 0.748937 0.536416 0.00121866 0.00114078 0.000736984
154.96 0.782512 0.748956 0.536458 0.0013672 0.000478339 0.00104077
154.98 0.782569 0.748964 0.536504 0.00140831 0.000216288 0.0011691
155 0.782622 0.748984 0.536552 0.00134533 0.000496792 0.00119245
155.02 0.782672 0.749028 0.536602 0.00122629 0.00110369 0.00124685
155.04 0.782716 0.749093 0.536658 0.00110028 0.00160993 0.0014008
155.06 0.782755 0.74916 0.536722 0.000994326 0.00166827 0.00160775
155.08 0.782792 0.749209 0.536792 0.000925402 0.00124281 0.00175214
155.1 0.782829 0.749235 0.536862 0.000924901 0.000631086 0.00173544
155.12 0.78287 0.749245 0.536923 0.00102295 0.000266581 0.00152931
155.14 0.782918 0.749262 0.53697 0.00119839 0.000428713 0.00118148
155.16 0.782973 0.749305 0.537002 0.001371 0.00106812 0.000789693
155.18 0.783031 0.749379 0.53702 0.00146084 0.00185446 0.000461758
155.2 0.78309 0.749475 0.537032 0.00146289 0.0023889 0.000291113
155.22 0.783149 0.749572 0.537045 0.00146698 0.00243132 0.000335503
155.24 0.783212 0.749653 0.537069 0.00158011 0.00201501 0.000581658
155.26 0.783284 0.749709 0.537107 0.00181381 0.00141402 0.000945292
155.28 0.783366 0.749749 0.537159 0.00205274 0.000990536 0.00131093
155.3 0.783452 0.749789 0.537221 0.0021425 0.00100227 0.00155082
155.32 0.783533 0.749848 0.537283 0.002028 0.00147647 0.00153981
155.34 0.783607 0.749937 0.537332 0.00184046 0.00221945 0.00122912
155.36 0.78368 0.750054 0.537361 0.00183099 0.00293278 0.000724068
155.38 0.783767 0.750189 0.537371 0.00217542 0.00336112 0.000248574
155.4 0.78388 0.750325 0.537371 0.00281873 0.00340229 -9.29977e-07
155.42 0.78402 0.75045 0.537371 0.00350265 0.00312562 1.11929e-05
155.44 0.784178 0.750558 0.537377 0.00394332 0.00270041 0.000159329
155.46 0.784338 0.750649 0.537389 0.00400182 0.002288 0.000279048
155.48 0.784487 0.750728 0.537401 0.00374038 0.00197569 0.000308278
155.5 0.784622 0.7508 0.537415 0.00336239 0.00178935 0.000344073
155.52 0.784745 0.75087 0.537436 0.00307848 0.00176168 0.000544615
155.54 0.784864 0.750949 0.537474 0.0029755 0.00197009 0.000938657
155.56 0.784984 0.751048 0.537527 0.00299706 0.00247666 0.00133526
155.58 0.785106 0.751177 0.537586 0.0030409 0.0032182 0.00146986
155.6 0.785228 0.751335 0.537637 0.0030537 0.00396617 0.00125793
155.62 0.785349 0.751513 0.537671 0.00304062 0.00442709 0.000860146
155.64 0.78547 0.751689 0.537691 0.00301143 0.00441181 0.000509521
155.66 0.785587 0.751847 0.537705 0.00293967 0.00393984 0.000338891
155.68 0.785699 0.751976 0.537719 0.00279316 0.00323257 0.000360019
155.7 0.785803 0.752081 0.537741 0.00259844 0.0026228 0.000530648
155.72 0.785901 0.752177 0.537772 0.00244181 0.00241297 0.000785133
155.74 0.785997 0.752286 0.537813 0.00239386 0.00271121 0.00103781
155.76 0.786094 0.752419 0.537862 0.00244434 0.00333406 0.00122216
155.78 0.786194 0.752575 0.537915 0.00249319 0.00388979 0.00131953
155.8 0.78629 0.752736 0.537968 0.00240904 0.00402345 0.00133215
155.82 0.786376 0.752881 0.538019 0.00213419 0.00363603 0.00125778
155.84 0.786446 0.752998 0.538063 0.00176754 0.00292852 0.00110511
155.86 0.786508 0.753089 0.5381 0.0015316 0.00227247 0.000915097
155.88 0.786572 0.753169 0.53813 0.00161612 0.00199106 0.00076718
155.9 0.786653 0.753256 0.53816 0.0020267 0.0021719 0.000754285
155.92 0.786756 0.753361 0.538197 0.00257332 0.00262987 0.000910474
155.94 0.786876 0.753483 0.538243 0.00299403 0.00304864 0.00114557
155.96 0.787001 0.753611 0.538294 0.00311748 0.00319441 0.00127903
155.98 0.78712 0.753732 0.53834 0.00298294 0.00303221 0.001165
156 0.787233 0.75384 0.538373 0.00281941 0.00268961 0.000803477
156.02 0.787346 0.753933 0.538387 0.00283787 0.00234592 0.000357461
156.04 0.787468 0.754018 0.53839 0.00302972 0.00211261 7.14753e-05
156.06 0.787596 0.754096 0.538395 0.00320543 0.00195447 0.00014196
156.08 0.787725 0.754165 0.538419 0.0032213 0.00173599 0.00060112
156.1 0.787849 0.754221 0.538471 0.0031163 0.00138406 0.00127905
156.12 0.787971 0.754261 0.538546 0.00304191 0.00100262 0.00187732
156.14 0.788095 0.754293 0.53863 0.00310637 0.000796875 0.00211309
156.16 0.788226 0.754328 0.538704 0.00327746 0.000873213 0.00185078
156.18 0.788362 0.754373 0.538751 0.00338209 0.00114068 0.0011604
156.2 0.78849 0.75443 0.538762 0.00321559 0.00141706 0.000296106
156.22 0.788601 0.754493 0.538747 0.00276067 0.00158334 -0.000377865
156.24 0.788693 0.754557 0.538726 0.00230475 0.0015971 -0.000529795
156.26 0.788782 0.754614 0.538724 0.00223464 0.0014259 -4.75092e-05
156.28 0.788889 0.754656 0.538758 0.00266555 0.00104456 0.000846705
156.3 0.789021 0.754675 0.538825 0.00330951 0.000483358 0.00166941
156.32 0.789169 0.75467 0.538903 0.00369209 -0.00012913 0.00194148
156.34 0.789308 0.754648 0.538962 0.00347086 -0.000554742 0.0014845
156.36 0.789413 0.754627 0.538983 0.00263137 -0.0005337 0.000536015
156.38 0.789472 0.754627 0.538967 0.00147701 1.93116e-05 -0.000406952
156.4 0.78949 0.754663 0.538931 0.00043942 0.000882448 -0.00089197
156.42 0.789484 0.754728 0.538902 -0.000152164 0.00162183 -0.000741067
156.44 0.789476 0.754802 0.538898 -0.000203184 0.00185089 -9.47379e-05
156.46 0.789483 0.754861 0.538926 0.000177872 0.00148824 0.000709269
156.48 0.789515 0.754894 0.53898 0.000807586 0.000816967 0.00134678
156.5 0.789575 0.754905 0.539047 0.00149457 0.000284034 0.00167684
156.52 0.789655 0.754914 0.539117 0.00201114 0.000211096 0.00174503
156.54 0.78974 0.754939 0.539183 0.00211653 0.000624208 0.00165219
156.56 0.789808 0.75499 0.53924 0.00169449 0.00127867 0.00142577
156.58 0.789842 0.755063 0.539281 0.000870772 0.00184174 0.00101152
156.6 0.789843 0.755147 0.539296 3.68129e-06 0.00209212 0.000381437
156.62 0.789824 0.755228 0.539282 -0.000457152 0.00201191 -0.000344875
156.64 0.789816 0.755297 0.539247 -0.000200761 0.00174541 -0.000882274
156.66 0.789846 0.755358 0.53921 0.000740757 0.00150584 -0.000911809
156.68 0.789924 0.755416 0.539199 0.00195253 0.00146922 -0.000289167
156.7 0.790037 0.755483 0.539232 0.00283191 0.00166876 0.000820715
156.72 0.790154 0.755562 0.539311 0.00292276 0.00197464 0.0019912
156.74 0.790241 0.755651 0.539421 0.00218213 0.00220905 0.00274622
156.76 0.790282 0.755742 0.539534 0.00102037 0.00229042 0.00281883
156.78 0.790286 0.755833 0.539626 8.57293e-05 0.00227534 0.00230844
156.8 0.790282 0.755924 0.539692 -8.24345e-05 0.00227732 0.00163393
156.82 0.790308 0.756018 0.539743 0.000645477 0.00234178 0.00127545
156.84 0.790384 0.756114 0.539801 0.0019004 0.0024034 0.00145191
156.86 0.790505 0.756209 0.53988 0.00301815 0.00238091 0.00197213
156.88 0.790642 0.756301 0.539975 0.00342943 0.00229698 0.00238335
156.9 0.790762 0.756392 0.540066 0.00299357 0.00226926 0.00228583
156.92 0.790845 0.756488 0.54013 0.00207924 0.00240549 0.001591
156.94 0.790898 0.756596 0.540153 0.00133141 0.00270505 0.000582885
156.96 0.790948 0.756718 0.540144 0.00124252 0.00303729 -0.000241586
156.98 0.791021 0.756847 0.540125 0.00182602 0.00323083 -0.000473045
157 0.791127 0.756976 0.540123 0.00264063 0.00321502 -3.89653e-05
157.02 0.791252 0.757099 0.540154 0.00312131 0.00308148 0.000775439
157.04 0.791371 0.75722 0.540216 0.00297958 0.00301955 0.00153504
157.06 0.791466 0.757347 0.540293 0.0023921 0.00318692 0.00193157
157.08 0.79154 0.757491 0.540369 0.00182913 0.00359244 0.00191332
157.1 0.791607 0.757653 0.540433 0.00168326 0.00405174 0.00159247
157.12 0.791687 0.757824 0.540476 0.0020003 0.00426426 0.00108353
157.14 0.791786 0.757984 0.540495 0.00247876 0.00400152 0.000469665
157.16 0.791894 0.758115 0.540491 0.00269451 0.00327612 -0.000106543
157.18 0.79199 0.758209 0.540474 0.0023926 0.00234967 -0.000431167
157.2 0.792057 0.758272 0.540459 0.00167893 0.00157741 -0.000357532
157.22 0.792096 0.758321 0.540462 0.000971774 0.00122928 5.3328e-05
157.24 0.792125 0.758377 0.540483 0.000739248 0.00140877 0.00054609
157.26 0.792174 0.758459 0.540517 0.0012217 0.00205 0.000833185
157.28 0.792265 0.758576 0.540548 0.0022755 0.00292812 0.000783251
157.3 0.792402 0.758724 0.540568 0.00341476 0.00370147 0.000496037
157.32 0.792565 0.758886 0.540576 0.00408347 0.00402765 0.00020042
157.34 0.792726 0.759034 0.540579 0.00401417 0.00372158 6.86322e-05
157.36 0.79286 0.759149 0.540584 0.00337407 0.00286946 0.000136407
157.38 0.792964 0.759222 0.540598 0.00258184 0.00182481 0.000360012
157.4 0.793044 0.759264 0.540626 0.00200691 0.00105455 0.000687069
157.42 0.793116 0.7593 0.540669 0.00180258 0.000892351 0.00107145
157.44 0.793193 0.759354 0.540727 0.00192216 0.00133697 0.00145528
157.46 0.793282 0.759435 0.540797 0.00222322 0.00204459 0.00175372
157.48 0.793385 0.759537 0.540872 0.00256788 0.00254854 0.00187529
157.5 0.7935 0.759639 0.540943 0.00287617 0.00255446 0.00176137
157.52 0.793624 0.759724 0.540999 0.00311367 0.00210699 0.00141089
157.54 0.793754 0.759784 0.541035 0.00324375 0.0015172 0.000890749
157.56 0.793882 0.75983 0.541048 0.00319875 0.00112707 0.000322635
157.58 0.793998 0.759873 0.541041 0.00289958 0.00109333 -0.000164487
157.6 0.794092 0.759926 0.541022 0.00234295 0.00132743 -0.000479244
157.62 0.794159 0.75999 0.540998 0.00168337 0.00159681 -0.000586329
157.64 0.794207 0.760058 0.540978 0.00118815 0.00168683 -0.000506901
157.66 0.79425 0.760119 0.540967 0.00108574 0.00152319 -0.00028014
157.68 0.794307 0.760166 0.54097 0.001427 0.00118139 8.332e-05
157.7 0.794389 0.760198 0.540993 0.00204387 0.00081338 0.000577736
157.72 0.794494 0.760221 0.541038 0.00262475 0.000572952 0.00111848
157.74 0.794609 0.760244 0.541099 0.00287972 0.000559334 0.00152538
157.76 0.794717 0.760275 0.541165 0.0027117 0.000772376 0.00164088
157.78 0.794809 0.760319 0.541223 0.00228571 0.00110732 0.00146285
157.8 0.794885 0.760376 0.541269 0.001909 0.00141554 0.00115476
157.82 0.794958 0.76044 0.541307 0.00182781 0.00160654 0.000937437
157.84 0.795042 0.760507 0.541344 0.00208104 0.00168761 0.000937211
157.86 0.795141 0.760576 0.541388 0.00247542 0.00170913 0.00108148
157.88 0.795248 0.760643 0.541433 0.00269675 0.00169583 0.00113516
157.9 0.79535 0.76071 0.541469 0.00252751 0.00165817 0.00089424
157.92 0.795431 0.760776 0.541484 0.00204423 0.00166516 0.000377998
157.94 0.795495 0.76085 0.541478 0.00158722 0.0018474 -0.000143459
157.96 0.795555 0.760942 0.541466 0.00149789 0.00228532 -0.000298227
157.98 0.79563 0.761057 0.541472 0.00187557 0.00288885 0.000153901
158 0.795732 0.761192 0.541518 0.00254731 0.00337776 0.00113435
158.02 0.79586 0.761329 0.541607 0.00321347 0.00340691 0.00224037
158.04 0.796005 0.76144 0.541725 0.00360901 0.00279372 0.00294732
158.06 0.796149 0.761509 0.541842 0.00360827 0.00171359 0.00290792
158.08 0.796279 0.761535 0.541928 0.00325038 0.000660756 0.00215612
158.1 0.796386 0.761542 0.541971 0.00268034 0.000175607 0.00108419
158.12 0.796469 0.761564 0.541979 0.00207767 0.000527907 0.000204321
158.14 0.796534 0.761625 0.541973 0.00161753 0.00153611 -0.000151641
158.16 0.796591 0.76173 0.541973 0.00143024 0.00262928 -8.38291e-06
158.18 0.796653 0.761856 0.541985 0.00154399 0.00315558 0.000294961
158.2 0.796728 0.761968 0.541999 0.00186677 0.00278481 0.000341856
158.22 0.796817 0.762037 0.541996 0.00222935 0.00172485 -6.42272e-05
158.24 0.796914 0.76206 0.541966 0.00243913 0.000583713 -0.000757009
158.26 0.797008 0.76206 0.541913 0.00235143 -1.22203e-05 -0.00131236
158.28 0.797087 0.762068 0.541861 0.00195996 0.000221096 -0.00131456
158.3 0.797144 0.762112 0.541836 0.00143835 0.00109219 -0.000627362
158.32 0.797187 0.762195 0.541855 0.00105507 0.00206653 0.000495904
158.34 0.797227 0.762298 0.541917 0.00100767 0.00257938 0.00154286
158.36 0.797279 0.762393 0.541999 0.00131338 0.00237438 0.0020416
158.38 0.797352 0.762459 0.542071 0.00180897 0.0016583 0.00179795
158.4 0.797441 0.762496 0.542108 0.00224341 0.000921866 0.000936833
158.42 0.797539 0.762519 0.542101 0.00242724 0.000571125 -0.000170922
158.44 0.797632 0.762547 0.54206 0.00234498 0.000696214 -0.00102564
158.46 0.797718 0.762591 0.542013 0.00213209 0.00111168 -0.00119251
158.48 0.797795 0.762653 0.541991 0.00194456 0.00155236 -0.000546964
158.5 0.79787 0.762728 0.542016 0.0018607 0.00185667 0.000626139
158.52 0.797945 0.762809 0.542088 0.00186942 0.00202557 0.00179803
158.54 0.798021 0.762895 0.542187 0.00191263 0.00215105 0.00249572
158.56 0.798099 0.762986 0.542288 0.00194486 0.00227008 0.00252365
158.58 0.798177 0.763076 0.542369 0.00196062 0.00226836 0.00200622
158.6 0.798256 0.763156 0.54242 0.00197362 0.00198493 0.00127272
158.62 0.798335 0.763214 0.542447 0.00195681 0.00145248 0.000680227
158.64 0.798408 0.763254 0.542466 0.00183157 0.000995209 0.000477784
158.66 0.79847 0.763295 0.542495 0.00156064 0.00103751 0.00073913
158.68 0.79852 0.763366 0.54255 0.00125656 0.00177448 0.00136385
158.7 0.798566 0.763485 0.542635 0.00114411 0.00296601 0.00213172
158.72 0.798622 0.763646 0.542746 0.00138325 0.00402072 0.00277333
158.74 0.798699 0.763819 0.542868 0.00192787 0.00434436 0.00303366
158.76 0.798799 0.763968 0.542977 0.00251825 0.00372622 0.00274053
158.78 0.798912 0.764068 0.543053 0.00281716 0.00250121 0.00190561
158.8 0.799017 0.764124 0.543085 0.0026286 0.00138021 0.000792773
158.82 0.799098 0.764165 0.543078 0.00202794 0.00103048 -0.000170095
158.84 0.799151 0.764231 0.543054 0.00130631 0.00165247 -0.000620646
158.86 0.799182 0.764345 0.543034 0.000785752 0.00284954 -0.000478265
158.88 0.799208 0.764501 0.543035 0.000642351 0.00389304 1.03491e-05
158.9 0.799242 0.764668 0.543052 0.00085677 0.00418543 0.000438238
158.92 0.799293 0.764812 0.543073 0.00128121 0.0036093 0.000518078
158.94 0.799363 0.764915 0.543084 0.00174252 0.00255533 0.000270372
158.96 0.799447 0.76498 0.543083 0.00210567 0.00163913 -2.08926e-05
158.98 0.799538 0.765032 0.543081 0.0022645 0.00129733 -5.52742e-05
159 0.799623 0.765093 0.54309 0.00213712 0.00152526 0.000234963
159.02 0.799693 0.765171 0.543116 0.00173106 0.00195693 0.000632596
159.04 0.799741 0.765259 0.543148 0.00121502 0.00220095 0.000805534
159.06 0.799777 0.765344 0.54317 0.000886533 0.00212559 0.0005647
159.08 0.799817 0.76542 0.543171 0.0010203 0.00188669 9.10262e-06
159.1 0.799884 0.765489 0.543148 0.00167371 0.00173912 -0.000555096
159.12 0.799988 0.765562 0.543114 0.00258188 0.00182486 -0.00085306
159.14 0.800118 0.765646 0.543081 0.00325327 0.00208382 -0.000833197
159.16 0.800248 0.765738 0.543055 0.00325667 0.00231406 -0.000657314
159.18 0.800349 0.765832 0.543034 0.00252186 0.00234221 -0.000506656
159.2 0.800406 0.765919 0.543019 0.00142964 0.00218275 -0.00038271
159.22 0.80043 0.766 0.543016 0.000608192 0.00201005 -9.01271e-05
159.24 0.800453 0.766078 0.543039 0.000553555 0.00195719 0.000575569
159.26 0.800505 0.766158 0.543102 0.00131671 0.00199891 0.00158505
159.28 0.800604 0.766239 0.543205 0.00247246 0.00203517 0.00258733
159.3 0.80074 0.766321 0.543329 0.0034012 0.0020409 0.0030983
159.32 0.800887 0.766405 0.543444 0.0036707 0.00210822 0.00285608
159.34 0.801017 0.7665 0.543525 0.00325854 0.00235319 0.00204185
159.36 0.801118 0.76661 0.543572 0.00251583 0.00277378 0.00116814
159.38 0.801195 0.766737 0.543601 0.00191955 0.00317488 0.00071683
159.4 0.801266 0.766867 0.543633 0.00178271 0.0032475 0.000817179
159.42 0.80135 0.766978 0.543682 0.0021109 0.00277551 0.00121073
159.44 0.801457 0.767051 0.543742 0.00266568 0.00181835 0.0015107
159.46 0.801583 0.76708 0.543803 0.0031554 0.000733923 0.00151922
159.48 0.80172 0.767081 0.543857 0.00341205 1.37601e-05 0.00136098
159.5 0.801858 0.767082 0.543911 0.00344513 1.17518e-05 0.00134081
159.52 0.801992 0.76711 0.543977 0.00335542 0.000724183 0.00164883
159.54 0.80212 0.767182 0.544064 0.00321557 0.00179116 0.0021685
159.56 0.802242 0.767291 0.544165 0.0030421 0.00272665 0.00253763
159.58 0.802357 0.767418 0.544261 0.00286605 0.00317715 0.00239985
159.6 0.802468 0.76754 0.544327 0.00278676 0.00303353 0.00164762
159.62 0.802584 0.767636 0.544347 0.00290208 0.00240799 0.000489803
159.64 0.802711 0.767699 0.54432 0.00317717 0.00157982 -0.000665147
159.66 0.802848 0.767735 0.544264 0.00341078 0.000902791 -0.00139518
159.68 0.802983 0.767761 0.544207 0.00337126 0.000655021 -0.00143931
159.7 0.803103 0.767798 0.544174 0.00300071 0.000922071 -0.000825981
159.72 0.803203 0.767861 0.544179 0.00250029 0.00156804 0.000132414
159.74 0.803291 0.767953 0.544219 0.00219929 0.00229183 0.00100738
159.76 0.803383 0.768064 0.544278 0.0023122 0.00277061 0.00147122
159.78 0.803495 0.768176 0.544335 0.00278389 0.00282106 0.0014283
159.8 0.803627 0.768276 0.544376 0.00332201 0.00248572 0.00100804
159.82 0.803771 0.768356 0.544394 0.00357968 0.00200096 0.000463906
159.84 0.803905 0.768422 0.544397 0.00336446 0.00165327 5.71947e-05
159.86 0.804015 0.768487 0.544395 0.00275113 0.00161334 -3.63656e-05
159.88 0.804097 0.76856 0.544403 0.00203414 0.00184742 0.000195155
159.9 0.804158 0.768647 0.544426 0.00152668 0.0021574 0.000576737
159.92 0.804212 0.768739 0.544459 0.00135888 0.00231825 0.000838371
159.94 0.80427 0.768828 0.544491 0.0014517 0.00220995 0.000784837
159.96 0.804336 0.768903 0.544508 0.00164058 0.00187583 0.000424843
159.98 0.804407 0.768963 0.544506 0.00178405 0.0015089 -3.52207e-05
160 0.804479 0.769017 0.544493 0.00178908 0.00135218 -0.000330668
160.02 0.804543 0.769078 0.544481 0.00161102 0.00152467 -0.000297083
160.04 0.804594 0.769155 0.544485 0.00127086 0.00191792 8.22457e-05
160.06 0.804628 0.769247 0.544514 0.000863588 0.0022931 0.000724469
160.08 0.80465 0.769345 0.544573 0.000542061 0.00245896 0.00148419
160.1 0.804669 0.76944 0.544659 0.000464074 0.00236639 0.00216143
160.12 0.804696 0.769524 0.544761 0.000685475 0.0021081 0.00253277
160.14 0.80474 0.769598 0.544857 0.00108441 0.00185332 0.00241883
160.16 0.804796 0.769667 0.544928 0.00140826 0.00172533 0.00177303
160.18 0.804853 0.769736 0.544959 0.00142947 0.00171002 0.000769831
160.2 0.804897 0.769804 0.544951 0.0011092 0.00169742 -0.000197754
160.22 0.804923 0.769868 0.544924 0.000647596 0.00160065 -0.00067942
160.24 0.804938 0.769925 0.544908 0.000368512 0.00142442 -0.000401525
160.26 0.804958 0.769974 0.54493 0.000496601 0.00124284 0.000555451
160.28 0.804997 0.77002 0.545 0.000971056 0.00113902 0.00175251
160.3 0.805056 0.770066 0.545105 0.00147799 0.00115866 0.00260366
160.32 0.805124 0.770118 0.545212 0.00170602 0.00130465 0.0026901
160.34 0.805189 0.770181 0.545292 0.00161032 0.00155982 0.00198798
160.36 0.805246 0.770256 0.545326 0.00144885 0.00188024 0.00085954
160.38 0.805308 0.770343 0.545319 0.0015439 0.00216825 -0.00017995
160.4 0.805388 0.770435 0.545289 0.00198718 0.00231423 -0.000743821
160.42 0.80549 0.770527 0.545261 0.00254651 0.0022874 -0.000702412
160.44 0.805603 0.770613 0.545256 0.00283539 0.00214583 -0.000136721
160.46 0.805708 0.770692 0.545286 0.00262078 0.0019855 0.000756567
160.48 0.805789 0.770767 0.545355 0.00203583 0.00188501 0.00172147
160.5 0.80585 0.770842 0.545454 0.00151739 0.00187472 0.00249467
160.52 0.80591 0.770921 0.545569 0.00149554 0.00196249 0.00287592
160.54 0.805992 0.771008 0.54568 0.00206072 0.00216727 0.00276814
160.56 0.806107 0.771108 0.545768 0.00287244 0.00250743 0.00220093
160.58 0.806243 0.771226 0.545822 0.00340808 0.00296563 0.0013495
160.6 0.806378 0.771365 0.545842 0.00336677 0.00345448 0.000490182
160.62 0.806494 0.771517 0.545837 0.00288556 0.00381638 -0.000124599
160.64 0.806589 0.771673 0.545822 0.00238662 0.00388266 -0.000379928
160.66 0.806678 0.771815 0.545809 0.00223607 0.00356244 -0.000324055
160.68 0.806778 0.771931 0.545804 0.00249316 0.00290046 -0.000108709
160.7 0.806893 0.772015 0.545809 0.00288099 0.00208548 0.000109508
160.72 0.807013 0.772071 0.545819 0.00299628 0.00139989 0.000252591
160.74 0.807119 0.772115 0.545833 0.0026402 0.00111746 0.000360365
160.76 0.807199 0.772171 0.545855 0.00200765 0.00138463 0.000548121
160.78 0.80726 0.772256 0.545889 0.00152898 0.00212406 0.00085833
160.8 0.80732 0.772376 0.545935 0.00149775 0.00301394 0.00113823
160.82 0.807394 0.772521 0.54598 0.00183526 0.00361467 0.00111804
160.84 0.80748 0.772664 0.546006 0.00216794 0.00357251 0.000646574
160.86 0.807566 0.772774 0.546 0.002151 0.00277087 -0.000127856
160.88 0.807637 0.772831 0.545968 0.00176046 0.00141915 -0.000802536
160.9 0.807689 0.772833 0.545929 0.00130611 4.58342e-05 -0.000976034
160.92 0.807736 0.772804 0.545908 0.00117841 -0.000715725 -0.000529918
160.94 0.807798 0.772784 0.545919 0.00154466 -0.000501671 0.000275654
160.96 0.807888 0.772806 0.545958 0.00224527 0.000537016 0.000982577
160.98 0.808005 0.772879 0.546009 0.00293166 0.00183162 0.00126116
161 0.808137 0.772988 0.546053 0.00330222 0.00272828 0.00111298
161.02 0.808268 0.773101 0.546086 0.00327891 0.00281668 0.000813191
161.04 0.80839 0.773186 0.546113 0.00303277 0.00212834 0.000684112
161.06 0.808503 0.773231 0.546148 0.00282766 0.00111874 0.000867552
161.08 0.808615 0.773248 0.546198 0.00280763 0.000418517 0.00125097
161.1 0.808731 0.773266 0.546262 0.00290702 0.000464501 0.00159347
161.12 0.80885 0.773316 0.546331 0.00295695 0.00123691 0.00171759
161.14 0.808965 0.773408 0.546394 0.00289004 0.00230383 0.00158991
161.16 0.809079 0.773532 0.546445 0.00283457 0.00311065 0.00128257
161.18 0.809198 0.773664 0.546482 0.00298615 0.00329862 0.000910785
161.2 0.809334 0.773778 0.546506 0.00339089 0.00285552 0.000595692
161.22 0.809488 0.773861 0.546523 0.00387118 0.00205675 0.000445432
161.24 0.809655 0.773913 0.546545 0.00415163 0.00130137 0.000543992
161.26 0.809817 0.77395 0.546582 0.00405442 0.000939729 0.000923518
161.28 0.809961 0.773996 0.546643 0.00361435 0.00113052 0.00151035
161.3 0.810083 0.774067 0.546728 0.00303234 0.00177899 0.00212534
161.32 0.810183 0.774171 0.54683 0.00251248 0.00259981 0.00256993
161.34 0.810269 0.774301 0.546939 0.00215222 0.0032664 0.0027169
161.36 0.810347 0.774444 0.547041 0.0019513 0.00355755 0.00254232
161.38 0.810422 0.774581 0.547126 0.00187705 0.00343543 0.00213146
161.4 0.810498 0.774702 0.547192 0.0019035 0.00303385 0.00165522
161.42 0.810578 0.774805 0.547243 0.00199854 0.00257097 0.00128064
161.44 0.810662 0.774895 0.547286 0.00208132 0.00224228 0.0010675
161.46 0.810742 0.774981 0.547324 0.00201457 0.00214147 0.000955583
161.48 0.81081 0.77507 0.547359 0.00169138 0.00223696 0.000859288
161.5 0.810856 0.775167 0.547389 0.0011577 0.00242114 0.000761911
161.52 0.810882 0.77527 0.547417 0.000643484 0.00258505 0.000704676
161.54 0.8109 0.775376 0.547446 0.00044056 0.00264928 0.000706467
161.56 0.810928 0.77548 0.547475 0.000713355 0.00258436 0.000729554
161.58 0.810983 0.775577 0.547503 0.0013792 0.002437 0.000696376
161.6 0.811068 0.775669 0.547524 0.00211956 0.00230422 0.000521924
161.62 0.81117 0.77576 0.547531 0.00254211 0.00226431 0.000178939
161.64 0.811267 0.775853 0.547521 0.00244079 0.00233941 -0.000236282
161.66 0.811346 0.775954 0.5475 0.00195566 0.00251215 -0.000523735
161.68 0.811404 0.776064 0.54748 0.00146904 0.00274134 -0.00050385
161.7 0.811457 0.776182 0.547474 0.00132108 0.00296354 -0.000153149
161.72 0.811521 0.776306 0.547488 0.00158503 0.00309508 0.000355034
161.74 0.811603 0.776428 0.547517 0.00206507 0.00304749 0.000728799
161.76 0.811702 0.776539 0.547547 0.00247206 0.00277724 0.000733566
161.78 0.811807 0.776632 0.547561 0.00261731 0.00233571 0.000361254
161.8 0.811907 0.776708 0.547555 0.00250362 0.00188663 -0.000149184
161.82 0.811999 0.776774 0.547536 0.00229432 0.00166648 -0.000474419
161.84 0.812086 0.776848 0.547519 0.00218613 0.00184095 -0.000431817
161.86 0.812176 0.776941 0.547515 0.00225582 0.00232397 -9.2911e-05
161.88 0.812274 0.777052 0.547527 0.0024333 0.00277231 0.000299599
161.9 0.812378 0.777166 0.547548 0.00260562 0.0028442 0.000526833
161.92 0.812486 0.777265 0.54757 0.00270274 0.00249222 0.000553719
161.94 0.812594 0.777345 0.547592 0.0027078 0.00198825 0.00054263
161.96 0.8127 0.777412 0.547621 0.00264217 0.00168514 0.000710526
161.98 0.812802 0.777482 0.547666 0.00254207 0.00174482 0.0011441
162 0.812899 0.777564 0.547735 0.00243188 0.00204097 0.00172152
162.02 0.812992 0.777656 0.547823 0.00233321 0.00230057 0.00219308
162.04 0.813083 0.77775 0.547917 0.00226796 0.00234449 0.00235059
162.06 0.813172 0.777838 0.548003 0.0022125 0.00220282 0.00215851
162.08 0.813255 0.777919 0.548074 0.00208237 0.00203868 0.00176482
162.1 0.813327 0.777999 0.54813 0.00180837 0.00199253 0.00139407
162.12 0.813384 0.778082 0.548177 0.00141499 0.00206629 0.00119459
162.14 0.813424 0.778165 0.548224 0.00101575 0.00209663 0.00116131
162.16 0.813454 0.77824 0.548271 0.000750426 0.0018679 0.00118654
162.18 0.813484 0.778293 0.548318 0.00072966 0.0013113 0.00117766
162.2 0.813523 0.778316 0.548364 0.000989607 0.000592378 0.0011297
162.22 0.81358 0.778316 0.548408 0.00142096 -2.19484e-06 0.00110212
162.24 0.81365 0.778306 0.548454 0.00176074 -0.000253296 0.0011508
162.26 0.813721 0.778302 0.548505 0.0017526 -0.000107692 0.00128784
162.28 0.813776 0.778315 0.548565 0.0013768 0.000326103 0.00149
162.3 0.813813 0.778348 0.548634 0.000921987 0.00083175 0.00172185
162.32 0.813844 0.778396 0.548711 0.000787208 0.00118963 0.00193401
162.34 0.813891 0.778447 0.548793 0.00117215 0.00129482 0.00204769
162.36 0.813967 0.778495 0.548871 0.00190324 0.00119084 0.00195773
162.38 0.814068 0.778535 0.548935 0.00253412 0.000998696 0.00158489
162.4 0.814174 0.778569 0.548974 0.00263866 0.000836435 0.000970297
162.42 0.814258 0.7786 0.548986 0.00210263 0.000797583 0.00031375
162.44 0.814307 0.778638 0.548981 0.00123053 0.000943871 -0.000133054
162.46 0.81433 0.778689 0.548971 0.000561318 0.0012802 -0.000239923
162.48 0.814349 0.778758 0.548968 0.000491468 0.00172543 -6.97269e-05
162.5 0.81439 0.778843 0.548977 0.00101492 0.00212513 0.000211367
162.52 0.81446 0.778936 0.548995 0.00176156 0.00231181 0.000449445
162.54 0.814551 0.779024 0.549017 0.00226099 0.00219211 0.000555391
162.56 0.814641 0.779097 0.549038 0.00224342 0.00183351 0.000523957
162.58 0.814712 0.779155 0.549055 0.00179233 0.00146124 0.00042618
162.6 0.814763 0.779208 0.549069 0.00126523 0.00131158 0.00034793
162.62 0.814804 0.779266 0.549082 0.00103116 0.00145238 0.000319299
162.64 0.814853 0.779336 0.549094 0.00123241 0.00174608 0.000307898
162.66 0.814923 0.779414 0.549105 0.00173867 0.00196645 0.000265034
162.68 0.815014 0.779492 0.549111 0.0022693 0.00194933 0.000167897
162.7 0.815116 0.77956 0.549112 0.00256547 0.00169538 2.388e-05
162.72 0.815218 0.779616 0.549106 0.00253738 0.00140108 -0.000146204
162.74 0.81531 0.779671 0.549094 0.00230534 0.00136277 -0.000314553
162.76 0.815394 0.779742 0.549077 0.00209046 0.00177127 -0.000428217
162.78 0.815475 0.779843 0.549061 0.00203978 0.00253088 -0.000400076
162.8 0.815561 0.779973 0.549056 0.00214759 0.00326573 -0.000130984
162.82 0.815654 0.780116 0.549073 0.00231018 0.0035613 0.000426852
162.84 0.81575 0.780246 0.54912 0.00241672 0.0032571 0.00117659
162.86 0.815847 0.780349 0.549194 0.00241612 0.00256431 0.0018559
162.88 0.815941 0.780425 0.54928 0.00235657 0.00191696 0.00216201
162.9 0.816036 0.780493 0.549358 0.00237265 0.00169686 0.00194486
162.92 0.81614 0.780575 0.549411 0.00260234 0.00203666 0.0013163
162.94 0.816263 0.780686 0.549435 0.0030787 0.00277668 0.000597033
162.96 0.81641 0.780829 0.54944 0.00366657 0.0035785 0.000136399
162.98 0.816574 0.780994 0.549445 0.00409761 0.00412543 0.00011373
163 0.816738 0.781165 0.549463 0.00411186 0.00427439 0.000467684
163.02 0.816883 0.781327 0.549503 0.00362782 0.00406063 0.000992881
163.04 0.816997 0.781471 0.549562 0.00283882 0.00359021 0.00147603
163.06 0.817083 0.78159 0.549633 0.00216104 0.00296496 0.00177185
163.08 0.817164 0.781682 0.549706 0.00202276 0.00230511 0.0018221
163.1 0.817268 0.781753 0.549772 0.00258957 0.00178613 0.00166289
163.12 0.817413 0.781818 0.54983 0.00361917 0.00161182 0.00143072
163.14 0.817596 0.781894 0.549882 0.00459099 0.00191651 0.00131328
163.16 0.817798 0.782 0.54994 0.00503583 0.00263236 0.00143747
163.18 0.81799 0.782138 0.55001 0.00480398 0.00344527 0.00176673
163.2 0.818154 0.782295 0.550094 0.00409758 0.00392744 0.00208218
163.22 0.818286 0.782446 0.550178 0.00330237 0.00377298 0.0020958
163.24 0.818396 0.782565 0.550244 0.00275069 0.00299351 0.00165233
163.26 0.818499 0.782644 0.550278 0.00256681 0.0019666 0.00086873
163.28 0.818605 0.782694 0.550282 0.00266008 0.00125696 8.23674e-05
163.3 0.818719 0.782745 0.550268 0.00284041 0.0012697 -0.000344919
163.32 0.818837 0.782824 0.550259 0.00296086 0.0019737 -0.000215498
163.34 0.818956 0.782941 0.550276 0.00298271 0.00293093 0.000421785
163.36 0.819074 0.783085 0.550328 0.00294602 0.00360323 0.00129463
163.38 0.81919 0.783232 0.550409 0.0028836 0.00366598 0.00201762
163.4 0.8193 0.783358 0.550499 0.00275859 0.0031437 0.0022646
163.42 0.8194 0.783452 0.550576 0.00249827 0.00235751 0.00192406
163.44 0.819484 0.783521 0.550622 0.00209572 0.00172628 0.00114749
163.46 0.81955 0.783582 0.550632 0.00164588 0.00153012 0.000252351
163.48 0.8196 0.783653 0.550614 0.00126876 0.00176833 -0.000448557
163.5 0.819641 0.78374 0.550583 0.00101928 0.00218052 -0.000779572
163.52 0.819676 0.783837 0.550554 0.000870802 0.00242521 -0.000736701
163.54 0.819706 0.783929 0.550536 0.000752508 0.00230082 -0.000437171
163.56 0.81973 0.784003 0.550534 0.000588764 0.00185418 -4.4753e-05
163.58 0.819744 0.784056 0.550546 0.000363535 0.00132555 0.000301886
163.6 0.819751 0.784096 0.550568 0.000172387 0.000999114 0.000540855
163.62 0.819758 0.784138 0.550596 0.000168051 0.00104793 0.000696351
163.64 0.819775 0.784195 0.550629 0.00042002 0.00142793 0.000827757
163.66 0.819808 0.784271 0.550667 0.000829258 0.001886 0.000961265
163.68 0.819856 0.784356 0.55071 0.00119691 0.00211545 0.00107406
163.7 0.81991 0.784434 0.550755 0.00135592 0.00195029 0.00112593
163.72 0.81996 0.784491 0.550799 0.00125599 0.0014416 0.00109853
163.74 0.82 0.784523 0.55084 0.00098723 0.000797145 0.00101047
163.76 0.820029 0.784534 0.550876 0.000746344 0.000273035 0.000904251
163.78 0.820058 0.784536 0.550909 0.000725696 5.58379e-05 0.000821932
163.8 0.820097 0.784542 0.550941 0.000958832 0.000156317 0.000796174
163.82 0.820147 0.784558 0.550975 0.0012663 0.000398888 0.00086048
163.84 0.820203 0.784581 0.551016 0.00139259 0.000558053 0.0010247
163.86 0.820252 0.784603 0.551065 0.00123123 0.00054396 0.00122453
163.88 0.820289 0.78462 0.551119 0.000922503 0.000444078 0.00134508
163.9 0.820318 0.784637 0.551172 0.00071899 0.000406724 0.00132938
163.92 0.820348 0.784657 0.551222 0.000757366 0.000520183 0.0012435
163.94 0.820387 0.784688 0.55127 0.000964049 0.000757777 0.00120642
163.96 0.820433 0.784727 0.55132 0.00115191 0.000982307 0.0012618
163.98 0.82048 0.784768 0.551374 0.00117968 0.00102125 0.00133334
164 0.820522 0.7848 0.551426 0.00103839 0.000810624 0.00130507
164.02 0.820556 0.78482 0.551471 0.000845699 0.000490848 0.00113666
164.04 0.820586 0.784833 0.551508 0.0007523 0.000324317 0.000905923
164.06 0.820619 0.784852 0.551538 0.000831971 0.000480791 0.000747792
164.08 0.820661 0.784888 0.551568 0.00104458 0.000892501 0.000748651
164.1 0.820711 0.78494 0.551602 0.00126522 0.0012981 0.000851814
164.12 0.820765 0.784997 0.551636 0.00134588 0.00142073 0.000862772
164.14 0.820813 0.785044 0.55166 0.00119997 0.00117858 0.000606126
164.16 0.820849 0.785075 0.551665 0.000899818 0.000788867 0.000122821
164.18 0.820877 0.785102 0.551654 0.000700854 0.000658556 -0.000280084
164.2 0.820912 0.785145 0.551645 0.000881973 0.00109421 -0.000218081
164.22 0.820973 0.785226 0.551664 0.00150505 0.00201646 0.000461663
164.24 0.821066 0.785343 0.551724 0.00233607 0.00293647 0.00150886
164.26 0.821186 0.785475 0.55182 0.00300494 0.0032805 0.0023895
164.28 0.821316 0.785588 0.551925 0.00324283 0.00283021 0.00262409
164.3 0.821437 0.785665 0.552009 0.00301629 0.00192551 0.00210505
164.32 0.821537 0.785715 0.552055 0.00250706 0.00124242 0.00114769
164.34 0.821617 0.785766 0.552065 0.00199543 0.00129238 0.00025202
164.36 0.821686 0.785848 0.552056 0.00172554 0.00204131 -0.000234026
164.38 0.821758 0.785967 0.552044 0.00181063 0.00298154 -0.000292885
164.4 0.821847 0.786109 0.552039 0.00221775 0.00355141 -0.000132359
164.42 0.82196 0.786251 0.552042 0.00282184 0.00353138 8.04064e-05
164.44 0.822097 0.786377 0.552057 0.00343895 0.00315445 0.000370175
164.46 0.822251 0.786492 0.55209 0.00384669 0.00289087 0.000847345
164.48 0.822406 0.786615 0.55215 0.00388048 0.00306686 0.00147692
164.5 0.822548 0.786759 0.552229 0.0035461 0.00359778 0.00197679
164.52 0.822669 0.786921 0.552307 0.00301849 0.00404666 0.00197116
164.54 0.822771 0.787079 0.552358 0.00254856 0.00396468 0.00126081
164.56 0.822866 0.787209 0.552359 0.00238261 0.00325287 1.46871e-05
164.58 0.822974 0.7873 0.552309 0.00269801 0.00226507 -0.00123641
164.6 0.823114 0.787363 0.552235 0.00348784 0.00158297 -0.00184469
164.62 0.823293 0.78743 0.552178 0.00447654 0.00165606 -0.00142879
164.64 0.823501 0.787532 0.552172 0.00520994 0.00254988 -0.000149791
164.66 0.823713 0.787687 0.552226 0.00529956 0.0038954 0.00134671
164.68 0.823899 0.78789 0.552318 0.00465931 0.00505981 0.00230832
164.7 0.824042 0.78811 0.552411 0.00357297 0.00549544 0.00231982
164.72 0.824145 0.788311 0.552472 0.00255431 0.00503551 0.00152077
164.74 0.824228 0.788468 0.552491 0.00209141 0.00393464 0.000488205
164.76 0.824323 0.788576 0.552486 0.00237597 0.00268982 -0.000125771
164.78 0.824451 0.788648 0.552486 0.00318321 0.00178823 1.32425e-06
164.8 0.824612 0.788707 0.552514 0.00404383 0.00148899 0.00068807
164.82 0.824795 0.788777 0.552572 0.00456864 0.00175153 0.00145019
164.84 0.824981 0.788871 0.552648 0.0046529 0.0023465 0.00189953
164.86 0.82516 0.788992 0.552728 0.00445756 0.00302851 0.00199042
164.88 0.825328 0.789137 0.552805 0.00422013 0.00362664 0.00193132
164.9 0.82549 0.789298 0.552881 0.00403263 0.00401217 0.00189905
164.92 0.82564 0.789461 0.552955 0.00375881 0.00407014 0.00185932
164.94 0.825768 0.789612 0.553022 0.00319219 0.00377347 0.0016617
164.96 0.825861 0.789742 0.553072 0.00233777 0.00325777 0.00126448
164.98 0.825922 0.789853 0.553106 0.00152592 0.00277275 0.000845097
165 0.825971 0.789954 0.553133 0.00121906 0.00252943 0.000669062
165.02 0.826037 0.790057 0.553167 0.00166141 0.00256664 0.000843417
165.04 0.826143 0.790165 0.553215 0.002633 0.00272172 0.00119855
165.06 0.826283 0.790275 0.553271 0.00351 0.00273132 0.00141727
165.08 0.826429 0.790372 0.553323 0.00364172 0.00242252 0.00129436
165.1 0.826541 0.790446 0.553359 0.00280631 0.0018598 0.000893563
165.12 0.826596 0.790499 0.553378 0.0013811 0.0013217 0.000473788
165.14 0.8266 0.790543 0.553389 8.09065e-05 0.00111019 0.000283006
165.16 0.826579 0.790597 0.553405 -0.000501927 0.00134602 0.000396257
165.18 0.82657 0.790673 0.553432 -0.000226414 0.00189176 0.000679479
165.2 0.826593 0.79077 0.553467 0.000575996 0.00243352 0.000886223
165.22 0.826648 0.790877 0.5535 0.00136314 0.0026796 0.000819542
165.24 0.826717 0.790979 0.55352 0.00173027 0.00254164 0.000484078
165.26 0.82678 0.791065 0.553524 0.00158181 0.00214907 0.00010363
165.28 0.826824 0.791133 0.553522 0.00107765 0.00170946 -5.56434e-05
165.3 0.826843 0.791188 0.553526 0.000478861 0.00135778 0.000109462
165.32 0.826843 0.791232 0.553545 7.20248e-06 0.00112134 0.00048618
165.34 0.826834 0.791272 0.553579 -0.000226371 0.000996196 0.000845619
165.36 0.826825 0.791312 0.553619 -0.000226172 0.0010018 0.000997185
165.38 0.826823 0.791359 0.553656 -5.20914e-05 0.00115283 0.000912964
165.4 0.826832 0.791414 0.553685 0.0002367 0.00139763 0.000741265
165.42 0.826855 0.791479 0.553713 0.000564468 0.00160449 0.000692483
165.44 0.826887 0.791544 0.553748 0.000802697 0.00163008 0.00087179
165.46 0.826921 0.791601 0.553795 0.000838896 0.00141786 0.00118632
165.48 0.826948 0.791643 0.553852 0.000690641 0.00105438 0.00140959
165.5 0.826968 0.791672 0.553906 0.000492537 0.000742412 0.00136375
165.52 0.826983 0.7917 0.553949 0.000388056 0.000692572 0.00107776
165.54 0.827001 0.79174 0.55398 0.000448766 0.000995495 0.000764264
165.56 0.827027 0.791801 0.554005 0.000639865 0.00153861 0.000621737
165.58 0.827061 0.791882 0.554031 0.000842257 0.00201685 0.000656442
165.6 0.827099 0.791966 0.554059 0.000954578 0.00209211 0.000701099
165.62 0.827139 0.792031 0.554083 0.000994646 0.00164034 0.000603683
165.64 0.827181 0.792066 0.554099 0.00107048 0.0008588 0.000385337
165.66 0.827231 0.792071 0.554108 0.0012489 0.000126668 0.000235579
165.68 0.827291 0.792062 0.554122 0.00148951 -0.000219802 0.000349204
165.7 0.827359 0.79206 0.554152 0.00169612 -4.0543e-05 0.000741752
165.72 0.827431 0.792083 0.5542 0.00180048 0.00056828 0.00121391
165.74 0.827503 0.792137 0.55426 0.00180377 0.00134276 0.001486
165.76 0.827574 0.792217 0.554316 0.00177541 0.0019971 0.00140642
165.78 0.827647 0.792311 0.554358 0.00182255 0.00234368 0.00106087
165.8 0.827728 0.792403 0.554386 0.00202694 0.0023133 0.000686979
165.82 0.827823 0.79248 0.554406 0.00236971 0.00192929 0.000491943
165.84 0.827932 0.792532 0.554427 0.00272338 0.00129143 0.000531667
165.86 0.82805 0.792555 0.554456 0.0029455 0.000585542 0.000723469
165.88 0.828169 0.792559 0.554494 0.00299218 8.50958e-05 0.000944897
165.9 0.828287 0.792561 0.554538 0.00294609 6.44761e-05 0.00112222
165.92 0.828404 0.792586 0.554588 0.00292297 0.000629542 0.00125117
165.94 0.828522 0.792651 0.554642 0.00294602 0.00160347 0.0013509
165.96 0.828639 0.792754 0.554698 0.00292702 0.00258429 0.00139203
165.98 0.82875 0.792879 0.55475 0.0027899 0.00313146 0.00129968
166 0.828854 0.792999 0.554793 0.00259932 0.00298971 0.00106024
166.02 0.828957 0.793089 0.554825 0.0025558 0.00225558 0.000800288
166.04 0.82907 0.793144 0.554854 0.00284412 0.00137121 0.000725188
166.06 0.829208 0.793179 0.554892 0.0034357 0.00088904 0.000948365
166.08 0.82937 0.793225 0.554946 0.00405057 0.0011299 0.00135294
166.1 0.829544 0.793303 0.555011 0.00434262 0.00196796 0.00162879
166.12 0.829709 0.79342 0.55507 0.00413472 0.00292629 0.00147932
166.14 0.82985 0.79356 0.555104 0.00353514 0.00349859 0.000839648
166.16 0.829966 0.793699 0.555102 0.00289543 0.00345782 -4.25031e-05
166.18 0.830071 0.793817 0.555073 0.00260761 0.00295032 -0.000726621
166.2 0.830183 0.79391 0.555039 0.00282391 0.00234365 -0.000839333
166.22 0.830316 0.79399 0.555027 0.00332535 0.00197714 -0.000312262
166.24 0.830464 0.79407 0.55505 0.00368293 0.0020037 0.000572577
166.26 0.830608 0.794165 0.555104 0.00359784 0.00238087 0.00136596
166.28 0.830734 0.794282 0.555173 0.00315223 0.00292899 0.00171859
166.3 0.830843 0.794419 0.555235 0.00274195 0.00342406 0.00154465
166.32 0.830952 0.794567 0.555275 0.00272003 0.003705 0.00101687
166.34 0.831075 0.794716 0.555293 0.00307519 0.0037191 0.000440473
166.36 0.831212 0.794856 0.555297 0.00342845 0.00348903 8.68596e-05
166.38 0.831346 0.794979 0.5553 0.00333371 0.00308595 7.39958e-05
166.4 0.831451 0.795085 0.555314 0.00263684 0.00265436 0.000358898
166.42 0.831516 0.795181 0.555347 0.00162671 0.00240414 0.000822557
166.44 0.831551 0.795282 0.5554 0.000857935 0.0025079 0.0013373
166.46 0.831581 0.795401 0.55547 0.000758872 0.00297484 0.00174418
166.48 0.831634 0.795545 0.555543 0.00131562 0.00360935 0.00182596
166.5 0.831717 0.795708 0.555599 0.00208922 0.00407745 0.00140392
166.52 0.831819 0.795871 0.55562 0.00254335 0.00407218 0.000520427
166.54 0.831916 0.796012 0.555601 0.00242661 0.00352011 -0.000484592
166.56 0.831993 0.796119 0.555556 0.00193765 0.00267669 -0.0011149
166.58 0.832056 0.796199 0.555515 0.00155251 0.00199635 -0.00101484
166.6 0.832121 0.796273 0.555507 0.0016243 0.00184591 -0.000203587
166.62 0.832205 0.796363 0.555545 0.00210563 0.00225774 0.000937878
166.64 0.83231 0.796479 0.555621 0.00262416 0.00290237 0.00190511
166.66 0.832421 0.796612 0.555715 0.00279171 0.00332713 0.00235664
166.68 0.83252 0.796742 0.555805 0.00247132 0.00325955 0.00225284
166.7 0.832594 0.796852 0.555878 0.00184117 0.00273529 0.00180247
166.72 0.832645 0.796933 0.55593 0.00126729 0.00202297 0.00130264
166.74 0.832688 0.79699 0.555968 0.00107485 0.00143175 0.000950852
166.76 0.832742 0.797035 0.555997 0.00135239 0.00111659 0.00073654
166.78 0.832819 0.797075 0.556018 0.00192671 0.00101817 0.000517832
166.8 0.832919 0.797116 0.556027 0.00250268 0.00100348 0.00022544
166.82 0.833031 0.797158 0.556026 0.00280534 0.00105312 -1.58387e-05
166.84 0.833137 0.797209 0.556027 0.00264742 0.00127633 1.75129e-05
166.86 0.833216 0.797279 0.556044 0.00198732 0.00174431 0.00042524
166.88 0.833256 0.797372 0.556086 0.000984907 0.00233384 0.00106048
166.9 0.833255 0.797482 0.556151 -1.68274e-05 0.00275209 0.00162802
166.92 0.833231 0.797591 0.556228 -0.000606704 0.00273273 0.00191197
166.94 0.833211 0.797682 0.556305 -0.00050092 0.00226164 0.00193301
166.96 0.833221 0.797747 0.556381 0.000247723 0.00164224 0.0018882
166.98 0.833268 0.797799 0.556458 0.00118727 0.00129701 0.00192703
167 0.833336 0.797858 0.556537 0.00169646 0.00146158 0.00198202
167.02 0.833392 0.797939 0.55661 0.00140273 0.0020432 0.00182131
167.04 0.833411 0.798047 0.556661 0.000468806 0.00269897 0.00127447
167.06 0.833391 0.798169 0.556678 -0.000496752 0.00304486 0.000437078
167.08 0.833357 0.798286 0.556666 -0.000849917 0.0029083 -0.00031946
167.1 0.833343 0.798384 0.556643 -0.000344815 0.0024686 -0.000578974
167.12 0.833372 0.798469 0.556635 0.000711668 0.00212852 -0.000192249
167.14 0.833439 0.798556 0.556659 0.00167558 0.00216823 0.000594976
167.16 0.833519 0.798656 0.556711 0.00199629 0.00250712 0.00132062
167.18 0.833582 0.798769 0.556777 0.00157176 0.00281082 0.00163221
167.2 0.833614 0.798881 0.556836 0.000804012 0.00279267 0.00149062
167.22 0.833626 0.798977 0.556882 0.000315042 0.00241875 0.00113213
167.24 0.833646 0.799053 0.556915 0.00049608 0.00188589 0.000836854
167.26 0.833695 0.799111 0.556942 0.00123105 0.00145668 0.000681952
167.28 0.833776 0.799163 0.556964 0.00202511 0.00129067 0.000527303
167.3 0.833873 0.799217 0.556973 0.00242004 0.00136852 0.000244613
167.32 0.833967 0.799279 0.55697 0.00234012 0.00154035 -8.86599e-05
167.34 0.83405 0.799345 0.55696 0.00208667 0.00163885 -0.000242026
167.36 0.834132 0.799408 0.556958 0.00205224 0.00158688 -4.38719e-05
167.38 0.834229 0.799466 0.556977 0.00241538 0.00144676 0.000467051
167.4 0.83435 0.799521 0.55702 0.00302538 0.00136928 0.00106536
167.42 0.834491 0.79958 0.55708 0.00353367 0.00147302 0.00150604
167.44 0.834638 0.799648 0.557147 0.00365852 0.0017182 0.00166841
167.46 0.834774 0.799724 0.557209 0.00339793 0.00189167 0.00156766
167.48 0.834894 0.799794 0.557261 0.00301913 0.0017593 0.0012955
167.5 0.835007 0.799845 0.557299 0.00281633 0.00126389 0.000953314
167.52 0.835122 0.799869 0.557323 0.00287002 0.000597789 0.000593949
167.54 0.835243 0.799872 0.557332 0.00302673 8.99706e-05 0.000221618
167.56 0.835366 0.799872 0.557327 0.00308281 -3.16088e-06 -0.000127142
167.58 0.835485 0.799886 0.557315 0.00297988 0.000346267 -0.000307031
167.6 0.8356 0.799923 0.55731 0.0028592 0.000931286 -0.000106828
167.62 0.835718 0.799982 0.557333 0.00294827 0.00145761 0.000580636
167.64 0.835852 0.800051 0.557397 0.00335506 0.00172619 0.00159627
167.66 0.836008 0.800119 0.557498 0.00390829 0.00170791 0.00251852
167.68 0.836177 0.800179 0.557613 0.00422023 0.00149158 0.00288166
167.7 0.836336 0.800227 0.557713 0.00398227 0.00120045 0.00248272
167.72 0.836466 0.800265 0.557775 0.00324518 0.000957814 0.00156009
167.74 0.836563 0.8003 0.557803 0.00241545 0.000879575 0.000687638
167.76 0.836642 0.800342 0.557819 0.00198192 0.00104261 0.000417661
167.78 0.83673 0.8004 0.557856 0.00220131 0.00144194 0.00091505
167.8 0.836847 0.800479 0.557929 0.00292124 0.00198162 0.0018244
167.82 0.836993 0.800579 0.558028 0.00364356 0.00251054 0.00247795
167.84 0.837146 0.800695 0.558121 0.00383093 0.00287894 0.00233818
167.86 0.837277 0.800815 0.558176 0.00328631 0.00300806 0.00136009
167.88 0.83737 0.800933 0.558176 0.00231368 0.00294973 1.47843e-06
167.9 0.83743 0.801047 0.558132 0.00150581 0.00285452 -0.00109216
167.92 0.837483 0.801161 0.558074 0.00132984 0.0028482 -0.00146487
167.94 0.837557 0.801279 0.558032 0.00184509 0.00294776 -0.00105341
167.96 0.837666 0.801402 0.558026 0.00271698 0.00308376 -0.000125421
167.98 0.837803 0.801529 0.558065 0.00343924 0.00317983 0.000962894
168 0.837948 0.801657 0.558143 0.00362084 0.00319971 0.00194848
168.02 0.838077 0.801783 0.558248 0.00320827 0.00315048 0.0026352
168.04 0.838177 0.801905 0.558361 0.00250726 0.00304248 0.00280606
168.06 0.838255 0.802019 0.558451 0.0019533 0.00285087 0.00226668
168.08 0.838327 0.802121 0.558492 0.00180758 0.00255164 0.00101231
168.1 0.838408 0.802209 0.558466 0.00202116 0.00220123 -0.000635628
168.12 0.838501 0.802287 0.558383 0.00232649 0.00194355 -0.0020715
168.14 0.838599 0.802363 0.558277 0.00245485 0.00189325 -0.00266986
168.16 0.838693 0.802444 0.558191 0.00233156 0.00202132 -0.00214259
168.18 0.838777 0.80253 0.558161 0.00209839 0.00215308 -0.000742358
168.2 0.838855 0.802613 0.558196 0.00195339 0.00209269 0.000859329
168.22 0.838934 0.802685 0.558274 0.00197521 0.00179491 0.00196127
168.24 0.839017 0.802742 0.558363 0.00207468 0.00142204 0.00221442
168.26 0.8391 0.802791 0.558433 0.00208083 0.00122292 0.00174573
168.28 0.839175 0.802845 0.558472 0.00186381 0.00134573 0.000994876
168.3 0.839231 0.802914 0.558489 0.00141549 0.00171815 0.000420744
168.32 0.839266 0.802996 0.558499 0.000874436 0.00206769 0.000255143
168.34 0.839286 0.80308 0.558517 0.000493555 0.002098 0.000434294
168.36 0.839306 0.803148 0.558546 0.000508089 0.0017065 0.000724183
168.38 0.839345 0.803192 0.558583 0.000962771 0.00108351 0.000920615
168.4 0.839411 0.803217 0.558622 0.00165041 0.000627249 0.000979645
168.42 0.8395 0.803246 0.558662 0.00222306 0.000725182 0.00100625
168.44 0.839595 0.803306 0.558707 0.00238399 0.00149643 0.00113397
168.46 0.839676 0.803412 0.558763 0.00203488 0.00265433 0.00139162
168.48 0.839729 0.803558 0.55883 0.00131971 0.0036478 0.00167925
168.5 0.839752 0.803718 0.558905 0.000564304 0.00400388 0.00187988
168.52 0.839756 0.803862 0.558984 0.000112709 0.00360971 0.00197125
168.54 0.839761 0.803972 0.559065 0.000121862 0.00274795 0.00201278
168.56 0.83978 0.804048 0.559147 0.000479509 0.00190007 0.00205577
168.58 0.839817 0.804107 0.559231 0.000910804 0.0014785 0.00209457
168.6 0.839863 0.804173 0.559314 0.00116598 0.00164139 0.00207535
168.62 0.83991 0.804263 0.559391 0.00117213 0.00224498 0.00192235
168.64 0.839953 0.80438 0.559454 0.00106948 0.00292751 0.00158074
168.66 0.839997 0.804513 0.559497 0.00108731 0.00331717 0.00107753
168.68 0.84005 0.804642 0.559519 0.00134168 0.00324528 0.000544764
168.7 0.84012 0.804755 0.559525 0.00174601 0.00281329 0.000161701
168.72 0.840204 0.804847 0.559527 0.00209414 0.00229107 5.19041e-05
168.74 0.840292 0.804924 0.559536 0.00221627 0.0019452 0.000208166
168.76 0.840375 0.805 0.559555 0.00206584 0.00189809 0.00049174
168.78 0.840444 0.805084 0.559584 0.00171876 0.0020896 0.000725981
168.8 0.840498 0.805178 0.559617 0.00135919 0.00236141 0.000826547
168.82 0.840547 0.805282 0.559651 0.00121828 0.002592 0.000839944
168.84 0.840604 0.805393 0.559685 0.00142509 0.00276571 0.000854558
168.86 0.84068 0.80551 0.559721 0.0019011 0.00293363 0.000885977
168.88 0.840776 0.805635 0.559754 0.00241134 0.00311773 0.000834854
168.9 0.840886 0.805765 0.559777 0.00272845 0.00325178 0.000576497
168.92 0.840996 0.805894 0.559782 0.00277126 0.00321699 0.000122563
168.94 0.841102 0.806011 0.559769 0.00263192 0.00293517 -0.000325253
168.96 0.841202 0.806109 0.559748 0.00250236 0.00244896 -0.000514253
168.98 0.841304 0.806186 0.559735 0.0025536 0.00193532 -0.000346412
169 0.841417 0.806251 0.559736 0.00281877 0.00160567 3.97214e-05
169.02 0.841544 0.806313 0.559751 0.00317436 0.00155789 0.000367479
169.04 0.841682 0.806382 0.559768 0.00345227 0.00171888 0.000426067
169.06 0.841824 0.806458 0.559777 0.00354511 0.00192036 0.000240715
169.08 0.841961 0.80654 0.55978 0.00342847 0.00203614 7.12614e-05
169.1 0.842087 0.806622 0.559789 0.00315614 0.00205322 0.000216439
169.12 0.842201 0.806704 0.55982 0.00284268 0.00203806 0.000763952
169.14 0.842305 0.806786 0.559879 0.00260077 0.002059 0.00148685
169.16 0.842404 0.806871 0.559959 0.00248015 0.00212708 0.0019873
169.18 0.842503 0.806958 0.560038 0.00248651 0.00217816 0.00198609
169.2 0.842609 0.807042 0.560099 0.00263235 0.00210168 0.00152656
169.22 0.842724 0.807116 0.560136 0.00289614 0.00184023 0.000926063
169.24 0.842851 0.807175 0.560157 0.00315323 0.00148452 0.000525656
169.26 0.84298 0.807225 0.560176 0.00323467 0.00125708 0.000475411
169.28 0.843103 0.807279 0.560205 0.00306975 0.00134894 0.000718755
169.3 0.843213 0.807349 0.56025 0.00275415 0.00173467 0.00111885
169.32 0.843312 0.807435 0.560313 0.0024776 0.0021606 0.0015732
169.34 0.843408 0.807529 0.560394 0.00238631 0.00233483 0.00203696
169.36 0.843507 0.807615 0.560493 0.00248311 0.00215207 0.00247191
169.38 0.843612 0.807685 0.560604 0.00262628 0.00176272 0.00277501
169.4 0.843718 0.807743 0.560715 0.00265554 0.00143903 0.00278217
169.42 0.843821 0.807797 0.560811 0.00256149 0.00136234 0.00239058
169.44 0.843921 0.807857 0.560878 0.00250589 0.00150534 0.00167082
169.46 0.844026 0.807925 0.560912 0.00263085 0.00168111 0.000852962
169.48 0.844141 0.807993 0.560921 0.00286234 0.001702 0.000225731
169.5 0.844257 0.808054 0.560921 0.00292239 0.00152143 1.76257e-05
169.52 0.84436 0.808104 0.560933 0.00255195 0.00126068 0.000289124
169.54 0.84443 0.808148 0.560968 0.00176514 0.0011034 0.000884526
169.56 0.844467 0.808194 0.561028 0.000928856 0.00114416 0.00149653
169.58 0.84449 0.808247 0.5611 0.000571796 0.00132814 0.00180531
169.6 0.844531 0.808308 0.561165 0.00102249 0.00152475 0.00162141
169.62 0.844617 0.808374 0.561205 0.00215652 0.00164654 0.000989843
169.64 0.844755 0.808442 0.561213 0.00343296 0.0016982 0.000195695
169.66 0.844923 0.808511 0.561198 0.00420414 0.00174062 -0.00036875
169.68 0.845087 0.808584 0.56118 0.00411471 0.00181806 -0.000448998
169.7 0.84522 0.80866 0.561176 0.00330962 0.00190597 -0.000100635
169.72 0.845312 0.808737 0.561191 0.00230972 0.00191058 0.000368388
169.74 0.845378 0.808806 0.561216 0.00165362 0.00172185 0.000629646
169.76 0.845442 0.808858 0.561238 0.00158401 0.00131375 0.000550904
169.78 0.84552 0.808891 0.561249 0.00195931 0.000828103 0.000269343
169.8 0.845616 0.808913 0.561253 0.00240662 0.00053847 0.000102863
169.82 0.84572 0.808941 0.561266 0.00259988 0.000701655 0.000317227
169.84 0.845819 0.808997 0.561301 0.00246497 0.00139539 0.000887463
169.86 0.845906 0.809095 0.56136 0.00218425 0.00245257 0.00147412
169.88 0.845988 0.809236 0.561427 0.00204086 0.00352698 0.00166743
169.9 0.846077 0.809406 0.561479 0.00221835 0.00423771 0.00130121
169.92 0.846183 0.809579 0.561502 0.00266984 0.00434563 0.00058901
169.94 0.846309 0.809735 0.561502 0.0031469 0.00388019 -1.15016e-05
169.96 0.846443 0.809859 0.561497 0.00335346 0.00311465 -0.000113086
169.98 0.846568 0.809956 0.56151 0.00311316 0.00242449 0.0003228
170 0.846666 0.81004 0.561548 0.00245677 0.00210018 0.000947444
170.02 0.846731 0.810128 0.561599 0.00161984 0.00219659 0.00127334
170.04 0.846769 0.810229 0.56164 0.000956833 0.00252236 0.00102886
170.06 0.8468 0.810341 0.561655 0.000761591 0.00279099 0.000357625
170.08 0.846844 0.810454 0.561643 0.00110301 0.00282907 -0.000291796
170.1 0.846915 0.810561 0.561623 0.00178201 0.00268466 -0.000505821
170.12 0.847012 0.810663 0.561615 0.00242721 0.00255901 -0.000189143
170.14 0.84712 0.810769 0.561632 0.00269789 0.00263331 0.000422786
170.16 0.84722 0.810885 0.561671 0.00249426 0.00291194 0.000981837
170.18 0.847301 0.811013 0.561722 0.00202372 0.00319902 0.00128001
170.2 0.847367 0.811143 0.561777 0.00164725 0.00323284 0.00135264
170.22 0.847431 0.811257 0.561832 0.00160713 0.00286398 0.00138399
170.24 0.847506 0.811343 0.561892 0.00186341 0.00215126 0.00150228
170.26 0.847592 0.811396 0.561958 0.00215081 0.00133127 0.00164074
170.28 0.847679 0.811425 0.562022 0.00219039 0.000704454 0.00161677
170.3 0.847755 0.811444 0.562076 0.00189476 0.000493842 0.00135181
170.32 0.847812 0.811474 0.562116 0.00142049 0.000743438 0.000993566
170.34 0.847854 0.811527 0.562149 0.00105505 0.00132543 0.000831815
170.36 0.847895 0.811608 0.562193 0.00103257 0.0020327 0.00107848
170.38 0.847951 0.811715 0.56226 0.00138384 0.00266978 0.00168021
170.4 0.848027 0.811839 0.562353 0.00191052 0.00308878 0.00231874
170.42 0.84812 0.811967 0.562458 0.00231276 0.00320025 0.0026252
170.44 0.848215 0.812087 0.562555 0.00237418 0.00300398 0.00242902
170.46 0.848297 0.812191 0.562629 0.00206089 0.00261026 0.00185737
170.48 0.848357 0.81228 0.562679 0.00149236 0.00220617 0.00124947
170.5 0.848391 0.812358 0.562717 0.000860841 0.00195207 0.000942601
170.52 0.848406 0.812433 0.562759 0.000365546 0.00188299 0.00105061
170.54 0.848412 0.81251 0.562815 0.000164107 0.00192353 0.00139882
170.56 0.848425 0.812589 0.562881 0.000325957 0.00198412 0.00167004
170.58 0.848458 0.812671 0.562947 0.000806796 0.00203688 0.00163298
170.6 0.848516 0.812756 0.562997 0.00145891 0.00212329 0.00126707
170.62 0.848599 0.812848 0.563027 0.00206713 0.00231208 0.000733445
170.64 0.848696 0.812953 0.563037 0.00242723 0.00262735 0.00025924
170.66 0.848794 0.813073 0.563037 0.00245971 0.00300303 -1.551e-06
170.68 0.848885 0.813206 0.563035 0.00226035 0.00332134 -4.28487e-05
170.7 0.848965 0.813346 0.563038 0.00201927 0.00348244 5.35339e-05
170.72 0.849041 0.813482 0.563047 0.00188093 0.00341369 0.000225625
170.74 0.849115 0.813605 0.563065 0.0018653 0.00307077 0.000455881
170.76 0.84919 0.813704 0.563093 0.00187724 0.00248969 0.000704254
170.78 0.849262 0.813777 0.563128 0.00179667 0.00182357 0.000865271
170.8 0.849326 0.81383 0.56316 0.00160345 0.00130837 0.000818899
170.82 0.849383 0.813877 0.563181 0.00142271 0.00117042 0.000512182
170.84 0.849441 0.813937 0.563181 0.00145042 0.00150297 -2.1733e-06
170.86 0.849514 0.814023 0.563158 0.00181237 0.00216466 -0.000579952
170.88 0.849611 0.814135 0.563116 0.00243864 0.00279925 -0.00102849
170.9 0.849734 0.814257 0.56307 0.00306758 0.00303426 -0.00116117
170.92 0.84987 0.814366 0.563035 0.00340893 0.00273786 -0.000872255
170.94 0.850004 0.81445 0.563026 0.00334075 0.00210265 -0.000216571
170.96 0.850123 0.814509 0.563049 0.00298545 0.0014782 0.000577018
170.98 0.850227 0.814554 0.563097 0.00259275 0.00111338 0.00119633
171 0.850321 0.814595 0.563153 0.00233988 0.00102496 0.00139985
171.02 0.850411 0.814637 0.563199 0.00224772 0.00104898 0.00113885
171.04 0.850501 0.814678 0.563223 0.0022677 0.00102453 0.000595896
171.06 0.850597 0.814716 0.563227 0.00239098 0.000958768 0.000118578
171.08 0.850704 0.814757 0.563229 0.00268756 0.00101617 3.67158e-05
171.1 0.850835 0.81481 0.563247 0.00326228 0.00133693 0.000447902
171.12 0.851 0.814885 0.563293 0.00412763 0.00186923 0.00114884
171.14 0.851202 0.814979 0.563364 0.00505805 0.0023567 0.00177167
171.16 0.851426 0.815079 0.563445 0.00559812 0.00248921 0.00202256
171.18 0.851639 0.815164 0.563519 0.00532858 0.00213517 0.00186924
171.2 0.851808 0.815224 0.563581 0.00421343 0.0014841 0.00154122
171.22 0.851916 0.815262 0.563634 0.00271267 0.0009489 0.00133695
171.24 0.851978 0.815297 0.56369 0.00154559 0.000874663 0.00139111
171.26 0.85203 0.815348 0.563754 0.0012823 0.00128613 0.00160616
171.28 0.852111 0.815423 0.563826 0.00203528 0.00187909 0.00179191
171.3 0.852247 0.815513 0.5639 0.00339575 0.00224224 0.00184147
171.32 0.852433 0.815599 0.563971 0.0046472 0.0021627 0.00178046
171.34 0.852639 0.815672 0.564039 0.00516611 0.00180342 0.00169124
171.36 0.85283 0.815735 0.564103 0.0047566 0.00158143 0.00161519
171.38 0.852977 0.815808 0.564164 0.00369244 0.00182207 0.00152822
171.4 0.853077 0.815908 0.56422 0.0024953 0.00249689 0.00139202
171.42 0.853144 0.816038 0.564268 0.00166338 0.00325207 0.00120412
171.44 0.853202 0.816184 0.564308 0.00146222 0.00365594 0.00100758
171.46 0.853275 0.816322 0.564344 0.00181903 0.00345942 0.000882751
171.48 0.85337 0.816431 0.56438 0.00237378 0.00272863 0.000908463
171.5 0.853478 0.816504 0.564424 0.00269763 0.00181929 0.00109196
171.52 0.85358 0.816551 0.564477 0.00254736 0.00117477 0.00132543
171.54 0.853659 0.816594 0.564534 0.00197157 0.00107055 0.00142243
171.56 0.853709 0.816654 0.564582 0.0012512 0.00149823 0.00120445
171.58 0.853739 0.816742 0.564606 0.000759369 0.00220834 0.000610287
171.6 0.853769 0.816856 0.564598 0.000751118 0.00284748 -0.000211274
171.62 0.853816 0.816981 0.56456 0.00116777 0.00312982 -0.000939618
171.64 0.853882 0.817101 0.56451 0.00165342 0.00297813 -0.00125365
171.66 0.853955 0.817202 0.56447 0.00182306 0.00254324 -0.00101002
171.68 0.854017 0.817285 0.564457 0.00156697 0.00206381 -0.00032729
171.7 0.854063 0.817353 0.564475 0.00112741 0.00169434 0.000458879
171.72 0.854099 0.81741 0.564513 0.000906685 0.00144094 0.00096145
171.74 0.854145 0.81746 0.564551 0.0011619 0.00123444 0.000941917
171.76 0.854217 0.817503 0.564568 0.00178573 0.00107744 0.000424781
171.78 0.85431 0.817546 0.564555 0.00233903 0.00108254 -0.000330765
171.8 0.854404 0.8176 0.564516 0.00234666 0.00135754 -0.000969339
171.82 0.854471 0.817676 0.564468 0.0016645 0.00188855 -0.00120388
171.84 0.854495 0.817776 0.56443 0.000618053 0.00250608 -0.000942142
171.86 0.854487 0.817894 0.564418 -0.000211629 0.00294258 -0.000313176
171.88 0.854471 0.818012 0.564435 -0.00039795 0.00296564 0.000420702
171.9 0.854473 0.818114 0.564474 4.25759e-05 0.00254951 0.000998649
171.92 0.854501 0.818192 0.564525 0.000707131 0.0019395 0.00126402
171.94 0.854547 0.818252 0.564574 0.00114301 0.00150736 0.00121752
171.96 0.854594 0.818313 0.564614 0.00116901 0.001507 0.0010125
171.98 0.854631 0.81839 0.564649 0.000928172 0.00192626 0.000867589
172 0.854658 0.81849 0.564685 0.00069009 0.00251191 0.000914218
172.02 0.854683 0.818607 0.564729 0.000622474 0.00291726 0.00109167
172.04 0.854711 0.818723 0.564777 0.000706959 0.0029058 0.00120659
172.06 0.854744 0.818823 0.564822 0.000805566 0.00250504 0.00110654
172.08 0.854776 0.818903 0.564854 0.000813122 0.00199744 0.000815806
172.1 0.854807 0.818972 0.564875 0.000770388 0.00172446 0.000523422
172.12 0.854841 0.819046 0.564893 0.000838947 0.00183818 0.00043317
172.14 0.854887 0.819134 0.564916 0.00116082 0.00221913 0.000594636
172.16 0.854956 0.819238 0.564951 0.00172043 0.00260093 0.000871651
172.18 0.855049 0.819348 0.564995 0.00232117 0.00274983 0.00108393
172.2 0.855157 0.819452 0.565042 0.0027134 0.00258134 0.00118395
172.22 0.855269 0.819539 0.565094 0.00279407 0.0021883 0.00129341
172.24 0.855376 0.81961 0.565156 0.00267338 0.001776 0.00154857
172.26 0.855478 0.819672 0.565232 0.00255736 0.00153912 0.00191625
172.28 0.855582 0.819735 0.56532 0.00259576 0.0015753 0.0021937
172.3 0.855694 0.81981 0.565407 0.00279817 0.00187712 0.00217369
172.32 0.855816 0.819904 0.565479 0.00305291 0.00235184 0.00179857
172.34 0.855944 0.820018 0.565526 0.00318743 0.00283963 0.00118707
172.36 0.856067 0.820144 0.565549 0.00309043 0.00316467 0.000560375
172.38 0.85618 0.820273 0.565554 0.00280903 0.0032212 0.000119523
172.4 0.85628 0.820393 0.565552 0.00251683 0.00300849 -4.77803e-05
172.42 0.856376 0.820497 0.565553 0.00240346 0.00259255 3.62495e-05
172.44 0.856479 0.82058 0.565565 0.0025706 0.00207584 0.000299595
172.46 0.856598 0.820644 0.565592 0.00297472 0.00159483 0.000673357
172.48 0.856736 0.820696 0.565637 0.00344875 0.00130343 0.00111955
172.5 0.856887 0.820749 0.565701 0.00377613 0.00132413 0.00161517
172.52 0.857038 0.820816 0.565785 0.00377482 0.0016681 0.00208052
172.54 0.857174 0.820903 0.565878 0.00340346 0.00217334 0.00232873
172.56 0.857288 0.821005 0.565964 0.00283958 0.00256981 0.00215128
172.58 0.857384 0.821112 0.566023 0.00240435 0.00266489 0.00149012
172.6 0.857478 0.821211 0.566044 0.00235273 0.00248668 0.000507539
172.62 0.857587 0.821301 0.566023 0.00271187 0.00223373 -0.000508347
172.64 0.857718 0.821384 0.565972 0.00329391 0.00208239 -0.00128212
172.66 0.857871 0.821467 0.565907 0.00381572 0.00206123 -0.00164014
172.68 0.858032 0.821549 0.565845 0.0040227 0.00206756 -0.00154981
172.7 0.858184 0.821628 0.5658 0.00379587 0.00196258 -0.00110644
172.72 0.858312 0.821696 0.565781 0.00321773 0.00170393 -0.000482917
172.74 0.858414 0.821754 0.565786 0.00254416 0.00145217 0.000134269
172.76 0.858498 0.821813 0.56581 0.0020883 0.00148395 0.000596939
172.78 0.858581 0.82189 0.565843 0.00207528 0.00191051 0.000820744
172.8 0.858682 0.821991 0.565875 0.00253072 0.00252068 0.000792623
172.82 0.858812 0.822107 0.565897 0.00324841 0.002908 0.000565091
172.84 0.858967 0.822218 0.565907 0.00386646 0.00277261 0.000246603
172.86 0.859128 0.822305 0.565906 0.00403915 0.00218006 -2.24364e-05
172.88 0.859273 0.822367 0.565901 0.00362438 0.00155354 -0.000123255
172.9 0.859385 0.822422 0.565901 0.00279425 0.001366 -5.90951e-06
172.92 0.859464 0.822493 0.565914 0.00197147 0.00178649 0.000309437
172.94 0.859526 0.822596 0.565943 0.00156524 0.00256656 0.00073804
172.96 0.859595 0.822725 0.565989 0.00171474 0.00323715 0.00113867
172.98 0.859685 0.822863 0.566043 0.00224151 0.00343826 0.00135922
173 0.859797 0.822989 0.566096 0.00279969 0.00314274 0.00131329
173.02 0.859921 0.823094 0.566137 0.00311524 0.00264598 0.00103265
173.04 0.860047 0.823189 0.566163 0.00314257 0.0023512 0.000661706
173.06 0.860168 0.823288 0.566179 0.00301728 0.00248805 0.000394971
173.08 0.860283 0.823406 0.566194 0.00287425 0.00295249 0.000382697
173.1 0.860391 0.823542 0.56622 0.00271346 0.00338729 0.000644951
173.12 0.860489 0.82368 0.566263 0.00243566 0.00346907 0.00107065
173.14 0.860568 0.823807 0.566323 0.00198715 0.00316352 0.00151149
173.16 0.860627 0.823916 0.566399 0.00148197 0.00271535 0.0018809
173.18 0.860675 0.824013 0.566486 0.00118211 0.00243206 0.0021707
173.2 0.860727 0.824112 0.566581 0.00129877 0.00246849 0.00237974
173.22 0.860797 0.824221 0.566679 0.00176766 0.00273099 0.00245203
173.24 0.860887 0.824339 0.566771 0.00224183 0.00296612 0.00230521
173.26 0.860981 0.824459 0.566847 0.00234551 0.00298516 0.00190844
173.28 0.861059 0.824572 0.566901 0.00194516 0.00282031 0.00133472
173.3 0.861107 0.824678 0.566931 0.00122097 0.00265959 0.00075414
173.32 0.861129 0.824784 0.566946 0.000532915 0.00263831 0.000374602
173.34 0.861137 0.824891 0.56696 0.000199095 0.0026971 0.000351751
173.36 0.861149 0.824996 0.566988 0.000297062 0.00261842 0.000706483
173.38 0.861173 0.825084 0.56704 0.000611356 0.00219805 0.00129282
173.4 0.861206 0.825141 0.567113 0.000822131 0.00142518 0.00183409
173.42 0.861238 0.825163 0.567195 0.000804741 0.00055845 0.00204161
173.44 0.861268 0.825165 0.567266 0.00073949 2.58943e-05 0.00178769
173.46 0.861304 0.82517 0.567315 0.000910637 0.000145633 0.00120113
173.48 0.86136 0.825205 0.567338 0.00140822 0.000861095 0.000580551
173.5 0.861441 0.825274 0.567345 0.00200801 0.00173864 0.000186432
173.52 0.861533 0.825364 0.567348 0.00230498 0.00224357 7.64674e-05
173.54 0.861613 0.825447 0.567352 0.00201014 0.00206269 0.000103118
173.56 0.861662 0.825497 0.567355 0.0012084 0.00126992 5.70596e-05
173.58 0.861677 0.825508 0.567348 0.00037479 0.000273802 -0.000172759
173.6 0.861681 0.825491 0.567326 0.000106287 -0.000434683 -0.000539207
173.62 0.86171 0.825469 0.56729 0.000718335 -0.000560399 -0.000905927
173.64 0.861789 0.825463 0.567243 0.00198758 -0.000143742 -0.00116678
173.66 0.86192 0.825482 0.567192 0.00326573 0.000489571 -0.00128775
173.68 0.862076 0.82552 0.567142 0.00389393 0.000933586 -0.00125429
173.7 0.86222 0.825557 0.5671 0.00361805 0.000939855 -0.00103114
173.72 0.862329 0.825579 0.567076 0.0027207 0.000545496 -0.000604566
173.74 0.862402 0.82558 0.567075 0.00181413 2.86427e-05 -3.30273e-05
173.76 0.86246 0.82557 0.567098 0.00146067 -0.000255362 0.000568597
173.78 0.862534 0.825568 0.56714 0.00184584 -6.27516e-05 0.0010722
173.8 0.862641 0.825592 0.567195 0.00268571 0.000606666 0.00136893
173.82 0.862778 0.825652 0.567251 0.00342309 0.00150247 0.00140109
173.84 0.862922 0.825742 0.567299 0.00358407 0.00224801 0.00119788
173.86 0.863044 0.825843 0.567334 0.00304988 0.00252189 0.000880973
173.88 0.863127 0.825931 0.567359 0.00209336 0.00220578 0.000608856
173.9 0.863176 0.825989 0.567378 0.00121079 0.0014467 0.000474381
173.92 0.86321 0.826014 0.567396 0.000854607 0.000627131 0.000444892
173.94 0.863258 0.826023 0.567413 0.00118986 0.000219635 0.000432351
173.96 0.863337 0.826044 0.56743 0.00199595 0.000531564 0.000424001
173.98 0.86345 0.826104 0.56745 0.00280669 0.00150773 0.000511304
174 0.863578 0.826214 0.567482 0.00321322 0.00274305 0.000785296
174.02 0.863702 0.826361 0.567531 0.00309811 0.00368781 0.00124319
174.04 0.863809 0.826519 0.567603 0.00267078 0.00394095 0.00178712
174.06 0.863901 0.826657 0.567694 0.00231171 0.00345272 0.00227215
174.08 0.863993 0.826759 0.567796 0.00229502 0.00253271 0.00255805
174.1 0.864097 0.826826 0.567899 0.00258504 0.00167785 0.00256053
174.12 0.864213 0.826877 0.56799 0.00289751 0.00128366 0.00228158
174.14 0.864332 0.826934 0.568062 0.00297566 0.00142139 0.00179936
174.16 0.864444 0.827009 0.568111 0.00282149 0.00187436 0.00123632
174.18 0.864552 0.827102 0.568141 0.00267804 0.00233783 0.00073842
174.2 0.864664 0.827206 0.568159 0.00280633 0.00259183 0.000454831
174.22 0.864795 0.82731 0.568178 0.00326974 0.00259139 0.000473848
174.24 0.86495 0.827408 0.568208 0.00387988 0.00246083 0.000745248
174.26 0.865122 0.827503 0.568251 0.00430406 0.0023832 0.00108875
174.28 0.865293 0.827601 0.568304 0.0042812 0.00244684 0.00131197
174.3 0.865446 0.827705 0.568356 0.00380944 0.0025939 0.00130929
174.32 0.865572 0.827814 0.568399 0.00315327 0.00271872 0.00107063
174.34 0.865679 0.827925 0.568426 0.00267041 0.00278117 0.000668838
174.36 0.865782 0.828038 0.568436 0.00257618 0.00282 0.000247828
174.38 0.865895 0.828154 0.568434 0.0028366 0.00289236 -4.51519e-05
174.4 0.866025 0.828274 0.568427 0.00325267 0.00300435 -0.000164652
174.42 0.866169 0.828397 0.568419 0.00360247 0.00308971 -0.000197638
174.44 0.866319 0.82852 0.568408 0.00373937 0.00306306 -0.000273504
174.46 0.866464 0.828637 0.568391 0.00362489 0.00292395 -0.000443207
174.48 0.866595 0.828749 0.568365 0.00329068 0.00281087 -0.000640446
174.5 0.866707 0.828866 0.568336 0.00278989 0.00291382 -0.0007331
174.52 0.866795 0.828998 0.568311 0.00220927 0.0033059 -0.000612133
174.54 0.866863 0.829151 0.568301 0.0016988 0.00382845 -0.000260322
174.56 0.866921 0.829317 0.568311 0.00144487 0.00414799 0.000245839
174.58 0.866985 0.829476 0.568342 0.00158936 0.00397879 0.000775447
174.6 0.86707 0.829609 0.568389 0.00212294 0.0033196 0.00117307
174.62 0.867182 0.829709 0.56844 0.00281245 0.00250855 0.00129628
174.64 0.867313 0.82979 0.568483 0.00327391 0.00201089 0.00107439
174.66 0.867441 0.829873 0.568505 0.00319503 0.00209079 0.000546294
174.68 0.867543 0.829979 0.568499 0.0025414 0.00263016 -0.00015962
174.7 0.867607 0.830108 0.568464 0.00160984 0.00322396 -0.000880033
174.72 0.867643 0.830247 0.568406 0.000889801 0.00347388 -0.00142942
174.74 0.867674 0.830377 0.568343 0.00077649 0.00327395 -0.0015934
174.76 0.867726 0.830492 0.568295 0.00131686 0.00286337 -0.00119322
174.78 0.867813 0.830595 0.568286 0.00217795 0.00258636 -0.000234551
174.8 0.867927 0.830699 0.568326 0.00284381 0.00259499 0.000998744
174.82 0.868044 0.83081 0.568407 0.00290857 0.00277195 0.00203561
174.84 0.868136 0.830925 0.568506 0.00231929 0.0028812 0.00246953
174.86 0.868193 0.831036 0.568594 0.0014281 0.00277337 0.00220754
174.88 0.868224 0.831137 0.568655 0.000773184 0.00250498 0.00153049
174.9 0.868253 0.831228 0.568691 0.000724166 0.00229275 0.00089585
174.92 0.868304 0.831321 0.568717 0.00127124 0.00231461 0.000641672
174.94 0.868387 0.831422 0.568749 0.00208162 0.00253519 0.000811654
174.96 0.868496 0.831533 0.568797 0.00271759 0.002757 0.00118469
174.98 0.86861 0.831646 0.568854 0.00285781 0.00282683 0.00143755
175 0.868709 0.831756 0.568908 0.0024589 0.00275207 0.00134365
175.02 0.868779 0.831861 0.568945 0.00176115 0.00264117 0.000938312
175.04 0.868825 0.831965 0.568967 0.00113692 0.00260181 0.000542234
175.06 0.86886 0.832072 0.56899 0.000891955 0.00267095 0.000574236
175.08 0.868905 0.832184 0.56904 0.00112412 0.00278859 0.00125682
175.1 0.868973 0.832297 0.569137 0.00170357 0.00283208 0.00242279
175.12 0.869068 0.832405 0.569279 0.00236838 0.00269907 0.00355525
175.14 0.869182 0.832501 0.569442 0.0028553 0.00238927 0.00405216
175.16 0.869302 0.832581 0.569585 0.00298828 0.00201167 0.00358526
175.18 0.869411 0.83265 0.569678 0.00272825 0.00171341 0.00231808
175.2 0.869497 0.832712 0.56971 0.00215331 0.0015709 0.000814178
175.22 0.869553 0.832774 0.569698 0.001398 0.00153042 -0.000309037
175.24 0.869579 0.832832 0.569668 0.000639022 0.00146878 -0.000745568
175.26 0.869583 0.832885 0.569643 0.000108463 0.00130452 -0.000621872
175.28 0.869584 0.832926 0.569631 3.17173e-05 0.00104727 -0.000308121
175.3 0.869604 0.832957 0.569627 0.000499096 0.000767284 -9.23665e-05
175.32 0.869659 0.832979 0.569628 0.00137424 0.000543396 1.36198e-05
175.34 0.869751 0.832996 0.569635 0.00229871 0.000418338 0.000173781
175.36 0.869864 0.83301 0.569653 0.00281375 0.000365996 0.000467175
175.38 0.869968 0.833023 0.569683 0.00260651 0.000305419 0.000738028
175.4 0.870038 0.833029 0.56971 0.00175453 0.000163983 0.000676614
175.42 0.870068 0.833026 0.569713 0.000735752 -6.95445e-05 7.31402e-05
175.44 0.870073 0.833012 0.569675 0.000144252 -0.000347896 -0.000949786
175.46 0.870087 0.832989 0.569598 0.000328359 -0.000589837 -0.00192617
175.48 0.870134 0.832961 0.569506 0.00119543 -0.000694823 -0.00229038
175.5 0.870225 0.832938 0.569437 0.00227292 -0.000582691 -0.00172563
175.52 0.870345 0.832927 0.569422 0.0029867 -0.000265777 -0.000385506
175.54 0.870465 0.832932 0.569468 0.00300006 0.00011942 0.00114625
175.56 0.870561 0.832948 0.569554 0.0024125 0.00039497 0.00214677
175.58 0.870629 0.832967 0.56964 0.00168992 0.000481381 0.0021578
175.6 0.870683 0.832985 0.56969 0.00134927 0.000455989 0.00124732
175.62 0.870747 0.833004 0.569688 0.00160658 0.000470643 -4.70915e-05
175.64 0.870838 0.833029 0.569646 0.00226495 0.000619636 -0.00103447
175.66 0.870954 0.833064 0.569597 0.00291482 0.000881472 -0.00123851
175.68 0.871083 0.83311 0.569573 0.00323101 0.00115082 -0.000606341
175.7 0.87121 0.833162 0.569594 0.00315043 0.00130753 0.000532426
175.72 0.871324 0.833213 0.569662 0.00286296 0.00127728 0.00169504
175.74 0.871429 0.833257 0.569762 0.00263647 0.00108359 0.00250808
175.76 0.871534 0.833292 0.569876 0.00260065 0.000882194 0.00285039
175.78 0.87164 0.833327 0.569989 0.00267062 0.00088502 0.00282541
175.8 0.871747 0.833375 0.570094 0.00266687 0.00117682 0.00262088
175.82 0.871847 0.83344 0.570189 0.00249621 0.00163063 0.00237284
175.84 0.871936 0.833521 0.570273 0.00223623 0.00203893 0.00211265
175.86 0.872019 0.833613 0.570346 0.00207834 0.00228931 0.00180599
175.88 0.872106 0.833708 0.570403 0.00215835 0.00236615 0.00143872
175.9 0.872203 0.833798 0.570447 0.00242437 0.00226793 0.00108372
175.92 0.87231 0.833878 0.570482 0.00267479 0.00200124 0.00088345
175.94 0.872419 0.833943 0.57052 0.00272512 0.00161268 0.000945257
175.96 0.872522 0.833991 0.570569 0.00257226 0.00119348 0.00123062
175.98 0.872618 0.834026 0.570631 0.00241757 0.00088148 0.00155316
176 0.872718 0.83406 0.570699 0.0025025 0.000851501 0.00169958
176.02 0.872834 0.83411 0.570762 0.00288295 0.00124348 0.00157802
176.04 0.872968 0.834191 0.570813 0.00334611 0.00203774 0.00127799
176.06 0.87311 0.834311 0.570852 0.00355811 0.00298924 0.00097893
176.08 0.873242 0.834459 0.570884 0.00330877 0.00371161 0.000779256
176.1 0.87335 0.834614 0.570909 0.00268057 0.00388048 0.000628463
176.12 0.873431 0.834751 0.570926 0.00204105 0.00341433 0.00042854
176.14 0.873505 0.834852 0.570933 0.00183478 0.00252703 0.000172785
176.16 0.873596 0.834918 0.570931 0.00228431 0.00164706 -3.81154e-05
176.18 0.873724 0.834967 0.570927 0.00319657 0.00122689 -0.000100247
176.2 0.873886 0.835027 0.570927 0.00405921 0.00150357 -7.02503e-06
176.22 0.874062 0.835122 0.570933 0.00438826 0.002378 0.000142823
176.24 0.874222 0.835263 0.570941 0.00401851 0.00350781 0.000215389
176.26 0.874348 0.835443 0.570946 0.00313588 0.00450234 0.000120696
176.28 0.874433 0.835646 0.570941 0.0021339 0.00508493 -0.000123093
176.3 0.874491 0.835852 0.570926 0.00143414 0.00515434 -0.000367061
176.32 0.874543 0.836043 0.57091 0.00130984 0.00477216 -0.000413966
176.34 0.874613 0.836208 0.570903 0.0017568 0.00411444 -0.000175202
176.36 0.874714 0.836344 0.570913 0.0025095 0.00341075 0.000244483
176.38 0.874842 0.83646 0.570937 0.00320466 0.00289649 0.000608076
176.4 0.874985 0.83657 0.570965 0.0035698 0.00275993 0.000696834
176.42 0.875126 0.836693 0.570983 0.00353139 0.00307123 0.000456364
176.44 0.875254 0.836842 0.570985 0.00321115 0.0037286 4.44368e-05
176.46 0.875367 0.837022 0.570975 0.00281695 0.00448038 -0.00026069
176.48 0.875467 0.837223 0.570966 0.00251074 0.00503676 -0.000220213
176.5 0.875561 0.837432 0.570975 0.00234096 0.00521255 0.000234688
176.52 0.875652 0.837632 0.571013 0.00226966 0.0050035 0.000956928
176.54 0.875742 0.837814 0.571079 0.00224484 0.00455891 0.00163124
176.56 0.875832 0.837978 0.571155 0.00225181 0.00410894 0.00191119
176.58 0.875924 0.838133 0.57122 0.00231161 0.00387451 0.00161519
176.6 0.876022 0.838291 0.571255 0.00244021 0.00393397 0.000879112
176.62 0.876126 0.838456 0.57126 0.00261476 0.00414018 0.000117205
176.64 0.876237 0.838625 0.571251 0.00276276 0.00422 -0.00021182
176.66 0.876348 0.838785 0.571256 0.00276931 0.00398654 0.00012274
176.68 0.876449 0.838923 0.571295 0.00254424 0.00346684 0.000977802
176.7 0.876535 0.839037 0.571371 0.0021298 0.00285349 0.0019048
176.72 0.876603 0.839132 0.571468 0.00171581 0.00236922 0.00241331
176.74 0.876664 0.839219 0.571559 0.00151424 0.00215881 0.00227932
176.76 0.876728 0.839308 0.571626 0.00160141 0.00222873 0.00168085
176.78 0.876802 0.839405 0.571668 0.00184728 0.00243323 0.00105059
176.8 0.876881 0.839507 0.571699 0.00197876 0.00254746 0.000771055
176.82 0.876951 0.839603 0.571737 0.00175707 0.002401 0.000949667
176.84 0.876999 0.839682 0.571793 0.00118356 0.00196441 0.00140049
176.86 0.877021 0.839736 0.571865 0.000550097 0.00135228 0.00180089
176.88 0.877031 0.839766 0.571941 0.0002577 0.000769392 0.00189282
176.9 0.877052 0.839783 0.572006 0.000531422 0.000405731 0.00161919
176.92 0.877102 0.839796 0.572051 0.00125875 0.000334549 0.00113405
176.94 0.877185 0.839816 0.572078 0.00205159 0.0004887 0.000680859
176.96 0.877283 0.839845 0.572095 0.00245882 0.00072432 0.000432285
176.98 0.877371 0.83988 0.572113 0.00221066 0.000895241 0.000431135
177 0.877426 0.839916 0.572138 0.00137958 0.000891616 0.000632436
177.02 0.877441 0.839943 0.572176 0.000357686 0.000667348 0.000956555
177.04 0.877427 0.839954 0.572228 -0.000351015 0.000271976 0.00129948
177.06 0.877411 0.839947 0.57229 -0.000398456 -0.00015806 0.00153184
177.08 0.87742 0.839928 0.572351 0.000223099 -0.00047628 0.00153808
177.1 0.877466 0.839904 0.572403 0.00116061 -0.000605048 0.00129397
177.12 0.877542 0.839882 0.572439 0.00188684 -0.00055771 0.000895902
177.14 0.877622 0.839865 0.572458 0.00202048 -0.000409151 0.000487556
177.16 0.877685 0.839855 0.572464 0.00155704 -0.000265627 0.000141688
177.18 0.877718 0.839845 0.572457 0.000835169 -0.00024761 -0.00017173
177.2 0.87773 0.839827 0.572437 0.000291566 -0.000439654 -0.000492504
177.22 0.877738 0.839795 0.572406 0.000207457 -0.00081353 -0.000770481
177.24 0.877762 0.839747 0.572372 0.000586047 -0.00119318 -0.000865567
177.26 0.877808 0.839693 0.572345 0.00116436 -0.00133673 -0.000658577
177.28 0.87787 0.839649 0.572339 0.00155261 -0.00111167 -0.000162076
177.3 0.87793 0.839625 0.572358 0.00149812 -0.000603502 0.000467175
177.32 0.877974 0.839622 0.572396 0.00110292 -5.92208e-05 0.000970475
177.34 0.878004 0.839633 0.57244 0.000746885 0.000266758 0.00108529
177.36 0.878034 0.839644 0.572469 0.000752183 0.000258839 0.000722203
177.38 0.878079 0.839644 0.572472 0.00112274 1.5859e-06 8.65463e-05
177.4 0.878143 0.839633 0.572456 0.00159421 -0.000276011 -0.000403552
177.42 0.878219 0.839619 0.572441 0.00189346 -0.000337975 -0.00038096
177.44 0.878296 0.839616 0.57245 0.00194415 -6.6639e-05 0.000217254
177.46 0.878372 0.839636 0.572493 0.00188148 0.0004948 0.00108858
177.48 0.878448 0.839683 0.572563 0.00192085 0.00116975 0.00174786
177.5 0.878536 0.839752 0.572637 0.00218445 0.00172424 0.00184118
177.52 0.87864 0.839831 0.572692 0.00261208 0.00198296 0.00137485
177.54 0.878761 0.839909 0.57272 0.00300809 0.00194205 0.000718892
177.56 0.878887 0.839981 0.572736 0.00316512 0.00180482 0.000379183
177.58 0.879007 0.840056 0.572762 0.00299864 0.00187559 0.000667178
177.6 0.879111 0.840151 0.572822 0.0025992 0.00236845 0.00148945
177.62 0.879198 0.84028 0.572918 0.00216168 0.0032328 0.00241504
177.64 0.879272 0.840445 0.573037 0.00186525 0.00410977 0.00296723
177.66 0.879344 0.840626 0.573153 0.0017902 0.00452857 0.00290237
177.68 0.879421 0.840795 0.573245 0.00191864 0.00423777 0.00228978
177.7 0.879509 0.840932 0.573302 0.00220878 0.0034141 0.00141948
177.72 0.879615 0.841034 0.573328 0.00264981 0.00256494 0.000651128
177.74 0.879743 0.841123 0.573338 0.0031986 0.00221089 0.000259639
177.76 0.879889 0.841225 0.573351 0.00365913 0.00256585 0.00032059
177.78 0.880039 0.841361 0.573379 0.00373207 0.00338731 0.000693571
177.8 0.88017 0.841526 0.573423 0.00328346 0.00413081 0.00111488
177.82 0.880272 0.8417 0.573477 0.00254979 0.00434716 0.00133732
177.84 0.880353 0.84186 0.573526 0.0020282 0.0040029 0.00124289
177.86 0.880438 0.841998 0.573561 0.00211919 0.00345548 0.000872375
177.88 0.880551 0.842124 0.573576 0.00284045 0.00312943 0.000378808
177.9 0.880705 0.842251 0.573575 0.0038377 0.00318809 -4.85713e-05
177.92 0.880891 0.84239 0.573565 0.00465721 0.00346747 -0.000249905
177.94 0.881093 0.842536 0.573558 0.00504774 0.00366035 -0.000152331
177.96 0.881296 0.842679 0.573566 0.00507689 0.00356428 0.000183556
177.98 0.881497 0.842808 0.573589 0.00501306 0.00323433 0.000568648
178 0.8817 0.842926 0.573619 0.00508535 0.00294463 0.000767776
178.02 0.881912 0.843044 0.573645 0.00530434 0.0029495 0.000634577
178.04 0.882131 0.843173 0.573653 0.0054602 0.0032326 0.00021364
178.06 0.882343 0.843313 0.573642 0.00530778 0.00350038 -0.000283086
178.08 0.882535 0.843451 0.573618 0.00480673 0.00343747 -0.000596564
178.1 0.882703 0.843571 0.573596 0.00418704 0.0030072 -0.000544167
178.12 0.882854 0.843672 0.573593 0.00377743 0.00252497 -8.98108e-05
178.14 0.883004 0.843769 0.573619 0.00375338 0.00241739 0.00065292
178.16 0.883164 0.843883 0.573677 0.00400798 0.00286903 0.00146154
178.18 0.883334 0.844029 0.57376 0.00424795 0.00364046 0.00206874
178.2 0.883504 0.844197 0.57385 0.00423683 0.00420238 0.00225613
178.22 0.883663 0.844361 0.573928 0.00398102 0.00409599 0.00195533
178.24 0.883811 0.844491 0.57398 0.00369443 0.00324985 0.00129967
178.26 0.883953 0.844573 0.574003 0.00356916 0.00205201 0.000575463
178.28 0.884096 0.844618 0.574006 0.00356819 0.00111578 7.25413e-05
178.3 0.884234 0.844653 0.574004 0.00344574 0.000879449 -6.22691e-05
178.32 0.884352 0.844707 0.57401 0.00296107 0.00134084 0.000145833
178.34 0.884436 0.844791 0.574032 0.0020918 0.00212387 0.0005701
178.36 0.884479 0.844902 0.574074 0.00108023 0.00275286 0.00104258
178.38 0.884491 0.845018 0.574129 0.00028844 0.00291605 0.00138262
178.4 0.88449 0.845122 0.574188 -1.84098e-05 0.00260084 0.00145754
178.42 0.884498 0.845204 0.574238 0.000185513 0.00204102 0.00126027
178.44 0.884525 0.845265 0.574275 0.000691028 0.00153208 0.000929882
178.46 0.884572 0.845315 0.574302 0.00117603 0.00125181 0.000659029
178.48 0.884628 0.845363 0.574324 0.00138718 0.00119723 0.000562629
178.5 0.884679 0.845413 0.57435 0.00127106 0.00125705 0.000637246
178.52 0.884717 0.845466 0.574382 0.000955816 0.00131924 0.000812248
178.54 0.884742 0.845519 0.574423 0.000620083 0.00131797 0.00101583
178.56 0.884757 0.845567 0.574471 0.000379524 0.00120942 0.00120005
178.58 0.884767 0.845606 0.574524 0.000249114 0.000960574 0.00133498
178.6 0.884773 0.84563 0.574581 0.000164584 0.000608118 0.0014098
178.62 0.884775 0.845642 0.574638 4.35515e-05 0.000296265 0.00142818
178.64 0.884769 0.84565 0.574693 -0.000149711 0.000195266 0.00139201
178.66 0.884755 0.845664 0.574745 -0.000353107 0.000362263 0.00129187
178.68 0.884739 0.845691 0.57479 -0.000411913 0.00067229 0.0011157
178.7 0.884731 0.845727 0.574825 -0.000184036 0.00089093 0.000874447
178.72 0.884744 0.845761 0.57485 0.000328976 0.000854955 0.000621289
178.74 0.884783 0.845785 0.574867 0.00095889 0.000608279 0.000443357
178.76 0.884841 0.8458 0.574884 0.00146214 0.000361017 0.000420372
178.78 0.884907 0.845812 0.574907 0.00164178 0.000308733 0.000567614
178.8 0.884964 0.845831 0.574939 0.00142457 0.000478433 0.000802839
178.82 0.884999 0.84586 0.574978 0.000886267 0.000715582 0.000973113
178.84 0.885009 0.845892 0.575015 0.00024314 0.000803964 0.000940146
178.86 0.885 0.845917 0.575043 -0.000213192 0.000632895 0.000682311
178.88 0.88499 0.845929 0.575056 -0.000260669 0.000298003 0.000332064
178.9 0.884995 0.845931 0.575061 0.000112141 5.41175e-05 0.00011824
178.92 0.885022 0.845937 0.57507 0.000695731 0.000138718 0.000230658
178.94 0.885069 0.845961 0.575097 0.00117714 0.000595128 0.000663143
178.96 0.885122 0.84601 0.575143 0.00131748 0.00123473 0.001156
178.98 0.885166 0.84608 0.575196 0.001105 0.00175584 0.00133094
179 0.885198 0.846159 0.575234 0.000782134 0.00195477 0.000960967
179.02 0.885225 0.846233 0.575241 0.000680613 0.00186787 0.00016105
179.04 0.885263 0.846301 0.575214 0.00094648 0.00169932 -0.000671422
179.06 0.885319 0.846366 0.575169 0.00140069 0.00161418 -0.00112301
179.08 0.885386 0.84643 0.575128 0.00168754 0.00160204 -0.00103204
179.1 0.885449 0.846492 0.575105 0.00156729 0.00154395 -0.000566075
179.12 0.885492 0.846548 0.575103 0.00107577 0.00139673 -6.54726e-05
179.14 0.885511 0.846598 0.575111 0.00046778 0.00127016 0.000222581
179.16 0.885513 0.846652 0.575124 6.68416e-05 0.00133684 0.000308509
179.18 0.885518 0.846719 0.57514 0.00011566 0.00168375 0.000403979
179.2 0.885544 0.846808 0.575168 0.00066226 0.00222593 0.000706066
179.22 0.885605 0.846917 0.575216 0.00152456 0.00272959 0.00120022
179.24 0.885701 0.847036 0.575283 0.00237702 0.00296013 0.00166102
179.26 0.885818 0.847151 0.575356 0.00292498 0.00287049 0.00183577
179.28 0.88594 0.847256 0.575422 0.00305874 0.00264555 0.00163956
179.3 0.886056 0.847359 0.57547 0.00289902 0.00255355 0.00120574
179.32 0.886164 0.847469 0.575501 0.00270313 0.00275634 0.000772533
179.34 0.886272 0.847597 0.575521 0.00269091 0.00320486 0.00051738
179.36 0.886388 0.847743 0.575541 0.00291895 0.00365946 0.000477213
179.38 0.886519 0.847898 0.575564 0.00327506 0.00385522 0.000588939
179.4 0.886663 0.848047 0.575596 0.00358733 0.00374038 0.000793549
179.42 0.886814 0.848189 0.57564 0.00378979 0.00355026 0.00110115
179.44 0.886975 0.848333 0.575702 0.00400228 0.00359123 0.00155175
179.46 0.887151 0.848491 0.575787 0.00440827 0.00395133 0.00212432
179.48 0.887352 0.848667 0.575895 0.00502806 0.00441034 0.00268958
179.5 0.887577 0.848851 0.576017 0.00562507 0.0045977 0.00305214
179.52 0.88781 0.849022 0.576139 0.00583351 0.00426534 0.00305114
179.54 0.888027 0.849162 0.576244 0.00541233 0.00350722 0.00264003
179.56 0.888205 0.849272 0.57632 0.00446073 0.00274775 0.00189914
179.58 0.888342 0.84937 0.576361 0.00342549 0.00245374 0.00101428
179.6 0.888456 0.849481 0.576371 0.00283708 0.00276953 0.000243526
179.62 0.888574 0.849616 0.576364 0.00294567 0.0033736 -0.000172975
179.64 0.888716 0.849765 0.576358 0.00356576 0.0037213 -0.000130271
179.66 0.888886 0.849903 0.57637 0.00424526 0.00345669 0.000297003
179.68 0.889069 0.850009 0.576406 0.00457818 0.00265954 0.000901755
179.7 0.889247 0.850081 0.576464 0.00443623 0.00177893 0.00143172
179.72 0.889406 0.850133 0.576531 0.003995 0.00132194 0.00167794
179.74 0.889549 0.850194 0.576593 0.00355642 0.00151572 0.00155565
179.76 0.889681 0.85028 0.576638 0.00330134 0.00215702 0.00113747
179.78 0.889807 0.85039 0.576662 0.00316846 0.00274795 0.000588197
179.8 0.889926 0.850504 0.576665 0.00296304 0.00284067 6.30957e-05
179.82 0.890029 0.850598 0.576651 0.00257586 0.00234937 -0.00032667
179.84 0.890113 0.850662 0.576631 0.00209428 0.00160325 -0.000504056
179.86 0.890182 0.850706 0.576613 0.00173248 0.00110338 -0.000463458
179.88 0.890249 0.850753 0.5766 0.00166141 0.0011706 -0.000321606
179.9 0.890323 0.850823 0.576589 0.00187402 0.00175002 -0.000278118
179.92 0.890412 0.850922 0.57657 0.00220455 0.00248003 -0.000480624
179.94 0.89051 0.85104 0.576534 0.00246836 0.00294239 -0.000900628
179.96 0.890612 0.851156 0.57648 0.00254869 0.00291504 -0.00132755
179.98 0.890708 0.851256 0.576421 0.00237927 0.00248895 -0.00148168
180 0.890786 0.851336 0.576374 0.00194954 0.00200378 -0.00118457
180.02 0.89084 0.851409 0.576354 0.00135077 0.00181289 -0.000491553
180.04 0.89087 0.85149 0.576367 0.000753085 0.00202075 0.000317159
180.06 0.890883 0.851586 0.576403 0.000329363 0.00242089 0.000904948
180.08 0.890892 0.851694 0.576446 0.000216595 0.00269291 0.0010774
180.1 0.890911 0.851799 0.576481 0.000488746 0.00262769 0.000874157
180.12 0.890954 0.851888 0.576502 0.00107433 0.00221988 0.00051506
180.14 0.891021 0.851954 0.576512 0.00168675 0.00164472 0.000253384
180.16 0.891099 0.852001 0.576522 0.00193097 0.00117209 0.000248079
180.18 0.891161 0.852042 0.576543 0.00156858 0.00104421 0.000524305
180.2 0.891191 0.852096 0.576583 0.000731884 0.00134332 0.00100635
180.22 0.891186 0.852174 0.576646 -0.000116496 0.00193607 0.00157762
180.24 0.891167 0.852275 0.576732 -0.000488349 0.00252389 0.00213689
180.26 0.891158 0.852386 0.576836 -0.000203754 0.002781 0.00261501
180.28 0.891179 0.852486 0.576954 0.000508481 0.00251725 0.00294629
180.3 0.891227 0.852557 0.577077 0.00119663 0.00176979 0.00306497
180.32 0.891286 0.852588 0.577195 0.00147594 0.000772126 0.0029594
180.34 0.891335 0.852582 0.577303 0.00123298 -0.000147093 0.00270037
180.36 0.891362 0.852556 0.577398 0.000672511 -0.000669236 0.00238517
180.38 0.891369 0.852532 0.577481 0.000172762 -0.00059703 0.0020739
180.4 0.89137 0.852534 0.577553 2.74729e-05 5.88372e-05 0.00178589
180.42 0.891381 0.852577 0.577614 0.00027706 0.00107092 0.0015198
180.44 0.89141 0.85266 0.577664 0.000728824 0.00206761 0.00125605
180.46 0.891454 0.852766 0.577702 0.00110693 0.00265822 0.000963361
180.48 0.891503 0.852869 0.577727 0.00121921 0.00258148 0.00061838
180.5 0.891545 0.852942 0.577737 0.00104282 0.00183056 0.000239095
180.52 0.891572 0.85297 0.577733 0.000688546 0.000687617 -9.12031e-05
180.54 0.891586 0.852955 0.577722 0.000330353 -0.000367788 -0.000270192
180.56 0.891592 0.85292 0.577712 0.000151277 -0.000882463 -0.000244542
180.58 0.891602 0.852893 0.577711 0.000257279 -0.000681872 -3.36788e-05
180.6 0.891627 0.852894 0.577722 0.000617295 3.71489e-05 0.000273506
180.62 0.891671 0.852928 0.577744 0.00112005 0.000852415 0.000544308
180.64 0.891737 0.852983 0.57777 0.00164193 0.00136986 0.000645638
180.66 0.891819 0.85304 0.577789 0.00205628 0.00142736 0.000494175
180.68 0.89191 0.853087 0.577793 0.00226681 0.00116181 9.56055e-05
180.7 0.892001 0.853122 0.577776 0.00227314 0.000890424 -0.000438479
180.72 0.892088 0.853156 0.577739 0.00216482 0.000858621 -0.000908051
180.74 0.89217 0.853199 0.577695 0.00204846 0.00106345 -0.00109937
180.76 0.89225 0.853252 0.577659 0.00200992 0.00131666 -0.000908872
180.78 0.892334 0.85331 0.577642 0.00210062 0.00146012 -0.000429309
180.8 0.892426 0.85337 0.577646 0.00230772 0.00150198 9.4838e-05
180.82 0.892529 0.853433 0.577663 0.00255944 0.00157149 0.000425091
180.84 0.89264 0.853504 0.577682 0.0027753 0.00177062 0.000476994
180.86 0.892756 0.853586 0.577696 0.00291061 0.00205916 0.0003494
180.88 0.892874 0.853677 0.577705 0.00295646 0.0022708 0.000227586
180.9 0.892991 0.853768 0.577715 0.00291788 0.00227915 0.000256025
180.92 0.893105 0.853855 0.577734 0.00283928 0.00216045 0.00046724
180.94 0.893218 0.853941 0.577765 0.00283143 0.0021651 0.000789881
180.96 0.893339 0.854041 0.577809 0.00301604 0.00249811 0.00109878
180.98 0.893475 0.854165 0.57786 0.00342393 0.00310543 0.00126573
181 0.893632 0.854312 0.577908 0.00391889 0.00367721 0.00120212
181.02 0.893801 0.854468 0.577944 0.00422403 0.00387635 0.000900331
181.04 0.893965 0.854612 0.577962 0.00408733 0.00360554 0.000458009
181.06 0.894103 0.854735 0.577964 0.00346856 0.00309093 4.46685e-05
181.08 0.894208 0.854844 0.577956 0.00260195 0.00272182 -0.000191208
181.1 0.894283 0.854955 0.577949 0.00188175 0.00275999 -0.000190605
181.12 0.894348 0.85508 0.577949 0.00163081 0.00313477 9.03193e-06
181.14 0.894425 0.855221 0.577961 0.00192734 0.00351263 0.000304956
181.16 0.894529 0.855364 0.577984 0.0025879 0.00358054 0.000572835
181.18 0.894659 0.855496 0.578014 0.00326841 0.00330146 0.000733301
181.2 0.894805 0.855612 0.578046 0.00363635 0.00290841 0.000798733
181.22 0.894947 0.855719 0.57808 0.00354828 0.00266324 0.0008561
181.24 0.895071 0.855825 0.57812 0.00311249 0.00264583 0.00100497
181.26 0.895175 0.855934 0.578171 0.00259799 0.00274653 0.00127833
181.28 0.895266 0.856047 0.578234 0.00226401 0.00280865 0.00157913
181.3 0.895356 0.856158 0.578303 0.00224921 0.00277327 0.00171681
181.32 0.895458 0.856267 0.578365 0.00254716 0.00272849 0.00154412
181.34 0.895579 0.85638 0.578408 0.0030319 0.00282262 0.0010835
181.36 0.89572 0.856504 0.578429 0.0035169 0.00309876 0.000530981
181.38 0.895872 0.85664 0.578434 0.0038114 0.00341744 0.000129012
181.4 0.896023 0.856782 0.578435 0.00377902 0.0035511 1.25471e-05
181.42 0.89616 0.856917 0.57844 0.00341449 0.0033736 0.000127188
181.44 0.896275 0.857036 0.578451 0.00288462 0.00297104 0.00028238
181.46 0.896373 0.857139 0.578464 0.00245141 0.00257873 0.00032455
181.48 0.896465 0.857236 0.578476 0.00230733 0.00240966 0.000289029
181.5 0.896564 0.857336 0.578491 0.00245472 0.00250823 0.000367199
181.52 0.896672 0.857445 0.578519 0.00271411 0.00271701 0.000706484
181.54 0.896787 0.857556 0.578569 0.00286387 0.00278224 0.00124589
181.56 0.896899 0.857658 0.578638 0.00280843 0.00254475 0.00173516
181.58 0.897004 0.85774 0.578714 0.00262404 0.00206206 0.00190022
181.6 0.897102 0.857802 0.578779 0.00245559 0.00153257 0.00162387
181.62 0.897197 0.857847 0.57882 0.00236974 0.00112589 0.00103275
181.64 0.897289 0.857883 0.578837 0.00230756 0.000909958 0.00042767
181.66 0.897376 0.857919 0.57884 0.0021711 0.00089043 7.15948e-05
181.68 0.897453 0.85796 0.57884 0.00192767 0.00103811 1.36055e-06
181.7 0.897519 0.858012 0.578842 0.00163149 0.00128774 3.46661e-05
181.72 0.897574 0.858074 0.57884 0.00137753 0.00156423 -3.83059e-05
181.74 0.897623 0.858146 0.57883 0.00123155 0.0017867 -0.000256271
181.76 0.89767 0.858219 0.578812 0.00118298 0.00184246 -0.000446148
181.78 0.897716 0.858285 0.578797 0.00115346 0.00162778 -0.000377319
181.8 0.897758 0.858332 0.578798 0.00104886 0.00117973 2.05693e-05
181.82 0.897792 0.85836 0.578821 0.000829918 0.000719573 0.000571963
181.84 0.897813 0.858381 0.57886 0.000545291 0.000516858 0.000975196
181.86 0.897825 0.858409 0.578901 0.00028777 0.000689852 0.00102765
181.88 0.89783 0.858453 0.578932 0.000138887 0.00109646 0.000778924
181.9 0.897836 0.85851 0.578951 0.000142575 0.00142212 0.000476174
181.92 0.897847 0.858566 0.578965 0.000283879 0.00142299 0.000350693
181.94 0.897867 0.858611 0.578983 0.000482479 0.00112233 0.000438544
181.96 0.897892 0.858643 0.579005 0.0006266 0.000791089 0.000568888
181.98 0.897917 0.858673 0.579026 0.000633715 0.000743042 0.000511616
182 0.897937 0.858717 0.579032 0.000497793 0.00110289 0.000164909
182.02 0.897949 0.858786 0.579019 0.000297218 0.00172112 -0.000335901
182.04 0.897955 0.858877 0.578993 0.000160214 0.00229262 -0.00065819
182.06 0.897963 0.85898 0.578974 0.000199687 0.00257289 -0.00047323
182.08 0.897981 0.859081 0.578986 0.000445699 0.00252086 0.000295649
182.1 0.898014 0.859172 0.579041 0.000825025 0.0022734 0.00138336
182.12 0.898062 0.859252 0.579134 0.0011944 0.00200361 0.00231868
182.14 0.898119 0.859322 0.579241 0.00142509 0.00174928 0.00267479
182.16 0.898179 0.859377 0.579332 0.00150586 0.00137927 0.00229484
182.18 0.898242 0.859409 0.579388 0.00157362 0.00080408 0.0013867
182.2 0.898314 0.859417 0.579405 0.00179849 0.00020034 0.000424113
182.22 0.898403 0.859416 0.5794 0.0022121 -4.58684e-05 -0.000115525
182.24 0.898509 0.85943 0.579399 0.0026654 0.000355308 -2.99961e-05
182.26 0.898627 0.859483 0.579419 0.00295317 0.00131979 0.000506869
182.28 0.898747 0.859578 0.579463 0.00298709 0.00237906 0.00109584
182.3 0.898862 0.859696 0.579519 0.0028818 0.00295813 0.00139149
182.32 0.898977 0.859806 0.579571 0.00287353 0.00275179 0.00129752
182.34 0.899102 0.859884 0.579609 0.0031186 0.00194021 0.000959785
182.36 0.899244 0.859926 0.579634 0.00354456 0.00106533 0.000615852
182.38 0.899399 0.859953 0.579652 0.00388824 0.000665707 0.000443459
182.4 0.899555 0.859991 0.579672 0.00390025 0.000945048 0.000501412
182.42 0.899698 0.860058 0.579701 0.00356123 0.00168108 0.000746649
182.44 0.899822 0.860154 0.579744 0.00310412 0.00238593 0.00106516
182.46 0.899935 0.860259 0.579796 0.00283301 0.00262499 0.0012942
182.48 0.900051 0.860351 0.579846 0.002904 0.00230782 0.00126633
182.5 0.90018 0.86042 0.579883 0.00321711 0.00173591 0.000902416
182.52 0.90032 0.860475 0.579895 0.00350059 0.00137331 0.000298588
182.54 0.90046 0.860536 0.579883 0.00350625 0.0015152 -0.000294433
182.56 0.900587 0.860619 0.579858 0.00316495 0.00208586 -0.000613901
182.58 0.900692 0.860727 0.579837 0.00262551 0.00269875 -0.000531384
182.6 0.900779 0.860845 0.579832 0.00216977 0.00293522 -0.000111283
182.62 0.900861 0.86095 0.57985 0.00205836 0.00262831 0.000437655
182.64 0.900955 0.861028 0.579885 0.00236367 0.00195716 0.000872163
182.66 0.901071 0.861081 0.579926 0.00287602 0.00133228 0.00102628
182.68 0.901199 0.861128 0.57996 0.00321485 0.00115694 0.000855371
182.7 0.901323 0.861192 0.579977 0.0030885 0.00160074 0.000416967
182.72 0.901422 0.861292 0.579971 0.00248587 0.00251713 -0.000146824
182.74 0.901488 0.861433 0.579946 0.00166054 0.00352467 -0.000628923
182.76 0.901527 0.861601 0.579913 0.000963989 0.00418001 -0.000830368
182.78 0.901554 0.861768 0.579886 0.000671683 0.00417864 -0.000672008
182.8 0.901589 0.861908 0.579876 0.000875636 0.00349854 -0.000237146
182.82 0.901646 0.862004 0.579887 0.00142575 0.00241628 0.000277214
182.84 0.901725 0.86206 0.579913 0.00197489 0.00139975 0.000651306
182.86 0.901812 0.862097 0.579944 0.00218032 0.000915433 0.00075735
182.88 0.901889 0.862145 0.579969 0.00192949 0.00119799 0.00063646
182.9 0.901945 0.862229 0.579988 0.00140263 0.00211211 0.000467917
182.92 0.901982 0.862358 0.580005 0.000921213 0.00322663 0.000440827
182.94 0.902011 0.86252 0.58003 0.000713899 0.00404136 0.000621586
182.96 0.902043 0.862688 0.580067 0.000793401 0.004201 0.000915306
182.98 0.902083 0.862834 0.580113 0.00101081 0.00363794 0.0011559
183 0.902132 0.862938 0.580163 0.00121609 0.00261934 0.00124631
183.02 0.902187 0.863003 0.580212 0.00139521 0.00162245 0.00121471
183.04 0.902254 0.863046 0.580257 0.00166481 0.00106791 0.00114317
183.06 0.902339 0.86309 0.5803 0.00211189 0.00109509 0.00107013
183.08 0.902444 0.863151 0.580339 0.00263787 0.00152621 0.000968151
183.1 0.902564 0.863231 0.58037 0.00300195 0.00201415 0.000784502
183.12 0.902685 0.863322 0.580391 0.00302863 0.00225981 0.000514637
183.14 0.902796 0.863409 0.580401 0.0027573 0.00217477 0.000257037
183.16 0.902892 0.863484 0.580408 0.00240149 0.00188539 0.000174564
183.18 0.902979 0.863548 0.580423 0.00217964 0.00158578 0.000372907
183.2 0.903066 0.863602 0.580455 0.0021776 0.00136774 0.000798516
183.22 0.903159 0.86365 0.580504 0.00232776 0.00118314 0.00123346
183.24 0.903259 0.863688 0.580561 0.00249044 0.000962295 0.00140641
183.26 0.903362 0.863718 0.580607 0.00258001 0.000736074 0.00117136
183.28 0.903467 0.863744 0.580633 0.00261686 0.000651725 0.000629111
183.3 0.903572 0.863778 0.580635 0.00264127 0.000863317 7.18122e-05
183.32 0.903676 0.863833 0.580626 0.0026076 0.00136658 -0.00024338
183.34 0.903773 0.86391 0.580614 0.00240822 0.00192996 -0.000290375
183.36 0.903853 0.863999 0.580604 0.00201111 0.00221872 -0.000247087
183.38 0.903915 0.86408 0.580592 0.00153806 0.00202463 -0.000300065
183.4 0.903963 0.864138 0.580574 0.00119789 0.00144674 -0.000465984
183.42 0.904009 0.864173 0.58055 0.00114751 0.000888398 -0.000577498
183.44 0.904064 0.864205 0.580533 0.00139101 0.000792846 -0.000431751
183.46 0.904136 0.864257 0.580534 0.00178466 0.00129104 2.95575e-05
183.48 0.904221 0.86434 0.580561 0.00213648 0.00207794 0.00065911
183.5 0.904314 0.864445 0.580608 0.00231288 0.00262214 0.00119184
183.52 0.904406 0.864547 0.580665 0.00230289 0.00255075 0.00140954
183.54 0.904494 0.864623 0.580716 0.00220685 0.00191285 0.00128972
183.56 0.90458 0.864668 0.580757 0.00213884 0.00112573 0.00101563
183.58 0.904665 0.864695 0.58079 0.00213269 0.00066024 0.000825867
183.6 0.904751 0.864723 0.580823 0.0021579 0.000724712 0.000827315
183.62 0.904839 0.864771 0.58086 0.00219399 0.0011802 0.000926884
183.64 0.904929 0.864839 0.580897 0.00224753 0.00171402 0.000930806
183.66 0.905022 0.864924 0.580926 0.00233447 0.00210633 0.00072106
183.68 0.905121 0.865018 0.580941 0.0024675 0.00236225 0.000357029
183.7 0.905226 0.865122 0.580941 0.00262644 0.00260807 1.54158e-05
183.72 0.905335 0.865237 0.580935 0.00273409 0.00286629 -0.000156976
183.74 0.905444 0.865355 0.580929 0.0027089 0.00295247 -0.000142466
183.76 0.905546 0.86546 0.580927 0.00256698 0.00262213 -4.27932e-05
183.78 0.905644 0.865534 0.580928 0.0024445 0.00184028 1.4716e-05
183.8 0.905744 0.86557 0.580927 0.00250395 0.000917684 -2.319e-05
183.82 0.905857 0.865586 0.580923 0.00281086 0.000386723 -0.000102625
183.84 0.905987 0.865613 0.580919 0.00324865 0.000687046 -0.00010657
183.86 0.906129 0.865687 0.580921 0.00355895 0.00185473 6.5989e-05
183.88 0.90627 0.865824 0.580938 0.00352175 0.00341246 0.00041375
183.9 0.906394 0.866008 0.580969 0.00310913 0.00459283 0.000776417
183.92 0.906493 0.866199 0.581005 0.00247042 0.00479582 0.000890435
183.94 0.906566 0.866358 0.581028 0.00182159 0.00396162 0.000582749
183.96 0.906621 0.866462 0.581026 0.00137387 0.00260506 -4.57584e-05
183.98 0.906672 0.866522 0.581001 0.00128495 0.00149543 -0.000629773
184 0.906736 0.86657 0.58097 0.00158928 0.00119668 -0.00077162
184.02 0.906822 0.86664 0.580957 0.00216268 0.00175881 -0.000317984
184.04 0.906933 0.866751 0.58098 0.00277015 0.00277287 0.000555422
184.06 0.907059 0.866899 0.581039 0.00315746 0.00369948 0.00148413
184.08 0.907185 0.867066 0.581124 0.00314293 0.00416633 0.00213327
184.1 0.907293 0.867229 0.581218 0.00270279 0.00407092 0.00234642
184.12 0.907374 0.86737 0.581305 0.00201646 0.00353235 0.00216452
184.14 0.90743 0.867481 0.581375 0.00139915 0.00278653 0.00175168
184.16 0.907475 0.867566 0.581426 0.00112842 0.00211001 0.00129107
184.18 0.907527 0.867637 0.581463 0.0012942 0.00178216 0.000906888
184.2 0.907597 0.867717 0.581489 0.00176393 0.00199005 0.000655294
184.22 0.907687 0.867823 0.581511 0.00225116 0.00266824 0.000548688
184.24 0.907786 0.867961 0.581533 0.00246163 0.00344011 0.000547527
184.26 0.907876 0.868112 0.581555 0.00225959 0.00378283 0.000550442
184.28 0.907946 0.868246 0.581573 0.00175392 0.00335093 0.000456109
184.3 0.907996 0.868336 0.581583 0.00123621 0.00224049 0.000250271
184.32 0.908037 0.868375 0.581584 0.00101613 0.000978076 2.01505e-05
184.34 0.908086 0.868384 0.581579 0.0012255 0.000216532 -0.000114597
184.36 0.908153 0.868397 0.581575 0.00169095 0.000326748 -9.47068e-05
184.38 0.908234 0.868444 0.581577 0.00202711 0.00117216 3.361e-05
184.4 0.908311 0.868533 0.581582 0.00191811 0.00222155 0.000135671
184.42 0.908365 0.868649 0.581585 0.00135771 0.00290065 5.86163e-05
184.44 0.908392 0.868766 0.581575 0.000664119 0.00293542 -0.000238221
184.46 0.908403 0.868864 0.581551 0.000274024 0.00244604 -0.00059513
184.48 0.908421 0.868934 0.581522 0.000459183 0.0017654 -0.000736173
184.5 0.908467 0.868981 0.581503 0.00113531 0.00117664 -0.000461963
184.52 0.908543 0.869012 0.581512 0.0018968 0.000772145 0.000217195
184.54 0.908634 0.869032 0.581555 0.00228307 0.000495202 0.00107108
184.56 0.908717 0.869044 0.581624 0.00207854 0.00029504 0.00173589
184.58 0.908774 0.869054 0.581699 0.00143236 0.000246199 0.00187044
184.6 0.908804 0.869074 0.581752 0.000752425 0.000499568 0.00132503
184.62 0.908822 0.869117 0.581762 0.00044916 0.00108824 0.000249463
184.64 0.908851 0.869189 0.581725 0.000707365 0.0017916 -0.000919799
184.66 0.908907 0.869278 0.58166 0.00140428 0.00223162 -0.00162762
184.68 0.908994 0.869364 0.581601 0.0021899 0.00213874 -0.00148258
184.7 0.909102 0.869426 0.581581 0.00269042 0.00156524 -0.000486961
184.72 0.909211 0.869461 0.58162 0.0027266 0.000871083 0.000962245
184.74 0.909307 0.86948 0.581711 0.00239658 0.000469556 0.0022849
184.76 0.909385 0.869501 0.581831 0.00196198 0.00052495 0.00298195
184.78 0.909452 0.869535 0.581943 0.00165279 0.000854014 0.00281068
184.8 0.909514 0.869579 0.582017 0.00155201 0.00109325 0.00184491
184.82 0.909578 0.869618 0.582035 0.00160714 0.000989102 0.000448956
184.84 0.909647 0.869643 0.582001 0.00172105 0.000608765 -0.000842208
184.86 0.90972 0.869656 0.58194 0.0018436 0.000325141 -0.00151808
184.88 0.909801 0.869678 0.581888 0.00200568 0.000554139 -0.00130822
184.9 0.909891 0.869734 0.581875 0.00226736 0.0014107 -0.000325981
184.92 0.909996 0.869837 0.581913 0.00260849 0.00255914 0.000961116
184.94 0.910111 0.869973 0.581992 0.00289306 0.00339237 0.00195607
184.96 0.91023 0.870109 0.582081 0.00297462 0.00342136 0.00224262
184.98 0.910343 0.870213 0.582153 0.00282129 0.0026009 0.0017801
185 0.910445 0.870269 0.582188 0.00254346 0.00138253 0.000881788
185.02 0.910539 0.870287 0.582189 0.00234446 0.00046439 3.58086e-05
185.04 0.910636 0.870302 0.582175 0.00243111 0.000375617 -0.000353765
185.06 0.910752 0.870349 0.582168 0.00288713 0.00116369 -0.000186983
185.08 0.910894 0.870444 0.58218 0.00356917 0.00238347 0.000310235
185.1 0.911061 0.870579 0.582211 0.0041557 0.00337271 0.000785755
185.12 0.911234 0.870725 0.582252 0.00433948 0.00364062 0.00101487
185.14 0.911394 0.870851 0.582293 0.00400665 0.00314487 0.00101811
185.16 0.911525 0.870942 0.582332 0.00327167 0.0022799 0.000971965
185.18 0.911621 0.871004 0.582372 0.00238896 0.00156696 0.001001
185.2 0.911687 0.871056 0.582413 0.00165964 0.00129018 0.00104183
185.22 0.911741 0.871111 0.58245 0.0013534 0.00137915 0.000920424
185.24 0.911806 0.871175 0.582473 0.00160497 0.00159058 0.000561797
185.26 0.911898 0.871245 0.582477 0.00232165 0.00175953 0.000103708
185.28 0.912025 0.871321 0.582469 0.00316505 0.00188768 -0.000203734
185.3 0.912171 0.871404 0.582461 0.00365572 0.00207227 -0.000202823
185.32 0.912307 0.871499 0.582462 0.00339526 0.00238204 3.00466e-05
185.34 0.9124 0.871609 0.58247 0.00233611 0.00275552 0.000214832
185.36 0.912437 0.871728 0.582473 0.000910686 0.00298301 7.00568e-05
185.38 0.912431 0.871842 0.582455 -0.000145263 0.00282961 -0.0004563
185.4 0.912422 0.871931 0.582411 -0.00021948 0.00224686 -0.00110239
185.42 0.912453 0.871991 0.582354 0.000768039 0.00148168 -0.00143268
185.44 0.912544 0.872029 0.582308 0.00228083 0.000946206 -0.0011258
185.46 0.912683 0.872067 0.5823 0.00347936 0.000953904 -0.000219209
185.48 0.912832 0.872128 0.582334 0.00371663 0.00152334 0.000868189
185.5 0.912949 0.872222 0.582397 0.00291338 0.00237106 0.00156863
185.52 0.913012 0.872345 0.582458 0.00158009 0.0030664 0.00151259
185.54 0.91303 0.872475 0.582489 0.000462981 0.00325506 0.000783969
185.56 0.913034 0.872589 0.582485 8.35318e-05 0.00285065 -0.000102975
185.58 0.913054 0.872672 0.582463 0.000496562 0.00207759 -0.000541775
185.6 0.913108 0.872726 0.582453 0.00136825 0.00132829 -0.000267448
185.62 0.913198 0.872763 0.582471 0.00224256 0.000935471 0.000459021
185.64 0.91331 0.872804 0.582514 0.00280276 0.00102277 0.00107689
185.66 0.913429 0.872863 0.58256 0.00297786 0.00148547 0.00115716
185.68 0.913545 0.872946 0.582588 0.00288983 0.00207622 0.000698345
185.7 0.913654 0.873048 0.582592 0.0027325 0.00254328 8.86899e-05
185.72 0.913761 0.873158 0.582583 0.00268006 0.00273796 -0.000223812
185.74 0.913875 0.873264 0.58258 0.00283875 0.00264808 -7.19929e-05
185.76 0.914003 0.873359 0.582594 0.00320174 0.00237914 0.000358131
185.78 0.914149 0.873443 0.582624 0.00364018 0.00210466 0.000748641
185.8 0.914307 0.873522 0.582662 0.00396562 0.00197213 0.000942544
185.82 0.914468 0.873603 0.582704 0.00401313 0.00202481 0.00105361
185.84 0.914615 0.873691 0.582756 0.00369052 0.0022108 0.00129602
185.86 0.914736 0.873789 0.582823 0.00302236 0.0024473 0.00168865
185.88 0.914825 0.873896 0.582902 0.002215 0.00267895 0.00195482
185.9 0.914891 0.874012 0.582971 0.00164431 0.00289169 0.00173822
185.92 0.914957 0.874135 0.583008 0.00167139 0.00308627 0.000931849
185.94 0.915052 0.874265 0.583001 0.00236785 0.00324675 -0.000184588
185.96 0.915188 0.874399 0.582957 0.00339239 0.00333156 -0.00110828
185.98 0.915355 0.87453 0.5829 0.00417718 0.00328528 -0.00142247
186 0.915526 0.874653 0.582858 0.00427845 0.0030823 -0.00103637
186.02 0.915671 0.874765 0.58285 0.00362372 0.0028047 -0.000201895
186.04 0.915772 0.874872 0.582878 0.00253303 0.00266014 0.000687201
186.06 0.915835 0.874985 0.582932 0.00155357 0.00283872 0.00135021
186.08 0.915882 0.875117 0.583001 0.00117668 0.00328981 0.00173011
186.1 0.915943 0.875264 0.583077 0.00154782 0.00368627 0.00189531
186.12 0.916038 0.875411 0.583152 0.00236603 0.00367042 0.00186849
186.14 0.916161 0.875537 0.583214 0.00306631 0.00314391 0.00157046
186.16 0.916287 0.875631 0.583252 0.00315192 0.00236231 0.000942329
186.18 0.916386 0.875703 0.583256 0.00248061 0.00178114 0.00011054
186.2 0.916441 0.875772 0.583232 0.0013631 0.00172862 -0.000610567
186.22 0.916457 0.875858 0.583196 0.000403874 0.00214109 -0.000907977
186.24 0.916462 0.875962 0.583168 0.000134429 0.00259946 -0.000681089
186.26 0.916488 0.876067 0.583165 0.000657971 0.00264602 -8.99361e-05
186.28 0.916552 0.876153 0.583188 0.00158232 0.0021342 0.00057935
186.3 0.916644 0.876207 0.583232 0.00230537 0.00135679 0.00109778
186.32 0.916741 0.87624 0.583287 0.00242766 0.000830996 0.00138694
186.34 0.916821 0.876276 0.583347 0.00198897 0.000884835 0.00148355
186.36 0.916876 0.87633 0.583404 0.00138316 0.0013682 0.00143337
186.38 0.916918 0.876401 0.583453 0.00104631 0.00176321 0.001215
186.4 0.916963 0.876466 0.583483 0.001142 0.00163161 0.00075691
186.42 0.917022 0.876506 0.583485 0.00145476 0.00100117 3.88416e-05
186.44 0.917085 0.87652 0.583452 0.00159396 0.000354641 -0.000805204
186.46 0.91714 0.87653 0.583392 0.00135732 0.000232989 -0.00150292
186.48 0.917176 0.876561 0.58332 0.00091499 0.000784945 -0.00179996
186.5 0.917202 0.876626 0.583255 0.000652996 0.00161896 -0.00162928
186.52 0.917236 0.876708 0.583209 0.000836622 0.00206394 -0.00114602
186.54 0.917291 0.876775 0.583186 0.0013859 0.00166783 -0.000587849
186.56 0.917368 0.876798 0.583183 0.00192226 0.000570872 -7.48408e-05
186.58 0.91745 0.876776 0.583201 0.00204474 -0.000552199 0.000453572
186.6 0.917516 0.876738 0.583245 0.00165013 -0.000953112 0.00109578
186.62 0.917558 0.876724 0.583316 0.00105234 -0.00033982 0.00177449
186.64 0.917588 0.87676 0.583402 0.000751446 0.000893056 0.00216742
186.66 0.917629 0.876837 0.583478 0.00103018 0.00192034 0.00189595
186.68 0.917699 0.876919 0.583512 0.00173825 0.00206724 0.000857251
186.7 0.917796 0.87697 0.583489 0.0024174 0.0012718 -0.000586718
186.72 0.917902 0.876973 0.583419 0.00265035 6.84085e-05 -0.00174294
186.74 0.917997 0.87694 0.58334 0.00237401 -0.000826558 -0.00199297
186.76 0.918073 0.876901 0.583291 0.00192056 -0.000962977 -0.00120198
186.78 0.918143 0.876887 0.583299 0.00175148 -0.000363648 0.000178554
186.8 0.918227 0.876909 0.583356 0.0020877 0.000560118 0.0014285
186.82 0.918337 0.876962 0.583438 0.0027558 0.00131084 0.00205784
186.84 0.918471 0.877027 0.583521 0.00335615 0.00164254 0.00208168
186.86 0.918614 0.877094 0.583597 0.00355241 0.00166225 0.00188586
186.88 0.918744 0.87716 0.583671 0.00327231 0.00164526 0.00186503
186.9 0.918854 0.877231 0.583756 0.0027334 0.00177905 0.0021193
186.92 0.918946 0.877313 0.583851 0.0022948 0.00205192 0.00237008
186.94 0.919035 0.877406 0.583937 0.00222638 0.00232008 0.00215919
186.96 0.919137 0.877503 0.583987 0.00255055 0.00243931 0.00124789
186.98 0.919259 0.877598 0.583983 0.00307072 0.00235627 -0.000115096
187 0.919401 0.877683 0.58393 0.00353316 0.00214391 -0.00131554
187.02 0.919552 0.877762 0.583859 0.00377011 0.00197761 -0.00177254
187.04 0.919702 0.877843 0.583807 0.00374898 0.00202348 -0.00129946
187.06 0.919843 0.877936 0.583799 0.00354746 0.00231121 -0.000200903
187.08 0.919975 0.878045 0.583837 0.00328822 0.00272619 0.000940951
187.1 0.920098 0.878169 0.583902 0.00308185 0.00310843 0.00164104
187.12 0.920218 0.878303 0.583973 0.00298908 0.00333692 0.00176555
187.14 0.920338 0.878438 0.584033 0.00300246 0.00337163 0.00150805
187.16 0.920461 0.878569 0.58408 0.00306599 0.00327667 0.00115731
187.18 0.920585 0.878696 0.584114 0.00311138 0.00318839 0.000852115
187.2 0.920708 0.878825 0.584134 0.00306806 0.00321492 0.000516554
187.22 0.920822 0.878959 0.584135 0.00286268 0.00334512 7.06883e-06
187.24 0.920921 0.879097 0.584108 0.00247707 0.00345907 -0.000670568
187.26 0.921002 0.879235 0.584057 0.00202611 0.00343997 -0.00128058
187.28 0.921072 0.879366 0.583996 0.00174046 0.00327807 -0.00150399
187.3 0.921145 0.879489 0.58395 0.00182753 0.00308706 -0.00117006
187.32 0.921237 0.87961 0.583934 0.00229224 0.00302333 -0.000381425
187.34 0.921352 0.879736 0.583956 0.00288142 0.00315239 0.000540164
187.36 0.921482 0.879872 0.584005 0.00323722 0.003388 0.00123449
187.38 0.921607 0.880014 0.584065 0.00313369 0.00355312 0.00149001
187.4 0.921711 0.880153 0.584118 0.00261182 0.00348627 0.00132558
187.42 0.921789 0.880279 0.584156 0.00194208 0.00315025 0.000941928
187.44 0.921848 0.880387 0.58418 0.00146778 0.00269366 0.000596846
187.46 0.921905 0.880481 0.584199 0.00141889 0.00235572 0.000476138
187.48 0.921976 0.880573 0.584223 0.00177617 0.00229609 0.000605438
187.5 0.922067 0.880673 0.584257 0.0022855 0.00250804 0.000844993
187.52 0.922172 0.880787 0.584296 0.00263808 0.0028419 0.000986134
187.54 0.922279 0.880911 0.584332 0.00266977 0.00308616 0.000892668
187.56 0.922377 0.881033 0.584356 0.00243928 0.00306688 0.000594269
187.58 0.922463 0.881143 0.584367 0.00215595 0.00274579 0.000274718
187.6 0.922544 0.881233 0.584373 0.0020192 0.00226012 0.000159841
187.62 0.922626 0.881307 0.584387 0.00205908 0.00182811 0.000358465
187.64 0.922711 0.881371 0.584418 0.00211327 0.00160726 0.000758037
187.66 0.922791 0.881437 0.584461 0.00199592 0.00164667 0.00108798
187.68 0.922859 0.881513 0.584506 0.00170792 0.00190809 0.00111913
187.7 0.922918 0.881604 0.584539 0.00146595 0.00227409 0.00083362
187.72 0.922978 0.881706 0.584557 0.00152324 0.00255732 0.000434812
187.74 0.923057 0.881808 0.584564 0.00196575 0.00255054 0.000189011
187.76 0.923162 0.881894 0.584573 0.00261956 0.00213394 0.000231483
187.78 0.923287 0.881949 0.584593 0.0031179 0.00137409 0.000477944
187.8 0.923411 0.88197 0.58462 0.00311324 0.000527102 0.00069515
187.82 0.923512 0.881967 0.584648 0.00251011 -6.72796e-05 0.000681525
187.84 0.923574 0.881961 0.584665 0.00156664 -0.000154479 0.000422876
187.86 0.923605 0.881972 0.584669 0.000765905 0.000282782 0.000102343
187.88 0.923625 0.882012 0.584667 0.000499758 0.000991582 -4.48683e-05
187.9 0.923657 0.882076 0.58467 0.000802117 0.00159552 8.42679e-05
187.92 0.923711 0.882148 0.584686 0.0013588 0.00181277 0.000392885
187.94 0.923782 0.882211 0.584714 0.00176483 0.00157392 0.000692592
187.96 0.923854 0.882251 0.584748 0.00179921 0.000992413 0.000851191
187.98 0.923915 0.882262 0.584781 0.00152847 0.000279472 0.000827509
188 0.923964 0.882249 0.584806 0.00122098 -0.000316219 0.000624111
188.02 0.92401 0.882226 0.584817 0.00114258 -0.000577174 0.000274271
188.04 0.924063 0.882209 0.584811 0.0013461 -0.00042272 -0.000135829
188.06 0.924128 0.882211 0.584792 0.00162337 4.00016e-05 -0.000473628
188.08 0.924196 0.882235 0.584768 0.00168711 0.000592454 -0.000605667
188.1 0.924253 0.882276 0.58475 0.00143379 0.00104018 -0.000462743
188.12 0.924294 0.882328 0.584746 0.00102756 0.00128684 -9.69005e-05
188.14 0.924324 0.882381 0.584759 0.000749281 0.00132251 0.000326162
188.16 0.924356 0.882427 0.584784 0.000794374 0.00117035 0.000627847
188.18 0.924404 0.882462 0.584814 0.00118815 0.00087015 0.000745522
188.2 0.924476 0.882483 0.584844 0.00180555 0.000513529 0.000769795
188.22 0.924573 0.882493 0.584878 0.00242461 0.000244714 0.000847684
188.24 0.924686 0.882501 0.58492 0.00282957 0.00020523 0.00105041
188.26 0.924803 0.88252 0.584973 0.00292635 0.000481101 0.00130322
188.28 0.924912 0.882562 0.585029 0.00273869 0.00104995 0.00142371
188.3 0.925005 0.882631 0.585079 0.00231558 0.00171839 0.00124937
188.32 0.925075 0.882717 0.58511 0.00174716 0.0021566 0.000761097
188.34 0.925125 0.882801 0.585114 0.00125062 0.00209762 9.82733e-05
188.36 0.92517 0.882863 0.585093 0.00112547 0.0015516 -0.000529556
188.38 0.925232 0.882897 0.585055 0.00156039 0.000844296 -0.000951614
188.4 0.925331 0.882915 0.585011 0.00246 0.000444636 -0.00108531
188.42 0.925469 0.882942 0.584975 0.00344562 0.000683078 -0.000911951
188.44 0.925631 0.883003 0.584957 0.0040556 0.00152902 -0.000435826
188.46 0.925791 0.883106 0.58497 0.00401188 0.00257757 0.000322693
188.48 0.925927 0.883238 0.585021 0.00338604 0.00328455 0.00125942
188.5 0.926029 0.88337 0.585105 0.00255359 0.00330401 0.00211933
188.52 0.926107 0.883479 0.585208 0.0019603 0.00272177 0.00257526
188.54 0.926182 0.883559 0.585305 0.00186757 0.00201767 0.00241723
188.56 0.926272 0.88363 0.585373 0.00225788 0.00175706 0.00168846
188.58 0.926389 0.883718 0.5854 0.00290768 0.00220851 0.000682748
188.6 0.92653 0.883844 0.585392 0.00352199 0.00314123 -0.000187249
188.62 0.926684 0.884002 0.585368 0.00386524 0.00396862 -0.00059715
188.64 0.926838 0.884169 0.585349 0.0038502 0.00416134 -0.000490886
188.66 0.92698 0.884314 0.585345 0.00354266 0.00362254 -9.14567e-05
188.68 0.927103 0.884423 0.585357 0.00308752 0.00272955 0.000288789
188.7 0.927209 0.884504 0.585376 0.00263385 0.00203528 0.000475438
188.72 0.927302 0.88458 0.585396 0.0023301 0.00189446 0.00050358
188.74 0.927394 0.884671 0.585416 0.00231294 0.00228143 0.000510138
188.76 0.9275 0.884787 0.58544 0.00262916 0.00290437 0.000588131
188.78 0.927627 0.884926 0.585469 0.00318099 0.00347376 0.000729767
188.8 0.927777 0.885082 0.585504 0.00375556 0.00389256 0.00086566
188.82 0.927941 0.885251 0.585541 0.00409416 0.00422276 0.000924142
188.84 0.928101 0.885431 0.585575 0.00399636 0.00449432 0.000855909
188.86 0.928239 0.885615 0.5856 0.00346723 0.00460086 0.000640247
188.88 0.928351 0.885791 0.585612 0.00278066 0.00440007 0.000294931
188.9 0.928444 0.885946 0.585608 0.00233919 0.00389227 -0.000108205
188.92 0.928541 0.886078 0.58559 0.00241063 0.00328419 -0.000438646
188.94 0.928658 0.886193 0.585569 0.00293436 0.00287995 -0.000530369
188.96 0.9288 0.886309 0.585559 0.00354366 0.00288838 -0.000249841
188.98 0.928951 0.88644 0.585575 0.00379209 0.00329453 0.000401242
189 0.929089 0.886596 0.585624 0.00344933 0.00387975 0.00122049
189.02 0.929197 0.886769 0.585698 0.00267959 0.00434046 0.00184219
189.04 0.929275 0.886946 0.585774 0.00195553 0.00442254 0.0018958
189.06 0.929344 0.887108 0.585823 0.00172925 0.00404567 0.00123163
189.08 0.929428 0.887242 0.585826 0.00209927 0.00336337 6.95604e-05
189.1 0.929538 0.88735 0.585783 0.00274661 0.00268631 -0.0010677
189.12 0.929664 0.88744 0.585718 0.00315819 0.00226485 -0.00163482
189.14 0.929782 0.887525 0.585662 0.00294441 0.00210666 -0.00137743
189.16 0.929865 0.887605 0.585644 0.00207608 0.00200299 -0.000466369
189.18 0.929902 0.887674 0.585669 0.000932962 0.00172946 0.000628333
189.2 0.929906 0.887724 0.585726 8.70875e-05 0.00125236 0.00143072
189.22 0.929903 0.887755 0.585794 -6.51494e-05 0.000776133 0.00170454
189.24 0.929922 0.887779 0.585854 0.000463104 0.000600809 0.00149634
189.26 0.929973 0.887815 0.585894 0.00128313 0.000888999 0.00100166
189.28 0.930047 0.887875 0.58591 0.00186086 0.00151397 0.00040541
189.3 0.930121 0.887959 0.585903 0.00184294 0.00209473 -0.000183131
189.32 0.930174 0.888047 0.585875 0.00130934 0.00219846 -0.0007009
189.34 0.930203 0.888112 0.585832 0.000735182 0.00162585 -0.0010742
189.36 0.930229 0.888136 0.585784 0.000642402 0.000591644 -0.00119808
189.38 0.930277 0.88812 0.585745 0.00121124 -0.000388481 -0.000989371
189.4 0.930363 0.888086 0.585726 0.0021551 -0.000845186 -0.000456888
189.42 0.93048 0.88806 0.585738 0.00291189 -0.000655073 0.000290078
189.44 0.9306 0.888058 0.585782 0.00301271 -6.59535e-05 0.00109813
189.46 0.930698 0.888079 0.585855 0.00243557 0.000525946 0.00182414
189.48 0.930764 0.888112 0.585949 0.00165598 0.00084395 0.00234759
189.5 0.930815 0.888147 0.586051 0.0012873 0.000859721 0.00255927
189.52 0.93088 0.888176 0.586146 0.00161466 0.000734741 0.00238169
189.54 0.930976 0.888202 0.586219 0.00241091 0.000641151 0.00182007
189.56 0.931102 0.888227 0.586259 0.00313905 0.00062379 0.000993883
189.58 0.931236 0.888252 0.586264 0.00334305 0.000622963 0.000122502
189.6 0.931353 0.888276 0.586243 0.00294272 0.000601342 -0.000523976
189.62 0.931444 0.8883 0.586215 0.00225658 0.000615718 -0.000699829
189.64 0.931514 0.88833 0.586203 0.0017521 0.000750644 -0.000291098
189.66 0.931582 0.88837 0.586227 0.00170366 0.00100091 0.00058388
189.68 0.931663 0.88842 0.586289 0.00203016 0.00124229 0.0015602
189.7 0.931759 0.888473 0.586376 0.00240092 0.00132942 0.0021758
189.72 0.931859 0.888522 0.586461 0.00249306 0.00122323 0.00212747
189.74 0.931947 0.888564 0.586518 0.0022112 0.00105132 0.00143028
189.76 0.932016 0.888606 0.586534 0.00172712 0.00104192 0.000385259
189.78 0.93207 0.88866 0.586511 0.00134807 0.00135077 -0.000567498
189.8 0.932123 0.888736 0.58647 0.00131064 0.0018885 -0.00103674
189.82 0.932188 0.888829 0.586435 0.00161873 0.00232848 -0.000861908
189.84 0.932269 0.888922 0.586427 0.00204338 0.00233886 -0.000194541
189.86 0.932361 0.888995 0.586451 0.00230129 0.00182105 0.000596459
189.88 0.932451 0.889034 0.586496 0.00225218 0.000970683 0.0011302
189.9 0.93253 0.889041 0.586544 0.00196559 0.000180093 0.00118019
189.92 0.932596 0.889035 0.586573 0.00164585 -0.000157192 0.000731672
189.94 0.932655 0.88904 0.586571 0.00148352 0.000139019 -3.55838e-05
189.96 0.932717 0.889078 0.586539 0.00154481 0.000932613 -0.000822555
189.98 0.932787 0.889152 0.586485 0.00176139 0.00186189 -0.00133864
190 0.932869 0.889254 0.586429 0.00203256 0.00255617 -0.00141209
190.02 0.932962 0.889365 0.586387 0.00232944 0.00277779 -0.0010482
190.04 0.933069 0.889464 0.586369 0.00267885 0.00245388 -0.000427373
190.06 0.933191 0.889531 0.586376 0.00305518 0.00169396 0.000174886
190.08 0.933325 0.889563 0.586398 0.00333105 0.000791206 0.000527506
190.1 0.933459 0.889569 0.58642 0.00336135 0.000149546 0.00056368
190.12 0.933583 0.889573 0.586436 0.0031121 0.000106551 0.000394967
190.14 0.933692 0.889603 0.586445 0.00270473 0.000736235 0.000225176
190.16 0.933786 0.889674 0.586454 0.00234985 0.0017711 0.000231777
190.18 0.933875 0.889782 0.586473 0.0022278 0.00272239 0.000457291
190.2 0.933971 0.889908 0.586503 0.00239407 0.00314625 0.000766903
190.22 0.934082 0.890025 0.586541 0.00277868 0.00291068 0.000933732
190.24 0.934212 0.890116 0.586573 0.00326839 0.00228196 0.000812647
190.26 0.934363 0.890186 0.586592 0.00376364 0.00174405 0.000466957
190.28 0.934529 0.890253 0.586597 0.00415736 0.00167858 0.000144367
190.3 0.934703 0.890338 0.586602 0.00434018 0.00213219 0.000113592
190.32 0.934873 0.890452 0.586621 0.00426111 0.00283256 0.000466399
190.34 0.935032 0.890588 0.586662 0.00395925 0.00341611 0.00103466
190.36 0.935174 0.890735 0.586723 0.00354904 0.00367419 0.00151723
190.38 0.935301 0.890882 0.586791 0.00318327 0.00366356 0.00171419
190.4 0.935421 0.891027 0.586857 0.00299116 0.00362673 0.00164858
190.42 0.935541 0.891177 0.586917 0.00300076 0.00376665 0.0014839
190.44 0.935665 0.89134 0.586971 0.00309592 0.00405726 0.00135132
190.46 0.935787 0.891509 0.587021 0.00307215 0.00423791 0.00126805
190.48 0.935899 0.89167 0.587069 0.00278462 0.0040224 0.00119256
190.5 0.93599 0.891805 0.587113 0.00228069 0.00337267 0.00110463
190.52 0.936062 0.891909 0.587154 0.00179977 0.00259061 0.00101277
190.54 0.936127 0.891995 0.587191 0.00162216 0.00214868 0.000917495
190.56 0.936202 0.89209 0.587222 0.00187849 0.00238966 0.000794059
190.58 0.9363 0.892221 0.587246 0.00244314 0.00327293 0.000588172
190.6 0.936419 0.892395 0.587255 0.00297119 0.00434848 0.00023207
190.62 0.936541 0.892596 0.587244 0.00306549 0.00501772 -0.000284831
190.64 0.936641 0.892792 0.58721 0.0025002 0.00490462 -0.000835781
190.66 0.936697 0.892955 0.587163 0.00139826 0.00407471 -0.00118908
190.68 0.936707 0.893074 0.587116 0.00023685 0.00297628 -0.00116277
190.7 0.936691 0.89316 0.587086 -0.000386511 0.00215331 -0.000765774
190.72 0.936686 0.893237 0.587077 -0.000118716 0.00192815 -0.000206407
190.74 0.936723 0.893327 0.587087 0.00090236 0.00224546 0.000233991
190.76 0.936807 0.893437 0.587102 0.00211668 0.00274606 0.000386641
190.78 0.936922 0.893559 0.587115 0.0028712 0.00304546 0.00031248
190.8 0.937034 0.893679 0.587124 0.00278749 0.00301625 0.000245291
190.82 0.937112 0.893792 0.58714 0.00195982 0.00282225 0.000386474
190.84 0.937147 0.893901 0.587169 0.000880848 0.00272064 0.000719271
190.86 0.937153 0.894014 0.587209 0.000156307 0.00282242 0.00101386
190.88 0.93716 0.894134 0.58725 0.000165475 0.00300178 0.00102999
190.9 0.937194 0.894255 0.587279 0.000861809 0.00301572 0.00071555
190.92 0.937267 0.894363 0.587289 0.0018226 0.00270881 0.00023803
190.94 0.937368 0.894448 0.587283 0.00251907 0.00212918 -0.000142915
190.96 0.937474 0.894508 0.587273 0.00264628 0.00149125 -0.000242359
190.98 0.937566 0.894549 0.587272 0.00229262 0.00103802 -3.36683e-05
191 0.937639 0.894586 0.587287 0.00182507 0.00091783 0.000371394
191.02 0.937703 0.894632 0.587319 0.0015965 0.00113739 0.000797994
191.04 0.937771 0.894695 0.587362 0.00171591 0.00157722 0.0010962
191.06 0.937853 0.894776 0.587411 0.00203265 0.00203364 0.0012121
191.08 0.937945 0.894867 0.587459 0.00230498 0.00227273 0.00120137
191.1 0.93804 0.894952 0.587506 0.00237186 0.0021151 0.00117028
191.12 0.938128 0.895013 0.587554 0.00221677 0.00153088 0.00119888
191.14 0.938206 0.89504 0.587605 0.0019411 0.000679734 0.00129174
191.16 0.938274 0.895034 0.58766 0.00169315 -0.000143574 0.00136866
191.18 0.938337 0.895009 0.587712 0.00158897 -0.000635935 0.00130875
191.2 0.938404 0.894983 0.587754 0.00167606 -0.00063346 0.00104425
191.22 0.938482 0.894975 0.587779 0.0019502 -0.000198475 0.000628448
191.24 0.938576 0.894992 0.587788 0.00234867 0.000409483 0.000217382
191.26 0.938685 0.895027 0.587788 0.00272226 0.00087764 -1.96576e-06
191.28 0.9388 0.895068 0.587792 0.00288296 0.00101929 9.35421e-05
191.3 0.938909 0.895102 0.587811 0.00271662 0.000849734 0.000470824
191.32 0.939 0.895122 0.587849 0.00226638 0.000515822 0.000950437
191.34 0.93907 0.89513 0.587901 0.0017467 0.000189777 0.00132228
191.36 0.939128 0.89513 0.58796 0.00147019 4.38669e-06 0.00146137
191.38 0.939195 0.895131 0.588015 0.00166688 1.22796e-05 0.00137689
191.4 0.939287 0.895137 0.588062 0.0022954 0.00015661 0.0011822
191.42 0.939408 0.895149 0.588102 0.00304005 0.000299945 0.000991592
191.44 0.939548 0.895162 0.588135 0.00349875 0.000319629 0.000831741
191.46 0.939685 0.895169 0.588161 0.00340276 0.000191323 0.000647547
191.48 0.939795 0.89517 0.588176 0.00276448 9.60712e-06 0.000382535
191.5 0.939871 0.895167 0.588178 0.00189674 -5.76089e-05 3.60944e-05
191.52 0.939922 0.895172 0.588164 0.00128089 0.000124405 -0.000338734
191.54 0.939974 0.895195 0.588138 0.00129823 0.000553874 -0.000646604
191.56 0.940053 0.895237 0.588108 0.00196935 0.00106531 -0.000774028
191.58 0.94017 0.895294 0.588082 0.00291494 0.00141577 -0.000647164
191.6 0.940313 0.895352 0.58807 0.00358487 0.00144739 -0.000296492
191.62 0.940457 0.8954 0.588075 0.00360754 0.00119845 0.000134891
191.64 0.940579 0.895435 0.588095 0.0030391 0.000881885 0.000485012
191.66 0.940671 0.895464 0.588121 0.00231393 0.000729641 0.000665874
191.68 0.940749 0.895498 0.588148 0.00192983 0.000837658 0.000677046
191.7 0.940833 0.895543 0.588171 0.00210738 0.00114239 0.000576139
191.72 0.940939 0.895604 0.588189 0.00266533 0.00151501 0.000448379
191.74 0.941067 0.895679 0.588205 0.00319094 0.00187111 0.000393474
191.76 0.941201 0.895767 0.588224 0.00334301 0.00220194 0.000476267
191.78 0.941324 0.895868 0.58825 0.0030772 0.00253508 0.000653136
191.8 0.94143 0.895983 0.588282 0.00265559 0.00287755 0.000784807
191.82 0.941528 0.896111 0.588312 0.00244013 0.00318113 0.000749201
191.84 0.941632 0.896245 0.588333 0.00261364 0.00335609 0.000533489
191.86 0.941754 0.896378 0.588342 0.00305189 0.00333821 0.000223955
191.88 0.941892 0.896504 0.588339 0.00343018 0.00314287 -6.5938e-05
191.9 0.94203 0.896618 0.588329 0.00345281 0.00285937 -0.000257877
191.92 0.942152 0.896723 0.588316 0.00304799 0.00261476 -0.000316183
191.94 0.942248 0.896824 0.588308 0.00240729 0.00253108 -0.000209503
191.96 0.942323 0.896932 0.588311 0.00186665 0.00268271 8.37197e-05
191.98 0.94239 0.897053 0.588331 0.00169314 0.00304302 0.000500199
192 0.942467 0.897191 0.588367 0.00192028 0.0034535 0.000884997
192.02 0.942561 0.897338 0.588411 0.00234933 0.00367575 0.00110339
192.04 0.94267 0.89748 0.588456 0.0027155 0.00353653 0.00113921
192.06 0.942785 0.897603 0.5885 0.00287383 0.0030668 0.00108318
192.08 0.942898 0.897702 0.588542 0.00283399 0.00248519 0.00105107
192.1 0.943004 0.897783 0.588585 0.00265611 0.00202931 0.00109031
192.12 0.943099 0.897855 0.58863 0.00236163 0.00180592 0.00111948
192.14 0.943177 0.897927 0.588669 0.00196752 0.00178401 0.000964723
192.16 0.94324 0.898002 0.588689 0.00156733 0.00187302 0.000496097
192.18 0.943293 0.898081 0.588679 0.00132675 0.00199088 -0.00024822
192.2 0.943349 0.898165 0.588636 0.00139542 0.00208569 -0.00105297
192.22 0.943421 0.89825 0.588572 0.00180658 0.00213156 -0.00160467
192.24 0.943518 0.898336 0.588507 0.00242239 0.0021401 -0.00162252
192.26 0.943637 0.898422 0.588467 0.002974 0.00216839 -0.00101913
192.28 0.943766 0.898514 0.588467 0.00322052 0.00230025 1.91435e-05
192.3 0.943891 0.898618 0.588512 0.00312467 0.00259956 0.00112277
192.32 0.944005 0.898739 0.58859 0.00286174 0.00302613 0.00194192
192.34 0.944111 0.898875 0.588682 0.00263404 0.00339213 0.00230758
192.36 0.94421 0.899014 0.588772 0.00247289 0.00346124 0.00225098
192.38 0.9443 0.899139 0.588849 0.00224736 0.00312774 0.00192532
192.4 0.944374 0.89924 0.58891 0.00185493 0.00252569 0.00151381
192.42 0.944429 0.89932 0.588956 0.00138549 0.00199626 0.00115164
192.44 0.944473 0.899396 0.588991 0.00109808 0.00190475 0.000870769
192.46 0.944522 0.899491 0.589015 0.00122903 0.00238686 0.000612437
192.48 0.944594 0.89962 0.589028 0.00179495 0.00322915 0.000319673
192.5 0.944696 0.89978 0.589029 0.00255279 0.00399964 2.79335e-05
192.52 0.944821 0.899953 0.589024 0.00312898 0.00432475 -0.000131017
192.54 0.94495 0.900117 0.589023 0.00321595 0.00408094 -3.12066e-05
192.56 0.94506 0.900253 0.589035 0.00275062 0.00340457 0.000317972
192.58 0.945139 0.900357 0.589066 0.00197143 0.00260305 0.000753505
192.6 0.94519 0.900437 0.589109 0.00127306 0.00200633 0.00108159
192.62 0.945227 0.900508 0.589157 0.000932759 0.001779 0.00120474
192.64 0.945265 0.900581 0.589203 0.000958552 0.00181399 0.00113767
192.66 0.945313 0.900654 0.589241 0.00118927 0.00182366 0.000958201
192.68 0.945372 0.900717 0.589272 0.00148359 0.00158196 0.000772411
192.7 0.945444 0.900762 0.589298 0.00178774 0.00112147 0.000661775
192.72 0.945528 0.900791 0.589323 0.00209361 0.000739341 0.00061416
192.74 0.945624 0.900823 0.589343 0.0023988 0.000784936 0.000514053
192.76 0.945731 0.900877 0.589352 0.00268656 0.00136247 0.000221081
192.78 0.945847 0.900966 0.58934 0.00290959 0.002222 -0.000292433
192.8 0.945967 0.901083 0.589306 0.002979 0.00291787 -0.000864517
192.82 0.946079 0.901206 0.589257 0.00282021 0.00307398 -0.00122532
192.84 0.946178 0.90131 0.589209 0.00245768 0.00260206 -0.00119104
192.86 0.946258 0.90138 0.589177 0.00201613 0.00175154 -0.000802115
192.88 0.946324 0.901417 0.589165 0.00165279 0.00093228 -0.000300321
192.9 0.946384 0.901435 0.589166 0.00148694 0.000449064 2.46012e-05
192.92 0.946446 0.90145 0.589167 0.00156464 0.000377779 2.27916e-05
192.94 0.94652 0.901475 0.589158 0.00183491 0.000617908 -0.000222033
192.96 0.946606 0.901515 0.589139 0.00215347 0.000998298 -0.000468983
192.98 0.946701 0.90157 0.58912 0.00237131 0.00136213 -0.000480194
193 0.946798 0.901634 0.589114 0.00242791 0.0016082 -0.000160413
193.02 0.946893 0.901702 0.589129 0.00236927 0.00170355 0.000371778
193.04 0.946985 0.901769 0.589162 0.00230195 0.00166754 0.000834238
193.06 0.947077 0.90183 0.589201 0.00231237 0.00153327 0.000966428
193.08 0.947173 0.901884 0.58923 0.00240288 0.00133853 0.000723387
193.1 0.947273 0.901929 0.589242 0.00249723 0.00112209 0.000316147
193.12 0.947374 0.901964 0.589245 0.00251961 0.000886248 7.11414e-05
193.14 0.947473 0.901988 0.589254 0.00246578 0.000594157 0.000229662
193.16 0.947569 0.901998 0.589286 0.00240034 0.000251344 0.000801258
193.18 0.947664 0.901997 0.589348 0.00239222 -8.90144e-06 0.00154013
193.2 0.947762 0.901998 0.589431 0.00244401 2.54918e-05 0.0020796
193.22 0.947862 0.902017 0.589518 0.00250266 0.000475134 0.00216728
193.24 0.947964 0.902067 0.589591 0.00253241 0.00124527 0.00183364
193.26 0.948066 0.902149 0.589646 0.00256203 0.00205192 0.00135852
193.28 0.948173 0.902252 0.589688 0.00266155 0.00257381 0.00105822
193.3 0.948287 0.902357 0.58973 0.00286133 0.00261332 0.00106387
193.32 0.948411 0.902444 0.589781 0.00309374 0.00219006 0.001255
193.34 0.948539 0.902505 0.589837 0.00320368 0.00152099 0.00140085
193.36 0.948661 0.902541 0.589892 0.00304505 0.00088889 0.00138048
193.38 0.948765 0.90256 0.589942 0.00261856 0.000482086 0.00126637
193.4 0.948849 0.902574 0.589991 0.00208601 0.000337635 0.00121693
193.42 0.948915 0.90259 0.590043 0.00164276 0.000418322 0.00130602
193.44 0.948971 0.902617 0.590102 0.00140155 0.000677368 0.00146128
193.46 0.949025 0.902659 0.590163 0.00136044 0.00104657 0.0015192
193.48 0.949082 0.902717 0.590215 0.00142737 0.00143058 0.00132163
193.5 0.949141 0.902786 0.590248 0.00147802 0.00173304 0.000824859
193.52 0.949199 0.902861 0.590256 0.00143649 0.0018914 0.000176278
193.54 0.949253 0.902938 0.590242 0.00134807 0.00190254 -0.000341408
193.56 0.949308 0.90301 0.590222 0.00137306 0.00181525 -0.000498976
193.58 0.949374 0.903078 0.59021 0.0016579 0.00168551 -0.000308177
193.6 0.94946 0.903139 0.590208 0.00215651 0.00153533 -4.83332e-05
193.62 0.949563 0.903194 0.590205 0.0025727 0.00136236 -7.66285e-05
193.64 0.949665 0.903241 0.590183 0.00255181 0.00119234 -0.000544276
193.66 0.949745 0.903286 0.590133 0.00198406 0.00111571 -0.00123831
193.68 0.94979 0.903336 0.590066 0.0011252 0.00124522 -0.00168279
193.7 0.949807 0.9034 0.590008 0.000437734 0.0015963 -0.00144307
193.72 0.949819 0.903481 0.58999 0.000301146 0.00203217 -0.000461461
193.74 0.949852 0.903575 0.590023 0.000815406 0.00236227 0.000822965
193.76 0.949922 0.903675 0.590092 0.00176985 0.00248361 0.00172639
193.78 0.950033 0.903772 0.590163 0.00275576 0.00243577 0.00179142
193.8 0.950168 0.903866 0.590207 0.0033768 0.00235896 0.00110088
193.82 0.950305 0.903962 0.590215 0.00343709 0.00238373 0.000182637
193.84 0.950425 0.904063 0.590199 0.00298824 0.00253624 -0.000399192
193.86 0.950515 0.904172 0.590182 0.00226416 0.00272763 -0.000421185
193.88 0.950578 0.904285 0.590178 0.00157552 0.00281103 -9.18471e-05
193.9 0.950626 0.904392 0.590185 0.00119966 0.00267981 0.000170939
193.92 0.950677 0.904487 0.590189 0.00126247 0.00237028 9.40526e-05
193.94 0.950743 0.90457 0.590179 0.0016484 0.0020753 -0.000242136
193.96 0.950824 0.90465 0.590159 0.00204082 0.00200464 -0.000492867
193.98 0.95091 0.904738 0.590147 0.00214105 0.00219862 -0.000324409
194 0.950987 0.904837 0.590161 0.00191399 0.00248652 0.00035851
194.02 0.951051 0.904942 0.590215 0.00161479 0.00262743 0.00135112
194.04 0.951114 0.905042 0.590305 0.00157529 0.00249675 0.00225004
194.06 0.951192 0.905129 0.590411 0.00195574 0.00217356 0.00265092
194.08 0.951298 0.905205 0.590505 0.00264194 0.00189839 0.00234524
194.1 0.951431 0.905281 0.590562 0.00332578 0.00190362 0.00143286
194.12 0.951579 0.905371 0.590574 0.00369732 0.00223946 0.000289587
194.14 0.951725 0.905481 0.590549 0.00363973 0.00273976 -0.000612457
194.16 0.951856 0.905606 0.590512 0.00328262 0.00314225 -0.000934983
194.18 0.951971 0.905738 0.590488 0.00287633 0.00328965 -0.000598024
194.2 0.952076 0.905867 0.590497 0.00261351 0.00324128 0.000240456
194.22 0.952178 0.905995 0.590549 0.00256273 0.00318767 0.00128975
194.24 0.952287 0.906126 0.590639 0.00271625 0.0032775 0.00224919
194.26 0.952408 0.906266 0.590754 0.00303413 0.00350988 0.00288651
194.28 0.952546 0.906416 0.590877 0.00344736 0.00374472 0.00305366
194.3 0.952701 0.906568 0.590984 0.00386615 0.00378851 0.00268625
194.32 0.952868 0.906708 0.591057 0.00418458 0.00349927 0.00182951
194.34 0.953039 0.906823 0.591085 0.00426782 0.00288927 0.000689957
194.36 0.953198 0.90691 0.59107 0.00398238 0.00217676 -0.000375178
194.38 0.95333 0.906979 0.59103 0.00330421 0.00170671 -0.00100305
194.4 0.953427 0.907048 0.590989 0.00242177 0.00173489 -0.00102268
194.42 0.953494 0.907137 0.590967 0.00168138 0.00223224 -0.000547325
194.44 0.953549 0.907252 0.590971 0.00137816 0.00286054 0.000110555
194.46 0.953613 0.907377 0.590996 0.00157742 0.00314117 0.000617666
194.48 0.953696 0.907487 0.591027 0.00209791 0.00273875 0.000763294
194.5 0.953802 0.907555 0.591048 0.00264261 0.00169153 0.000524495
194.52 0.953921 0.907571 0.59105 0.00295935 0.000416758 5.0628e-05
194.54 0.954039 0.90755 0.591032 0.00295579 -0.000522616 -0.000433222
194.56 0.954148 0.907521 0.591002 0.00272937 -0.000741974 -0.000747294
194.58 0.954247 0.907511 0.590969 0.00246525 -0.000240183 -0.000823316
194.6 0.954337 0.907537 0.590941 0.00226869 0.000639805 -0.000698889
194.62 0.954421 0.907594 0.590923 0.00210066 0.00143505 -0.000470933
194.64 0.954496 0.907667 0.590913 0.0018658 0.00182496 -0.000234646
194.66 0.954558 0.907738 0.590911 0.00155474 0.00177426 -4.72127e-05
194.68 0.95461 0.907797 0.590914 0.00130543 0.00146894 5.9481e-05
194.7 0.954663 0.907842 0.590916 0.00132005 0.00112369 5.59038e-05
194.72 0.954731 0.907876 0.590914 0.00169624 0.000846197 -5.915e-05
194.74 0.954823 0.907901 0.590905 0.00229565 0.00063379 -0.000211542
194.76 0.954935 0.907919 0.590895 0.00280401 0.000450444 -0.000254488
194.78 0.955053 0.907932 0.590893 0.00296129 0.000319744 -4.04187e-05
194.8 0.955162 0.907946 0.590912 0.0027222 0.000360714 0.000474691
194.82 0.955252 0.907975 0.590959 0.00223851 0.000710716 0.00116602
194.84 0.955323 0.90803 0.59103 0.00177662 0.00137933 0.00177605
194.86 0.955388 0.908116 0.591112 0.00161743 0.00215783 0.00204128
194.88 0.955464 0.908224 0.591186 0.0019032 0.00270357 0.00185698
194.9 0.955565 0.908335 0.591241 0.00253322 0.00276563 0.00137369
194.92 0.955695 0.90843 0.591279 0.00324458 0.00238759 0.000941025
194.94 0.955846 0.908506 0.591314 0.003779 0.0018984 0.000897563
194.96 0.956005 0.908574 0.591367 0.00396146 0.0016822 0.00131611
194.98 0.956154 0.90865 0.591444 0.0037268 0.00190909 0.00191652
195 0.956279 0.908747 0.591534 0.00314753 0.00243357 0.00225372
195.02 0.956377 0.908863 0.591616 0.00243182 0.00290228 0.00204217
195.04 0.956451 0.908983 0.591671 0.00185184 0.00297916 0.00137866
195.06 0.956516 0.909085 0.591698 0.0016348 0.00255931 0.000689878
195.08 0.95659 0.909158 0.591716 0.00184041 0.0018323 0.000432656
195.1 0.956682 0.909205 0.591747 0.00229494 0.00115862 0.000787866
195.12 0.956789 0.909239 0.59181 0.00268044 0.000854908 0.00156707
195.14 0.956899 0.90928 0.591904 0.00274661 0.00102438 0.00234894
195.16 0.956997 0.90934 0.592013 0.00246113 0.00151351 0.00271912
195.18 0.957077 0.909421 0.592112 0.00199424 0.0020195 0.00248272
195.2 0.957141 0.909513 0.592181 0.00159111 0.00228551 0.00174055
195.22 0.957198 0.909602 0.592214 0.00142688 0.00223729 0.000802981
195.24 0.957258 0.90968 0.592214 0.00150611 0.00195701 1.62308e-06
195.26 0.957325 0.909744 0.592195 0.00166901 0.00158723 -0.000465116
195.28 0.957393 0.909794 0.592173 0.00170832 0.001259 -0.000559995
195.3 0.957454 0.909835 0.592158 0.00151907 0.00102937 -0.000369771
195.32 0.957501 0.90987 0.592155 0.00117294 0.000863497 -6.06779e-05
195.34 0.957535 0.909898 0.592163 0.00085357 0.0006943 0.00018457
195.36 0.957563 0.909918 0.592172 0.000715633 0.000501582 0.00023646
195.38 0.957595 0.909931 0.592175 0.000790379 0.000330099 5.88541e-05
195.4 0.957635 0.909941 0.592163 0.000996838 0.000244347 -0.000291783
195.42 0.957683 0.909951 0.592135 0.00121076 0.000267912 -0.000696122
195.44 0.957736 0.909966 0.592094 0.00132467 0.000354456 -0.00101724
195.46 0.957789 0.909983 0.592048 0.00130934 0.000424237 -0.0011579
195.48 0.957838 0.91 0.592004 0.00122624 0.000445224 -0.00111415
195.5 0.957885 0.91002 0.591964 0.00117031 0.000482935 -0.000979231
195.52 0.957933 0.910046 0.59193 0.00121283 0.000657458 -0.000862323
195.54 0.957988 0.910087 0.591898 0.00137193 0.00103663 -0.000798986
195.56 0.958052 0.91015 0.591868 0.00160905 0.00155789 -0.000747596
195.58 0.958127 0.910231 0.591842 0.00186012 0.00202853 -0.0006508
195.6 0.95821 0.91032 0.591822 0.00208376 0.00223276 -0.000493029
195.62 0.958301 0.910404 0.59181 0.00226914 0.00210384 -0.000307762
195.64 0.958397 0.910477 0.591805 0.00241571 0.0018085 -0.000125365
195.66 0.958499 0.910542 0.591808 0.00254319 0.00164408 7.71695e-05
195.68 0.958606 0.910616 0.591822 0.00268014 0.00184381 0.000357808
195.7 0.95872 0.910714 0.591852 0.0028384 0.0024332 0.000736589
195.72 0.95884 0.910842 0.591898 0.00301341 0.00320797 0.00114471
195.74 0.958968 0.910995 0.591956 0.00318446 0.00383814 0.00145242
195.76 0.9591 0.911157 0.592017 0.00329705 0.00404483 0.00154409
195.78 0.959231 0.911308 0.592073 0.00327972 0.00376362 0.00139061
195.8 0.959356 0.911435 0.592117 0.00312926 0.00317236 0.00109458
195.82 0.959474 0.911537 0.592151 0.00295619 0.0025557 0.000864343
195.84 0.959591 0.911623 0.592187 0.00291224 0.00214388 0.000898245
195.86 0.959714 0.911704 0.592237 0.00306794 0.00203766 0.00124781
195.88 0.959847 0.911793 0.592308 0.00334245 0.00221844 0.00177278
195.9 0.959989 0.911897 0.592397 0.00353682 0.00259746 0.00221498
195.92 0.960127 0.91202 0.59249 0.00346394 0.00307225 0.00233605
195.94 0.960251 0.912161 0.592572 0.00308733 0.0035374 0.00204039
195.96 0.960353 0.912315 0.592629 0.00255651 0.00384868 0.00141782
195.98 0.960438 0.912469 0.592656 0.00212157 0.00384086 0.00069015
196 0.960518 0.912606 0.59266 0.00199411 0.00344308 0.000102945
196.02 0.960606 0.912717 0.592654 0.00220953 0.00277057 -0.000168466
196.04 0.960709 0.912801 0.592651 0.00257656 0.00209431 -7.02971e-05
196.06 0.960821 0.91287 0.592664 0.00280216 0.001728 0.000323319
196.08 0.960929 0.912945 0.592697 0.00270499 0.0018741 0.000836064
196.1 0.961023 0.913045 0.592748 0.00234697 0.00250067 0.00126856
196.12 0.961102 0.913179 0.592808 0.00197041 0.0033484 0.00150805
196.14 0.961175 0.913341 0.592872 0.0018174 0.00406031 0.00158437
196.16 0.961254 0.913515 0.592936 0.00198172 0.00433727 0.00160327
196.18 0.961349 0.913678 0.593 0.00237948 0.00407064 0.00159784
196.2 0.961462 0.913813 0.593058 0.00282181 0.00338954 0.00144795
196.22 0.961587 0.913917 0.593097 0.00312051 0.00259446 0.000979277
196.24 0.961714 0.913998 0.593103 0.00317499 0.00201133 0.000159945
196.26 0.961834 0.91407 0.593071 0.00299235 0.00182113 -0.000801077
196.28 0.961939 0.914149 0.593009 0.00264482 0.0019716 -0.00154157
196.3 0.962028 0.914239 0.592939 0.00221579 0.00223977 -0.00175035
196.32 0.962099 0.914334 0.592885 0.00177377 0.00238353 -0.00135985
196.34 0.962155 0.914425 0.592861 0.00139309 0.00226023 -0.000609584
196.36 0.962202 0.914499 0.592864 0.00118927 0.00187062 7.76026e-05
196.38 0.962254 0.914554 0.592878 0.00130191 0.00135966 0.000353888
196.4 0.962326 0.914592 0.592884 0.00179648 0.00095268 0.000159648
196.42 0.962428 0.914625 0.592874 0.00254804 0.000822718 -0.000267866
196.44 0.962558 0.914664 0.592851 0.00324325 0.000986042 -0.000574252
196.46 0.962699 0.914716 0.592829 0.00353988 0.00130196 -0.00053102
196.48 0.962831 0.914778 0.592821 0.00328109 0.0015523 -0.000211755
196.5 0.962935 0.91484 0.592822 0.0026156 0.00153157 3.83627e-05
196.52 0.963012 0.914886 0.592817 0.00191636 0.0011468 -0.0001268
196.54 0.963074 0.914905 0.592787 0.00154681 0.000493684 -0.000744961
196.56 0.96314 0.914898 0.592729 0.00164449 -0.000179335 -0.00147063
196.58 0.963222 0.914874 0.592656 0.00206042 -0.000605801 -0.00180782
196.6 0.963321 0.914848 0.592598 0.00246903 -0.0006425 -0.00146717
196.62 0.963424 0.914835 0.592575 0.00257144 -0.000332935 -0.000568543
196.64 0.963515 0.914839 0.592593 0.00228205 0.000112805 0.000459856
196.66 0.963586 0.914857 0.592641 0.00178741 0.000435353 0.0011899
196.68 0.963644 0.914877 0.5927 0.0014281 0.000496936 0.00146917
196.7 0.963702 0.914891 0.592759 0.00146046 0.000356492 0.00147537
196.72 0.963777 0.914899 0.59282 0.0018811 0.000195523 0.00152836
196.74 0.963876 0.914906 0.592892 0.00246016 0.000168458 0.00181257
196.76 0.963992 0.914918 0.592981 0.00291031 0.000303411 0.00222329
196.78 0.964113 0.914938 0.59308 0.00303513 0.00051061 0.00246024
196.8 0.964226 0.914965 0.593171 0.00280643 0.000661011 0.00229197
196.82 0.96432 0.914992 0.593242 0.00236171 0.000692154 0.00175722
196.84 0.964397 0.915019 0.593288 0.00191403 0.000677265 0.00115218
196.86 0.964462 0.915051 0.593321 0.00163505 0.000782943 0.000828549
196.88 0.964526 0.915096 0.593359 0.00158449 0.00112724 0.000954392
196.9 0.964594 0.915163 0.593415 0.00170675 0.00168294 0.00140717
196.92 0.964669 0.915255 0.59349 0.00188104 0.00230033 0.00187327
196.94 0.964749 0.915366 0.593573 0.00200482 0.00277766 0.00207653
196.96 0.964832 0.915484 0.593651 0.00206022 0.002944 0.00194549
196.98 0.964916 0.915594 0.593715 0.00210595 0.00276179 0.0015886
197 0.965004 0.91569 0.593761 0.00221008 0.00238748 0.00116101
197.02 0.965099 0.915773 0.593791 0.0023642 0.00207893 0.000758322
197.04 0.965197 0.915854 0.593808 0.00245113 0.00201316 0.000404324
197.06 0.96529 0.91594 0.593811 0.00231777 0.00216923 9.37034e-05
197.08 0.965366 0.916034 0.593804 0.00190833 0.00234062 -0.000172671
197.1 0.96542 0.916125 0.59379 0.0013531 0.00226812 -0.000369371
197.12 0.965457 0.916199 0.593772 0.000927166 0.00184728 -0.000435575
197.14 0.965492 0.91625 0.59376 0.000868943 0.0012753 -0.000304762
197.16 0.96554 0.916289 0.59376 0.00119437 0.000986887 4.35053e-06
197.18 0.965607 0.916344 0.593773 0.00169184 0.00136294 0.000326942
197.2 0.965692 0.91644 0.59379 0.00211195 0.00239828 0.000425517
197.22 0.965785 0.916585 0.593796 0.00233648 0.0036406 0.000138867
197.24 0.96588 0.916764 0.593774 0.00236594 0.00446483 -0.000538117
197.26 0.965969 0.916942 0.593717 0.00223403 0.00444909 -0.00144719
197.28 0.966048 0.917086 0.593625 0.00197345 0.00361382 -0.00229842
197.3 0.966114 0.917182 0.593514 0.00164055 0.00239961 -0.0027626
197.32 0.966167 0.917239 0.593409 0.00133077 0.00140904 -0.00263284
197.34 0.966213 0.917281 0.59333 0.00115454 0.00106483 -0.0019686
197.36 0.966261 0.917337 0.593286 0.00119048 0.0013908 -0.00109605
197.38 0.966319 0.91742 0.593269 0.00144869 0.00206757 -0.000430949
197.4 0.966394 0.917528 0.59326 0.00187869 0.00271409 -0.000221337
197.42 0.96649 0.917654 0.593244 0.00238846 0.00314155 -0.000407821
197.44 0.966604 0.917789 0.593216 0.00285695 0.0033869 -0.000698311
197.46 0.96673 0.917931 0.593185 0.00315746 0.0035475 -0.000779343
197.48 0.966858 0.918075 0.593164 0.00319191 0.00359123 -0.000507549
197.5 0.966975 0.918208 0.593166 0.00292504 0.00332477 2.93757e-05
197.52 0.967072 0.918312 0.59319 0.00242605 0.00259431 0.000603322
197.54 0.967147 0.918373 0.59323 0.00189049 0.00153043 0.00101583
197.56 0.967212 0.918395 0.593279 0.00160538 0.000564257 0.00121808
197.58 0.967284 0.918402 0.593331 0.00181615 0.000176734 0.00130115
197.6 0.967385 0.918426 0.593387 0.00252161 0.000597659 0.00139203
197.62 0.96752 0.918492 0.593449 0.00337972 0.00164415 0.00154585
197.64 0.967676 0.918603 0.593517 0.00388353 0.00277522 0.00170775
197.66 0.967825 0.918739 0.593589 0.00373115 0.00340345 0.00179751
197.68 0.967949 0.918871 0.593662 0.00308916 0.00328655 0.00184147
197.7 0.968048 0.918977 0.593742 0.00248278 0.00265273 0.0019805
197.72 0.968144 0.919056 0.593835 0.00240724 0.0019759 0.00232184
197.74 0.968263 0.919121 0.593946 0.00297083 0.00162801 0.00278601
197.76 0.968416 0.919188 0.594071 0.00381885 0.00167181 0.00312437
197.78 0.96859 0.919263 0.594194 0.0043689 0.0018796 0.0030869
197.8 0.968758 0.919341 0.594298 0.00418804 0.00195014 0.00257696
197.82 0.968889 0.919412 0.594365 0.00327806 0.00177828 0.00169966
197.84 0.968973 0.919474 0.594394 0.0020872 0.00155216 0.000709937
197.86 0.969022 0.919537 0.59439 0.00123142 0.00157303 -9.52706e-05
197.88 0.969067 0.919616 0.594371 0.00112118 0.00196191 -0.000487593
197.9 0.969137 0.919716 0.594355 0.0017465 0.00251634 -0.000396205
197.92 0.969246 0.91983 0.594357 0.00274112 0.00284683 6.79839e-05
197.94 0.969391 0.919937 0.594384 0.00362002 0.00268175 0.000671106
197.96 0.969552 0.920021 0.594431 0.00402382 0.00207611 0.00115827
197.98 0.969705 0.920075 0.594484 0.00383534 0.00135351 0.00134047
198 0.969831 0.920109 0.59453 0.00314897 0.000863762 0.0011363
198.02 0.969919 0.92014 0.594553 0.00219379 0.000775185 0.00057464
198.04 0.96997 0.920181 0.594543 0.00127141 0.00101163 -0.000231881
198.06 0.969997 0.920233 0.594498 0.000686651 0.00131824 -0.0011258
198.08 0.970023 0.92029 0.594421 0.000643635 0.00142005 -0.0019346
198.1 0.970069 0.920338 0.594322 0.00114943 0.00118331 -0.00248641
198.12 0.970149 0.920366 0.594217 0.00200095 0.000701218 -0.00262019
198.14 0.970264 0.920376 0.594127 0.00286642 0.000248287 -0.00224632
198.16 0.970399 0.92038 0.594069 0.00338824 0.000104771 -0.00145127
198.18 0.970531 0.920394 0.594048 0.00329451 0.000360374 -0.000525162
198.2 0.970632 0.920428 0.594054 0.00252593 0.000842806 0.000158838
198.22 0.970686 0.920478 0.594068 0.00133624 0.00124704 0.000342477
198.24 0.970696 0.920532 0.594068 0.000247828 0.00136029 1.56909e-05
198.26 0.970688 0.92058 0.594044 -0.0001933 0.00120452 -0.000601179
198.28 0.970699 0.92062 0.593997 0.000282172 0.000996533 -0.00119007
198.3 0.970759 0.920659 0.593937 0.00149463 0.000976042 -0.00148786
198.32 0.970874 0.920709 0.593882 0.00286602 0.00124227 -0.00138193
198.34 0.971022 0.920777 0.593845 0.00370436 0.00170542 -0.000917638
198.36 0.971166 0.920863 0.593835 0.00361376 0.0021555 -0.000251604
198.38 0.971276 0.920958 0.593852 0.00273508 0.00237357 0.000413393
198.4 0.971342 0.921049 0.593888 0.00164667 0.00226436 0.000913514
198.42 0.971382 0.921127 0.593936 0.00100984 0.00194696 0.00119362
198.44 0.971429 0.921194 0.593988 0.00118508 0.00169042 0.00130234
198.46 0.971511 0.921263 0.594041 0.00203774 0.00170651 0.00131467
198.48 0.971632 0.921342 0.594092 0.00302607 0.00197686 0.00128066
198.5 0.971773 0.921433 0.594141 0.00353923 0.00228752 0.00123564
198.52 0.971905 0.92153 0.594189 0.00328627 0.00242226 0.00119886
198.54 0.972003 0.921624 0.594236 0.00246549 0.00233568 0.00116522
198.56 0.972068 0.92171 0.594282 0.00160601 0.00216901 0.00114486
198.58 0.972116 0.921795 0.59433 0.00121059 0.0021173 0.00120092
198.6 0.972174 0.921886 0.594386 0.00145114 0.00227717 0.00141199
198.62 0.972258 0.921989 0.594457 0.002104 0.00256918 0.0017781
198.64 0.972368 0.9221 0.594544 0.00273209 0.00278573 0.00217257
198.66 0.972486 0.922211 0.59464 0.00296398 0.00276615 0.00239939
198.68 0.972594 0.922313 0.594733 0.00269659 0.00256423 0.00231829
198.7 0.97268 0.922411 0.594811 0.00215413 0.00243466 0.00194978
198.72 0.972751 0.922515 0.59487 0.00176331 0.0026123 0.00146836
198.74 0.972825 0.922638 0.594913 0.00186589 0.00307731 0.00107371
198.76 0.972924 0.92278 0.594946 0.00246066 0.00354354 0.000837539
198.78 0.973052 0.922928 0.594973 0.00319503 0.00369439 0.000663785
198.8 0.973196 0.923066 0.594989 0.00360911 0.00344208 0.000406332
198.82 0.973333 0.923185 0.594991 0.00343355 0.00298415 3.95496e-05
198.84 0.973443 0.923291 0.594978 0.0027348 0.00264578 -0.000304977
198.86 0.973517 0.923397 0.594959 0.0018589 0.00265011 -0.000474638
198.88 0.973566 0.923515 0.594942 0.00122668 0.00296558 -0.000436803
198.9 0.973609 0.923649 0.59493 0.0010657 0.00333345 -0.000302805
198.92 0.97366 0.923787 0.59492 0.00127075 0.00344913 -0.000248019
198.94 0.97372 0.923913 0.594905 0.00152153 0.00316027 -0.000382985
198.96 0.973782 0.924015 0.594878 0.00154695 0.00254981 -0.000663013
198.98 0.973835 0.924089 0.594841 0.00132064 0.00185648 -0.000922648
199 0.973878 0.924143 0.5948 0.00106089 0.00133804 -0.00103181
199.02 0.973919 0.92419 0.594759 0.00103776 0.0011725 -0.00102058
199.04 0.973973 0.924246 0.594718 0.00134765 0.00139442 -0.00103509
199.06 0.974046 0.92432 0.594671 0.00182395 0.00186037 -0.00116171
199.08 0.974132 0.924412 0.594619 0.00216153 0.00229372 -0.00130643
199.1 0.974217 0.924509 0.594568 0.0021224 0.00242178 -0.00126494
199.12 0.974285 0.924594 0.594532 0.00168657 0.00212566 -0.000908753
199.14 0.974328 0.924654 0.594519 0.00108933 0.00149974 -0.00033658
199.16 0.974356 0.924686 0.594524 0.000698891 0.000806611 0.00014483
199.18 0.974388 0.924701 0.594534 0.000784429 0.000369722 0.000230634
199.2 0.974442 0.924717 0.594528 0.00135425 0.000415 -0.000136551
199.22 0.974529 0.924754 0.594501 0.00218572 0.000919196 -0.000677265
199.24 0.974648 0.924818 0.594464 0.0029704 0.00158904 -0.0009335
199.26 0.974787 0.924899 0.59444 0.00346541 0.00204008 -0.0005879
199.28 0.974931 0.924982 0.594452 0.00360011 0.00206275 0.000297896
199.3 0.97507 0.925052 0.594504 0.0034741 0.00175227 0.001309
199.32 0.975199 0.925108 0.594582 0.00324369 0.0014006 0.00194623
199.34 0.97532 0.925159 0.59466 0.00302169 0.00127455 0.00194654
199.36 0.975435 0.925217 0.594717 0.00285693 0.00145975 0.00142928
199.38 0.975545 0.925291 0.594749 0.00277006 0.00184069 0.000789794
199.4 0.975657 0.925378 0.594766 0.0028003 0.00218597 0.000427435
199.42 0.975777 0.925469 0.594786 0.00299524 0.00227596 0.000505734
199.44 0.975911 0.925551 0.594823 0.00333611 0.00203652 0.000912278
199.46 0.976058 0.925615 0.594879 0.00369215 0.00160262 0.00141086
199.48 0.976214 0.925664 0.594953 0.00389253 0.00123765 0.00183832
199.5 0.976368 0.92571 0.59504 0.00385079 0.00114648 0.00218879
199.52 0.976513 0.925764 0.595141 0.00361098 0.00134511 0.00252854
199.54 0.976644 0.925831 0.595255 0.00329079 0.00167424 0.00284371
199.56 0.976764 0.925907 0.595374 0.00299382 0.00190156 0.00297104
199.58 0.976874 0.925982 0.595482 0.00276203 0.00186749 0.00269248
199.6 0.976978 0.926046 0.595559 0.00257913 0.0015989 0.00194076
199.62 0.977074 0.926097 0.595596 0.00241019 0.00128673 0.000925614
199.64 0.977164 0.926143 0.595598 0.00225049 0.00114529 3.75869e-05
199.66 0.977249 0.926194 0.595582 0.00213284 0.00126377 -0.000396602
199.68 0.977333 0.926256 0.595569 0.00209812 0.00156325 -0.000316058
199.7 0.97742 0.926332 0.595571 0.00216833 0.00188885 5.22713e-05
199.72 0.977512 0.926416 0.595586 0.00231137 0.0021166 0.000363404
199.74 0.97761 0.926504 0.595601 0.00243593 0.00218876 0.000380171
199.76 0.977708 0.926588 0.595605 0.00246248 0.00210711 9.23722e-05
199.78 0.977803 0.926664 0.595591 0.00236682 0.00189843 -0.000336135
199.8 0.977888 0.926727 0.595562 0.00212647 0.00157538 -0.00072433
199.82 0.977956 0.926773 0.595523 0.00170232 0.00114641 -0.000992667
199.84 0.978002 0.9268 0.595476 0.00114522 0.000682467 -0.00115622
199.86 0.978029 0.926814 0.595427 0.000665262 0.000353052 -0.00123935
199.88 0.978049 0.926829 0.595378 0.000521362 0.00035248 -0.00122405
199.9 0.978083 0.926859 0.595335 0.000836148 0.000761223 -0.00108577
199.92 0.978143 0.926917 0.5953 0.00150528 0.00145935 -0.000865449
199.94 0.978232 0.927004 0.595272 0.00223054 0.00216175 -0.00068797
199.96 0.978338 0.927106 0.595245 0.00263512 0.00255839 -0.000684628
199.98 0.978437 0.927206 0.59521 0.00247214 0.00248507 -0.000883481
